:020000040800F2
:100000000000022069770008B9770008B977000876
:10001000B9770008B9770008B97700080000000038
:1000200000000000000000000000000081730008D4
:10003000B97700080000000011740008632400086C
:10004000B9770008B9770008B9770008B9770008D0
:10005000B9770008B9770008B9770008B9770008C0
:10006000B9770008B9770008B9770008B9770008B0
:10007000B9770008713D0008B9770008753D0008A0
:10008000B9770008B9770008B9770008F1040008CB
:10009000FD040008B9770008B9770008B9770008AF
:1000A000B9770008B9770008B9770008B977000870
:1000B0002D3300083D3300084D330008B9770008A0
:1000C000B9770008B9770008B9770008B977000850
:1000D000B9770008293D0008353D0008413D00087A
:1000E000B9770008B9770008B9770008B977000830
:1000F000B9770008B9770008B9770008B977000820
:10010000B9770008B9770008B9770008B97700080F
:100110004D3D0008593D0008B9770008B97700083F
:10012000B9770008B9770008B9770008B9770008EF
:10013000B977000800000000000000000105000879
:100140000D050008B9770008B9770008B9770008ED
:10015000B9770008B9770008B9770008653D00084D
:10016000B9770008B9770008B9770008B9770008AF
:10017000B9770008B977000800000000000000000F
:08018000B9770008B977000807
:1001900010B5054C237833B9044B13B10448AFF3C1
:1001A00000800123237010BD7800002000000000B3
:1001B00080A0000808B5034B1BB103490348AFF307
:1001C000008008BD000000007C00002080A0000826
:1001D000D0F8F83010B50446E3B1F83004F022FC52
:1001E000D4F8F820C4F840019369C4F84431516848
:1001F000C4F848119168C4F84C11D268C4F8502171
:10020000C3F3021284F864211A0C1B0E84F86621D1
:1002100084F8653110BD000010B5D0F8F830154AEB
:1002200093428AB0044620D1002305930023012283
:10023000694604F1F800CDE90632CDE90033CDE995
:100240000233CDE90823049304F0ECF884F8680144
:100250002046FFF7BDFF04F5B673C4F8283104F556
:10026000C473C4F82C310AB010BD034A9342DDD1E7
:100270000E23DAE7006400400068004070B50623F2
:1002800000254FF48032C0E93F354FF44013C0E9F8
:1002900042230123C0E9453300F5B673C0F8283185
:1002A00000F1F80600F5C4730446C0F8F810C0F871
:1002B0002C31C0E94755C0F80451C0F81051C0F8BE
:1002C0002451304604F02AF984F867012046FFF7EC
:1002D0007FFF2046FFF7A0FF2946304604F058FA7A
:1002E0002046BDE87040FFF773BF000010B50368FB
:1002F000384A93428AB036D1374B002401941A6CA5
:1003000042F000721A641A6C02F000720192019AB3
:1003100002941A6B42F001021A631B6B079403F0FC
:1003200001030293029B4FF4C05002234FF0030CD1
:10033000CDE9050305A909232848CDE908C304F040
:100340008FFC22460721132004F080FB132004F0C9
:10035000AFFB14202246062104F078FB142004F0A1
:10036000A7FB0AB010BD1E4A9342FAD11A4B1D4892
:10037000002403941A6C42F080621A641A6C02F032
:1003800080620392039A04941A6B42F002021A6389
:100390001B6B079403F0020304934FF44052049B39
:1003A0000223CDE9052303210923CDE9081305A97B
:1003B00004F056FC224607213F2004F047FB3F2073
:1003C00004F076FB40202246062104F03FFB40204B
:1003D000C5E700BF00640040003802400000024052
:1003E000006800400004024038B50446D0F82801F7
:1003F0000D4611461A460023C0E90233026105602A
:10040000143009F065F90A21C4F8585104F1F800D4
:1004100004F01AF900280CBF01230023C4F83C3172
:1004200008BFD4F8603184F8690108BF0133204661
:1004300008BFC4F86031FFF7CBFE94F8690138BDFE
:10044000204B984270B5044602D01F4B98421CD1F5
:10045000A4F1F800626B01211368C0F83811D0F8DC
:100460005C11C0F854310131C0F85C111749884261
:1004700019D1591E04290ED8DB00BD33516919501A
:100480001D1891696960FFF7A3FE2268536943F064
:100490000203536170BD6FF400752B440B2BF2D82F
:1004A000DB000133EAE76FF400710B440B2BEAD851
:1004B000DB00074D516901335E1959519169716033
:1004C000E1E700BFF4010020FC070020FC00002051
:1004D00004070020044B984202D1F838FFF778BE99
:1004E000024B9842F9D07047F4010020FC0700202D
:1004F000014804F0E5B900BFF4010020FFF7F8BFA0
:10050000014804F0DDB900BFFC070020FFF7F8BF89
:1005100008B5044907F0A4F9BDE80840024907F00E
:10052000B3B900BF00A00CC600A00C462DE9FF41E6
:100530000E4681610446016901923046154608F075
:1005400077FD2946206109F037F800283ED104F1F3
:10055000100705F100403968039009F02DF800B14B
:1005600003AFD7F80080E769C4F8108039464FF030
:100570007E5008F05BFDA16808F062FE61690546E7
:10058000304608F053FD0146284608F059FE216A1E
:100590000546384608F054FE0146284608F048FD56
:1005A000216820620546304608F04AFE6168074629
:1005B000404608F045FE0146384608F039FD294618
:1005C00008F036FD666104B0BDE8F08101AFC0E718
:1005D000F8B510220D460021044609F0A1F80023C9
:1005E000C4E90433C4E90633D5E9006C18461D4656
:1005F0001946664526D056F8042B002AF9D092F801
:100600004570032FF5D8DFE807F002080D14032921
:10061000EFDC44F821200131EBE7002DE9D1226124
:100620000125E6E70128E4DC04EB800701307A616C
:10063000DFE7002BDDD1E26182F8B130A2F846306D
:100640000123D6E7094D0A48AB69A3676B69636765
:1006500001F0DEF8E067064801F0E8F82369C4F825
:10066000800013B1AA69C3F84821F8BD58150020CD
:100670009411002038B504460846154608F08CFD54
:1006800008F0A4FF08F088FDC4F89C00284608F094
:1006900083FDC4F8B40038BD30B589B0CDE902217E
:1006A00001931D4B1A6A5B6A0592002BD8BF134653
:1006B000002A069317DD8A42B4BF05AC03AC514251
:1006C00025680791A942C8BF07AC24680394029C1F
:1006D0000791A242B4BF05AA02AA1468A142C8BFEA
:1006E00007AA12680292002B0CDD019A9342B4BF54
:1006F00006AA01AA5B42116807938B42C8BF07AAEA
:1007000013680193039B5B424365029B8365019BD6
:10071000C36509B030BD00BF581500200023C38752
:1007200080F84030836470472DE9F0410E4681EA3D
:10073000E17117460446A1EBE6711A461BB9C3875F
:10074000114641481CE0222990F83E5009DC012363
:1007500080F83F3065BB80F8405000231A46394688
:10076000EFE72DBB90F83F30002B6AD03648036985
:1007700001224BB984F8402084F83F301A461946CC
:10078000BDE8F041FFF788BF002EE287B4BF012229
:100790004FF0FF3284F841205B6E84F84050C4E98A
:1007A000113503F039FE94F83E30E064002B44D05C
:1007B000254D2B6943B90023012284F83E3084F88B
:1007C00040201A461946BCE703F026FEE36CC01A27
:1007D00041F657339842EED82B69626C5B6E9B1AD8
:1007E000002BB8BF5B42C3F500522E2AA36406DC7F
:1007F000002384F83E301A4619462846C0E7134BBA
:100800005B6A5B00B3F5A96FC4BF032193FBF1F3EF
:1008100040F25451D8BF4FF4E1738A4208DCA3F58B
:10082000E173534340F25552B3FBF2F303F5E17326
:1008300094F941205343002282E794F83F30002B83
:100840008BD10023BDE700BFF40F00205815002016
:100850002DE9F0477D4F0446FD6903F0DDFD7C4A3C
:10086000937906462BB19368C31A632B8CBF002380
:10087000012397F82020012A00D063B90023C4E99E
:1008800007336371A371A3732374E374A38284F8A1
:100890002C3084F83C307A692AB1637913B1B4F909
:1008A0000A305B425365BF6927B163790BB1B4F974
:1008B0000A307B65002D3CD0002A3CD0D06C08F07B
:1008C0006BFC20F00049002F38D0F86C08F064FC75
:1008D00020F00048B4F90A0008F05EFC5D49824649
:1008E00008F0AEFC4946074608F052FE48B33846C9
:1008F000414608F04DFE071E18BF012756495046D5
:1009000008F09EFC4946824608F042FE30B141465E
:10091000504608F03DFE003818BF0120637993B9B6
:100920006B6585F8B130C4E90733E374A38284F8BA
:100930002C30BDE8F0874FF00009C4E74FF0000805
:10094000C8E70027DAE7E37CABB9237D9BB994F8CD
:100950003C2082B9237C13B3012387EA0301C4E955
:100960000732E3743D4B61751A606B6EA361C4E995
:10097000093684F82C20E27C237D12BB13BB6B6507
:1009800085F8B13094F83C30002BD2D0A37B002BFB
:10099000CFD1A379002BCCD184F83C30C9E7A27920
:1009A000002AE8D0012222757A4062752B4A136032
:1009B0006A6EA261C4E90733C4E9092684F82C30C1
:1009C000D9E733B1A37923B96B6585F8B1302375C5
:1009D000AFE7637D5BB100236B6585F8B130002F15
:1009E000A7D063756B6EA361C4E90936A1E794F8DB
:1009F0002C302BB30AB394F91130B4F90C205B42BC
:100A00005343226B03EBD3735B10B21A6B65952AC9
:100A10004FF0000385F8B1308BD910496A6E6262DD
:100A20000A6884F82C300132022AA6620A6080DD4E
:100A3000012284F83C20E374C9E794F91230DCE722
:100A400070B9686585F8B10073E700BFF40F002046
:100A5000601600206666663F3333333F98000020FF
:100A6000002A51D094F91130B4F90C70626AA1696E
:100A7000E06913FB07F36B65012385F8B1306B6EFA
:100A80009A1A002AB8BF5242132AA3EB0102C8BF28
:100A9000C4E9093682EAE2730028A3EBE27336DD8B
:100AA0004FF4104242439A4207DC00236B6585F8FD
:100AB000B130E374A36B0344A363E86C08F06CFBF0
:100AC00020F00048384608F067FB1B4908F0B8FBE7
:100AD0000146404608F052FD00283FF42AAFA36AC1
:100AE000F31A4F2B7FF625AF636B144A266301334D
:100AF0006363136801331360012384F82C300023EF
:100B00006B6585F8B13014E794F91230ACE7B3F5B2
:100B1000104FD2DBA06B002AACBF01224FF0FF3296
:100B20004FF4104CB3FBFCF3184453430CFB03137A
:100B3000A063A361C1E700BF9A99993E9800002085
:100B400070B518460C46154608F022FB29460646A5
:100B5000204608F06BFA002108F024FD58B1294620
:100B6000304608F065FA2146054608F025FD00B933
:100B70002C46204670BD3146284608F057FA2146DB
:100B8000054608F0FBFCF2E72DE9F04F9346554A85
:100B9000D2F800A0054685B00E461846BAF1000FFF
:100BA00000F09C80D2F80490B9F1000F00F096801C
:100BB00093680093002B00F09180D3680193002B81
:100BC00000F08C8008F0E8FA0446304608F0E4FAB9
:100BD0000646584608F0E0FA804628F0004126F024
:100BE000004008F025FA24F0004108F0C7FC002876
:100BF000CBF1000014BFBE27962708F0CDFA3A4982
:100C000008F01EFB38498346304608F019FB0646BB
:100C10000146584608F00AFA214608F009FAFFF79B
:100C200077FC31460290584608F002FA214608F057
:100C3000FFF9FFF76DFC2C498346404608F000FBA6
:100C400001460390304608F0F3F9214608F0F0F928
:100C5000FFF75EFC039B80463146184608F0E6F934
:100C6000214608F0E5F9FFF753FC0446DAF8540092
:100C700008F092FA029902463B462846FFF760FFC9
:100C800008F0A4FCCAF85400D9F8540008F084FA1B
:100C9000594602463B462846FFF752FF08F096FCAD
:100CA000C9F85400009B586D08F076FA4146024698
:100CB0003B462846FFF744FF08F088FC009B586538
:100CC000019B586D08F068FA3B46024621462846CB
:100CD000FFF736FF08F07AFC019B586505B0BDE8C8
:100CE000F08F00BFF40F0020F4FD343F10B50C4628
:100CF00020460A4908F04CFC20B12046084908F07B
:100D000097F904460749204608F056FC20B12046D2
:100D1000034908F08BF90446204610BD000034C397
:100D20000000B443000034432DE9F8432E4ED6F8BA
:100D300010800446B8F1000F4FD0006B08F02CFA79
:100D40000746606B08F028FA284B05469969D8F8E1
:100D5000500108F06BF9264908F072FA4FF064511F
:100D600008F06EFA01463046FFF7C0FF00F1004080
:100D700007F016FE1AA3D3E9002307F069FE1D4B06
:100D8000002207F08FFF08F0FDF8064606F0AAFDE6
:100D90008046304606F032FD01460646384608F0E9
:100DA0004FFA41468146284608F04AFA014648462D
:100DB00008F03CF908F00AFC41462063384608F088
:100DC0003FFA31460746284608F03AFA01463846C7
:100DD00008F02EF908F0FAFB6063BDE8F88300BF65
:100DE0004AD8124DFB210940F40F0020581500206D
:100DF0000000B44300806640134B90F83D2093F808
:100E0000203010B50446A2B91A1E18BF0122012BCA
:100E100084F83C2084F83D300DD10023C4E90C3324
:100E2000A363D4E90D23216B2046BDE81040FFF7F2
:100E3000ABBE0022EBE71BB103F0FB03032BF0D1A9
:100E40002046FFF771FFECE7F40F002082B02DE998
:100E5000F34704460D460B93002A40F09481A74FB8
:100E600097F82030062B0BA877D100F0D3FC014671
:100E7000284608F0DBF80146A048FFF737FF4FF09F
:100E80008C4108F0DDF99E4908F08EFA9D4905462F
:100E900008F07EFB002863D04FF08C41284608F014
:100EA000C7F8054697F82090256125F00048B9F16C
:100EB000000F69D13B69002B00F019814FF080438E
:100EC000E3618F4B23620BA800F0A6FC8E4900F172
:100ED000004008F0B5F98D49A061009108F06CFB65
:100EE00000284AD104F1180689493068019108F0B8
:100EF00045FB00B101AE3368E069A361414608F0EB
:100F000047FB00283BD02946824A04F15400FFF7F2
:100F10000DFB814908F094F9A16908F089F8256A68
:100F20006061294608F048FB58BB04F1140605F13E
:100F300000403168019008F03FFB00B101AE30681D
:100F4000606108F043FB3D69D5F850316865636026
:100F500002B0BDE8F04702B0704700F059FC86E7E8
:100F60004FF08B41284608F01DFB00289AD04FF027
:100F70008C41284608F05AF893E76E46B4E7002003
:100F8000CAE704F12006D2E7B9F1060F41D13E6964
:100F9000002E00F0AF806149614FE1614FF0000920
:100FA0002762C4F81890404608F0FCFA48B9CDF81A
:100FB00000900098606108F009FBD6F85031706528
:100FC000C5E7584905F1004008F03AF93946009064
:100FD00008F0F2FAC8B104F12005534928680191DC
:100FE00008F0CCFA00B101AD2D685049009525F00C
:100FF000004008F0C3FA0028DBD00021284608F0A2
:10100000DBFA20B94A4B0093D3E76D46E5E7474B3F
:10101000F9E7B9F1020F6DD1A06A464920F000400E
:1010200008F0C0FA002866D0434E0120E66100288F
:1010300040F08C80B9F1000F00F08A803F4B2362B2
:101040004FF0000AC4F818A0B9F1000F40F08480F6
:10105000F86D08F0A1F83A4900F1004008F0F0F806
:101060002A49A061009108F0A7FA002872D104F182
:1010700018092749D9F80000019108F07FFA08B152
:101080000DF10409D9F80030A3614146304608F05B
:101090007FFA002868D10025A169284607F0C8FF1B
:1010A000256A6061294608F087FA002866D104F1B4
:1010B000140605F100403168019008F07DFA00B196
:1010C00001AE3B6935686561002B3FF441AF25F007
:1010D00000404FF07E51D3F8506108F063FA0028C9
:1010E0004FD03146284607F0A3FF606030E7154E29
:1010F00048469BE70020144E98E700BFF40F0020FD
:101100000000B443000080C53333B33E0000824387
:10111000000082C300007A440000204000004041EB
:101120000000C8429A99993F0000C8C20000A0423E
:101130000000A0C200000C420000C0400000344289
:101140000AD7233E000040400000C8414A4B76E7E2
:101150004A4B74E7E9468CE74146304608F018FAF6
:1011600050B1B9F1060F97D02946454A04F1540011
:10117000FFF7DCF905468FE755468DE704F12006B9
:1011800097E76660E4E6012A7FF4E2AE0BA800F080
:101190004DFB0146284607F049FF01463948FFF755
:1011A000A5FD4FF08C4108F04BF8374908F0FCF8EA
:1011B0003649054608F0ECF900284FD04FF08C4135
:1011C000284607F035FF0546314925F0004008F074
:1011D000E9F900283FF4BCAE2E49D4F8980008F095
:1011E0002FF82C49C4F894000746D4F89C0008F066
:1011F00027F82949C4F898000646284608F020F840
:101200003146C4F89C00054607F010FFD4F884105E
:1012100008F016F8D4F888108046284608F010F830
:101220000146404607F004FF31468046304607F04D
:10123000FFFE0146284607F0F9FE394607F0F8FEA2
:10124000D4F88C1007F0FCFF0146404607F0F0FE92
:101250000146206807F0ECFE206079E64FF08B41F4
:10126000284608F09FF90028AED04FF08C41284660
:1012700007F0DCFEA7E700BF00000C43000070434E
:1012800000007A44F40F00200000B443000080C541
:10129000000020411F856B3F713D8A3F2DE9F04FD3
:1012A000984E994F96F820203369DFF86082012A22
:1012B000B9B0044633D19649002B00F05A81C3F8E7
:1012C000A82000225A65D3F8503163604B6923602F
:1012D0000023FB618F48C7F8248000F099FAA060D2
:1012E0008C4800F0A3FAE06065684FF08C473946FF
:1012F000284608F057F9002840F0FD804FF000081C
:101300004FF08C474146284608F038F9002800F095
:101310000F812846394607F08BFE0546F2E7ABB150
:10132000062A14BF7C494FF08141062AC3F8E41015
:1013300014BF4FF082410021C3F8EC10911F022925
:101340005ED9111E18BF0121C3F8A810734B1B787A
:10135000934215D06F4800F05BFAA0606D4800F032
:1013600065FA002323616361A3616366A366E36694
:101370003369E06023B1D3F85021626000225A65DE
:1013800096F82030DFF898A1DA1F012A3CD8D6F869
:101390001090B9F1000F31D0B9F96A0007F0FCFEE6
:1013A000D4F828B036905946054607F049FF5D4904
:1013B00007F0FAFF01466062284608F0DFF808BB34
:1013C00004F124031968359305F10040379008F0C3
:1013D000F3F8359B00B137AB1B68534963622BF0C0
:1013E000004008F0CBF808B100236362606A08F09F
:1013F000EDF8D9F85031C9F85400636000231CE0BF
:101400000021A1E736ABDDE7022B5CD1A56A464996
:1014100025F0004008F0C6F8002854D0434928467B
:1014200007F00EFF01466062A06807F0FFFD01466D
:101430003448FFF75BFC0123A0608AF8003096F87F
:101440002030062B14D84D22DA40D24312F0010589
:101450000ED1DFF8C090CC2209F10401684608F0F3
:1014600037F9D9F80030A1682A462046FFF7EEFC8C
:10147000256C2D4925F0004008F094F8002837D05D
:10148000216DD7F81C90284607F0DAFE616CE06306
:1014900007F0D6FE494607F0CBFDF861E56CD7F8BA
:1014A0001C902846494608F069F800B94D46D4F822
:1014B00048902946484608F07FF800B14D46FD6146
:1014C000C7F8248010E79AF8003000256562002BE9
:1014D00094D0104800F09CF93369A06025616561E3
:1014E0006566A566E566002B88D0D3F8503184E7A1
:1014F0000023E363D2E72846394607F097FD054607
:10150000F5E600BFF40F0020BC0000200000A04062
:1015100058150020941100209A99993F000000204E
:10152000940000200000254400000C423480373A2B
:10153000DFF84480D4F80090D8F800706560494620
:10154000384608F01BF800B94F46D8F808803846EE
:10155000414608F013F800B14746336927600BB1E4
:10156000C3F8485196F82020044B1A7039B0BDE8F2
:10157000F08F8B69A9E600BF5815002000000020FD
:1015800084B038B5044605A8256880E80E00013D02
:10159000709BEDB203EBC505B5F8010040BA80B20F
:1015A00007F0FAFD1A4907F04BFE1A4907F0FCFE56
:1015B000194907F03BFDA0612B79E8781B0943EA44
:1015C000001007F0E9FD154907F03AFE144907F04D
:1015D000EBFE144907F02AFD20622B7968791B0283
:1015E00003F47063184307F0D7FD0F4907F028FE96
:1015F0000B4907F0D9FE0D4907F018FD0C49A06210
:1016000007F01EFE20632046BDE8384004B0704756
:10161000DA0FC94100FF7F47DA0F49410000A041BE
:1016200000F07F45000020410000A0420000204261
:101630003333B33FCA0004488D320823024401F516
:101640008071FEF7D1BE00BFFC00002030B5EFB0C6
:1016500004681E494FF4D67203A808F039F81C4AF2
:101660001068516801AB03C3FC2321468DF80B3091
:1016700001AA082303A8FEF7B7FE05F01FFC012806
:10168000144C0CD06368012B02D8012005F0F2FA4B
:1016900063680120B0FBF3F05843C0F101002368F8
:1016A0004FF0E02158434D698C694FF47A735843E9
:1016B00000238A69A242FCD0234428BF5B199B1AED
:1016C000984201D86FB030BD1446F2E7FC0000200C
:1016D000089A00080400002084B02DE9F84304466D
:1016E00009A8E669769D80E80E00304607F058F9B3
:1016F00027A3D3E900238046894607F025FC00286C
:1017000038D125A3D3E900234046494607F026FCFB
:10171000002831D1676A2249E661384607F038FF70
:1017200060BB2049384607F03DFF48BB6762676BE6
:101730001D49384607F02CFF20BB1C49384607F0EE
:1017400031FF08BB67632E70637F6B70A37FAB7044
:10175000E37FEB7094F824302B7194F825306B7193
:1017600094F82630AB7194F82730EB71BDE8F8435C
:1017700004B070470E4ECDE70E4ECBE7084FD5E7CD
:10178000084FD3E7084FDDE7084FDBE7AFF30080F2
:101790004AD8124DFB2129C04AD8124DFB212940BD
:1017A000000020C100002041000090C100009041D5
:1017B000DA0F49C1DA0F494130B50A4441F2210537
:1017C00091420FD011F8013B80EA03200823440026
:1017D000013B00044CBF84EA0500204613F0FF03E0
:1017E000F5D1EDE780B230BD38B50D46044611465F
:1017F00028461A4601F0E0FE6422002101F00DFFA8
:101800009DF81030C4F8CC5084F86430E56038BDE1
:10181000406B7047006C7047C06C7047806A20B1A5
:10182000081A90428CBF002001207047806B7047DF
:10183000406C7047F8B590F8645007460C461E4659
:101840006DB908460A44904204D010F8013B1D448B
:10185000EDB2F8E7B54214BF00200120F8BD013D0C
:10186000012D15D8A1B1052A12D94D88AB1D93427F
:101870000ED104220020FFF79FFF2A46A11DFFF78B
:101880009BFFB6B2B885A7F86000FE858642E2E706
:101890000020E3E7C3682DE9F74F0446002B5DD035
:1018A000186800285AD004F165080022414604F067
:1018B000C3FD0128A06051D10023237494F8643043
:1018C000002B40F0B980636E9B4A23F07F4323F0E6
:1018D000FF03934242D194F86750012D41D194F80F
:1018E0006820A318414693F8693004322046FFF778
:1018F000A1FF002835D0B4F9690007F04DFC8F49ED
:1019000007F09EFC4FF0605107F09AFC2063B4F999
:101910006B0007F041FC894907F092FC4FF06051E1
:1019200007F08EFCA063B4F96D0007F035FC834925
:1019300007F086FC4FF0605107F082FC257460636D
:10194000A3690133A36102F067FD6062A06204F144
:101950003C03303494E8070083E8070003B0BDE897
:10196000F08F94F86730032BF8D194F86820A3180F
:10197000414693F8693004322046FFF75BFF0028A8
:10198000ECD0B4F869002568B4F86BA0B4F86D9099
:10199000B4F86F80B4F87170B4F87360C0B207F037
:1019A000F7FB4FF0605107F04BFC294607F048FC6D
:1019B0005FFA8AFA6065504607F0EAFB4FF0605123
:1019C00007F03EFC294607F03BFC5FFA89F9A06569
:1019D000484607F0DDFB4FF0605107F031FC294627
:1019E00007F02EFC5FFA88F86568E065404607F06E
:1019F000CFFB4FF0605107F023FC294607F020FC95
:101A0000FFB2A064384607F0C3FB4FF0605107F007
:101A100017FC294607F014FCF6B22065304607F0A3
:101A2000B7FB4FF0605107F00BFC294607F008FCAC
:101A30000123E064237483E7013B012B8ED8D4F8A3
:101A4000CC3013B3DE68731E632B1ED8B6B20027EA
:101A50003A46B9461FFA87FA5346991DB14264D8EF
:101A6000E11891F865005A280DD191F86610A52962
:101A700009D108EB0A05E978AA7802EB012292B2B3
:101A80003B2A04D801220137E4E76426DFE7063267
:101A9000642AF7D813449E42F4D369792B79A4F8C9
:101AA000609003EB01231FFA82FB9BB25A46294642
:101AB0002046FFF7BFFEA4F86090034610B9E26924
:101AC0000132E261AA79912ADCD1D5F8122062654F
:101AD000D5F81620A265D5F81A20E265D5F81E20A3
:101AE0002265D5F82220A264D5F82620E264D5F834
:101AF0003620A263D5F83A202263D5F83E206263EF
:101B0000002B14BF012202222274A269A4F812A0A1
:101B10000132A4F814B0A261019302F07DFC019B94
:101B20006062002B3FF41AAF10E7002A7FF416AF73
:101B3000236A0133236211E7005555000000344346
:101B4000002282604FF08C4202604FF08B42426173
:101B5000084A8261084A42604FF08342C2604FF4F3
:101B60007A7140F6B832C0E9071242620222C0E937
:101B70000A227047002099450000904110B5084A9C
:101B8000C26000210022C0E90422C0E909220160EC
:101B9000416081608261C1610162828510BD00BFC8
:101BA00000007A44826B8A4208BFC36B10B5046C94
:101BB0000CBF013300239C42C36308DCC46322B919
:101BC000012380F83430816310BD0223F9E7032339
:101BD000F7E710B5D0F84C110446D0F8500107F0E3
:101BE00025FA07F0F3FC03B2B3F5805F06DDA3F539
:101BF00000531BB2606E1844606610BD13F5805F21
:101C0000F8DA03F50053F4E738B50E4D2B78042BC2
:101C100098BF01330446406E98BF2B7007F0BCFAA2
:101C2000094907F00DFB094907F00AFBD4F85811E0
:101C300007F0FCF92B78C4F85401022B98BFC4F8C4
:101C4000580138BDB8000020DB0F493A8EE3A83FA9
:101C500040F6B833A0F8683006291BD8DFE801F059
:101C6000040D141B1B2227004FF48043A0F86C3096
:101C700040F6D863A0F86A30704743F2C823A0F852
:101C80006C3042F22833F5E70B4B836643F2C823EE
:101C9000A0F86C30704741F28833A0F86C304FF4F4
:101CA0009673E7E7054B836647F23053F0E7044B42
:101CB000836642F21073EBE7E80328235000040127
:101CC000E803B80B2DE9F84F0DF1280A99465AF8A8
:101CD000043B0360044600254FF07E5300268B46EC
:101CE00035498362C1620362036345608561456271
:101CF0008560C0E90E6680F8346004F1B4081420F1
:101D0000206404F1E4074046C4F89430C4F8981005
:101D1000C4F88C30C4F89C30C4F8A8202567C4F8F7
:101D20008450C4F890506567C4E91266C4E914662B
:101D3000C4E9196684F844B0A4F86C60A4F8B060F3
:101D4000FFF71CFF3846FFF719FF04F58A70FFF70D
:101D500015FF1A4BC4F84431194BC4F84851C4F864
:101D60005451C4F85851C4F85C51C4F86051C4F8D7
:101D70006451C4E95366C4F8703159462046FFF7F0
:101D800067FF424617AD534603CBAB42106051602C
:101D90009A4602F10802F6D13A4623AE2B4603CB0F
:101DA000B342106051601D4602F10802F6D184F87A
:101DB00045902046BDE8F88F0000204262BE3C39C5
:101DC000F0FCA23B2DE9F0470DF120080446002568
:101DD0009A4658F8043B03604560856104F1B407F6
:101DE0004FF07E5000262E4BA062894620621421BF
:101DF0002063C4F89400C4F88C00C4F89C003846F2
:101E0000E3622164C4F89830C4F8A820C4E90E66DF
:101E1000C4E91266C4E91466C4E919666562A5607E
:101E200084F8346084F84490A4F86C602567C4F8A2
:101E30008450C4F890506567A4F8B060FFF79EFE28
:101E400004F1E400FFF79AFE04F58A70FFF796FEAE
:101E5000144BC4F84431144BC4F87031C4E95366D0
:101E6000C4F84851C4F85451C4F85851C4F85C51EE
:101E7000C4F86051C4F8645149462046FFF7E8FEB3
:101E80003A4615AB454603CD9D4210605160A846C9
:101E900002F10802F6D184F845A02046BDE8F0879B
:101EA0000000204262BE3C39F0FCA23B10F5805F8E
:101EB00003DC00F5005000B27047B0F5805FFBDD39
:101EC000A0F50050F7E784B08842CDE90010B4BF18
:101ED00001AB6B4649421A6803919142C8BF03ABFC
:101EE000186804B0704700002DE9F84307686FF4E4
:101EF00000731F4401EBC7080D4698F8053098F8A9
:101F0000041003EB012319B2816504461646FFF75E
:101F100049FE15F8373098F8010000EB032000B2B5
:101F200007F03AF9C4F8500198F80620C4F8A02048
:101F30000023462AC8BF6365E36594F84430032B49
:101F400081464CD1D4F84C1107F070F807F03EFBF5
:101F500000B2FFF7ABFF07F01FF9454907F024FA7D
:101F60004FF0645107F06CF9424907F069F907F046
:101F70002DFB0546D4F8A830E564022B37D1606DFF
:101F8000054313D1D4F84C810123E365404607F0A3
:101F90001DFB206607F000F9414607F047F8364977
:101FA00020F0004007F0EAFA00B1A5642046FFF7F0
:101FB00010FE2046FFF728FED4F85031A06CB4F98B
:101FC0006C10C4F84C31FFF77EFFA064001206F8D5
:101FD000170006EB4706A36C7370BDE8F88398F80A
:101FE000020098F8035005EB00252DB2C2E7012B43
:101FF00034D14946D4F8480107F018F807F0E6FA5A
:1020000000B2FFF753FF8046B4F96A0007F0C4F846
:102010000546404607F0C0F82A46014604F1E400B0
:10202000FEF784FAB4F96A5007F0D0FA2946FFF7B0
:102030004AFF05466065B4F96C0007F0ADF88046CC
:10204000E06C281A07F0A8F84246014604F1B400F3
:10205000FEF76CFA07F0BAFAA064A7E7002BA5D147
:10206000B4F96C0007F098F88046606D401BE9E712
:102070006F12833A000070420000484238B50C46A7
:102080000546114620461A4601F096FA64220021C0
:1020900001F0C3FA01F0A3FAC5F8C840C5F8D4406E
:1020A00038BD0000D0F8C80018B10249062201F07E
:1020B00067BE7047109A0008F8B5036B0446002B02
:1020C00072D0186800286FD0002204F1400104F09B
:1020D000B3F90128606303D1A07102F09DF9A060FB
:1020E00094F8413094F8402094F8427094F843C03A
:1020F00094F8446094F845101A433A434CEA0202BB
:1021000032430A4350D0780140EAD300C0F30A00BA
:10211000A0F58063B4F84050E381B302C5F30A052B
:1021200043EA8C03A5F5806243EA9713A5F57E7513
:10213000102DC3F30A03A0F57E70A28198BF00257D
:10214000A3F58062228298BFA581CA011028A3F559
:102150007E7342EA560298BF0020C2F30A0298BF7B
:10216000E081102B98BF0023A2F58066A2F57E7255
:1021700098BF2382102A98BF0023668298BF63828B
:10218000A38AE3838B092375C1F301136375B4F844
:1021900046302384B4F848306384B4F84A30A384CA
:1021A000B4F84E305BBAE384F8BD0000F8B583792B
:1021B0003A4C0546002B37D002F02EF9AB68C01A16
:1021C000632831D8AB8AB3F5817F29D1B5F9106086
:1021D0000123304684F8653106F0DEFF20F0004729
:1021E0002F49384607F0DEF90546002851D12C4921
:1021F000384607F0D7F9003818BF012084F870512D
:1022000084F86E0135B1002EB4BF01234FF0FF33C7
:1022100084F87131002384F86F0184F866310EE090
:1022200040F2023293420BD000234FF4807284F8C4
:10223000653184F86631A4F86E2184F87031F8BDF8
:10224000B5F910700126384684F8656106F0A4FFE0
:102250004FF4807320F000451149A4F86E312846F0
:10226000002384F8703107F09DF9002803460C49DB
:1022700018BF3346284684F8663107F093F90028E2
:10228000DDD0002FB4BF01234FF0FF3384F872314B
:10229000D5E794F86F5185F00105A8E7F40F002009
:1022A00000000C422DE9F74F614C0546236AB0F956
:1022B00012000093584306F06FFF5E4907F074F870
:1022C00007F084F995F806A0636AB5F91090B5F99E
:1022D0000C80B5F90E70AC8A01930646BAF1000F76
:1022E00009D002F099F8AB68C31A632B8CBF4FF08A
:1022F000000A4FF0010A40F20312944202D04E4805
:10230000FEF70CFAB5F814B04C4C40F203318B4593
:102310000ED1012384F8203000231A4619462046A6
:10232000FEF7BAF9284603B0BDE8F04FFFF73EBF0D
:1023300040F201318B452BD1082384F82030009BDB
:1023400009FB03F006F028FF3A4907F02DF807F0E3
:102350003DF90023024631462046FEF79DF93846F6
:1023600006F01AFF4FF07F5106F06AFF07F02EF9D2
:102370000646404606F010FF4FF07F5106F060FF22
:1023800007F024F9324601462046FEF773F9C9E703
:10239000019BC9F10000584306F0FEFE254907F0F5
:1023A00003F807F013F940F201118B4507D14FF004
:1023B000000884F8208003460022314626E040F2DF
:1023C00003118B450DD10322B5F9101084F820209C
:1023D0005346324604F12400FEF7A6F900221146C6
:1023E000D2E740F202239B4507D1042384F8203032
:1023F000002312481A46194692E7BBF5817F0BD19C
:10240000022384F8203000231A4619462046FEF79E
:1024100043F93A464146B7E740F202339B45EFD0D5
:1024200040F201239B45E0D1072384F82030C2E726
:10243000581500200000254418100020F40F00203B
:10244000FFF730BF38B50C460546114620461A4600
:1024500001F0B2F86422002101F0DFF8EC632C6394
:1024600038BD08B501F0D0FF02F050FB04F026FDA6
:10247000012813D04FF0500383F31188BFF36F8FFF
:10248000BFF34F8F04F0A8FA28B14FF0E0234FF0CC
:102490008052C3F8042D002383F3118808BD000087
:1024A00030B595B0102200210AA807F039F914229E
:1024B000002103A807F034F90024264B01941A6C7C
:1024C00042F080521A641B6C03F080530193019B0D
:1024D000214B02941A6842F480421A601B6803F48C
:1024E000804302930122029B4FF48033CDE90823FD
:1024F00002254FF48003CDE90E5319214FF4A87340
:10250000CDE9101308A807231393129502F08EFC4F
:102510000F23CDE903354FF4A0504FF48053CDE99C
:102520000603052103A8059402F056FE02F008FFF9
:102530004FF47A73B0FBF3F002F0C8FA042002F013
:10254000D9FA224621464FF0FF3002F07FFA15B04B
:1025500030BD00BF003802400070004010B542603E
:102560008360029A064BC360C26100230022C0E967
:102570000433C0E90933016083610262838510BDC1
:1025800000007A4410B5302204460021953007F04F
:10259000C7F80023C4E94E33C4E95033C4E95233C9
:1025A000C4E95433C4E95633C4E95833A4F8683154
:1025B000204610BD10B5002204466421012003F01E
:1025C00003FE00232060C4E902332371204610BDBE
:1025D00073B510220446002107F0A2F8424B236392
:1025E0004FF48073002500262366A4F864303F4B27
:1025F0002661C4E90566C4E90D66C4E91266C4E94A
:102600001566C4E91A66E6616562A562E562E6637D
:1026100025646564A4F85060E66526676567A5676C
:10262000E567C4F88050C4F88450C4F88850C4F8F2
:102630008C50C4F89050C4F89450C4F8B8302C4B67
:10264000C4F8BC302B4BC4F8C0302B4BC4F8C4309A
:102650002A462B462949C4F89850C4F89C50C4F81F
:10266000A050C4F8A450C4F8A850C4F8AC50C4F8A2
:10267000B050C4F8B450009504F1C800FFF76EFFE5
:102680002B462A461E49009504F1F800FFF766FF25
:102690002B462A460095294604F59470FFF75EFF05
:1026A000184B194AC4F858314FF40763C4E95A2348
:1026B000164B84F85C612046C4E95E66C4E9606636
:1026C000C4E96466C4F86051C4F86461C4F8703148
:1026D000A4F87461C4F8886184F88C61C4F89861C6
:1026E00084F89C6102B070BD00007A44000080BF95
:1026F000000080BECDCCCC3EACC5A7360AD7A33DEA
:10270000CDCC4C3D000020400000C4090001010078
:102710002DE9F04FB3B000254FF081474FF07F5ABD
:1027200053462A463946009526A826AEFFF716FFDF
:102730000FCE01AC0FC40FCE0FC496E80F00DFF828
:10274000E48284E80F0040F2012B00221146CDF80C
:1027500000B002234046FFF735FB26AE53462A461B
:102760003946009526A8FFF7F9FE0FCE01AC0FC43D
:102770000FCE0FC496E80F004FF4017984E80F00E4
:1027800000221146CDF80090022308F5BA70FFF739
:1027900019FB26AE53462A463946009526A8FFF770
:1027A000DDFE0FCE01AC0FC40FCE0FC496E80F00B4
:1027B00084E80F0040F20523009300220323062142
:1027C00008F53A70FFF7FEFA26AE53462A46394618
:1027D000009526A8FFF7C2FE0FCE01AC0FC40FCEA6
:1027E0000FC496E80F00DFF8408284E80F00002352
:1027F0001A461946CDF800B04046FFF7E3FA26AE78
:1028000053462A463946009526A8FFF7A7FE0FCE65
:1028100001AC0FC40FCE0FC496E80F0084E80F0080
:1028200040F20223009300231A46194608F5BA70B5
:10283000FFF7C8FA26AE53462A463946009526A821
:10284000FFF78CFE0FCE01AC0FC40FCE0FC496E87D
:102850000F0084E80F0040F20323009300231A4680
:10286000194608F53A70FFF7ADFA26AE53462A46E8
:102870003946009526A8FFF771FE0FCE01AC0FC4B4
:102880000FCE0FC496E80F0084E80F0000231A460D
:102890001946CDF8009008F25C40FFF793FA2A46FB
:1028A000624B6349009526A8FFF758FE1AAC2A46EA
:1028B000604900954FF082431AA8FFF74FFE0FCCF6
:1028C0000DAE0FC60FCC0FC694E80F0086E80F00C0
:1028D00026AC0FCC01AE0FC60FCC0FC694E80F008C
:1028E00086E80F004FF40273009301231A46052176
:1028F00008F5BA60FFF7E6F94F4B50481D61032118
:1029000040F20252C3E900124D4A9A6300244D4A34
:102910005D61C3E902449D61DD61DA63FFF732FE68
:1029200049484A4EFFF72EFE4948FFF743FE494803
:10293000FFF740FE4848FFF73DFE4848FFF73AFEE4
:102940004748FFF737FE4748FFF734FE464B4748F6
:10295000474A1F60C3E90244C3E90644C3E9084487
:10296000C3E90A445A601C745C829C825D659D6563
:10297000DD650123642783804FF07E538362847179
:10298000846080F82C4004633A462146403006F0CB
:10299000C7FE3A462146304606F0C2FE3A46214678
:1029A000F01906F0BDFE334BC6F8C840C6E9344402
:1029B0001C70314E3148FFF70BFE4FF48073C6E9AF
:1029C000033303F10073A3F19713C6F808313A46B5
:1029D0002146C6E907443460B560A6F8824006F592
:1029E000867006F09DFE2146962206F5B87006F028
:1029F00097FE3A46214606F2062006F091FE06F2C0
:102A00006A233A462146184606F08AFEC6E9B644CD
:102A1000C6E9B400C6E9BA4486F8E04233B0BDE87E
:102A2000F08F00BFA8020020B00800200000A040E6
:102A3000000048429A99993FBC000020FC00002009
:102A4000000020419A99193F0407002088150020B2
:102A50005417002008180020BC180020701900200E
:102A6000241A0020D81A002094110020601600209B
:102A70000000FA440417002068120020F40F002020
:102A80002DE9F84FD0E9009893466FF06043A8EB2A
:102A90000902B3EBA20F07468A464FEAA20402D10D
:102AA0001D4804F0A0FE012C224638BF0122A418C4
:102AB000A1EB09052BD264B39C4228BF1C46A000A1
:102AC00004F07DFE0646DBF800307351002D04DD76
:102AD0002A464946304606F009FEA8EB0A080435A6
:102AE000B8F1000F354404DD42465146284606F051
:102AF000EFFD4544B9F1000F02D0484604F05DFEF9
:102B000006EB8404C7E90065BC60BDE8F88F1C468D
:102B1000D5E72646D7E700BF179A000810B50A4642
:102B2000D0E90114A14204D0126841F8042B41609D
:102B300010BDFFF7A5FFFBE700B589B0FFF7B0FCBC
:102B4000042001F0D7FF704C704B4FF0E0210125BD
:102B500065601A686E4BB2FBF3F2226008694FF4AD
:102B60007A76724340F0020008614A610A692A439A
:102B70000A6101F02FFC67496748FDF77FFB674951
:102B80006748FDF77BFB3346664A6748002100F043
:102B900065FB00F0E3FB654A6549664800954FF424
:102BA0006123FEF721FE644B644A65496548664D22
:102BB000FFF748FC654A664966484FF41653FFF72D
:102BC0005DFA654A654966484FF4E12301F0DEF895
:102BD0006448FEF7B5FF002605A902A80595CDE9D2
:102BE00002660496FFF79AFF05F5BA7305A902A8D5
:102BF0000593FFF793FF05F53A7305A902A805931E
:102C0000FFF78CFF05F25C4305A902A805F5BA653C
:102C10000593FFF783FF059505A9534D02A8FFF71C
:102C20007DFF05A902A80595FFF778FF05F5BA73A2
:102C300005A902A8059305F53A75FFF76FFF05A9E9
:102C400002A80595FFF76AFFDDE90235ED1ACDE927
:102C50000566079651D0454B9D4201D904F0C0FD51
:102C6000284604F0ACFD0346DDE902121D44914202
:102C70000795CDE90533A2EB010504D018462A4695
:102C800006F034FD03463A482B4405A90693FDF7A8
:102C90009FFC059808B104F090FD04F00FF901289D
:102CA0002DD06368B3F57A7F05D84FF47A70B0FB06
:102CB000F3F003F0DFFF62684FF47A73B3FBF2F3D3
:102CC0005343C3F57A7322684FF0E02053434569BC
:102CD00084694FF47A72534300228169A142FCD087
:102CE000224428BF5219521A93420BD82148FEF7AA
:102CF000ADFC214800F09CFAFEE72B46B4E74FF408
:102D00007A73E0E70C46E8E7040000200C0000209E
:102D100040420F0000640040FC00002000680040BA
:102D200004070020000400400C170020004400406D
:102D30000818002094110020A086010000480040DF
:102D4000BC18002060160020B00800200050004091
:102D5000241A00208815002000140140D81A0020F1
:102D60001C20002058150020A8020020FCFFFF7F37
:102D7000F40F0020BC00002004170020FFF7C8BC9F
:102D80000C4B1A68002142F001021A6099601A681F
:102D900022F0847222F480321A60074A5A601A685C
:102DA00022F480221A60D960044B4FF000629A60CE
:102DB000704700BF003802401030002400ED00E0F2
:102DC00013B504F0EFFA224B01930123009321493C
:102DD00021480023802203F083FC204B019303232E
:102DE00000931F491F480023802203F079FC02242E
:102DF0001D4B01931D49009400234FF480721C4821
:102E000003F06EFC1B4B1C491C48CDE900434FF4FA
:102E10008072002303F064FC194B1A491A48CDE96B
:102E200000438022002303F05BFC184B184919482B
:102E3000CDE900434FF48072002303F051FC164BA0
:102E4000186803F021FD02B0BDE8104004F0CABAD2
:102E5000A8000020319A000809300008A4000020D2
:102E6000399A0008E52F0008AC000020449A0008B9
:102E70009D2E00089C000020549A0008052F000891
:102E8000A0000020649A0008A5300008B4000020CB
:102E9000709A000821300008B00000202DE9F743A7
:102EA000124D134F134E03F091FD0024019040F298
:102EB0005C48281910493A4604F5BA74FFF714F82B
:102EC0004445F6D1DFF83490002440F244783019BC
:102ED0000B494A4604F5BA74FFF706F84445F6D1A3
:102EE000022101A803F07EFEDDE700BFA80200205A
:102EF00081010020B0080020FD000020890700208B
:102F00000507002080B5314C314EEEB004F10C07BE
:102F100003F05CFD2F4D6D904FF4D072394668463A
:102F2000689506F0D5FB94E80E002948FEF728FBCB
:102F3000336804EBC3038D336A93F36B69934FF4E7
:102F4000D072B36B68933946684606F0C1FB94E8CB
:102F50000E001F48FEF7C0FB03211D48FEF76AFB69
:102F60001D4A536C591C51640322B3FBF2F202EB6D
:102F700042029B1A012B06D0022B16D001216DA80C
:102F800003F030FEC4E70823A5F1380240F2FF1138
:102F9000A5F1C500FDF728FA104A082340F2FF11F9
:102FA000A2F18D00FDF720FAE8E70823A5F1400221
:102FB0004FF40071A5F1C500FDF716FA084A082381
:102FC0004FF40071A2F18500ECE700BFFC00002087
:102FD000BC000020C10100200C1700209107002038
:102FE0008907002008B5064D064C2846FFF764F80F
:102FF0002046FEF74FFC052003F03CFEF5E700BF3E
:10300000601600209411002008B5044C2046FFF7FC
:1030100049F8642003F02EFEF8E700BF8815002071
:1030200070B586B003F0D2FC194E0590002501F072
:10303000F3F9642201461748FEF7F0FB20B3154868
:10304000FEF7F6FB314606F0FBF804461148FEF7A2
:10305000E1FB314606F0F4F80F4B93F82030062BD5
:1030600008BF0E4B4FF0000208BF1978029018BF3E
:1030700000210B48019400922B4600F0F2FE0A2139
:1030800005A803F0AFFDD2E728462C46E4E700BFD1
:1030900035FA8E3C94110020F40F0020C821002046
:1030A0001C2000202DE98048584E594F89B04FF020
:1030B0000008DFF860B1304601F00DF85846FFF720
:1030C000BFF901F0A9F9BBF8149040F2032AA9EB6B
:1030D0000A03D3F1000A044630464AEB030A00F023
:1030E0007BFE1022054600210DEB020006F018FBC6
:1030F0009BF80630039433B1DBF80830E31A632BF6
:103100008CBF0023012344498DF810308DF811A0A5
:10311000042331F9022B323292B2642A4BD8013B9C
:1031200013F0FF03F5D101236422214638468DF8C0
:103130001230FEF773FB21468DF81300304600F085
:1031400041FE8DF81400AB788DF815303846FEF747
:1031500061FB06906B683149079303AA01A801F04F
:103160001DF89DF8045045B32D4C062384F82030FB
:1031700000231A4619462046FDF78EFA0022114612
:103180002046FDF777FA0023A4F8643184F866310D
:1031900084F86E3184F87031029BE3672148FEF7B2
:1031A0007DF82148FDF728FE2048FDF751FB05205A
:1031B00003F060FD7DE70023B6E740F20323994565
:1031C000ECD1174C042384F820302A462B4629469C
:1031D0002046FDF761FAA4F86451384684F8665138
:1031E00084F86E5184F87051FEF712FB2369E06792
:1031F000C4F89C80C4F8B480002BCFD0D3F8502101
:10320000A267C3F848215D65C8E700BF1C20002005
:1032100094110020601600206C160020C8210020A8
:10322000F40F002068100020181000205411002016
:1032300007B5074B01930123009306490648002375
:10324000802203F04DFA03B05DF804EB03F076BB87
:10325000B0000020789A0008C12D0008F8B5044697
:103260002D48B0FBF3F00E46154605F091FF2B49B3
:10327000074606F097F928B32849384606F094F82F
:103280004FF07E5105F0D2FE06F0C6F941F28733C9
:10329000E06063610023012EA5602361A3611FD05C
:1032A000022E22D01EB904F1080002F04BFA636925
:1032B0002360B5F1804F1DD1194A04F10803536012
:1032C0002046F8BD5323E3601649384606F06CF8F3
:1032D0004FF07E5105F0AAFE06F09EF96061D9E735
:1032E00004F1080002F048FAE1E704F1080002F0F6
:1032F0005DFADCE70C4B9D4208D003F580639D42EC
:10330000DED1074A04F10803D360D9E7044A04F187
:1033100008039360D4E700BF00BD010500409C4551
:103320008C1B00200000A84200040040024B58689B
:1033300008B102F003B970478C1B0020024B98685B
:1033400008B102F0FBB870478C1B0020024BD86814
:1033500008B102F0F3B870478C1B002010B500F1E3
:10336000080486B04FF4805302A92046029302F06D
:1033700028F8002369462046CDE9003302F026FBF9
:10338000204602F013F806B010BD000073B50446E5
:1033900011482668056C06F1404301229B0A02FA97
:1033A00003F10D430564006C1C33014058B20B4B14
:1033B00001919E42019908BF0022002101F046FBC5
:1033C000206800F14040800A1C3040B202B0BDE8E5
:1033D000704001F06DBB00BF0038024000080040A3
:1033E000024A536C01335364704700BF0C1700202E
:1033F00037B50168094C0023019301F14043256C66
:1034000001229B0A02FA03F32B432364236C890AEB
:103410008A401A400192019B03B030BD003802403F
:1034200013B504460D492368086C9B0A01229A4093
:1034300010430864096C0A400192019A1C3300226F
:1034400058B2114601F002FB2068800A1C3040B2DD
:1034500002B0BDE8104001F02BBB00BF00380240B5
:1034600070B502680E4B9A4286B0044615D1067EAE
:10347000012E12D100256946CDE9005502F0A6FAC9
:1034800002A9227E2046CDE90256CDE9045502F07C
:10349000E1F9217E204602F073FA06B070BD00BF4C
:1034A000000800400368344A934203D1334B3D2265
:1034B0009A607047324A934203D1304B4FF47462A2
:1034C000F6E7304A934203D12C4B4FF47412EFE7E6
:1034D0002D4A934203D1294B4FF07462E8E72B4AFF
:1034E000934203D1254B3D22DA607047284A93422C
:1034F00003D1224B4FF47462F6E7264A934203D17C
:103500001E4B4FF47412EFE7234A934203D11B4B37
:103510004FF07462E8E7214A9342A2F1100202D10F
:103520003D23936070471E498B4202D14FF4746370
:10353000F7E71C498B4202D14FF47413F1E71A4AA2
:103540009342A2F1580202D14FF07463E9E71749A0
:103550008B4202D13D23D360704715498B4202D183
:103560004FF47463F7E713498B420CBF4FF47413A5
:103570004FF07463EFE700BF10600240006002404C
:103580002860024040600240586002407060024083
:1035900088600240A0600240B860024010640240AF
:1035A0002864024040640240586402407064024053
:1035B00088640240A064024010B50023C0E91D12D7
:1035C0000C22C0E91F33C0E922230446C0F884302E
:1035D000C0F89030743002F081FB204610BD10B569
:1035E0000446D0F8A40003681A6822F001021A60A9
:1035F000626F04329A600022DA60FFF753FFD4F85A
:10360000A4301A68136843F010031360626F5369A3
:1036100043F080035361204610BD37B50446D0F80F
:10362000A80003681D6825F001051D60656F04355D
:103630009D605A6009B904F11001D960FFF732FFAB
:10364000D4F8A8301A68136843F001031360636F5D
:103650005A6942F040025A61002201921A680192AE
:103660005A680192019ADA68204642F01002DA6044
:1036700003B030BD2DE9F0470268C14B9A429CB0BF
:1036800004466ED10025BF4E0095736CBE4843F0D2
:1036900010037364736C03F010030093009B019597
:1036A000336B43F001033363336B03F00103019386
:1036B000019B4FF4C0680223CDE912834FF001094A
:1036C000032312A9CDE914930723169301F0C8FA36
:1036D0000295336B43F480033363336BAB4E03F4D7
:1036E00080030293029BAA4B4FF000684FF480675F
:1036F0003046C6E90038C6E90255C6E90475C6E990
:103700000655C6E9085501F01BFA6663A14BB46380
:10371000A14EC6E9003830464023C6E90235C6E965
:103720000475C6E90655C6E9085501F009FA2A46A6
:10373000062126632520B46301F088F9252001F0D5
:10374000B7F92A4606213A2001F080F93A2001F023
:10375000AFF946202A46062101F078F9462001F00B
:10376000A7F922688D4B9A426ED10025854E0395AC
:10377000336C854843F400333364336C03F4003313
:103780000393039B0495336B43F001033363336B63
:1037900003F0010304934FF00C0C049B0223CDE9CA
:1037A00012C34FF0010E0323CDE914E312A907233E
:1037B000169301F055FA0595336B43F40013336308
:1037C000336B774E03F400130593059B754B4FF055
:1037D00000684FF480673046C6E90038C6E90255F4
:1037E000C6E90475C6E90655C6E9085501F0A8F909
:1037F00066636D4BB4636D4EC6E9003830464023B6
:10380000C6E90235C6E90475C6E90655C6E9085594
:1038100001F096F92A46062126632620B46301F0BA
:1038200015F9262001F044F92A460621102001F05E
:103830000DF9102001F03CF911202A46062101F073
:1038400005F9112001F034F92268594B9A426DD1E3
:1038500000254C4E0695336C43F480233364336C5F
:1038600003F480230693069B0795336B43F0040310
:103870003363336B03F004030793079B4FF44060FB
:103880000223CDE912030127032312A9CDE9147302
:1038900048480723169301F0E3F90895336B43F486
:1038A00000133363336B444E03F400130893089BF7
:1038B000424B4FF000684FF480673046C6E900384D
:1038C000C6E90255C6E90475C6E90655C6E90855B4
:1038D00001F036F966633A4BB4633A4EC6E90038F4
:1038E00030464023C6E90235C6E90475C6E90655E7
:1038F000C6E9085501F024F92A4606212663272047
:10390000B46301F0A3F8272001F0D2F82A4606217B
:103910000C2001F09BF80C2001F0CAF80E202A467A
:10392000062101F093F80E2001F0C2F82268264B20
:103930009A4240F095800025124E0995336C12484A
:1039400043F400233364336C03F400230993099B8D
:103950000A95336B43F001033363336B03F00103C8
:103960000A930A9B02220323CDE912320122CDE9F8
:10397000142312A90823169301F072F90B9525E080
:103980000010014000380240000002409C1B002053
:1039900040640240B8640240DC1D00200044004046
:1039A000FC1B002088600240A06002403C1E0020FA
:1039B00000480040000802405C1C002028600240D3
:1039C000586002409C1E0020004C0040336B43F4C2
:1039D00000133363336BA14E03F400130B930B9B63
:1039E0009F4B4FF000694FF480684FF440373046EA
:1039F000C6E90039C6E90255C6E90485C6E9065597
:103A0000C6E9087501F09CF86663964BB463964E60
:103A1000C6E9003930464023C6E90235C6E90485C7
:103A2000C6E90655C6E9087501F08AF82A46062156
:103A300026633420B46301F009F8342001F038F82B
:103A40002A4606210D2001F001F80D2001F030F882
:103A50000F202A46062100F0F9FF0F2001F028F878
:103A60002268824B9A4240F085800025804E0C955A
:103A7000336C804843F480133364336C03F4801355
:103A80000C930C9B0D95336B43F004033363336B42
:103A900003F004030D930D9B0E95336B43F0080365
:103AA0003363336B03F008030E934FF003080827CA
:103AB0000E9B16974FF480534FF0020A4FF0010906
:103AC00012A9CDE9123ACDE9149801F0C9F817A965
:103AD000042369481B97CDE9173ACDE9199801F0FD
:103AE000BFF80F95336B43F400133363336B634EAE
:103AF00003F400130F930F9B614B4FF000684FF4DA
:103B000080673046C6E90038C6E90255C6E9047543
:103B1000C6E90655C6E9085501F012F86663594B27
:103B2000B463594EC6E9003830464023C6E9023531
:103B3000C6E90475C6E90655C6E9085501F000F85E
:103B40002A46062126633520B46300F07FFF352026
:103B500000F0AEFF2A4606210B2000F077FF0B2075
:103B600000F0A6FF2F202A46062100F06FFF2F202D
:103B700000F09EFF2268454B9A426CD100253C4ED6
:103B80001095736C3B4843F020037364736C03F02F
:103B900020031093109B1195336B43F004033363A0
:103BA000336B03F004031193C022119B0223CDE970
:103BB000122301210323CDE9141312A9082316931C
:103BC00001F04EF81795336B43F480033363336B86
:103BD0002F4E03F480031793179B2E4B4FF0206852
:103BE0004FF480673046C6E90038C6E90255C6E999
:103BF0000475C6E90655C6E9085500F0A1FF6663DD
:103C0000254BB463254EC6E9003830464023C6E94B
:103C10000235C6E90475C6E90655C6E9085500F03F
:103C20008FFF2A46062126634720B46300F00EFF6B
:103C3000472000F03DFF2A460621392000F006FF0C
:103C4000392000F035FF45202A46062100F0FEFE0F
:103C5000452000F02DFF1CB0BDE8F087BC1C002003
:103C60004060024070600240FC1E00200050004096
:103C70000038024000080240000C02401C1D0020D9
:103C800010600240B86002405C1F00200014014038
:103C90007C1D002028640240A0640240BC1F00205C
:103CA000436F1A6813B5D106044628D5DA68D206E0
:103CB00025D500220192196801915B680193019B4F
:103CC000D0F8A8301B685968C1F16401C160196857
:103CD00021F001011960022300F11001006802F0D7
:103CE0004AFBA060D4F8A800FFF7DCFBD4F8A830AA
:103CF0001B6864225A601A6842F001021A6004F1DB
:103D0000740002B0BDE8104002F0AAB810B5044635
:103D1000D0F8A400FFF7C6FBD4F8A4301A681368E3
:103D200023F00103136010BD0148FFF7B9BF00BFC6
:103D3000541700200148FFF7B3BF00BF0818002048
:103D40000148FFF7ADBF00BFBC1800200148FFF7D6
:103D5000A7BF00BF701900200148FFF7A1BF00BF37
:103D6000241A00200148FFF79BBF00BFD81A00208B
:103D7000704700000148FFF7C9BF00BF701900205D
:103D80004FF6FF7392B2743001F0D6BFF8B500243D
:103D90000D4601601646A0F87C41847444610E22F1
:103DA000214604301F4605F0BBFC55B13A4631466A
:103DB0002846FFF701FC21466422BDE8F840FFF7E2
:103DC0002CBCF8BD0346807C28B15869091AC82963
:103DD0008CBF0020012070470430704710B50346A7
:103DE00068B1084C0144104699420AD013F8012BDF
:103DF0004240D2B234F8122082EA1020F4E74FF6A3
:103E0000FF7010BD849A000870B50D460446A0B13D
:103E1000022912D98E1E4FF6FF723146FFF7DEFFE0
:103E2000A25DC3B29A4208D12C44C0F3072014F813
:103E3000014C231A5842584170BD0020FCE770B570
:103E40000D46044660B102290AD98E1E4FF6FF7254
:103E50003146FFF7C3FFA0552C44000A04F8010CBB
:103E600070BD70B50446059D26680698002E3CD0AE
:103E700003F0FF46042928BF0021B6F1FF4F05F0EB
:103E8000FF4608BF0023B6F1FF4F00F0FF4608BF12
:103E90000025C4F88231B6F1FF4FBDF81030A4F808
:103EA00086314FF0530608BF0020002384F87E615E
:103EB000C4F88851502604F5BF75A4F8903184F8F1
:103EC000801184F88121C4F88C011421284684F8DB
:103ED0007F61FFF7B4FF206814222946FFF750FFE7
:103EE000D4F8A8310133C4F8A83170BD38B5B0F8A2
:103EF0007C418C42054603D80023A0F87C3138BDB4
:103F0000641AA4B27C302246014405F0EFFBA5F808
:103F10007C41F4E770B5044615460E4679B372B39A
:103F2000FF2A0CD90023A0F87C31D0F8A031A2F5EB
:103F3000807501332E44C0F8A0314FF48075B4F879
:103F40007C312B449BB2B3F5807F0AD9A3F58073F3
:103F500099B22046FFF7CAFFD4F8A0310133C4F864
:103F6000A031B4F87C3104F17C002A463146184473
:103F700005F0AEFBB4F87C211544A4F87C5170BD6B
:103F800038B50378532B2DD14378502B2AD1837821
:103F9000012B27D8C378012B24D843681D4603F092
:103FA000FF43B3F1FF4F1DD083681C4603F0FF436E
:103FB000B3F1FF4F16D00C49284605F0F3FA80B153
:103FC0000A49284605F0E4FA58B10749204605F0A9
:103FD000E9FA30B10549204605F0DAFA003818BF91
:103FE000012038BD0020FCE7DB0FC9C0DB0FC94052
:103FF0002DE9FF41044600F17C0800F18407B4F884
:104000007C31012B64D9002291B2481C98420D46A4
:1040100054D2254495F87C50532D04D1204490F877
:104020007C0050282DD00132EEE700234EE06B4695
:1040300042461E46106851681D4603C50832BA4202
:104040002B46F7D138682860BA88AA803046FFF737
:1040500097FF30B9D4F8A0310133C4F8A0310E2154
:1040600028E096E80F00251D07C52B800123A374C7
:1040700000F0D2F9D4F8A43160610133C4F8A4315E
:10408000EDE711B12046FFF731FFB4F87C310D2B7D
:104090001ED9D4F898310133C4F898310E21404626
:1040A000FFF7B2FE0028C2D1D4F89C310133C4F826
:1040B0009C3101212046FFF719FFA0E7234493F824
:1040C0007B30532BB1D184F87C300123A4F87C31B0
:1040D00004B0BDE8F08138B50368044623B300F1AD
:1040E0001805236800221868294602F0A5F901285E
:1040F0001AD12368DA68642A13D9D4F8A0310133BD
:10410000C4F8A0316422D4F8943113442046C4F892
:10411000943192B22946FFF7FDFE2046FFF768FF73
:10412000DFE7002ADDD0EEE738BD000070B50E4EA7
:104130000E4D04463146204605F03EFA60B90C4E5D
:104140000A4D3146204605F023FA58B1204629464B
:1041500004F06EFF0446F4E72046294604F066FFAB
:104160000446E7E7204670BD000034430000B44336
:10417000000034C338B504461546002208462270B4
:1041800003B1A27000F0FF43B3F1FF4F03D0FFF77C
:10419000CDFF6060A060E56038BD00002DE9F84FFC
:1041A000557906460C469246BDB191F8019089F0CA
:1041B0000109DAF80C80DAF8007065707DB92B46D9
:1041C0003A4641462046FFF7D5FF0123A3703580CC
:1041D000A36873603046BDE8F88FA946E9E79AF80E
:1041E000045065B39AF806504DB39AF8075035B3AA
:1041F0009AF808501DB308F0FF43B3F1FF4F33D0D6
:10420000DAF810B00BF0FF43B3F1FF4F2CD05C494C
:10421000404605F0C7F9054688B15A49404605F0C1
:10422000B7F9054658B15849584605F0BBF9D8B119
:104230005649584605F0ACF9051E18BF01252378EC
:1042400013BBB9F1000F06D0A27822B11DB19AF8C4
:104250000920012A0AD000233A4641462046FFF7AA
:1042600089FF00233380B3E70025E8E7A3702270BD
:104270004046FFF75BFFC4E903776060A06040F24F
:10428000011333807060A5E735B901233A464146F2
:104290002046FFF76FFF9AE7D4F80490404649465E
:1042A00004F0C4FEFFF742FF394920F0004005F05A
:1042B00083F9054608B10123CEE79AF80930012BAE
:1042C00007D02369FB1AB3F5FA7FDED8E760012334
:1042D000C8E7E3682F49DAF810002761A7EB030865
:1042E000B8F1140FE76028BF4FF0140804F0A8FFDE
:1042F000FFF71CFF494604F099FEFFF717FF264918
:10430000054605F03BF9002835D12449284605F03B
:1043100053F900B1214D2946484604F089FEFFF7C4
:1043200005FF0546404604F033FF1D4904F088FFB1
:104330001C4905F039F8D4F80890804649462846CB
:1043400004F074FEFFF7F2FE08F10047054601464F
:10435000384605F031F928B94146284605F02CF9D0
:1043600058B147463946484604F062FEFFF7DEFE84
:104370000123A06085E7084DCDE72F46F2E700BF97
:10438000000034C400003444DB0FC9C0DB0FC94057
:104390000000E041E12E65420000C8C10000C841B4
:1043A0000000F04100007A447047000010B5084B4F
:1043B000044618684FF47A73B0FBF3F000F086FB04
:1043C000002221464FF0FF3000F040FB002010BDDE
:1043D0000C00002008B50B4B1A6842F400721A60FA
:1043E0001A6842F480621A601A6842F480721A6095
:1043F000032000F019FB0F20FFF7D8FFFFF7D4FFD1
:10440000002008BD003C0240024A136801331360DB
:10441000704700BFDC210020014B1868704700BFC7
:10442000DC2100203C4B4A6930B5D3F8004244F00F
:104430000104C3F80042D3F8004224F47C54C3F8CA
:104440000042D3F800424D6A44EA0524C3F8004212
:10445000D3F81C520120904025EA0005C3F81C52F5
:10446000CD69C443002D35D1D3F80C522540C3F893
:104470000C52CB688D8845EA0345D30003F1804395
:1044800003F5C8430A88C3F840528D6842EA0542E2
:10449000C3F844228A69204B8ABBD3F80422224005
:1044A000C3F804220A6972BBD3F814221440C3F87B
:1044B00014420B6A012B184B02BFD3F81C22104385
:1044C000C3F81C02D3F8002222F00102C3F8002234
:1044D000002030BD012DDDD1D3F80C520543C3F8C7
:1044E0000C520B688D8845EA0345D30003F18043E5
:1044F00003F5C8438A89C3F840528D68C6E7D3F8EC
:1045000004220243CCE7012A01BF034AD2F8143245
:104510000343C2F81432CCE70064004070B504468F
:10452000002800F08F8090F8383003F0FF021BB9AC
:1045300080F83920FBF7DAFE022384F8383023684C
:104540001A6822F002021A601A6842F001021A6028
:10455000FFF762FF064623685D6815F0010557D036
:104560005A68D1076BD5A269012A1A680CBF42F0BC
:10457000800222F080021A60E269012A1A680CBFE8
:1045800042F0400222F040021A60226A012A1A68B0
:104590000CBF42F0200222F020021A60626A012A57
:1045A0001A680CBF42F0100222F010021A60A26AD0
:1045B000012A1A680CBF42F0080222F008021A60B1
:1045C000E26A012A1A680CBF42F0040222F00402D7
:1045D0001A60D4E902210A4321690A4361690A4346
:1045E000616801390A43DA611A6822F001021A602F
:1045F000FFF712FF054623685A68D20713D458689C
:1046000010F001001BD10123E06384F8383009E089
:10461000FFF702FF801B0A289DD9032084F8380089
:1046200084F8395070BDFFF7F7FE401B0A28E2D925
:104630000320002384F8380084F83930F2E704239B
:1046400084F838300120EDE702682DE9F8439368DB
:104650005B0104460F4606D493681D0103D493689A
:10466000D80040F1888094F83930012B00F0888020
:10467000012384F8393094F83830222B0CBF3223D0
:10468000122384F838309368590152D4936813F098
:10469000006F14BF0126022602EB0613206BD3F82D
:1046A0008011D0E9025E01F00101C3F88011D3F856
:1046B00080114FEA061C002D3DD105684EEA455594
:1046C0000D43C3F88051D3F884510169DFF8B480F9
:1046D000DFF8B49001F00F0125F00F050161C3F878
:1046E0008451D3F884512943C3F884116244416949
:1046F000C2F888118169C2F88C11D3F8802142F088
:104700000102C3F88021FFF787FE054623681F4991
:104710009A6846BB31EA020214D194F83830322B41
:104720000CBF22230123002084F8383084F839009C
:1047300011E00026B0E745EA0E05D0F804E045EAAE
:10474000CE05BDE77A1CE3D03FB90320002384F8EF
:10475000380084F83930BDE8F883FFF75DFE401B70
:10476000B842D3D9F1E7012E02D139EA0202D3E7E8
:1047700038EA0202D0E7042384F838300120EAE75F
:104780000220E8E700000310000300080300000413
:1047900010B50346084693F83820012AD1B201D05B
:1047A000122922D193F83920012A1ED0012283F840
:1047B000392093F83820122A0CBF3222222283F8A3
:1047C000382000211A68D963546944F40F445461B5
:1047D00083F83910536918B943F00203536110BDCF
:1047E00043F0100353610846F9E70220F7E77047EA
:1047F0000268436B70B502EB01140EB2D4F8B051ED
:1048000005F004059D60002D4FD1D4F8B0516D0D19
:104810001D60D4F8B051D4F8B441196204F00F040B
:104820001C6102EB061405F00205D4F8B441DD600A
:10483000C4F30724DC6102EB0114D4F8B8511D75F0
:10484000D4F8B8512D0A5D75D4F8B8512D0C9D756A
:10485000D4F8B8512D0EDD75D4F8BC511D76D4F8BE
:10486000BC512D0A5D76D4F8BC512D0C9D76D4F840
:10487000BC41240EDC762023E1B9D360536923F0D8
:104880000203536190F83830222B02BF536923F49E
:104890000F43536190F83830322B0CBF12230123A1
:1048A00080F83830FBF7CCFD70BDD4F8B051ED087E
:1048B0005D60AEE71361536923F01003E1E7000088
:1048C00003685A69D10770B5044624D59E68524DD5
:1048D0009A6852499868B54302EA010204D08A42B4
:1048E00002D04F4A824316D15A6922F001025A611E
:1048F00094F83820122A02BF5A6922F40F425A61F2
:1049000094F83830322B0CBF2223012384F838303E
:104910002046FFF76CFF2368DA685B69920705D0D1
:104920009B0703D500212046FFF762FF23681A6921
:104930005B69960705D0DD0603D501212046FFF708
:1049400057FF2368986959695A69C00707D5CE058A
:1049500005D5150442BFE26B42F00102E26398699B
:1049600059695A69800707D5890505D5120442BFE0
:10497000E26B42F00202E263986959695A6946079C
:1049800007D54D0505D5100442BFE26B42F0040285
:10499000E263986959695A6910F0700F13D00905DC
:1049A00011D512040FD59A6902F07002402A2AD05C
:1049B00014D8202A1FD0302A21D0102A16D09A6964
:1049C00022F070029A61E26B3AB104225A6001232C
:1049D00084F838302046FBF77DFD70BD502A16D094
:1049E000602AECD1E26B42F4807202E0E26B42F0AA
:1049F0000802E263E3E7E26B42F01002F9E7E26BE0
:104A000042F02002F5E7E26B42F04002F1E7E26B90
:104A100042F08002EDE700BF03000004000300083D
:104A200000000310C06B70470749CA6822F4E062B7
:104A30000302120403F4E063120C134343F0BF6358
:104A400043F40033CB60704700ED00E0164B30B507
:104A5000DC68C4F30224C4F10703251D042B28BF1E
:104A60000423062D4FF0FF3505FA03F38CBF033CFA
:104A7000002421EA0303A34005FA04F422EA040215
:104A8000002843EA0203ACBF00F16040074A4FEA46
:104A90000313B8BF00F00F00DBB2AABF00F56140FE
:104AA000135480F8003330BD00ED00E014ED00E059
:104AB000002808DB4209012300F01F0003FA00F080
:104AC000014B43F82200704700E100E00138B0F1EB
:104AD000807F0BD24FF0E023054A5861F02182F825
:104AE00023100020072298611A6170470120704747
:104AF00000ED00E04FF0E02304281A690CBF42F0FB
:104B0000040222F004021A617047704708B5FFF7EB
:104B1000FCFF08BD036810B5084C0246D9B2103935
:104B20001820B1FBF0F0205CD06523F47F7020F0FA
:104B300003005F2988BF0430906510BD849C000885
:104B400070B50446FFF768FC0546002C72D00023C0
:104B500084F834302268022384F83530136823F057
:104B60000103136021680B68DA072DD40B68324DFE
:104B7000A0691D40D4E901231343E268134322696D
:104B8000134362691343E26903431343226A1343E5
:104B90002B43656A042D02BFD4E90B26324313432D
:104BA0000B604A69042D22F0070242EA050233D164
:104BB000A36A1A4398B9012B22D0022B00D05BBB09
:104BC000E36ADB0128D51FE0FFF726FC401B052820
:104BD000C8D920236365032084F8350070BDB0F583
:104BE000005F15D1032B17D801A050F823F000BFA8
:104BF000094C0008C14B0008094C0008014C000892
:104C0000E36AB3F1C07F07D1402363650120E3E786
:104C1000022BF9D9032BD3D04A612046FFF77AFF44
:104C2000E26D3F239340836000200123606584F898
:104C30003530D3E70120D1E73F8010F090F83530D0
:104C4000022B03D0802343650120704702680523AF
:104C500080F83530136823F001031360002070479B
:104C60002DE9F74FDFF8B4816D4ADFF8B8910023E2
:104C70000C6801279F4007EA040537EA040440F066
:104C8000B9804C6824F0100ABAF1020F16D14FEA2D
:104C9000D30E00EB8E0E03F0070BDEF820604FEA18
:104CA0008B0B4FF00F0C0CFA0BFC26EA0C0C0E6968
:104CB00006FA0BF646EA0C06CEF82060D0F800B0F3
:104CC0004FEA430E4FF0030C0CFA0EFC2BEA0C0BD0
:104CD0006FEA0C0604F0030C0CFA0EFC0AF1FF3A22
:104CE0004CEA0B0CBAF1010FC0F800C016D8D0F88E
:104CF00008C0D1F80CA006EA0C0C0AFA0EFA4AEA2F
:104D00000C0CC0F808C0D0F804C02CEA0707C4F3A4
:104D1000001C0CFA03FC4CEA07074760C7683740E1
:104D20008E6806FA0EF63E43C660E60062D500269F
:104D30000196D8F8447047F48047C8F84470D8F812
:104D4000447007F480470197019F23F0030707F1A0
:104D5000804707F59C3703F0030ED7F808A04FEA09
:104D60008E0E4FF00F0C0CFA0EFC2AEA0C0CDFF83A
:104D7000B8A050451DD006F1804606F50136B04278
:104D80003FD006F58066B0423DD006F58066B04261
:104D90003BD006F58066B04239D0484539D006F59B
:104DA0000066B04237D006F58066B0420CBF0726D9
:104DB000082606FA0EF646EA0C06BE601668EF43B1
:104DC00014F4803F0CBF3E402E431660566814F426
:104DD000003F0CBF3E402E435660966814F4801F7F
:104DE0000CBF3E402E439660D668A40254BF3E409E
:104DF0002E43D6600133102B7FF43AAF03B0BDE8E9
:104E0000F08F0126D5E70226D3E70326D1E7042653
:104E1000CFE70526CDE70626CBE700BF00380240E6
:104E2000003C014000140240000002400368F7B556
:104E3000DD0704463BD42368980700F18D80236882
:104E40001E0700F1D88023685D072AD5002301934F
:104E5000924B934D1A6C42F080521A641B6C03F013
:104E600080530193019B2B6843F480732B60FFF701
:104E7000D3FA06462B68DA0540F1E180A368874D36
:104E8000012B40F0E3802B6F43F001032B67FFF70A
:104E9000C3FA824E054641F28837336F9B0740F1D3
:104EA000F680A269002A40F0FF80002015E07B4BCD
:104EB0009A6802F00C02042A07D09A6802F00C02E9
:104EC000082A0CD15A68510209D5744B1B689A0301
:104ED000B1D56368002BAED1012003B0F0BD62688C
:104EE000B2F5803F13D11A6842F480321A60FFF79E
:104EF00093FA6A4E054641F2883733689B039AD489
:104F0000FFF78AFA401BB842F7D90320E5E7634D63
:104F1000B2F5A02F2B6807D143F480232B602B68B8
:104F200043F480332B60E2E723F480332B602B685B
:104F300023F480232B60002AD9D1FFF76DFA41F2C8
:104F4000883706462B6898037FF575AFFFF764FA3C
:104F5000801BB842F6D9D8E7504B9A6812F00C0F74
:104F600007D09A6802F00C02082A16D15B68590231
:104F700013D44A490B689A0702D5E368012BABD1D9
:104F80000868F82393FAA3F3B3FA83F223699340F2
:104F900020F0F80213430B6051E7E268414BDAB1AD
:104FA00001221A60FFF738FA3C4D06462B689B0732
:104FB0000CD52968F82393FAA3F3B3FA83F2236993
:104FC000934021F0F80213432B6038E7FFF724FAEF
:104FD000801B0228EAD998E71A60FFF71DFA2F4EC6
:104FE000054633689F077FF52AAFFFF715FA401B88
:104FF0000228F6D989E762692A4B82B10122C3F8F7
:10500000802EFFF709FA254E0546736F98073FF586
:105010001AAFFFF701FA401B0228F6D975E7C3F86B
:10502000802EFFF7F9F91D4E0546736F99077FF53E
:105030000AAFFFF7F1F9401B0228F6D965E7FFF741
:10504000EBF9801B02287FF615AF5EE7052B04D134
:105050002B6F43F004032B6715E72A6F22F0010240
:105060002A672A6F22F004022A67002B7FF40FAF11
:10507000FFF7D2F941F2883706462B6F98077FF584
:1050800010AFFFF7C9F9801BB842F6D93DE7FFF72B
:10509000C3F9401BB8427FF600AF36E70038024044
:1050A00000700040000047422C4DAB6803F00C0339
:1050B000082B3FF411AF2A4B022A4FF000021A6668
:1050C0003ED1FFF7A9F906462B68990132D447F67D
:1050D000C07696FAA6F64FF44032B6FA86F692FA01
:1050E000A2F24FF07061B2FA82F091FAA1F1D4E924
:1050F00007321343626AB2401343A26A5208013A6C
:1051000082401343E26AB1FA81F102FA01F10B43E2
:105110006B60134B114D01221A66FFF77DF90446AF
:105120002B689A013FF5C1AEFFF776F9001B022804
:10513000F6D9EAE6FFF770F9801B0228C4D9E4E645
:10514000FFF76AF904462B689B017FF5AEAEFFF7C7
:1051500063F9001B0228F6D9D7E600BF00380240E9
:1051600000004742194B9A6802F00C02042A28D02A
:10517000082A28D15A685968586811F4800F02F03B
:105180003F0247F6C07191FAA1F3B3FA83F300EA44
:10519000010020FA03F014BF0D4B0E4BB3FBF2F2EB
:1051A0000A4B50435B684FF4403292FAA2F2B2FAD3
:1051B00082F203F44033D34001335B00B0FBF3F0E1
:1051C0007047034870470348704700BF00380240EB
:1051D00040787D010024F400554B1A6802F00F025C
:1051E0008A422DE9F04104460D462FD322689607E6
:1051F00036D4D0073CD44E4B1A6802F00F02AA42B4
:1052000000F286802268510700F18A80130707D5D3
:10521000484A2169936823F4604343EAC1039360D9
:10522000FFF7A0FF434BF0229B6892FAA2F2B2FA7A
:1052300082F203F0F003D3403F4AD35CD8403F4BA7
:1052400018600F20FFF7B2F8002007E0CAB21A700A
:105250001B6803F00F038B42C8D00120BDE8F0812A
:105260003449A0688B6823F0F00303438B60C0E7E8
:105270006268304B012A1DD11B6813F4003FECD04B
:105280002C4EB36823F003031343B360FFF7C4F855
:105290006368012B074641F2883815D1B36803F0E3
:1052A0000C03042BA7D0FFF7B7F8C01B4045F5D976
:1052B0000320D3E7911E01291B6802D813F0007F59
:1052C000DDE713F0020FDAE7022B0AD1B36803F02F
:1052D0000C03082B8FD0FFF79FF8C01B4045F5D972
:1052E000E6E7032B0FD1B36803F00C030C2B82D03D
:1052F000FFF792F8C01B4045F5D9D9E7FFF78CF8C6
:10530000C01B4045D4D8B36813F00C0FF6D172E738
:10531000EAB21A701B6803F00F03AB429DD171E72C
:105320000449E0688B6823F4E05303438B606DE726
:10533000003C0240003802408C9C00080C00002019
:10534000014B1868704700BF0C000020084B4FF459
:10535000E0529B6892FAA2F2B2FA82F203F4E053AE
:10536000D340044AD35C044A1068D840704700BF59
:10537000003802408C9C00080C000020084B4FF4C1
:1053800060429B6892FAA2F2B2FA82F203F460439E
:10539000D340044AD35C044A1068D840704700BF29
:1053A000003802408C9C00080C0000200368DA687A
:1053B00042F00102DA601A6842F001021A6000202D
:1053C000704770B590F83830012B04464FF002005A
:1053D0001FD0012384F83830236884F839009A6894
:1053E00022F47F4222F077029A600A68502A5BD04A
:1053F0002CD8202A00F093800CD8002A00F083805B
:10540000102A00F086800123002084F8393084F8C7
:10541000380070BD302A00F08880402AF3D14868F7
:10542000CE68196A1D6A25F001051D629A6921F08E
:105430000A0122F0F00242EA061201439A6119625F
:105440009A6822F0700242F047022BE0B2F5805FCA
:1054500025D012D8602A3ED0702AD4D1D1E9015289
:105460009868C9682A4320F47F4042EA0122024337
:105470009A609A6842F0770214E0B2F5005FC2D1F8
:10548000D1E901529868C9682A4320F47F4042EA72
:10549000012202439A609A6842F4804202E09A68CC
:1054A00022F007029A60AEE74868CE68196A1D6A62
:1054B00025F001051D629A6921F00A0122F0F0022F
:1054C00042EA061201439A6119629A6822F0700258
:1054D00042F05702E6E7186A4D68CE6820F01000E7
:1054E000186299691A6A21F4704122F0A00242EA16
:1054F000051241EA063199611A629A6822F0700237
:1055000042F06702CEE79A6822F0700242F007028A
:10551000C8E79A6822F0700242F01702C2E79A6860
:1055200022F0700242F02702BCE79A6822F0700273
:1055300042F03702B6E770477047704703681A6950
:10554000910710B504460ED5DA6892070BD56FF0B7
:1055500002021A61012202769B699B0777D0FDF750
:105560007FFF0023237623681A69500710D5DA6875
:1055700051070DD56FF004021A61022222769B6951
:1055800013F4407F204668D0FDF76AFF002323769E
:1055900023681A6912070FD5DA6810070CD56FF067
:1055A00008021A6104222276DB69990720465AD044
:1055B000FDF756FF0023237623681A69D20610D51B
:1055C000DA68D0060DD56FF010021A610822227633
:1055D000DB6913F4407F20464BD0FDF741FF0023E9
:1055E000237623681A69D10708D5DA68D20705D56A
:1055F0006FF001021A612046FDF7F2FE23681A6976
:10560000100608D5DA68110605D56FF080021A6118
:10561000204600F0FEF923681A69520608D5DA68B8
:10562000500605D56FF040021A612046FFF785FF4E
:1056300023681A69910622D5DA6892061FD56FF0A1
:10564000200220461A61BDE8104000F0E1B9FFF7E2
:1056500072FF2046FFF770FF83E7FFF76CFF2046DD
:10566000FFF76AFF92E7FFF766FF2046FFF764FF48
:10567000A0E7FFF760FF2046FFF75EFFAFE710BD32
:105680002E4A0368904212D0B0F1804F0FD0A2F59D
:105690007C4290420BD002F58062904207D002F526
:1056A0008062904203D002F57842904219D14A6854
:1056B00023F070031343214A904229D0B0F1804F68
:1056C00026D0A2F57C42904222D002F58062904220
:1056D0001ED002F5806290421AD002F578429042C4
:1056E00016D0174A904213D002F5806290420FD034
:1056F00002F5806290420BD0A2F59832904207D01A
:1057000002F58062904203D002F58062904203D19C
:10571000CA6823F44073134303608B68C3620B6849
:105720008362064B984203D003F58063984201D10F
:105730000B69036301234361704700BF0000014010
:105740000040014010B50446A0B190F8393003F094
:10575000FF021BB980F83820FDF718FE02232068ED
:1057600084F83930211DFFF78BFF012384F839308D
:10577000002010BD0120FCE710B50446A0B190F850
:10578000393003F0FF021BB980F83820FDF730FEF6
:105790000223206884F83930211DFFF771FF0123AF
:1057A00084F83930002010BD0120FCE710B5044614
:1057B000A0B190F8393003F0FF021BB980F838200F
:1057C000FDF72EFE0223206884F83930211DFFF7F3
:1057D00057FF012384F83930002010BD0120FCE779
:1057E00070B5046A1A4E24F0010404628469056AE3
:1057F000B04224F0030429D0B0F1804F26D0A6F5A2
:105800007C46B04222D006F58066B0421ED006F536
:105810008066B0421AD006F57846B04216D006F53A
:105820007056B04212D0A6F59436B0420ED044F075
:1058300001021B01DBB222F0F0021A4301F00A015F
:1058400025F00A0319438261016270BD2243F0E72B
:1058500000000140F8B590F83830012B04460E46A0
:1058600015464FF002001AD0012384F8390084F85D
:105870003830D1E900122068F3688DB9FFF7B0FF26
:105880002368B1689A6922F00C029A619A690A4306
:105890009A610123002084F8393084F83800F8BD7B
:1058A000042DB66822D1056A25F0100505628769C6
:1058B000D0F820E027F4407C1D034CEA022C0901BB
:1058C0002CF4704CADB22EF0A00E01F0A00145EA10
:1058D0000C0541EA0E0185610162836923F440638E
:1058E0008361836943EA06268661D2E7082D056A4B
:1058F0001CD125F480750562C769056A27F0030786
:1059000017431B010902DBB227F0F00725F42065DD
:1059100001F420611F432943C7610162C36923F079
:105920000C03C361C3691E43C661B2E725F4805509
:105930000562C569076A25F4407545EA02251B031F
:10594000090325F470459BB227F4204701F4204158
:105950002B433943C3610162C36923F44063C361CC
:10596000C36943EA0626DFE7036A10B501248C40C9
:1059700023EA04030362036A8A401A43026210BDE9
:10598000082910B5044600681CD00CD889B1042938
:1059900014D00122FFF7E8FF2268136843F00103E7
:1059A0001360002010BD0C29F3D1C36843F010032D
:1059B00002E0C36843F00203C360EAE7C36843F050
:1059C0000403F9E7C36843F00803F5E710B590F85E
:1059D0003830012B02464FF0020018D0136882F8CD
:1059E000390058680C68496820F0700058605868A1
:1059F00020435860986820F08000986098680143C0
:105A000099600020012382F8393082F8380010BDF7
:105A1000704770470368DA6822F49072DA605A6956
:105A200022F001025A61202380F83A3070470000CA
:105A30002DE9F8430368C1681A69044622F440520C
:105A40000A431A612569A268D968C0692A43656951
:105A500021F416412A4321F00C0102430A43DA6083
:105A60005A69A16922F440720A43B0F5004F5A61A5
:105A7000844A40F08680934203D002F580629342CC
:105A80004AD1FFF77BFC67684FF019094FF06408B3
:105A900009FB00F37F00B3FBF7F3B3FBF8F31F013F
:105AA000FFF76CFC656809FB00F06D00B0FBF5F5D5
:105AB000FFF764FC636809FB00F65B00B6FBF3F6D6
:105AC000FFF75CFCB6FBF8F608FB16566368F600B9
:105AD0003236B6FBF8F6760009FB00F55B0006F4FB
:105AE000F876B5FBF3F5FFF749FC09FB00F36068B6
:105AF00022684FEA4009B3FBF9F3B3FBF8F308FB64
:105B00001353DB003233B3FBF8F303F007033B44DA
:105B100033449360BDE8F883FFF718FC67684FF0E3
:105B200019094FF0640809FB00F37F00B3FBF7F39A
:105B3000B3FBF8F31F01FFF709FC656809FB00F0F0
:105B40006D00B0FBF5F5FFF701FC636809FB00F69B
:105B50005B00B6FBF3F6FFF7F9FBB6FBF8F608FBC4
:105B600016566368F6003236B6FBF8F6760009FB87
:105B700000F55B0006F4F876B5FBF3F5FFF7E6FBFE
:105B8000B3E7934202D0404A934247D1FFF7F6FB76
:105B900067684FF019094FF0640809FB00F3BF0074
:105BA000B3FBF7F3B3FBF8F31F01FFF7E7FB6568FF
:105BB00009FB00F0AD00B0FBF5F5FFF7DFFB626815
:105BC00009FB00F39200B3FBF2F3B3FBF8F308FB1D
:105BD00013531B013233B3FBF8F303F0F006FFF766
:105BE000CDFB636809FB00F59B00B5FBF3F5FFF700
:105BF000C5FB09FB00F3606822684FEA8009B3FB2C
:105C0000F9F3B3FBF8F308FB13531B013233B3FB77
:105C1000F8F303F00F0333433B447AE7FFF796FBB7
:105C200067684FF019094FF0640809FB00F3BF00E3
:105C3000B3FBF7F3B3FBF8F31F01FFF787FB6568CE
:105C400009FB00F0AD00B0FBF5F5FFF77FFB6268E4
:105C500009FB00F39200B3FBF2F3B3FBF8F308FB8C
:105C600013531B013233B3FBF8F303F0F006FFF7D5
:105C70006DFB636809FB00F59B00B5FBF3F5FFF7CF
:105C800065FBB6E70010014000140140F8B504467A
:105C90000E4617461D462268136836EA030301D1F3
:105CA000002014E06B1CF7D095B92368DA6822F461
:105CB000D072DA605A6922F001025A61202384F816
:105CC000393084F83A30002384F838300320F8BDA6
:105CD000FEF7A2FBC01B8542DDD2E6E710B5044605
:105CE00040B390F8393003F0FF021BB980F8382038
:105CF000FDF7C0FC2268242384F83930D36823F4EC
:105D00000053D3602046FFF793FE23681A6922F4FC
:105D100090421A615A6922F02A025A61DA6842F402
:105D20000052DA6000202023E06384F8393084F8E0
:105D30003A3010BD0120FCE72DE9F0411F4690F8F4
:105D40003930202B04460D4690464FD100294BD0C8
:105D5000002A49D090F83830012B47D0012380F831
:105D600038300023C363212380F83930FEF754FB19
:105D7000A4F824800646A4F82680E38C9BB263B97D
:105D80003B46324640212046FFF780FFA8B920233A
:105D900084F8393084F8380010E0E38C013B9BB282
:105DA000E384A368B3F5805F32463B464FF0800141
:105DB000204610D1FFF76AFF10B10320BDE8F08143
:105DC0002B882268C3F30803536023690BB902359B
:105DD000D3E70135D1E7FFF759FF0028EDD123685C
:105DE00015F8012B5A60C8E70120E7E70220E5E734
:105DF0007047704790F83A30222B10B520D1816857
:105E000004690268836AB1F5805F1ED15268C4B923
:105E1000C2F3080223F8022B8362C38D013B9BB2BD
:105E2000C3856BB90368DA6822F49072DA605A6944
:105E300022F001025A61202380F83A30FFF7D9FF9F
:105E400010BDD2B223F8012BE6E7591C52688162DB
:105E50000CB91A70E1E702F07F02FAE77047000020
:105E600003681A68D96870B516075D69044607D1DA
:105E7000960659D58D0657D5BDE87040FFF7BABFD5
:105E800005F0010001F4907505434DD0D60705D506
:105E9000CD0542BFE36B43F00103E363530704D531
:105EA00018B1E36B43F00203E363960704D518B11E
:105EB000E36B43F00403E363150704D518B1E36B08
:105EC00043F00803E363E36B4BB3900604D5890604
:105ED00002D52046FFF78EFF23685B69E56B03F070
:105EE000400305F008051D43204619D0FFF792FD39
:105EF00023685A6952060FD55A69606B22F0400236
:105F00005A6148B1254B0365FEF798FE38B1606BC6
:105F1000BDE87040036D18472046FFF79FFF70BD36
:105F2000FFF79CFFE563FAE7160628D50D0626D590
:105F300094F83920212AF2D1A168226AB1F5805F54
:105F400018D11188C1F308015960216981B9023261
:105F50002262E28C013A92B2E284002ADFD1DA684E
:105F600022F08002DA60DA6842F04002DA60D6E7B6
:105F70000132EDE7511C216212785A60E9E75006C0
:105F8000CDD54A06CBD5DA6822F04002DA6020236C
:105F900084F839302046FFF72BFFC0E7A15F0008E7
:105FA00008B5806B0023C385C384FFF757FF08BD86
:105FB00000F108034FF0FF32C0E9022343600361A0
:105FC00000230360704700230361704743684B6000
:105FD0009A688A609A685160996003680861013321
:105FE0000360704730B50C68631C0AD103695A68B6
:105FF0004A6091608B6059600368086101330360F7
:1060000030BD00F10802134652681568A542FAD95E
:10601000EDE7D0E9011203698A6051605968814255
:1060200008BF5A60002202611A68013A1A601868B3
:10603000704710B5044601F0B5F9A46B01F0D2F930
:10604000B4FA84F0400910BDF8B51546026C866BB1
:10605000044652B9076847BB406800F03FFF6760DD
:1060600005460136A6632846F8BD65B9806803F089
:106070002FFBA368226C13446268A3609342F0D3A1
:106080002368A360EDE7C06803F022FB226CE3689D
:1060900051429B1A2268E36093423EBF63685B18DB
:1060A000E360022D01D116B1013E0025D9E7354646
:1060B000D7E7034610B41A6C084662B1DC68596829
:1060C00014448C4228BF1968DC6028BFD960D968A5
:1060D00010BC03F0FDBA10BC704770B5044601F067
:1060E00061F994F8455004F124066DB2002D14DCDA
:1060F000FF2384F8453001F075F901F053F994F865
:10610000445004F110066DB2002D12DCFF2384F818
:106110004430BDE8704001F065B9636A002BE7D0F8
:10612000304600F03DFE08B100F0C2FE013D6DB208
:10613000DCE72369002BE9D0304600F031FE08B1DE
:1061400000F0B6FE013D6DB2DEE738B50D460446FF
:1061500040B94FF0500383F31188BFF36F8FBFF343
:106160004F8FFEE701F01EF9D4E90F312268A260DB
:106170004B43D0185B1A13446060E3600020FF2398
:10618000A06384F8443084F84530A5B9236973B11D
:1061900004F1100000F004FE48B14FF0E0234FF08E
:1061A0008052C3F8042DBFF34F8FBFF36F8F01F000
:1061B00019F9012038BD04F11000FFF7F9FE04F1D0
:1061C0002400FFF7F5FEF2E7F8B50D461746064640
:1061D00040B94FF0500383F31188BFF36F8FBFF3C3
:1061E0004F8FFEE74843503001F0F4F9044658B1B0
:1061F00065B100F15003C4E90F6523600121204619
:10620000FFF7A3FF84F84C702046F8BD0346F2E781
:106210002DE9F04385B0884601921F46044640B9F7
:106220004FF0500383F31188BFF36F8FBFF34F8F8D
:10623000FEE751B9036C43B14FF0500383F311886B
:10624000BFF36F8FBFF34F8FFEE7022F0BD1E36BCE
:10625000012B08D04FF0500383F31188BFF36F8FE9
:10626000BFF34F8FFEE700F029FE064650B9019BB1
:106270004BB14FF0500383F31188BFF36F8FBFF31F
:106280004F8FFEE700264FF0000937E0019D1DB952
:1062900001F0A8F8002052E016B902A800F0C0FDF5
:1062A00001F0A0F800F08AFB01F07CF894F844308B
:1062B000FF2B08BF84F8449094F84530FF2B08BFAB
:1062C00084F8459001F08EF801A902A800F0B4FD11
:1062D00000284AD101F066F8A26BE36B9A4231D1F3
:1062E00001F080F8019904F1100000F021FD204632
:1062F000FFF7F3FE00F002FC60B3012601F052F854
:10630000A26BE36B9A4201D3022FBFD13A464146BA
:106310002046FFF799FE636A1BB104F1240000F0E8
:106320003FFD48B14FF0E0234FF08052C3F8042DF9
:10633000BFF34F8FBFF36F8F01F054F8012005B00A
:10634000BDE8F08301F04EF82046FFF7C6FE00F0EE
:10635000D5FBD2E74FF0E0234FF08052C3F8042D75
:10636000BFF34F8FBFF36F8FC7E72046FFF7B5FE30
:1063700000F0C4FB8EE72DE9F843894690461F469E
:10638000044640B94FF0500383F31188BFF36F8F79
:10639000BFF34F8FFEE751B9036C43B14FF0500389
:1063A00083F31188BFF36F8FBFF34F8FFEE7022F88
:1063B0000BD1E36B012B08D04FF0500383F311880E
:1063C000BFF36F8FBFF34F8FFEE701F0B1F8EFF32C
:1063D00011864FF0500383F31188BFF36F8FBFF323
:1063E0004F8FA26BE36B9A4201D3022F22D194F814
:1063F00045503A466DB249462046FFF725FE6B1CD4
:1064000013D1636A0BB901200BE004F1240000F002
:10641000C7FC0028F7D0B8F1000FF4D00120C8F86D
:10642000000086F31188BDE8F88301356DB284F869
:106430004550E8E70020F4E72DE9FF410F460192BF
:10644000044640B94FF0500383F31188BFF36F8FB8
:10645000BFF34F8FFEE751B9036C43B14FF05003C8
:1064600083F31188BFF36F8FBFF34F8FFEE700F008
:1064700025FD064650B9019B4BB14FF0500383F305
:106480001188BFF36F8FBFF34F8FFEE700264FF0E9
:1064900000083DE0019D1DB900F0A4FF002056E07A
:1064A00016B902A800F0BCFC00F09CFF00F086FAD0
:1064B00000F078FF94F84430FF2B08BF84F8448044
:1064C00094F84530FF2B08BF84F8458000F08AFF20
:1064D00001A902A800F0B0FC002841D12046FFF736
:1064E000A8FDB8B3019904F1240000F021FC204676
:1064F000FFF7F3FD00F002FB48B94FF0E0234FF047
:106500008052C3F8042DBFF34F8FBFF36F8F012666
:1065100000F048FFA56B002DBCD039462046013D58
:10652000FFF7C7FDA563236973B104F1100000F004
:1065300037FC48B14FF0E0234FF08052C3F8042DF0
:10654000BFF34F8FBFF36F8F00F04CFF012004B0FB
:10655000BDE8F0812046FFF7C0FD00F0CFFAD6E796
:106560002046FFF7BAFD00F0C9FA2046FFF761FDAB
:106570000028CCD092E7000010B5074A002352F85B
:1065800033402CB942F8331002EBC303586010BDFE
:106590000133082BF3D1FAE7E021002070B504465F
:1065A0000D46164600F0FEFE94F84430FF2B04BF63
:1065B000002384F8443094F84530FF2B04BF0023B7
:1065C00084F8453000F00EFFA36B2BB93246294604
:1065D00004F1240000F0C6FB2046BDE87040FFF740
:1065E0007CBD0000F8B5154B154D1C6806462868A3
:1065F00004300F46FFF70DFD731C07D137B1296832
:106600001048BDE8F8400431FFF7E0BC2B68A4193E
:106610005C6007D30C4B18682968BDE8F84004316A
:10662000FFF7E0BC094B186829680431FFF7DAFC72
:10663000074B1A68A24288BF1C60F8BD18270020CB
:1066400020220020F02600202822002024220020E2
:10665000D0260020064A13681968064B19B94FF076
:10666000FF321A6070471268D268D2685268F8E741
:1066700024220020D026002080B5154C154F164E40
:10668000236873B9154B1B68012BF8D94FF0E02331
:106690004FF08052C3F8042DBFF34F8FBFF36F8FBD
:1066A000EDE700F07FFEFB68DD68281DFFF7B1FC19
:1066B0003368013B33602368013B236000F092FEA6
:1066C000286B01F019F8284601F016F8D8E700BF4A
:1066D00090260020042700208C2600202C22002059
:1066E0002DE9F84F9500074628460E46984600F0DB
:1066F00071FF8246002800F09D805C2000F06AFF58
:106700000446002800F09380C0F830A02A46A52156
:10671000504603F005F8D4F830B0731E04F134028B
:106720000F3613F8011F02F8011B09B1B342F8D16B
:106730000A9E372E28BF37264FF0000904F1040ABD
:10674000C4E91369E662504684F84390043DFFF7BC
:106750003AFCC6F1380604F118005D44FFF733FC3B
:10676000C4F854902461A661646284F8589042464B
:10677000394625F0070000F0EDFD0B9B206003B1CA
:106780001C6000F00FFE334B334E1A68334F01325A
:106790001A603568002D51D134601B68012B1FD160
:1067A000B84640460135FFF703FC382D08F11408C0
:1067B000F7D1DFF8AC802B4D4046FFF7F9FB2846B8
:1067C000FFF7F6FB2848FFF7F3FB2848FFF7F0FB3D
:1067D0002748FFF7EDFB274BC3F80080264B1D60D1
:1067E000264A136801331360254A63641168E36A1B
:1067F00014208B4200FB0370514688BF1360FFF7E3
:10680000E5FB00F0EFFD1F4B1B6873B13368DA6ADC
:10681000E36A9A4209D24FF0E0234FF08052C3F866
:10682000042DBFF34F8FBFF36F8F012004E050465C
:1068300000F062FF4FF0FF30BDE8F88F114B1B688E
:10684000002BCDD13368DA6AE36A9A4298BF34608C
:10685000C6E700BF8C260020202200202C2200202A
:10686000A4260020B8260020D826002004270020D7
:10687000F026002024220020282200209C26002030
:10688000A0260020EC26002070B50446244D00F020
:1068900089FD04B92C68261D3046FFF7BAFBA36AB0
:1068A0001BB104F11800FFF7B4FB1E4A1368013353
:1068B00013602B68A3421BD11B483146FFF786FBB0
:1068C0001A4A13680133136000F08CFD184B1B68E3
:1068D0002BB32B68A34222D1164B1B68ABB14FF0F0
:1068E000500383F31188BFF36F8FBFF34F8FFEE721
:1068F000114A206B1368013B136000F0FDFE204637
:1069000000F0FAFEFFF7A6FEDEE74FF0E0234FF0BF
:106910008052C3F8042DBFF34F8FBFF36F8F70BD4C
:10692000202200209C260020042700209026002002
:10693000EC260020982600208C26002013B5194B49
:106940000193002418491948009423468022FFF738
:10695000C7FE012818D100F04DFB012814D14FF0DB
:10696000500383F31188BFF36F8FBFF34F8F104B2A
:106970004FF0FF321A600F4B18600F4B1C6002B0D3
:10698000BDE8104000F078BD013008D14FF0500351
:1069900083F31188BFF36F8FBFF34F8FFEE702B011
:1069A00010BD00BFCC2600209C9C00087966000822
:1069B000D0260020EC26002018270020024A136869
:1069C00001331360704700BF98260020014B186800
:1069D000704700BF182700202DE9F84F3C4B1B687B
:1069E000002B6ED13B4B1D6801351D60BDB93A4B84
:1069F0001A68126842B14FF0500383F31188BFF355
:106A00006F8FBFF34F8FFEE7344A19681068186024
:106A10001160334A136801331360FFF71BFE314ED8
:106A2000314F3368AB424FF0000410D92F4B1B6835
:106A3000DB6A14225343FB58022B28BF01242C4B42
:106A40001B68002B0CBF20460120BDE8F88FDFF843
:106A50008890DFF8A0A0D9F800301B681BB94FF070
:106A6000FF333360E2E7D9F80030DB68D3F80CB0CD
:106A7000DBF80420954201D23260D7E70BF104081D
:106A80004046FFF7C6FADBF828201AB10BF11800D0
:106A9000FFF7BFFADBF82C00DAF80020142390424D
:106AA00088BFCAF80000414603FB0070FFF78EFA6A
:106AB0000E4BDBF82C201968CB6A9A4228BF0124C0
:106AC000C9E70D4A1368013313600024B7E700BF1C
:106AD00098260020182700202422002028220020A9
:106AE000D4260020D02600202C22002020220020A6
:106AF0001C270020A0260020942600202DE9F0412C
:106B0000304C236843B94FF0500383F31188BFF32F
:106B10006F8FBFF34F8FFEE700F044FC2368013B0B
:106B2000236024682CB1002400F05CFC2046BDE802
:106B3000F081254B1B68002BF5D0244D244EDFF847
:106B400094801DE0EB68DC68271D04F11800FFF756
:106B500060FA3846FFF75DFAE36A32681420934220
:106B600000FB0380394688BF3360FFF72FFA1A4BCA
:106B7000E26A1B68DB6A9A4202D3184B01221A6050
:106B80002B68002BDED10CB1FFF764FD144D2C688F
:106B900044B1124E0127FFF71FFF00B13760013CDF
:106BA000F9D12C600D4B1B68002BBCD04FF0E023BB
:106BB0004FF08052C3F8042DBFF34F8FBFF36F8F98
:106BC0000124B1E7982600208C260020D82600203A
:106BD000A02600202C220020202200201C2700209C
:106BE0009426002010B540B94FF0500383F311886C
:106BF000BFF36F8FBFF34F8FFEE741B94FF05003E4
:106C000083F31188BFF36F8FBFF34F8FFEE7174BEE
:106C10001B6843B14FF0500383F31188BFF36F8FAC
:106C2000BFF34F8FFEE7FFF7C9FE114B04681A68E8
:106C300063182CBF01210021944203600ED971B961
:106C4000FFF75CFF48B94FF0E0234FF08052C3F8E4
:106C5000042DBFF34F8FBFF36F8F10BD09B99A4258
:106C6000EED20021981AFFF7BDFCE9E79826002034
:106C70001827002008B550B94FF0E0234FF080529C
:106C8000C3F8042DBFF34F8FBFF36F8F08BD0A4BBE
:106C9000196841B14FF0500383F31188BFF36F8F30
:106CA000BFF34F8FFEE7FFF789FEFFF79BFCFFF76F
:106CB00025FF0028E0D0E9E798260020174B1A6846
:106CC000174B70B512B101221A6070BD154D1A60D4
:106CD0002A681549142606FB02F3C818CC588CB153
:106CE00044680833646844600B449C4204BF636892
:106CF0004360142303FB02114B68D9680B4B1960E6
:106D00002A60E2E742B94FF0500383F31188BFF3E2
:106D10006F8FBFF34F8FFEE7013ADCE79826002024
:106D20001C270020A02600202C220020202200204A
:106D300010B50C4640B94FF0500383F31188BFF3F0
:106D40006F8FBFF34F8FFEE7054B19681831FFF7C0
:106D500049F920460121BDE81040FFF743BC00BFC0
:106D60002022002038B50D46144640B94FF050039C
:106D700083F31188BFF36F8FBFF34F8FFEE7074B8D
:106D800019681831FFF722F9002C21460CBF28465C
:106D90004FF0FF30BDE83840FFF724BC2022002030
:106DA00038B5C368DC6844B94FF0500383F31188E9
:106DB000BFF36F8FBFF34F8FFEE704F1180528462E
:106DC000FFF727F9104B1B68DBB9251D2846FFF795
:106DD00020F90E4AE36A11688B4288BF13600C4A9F
:106DE0001420294600FB0320FFF7F0F8094BE26A64
:106DF0001B68DB6A9A4283BF074B012018600020A2
:106E000038BD06482946EFE798260020A026002036
:106E10002C220020202200201C270020D826002021
:106E2000034B1B680360034B1B684360704700BF44
:106E3000D42600201827002070B50C46054640B91E
:106E40004FF0500383F31188BFF36F8FBFF34F8F61
:106E5000FEE741B94FF0500383F31188BFF36F8F02
:106E6000BFF34F8FFEE700F09DFA0F4B19682368C0
:106E70005A1C10D00D482E6800686A68864201D0FE
:106E80008A420FD9881A83420AD95B1A13442360B5
:106E90002846FFF7C5FF002400F0A4FA204670BD85
:106EA000002323600124F7E718270020D4260020C0
:106EB000014B01221A6070471C270020054B1B68FC
:106EC00033B1054B1B68002B0CBF0220002070471C
:106ED00001207047EC2600209826002038B508B91C
:106EE000002038BD1B4B1C68844208D04FF0500373
:106EF00083F31188BFF36F8FBFF34F8FFEE7236DCE
:106F000043B94FF0500383F31188BFF36F8FBFF382
:106F10004F8FFEE7E16AE26C013B91422365DFD0CF
:106F2000002BDDD1251D2846FFF773F8E36CE362E3
:106F3000C3F13802A261084A11688B4288BF13600E
:106F4000064A142000FB03202946FFF73FF80120E2
:106F5000C7E700BF20220020A02600202C2200200E
:106F6000F8B50F4C00F01EFA2568ADB90D4F0E4E66
:106F70003846FFF71DF83046FFF71AF80B4B1F6035
:106F80000B4B2A4610210A201E60FFF71DF92060D6
:106F900010B10849FFF7F0FABDE8F84000F022BA56
:106FA00054270020282700203C27002020270020ED
:106FB00024270020A19C0008914208B5416000618F
:106FC0000AD8D21A83699A420DD2084B011D18685B
:106FD000FFF708F8002008BD9A4201D2994202D278
:106FE000034B011DF3E70120F5E700BF2427002034
:106FF0002027002007B5FFF7B3FF0E4B1B6843B9EE
:107000004FF0500383F31188BFF36F8FBFF34F8F9F
:10701000FEE7094B01930223009308490848002327
:107020004FF48072FFF75CFB0028E9D003B05DF8F5
:1070300004FB00BF5427002058270020A69C00080E
:10704000457100087FB5164604461A4640B94FF010
:10705000500383F31188BFF36F8FBFF34F8FFEE7A9
:107060000D4D286880B10529CDE9001602940DDC8C
:10707000FFF724FF0023022808BF089A286818BFDA
:107080001A466946FFF7C4F804B070BD002369468C
:10709000FFF771F9F8E700BF542700202DE9F74FFB
:1070A000DFF894800646FFF791FCD8F80030834261
:1070B00005463ED9214F4FF000093B681A685AB97E
:1070C0001F4A116839601360012328463360C8F8ED
:1070D000005003B0BDE8F08FDB68DC68D3F800A097
:1070E00004F1040B5846FEF794FF636A2046984764
:1070F000E369012BE1D1A36953449A4506D238686C
:10710000636024615946FEF76DFFD6E70023CDF892
:107110000090524619462046FFF794FF0028CCD134
:107120004FF0500383F31188BFF36F8FBFF34F8F7E
:10713000FEE70023C9E700BF5027002020270020DA
:10714000242700202DE9F043674E684F89B033684B
:107150001D68002D33D0DB68D3F80080FFF72EFCCC
:1071600004A8FFF79BFF049C8146002C75D1002DDD
:1071700058D040455CD3FFF7C1FC3368DB68DD685D
:10718000281DFEF746FFEB69012B1AD1A96943467A
:107190004A4641442846FFF70FFF90B1009423462A
:1071A000424621462846FFF74DFF50B94FF05003A5
:1071B00083F31188BFF36F8FBFF34F8FFEE7A846AD
:1071C000CCE76B6A284698473868002204A9FFF785
:1071D00033F90028BBD0049B0698002B40DB069CAB
:1071E0006369002B43D103A8FFF758FF049B0246B5
:1071F000092BE9D801A151F823F000BF77720008EC
:107200007772000877720008C9710008BB72000825
:10721000DF7200087772000877720008C9710008F1
:10722000BB720008324B1B681C68B4FA84F4640912
:1072300038682246A8EB0901FFF7B0F9FFF75EFCBA
:107240000028C1D14FF0E0234FF08052C3F8042D45
:10725000BFF34F8FBFF36F8FB6E7FFF74FFCB3E776
:10726000059B07999847049B002BADDBB7E7201DD2
:10727000FEF7CFFEB7E7A169059B20461944FFF74B
:107280009BFE0028A0D0636A20469847E369012B43
:107290009AD1A269059900230A4400931946204611
:1072A000FFF7D0FE00288FD14FF0500383F31188F1
:1072B000BFF36F8FBFF34F8FFEE70599A16141B90F
:1072C0004FF0500383F31188BFF36F8FBFF34F8FDD
:1072D000FEE7034601442046FFF76EFE74E72046B2
:1072E00000F00AFA70E700BF202700205427002092
:1072F0002427002006480068006880F3088862B6EA
:1073000061B6BFF34F8FBFF36F8F00DF00BF000088
:1073100008ED00E082B0002301930D4B1B680133A0
:1073200008D04FF0500383F31188BFF36F8FBFF382
:107330004F8FFEE74FF0500383F31188BFF36F8F39
:10734000BFF34F8F019B002BFCD002B0704700BFF2
:10735000100000204FF0807340F8043C21F0010140
:10736000044B40F8081C40F80C3C40F8202C4038F6
:10737000704700BF15730008000000000000000007
:10738000074B19680868B0E8F00F80F30988BFF36D
:107390006F8F4FF0000080F311884EF00D0E704794
:1073A000202200204FF0500383F31188BFF36F8F2A
:1073B000BFF34F8F0A4A13680133012B13600ED1BC
:1073C0004FF0E023D3F8043DDBB243B14FF050035C
:1073D00083F31188BFF36F8FBFF34F8FFEE77047C2
:1073E00010000020084A136843B94FF0500383F39C
:1073F0001188BFF36F8FBFF34F8FFEE7013B136020
:107400000BB983F3118870471000002000000000C2
:10741000EFF30980BFF36F8F0D4B1A6820E9F00F6F
:1074200010602DE908404FF0500080F31188FFF7FD
:1074300045FC4FF0000080F31188BDE80840196852
:107440000868B0E8F00F80F30988BFF36F8F7047CA
:10745000202200204FF0E022002313619361054BAE
:107460004FF47A711B68B3FBF1F3013B53610723BF
:10747000136170470C00002013B5294B1A78D2B263
:107480000192FF221A701B78264ADBB28DF8033076
:107490009DF8033003F050031370234A0723136051
:1074A00000219DF80300000603F1FF340CD411B154
:1074B000032B136011D04FF0500383F31188BFF3F7
:1074C0006F8FBFF34F8FFEE79DF803305B00DBB299
:1074D0008DF8033001212346E3E74FF44073136036
:1074E000019B0F4ADBB213704FF0E0230024D3F866
:1074F000202D42F47002C3F8202DD3F8202D42F045
:107500007042C3F8202DFFF7A5FF084B1C60FFF762
:10751000F1FEFFF7D3FBFFF7FDFE204602B010BDE2
:1075200000E400E05C27002060270020100000201D
:10753000EFF305830F2B0ED9114A9B5C114A127889
:107540009A4208D94FF0500383F31188BFF36F8F2D
:10755000BFF34F8FFEE74FF0E0230B4AD3F80C3D0B
:10756000126803F4E063934208D94FF0500383F3A9
:107570001188BFF36F8FBFF34F8FFEE7704700BFD7
:10758000F0E300E05C2700206027002010B50F4BDF
:107590001A461B688342FBD354681119884201BF05
:1075A0004168104609195160446801198B4207D19E
:1075B000074909688B421FBF59681B680919416058
:1075C0009042036018BF106010BD00BF74630020BC
:1075D000642700202DE9F0410446FFF7EFF9404809
:1075E000404D03680BBB40494E071FBFCB1D23F026
:1075F000070301F57052D21A14BF19464FF47052A6
:107600000A443A4E083A22F00702002373603160C0
:10761000C2E90033531AC1E900230260344A1360FF
:10762000344A13604FF000432B602F68274251D13A
:10763000002C42D004F1080361071CBF23F00703AC
:107640000833002B46D02B4C26689E4242D3274A53
:1076500015686968994204D2D5F800C0BCF1000FE2
:1076600015D10068A84235D0C91A2868D2F8008020
:107670001060102912D9E81842070BD04FF05003C0
:1076800083F31188BFF36F8FBFF34F8FFEE72A4656
:107690006546DEE741606B60FFF778FF14496B6871
:1076A0000868F61A1F4386424FF00003266038BF71
:1076B0000E6008F108046F602B60FFF71FFA630784
:1076C0000AD04FF0500383F31188BFF36F8FBFF3DD
:1076D0004F8FFEE70024F0E72046BDE8F08100BFB1
:1076E000642700206863002068270020746300205E
:1076F000706300206C63002010B5044670B3184A14
:1077000050F8043C1268134208D14FF0500383F341
:107710001188BFF36F8FBFF34F8FFEE750F8081C3F
:1077200041B14FF0500383F31188BFF36F8FBFF364
:107730004F8FFEE723EA020340F8043CFFF73EF9CF
:10774000084A54F8043C1168A4F108000B44136083
:10775000FFF71CFFBDE81040FFF7D0B910BD00BF18
:10776000686300206C630020DFF834D0002103E060
:107770000C4B5B58435004310B480C4B42189A4257
:10778000F6D30B4A02E0002342F8043B094B9A422D
:10779000F9D3FBF7F5FA01F067FFFBF7CDF9704776
:1077A000000002208CA000080000002078000020CB
:1077B0007800002094630020FEE701F081BF0128DB
:1077C00038BF012010B50446204601F071FF30B9E2
:1077D00000F00CF808B901F03FFF8047F4E710BD56
:1077E00008B501F039FF08B501F036FF024B186803
:1077F000BFF35B8F704700BF7C630020174A20F007
:10780000004393421ADD00B5B3F1FF4F83B005DBAF
:10781000014601F00BFC03B05DF804FB694600F083
:1078200099F800F00302012A0199009809D0022A70
:107830000FD05AB1012200F037FEECE7002100F032
:10784000FDB900F031FE00F10040E4E700F0F6F988
:10785000E1E700F0F3F900F10040DCE7D80F493F21
:1078600038B505460C4600F023F808B9204638BD67
:10787000204600F01DF828B12146284601F09CFE64
:107880000028F3D0284638BD38B505460C4600F030
:107890000FF808B9204638BD204600F009F828B195
:1078A0002146284601F06AFE0028F3D0284638BD5C
:1078B00030F000400ED0A0F50003B3F1FE4F0DD321
:1078C000074B421E9A4207D9A0F1FF40B0FA80F060
:1078D000400970470220704703207047042070471A
:1078E000FEFF7F001A4A20F0004393421BDD00B5E3
:1078F000B3F1FF4F83B005DB014601F097FB03B006
:107900005DF804FB694600F025F800F0030001284B
:1079100001990CD0022813D068B1009800F08EF9BC
:1079200000F10040EBE70021002200F0BDBD00980F
:1079300000F084F9E3E70098012200F0B5FDDEE7EE
:107940000098012200F0B0FD00F10040D7E700BF31
:10795000D80F493F2DE9F04FAB4A20F00044944244
:1079600089B00D466CDDA94A944207461CDC00280C
:10797000A74940F31E8101F059FBA64B24F00F04E8
:107980009C4206466BD0A44901F050FB014628609A
:10799000304601F04BFBA04901F048FB012668602E
:1079A000304609B0BDE8F08F9C4A94426CDDB4F1DA
:1079B000FF4F4DDAE615863EA4EBC654204601F093
:1079C00005FE01F0E9FB01462046059101F02EFB82
:1079D0004FF0874101F034FC804601F0F7FD01F0E3
:1079E000DBFB044621464046069401F01FFB4FF0A6
:1079F000874101F025FC0021079001F0B5FD00282A
:107A000000F0B8800021204601F0AEFD002814BF30
:107A100001230223824A0192022200922946324621
:107A200005A800F0D1F9002F0646B9DAD5E9002300
:107A300002F1004203F100432A606B604642AFE767
:107A400000262860002230464A6009B0BDE8F08F69
:107A5000014601F0EBFA002668602860A0E7714952
:107A600001F0E4FA7049044601F0E0FA01462860AA
:107A7000204601F0DBFA6C4901F0D8FA0126686073
:107A8000304609B0BDE8F08F00F084FD67498046BC
:107A900001F0D6FB4FF07C5101F0CAFA01F096FDDF
:107AA000064601F079FB5A49834601F0C9FB0146BD
:107AB000404601F0BBFA58498246584601F0C0FBE7
:107AC0001F2E81460146504620DC721E584B53F84B
:107AD000223024F0FF029A4218D001F0A7FA804623
:107AE000C5F800804146504601F0A0FA494601F031
:107AF0009DFA002F6860BFF653AF08F1004800F10F
:107B00000040C5F800806860764249E701F08EFACF
:107B1000C0F3C753C3EBD453082B80464FEAE4525B
:107B2000DEDD40490392584601F08AFB804601465B
:107B3000504601F07BFA04462146504601F076FAA1
:107B4000414601F073FA38498046584601F078FB07
:107B5000414601F06BFA01468146204601F066FA83
:107B6000039AC0F3C753D21A192A804604DC28604E
:107B7000A246B7E703234DE72E49584601F060FBC4
:107B800001468046204601F051FA82465146204681
:107B900001F04CFA414601F049FA2749044658469B
:107BA00001F04EFB214601F041FA81460146504664
:107BB00093E701F03DFA174B24F00F049C42064670
:107BC0000ED0154901F034FA01462860304601F024
:107BD0002DFA114901F02CFA4FF0FF366860DFE60C
:107BE000104901F025FA1049044601F021FA014636
:107BF0002860204601F01AFA0B4901F019FA4FF0FB
:107C0000FF366860CCE600BFD80F493FE3CB164093
:107C1000800FC93FD00FC93F43443537800F4943D8
:107C2000309D00080044353708A3852E84F9223F93
:107C3000B09C000800A3852E32318D242DE9F84335
:107C400020F00045B5F1485F064688464ADA01F063
:107C5000BDFC002800F09F803146304601F0F0FA6C
:107C60004F49044601F0ECFA4E4901F0E1F9214692
:107C700001F0E6FA4C4901F0D9F9214601F0E0FAA9
:107C80004A4901F0D5F9214601F0DAFA484901F0F4
:107C9000CDF9214601F0D4FA464901F0C9F921464F
:107CA00001F0CEFA07464FF07C51204601F0C8FAA9
:107CB0003946034620461C4601F0C2FA41460546B5
:107CC000304601F0BDFA0146284601F0AFF9014601
:107CD000204601F0ABF901464FF07E5001F0A6F9C5
:107CE000BDE8F883014601F0ABFA2D49044601F0E6
:107CF000A7FA2C4901F09CF9214601F0A1FA2A4982
:107D000001F094F9214601F09BFA284901F090F91D
:107D1000214601F095FA264901F088F9214601F043
:107D20008FFA244901F084F9214601F089FA224BA7
:107D30009D420746B7DD214B9D4228DC05F17F457A
:107D40004FF07E50294601F071F981464FF07C5189
:107D5000204601F075FA294601F068F939460346D4
:107D600020461C4601F06CFA41460546304601F0BB
:107D700067FA0146284601F059F90146204601F00C
:107D800055F90146484601F051F9BDE8F883DFF89E
:107D900030900C4DDAE74FF07E50BDE8F88300BF1D
:107DA0004ED747ADF6740F317CF29334010DD037C6
:107DB000610BB63AABAA2A3D9999993E0000483F1B
:107DC0000000383F0000903E2DE9F04FDDB01C462A
:107DD00006930991A64B66990B9253F821300393B1
:107DE000111D04F1FF3305460193C0F2EE82D31E4C
:107DF00048BF131DDB1005930133DB000A93DDE957
:107E00000A239B1A0493059A019BD61A039A12EB34
:107E1000030818D408F10108DDF89C91B04400244F
:107E200020AF08E059F8260001F0B6F901364645C2
:107E300047F8040B07D0002EF4DA013620464645F9
:107E400047F8040BF7D1039B002BC0F21283069B6B
:107E5000019E20AA02EB83079A000092039A291F31
:107E600002910DF5907802EB030901EB8305019B6C
:107E7000002BB8BF002410DBDDF808A0BB460024AF
:107E80005BF8041D5AF8040F01F0DAF901462046A8
:107E900001F0CEF8AA450446F2D101364E4548F825
:107EA000044B07F10407E2D1029B009DDDF80C9022
:107EB0001D440BAB03EB890308930CAB03EB890365
:107EC000083B07935CAB03EB8903B9F1000F53F850
:107ED00050AC4FEA890821DD48AF07EB89040CAEAE
:107EE0004FF06E51504601F0ABF901F06FFB01F01D
:107EF00053F94FF08741834601F0A2F901465046FD
:107F000001F094F801F062FB54F8041D46F8040BEC
:107F1000584601F08DF8BC428246E1D1049E50469D
:107F2000314600F07BFB4FF07851044601F088F9B0
:107F300000F034FB4FF0824101F082F90146204607
:107F400001F074F8044601F041FB824601F024F987
:107F50000146204601F06AF8002E044640F38A806C
:107F600009F1FF300CAAC6F1080352F8202042FAAA
:107F700003F101FA03F3D31AC6F107060CAA43FA78
:107F800006F6002E42F820308A447DDC002120468F
:107F900001F0EAFA002800F0CE80039B09F1FF34DB
:107FA000A34210DC09F180430CAA013B089802EBC4
:107FB0008303002253F80419834242EA0102F9D1F3
:107FC000002A40F01081039B0CAA013B52F8233099
:107FD000002B40F00281079B012753F80429013749
:107FE000002AFAD009EB070309F1010A0093D046F1
:107FF000069B679A03EB0906059B534403F18043F4
:10800000013B02EB830920AB03EB860648AB03EB95
:108010008A0A59F8040F01F0BFF8019B3060002B69
:10802000344606F104061ADBDDF808B0043C0027EC
:1080300001E054F804095BF8041F01F001F901465E
:10804000384600F0F5FFAB450746F2D1009B4AF8F1
:10805000047B08F101089845DBDD994632E7009B77
:1080600008F10108002798454AF8047BD1DDF4E7C0
:1080700074A0000840F0998009F1FF330CAA52F86F
:108080002360F611002E81DDB9F1000F0AF1010A1B
:1080900040F3A0810C9F002F7FD1B9F1010F1BD0BD
:1080A0000CAB012253F8047F002F79D0531C0CA98C
:1080B000C7F58077994541F822700CDD51F82320EF
:1080C000884401EB830300E01A68C2F1FF0243F821
:1080D000042B4345F8D10127049B002B0EDD012B17
:1080E00000F06881022B09D109F1FF320CAB0CA919
:1080F00053F8223003F03F0341F82230022E7FF480
:1081000045AF21464FF07E5000F090FF0446002F0F
:108110003FF43CAF04994FF07E5000F07FFA0146E7
:10812000204600F083FF04460021204601F01CFA9F
:1081300000287FF432AFDDE90A322046991A009612
:1081400000F06CFA4FF08741044601F02BFA00284A
:1081500000F06B81049B4FF06E510833204604936E
:1081600001F06EF801F032FA01F016F84FF0874195
:10817000054601F065F80146204600F057FF01F082
:1081800025FA0CAB09F1010443F82900284601F057
:108190001DFA0CAB43F824003BE00123002286E7E4
:1081A00001324A457FF47EAF96E74FF07C5101F0F3
:1081B000F9F9064600283FF4E9AEB9F1000F0AF1DB
:1081C000010AC8BF02263FF765AF21464FF07E5037
:1081D00000F02CFF02260446D8E609F1010AD04639
:1081E000CDF800A004E7049B0096A3F108020CABB5
:1081F000049253F8243063B909F18043023B0CA97F
:1082000001EB830353F80419013C083A0029F9D023
:10821000049204994FF07E5000F000FA002C0746BB
:10822000C0F22D81A30048AA02EB03080193043396
:10823000029330334FF06E560DEB030908F104053D
:1082400059F8040D00F0A8FF394600F0F9FF314657
:1082500045F8040D384600F0F3FF0CAB994507468E
:10826000EED1DDF80C90CDF810A0A8F1040800279D
:10827000A346B9F1000FB8BF002515DB884C89482B
:10828000C2460025002603E0B7420DDB54F8040F78
:108290005AF8041F00F0D4FF0146284600F0C8FE3B
:1082A0000136B1450546EFDA5CAB03EB8703BB450E
:1082B00043F8A05CA8F1040807F1010301D01F46B0
:1082C000D7E7669ADDF810A0022A5C4618DC002A7F
:1082D00000F382800FD1029C34AD2C44002054F86E
:1082E000041D00F0A5FEA542F9D1009B0BB100F1E1
:1082F0000040099B18600AF007005DB0BDE8F08FF0
:10830000669B032BF7D1002C00F0C680019A02F582
:10831000B8736B4434AE53F8A05CB71857F8049C9C
:108320002846494600F084FEA846054629464846A8
:1083300000F07CFE414600F07BFE386047F8045DAB
:10834000BE42EBD1012C40F3A780019A02F5B8732D
:108350006B44B71853F8A04C3D460DF1D40855F8BE
:1083600004BC2046594600F063FEA146044621465F
:10837000584600F05BFE494600F05AFE286045F87A
:10838000044DA845EBD104370836002057F8041DEA
:1083900000F04EFEBE42F9D1009B002B4DD1099951
:1083A000349A359B88600AF007000A604B605DB024
:1083B000BDE8F08F09F1FF320CAB0CA953F8223065
:1083C00003F07F0341F8223098E608230A93002344
:1083D000059314E500277FE634AE06EB8305002005
:1083E00055F8041D00F024FEAE42F9D1009B002B8D
:1083F00034D1099B01461860349800F017FE002C18
:108400000CDD34AE012556F8041F013500F010FED6
:10841000AC42F8DA009B0BB100F10040099B5860B8
:108420000AF007005DB0BDE8F08F204601F0CEF8FD
:108430000CAB4C4643F82900EBE6DDE934230999FF
:1084400000F1004002F1004203F1004388600AF0AD
:1084500007000A604B605DB0BDE8F08F099A00F13B
:10846000004301461360349800F0E0FD002CC8DCA6
:10847000D2E72B1F0293069B9B00009314E5669B9B
:10848000022B05DC002B09DC7FF435AF00202CE744
:10849000669B032B7FF42FAF00207DE70020A5E72C
:1084A00048A000080000C93F2DE9F84320F0004330
:1084B000B3F1485F04460E46904603DA01F086F8B1
:1084C000002858D02146204600F0BAFE0546014655
:1084D000204600F0B5FE29498146284600F0B0FE4E
:1084E000274900F0A3FD294600F0AAFE254900F027
:1084F0009FFD294600F0A4FE234900F097FD294680
:1085000000F09EFE214900F093FD0746B8F1000FF0
:1085100022D04FF07C51304600F092FE3946804622
:10852000484600F08DFE0146404600F07FFD29469A
:1085300000F086FE314600F079FD154905464846B3
:1085400000F07EFE0146284600F072FD01462046FE
:1085500000F06CFDBDE8F8830146284600F070FE8F
:108560000B4900F063FD494600F06AFE214600F029
:108570005FFDBDE8F8832046BDE8F883D3C92E2F00
:10858000342FD7321BEF3836010D50398988083C1B
:10859000ABAA2A3E20F00040704700BFF8B5C0F3F8
:1085A000C7557F3D162D044620F0004724DC002DE2
:1085B000064614DB164F2F4138421BD0154900F0F8
:1085C00037FD002100F0F8FFA0B1002C04DA4FF4D1
:1085D000000343FA05F52E4426EA0700F8BD0D49CD
:1085E00000F026FD002100F0E7FF18B1002C0ADBA7
:1085F0000020F8BD2046F8BDB7F1FF4FFAD3014681
:1086000000F016FDF8BD002FF4D00348F8BD00BF00
:10861000FFFF7F00CAF24971000080BF30F0004CBC
:10862000034625D0BCF1FF4F10B51DD210F0FF4F0F
:1086300002460C461DD14FF0984100F001FE234A3E
:108640009442034632DBC0F3C75C0246ACF119002A
:1086500000EB040CBCF1FE0F12DD1D49184661F35E
:108660001E0000F0EDFD10BD014600F0E1FC10BD64
:1086700070474FEADC5000EB040CBCF1FE0FECDC61
:10868000BCF1000F0DDC1CF1160F13DA4CF2503266
:108690009442E2DC0F49184661F31E0000F0D0FD61
:1086A00010BD22F0FF4040EACC5010BD094900F057
:1086B000C7FD10BD0CF1190022F0FF424FF04C51E4
:1086C00042EAC05000F0BCFD10BD00BFB03CFFFF4F
:1086D000CAF249716042A20D81F0004102E000BF80
:1086E00083F0004330B54FEA41044FEA430594EA72
:1086F000050F08BF90EA020F1FBF54EA000C55EAAD
:10870000020C7FEA645C7FEA655C00F0E2804FEA7D
:108710005454D4EB5555B8BF6D420CDD2C4480EA5F
:10872000020281EA030382EA000083EA010180EA8F
:10873000020281EA0303362D88BF30BD11F0004FDD
:108740004FEA01314FF4801C4CEA113102D0404213
:1087500061EB410113F0004F4FEA03334CEA13334E
:1087600002D0524263EB430394EA050F00F0A78066
:10877000A4F10104D5F1200E0DDB02FA0EFC22FA61
:1087800005F2801841F1000103FA0EF2801843FA55
:1087900005F359410EE0A5F120050EF1200E012A46
:1087A00003FA0EFC28BF4CF0020C43FA05F3C01884
:1087B00051EBE37101F0004507D54FF0000EDCF1FD
:1087C000000C7EEB00006EEB0101B1F5801F1BD3A6
:1087D000B1F5001F0CD349085FEA30004FEA3C0CAA
:1087E00004F101044FEA445212F5800F80F09A80A0
:1087F000BCF1004F08BF5FEA500C50F1000041EBA4
:10880000045141EA050130BD5FEA4C0C404141EBA7
:108810000101013C28BFB1F5801FE9D291F0000FA2
:1088200004BF01460020B1FA81F308BF2033A3F151
:108830000B03B3F120020CDA0C3208DD02F1140C48
:10884000C2F10C0201FA0CF021FA02F10CE002F183
:108850001402D8BFC2F1200C01FA02F120FA0CFC7C
:10886000DCBF41EA0C019040E41AA2BF01EB0451C5
:10887000294330BD6FEA04041F3C1CDA0C340EDCC3
:1088800004F11404C4F1200220FA04F001FA02F306
:1088900040EA030021FA04F345EA030130BDC4F1C4
:1088A0000C04C4F1200220FA02F001FA04F340EAB9
:1088B0000300294630BD21FA04F0294630BD94F06A
:1088C000000F83F4801306BF81F480110134013D51
:1088D0004EE77FEA645C18BF7FEA655C29D094EAC2
:1088E000050F08BF90EA020F05D054EA000C04BF40
:1088F0001946104630BD91EA030F1EBF002100202B
:1089000030BD5FEA545C05D14000494128BF41F0C9
:10891000004130BD14F580043CBF01F5801130BD2D
:1089200001F0004545F0FE4141F470014FF00000B8
:1089300030BD7FEA645C1ABF194610467FEA655C69
:108940001CBF0B46024650EA013406BF52EA03350B
:1089500091EA030F41F4002130BD00BF90F0000FF9
:1089600004BF0021704730B54FF4806404F1320435
:108970004FF000054FF0000150E700BF90F0000FEE
:1089800004BF0021704730B54FF4806404F1320415
:1089900010F0004548BF40424FF000013EE700BFE5
:1089A00042004FEAE2014FEA31014FEA02701FBF75
:1089B00012F07F4393F07F4F81F06051704732F0A7
:1089C0007F4208BF704793F07F4F04BF41F40021FE
:1089D000704730B54FF4607401F0004521F000415C
:1089E0001CE700BF50EA010208BF704730B54FF0E6
:1089F00000050AE050EA010208BF704730B511F0E7
:108A0000004502D5404261EB41014FF4806404F11E
:108A100032045FEA915C3FF4D8AE4FF003025FEAA4
:108A2000DC0C18BF03325FEADC0C18BF033202EB28
:108A3000DC02C2F1200300FA03FC20FA02F001FA82
:108A400003FE40EA0E0021FA02F11444BDE600BF25
:108A500070B54FF0FF0C4CF4E06C1CEA11541DBFD4
:108A60001CEA135594EA0C0F95EA0C0F00F0DEF89F
:108A70002C4481EA030621EA4C5123EA4C5350EA84
:108A8000013518BF52EA033541F4801143F48013D5
:108A900038D0A0FB02CE4FF00005E1FB02E506F066
:108AA0000042E0FB03E54FF00006E1FB03569CF0BB
:108AB000000F18BF4EF0010EA4F1FF04B6F5007FC1
:108AC00064F5407404D25FEA4E0E6D4146EB060633
:108AD00042EAC62141EA55514FEAC52040EA5E50BC
:108AE0004FEACE2EB4F1FD0C88BFBCF5E06F1ED866
:108AF000BEF1004F08BF5FEA500E50F1000041EB9D
:108B0000045170BD06F0004646EA010140EA020049
:108B100081EA0301B4EB5C04C2BFD4EB0C0541EA6B
:108B2000045170BD41F480114FF0000E013C00F380
:108B3000AB8014F1360FDEBF002001F0004170BDA4
:108B4000C4F10004203C35DA0C341BDC04F11404BD
:108B5000C4F1200500FA05F320FA04F001FA05F249
:108B600040EA020001F0004221F0004110EBD37016
:108B700021FA04F642EB06015EEA430E08BF20EA42
:108B8000D37070BDC4F10C04C4F1200500FA04F3E5
:108B900020FA05F001FA04F240EA020001F0004177
:108BA00010EBD37041F100015EEA430E08BF20EAEA
:108BB000D37070BDC4F1200500FA05F24EEA020E32
:108BC00020FA04F301FA05F243EA020321FA04F061
:108BD00001F0004121FA04F220EA020000EBD37018
:108BE0005EEA430E08BF20EAD37070BD94F0000F18
:108BF0000FD101F00046400041EB010111F4801F4C
:108C000008BF013CF7D041EA060195F0000F18BFFC
:108C1000704703F00046520043EB030313F4801F38
:108C200008BF013DF7D043EA0603704794EA0C0FF2
:108C30000CEA135518BF95EA0C0F0CD050EA410608
:108C400018BF52EA4306D1D181EA030101F0004185
:108C50004FF0000070BD50EA410606BF10461946AD
:108C600052EA430619D094EA0C0F02D150EA0136B9
:108C700013D195EA0C0F05D152EA03361CBF1046FA
:108C800019460AD181EA030101F0004141F0FE4199
:108C900041F470014FF0000070BD41F0FE4141F41D
:108CA000780170BD70B54FF0FF0C4CF4E06C1CEA1D
:108CB00011541DBF1CEA135594EA0C0F95EA0C0FD2
:108CC00000F0A7F8A4EB050481EA030E52EA03358D
:108CD0004FEA013100F088804FEA03334FF08055AE
:108CE00045EA131343EA12634FEA022245EA1115DB
:108CF00045EA10654FEA00260EF000419D4208BF8C
:108D0000964244F1FD0404F5407402D25B084FEA38
:108D10003202B61A65EB03055B084FEA32024FF4E4
:108D200080104FF4002CB6EB020E75EB030E22BF41
:108D3000B61A754640EA0C005B084FEA3202B6EB01
:108D4000020E75EB030E22BFB61A754640EA5C00B0
:108D50005B084FEA3202B6EB020E75EB030E22BF40
:108D6000B61A754640EA9C005B084FEA3202B6EB41
:108D7000020E75EB030E22BFB61A754640EADC0000
:108D800055EA060E18D04FEA051545EA16754FEA62
:108D900006164FEAC30343EA52734FEAC2025FEA80
:108DA0001C1CC0D111F4801F0BD141EA00014FF00F
:108DB00000004FF0004CB6E711F4801F04BF0143E0
:108DC0000020B4F1FD0C88BFBCF5E06F3FF6AFAEFC
:108DD000B5EB030C04BFB6EB020C5FEA500C50F18C
:108DE000000041EB045170BD0EF0004E4EEA11310F
:108DF00014EB5C04C2BFD4EB0C0541EA045170BD16
:108E000041F480114FF0000E013C90E645EA060E59
:108E10008DE60CEA135594EA0C0F08BF95EA0C0F87
:108E20003FF43BAF94EA0C0F0AD150EA01347FF4CF
:108E300034AF95EA0C0F7FF425AF104619462CE7A6
:108E400095EA0C0F06D152EA03353FF4FDAE104609
:108E5000194622E750EA410618BF52EA43067FF45A
:108E6000C5AE50EA41047FF40DAF52EA43057FF4EA
:108E7000EBAE12E74FF0FF3C06E000BF4FF0010CF5
:108E800002E000BF4FF0010C4DF804CD4FEA410C59
:108E90007FEA6C5C4FEA430C18BF7FEA6C5C1BD026
:108EA00001B050EA410C0CBF52EA430C91EA030FA7
:108EB00002BF90EA020F0020704710F1000F91EA04
:108EC000030F58BF994208BF90422CBFD8176FEAD2
:108ED000E37040F0010070474FEA410C7FEA6C5CA0
:108EE00002D150EA013C07D14FEA430C7FEA6C5CA7
:108EF000D6D152EA033CD3D05DF8040B704700BFD3
:108F00008446104662468C461946634600E000BF20
:108F100001B5FFF7B7FF002848BF10F1000F01BDF2
:108F20004DF808EDFFF7F4FF0CBF012000205DF8BD
:108F300008FB00BF4DF808EDFFF7EAFF34BF012042
:108F400000205DF808FB00BF4DF808EDFFF7E0FFDB
:108F500094BF012000205DF808FB00BF4DF808ED2C
:108F6000FFF7CEFF94BF012000205DF808FB00BF93
:108F70004DF808EDFFF7C4FF34BF012000205DF875
:108F800008FB00BF4FEA4102B2F1E04324BFB3F552
:108F9000001CDCF1FE5C0DD901F0004C4FEAC00270
:108FA0004CEA5070B2F1004F40EB830008BF20F054
:108FB0000100704711F0804F21D113F13872BCBF0E
:108FC00001F00040704741F480114FEA5252C2F163
:108FD0001802C2F1200C10FA0CF320FA02F018BFAC
:108FE00040F001004FEAC1234FEAD32303FA0CFCFF
:108FF00040EA0C0023FA02F34FEA4303CCE77FEA8E
:10900000625307D150EA01331EBF4FF0FE4040F4D7
:109010004000704701F0004040F0FE4040F4000086
:10902000704700BF80F0004002E000BF81F00041C7
:1090300042001FBF5FEA410392EA030F7FEA226CFE
:109040007FEA236C6AD04FEA1262D2EB1363C1BF8E
:10905000D218414048404140B8BF5B42192B88BFFD
:10906000704710F0004F40F4000020F07F4018BF20
:10907000404211F0004F41F4000121F07F4118BF40
:10908000494292EA030F3FD0A2F1010241FA03FCE8
:1090900010EB0C00C3F1200301FA03F100F00043D0
:1090A00002D5494260EB4000B0F5000F13D3B0F198
:1090B000807F06D340084FEA310102F10102FE2A07
:1090C00051D2B1F1004F40EBC25008BF20F0010077
:1090D00040EA03007047490040EB0000013A28BF16
:1090E000B0F5000FEDD2B0FA80FCACF1080CB2EB99
:1090F0000C0200FA0CF0AABF00EBC2505242184317
:10910000BCBFD0401843704792F0000F81F40001BB
:1091100006BF80F400000132013BB5E74FEA41038E
:109120007FEA226C18BF7FEA236C21D092EA030FFA
:1091300004D092F0000F08BF0846704790EA010F74
:109140001CBF0020704712F07F4F04D1400028BFA1
:1091500040F00040704712F100723CBF00F5000083
:10916000704700F0004343F0FE4040F400007047B9
:109170007FEA226216BF08467FEA23630146420265
:1091800006BF5FEA412390EA010F40F48000704778
:109190004FF0000304E000BF10F0004348BF40421E
:1091A0005FEA000C08BF704743F0964301464FF05A
:1091B00000001CE050EA010208BF70474FF00003B6
:1091C0000AE000BF50EA010208BF704711F00043F7
:1091D00002D5404261EB41015FEA010C02BF8446C7
:1091E0000146002043F0B64308BFA3F18053A3F526
:1091F0000003BCFA8CF2083AA3EBC25310DB01FA6D
:1092000002FC634400FA02FCC2F12002BCF1004FF0
:1092100020FA02F243EB020008BF20F00100704781
:1092200002F1200201FA02FCC2F1200250EA4C00D5
:1092300021FA02F243EB020008BF20EADC7070471B
:109240004FF0FF0C1CEAD0521EBF1CEAD15392EA29
:109250000C0F93EA0C0F6FD01A4480EA010C400205
:1092600018BF5FEA41211ED04FF0006343EA50105F
:1092700043EA5111A0FB01310CF00040B1F5000FA1
:109280003EBF490041EAD3715B0040EA010062F150
:109290007F02FD2A1DD8B3F1004F40EBC25008BF3A
:1092A00020F00100704790F0000F0CF0004C08BF58
:1092B00049024CEA502040EA51207F3AC2BFD2F125
:1092C000FF0340EAC250704740F400004FF0000333
:1092D000013A5DDC12F1190FDCBF00F0004070476D
:1092E000C2F10002410021FA02F1C2F1200200FAAB
:1092F00002FC5FEA310040F1000053EA4C0308BF72
:1093000020EADC70704792F0000F00F0004C02BFC2
:10931000400010F4000F013AF9D040EA0C0093F03D
:10932000000F01F0004C02BF490011F4000F013B97
:10933000F9D041EA0C018FE70CEAD15392EA0C0F05
:1093400018BF93EA0C0F0AD030F0004C18BF31F070
:10935000004CD8D180EA010000F00040704790F046
:10936000000F17BF90F0004F084691F0000F91F0EA
:10937000004F14D092EA0C0F01D142020FD193EAB0
:109380000C0F03D14B0218BF084608D180EA010038
:1093900000F0004040F0FE4040F40000704740F014
:1093A000FE4040F4400070474FF0FF0C1CEAD052E2
:1093B0001EBF1CEAD15392EA0C0F93EA0C0F69D03E
:1093C000A2EB030280EA010C49024FEA402037D0A9
:1093D0004FF0805343EA111143EA10130CF00040A0
:1093E0008B4238BF5B0042F17D024FF4000C8B4290
:1093F00024BF5B1A40EA0C00B3EB510F24BFA3EB70
:10940000510340EA5C00B3EB910F24BFA3EB91033F
:1094100040EA9C00B3EBD10F24BFA3EBD10340EA99
:10942000DC001B0118BF5FEA1C1CE0D1FD2A3FF6DF
:1094300050AF8B4240EBC25008BF20F00100704794
:109440000CF0004C4CEA50207F32C2BFD2F1FF0337
:1094500040EAC250704740F400004FF00003013A68
:1094600037E792F0000F00F0004C02BF400010F40C
:10947000000F013AF9D040EA0C0093F0000F01F020
:10948000004C02BF490011F4000F013BF9D041EA42
:109490000C0195E70CEAD15392EA0C0F08D1420275
:1094A0007FF47DAF93EA0C0F7FF470AF084676E748
:1094B00093EA0C0F04D14B023FF44CAF08466EE721
:1094C00030F0004C18BF31F0004CCAD130F00042EF
:1094D0007FF45CAF31F000437FF43CAF5FE700BF47
:1094E0004FF0FF3C06E000BF4FF0010C02E000BF70
:1094F0004FF0010C4DF804CD4FEA40024FEA410312
:109500007FEA226C18BF7FEA236C11D001B052EAC7
:10951000530C18BF90EA010F58BFB2EB030088BF8D
:10952000C81738BF6FEAE17018BF40F001007047FC
:109530007FEA226C02D15FEA402C05D17FEA236CDE
:10954000E4D15FEA412CE1D05DF8040B704700BF25
:10955000844608466146FFE70FB5FFF7C9FF0028BC
:1095600048BF10F1000F0FBD4DF808EDFFF7F4FFF5
:109570000CBF012000205DF808FB00BF4DF808ED8E
:10958000FFF7EAFF34BF012000205DF808FB00BFB1
:109590004DF808EDFFF7E0FF94BF012000205DF8D3
:1095A00008FB00BF4DF808EDFFF7D2FF94BF012084
:1095B00000205DF808FB00BF4DF808EDFFF7C8FF7D
:1095C00034BF012000205DF808FB00BF4FEA4002D5
:1095D000B2F1FE4F0FD34FF09E03B3EB12620DD9E1
:1095E0004FEA002343F0004310F0004F23FA02F04B
:1095F00018BF404270474FF00000704712F1610FF2
:1096000001D1420205D110F0004008BF6FF00040C8
:1096100070474FF00000704742000ED2B2F1FE4F8B
:109620000BD34FF09E03B3EB126209D44FEA002331
:1096300043F0004323FA02F070474FF000007047F8
:1096400012F1610F01D1420202D14FF0FF30704799
:109650004FF00000704700BF08B5062000F07EF90B
:10966000012000F0C3F9000070B50D4D0D4C641BD6
:10967000A4100026A64209D10B4D0C4C00F0B8F9FD
:10968000641BA4100026A64205D170BD55F8043B0A
:1096900098470136EEE755F8043B98470136F2E764
:1096A00080A0000880A0000880A0000888A0000812
:1096B000024B0146186800F0A5B800BF1400002056
:1096C000024B0146186800F033B800BF14000020B8
:1096D0000A44914200F1FF3300D1704710B511F8F0
:1096E000014B03F8014F9142F9D110BD884210B5EA
:1096F00001EB020402D98442234607D8431EA1424B
:1097000008D011F8012B03F8012FF8E702440146B5
:109710008A4200D110BD13F8014D02F8014DF7E760
:1097200002440346934200D1704703F8011BF9E756
:1097300038B50546002941D051F8043C0C1F002BD8
:10974000B8BFE41800F026F91D4A136833B9636006
:1097500014602846BDE8384000F022B9A34208D979
:10976000206821188B4201BF19685B6809182160C5
:10977000EDE71A465B680BB1A342FAD9116850189D
:10978000A0420BD120680144501883421160E0D1FF
:1097900018685B68536001441160DAE702D90C2352
:1097A0002B60D6E7206821188B4204BF19685B68DC
:1097B000636004BF091821605460CAE738BD00BF68
:1097C0008063002070B50E4E0C463168054611B915
:1097D00000F08CF830602146284600F087F8431CE2
:1097E0000AD0C41C24F00304A04207D0211A284642
:1097F00000F07CF8013001D14FF0FF34204670BDFD
:10980000846300202DE9F041CD1C25F003050835C7
:109810000C2D38BF0C25002D074601DBA94205D9C8
:109820000C233B6000263046BDE8F0812E4E00F050
:10983000B1F833681C4634BB29463846FFF7C2FFEF
:10984000431C04464DD134682646002E40D123687F
:109850003146384604EB030800F048F880453AD119
:10986000216803356D1A25F0030508350C2D38BF26
:109870000C2529463846FFF7A5FF01302BD0236879
:109880002B4423600EE02268521B1ED40B2A16D9EB
:109890006119A342256018BF5960636808BF316031
:1098A00062514B60384604F10B0600F079F826F05F
:1098B0000706231DF21AB6D09B1BA350B3E76268BC
:1098C000A3420CBF32605A60ECE723466468B2E7FB
:1098D00034467668B9E70C233B60384600F060F800
:1098E000A1E72560DEE700BF8063002038B5064DA4
:1098F0000023044608462B6000F06AF8431C02D19E
:109900002B6803B1236038BD886300201F2938B558
:1099100004460D4604D9162303604FF0FF3038BDCE
:10992000426C12B152F821304BB9204600F030F8A9
:109930002A4601462046BDE8384000F017B8012B02
:109940000AD0591C03D1162303600120E7E7002445
:1099500042F82540284698470020E0E7024B0146A0
:109960001868FFF7D3BF00BF1400002038B5074DBB
:1099700000230446084611462B6000F021F8431CE2
:1099800002D12B6803B1236038BD00BF886300207B
:1099900000F00EB8014800F009B800BF8C63002049
:1099A000014800F004B800BF8C6300207047704786
:1099B000024B58221A604FF0FF3070478863002036
:1099C000024B58221A604FF0FF3070478863002026
:1099D000044A05491368002B08BF0B461844106061
:1099E000184670479063002098630020FEE700BF90
:1099F000F8B500BFF8BC08BC9E467047F8B500BF7C
:089A0000F8BC08BC9E4670474B
:109A0800FFFFFFFFFFFFFF0041542B500D0A0076B8
:109A18006563746F723A3A5F4D5F7265616C6C6F23
:109A2800635F696E736572740041726D5461736B24
:109A3800004465636F64655461736B004D6F746FA8
:109A4800725570646174655461736B0043616E5440
:109A580072616E73696D745461736B00436F6E74D9
:109A6800726F6C5461736B005875635461736B004B
:109A780073746172745F7461736B00000000891104
:109A880012239B322446AD573665BF74488CC19D5E
:109A98005AAFD3BE6CCAE5DB7EE9F7F8811008013E
:109AA80093331A22A5562C47B7753E64C99C408D3E
:109AB800DBBF52AEEDDA64CBFFF976E802218B30DA
:109AC800100299132667AF763444BD554AADC3BC1E
:109AD800588ED19F6EEBE7FA7CC8F5D983310A20FE
:109AE80091121803A7772E66B5543C45CBBD42ACFE
:109AF800D99E508FEFFB66EAFDD874C904428D5396
:109B080016619F702004A9153227BB364CCEC5DFDD
:109B18005EEDD7FC6888E1997AABF3BA85520C43BD
:109B280097711E60A1142805B3373A26CDDE44CFBD
:109B3800DFFD56ECE9986089FBBB72AA06638F7259
:109B480014409D512225AB343006B9174EEFC7FE9D
:109B58005CCCD5DD6AA9E3B8788AF19B87730E627D
:109B680095501C41A3352A24B1163807CFFF46EE7D
:109B7800DDDC54CDEBB962A8F99A708B0884819525
:109B88001AA793B62CC2A5D33EE1B7F04008C9196D
:109B9800522BDB3A644EED5F766DFF7C899400852D
:109BA8009BB712A6ADD224C3BFF136E0C11848094D
:109BB800D33B5A2AE55E6C4FF77D7E6C0AA583B4C9
:109BC800188691972EE3A7F23CC0B5D14229CB382D
:109BD800500AD91B666FEF7E744CFD5D8BB502A4ED
:109BE80099961087AFF326E2BDD034C1C3394A280D
:109BF800D11A580BE77F6E6EF55C7C4D0CC685D785
:109C08001EE597F42880A1913AA3B3B2444ACD5BEC
:109C18005669DF78600CE91D722FFB3E8DD604C7AC
:109C28009FF516E4A9902081BBB332A2C55A4C4BCC
:109C3800D7795E68E11C680DF33F7A2E0EE787F648
:109C48001CC495D52AA1A3B03882B193466BCF7AAC
:109C58005448DD59622DEB3C700EF91F8FF706E66C
:109C68009DD414C5ABB122A0B9923083C77B4E6A8C
:109C7800D5585C49E33D6A2CF11E780F0006101692
:109C8800000610160000000001020304010203048C
:109C98000607080949444C4500546D725100546D3B
:109CA8007220537663000000000FC93F000F49403F
:109CB80000CB9640000FC9400053FB4000CB164133
:109CC80000ED2F41000F49410031624100537B41B3
:109CD800003A8A4100CB9641005CA34100EDAF41B8
:109CE800007EBC41000FC94100A0D5410031E241CE
:109CF80000C2EE410053FB4100F20342003A0A421F
:109D08000083104200CB164200141D42005C23421F
:109D180000A5294200ED2F4200363642007E3C4223
:109D280000C74242000F4942A2000000F9000000AB
:109D3800830000006E0000004E0000004400000098
:109D48001500000029000000FC00000027000000AA
:109D580057000000D1000000F500000034000000AA
:109D6800DD000000C0000000DB0000006200000011
:109D780095000000990000003C000000430000002E
:109D88009000000041000000FE00000051000000AB
:109D980063000000AB000000DE000000BB00000014
:109DA800C500000061000000B700000024000000AA
:109DB8006E0000003A000000420000004D00000064
:109DC800D2000000E000000006000000490000008A
:109DD8002E000000EA00000009000000D100000089
:109DE800920000001C000000FE0000001D000000A2
:109DF800EB0000001C000000B1000000290000007A
:109E0800A70000003E000000E800000082000000FB
:109E180035000000F50000002E000000BB00000027
:109E28004400000084000000E90000009C000000DD
:109E38007000000026000000B40000005F00000071
:109E48007E00000041000000390000009100000081
:109E5800D600000039000000830000005300000015
:109E680039000000F40000009C000000840000009D
:109E78005F0000008B000000BD000000F90000003A
:109E8800280000003B0000001F000000F800000050
:109E980097000000FF000000DE0000000500000041
:109EA800980000000F000000EF0000002F000000E5
:109EB800110000008B0000005A0000000A0000009A
:109EC8006D0000001F0000006D000000360000005B
:109ED8007E000000CF00000027000000CB0000003B
:109EE80009000000B70000004F0000004600000015
:109EF8003F000000660000009E0000005F000000B8
:109F0800EA0000002D000000750000002700000096
:109F1800BA000000C7000000EB000000E5000000E8
:109F2800F10000007B0000003D0000000700000079
:109F380039000000F70000008A000000520000000D
:109F480092000000EA0000006B000000FB00000027
:109F58005F000000B10000001F0000008D0000003D
:109F68005D0000000800000056000000030000002B
:109F78003000000046000000FC0000007B000000EC
:109F88006B000000AB000000F0000000CF000000F4
:109F9800BC000000200000009A000000F40000004F
:109FA800360000001D000000A9000000E3000000CA
:109FB80091000000610000005E000000E600000063
:109FC8001B00000008000000650000009900000068
:109FD800850000005F00000014000000A0000000E1
:109FE80068000000400000008D000000FF00000035
:109FF800D8000000800000004D0000007300000041
:10A0080027000000310000000600000006000000E4
:10A018001500000056000000CA0000007300000090
:10A02800A8000000C900000060000000E200000075
:10A038007B000000C00000008C0000006B000000E6
:10A048000000C93F0000F0390000DA370000A233F1
:10A058000000842E0000502B0000C2270000D022F0
:10A068000000C41F0000C61B0000441704000000C5
:08A078000700000009000000D0
:08A08000B50100087D2D000868
:04A08800910100083A
:10A08C000100000000000000010000000024F400AA
:10A09C00AAAAAAAA180000200000000000000000D4
:10A0AC0000000000000000000000000000000000A4
:10A0BC000000000000000000000000000000000094
:10A0CC000000000000000000000000000000000084
:10A0DC000000000000000000000000000000000074
:10A0EC000000000000000000000000000000000064
:08A0FC0000000000000000005C
:04000005080077690F
:00000001FF
