:020000040800F2
:100000000000022089770008D9770008D977000816
:10001000D9770008D9770008D977000800000000D8
:10002000000000000000000000000000A1730008B4
:10003000D977000800000000317400087B24000814
:10004000D9770008D9770008D9770008D977000850
:10005000D9770008D9770008D9770008D977000840
:10006000D9770008D9770008D9770008D977000830
:10007000D97700088D3D0008D9770008913D000828
:10008000D9770008D9770008D9770008F10400086B
:10009000FD040008D9770008D9770008D97700084F
:1000A000D9770008D9770008D9770008D9770008F0
:1000B000493300085933000869330008D97700082C
:1000C000D9770008D9770008D9770008D9770008D0
:1000D000D9770008453D0008513D00085D3D000806
:1000E000D9770008D9770008D9770008D9770008B0
:1000F000D9770008D9770008D9770008D9770008A0
:10010000D9770008D9770008D9770008D97700088F
:10011000693D0008753D0008D9770008D9770008C7
:10012000D9770008D9770008D9770008D97700086F
:10013000D977000800000000000000000105000859
:100140000D050008D9770008D9770008D97700088D
:10015000D9770008D9770008D9770008813D0008D1
:10016000D9770008D9770008D9770008D97700082F
:10017000D9770008D97700080000000000000000CF
:08018000D9770008D9770008C7
:1001900010B5054C237833B9044B13B10448AFF3C1
:1001A00000800123237010BD7800002000000000B3
:1001B000A0A0000808B5034B1BB103490348AFF3E7
:1001C000008008BD000000007C000020A0A0000806
:1001D000D0F8F83010B50446E3B1F83004F030FC44
:1001E000D4F8F820C4F840019369C4F84431516848
:1001F000C4F848119168C4F84C11D268C4F8502171
:10020000C3F3021284F864211A0C1B0E84F86621D1
:1002100084F8653110BD000010B5D0F8F830154AEB
:1002200093428AB0044620D1002305930023012283
:10023000694604F1F800CDE90632CDE90033CDE995
:100240000233CDE90823049304F0FAF884F8680136
:100250002046FFF7BDFF04F5B673C4F8283104F556
:10026000C473C4F82C310AB010BD034A9342DDD1E7
:100270000E23DAE7006400400068004070B50623F2
:1002800000254FF48032C0E93F354FF44013C0E9F8
:1002900042230123C0E9453300F5B673C0F8283185
:1002A00000F1F80600F5C4730446C0F8F810C0F871
:1002B0002C31C0E94755C0F80451C0F81051C0F8BE
:1002C0002451304604F038F984F867012046FFF7DE
:1002D0007FFF2046FFF7A0FF2946304604F066FA6C
:1002E0002046BDE87040FFF773BF000010B50368FB
:1002F000384A93428AB036D1374B002401941A6CA5
:1003000042F000721A641A6C02F000720192019AB3
:1003100002941A6B42F001021A631B6B079403F0FC
:1003200001030293029B4FF4C05002234FF0030CD1
:10033000CDE9050305A909232848CDE908C304F040
:100340009DFC22460721132004F08EFB132004F0AD
:10035000BDFB14202246062104F086FB142004F085
:10036000B5FB0AB010BD1E4A9342FAD11A4B1D4884
:10037000002403941A6C42F080621A641A6C02F032
:1003800080620392039A04941A6B42F002021A6389
:100390001B6B079403F0020304934FF44052049B39
:1003A0000223CDE9052303210923CDE9081305A97B
:1003B00004F064FC224607213F2004F055FB3F2057
:1003C00004F084FB40202246062104F04DFB40202F
:1003D000C5E700BF00640040003802400000024052
:1003E000006800400004024038B50446D0F82801F7
:1003F0000D4611461A460023C0E90233026105602A
:10040000143009F075F90A21C4F8585104F1F800C4
:1004100004F028F900280CBF01230023C4F83C3164
:1004200008BFD4F8603184F8690108BF0133204661
:1004300008BFC4F86031FFF7CBFE94F8690138BDFE
:10044000204B984270B5044602D01F4B98421CD1F5
:10045000A4F1F800626B01211368C0F83811D0F8DC
:100460005C11C0F854310131C0F85C111749884261
:1004700019D1591E04290ED8DB00BD33516919501A
:100480001D1891696960FFF7A3FE2268536943F064
:100490000203536170BD6FF400752B440B2BF2D82F
:1004A000DB000133EAE76FF400710B440B2BEAD851
:1004B000DB00074D516901335E1959519169716033
:1004C000E1E700BFF4010020FC070020FC00002051
:1004D00004070020044B984202D1F838FFF778BE99
:1004E000024B9842F9D07047F4010020FC0700202D
:1004F000014804F0F3B900BFF4010020FFF7F8BF92
:10050000014804F0EBB900BFFC070020FFF7F8BF7B
:1005100008B5044907F0B4F9BDE80840024907F0FE
:10052000C3B900BF00A00CC600A00C462DE9FF41D6
:100530000E4681610446016901923046154608F075
:1005400087FD2946206109F047F800283ED104F1D3
:10055000100705F100403968039009F03DF800B13B
:1005600003AFD7F80080E769C4F8108039464FF030
:100570007E5008F06BFDA16808F072FE61690546C7
:10058000304608F063FD0146284608F069FE216AFE
:100590000546384608F064FE0146284608F058FD36
:1005A000216820620546304608F05AFE6168074619
:1005B000404608F055FE0146384608F049FD2946F8
:1005C00008F046FD666104B0BDE8F08101AFC0E708
:1005D000F8B510220D460021044609F0B1F80023B9
:1005E000C4E90433C4E90633D5E9006C18461D4656
:1005F0001946664526D056F8042B002AF9D092F801
:100600004570032FF5D8DFE807F002080D14032921
:10061000EFDC44F821200131EBE7002DE9D1226124
:100620000125E6E70128E4DC04EB800701307A616C
:10063000DFE7002BDDD1E26182F8B130A2F846306D
:100640000123D6E7094D0A48AB69A3676B69636765
:1006500001F0EAF8E067064801F0F4F82369C4F80D
:10066000800013B1AA69C3F84821F8BD58150020CD
:100670009811002038B504460846154608F09CFD40
:1006800008F0B4FF08F098FDC4F89C00284608F074
:1006900093FDC4F8B80038BD30B589B0CDE902216A
:1006A00001931D4B1A6A5B6A0592002BD8BF134653
:1006B000002A069317DD8A42B4BF05AC03AC514251
:1006C00025680791A942C8BF07AC24680394029C1F
:1006D0000791A242B4BF05AA02AA1468A142C8BFEA
:1006E00007AA12680292002B0CDD019A9342B4BF54
:1006F00006AA01AA5B42116807938B42C8BF07AAEA
:1007000013680193039B5B424365029B8365019BD6
:10071000C36509B030BD00BF581500200023C38752
:1007200080F84030836470472DE9F0410E4681EA3D
:10073000E17117460446A1EBE6711A461BB9C3875F
:10074000114641481CE0222990F83E5009DC012363
:1007500080F83F3065BB80F8405000231A46394688
:10076000EFE72DBB90F83F30002B6AD03648036985
:1007700001224BB984F8402084F83F301A461946CC
:10078000BDE8F041FFF788BF002EE287B4BF012229
:100790004FF0FF3284F841205B6E84F84050C4E98A
:1007A000113503F047FE94F83E30E064002B44D04E
:1007B000254D2B6943B90023012284F83E3084F88B
:1007C00040201A461946BCE703F034FEE36CC01A19
:1007D00041F657339842EED82B69626C5B6E9B1AD8
:1007E000002BB8BF5B42C3F500522E2AA36406DC7F
:1007F000002384F83E301A4619462846C0E7134BBA
:100800005B6A5B00B3F5A96FC4BF032193FBF1F3EF
:1008100040F25451D8BF4FF4E1738A4208DCA3F58B
:10082000E173534340F25552B3FBF2F303F5E17326
:1008300094F941205343002282E794F83F30002B83
:100840008BD10023BDE700BFF40F00205815002016
:100850002DE9F0477D4F0446FD6903F0EBFD7C4A2E
:10086000937906462BB19368C31A632B8CBF002380
:10087000012397F82020012A00D063B90023C4E99E
:1008800007336371A371A3732374E374A38284F8A1
:100890002C3084F83C307A692AB1637913B1B4F909
:1008A0000A305B425365BF6927B163790BB1B4F974
:1008B0000A307B65002D3CD0002A3CD0D06C08F07B
:1008C0007BFC20F00049002F38D0F86C08F074FC55
:1008D00020F00048B4F90A0008F06EFC5D49824639
:1008E00008F0BEFC4946074608F062FE48B33846A9
:1008F000414608F05DFE071E18BF012756495046C5
:1009000008F0AEFC4946824608F052FE30B141463E
:10091000504608F04DFE003818BF0120637993B9A6
:100920006B6585F8B130C4E90733E374A38284F8BA
:100930002C30BDE8F0874FF00009C4E74FF0000805
:10094000C8E70027DAE7E37CABB9237D9BB994F8CD
:100950003C2082B9237C13B3012387EA0301C4E955
:100960000732E3743D4B61751A606B6EA361C4E995
:10097000093684F82C20E27C237D12BB13BB6B6507
:1009800085F8B13094F83C30002BD2D0A37B002BFB
:10099000CFD1A379002BCCD184F83C30C9E7A27920
:1009A000002AE8D0012222757A4062752B4A136032
:1009B0006A6EA261C4E90733C4E9092684F82C30C1
:1009C000D9E733B1A37923B96B6585F8B1302375C5
:1009D000AFE7637D5BB100236B6585F8B130002F15
:1009E000A7D063756B6EA361C4E90936A1E794F8DB
:1009F0002C302BB30AB394F91130B4F90C205B42BC
:100A00005343226B03EBD3735B10B21A6B65952AC9
:100A10004FF0000385F8B1308BD910496A6E6262DD
:100A20000A6884F82C300132022AA6620A6080DD4E
:100A3000012284F83C20E374C9E794F91230DCE722
:100A400070B9686585F8B10073E700BFF40F002046
:100A5000601600206666663F3333333F98000020FF
:100A6000002A51D094F91130B4F90C70626AA1696E
:100A7000E06913FB07F36B65012385F8B1306B6EFA
:100A80009A1A002AB8BF5242132AA3EB0102C8BF28
:100A9000C4E9093682EAE2730028A3EBE27336DD8B
:100AA0004FF4104242439A4207DC00236B6585F8FD
:100AB000B130E374A36B0344A363E86C08F07CFBE0
:100AC00020F00048384608F077FB1B4908F0C8FBC7
:100AD0000146404608F062FD00283FF42AAFA36AB1
:100AE000F31A4F2B7FF625AF636B144A266301334D
:100AF0006363136801331360012384F82C300023EF
:100B00006B6585F8B13014E794F91230ACE7B3F5B2
:100B1000104FD2DBA06B002AACBF01224FF0FF3296
:100B20004FF4104CB3FBFCF3184453430CFB03137A
:100B3000A063A361C1E700BF9A99993E9800002085
:100B400070B518460C46154608F032FB2946064695
:100B5000204608F07BFA002108F034FD58B1294600
:100B6000304608F075FA2146054608F035FD00B913
:100B70002C46204670BD3146284608F067FA2146CB
:100B8000054608F00BFDF2E72DE9F04F9346554A74
:100B9000D2F800A0054685B00E461846BAF1000FFF
:100BA00000F09C80D2F80490B9F1000F00F096801C
:100BB00093680093002B00F09180D3680193002B81
:100BC00000F08C8008F0F8FA0446304608F0F4FA99
:100BD0000646584608F0F0FA804628F0004126F014
:100BE000004008F035FA24F0004108F0D7FC002856
:100BF000CBF1000014BFBE27962708F0DDFA3A4972
:100C000008F02EFB38498346304608F029FB06469B
:100C10000146584608F01AFA214608F019FAFFF77B
:100C200077FC31460290584608F012FA214608F047
:100C30000FFAFFF76DFC2C498346404608F010FB85
:100C400001460390304608F003FA214608F000FA06
:100C5000FFF75EFC039B80463146184608F0F6F924
:100C6000214608F0F5F9FFF753FC0446DAF8540082
:100C700008F0A2FA029902463B462846FFF760FFB9
:100C800008F0B4FCCAF85400D9F8540008F094FAFB
:100C9000594602463B462846FFF752FF08F0A6FC9D
:100CA000C9F85400009B586D08F086FA4146024688
:100CB0003B462846FFF744FF08F098FC009B586528
:100CC000019B586D08F078FA3B46024621462846BB
:100CD000FFF736FF08F08AFC019B586505B0BDE8B8
:100CE000F08F00BFF40F0020F4FD343F10B50C4628
:100CF00020460A4908F05CFC20B12046084908F06B
:100D0000A7F904460749204608F066FC20B12046B2
:100D1000034908F09BF90446204610BD000034C387
:100D20000000B443000034432DE9F8432E4ED6F8BA
:100D300010800446B8F1000F4FD0006B08F03CFA69
:100D40000746606B08F038FA284B05469969D8F8D1
:100D5000500108F07BF9264908F082FA4FF06451FF
:100D600008F07EFA01463046FFF7C0FF00F1004070
:100D700007F026FE1AA3D3E9002307F079FE1D4BE6
:100D8000002207F09FFF08F00DF9064606F0BAFDB5
:100D90008046304606F042FD01460646384608F0D9
:100DA0005FFA41468146284608F05AFA014648460D
:100DB00008F04CF908F01AFC41462063384608F068
:100DC0004FFA31460746284608F04AFA01463846A7
:100DD00008F03EF908F00AFC6063BDE8F88300BF44
:100DE0004AD8124DFB210940F40F0020581500206D
:100DF0000000B44300806640134B90F83D2093F808
:100E0000203010B50446A2B91A1E18BF0122012BCA
:100E100084F83C2084F83D300DD10023C4E90C3324
:100E2000A363D4E90D23216B2046BDE81040FFF7F2
:100E3000ABBE0022EBE71BB103F0FB03032BF0D1A9
:100E40002046FFF771FFECE7F40F002082B02DE998
:100E5000F74304460D460B93002A40F08D81754FF1
:100E600097F82030062B0BA876D100F0DFFC014666
:100E7000284608F0EBF801466E48FFF737FF4FF0C1
:100E80008C4108F0EDF96C4908F09EFA6B49054673
:100E900008F08EFB002862D04FF08C41284608F005
:100EA000D7F8054697F820802561B8F1000F6AD180
:100EB0003B69002B00F04D814FF08043E3615E4BB6
:100EC00023620BA800F0B4FC5D4900F1004008F07B
:100ED000C7F95C49A061009108F07EFB00284BD166
:100EE00004F1180658493068019108F057FB00B129
:100EF00001AE3368E169A36125F0004008F062FBB0
:100F000000283BD02946514A04F15800FFF70EFB58
:100F10004F4908F0A5F9A16908F09AF8256A6061BF
:100F2000294608F059FB58BB04F1140605F10040AE
:100F30003168019008F050FB00B101AE306860618B
:100F400008F054FB3D69D5F850316865636003B023
:100F5000BDE8F04302B0704700F066FC87E74FF051
:100F60008B41284608F02EFB00289BD04FF08C4187
:100F7000284608F06BF894E76E46B3E70020CAE70E
:100F800004F12006D2E7B8F1060F71D13E69002EB8
:100F900000F0E28094F82C30002B3DD12D4AE26124
:100FA00000272D4A2262A76125F00040002B35D092
:100FB0002A4908F0FDFA10B1002384F82C3094F887
:100FC0002C30009703B32649284608F049F92249F6
:100FD000009008F001FB40B304F120052149286886
:100FE000019108F0DBFA00B101AD2D681E490095B2
:100FF00025F0004008F0D2FA30B10021284608F070
:10100000EBFAA0B9194B00930098606108F0EEFA72
:10101000D6F85031706599E7104AC0E70D4908F0DD
:10102000D1FA0028CBD00123C7E76D46D6E70E4B97
:10103000E9E700BFF40F00200000B443000080C5C2
:101040003333B33E00008243000082C300007A4481
:10105000000020400000C041000034430000204157
:101060009A99993F000034C30000F0420000F0C29A
:10107000B8F1020F70D1A06A7B4920F0004008F05F
:10108000A1FA002869D0794E0120E661002866D1D6
:10109000B8F1000F65D0764B23620023A361B8F14D
:1010A000000F1CD1F86D08F087F8724900F100407C
:1010B00008F0D6F87049A061009108F08DFA002878
:1010C00051D104F118096D49D9F80000019108F0D7
:1010D00065FA08B10DF10409D9F80030A36125F0D3
:1010E0000040314608F06EFA00283ED0B8F1060FF5
:1010F00006D02946624A04F15800FFF717FA054660
:10110000A169284607F0A4FF256A6061294608F016
:1011100063FA60BB04F1140605F1004031680190E8
:1011200008F05AFA00B101AE3B6935686561002BE1
:101130003FF40DAF25F000404FF07E51D3F85061E1
:1011400008F040FAB0B13146284607F081FF6060F0
:10115000FDE64C4E404698E700204B4E95E74B4B42
:101160009AE74B4B98E7E946ADE70025C8E704F15D
:101170002006D1E76660EAE6012A7FF4E8AE0BA814
:1011800000F060FB0146284607F060FF0146414839
:10119000FFF7ACFD4FF08C4108F062F83E4908F0D3
:1011A00013F93E49054608F003FA00284FD04FF0E6
:1011B0008C41284607F04CFF0546394925F0004090
:1011C00008F000FA00283FF4C2AE3649D4F89C007B
:1011D00008F046F83349C4F898000746D4F8A00050
:1011E00008F03EF83049C4F89C000646284608F04E
:1011F00037F83146C4F8A000054607F027FFD4F8B9
:10120000881008F02DF8D4F88C108046284608F095
:1012100027F80146404607F01BFF3146804630461E
:1012200007F016FF0146284607F010FF394607F081
:101230000FFFD4F8901008F013F80146404607F06D
:1012400007FF0146206807F003FF20607FE64FF0AC
:101250008B41284608F0B6F90028AED04FF08C41FB
:10126000284607F0F3FEA7E700000C420000C0404C
:10127000000034420AD7233E00008243000082C3AC
:1012800000007A44000040400000C84100000C43C8
:1012900000007043F40F00200000B443000080C53C
:1012A000000020411F856B3F713D8A3F2DE9F04FC3
:1012B000994E9A4F96F820203369DFF86482012A0C
:1012C000B9B0044633D19749002B00F05C81C3F8D4
:1012D000A82000225A65D3F8503163604B6923601F
:1012E0000023FB619048C7F8248000F09DFAA060BD
:1012F0008D4800F0A7FAE06065684FF08C473946EA
:10130000284608F05FF9002840F0FF804FF0000801
:101310004FF08C474146284608F040F9002800F07D
:1013200011812846394607F093FE0546F2E7ABB136
:10133000062A14BF7D494FF08141062AC3F8E41004
:1013400014BF4FF082410021C3F8EC10911F022915
:1013500060D9111E18BF0121C3F8A810744B1B7867
:10136000934217D00025704884F82C5000F05CFAA6
:10137000A0606D4800F066FA002323616361A361F9
:10138000A366E36623673369E0601BB1D3F850219D
:1013900062605D6596F82030DFF898A1DA1F012AB7
:1013A0003CD8D6F81090B9F1000F31D0B9F96A00E5
:1013B00007F002FFD4F828B036905946054607F0EA
:1013C0004FFF5D4908F000F801466062284608F0CA
:1013D000E5F808BB04F124031968359305F10040D2
:1013E000379008F0F9F8359B00B137AB1B685349CB
:1013F00063622BF0004008F0D1F808B1002363626B
:10140000606A08F0F3F8D9F85031C9F85400636005
:1014100000231CE000219FE736ABDDE7022B5CD107
:10142000A56A464925F0004008F0CCF8002854D0C1
:101430004349284607F014FF01466062A06807F0A0
:1014400005FE01463448FFF751FC0123A0608AF8ED
:10145000003096F82030062B14D84D22DA40D243C3
:1014600012F001050ED1DFF8C090CC2209F1040181
:10147000684608F03DF9D9F80030A1682A462046B0
:10148000FFF7E4FC656C2D4925F0004008F09AF860
:10149000002837D0616DD7F81C90284607F0E0FE91
:1014A000A16C206407F0DCFE494607F0D1FDF8612D
:1014B000256DD7F81C902846494608F06FF800B90A
:1014C0004D46D4F84C902946484608F085F800B1BE
:1014D0004D46FD61C7F824800EE79AF800300025DC
:1014E0006562002B94D0104800F09EF93369A0602B
:1014F00025616561A566E5662567002B88D0D3F870
:10150000503184E700232364D2E72846394607F0A8
:101510009DFD0546F3E600BFF40F0020BC0000204F
:101520000000A04058150020981100209A99993F7A
:1015300000000020940000200000254400000C4220
:101540003480373ADFF84480D4F80090D8F800703F
:1015500065604946384608F021F800B94F46D8F88A
:1015600008803846414608F019F800B1474633690B
:1015700027600BB1C3F8485196F82020044B1A702D
:1015800039B0BDE8F08F8B69A7E600BF5815002081
:101590000000002084B038B5044605A8256880E81E
:1015A0000E00013D709BEDB203EBC505B5F80100DF
:1015B00040BA80B207F000FE1A4907F051FE1A49FE
:1015C00007F002FF194907F041FDA0612B79E87887
:1015D0001B0943EA001007F0EFFD154907F040FE34
:1015E000144907F0F1FE144907F030FD20622B7911
:1015F00068791B0203F47063184307F0DDFD0F499F
:1016000007F02EFE0B4907F0DFFE0D4907F01EFD27
:101610000C49A06207F024FE20632046BDE8384054
:1016200004B07047DA0FC94100FF7F47DA0F494124
:101630000000A04100F07F45000020410000A042D2
:10164000000020423333B33FCA0004488D320823E0
:10165000024401F58071FEF7C7BE00BFFC00002008
:1016600030B5EFB004681E494FF4D67203A808F0F5
:101670003FF81C4A1068516801AB03C3FC232146A4
:101680008DF80B3001AA082303A8FEF7ADFE05F084
:1016900023FC0128144C0CD06368012B02D80120D4
:1016A00005F0F6FA63680120B0FBF3F05843C0F18F
:1016B000010023684FF0E02158434D698C694FF4D5
:1016C0007A73584300238A69A242FCD0234428BF7E
:1016D0005B199B1A984201D86FB030BD1446F2E7EF
:1016E000FC000020289A00080400002000000000F0
:1016F00084B02DE9F843044609A8E669769D80E8A0
:101700000E00304607F05CF927A3D3E9002380469A
:10171000894607F029FC002838D125A3D3E9002306
:101720004046494607F02AFC002831D1676A224921
:10173000E661384607F03CFF60BB2049384607F0B9
:1017400041FF48BB6762676B1D49384607F030FFB1
:1017500020BB1C49384607F035FF08BB67632E7075
:10176000637F6B70A37FAB70E37FEB7094F82430E2
:101770002B7194F825306B7194F82630AB7194F886
:101780002730EB71BDE8F84304B070470E4ECDE74B
:101790000E4ECBE7084FD5E7084FD3E7084FDDE7FC
:1017A000084FDBE7AFF300804AD8124DFB2129C078
:1017B0004AD8124DFB212940000020C100002041E1
:1017C000000090C100009041DA0F49C1DA0F494191
:1017D00030B50A4441F2210591420FD011F8013B86
:1017E00080EA032008234400013B00044CBF84EA44
:1017F0000500204613F0FF03F5D1EDE780B230BDC0
:1018000038B50D460446114628461A4601F0E2FE58
:101810006422002101F00FFF9DF81030C4F8CC5075
:1018200084F86430E56038BD406B7047006C7047E9
:10183000C06C7047806A20B1081A90428CBF0020AB
:1018400001207047806B7047406C7047F8B590F886
:10185000645007460C461E466DB908460A4490423D
:1018600004D010F8013B1D44EDB2F8E7B54214BFB7
:1018700000200120F8BD013D012D15D8A1B1052A98
:1018800012D94D88AB1D93420ED104220020FFF7E0
:101890009FFF2A46A11DFFF79BFFB6B2B885A7F8A8
:1018A0006000FE858642E2E70020E3E7C3682DE999
:1018B000F74F0446002B5DD0186800285AD004F179
:1018C00065080022414604F0C5FD0128A06051D101
:1018D0000023237494F86430002B40F0B980636EC9
:1018E0009B4A23F07F4323F0FF03934242D194F8B5
:1018F0006750012D41D194F86820A318414693F810
:10190000693004322046FFF7A1FF002835D0B4F932
:10191000690007F051FC8F4907F0A2FC4FF06051BD
:1019200007F09EFC2063B4F96B0007F045FC894981
:1019300007F096FC4FF0605107F092FCA063B4F9F9
:101940006D0007F039FC834907F08AFC4FF06051C5
:1019500007F086FC25746063A3690133A36102F07C
:1019600069FD6062A06204F13C03303494E8070032
:1019700083E8070003B0BDE8F08F94F86730032BCD
:10198000F8D194F86820A318414693F869300432DE
:101990002046FFF75BFF0028ECD0B4F8690025680B
:1019A000B4F86BA0B4F86D90B4F86F80B4F87170AF
:1019B000B4F87360C0B207F0FBFB4FF0605107F062
:1019C0004FFC294607F04CFC5FFA8AFA60655046E6
:1019D00007F0EEFB4FF0605107F042FC294607F09C
:1019E0003FFC5FFA89F9A065484607F0E1FB4FF03C
:1019F000605107F035FC294607F032FC5FFA88F8A1
:101A00006568E065404607F0D3FB4FF0605107F092
:101A100027FC294607F024FCFFB2A064384607F0F3
:101A2000C7FB4FF0605107F01BFC294607F018FC7C
:101A3000F6B22065304607F0BBFB4FF0605107F06F
:101A40000FFC294607F00CFC0123E064237483E7B4
:101A5000013B012B8ED8D4F8CC3013B3DE68731E53
:101A6000632B1ED8B6B200273A46B9461FFA87FA4A
:101A70005346991DB14264D8E11891F865005A287F
:101A80000DD191F86610A52909D108EB0A05E9786E
:101A9000AA7802EB012292B23B2A04D80122013734
:101AA000E4E76426DFE70632642AF7D813449E424F
:101AB000F4D369792B79A4F8609003EB01231FFA22
:101AC00082FB9BB25A4629462046FFF7BFFEA4F888
:101AD0006090034610B9E2690132E261AA79912A65
:101AE000DCD1D5F812206265D5F81620A265D5F8AC
:101AF0001A20E265D5F81E202265D5F82220A264BE
:101B0000D5F82620E264D5F83620A263D5F83A202D
:101B10002263D5F83E206263002B14BF012202220B
:101B20002274A269A4F812A00132A4F814B0A26130
:101B3000019302F07FFC019B6062002B3FF41AAF1F
:101B400010E7002A7FF416AF236A0133236211E7FE
:101B50000055550000003443002282604FF08C4253
:101B600002604FF08B424261084A8261084A42603B
:101B70004FF08342C2604FF47A7140F6B832C0E948
:101B8000071242620222C0E90A22704700209945EA
:101B90000000904110B5084AC26000210022C0E94F
:101BA0000422C0E909220160416081608261C16153
:101BB0000162828510BD00BF00007A44826B8A42B8
:101BC00008BFC36B10B5046C0CBF013300239C42EB
:101BD000C36308DCC46322B9012380F83430816315
:101BE00010BD0223F9E70323F7E710B5D0F84C1135
:101BF0000446D0F8500107F029FA07F0F7FC03B2C9
:101C0000B3F5805F06DDA3F500531BB2606E184488
:101C1000606610BD13F5805FF8DA03F50053F4E752
:101C200038B50E4D2B78042B98BF01330446406E17
:101C300098BF2B7007F0C0FA094907F011FB09495A
:101C400007F00EFBD4F8581107F000FA2B78C4F80F
:101C50005401022B98BFC4F8580138BDB8000020C9
:101C6000DB0F493A8EE3A83F40F6B833A0F868305E
:101C700006291BD8DFE801F0040D141B1B222700E6
:101C80004FF48043A0F86C3040F6D863A0F86A3077
:101C9000704743F2C823A0F86C3042F22833F5E7CE
:101CA0000B4B836643F2C823A0F86C30704741F2B7
:101CB0008833A0F86C304FF49673E7E7054B8366E2
:101CC00047F23053F0E7044B836642F21073EBE7C0
:101CD000E803282350000401E803B80B2DE9F84F6E
:101CE0000DF1280A99465AF8043B03600446002582
:101CF0004FF07E5300268B4635498362C1620362F2
:101D000003634560856145628560C0E90E6680F8C1
:101D1000346004F1B4081420206404F1E407404660
:101D2000C4F89430C4F89810C4F88C30C4F89C30CF
:101D3000C4F8A8202567C4F88450C4F8905065679B
:101D4000C4E91266C4E91466C4E9196684F844B0AB
:101D5000A4F86C60A4F8B060FFF71CFF3846FFF7EA
:101D600019FF04F58A70FFF715FF1A4BC4F84431C8
:101D7000194BC4F84851C4F85451C4F85851C4F828
:101D80005C51C4F86051C4F86451C4E95366C4F8A6
:101D9000703159462046FFF767FF424617AD53465C
:101DA00003CBAB42106051609A4602F10802F6D1B3
:101DB0003A4623AE2B4603CBB342106051601D461A
:101DC00002F10802F6D184F845902046BDE8F88F6C
:101DD0000000204262BE3C39F0FCA23B2DE9F047F6
:101DE0000DF12008044600259A4658F8043B03608C
:101DF0004560856104F1B4074FF07E5000262E4BFC
:101E0000A0628946206214212063C4F89400C4F8BB
:101E10008C00C4F89C003846E3622164C4F8983012
:101E2000C4F8A820C4E90E66C4E91266C4E91466C1
:101E3000C4E919666562A56084F8346084F844904A
:101E4000A4F86C602567C4F88450C4F890506567A6
:101E5000A4F8B060FFF79EFE04F1E400FFF79AFEDD
:101E600004F58A70FFF796FE144BC4F84431144B06
:101E7000C4F87031C4E95366C4F84851C4F85451E9
:101E8000C4F85851C4F85C51C4F86051C4F86451A6
:101E900049462046FFF7E8FE3A4615AB454603CDD6
:101EA0009D4210605160A84602F10802F6D184F804
:101EB00045A02046BDE8F0870000204262BE3C39C4
:101EC000F0FCA23B10F5805F03DC00F5005000B28F
:101ED0007047B0F5805FFBDDA0F50050F7E784B0F8
:101EE0008842CDE90010B4BF01AB6B4649421A6885
:101EF00003919142C8BF03AB186804B0704700005B
:101F00002DE9F84307686FF400731F4401EBC7081D
:101F10000D4698F8053098F8041003EB012319B228
:101F2000816504461646FFF749FE15F8373098F8E4
:101F3000010000EB032000B207F03EF9C4F85001A5
:101F400098F80620C4F8A0200023462AC8BF63657D
:101F5000E36594F84430032B81464CD1D4F84C11FE
:101F600007F074F807F042FB00B2FFF7ABFF07F091
:101F700023F9454907F028FA4FF0645107F070F94A
:101F8000424907F06DF907F031FB0546D4F8A83057
:101F9000E564022B37D1606D054313D1D4F84C8131
:101FA0000123E365404607F021FB206607F004F9B2
:101FB000414607F04BF8364920F0004007F0EEFAB2
:101FC00000B1A5642046FFF710FE2046FFF728FE6B
:101FD000D4F85031A06CB4F96C10C4F84C31FFF750
:101FE0007EFFA064001206F8170006EB4706A36CFC
:101FF0007370BDE8F88398F8020098F8035005EB79
:1020000000252DB2C2E7012B34D14946D4F848014E
:1020100007F01CF807F0EAFA00B2FFF753FF80461A
:10202000B4F96A0007F0C8F80546404607F0C4F85E
:102030002A46014604F1E400FEF778FAB4F96A5042
:1020400007F0D4FA2946FFF74AFF05466065B4F960
:102050006C0007F0B1F88046E06C281A07F0ACF885
:102060004246014604F1B400FEF760FA07F0BEFAFA
:10207000A064A7E7002BA5D1B4F96C0007F09CF889
:102080008046606D401BE9E76F12833A00007042A2
:102090000000484238B50C460546114620461A460F
:1020A00001F098FA6422002101F0C5FA01F0A5FAC6
:1020B000C5F8C840C5F8D44038BD0000D0F8C80005
:1020C00018B10249062201F069BE7047309A000833
:1020D000F8B5036B0446002B72D0186800286FD047
:1020E000002204F1400104F0B5F90128606303D136
:1020F000A07102F09FF9A06094F8413094F840205C
:1021000094F8427094F843C094F8446094F84510F1
:102110001A433A434CEA020232430A4350D0780150
:1021200040EAD300C0F30A00A0F58063B4F8405041
:10213000E381B302C5F30A0543EA8C03A5F5806287
:1021400043EA9713A5F57E75102DC3F30A03A0F596
:102150007E70A28198BF0025A3F58062228298BF7D
:10216000A581CA011028A3F57E7342EA560298BFE2
:102170000020C2F30A0298BFE081102B98BF002311
:10218000A2F58066A2F57E7298BF2382102A98BFBE
:102190000023668298BF6382A38AE3838B09237539
:1021A000C1F301136375B4F846302384B4F84830A2
:1021B0006384B4F84A30A384B4F84E305BBAE38445
:1021C000F8BD0000F8B583793A4C0546002B37D0AE
:1021D00002F030F9AB68C01A632831D8AB8AB3F586
:1021E000817F29D1B5F910600123304684F8693127
:1021F00006F0E2FF20F000472F49384607F0E2F9E9
:102200000546002851D12C49384607F0DBF9003843
:1022100018BF012084F8745184F8720135B1002E82
:10222000B4BF01234FF0FF3384F87531002384F8E5
:10223000730184F86A310EE040F2023293420BD00F
:1022400000234FF4807284F8693184F86A31A4F86D
:10225000722184F87431F8BDB5F910700126384642
:1022600084F8696106F0A8FF4FF4807320F0004500
:102270001149A4F872312846002384F8743107F01C
:10228000A1F9002803460C4918BF3346284684F8B4
:102290006A3107F097F90028DDD0002FB4BF012381
:1022A0004FF0FF3384F87631D5E794F8735185F019
:1022B0000105A8E7F40F002000000C422DE9F74FBC
:1022C000614C0546236AB0F912000093584306F0AA
:1022D00073FF5E4907F078F807F088F9B5F90C60EC
:1022E00095F806A0636AB5F91090B5F90E80AC8A2E
:1022F000019307467642BAF1000F09D002F09AF82E
:10230000AB68C31A632B8CBF4FF0000A4FF0010A71
:1023100040F20312944202D04D48FEF7FFF9B5F89F
:1023200014B04C4C40F203318B450ED1012384F89C
:10233000203000231A4619462046FEF7ADF92846FC
:1023400003B0BDE8F04FFFF73DBF40F201318B45D0
:102350002BD1082384F82030009B09FB03F006F002
:102360002BFF3A4907F030F807F040F90023024606
:1023700039462046FEF790F9404606F01DFF4FF023
:102380007F5106F06DFF07F031F90746304606F041
:1023900013FF4FF07F5106F063FF07F027F93A462D
:1023A00001462046FEF766F9C9E7019BC9F1000026
:1023B000584306F001FF254907F006F807F016F923
:1023C00040F201118B4506D1002684F820600346B7
:1023D0000022394626E040F203118B450DD103223D
:1023E000B5F9101084F8202053463A4604F1240031
:1023F000FEF79AF900221146D3E740F202239B45EB
:1024000007D1042384F82030002312481A461946C5
:1024100093E7BBF5817F0BD1022384F820300023A2
:102420001A4619462046FEF737F942463146B8E7C4
:1024300040F202339B45EFD040F201239B45E0D1AF
:10244000072384F82030C2E75815002000002544F7
:1024500018100020F40F0020FFF730BF38B50C46ED
:102460000546114620461A4601F0B4F864220021C0
:1024700001F0E1F8EC632C6338BD08B501F0D2FF40
:1024800002F052FB04F028FD012813D04FF0500356
:1024900083F31188BFF36F8FBFF34F8F04F0AAFA55
:1024A00028B14FF0E0234FF08052C3F8042D0023F1
:1024B00083F3118808BD000030B595B010220021CB
:1024C0000AA807F03DF91422002103A807F038F903
:1024D0000024264B01941A6C42F080521A641B6C43
:1024E00003F080530193019B214B02941A6842F43C
:1024F00080421A601B6803F4804302930122029B0E
:102500004FF48033CDE9082302254FF48003CDE951
:102510000E5319214FF4A873CDE9101308A807230F
:102520001393129502F090FC0F23CDE903354FF47D
:10253000A0504FF48053CDE90603052103A805946C
:1025400002F058FE02F00AFF4FF47A73B0FBF3F08A
:1025500002F0CAFA042002F0DBFA224621464FF0CC
:10256000FF3002F081FA15B030BD00BF00380240E4
:102570000070004010B542608360029A064BC36051
:10258000C26100230022C0E90433C0E909330160BD
:1025900083610262838510BD00007A4410B5302249
:1025A00004460021953007F0CBF80023C4E94E33F0
:1025B000C4E95033C4E95233C4E95433C4E956334F
:1025C000C4E95833A4F86831204610BD10B5002284
:1025D00004466421012003F005FE00232060C4E9C5
:1025E00002332371204610BD73B51022044600212A
:1025F00007F0A6F8434B23634FF4807300250026B1
:102600002366A4F86430404B2661C4E90566C4E93A
:102610000D66C4E91266C4E91566C4E91A66E66186
:102620006562A562E562E66325646564A4F85060AE
:10263000E66526676567A567E567C4F88050C4F856
:102640008450C4F88850C4F88C50C4F89050C4F832
:102650009450C4F8BC302D4BC4F8C0302C4BC4F897
:10266000C4302C4BC4F8C8302A462B462A49C4F83B
:102670009850C4F89C5084F8A060C4F8A450C4F8E2
:10268000A850C4F8AC50C4F8B050C4F8B450C4F862
:10269000B850009504F1CC00FFF76CFF2B462A469A
:1026A0001E49009504F1FC00FFF764FF2B462A4603
:1026B0000095294604F59670FFF75CFF184B194A00
:1026C000C4F85C314FF40763C4E95B23164B84F80C
:1026D00060612046C4E95F66C4E96166C4E9656675
:1026E000C4F86451C4F86861C4F87431A4F878611E
:1026F000C4F88C6184F89061C4F89C6184F8A0618E
:1027000002B070BD00007A44000080BF000080BEAF
:10271000CDCCCC3EACC5A7360AD7A33DCDCC4C3DE5
:10272000000020400000C409000101002DE9F04F25
:10273000B3B000254FF081474FF07F5A53462A46E9
:102740003946009526A826AEFFF714FF0FCE01AC40
:102750000FC40FCE0FC496E80F00DFF8E48284E8C0
:102760000F0040F2012B00221146CDF800B00223E9
:102770004046FFF733FB26AE53462A4639460095BE
:1027800026A8FFF7F7FE0FCE01AC0FC40FCE0FC483
:1027900096E80F004FF4017984E80F0000221146FB
:1027A000CDF80090022308F5BA70FFF717FB26AEAC
:1027B00053462A463946009526A8FFF7DBFE0FCE82
:1027C00001AC0FC40FCE0FC496E80F0084E80F00D1
:1027D00040F20523009300220323062108F53A70F6
:1027E000FFF7FCFA26AE53462A463946009526A83E
:1027F000FFF7C0FE0FCE01AC0FC40FCE0FC496E89A
:102800000F00DFF8408284E80F0000231A461946C3
:10281000CDF800B04046FFF7E1FA26AE53462A460F
:102820003946009526A8FFF7A5FE0FCE01AC0FC4D0
:102830000FCE0FC496E80F0084E80F0040F2022389
:10284000009300231A46194608F5BA70FFF7C6FA36
:1028500026AE53462A463946009526A8FFF78AFE3B
:102860000FCE01AC0FC40FCE0FC496E80F0084E862
:102870000F0040F20323009300231A46194608F57F
:102880003A70FFF7ABFA26AE53462A463946009512
:1028900026A8FFF76FFE0FCE01AC0FC40FCE0FC4FA
:1028A00096E80F0084E80F0000231A461946CDF879
:1028B000009008F25C40FFF791FA2A46624B6349A8
:1028C000009526A8FFF756FE1AAC2A4660490095E7
:1028D0004FF082431AA8FFF74DFE0FCC0DAE0FC686
:1028E0000FCC0FC694E80F0086E80F0026AC0FCC83
:1028F00001AE0FC60FCC0FC694E80F0086E80F009C
:102900004FF40273009301231A46052108F5BA60BB
:10291000FFF7E4F94F4B50481D61032140F202528A
:10292000C3E900124D4A9A6300244D4A5D61C3E930
:1029300002449D61DD61DA63FFF730FE49484A4E8B
:10294000FFF72CFE4948FFF741FE4948FFF73EFEDE
:102950004848FFF73BFE4848FFF738FE4748FFF777
:1029600035FE4748FFF732FE464B4748474A1F604F
:10297000C3E90244C3E90644C3E90844C3E90A447D
:102980005A601C745C829C825D659D65DD650123D7
:10299000642783804FF07E5383628471846080F863
:1029A0002C4004633A462146403006F0C9FE3A46C0
:1029B0002146304606F0C4FE3A462146F01906F09C
:1029C000BFFE334BC6F8C840C6E934441C70314ED4
:1029D0003148FFF709FE4FF48073C6E9033303F172
:1029E0000073A3F19713C6F808313A462146C6E9A9
:1029F00007443460B560A6F8824006F5867006F09C
:102A00009FFE2146962206F5B87006F099FE3A46DA
:102A1000214606F2062006F093FE06F26A233A46A5
:102A20002146184606F08CFEC6E9B644C6E9B40055
:102A3000C6E9BA4486F8E04233B0BDE8F08F00BF83
:102A4000A8020020B00800200000A040000048427A
:102A50009A99993FBC000020FC0000200000204112
:102A60009A99193F04070020881500205417002068
:102A700008180020BC18002070190020241A00201B
:102A8000D81A002098110020601600200000FA4497
:102A90000417002068120020F40F00202DE9F84FE1
:102AA000D0E9009893466FF06043A8EB0902B3EBBE
:102AB000A20F07468A464FEAA20402D11D4804F03D
:102AC000A2FE012C224638BF0122A418A1EB090561
:102AD0002BD264B39C4228BF1C46A00004F07FFEAA
:102AE0000646DBF800307351002D04DD2A464946C6
:102AF000304606F00BFEA8EB0A080435B8F1000FCB
:102B0000354404DD42465146284606F0F1FD454471
:102B1000B9F1000F02D0484604F05FFE06EB8404D2
:102B2000C7E90065BC60BDE8F88F1C46D5E72646BE
:102B3000D7E700BF379A000810B50A46D0E901145C
:102B4000A14204D0126841F8042B416010BDFFF788
:102B5000A5FFFBE700B589B0FFF7AEFC042001F04C
:102B6000D7FF704C704B4FF0E021012565601A686B
:102B70006E4BB2FBF3F2226008694FF47A7672432F
:102B800040F0020008614A610A692A430A6101F0C3
:102B90002FFC67496748FDF771FB67496748FDF7F8
:102BA0006DFB3346664A6748002100F065FB00F084
:102BB000E3FB654A6549664800954FF46123FEF7DB
:102BC0001FFE644B644A65496548664DFFF746FC45
:102BD000654A664966484FF41653FFF75BFA654A43
:102BE000654966484FF4E12301F0DEF86448FEF7DA
:102BF000B3FF002605A902A80595CDE90266049653
:102C0000FFF79AFF05F5BA7305A902A80593FFF728
:102C100093FF05F53A7305A902A80593FFF78CFF0A
:102C200005F25C4305A902A805F5BA650593FFF70F
:102C300083FF059505A9534D02A8FFF77DFF05A960
:102C400002A80595FFF778FF05F5BA7305A902A854
:102C5000059305F53A75FFF76FFF05A902A80595DD
:102C6000FFF76AFFDDE90235ED1ACDE90566079643
:102C700051D0454B9D4201D904F0C2FD284604F0D5
:102C8000AEFD0346DDE902121D4491420795CDE9F0
:102C90000533A2EB010504D018462A4606F036FD9E
:102CA00003463A482B4405A90693FDF791FC059885
:102CB00008B104F092FD04F00FF901282DD06368EB
:102CC000B3F57A7F05D84FF47A70B0FBF3F003F0D8
:102CD000DFFF62684FF47A73B3FBF2F35343C3F53B
:102CE0007A7322684FF0E0205343456984694FF4BA
:102CF0007A72534300228169A142FCD0224428BF4A
:102D00005219521A93420BD82148FEF7A9FC2148C8
:102D100000F09CFAFEE72B46B4E74FF47A73E0E745
:102D20000C46E8E7040000200C00002040420F00A1
:102D300000640040FC000020006800400407002000
:102D4000000400400C170020004400400818002038
:102D500098110020A086010000480040BC18002007
:102D600060160020B008002000500040241A002007
:102D70008815002000140140D81A00201C200020D3
:102D800058150020A8020020FCFFFF7FF40F002050
:102D9000BC00002004170020FFF7C8BC0C4B1A68C9
:102DA000002142F001021A6099601A6822F08472D0
:102DB00022F480321A60074A5A601A6822F480228C
:102DC0001A60D960044B4FF000629A60704700BFF0
:102DD000003802401030002400ED00E013B504F08C
:102DE000F1FA224B0193012300932149214800234A
:102DF000802203F083FC204B0193032300931F499F
:102E00001F480023802203F079FC02241D4B01930C
:102E10001D49009400234FF480721C4803F06EFC9F
:102E20001B4B1C491C48CDE900434FF48072002322
:102E300003F064FC194B1A491A48CDE9004380227B
:102E4000002303F05BFC184B18491948CDE90043F7
:102E50004FF48072002303F051FC164B186803F006
:102E600021FD02B0BDE8104004F0CCBAA80000205B
:102E7000519A000825300008A4000020599A000843
:102E800001300008AC000020649A0008B92E000848
:102E90009C000020749A0008212F0008A000002048
:102EA000849A0008C1300008B4000020909A0008FD
:102EB0003D300008B00000202DE9F743124D134FBC
:102EC000134E03F091FD0024019040F25C48281954
:102ED00010493A4604F5BA74FFF712F84445F6D1A2
:102EE000DFF83490002440F2447830190B494A4608
:102EF00004F5BA74FFF704F84445F6D1022101A89D
:102F000003F07EFEDDE700BFA80200208101002063
:102F1000B0080020FD0000208907002005070020E0
:102F200080B5314C314EEEB004F10C0703F05CFD7E
:102F30002F4D6D904FF4D07239466846689506F073
:102F4000D7FB94E80E002948FEF724FB336804EB16
:102F5000C3038D336A93F36B69934FF4D072B36BF1
:102F600068933946684606F0C3FB94E80E001F4894
:102F7000FEF7BEFB03211D48FEF766FB1D4A536C9E
:102F8000591C51640322B3FBF2F202EB42029B1A7A
:102F9000012B06D0022B16D001216DA803F030FEC4
:102FA000C4E70823A5F1380240F2FF11A5F1C500DE
:102FB000FDF71AFA104A082340F2FF11A2F18D0022
:102FC000FDF712FAE8E70823A5F140024FF400717B
:102FD000A5F1C500FDF708FA084A08234FF400716F
:102FE000A2F18500ECE700BFFC000020BC0000203F
:102FF000C10100200C170020910700208907002044
:1030000008B5064D064C2846FFF762F82046FEF745
:103010004DFC052003F03CFEF5E700BF60160020E4
:103020009811002008B5044C2046FFF747F86420AB
:1030300003F02EFEF8E700BF8815002070B586B0BB
:1030400003F0D2FC194E0590002501F0F3F964223B
:1030500001461748FEF7EEFB20B31548FEF7F4FBD8
:10306000314606F0FDF804461148FEF7DFFB314615
:1030700006F0F6F80F4B93F82030062B08BF0E4BE6
:103080004FF0000208BF1978029018BF00210B48CA
:10309000019400922B4600F0F2FE0A2105A803F0ED
:1030A000AFFDD2E728462C46E4E700BF35FA8E3C58
:1030B00098110020F40F0020C82100201C200020BF
:1030C0002DE98048584E594F89B04FF00008DFF87D
:1030D00060B1304601F00DF85846FFF7BDF901F038
:1030E000A9F9BBF8149040F2032AA9EB0A03D3F123
:1030F000000A044630464AEB030A00F07BFE102229
:10310000054600210DEB020006F01AFB9BF8063085
:10311000039433B1DBF80830E31A632B8CBF002330
:10312000012344498DF810308DF811A0042331F9A2
:10313000022B323292B2642A4BD8013B13F0FF03C8
:10314000F5D101236422214638468DF81230FEF76E
:1031500071FB21468DF81300304600F041FE8DF8DA
:103160001400AB788DF815303846FEF75FFB0690FB
:103170006B683149079303AA01A801F01DF89DF877
:10318000045045B32D4C062384F8203000231A4602
:1031900019462046FDF780FA002211462046FDF729
:1031A00069FA0023A4F8683184F86A3184F872312E
:1031B00084F87431029BE3672148FEF777F82148D1
:1031C000FDF71AFE2048FDF743FB052003F060FDE4
:1031D0007DE70023B6E740F203239945ECD1174C75
:1031E000042384F820302A462B4629462046FDF742
:1031F00053FAA4F86851384684F86A5184F8725139
:1032000084F87451FEF710FB2369E067C4F89C80D2
:10321000C4F8B880002BCFD0D3F85021A267C3F8F0
:1032200048215D65C8E700BF1C20002098110020E0
:10323000601600206C160020C8210020F40F00202A
:1032400068100020181000205811002007B5074B07
:10325000019301230093064906480023802203F0CE
:103260004DFA03B05DF804EB03F076BBB00000202C
:10327000989A0008DD2D0008F8B504462D48B0FBEB
:10328000F3F00E46154605F093FF2B49074606F06E
:1032900099F928B32849384606F096F84FF07E5140
:1032A00005F0D4FE06F0C8F941F28733E0606361AF
:1032B0000023012EA5602361A3611FD0022E22D01E
:1032C0001EB904F1080002F04BFA63692360B5F1FE
:1032D000804F1DD1194A04F1080353602046F8BD00
:1032E0005323E3601649384606F06EF84FF07E51DE
:1032F00005F0ACFE06F0A0F96061D9E704F1080022
:1033000002F048FAE1E704F1080002F05DFADCE7B8
:103310000C4B9D4208D003F580639D42DED1074AE5
:1033200004F10803D360D9E7044A04F10803936069
:10333000D4E700BF00BD010500409C458C1B002068
:103340000000A84200040040024B586808B102F097
:1033500003B970478C1B0020024B986808B102F03B
:10336000FBB870478C1B0020024BD86808B102F0F4
:10337000F3B870478C1B002010B500F1080486B02C
:103380004FF4805302A92046029302F028F800234C
:1033900069462046CDE9003302F026FB204602F0C4
:1033A00013F806B010BD000073B504461148266836
:1033B000056C06F1404301229B0A02FA03F10D431A
:1033C0000564006C1C33014058B20B4B01919E42C6
:1033D000019908BF0022002101F046FB206800F19E
:1033E0004040800A1C3040B202B0BDE8704001F09D
:1033F0006DBB00BF0038024000080040024A536C19
:1034000001335364704700BF0C17002037B50168C3
:10341000094C0023019301F14043256C01229B0AD2
:1034200002FA03F32B432364236C890A8A401A406F
:103430000192019B03B030BD0038024013B5044631
:103440000D492368086C9B0A01229A4010430864C6
:10345000096C0A400192019A1C33002258B21146AD
:1034600001F002FB2068800A1C3040B202B0BDE8C7
:10347000104001F02BBB00BF0038024070B502685D
:103480000E4B9A4286B0044615D1067E012E12D10B
:1034900000256946CDE9005502F0A6FA02A9227E70
:1034A0002046CDE90256CDE9045502F0E1F9217E2E
:1034B000204602F073FA06B070BD00BF000800405D
:1034C0000368344A934203D1334B3D229A607047DC
:1034D000324A934203D1304B4FF47462F6E7304ADC
:1034E000934203D12C4B4FF47412EFE72D4A9342D1
:1034F00003D1294B4FF07462E8E72B4A934203D182
:10350000254B3D22DA607047284A934203D1224B73
:103510004FF47462F6E7264A934203D11E4B4FF4F0
:103520007412EFE7234A934203D11B4B4FF07462AE
:10353000E8E7214A9342A2F1100202D13D239360B1
:1035400070471E498B4202D14FF47463F7E71C4960
:103550008B4202D14FF47413F1E71A4A9342A2F15D
:10356000580202D14FF07463E9E717498B4202D148
:103570003D23D360704715498B4202D14FF47463E9
:10358000F7E713498B420CBF4FF474134FF0746389
:10359000EFE700BF10600240006002402860024078
:1035A0004060024058600240706002408860024003
:1035B000A0600240B86002401064024028640240EB
:1035C00040640240586402407064024088640240D3
:1035D000A064024010B50023C0E91D120C22C0E90E
:1035E0001F33C0E922230446C0F88430C0F890306D
:1035F000743002F081FB204610BD10B50446D0F8AF
:10360000A40003681A6822F001021A60626F043293
:103610009A600022DA60FFF753FFD4F8A4301A68EA
:10362000136843F010031360626F536943F0800323
:103630005361204610BD37B50446D0F8A800036892
:103640001D6825F001051D60656F04359D605A6099
:1036500009B904F11001D960FFF732FFD4F8A8309E
:103660001A68136843F001031360636F5A6942F0EC
:1036700040025A61002201921A6801925A6801922E
:10368000019ADA68204642F01002DA6003B030BDD9
:103690002DE9F0470268C14B9A429CB004466ED1B6
:1036A0000025BF4E0095736CBE4843F01003736451
:1036B000736C03F010030093009B0195336B43F090
:1036C00001033363336B03F001030193019B4FF458
:1036D000C0680223CDE912834FF00109032312A928
:1036E000CDE914930723169301F0C8FA0295336BC2
:1036F00043F480033363336BAB4E03F480030293D4
:10370000029BAA4B4FF000684FF480673046C6E931
:103710000038C6E90255C6E90475C6E90655C6E98A
:10372000085501F01BFA6663A14BB463A14EC6E9CC
:10373000003830464023C6E90235C6E90475C6E9BB
:103740000655C6E9085501F009FA2A4606212663FE
:103750002520B46301F088F9252001F0B7F92A4645
:1037600006213A2001F080F93A2001F0AFF9462015
:103770002A46062101F078F9462001F0A7F92268CF
:103780008D4B9A426ED10025854E0395336C85484A
:1037900043F400333364336C03F400330393039B2B
:1037A0000495336B43F001033363336B03F0010380
:1037B00004934FF00C0C049B0223CDE912C34FF08D
:1037C000010E0323CDE914E312A90723169301F098
:1037D00055FA0595336B43F400133363336B774E1F
:1037E00003F400130593059B754B4FF000684FF4ED
:1037F00080673046C6E90038C6E90255C6E9047557
:10380000C6E90655C6E9085501F0A8F966636D4B8F
:10381000B4636D4EC6E9003830464023C6E9023530
:10382000C6E90475C6E90655C6E9085501F096F9DA
:103830002A46062126632620B46301F015F92620C6
:1038400001F044F92A460621102001F00DF910205C
:1038500001F03CF911202A46062101F005F911205A
:1038600001F034F92268594B9A426DD100254C4E33
:103870000695336C43F480233364336C03F4802364
:103880000693069B0795336B43F004033363336B56
:1038900003F004030793079B4FF440600223CDE934
:1038A00012030127032312A9CDE914734848072303
:1038B000169301F0E3F90895336B43F40013336377
:1038C000336B444E03F400130893089B424B4FF0B4
:1038D00000684FF480673046C6E90038C6E90255F3
:1038E000C6E90475C6E90655C6E9085501F036F97A
:1038F00066633A4BB4633A4EC6E90038304640231B
:10390000C6E90235C6E90475C6E90655C6E9085593
:1039100001F024F92A46062126632720B46301F02A
:10392000A3F8272001F0D2F82A4606210C2001F046
:103930009BF80C2001F0CAF80E202A46062101F05F
:1039400093F80E2001F0C2F82268264B9A4240F00C
:1039500095800025124E0995336C124843F40023DC
:103960003364336C03F400230993099B0A95336B8A
:1039700043F001033363336B03F001030A930A9BA3
:1039800002220323CDE912320122CDE9142312A928
:103990000823169301F072F90B9525E00010014001
:1039A00000380240000002409C1B0020406402409E
:1039B000B8640240DC1D002000440040FC1B0020D5
:1039C00088600240A06002403C1E00200048004089
:1039D000000802405C1C0020286002405860024041
:1039E0009C1E0020004C0040336B43F400133363F3
:1039F000336BA14E03F400130B930B9B9F4B4FF0C3
:103A000000694FF480684FF440373046C6E900390A
:103A1000C6E90255C6E90485C6E90655C6E9087532
:103A200001F09CF86663964BB463964EC6E9003984
:103A300030464023C6E90235C6E90485C6E9065585
:103A4000C6E9087501F08AF82A4606212663342063
:103A5000B46301F009F8342001F038F82A46062151
:103A60000D2001F001F80D2001F030F80F202A465A
:103A7000062100F0F9FF0F2001F028F82268824BA0
:103A80009A4240F085800025804E0C95336C80482A
:103A900043F480133364336C03F480130C930C9B56
:103AA0000D95336B43F004033363336B03F004036E
:103AB0000D930D9B0E95336B43F008033363336B0B
:103AC00003F008030E934FF0030808270E9B169788
:103AD0004FF480534FF0020A4FF0010912A9CDE9CB
:103AE000123ACDE9149801F0C9F817A904236948DE
:103AF0001B97CDE9173ACDE9199801F0BFF80F955A
:103B0000336B43F400133363336B634E03F40013DE
:103B10000F930F9B614B4FF000684FF48067304666
:103B2000C6E90038C6E90255C6E90475C6E9065576
:103B3000C6E9085501F012F86663594BB463594E53
:103B4000C6E9003830464023C6E90235C6E90475A7
:103B5000C6E90655C6E9085501F000F82A460621CF
:103B600026633520B46300F07FFF352000F0AEFF00
:103B70002A4606210B2000F077FF0B2000F0A6FF5D
:103B80002F202A46062100F06FFF2F2000F09EFF15
:103B90002268454B9A426CD100253C4E1095736CBF
:103BA0003B4843F020037364736C03F020031093CD
:103BB000109B1195336B43F004033363336B03F0B5
:103BC00004031193C022119B0223CDE9122301218A
:103BD0000323CDE9141312A90823169301F04EF81C
:103BE0001795336B43F480033363336B2F4E03F429
:103BF00080031793179B2E4B4FF020684FF480677C
:103C00003046C6E90038C6E90255C6E90475C6E97A
:103C10000655C6E9085500F0A1FF6663254BB4635D
:103C2000254EC6E9003830464023C6E90235C6E9CC
:103C30000475C6E90655C6E9085500F08FFF2A4607
:103C4000062126634720B46300F00EFF472000F0F2
:103C50003DFF2A460621392000F006FF392000F0FA
:103C600035FF45202A46062100F0FEFE452000F0E3
:103C70002DFF1CB0BDE8F087BC1C00204060024056
:103C800070600240FC1E00200050004000380240DE
:103C900000080240000C02401C1D00201060024081
:103CA000B86002405C1F0020001401407C1D002011
:103CB00028640240A0640240BC1F0020436F1A68C1
:103CC00013B5D106044628D5DA68D20625D50022D8
:103CD0000192196801915B680193019BD0F8A830AB
:103CE0001B685968C1F16401C160196821F00101C4
:103CF0001960022300F11001006802F04AFBA06085
:103D0000D4F8A800FFF7DCFBD4F8A8301B686422C5
:103D10005A601A6842F001021A6004F1740002B09D
:103D2000BDE8104002F0AAB810B50446D0F8A400CF
:103D3000FFF7C6FBD4F8A4301A68136823F0010318
:103D4000136010BD0148FFF7B9BF00BF5417002032
:103D50000148FFF7B3BF00BF081800200148FFF774
:103D6000ADBF00BFBC1800200148FFF7A7BF00BFD0
:103D7000701900200148FFF7A1BF00BF241A0020DE
:103D80000148FFF79BBF00BFD81A00207047000012
:103D90000148FFF7C9BF00BF701900204FF6FF733D
:103DA00092B2743001F0D6BFF8B500240D46016020
:103DB0001646A0F87C41847444610E2221460430EA
:103DC0001F4605F0BDFC55B13A4631462846FFF77F
:103DD00001FC21466422BDE8F840FFF72CBCF8BD89
:103DE0000346807C28B15869091AC8298CBF002075
:103DF000012070470430704710B5034668B1084C85
:103E00000144104699420AD013F8012B4240D2B225
:103E100034F8122082EA1020F4E74FF6FF7010BD4C
:103E2000A49A000870B50D460446A0B1022912D923
:103E30008E1E4FF6FF723146FFF7DEFFA25DC3B262
:103E40009A4208D12C44C0F3072014F8014C231ADD
:103E50005842584170BD0020FCE770B50D4604463D
:103E600060B102290AD98E1E4FF6FF723146FFF764
:103E7000C3FFA0552C44000A04F8010C70BD70B5B6
:103E80000446059D26680698002E3CD003F0FF46A8
:103E9000042928BF0021B6F1FF4F05F0FF4608BFF7
:103EA0000023B6F1FF4F00F0FF4608BF0025C4F81D
:103EB0008231B6F1FF4FBDF81030A4F886314FF0D3
:103EC000530608BF0020002384F87E61C4F888519F
:103ED000502604F5BF75A4F8903184F8801184F859
:103EE0008121C4F88C011421284684F87F61FFF7F2
:103EF000B4FF206814222946FFF750FFD4F8A831F8
:103F00000133C4F8A83170BD38B5B0F87C418C429B
:103F1000054603D80023A0F87C3138BD641AA4B24A
:103F20007C302246014405F0F1FBA5F87C41F4E722
:103F300070B5044615460E4679B372B3FF2A0CD904
:103F40000023A0F87C31D0F8A031A2F580750133B0
:103F50002E44C0F8A0314FF48075B4F87C312B4466
:103F60009BB2B3F5807F0AD9A3F5807399B220463E
:103F7000FFF7CAFFD4F8A0310133C4F8A031B4F878
:103F80007C3104F17C002A463146184405F0B0FB30
:103F9000B4F87C211544A4F87C5170BD38B5037881
:103FA000532B2DD14378502B2AD18378012B27D83E
:103FB000C378012B24D843681D4603F0FF43B3F1B7
:103FC000FF4F1DD083681C4603F0FF43B3F1FF4F42
:103FD00016D00C49284605F0F5FA80B10A49284662
:103FE00005F0E6FA58B10749204605F0EBFA30B182
:103FF0000549204605F0DCFA003818BF012038BD1D
:104000000020FCE7DB0FC9C0DB0FC9402DE9FF41F1
:10401000044600F17C0800F18407B4F87C31012BE0
:1040200064D9002291B2481C98420D4654D22544CE
:1040300095F87C50532D04D1204490F87C005028F2
:104040002DD00132EEE700234EE06B4642461E467D
:10405000106851681D4603C50832BA422B46F7D195
:1040600038682860BA88AA803046FFF797FF30B9D1
:10407000D4F8A0310133C4F8A0310E2128E096E82D
:104080000F00251D07C52B800123A37400F0D2F972
:10409000D4F8A43160610133C4F8A431EDE711B163
:1040A0002046FFF731FFB4F87C310D2B1ED9D4F830
:1040B00098310133C4F898310E214046FFF7B2FE23
:1040C0000028C2D1D4F89C310133C4F89C310121BD
:1040D0002046FFF719FFA0E7234493F87B30532BCA
:1040E000B1D184F87C300123A4F87C3104B0BDE860
:1040F000F08138B50368044623B300F1180523683E
:1041000000221868294602F0A5F901281AD123686F
:10411000DA68642A13D9D4F8A0310133C4F8A03185
:104120006422D4F8943113442046C4F8943192B2F6
:104130002946FFF7FDFE2046FFF768FFDFE7002A6C
:10414000DDD0EEE738BD000070B50E4E0E4D0446D2
:104150003146204605F040FA60B90C4E0A4D314612
:10416000204605F025FA58B12046294604F070FF94
:104170000446F4E72046294604F068FF0446E7E7D2
:10418000204670BD000034430000B443000034C337
:1041900038B50446154600220846227003B1A270C5
:1041A00000F0FF43B3F1FF4F03D0FFF7CDFF606096
:1041B000A060E56038BD00002DE9F84F557906464E
:1041C0000C469246BDB191F8019089F00109DAF8E8
:1041D0000C80DAF8007065707DB92B463A4641468E
:1041E0002046FFF7D5FF0123A3703580A3687360D5
:1041F0003046BDE8F88FA946E9E79AF8045065B360
:104200009AF806504DB39AF8075035B39AF808500B
:104210001DB308F0FF43B3F1FF4F33D0DAF810B00D
:104220000BF0FF43B3F1FF4F2CD05C49404605F043
:10423000C9F9054688B15A49404605F0B9F905461D
:1042400058B15849584605F0BDF9D8B156495846B5
:1042500005F0AEF9051E18BF0125237813BBB9F18F
:10426000000F06D0A27822B11DB19AF80920012AC8
:104270000AD000233A4641462046FFF789FF002333
:104280003380B3E70025E8E7A37022704046FFF7CC
:104290005BFFC4E903776060A06040F201133380E4
:1042A0007060A5E735B901233A4641462046FFF73D
:1042B0006FFF9AE7D4F804904046494604F0C6FEE2
:1042C000FFF742FF394920F0004005F085F9054627
:1042D00008B10123CEE79AF80930012B07D02369F2
:1042E000FB1AB3F5FA7FDED8E7600123C8E7E3687D
:1042F0002F49DAF810002761A7EB0308B8F1140F73
:10430000E76028BF4FF0140804F0AAFFFFF71CFF76
:10431000494604F09BFEFFF717FF2649054605F0C6
:104320003DF9002835D12449284605F055F900B15A
:10433000214D2946484604F08BFEFFF705FF054650
:10434000404604F035FF1D4904F08AFF1C4905F082
:104350003BF8D4F8089080464946284604F076FE9B
:10436000FFF7F2FE08F1004705460146384605F022
:1043700033F928B94146284605F02EF958B1474689
:104380003946484604F064FEFFF7DEFE0123A060D4
:1043900085E7084DCDE72F46F2E700BF000034C4A3
:1043A00000003444DB0FC9C0DB0FC9400000E0410E
:1043B000E12E65420000C8C10000C8410000F04184
:1043C00000007A447047000010B5084B0446186896
:1043D0004FF47A73B0FBF3F000F086FB0022214625
:1043E0004FF0FF3000F040FB002010BD0C0000201B
:1043F00008B50B4B1A6842F400721A601A6842F44E
:1044000080621A601A6842F480721A60032000F019
:1044100019FB0F20FFF7D8FFFFF7D4FF002008BDDE
:10442000003C0240024A136801331360704700BF2A
:10443000DC210020014B1868704700BFDC21002000
:104440003C4B4A6930B5D3F8004244F00104C3F84C
:104450000042D3F8004224F47C54C3F80042D3F85D
:1044600000424D6A44EA0524C3F80042D3F81C52C6
:104470000120904025EA0005C3F81C52CD69C443D1
:10448000002D35D1D3F80C522540C3F80C52CB681F
:104490008D8845EA0345D30003F1804303F5C84303
:1044A0000A88C3F840528D6842EA0542C3F84422A4
:1044B0008A69204B8ABBD3F804222240C3F8042225
:1044C0000A6972BBD3F814221440C3F814420B6A71
:1044D000012B184B02BFD3F81C221043C3F81C0257
:1044E000D3F8002222F00102C3F80022002030BDE0
:1044F000012DDDD1D3F80C520543C3F80C520B68E3
:104500008D8845EA0345D30003F1804303F5C84392
:104510008A89C3F840528D68C6E7D3F80422024363
:10452000CCE7012A01BF034AD2F814320343C2F890
:104530001432CCE70064004070B50446002800F057
:104540008F8090F8383003F0FF021BB980F83920D3
:10455000FBF7CCFE022384F8383023681A6822F077
:1045600002021A601A6842F001021A60FFF762FF45
:10457000064623685D6815F0010557D05A68D107D3
:104580006BD5A269012A1A680CBF42F0800222F0A2
:1045900080021A60E269012A1A680CBF42F04002E8
:1045A00022F040021A60226A012A1A680CBF42F007
:1045B000200222F020021A60626A012A1A680CBFE7
:1045C00042F0100222F010021A60A26A012A1A6850
:1045D0000CBF42F0080222F008021A60E26A012AC7
:1045E0001A680CBF42F0040222F004021A60D4E9F7
:1045F00002210A4321690A4361690A43616801395A
:104600000A43DA611A6822F001021A60FFF712FF0A
:10461000054623685A68D20713D4586810F0010081
:104620001BD10123E06384F8383009E0FFF702FF73
:10463000801B0A289DD9032084F8380084F839505B
:1046400070BDFFF7F7FE401B0A28E2D903200023C4
:1046500084F8380084F83930F2E7042384F83830DD
:104660000120EDE702682DE9F84393685B010446F9
:104670000F4606D493681D0103D49368D80040F117
:10468000888094F83930012B00F08880012384F869
:10469000393094F83830222B0CBF3223122384F89F
:1046A00038309368590152D4936813F0006F14BFE7
:1046B0000126022602EB0613206BD3F88011D0E905
:1046C000025E01F00101C3F88011D3F880114FEAB6
:1046D000061C002D3DD105684EEA45550D43C3F833
:1046E0008051D3F884510169DFF8B480DFF8B490C9
:1046F00001F00F0125F00F050161C3F88451D3F8D3
:1047000084512943C3F8841162444169C2F8881175
:104710008169C2F88C11D3F8802142F00102C3F8FC
:104720008021FFF787FE054623681F499A6846BB2C
:1047300031EA020214D194F83830322B0CBF222314
:104740000123002084F8383084F8390011E0002675
:10475000B0E745EA0E05D0F804E045EACE05BDE72E
:104760007A1CE3D03FB90320002384F8380084F892
:104770003930BDE8F883FFF75DFE401BB842D3D95E
:10478000F1E7012E02D139EA0202D3E738EA020248
:10479000D0E7042384F838300120EAE70220E8E774
:1047A00000000310000300080300000410B50346D6
:1047B000084693F83820012AD1B201D0122922D11B
:1047C00093F83920012A1ED0012283F8392093F86A
:1047D0003820122A0CBF3222222283F838200021EE
:1047E0001A68D963546944F40F44546183F839104A
:1047F000536918B943F00203536110BD43F010032D
:1048000053610846F9E70220F7E770470268436BF7
:1048100070B502EB01140EB2D4F8B05105F00405E6
:104820009D60002D4FD1D4F8B0516D0D1D60D4F8AE
:10483000B051D4F8B441196204F00F041C6102EBCA
:10484000061405F00205D4F8B441DD60C4F3072472
:10485000DC6102EB0114D4F8B8511D75D4F8B851DD
:104860002D0A5D75D4F8B8512D0C9D75D4F8B8514A
:104870002D0EDD75D4F8BC511D76D4F8BC512D0A2F
:104880005D76D4F8BC512D0C9D76D4F8BC41240E35
:10489000DC762023E1B9D360536923F0020353612E
:1048A00090F83830222B02BF536923F40F43536131
:1048B00090F83830322B0CBF1223012380F83830A7
:1048C000FBF7BEFD70BDD4F8B051ED085D60AEE7FA
:1048D0001361536923F01003E1E7000003685A698C
:1048E000D10770B5044624D59E68524D9A68524946
:1048F0009868B54302EA010204D08A4202D04F4AC6
:10490000824316D15A6922F001025A6194F8382084
:10491000122A02BF5A6922F40F425A6194F83830C1
:10492000322B0CBF2223012384F838302046FFF7B6
:104930006CFF2368DA685B69920705D09B0703D593
:1049400000212046FFF762FF23681A695B6996071A
:1049500005D0DD0603D501212046FFF757FF236868
:10496000986959695A69C00707D5CE0505D5150458
:1049700042BFE26B42F00102E263986959695A69E9
:10498000800707D5890505D5120442BFE26B42F0C6
:104990000202E263986959695A69460707D54D05CD
:1049A00005D5100442BFE26B42F00402E26398694D
:1049B00059695A6910F0700F13D0090511D5120406
:1049C0000FD59A6902F07002402A2AD014D8202A02
:1049D0001FD0302A21D0102A16D09A6922F07002F6
:1049E0009A61E26B3AB104225A60012384F83830AC
:1049F0002046FBF76FFD70BD502A16D0602AECD11F
:104A0000E26B42F4807202E0E26B42F00802E26381
:104A1000E3E7E26B42F01002F9E7E26B42F02002BA
:104A2000F5E7E26B42F04002F1E7E26B42F0800210
:104A3000EDE700BF030000040003000800000310BE
:104A4000C06B70470749CA6822F4E062030212048F
:104A500003F4E063120C134343F0BF6343F40033E9
:104A6000CB60704700ED00E0164B30B5DC68C4F356
:104A70000224C4F10703251D042B28BF0423062D9F
:104A80004FF0FF3505FA03F38CBF033C002421EA05
:104A90000303A34005FA04F422EA0402002843EACF
:104AA0000203ACBF00F16040074A4FEA0313B8BFEE
:104AB00000F00F00DBB2AABF00F56140135480F88C
:104AC000003330BD00ED00E014ED00E0002808DB0D
:104AD0004209012300F01F0003FA00F0014B43F8E4
:104AE0002200704700E100E00138B0F1807F0BD276
:104AF0004FF0E023054A5861F02182F8231000208E
:104B0000072298611A6170470120704700ED00E0AC
:104B10004FF0E02304281A690CBF42F0040222F08F
:104B200004021A617047704708B5FFF7FCFF08BD23
:104B3000036810B5084C0246D9B210391820B1FBF1
:104B4000F0F0205CD06523F47F7020F003005F2933
:104B500088BF0430906510BDA49C000870B5044661
:104B6000FFF768FC0546002C72D0002384F834302F
:104B70002268022384F83530136823F001031360A0
:104B800021680B68DA072DD40B68324DA0691D40EF
:104B9000D4E901231343E268134322691343626992
:104BA0001343E26903431343226A13432B43656AA9
:104BB000042D02BFD4E90B26324313430B604A692C
:104BC000042D22F0070242EA050233D1A36A1A43F8
:104BD00098B9012B22D0022B00D05BBBE36ADB012A
:104BE00028D51FE0FFF726FC401B0528C8D9202345
:104BF0006365032084F8350070BDB0F5005F15D102
:104C0000032B17D801A050F823F000BF254C000853
:104C1000DD4B0008254C00081D4C0008E36AB3F189
:104C2000C07F07D1402363650120E3E7022BF9D958
:104C3000032BD3D04A612046FFF77AFFE26D3F2372
:104C40009340836000200123606584F83530D3E70A
:104C50000120D1E73F8010F090F83530022B03D0CF
:104C600080234365012070470268052380F83530B2
:104C7000136823F001031360002070472DE9F74FFC
:104C8000DFF8B4816D4ADFF8B89100230C68012782
:104C90009F4007EA040537EA040440F0B9804C68F5
:104CA00024F0100ABAF1020F16D14FEAD30E00EB2E
:104CB0008E0E03F0070BDEF820604FEA8B0B4FF0EF
:104CC0000F0C0CFA0BFC26EA0C0C0E6906FA0BF61C
:104CD00046EA0C06CEF82060D0F800B04FEA430E4A
:104CE0004FF0030C0CFA0EFC2BEA0C0B6FEA0C06CF
:104CF00004F0030C0CFA0EFC0AF1FF3A4CEA0B0C20
:104D0000BAF1010FC0F800C016D8D0F808C0D1F829
:104D10000CA006EA0C0C0AFA0EFA4AEA0C0CC0F8CF
:104D200008C0D0F804C02CEA0707C4F3001C0CFA32
:104D300003FC4CEA07074760C76837408E6806FAED
:104D40000EF63E43C660E60062D500260196D8F80E
:104D5000447047F48047C8F84470D8F8447007F4AA
:104D600080470197019F23F0030707F1804707F56C
:104D70009C3703F0030ED7F808A04FEA8E0E4FF0D1
:104D80000F0C0CFA0EFC2AEA0C0CDFF8B8A0504508
:104D90001DD006F1804606F50136B0423FD006F53B
:104DA0008066B0423DD006F58066B0423BD006F545
:104DB0008066B04239D0484539D006F50066B04229
:104DC00037D006F58066B0420CBF0726082606FAE3
:104DD0000EF646EA0C06BE601668EF4314F4803FF8
:104DE0000CBF3E402E431660566814F4003F0CBFC3
:104DF0003E402E435660966814F4801F0CBF3E4020
:104E00002E439660D668A40254BF3E402E43D6601F
:104E10000133102B7FF43AAF03B0BDE8F08F0126C9
:104E2000D5E70226D3E70326D1E70426CFE70526F8
:104E3000CDE70626CBE700BF00380240003C01402A
:104E400000140240000002400368F7B5DD07044685
:104E50003BD42368980700F18D8023681E0700F17A
:104E6000D88023685D072AD500230193924B934D88
:104E70001A6C42F080521A641B6C03F08053019349
:104E8000019B2B6843F480732B60FFF7D3FA06462F
:104E90002B68DA0540F1E180A368874D012B40F0D3
:104EA000E3802B6F43F001032B67FFF7C3FA824EB9
:104EB000054641F28837336F9B0740F1F680A269BF
:104EC000002A40F0FF80002015E07B4B9A6802F03A
:104ED0000C02042A07D09A6802F00C02082A0CD1AE
:104EE0005A68510209D5744B1B689A03B1D563689F
:104EF000002BAED1012003B0F0BD6268B2F5803F57
:104F000013D11A6842F480321A60FFF793FA6A4E9E
:104F1000054641F2883733689B039AD4FFF78AFA33
:104F2000401BB842F7D90320E5E7634DB2F5A02F47
:104F30002B6807D143F480232B602B6843F4803324
:104F40002B60E2E723F480332B602B6823F480236B
:104F50002B60002AD9D1FFF76DFA41F28837064657
:104F60002B6898037FF575AFFFF764FA801BB84292
:104F7000F6D9D8E7504B9A6812F00C0F07D09A6810
:104F800002F00C02082A16D15B68590213D44A4970
:104F90000B689A0702D5E368012BABD10868F823A8
:104FA00093FAA3F3B3FA83F22369934020F0F80253
:104FB00013430B6051E7E268414BDAB101221A60FA
:104FC000FFF738FA3C4D06462B689B070CD529683D
:104FD000F82393FAA3F3B3FA83F22369934021F001
:104FE000F80213432B6038E7FFF724FA801B0228EE
:104FF000EAD998E71A60FFF71DFA2F4E0546336885
:105000009F077FF52AAFFFF715FA401B0228F6D954
:1050100089E762692A4B82B10122C3F8802EFFF72B
:1050200009FA254E0546736F98073FF51AAFFFF74B
:1050300001FA401B0228F6D975E7C3F8802EFFF766
:10504000F9F91D4E0546736F99077FF50AAFFFF713
:10505000F1F9401B0228F6D965E7FFF7EBF9801B51
:1050600002287FF615AF5EE7052B04D12B6F43F0C6
:1050700004032B6715E72A6F22F001022A672A6FC3
:1050800022F004022A67002B7FF40FAFFFF7D2F95A
:1050900041F2883706462B6F98077FF510AFFFF770
:1050A000C9F9801BB842F6D93DE7FFF7C3F9401BA9
:1050B000B8427FF600AF36E700380240007000408B
:1050C000000047422C4DAB6803F00C03082B3FF463
:1050D00011AF2A4B022A4FF000021A663ED1FFF7A9
:1050E000A9F906462B68990132D447F6C07696FA9C
:1050F000A6F64FF44032B6FA86F692FAA2F24FF0D4
:105100007061B2FA82F091FAA1F1D4E90732134347
:10511000626AB2401343A26A5208013A82401343C2
:10512000E26AB1FA81F102FA01F10B436B60134BB1
:10513000114D01221A66FFF77DF904462B689A018A
:105140003FF5C1AEFFF776F9001B0228F6D9EAE673
:10515000FFF770F9801B0228C4D9E4E6FFF76AF96B
:1051600004462B689B017FF5AEAEFFF763F9001B89
:105170000228F6D9D7E600BF0038024000004742B7
:10518000194B9A6802F00C02042A28D0082A28D168
:105190005A685968586811F4800F02F03F0247F6C8
:1051A000C07191FAA1F3B3FA83F300EA010020FA87
:1051B00003F014BF0D4B0E4BB3FBF2F20A4B5043FE
:1051C0005B684FF4403292FAA2F2B2FA82F203F430
:1051D0004033D34001335B00B0FBF3F0704703482A
:1051E00070470348704700BF0038024040787D0197
:1051F0000024F400554B1A6802F00F028A422DE990
:10520000F04104460D462FD32268960736D4D007C6
:105210003CD44E4B1A6802F00F02AA4200F286807C
:105220002268510700F18A80130707D5484A21698F
:10523000936823F4604343EAC1039360FFF7A0FF40
:10524000434BF0229B6892FAA2F2B2FA82F203F088
:10525000F003D3403F4AD35CD8403F4B18600F2047
:10526000FFF7B2F8002007E0CAB21A701B6803F01B
:105270000F038B42C8D00120BDE8F0813449A068FB
:105280008B6823F0F00303438B60C0E76268304B08
:10529000012A1DD11B6813F4003FECD02C4EB368DB
:1052A00023F003031343B360FFF7C4F86368012BD3
:1052B000074641F2883815D1B36803F00C03042B7C
:1052C000A7D0FFF7B7F8C01B4045F5D90320D3E7B7
:1052D000911E01291B6802D813F0007FDDE713F04F
:1052E000020FDAE7022B0AD1B36803F00C03082B94
:1052F0008FD0FFF79FF8C01B4045F5D9E6E7032B99
:105300000FD1B36803F00C030C2B82D0FFF792F897
:10531000C01B4045F5D9D9E7FFF78CF8C01B4045C5
:10532000D4D8B36813F00C0FF6D172E7EAB21A7052
:105330001B6803F00F03AB429DD171E70449E0689D
:105340008B6823F4E05303438B606DE7003C02401D
:1053500000380240AC9C00080C000020014B18688B
:10536000704700BF0C000020084B4FF4E0529B68D0
:1053700092FAA2F2B2FA82F203F4E053D340044A62
:10538000D35C044A1068D840704700BF0038024020
:10539000AC9C00080C000020084B4FF460429B6856
:1053A00092FAA2F2B2FA82F203F46043D340044AC2
:1053B000D35C044A1068D840704700BF00380240F0
:1053C000AC9C00080C0000200368DA6842F001027F
:1053D000DA601A6842F001021A600020704770B566
:1053E00090F83830012B04464FF002001FD0012303
:1053F00084F83830236884F839009A6822F47F42B0
:1054000022F077029A600A68502A5BD02CD8202AB2
:1054100000F093800CD8002A00F08380102A00F05E
:1054200086800123002084F8393084F8380070BD6C
:10543000302A00F08880402AF3D14868CE68196A83
:105440001D6A25F001051D629A6921F00A0122F00A
:10545000F00242EA061201439A6119629A6822F048
:10546000700242F047022BE0B2F5805F25D012D8DF
:10547000602A3ED0702AD4D1D1E901529868C96817
:105480002A4320F47F4042EA012202439A609A684C
:1054900042F0770214E0B2F5005FC2D1D1E90152C7
:1054A0009868C9682A4320F47F4042EA01220243F7
:1054B0009A609A6842F4804202E09A6822F00702F9
:1054C0009A60AEE74868CE68196A1D6A25F0010542
:1054D0001D629A6921F00A0122F0F00242EA0612E6
:1054E00001439A6119629A6822F0700242F05702F1
:1054F000E6E7186A4D68CE6820F0100018629969D6
:105500001A6A21F4704122F0A00242EA051241EA2F
:10551000063199611A629A6822F0700242F06702BD
:10552000CEE79A6822F0700242F00702C8E79A6854
:1055300022F0700242F01702C2E79A6822F070026D
:1055400042F02702BCE79A6822F0700242F037026C
:10555000B6E770477047704703681A69910710B53E
:1055600004460ED5DA6892070BD56FF002021A6175
:10557000012202769B699B0777D0FDF77FFF00230E
:10558000237623681A69500710D5DA6851070DD5BC
:105590006FF004021A61022222769B6913F4407FA5
:1055A000204668D0FDF76AFF0023237623681A6936
:1055B00012070FD5DA6810070CD56FF008021A61D0
:1055C00004222276DB69990720465AD0FDF756FF60
:1055D0000023237623681A69D20610D5DA68D0062C
:1055E0000DD56FF010021A6108222276DB6913F4E0
:1055F000407F20464BD0FDF741FF002323762368F0
:105600001A69D10708D5DA68D20705D56FF001020B
:105610001A612046FDF7F2FE23681A69100608D5C4
:10562000DA68110605D56FF080021A61204600F095
:10563000FEF923681A69520608D5DA68500605D5BE
:105640006FF040021A612046FFF785FF23681A6950
:10565000910622D5DA6892061FD56FF02002204607
:105660001A61BDE8104000F0E1B9FFF772FF204673
:10567000FFF770FF83E7FFF76CFF2046FFF76AFF35
:1056800092E7FFF766FF2046FFF764FFA0E7FFF70A
:1056900060FF2046FFF75EFFAFE710BD2E4A0368AC
:1056A000904212D0B0F1804F0FD0A2F57C429042D0
:1056B0000BD002F58062904207D002F580629042E2
:1056C00003D002F57842904219D14A6823F0700362
:1056D0001343214A904229D0B0F1804F26D0A2F541
:1056E0007C42904222D002F5806290421ED002F5A8
:1056F000806290421AD002F57842904216D0174A42
:10570000904213D002F5806290420FD002F5806281
:1057100090420BD0A2F59832904207D002F58062F9
:10572000904203D002F58062904203D1CA6823F40C
:105730004073134303608B68C3620B688362064B3C
:10574000984203D003F58063984201D10B6903634B
:1057500001234361704700BF000001400040014049
:1057600010B50446A0B190F8393003F0FF021BB920
:1057700080F83820FDF718FE0223206884F83930BD
:10578000211DFFF78BFF012384F83930002010BD65
:105790000120FCE710B50446A0B190F8393003F0C1
:1057A000FF021BB980F83820FDF730FE0223206885
:1057B00084F83930211DFFF771FF012384F8393057
:1057C000002010BD0120FCE710B50446A0B190F800
:1057D000393003F0FF021BB980F83820FDF72EFEA8
:1057E0000223206884F83930211DFFF757FF012379
:1057F00084F83930002010BD0120FCE770B5046A40
:105800001A4E24F0010404628469056AB04224F04F
:10581000030429D0B0F1804F26D0A6F57C46B042D3
:1058200022D006F58066B0421ED006F58066B042F2
:105830001AD006F57846B04216D006F57056B0423A
:1058400012D0A6F59436B0420ED044F001021B01EE
:10585000DBB222F0F0021A4301F00A0125F00A033C
:1058600019438261016270BD2243F0E700000140EC
:10587000F8B590F83830012B04460E4615464FF027
:1058800002001AD0012384F8390084F83830D1E9B5
:1058900000122068F3688DB9FFF7B0FF2368B16884
:1058A0009A6922F00C029A619A690A439A6101236B
:1058B000002084F8393084F83800F8BD042DB6682B
:1058C00022D1056A25F0100505628769D0F820E02D
:1058D00027F4407C1D034CEA022C09012CF4704C87
:1058E000ADB22EF0A00E01F0A00145EA0C0541EA90
:1058F0000E0185610162836923F4406383618369DA
:1059000043EA06268661D2E7082D056A1CD125F4F4
:1059100080750562C769056A27F0030717431B01F5
:105920000902DBB227F0F00725F4206501F42061BD
:105930001F432943C7610162C36923F00C03C3619C
:10594000C3691E43C661B2E725F480550562C56987
:10595000076A25F4407545EA02251B03090325F46F
:1059600070459BB227F4204701F420412B43394373
:10597000C3610162C36923F44063C361C36943EA3D
:105980000626DFE7036A10B501248C4023EA0403EE
:105990000362036A8A401A43026210BD082910B5E7
:1059A000044600681CD00CD889B1042914D0012207
:1059B000FFF7E8FF2268136843F00103136000203B
:1059C00010BD0C29F3D1C36843F0100302E0C36893
:1059D00043F00203C360EAE7C36843F00403F9E756
:1059E000C36843F00803F5E710B590F83830012B91
:1059F00002464FF0020018D0136882F83900586848
:105A00000C68496820F0700058605868204358605E
:105A1000986820F0800098609868014399600020A1
:105A2000012382F8393082F8380010BD7047704782
:105A30000368DA6822F49072DA605A6922F001028F
:105A40005A61202380F83A30704700002DE9F8436E
:105A50000368C1681A69044622F440520A431A6175
:105A60002569A268D968C0692A43656921F416418D
:105A70002A4321F00C0102430A43DA605A69A16902
:105A800022F440720A43B0F5004F5A61844A40F054
:105A90008680934203D002F5806293424AD1FFF799
:105AA0007BFC67684FF019094FF0640809FB00F3AD
:105AB0007F00B3FBF7F3B3FBF8F31F01FFF76CFCB8
:105AC000656809FB00F06D00B0FBF5F5FFF764FCBD
:105AD000636809FB00F65B00B6FBF3F6FFF75CFCBE
:105AE000B6FBF8F608FB16566368F6003236B6FBCE
:105AF000F8F6760009FB00F55B0006F4F876B5FBD6
:105B0000F3F5FFF749FC09FB00F3606822684FEAF0
:105B10004009B3FBF9F3B3FBF8F308FB1353DB00C5
:105B20003233B3FBF8F303F007033B443344936091
:105B3000BDE8F883FFF718FC67684FF019094FF0CC
:105B4000640809FB00F37F00B3FBF7F3B3FBF8F342
:105B50001F01FFF709FC656809FB00F06D00B0FB51
:105B6000F5F5FFF701FC636809FB00F65B00B6FB87
:105B7000F3F6FFF7F9FBB6FBF8F608FB1656636879
:105B8000F6003236B6FBF8F6760009FB00F55B004E
:105B900006F4F876B5FBF3F5FFF7E6FBB3E79342BF
:105BA00002D0404A934247D1FFF7F6FB67684FF0B7
:105BB00019094FF0640809FB00F3BF00B3FBF7F3CA
:105BC000B3FBF8F31F01FFF7E7FB656809FB00F083
:105BD000AD00B0FBF5F5FFF7DFFB626809FB00F3F2
:105BE0009200B3FBF2F3B3FBF8F308FB13531B0172
:105BF0003233B3FBF8F303F0F006FFF7CDFB636835
:105C000009FB00F59B00B5FBF3F5FFF7C5FB09FBAE
:105C100000F3606822684FEA8009B3FBF9F3B3FB35
:105C2000F8F308FB13531B013233B3FBF8F303F013
:105C30000F0333433B447AE7FFF796FB67684FF067
:105C400019094FF0640809FB00F3BF00B3FBF7F339
:105C5000B3FBF8F31F01FFF787FB656809FB00F052
:105C6000AD00B0FBF5F5FFF77FFB626809FB00F3C1
:105C70009200B3FBF2F3B3FBF8F308FB13531B01E1
:105C80003233B3FBF8F303F0F006FFF76DFB636804
:105C900009FB00F59B00B5FBF3F5FFF765FBB6E7E5
:105CA0000010014000140140F8B504460E461746A6
:105CB0001D462268136836EA030301D1002014E070
:105CC0006B1CF7D095B92368DA6822F4D072DA60D9
:105CD0005A6922F001025A61202384F8393084F88D
:105CE0003A30002384F838300320F8BDFEF7A2FBD9
:105CF000C01B8542DDD2E6E710B5044640B390F8FC
:105D0000393003F0FF021BB980F83820FDF7C0FCE2
:105D10002268242384F83930D36823F40053D360F5
:105D20002046FFF793FE23681A6922F490421A6115
:105D30005A6922F02A025A61DA6842F40052DA60A3
:105D400000202023E06384F8393084F83A3010BD15
:105D50000120FCE72DE9F0411F4690F83930202B57
:105D600004460D4690464FD100294BD0002A49D019
:105D700090F83830012B47D0012380F838300023C9
:105D8000C363212380F83930FEF754FBA4F8248044
:105D90000646A4F82680E38C9BB263B93B463246A4
:105DA00040212046FFF780FFA8B9202384F839302E
:105DB00084F8380010E0E38C013B9BB2E384A368D5
:105DC000B3F5805F32463B464FF08001204610D14C
:105DD000FFF76AFF10B10320BDE8F0812B8822682D
:105DE000C3F30803536023690BB90235D3E70135C8
:105DF000D1E7FFF759FF0028EDD1236815F8012BF3
:105E00005A60C8E70120E7E70220E5E770477047DE
:105E100090F83A30222B10B520D1816804690268CD
:105E2000836AB1F5805F1ED15268C4B9C2F308021B
:105E300023F8022B8362C38D013B9BB2C3856BB9F0
:105E40000368DA6822F49072DA605A6922F001027B
:105E50005A61202380F83A30FFF7D9FF10BDD2B243
:105E600023F8012BE6E7591C526881620CB91A70BD
:105E7000E1E702F07F02FAE77047000003681A6862
:105E8000D96870B516075D69044607D1960659D5DD
:105E90008D0657D5BDE87040FFF7BABF05F0010089
:105EA00001F4907505434DD0D60705D5CD0542BF09
:105EB000E36B43F00103E363530704D518B1E36BCD
:105EC00043F00203E363960704D518B1E36B43F094
:105ED0000403E363150704D518B1E36B43F008032B
:105EE000E363E36B4BB3900604D5890602D52046E5
:105EF000FFF78EFF23685B69E56B03F0400305F055
:105F000008051D43204619D0FFF792FD23685A6902
:105F100052060FD55A69606B22F040025A6148B1AF
:105F2000254B0365FEF798FE38B1606BBDE8704005
:105F3000036D18472046FFF79FFF70BDFFF79CFFDA
:105F4000E563FAE7160628D50D0626D594F839201C
:105F5000212AF2D1A168226AB1F5805F18D1118897
:105F6000C1F308015960216981B902322262E28CD1
:105F7000013A92B2E284002ADFD1DA6822F080028C
:105F8000DA60DA6842F04002DA60D6E70132EDE723
:105F9000511C216212785A60E9E75006CDD54A06B5
:105FA000CBD5DA6822F04002DA60202384F8393059
:105FB0002046FFF72BFFC0E7BD5F000808B5806BE8
:105FC0000023C385C384FFF757FF08BD00F1080312
:105FD0004FF0FF32C0E902234360036100230360F6
:105FE000704700230361704743684B609A688A607A
:105FF0009A685160996003680861013303607047D3
:1060000030B50C68631C0AD103695A684A60916014
:106010008B605960036808610133036030BD00F193
:106020000802134652681568A542FAD9EDE7D0E98F
:10603000011203698A6051605968814208BF5A6041
:10604000002202611A68013A1A601868704710B598
:10605000044601F0B7F9A46B01F0D4F9B4FA84F066
:10606000400910BDF8B51546026C866B044652B95E
:10607000076847BB406800F03FFF67600546013690
:10608000A6632846F8BD65B9806803F031FBA368B4
:10609000226C13446268A3609342F0D32368A36028
:1060A000EDE7C06803F024FB226CE36851429B1AC1
:1060B0002268E36093423EBF63685B18E360022D91
:1060C00001D116B1013E0025D9E73546D7E7034691
:1060D00010B41A6C084662B1DC68596814448C42EA
:1060E00028BF1968DC6028BFD960D96810BC03F0EC
:1060F000FFBA10BC704770B5044601F063F994F81C
:10610000455004F124066DB2002D14DCFF2384F801
:10611000453001F077F901F055F994F8445004F155
:1061200010066DB2002D12DCFF2384F84430BDE868
:10613000704001F067B9636A002BE7D0304600F089
:106140003DFE08B100F0C2FE013D6DB2DCE72369FF
:10615000002BE9D0304600F031FE08B100F0B6FE69
:10616000013D6DB2DEE738B50D46044640B94FF04B
:10617000500383F31188BFF36F8FBFF34F8FFEE798
:1061800001F020F9D4E90F312268A2604B43D01806
:106190005B1A13446060E3600020FF23A06384F86F
:1061A000443084F84530A5B9236973B104F1100077
:1061B00000F004FE48B14FF0E0234FF08052C3F8E6
:1061C000042DBFF34F8FBFF36F8F01F01BF9012038
:1061D00038BD04F11000FFF7F9FE04F12400FFF7C9
:1061E000F5FEF2E7F8B50D461746064640B94FF002
:1061F000500383F31188BFF36F8FBFF34F8FFEE718
:106200004843503001F0F6F9044658B165B100F149
:106210005003C4E90F65236001212046FFF7A3FF67
:1062200084F84C702046F8BD0346F2E72DE9F043B0
:1062300085B0884601921F46044640B94FF050038E
:1062400083F31188BFF36F8FBFF34F8FFEE751B910
:10625000036C43B14FF0500383F31188BFF36F8F8A
:10626000BFF34F8FFEE7022F0BD1E36B012B08D05A
:106270004FF0500383F31188BFF36F8FBFF34F8F3D
:10628000FEE700F029FE064650B9019B4BB14FF0E6
:10629000500383F31188BFF36F8FBFF34F8FFEE777
:1062A00000264FF0000937E0019D1DB901F0AAF862
:1062B000002052E016B902A800F0C0FD01F0A2F8DB
:1062C00000F08AFB01F07EF894F84430FF2B08BF01
:1062D00084F8449094F84530FF2B08BF84F845902B
:1062E00001F090F801A902A800F0B4FD00284AD1FD
:1062F00001F068F8A26BE36B9A4231D101F082F8A9
:10630000019904F1100000F021FD2046FFF7F3FE93
:1063100000F002FC60B3012601F054F8A26BE36BBD
:106320009A4201D3022FBFD13A4641462046FFF799
:1063300099FE636A1BB104F1240000F03FFD48B1EF
:106340004FF0E0234FF08052C3F8042DBFF34F8F7E
:10635000BFF36F8F01F056F8012005B0BDE8F08360
:1063600001F050F82046FFF7C6FE00F0D5FBD2E75B
:106370004FF0E0234FF08052C3F8042DBFF34F8F4E
:10638000BFF36F8FC7E72046FFF7B5FE00F0C4FBF1
:106390008EE72DE9F843894690461F46044640B9EA
:1063A0004FF0500383F31188BFF36F8FBFF34F8F0C
:1063B000FEE751B9036C43B14FF0500383F31188EA
:1063C000BFF36F8FBFF34F8FFEE7022F0BD1E36B4D
:1063D000012B08D04FF0500383F31188BFF36F8F68
:1063E000BFF34F8FFEE701F0B3F8EFF311864FF0E4
:1063F000500383F31188BFF36F8FBFF34F8FA26BEE
:10640000E36B9A4201D3022F22D194F845503A46C9
:106410006DB249462046FFF725FE6B1C13D1636A17
:106420000BB901200BE004F1240000F0C7FC0028A8
:10643000F7D0B8F1000FF4D00120C8F8000086F3BF
:106440001188BDE8F88301356DB284F84550E8E75E
:106450000020F4E72DE9FF410F460192044640B9C0
:106460004FF0500383F31188BFF36F8FBFF34F8F4B
:10647000FEE751B9036C43B14FF0500383F3118829
:10648000BFF36F8FBFF34F8FFEE700F025FD064689
:1064900050B9019B4BB14FF0500383F31188BFF308
:1064A0006F8FBFF34F8FFEE700264FF000083DE0EF
:1064B000019D1DB900F0A6FF002056E016B902A804
:1064C00000F0BCFC00F09EFF00F086FA00F07AFFBE
:1064D00094F84430FF2B08BF84F8448094F845308A
:1064E000FF2B08BF84F8458000F08CFF01A902A8AB
:1064F00000F0B0FC002841D12046FFF7A8FDB8B35A
:10650000019904F1240000F021FC2046FFF7F3FD7F
:1065100000F002FB48B94FF0E0234FF08052C3F87F
:10652000042DBFF34F8FBFF36F8F012600F04AFF9A
:10653000A56B002DBCD039462046013DFFF7C7FDB5
:10654000A563236973B104F1100000F037FC48B172
:106550004FF0E0234FF08052C3F8042DBFF34F8F6C
:10656000BFF36F8F00F04EFF012004B0BDE8F08153
:106570002046FFF7C0FD00F0CFFAD6E72046FFF730
:10658000BAFD00F0C9FA2046FFF761FD0028CCD023
:1065900092E7000010B5074A002352F833402CB9A7
:1065A00042F8331002EBC303586010BD0133082BCF
:1065B000F3D1FAE7E021002070B504460D461646F7
:1065C00000F000FF94F84430FF2B04BF002384F850
:1065D000443094F84530FF2B04BF002384F8453045
:1065E00000F010FFA36B2BB93246294604F12400BA
:1065F00000F0C6FB2046BDE87040FFF77CBD000000
:10660000F8B5154B154D1C680646286804300F4632
:10661000FFF70DFD731C07D137B129681048BDE89D
:10662000F8400431FFF7E0BC2B68A4195C6007D385
:106630000C4B18682968BDE8F8400431FFF7E0BC4E
:10664000094B186829680431FFF7DAFC074B1A6810
:10665000A24288BF1C60F8BD18270020202200201D
:10666000F02600202822002024220020D02600200E
:10667000064A13681968064B19B94FF0FF321A60C1
:1066800070471268D268D2685268F8E72422002066
:10669000D026002080B5154C154F164E236873B9CF
:1066A000154B1B68012BF8D94FF0E0234FF08052B7
:1066B000C3F8042DBFF34F8FBFF36F8FEDE700F0EA
:1066C00081FEFB68DD68281DFFF7B1FC3368013BE4
:1066D00033602368013B236000F094FE286B01F0D7
:1066E0001BF8284601F018F8D8E700BF90260020D4
:1066F000042700208C2600202C2200202DE9F84FB2
:106700009500074628460E46984600F073FF8246DD
:10671000002800F09D805C2000F06CFF04460028FB
:1067200000F09380C0F830A02A46A521504603F01F
:1067300007F8D4F830B0731E04F134020F3613F8A2
:10674000011F02F8011B09B1B342F8D10A9E372E8E
:1067500028BF37264FF0000904F1040AC4E9136981
:10676000E662504684F84390043DFFF73AFCC6F1D8
:10677000380604F118005D44FFF733FCC4F8549068
:106780002461A661646284F858904246394625F037
:10679000070000F0EDFD0B9B206003B11C6000F0D2
:1067A00011FE334B334E1A68334F01321A6035688D
:1067B000002D51D134601B68012B1FD1B8464046D3
:1067C0000135FFF703FC382D08F11408F7D1DFF885
:1067D000AC802B4D4046FFF7F9FB2846FFF7F6FB50
:1067E0002848FFF7F3FB2848FFF7F0FB2748FFF79F
:1067F000EDFB274BC3F80080264B1D60264A13682B
:1068000001331360254A63641168E36A14208B42E4
:1068100000FB0370514688BF1360FFF7E5FB00F0F3
:10682000F1FD1F4B1B6873B13368DA6AE36A9A4261
:1068300009D24FF0E0234FF08052C3F8042DBFF38C
:106840004F8FBFF36F8F012004E0504600F064FFCC
:106850004FF0FF30BDE8F88F114B1B68002BCDD1F6
:106860003368DA6AE36A9A4298BF3460C6E700BFC9
:106870008C260020202200202C220020A42600208C
:10688000B8260020D826002004270020F02600206B
:1068900024220020282200209C260020A026002060
:1068A000EC26002070B50446244D00F08BFD04B9A1
:1068B0002C68261D3046FFF7BAFBA36A1BB104F112
:1068C0001800FFF7B4FB1E4A1368013313602B68EE
:1068D000A3421BD11B483146FFF786FB1A4A1368B7
:1068E0000133136000F08EFD184B1B682BB32B682F
:1068F000A34222D1164B1B68ABB14FF0500383F378
:106900001188BFF36F8FBFF34F8FFEE7114A206BE3
:106910001368013B136000F0FFFE204600F0FCFE10
:10692000FFF7A6FEDEE74FF0E0234FF08052C3F8FA
:10693000042DBFF34F8FBFF36F8F70BD2022002057
:106940009C2600200427002090260020EC26002012
:10695000982600208C26002013B5194B01930024A3
:1069600018491948009423468022FFF7C7FE0128E2
:1069700018D100F04DFB012814D14FF0500383F3E0
:106980001188BFF36F8FBFF34F8F104B4FF0FF3263
:106990001A600F4B18600F4B1C6002B0BDE810402E
:1069A00000F07ABD013008D14FF0500383F3118815
:1069B000BFF36F8FBFF34F8FFEE702B010BD00BF74
:1069C000CC260020BC9C000895660008D02600203C
:1069D000EC26002018270020024A136801331360B8
:1069E000704700BF98260020014B1868704700BF11
:1069F000182700202DE9F84F3C4B1B68002B6ED167
:106A00003B4B1D6801351D60BDB93A4B1A681268D1
:106A100042B14FF0500383F31188BFF36F8FBFF380
:106A20004F8FFEE7344A1968106818601160334AC6
:106A3000136801331360FFF71BFE314E314F33688B
:106A4000AB424FF0000410D92F4B1B68DB6A1422B5
:106A50005343FB58022B28BF01242C4B1B68002BEF
:106A60000CBF20460120BDE8F88FDFF88890DFF8E2
:106A7000A0A0D9F800301B681BB94FF0FF3333607A
:106A8000E2E7D9F80030DB68D3F80CB0DBF804207B
:106A9000954201D23260D7E70BF104084046FFF778
:106AA000C6FADBF828201AB10BF11800FFF7BFFA7D
:106AB000DBF82C00DAF800201423904288BFCAF8D3
:106AC0000000414603FB0070FFF78EFA0E4BDBF827
:106AD0002C201968CB6A9A4228BF0124C9E70D4AC5
:106AE0001368013313600024B7E700BF9826002025
:106AF000182700202422002028220020D42600204D
:106B0000D02600202C220020202200201C2700203C
:106B1000A0260020942600202DE9F041304C236867
:106B200043B94FF0500383F31188BFF36F8FBFF366
:106B30004F8FFEE700F046FC2368013B236024688A
:106B40002CB1002400F05EFC2046BDE8F081254B0E
:106B50001B68002BF5D0244D244EDFF894801DE0F7
:106B6000EB68DC68271D04F11800FFF760FA38466F
:106B7000FFF75DFAE36A32681420934200FB03805A
:106B8000394688BF3360FFF72FFA1A4BE26A1B6859
:106B9000DB6A9A4202D3184B01221A602B68002B41
:106BA000DED10CB1FFF764FD144D2C6844B1124ED8
:106BB0000127FFF71FFF00B13760013CF9D12C60BE
:106BC0000D4B1B68002BBCD04FF0E0234FF08052E0
:106BD000C3F8042DBFF34F8FBFF36F8F0124B1E7CC
:106BE000982600208C260020D8260020A0260020F1
:106BF0002C220020202200201C2700209426002088
:106C000010B540B94FF0500383F31188BFF36F8F75
:106C1000BFF34F8FFEE741B94FF0500383F3118864
:106C2000BFF36F8FBFF34F8FFEE7174B1B6843B166
:106C30004FF0500383F31188BFF36F8FBFF34F8F73
:106C4000FEE7FFF7C9FE114B04681A6863182CBFF2
:106C500001210021944203600ED971B9FFF75CFF56
:106C600048B94FF0E0234FF08052C3F8042DBFF332
:106C70004F8FBFF36F8F10BD09B99A42EED200213A
:106C8000981AFFF7BDFCE9E7982600201827002096
:106C900008B550B94FF0E0234FF08052C3F8042DEF
:106CA000BFF34F8FBFF36F8F08BD0A4B196841B117
:106CB0004FF0500383F31188BFF36F8FBFF34F8FF3
:106CC000FEE7FFF789FEFFF79BFCFFF725FF002893
:106CD000E0D0E9E798260020174B1A68174B70B5EB
:106CE00012B101221A6070BD154D1A602A6815494B
:106CF000142606FB02F3C818CC588CB1446808333C
:106D0000646844600B449C4204BF6368436014237E
:106D100003FB02114B68D9680B4B19602A60E2E74C
:106D200042B94FF0500383F31188BFF36F8FBFF365
:106D30004F8FFEE7013ADCE7982600201C27002051
:106D4000A02600202C2200202022002010B50C4676
:106D500040B94FF0500383F31188BFF36F8FBFF337
:106D60004F8FFEE7054B19681831FFF749F92046A8
:106D70000121BDE81040FFF743BC00BF20220020E6
:106D800038B50D46144640B94FF0500383F31188CF
:106D9000BFF36F8FBFF34F8FFEE7074B19681831B2
:106DA000FFF722F9002C21460CBF28464FF0FF3098
:106DB000BDE83840FFF724BC2022002038B5C36866
:106DC000DC6844B94FF0500383F31188BFF36F8F31
:106DD000BFF34F8FFEE704F118052846FFF727F9A8
:106DE000104B1B68DBB9251D2846FFF720F90E4A1A
:106DF000E36A11688B4288BF13600C4A142029464D
:106E000000FB0320FFF7F0F8094BE26A1B68DB6A1E
:106E10009A4283BF074B01201860002038BD064806
:106E20002946EFE798260020A02600202C220020EB
:106E3000202200201C270020D8260020034B1B689E
:106E40000360034B1B684360704700BFD4260020DB
:106E50001827002070B50C46054640B94FF0500386
:106E600083F31188BFF36F8FBFF34F8FFEE741B9F4
:106E70004FF0500383F31188BFF36F8FBFF34F8F31
:106E8000FEE700F09FFA0F4B196823685A1C10D0D8
:106E90000D482E6800686A68864201D08A420FD980
:106EA000881A83420AD95B1A134423602846FFF7E5
:106EB000C5FF002400F0A6FA204670BD0023236021
:106EC0000124F7E718270020D4260020014B0122D7
:106ED0001A6070471C270020054B1B6833B1054B17
:106EE0001B68002B0CBF0220002070470120704758
:106EF000EC2600209826002038B508B9002038BDBF
:106F00001B4B1C68844208D04FF0500383F3118858
:106F1000BFF36F8FBFF34F8FFEE7236D43B94FF081
:106F2000500383F31188BFF36F8FBFF34F8FFEE7DA
:106F3000E16AE26C013B91422365DFD0002BDDD199
:106F4000251D2846FFF773F8E36CE362C3F13802AE
:106F5000A261084A11688B4288BF1360064A142058
:106F600000FB03202946FFF73FF80120C7E700BFD9
:106F700020220020A02600202C220020F8B50F4C53
:106F800000F020FA2568ADB90D4F0E4E3846FFF7D8
:106F90001DF83046FFF71AF80B4B1F600B4B2A46C3
:106FA00010210A201E60FFF71DF9206010B108496A
:106FB000FFF7F0FABDE8F84000F024BA54270020AB
:106FC000282700203C2700202027002024270020FD
:106FD000C19C0008914208B5416000610AD8D21AEC
:106FE00083699A420DD2084B011D1868FFF708F813
:106FF000002008BD9A4201D2994202D2034B011DE2
:10700000F3E70120F5E700BF242700202027002018
:1070100007B5FFF7B3FF0E4B1B6843B94FF05003A2
:1070200083F31188BFF36F8FBFF34F8FFEE7094BD8
:107030000193022300930849084800234FF480720B
:10704000FFF75CFB0028E9D003B05DF804FB00BF4C
:107050005427002058270020C69C000861710008B2
:107060007FB5164604461A4640B94FF0500383F3E5
:107070001188BFF36F8FBFF34F8FFEE70D4D286868
:1070800080B10529CDE9001602940DDCFFF724FF3D
:107090000023022808BF089A286818BF1A466946C4
:1070A000FFF7C4F804B070BD00236946FFF771F91B
:1070B000F8E700BF542700202DE9F74FDFF8948050
:1070C0000646FFF791FCD8F80030834205463ED9CA
:1070D000214F4FF000093B681A685AB91F4A1168DE
:1070E00039601360012328463360C8F8005003B0AC
:1070F000BDE8F08FDB68DC68D3F800A004F1040B76
:107100005846FEF794FF636A20469847E369012BCF
:10711000E1D1A36953449A4506D23868636024617B
:107120005946FEF76DFFD6E70023CDF80090524692
:1071300019462046FFF794FF0028CCD14FF05003AA
:1071400083F31188BFF36F8FBFF34F8FFEE70023E8
:10715000C9E700BF50270020202700202427002057
:107160002DE9F043674E684F89B033681D68002DE4
:1071700033D0DB68D3F80080FFF72EFC04A8FFF7BC
:107180009BFF049C8146002C75D1002D58D04045B2
:107190005CD3FFF7C1FC3368DB68DD68281DFEF7B0
:1071A00046FFEB69012B1AD1A96943464A4641447F
:1071B0002846FFF70FFF90B1009423464246214630
:1071C0002846FFF74DFF50B94FF0500383F3118865
:1071D000BFF36F8FBFF34F8FFEE7A846CCE76B6A14
:1071E000284698473868002204A9FFF733F9002899
:1071F000BBD0049B0698002B40DB069C6369002BE8
:1072000043D103A8FFF758FF049B0246092BE9D896
:1072100001A151F823F000BF937200089372000897
:1072200093720008E5710008D7720008FB7200082D
:107230009372000893720008E5710008D772000885
:10724000324B1B681C68B4FA84F46409386822461F
:10725000A8EB0901FFF7B0F9FFF75EFC0028C1D1E8
:107260004FF0E0234FF08052C3F8042DBFF34F8F4F
:10727000BFF36F8FB6E7FFF74FFCB3E7059B0799A6
:107280009847049B002BADDBB7E7201DFEF7CFFE30
:10729000B7E7A169059B20461944FFF79BFE00282C
:1072A000A0D0636A20469847E369012B9AD1A2696E
:1072B000059900230A44009319462046FFF7D0FEA3
:1072C00000288FD14FF0500383F31188BFF36F8FE5
:1072D000BFF34F8FFEE70599A16141B94FF050030D
:1072E00083F31188BFF36F8FBFF34F8FFEE7034621
:1072F00001442046FFF76EFE74E7204600F00CFACA
:1073000070E700BF202700205427002024270020FA
:1073100006480068006880F3088862B661B6BFF36B
:107320004F8FBFF36F8F00DF00BF000008ED00E05C
:1073300082B0002301930D4B1B68013308D04FF03E
:10734000500383F31188BFF36F8FBFF34F8FFEE7B6
:107350004FF0500383F31188BFF36F8FBFF34F8F4C
:10736000019B002BFCD002B0704700BF1000002032
:107370004FF0807340F8043C21F00101044B40F8C9
:10738000081C40F80C3C40F8202C4038704700BFE7
:107390003173000800000000000000000000000041
:1073A000074B19680868B0E8F00F80F30988BFF34D
:1073B0006F8F4FF0000080F311884EF00D0E704774
:1073C000202200204FF0500383F31188BFF36F8F0A
:1073D000BFF34F8F0A4A13680133012B13600ED19C
:1073E0004FF0E023D3F8043DDBB243B14FF050033C
:1073F00083F31188BFF36F8FBFF34F8FFEE77047A2
:1074000010000020084A136843B94FF0500383F37B
:107410001188BFF36F8FBFF34F8FFEE7013B1360FF
:107420000BB983F3118870471000002000000000A2
:10743000EFF30980BFF36F8F0D4B1A6820E9F00F4F
:1074400010602DE908404FF0500080F31188FFF7DD
:1074500043FC4FF0000080F31188BDE80840196834
:107460000868B0E8F00F80F30988BFF36F8F7047AA
:10747000202200204FF0E022002313619361054B8E
:107480004FF47A711B68B3FBF1F3013B536107239F
:10749000136170470C00002013B5294B1A78D2B243
:1074A0000192FF221A701B78264ADBB28DF8033056
:1074B0009DF8033003F050031370234A0723136031
:1074C00000219DF80300000603F1FF340CD411B134
:1074D000032B136011D04FF0500383F31188BFF3D7
:1074E0006F8FBFF34F8FFEE79DF803305B00DBB279
:1074F0008DF8033001212346E3E74FF44073136016
:10750000019B0F4ADBB213704FF0E0230024D3F845
:10751000202D42F47002C3F8202DD3F8202D42F024
:107520007042C3F8202DFFF7A5FF084B1C60FFF742
:10753000EFFEFFF7D1FBFFF7FBFE204602B010BDC8
:1075400000E400E05C2700206027002010000020FD
:10755000EFF305830F2B0ED9114A9B5C114A127869
:107560009A4208D94FF0500383F31188BFF36F8F0D
:10757000BFF34F8FFEE74FF0E0230B4AD3F80C3DEB
:10758000126803F4E063934208D94FF0500383F389
:107590001188BFF36F8FBFF34F8FFEE7704700BFB7
:1075A000F0E300E05C2700206027002010B50F4BBF
:1075B0001A461B688342FBD354681119884201BFE5
:1075C0004168104609195160446801198B4207D17E
:1075D000074909688B421FBF59681B680919416038
:1075E0009042036018BF106010BD00BF746300209C
:1075F000642700202DE9F0410446FFF7EDF94048EB
:10760000404D03680BBB40494E071FBFCB1D23F005
:10761000070301F57052D21A14BF19464FF4705285
:107620000A443A4E083A22F00702002373603160A0
:10763000C2E90033531AC1E900230260344A1360DF
:10764000344A13604FF000432B602F68274251D11A
:10765000002C42D004F1080361071CBF23F007038C
:107660000833002B46D02B4C26689E4242D3274A33
:1076700015686968994204D2D5F800C0BCF1000FC2
:1076800015D10068A84235D0C91A2868D2F8008000
:107690001060102912D9E81842070BD04FF05003A0
:1076A00083F31188BFF36F8FBFF34F8FFEE72A4636
:1076B0006546DEE741606B60FFF778FF14496B6851
:1076C0000868F61A1F4386424FF00003266038BF51
:1076D0000E6008F108046F602B60FFF71DFA630766
:1076E0000AD04FF0500383F31188BFF36F8FBFF3BD
:1076F0004F8FFEE70024F0E72046BDE8F08100BF91
:10770000642700206863002068270020746300203D
:10771000706300206C63002010B5044670B3184AF3
:1077200050F8043C1268134208D14FF0500383F321
:107730001188BFF36F8FBFF34F8FFEE750F8081C1F
:1077400041B14FF0500383F31188BFF36F8FBFF344
:107750004F8FFEE723EA020340F8043CFFF73CF9B1
:10776000084A54F8043C1168A4F108000B44136063
:10777000FFF71CFFBDE81040FFF7CEB910BD00BFFA
:10778000686300206C630020DFF834D0002103E040
:107790000C4B5B58435004310B480C4B42189A4237
:1077A000F6D30B4A02E0002342F8043B094B9A420D
:1077B000F9D3FBF7F3FA01F067FFFBF7CBF970475A
:1077C00000000220ACA0000800000020780000208B
:1077D0007800002094630020FEE701F081BF0128BB
:1077E00038BF012010B50446204601F071FF30B9C2
:1077F00000F00CF808B901F03FFF8047F4E710BD36
:1078000008B501F039FF08B501F036FF024B1868E2
:10781000BFF35B8F704700BF7C630020174A20F0E6
:10782000004393421ADD00B5B3F1FF4F83B005DB8F
:10783000014601F00BFC03B05DF804FB694600F063
:1078400099F800F00302012A0199009809D0022A50
:107850000FD05AB1012200F037FEECE7002100F012
:10786000FDB900F031FE00F10040E4E700F0F6F968
:10787000E1E700F0F3F900F10040DCE7D80F493F01
:1078800038B505460C4600F023F808B9204638BD47
:10789000204600F01DF828B12146284601F09CFE44
:1078A0000028F3D0284638BD38B505460C4600F010
:1078B0000FF808B9204638BD204600F009F828B175
:1078C0002146284601F06AFE0028F3D0284638BD3C
:1078D00030F000400ED0A0F50003B3F1FE4F0DD301
:1078E000074B421E9A4207D9A0F1FF40B0FA80F040
:1078F00040097047022070470320704704207047FA
:10790000FEFF7F001A4A20F0004393421BDD00B5C2
:10791000B3F1FF4F83B005DB014601F097FB03B0E5
:107920005DF804FB694600F025F800F0030001282B
:1079300001990CD0022813D068B1009800F08EF99C
:1079400000F10040EBE70021002200F0BDBD0098EF
:1079500000F084F9E3E70098012200F0B5FDDEE7CE
:107960000098012200F0B0FD00F10040D7E700BF11
:10797000D80F493F2DE9F04FAB4A20F00044944224
:1079800089B00D466CDDA94A944207461CDC0028EC
:10799000A74940F31E8101F059FBA64B24F00F04C8
:1079A0009C4206466BD0A44901F050FB014628607A
:1079B000304601F04BFBA04901F048FB012668600E
:1079C000304609B0BDE8F08F9C4A94426CDDB4F1BA
:1079D000FF4F4DDAE615863EA4EBC654204601F073
:1079E00005FE01F0E9FB01462046059101F02EFB62
:1079F0004FF0874101F034FC804601F0F7FD01F0C3
:107A0000DBFB044621464046069401F01FFB4FF085
:107A1000874101F025FC0021079001F0B5FD002809
:107A200000F0B8800021204601F0AEFD002814BF10
:107A300001230223824A0192022200922946324601
:107A400005A800F0D1F9002F0646B9DAD5E90023E0
:107A500002F1004203F100432A606B604642AFE747
:107A600000262860002230464A6009B0BDE8F08F49
:107A7000014601F0EBFA002668602860A0E7714932
:107A800001F0E4FA7049044601F0E0FA014628608A
:107A9000204601F0DBFA6C4901F0D8FA0126686053
:107AA000304609B0BDE8F08F00F084FD674980469C
:107AB00001F0D6FB4FF07C5101F0CAFA01F096FDBF
:107AC000064601F079FB5A49834601F0C9FB01469D
:107AD000404601F0BBFA58498246584601F0C0FBC7
:107AE0001F2E81460146504620DC721E584B53F82B
:107AF000223024F0FF029A4218D001F0A7FA804603
:107B0000C5F800804146504601F0A0FA494601F010
:107B10009DFA002F6860BFF653AF08F1004800F1EE
:107B20000040C5F800806860764249E701F08EFAAF
:107B3000C0F3C753C3EBD453082B80464FEAE4523B
:107B4000DEDD40490392584601F08AFB804601463B
:107B5000504601F07BFA04462146504601F076FA81
:107B6000414601F073FA38498046584601F078FBE7
:107B7000414601F06BFA01468146204601F066FA63
:107B8000039AC0F3C753D21A192A804604DC28602E
:107B9000A246B7E703234DE72E49584601F060FBA4
:107BA00001468046204601F051FA82465146204661
:107BB00001F04CFA414601F049FA2749044658467B
:107BC00001F04EFB214601F041FA81460146504644
:107BD00093E701F03DFA174B24F00F049C42064650
:107BE0000ED0154901F034FA01462860304601F004
:107BF0002DFA114901F02CFA4FF0FF366860DFE6EC
:107C0000104901F025FA1049044601F021FA014615
:107C10002860204601F01AFA0B4901F019FA4FF0DA
:107C2000FF366860CCE600BFD80F493FE3CB164073
:107C3000800FC93FD00FC93F43443537800F4943B8
:107C4000509D00080044353708A3852E84F9223F53
:107C5000D09C000800A3852E32318D242DE9F843F5
:107C600020F00045B5F1485F064688464ADA01F043
:107C7000BDFC002800F09F803146304601F0F0FA4C
:107C80004F49044601F0ECFA4E4901F0E1F9214672
:107C900001F0E6FA4C4901F0D9F9214601F0E0FA89
:107CA0004A4901F0D5F9214601F0DAFA484901F0D4
:107CB000CDF9214601F0D4FA464901F0C9F921462F
:107CC00001F0CEFA07464FF07C51204601F0C8FA89
:107CD0003946034620461C4601F0C2FA4146054695
:107CE000304601F0BDFA0146284601F0AFF90146E1
:107CF000204601F0ABF901464FF07E5001F0A6F9A5
:107D0000BDE8F883014601F0ABFA2D49044601F0C5
:107D1000A7FA2C4901F09CF9214601F0A1FA2A4961
:107D200001F094F9214601F09BFA284901F090F9FD
:107D3000214601F095FA264901F088F9214601F023
:107D40008FFA244901F084F9214601F089FA224B87
:107D50009D420746B7DD214B9D4228DC05F17F455A
:107D60004FF07E50294601F071F981464FF07C5169
:107D7000204601F075FA294601F068F939460346B4
:107D800020461C4601F06CFA41460546304601F09B
:107D900067FA0146284601F059F90146204601F0EC
:107DA00055F90146484601F051F9BDE8F883DFF87E
:107DB00030900C4DDAE74FF07E50BDE8F88300BFFD
:107DC0004ED747ADF6740F317CF29334010DD037A6
:107DD000610BB63AABAA2A3D9999993E0000483FFB
:107DE0000000383F0000903E2DE9F04FDDB01C460A
:107DF00006930991A64B66990B9253F82130039391
:107E0000111D04F1FF3305460193C0F2EE82D31E2B
:107E100048BF131DDB1005930133DB000A93DDE936
:107E20000A239B1A0493059A019BD61A039A12EB14
:107E3000030818D408F10108DDF89C91B04400242F
:107E400020AF08E059F8260001F0B6F901364645A2
:107E500047F8040B07D0002EF4DA013620464645D9
:107E600047F8040BF7D1039B002BC0F21283069B4B
:107E7000019E20AA02EB83079A000092039A291F11
:107E800002910DF5907802EB030901EB8305019B4C
:107E9000002BB8BF002410DBDDF808A0BB4600248F
:107EA0005BF8041D5AF8040F01F0DAF90146204688
:107EB00001F0CEF8AA450446F2D101364E4548F805
:107EC000044B07F10407E2D1029B009DDDF80C9002
:107ED0001D440BAB03EB890308930CAB03EB890345
:107EE000083B07935CAB03EB8903B9F1000F53F830
:107EF00050AC4FEA890821DD48AF07EB89040CAE8E
:107F00004FF06E51504601F0ABF901F06FFB01F0FC
:107F100053F94FF08741834601F0A2F901465046DC
:107F200001F094F801F062FB54F8041D46F8040BCC
:107F3000584601F08DF8BC428246E1D1049E50467D
:107F4000314600F07BFB4FF07851044601F088F990
:107F500000F034FB4FF0824101F082F901462046E7
:107F600001F074F8044601F041FB824601F024F967
:107F70000146204601F06AF8002E044640F38A804C
:107F800009F1FF300CAAC6F1080352F8202042FA8A
:107F900003F101FA03F3D31AC6F107060CAA43FA58
:107FA00006F6002E42F820308A447DDC002120466F
:107FB00001F0EAFA002800F0CE80039B09F1FF34BB
:107FC000A34210DC09F180430CAA013B089802EBA4
:107FD0008303002253F80419834242EA0102F9D1D3
:107FE000002A40F01081039B0CAA013B52F8233079
:107FF000002B40F00281079B012753F80429013729
:10800000002AFAD009EB070309F1010A0093D046D0
:10801000069B679A03EB0906059B534403F18043D3
:10802000013B02EB830920AB03EB860648AB03EB75
:108030008A0A59F8040F01F0BFF8019B3060002B49
:10804000344606F104061ADBDDF808B0043C0027CC
:1080500001E054F804095BF8041F01F001F901463E
:10806000384600F0F5FFAB450746F2D1009B4AF8D1
:10807000047B08F101089845DBDD994632E7009B57
:1080800008F10108002798454AF8047BD1DDF4E7A0
:1080900094A0000840F0998009F1FF330CAA52F82F
:1080A0002360F611002E81DDB9F1000F0AF1010AFB
:1080B00040F3A0810C9F002F7FD1B9F1010F1BD09D
:1080C0000CAB012253F8047F002F79D0531C0CA96C
:1080D000C7F58077994541F822700CDD51F82320CF
:1080E000884401EB830300E01A68C2F1FF0243F801
:1080F000042B4345F8D10127049B002B0EDD012BF7
:1081000000F06881022B09D109F1FF320CAB0CA9F8
:1081100053F8223003F03F0341F82230022E7FF45F
:1081200045AF21464FF07E5000F090FF0446002FEF
:108130003FF43CAF04994FF07E5000F07FFA0146C7
:10814000204600F083FF04460021204601F01CFA7F
:1081500000287FF432AFDDE90A322046991A0096F2
:1081600000F06CFA4FF08741044601F02BFA00282A
:1081700000F06B81049B4FF06E510833204604934E
:1081800001F06EF801F032FA01F016F84FF0874175
:10819000054601F065F80146204600F057FF01F062
:1081A00025FA0CAB09F1010443F82900284601F037
:1081B0001DFA0CAB43F824003BE00123002286E7C4
:1081C00001324A457FF47EAF96E74FF07C5101F0D3
:1081D000F9F9064600283FF4E9AEB9F1000F0AF1BB
:1081E000010AC8BF02263FF765AF21464FF07E5017
:1081F00000F02CFF02260446D8E609F1010AD04619
:10820000CDF800A004E7049B0096A3F108020CAB94
:10821000049253F8243063B909F18043023B0CA95E
:1082200001EB830353F80419013C083A0029F9D003
:10823000049204994FF07E5000F000FA002C07469B
:10824000C0F22D81A30048AA02EB03080193043376
:10825000029330334FF06E560DEB030908F104051D
:1082600059F8040D00F0A8FF394600F0F9FF314637
:1082700045F8040D384600F0F3FF0CAB994507466E
:10828000EED1DDF80C90CDF810A0A8F1040800277D
:10829000A346B9F1000FB8BF002515DB884C89480B
:1082A000C2460025002603E0B7420DDB54F8040F58
:1082B0005AF8041F00F0D4FF0146284600F0C8FE1B
:1082C0000136B1450546EFDA5CAB03EB8703BB45EE
:1082D00043F8A05CA8F1040807F1010301D01F4690
:1082E000D7E7669ADDF810A0022A5C4618DC002A5F
:1082F00000F382800FD1029C34AD2C44002054F84E
:10830000041D00F0A5FEA542F9D1009B0BB100F1C0
:108310000040099B18600AF007005DB0BDE8F08FCF
:10832000669B032BF7D1002C00F0C680019A02F562
:10833000B8736B4434AE53F8A05CB71857F8049C7C
:108340002846494600F084FEA84605462946484688
:1083500000F07CFE414600F07BFE386047F8045D8B
:10836000BE42EBD1012C40F3A780019A02F5B8730D
:108370006B44B71853F8A04C3D460DF1D40855F89E
:1083800004BC2046594600F063FEA146044621463F
:10839000584600F05BFE494600F05AFE286045F85A
:1083A000044DA845EBD104370836002057F8041DCA
:1083B00000F04EFEBE42F9D1009B002B4DD1099931
:1083C000349A359B88600AF007000A604B605DB004
:1083D000BDE8F08F09F1FF320CAB0CA953F8223045
:1083E00003F07F0341F8223098E608230A93002324
:1083F000059314E500277FE634AE06EB83050020E5
:1084000055F8041D00F024FEAE42F9D1009B002B6C
:1084100034D1099B01461860349800F017FE002CF7
:108420000CDD34AE012556F8041F013500F010FEB6
:10843000AC42F8DA009B0BB100F10040099B586098
:108440000AF007005DB0BDE8F08F204601F0CEF8DD
:108450000CAB4C4643F82900EBE6DDE934230999DF
:1084600000F1004002F1004203F1004388600AF08D
:1084700007000A604B605DB0BDE8F08F099A00F11B
:10848000004301461360349800F0E0FD002CC8DC86
:10849000D2E72B1F0293069B9B00009314E5669B7B
:1084A000022B05DC002B09DC7FF435AF00202CE724
:1084B000669B032B7FF42FAF00207DE70020A5E70C
:1084C00068A000080000C93F2DE9F84320F00043F0
:1084D000B3F1485F04460E46904603DA01F086F891
:1084E000002858D02146204600F0BAFE0546014635
:1084F000204600F0B5FE29498146284600F0B0FE2E
:10850000274900F0A3FD294600F0AAFE254900F006
:108510009FFD294600F0A4FE234900F097FD29465F
:1085200000F09EFE214900F093FD0746B8F1000FD0
:1085300022D04FF07C51304600F092FE3946804602
:10854000484600F08DFE0146404600F07FFD29467A
:1085500000F086FE314600F079FD15490546484693
:1085600000F07EFE0146284600F072FD01462046DE
:1085700000F06CFDBDE8F8830146284600F070FE6F
:108580000B4900F063FD494600F06AFE214600F009
:108590005FFDBDE8F8832046BDE8F883D3C92E2FE0
:1085A000342FD7321BEF3836010D50398988083CFB
:1085B000ABAA2A3E20F00040704700BFF8B5C0F3D8
:1085C000C7557F3D162D044620F0004724DC002DC2
:1085D000064614DB164F2F4138421BD0154900F0D8
:1085E00037FD002100F0F8FFA0B1002C04DA4FF4B1
:1085F000000343FA05F52E4426EA0700F8BD0D49AD
:1086000000F026FD002100F0E7FF18B1002C0ADB86
:108610000020F8BD2046F8BDB7F1FF4FFAD3014660
:1086200000F016FDF8BD002FF4D00348F8BD00BFE0
:10863000FFFF7F00CAF24971000080BF30F0004C9C
:10864000034625D0BCF1FF4F10B51DD210F0FF4FEF
:1086500002460C461DD14FF0984100F001FE234A1E
:108660009442034632DBC0F3C75C0246ACF119000A
:1086700000EB040CBCF1FE0F12DD1D49184661F33E
:108680001E0000F0EDFD10BD014600F0E1FC10BD44
:1086900070474FEADC5000EB040CBCF1FE0FECDC41
:1086A000BCF1000F0DDC1CF1160F13DA4CF2503246
:1086B0009442E2DC0F49184661F31E0000F0D0FD41
:1086C00010BD22F0FF4040EACC5010BD094900F037
:1086D000C7FD10BD0CF1190022F0FF424FF04C51C4
:1086E00042EAC05000F0BCFD10BD00BFB03CFFFF2F
:1086F000CAF249716042A20D81F0004102E000BF60
:1087000083F0004330B54FEA41044FEA430594EA51
:10871000050F08BF90EA020F1FBF54EA000C55EA8C
:10872000020C7FEA645C7FEA655C00F0E2804FEA5D
:108730005454D4EB5555B8BF6D420CDD2C4480EA3F
:10874000020281EA030382EA000083EA010180EA6F
:10875000020281EA0303362D88BF30BD11F0004FBD
:108760004FEA01314FF4801C4CEA113102D04042F3
:1087700061EB410113F0004F4FEA03334CEA13332E
:1087800002D0524263EB430394EA050F00F0A78046
:10879000A4F10104D5F1200E0DDB02FA0EFC22FA41
:1087A00005F2801841F1000103FA0EF2801843FA35
:1087B00005F359410EE0A5F120050EF1200E012A26
:1087C00003FA0EFC28BF4CF0020C43FA05F3C01864
:1087D00051EBE37101F0004507D54FF0000EDCF1DD
:1087E000000C7EEB00006EEB0101B1F5801F1BD386
:1087F000B1F5001F0CD349085FEA30004FEA3C0C8A
:1088000004F101044FEA445212F5800F80F09A807F
:10881000BCF1004F08BF5FEA500C50F1000041EB83
:10882000045141EA050130BD5FEA4C0C404141EB87
:108830000101013C28BFB1F5801FE9D291F0000F82
:1088400004BF01460020B1FA81F308BF2033A3F131
:108850000B03B3F120020CDA0C3208DD02F1140C28
:10886000C2F10C0201FA0CF021FA02F10CE002F163
:108870001402D8BFC2F1200C01FA02F120FA0CFC5C
:10888000DCBF41EA0C019040E41AA2BF01EB0451A5
:10889000294330BD6FEA04041F3C1CDA0C340EDCA3
:1088A00004F11404C4F1200220FA04F001FA02F3E6
:1088B00040EA030021FA04F345EA030130BDC4F1A4
:1088C0000C04C4F1200220FA02F001FA04F340EA99
:1088D0000300294630BD21FA04F0294630BD94F04A
:1088E000000F83F4801306BF81F480110134013D31
:1088F0004EE77FEA645C18BF7FEA655C29D094EAA2
:10890000050F08BF90EA020F05D054EA000C04BF1F
:108910001946104630BD91EA030F1EBF002100200A
:1089200030BD5FEA545C05D14000494128BF41F0A9
:10893000004130BD14F580043CBF01F5801130BD0D
:1089400001F0004545F0FE4141F470014FF0000098
:1089500030BD7FEA645C1ABF194610467FEA655C49
:108960001CBF0B46024650EA013406BF52EA0335EB
:1089700091EA030F41F4002130BD00BF90F0000FD9
:1089800004BF0021704730B54FF4806404F1320415
:108990004FF000054FF0000150E700BF90F0000FCE
:1089A00004BF0021704730B54FF4806404F13204F5
:1089B00010F0004548BF40424FF000013EE700BFC5
:1089C00042004FEAE2014FEA31014FEA02701FBF55
:1089D00012F07F4393F07F4F81F06051704732F087
:1089E0007F4208BF704793F07F4F04BF41F40021DE
:1089F000704730B54FF4607401F0004521F000413C
:108A00001CE700BF50EA010208BF704730B54FF0C5
:108A100000050AE050EA010208BF704730B511F0C6
:108A2000004502D5404261EB41014FF4806404F1FE
:108A300032045FEA915C3FF4D8AE4FF003025FEA84
:108A4000DC0C18BF03325FEADC0C18BF033202EB08
:108A5000DC02C2F1200300FA03FC20FA02F001FA62
:108A600003FE40EA0E0021FA02F11444BDE600BF05
:108A700070B54FF0FF0C4CF4E06C1CEA11541DBFB4
:108A80001CEA135594EA0C0F95EA0C0F00F0DEF87F
:108A90002C4481EA030621EA4C5123EA4C5350EA64
:108AA000013518BF52EA033541F4801143F48013B5
:108AB00038D0A0FB02CE4FF00005E1FB02E506F046
:108AC0000042E0FB03E54FF00006E1FB03569CF09B
:108AD000000F18BF4EF0010EA4F1FF04B6F5007FA1
:108AE00064F5407404D25FEA4E0E6D4146EB060613
:108AF00042EAC62141EA55514FEAC52040EA5E509C
:108B00004FEACE2EB4F1FD0C88BFBCF5E06F1ED845
:108B1000BEF1004F08BF5FEA500E50F1000041EB7C
:108B2000045170BD06F0004646EA010140EA020029
:108B300081EA0301B4EB5C04C2BFD4EB0C0541EA4B
:108B4000045170BD41F480114FF0000E013C00F360
:108B5000AB8014F1360FDEBF002001F0004170BD84
:108B6000C4F10004203C35DA0C341BDC04F114049D
:108B7000C4F1200500FA05F320FA04F001FA05F229
:108B800040EA020001F0004221F0004110EBD370F6
:108B900021FA04F642EB06015EEA430E08BF20EA22
:108BA000D37070BDC4F10C04C4F1200500FA04F3C5
:108BB00020FA05F001FA04F240EA020001F0004157
:108BC00010EBD37041F100015EEA430E08BF20EACA
:108BD000D37070BDC4F1200500FA05F24EEA020E12
:108BE00020FA04F301FA05F243EA020321FA04F041
:108BF00001F0004121FA04F220EA020000EBD370F8
:108C00005EEA430E08BF20EAD37070BD94F0000FF7
:108C10000FD101F00046400041EB010111F4801F2B
:108C200008BF013CF7D041EA060195F0000F18BFDC
:108C3000704703F00046520043EB030313F4801F18
:108C400008BF013DF7D043EA0603704794EA0C0FD2
:108C50000CEA135518BF95EA0C0F0CD050EA4106E8
:108C600018BF52EA4306D1D181EA030101F0004165
:108C70004FF0000070BD50EA410606BF104619468D
:108C800052EA430619D094EA0C0F02D150EA013699
:108C900013D195EA0C0F05D152EA03361CBF1046DA
:108CA00019460AD181EA030101F0004141F0FE4179
:108CB00041F470014FF0000070BD41F0FE4141F4FD
:108CC000780170BD70B54FF0FF0C4CF4E06C1CEAFD
:108CD00011541DBF1CEA135594EA0C0F95EA0C0FB2
:108CE00000F0A7F8A4EB050481EA030E52EA03356D
:108CF0004FEA013100F088804FEA03334FF080558E
:108D000045EA131343EA12634FEA022245EA1115BA
:108D100045EA10654FEA00260EF000419D4208BF6B
:108D2000964244F1FD0404F5407402D25B084FEA18
:108D30003202B61A65EB03055B084FEA32024FF4C4
:108D400080104FF4002CB6EB020E75EB030E22BF21
:108D5000B61A754640EA0C005B084FEA3202B6EBE1
:108D6000020E75EB030E22BFB61A754640EA5C0090
:108D70005B084FEA3202B6EB020E75EB030E22BF20
:108D8000B61A754640EA9C005B084FEA3202B6EB21
:108D9000020E75EB030E22BFB61A754640EADC00E0
:108DA00055EA060E18D04FEA051545EA16754FEA42
:108DB00006164FEAC30343EA52734FEAC2025FEA60
:108DC0001C1CC0D111F4801F0BD141EA00014FF0EF
:108DD00000004FF0004CB6E711F4801F04BF0143C0
:108DE0000020B4F1FD0C88BFBCF5E06F3FF6AFAEDC
:108DF000B5EB030C04BFB6EB020C5FEA500C50F16C
:108E0000000041EB045170BD0EF0004E4EEA1131EE
:108E100014EB5C04C2BFD4EB0C0541EA045170BDF5
:108E200041F480114FF0000E013C90E645EA060E39
:108E30008DE60CEA135594EA0C0F08BF95EA0C0F67
:108E40003FF43BAF94EA0C0F0AD150EA01347FF4AF
:108E500034AF95EA0C0F7FF425AF104619462CE786
:108E600095EA0C0F06D152EA03353FF4FDAE1046E9
:108E7000194622E750EA410618BF52EA43067FF43A
:108E8000C5AE50EA41047FF40DAF52EA43057FF4CA
:108E9000EBAE12E74FF0FF3C06E000BF4FF0010CD5
:108EA00002E000BF4FF0010C4DF804CD4FEA410C39
:108EB0007FEA6C5C4FEA430C18BF7FEA6C5C1BD006
:108EC00001B050EA410C0CBF52EA430C91EA030F87
:108ED00002BF90EA020F0020704710F1000F91EAE4
:108EE000030F58BF994208BF90422CBFD8176FEAB2
:108EF000E37040F0010070474FEA410C7FEA6C5C80
:108F000002D150EA013C07D14FEA430C7FEA6C5C86
:108F1000D6D152EA033CD3D05DF8040B704700BFB2
:108F20008446104662468C461946634600E000BF00
:108F300001B5FFF7B7FF002848BF10F1000F01BDD2
:108F40004DF808EDFFF7F4FF0CBF012000205DF89D
:108F500008FB00BF4DF808EDFFF7EAFF34BF012022
:108F600000205DF808FB00BF4DF808EDFFF7E0FFBB
:108F700094BF012000205DF808FB00BF4DF808ED0C
:108F8000FFF7CEFF94BF012000205DF808FB00BF73
:108F90004DF808EDFFF7C4FF34BF012000205DF855
:108FA00008FB00BF4FEA4102B2F1E04324BFB3F532
:108FB000001CDCF1FE5C0DD901F0004C4FEAC00250
:108FC0004CEA5070B2F1004F40EB830008BF20F034
:108FD0000100704711F0804F21D113F13872BCBFEE
:108FE00001F00040704741F480114FEA5252C2F143
:108FF0001802C2F1200C10FA0CF320FA02F018BF8C
:1090000040F001004FEAC1234FEAD32303FA0CFCDE
:1090100040EA0C0023FA02F34FEA4303CCE77FEA6D
:10902000625307D150EA01331EBF4FF0FE4040F4B7
:109030004000704701F0004040F0FE4040F4000066
:10904000704700BF80F0004002E000BF81F00041A7
:1090500042001FBF5FEA410392EA030F7FEA226CDE
:109060007FEA236C6AD04FEA1262D2EB1363C1BF6E
:10907000D218414048404140B8BF5B42192B88BFDD
:10908000704710F0004F40F4000020F07F4018BF00
:10909000404211F0004F41F4000121F07F4118BF20
:1090A000494292EA030F3FD0A2F1010241FA03FCC8
:1090B00010EB0C00C3F1200301FA03F100F00043B0
:1090C00002D5494260EB4000B0F5000F13D3B0F178
:1090D000807F06D340084FEA310102F10102FE2AE7
:1090E00051D2B1F1004F40EBC25008BF20F0010057
:1090F00040EA03007047490040EB0000013A28BFF6
:10910000B0F5000FEDD2B0FA80FCACF1080CB2EB78
:109110000C0200FA0CF0AABF00EBC25052421843F6
:10912000BCBFD0401843704792F0000F81F400019B
:1091300006BF80F400000132013BB5E74FEA41036E
:109140007FEA226C18BF7FEA236C21D092EA030FDA
:1091500004D092F0000F08BF0846704790EA010F54
:109160001CBF0020704712F07F4F04D1400028BF81
:1091700040F00040704712F100723CBF00F5000063
:10918000704700F0004343F0FE4040F40000704799
:109190007FEA226216BF08467FEA23630146420245
:1091A00006BF5FEA412390EA010F40F48000704758
:1091B0004FF0000304E000BF10F0004348BF4042FE
:1091C0005FEA000C08BF704743F0964301464FF03A
:1091D00000001CE050EA010208BF70474FF0000396
:1091E0000AE000BF50EA010208BF704711F00043D7
:1091F00002D5404261EB41015FEA010C02BF8446A7
:109200000146002043F0B64308BFA3F18053A3F505
:109210000003BCFA8CF2083AA3EBC25310DB01FA4C
:1092200002FC634400FA02FCC2F12002BCF1004FD0
:1092300020FA02F243EB020008BF20F00100704761
:1092400002F1200201FA02FCC2F1200250EA4C00B5
:1092500021FA02F243EB020008BF20EADC707047FB
:109260004FF0FF0C1CEAD0521EBF1CEAD15392EA09
:109270000C0F93EA0C0F6FD01A4480EA010C4002E5
:1092800018BF5FEA41211ED04FF0006343EA50103F
:1092900043EA5111A0FB01310CF00040B1F5000F81
:1092A0003EBF490041EAD3715B0040EA010062F130
:1092B0007F02FD2A1DD8B3F1004F40EBC25008BF1A
:1092C00020F00100704790F0000F0CF0004C08BF38
:1092D00049024CEA502040EA51207F3AC2BFD2F105
:1092E000FF0340EAC250704740F400004FF0000313
:1092F000013A5DDC12F1190FDCBF00F0004070474D
:10930000C2F10002410021FA02F1C2F1200200FA8A
:1093100002FC5FEA310040F1000053EA4C0308BF51
:1093200020EADC70704792F0000F00F0004C02BFA2
:10933000400010F4000F013AF9D040EA0C0093F01D
:10934000000F01F0004C02BF490011F4000F013B77
:10935000F9D041EA0C018FE70CEAD15392EA0C0FE5
:1093600018BF93EA0C0F0AD030F0004C18BF31F050
:10937000004CD8D180EA010000F00040704790F026
:10938000000F17BF90F0004F084691F0000F91F0CA
:10939000004F14D092EA0C0F01D142020FD193EA90
:1093A0000C0F03D14B0218BF084608D180EA010018
:1093B00000F0004040F0FE4040F40000704740F0F4
:1093C000FE4040F4400070474FF0FF0C1CEAD052C2
:1093D0001EBF1CEAD15392EA0C0F93EA0C0F69D01E
:1093E000A2EB030280EA010C49024FEA402037D089
:1093F0004FF0805343EA111143EA10130CF0004080
:109400008B4238BF5B0042F17D024FF4000C8B426F
:1094100024BF5B1A40EA0C00B3EB510F24BFA3EB4F
:10942000510340EA5C00B3EB910F24BFA3EB91031F
:1094300040EA9C00B3EBD10F24BFA3EBD10340EA79
:10944000DC001B0118BF5FEA1C1CE0D1FD2A3FF6BF
:1094500050AF8B4240EBC25008BF20F00100704774
:109460000CF0004C4CEA50207F32C2BFD2F1FF0317
:1094700040EAC250704740F400004FF00003013A48
:1094800037E792F0000F00F0004C02BF400010F4EC
:10949000000F013AF9D040EA0C0093F0000F01F000
:1094A000004C02BF490011F4000F013BF9D041EA22
:1094B0000C0195E70CEAD15392EA0C0F08D1420255
:1094C0007FF47DAF93EA0C0F7FF470AF084676E728
:1094D00093EA0C0F04D14B023FF44CAF08466EE701
:1094E00030F0004C18BF31F0004CCAD130F00042CF
:1094F0007FF45CAF31F000437FF43CAF5FE700BF27
:109500004FF0FF3C06E000BF4FF0010C02E000BF4F
:109510004FF0010C4DF804CD4FEA40024FEA4103F1
:109520007FEA226C18BF7FEA236C11D001B052EAA7
:10953000530C18BF90EA010F58BFB2EB030088BF6D
:10954000C81738BF6FEAE17018BF40F001007047DC
:109550007FEA226C02D15FEA402C05D17FEA236CBE
:10956000E4D15FEA412CE1D05DF8040B704700BF05
:10957000844608466146FFE70FB5FFF7C9FF00289C
:1095800048BF10F1000F0FBD4DF808EDFFF7F4FFD5
:109590000CBF012000205DF808FB00BF4DF808ED6E
:1095A000FFF7EAFF34BF012000205DF808FB00BF91
:1095B0004DF808EDFFF7E0FF94BF012000205DF8B3
:1095C00008FB00BF4DF808EDFFF7D2FF94BF012064
:1095D00000205DF808FB00BF4DF808EDFFF7C8FF5D
:1095E00034BF012000205DF808FB00BF4FEA4002B5
:1095F000B2F1FE4F0FD34FF09E03B3EB12620DD9C1
:109600004FEA002343F0004310F0004F23FA02F02A
:1096100018BF404270474FF00000704712F1610FD1
:1096200001D1420205D110F0004008BF6FF00040A8
:1096300070474FF00000704742000ED2B2F1FE4F6B
:109640000BD34FF09E03B3EB126209D44FEA002311
:1096500043F0004323FA02F070474FF000007047D8
:1096600012F1610F01D1420202D14FF0FF30704779
:109670004FF00000704700BF08B5062000F07EF9EB
:10968000012000F0C3F9000070B50D4D0D4C641BB6
:10969000A4100026A64209D10B4D0C4C00F0B8F9DD
:1096A000641BA4100026A64205D170BD55F8043BEA
:1096B00098470136EEE755F8043B98470136F2E744
:1096C000A0A00008A0A00008A0A00008A8A0000872
:1096D000024B0146186800F0A5B800BF1400002036
:1096E000024B0146186800F033B800BF1400002098
:1096F0000A44914200F1FF3300D1704710B511F8D0
:10970000014B03F8014F9142F9D110BD884210B5C9
:1097100001EB020402D98442234607D8431EA1422A
:1097200008D011F8012B03F8012FF8E70244014695
:109730008A4200D110BD13F8014D02F8014DF7E740
:1097400002440346934200D1704703F8011BF9E736
:1097500038B50546002941D051F8043C0C1F002BB8
:10976000B8BFE41800F026F91D4A136833B96360E6
:1097700014602846BDE8384000F022B9A34208D959
:10978000206821188B4201BF19685B6809182160A5
:10979000EDE71A465B680BB1A342FAD9116850187D
:1097A000A0420BD120680144501883421160E0D1DF
:1097B00018685B68536001441160DAE702D90C2332
:1097C0002B60D6E7206821188B4204BF19685B68BC
:1097D000636004BF091821605460CAE738BD00BF48
:1097E0008063002070B50E4E0C463168054611B9F5
:1097F00000F08CF830602146284600F087F8431CC2
:109800000AD0C41C24F00304A04207D0211A284621
:1098100000F07CF8013001D14FF0FF34204670BDDC
:10982000846300202DE9F041CD1C25F003050835A7
:109830000C2D38BF0C25002D074601DBA94205D9A8
:109840000C233B6000263046BDE8F0812E4E00F030
:10985000B1F833681C4634BB29463846FFF7C2FFCF
:10986000431C04464DD134682646002E40D123685F
:109870003146384604EB030800F048F880453AD1F9
:10988000216803356D1A25F0030508350C2D38BF06
:109890000C2529463846FFF7A5FF01302BD0236859
:1098A0002B4423600EE02268521B1ED40B2A16D9CB
:1098B0006119A342256018BF5960636808BF316011
:1098C00062514B60384604F10B0600F079F826F03F
:1098D0000706231DF21AB6D09B1BA350B3E762689C
:1098E000A3420CBF32605A60ECE723466468B2E7DB
:1098F00034467668B9E70C233B60384600F060F8E0
:10990000A1E72560DEE700BF8063002038B5064D83
:109910000023044608462B6000F06AF8431C02D17D
:109920002B6803B1236038BD886300201F2938B538
:1099300004460D4604D9162303604FF0FF3038BDAE
:10994000426C12B152F821304BB9204600F030F889
:109950002A4601462046BDE8384000F017B8012BE2
:109960000AD0591C03D1162303600120E7E7002425
:1099700042F82540284698470020E0E7024B014680
:109980001868FFF7D3BF00BF1400002038B5074D9B
:1099900000230446084611462B6000F021F8431CC2
:1099A00002D12B6803B1236038BD00BF886300205B
:1099B00000F00EB8014800F009B800BF8C63002029
:1099C000014800F004B800BF8C6300207047704766
:1099D000024B58221A604FF0FF3070478863002016
:1099E000024B58221A604FF0FF3070478863002006
:1099F000044A05491368002B08BF0B461844106041
:109A0000184670479063002098630020FEE700BF6F
:109A1000F8B500BFF8BC08BC9E467047F8B500BF5B
:089A2000F8BC08BC9E4670472B
:109A2800FFFFFFFFFFFFFF0041542B500D0A007698
:109A38006563746F723A3A5F4D5F7265616C6C6F03
:109A4800635F696E736572740041726D5461736B04
:109A5800004465636F64655461736B004D6F746F88
:109A6800725570646174655461736B0043616E5420
:109A780072616E73696D745461736B00436F6E74B9
:109A8800726F6C5461736B005875635461736B002B
:109A980073746172745F7461736B000000008911E4
:109AA80012239B322446AD573665BF74488CC19D3E
:109AB8005AAFD3BE6CCAE5DB7EE9F7F8811008011E
:109AC80093331A22A5562C47B7753E64C99C408D1E
:109AD800DBBF52AEEDDA64CBFFF976E802218B30BA
:109AE800100299132667AF763444BD554AADC3BCFE
:109AF800588ED19F6EEBE7FA7CC8F5D983310A20DE
:109B080091121803A7772E66B5543C45CBBD42ACDD
:109B1800D99E508FEFFB66EAFDD874C904428D5375
:109B280016619F702004A9153227BB364CCEC5DFBD
:109B38005EEDD7FC6888E1997AABF3BA85520C439D
:109B480097711E60A1142805B3373A26CDDE44CF9D
:109B5800DFFD56ECE9986089FBBB72AA06638F7239
:109B680014409D512225AB343006B9174EEFC7FE7D
:109B78005CCCD5DD6AA9E3B8788AF19B87730E625D
:109B880095501C41A3352A24B1163807CFFF46EE5D
:109B9800DDDC54CDEBB962A8F99A708B0884819505
:109BA8001AA793B62CC2A5D33EE1B7F04008C9194D
:109BB800522BDB3A644EED5F766DFF7C899400850D
:109BC8009BB712A6ADD224C3BFF136E0C11848092D
:109BD800D33B5A2AE55E6C4FF77D7E6C0AA583B4A9
:109BE800188691972EE3A7F23CC0B5D14229CB380D
:109BF800500AD91B666FEF7E744CFD5D8BB502A4CD
:109C080099961087AFF326E2BDD034C1C3394A28EC
:109C1800D11A580BE77F6E6EF55C7C4D0CC685D764
:109C28001EE597F42880A1913AA3B3B2444ACD5BCC
:109C38005669DF78600CE91D722FFB3E8DD604C78C
:109C48009FF516E4A9902081BBB332A2C55A4C4BAC
:109C5800D7795E68E11C680DF33F7A2E0EE787F628
:109C68001CC495D52AA1A3B03882B193466BCF7A8C
:109C78005448DD59622DEB3C700EF91F8FF706E64C
:109C88009DD414C5ABB122A0B9923083C77B4E6A6C
:109C9800D5585C49E33D6A2CF11E780F0006101672
:109CA800000610160000000001020304010203046C
:109CB8000607080949444C4500546D725100546D1B
:109CC8007220537663000000000FC93F000F49401F
:109CD80000CB9640000FC9400053FB4000CB164113
:109CE80000ED2F41000F49410031624100537B4193
:109CF800003A8A4100CB9641005CA34100EDAF4198
:109D0800007EBC41000FC94100A0D5410031E241AD
:109D180000C2EE410053FB4100F20342003A0A42FE
:109D28000083104200CB164200141D42005C2342FF
:109D380000A5294200ED2F4200363642007E3C4203
:109D480000C74242000F4942A2000000F90000008B
:109D5800830000006E0000004E0000004400000078
:109D68001500000029000000FC000000270000008A
:109D780057000000D1000000F5000000340000008A
:109D8800DD000000C0000000DB00000062000000F1
:109D980095000000990000003C000000430000000E
:109DA8009000000041000000FE000000510000008B
:109DB80063000000AB000000DE000000BB000000F4
:109DC800C500000061000000B7000000240000008A
:109DD8006E0000003A000000420000004D00000044
:109DE800D2000000E000000006000000490000006A
:109DF8002E000000EA00000009000000D100000069
:109E0800920000001C000000FE0000001D00000081
:109E1800EB0000001C000000B10000002900000059
:109E2800A70000003E000000E800000082000000DB
:109E380035000000F50000002E000000BB00000007
:109E48004400000084000000E90000009C000000BD
:109E58007000000026000000B40000005F00000051
:109E68007E00000041000000390000009100000061
:109E7800D6000000390000008300000053000000F5
:109E880039000000F40000009C000000840000007D
:109E98005F0000008B000000BD000000F90000001A
:109EA800280000003B0000001F000000F800000030
:109EB80097000000FF000000DE0000000500000021
:109EC800980000000F000000EF0000002F000000C5
:109ED800110000008B0000005A0000000A0000007A
:109EE8006D0000001F0000006D000000360000003B
:109EF8007E000000CF00000027000000CB0000001B
:109F080009000000B70000004F00000046000000F4
:109F18003F000000660000009E0000005F00000097
:109F2800EA0000002D000000750000002700000076
:109F3800BA000000C7000000EB000000E5000000C8
:109F4800F10000007B0000003D0000000700000059
:109F580039000000F70000008A00000052000000ED
:109F680092000000EA0000006B000000FB00000007
:109F78005F000000B10000001F0000008D0000001D
:109F88005D0000000800000056000000030000000B
:109F98003000000046000000FC0000007B000000CC
:109FA8006B000000AB000000F0000000CF000000D4
:109FB800BC000000200000009A000000F40000002F
:109FC800360000001D000000A9000000E3000000AA
:109FD80091000000610000005E000000E600000043
:109FE8001B00000008000000650000009900000048
:109FF800850000005F00000014000000A0000000C1
:10A0080068000000400000008D000000FF00000014
:10A01800D8000000800000004D0000007300000020
:10A0280027000000310000000600000006000000C4
:10A038001500000056000000CA0000007300000070
:10A04800A8000000C900000060000000E200000055
:10A058007B000000C00000008C0000006B000000C6
:10A068000000C93F0000F0390000DA370000A233D1
:10A078000000842E0000502B0000C2270000D022D0
:10A088000000C41F0000C61B0000441704000000A5
:08A098000700000009000000B0
:08A0A000B5010008992D00082C
:04A0A800910100081A
:10A0AC000100000000000000010000000024F4008A
:10A0BC00AAAAAAAA180000200000000000000000B4
:10A0CC000000000000000000000000000000000084
:10A0DC000000000000000000000000000000000074
:10A0EC000000000000000000000000000000000064
:10A0FC000000000000000000000000000000000054
:10A10C000000000000000000000000000000000043
:08A11C0000000000000000003B
:0400000508007789EF
:00000001FF
