[2026-09-05 13:34:31.370] [info] [Performance] Thread limits: OpenCV=1, TBB=4, OMP=4
[2026-09-05 13:34:31.389] [info] [ROS2Visualizer] Initialized: node=standard_node, marker_topic=standard_markers
[2026-09-05 13:34:31.389] [info] [ROS2] Visualizer initialized
[2026-09-05 13:34:31.389] [info] [ROS2Visualizer] Spin thread started
[2026-09-05 13:34:31.390] [info] [CBoard] disabled (cboard_enable=false); XUC is expected to provide IMU
[2026-09-05 13:34:31.390] [info] Camera constructor: config_path=configs/standard_hikrobot_phase2d5_fire_single.yaml, camera_name=hikrobot
[2026-09-05 13:34:31.390] [info] Creating HikRobot camera
[2026-09-05 13:34:31.391] [info] HikRobot's daemon thread started.
[2026-09-05 13:34:31.391] [info] Camera constructor completed
[2026-09-05 13:34:31.392] [info] [XUC] serial opened /dev/serial/by-id/usb-1a86_USB_Serial-if00-port0 @ 460800 baud, angles=rad, yaw_sign=0.94074425, pitch_sign=1, imu_yaw_sign=-1.06298816, imu_pitch_sign=1, allow_control=true, allow_shoot=true, require_feedback=true, require_auto_mode=false, max_yaw_excursion_deg=0.00, lock_pitch=false
[2026-09-05 13:34:31.440] [info] [YOLO26] CPU cores: 16, big cores found: 4, core_type: unavailable, max_freq: 4900000
[2026-09-05 13:34:31.440] [info] [YOLO26] Big core ids: [4,5,6,7]
[2026-09-05 13:34:31.440] [info] [YOLO26] Successfully bound to 4 big cores
[2026-09-05 13:34:31.440] [info] [YOLO26] Disabled OpenCV threading to avoid CPU contention
[2026-09-05 13:34:31.456] [info] [YOLO26] Compiling model with 4 threads (LATENCY mode)
[2026-09-05 13:34:31.722] [info] [YOLO26] Initialization complete - SYNC mode optimized
[2026-09-05 13:34:31.722] [info] [YOLO26] Config: threads=4, streams=1, requests=1, letterbox=114, min_confidence=0.45, min_keypoint_confidence=0.00, swap_rb=false, refine_color=true, color_delta=12.0, color_hold_frames=12, save_samples=false, debug=false
[2026-09-05 13:34:31.727] [info] === All modules initialized ===
[2026-09-05 13:34:31.727] [info] [ROS2Visualizer] Published static TF: gimbal -> camera
[2026-09-05 13:34:31.727] [info] [ROS2] Published static TF: gimbal -> camera
[2026-09-05 13:34:31.727] [info] === Entering main loop ===
[2026-09-05 13:34:31.727] [info] [SYNC] 发送默认命令，等待相机触发
[2026-09-05 13:34:32.569] [info] [HikRobot][READBACK] image=1440x1080, pixel_format=0x1080009
[2026-09-05 13:34:32.570] [info] [HikRobot][READBACK] exposure_us=2000.0 auto=0, gain=10.02 auto=0, white_balance_auto=0
[2026-09-05 13:34:32.570] [info] [HikRobot][READBACK] trigger=off (continuous acquisition)
[2026-09-05 13:34:32.570] [info] [HikRobot][READBACK] acquisition_fps=150.00
[2026-09-05 13:34:32.583] [info] HikRobot's capture thread started.
[2026-09-05 13:34:32.591] [info] [HikRobot] first frame: 1440x1080, pixel_type=0x1080009, frame_len=1555200
[DEBUG] armors=0, targets=0
[DEBUG] armors=0, targets=0
[DEBUG] armors=0, targets=0
[DEBUG] armors=0, targets=0
[DEBUG] armors=1, targets=1
[DEBUG] armors=1, targets=1
[DEBUG] armors=0, targets=0
[DEBUG] armors=0, targets=0
[DEBUG] armors=0, targets=0
[DEBUG] armors=0, targets=0
[DEBUG] armors=1, targets=1
[DEBUG] armors=0, targets=0
[DEBUG] armors=0, targets=0
[DEBUG] armors=1, targets=1
[DEBUG] armors=0, targets=0
[DEBUG] armors=1, targets=1
[DEBUG] armors=0, targets=0
[DEBUG] armors=0, targets=0
[DEBUG] armors=0, targets=0
[DEBUG] armors=0, targets=0
[2026-09-05 13:34:32.978] [info] [DRYRUN] target=none gimbal_deg=(3.26,1.54) control=true shoot=false
[DEBUG] armors=1, targets=1
[DEBUG] armors=0, targets=0
[DEBUG] armors=1, targets=1
[DEBUG] armors=0, targets=0
[DEBUG] armors=1, targets=1
[DEBUG] armors=0, targets=0
[DEBUG] armors=0, targets=0
[DEBUG] armors=1, targets=1
[DEBUG] armors=0, targets=0
[DEBUG] armors=0, targets=0
[DEBUG] armors=1, targets=1
[DEBUG] armors=0, targets=0
[DEBUG] armors=1, targets=1
[DEBUG] armors=0, targets=0
[DEBUG] armors=0, targets=0
[DEBUG] armors=0, targets=0
[DEBUG] armors=1, targets=1
[DEBUG] armors=1, targets=1
[DEBUG] armors=1, targets=1
[DEBUG] armors=1, targets=1
[2026-09-05 13:34:33.276] [info] [DRYRUN] measured_gimbal=(2.830,0.102,-0.055) measured_world=(2.817,0.262,-0.131) tracked_world=(2.814,0.261,-0.131) target_gimbal_deg=(2.06,-1.12) target_world_deg=(5.32,-2.66) gimbal_deg=(3.26,1.54) armor_y_px=631.2 pixel_error_deg=(-1.35,2.24) ballistic=(range=2.832m holdover=0.541m comp=10.61deg residual=-8.37deg) q_wxyz=(0.999506,0.000382,0.013448,-0.028418) cmd_deg=(4.91,-12.27) packed_pitch_deg=-12.27 control=true shoot=false
[DEBUG] armors=0, targets=0
[DEBUG] armors=1, targets=1
[DEBUG] armors=0, targets=0
[DEBUG] armors=0, targets=0
[DEBUG] armors=1, targets=1
[DEBUG] armors=0, targets=0
[DEBUG] armors=1, targets=1
[DEBUG] armors=0, targets=0
[DEBUG] armors=1, targets=1
[2026-09-05 13:34:33.414] [info] [SYNC][XUC] mode=0 yaw=-3.26 deg pitch=1.54 deg feeder_rpm=0.00 wheel0_rpm=0 wheel1_rpm=0 wheel_delta=0 projectile_speed=12.80
[DEBUG] armors=0, targets=0
[2026-09-05 13:34:33.428] [info] [PERF] 总耗时=14.1ms (检测=12.1ms, 跟踪=0.0ms), FPS=70.8
[2026-09-05 13:34:33.428] [info] 📊 [CAMERA FPS] 瞬时帧率=70.7fps, 平均帧率=59.9fps, 总帧数=50, 运行时间=0.8s
[DEBUG] armors=1, targets=1
[DEBUG] armors=1, targets=1
[DEBUG] armors=1, targets=1
[DEBUG] armors=0, targets=0
[DEBUG] armors=1, targets=1
[DEBUG] armors=1, targets=1
[DEBUG] armors=1, targets=1
[DEBUG] armors=1, targets=1
[DEBUG] armors=1, targets=1
[DEBUG] armors=0, targets=1
[DEBUG] armors=1, targets=1
[DEBUG] armors=1, targets=1
[DEBUG] armors=0, targets=1
[DEBUG] armors=1, targets=1
[DEBUG] armors=1, targets=1
[DEBUG] armors=0, targets=1
[DEBUG] armors=0, targets=1
[DEBUG] armors=1, targets=1
[DEBUG] armors=1, targets=1
[DEBUG] armors=1, targets=1
[DEBUG] armors=1, targets=1
[DEBUG] armors=1, targets=1
[DEBUG] armors=1, targets=1
[DEBUG] armors=0, targets=1
[DEBUG] armors=1, targets=1
[DEBUG] armors=1, targets=1
[DEBUG] armors=1, targets=1
[DEBUG] armors=1, targets=1
[DEBUG] armors=1, targets=1
[DEBUG] armors=1, targets=1
[2026-09-05 13:34:33.884] [info] [DRYRUN] measured_gimbal=(2.838,0.102,-0.055) measured_world=(2.825,0.263,-0.132) tracked_world=(2.839,0.265,-0.133) target_gimbal_deg=(2.07,-1.11) target_world_deg=(5.33,-2.66) gimbal_deg=(3.26,1.54) armor_y_px=631.0 pixel_error_deg=(-1.35,2.23) ballistic=(range=2.840m holdover=0.544m comp=10.62deg residual=-8.39deg) q_wxyz=(0.999506,0.000382,0.013448,-0.028418) cmd_deg=(5.34,-12.31) packed_pitch_deg=-12.31 control=true shoot=false
[DEBUG] armors=0, targets=1
[DEBUG] armors=1, targets=1
[DEBUG] armors=1, targets=1
[DEBUG] armors=1, targets=1
[DEBUG] armors=1, targets=1
[DEBUG] armors=1, targets=1
[DEBUG] armors=1, targets=1
[DEBUG] armors=1, targets=1
[DEBUG] armors=1, targets=1
[DEBUG] armors=1, targets=1
[DEBUG] armors=0, targets=1
[DEBUG] armors=1, targets=1
[DEBUG] armors=0, targets=1
[DEBUG] armors=1, targets=1
[DEBUG] armors=1, targets=1
[DEBUG] armors=1, targets=1
[DEBUG] armors=0, targets=1
[DEBUG] armors=1, targets=1
[DEBUG] armors=1, targets=1
[2026-09-05 13:34:34.173] [info] [SYNC][XUC] mode=0 yaw=-3.26 deg pitch=1.54 deg feeder_rpm=0.00 wheel0_rpm=0 wheel1_rpm=0 wheel_delta=0 projectile_speed=12.80
[DEBUG] armors=0, targets=1
[2026-09-05 13:34:34.187] [info] [PERF] 总耗时=14.6ms (检测=12.0ms, 跟踪=0.0ms), FPS=68.3
[2026-09-05 13:34:34.187] [info] 📊 [CAMERA FPS] 瞬时帧率=68.2fps, 平均帧率=62.7fps, 总帧数=100, 运行时间=1.6s
[DEBUG] armors=1, targets=1
[DEBUG] armors=1, targets=1
[DEBUG] armors=0, targets=1
[DEBUG] armors=1, targets=1
[DEBUG] armors=1, targets=1
[DEBUG] armors=0, targets=1
[DEBUG] armors=1, targets=1
[DEBUG] armors=0, targets=1
[DEBUG] armors=0, targets=1
[DEBUG] armors=1, targets=1
[DEBUG] armors=1, targets=1
[DEBUG] armors=1, targets=1
[DEBUG] armors=0, targets=1
[DEBUG] armors=1, targets=1
[DEBUG] armors=0, targets=1
[DEBUG] armors=0, targets=1
[DEBUG] armors=0, targets=1
[DEBUG] armors=1, targets=1
[DEBUG] armors=0, targets=1
[DEBUG] armors=0, targets=1
[DEBUG] armors=0, targets=1
[DEBUG] armors=0, targets=1
[DEBUG] armors=1, targets=1
[DEBUG] armors=1, targets=1
[DEBUG] armors=1, targets=1
[DEBUG] armors=1, targets=1
[DEBUG] armors=1, targets=1
[DEBUG] armors=1, targets=1
[DEBUG] armors=0, targets=1
[DEBUG] armors=0, targets=1
[DEBUG] armors=0, targets=1
[DEBUG] armors=1, targets=1
[DEBUG] armors=1, targets=1
[DEBUG] armors=1, targets=1
[DEBUG] armors=1, targets=1
[DEBUG] armors=1, targets=1
[DEBUG] armors=0, targets=1
[DEBUG] armors=1, targets=1
[DEBUG] armors=1, targets=1
[DEBUG] armors=0, targets=1
[DEBUG] armors=0, targets=1
[DEBUG] armors=1, targets=1
[DEBUG] armors=1, targets=1
[DEBUG] armors=0, targets=1
[DEBUG] armors=1, targets=1
[DEBUG] armors=1, targets=1
[DEBUG] armors=0, targets=1
[DEBUG] armors=0, targets=1
[DEBUG] armors=0, targets=1
[2026-09-05 13:34:34.918] [info] [SYNC][XUC] mode=0 yaw=-3.26 deg pitch=1.54 deg feeder_rpm=0.00 wheel0_rpm=0 wheel1_rpm=0 wheel_delta=0 projectile_speed=12.80
[DEBUG] armors=0, targets=1
[2026-09-05 13:34:34.933] [info] [PERF] 总耗时=15.0ms (检测=12.6ms, 跟踪=0.0ms), FPS=66.8
[2026-09-05 13:34:34.933] [info] 📊 [CAMERA FPS] 瞬时帧率=66.7fps, 平均帧率=64.1fps, 总帧数=150, 运行时间=2.3s
[DEBUG] armors=1, targets=1
[DEBUG] armors=1, targets=1
[DEBUG] armors=0, targets=1
[DEBUG] armors=0, targets=1
[DEBUG] armors=1, targets=1
[DEBUG] armors=0, targets=1
[DEBUG] armors=1, targets=1
[DEBUG] armors=0, targets=1
[DEBUG] armors=1, targets=1
[DEBUG] armors=1, targets=1
[2026-09-05 13:34:35.081] [info] [DRYRUN] measured_gimbal=(2.845,0.103,-0.056) measured_world=(2.832,0.264,-0.132) tracked_world=(2.835,0.264,-0.132) target_gimbal_deg=(2.07,-1.12) target_world_deg=(5.33,-2.66) gimbal_deg=(3.26,1.54) armor_y_px=631.2 pixel_error_deg=(-1.35,2.23) ballistic=(range=2.847m holdover=0.545m comp=10.63deg residual=-8.39deg) q_wxyz=(0.999506,0.000382,0.013448,-0.028418) cmd_deg=(5.33,-12.32) packed_pitch_deg=-12.32 control=true shoot=false
[DEBUG] armors=0, targets=1
[DEBUG] armors=1, targets=1
[DEBUG] armors=0, targets=1
[DEBUG] armors=0, targets=1
[DEBUG] armors=0, targets=1
[DEBUG] armors=1, targets=1
[DEBUG] armors=0, targets=1
[DEBUG] armors=0, targets=1
[DEBUG] armors=1, targets=1
[DEBUG] armors=1, targets=1
[DEBUG] armors=0, targets=1
[DEBUG] armors=1, targets=1
[DEBUG] armors=0, targets=1
[DEBUG] armors=0, targets=1
[DEBUG] armors=0, targets=1
[DEBUG] armors=1, targets=1
[DEBUG] armors=0, targets=1
[DEBUG] armors=0, targets=1
[DEBUG] armors=1, targets=1
[DEBUG] armors=1, targets=1
[2026-09-05 13:34:35.385] [info] [DRYRUN] measured_gimbal=(2.853,0.103,-0.056) measured_world=(2.840,0.265,-0.133) tracked_world=(2.844,0.265,-0.133) target_gimbal_deg=(2.07,-1.12) target_world_deg=(5.33,-2.67) gimbal_deg=(3.26,1.54) armor_y_px=631.2 pixel_error_deg=(-1.36,2.23) ballistic=(range=2.855m holdover=0.548m comp=10.64deg residual=-8.41deg) q_wxyz=(0.999506,0.000382,0.013448,-0.028418) cmd_deg=(5.33,-12.34) packed_pitch_deg=-12.34 control=true shoot=false
[DEBUG] armors=1, targets=1
[DEBUG] armors=1, targets=1
[DEBUG] armors=0, targets=1
[DEBUG] armors=1, targets=1
[DEBUG] armors=1, targets=1
[DEBUG] armors=1, targets=1
[DEBUG] armors=1, targets=1
[DEBUG] armors=0, targets=1
[DEBUG] armors=1, targets=1
[DEBUG] armors=1, targets=1
[DEBUG] armors=1, targets=1
[DEBUG] armors=0, targets=1
[DEBUG] armors=0, targets=1
[DEBUG] armors=1, targets=1
[DEBUG] armors=0, targets=1
[DEBUG] armors=0, targets=1
[DEBUG] armors=0, targets=1
[DEBUG] armors=1, targets=1
[DEBUG] armors=0, targets=1
[2026-09-05 13:34:35.672] [info] [SYNC][XUC] mode=0 yaw=-3.26 deg pitch=1.54 deg feeder_rpm=0.00 wheel0_rpm=0 wheel1_rpm=0 wheel_delta=0 projectile_speed=12.80
[DEBUG] armors=1, targets=1
[2026-09-05 13:34:35.685] [info] [DRYRUN] measured_gimbal=(2.839,0.102,-0.055) measured_world=(2.826,0.263,-0.132) tracked_world=(2.835,0.264,-0.132) target_gimbal_deg=(2.06,-1.12) target_world_deg=(5.32,-2.66) gimbal_deg=(3.26,1.54) armor_y_px=631.0 pixel_error_deg=(-1.35,2.23) ballistic=(range=2.840m holdover=0.544m comp=10.62deg residual=-8.39deg) q_wxyz=(0.999506,0.000382,0.013448,-0.028418) cmd_deg=(5.33,-12.28) packed_pitch_deg=-12.28 control=true shoot=false
[2026-09-05 13:34:35.687] [info] [PERF] 总耗时=15.0ms (检测=12.4ms, 跟踪=0.5ms), FPS=66.5
[2026-09-05 13:34:35.687] [info] 📊 [CAMERA FPS] 瞬时帧率=66.3fps, 平均帧率=64.6fps, 总帧数=200, 运行时间=3.1s
[DEBUG] armors=0, targets=1
[DEBUG] armors=1, targets=1
[DEBUG] armors=1, targets=1
[DEBUG] armors=1, targets=1
[DEBUG] armors=1, targets=1
[DEBUG] armors=0, targets=1
[DEBUG] armors=0, targets=1
[DEBUG] armors=1, targets=1
[DEBUG] armors=1, targets=1
[DEBUG] armors=1, targets=1
[DEBUG] armors=0, targets=1
[DEBUG] armors=0, targets=1
[DEBUG] armors=1, targets=1
[DEBUG] armors=1, targets=1
[DEBUG] armors=1, targets=1
[DEBUG] armors=1, targets=1
[DEBUG] armors=1, targets=1
[DEBUG] armors=1, targets=1
[DEBUG] armors=1, targets=1
[DEBUG] armors=1, targets=1
[2026-09-05 13:34:35.988] [info] [DRYRUN] measured_gimbal=(2.874,0.104,-0.057) measured_world=(2.861,0.267,-0.134) tracked_world=(2.838,0.265,-0.133) target_gimbal_deg=(2.08,-1.14) target_world_deg=(5.34,-2.68) gimbal_deg=(3.26,1.54) armor_y_px=631.3 pixel_error_deg=(-1.36,2.24) ballistic=(range=2.876m holdover=0.553m comp=10.67deg residual=-8.43deg) q_wxyz=(0.999506,0.000382,0.013448,-0.028418) cmd_deg=(5.33,-12.35) packed_pitch_deg=-12.35 control=true shoot=false
[DEBUG] armors=1, targets=1
[DEBUG] armors=0, targets=1
[DEBUG] armors=1, targets=1
[DEBUG] armors=1, targets=1
[DEBUG] armors=1, targets=1
[DEBUG] armors=1, targets=1
[DEBUG] armors=0, targets=1
[DEBUG] armors=1, targets=1
[DEBUG] armors=1, targets=1
[DEBUG] armors=0, targets=1
[DEBUG] armors=1, targets=1
[DEBUG] armors=0, targets=1
[DEBUG] armors=1, targets=1
[DEBUG] armors=1, targets=1
[DEBUG] armors=1, targets=1
[DEBUG] armors=0, targets=1
[DEBUG] armors=1, targets=1
[DEBUG] armors=0, targets=1
[DEBUG] armors=1, targets=1
[DEBUG] armors=1, targets=1
[2026-09-05 13:34:36.289] [info] [DRYRUN] measured_gimbal=(2.831,0.102,-0.055) measured_world=(2.818,0.262,-0.131) tracked_world=(2.829,0.264,-0.132) target_gimbal_deg=(2.06,-1.12) target_world_deg=(5.32,-2.66) gimbal_deg=(3.26,1.54) armor_y_px=631.2 pixel_error_deg=(-1.35,2.24) ballistic=(range=2.832m holdover=0.542m comp=10.61deg residual=-8.37deg) q_wxyz=(0.999506,0.000382,0.013448,-0.028418) cmd_deg=(5.33,-12.28) packed_pitch_deg=-12.28 control=true shoot=false
[DEBUG] armors=1, targets=1
[DEBUG] armors=1, targets=1
[DEBUG] armors=0, targets=1
[DEBUG] armors=0, targets=1
[DEBUG] armors=1, targets=1
[DEBUG] armors=1, targets=1
[DEBUG] armors=1, targets=1
[DEBUG] armors=0, targets=1
[DEBUG] armors=1, targets=1
[2026-09-05 13:34:36.427] [info] [SYNC][XUC] mode=0 yaw=-3.26 deg pitch=1.54 deg feeder_rpm=0.00 wheel0_rpm=0 wheel1_rpm=0 wheel_delta=0 projectile_speed=12.80
[DEBUG] armors=1, targets=1
[2026-09-05 13:34:36.442] [info] [PERF] 总耗时=14.9ms (检测=12.2ms, 跟踪=0.4ms), FPS=67.2
[2026-09-05 13:34:36.442] [info] 📊 [CAMERA FPS] 瞬时帧率=67.1fps, 平均帧率=65.0fps, 总帧数=250, 运行时间=3.8s
[DEBUG] armors=1, targets=1
[DEBUG] armors=0, targets=1
[DEBUG] armors=1, targets=1
[DEBUG] armors=0, targets=1
[DEBUG] armors=1, targets=1
[DEBUG] armors=1, targets=1
[DEBUG] armors=0, targets=1
[DEBUG] armors=1, targets=1
[DEBUG] armors=1, targets=1
[DEBUG] armors=1, targets=1
[2026-09-05 13:34:36.589] [info] [DRYRUN] measured_gimbal=(2.841,0.102,-0.055) measured_world=(2.828,0.264,-0.132) tracked_world=(2.832,0.264,-0.132) target_gimbal_deg=(2.07,-1.12) target_world_deg=(5.32,-2.66) gimbal_deg=(3.26,1.54) armor_y_px=631.1 pixel_error_deg=(-1.35,2.23) ballistic=(range=2.842m holdover=0.544m comp=10.62deg residual=-8.39deg) q_wxyz=(0.999506,0.000382,0.013448,-0.028418) cmd_deg=(5.33,-12.34) packed_pitch_deg=-12.34 control=true shoot=false
[DEBUG] armors=1, targets=1
[DEBUG] armors=0, targets=1
[DEBUG] armors=1, targets=1
[DEBUG] armors=0, targets=1
[DEBUG] armors=1, targets=1
[DEBUG] armors=1, targets=1
[DEBUG] armors=0, targets=1
[DEBUG] armors=0, targets=1
[DEBUG] armors=0, targets=1
[DEBUG] armors=1, targets=1
[DEBUG] armors=1, targets=1
[DEBUG] armors=1, targets=1
[DEBUG] armors=1, targets=1
[DEBUG] armors=0, targets=1
[DEBUG] armors=0, targets=1
[DEBUG] armors=0, targets=1
[DEBUG] armors=1, targets=1
[DEBUG] armors=1, targets=1
[DEBUG] armors=1, targets=1
[DEBUG] armors=0, targets=1
[DEBUG] armors=0, targets=1
[DEBUG] armors=0, targets=1
[DEBUG] armors=0, targets=1
[DEBUG] armors=0, targets=1
[DEBUG] armors=0, targets=1
[DEBUG] armors=0, targets=1
[DEBUG] armors=0, targets=1
[DEBUG] armors=0, targets=1
[DEBUG] armors=0, targets=1
[DEBUG] armors=0, targets=1
[DEBUG] armors=1, targets=1
[DEBUG] armors=0, targets=1
[DEBUG] armors=0, targets=1
[DEBUG] armors=1, targets=1
[DEBUG] armors=0, targets=1
[DEBUG] armors=1, targets=1
[DEBUG] armors=1, targets=1
[DEBUG] armors=1, targets=1
[DEBUG] armors=0, targets=1
[2026-09-05 13:34:37.179] [info] [SYNC][XUC] mode=0 yaw=-3.26 deg pitch=1.54 deg feeder_rpm=0.00 wheel0_rpm=0 wheel1_rpm=0 wheel_delta=0 projectile_speed=12.80
[DEBUG] armors=1, targets=1
[2026-09-05 13:34:37.192] [info] [DRYRUN] measured_gimbal=(2.875,0.104,-0.057) measured_world=(2.862,0.267,-0.134) tracked_world=(2.837,0.265,-0.133) target_gimbal_deg=(2.07,-1.13) target_world_deg=(5.33,-2.67) gimbal_deg=(3.26,1.54) armor_y_px=631.1 pixel_error_deg=(-1.35,2.23) ballistic=(range=2.877m holdover=0.553m comp=10.67deg residual=-8.44deg) q_wxyz=(0.999506,0.000382,0.013448,-0.028418) cmd_deg=(5.33,-12.34) packed_pitch_deg=-12.34 control=true shoot=false
[2026-09-05 13:34:37.194] [info] [PERF] 总耗时=15.7ms (检测=12.9ms, 跟踪=0.5ms), FPS=63.6
[2026-09-05 13:34:37.194] [info] 📊 [CAMERA FPS] 瞬时帧率=63.5fps, 平均帧率=65.2fps, 总帧数=300, 运行时间=4.6s
[DEBUG] armors=0, targets=1
[DEBUG] armors=1, targets=1
[DEBUG] armors=0, targets=1
[DEBUG] armors=0, targets=1
[DEBUG] armors=0, targets=1
[DEBUG] armors=0, targets=1
[DEBUG] armors=0, targets=1
[DEBUG] armors=0, targets=1
[DEBUG] armors=1, targets=1
[DEBUG] armors=1, targets=1
[DEBUG] armors=0, targets=1
[DEBUG] armors=1, targets=1
[DEBUG] armors=1, targets=1
[DEBUG] armors=0, targets=1
[DEBUG] armors=1, targets=1
[DEBUG] armors=0, targets=1
[DEBUG] armors=1, targets=1
[DEBUG] armors=0, targets=1
[DEBUG] armors=1, targets=1
[DEBUG] armors=0, targets=1
[DEBUG] armors=0, targets=1
[DEBUG] armors=1, targets=1
[DEBUG] armors=1, targets=1
[DEBUG] armors=0, targets=1
[DEBUG] armors=0, targets=1
[DEBUG] armors=1, targets=1
[DEBUG] armors=0, targets=1
[DEBUG] armors=0, targets=1
[DEBUG] armors=1, targets=1
[DEBUG] armors=1, targets=1
[DEBUG] armors=0, targets=1
[DEBUG] armors=1, targets=1
[DEBUG] armors=1, targets=1
[DEBUG] armors=0, targets=1
[DEBUG] armors=0, targets=1
[DEBUG] armors=0, targets=1
[DEBUG] armors=0, targets=1
[DEBUG] armors=1, targets=1
[DEBUG] armors=0, targets=1
[DEBUG] armors=1, targets=1
[2026-09-05 13:34:37.794] [info] [DRYRUN] measured_gimbal=(2.851,0.103,-0.056) measured_world=(2.838,0.264,-0.133) tracked_world=(2.840,0.265,-0.133) target_gimbal_deg=(2.06,-1.12) target_world_deg=(5.32,-2.66) gimbal_deg=(3.26,1.54) armor_y_px=631.1 pixel_error_deg=(-1.35,2.23) ballistic=(range=2.852m holdover=0.547m comp=10.64deg residual=-8.40deg) q_wxyz=(0.999506,0.000382,0.013448,-0.028418) cmd_deg=(5.33,-12.32) packed_pitch_deg=-12.32 control=true shoot=false
[DEBUG] armors=1, targets=1
[DEBUG] armors=1, targets=1
[DEBUG] armors=0, targets=1
[DEBUG] armors=0, targets=1
[DEBUG] armors=0, targets=1
[DEBUG] armors=0, targets=1
[DEBUG] armors=1, targets=1
[DEBUG] armors=0, targets=1
[DEBUG] armors=0, targets=1
[2026-09-05 13:34:37.933] [info] [SYNC][XUC] mode=0 yaw=-3.26 deg pitch=1.54 deg feeder_rpm=0.00 wheel0_rpm=0 wheel1_rpm=0 wheel_delta=0 projectile_speed=12.80
[DEBUG] armors=0, targets=1
[2026-09-05 13:34:37.947] [info] [PERF] 总耗时=14.4ms (检测=11.9ms, 跟踪=0.0ms), FPS=69.4
[2026-09-05 13:34:37.947] [info] 📊 [CAMERA FPS] 瞬时帧率=69.3fps, 平均帧率=65.4fps, 总帧数=350, 运行时间=5.4s
[DEBUG] armors=1, targets=1
[DEBUG] armors=1, targets=1
[DEBUG] armors=1, targets=1
[DEBUG] armors=1, targets=1
[DEBUG] armors=1, targets=1
[DEBUG] armors=0, targets=1
[DEBUG] armors=1, targets=1
[DEBUG] armors=1, targets=1
[DEBUG] armors=1, targets=1
[DEBUG] armors=1, targets=1
[2026-09-05 13:34:38.098] [info] [DRYRUN] measured_gimbal=(2.846,0.103,-0.056) measured_world=(2.833,0.264,-0.132) tracked_world=(2.831,0.264,-0.132) target_gimbal_deg=(2.07,-1.12) target_world_deg=(5.33,-2.66) gimbal_deg=(3.26,1.54) armor_y_px=631.0 pixel_error_deg=(-1.35,2.23) ballistic=(range=2.848m holdover=0.546m comp=10.63deg residual=-8.40deg) q_wxyz=(0.999506,0.000382,0.013448,-0.028418) cmd_deg=(5.32,-12.30) packed_pitch_deg=-12.30 control=true shoot=false
[DEBUG] armors=0, targets=1
[DEBUG] armors=0, targets=1
[DEBUG] armors=0, targets=1
[DEBUG] armors=1, targets=1
[DEBUG] armors=1, targets=1
[DEBUG] armors=1, targets=1
[DEBUG] armors=1, targets=1
[DEBUG] armors=0, targets=1
[DEBUG] armors=1, targets=1
[DEBUG] armors=0, targets=1
[DEBUG] armors=1, targets=1
[DEBUG] armors=0, targets=1
[DEBUG] armors=1, targets=1
[DEBUG] armors=0, targets=1
[DEBUG] armors=0, targets=1
[DEBUG] armors=0, targets=1
[DEBUG] armors=1, targets=1
[DEBUG] armors=1, targets=1
[DEBUG] armors=0, targets=1
[DEBUG] armors=1, targets=1
[2026-09-05 13:34:38.405] [info] [DRYRUN] measured_gimbal=(2.850,0.103,-0.056) measured_world=(2.837,0.264,-0.133) tracked_world=(2.829,0.264,-0.132) target_gimbal_deg=(2.06,-1.12) target_world_deg=(5.32,-2.66) gimbal_deg=(3.26,1.54) armor_y_px=631.1 pixel_error_deg=(-1.35,2.23) ballistic=(range=2.852m holdover=0.547m comp=10.64deg residual=-8.40deg) q_wxyz=(0.999506,0.000382,0.013448,-0.028418) cmd_deg=(5.33,-12.33) packed_pitch_deg=-12.33 control=true shoot=false
[DEBUG] armors=0, targets=1
[DEBUG] armors=1, targets=1
[DEBUG] armors=1, targets=1
[DEBUG] armors=0, targets=1
[DEBUG] armors=1, targets=1
[DEBUG] armors=0, targets=1
[DEBUG] armors=0, targets=1
[DEBUG] armors=0, targets=1
[DEBUG] armors=0, targets=1
[DEBUG] armors=1, targets=1
[DEBUG] armors=1, targets=1
[DEBUG] armors=1, targets=1
[DEBUG] armors=0, targets=1
[DEBUG] armors=1, targets=1
[DEBUG] armors=0, targets=1
[DEBUG] armors=1, targets=1
[DEBUG] armors=1, targets=1
[DEBUG] armors=0, targets=1
[DEBUG] armors=1, targets=1
[2026-09-05 13:34:38.694] [info] [SYNC][XUC] mode=0 yaw=-3.26 deg pitch=1.54 deg feeder_rpm=0.00 wheel0_rpm=0 wheel1_rpm=0 wheel_delta=0 projectile_speed=12.80
[DEBUG] armors=1, targets=1
[2026-09-05 13:34:38.708] [info] [DRYRUN] measured_gimbal=(2.838,0.102,-0.055) measured_world=(2.825,0.263,-0.132) tracked_world=(2.831,0.264,-0.132) target_gimbal_deg=(2.07,-1.11) target_world_deg=(5.33,-2.66) gimbal_deg=(3.26,1.54) armor_y_px=631.0 pixel_error_deg=(-1.35,2.23) ballistic=(range=2.840m holdover=0.544m comp=10.62deg residual=-8.39deg) q_wxyz=(0.999506,0.000382,0.013448,-0.028418) cmd_deg=(5.33,-12.30) packed_pitch_deg=-12.30 control=true shoot=false
[2026-09-05 13:34:38.710] [info] [PERF] 总耗时=15.8ms (检测=13.1ms, 跟踪=0.5ms), FPS=63.2
[2026-09-05 13:34:38.710] [info] 📊 [CAMERA FPS] 瞬时帧率=63.1fps, 平均帧率=65.4fps, 总帧数=400, 运行时间=6.1s
[DEBUG] armors=1, targets=1
[DEBUG] armors=1, targets=1
[DEBUG] armors=1, targets=1
[DEBUG] armors=1, targets=1
[DEBUG] armors=1, targets=1
[DEBUG] armors=1, targets=1
[DEBUG] armors=0, targets=1
[DEBUG] armors=1, targets=1
[DEBUG] armors=1, targets=1
[DEBUG] armors=0, targets=1
[DEBUG] armors=1, targets=1
[DEBUG] armors=0, targets=1
[DEBUG] armors=0, targets=1
[DEBUG] armors=0, targets=1
[DEBUG] armors=0, targets=1
[DEBUG] armors=1, targets=1
[DEBUG] armors=1, targets=1
[DEBUG] armors=0, targets=1
[DEBUG] armors=0, targets=1
[DEBUG] armors=0, targets=1
[DEBUG] armors=1, targets=1
[DEBUG] armors=0, targets=1
[DEBUG] armors=0, targets=1
[DEBUG] armors=1, targets=1
[DEBUG] armors=1, targets=1
[DEBUG] armors=1, targets=1
[DEBUG] armors=1, targets=1
[DEBUG] armors=0, targets=1
[DEBUG] armors=1, targets=1
[DEBUG] armors=0, targets=1
[DEBUG] armors=1, targets=1
[DEBUG] armors=1, targets=1
[DEBUG] armors=0, targets=1
[DEBUG] armors=1, targets=1
[DEBUG] armors=1, targets=1
[DEBUG] armors=0, targets=1
[DEBUG] armors=0, targets=1
[DEBUG] armors=1, targets=1
[DEBUG] armors=0, targets=1
[DEBUG] armors=0, targets=1
[DEBUG] armors=0, targets=1
[DEBUG] armors=0, targets=1
[DEBUG] armors=1, targets=1
[DEBUG] armors=1, targets=1
[DEBUG] armors=0, targets=1
[DEBUG] armors=1, targets=1
[DEBUG] armors=1, targets=1
[DEBUG] armors=0, targets=1
[DEBUG] armors=0, targets=1
[2026-09-05 13:34:39.458] [info] [SYNC][XUC] mode=0 yaw=-3.26 deg pitch=1.54 deg feeder_rpm=-4.00 wheel0_rpm=0 wheel1_rpm=0 wheel_delta=0 projectile_speed=12.80
[DEBUG] armors=0, targets=1
[2026-09-05 13:34:39.473] [info] [PERF] 总耗时=15.2ms (检测=12.6ms, 跟踪=0.0ms), FPS=65.9
[2026-09-05 13:34:39.474] [info] 📊 [CAMERA FPS] 瞬时帧率=65.8fps, 平均帧率=65.4fps, 总帧数=450, 运行时间=6.9s
[DEBUG] armors=0, targets=1
[DEBUG] armors=1, targets=1
[DEBUG] armors=0, targets=1
[DEBUG] armors=0, targets=1
[DEBUG] armors=1, targets=1
[DEBUG] armors=1, targets=1
[DEBUG] armors=0, targets=1
[DEBUG] armors=0, targets=1
[DEBUG] armors=0, targets=1
[DEBUG] armors=1, targets=1
[2026-09-05 13:34:39.622] [info] [DRYRUN] measured_gimbal=(2.848,0.103,-0.056) measured_world=(2.835,0.264,-0.132) tracked_world=(2.829,0.264,-0.132) target_gimbal_deg=(2.07,-1.12) target_world_deg=(5.33,-2.66) gimbal_deg=(3.26,1.54) armor_y_px=631.1 pixel_error_deg=(-1.35,2.23) ballistic=(range=2.850m holdover=0.546m comp=10.63deg residual=-8.40deg) q_wxyz=(0.999506,0.000382,0.013448,-0.028418) cmd_deg=(5.32,-12.31) packed_pitch_deg=-12.31 control=true shoot=false
[DEBUG] armors=0, targets=1
[DEBUG] armors=0, targets=1
[DEBUG] armors=1, targets=1
[DEBUG] armors=1, targets=1
[DEBUG] armors=1, targets=1
[DEBUG] armors=1, targets=1
[DEBUG] armors=1, targets=1
[DEBUG] armors=1, targets=1
[DEBUG] armors=0, targets=1
[DEBUG] armors=0, targets=1
[DEBUG] armors=1, targets=1
[DEBUG] armors=1, targets=1
[DEBUG] armors=0, targets=1
[DEBUG] armors=0, targets=1
[DEBUG] armors=0, targets=1
[DEBUG] armors=0, targets=1
[DEBUG] armors=0, targets=1
[DEBUG] armors=1, targets=1
[DEBUG] armors=0, targets=1
[DEBUG] armors=1, targets=1
[2026-09-05 13:34:39.924] [info] [DRYRUN] measured_gimbal=(2.838,0.103,-0.056) measured_world=(2.825,0.264,-0.132) tracked_world=(2.826,0.264,-0.132) target_gimbal_deg=(2.07,-1.12) target_world_deg=(5.33,-2.66) gimbal_deg=(3.26,1.54) armor_y_px=631.4 pixel_error_deg=(-1.36,2.24) ballistic=(range=2.840m holdover=0.544m comp=10.62deg residual=-8.38deg) q_wxyz=(0.999506,0.000382,0.013448,-0.028418) cmd_deg=(5.33,-12.28) packed_pitch_deg=-12.28 control=true shoot=false
[DEBUG] armors=0, targets=1
[DEBUG] armors=1, targets=1
[DEBUG] armors=1, targets=1
[DEBUG] armors=0, targets=1
[DEBUG] armors=0, targets=1
[DEBUG] armors=0, targets=1
[DEBUG] armors=1, targets=1
[DEBUG] armors=0, targets=1
[DEBUG] armors=0, targets=1
[DEBUG] armors=0, targets=1
[DEBUG] armors=0, targets=1
[DEBUG] armors=1, targets=1
[DEBUG] armors=0, targets=1
[DEBUG] armors=0, targets=1
[DEBUG] armors=0, targets=1
[DEBUG] armors=0, targets=1
[DEBUG] armors=0, targets=1
[DEBUG] armors=0, targets=1
[DEBUG] armors=1, targets=1
[2026-09-05 13:34:40.213] [info] [SYNC][XUC] mode=0 yaw=-3.26 deg pitch=1.54 deg feeder_rpm=0.00 wheel0_rpm=0 wheel1_rpm=0 wheel_delta=0 projectile_speed=12.80
[DEBUG] armors=1, targets=1
[2026-09-05 13:34:40.225] [info] [DRYRUN] measured_gimbal=(2.864,0.104,-0.057) measured_world=(2.851,0.266,-0.134) tracked_world=(2.830,0.264,-0.132) target_gimbal_deg=(2.07,-1.13) target_world_deg=(5.33,-2.67) gimbal_deg=(3.26,1.54) armor_y_px=631.2 pixel_error_deg=(-1.36,2.24) ballistic=(range=2.866m holdover=0.551m comp=10.66deg residual=-8.42deg) q_wxyz=(0.999506,0.000382,0.013448,-0.028418) cmd_deg=(5.33,-12.33) packed_pitch_deg=-12.33 control=true shoot=false
[2026-09-05 13:34:40.228] [info] [PERF] 总耗时=15.2ms (检测=12.3ms, 跟踪=0.4ms), FPS=65.6
[2026-09-05 13:34:40.228] [info] 📊 [CAMERA FPS] 瞬时帧率=65.5fps, 平均帧率=65.5fps, 总帧数=500, 运行时间=7.6s
[DEBUG] armors=1, targets=1
[DEBUG] armors=1, targets=1
[DEBUG] armors=1, targets=1
[DEBUG] armors=1, targets=1
[DEBUG] armors=1, targets=1
[DEBUG] armors=0, targets=1
[DEBUG] armors=1, targets=1
[DEBUG] armors=1, targets=1
[DEBUG] armors=0, targets=1
[DEBUG] armors=1, targets=1
[DEBUG] armors=1, targets=1
[DEBUG] armors=0, targets=1
[DEBUG] armors=0, targets=1
[DEBUG] armors=1, targets=1
[DEBUG] armors=0, targets=1
[DEBUG] armors=0, targets=1
[DEBUG] armors=1, targets=1
[DEBUG] armors=0, targets=1
[DEBUG] armors=1, targets=1
[DEBUG] armors=0, targets=1
[DEBUG] armors=0, targets=1
[DEBUG] armors=1, targets=1
[DEBUG] armors=1, targets=1
[DEBUG] armors=0, targets=1
[DEBUG] armors=0, targets=1
[DEBUG] armors=0, targets=1
[DEBUG] armors=0, targets=1
[DEBUG] armors=0, targets=1
[DEBUG] armors=0, targets=1
[DEBUG] armors=0, targets=1
[DEBUG] armors=1, targets=1
[DEBUG] armors=0, targets=1
[DEBUG] armors=1, targets=1
[DEBUG] armors=0, targets=1
[DEBUG] armors=1, targets=1
[DEBUG] armors=1, targets=1
[DEBUG] armors=1, targets=1
[DEBUG] armors=1, targets=1
[DEBUG] armors=1, targets=1
[DEBUG] armors=1, targets=1
[2026-09-05 13:34:40.834] [info] [DRYRUN] measured_gimbal=(2.849,0.103,-0.056) measured_world=(2.836,0.264,-0.133) tracked_world=(2.834,0.264,-0.132) target_gimbal_deg=(2.07,-1.12) target_world_deg=(5.33,-2.66) gimbal_deg=(3.26,1.54) armor_y_px=631.2 pixel_error_deg=(-1.35,2.24) ballistic=(range=2.851m holdover=0.546m comp=10.63deg residual=-8.40deg) q_wxyz=(0.999506,0.000382,0.013448,-0.028418) cmd_deg=(5.33,-12.30) packed_pitch_deg=-12.30 control=true shoot=false
[DEBUG] armors=0, targets=1
[DEBUG] armors=1, targets=1
[DEBUG] armors=1, targets=1
[DEBUG] armors=0, targets=1
[DEBUG] armors=0, targets=1
[DEBUG] armors=0, targets=1
[DEBUG] armors=0, targets=1
[DEBUG] armors=0, targets=1
[DEBUG] armors=0, targets=1
[2026-09-05 13:34:40.971] [info] [SYNC][XUC] mode=0 yaw=-3.26 deg pitch=1.54 deg feeder_rpm=0.00 wheel0_rpm=0 wheel1_rpm=0 wheel_delta=0 projectile_speed=12.80
[DEBUG] armors=1, targets=1
[2026-09-05 13:34:40.987] [info] [PERF] 总耗时=15.6ms (检测=12.8ms, 跟踪=0.4ms), FPS=64.0
[2026-09-05 13:34:40.987] [info] 📊 [CAMERA FPS] 瞬时帧率=63.9fps, 平均帧率=65.5fps, 总帧数=550, 运行时间=8.4s
[DEBUG] armors=0, targets=1
[DEBUG] armors=0, targets=1
[DEBUG] armors=0, targets=1
[DEBUG] armors=0, targets=1
[DEBUG] armors=1, targets=1
[DEBUG] armors=1, targets=1
[DEBUG] armors=1, targets=1
[DEBUG] armors=0, targets=1
[DEBUG] armors=0, targets=1
[DEBUG] armors=0, targets=1
[DEBUG] armors=1, targets=1
[DEBUG] armors=1, targets=1
[DEBUG] armors=1, targets=1
[DEBUG] armors=1, targets=1
[DEBUG] armors=0, targets=1
[DEBUG] armors=0, targets=1
[DEBUG] armors=1, targets=1
[DEBUG] armors=1, targets=1
[DEBUG] armors=1, targets=1
[DEBUG] armors=0, targets=1
[DEBUG] armors=1, targets=1
[DEBUG] armors=1, targets=1
[DEBUG] armors=0, targets=1
[DEBUG] armors=1, targets=1
[DEBUG] armors=1, targets=1
[DEBUG] armors=1, targets=1
[DEBUG] armors=1, targets=1
[DEBUG] armors=0, targets=1
[DEBUG] armors=1, targets=1
[DEBUG] armors=1, targets=1
[2026-09-05 13:34:41.439] [info] [DRYRUN] measured_gimbal=(2.848,0.103,-0.056) measured_world=(2.835,0.264,-0.133) tracked_world=(2.826,0.263,-0.132) target_gimbal_deg=(2.07,-1.13) target_world_deg=(5.33,-2.67) gimbal_deg=(3.26,1.54) armor_y_px=631.3 pixel_error_deg=(-1.36,2.24) ballistic=(range=2.850m holdover=0.546m comp=10.63deg residual=-8.39deg) q_wxyz=(0.999506,0.000382,0.013448,-0.028418) cmd_deg=(5.32,-12.28) packed_pitch_deg=-12.28 control=true shoot=false
[DEBUG] armors=1, targets=1
[DEBUG] armors=1, targets=1
[DEBUG] armors=0, targets=1
[DEBUG] armors=1, targets=1
[DEBUG] armors=1, targets=1
[DEBUG] armors=1, targets=1
[DEBUG] armors=1, targets=1
[DEBUG] armors=0, targets=1
[DEBUG] armors=1, targets=1
[DEBUG] armors=0, targets=1
[DEBUG] armors=0, targets=1
[DEBUG] armors=0, targets=1
[DEBUG] armors=0, targets=1
[DEBUG] armors=0, targets=1
[DEBUG] armors=1, targets=1
[DEBUG] armors=0, targets=1
[DEBUG] armors=1, targets=1
[DEBUG] armors=0, targets=1
[DEBUG] armors=1, targets=1
[2026-09-05 13:34:41.732] [info] [SYNC][XUC] mode=0 yaw=-3.26 deg pitch=1.54 deg feeder_rpm=0.00 wheel0_rpm=0 wheel1_rpm=0 wheel_delta=0 projectile_speed=12.80
[DEBUG] armors=0, targets=1
[2026-09-05 13:34:41.747] [info] [PERF] 总耗时=15.1ms (检测=12.5ms, 跟踪=0.0ms), FPS=66.4
[2026-09-05 13:34:41.747] [info] 📊 [CAMERA FPS] 瞬时帧率=66.3fps, 平均帧率=65.5fps, 总帧数=600, 运行时间=9.2s
[DEBUG] armors=0, targets=1
[DEBUG] armors=0, targets=1
[DEBUG] armors=0, targets=1
[DEBUG] armors=0, targets=1
[DEBUG] armors=1, targets=1
[DEBUG] armors=1, targets=1
[DEBUG] armors=0, targets=1
[DEBUG] armors=1, targets=1
[DEBUG] armors=1, targets=1
[DEBUG] armors=0, targets=1
[DEBUG] armors=1, targets=1
[DEBUG] armors=0, targets=1
[DEBUG] armors=0, targets=1
[DEBUG] armors=1, targets=1
[DEBUG] armors=0, targets=1
[DEBUG] armors=0, targets=1
[DEBUG] armors=1, targets=1
[DEBUG] armors=0, targets=1
[DEBUG] armors=1, targets=1
[DEBUG] armors=1, targets=1
[2026-09-05 13:34:42.050] [info] [DRYRUN] measured_gimbal=(2.853,0.103,-0.056) measured_world=(2.840,0.265,-0.133) tracked_world=(2.832,0.264,-0.133) target_gimbal_deg=(2.08,-1.13) target_world_deg=(5.34,-2.67) gimbal_deg=(3.26,1.54) armor_y_px=631.5 pixel_error_deg=(-1.36,2.24) ballistic=(range=2.855m holdover=0.548m comp=10.64deg residual=-8.40deg) q_wxyz=(0.999506,0.000382,0.013448,-0.028418) cmd_deg=(5.33,-12.32) packed_pitch_deg=-12.32 control=true shoot=false
[DEBUG] armors=0, targets=1
[DEBUG] armors=1, targets=1
[DEBUG] armors=0, targets=1
[DEBUG] armors=0, targets=1
[DEBUG] armors=0, targets=1
[DEBUG] armors=0, targets=1
[DEBUG] armors=0, targets=1
[DEBUG] armors=0, targets=1
[DEBUG] armors=1, targets=1
[DEBUG] armors=0, targets=1
[DEBUG] armors=1, targets=1
[DEBUG] armors=1, targets=1
[DEBUG] armors=0, targets=1
[DEBUG] armors=0, targets=1
[DEBUG] armors=1, targets=1
[DEBUG] armors=1, targets=1
[DEBUG] armors=0, targets=1
[DEBUG] armors=1, targets=1
[DEBUG] armors=0, targets=1
[DEBUG] armors=1, targets=1
[2026-09-05 13:34:42.357] [info] [DRYRUN] measured_gimbal=(2.849,0.103,-0.056) measured_world=(2.836,0.265,-0.132) tracked_world=(2.833,0.264,-0.133) target_gimbal_deg=(2.07,-1.12) target_world_deg=(5.33,-2.66) gimbal_deg=(3.26,1.54) armor_y_px=631.0 pixel_error_deg=(-1.35,2.23) ballistic=(range=2.851m holdover=0.547m comp=10.63deg residual=-8.40deg) q_wxyz=(0.999506,0.000382,0.013448,-0.028418) cmd_deg=(5.33,-12.30) packed_pitch_deg=-12.30 control=true shoot=false
[DEBUG] armors=0, targets=1
[DEBUG] armors=0, targets=1
[DEBUG] armors=0, targets=1
[DEBUG] armors=1, targets=1
[DEBUG] armors=0, targets=1
[DEBUG] armors=0, targets=1
[DEBUG] armors=0, targets=1
[DEBUG] armors=0, targets=1
[DEBUG] armors=1, targets=1
[2026-09-05 13:34:42.497] [info] [SYNC][XUC] mode=0 yaw=-3.26 deg pitch=1.54 deg feeder_rpm=0.00 wheel0_rpm=0 wheel1_rpm=0 wheel_delta=0 projectile_speed=12.80
[DEBUG] armors=0, targets=1
[2026-09-05 13:34:42.512] [info] [PERF] 总耗时=15.0ms (检测=12.8ms, 跟踪=0.0ms), FPS=66.6
[2026-09-05 13:34:42.512] [info] 📊 [CAMERA FPS] 瞬时帧率=66.5fps, 平均帧率=65.5fps, 总帧数=650, 运行时间=9.9s
[DEBUG] armors=0, targets=1
[DEBUG] armors=0, targets=1
[DEBUG] armors=1, targets=1
[DEBUG] armors=0, targets=1
[DEBUG] armors=0, targets=1
[DEBUG] armors=0, targets=1
[DEBUG] armors=0, targets=1
[DEBUG] armors=0, targets=1
[DEBUG] armors=0, targets=1
[DEBUG] armors=0, targets=1
[DEBUG] armors=1, targets=1
[DEBUG] armors=0, targets=1
[DEBUG] armors=1, targets=1
[DEBUG] armors=0, targets=1
[DEBUG] armors=1, targets=1
[DEBUG] armors=0, targets=1
[DEBUG] armors=1, targets=1
[DEBUG] armors=1, targets=1
[DEBUG] armors=0, targets=1
[DEBUG] armors=1, targets=1
[DEBUG] armors=0, targets=1
[DEBUG] armors=0, targets=1
[DEBUG] armors=1, targets=1
[DEBUG] armors=0, targets=1
[DEBUG] armors=0, targets=1
[DEBUG] armors=1, targets=1
[DEBUG] armors=0, targets=1
[DEBUG] armors=1, targets=1
[DEBUG] armors=1, targets=1
[DEBUG] armors=0, targets=1
[DEBUG] armors=0, targets=1
[DEBUG] armors=0, targets=1
[DEBUG] armors=0, targets=1
[DEBUG] armors=0, targets=1
[DEBUG] armors=0, targets=1
[DEBUG] armors=0, targets=1
[DEBUG] armors=0, targets=1
[DEBUG] armors=0, targets=1
[DEBUG] armors=1, targets=1
[DEBUG] armors=0, targets=1
[DEBUG] armors=0, targets=1
[DEBUG] armors=0, targets=1
[DEBUG] armors=1, targets=1
[DEBUG] armors=0, targets=1
[DEBUG] armors=0, targets=1
[DEBUG] armors=1, targets=1
[DEBUG] armors=0, targets=1
[DEBUG] armors=0, targets=1
[DEBUG] armors=0, targets=1
[2026-09-05 13:34:43.256] [info] [SYNC][XUC] mode=0 yaw=-3.26 deg pitch=1.54 deg feeder_rpm=0.00 wheel0_rpm=0 wheel1_rpm=0 wheel_delta=0 projectile_speed=12.80
[DEBUG] armors=0, targets=1
[2026-09-05 13:34:43.271] [info] [PERF] 总耗时=15.0ms (检测=12.8ms, 跟踪=0.0ms), FPS=66.5
[2026-09-05 13:34:43.271] [info] 📊 [CAMERA FPS] 瞬时帧率=66.3fps, 平均帧率=65.6fps, 总帧数=700, 运行时间=10.7s
[DEBUG] armors=1, targets=1
[DEBUG] armors=0, targets=1
[DEBUG] armors=0, targets=1
[DEBUG] armors=0, targets=1
[DEBUG] armors=0, targets=1
[DEBUG] armors=0, targets=1
[DEBUG] armors=0, targets=1
[DEBUG] armors=0, targets=1
[DEBUG] armors=0, targets=1
[DEBUG] armors=0, targets=1
[DEBUG] armors=1, targets=1
[DEBUG] armors=0, targets=1
[DEBUG] armors=0, targets=1
[DEBUG] armors=0, targets=1
[DEBUG] armors=0, targets=1
[DEBUG] armors=0, targets=1
[DEBUG] armors=1, targets=1
[DEBUG] armors=1, targets=1
[DEBUG] armors=1, targets=1
[DEBUG] armors=0, targets=1
[DEBUG] armors=0, targets=1
[DEBUG] armors=0, targets=1
[DEBUG] armors=1, targets=1
[DEBUG] armors=0, targets=1
[DEBUG] armors=0, targets=1
[DEBUG] armors=1, targets=1
[DEBUG] armors=0, targets=1
[DEBUG] armors=1, targets=1
[DEBUG] armors=0, targets=1
[DEBUG] armors=0, targets=1
[DEBUG] armors=0, targets=1
[DEBUG] armors=1, targets=1
[DEBUG] armors=1, targets=1
[DEBUG] armors=1, targets=1
[DEBUG] armors=1, targets=1
[DEBUG] armors=1, targets=1
[DEBUG] armors=1, targets=1
[DEBUG] armors=1, targets=1
[DEBUG] armors=1, targets=1
[DEBUG] armors=1, targets=1
[2026-09-05 13:34:43.883] [info] [DRYRUN] measured_gimbal=(2.811,0.101,-0.054) measured_world=(2.799,0.261,-0.130) tracked_world=(2.827,0.264,-0.132) target_gimbal_deg=(2.06,-1.11) target_world_deg=(5.32,-2.65) gimbal_deg=(3.26,1.54) armor_y_px=631.1 pixel_error_deg=(-1.36,2.23) ballistic=(range=2.813m holdover=0.537m comp=10.58deg residual=-8.34deg) q_wxyz=(0.999506,0.000382,0.013448,-0.028418) cmd_deg=(5.33,-12.26) packed_pitch_deg=-12.26 control=true shoot=false
[DEBUG] armors=1, targets=1
[DEBUG] armors=1, targets=1
[DEBUG] armors=0, targets=1
[DEBUG] armors=1, targets=1
[DEBUG] armors=1, targets=1
[DEBUG] armors=1, targets=1
[DEBUG] armors=1, targets=1
[DEBUG] armors=1, targets=1
[DEBUG] armors=1, targets=1
[2026-09-05 13:34:44.023] [info] [SYNC][XUC] mode=0 yaw=-3.32 deg pitch=1.66 deg feeder_rpm=0.00 wheel0_rpm=0 wheel1_rpm=0 wheel_delta=0 projectile_speed=12.80
[DEBUG] armors=1, targets=1
[2026-09-05 13:34:44.040] [info] [PERF] 总耗时=16.3ms (检测=13.5ms, 跟踪=0.5ms), FPS=61.5
[2026-09-05 13:34:44.040] [info] 📊 [CAMERA FPS] 瞬时帧率=61.4fps, 平均帧率=65.5fps, 总帧数=750, 运行时间=11.4s
[DEBUG] armors=1, targets=1
[DEBUG] armors=1, targets=1
[DEBUG] armors=1, targets=1
[DEBUG] armors=1, targets=1
[DEBUG] armors=0, targets=1
[DEBUG] armors=1, targets=1
[DEBUG] armors=1, targets=1
[DEBUG] armors=1, targets=1
[DEBUG] armors=1, targets=1
[DEBUG] armors=0, targets=1
[DEBUG] armors=1, targets=1
[DEBUG] armors=0, targets=1
[DEBUG] armors=1, targets=1
[DEBUG] armors=1, targets=1
[DEBUG] armors=1, targets=1
[DEBUG] armors=1, targets=1
[DEBUG] armors=1, targets=1
[DEBUG] armors=1, targets=1
[DEBUG] armors=1, targets=1
[DEBUG] armors=1, targets=1
[DEBUG] armors=1, targets=1
[DEBUG] armors=1, targets=1
[DEBUG] armors=1, targets=1
[DEBUG] armors=1, targets=1
[DEBUG] armors=1, targets=1
[DEBUG] armors=1, targets=1
[DEBUG] armors=1, targets=1
[DEBUG] armors=1, targets=1
[DEBUG] armors=1, targets=1
[DEBUG] armors=1, targets=1
[2026-09-05 13:34:44.505] [info] [DRYRUN] measured_gimbal=(2.710,0.093,-0.039) measured_world=(2.697,0.249,-0.128) tracked_world=(2.813,0.264,-0.135) target_gimbal_deg=(1.97,-0.81) target_world_deg=(5.28,-2.70) gimbal_deg=(3.31,1.89) armor_y_px=621.1 pixel_error_deg=(-1.32,1.99) ballistic=(range=2.711m holdover=0.510m comp=10.43deg residual=-8.45deg) q_wxyz=(0.999446,0.000477,0.016479,-0.028911) cmd_deg=(5.38,-12.07) packed_pitch_deg=-12.07 control=true shoot=false
[DEBUG] armors=1, targets=1
[DEBUG] armors=1, targets=1
[DEBUG] armors=1, targets=1
[DEBUG] armors=1, targets=1
[DEBUG] armors=1, targets=1
[DEBUG] armors=0, targets=1
[DEBUG] armors=0, targets=1
[DEBUG] armors=0, targets=1
[DEBUG] armors=1, targets=1
[DEBUG] armors=0, targets=1
[DEBUG] armors=0, targets=1
[DEBUG] armors=1, targets=1
[DEBUG] armors=0, targets=1
[DEBUG] armors=1, targets=1
[DEBUG] armors=1, targets=1
[DEBUG] armors=1, targets=1
[DEBUG] armors=1, targets=1
[DEBUG] armors=1, targets=1
[DEBUG] armors=1, targets=1
[2026-09-05 13:34:44.798] [info] [SYNC][XUC] mode=0 yaw=-3.30 deg pitch=2.16 deg feeder_rpm=0.00 wheel0_rpm=0 wheel1_rpm=0 wheel_delta=0 projectile_speed=12.80
[DEBUG] armors=1, targets=1
[2026-09-05 13:34:44.811] [info] [DRYRUN] measured_gimbal=(2.866,0.103,-0.029) measured_world=(2.852,0.268,-0.138) tracked_world=(2.816,0.263,-0.136) target_gimbal_deg=(2.06,-0.59) target_world_deg=(5.36,-2.75) gimbal_deg=(3.30,2.16) armor_y_px=608.9 pixel_error_deg=(-1.34,1.69) ballistic=(range=2.868m holdover=0.551m comp=10.67deg residual=-8.98deg) q_wxyz=(0.999406,0.000544,0.018877,-0.028820) cmd_deg=(5.31,-12.56) packed_pitch_deg=-12.56 control=true shoot=false
[2026-09-05 13:34:44.813] [info] [PERF] 总耗时=14.9ms (检测=12.3ms, 跟踪=0.4ms), FPS=67.2
[2026-09-05 13:34:44.813] [info] 📊 [CAMERA FPS] 瞬时帧率=67.1fps, 平均帧率=65.5fps, 总帧数=800, 运行时间=12.2s
[DEBUG] armors=1, targets=1
[DEBUG] armors=1, targets=1
[DEBUG] armors=1, targets=1
[DEBUG] armors=1, targets=1
[DEBUG] armors=1, targets=1
[DEBUG] armors=1, targets=1
[DEBUG] armors=1, targets=1
[DEBUG] armors=1, targets=1
[DEBUG] armors=1, targets=1
[DEBUG] armors=0, targets=1
[DEBUG] armors=1, targets=1
[DEBUG] armors=1, targets=1
[DEBUG] armors=1, targets=1
[DEBUG] armors=1, targets=1
[DEBUG] armors=1, targets=1
[DEBUG] armors=1, targets=1
[DEBUG] armors=1, targets=1
[DEBUG] armors=1, targets=1
[DEBUG] armors=1, targets=1
[DEBUG] armors=1, targets=1
[2026-09-05 13:34:45.118] [info] [DRYRUN] measured_gimbal=(2.796,0.099,-0.065) measured_world=(2.783,0.262,-0.135) tracked_world=(2.821,0.265,-0.139) target_gimbal_deg=(2.04,-1.32) target_world_deg=(5.37,-2.76) gimbal_deg=(3.34,1.44) armor_y_px=640.4 pixel_error_deg=(-1.34,2.46) ballistic=(range=2.798m holdover=0.532m comp=10.55deg residual=-8.09deg) q_wxyz=(0.999497,0.000366,0.012562,-0.029100) cmd_deg=(5.37,-11.93) packed_pitch_deg=-11.93 control=true shoot=false
[DEBUG] armors=1, targets=1
[DEBUG] armors=1, targets=1
[DEBUG] armors=1, targets=1
[DEBUG] armors=1, targets=1
[DEBUG] armors=1, targets=1
[DEBUG] armors=1, targets=1
[DEBUG] armors=1, targets=1
[DEBUG] armors=1, targets=1
[DEBUG] armors=1, targets=1
[DEBUG] armors=1, targets=1
[DEBUG] armors=1, targets=1
[DEBUG] armors=1, targets=1
[DEBUG] armors=1, targets=1
[DEBUG] armors=0, targets=1
[DEBUG] armors=1, targets=1
[DEBUG] armors=0, targets=1
[DEBUG] armors=0, targets=1
[DEBUG] armors=1, targets=1
[DEBUG] armors=1, targets=1
[DEBUG] armors=1, targets=1
[2026-09-05 13:34:45.423] [info] [DRYRUN] measured_gimbal=(2.860,0.103,-0.055) measured_world=(2.846,0.268,-0.139) tracked_world=(2.840,0.247,-0.140) target_gimbal_deg=(2.06,-1.10) target_world_deg=(5.39,-2.79) gimbal_deg=(3.32,1.68) armor_y_px=630.2 pixel_error_deg=(-1.34,2.21) ballistic=(range=2.862m holdover=0.549m comp=10.65deg residual=-8.44deg) q_wxyz=(0.999472,0.000426,0.014686,-0.028984) cmd_deg=(4.74,-12.17) packed_pitch_deg=-12.17 control=true shoot=false
[DEBUG] armors=1, targets=1
[DEBUG] armors=1, targets=1
[DEBUG] armors=1, targets=1
[DEBUG] armors=1, targets=1
[DEBUG] armors=1, targets=1
[DEBUG] armors=1, targets=1
[2026-09-05 13:34:45.529] [debug] [Target] Bad Converge Found! recent_rate=0.400 last_nis=8.728 nees=-nan resid=(yaw=0.003,pitch=0.001,dist=-0.078,ang=0.929)
[DEBUG] armors=1, targets=0
[DEBUG] armors=1, targets=1
[DEBUG] armors=1, targets=1
[2026-09-05 13:34:45.561] [info] [SYNC][XUC] mode=0 yaw=-3.30 deg pitch=1.89 deg feeder_rpm=0.00 wheel0_rpm=0 wheel1_rpm=0 wheel_delta=0 projectile_speed=12.80
[DEBUG] armors=1, targets=1
[2026-09-05 13:34:45.576] [info] [PERF] 总耗时=14.8ms (检测=12.2ms, 跟踪=0.5ms), FPS=67.5
[2026-09-05 13:34:45.576] [info] 📊 [CAMERA FPS] 瞬时帧率=67.4fps, 平均帧率=65.5fps, 总帧数=850, 运行时间=13.0s
[DEBUG] armors=1, targets=1
[DEBUG] armors=1, targets=1
[DEBUG] armors=1, targets=1
[DEBUG] armors=1, targets=1
[DEBUG] armors=1, targets=1
[DEBUG] armors=1, targets=1
[DEBUG] armors=1, targets=1
[DEBUG] armors=1, targets=1
[DEBUG] armors=1, targets=1
[DEBUG] armors=1, targets=1
[2026-09-05 13:34:45.728] [info] [DRYRUN] measured_gimbal=(2.841,0.101,-0.049) measured_world=(2.827,0.266,-0.139) tracked_world=(2.854,0.252,-0.140) target_gimbal_deg=(2.03,-0.99) target_world_deg=(5.36,-2.81) gimbal_deg=(3.33,1.83) armor_y_px=625.7 pixel_error_deg=(-1.32,2.10) ballistic=(range=2.843m holdover=0.544m comp=10.62deg residual=-8.52deg) q_wxyz=(0.999450,0.000463,0.015927,-0.029073) cmd_deg=(8.99,-12.22) packed_pitch_deg=-12.22 control=true shoot=false
[DEBUG] armors=1, targets=1
[DEBUG] armors=1, targets=1
[DEBUG] armors=1, targets=1
[DEBUG] armors=1, targets=1
[DEBUG] armors=1, targets=1
[DEBUG] armors=1, targets=1
[DEBUG] armors=1, targets=1
[DEBUG] armors=1, targets=1
[DEBUG] armors=1, targets=1
[DEBUG] armors=1, targets=1
[DEBUG] armors=1, targets=1
[DEBUG] armors=0, targets=1
[DEBUG] armors=0, targets=1
[DEBUG] armors=1, targets=1
[DEBUG] armors=0, targets=1
[DEBUG] armors=0, targets=1
[DEBUG] armors=1, targets=1
[DEBUG] armors=0, targets=1
[DEBUG] armors=1, targets=1
[DEBUG] armors=1, targets=1
[2026-09-05 13:34:46.038] [info] [DRYRUN] measured_gimbal=(2.730,0.096,-0.037) measured_world=(2.717,0.253,-0.131) tracked_world=(2.828,0.274,-0.138) target_gimbal_deg=(2.01,-0.78) target_world_deg=(5.31,-2.74) gimbal_deg=(3.30,1.96) armor_y_px=619.2 pixel_error_deg=(-1.32,1.94) ballistic=(range=2.732m holdover=0.516m comp=10.46deg residual=-8.52deg) q_wxyz=(0.999438,0.000494,0.017139,-0.028807) cmd_deg=(6.57,-12.13) packed_pitch_deg=-12.13 control=true shoot=false
[DEBUG] armors=1, targets=1
[DEBUG] armors=0, targets=1
[DEBUG] armors=1, targets=1
[DEBUG] armors=0, targets=1
[DEBUG] armors=1, targets=1
[DEBUG] armors=0, targets=1
[DEBUG] armors=0, targets=1
[DEBUG] armors=0, targets=1
[DEBUG] armors=1, targets=1
[DEBUG] armors=1, targets=1
[DEBUG] armors=1, targets=1
[DEBUG] armors=1, targets=1
[DEBUG] armors=1, targets=1
[DEBUG] armors=1, targets=1
[DEBUG] armors=1, targets=1
[DEBUG] armors=1, targets=1
[DEBUG] armors=1, targets=1
[DEBUG] armors=1, targets=1
[DEBUG] armors=1, targets=1
[2026-09-05 13:34:46.330] [info] [SYNC][XUC] mode=0 yaw=-3.35 deg pitch=1.74 deg feeder_rpm=0.00 wheel0_rpm=0 wheel1_rpm=0 wheel_delta=0 projectile_speed=12.80
[DEBUG] armors=1, targets=1
[2026-09-05 13:34:46.343] [info] [DRYRUN] measured_gimbal=(2.864,0.102,-0.055) measured_world=(2.850,0.269,-0.142) tracked_world=(2.814,0.282,-0.139) target_gimbal_deg=(2.04,-1.09) target_world_deg=(5.39,-2.83) gimbal_deg=(3.35,1.74) armor_y_px=629.7 pixel_error_deg=(-1.32,2.20) ballistic=(range=2.866m holdover=0.551m comp=10.66deg residual=-8.46deg) q_wxyz=(0.999458,0.000444,0.015179,-0.029216) cmd_deg=(6.22,-12.29) packed_pitch_deg=-12.29 control=true shoot=false
[2026-09-05 13:34:46.346] [info] [PERF] 总耗时=15.5ms (检测=12.7ms, 跟踪=0.4ms), FPS=64.4
[2026-09-05 13:34:46.346] [info] 📊 [CAMERA FPS] 瞬时帧率=64.2fps, 平均帧率=65.4fps, 总帧数=900, 运行时间=13.8s
[DEBUG] armors=1, targets=1
[DEBUG] armors=1, targets=1
[DEBUG] armors=1, targets=1
[DEBUG] armors=1, targets=1
[DEBUG] armors=1, targets=1
[DEBUG] armors=1, targets=1
[DEBUG] armors=1, targets=1
[DEBUG] armors=1, targets=1
[DEBUG] armors=1, targets=1
[DEBUG] armors=1, targets=1
[DEBUG] armors=1, targets=1
[DEBUG] armors=1, targets=1
[DEBUG] armors=1, targets=1
[DEBUG] armors=1, targets=1
[DEBUG] armors=1, targets=1
[DEBUG] armors=1, targets=1
[DEBUG] armors=1, targets=1
[DEBUG] armors=1, targets=1
[DEBUG] armors=1, targets=1
[DEBUG] armors=1, targets=1
[2026-09-05 13:34:46.655] [info] [DRYRUN] measured_gimbal=(2.841,0.101,-0.053) measured_world=(2.828,0.267,-0.138) tracked_world=(2.833,0.276,-0.139) target_gimbal_deg=(2.04,-1.07) target_world_deg=(5.39,-2.79) gimbal_deg=(3.34,1.73) armor_y_px=629.0 pixel_error_deg=(-1.33,2.18) ballistic=(range=2.843m holdover=0.544m comp=10.62deg residual=-8.44deg) q_wxyz=(0.999462,0.000439,0.015054,-0.029146) cmd_deg=(5.66,-12.20) packed_pitch_deg=-12.20 control=true shoot=false
[DEBUG] armors=1, targets=1
[DEBUG] armors=1, targets=1
[DEBUG] armors=1, targets=1
[DEBUG] armors=1, targets=1
[DEBUG] armors=1, targets=1
[DEBUG] armors=1, targets=1
[DEBUG] armors=1, targets=1
[DEBUG] armors=1, targets=1
[DEBUG] armors=1, targets=1
[DEBUG] armors=1, targets=1
[DEBUG] armors=1, targets=1
[DEBUG] armors=0, targets=1
[DEBUG] armors=0, targets=1
[DEBUG] armors=0, targets=1
[DEBUG] armors=0, targets=1
[DEBUG] armors=0, targets=1
[DEBUG] armors=0, targets=1
[DEBUG] armors=1, targets=1
[DEBUG] armors=1, targets=1
[DEBUG] armors=1, targets=1
[2026-09-05 13:34:46.965] [info] [DRYRUN] measured_gimbal=(2.850,0.103,-0.043) measured_world=(2.837,0.267,-0.139) tracked_world=(2.823,0.267,-0.137) target_gimbal_deg=(2.08,-0.87) target_world_deg=(5.38,-2.79) gimbal_deg=(3.30,1.92) armor_y_px=620.9 pixel_error_deg=(-1.38,1.98) ballistic=(range=2.852m holdover=0.547m comp=10.64deg residual=-8.66deg) q_wxyz=(0.999444,0.000483,0.016745,-0.028831) cmd_deg=(5.26,-12.23) packed_pitch_deg=-12.23 control=true shoot=false
[DEBUG] armors=0, targets=1
[DEBUG] armors=1, targets=1
[DEBUG] armors=1, targets=1
[DEBUG] armors=1, targets=1
[DEBUG] armors=0, targets=1
[DEBUG] armors=0, targets=1
[DEBUG] armors=1, targets=1
[DEBUG] armors=0, targets=1
[DEBUG] armors=0, targets=1
[2026-09-05 13:34:47.103] [info] [SYNC][XUC] mode=0 yaw=-3.31 deg pitch=1.87 deg feeder_rpm=0.00 wheel0_rpm=80 wheel1_rpm=0 wheel_delta=80 projectile_speed=12.80
[DEBUG] armors=1, targets=1
[2026-09-05 13:34:47.118] [info] [PERF] 总耗时=15.4ms (检测=12.6ms, 跟踪=0.4ms), FPS=65.1
[2026-09-05 13:34:47.118] [info] 📊 [CAMERA FPS] 瞬时帧率=64.9fps, 平均帧率=65.4fps, 总帧数=950, 运行时间=14.5s
[DEBUG] armors=1, targets=1
[DEBUG] armors=1, targets=1
[DEBUG] armors=1, targets=1
[DEBUG] armors=1, targets=1
[DEBUG] armors=1, targets=1
[DEBUG] armors=1, targets=1
[DEBUG] armors=1, targets=1
[DEBUG] armors=1, targets=1
[DEBUG] armors=1, targets=1
[DEBUG] armors=1, targets=1
[2026-09-05 13:34:47.272] [info] [DRYRUN] measured_gimbal=(2.858,0.102,-0.057) measured_world=(2.844,0.268,-0.142) tracked_world=(2.835,0.280,-0.138) target_gimbal_deg=(2.05,-1.14) target_world_deg=(5.38,-2.85) gimbal_deg=(3.33,1.72) armor_y_px=631.6 pixel_error_deg=(-1.33,2.25) ballistic=(range=2.860m holdover=0.549m comp=10.65deg residual=-8.40deg) q_wxyz=(0.999465,0.000435,0.014962,-0.029072) cmd_deg=(5.64,-12.19) packed_pitch_deg=-12.19 control=true shoot=false
[DEBUG] armors=1, targets=1
[DEBUG] armors=0, targets=1
[DEBUG] armors=1, targets=1
[DEBUG] armors=1, targets=1
[DEBUG] armors=1, targets=1
[DEBUG] armors=1, targets=1
[DEBUG] armors=1, targets=1
[DEBUG] armors=1, targets=1
[DEBUG] armors=1, targets=1
[DEBUG] armors=1, targets=1
[DEBUG] armors=1, targets=1
[DEBUG] armors=1, targets=1
[DEBUG] armors=1, targets=1
[DEBUG] armors=1, targets=1
[DEBUG] armors=1, targets=1
[DEBUG] armors=1, targets=1
[DEBUG] armors=1, targets=1
[DEBUG] armors=1, targets=1
[DEBUG] armors=1, targets=1
[DEBUG] armors=1, targets=1
[2026-09-05 13:34:47.579] [info] [DRYRUN] measured_gimbal=(2.803,0.100,-0.043) measured_world=(2.790,0.261,-0.135) tracked_world=(2.823,0.264,-0.137) target_gimbal_deg=(2.05,-0.87) target_world_deg=(5.34,-2.76) gimbal_deg=(3.29,1.89) armor_y_px=621.7 pixel_error_deg=(-1.35,2.00) ballistic=(range=2.805m holdover=0.535m comp=10.57deg residual=-8.57deg) q_wxyz=(0.999451,0.000474,0.016490,-0.028737) cmd_deg=(5.26,-12.21) packed_pitch_deg=-12.21 control=true shoot=false
[DEBUG] armors=1, targets=1
[DEBUG] armors=1, targets=1
[DEBUG] armors=1, targets=1
[DEBUG] armors=1, targets=1
[DEBUG] armors=1, targets=1
[DEBUG] armors=1, targets=1
[DEBUG] armors=1, targets=1
[DEBUG] armors=1, targets=1
[DEBUG] armors=1, targets=1
[DEBUG] armors=1, targets=1
[DEBUG] armors=1, targets=1
[DEBUG] armors=1, targets=1
[DEBUG] armors=1, targets=1
[DEBUG] armors=0, targets=1
[DEBUG] armors=1, targets=1
[DEBUG] armors=1, targets=1
[DEBUG] armors=1, targets=1
[DEBUG] armors=1, targets=1
[DEBUG] armors=1, targets=1
[2026-09-05 13:34:47.874] [info] [SYNC][XUC] mode=0 yaw=-3.32 deg pitch=1.72 deg feeder_rpm=0.00 wheel0_rpm=0 wheel1_rpm=0 wheel_delta=0 projectile_speed=12.80
[DEBUG] armors=1, targets=1
[2026-09-05 13:34:47.887] [info] [DRYRUN] measured_gimbal=(2.853,0.102,-0.054) measured_world=(2.840,0.267,-0.139) tracked_world=(2.804,0.275,-0.136) target_gimbal_deg=(2.05,-1.08) target_world_deg=(5.37,-2.80) gimbal_deg=(3.32,1.72) armor_y_px=629.3 pixel_error_deg=(-1.33,2.19) ballistic=(range=2.855m holdover=0.548m comp=10.64deg residual=-8.45deg) q_wxyz=(0.999469,0.000434,0.014993,-0.028939) cmd_deg=(5.73,-12.28) packed_pitch_deg=-12.28 control=true shoot=false
[2026-09-05 13:34:47.889] [info] [PERF] 总耗时=15.6ms (检测=12.9ms, 跟踪=0.5ms), FPS=64.1
[2026-09-05 13:34:47.889] [info] 📊 [CAMERA FPS] 瞬时帧率=64.1fps, 平均帧率=65.4fps, 总帧数=1000, 运行时间=15.3s
[DEBUG] armors=1, targets=1
[DEBUG] armors=1, targets=1
[DEBUG] armors=1, targets=1
[DEBUG] armors=1, targets=1
[DEBUG] armors=1, targets=1
[DEBUG] armors=1, targets=1
[DEBUG] armors=1, targets=1
[DEBUG] armors=1, targets=1
[DEBUG] armors=1, targets=1
[DEBUG] armors=1, targets=1
[DEBUG] armors=1, targets=1
[DEBUG] armors=1, targets=1
[DEBUG] armors=1, targets=1
[DEBUG] armors=1, targets=1
[DEBUG] armors=1, targets=1
[DEBUG] armors=1, targets=1
[DEBUG] armors=1, targets=1
[DEBUG] armors=1, targets=1
[DEBUG] armors=1, targets=1
[DEBUG] armors=1, targets=1
[2026-09-05 13:34:48.191] [info] [DRYRUN] measured_gimbal=(2.839,0.102,-0.050) measured_world=(2.826,0.266,-0.136) tracked_world=(2.815,0.266,-0.137) target_gimbal_deg=(2.06,-1.01) target_world_deg=(5.38,-2.74) gimbal_deg=(3.31,1.73) armor_y_px=626.8 pixel_error_deg=(-1.35,2.13) ballistic=(range=2.841m holdover=0.544m comp=10.62deg residual=-8.49deg) q_wxyz=(0.999469,0.000437,0.015109,-0.028880) cmd_deg=(5.35,-12.25) packed_pitch_deg=-12.25 control=true shoot=false
[DEBUG] armors=1, targets=1
[DEBUG] armors=1, targets=1
[DEBUG] armors=1, targets=1
[DEBUG] armors=1, targets=1
[DEBUG] armors=1, targets=1
[DEBUG] armors=1, targets=1
[DEBUG] armors=1, targets=1
[DEBUG] armors=1, targets=1
[DEBUG] armors=1, targets=1
[DEBUG] armors=1, targets=1
[DEBUG] armors=1, targets=1
[DEBUG] armors=0, targets=1
[DEBUG] armors=1, targets=1
[DEBUG] armors=1, targets=1
[2026-09-05 13:34:48.419] [debug] [Target] Bad Converge Found! recent_rate=0.400 last_nis=0.998 nees=-nan resid=(yaw=-0.008,pitch=0.001,dist=-0.073,ang=0.312)
[DEBUG] armors=1, targets=0
[DEBUG] armors=1, targets=1
[DEBUG] armors=0, targets=0
[DEBUG] armors=0, targets=0
[DEBUG] armors=1, targets=1
[DEBUG] armors=1, targets=1
[2026-09-05 13:34:48.494] [info] [DRYRUN] measured_gimbal=(2.860,0.103,-0.037) measured_world=(2.847,0.267,-0.138) tracked_world=(2.847,0.267,-0.138) target_gimbal_deg=(2.07,-0.74) target_world_deg=(5.36,-2.76) gimbal_deg=(3.29,2.03) armor_y_px=615.2 pixel_error_deg=(-1.36,1.84) ballistic=(range=2.862m holdover=0.550m comp=10.66deg residual=-8.81deg) q_wxyz=(0.999431,0.000509,0.017697,-0.028721) cmd_deg=(5.39,-12.36) packed_pitch_deg=-12.36 control=true shoot=false
[DEBUG] armors=1, targets=1
[DEBUG] armors=0, targets=0
[DEBUG] armors=1, targets=1
[DEBUG] armors=1, targets=1
[DEBUG] armors=1, targets=1
[DEBUG] armors=1, targets=1
[DEBUG] armors=1, targets=1
[DEBUG] armors=1, targets=1
[DEBUG] armors=1, targets=1
[2026-09-05 13:34:48.633] [info] [SYNC][XUC] mode=0 yaw=-3.28 deg pitch=2.18 deg feeder_rpm=0.00 wheel0_rpm=0 wheel1_rpm=0 wheel_delta=0 projectile_speed=12.80
[DEBUG] armors=1, targets=1
[2026-09-05 13:34:48.649] [info] [PERF] 总耗时=15.2ms (检测=12.3ms, 跟踪=0.5ms), FPS=66.0
[2026-09-05 13:34:48.649] [info] 📊 [CAMERA FPS] 瞬时帧率=65.7fps, 平均帧率=65.4fps, 总帧数=1050, 运行时间=16.1s
[DEBUG] armors=1, targets=1
[DEBUG] armors=1, targets=1
[DEBUG] armors=1, targets=1
[DEBUG] armors=1, targets=1
[DEBUG] armors=1, targets=1
[DEBUG] armors=1, targets=1
[DEBUG] armors=1, targets=1
[DEBUG] armors=0, targets=1
[DEBUG] armors=1, targets=1
[DEBUG] armors=1, targets=1
[2026-09-05 13:34:48.800] [info] [DRYRUN] measured_gimbal=(2.810,0.102,-0.023) measured_world=(2.797,0.262,-0.134) tracked_world=(2.789,0.235,-0.132) target_gimbal_deg=(2.09,-0.48) target_world_deg=(5.35,-2.73) gimbal_deg=(3.26,2.25) armor_y_px=605.4 pixel_error_deg=(-1.38,1.60) ballistic=(range=2.812m holdover=0.537m comp=10.59deg residual=-8.98deg) q_wxyz=(0.999402,0.000559,0.019628,-0.028472) cmd_deg=(2.96,-12.57) packed_pitch_deg=-12.57 control=true shoot=false
[DEBUG] armors=1, targets=1
[DEBUG] armors=0, targets=1
[DEBUG] armors=1, targets=1
[DEBUG] armors=1, targets=1
[DEBUG] armors=1, targets=1
[DEBUG] armors=1, targets=1
[DEBUG] armors=1, targets=1
[DEBUG] armors=1, targets=1
[DEBUG] armors=1, targets=1
[DEBUG] armors=1, targets=1
[DEBUG] armors=1, targets=1
[DEBUG] armors=1, targets=1
[DEBUG] armors=1, targets=1
[DEBUG] armors=1, targets=1
[DEBUG] armors=1, targets=1
[DEBUG] armors=1, targets=1
[DEBUG] armors=1, targets=1
[DEBUG] armors=1, targets=1
[DEBUG] armors=1, targets=1
[DEBUG] armors=1, targets=1
[2026-09-05 13:34:49.105] [info] [DRYRUN] measured_gimbal=(2.747,0.109,-0.057) measured_world=(2.734,0.256,-0.133) tracked_world=(2.776,0.247,-0.133) target_gimbal_deg=(2.26,-1.20) target_world_deg=(5.34,-2.77) gimbal_deg=(3.07,1.57) armor_y_px=636.1 pixel_error_deg=(-1.58,2.36) ballistic=(range=2.749m holdover=0.520m comp=10.48deg residual=-8.13deg) q_wxyz=(0.999546,0.000368,0.013704,-0.026814) cmd_deg=(4.75,-12.33) packed_pitch_deg=-12.33 control=true shoot=false
[DEBUG] armors=1, targets=1
[DEBUG] armors=1, targets=1
[DEBUG] armors=1, targets=1
[DEBUG] armors=1, targets=1
[DEBUG] armors=1, targets=1
[DEBUG] armors=1, targets=1
[DEBUG] armors=1, targets=1
[DEBUG] armors=1, targets=1
[DEBUG] armors=1, targets=1
[DEBUG] armors=1, targets=1
[DEBUG] armors=1, targets=1
[DEBUG] armors=1, targets=1
[DEBUG] armors=1, targets=1
[DEBUG] armors=1, targets=1
[DEBUG] armors=1, targets=1
[DEBUG] armors=1, targets=1
[DEBUG] armors=1, targets=1
[DEBUG] armors=1, targets=1
[DEBUG] armors=1, targets=1
[2026-09-05 13:34:49.401] [info] [SYNC][XUC] mode=0 yaw=-3.12 deg pitch=1.60 deg feeder_rpm=0.00 wheel0_rpm=0 wheel1_rpm=0 wheel_delta=0 projectile_speed=12.80
[DEBUG] armors=1, targets=1
[2026-09-05 13:34:49.414] [info] [DRYRUN] measured_gimbal=(2.739,0.106,-0.055) measured_world=(2.727,0.254,-0.131) tracked_world=(2.768,0.256,-0.134) target_gimbal_deg=(2.21,-1.14) target_world_deg=(5.33,-2.74) gimbal_deg=(3.12,1.60) armor_y_px=633.9 pixel_error_deg=(-1.52,2.30) ballistic=(range=2.741m holdover=0.518m comp=10.47deg residual=-8.17deg) q_wxyz=(0.999532,0.000381,0.013984,-0.027206) cmd_deg=(5.24,-11.88) packed_pitch_deg=-11.88 control=true shoot=false
[2026-09-05 13:34:49.416] [info] [PERF] 总耗时=14.9ms (检测=12.3ms, 跟踪=0.4ms), FPS=67.1
[2026-09-05 13:34:49.416] [info] 📊 [CAMERA FPS] 瞬时帧率=66.9fps, 平均帧率=65.4fps, 总帧数=1100, 运行时间=16.8s
[DEBUG] armors=1, targets=1
[DEBUG] armors=1, targets=1
[DEBUG] armors=1, targets=1
[DEBUG] armors=1, targets=1
[DEBUG] armors=1, targets=1
[DEBUG] armors=1, targets=1
[DEBUG] armors=1, targets=1
[DEBUG] armors=1, targets=1
[DEBUG] armors=1, targets=1
[DEBUG] armors=1, targets=1
[DEBUG] armors=1, targets=1
[DEBUG] armors=1, targets=1
[DEBUG] armors=1, targets=1
[DEBUG] armors=1, targets=1
[DEBUG] armors=1, targets=1
[DEBUG] armors=1, targets=1
[DEBUG] armors=1, targets=1
[DEBUG] armors=0, targets=1
[DEBUG] armors=0, targets=1
[DEBUG] armors=0, targets=1
[DEBUG] armors=0, targets=1
[DEBUG] armors=0, targets=1
[DEBUG] armors=0, targets=1
[DEBUG] armors=1, targets=1
[DEBUG] armors=0, targets=1
[DEBUG] armors=1, targets=1
[DEBUG] armors=1, targets=1
[DEBUG] armors=1, targets=1
[DEBUG] armors=1, targets=1
[DEBUG] armors=1, targets=1
[DEBUG] armors=1, targets=1
[DEBUG] armors=1, targets=1
[DEBUG] armors=1, targets=1
[DEBUG] armors=1, targets=1
[DEBUG] armors=1, targets=1
[DEBUG] armors=1, targets=1
[DEBUG] armors=1, targets=1
[DEBUG] armors=1, targets=1
[DEBUG] armors=1, targets=1
[DEBUG] armors=1, targets=1
[2026-09-05 13:34:50.036] [info] [DRYRUN] measured_gimbal=(2.839,0.118,-0.019) measured_world=(2.826,0.266,-0.135) tracked_world=(2.824,0.266,-0.136) target_gimbal_deg=(2.37,-0.39) target_world_deg=(5.37,-2.72) gimbal_deg=(3.00,2.33) armor_y_px=601.4 pixel_error_deg=(-1.66,1.51) ballistic=(range=2.842m holdover=0.545m comp=10.63deg residual=-9.12deg) q_wxyz=(0.999451,0.000532,0.020337,-0.026141) cmd_deg=(5.41,-12.77) packed_pitch_deg=-12.77 control=true shoot=false
[DEBUG] armors=0, targets=1
[DEBUG] armors=1, targets=1
[DEBUG] armors=1, targets=1
[DEBUG] armors=1, targets=1
[DEBUG] armors=1, targets=1
[DEBUG] armors=1, targets=1
[DEBUG] armors=1, targets=1
[DEBUG] armors=1, targets=1
[DEBUG] armors=1, targets=1
[2026-09-05 13:34:50.177] [info] [SYNC][XUC] mode=0 yaw=-3.00 deg pitch=2.44 deg feeder_rpm=0.00 wheel0_rpm=0 wheel1_rpm=0 wheel_delta=0 projectile_speed=12.80
[DEBUG] armors=1, targets=1
[2026-09-05 13:34:50.192] [info] [PERF] 总耗时=15.1ms (检测=12.3ms, 跟踪=0.4ms), FPS=66.3
[2026-09-05 13:34:50.192] [info] 📊 [CAMERA FPS] 瞬时帧率=66.2fps, 平均帧率=65.3fps, 总帧数=1150, 运行时间=17.6s
[DEBUG] armors=1, targets=1
[DEBUG] armors=1, targets=1
[DEBUG] armors=1, targets=1
[DEBUG] armors=0, targets=1
[DEBUG] armors=1, targets=1
[DEBUG] armors=1, targets=1
[DEBUG] armors=1, targets=1
[DEBUG] armors=1, targets=1
[DEBUG] armors=1, targets=1
[DEBUG] armors=1, targets=1
[2026-09-05 13:34:50.344] [info] [DRYRUN] measured_gimbal=(2.780,0.114,-0.017) measured_world=(2.767,0.259,-0.133) tracked_world=(2.825,0.266,-0.135) target_gimbal_deg=(2.34,-0.35) target_world_deg=(5.35,-2.74) gimbal_deg=(3.01,2.40) armor_y_px=600.6 pixel_error_deg=(-1.65,1.49) ballistic=(range=2.782m holdover=0.529m comp=10.54deg residual=-9.06deg) q_wxyz=(0.999436,0.000549,0.020892,-0.026267) cmd_deg=(5.40,-12.72) packed_pitch_deg=-12.72 control=true shoot=false
[DEBUG] armors=1, targets=1
[DEBUG] armors=1, targets=1
[DEBUG] armors=1, targets=1
[DEBUG] armors=1, targets=1
[DEBUG] armors=1, targets=1
[DEBUG] armors=1, targets=1
[DEBUG] armors=1, targets=1
[DEBUG] armors=1, targets=1
[DEBUG] armors=1, targets=1
[DEBUG] armors=1, targets=1
[DEBUG] armors=1, targets=1
[DEBUG] armors=1, targets=1
[DEBUG] armors=0, targets=1
[DEBUG] armors=1, targets=1
[DEBUG] armors=1, targets=1
[DEBUG] armors=1, targets=1
[DEBUG] armors=1, targets=1
[DEBUG] armors=1, targets=1
[DEBUG] armors=1, targets=1
[DEBUG] armors=1, targets=1
[2026-09-05 13:34:50.658] [info] [DRYRUN] measured_gimbal=(2.925,0.125,-0.031) measured_world=(2.911,0.276,-0.143) tracked_world=(2.846,0.269,-0.137) target_gimbal_deg=(2.44,-0.61) target_world_deg=(5.41,-2.79) gimbal_deg=(2.97,2.19) armor_y_px=608.8 pixel_error_deg=(-1.71,1.69) ballistic=(range=2.928m holdover=0.567m comp=10.76deg residual=-9.07deg) q_wxyz=(0.999483,0.000494,0.019074,-0.025867) cmd_deg=(5.41,-12.85) packed_pitch_deg=-12.85 control=true shoot=false
[DEBUG] armors=0, targets=1
[DEBUG] armors=1, targets=1
[DEBUG] armors=1, targets=1
[DEBUG] armors=1, targets=1
[DEBUG] armors=1, targets=1
[DEBUG] armors=1, targets=1
[DEBUG] armors=1, targets=1
[DEBUG] armors=1, targets=1
[DEBUG] armors=1, targets=1
[DEBUG] armors=1, targets=1
[DEBUG] armors=1, targets=1
[DEBUG] armors=1, targets=1
[DEBUG] armors=1, targets=1
[DEBUG] armors=1, targets=1
[DEBUG] armors=1, targets=1
[DEBUG] armors=1, targets=1
[DEBUG] armors=1, targets=1
[DEBUG] armors=1, targets=1
[DEBUG] armors=1, targets=1
[2026-09-05 13:34:50.956] [info] [SYNC][XUC] mode=0 yaw=-3.05 deg pitch=1.50 deg feeder_rpm=0.00 wheel0_rpm=0 wheel1_rpm=0 wheel_delta=0 projectile_speed=12.80
[DEBUG] armors=1, targets=1
[2026-09-05 13:34:50.969] [info] [DRYRUN] measured_gimbal=(2.823,0.115,-0.062) measured_world=(2.810,0.265,-0.136) tracked_world=(2.855,0.270,-0.141) target_gimbal_deg=(2.33,-1.26) target_world_deg=(5.39,-2.76) gimbal_deg=(3.05,1.50) armor_y_px=637.4 pixel_error_deg=(-1.63,2.39) ballistic=(range=2.825m holdover=0.540m comp=10.59deg residual=-8.21deg) q_wxyz=(0.999560,0.000349,0.013097,-0.026623) cmd_deg=(5.42,-11.97) packed_pitch_deg=-11.97 control=true shoot=false
[2026-09-05 13:34:50.971] [info] [PERF] 总耗时=14.9ms (检测=12.3ms, 跟踪=0.4ms), FPS=67.3
[2026-09-05 13:34:50.971] [info] 📊 [CAMERA FPS] 瞬时帧率=67.2fps, 平均帧率=65.3fps, 总帧数=1200, 运行时间=18.4s
[DEBUG] armors=1, targets=1
[DEBUG] armors=1, targets=1
[DEBUG] armors=1, targets=1
[DEBUG] armors=1, targets=1
[DEBUG] armors=0, targets=1
[DEBUG] armors=1, targets=1
[DEBUG] armors=1, targets=1
[DEBUG] armors=1, targets=1
[DEBUG] armors=1, targets=1
[DEBUG] armors=0, targets=1
[DEBUG] armors=1, targets=1
[DEBUG] armors=1, targets=1
[DEBUG] armors=1, targets=1
[DEBUG] armors=1, targets=1
[DEBUG] armors=0, targets=1
[DEBUG] armors=1, targets=1
[DEBUG] armors=1, targets=1
[DEBUG] armors=1, targets=1
[DEBUG] armors=0, targets=1
[DEBUG] armors=1, targets=1
[2026-09-05 13:34:51.276] [info] [DRYRUN] measured_gimbal=(2.853,0.117,-0.051) measured_world=(2.840,0.268,-0.139) tracked_world=(2.874,0.255,-0.142) target_gimbal_deg=(2.34,-1.02) target_world_deg=(5.40,-2.78) gimbal_deg=(3.05,1.77) armor_y_px=626.7 pixel_error_deg=(-1.63,2.13) ballistic=(range=2.856m holdover=0.548m comp=10.64deg residual=-8.52deg) q_wxyz=(0.999526,0.000411,0.015412,-0.026633) cmd_deg=(4.88,-12.29) packed_pitch_deg=-12.29 control=true shoot=false
[DEBUG] armors=0, targets=1
[DEBUG] armors=1, targets=1
[DEBUG] armors=1, targets=1
[DEBUG] armors=1, targets=1
[DEBUG] armors=0, targets=1
[DEBUG] armors=0, targets=1
[DEBUG] armors=1, targets=1
[DEBUG] armors=1, targets=1
[DEBUG] armors=1, targets=1
[DEBUG] armors=1, targets=1
[DEBUG] armors=0, targets=1
[DEBUG] armors=1, targets=1
[DEBUG] armors=0, targets=1
[DEBUG] armors=0, targets=1
[DEBUG] armors=1, targets=1
[DEBUG] armors=0, targets=1
[DEBUG] armors=0, targets=1
[DEBUG] armors=0, targets=1
[DEBUG] armors=1, targets=1
[DEBUG] armors=1, targets=1
[2026-09-05 13:34:51.581] [info] [DRYRUN] measured_gimbal=(2.857,0.117,-0.050) measured_world=(2.843,0.269,-0.139) tracked_world=(2.873,0.267,-0.141) target_gimbal_deg=(2.34,-1.01) target_world_deg=(5.40,-2.79) gimbal_deg=(3.06,1.78) armor_y_px=626.3 pixel_error_deg=(-1.62,2.12) ballistic=(range=2.859m holdover=0.549m comp=10.65deg residual=-8.53deg) q_wxyz=(0.999523,0.000414,0.015521,-0.026683) cmd_deg=(5.33,-12.29) packed_pitch_deg=-12.29 control=true shoot=false
[DEBUG] armors=0, targets=1
[DEBUG] armors=1, targets=1
[DEBUG] armors=1, targets=1
[DEBUG] armors=0, targets=1
[DEBUG] armors=0, targets=1
[DEBUG] armors=1, targets=1
[DEBUG] armors=0, targets=1
[DEBUG] armors=1, targets=1
[DEBUG] armors=1, targets=1
[2026-09-05 13:34:51.718] [info] [SYNC][XUC] mode=0 yaw=-3.06 deg pitch=1.78 deg feeder_rpm=0.00 wheel0_rpm=0 wheel1_rpm=0 wheel_delta=0 projectile_speed=12.80
[DEBUG] armors=0, targets=1
[2026-09-05 13:34:51.733] [info] [PERF] 总耗时=14.4ms (检测=12.3ms, 跟踪=0.0ms), FPS=69.2
[2026-09-05 13:34:51.733] [info] 📊 [CAMERA FPS] 瞬时帧率=69.1fps, 平均帧率=65.3fps, 总帧数=1250, 运行时间=19.1s
[DEBUG] armors=1, targets=1
[DEBUG] armors=1, targets=1
[DEBUG] armors=0, targets=1
[DEBUG] armors=0, targets=1
[DEBUG] armors=1, targets=1
[DEBUG] armors=1, targets=1
[DEBUG] armors=0, targets=1
[DEBUG] armors=1, targets=1
[DEBUG] armors=0, targets=1
[DEBUG] armors=0, targets=1
[DEBUG] armors=0, targets=1
[DEBUG] armors=1, targets=1
[DEBUG] armors=1, targets=1
[DEBUG] armors=1, targets=1
[DEBUG] armors=1, targets=1
[DEBUG] armors=1, targets=1
[DEBUG] armors=1, targets=1
[DEBUG] armors=1, targets=1
[DEBUG] armors=1, targets=1
[DEBUG] armors=0, targets=1
[DEBUG] armors=1, targets=1
[DEBUG] armors=1, targets=1
[DEBUG] armors=0, targets=1
[DEBUG] armors=1, targets=1
[DEBUG] armors=0, targets=1
[DEBUG] armors=1, targets=1
[DEBUG] armors=1, targets=1
[DEBUG] armors=0, targets=1
[DEBUG] armors=1, targets=1
[DEBUG] armors=1, targets=1
[2026-09-05 13:34:52.191] [info] [DRYRUN] measured_gimbal=(2.859,0.117,-0.050) measured_world=(2.846,0.270,-0.139) tracked_world=(2.854,0.271,-0.139) target_gimbal_deg=(2.34,-1.00) target_world_deg=(5.41,-2.78) gimbal_deg=(3.06,1.79) armor_y_px=626.0 pixel_error_deg=(-1.63,2.11) ballistic=(range=2.861m holdover=0.549m comp=10.65deg residual=-8.54deg) q_wxyz=(0.999521,0.000416,0.015576,-0.026723) cmd_deg=(5.44,-12.29) packed_pitch_deg=-12.29 control=true shoot=false
[DEBUG] armors=0, targets=1
[DEBUG] armors=1, targets=1
[DEBUG] armors=1, targets=1
[DEBUG] armors=1, targets=1
[DEBUG] armors=1, targets=1
[DEBUG] armors=1, targets=1
[DEBUG] armors=1, targets=1
[DEBUG] armors=1, targets=1
[DEBUG] armors=1, targets=1
[DEBUG] armors=1, targets=1
[DEBUG] armors=0, targets=1
[DEBUG] armors=1, targets=1
[DEBUG] armors=0, targets=1
[DEBUG] armors=0, targets=1
[DEBUG] armors=1, targets=1
[DEBUG] armors=1, targets=1
[DEBUG] armors=1, targets=1
[DEBUG] armors=1, targets=1
[DEBUG] armors=1, targets=1
[2026-09-05 13:34:52.485] [info] [SYNC][XUC] mode=0 yaw=-3.06 deg pitch=1.81 deg feeder_rpm=0.00 wheel0_rpm=0 wheel1_rpm=0 wheel_delta=0 projectile_speed=12.80
[DEBUG] armors=1, targets=1
[2026-09-05 13:34:52.499] [info] [DRYRUN] measured_gimbal=(2.840,0.115,-0.048) measured_world=(2.827,0.267,-0.138) tracked_world=(2.839,0.268,-0.138) target_gimbal_deg=(2.33,-0.97) target_world_deg=(5.39,-2.78) gimbal_deg=(3.06,1.81) armor_y_px=625.2 pixel_error_deg=(-1.62,2.09) ballistic=(range=2.843m holdover=0.544m comp=10.62deg residual=-8.54deg) q_wxyz=(0.999518,0.000423,0.015810,-0.026727) cmd_deg=(5.40,-12.27) packed_pitch_deg=-12.27 control=true shoot=false
[2026-09-05 13:34:52.501] [info] [PERF] 总耗时=16.5ms (检测=13.5ms, 跟踪=0.4ms), FPS=60.8
[2026-09-05 13:34:52.501] [info] 📊 [CAMERA FPS] 瞬时帧率=60.7fps, 平均帧率=65.3fps, 总帧数=1300, 运行时间=19.9s
[DEBUG] armors=1, targets=1
[DEBUG] armors=1, targets=1
[DEBUG] armors=1, targets=1
[DEBUG] armors=1, targets=1
[DEBUG] armors=1, targets=1
[DEBUG] armors=1, targets=1
[DEBUG] armors=1, targets=1
[DEBUG] armors=1, targets=1
[DEBUG] armors=0, targets=1
[DEBUG] armors=0, targets=1
[DEBUG] armors=0, targets=1
[DEBUG] armors=1, targets=1
[DEBUG] armors=1, targets=1
[DEBUG] armors=1, targets=1
[DEBUG] armors=0, targets=1
[DEBUG] armors=0, targets=1
[DEBUG] armors=1, targets=1
[DEBUG] armors=1, targets=1
[DEBUG] armors=1, targets=1
[DEBUG] armors=1, targets=1
[2026-09-05 13:34:52.805] [info] [DRYRUN] measured_gimbal=(2.885,0.117,-0.033) measured_world=(2.871,0.271,-0.140) tracked_world=(2.843,0.291,-0.138) target_gimbal_deg=(2.33,-0.66) target_world_deg=(5.40,-2.78) gimbal_deg=(3.07,2.12) armor_y_px=611.7 pixel_error_deg=(-1.60,1.76) ballistic=(range=2.887m holdover=0.557m comp=10.69deg residual=-8.94deg) q_wxyz=(0.999471,0.000495,0.018498,-0.026762) cmd_deg=(6.11,-12.47) packed_pitch_deg=-12.47 control=true shoot=false
[DEBUG] armors=1, targets=1
[DEBUG] armors=1, targets=1
[DEBUG] armors=1, targets=1
[DEBUG] armors=1, targets=1
[DEBUG] armors=1, targets=1
[DEBUG] armors=1, targets=1
[DEBUG] armors=0, targets=1
[DEBUG] armors=1, targets=1
[DEBUG] armors=1, targets=1
[DEBUG] armors=1, targets=1
[DEBUG] armors=1, targets=1
[DEBUG] armors=1, targets=1
[DEBUG] armors=1, targets=1
[DEBUG] armors=1, targets=1
[DEBUG] armors=1, targets=1
[DEBUG] armors=0, targets=1
[DEBUG] armors=1, targets=1
[DEBUG] armors=1, targets=1
[DEBUG] armors=1, targets=1
[DEBUG] armors=1, targets=1
[2026-09-05 13:34:53.111] [info] [DRYRUN] measured_gimbal=(2.826,0.115,-0.020) measured_world=(2.813,0.265,-0.133) tracked_world=(2.830,0.271,-0.135) target_gimbal_deg=(2.33,-0.41) target_world_deg=(5.38,-2.70) gimbal_deg=(3.05,2.29) armor_y_px=602.5 pixel_error_deg=(-1.62,1.53) ballistic=(range=2.828m holdover=0.541m comp=10.61deg residual=-9.08deg) q_wxyz=(0.999445,0.000533,0.019996,-0.026619) cmd_deg=(5.41,-12.70) packed_pitch_deg=-12.70 control=true shoot=false
[DEBUG] armors=1, targets=1
[DEBUG] armors=1, targets=1
[DEBUG] armors=1, targets=1
[DEBUG] armors=1, targets=1
[DEBUG] armors=1, targets=1
[DEBUG] armors=1, targets=1
[DEBUG] armors=1, targets=1
[DEBUG] armors=1, targets=1
[DEBUG] armors=1, targets=1
[2026-09-05 13:34:53.255] [info] [SYNC][XUC] mode=0 yaw=-3.05 deg pitch=2.21 deg feeder_rpm=0.00 wheel0_rpm=0 wheel1_rpm=0 wheel_delta=0 projectile_speed=12.80
[DEBUG] armors=1, targets=1
[2026-09-05 13:34:53.271] [info] [PERF] 总耗时=15.6ms (检测=12.9ms, 跟踪=0.4ms), FPS=64.0
[2026-09-05 13:34:53.271] [info] 📊 [CAMERA FPS] 瞬时帧率=63.9fps, 平均帧率=65.3fps, 总帧数=1350, 运行时间=20.7s
[DEBUG] armors=1, targets=1
[DEBUG] armors=1, targets=1
[DEBUG] armors=1, targets=1
[DEBUG] armors=1, targets=1
[DEBUG] armors=1, targets=1
[DEBUG] armors=1, targets=1
[DEBUG] armors=1, targets=1
[DEBUG] armors=1, targets=1
[DEBUG] armors=1, targets=1
[DEBUG] armors=1, targets=1
[2026-09-05 13:34:53.429] [info] [DRYRUN] measured_gimbal=(2.876,0.119,-0.031) measured_world=(2.862,0.271,-0.137) tracked_world=(2.848,0.268,-0.136) target_gimbal_deg=(2.37,-0.62) target_world_deg=(5.41,-2.73) gimbal_deg=(3.03,2.12) armor_y_px=610.0 pixel_error_deg=(-1.65,1.72) ballistic=(range=2.878m holdover=0.554m comp=10.68deg residual=-8.96deg) q_wxyz=(0.999479,0.000489,0.018475,-0.026445) cmd_deg=(5.31,-12.75) packed_pitch_deg=-12.75 control=true shoot=false
[DEBUG] armors=1, targets=1
[DEBUG] armors=0, targets=1
[DEBUG] armors=1, targets=1
[DEBUG] armors=1, targets=1
[DEBUG] armors=1, targets=1
[DEBUG] armors=1, targets=1
[DEBUG] armors=1, targets=1
[DEBUG] armors=1, targets=1
[DEBUG] armors=1, targets=1
[DEBUG] armors=1, targets=1
[DEBUG] armors=1, targets=1
[DEBUG] armors=1, targets=1
[DEBUG] armors=1, targets=1
[DEBUG] armors=1, targets=1
[DEBUG] armors=1, targets=1
[DEBUG] armors=1, targets=1
[DEBUG] armors=1, targets=1
[DEBUG] armors=1, targets=1
[DEBUG] armors=1, targets=1
[DEBUG] armors=1, targets=1
[2026-09-05 13:34:53.736] [info] [DRYRUN] measured_gimbal=(2.798,0.114,-0.060) measured_world=(2.785,0.263,-0.134) tracked_world=(2.848,0.268,-0.139) target_gimbal_deg=(2.33,-1.23) target_world_deg=(5.39,-2.74) gimbal_deg=(3.06,1.51) armor_y_px=636.5 pixel_error_deg=(-1.63,2.37) ballistic=(range=2.800m holdover=0.533m comp=10.56deg residual=-8.19deg) q_wxyz=(0.999557,0.000352,0.013194,-0.026667) cmd_deg=(5.38,-12.04) packed_pitch_deg=-12.04 control=true shoot=false
[DEBUG] armors=0, targets=1
[DEBUG] armors=1, targets=1
[DEBUG] armors=1, targets=1
[DEBUG] armors=0, targets=1
[DEBUG] armors=1, targets=1
[DEBUG] armors=1, targets=1
[DEBUG] armors=1, targets=1
[DEBUG] armors=1, targets=1
[DEBUG] armors=0, targets=1
[DEBUG] armors=0, targets=1
[DEBUG] armors=1, targets=1
[DEBUG] armors=1, targets=1
[DEBUG] armors=1, targets=1
[DEBUG] armors=1, targets=1
[DEBUG] armors=1, targets=1
[DEBUG] armors=1, targets=1
[DEBUG] armors=1, targets=1
[DEBUG] armors=1, targets=1
[DEBUG] armors=1, targets=1
[2026-09-05 13:34:54.032] [info] [SYNC][XUC] mode=0 yaw=-3.04 deg pitch=2.11 deg feeder_rpm=0.00 wheel0_rpm=0 wheel1_rpm=0 wheel_delta=0 projectile_speed=12.80
[DEBUG] armors=1, targets=1
[2026-09-05 13:34:54.045] [info] [DRYRUN] measured_gimbal=(2.960,0.124,-0.036) measured_world=(2.946,0.280,-0.144) tracked_world=(2.860,0.270,-0.139) target_gimbal_deg=(2.39,-0.69) target_world_deg=(5.43,-2.79) gimbal_deg=(3.04,2.11) armor_y_px=611.5 pixel_error_deg=(-1.65,1.75) ballistic=(range=2.963m holdover=0.577m comp=10.81deg residual=-9.05deg) q_wxyz=(0.999480,0.000487,0.018384,-0.026483) cmd_deg=(5.39,-12.76) packed_pitch_deg=-12.76 control=true shoot=false
[2026-09-05 13:34:54.048] [info] [PERF] 总耗时=16.0ms (检测=12.5ms, 跟踪=0.5ms), FPS=62.5
[2026-09-05 13:34:54.048] [info] 📊 [CAMERA FPS] 瞬时帧率=62.3fps, 平均帧率=65.3fps, 总帧数=1400, 运行时间=21.5s
[DEBUG] armors=1, targets=1
[DEBUG] armors=1, targets=1
[DEBUG] armors=1, targets=1
[DEBUG] armors=1, targets=1
[DEBUG] armors=1, targets=1
[DEBUG] armors=1, targets=1
[DEBUG] armors=1, targets=1
[DEBUG] armors=1, targets=1
[DEBUG] armors=1, targets=1
[DEBUG] armors=1, targets=1
[DEBUG] armors=1, targets=1
[DEBUG] armors=1, targets=1
[DEBUG] armors=1, targets=1
[DEBUG] armors=1, targets=1
[DEBUG] armors=1, targets=1
[DEBUG] armors=1, targets=1
[DEBUG] armors=1, targets=1
[DEBUG] armors=1, targets=1
[DEBUG] armors=1, targets=1
[DEBUG] armors=1, targets=1
[2026-09-05 13:34:54.359] [info] [DRYRUN] measured_gimbal=(2.882,0.119,-0.028) measured_world=(2.869,0.271,-0.138) tracked_world=(2.888,0.273,-0.140) target_gimbal_deg=(2.37,-0.55) target_world_deg=(5.40,-2.75) gimbal_deg=(3.03,2.19) armor_y_px=607.3 pixel_error_deg=(-1.65,1.65) ballistic=(range=2.885m holdover=0.556m comp=10.69deg residual=-9.04deg) q_wxyz=(0.999467,0.000506,0.019145,-0.026437) cmd_deg=(5.41,-12.73) packed_pitch_deg=-12.73 control=true shoot=false
[DEBUG] armors=1, targets=1
[DEBUG] armors=1, targets=1
[DEBUG] armors=1, targets=1
[DEBUG] armors=1, targets=1
[DEBUG] armors=1, targets=1
[DEBUG] armors=1, targets=1
[DEBUG] armors=1, targets=1
[DEBUG] armors=1, targets=1
[DEBUG] armors=1, targets=1
[DEBUG] armors=1, targets=1
[DEBUG] armors=0, targets=1
[DEBUG] armors=1, targets=1
[DEBUG] armors=1, targets=1
[DEBUG] armors=1, targets=1
[DEBUG] armors=1, targets=1
[DEBUG] armors=1, targets=1
[DEBUG] armors=1, targets=1
[DEBUG] armors=1, targets=1
[DEBUG] armors=1, targets=1
[DEBUG] armors=1, targets=1
[2026-09-05 13:34:54.672] [info] [DRYRUN] measured_gimbal=(2.815,0.115,-0.062) measured_world=(2.802,0.265,-0.135) tracked_world=(2.875,0.272,-0.140) target_gimbal_deg=(2.34,-1.26) target_world_deg=(5.40,-2.75) gimbal_deg=(3.06,1.49) armor_y_px=637.5 pixel_error_deg=(-1.64,2.39) ballistic=(range=2.817m holdover=0.537m comp=10.58deg residual=-8.19deg) q_wxyz=(0.999559,0.000347,0.012999,-0.026696) cmd_deg=(5.42,-12.05) packed_pitch_deg=-12.05 control=true shoot=false
[DEBUG] armors=1, targets=1
[DEBUG] armors=1, targets=1
[DEBUG] armors=0, targets=1
[DEBUG] armors=1, targets=1
[DEBUG] armors=1, targets=1
[DEBUG] armors=1, targets=1
[DEBUG] armors=0, targets=1
[DEBUG] armors=0, targets=1
[DEBUG] armors=1, targets=1
[2026-09-05 13:34:54.815] [info] [SYNC][XUC] mode=0 yaw=-3.07 deg pitch=1.68 deg feeder_rpm=0.00 wheel0_rpm=0 wheel1_rpm=0 wheel_delta=0 projectile_speed=12.80
[DEBUG] armors=1, targets=1
[2026-09-05 13:34:54.830] [info] [PERF] 总耗时=14.8ms (检测=12.3ms, 跟踪=0.4ms), FPS=67.4
[2026-09-05 13:34:54.830] [info] 📊 [CAMERA FPS] 瞬时帧率=67.3fps, 平均帧率=65.2fps, 总帧数=1450, 运行时间=22.2s
[DEBUG] armors=1, targets=1
[DEBUG] armors=1, targets=1
[DEBUG] armors=1, targets=1
[DEBUG] armors=1, targets=1
[DEBUG] armors=1, targets=1
[DEBUG] armors=1, targets=1
[DEBUG] armors=1, targets=1
[DEBUG] armors=0, targets=1
[DEBUG] armors=1, targets=1
[DEBUG] armors=0, targets=1
[DEBUG] armors=1, targets=1
[DEBUG] armors=1, targets=1
[DEBUG] armors=1, targets=1
[DEBUG] armors=1, targets=1
[DEBUG] armors=1, targets=1
[DEBUG] armors=1, targets=1
[DEBUG] armors=1, targets=1
[DEBUG] armors=0, targets=1
[DEBUG] armors=0, targets=1
[DEBUG] armors=0, targets=1
[DEBUG] armors=1, targets=1
[DEBUG] armors=0, targets=1
[DEBUG] armors=1, targets=1
[DEBUG] armors=1, targets=1
[DEBUG] armors=0, targets=1
[DEBUG] armors=0, targets=1
[DEBUG] armors=0, targets=1
[DEBUG] armors=0, targets=1
[DEBUG] armors=0, targets=1
[DEBUG] armors=0, targets=1
[DEBUG] armors=0, targets=1
[DEBUG] armors=0, targets=1
[DEBUG] armors=0, targets=1
[DEBUG] armors=1, targets=1
[DEBUG] armors=1, targets=1
[DEBUG] armors=1, targets=1
[DEBUG] armors=0, targets=1
[DEBUG] armors=1, targets=1
[DEBUG] armors=1, targets=1
[DEBUG] armors=1, targets=1
[DEBUG] armors=1, targets=1
[DEBUG] armors=1, targets=1
[DEBUG] armors=1, targets=1
[DEBUG] armors=1, targets=1
[DEBUG] armors=1, targets=1
[DEBUG] armors=1, targets=1
[DEBUG] armors=1, targets=1
[DEBUG] armors=1, targets=1
[DEBUG] armors=1, targets=1
[2026-09-05 13:34:55.588] [info] [SYNC][XUC] mode=0 yaw=-3.06 deg pitch=2.23 deg feeder_rpm=0.00 wheel0_rpm=0 wheel1_rpm=0 wheel_delta=0 projectile_speed=12.80
[DEBUG] armors=1, targets=1
[2026-09-05 13:34:55.602] [info] [DRYRUN] measured_gimbal=(2.864,0.117,-0.028) measured_world=(2.850,0.270,-0.140) tracked_world=(2.870,0.273,-0.141) target_gimbal_deg=(2.34,-0.56) target_world_deg=(5.40,-2.79) gimbal_deg=(3.06,2.23) armor_y_px=607.9 pixel_error_deg=(-1.63,1.67) ballistic=(range=2.866m holdover=0.551m comp=10.66deg residual=-9.00deg) q_wxyz=(0.999455,0.000519,0.019461,-0.026669) cmd_deg=(5.60,-12.64) packed_pitch_deg=-12.64 control=true shoot=false
[2026-09-05 13:34:55.604] [info] [PERF] 总耗时=15.6ms (检测=12.8ms, 跟踪=0.5ms), FPS=64.1
[2026-09-05 13:34:55.604] [info] 📊 [CAMERA FPS] 瞬时帧率=64.0fps, 平均帧率=65.2fps, 总帧数=1500, 运行时间=23.0s
[DEBUG] armors=1, targets=1
[DEBUG] armors=1, targets=1
[DEBUG] armors=1, targets=1
[DEBUG] armors=1, targets=1
[DEBUG] armors=1, targets=1
[DEBUG] armors=1, targets=1
[DEBUG] armors=1, targets=1
[DEBUG] armors=1, targets=1
[DEBUG] armors=1, targets=1
[DEBUG] armors=0, targets=1
[DEBUG] armors=1, targets=1
[DEBUG] armors=1, targets=1
[DEBUG] armors=1, targets=1
[DEBUG] armors=1, targets=1
[DEBUG] armors=1, targets=1
[DEBUG] armors=1, targets=1
[DEBUG] armors=0, targets=1
[DEBUG] armors=1, targets=1
[DEBUG] armors=1, targets=1
[DEBUG] armors=1, targets=1
[2026-09-05 13:34:55.918] [info] [DRYRUN] measured_gimbal=(2.843,0.117,-0.022) measured_world=(2.830,0.268,-0.138) tracked_world=(2.857,0.273,-0.139) target_gimbal_deg=(2.35,-0.43) target_world_deg=(5.41,-2.78) gimbal_deg=(3.05,2.35) armor_y_px=603.1 pixel_error_deg=(-1.64,1.55) ballistic=(range=2.846m holdover=0.546m comp=10.64deg residual=-9.09deg) q_wxyz=(0.999436,0.000545,0.020469,-0.026621) cmd_deg=(5.53,-12.69) packed_pitch_deg=-12.69 control=true shoot=false
[DEBUG] armors=1, targets=1
[DEBUG] armors=1, targets=1
[DEBUG] armors=1, targets=1
[DEBUG] armors=1, targets=1
[DEBUG] armors=1, targets=1
[DEBUG] armors=1, targets=1
[DEBUG] armors=1, targets=1
[DEBUG] armors=1, targets=1
[DEBUG] armors=1, targets=1
[DEBUG] armors=1, targets=1
[DEBUG] armors=1, targets=1
[DEBUG] armors=1, targets=1
[DEBUG] armors=1, targets=1
[DEBUG] armors=1, targets=1
[DEBUG] armors=1, targets=1
[DEBUG] armors=1, targets=1
[DEBUG] armors=1, targets=1
[DEBUG] armors=1, targets=1
[DEBUG] armors=1, targets=1
[DEBUG] armors=1, targets=1
[2026-09-05 13:34:56.230] [info] [DRYRUN] measured_gimbal=(2.912,0.122,-0.027) measured_world=(2.898,0.275,-0.144) tracked_world=(2.855,0.272,-0.140) target_gimbal_deg=(2.39,-0.52) target_world_deg=(5.43,-2.84) gimbal_deg=(3.03,2.32) armor_y_px=605.5 pixel_error_deg=(-1.67,1.61) ballistic=(range=2.914m holdover=0.564m comp=10.74deg residual=-9.13deg) q_wxyz=(0.999446,0.000535,0.020204,-0.026451) cmd_deg=(5.44,-12.73) packed_pitch_deg=-12.73 control=true shoot=false
[DEBUG] armors=1, targets=1
[DEBUG] armors=1, targets=1
[DEBUG] armors=1, targets=1
[DEBUG] armors=1, targets=1
[DEBUG] armors=1, targets=1
[DEBUG] armors=1, targets=1
[DEBUG] armors=1, targets=1
[DEBUG] armors=1, targets=1
[DEBUG] armors=1, targets=1
[2026-09-05 13:34:56.372] [info] [SYNC][XUC] mode=0 yaw=-3.04 deg pitch=1.60 deg feeder_rpm=0.00 wheel0_rpm=0 wheel1_rpm=0 wheel_delta=0 projectile_speed=12.80
[DEBUG] armors=1, targets=1
[2026-09-05 13:34:56.387] [info] [PERF] 总耗时=15.4ms (检测=12.6ms, 跟踪=0.5ms), FPS=64.8
[2026-09-05 13:34:56.387] [info] 📊 [CAMERA FPS] 瞬时帧率=64.6fps, 平均帧率=65.1fps, 总帧数=1550, 运行时间=23.8s
[DEBUG] armors=1, targets=1
[DEBUG] armors=1, targets=1
[DEBUG] armors=1, targets=1
[DEBUG] armors=1, targets=1
[DEBUG] armors=1, targets=1
[DEBUG] armors=1, targets=1
[DEBUG] armors=1, targets=1
[DEBUG] armors=1, targets=1
[DEBUG] armors=1, targets=1
[DEBUG] armors=1, targets=1
[2026-09-05 13:34:56.540] [info] [DRYRUN] measured_gimbal=(2.877,0.118,-0.070) measured_world=(2.864,0.272,-0.144) tracked_world=(2.873,0.274,-0.145) target_gimbal_deg=(2.36,-1.39) target_world_deg=(5.42,-2.87) gimbal_deg=(3.07,1.49) armor_y_px=641.5 pixel_error_deg=(-1.64,2.49) ballistic=(range=2.879m holdover=0.554m comp=10.67deg residual=-8.18deg) q_wxyz=(0.999558,0.000347,0.012971,-0.026742) cmd_deg=(5.46,-11.98) packed_pitch_deg=-11.98 control=true shoot=false
[DEBUG] armors=1, targets=1
[DEBUG] armors=1, targets=1
[DEBUG] armors=1, targets=1
[DEBUG] armors=1, targets=1
[DEBUG] armors=1, targets=1
[DEBUG] armors=1, targets=1
[DEBUG] armors=1, targets=1
[DEBUG] armors=1, targets=1
[DEBUG] armors=1, targets=1
[DEBUG] armors=1, targets=1
[DEBUG] armors=1, targets=1
[DEBUG] armors=1, targets=1
[DEBUG] armors=0, targets=1
[DEBUG] armors=0, targets=1
[DEBUG] armors=0, targets=1
[DEBUG] armors=1, targets=1
[DEBUG] armors=0, targets=1
[DEBUG] armors=1, targets=1
[DEBUG] armors=1, targets=1
[DEBUG] armors=1, targets=1
[2026-09-05 13:34:56.851] [info] [DRYRUN] measured_gimbal=(2.918,0.121,-0.055) measured_world=(2.904,0.276,-0.146) tracked_world=(2.858,0.271,-0.144) target_gimbal_deg=(2.37,-1.09) target_world_deg=(5.43,-2.87) gimbal_deg=(3.05,1.79) armor_y_px=628.6 pixel_error_deg=(-1.65,2.17) ballistic=(range=2.920m holdover=0.565m comp=10.74deg residual=-8.57deg) q_wxyz=(0.999525,0.000415,0.015577,-0.026603) cmd_deg=(5.40,-12.26) packed_pitch_deg=-12.26 control=true shoot=false
[DEBUG] armors=1, targets=1
[DEBUG] armors=1, targets=1
[DEBUG] armors=1, targets=1
[DEBUG] armors=1, targets=1
[DEBUG] armors=1, targets=1
[DEBUG] armors=1, targets=1
[DEBUG] armors=1, targets=1
[DEBUG] armors=1, targets=1
[DEBUG] armors=1, targets=1
[DEBUG] armors=1, targets=1
[DEBUG] armors=0, targets=1
[DEBUG] armors=0, targets=1
[DEBUG] armors=0, targets=1
[DEBUG] armors=1, targets=1
[DEBUG] armors=1, targets=1
[DEBUG] armors=1, targets=1
[DEBUG] armors=1, targets=1
[DEBUG] armors=1, targets=1
[DEBUG] armors=1, targets=1
[2026-09-05 13:34:57.151] [info] [SYNC][XUC] mode=0 yaw=-3.05 deg pitch=1.84 deg feeder_rpm=0.00 wheel0_rpm=0 wheel1_rpm=0 wheel_delta=0 projectile_speed=12.80
[DEBUG] armors=0, targets=1
[2026-09-05 13:34:57.166] [info] [PERF] 总耗时=14.9ms (检测=12.4ms, 跟踪=0.0ms), FPS=67.0
[2026-09-05 13:34:57.166] [info] 📊 [CAMERA FPS] 瞬时帧率=66.8fps, 平均帧率=65.1fps, 总帧数=1600, 运行时间=24.6s
[DEBUG] armors=0, targets=1
[DEBUG] armors=1, targets=1
[DEBUG] armors=1, targets=1
[DEBUG] armors=1, targets=1
[DEBUG] armors=1, targets=1
[DEBUG] armors=1, targets=1
[DEBUG] armors=1, targets=1
[DEBUG] armors=1, targets=1
[DEBUG] armors=1, targets=1
[DEBUG] armors=0, targets=1
[DEBUG] armors=1, targets=1
[DEBUG] armors=1, targets=1
[DEBUG] armors=1, targets=1
[DEBUG] armors=1, targets=1
[DEBUG] armors=1, targets=1
[DEBUG] armors=1, targets=1
[DEBUG] armors=1, targets=1
[DEBUG] armors=1, targets=1
[DEBUG] armors=1, targets=1
[DEBUG] armors=1, targets=1
[2026-09-05 13:34:57.473] [info] [DRYRUN] measured_gimbal=(2.871,0.118,-0.048) measured_world=(2.857,0.271,-0.141) tracked_world=(2.864,0.271,-0.142) target_gimbal_deg=(2.36,-0.95) target_world_deg=(5.41,-2.82) gimbal_deg=(3.05,1.86) armor_y_px=623.9 pixel_error_deg=(-1.64,2.06) ballistic=(range=2.873m holdover=0.553m comp=10.67deg residual=-8.61deg) q_wxyz=(0.999513,0.000433,0.016253,-0.026647) cmd_deg=(5.39,-12.33) packed_pitch_deg=-12.33 control=true shoot=false
[DEBUG] armors=1, targets=1
[DEBUG] armors=1, targets=1
[DEBUG] armors=1, targets=1
[DEBUG] armors=1, targets=1
[DEBUG] armors=1, targets=1
[DEBUG] armors=1, targets=1
[DEBUG] armors=1, targets=1
[DEBUG] armors=1, targets=1
[DEBUG] armors=1, targets=1
[DEBUG] armors=1, targets=1
[DEBUG] armors=1, targets=1
[DEBUG] armors=1, targets=1
[DEBUG] armors=0, targets=1
[DEBUG] armors=1, targets=1
[DEBUG] armors=1, targets=1
[DEBUG] armors=1, targets=1
[DEBUG] armors=1, targets=1
[DEBUG] armors=1, targets=1
[DEBUG] armors=1, targets=1
[DEBUG] armors=1, targets=1
[2026-09-05 13:34:57.779] [info] [DRYRUN] measured_gimbal=(2.887,0.121,-0.045) measured_world=(2.873,0.273,-0.140) tracked_world=(2.871,0.273,-0.140) target_gimbal_deg=(2.39,-0.89) target_world_deg=(5.43,-2.77) gimbal_deg=(3.03,1.89) armor_y_px=620.9 pixel_error_deg=(-1.67,1.98) ballistic=(range=2.889m holdover=0.557m comp=10.69deg residual=-8.71deg) q_wxyz=(0.999515,0.000435,0.016448,-0.026451) cmd_deg=(5.43,-12.47) packed_pitch_deg=-12.47 control=true shoot=false
[DEBUG] armors=1, targets=1
[DEBUG] armors=1, targets=1
[DEBUG] armors=1, targets=1
[DEBUG] armors=0, targets=1
[DEBUG] armors=1, targets=1
[DEBUG] armors=0, targets=1
[DEBUG] armors=0, targets=1
[DEBUG] armors=1, targets=1
[DEBUG] armors=1, targets=1
[2026-09-05 13:34:57.920] [info] [SYNC][XUC] mode=0 yaw=-3.02 deg pitch=2.03 deg feeder_rpm=0.00 wheel0_rpm=0 wheel1_rpm=0 wheel_delta=0 projectile_speed=12.80
[DEBUG] armors=1, targets=1
[2026-09-05 13:34:57.936] [info] [PERF] 总耗时=15.8ms (检测=12.9ms, 跟踪=0.5ms), FPS=63.3
[2026-09-05 13:34:57.936] [info] 📊 [CAMERA FPS] 瞬时帧率=63.2fps, 平均帧率=65.1fps, 总帧数=1650, 运行时间=25.3s
[DEBUG] armors=1, targets=1
[DEBUG] armors=1, targets=1
[DEBUG] armors=1, targets=1
[DEBUG] armors=1, targets=1
[DEBUG] armors=1, targets=1
[DEBUG] armors=1, targets=1
[DEBUG] armors=1, targets=1
[DEBUG] armors=1, targets=1
[DEBUG] armors=1, targets=1
[DEBUG] armors=1, targets=1
[2026-09-05 13:34:58.086] [info] [DRYRUN] measured_gimbal=(2.904,0.122,-0.023) measured_world=(2.891,0.274,-0.139) tracked_world=(2.889,0.275,-0.139) target_gimbal_deg=(2.40,-0.46) target_world_deg=(5.42,-2.74) gimbal_deg=(3.02,2.28) armor_y_px=603.1 pixel_error_deg=(-1.67,1.55) ballistic=(range=2.907m holdover=0.562m comp=10.73deg residual=-9.18deg) q_wxyz=(0.999455,0.000525,0.019922,-0.026334) cmd_deg=(5.44,-12.82) packed_pitch_deg=-12.82 control=true shoot=false
[DEBUG] armors=1, targets=1
[DEBUG] armors=1, targets=1
[DEBUG] armors=1, targets=1
[DEBUG] armors=1, targets=1
[DEBUG] armors=1, targets=1
[DEBUG] armors=1, targets=1
[DEBUG] armors=1, targets=1
[DEBUG] armors=0, targets=1
[DEBUG] armors=1, targets=1
[DEBUG] armors=1, targets=1
[DEBUG] armors=0, targets=1
[DEBUG] armors=1, targets=1
[DEBUG] armors=1, targets=1
[DEBUG] armors=1, targets=1
[DEBUG] armors=1, targets=1
[DEBUG] armors=1, targets=1
[DEBUG] armors=1, targets=1
[DEBUG] armors=1, targets=1
[DEBUG] armors=1, targets=1
[DEBUG] armors=1, targets=1
[2026-09-05 13:34:58.394] [info] [DRYRUN] measured_gimbal=(2.925,0.123,-0.010) measured_world=(2.911,0.276,-0.140) tracked_world=(2.905,0.292,-0.140) target_gimbal_deg=(2.41,-0.19) target_world_deg=(5.42,-2.74) gimbal_deg=(3.01,2.56) armor_y_px=591.5 pixel_error_deg=(-1.67,1.26) ballistic=(range=2.927m holdover=0.568m comp=10.76deg residual=-9.50deg) q_wxyz=(0.999407,0.000586,0.022299,-0.026245) cmd_deg=(5.96,-13.14) packed_pitch_deg=-13.14 control=true shoot=false
[DEBUG] armors=1, targets=1
[DEBUG] armors=1, targets=1
[DEBUG] armors=1, targets=1
[DEBUG] armors=1, targets=1
[DEBUG] armors=1, targets=1
[DEBUG] armors=1, targets=1
[DEBUG] armors=1, targets=1
[DEBUG] armors=1, targets=1
[DEBUG] armors=1, targets=1
[DEBUG] armors=1, targets=1
[DEBUG] armors=1, targets=1
[DEBUG] armors=1, targets=1
[DEBUG] armors=1, targets=1
[DEBUG] armors=1, targets=1
[DEBUG] armors=1, targets=1
[DEBUG] armors=1, targets=1
[DEBUG] armors=1, targets=1
[DEBUG] armors=1, targets=1
[DEBUG] armors=1, targets=1
[2026-09-05 13:34:58.690] [info] [SYNC][XUC] mode=0 yaw=-3.09 deg pitch=1.15 deg feeder_rpm=0.00 wheel0_rpm=0 wheel1_rpm=0 wheel_delta=0 projectile_speed=12.80
[DEBUG] armors=1, targets=1
[2026-09-05 13:34:58.702] [info] [DRYRUN] measured_gimbal=(2.811,0.114,-0.079) measured_world=(2.798,0.265,-0.135) tracked_world=(2.899,0.278,-0.141) target_gimbal_deg=(2.32,-1.60) target_world_deg=(5.42,-2.75) gimbal_deg=(3.09,1.15) armor_y_px=651.5 pixel_error_deg=(-1.62,2.73) ballistic=(range=2.813m holdover=0.536m comp=10.57deg residual=-7.84deg) q_wxyz=(0.999586,0.000270,0.010013,-0.026989) cmd_deg=(5.44,-11.83) packed_pitch_deg=-11.83 control=true shoot=false
[2026-09-05 13:34:58.705] [info] [PERF] 总耗时=15.0ms (检测=12.1ms, 跟踪=0.4ms), FPS=66.9
[2026-09-05 13:34:58.705] [info] 📊 [CAMERA FPS] 瞬时帧率=66.8fps, 平均帧率=65.1fps, 总帧数=1700, 运行时间=26.1s
[DEBUG] armors=1, targets=1
[DEBUG] armors=1, targets=1
[DEBUG] armors=1, targets=1
[DEBUG] armors=1, targets=1
[DEBUG] armors=1, targets=1
[DEBUG] armors=1, targets=1
[DEBUG] armors=1, targets=1
[DEBUG] armors=1, targets=1
[DEBUG] armors=1, targets=1
[DEBUG] armors=1, targets=1
[DEBUG] armors=1, targets=1
[DEBUG] armors=1, targets=1
[DEBUG] armors=1, targets=1
[DEBUG] armors=1, targets=1
[DEBUG] armors=1, targets=1
[DEBUG] armors=1, targets=1
[DEBUG] armors=1, targets=1
[DEBUG] armors=1, targets=1
[DEBUG] armors=1, targets=1
[DEBUG] armors=0, targets=1
[DEBUG] armors=0, targets=1
[DEBUG] armors=1, targets=1
[DEBUG] armors=1, targets=1
[DEBUG] armors=1, targets=1
[DEBUG] armors=1, targets=1
[DEBUG] armors=1, targets=1
[DEBUG] armors=1, targets=1
[DEBUG] armors=1, targets=1
[DEBUG] armors=1, targets=1
[DEBUG] armors=1, targets=1
[DEBUG] armors=0, targets=1
[DEBUG] armors=0, targets=1
[DEBUG] armors=1, targets=1
[DEBUG] armors=1, targets=1
[DEBUG] armors=0, targets=1
[DEBUG] armors=0, targets=1
[DEBUG] armors=0, targets=1
[DEBUG] armors=1, targets=1
[DEBUG] armors=1, targets=1
[DEBUG] armors=1, targets=1
[2026-09-05 13:34:59.315] [info] [DRYRUN] measured_gimbal=(2.838,0.116,-0.049) measured_world=(2.824,0.267,-0.136) tracked_world=(2.855,0.278,-0.139) target_gimbal_deg=(2.33,-0.99) target_world_deg=(5.40,-2.75) gimbal_deg=(3.07,1.76) armor_y_px=625.8 pixel_error_deg=(-1.62,2.10) ballistic=(range=2.840m holdover=0.544m comp=10.62deg residual=-8.52deg) q_wxyz=(0.999523,0.000412,0.015375,-0.026781) cmd_deg=(5.56,-12.30) packed_pitch_deg=-12.30 control=true shoot=false
[DEBUG] armors=1, targets=1
[DEBUG] armors=1, targets=1
[DEBUG] armors=1, targets=1
[DEBUG] armors=0, targets=1
[DEBUG] armors=0, targets=1
[DEBUG] armors=1, targets=1
[DEBUG] armors=1, targets=1
[DEBUG] armors=1, targets=1
[DEBUG] armors=1, targets=1
[2026-09-05 13:34:59.456] [info] [SYNC][XUC] mode=0 yaw=-3.07 deg pitch=1.77 deg feeder_rpm=0.00 wheel0_rpm=0 wheel1_rpm=0 wheel_delta=0 projectile_speed=12.80
[DEBUG] armors=1, targets=1
[2026-09-05 13:34:59.471] [info] [PERF] 总耗时=15.6ms (检测=12.9ms, 跟踪=0.5ms), FPS=64.0
[2026-09-05 13:34:59.471] [info] 📊 [CAMERA FPS] 瞬时帧率=63.9fps, 平均帧率=65.1fps, 总帧数=1750, 运行时间=26.9s
[DEBUG] armors=1, targets=1
[DEBUG] armors=0, targets=1
[DEBUG] armors=1, targets=1
[DEBUG] armors=1, targets=1
[DEBUG] armors=1, targets=1
[DEBUG] armors=1, targets=1
[DEBUG] armors=1, targets=1
[DEBUG] armors=1, targets=1
[DEBUG] armors=1, targets=1
[DEBUG] armors=0, targets=1
[DEBUG] armors=1, targets=1
[DEBUG] armors=1, targets=1
[DEBUG] armors=1, targets=1
[DEBUG] armors=1, targets=1
[DEBUG] armors=1, targets=1
[DEBUG] armors=1, targets=1
[DEBUG] armors=1, targets=1
[DEBUG] armors=1, targets=1
[DEBUG] armors=1, targets=1
[DEBUG] armors=1, targets=1
[DEBUG] armors=1, targets=1
[DEBUG] armors=1, targets=1
[DEBUG] armors=0, targets=1
[DEBUG] armors=1, targets=1
[DEBUG] armors=1, targets=1
[DEBUG] armors=1, targets=1
[DEBUG] armors=1, targets=1
[DEBUG] armors=1, targets=1
[DEBUG] armors=1, targets=1
[DEBUG] armors=1, targets=1
[2026-09-05 13:34:59.945] [info] [DRYRUN] measured_gimbal=(2.877,0.117,-0.050) measured_world=(2.863,0.272,-0.139) tracked_world=(2.831,0.267,-0.138) target_gimbal_deg=(2.34,-1.00) target_world_deg=(5.42,-2.77) gimbal_deg=(3.08,1.77) armor_y_px=625.6 pixel_error_deg=(-1.62,2.10) ballistic=(range=2.879m holdover=0.554m comp=10.68deg residual=-8.58deg) q_wxyz=(0.999520,0.000415,0.015442,-0.026867) cmd_deg=(5.36,-12.36) packed_pitch_deg=-12.36 control=true shoot=false
[DEBUG] armors=1, targets=1
[DEBUG] armors=1, targets=1
[DEBUG] armors=1, targets=1
[DEBUG] armors=1, targets=1
[DEBUG] armors=1, targets=1
[DEBUG] armors=1, targets=1
[DEBUG] armors=1, targets=1
[DEBUG] armors=1, targets=1
[DEBUG] armors=1, targets=1
[DEBUG] armors=1, targets=1
[DEBUG] armors=1, targets=1
[DEBUG] armors=1, targets=1
[DEBUG] armors=1, targets=1
[DEBUG] armors=0, targets=1
[DEBUG] armors=1, targets=1
[DEBUG] armors=1, targets=1
[DEBUG] armors=1, targets=1
[DEBUG] armors=0, targets=1
[DEBUG] armors=1, targets=1
[2026-09-05 13:35:00.237] [info] [SYNC][XUC] mode=0 yaw=-3.08 deg pitch=1.76 deg feeder_rpm=0.00 wheel0_rpm=0 wheel1_rpm=0 wheel_delta=0 projectile_speed=12.80
[DEBUG] armors=0, targets=1
[2026-09-05 13:35:00.252] [info] [PERF] 总耗时=14.7ms (检测=12.5ms, 跟踪=0.0ms), FPS=68.0
[2026-09-05 13:35:00.252] [info] 📊 [CAMERA FPS] 瞬时帧率=67.9fps, 平均帧率=65.1fps, 总帧数=1800, 运行时间=27.7s
[DEBUG] armors=1, targets=1
[DEBUG] armors=1, targets=1
[DEBUG] armors=1, targets=1
[DEBUG] armors=1, targets=1
[DEBUG] armors=1, targets=1
[DEBUG] armors=0, targets=1
[DEBUG] armors=0, targets=1
[DEBUG] armors=0, targets=1
[DEBUG] armors=0, targets=1
[DEBUG] armors=1, targets=1
[DEBUG] armors=1, targets=1
[DEBUG] armors=1, targets=1
[DEBUG] armors=1, targets=1
[DEBUG] armors=1, targets=1
[DEBUG] armors=1, targets=1
[DEBUG] armors=1, targets=1
[DEBUG] armors=1, targets=1
[DEBUG] armors=1, targets=1
[DEBUG] armors=1, targets=1
[DEBUG] armors=1, targets=1
[2026-09-05 13:35:00.556] [info] [DRYRUN] measured_gimbal=(2.825,0.115,-0.048) measured_world=(2.811,0.267,-0.135) tracked_world=(2.833,0.269,-0.136) target_gimbal_deg=(2.33,-0.98) target_world_deg=(5.42,-2.73) gimbal_deg=(3.09,1.75) armor_y_px=625.6 pixel_error_deg=(-1.63,2.10) ballistic=(range=2.827m holdover=0.540m comp=10.60deg residual=-8.50deg) q_wxyz=(0.999520,0.000412,0.015299,-0.026930) cmd_deg=(5.43,-12.32) packed_pitch_deg=-12.32 control=true shoot=false
[DEBUG] armors=1, targets=1
[DEBUG] armors=1, targets=1
[DEBUG] armors=1, targets=1
[DEBUG] armors=1, targets=1
[DEBUG] armors=1, targets=1
[DEBUG] armors=1, targets=1
[DEBUG] armors=1, targets=1
[DEBUG] armors=1, targets=1
[DEBUG] armors=1, targets=1
[DEBUG] armors=0, targets=1
[DEBUG] armors=1, targets=1
[DEBUG] armors=1, targets=1
[DEBUG] armors=1, targets=1
[DEBUG] armors=1, targets=1
[DEBUG] armors=1, targets=1
[DEBUG] armors=1, targets=1
[DEBUG] armors=1, targets=1
[DEBUG] armors=1, targets=1
[DEBUG] armors=1, targets=1
[DEBUG] armors=0, targets=1
[DEBUG] armors=0, targets=1
[DEBUG] armors=1, targets=1
[DEBUG] armors=1, targets=1
[DEBUG] armors=1, targets=1
[DEBUG] armors=1, targets=1
[DEBUG] armors=0, targets=1
[DEBUG] armors=1, targets=1
[DEBUG] armors=0, targets=1
[DEBUG] armors=1, targets=1
[2026-09-05 13:35:01.014] [info] [SYNC][XUC] mode=0 yaw=-3.09 deg pitch=1.75 deg feeder_rpm=0.00 wheel0_rpm=0 wheel1_rpm=0 wheel_delta=0 projectile_speed=12.80
[DEBUG] armors=1, targets=1
[2026-09-05 13:35:01.029] [info] [PERF] 总耗时=15.3ms (检测=12.4ms, 跟踪=0.5ms), FPS=65.2
[2026-09-05 13:35:01.029] [info] 📊 [CAMERA FPS] 瞬时帧率=65.1fps, 平均帧率=65.1fps, 总帧数=1850, 运行时间=28.4s
[DEBUG] armors=1, targets=1
[DEBUG] armors=1, targets=1
[DEBUG] armors=1, targets=1
[DEBUG] armors=0, targets=1
[DEBUG] armors=1, targets=1
[DEBUG] armors=1, targets=1
[DEBUG] armors=1, targets=1
[DEBUG] armors=0, targets=1
[DEBUG] armors=1, targets=1
[DEBUG] armors=1, targets=1
[2026-09-05 13:35:01.179] [info] [DRYRUN] measured_gimbal=(2.845,0.116,-0.049) measured_world=(2.832,0.269,-0.136) tracked_world=(2.839,0.270,-0.136) target_gimbal_deg=(2.33,-0.99) target_world_deg=(5.42,-2.73) gimbal_deg=(3.09,1.75) armor_y_px=625.8 pixel_error_deg=(-1.62,2.10) ballistic=(range=2.848m holdover=0.546m comp=10.63deg residual=-8.53deg) q_wxyz=(0.999522,0.000410,0.015231,-0.026917) cmd_deg=(5.43,-12.34) packed_pitch_deg=-12.34 control=true shoot=false
[DEBUG] armors=1, targets=1
[DEBUG] armors=0, targets=1
[DEBUG] armors=0, targets=1
[DEBUG] armors=1, targets=1
[DEBUG] armors=1, targets=1
[DEBUG] armors=0, targets=1
[DEBUG] armors=1, targets=1
[DEBUG] armors=1, targets=1
[DEBUG] armors=1, targets=1
[DEBUG] armors=1, targets=1
[DEBUG] armors=1, targets=1
[DEBUG] armors=0, targets=1
[DEBUG] armors=1, targets=1
[DEBUG] armors=0, targets=1
[DEBUG] armors=0, targets=1
[DEBUG] armors=1, targets=1
[DEBUG] armors=1, targets=1
[DEBUG] armors=0, targets=1
[DEBUG] armors=1, targets=1
[DEBUG] armors=1, targets=1
[2026-09-05 13:35:01.480] [info] [DRYRUN] measured_gimbal=(2.886,0.118,-0.051) measured_world=(2.873,0.273,-0.139) tracked_world=(2.843,0.270,-0.137) target_gimbal_deg=(2.34,-1.01) target_world_deg=(5.43,-2.76) gimbal_deg=(3.08,1.75) armor_y_px=625.9 pixel_error_deg=(-1.62,2.11) ballistic=(range=2.889m holdover=0.557m comp=10.69deg residual=-8.59deg) q_wxyz=(0.999522,0.000410,0.015254,-0.026896) cmd_deg=(5.42,-12.38) packed_pitch_deg=-12.38 control=true shoot=false
[DEBUG] armors=1, targets=1
[DEBUG] armors=1, targets=1
[DEBUG] armors=1, targets=1
[DEBUG] armors=1, targets=1
[DEBUG] armors=1, targets=1
[DEBUG] armors=1, targets=1
[DEBUG] armors=1, targets=1
[DEBUG] armors=1, targets=1
[DEBUG] armors=1, targets=1
[DEBUG] armors=1, targets=1
[DEBUG] armors=1, targets=1
[DEBUG] armors=1, targets=1
[DEBUG] armors=1, targets=1
[DEBUG] armors=0, targets=1
[DEBUG] armors=0, targets=1
[DEBUG] armors=1, targets=1
[DEBUG] armors=1, targets=1
[DEBUG] armors=1, targets=1
[DEBUG] armors=1, targets=1
[2026-09-05 13:35:01.784] [info] [SYNC][XUC] mode=0 yaw=-3.09 deg pitch=1.74 deg feeder_rpm=0.00 wheel0_rpm=0 wheel1_rpm=0 wheel_delta=0 projectile_speed=12.80
[DEBUG] armors=0, targets=1
[2026-09-05 13:35:01.800] [info] [PERF] 总耗时=15.3ms (检测=13.1ms, 跟踪=0.0ms), FPS=65.3
[2026-09-05 13:35:01.800] [info] 📊 [CAMERA FPS] 瞬时帧率=65.2fps, 平均帧率=65.1fps, 总帧数=1900, 运行时间=29.2s
[DEBUG] armors=0, targets=1
[DEBUG] armors=1, targets=1
[DEBUG] armors=0, targets=1
[DEBUG] armors=1, targets=1
[DEBUG] armors=1, targets=1
[DEBUG] armors=1, targets=1
[DEBUG] armors=1, targets=1
[DEBUG] armors=1, targets=1
[DEBUG] armors=1, targets=1
[DEBUG] armors=1, targets=1
[DEBUG] armors=1, targets=1
[DEBUG] armors=0, targets=1
[DEBUG] armors=1, targets=1
[DEBUG] armors=1, targets=1
[DEBUG] armors=1, targets=1
[DEBUG] armors=0, targets=1
[DEBUG] armors=0, targets=1
[DEBUG] armors=1, targets=1
[DEBUG] armors=1, targets=1
[DEBUG] armors=1, targets=1
[2026-09-05 13:35:02.108] [info] [DRYRUN] measured_gimbal=(2.820,0.115,-0.049) measured_world=(2.807,0.266,-0.135) tracked_world=(2.841,0.270,-0.137) target_gimbal_deg=(2.33,-0.99) target_world_deg=(5.42,-2.75) gimbal_deg=(3.09,1.76) armor_y_px=626.1 pixel_error_deg=(-1.63,2.11) ballistic=(range=2.822m holdover=0.539m comp=10.59deg residual=-8.48deg) q_wxyz=(0.999519,0.000414,0.015360,-0.026929) cmd_deg=(5.43,-12.29) packed_pitch_deg=-12.29 control=true shoot=false
[DEBUG] armors=1, targets=1
[DEBUG] armors=0, targets=1
[DEBUG] armors=1, targets=1
[DEBUG] armors=1, targets=1
[DEBUG] armors=1, targets=1
[DEBUG] armors=0, targets=1
[DEBUG] armors=1, targets=1
[DEBUG] armors=1, targets=1
[DEBUG] armors=1, targets=1
[DEBUG] armors=1, targets=1
[DEBUG] armors=1, targets=1
[DEBUG] armors=1, targets=1
[DEBUG] armors=1, targets=1
[DEBUG] armors=1, targets=1
[DEBUG] armors=1, targets=1
[DEBUG] armors=1, targets=1
[DEBUG] armors=0, targets=1
[DEBUG] armors=1, targets=1
[DEBUG] armors=0, targets=1
[DEBUG] armors=0, targets=1
[DEBUG] armors=1, targets=1
[DEBUG] armors=1, targets=1
[DEBUG] armors=1, targets=1
[DEBUG] armors=1, targets=1
[DEBUG] armors=0, targets=1
[DEBUG] armors=1, targets=1
[DEBUG] armors=1, targets=1
[DEBUG] armors=1, targets=1
[DEBUG] armors=1, targets=1
[2026-09-05 13:35:02.564] [info] [SYNC][XUC] mode=0 yaw=-3.09 deg pitch=1.75 deg feeder_rpm=0.00 wheel0_rpm=0 wheel1_rpm=0 wheel_delta=0 projectile_speed=12.80
[DEBUG] armors=1, targets=1
[2026-09-05 13:35:02.580] [info] [PERF] 总耗时=16.0ms (检测=13.0ms, 跟踪=0.4ms), FPS=62.5
[2026-09-05 13:35:02.580] [info] 📊 [CAMERA FPS] 瞬时帧率=62.4fps, 平均帧率=65.0fps, 总帧数=1950, 运行时间=30.0s
[DEBUG] armors=1, targets=1
[DEBUG] armors=1, targets=1
[DEBUG] armors=1, targets=1
[DEBUG] armors=1, targets=1
[DEBUG] armors=1, targets=1
[DEBUG] armors=0, targets=1
[DEBUG] armors=0, targets=1
[DEBUG] armors=1, targets=1
[DEBUG] armors=1, targets=1
[DEBUG] armors=1, targets=1
[2026-09-05 13:35:02.733] [info] [DRYRUN] measured_gimbal=(2.888,0.118,-0.051) measured_world=(2.875,0.274,-0.139) tracked_world=(2.843,0.270,-0.137) target_gimbal_deg=(2.35,-1.00) target_world_deg=(5.44,-2.75) gimbal_deg=(3.09,1.75) armor_y_px=625.6 pixel_error_deg=(-1.63,2.10) ballistic=(range=2.891m holdover=0.557m comp=10.70deg residual=-8.60deg) q_wxyz=(0.999521,0.000411,0.015250,-0.026925) cmd_deg=(5.43,-12.38) packed_pitch_deg=-12.38 control=true shoot=false
[DEBUG] armors=1, targets=1
[DEBUG] armors=1, targets=1
[DEBUG] armors=1, targets=1
[DEBUG] armors=1, targets=1
[DEBUG] armors=1, targets=1
[DEBUG] armors=0, targets=1
[DEBUG] armors=1, targets=1
[DEBUG] armors=0, targets=1
[DEBUG] armors=0, targets=1
[DEBUG] armors=0, targets=1
[DEBUG] armors=1, targets=1
[DEBUG] armors=1, targets=1
[DEBUG] armors=1, targets=1
[DEBUG] armors=1, targets=1
[DEBUG] armors=1, targets=1
[DEBUG] armors=0, targets=1
[DEBUG] armors=0, targets=1
[DEBUG] armors=0, targets=1
[DEBUG] armors=0, targets=1
[DEBUG] armors=0, targets=1
[DEBUG] armors=1, targets=1
[DEBUG] armors=0, targets=1
[DEBUG] armors=1, targets=1
[DEBUG] armors=1, targets=1
[DEBUG] armors=1, targets=1
[DEBUG] armors=1, targets=1
[DEBUG] armors=1, targets=1
[DEBUG] armors=1, targets=1
[DEBUG] armors=1, targets=1
[DEBUG] armors=0, targets=1
[DEBUG] armors=1, targets=1
[DEBUG] armors=1, targets=1
[DEBUG] armors=1, targets=1
[DEBUG] armors=1, targets=1
[DEBUG] armors=1, targets=1
[DEBUG] armors=1, targets=1
[DEBUG] armors=1, targets=1
[DEBUG] armors=1, targets=1
[DEBUG] armors=1, targets=1
[2026-09-05 13:35:03.342] [info] [SYNC][XUC] mode=0 yaw=-3.07 deg pitch=1.76 deg feeder_rpm=0.00 wheel0_rpm=0 wheel1_rpm=0 wheel_delta=0 projectile_speed=12.80
[DEBUG] armors=1, targets=1
[2026-09-05 13:35:03.355] [info] [DRYRUN] measured_gimbal=(2.871,0.118,-0.049) measured_world=(2.858,0.271,-0.137) tracked_world=(2.875,0.284,-0.139) target_gimbal_deg=(2.35,-0.98) target_world_deg=(5.42,-2.74) gimbal_deg=(3.07,1.76) armor_y_px=625.1 pixel_error_deg=(-1.63,2.09) ballistic=(range=2.874m holdover=0.553m comp=10.67deg residual=-8.58deg) q_wxyz=(0.999524,0.000411,0.015343,-0.026770) cmd_deg=(5.66,-12.39) packed_pitch_deg=-12.39 control=true shoot=false
[2026-09-05 13:35:03.357] [info] [PERF] 总耗时=15.9ms (检测=13.1ms, 跟踪=0.5ms), FPS=62.9
[2026-09-05 13:35:03.357] [info] 📊 [CAMERA FPS] 瞬时帧率=62.7fps, 平均帧率=65.0fps, 总帧数=2000, 运行时间=30.8s
[DEBUG] armors=1, targets=1
[DEBUG] armors=0, targets=1
[DEBUG] armors=1, targets=1
[DEBUG] armors=1, targets=1
[DEBUG] armors=1, targets=1
[DEBUG] armors=1, targets=1
[DEBUG] armors=1, targets=1
[DEBUG] armors=1, targets=1
[DEBUG] armors=0, targets=1
[DEBUG] armors=1, targets=1
[DEBUG] armors=1, targets=1
[DEBUG] armors=1, targets=1
[DEBUG] armors=1, targets=1
[DEBUG] armors=1, targets=1
[DEBUG] armors=1, targets=1
[DEBUG] armors=1, targets=1
[DEBUG] armors=1, targets=1
[DEBUG] armors=1, targets=1
[DEBUG] armors=1, targets=1
[DEBUG] armors=1, targets=1
[2026-09-05 13:35:03.663] [info] [DRYRUN] measured_gimbal=(2.921,0.122,-0.052) measured_world=(2.908,0.276,-0.141) tracked_world=(2.888,0.274,-0.140) target_gimbal_deg=(2.39,-1.01) target_world_deg=(5.43,-2.76) gimbal_deg=(3.04,1.75) armor_y_px=625.5 pixel_error_deg=(-1.66,2.10) ballistic=(range=2.924m holdover=0.566m comp=10.74deg residual=-8.65deg) q_wxyz=(0.999532,0.000404,0.015225,-0.026512) cmd_deg=(5.34,-12.50) packed_pitch_deg=-12.50 control=true shoot=false
[DEBUG] armors=1, targets=1
[DEBUG] armors=1, targets=1
[DEBUG] armors=1, targets=1
[DEBUG] armors=1, targets=1
[DEBUG] armors=1, targets=1
[DEBUG] armors=1, targets=1
[DEBUG] armors=1, targets=1
[DEBUG] armors=1, targets=1
[DEBUG] armors=1, targets=1
[DEBUG] armors=1, targets=1
[DEBUG] armors=1, targets=1
[DEBUG] armors=1, targets=1
[DEBUG] armors=1, targets=1
[DEBUG] armors=1, targets=1
[DEBUG] armors=1, targets=1
[DEBUG] armors=1, targets=1
[DEBUG] armors=1, targets=1
[DEBUG] armors=1, targets=1
[DEBUG] armors=1, targets=1
[DEBUG] armors=1, targets=1
[2026-09-05 13:35:03.970] [info] [DRYRUN] measured_gimbal=(2.909,0.124,-0.054) measured_world=(2.896,0.276,-0.139) tracked_world=(2.885,0.272,-0.139) target_gimbal_deg=(2.44,-1.06) target_world_deg=(5.43,-2.74) gimbal_deg=(2.99,1.68) armor_y_px=627.4 pixel_error_deg=(-1.71,2.14) ballistic=(range=2.912m holdover=0.563m comp=10.73deg residual=-8.58deg) q_wxyz=(0.999551,0.000383,0.014683,-0.026104) cmd_deg=(5.35,-12.46) packed_pitch_deg=-12.46 control=true shoot=false
[DEBUG] armors=1, targets=1
[DEBUG] armors=1, targets=1
[DEBUG] armors=1, targets=1
[DEBUG] armors=1, targets=1
[DEBUG] armors=1, targets=1
[DEBUG] armors=1, targets=1
[DEBUG] armors=1, targets=1
[DEBUG] armors=0, targets=1
[DEBUG] armors=1, targets=1
[2026-09-05 13:35:04.111] [info] [SYNC][XUC] mode=0 yaw=-2.97 deg pitch=1.61 deg feeder_rpm=0.00 wheel0_rpm=0 wheel1_rpm=0 wheel_delta=0 projectile_speed=12.80
[DEBUG] armors=1, targets=1
[2026-09-05 13:35:04.127] [info] [PERF] 总耗时=15.7ms (检测=12.9ms, 跟踪=0.5ms), FPS=63.6
[2026-09-05 13:35:04.127] [info] 📊 [CAMERA FPS] 瞬时帧率=63.4fps, 平均帧率=65.0fps, 总帧数=2050, 运行时间=31.5s
[DEBUG] armors=1, targets=1
[DEBUG] armors=1, targets=1
[DEBUG] armors=1, targets=1
[DEBUG] armors=1, targets=1
[DEBUG] armors=1, targets=1
[DEBUG] armors=0, targets=1
[DEBUG] armors=0, targets=1
[DEBUG] armors=0, targets=1
[DEBUG] armors=1, targets=1
[DEBUG] armors=1, targets=1
[2026-09-05 13:35:04.281] [info] [DRYRUN] measured_gimbal=(2.828,0.125,-0.051) measured_world=(2.816,0.266,-0.133) tracked_world=(2.873,0.272,-0.136) target_gimbal_deg=(2.53,-1.03) target_world_deg=(5.41,-2.68) gimbal_deg=(2.87,1.66) armor_y_px=627.7 pixel_error_deg=(-1.84,2.15) ballistic=(range=2.831m holdover=0.541m comp=10.61deg residual=-8.46deg) q_wxyz=(0.999581,0.000363,0.014480,-0.025078) cmd_deg=(5.38,-12.25) packed_pitch_deg=-12.25 control=true shoot=false
[DEBUG] armors=1, targets=1
[DEBUG] armors=0, targets=1
[DEBUG] armors=1, targets=1
[DEBUG] armors=1, targets=1
[DEBUG] armors=1, targets=1
[DEBUG] armors=0, targets=1
[DEBUG] armors=1, targets=1
[DEBUG] armors=1, targets=1
[DEBUG] armors=0, targets=1
[DEBUG] armors=1, targets=1
[DEBUG] armors=1, targets=1
[DEBUG] armors=1, targets=1
[DEBUG] armors=0, targets=1
[DEBUG] armors=1, targets=1
[DEBUG] armors=1, targets=1
[DEBUG] armors=1, targets=1
[DEBUG] armors=1, targets=1
[DEBUG] armors=1, targets=1
[DEBUG] armors=1, targets=1
[DEBUG] armors=1, targets=1
[2026-09-05 13:35:04.590] [info] [DRYRUN] measured_gimbal=(2.788,0.124,-0.047) measured_world=(2.776,0.262,-0.131) tracked_world=(2.842,0.269,-0.135) target_gimbal_deg=(2.54,-0.96) target_world_deg=(5.39,-2.69) gimbal_deg=(2.84,1.73) armor_y_px=625.6 pixel_error_deg=(-1.84,2.10) ballistic=(range=2.791m holdover=0.531m comp=10.55deg residual=-8.45deg) q_wxyz=(0.999578,0.000375,0.015123,-0.024817) cmd_deg=(5.40,-12.24) packed_pitch_deg=-12.24 control=true shoot=false
[DEBUG] armors=1, targets=1
[DEBUG] armors=1, targets=1
[DEBUG] armors=0, targets=1
[DEBUG] armors=1, targets=1
[DEBUG] armors=1, targets=1
[DEBUG] armors=1, targets=1
[DEBUG] armors=1, targets=1
[DEBUG] armors=1, targets=1
[DEBUG] armors=1, targets=1
[DEBUG] armors=1, targets=1
[DEBUG] armors=1, targets=1
[DEBUG] armors=1, targets=1
[DEBUG] armors=1, targets=1
[DEBUG] armors=1, targets=1
[DEBUG] armors=1, targets=1
[DEBUG] armors=0, targets=1
[DEBUG] armors=1, targets=1
[DEBUG] armors=0, targets=1
[DEBUG] armors=1, targets=1
[2026-09-05 13:35:04.885] [info] [SYNC][XUC] mode=0 yaw=-2.85 deg pitch=1.70 deg feeder_rpm=0.00 wheel0_rpm=0 wheel1_rpm=0 wheel_delta=0 projectile_speed=12.80
[DEBUG] armors=0, targets=1
[2026-09-05 13:35:04.900] [info] [PERF] 总耗时=15.1ms (检测=12.8ms, 跟踪=0.0ms), FPS=66.2
[2026-09-05 13:35:04.900] [info] 📊 [CAMERA FPS] 瞬时帧率=66.0fps, 平均帧率=65.0fps, 总帧数=2100, 运行时间=32.3s
[DEBUG] armors=0, targets=1
[DEBUG] armors=1, targets=1
[DEBUG] armors=0, targets=1
[DEBUG] armors=1, targets=1
[DEBUG] armors=1, targets=1
[DEBUG] armors=1, targets=1
[DEBUG] armors=1, targets=1
[DEBUG] armors=1, targets=1
[DEBUG] armors=0, targets=1
[DEBUG] armors=1, targets=1
[DEBUG] armors=1, targets=1
[DEBUG] armors=0, targets=1
[DEBUG] armors=0, targets=1
[DEBUG] armors=1, targets=1
[DEBUG] armors=1, targets=1
[DEBUG] armors=1, targets=1
[DEBUG] armors=1, targets=1
[DEBUG] armors=0, targets=1
[DEBUG] armors=0, targets=1
[DEBUG] armors=0, targets=1
[DEBUG] armors=1, targets=1
[DEBUG] armors=0, targets=1
[DEBUG] armors=1, targets=1
[DEBUG] armors=1, targets=1
[DEBUG] armors=1, targets=1
[DEBUG] armors=1, targets=1
[DEBUG] armors=1, targets=1
[DEBUG] armors=1, targets=1
[DEBUG] armors=1, targets=1
[DEBUG] armors=1, targets=1
[DEBUG] armors=1, targets=1
[DEBUG] armors=1, targets=1
[DEBUG] armors=1, targets=1
[DEBUG] armors=0, targets=1
[DEBUG] armors=0, targets=1
[DEBUG] armors=1, targets=1
[DEBUG] armors=1, targets=1
[DEBUG] armors=1, targets=1
[DEBUG] armors=1, targets=1
[DEBUG] armors=1, targets=1
[2026-09-05 13:35:05.523] [info] [DRYRUN] measured_gimbal=(2.794,0.124,-0.050) measured_world=(2.782,0.263,-0.132) tracked_world=(2.823,0.269,-0.135) target_gimbal_deg=(2.54,-1.03) target_world_deg=(5.40,-2.71) gimbal_deg=(2.85,1.68) armor_y_px=628.5 pixel_error_deg=(-1.84,2.17) ballistic=(range=2.797m holdover=0.532m comp=10.56deg residual=-8.39deg) q_wxyz=(0.999583,0.000364,0.014619,-0.024903) cmd_deg=(5.28,-12.22) packed_pitch_deg=-12.22 control=true shoot=false
[DEBUG] armors=1, targets=1
[DEBUG] armors=0, targets=1
[DEBUG] armors=0, targets=1
[DEBUG] armors=0, targets=1
[DEBUG] armors=1, targets=1
[DEBUG] armors=1, targets=1
[DEBUG] armors=1, targets=1
[DEBUG] armors=0, targets=1
[DEBUG] armors=0, targets=1
[2026-09-05 13:35:05.662] [info] [SYNC][XUC] mode=0 yaw=-2.88 deg pitch=1.74 deg feeder_rpm=0.00 wheel0_rpm=0 wheel1_rpm=0 wheel_delta=0 projectile_speed=12.80
[DEBUG] armors=0, targets=1
[2026-09-05 13:35:05.678] [info] [PERF] 总耗时=15.5ms (检测=13.1ms, 跟踪=0.0ms), FPS=64.5
[2026-09-05 13:35:05.678] [info] 📊 [CAMERA FPS] 瞬时帧率=64.4fps, 平均帧率=65.0fps, 总帧数=2150, 运行时间=33.1s
[DEBUG] armors=0, targets=1
[DEBUG] armors=0, targets=1
[DEBUG] armors=0, targets=1
[DEBUG] armors=1, targets=1
[DEBUG] armors=0, targets=1
[DEBUG] armors=1, targets=1
[DEBUG] armors=0, targets=1
[DEBUG] armors=1, targets=1
[DEBUG] armors=1, targets=1
[DEBUG] armors=1, targets=1
[2026-09-05 13:35:05.826] [info] [DRYRUN] measured_gimbal=(2.778,0.121,-0.050) measured_world=(2.765,0.260,-0.132) tracked_world=(2.806,0.262,-0.134) target_gimbal_deg=(2.50,-1.03) target_world_deg=(5.37,-2.73) gimbal_deg=(2.87,1.70) armor_y_px=628.7 pixel_error_deg=(-1.82,2.17) ballistic=(range=2.780m holdover=0.528m comp=10.53deg residual=-8.36deg) q_wxyz=(0.999576,0.000372,0.014826,-0.025066) cmd_deg=(5.23,-12.15) packed_pitch_deg=-12.15 control=true shoot=false
[DEBUG] armors=1, targets=1
[DEBUG] armors=1, targets=1
[DEBUG] armors=1, targets=1
[DEBUG] armors=0, targets=1
[DEBUG] armors=1, targets=1
[DEBUG] armors=0, targets=1
[DEBUG] armors=1, targets=1
[DEBUG] armors=1, targets=1
[DEBUG] armors=1, targets=1
[DEBUG] armors=1, targets=1
[DEBUG] armors=1, targets=1
[DEBUG] armors=1, targets=1
[DEBUG] armors=1, targets=1
[DEBUG] armors=1, targets=1
[DEBUG] armors=1, targets=1
[DEBUG] armors=1, targets=1
[DEBUG] armors=1, targets=1
[DEBUG] armors=1, targets=1
[DEBUG] armors=1, targets=1
[DEBUG] armors=1, targets=1
[2026-09-05 13:35:06.137] [info] [DRYRUN] measured_gimbal=(2.864,0.124,-0.054) measured_world=(2.851,0.271,-0.139) tracked_world=(2.799,0.263,-0.135) target_gimbal_deg=(2.48,-1.09) target_world_deg=(5.42,-2.78) gimbal_deg=(2.94,1.70) armor_y_px=629.5 pixel_error_deg=(-1.77,2.19) ballistic=(range=2.867m holdover=0.551m comp=10.66deg residual=-8.47deg) q_wxyz=(0.999562,0.000379,0.014791,-0.025613) cmd_deg=(5.33,-12.25) packed_pitch_deg=-12.25 control=true shoot=false
[DEBUG] armors=1, targets=1
[DEBUG] armors=1, targets=1
[DEBUG] armors=1, targets=1
[DEBUG] armors=1, targets=1
[DEBUG] armors=1, targets=1
[DEBUG] armors=1, targets=1
[DEBUG] armors=1, targets=1
[DEBUG] armors=1, targets=1
[DEBUG] armors=1, targets=1
[DEBUG] armors=1, targets=1
[DEBUG] armors=1, targets=1
[DEBUG] armors=1, targets=1
[DEBUG] armors=1, targets=1
[DEBUG] armors=1, targets=1
[DEBUG] armors=0, targets=1
[DEBUG] armors=1, targets=1
[DEBUG] armors=1, targets=1
[DEBUG] armors=1, targets=1
[DEBUG] armors=1, targets=1
[2026-09-05 13:35:06.433] [info] [SYNC][XUC] mode=0 yaw=-2.92 deg pitch=1.76 deg feeder_rpm=0.00 wheel0_rpm=0 wheel1_rpm=0 wheel_delta=0 projectile_speed=12.80
[DEBUG] armors=1, targets=1
[2026-09-05 13:35:06.446] [info] [DRYRUN] measured_gimbal=(2.802,0.121,-0.048) measured_world=(2.789,0.264,-0.134) tracked_world=(2.828,0.285,-0.138) target_gimbal_deg=(2.48,-0.98) target_world_deg=(5.41,-2.74) gimbal_deg=(2.92,1.76) armor_y_px=626.3 pixel_error_deg=(-1.78,2.12) ballistic=(range=2.805m holdover=0.534m comp=10.57deg residual=-8.45deg) q_wxyz=(0.999557,0.000392,0.015348,-0.025515) cmd_deg=(5.97,-12.21) packed_pitch_deg=-12.21 control=true shoot=false
[2026-09-05 13:35:06.449] [info] [PERF] 总耗时=15.4ms (检测=12.8ms, 跟踪=0.4ms), FPS=64.9
[2026-09-05 13:35:06.449] [info] 📊 [CAMERA FPS] 瞬时帧率=64.7fps, 平均帧率=65.0fps, 总帧数=2200, 运行时间=33.9s
[DEBUG] armors=1, targets=1
[DEBUG] armors=1, targets=1
[DEBUG] armors=1, targets=1
[DEBUG] armors=1, targets=1
[DEBUG] armors=1, targets=1
[DEBUG] armors=1, targets=1
[DEBUG] armors=1, targets=1
[DEBUG] armors=0, targets=1
[DEBUG] armors=1, targets=1
[DEBUG] armors=1, targets=1
[DEBUG] armors=1, targets=1
[DEBUG] armors=1, targets=1
[DEBUG] armors=1, targets=1
[DEBUG] armors=1, targets=1
[DEBUG] armors=1, targets=1
[DEBUG] armors=1, targets=1
[DEBUG] armors=1, targets=1
[DEBUG] armors=1, targets=1
[DEBUG] armors=1, targets=1
[DEBUG] armors=0, targets=1
[DEBUG] armors=1, targets=1
[DEBUG] armors=1, targets=1
[DEBUG] armors=0, targets=1
[DEBUG] armors=1, targets=1
[DEBUG] armors=1, targets=1
[DEBUG] armors=1, targets=1
[DEBUG] armors=1, targets=1
[DEBUG] armors=1, targets=1
[DEBUG] armors=1, targets=1
[DEBUG] armors=1, targets=1
[DEBUG] armors=1, targets=1
[DEBUG] armors=1, targets=1
[DEBUG] armors=1, targets=1
[DEBUG] armors=1, targets=1
[DEBUG] armors=1, targets=1
[DEBUG] armors=1, targets=1
[DEBUG] armors=1, targets=1
[DEBUG] armors=0, targets=1
[DEBUG] armors=1, targets=1
[DEBUG] armors=0, targets=1
[DEBUG] armors=1, targets=1
[DEBUG] armors=0, targets=1
[DEBUG] armors=1, targets=1
[DEBUG] armors=1, targets=1
[DEBUG] armors=1, targets=1
[DEBUG] armors=1, targets=1
[DEBUG] armors=1, targets=1
[DEBUG] armors=1, targets=1
[DEBUG] armors=1, targets=1
[2026-09-05 13:35:07.207] [info] [SYNC][XUC] mode=0 yaw=-2.78 deg pitch=1.80 deg feeder_rpm=0.00 wheel0_rpm=0 wheel1_rpm=0 wheel_delta=0 projectile_speed=12.80
[DEBUG] armors=1, targets=1
[2026-09-05 13:35:07.222] [info] [PERF] 总耗时=15.3ms (检测=12.5ms, 跟踪=0.5ms), FPS=65.3
[2026-09-05 13:35:07.222] [info] 📊 [CAMERA FPS] 瞬时帧率=65.1fps, 平均帧率=65.0fps, 总帧数=2250, 运行时间=34.6s
[DEBUG] armors=1, targets=1
[DEBUG] armors=1, targets=1
[DEBUG] armors=0, targets=1
[DEBUG] armors=0, targets=1
[DEBUG] armors=0, targets=1
[DEBUG] armors=0, targets=1
[DEBUG] armors=0, targets=1
[DEBUG] armors=0, targets=1
[DEBUG] armors=0, targets=1
[DEBUG] armors=0, targets=1
[DEBUG] armors=0, targets=1
[DEBUG] armors=0, targets=1
[DEBUG] armors=0, targets=1
[DEBUG] armors=0, targets=1
[DEBUG] armors=0, targets=1
[2026-09-05 13:35:07.442] [warning] [XUC][PITCH] visual loss: control stopped, pitch state retained
[DEBUG] armors=0, targets=1
[DEBUG] armors=0, targets=1
[DEBUG] armors=0, targets=1
[DEBUG] armors=0, targets=1
[DEBUG] armors=0, targets=1
[DEBUG] armors=0, targets=1
[DEBUG] armors=0, targets=1
[DEBUG] armors=0, targets=1
[2026-09-05 13:35:07.557] [warning] [XUC][YAW] visual loss: control stopped, yaw state retained
[DEBUG] armors=0, targets=1
[DEBUG] armors=0, targets=1
[DEBUG] armors=0, targets=1
[DEBUG] armors=0, targets=1
[DEBUG] armors=0, targets=1
[DEBUG] armors=0, targets=1
[DEBUG] armors=0, targets=1
[DEBUG] armors=0, targets=1
[DEBUG] armors=0, targets=1
[DEBUG] armors=0, targets=1
[DEBUG] armors=0, targets=1
[DEBUG] armors=0, targets=1
[DEBUG] armors=0, targets=1
[DEBUG] armors=0, targets=1
[DEBUG] armors=0, targets=1
[DEBUG] armors=0, targets=1
[DEBUG] armors=0, targets=1
[DEBUG] armors=0, targets=1
[DEBUG] armors=0, targets=1
[DEBUG] armors=0, targets=1
[DEBUG] armors=0, targets=1
[DEBUG] armors=0, targets=1
[DEBUG] armors=0, targets=1
[DEBUG] armors=0, targets=1
[DEBUG] armors=0, targets=1
[DEBUG] armors=0, targets=1
[2026-09-05 13:35:07.950] [info] [SYNC][XUC] mode=0 yaw=-2.76 deg pitch=1.85 deg feeder_rpm=0.00 wheel0_rpm=20 wheel1_rpm=60 wheel_delta=-40 projectile_speed=12.80
[DEBUG] armors=0, targets=1
[2026-09-05 13:35:07.964] [info] [PERF] 总耗时=14.8ms (检测=12.7ms, 跟踪=0.0ms), FPS=67.4
[2026-09-05 13:35:07.964] [info] 📊 [CAMERA FPS] 瞬时帧率=67.3fps, 平均帧率=65.0fps, 总帧数=2300, 运行时间=35.4s
[DEBUG] armors=0, targets=1
[DEBUG] armors=0, targets=1
[DEBUG] armors=0, targets=1
[DEBUG] armors=0, targets=1
[DEBUG] armors=1, targets=1
[2026-09-05 13:35:08.039] [info] [XUC][YAW] measurement reacquired with continuous slew
[2026-09-05 13:35:08.039] [info] [XUC][PITCH] measurement reacquired with continuous slew
[DEBUG] armors=1, targets=1
[DEBUG] armors=1, targets=1
[DEBUG] armors=1, targets=1
[DEBUG] armors=1, targets=1
[DEBUG] armors=1, targets=1
[DEBUG] armors=1, targets=1
[DEBUG] armors=1, targets=1
[DEBUG] armors=1, targets=1
[DEBUG] armors=1, targets=1
[DEBUG] armors=1, targets=1
[DEBUG] armors=1, targets=1
[DEBUG] armors=1, targets=1
[DEBUG] armors=1, targets=1
[DEBUG] armors=1, targets=1
[DEBUG] armors=0, targets=1
[DEBUG] armors=1, targets=1
[DEBUG] armors=0, targets=1
[DEBUG] armors=1, targets=1
[DEBUG] armors=1, targets=1
[DEBUG] armors=1, targets=1
[DEBUG] armors=0, targets=1
[DEBUG] armors=1, targets=1
[DEBUG] armors=0, targets=1
[DEBUG] armors=1, targets=1
[DEBUG] armors=0, targets=1
[DEBUG] armors=1, targets=1
[DEBUG] armors=0, targets=1
[DEBUG] armors=1, targets=1
[DEBUG] armors=1, targets=1
[DEBUG] armors=1, targets=1
[DEBUG] armors=1, targets=1
[DEBUG] armors=1, targets=1
[DEBUG] armors=1, targets=1
[DEBUG] armors=1, targets=1
[DEBUG] armors=0, targets=1
[DEBUG] armors=1, targets=1
[DEBUG] armors=1, targets=1
[DEBUG] armors=1, targets=1
[DEBUG] armors=1, targets=1
[DEBUG] armors=1, targets=1
[DEBUG] armors=1, targets=1
[DEBUG] armors=1, targets=1
[DEBUG] armors=1, targets=1
[DEBUG] armors=1, targets=1
[2026-09-05 13:35:08.714] [info] [SYNC][XUC] mode=0 yaw=-2.84 deg pitch=1.76 deg feeder_rpm=0.00 wheel0_rpm=0 wheel1_rpm=0 wheel_delta=0 projectile_speed=12.80
[DEBUG] armors=1, targets=1
[2026-09-05 13:35:08.729] [info] [PERF] 总耗时=15.4ms (检测=12.5ms, 跟踪=0.5ms), FPS=65.0
[2026-09-05 13:35:08.729] [info] 📊 [CAMERA FPS] 瞬时帧率=64.9fps, 平均帧率=65.0fps, 总帧数=2350, 运行时间=36.1s
[DEBUG] armors=1, targets=1
[DEBUG] armors=1, targets=1
[DEBUG] armors=1, targets=1
[DEBUG] armors=1, targets=1
[DEBUG] armors=1, targets=1
[DEBUG] armors=1, targets=1
[DEBUG] armors=1, targets=1
[DEBUG] armors=1, targets=1
[DEBUG] armors=1, targets=1
[DEBUG] armors=1, targets=1
[2026-09-05 13:35:08.880] [info] [DRYRUN] measured_gimbal=(2.862,0.128,-0.047) measured_world=(2.849,0.271,-0.136) tracked_world=(2.824,0.272,-0.135) target_gimbal_deg=(2.56,-0.95) target_world_deg=(5.43,-2.73) gimbal_deg=(2.87,1.79) armor_y_px=623.7 pixel_error_deg=(-1.85,2.05) ballistic=(range=2.865m holdover=0.550m comp=10.66deg residual=-8.60deg) q_wxyz=(0.999564,0.000391,0.015584,-0.025059) cmd_deg=(5.46,-12.30) packed_pitch_deg=-12.30 control=true shoot=false
[DEBUG] armors=1, targets=1
[DEBUG] armors=0, targets=1
[DEBUG] armors=0, targets=1
[DEBUG] armors=0, targets=1
[DEBUG] armors=0, targets=1
[DEBUG] armors=0, targets=1
[DEBUG] armors=0, targets=1
[DEBUG] armors=0, targets=1
[DEBUG] armors=0, targets=1
[DEBUG] armors=0, targets=1
[DEBUG] armors=0, targets=1
[DEBUG] armors=1, targets=1
[DEBUG] armors=1, targets=1
[DEBUG] armors=1, targets=1
[DEBUG] armors=1, targets=1
[DEBUG] armors=1, targets=1
[DEBUG] armors=1, targets=1
[DEBUG] armors=1, targets=1
[DEBUG] armors=1, targets=1
[DEBUG] armors=1, targets=1
[2026-09-05 13:35:09.185] [info] [DRYRUN] measured_gimbal=(2.825,0.128,-0.047) measured_world=(2.812,0.268,-0.134) tracked_world=(2.822,0.268,-0.134) target_gimbal_deg=(2.60,-0.96) target_world_deg=(5.44,-2.72) gimbal_deg=(2.84,1.76) armor_y_px=625.0 pixel_error_deg=(-1.89,2.08) ballistic=(range=2.828m holdover=0.541m comp=10.60deg residual=-8.52deg) q_wxyz=(0.999576,0.000381,0.015385,-0.024738) cmd_deg=(5.37,-12.32) packed_pitch_deg=-12.32 control=true shoot=false
[DEBUG] armors=1, targets=1
[DEBUG] armors=1, targets=1
[DEBUG] armors=1, targets=1
[DEBUG] armors=1, targets=1
[DEBUG] armors=1, targets=1
[DEBUG] armors=1, targets=1
[DEBUG] armors=1, targets=1
[DEBUG] armors=1, targets=1
[DEBUG] armors=1, targets=1
[DEBUG] armors=1, targets=1
[DEBUG] armors=1, targets=1
[DEBUG] armors=0, targets=1
[DEBUG] armors=1, targets=1
[DEBUG] armors=1, targets=1
[DEBUG] armors=1, targets=1
[DEBUG] armors=1, targets=1
[DEBUG] armors=1, targets=1
[DEBUG] armors=1, targets=1
[DEBUG] armors=1, targets=1
[2026-09-05 13:35:09.472] [info] [SYNC][XUC] mode=0 yaw=-2.81 deg pitch=1.63 deg feeder_rpm=0.00 wheel0_rpm=0 wheel1_rpm=0 wheel_delta=0 projectile_speed=12.80
[DEBUG] armors=1, targets=1
[2026-09-05 13:35:09.485] [info] [DRYRUN] measured_gimbal=(2.863,0.131,-0.055) measured_world=(2.851,0.272,-0.137) tracked_world=(2.823,0.267,-0.134) target_gimbal_deg=(2.63,-1.10) target_world_deg=(5.44,-2.73) gimbal_deg=(2.81,1.63) armor_y_px=629.9 pixel_error_deg=(-1.91,2.20) ballistic=(range=2.866m holdover=0.551m comp=10.66deg residual=-8.45deg) q_wxyz=(0.999597,0.000350,0.014257,-0.024553) cmd_deg=(5.38,-12.30) packed_pitch_deg=-12.30 control=true shoot=false
[2026-09-05 13:35:09.487] [info] [PERF] 总耗时=14.9ms (检测=12.2ms, 跟踪=0.5ms), FPS=66.9
[2026-09-05 13:35:09.487] [info] 📊 [CAMERA FPS] 瞬时帧率=66.8fps, 平均帧率=65.1fps, 总帧数=2400, 运行时间=36.9s
[DEBUG] armors=1, targets=1
[DEBUG] armors=1, targets=1
[DEBUG] armors=1, targets=1
[DEBUG] armors=1, targets=1
[DEBUG] armors=1, targets=1
[DEBUG] armors=1, targets=1
[DEBUG] armors=1, targets=1
[DEBUG] armors=1, targets=1
[DEBUG] armors=1, targets=1
[DEBUG] armors=1, targets=1
[DEBUG] armors=1, targets=1
[DEBUG] armors=1, targets=1
[DEBUG] armors=1, targets=1
[DEBUG] armors=1, targets=1
[DEBUG] armors=1, targets=1
[DEBUG] armors=1, targets=1
[DEBUG] armors=1, targets=1
[DEBUG] armors=1, targets=1
[DEBUG] armors=1, targets=1
[DEBUG] armors=1, targets=1
[2026-09-05 13:35:09.786] [info] [DRYRUN] measured_gimbal=(2.782,0.124,-0.047) measured_world=(2.770,0.261,-0.130) tracked_world=(2.809,0.266,-0.132) target_gimbal_deg=(2.55,-0.98) target_world_deg=(5.38,-2.69) gimbal_deg=(2.83,1.71) armor_y_px=626.4 pixel_error_deg=(-1.86,2.12) ballistic=(range=2.785m holdover=0.529m comp=10.54deg residual=-8.42deg) q_wxyz=(0.999584,0.000368,0.014919,-0.024682) cmd_deg=(5.40,-12.20) packed_pitch_deg=-12.20 control=true shoot=false
[DEBUG] armors=1, targets=1
[DEBUG] armors=1, targets=1
[DEBUG] armors=1, targets=1
[DEBUG] armors=1, targets=1
[DEBUG] armors=1, targets=1
[DEBUG] armors=1, targets=1
[DEBUG] armors=1, targets=1
[DEBUG] armors=1, targets=1
[DEBUG] armors=1, targets=1
[DEBUG] armors=1, targets=1
[DEBUG] armors=1, targets=1
[DEBUG] armors=1, targets=1
[DEBUG] armors=1, targets=1
[DEBUG] armors=1, targets=1
[DEBUG] armors=1, targets=1
[DEBUG] armors=1, targets=1
[DEBUG] armors=1, targets=1
[DEBUG] armors=1, targets=1
[DEBUG] armors=1, targets=1
[DEBUG] armors=1, targets=1
[2026-09-05 13:35:10.088] [info] [DRYRUN] measured_gimbal=(2.831,0.127,-0.050) measured_world=(2.819,0.266,-0.134) tracked_world=(2.801,0.265,-0.132) target_gimbal_deg=(2.56,-1.00) target_world_deg=(5.39,-2.72) gimbal_deg=(2.83,1.71) armor_y_px=626.7 pixel_error_deg=(-1.88,2.12) ballistic=(range=2.834m holdover=0.542m comp=10.61deg residual=-8.49deg) q_wxyz=(0.999584,0.000369,0.014950,-0.024677) cmd_deg=(5.40,-12.26) packed_pitch_deg=-12.26 control=true shoot=false
[DEBUG] armors=1, targets=1
[DEBUG] armors=1, targets=1
[DEBUG] armors=1, targets=1
[DEBUG] armors=1, targets=1
[DEBUG] armors=1, targets=1
[DEBUG] armors=1, targets=1
[DEBUG] armors=1, targets=1
[DEBUG] armors=1, targets=1
[DEBUG] armors=1, targets=1
[2026-09-05 13:35:10.228] [info] [SYNC][XUC] mode=0 yaw=-2.83 deg pitch=1.70 deg feeder_rpm=0.00 wheel0_rpm=0 wheel1_rpm=0 wheel_delta=0 projectile_speed=12.80
[DEBUG] armors=1, targets=1
[2026-09-05 13:35:10.244] [info] [PERF] 总耗时=15.6ms (检测=12.8ms, 跟踪=0.5ms), FPS=64.0
[2026-09-05 13:35:10.244] [info] 📊 [CAMERA FPS] 瞬时帧率=63.9fps, 平均帧率=65.1fps, 总帧数=2450, 运行时间=37.7s
[DEBUG] armors=1, targets=1
[DEBUG] armors=1, targets=1
[DEBUG] armors=1, targets=1
[DEBUG] armors=1, targets=1
[DEBUG] armors=1, targets=1
[DEBUG] armors=1, targets=1
[DEBUG] armors=1, targets=1
[DEBUG] armors=1, targets=1
[DEBUG] armors=1, targets=1
[DEBUG] armors=1, targets=1
[2026-09-05 13:35:10.395] [info] [DRYRUN] measured_gimbal=(2.871,0.129,-0.053) measured_world=(2.858,0.272,-0.137) tracked_world=(2.826,0.275,-0.135) target_gimbal_deg=(2.58,-1.06) target_world_deg=(5.44,-2.73) gimbal_deg=(2.86,1.67) armor_y_px=628.3 pixel_error_deg=(-1.87,2.17) ballistic=(range=2.874m holdover=0.553m comp=10.67deg residual=-8.50deg) q_wxyz=(0.999583,0.000363,0.014546,-0.024928) cmd_deg=(5.55,-12.30) packed_pitch_deg=-12.30 control=true shoot=false
[DEBUG] armors=1, targets=1
[DEBUG] armors=1, targets=1
[DEBUG] armors=1, targets=1
[DEBUG] armors=1, targets=1
[DEBUG] armors=1, targets=1
[DEBUG] armors=1, targets=1
[DEBUG] armors=1, targets=1
[DEBUG] armors=1, targets=1
[DEBUG] armors=0, targets=1
[DEBUG] armors=0, targets=1
[DEBUG] armors=1, targets=1
[DEBUG] armors=1, targets=1
[DEBUG] armors=0, targets=1
[DEBUG] armors=0, targets=1
[DEBUG] armors=1, targets=1
[DEBUG] armors=0, targets=1
[DEBUG] armors=1, targets=1
[DEBUG] armors=1, targets=1
[DEBUG] armors=1, targets=1
[DEBUG] armors=1, targets=1
[2026-09-05 13:35:10.700] [info] [DRYRUN] measured_gimbal=(2.838,0.127,-0.053) measured_world=(2.825,0.270,-0.134) tracked_world=(2.828,0.269,-0.135) target_gimbal_deg=(2.56,-1.07) target_world_deg=(5.45,-2.71) gimbal_deg=(2.88,1.64) armor_y_px=629.4 pixel_error_deg=(-1.87,2.19) ballistic=(range=2.841m holdover=0.544m comp=10.62deg residual=-8.43deg) q_wxyz=(0.999581,0.000359,0.014276,-0.025160) cmd_deg=(5.38,-12.26) packed_pitch_deg=-12.26 control=true shoot=false
[DEBUG] armors=1, targets=1
[DEBUG] armors=1, targets=1
[DEBUG] armors=1, targets=1
[DEBUG] armors=1, targets=1
[DEBUG] armors=1, targets=1
[DEBUG] armors=1, targets=1
[DEBUG] armors=1, targets=1
[DEBUG] armors=1, targets=1
[DEBUG] armors=1, targets=1
[DEBUG] armors=1, targets=1
[DEBUG] armors=1, targets=1
[DEBUG] armors=1, targets=1
[DEBUG] armors=1, targets=1
[DEBUG] armors=1, targets=1
[DEBUG] armors=0, targets=1
[DEBUG] armors=1, targets=1
[DEBUG] armors=0, targets=1
[DEBUG] armors=0, targets=1
[DEBUG] armors=1, targets=1
[2026-09-05 13:35:10.996] [info] [SYNC][XUC] mode=0 yaw=-2.86 deg pitch=1.71 deg feeder_rpm=0.00 wheel0_rpm=0 wheel1_rpm=0 wheel_delta=0 projectile_speed=12.80
[DEBUG] armors=1, targets=1
[2026-09-05 13:35:11.009] [info] [DRYRUN] measured_gimbal=(2.811,0.126,-0.049) measured_world=(2.799,0.265,-0.133) tracked_world=(2.837,0.293,-0.135) target_gimbal_deg=(2.56,-1.00) target_world_deg=(5.42,-2.70) gimbal_deg=(2.86,1.71) armor_y_px=626.7 pixel_error_deg=(-1.86,2.13) ballistic=(range=2.814m holdover=0.537m comp=10.58deg residual=-8.46deg) q_wxyz=(0.999578,0.000372,0.014910,-0.024919) cmd_deg=(6.16,-12.22) packed_pitch_deg=-12.22 control=true shoot=false
[2026-09-05 13:35:11.012] [info] [PERF] 总耗时=15.9ms (检测=13.0ms, 跟踪=0.5ms), FPS=62.9
[2026-09-05 13:35:11.012] [info] 📊 [CAMERA FPS] 瞬时帧率=62.8fps, 平均帧率=65.1fps, 总帧数=2500, 运行时间=38.4s
[DEBUG] armors=1, targets=1
[DEBUG] armors=1, targets=1
[DEBUG] armors=1, targets=1
[DEBUG] armors=1, targets=1
[DEBUG] armors=1, targets=1
[DEBUG] armors=1, targets=1
[DEBUG] armors=1, targets=1
[DEBUG] armors=1, targets=1
[DEBUG] armors=1, targets=1
[DEBUG] armors=1, targets=1
[DEBUG] armors=1, targets=1
[DEBUG] armors=1, targets=1
[DEBUG] armors=1, targets=1
[DEBUG] armors=1, targets=1
[DEBUG] armors=1, targets=1
[DEBUG] armors=1, targets=1
[DEBUG] armors=1, targets=1
[DEBUG] armors=1, targets=1
[DEBUG] armors=0, targets=1
[DEBUG] armors=1, targets=1
[2026-09-05 13:35:11.318] [info] [DRYRUN] measured_gimbal=(2.790,0.125,-0.048) measured_world=(2.777,0.263,-0.131) tracked_world=(2.846,0.289,-0.135) target_gimbal_deg=(2.56,-0.99) target_world_deg=(5.40,-2.70) gimbal_deg=(2.84,1.71) armor_y_px=626.6 pixel_error_deg=(-1.86,2.12) ballistic=(range=2.792m holdover=0.531m comp=10.55deg residual=-8.43deg) q_wxyz=(0.999580,0.000371,0.014944,-0.024820) cmd_deg=(5.83,-12.20) packed_pitch_deg=-12.20 control=true shoot=false
[DEBUG] armors=1, targets=1
[DEBUG] armors=1, targets=1
[DEBUG] armors=1, targets=1
[DEBUG] armors=1, targets=1
[DEBUG] armors=0, targets=1
[DEBUG] armors=1, targets=1
[DEBUG] armors=1, targets=1
[DEBUG] armors=1, targets=1
[DEBUG] armors=1, targets=1
[DEBUG] armors=1, targets=1
[DEBUG] armors=1, targets=1
[DEBUG] armors=1, targets=1
[DEBUG] armors=0, targets=1
[DEBUG] armors=1, targets=1
[DEBUG] armors=1, targets=1
[DEBUG] armors=1, targets=1
[DEBUG] armors=1, targets=1
[DEBUG] armors=1, targets=1
[DEBUG] armors=1, targets=1
[DEBUG] armors=1, targets=1
[2026-09-05 13:35:11.629] [info] [DRYRUN] measured_gimbal=(2.815,0.127,-0.049) measured_world=(2.802,0.266,-0.133) tracked_world=(2.823,0.267,-0.134) target_gimbal_deg=(2.57,-0.99) target_world_deg=(5.42,-2.70) gimbal_deg=(2.84,1.71) armor_y_px=626.4 pixel_error_deg=(-1.87,2.12) ballistic=(range=2.818m holdover=0.538m comp=10.59deg residual=-8.47deg) q_wxyz=(0.999582,0.000369,0.014909,-0.024762) cmd_deg=(5.24,-12.27) packed_pitch_deg=-12.27 control=true shoot=false
[DEBUG] armors=1, targets=1
[DEBUG] armors=1, targets=1
[DEBUG] armors=1, targets=1
[DEBUG] armors=1, targets=1
[DEBUG] armors=1, targets=1
[DEBUG] armors=1, targets=1
[DEBUG] armors=1, targets=1
[DEBUG] armors=1, targets=1
[DEBUG] armors=1, targets=1
[2026-09-05 13:35:11.770] [info] [SYNC][XUC] mode=0 yaw=-2.84 deg pitch=1.70 deg feeder_rpm=0.00 wheel0_rpm=0 wheel1_rpm=0 wheel_delta=0 projectile_speed=12.80
[DEBUG] armors=1, targets=1
[2026-09-05 13:35:11.785] [info] [PERF] 总耗时=15.0ms (检测=12.2ms, 跟踪=0.5ms), FPS=66.5
[2026-09-05 13:35:11.785] [info] 📊 [CAMERA FPS] 瞬时帧率=66.4fps, 平均帧率=65.1fps, 总帧数=2550, 运行时间=39.2s
[DEBUG] armors=1, targets=1
[DEBUG] armors=1, targets=1
[DEBUG] armors=1, targets=1
[DEBUG] armors=1, targets=1
[DEBUG] armors=1, targets=1
[DEBUG] armors=1, targets=1
[DEBUG] armors=1, targets=1
[DEBUG] armors=1, targets=1
[DEBUG] armors=1, targets=1
[DEBUG] armors=1, targets=1
[2026-09-05 13:35:11.938] [info] [DRYRUN] measured_gimbal=(2.788,0.125,-0.048) measured_world=(2.776,0.263,-0.131) tracked_world=(2.803,0.262,-0.132) target_gimbal_deg=(2.56,-0.98) target_world_deg=(5.41,-2.69) gimbal_deg=(2.85,1.71) armor_y_px=626.6 pixel_error_deg=(-1.86,2.12) ballistic=(range=2.791m holdover=0.531m comp=10.55deg residual=-8.42deg) q_wxyz=(0.999581,0.000369,0.014875,-0.024829) cmd_deg=(5.26,-12.21) packed_pitch_deg=-12.21 control=true shoot=false
[DEBUG] armors=1, targets=1
[DEBUG] armors=1, targets=1
[DEBUG] armors=1, targets=1
[DEBUG] armors=1, targets=1
[DEBUG] armors=1, targets=1
[DEBUG] armors=1, targets=1
[DEBUG] armors=1, targets=1
[DEBUG] armors=1, targets=1
[DEBUG] armors=1, targets=1
[DEBUG] armors=1, targets=1
[DEBUG] armors=1, targets=1
[DEBUG] armors=1, targets=1
[DEBUG] armors=1, targets=1
[DEBUG] armors=0, targets=1
[DEBUG] armors=1, targets=1
[DEBUG] armors=1, targets=1
[DEBUG] armors=1, targets=1
[DEBUG] armors=1, targets=1
[DEBUG] armors=1, targets=1
[DEBUG] armors=1, targets=1
[2026-09-05 13:35:12.243] [info] [DRYRUN] measured_gimbal=(2.836,0.128,-0.050) measured_world=(2.823,0.269,-0.134) tracked_world=(2.823,0.292,-0.134) target_gimbal_deg=(2.59,-1.01) target_world_deg=(5.44,-2.71) gimbal_deg=(2.85,1.70) armor_y_px=626.8 pixel_error_deg=(-1.87,2.13) ballistic=(range=2.839m holdover=0.543m comp=10.62deg residual=-8.49deg) q_wxyz=(0.999581,0.000368,0.014789,-0.024883) cmd_deg=(6.30,-12.26) packed_pitch_deg=-12.26 control=true shoot=false
[DEBUG] armors=1, targets=1
[DEBUG] armors=1, targets=1
[DEBUG] armors=1, targets=1
[DEBUG] armors=1, targets=1
[DEBUG] armors=1, targets=1
[DEBUG] armors=1, targets=1
[DEBUG] armors=1, targets=1
[DEBUG] armors=1, targets=1
[DEBUG] armors=1, targets=1
[DEBUG] armors=0, targets=1
[DEBUG] armors=1, targets=1
[DEBUG] armors=1, targets=1
[DEBUG] armors=0, targets=1
[DEBUG] armors=1, targets=1
[DEBUG] armors=1, targets=1
[DEBUG] armors=1, targets=1
[DEBUG] armors=0, targets=1
[DEBUG] armors=1, targets=1
[DEBUG] armors=1, targets=1
[2026-09-05 13:35:12.535] [info] [SYNC][XUC] mode=0 yaw=-2.81 deg pitch=1.88 deg feeder_rpm=0.00 wheel0_rpm=0 wheel1_rpm=0 wheel_delta=0 projectile_speed=12.80
[DEBUG] armors=1, targets=1
[2026-09-05 13:35:12.548] [info] [DRYRUN] measured_gimbal=(2.766,0.126,-0.038) measured_world=(2.754,0.262,-0.128) tracked_world=(2.838,0.291,-0.134) target_gimbal_deg=(2.62,-0.78) target_world_deg=(5.43,-2.65) gimbal_deg=(2.81,1.88) armor_y_px=618.7 pixel_error_deg=(-1.93,1.93) ballistic=(range=2.769m holdover=0.525m comp=10.52deg residual=-8.59deg) q_wxyz=(0.999566,0.000401,0.016359,-0.024491) cmd_deg=(5.93,-12.33) packed_pitch_deg=-12.33 control=true shoot=false
[2026-09-05 13:35:12.550] [info] [PERF] 总耗时=15.7ms (检测=12.9ms, 跟踪=0.4ms), FPS=63.7
[2026-09-05 13:35:12.551] [info] 📊 [CAMERA FPS] 瞬时帧率=61.4fps, 平均帧率=65.1fps, 总帧数=2600, 运行时间=40.0s
[DEBUG] armors=1, targets=1
[DEBUG] armors=1, targets=1
[DEBUG] armors=1, targets=1
[DEBUG] armors=1, targets=1
[DEBUG] armors=1, targets=1
[DEBUG] armors=1, targets=1
[DEBUG] armors=1, targets=1
[DEBUG] armors=1, targets=1
[DEBUG] armors=1, targets=1
[DEBUG] armors=1, targets=1
[DEBUG] armors=1, targets=1
[DEBUG] armors=1, targets=1
[DEBUG] armors=1, targets=1
[DEBUG] armors=1, targets=1
[DEBUG] armors=1, targets=1
[DEBUG] armors=0, targets=1
[DEBUG] armors=0, targets=1
[DEBUG] armors=1, targets=1
[DEBUG] armors=1, targets=1
[DEBUG] armors=1, targets=1
[2026-09-05 13:35:12.855] [info] [DRYRUN] measured_gimbal=(2.796,0.128,-0.037) measured_world=(2.784,0.264,-0.130) tracked_world=(2.807,0.267,-0.131) target_gimbal_deg=(2.63,-0.76) target_world_deg=(5.43,-2.67) gimbal_deg=(2.80,1.90) armor_y_px=617.5 pixel_error_deg=(-1.93,1.90) ballistic=(range=2.799m holdover=0.533m comp=10.56deg residual=-8.66deg) q_wxyz=(0.999564,0.000405,0.016603,-0.024406) cmd_deg=(5.27,-12.36) packed_pitch_deg=-12.36 control=true shoot=false
[DEBUG] armors=1, targets=1
[DEBUG] armors=1, targets=1
[DEBUG] armors=1, targets=1
[DEBUG] armors=1, targets=1
[DEBUG] armors=1, targets=1
[DEBUG] armors=1, targets=1
[DEBUG] armors=1, targets=1
[DEBUG] armors=1, targets=1
[DEBUG] armors=1, targets=1
[DEBUG] armors=1, targets=1
[DEBUG] armors=1, targets=1
[DEBUG] armors=1, targets=1
[DEBUG] armors=1, targets=1
[DEBUG] armors=1, targets=1
[DEBUG] armors=1, targets=1
[DEBUG] armors=1, targets=1
[DEBUG] armors=1, targets=1
[DEBUG] armors=1, targets=1
[DEBUG] armors=1, targets=1
[DEBUG] armors=1, targets=1
[2026-09-05 13:35:13.164] [info] [DRYRUN] measured_gimbal=(2.868,0.130,-0.054) measured_world=(2.855,0.273,-0.137) tracked_world=(2.844,0.288,-0.137) target_gimbal_deg=(2.61,-1.08) target_world_deg=(5.46,-2.73) gimbal_deg=(2.85,1.65) armor_y_px=629.2 pixel_error_deg=(-1.89,2.19) ballistic=(range=2.871m holdover=0.552m comp=10.66deg residual=-8.48deg) q_wxyz=(0.999586,0.000359,0.014402,-0.024892) cmd_deg=(5.96,-12.28) packed_pitch_deg=-12.28 control=true shoot=false
[DEBUG] armors=1, targets=1
[DEBUG] armors=1, targets=1
[DEBUG] armors=1, targets=1
[DEBUG] armors=1, targets=1
[DEBUG] armors=1, targets=1
[DEBUG] armors=1, targets=1
[DEBUG] armors=1, targets=1
[DEBUG] armors=1, targets=1
[DEBUG] armors=1, targets=1
[2026-09-05 13:35:13.302] [info] [SYNC][XUC] mode=0 yaw=-2.84 deg pitch=1.77 deg feeder_rpm=0.00 wheel0_rpm=0 wheel1_rpm=0 wheel_delta=0 projectile_speed=12.80
[DEBUG] armors=1, targets=1
[2026-09-05 13:35:13.318] [info] [PERF] 总耗时=15.5ms (检测=12.6ms, 跟踪=0.5ms), FPS=64.7
[2026-09-05 13:35:13.318] [info] 📊 [CAMERA FPS] 瞬时帧率=64.5fps, 平均帧率=65.1fps, 总帧数=2650, 运行时间=40.7s
[DEBUG] armors=1, targets=1
[DEBUG] armors=1, targets=1
[DEBUG] armors=1, targets=1
[DEBUG] armors=1, targets=1
[DEBUG] armors=1, targets=1
[DEBUG] armors=0, targets=1
[DEBUG] armors=1, targets=1
[DEBUG] armors=1, targets=1
[DEBUG] armors=1, targets=1
[DEBUG] armors=1, targets=1
[2026-09-05 13:35:13.472] [info] [DRYRUN] measured_gimbal=(2.800,0.130,-0.037) measured_world=(2.787,0.266,-0.131) tracked_world=(2.829,0.272,-0.135) target_gimbal_deg=(2.66,-0.75) target_world_deg=(5.45,-2.68) gimbal_deg=(2.79,1.94) armor_y_px=616.7 pixel_error_deg=(-1.96,1.88) ballistic=(range=2.803m holdover=0.534m comp=10.57deg residual=-8.69deg) q_wxyz=(0.999562,0.000411,0.016897,-0.024307) cmd_deg=(5.42,-12.37) packed_pitch_deg=-12.37 control=true shoot=false
[DEBUG] armors=1, targets=1
[DEBUG] armors=1, targets=1
[DEBUG] armors=1, targets=1
[DEBUG] armors=1, targets=1
[DEBUG] armors=1, targets=1
[DEBUG] armors=1, targets=1
[DEBUG] armors=1, targets=1
[DEBUG] armors=1, targets=1
[DEBUG] armors=1, targets=1
[DEBUG] armors=1, targets=1
[DEBUG] armors=1, targets=1
[DEBUG] armors=1, targets=1
[DEBUG] armors=1, targets=1
[DEBUG] armors=1, targets=1
[DEBUG] armors=1, targets=1
[DEBUG] armors=1, targets=1
[DEBUG] armors=1, targets=1
[DEBUG] armors=1, targets=1
[DEBUG] armors=1, targets=1
[DEBUG] armors=1, targets=1
[2026-09-05 13:35:13.783] [info] [DRYRUN] measured_gimbal=(2.821,0.132,-0.033) measured_world=(2.808,0.268,-0.133) tracked_world=(2.797,0.265,-0.131) target_gimbal_deg=(2.67,-0.66) target_world_deg=(5.44,-2.70) gimbal_deg=(2.77,2.04) armor_y_px=612.8 pixel_error_deg=(-1.97,1.79) ballistic=(range=2.824m holdover=0.540m comp=10.60deg residual=-8.81deg) q_wxyz=(0.999549,0.000430,0.017814,-0.024154) cmd_deg=(5.34,-12.47) packed_pitch_deg=-12.47 control=true shoot=false
[DEBUG] armors=1, targets=1
[DEBUG] armors=1, targets=1
[DEBUG] armors=1, targets=1
[DEBUG] armors=1, targets=1
[DEBUG] armors=0, targets=1
[DEBUG] armors=1, targets=1
[DEBUG] armors=0, targets=1
[DEBUG] armors=0, targets=1
[DEBUG] armors=0, targets=1
[DEBUG] armors=1, targets=1
[DEBUG] armors=1, targets=1
[DEBUG] armors=0, targets=1
[DEBUG] armors=0, targets=1
[DEBUG] armors=0, targets=1
[DEBUG] armors=0, targets=1
[DEBUG] armors=0, targets=1
[DEBUG] armors=0, targets=1
[DEBUG] armors=0, targets=1
[DEBUG] armors=1, targets=1
[2026-09-05 13:35:14.076] [info] [SYNC][XUC] mode=0 yaw=-2.70 deg pitch=2.09 deg feeder_rpm=0.00 wheel0_rpm=0 wheel1_rpm=0 wheel_delta=0 projectile_speed=12.80
[DEBUG] armors=0, targets=1
[2026-09-05 13:35:14.092] [info] [PERF] 总耗时=15.5ms (检测=13.1ms, 跟踪=0.0ms), FPS=64.5
[2026-09-05 13:35:14.092] [info] 📊 [CAMERA FPS] 瞬时帧率=64.4fps, 平均帧率=65.1fps, 总帧数=2700, 运行时间=41.5s
[DEBUG] armors=1, targets=1
[DEBUG] armors=1, targets=1
[DEBUG] armors=0, targets=1
[DEBUG] armors=0, targets=1
[DEBUG] armors=1, targets=1
[DEBUG] armors=1, targets=1
[DEBUG] armors=1, targets=1
[DEBUG] armors=1, targets=1
[DEBUG] armors=1, targets=1
[DEBUG] armors=1, targets=1
[DEBUG] armors=0, targets=1
[DEBUG] armors=1, targets=1
[DEBUG] armors=1, targets=1
[DEBUG] armors=1, targets=1
[DEBUG] armors=0, targets=1
[DEBUG] armors=0, targets=1
[DEBUG] armors=1, targets=1
[DEBUG] armors=0, targets=1
[DEBUG] armors=1, targets=1
[DEBUG] armors=1, targets=1
[2026-09-05 13:35:14.396] [info] [DRYRUN] measured_gimbal=(2.919,0.259,-0.037) measured_world=(2.914,0.280,-0.138) tracked_world=(2.831,0.272,-0.132) target_gimbal_deg=(5.06,-0.72) target_world_deg=(5.49,-2.70) gimbal_deg=(0.42,1.99) armor_y_px=613.5 pixel_error_deg=(-4.34,1.80) ballistic=(range=2.930m holdover=0.568m comp=10.76deg residual=-8.95deg) q_wxyz=(0.999843,0.000063,0.017340,-0.003624) cmd_deg=(5.55,-12.68) packed_pitch_deg=-12.68 control=true shoot=false
[DEBUG] armors=1, targets=1
[DEBUG] armors=0, targets=1
[DEBUG] armors=1, targets=1
[DEBUG] armors=0, targets=1
[DEBUG] armors=0, targets=1
[DEBUG] armors=1, targets=1
[DEBUG] armors=1, targets=1
[DEBUG] armors=1, targets=1
[DEBUG] armors=1, targets=1
[DEBUG] armors=1, targets=1
[DEBUG] armors=0, targets=1
[DEBUG] armors=1, targets=1
[DEBUG] armors=1, targets=1
[DEBUG] armors=1, targets=1
[DEBUG] armors=1, targets=1
[DEBUG] armors=1, targets=1
[DEBUG] armors=1, targets=1
[DEBUG] armors=1, targets=1
[DEBUG] armors=1, targets=1
[DEBUG] armors=1, targets=1
[2026-09-05 13:35:14.705] [info] [DRYRUN] measured_gimbal=(2.896,0.281,-0.057) measured_world=(2.894,0.276,-0.139) tracked_world=(2.859,0.273,-0.136) target_gimbal_deg=(5.54,-1.12) target_world_deg=(5.45,-2.73) gimbal_deg=(-0.09,1.62) armor_y_px=630.3 pixel_error_deg=(-4.82,2.21) ballistic=(range=2.910m holdover=0.562m comp=10.72deg residual=-8.51deg) q_wxyz=(0.999899,-0.000012,0.014166,0.000816) cmd_deg=(5.45,-12.43) packed_pitch_deg=-12.43 control=true shoot=false
[DEBUG] armors=1, targets=1
[DEBUG] armors=1, targets=1
[DEBUG] armors=1, targets=1
[DEBUG] armors=1, targets=1
[DEBUG] armors=1, targets=1
[DEBUG] armors=1, targets=1
[DEBUG] armors=1, targets=1
[DEBUG] armors=1, targets=1
[DEBUG] armors=1, targets=1
[2026-09-05 13:35:14.845] [info] [SYNC][XUC] mode=0 yaw=0.08 deg pitch=1.62 deg feeder_rpm=0.00 wheel0_rpm=0 wheel1_rpm=0 wheel_delta=0 projectile_speed=12.80
[DEBUG] armors=1, targets=1
[2026-09-05 13:35:14.860] [info] [PERF] 总耗时=14.8ms (检测=12.1ms, 跟踪=0.5ms), FPS=67.6
[2026-09-05 13:35:14.860] [info] 📊 [CAMERA FPS] 瞬时帧率=67.5fps, 平均帧率=65.1fps, 总帧数=2750, 运行时间=42.3s
[DEBUG] armors=1, targets=1
[DEBUG] armors=1, targets=1
[DEBUG] armors=1, targets=1
[DEBUG] armors=1, targets=1
[DEBUG] armors=1, targets=1
[DEBUG] armors=1, targets=1
[DEBUG] armors=1, targets=1
[DEBUG] armors=1, targets=1
[DEBUG] armors=1, targets=1
[DEBUG] armors=1, targets=1
[2026-09-05 13:35:15.009] [info] [DRYRUN] measured_gimbal=(2.872,0.278,-0.045) measured_world=(2.870,0.273,-0.138) tracked_world=(2.898,0.276,-0.141) target_gimbal_deg=(5.53,-0.89) target_world_deg=(5.44,-2.74) gimbal_deg=(-0.09,1.86) armor_y_px=621.4 pixel_error_deg=(-4.82,2.00) ballistic=(range=2.886m holdover=0.556m comp=10.69deg residual=-8.69deg) q_wxyz=(0.999868,-0.000013,0.016234,0.000823) cmd_deg=(5.44,-12.45) packed_pitch_deg=-12.45 control=true shoot=false
[DEBUG] armors=1, targets=1
[DEBUG] armors=1, targets=1
[DEBUG] armors=0, targets=1
[DEBUG] armors=0, targets=1
[DEBUG] armors=1, targets=1
[DEBUG] armors=1, targets=1
[DEBUG] armors=0, targets=1
[DEBUG] armors=1, targets=1
[DEBUG] armors=0, targets=1
[DEBUG] armors=1, targets=1
[DEBUG] armors=1, targets=1
[DEBUG] armors=0, targets=1
[DEBUG] armors=0, targets=1
[DEBUG] armors=1, targets=1
[DEBUG] armors=0, targets=1
[DEBUG] armors=0, targets=1
[DEBUG] armors=0, targets=1
[DEBUG] armors=1, targets=1
[DEBUG] armors=0, targets=1
[DEBUG] armors=0, targets=1
[DEBUG] armors=1, targets=1
[DEBUG] armors=1, targets=1
[DEBUG] armors=1, targets=1
[DEBUG] armors=1, targets=1
[DEBUG] armors=1, targets=1
[DEBUG] armors=1, targets=1
[DEBUG] armors=1, targets=1
[DEBUG] armors=1, targets=1
[DEBUG] armors=1, targets=1
[DEBUG] armors=1, targets=1
[DEBUG] armors=1, targets=1
[DEBUG] armors=1, targets=1
[DEBUG] armors=1, targets=1
[DEBUG] armors=1, targets=1
[DEBUG] armors=1, targets=1
[DEBUG] armors=1, targets=1
[DEBUG] armors=1, targets=1
[DEBUG] armors=1, targets=1
[DEBUG] armors=1, targets=1
[2026-09-05 13:35:15.603] [info] [SYNC][XUC] mode=0 yaw=0.97 deg pitch=2.19 deg feeder_rpm=0.00 wheel0_rpm=20 wheel1_rpm=0 wheel_delta=20 projectile_speed=12.80
[DEBUG] armors=1, targets=1
[2026-09-05 13:35:15.616] [info] [DRYRUN] measured_gimbal=(2.832,0.322,-0.030) measured_world=(2.834,0.274,-0.138) tracked_world=(2.875,0.279,-0.140) target_gimbal_deg=(6.49,-0.60) target_world_deg=(5.53,-2.78) gimbal_deg=(-0.97,2.19) armor_y_px=610.2 pixel_error_deg=(-5.81,1.72) ballistic=(range=2.850m holdover=0.547m comp=10.64deg residual=-8.92deg) q_wxyz=(0.999782,-0.000161,0.019122,0.008433) cmd_deg=(5.58,-12.51) packed_pitch_deg=-12.51 control=true shoot=false
[2026-09-05 13:35:15.618] [info] [PERF] 总耗时=15.4ms (检测=12.4ms, 跟踪=0.5ms), FPS=64.8
[2026-09-05 13:35:15.618] [info] 📊 [CAMERA FPS] 瞬时帧率=64.6fps, 平均帧率=65.1fps, 总帧数=2800, 运行时间=43.0s
[DEBUG] armors=1, targets=1
[DEBUG] armors=1, targets=1
[DEBUG] armors=1, targets=1
[DEBUG] armors=1, targets=1
[DEBUG] armors=1, targets=1
[DEBUG] armors=1, targets=1
[DEBUG] armors=1, targets=1
[DEBUG] armors=1, targets=1
[DEBUG] armors=0, targets=1
[DEBUG] armors=1, targets=1
[DEBUG] armors=1, targets=1
[DEBUG] armors=1, targets=1
[DEBUG] armors=1, targets=1
[DEBUG] armors=1, targets=1
[DEBUG] armors=1, targets=1
[DEBUG] armors=1, targets=1
[DEBUG] armors=1, targets=1
[DEBUG] armors=1, targets=1
[DEBUG] armors=1, targets=1
[DEBUG] armors=1, targets=1
[2026-09-05 13:35:15.918] [info] [DRYRUN] measured_gimbal=(2.849,0.317,-0.067) measured_world=(2.851,0.274,-0.139) tracked_world=(2.872,0.284,-0.141) target_gimbal_deg=(6.35,-1.34) target_world_deg=(5.49,-2.77) gimbal_deg=(-0.86,1.44) armor_y_px=640.3 pixel_error_deg=(-5.64,2.46) ballistic=(range=2.866m holdover=0.550m comp=10.65deg residual=-8.20deg) q_wxyz=(0.999893,-0.000095,0.012557,0.007537) cmd_deg=(5.66,-12.12) packed_pitch_deg=-12.12 control=true shoot=false
[DEBUG] armors=1, targets=1
[DEBUG] armors=1, targets=1
[DEBUG] armors=1, targets=1
[DEBUG] armors=1, targets=1
[DEBUG] armors=1, targets=1
[DEBUG] armors=1, targets=1
[DEBUG] armors=1, targets=1
[DEBUG] armors=1, targets=1
[DEBUG] armors=0, targets=1
[DEBUG] armors=0, targets=1
[DEBUG] armors=1, targets=1
[DEBUG] armors=1, targets=1
[DEBUG] armors=1, targets=1
[DEBUG] armors=1, targets=1
[DEBUG] armors=1, targets=1
[DEBUG] armors=1, targets=1
[DEBUG] armors=0, targets=1
[DEBUG] armors=0, targets=1
[DEBUG] armors=0, targets=1
[DEBUG] armors=0, targets=1
[DEBUG] armors=0, targets=1
[DEBUG] armors=0, targets=1
[DEBUG] armors=0, targets=1
[DEBUG] armors=0, targets=1
[DEBUG] armors=1, targets=1
[DEBUG] armors=1, targets=1
[DEBUG] armors=1, targets=1
[DEBUG] armors=1, targets=1
[DEBUG] armors=1, targets=1
[2026-09-05 13:35:16.358] [info] [SYNC][XUC] mode=0 yaw=0.95 deg pitch=2.14 deg feeder_rpm=0.00 wheel0_rpm=0 wheel1_rpm=0 wheel_delta=0 projectile_speed=12.80
[DEBUG] armors=1, targets=1
[2026-09-05 13:35:16.374] [info] [PERF] 总耗时=15.4ms (检测=12.7ms, 跟踪=0.5ms), FPS=64.8
[2026-09-05 13:35:16.374] [info] 📊 [CAMERA FPS] 瞬时帧率=64.6fps, 平均帧率=65.1fps, 总帧数=2850, 运行时间=43.8s
[DEBUG] armors=1, targets=1
[DEBUG] armors=1, targets=1
[DEBUG] armors=1, targets=1
[DEBUG] armors=1, targets=1
[DEBUG] armors=1, targets=1
[DEBUG] armors=1, targets=1
[DEBUG] armors=1, targets=1
[DEBUG] armors=1, targets=1
[DEBUG] armors=1, targets=1
[DEBUG] armors=1, targets=1
[2026-09-05 13:35:16.528] [info] [DRYRUN] measured_gimbal=(2.862,0.322,-0.026) measured_world=(2.864,0.274,-0.138) tracked_world=(2.869,0.272,-0.138) target_gimbal_deg=(6.43,-0.52) target_world_deg=(5.47,-2.75) gimbal_deg=(-0.97,2.24) armor_y_px=606.4 pixel_error_deg=(-5.72,1.63) ballistic=(range=2.880m holdover=0.555m comp=10.69deg residual=-9.06deg) q_wxyz=(0.999773,-0.000165,0.019574,0.008430) cmd_deg=(5.38,-12.70) packed_pitch_deg=-12.70 control=true shoot=false
[DEBUG] armors=1, targets=1
[DEBUG] armors=1, targets=1
[DEBUG] armors=1, targets=1
[DEBUG] armors=1, targets=1
[DEBUG] armors=1, targets=1
[DEBUG] armors=1, targets=1
[DEBUG] armors=1, targets=1
[DEBUG] armors=1, targets=1
[DEBUG] armors=1, targets=1
[DEBUG] armors=1, targets=1
[DEBUG] armors=1, targets=1
[DEBUG] armors=1, targets=1
[DEBUG] armors=1, targets=1
[DEBUG] armors=1, targets=1
[DEBUG] armors=1, targets=1
[DEBUG] armors=1, targets=1
[DEBUG] armors=1, targets=1
[DEBUG] armors=1, targets=1
[DEBUG] armors=1, targets=1
[DEBUG] armors=1, targets=1
[2026-09-05 13:35:16.837] [info] [DRYRUN] measured_gimbal=(2.848,0.329,-0.025) measured_world=(2.850,0.277,-0.136) tracked_world=(2.845,0.274,-0.136) target_gimbal_deg=(6.59,-0.50) target_world_deg=(5.55,-2.72) gimbal_deg=(-1.05,2.24) armor_y_px=605.8 pixel_error_deg=(-5.89,1.61) ballistic=(range=2.867m holdover=0.551m comp=10.67deg residual=-9.05deg) q_wxyz=(0.999767,-0.000179,0.019534,0.009157) cmd_deg=(5.54,-12.72) packed_pitch_deg=-12.72 control=true shoot=false
[DEBUG] armors=1, targets=1
[DEBUG] armors=1, targets=1
[DEBUG] armors=1, targets=1
[DEBUG] armors=1, targets=1
[DEBUG] armors=1, targets=1
[DEBUG] armors=1, targets=1
[DEBUG] armors=1, targets=1
[DEBUG] armors=1, targets=1
[DEBUG] armors=1, targets=1
[DEBUG] armors=1, targets=1
[DEBUG] armors=1, targets=1
[DEBUG] armors=1, targets=1
[DEBUG] armors=1, targets=1
[DEBUG] armors=1, targets=1
[DEBUG] armors=1, targets=1
[DEBUG] armors=1, targets=1
[DEBUG] armors=1, targets=1
[DEBUG] armors=1, targets=1
[DEBUG] armors=1, targets=1
[2026-09-05 13:35:17.133] [info] [SYNC][XUC] mode=0 yaw=1.44 deg pitch=2.16 deg feeder_rpm=0.00 wheel0_rpm=0 wheel1_rpm=0 wheel_delta=0 projectile_speed=12.80
[DEBUG] armors=1, targets=1
[2026-09-05 13:35:17.146] [info] [DRYRUN] measured_gimbal=(2.880,0.354,-0.031) measured_world=(2.885,0.282,-0.140) tracked_world=(2.850,0.279,-0.137) target_gimbal_deg=(7.01,-0.62) target_world_deg=(5.57,-2.76) gimbal_deg=(-1.44,2.16) armor_y_px=610.0 pixel_error_deg=(-6.30,1.72) ballistic=(range=2.902m holdover=0.561m comp=10.72deg residual=-9.00deg) q_wxyz=(0.999743,-0.000238,0.018855,0.012603) cmd_deg=(5.64,-12.68) packed_pitch_deg=-12.68 control=true shoot=false
[2026-09-05 13:35:17.148] [info] [PERF] 总耗时=15.5ms (检测=12.9ms, 跟踪=0.4ms), FPS=64.5
[2026-09-05 13:35:17.148] [info] 📊 [CAMERA FPS] 瞬时帧率=64.4fps, 平均帧率=65.1fps, 总帧数=2900, 运行时间=44.6s
[DEBUG] armors=1, targets=1
[DEBUG] armors=1, targets=1
[DEBUG] armors=1, targets=1
[DEBUG] armors=1, targets=1
[DEBUG] armors=1, targets=1
[DEBUG] armors=1, targets=1
[DEBUG] armors=1, targets=1
[DEBUG] armors=1, targets=1
[DEBUG] armors=1, targets=1
[DEBUG] armors=1, targets=1
[DEBUG] armors=1, targets=1
[DEBUG] armors=1, targets=1
[DEBUG] armors=1, targets=1
[DEBUG] armors=1, targets=1
[DEBUG] armors=1, targets=1
[DEBUG] armors=1, targets=1
[DEBUG] armors=1, targets=1
[DEBUG] armors=1, targets=1
[DEBUG] armors=1, targets=1
[DEBUG] armors=1, targets=1
[2026-09-05 13:35:17.457] [info] [DRYRUN] measured_gimbal=(2.837,0.348,-0.041) measured_world=(2.842,0.277,-0.131) tracked_world=(2.848,0.279,-0.134) target_gimbal_deg=(6.99,-0.81) target_world_deg=(5.57,-2.62) gimbal_deg=(-1.43,1.82) armor_y_px=618.9 pixel_error_deg=(-6.30,1.93) ballistic=(range=2.858m holdover=0.549m comp=10.65deg residual=-8.71deg) q_wxyz=(0.999796,-0.000198,0.015877,0.012448) cmd_deg=(5.62,-12.56) packed_pitch_deg=-12.56 control=true shoot=false
[DEBUG] armors=1, targets=1
[DEBUG] armors=1, targets=1
[DEBUG] armors=1, targets=1
[DEBUG] armors=1, targets=1
[DEBUG] armors=1, targets=1
[DEBUG] armors=1, targets=1
[DEBUG] armors=1, targets=1
[DEBUG] armors=1, targets=1
[DEBUG] armors=1, targets=1
[DEBUG] armors=1, targets=1
[DEBUG] armors=1, targets=1
[DEBUG] armors=1, targets=1
[DEBUG] armors=1, targets=1
[DEBUG] armors=1, targets=1
[DEBUG] armors=1, targets=1
[DEBUG] armors=1, targets=1
[DEBUG] armors=1, targets=1
[DEBUG] armors=1, targets=1
[DEBUG] armors=1, targets=1
[DEBUG] armors=1, targets=1
[2026-09-05 13:35:17.772] [info] [DRYRUN] measured_gimbal=(2.799,0.344,-0.035) measured_world=(2.805,0.274,-0.123) tracked_world=(2.838,0.278,-0.126) target_gimbal_deg=(7.01,-0.71) target_world_deg=(5.59,-2.51) gimbal_deg=(-1.43,1.81) armor_y_px=615.3 pixel_error_deg=(-6.32,1.85) ballistic=(range=2.821m holdover=0.539m comp=10.59deg residual=-8.75deg) q_wxyz=(0.999797,-0.000198,0.015814,0.012499) cmd_deg=(5.60,-12.65) packed_pitch_deg=-12.65 control=true shoot=false
[DEBUG] armors=1, targets=1
[DEBUG] armors=1, targets=1
[DEBUG] armors=1, targets=1
[DEBUG] armors=1, targets=1
[DEBUG] armors=1, targets=1
[DEBUG] armors=1, targets=1
[DEBUG] armors=1, targets=1
[DEBUG] armors=1, targets=1
[DEBUG] armors=1, targets=1
[2026-09-05 13:35:17.915] [info] [SYNC][XUC] mode=0 yaw=1.42 deg pitch=1.80 deg feeder_rpm=0.00 wheel0_rpm=0 wheel1_rpm=0 wheel_delta=0 projectile_speed=12.80
[DEBUG] armors=1, targets=1
[2026-09-05 13:35:17.930] [info] [PERF] 总耗时=15.1ms (检测=12.3ms, 跟踪=0.4ms), FPS=66.3
[2026-09-05 13:35:17.930] [info] 📊 [CAMERA FPS] 瞬时帧率=66.2fps, 平均帧率=65.1fps, 总帧数=2950, 运行时间=45.3s
[DEBUG] armors=1, targets=1
[DEBUG] armors=1, targets=1
[DEBUG] armors=1, targets=1
[DEBUG] armors=1, targets=1
[DEBUG] armors=1, targets=1
[DEBUG] armors=1, targets=1
[DEBUG] armors=1, targets=1
[DEBUG] armors=1, targets=1
[DEBUG] armors=0, targets=1
[DEBUG] armors=0, targets=1
[DEBUG] armors=1, targets=1
[DEBUG] armors=1, targets=1
[DEBUG] armors=1, targets=1
[DEBUG] armors=1, targets=1
[DEBUG] armors=1, targets=1
[DEBUG] armors=1, targets=1
[DEBUG] armors=1, targets=1
[DEBUG] armors=1, targets=1
[DEBUG] armors=1, targets=1
[DEBUG] armors=1, targets=1
[DEBUG] armors=1, targets=1
[DEBUG] armors=1, targets=1
[DEBUG] armors=1, targets=1
[DEBUG] armors=1, targets=1
[DEBUG] armors=1, targets=1
[DEBUG] armors=1, targets=1
[DEBUG] armors=1, targets=1
[DEBUG] armors=1, targets=1
[DEBUG] armors=1, targets=1
[DEBUG] armors=1, targets=1
[2026-09-05 13:35:18.392] [info] [DRYRUN] measured_gimbal=(2.834,0.335,-0.056) measured_world=(2.838,0.272,-0.129) tracked_world=(2.852,0.275,-0.125) target_gimbal_deg=(6.75,-1.12) target_world_deg=(5.48,-2.59) gimbal_deg=(-1.27,1.48) armor_y_px=631.6 pixel_error_deg=(-6.05,2.24) ballistic=(range=2.854m holdover=0.547m comp=10.64deg residual=-8.39deg) q_wxyz=(0.999855,-0.000143,0.012888,0.011121) cmd_deg=(5.44,-12.44) packed_pitch_deg=-12.44 control=true shoot=false
[DEBUG] armors=0, targets=1
[DEBUG] armors=1, targets=1
[DEBUG] armors=1, targets=1
[DEBUG] armors=1, targets=1
[DEBUG] armors=1, targets=1
[DEBUG] armors=1, targets=1
[DEBUG] armors=1, targets=1
[DEBUG] armors=1, targets=1
[DEBUG] armors=1, targets=1
[DEBUG] armors=1, targets=1
[DEBUG] armors=1, targets=1
[DEBUG] armors=1, targets=1
[DEBUG] armors=1, targets=1
[DEBUG] armors=1, targets=1
[DEBUG] armors=1, targets=1
[DEBUG] armors=1, targets=1
[DEBUG] armors=1, targets=1
[DEBUG] armors=1, targets=1
[DEBUG] armors=1, targets=1
[2026-09-05 13:35:18.689] [info] [SYNC][XUC] mode=0 yaw=1.29 deg pitch=1.62 deg feeder_rpm=0.00 wheel0_rpm=0 wheel1_rpm=0 wheel_delta=0 projectile_speed=12.80
[DEBUG] armors=1, targets=1
[2026-09-05 13:35:18.702] [info] [DRYRUN] measured_gimbal=(2.902,0.343,-0.054) measured_world=(2.907,0.278,-0.137) tracked_world=(2.883,0.275,-0.135) target_gimbal_deg=(6.75,-1.07) target_world_deg=(5.46,-2.68) gimbal_deg=(-1.29,1.62) armor_y_px=628.1 pixel_error_deg=(-6.03,2.16) ballistic=(range=2.923m holdover=0.566m comp=10.74deg residual=-8.58deg) q_wxyz=(0.999836,-0.000160,0.014171,0.011296) cmd_deg=(5.39,-12.52) packed_pitch_deg=-12.52 control=true shoot=false
[2026-09-05 13:35:18.704] [info] [PERF] 总耗时=15.3ms (检测=12.4ms, 跟踪=0.4ms), FPS=65.5
[2026-09-05 13:35:18.704] [info] 📊 [CAMERA FPS] 瞬时帧率=65.4fps, 平均帧率=65.1fps, 总帧数=3000, 运行时间=46.1s
[DEBUG] armors=1, targets=1
[DEBUG] armors=1, targets=1
[DEBUG] armors=1, targets=1
[DEBUG] armors=1, targets=1
[DEBUG] armors=1, targets=1
[DEBUG] armors=1, targets=1
[DEBUG] armors=1, targets=1
[DEBUG] armors=1, targets=1
[DEBUG] armors=1, targets=1
[DEBUG] armors=1, targets=1
[DEBUG] armors=1, targets=1
[DEBUG] armors=1, targets=1
[DEBUG] armors=1, targets=1
[DEBUG] armors=1, targets=1
[DEBUG] armors=1, targets=1
[DEBUG] armors=1, targets=1
[DEBUG] armors=1, targets=1
[DEBUG] armors=1, targets=1
[DEBUG] armors=1, targets=1
[DEBUG] armors=1, targets=1
[2026-09-05 13:35:19.010] [info] [DRYRUN] measured_gimbal=(2.856,0.338,-0.050) measured_world=(2.860,0.273,-0.133) tracked_world=(2.870,0.273,-0.135) target_gimbal_deg=(6.74,-1.00) target_world_deg=(5.45,-2.65) gimbal_deg=(-1.30,1.66) armor_y_px=626.4 pixel_error_deg=(-6.04,2.12) ballistic=(range=2.876m holdover=0.553m comp=10.67deg residual=-8.56deg) q_wxyz=(0.999830,-0.000165,0.014494,0.011367) cmd_deg=(5.39,-12.40) packed_pitch_deg=-12.40 control=true shoot=false
[DEBUG] armors=1, targets=1
[DEBUG] armors=1, targets=1
[DEBUG] armors=1, targets=1
[DEBUG] armors=1, targets=1
[DEBUG] armors=1, targets=1
[DEBUG] armors=1, targets=1
[DEBUG] armors=1, targets=1
[DEBUG] armors=1, targets=1
[DEBUG] armors=1, targets=1
[DEBUG] armors=1, targets=1
[DEBUG] armors=1, targets=1
[DEBUG] armors=1, targets=1
[DEBUG] armors=1, targets=1
[DEBUG] armors=1, targets=1
[DEBUG] armors=1, targets=1
[DEBUG] armors=1, targets=1
[DEBUG] armors=1, targets=1
[DEBUG] armors=1, targets=1
[DEBUG] armors=1, targets=1
[DEBUG] armors=1, targets=1
[2026-09-05 13:35:19.322] [info] [DRYRUN] measured_gimbal=(2.855,0.338,-0.051) measured_world=(2.859,0.273,-0.134) tracked_world=(2.856,0.271,-0.134) target_gimbal_deg=(6.74,-1.01) target_world_deg=(5.44,-2.67) gimbal_deg=(-1.30,1.68) armor_y_px=626.5 pixel_error_deg=(-6.04,2.12) ballistic=(range=2.875m holdover=0.553m comp=10.67deg residual=-8.55deg) q_wxyz=(0.999828,-0.000167,0.014627,0.011384) cmd_deg=(5.42,-12.42) packed_pitch_deg=-12.42 control=true shoot=false
[DEBUG] armors=1, targets=1
[DEBUG] armors=1, targets=1
[DEBUG] armors=1, targets=1
[DEBUG] armors=1, targets=1
[DEBUG] armors=1, targets=1
[DEBUG] armors=1, targets=1
[DEBUG] armors=1, targets=1
[DEBUG] armors=1, targets=1
[DEBUG] armors=1, targets=1
[2026-09-05 13:35:19.465] [info] [SYNC][XUC] mode=0 yaw=1.30 deg pitch=1.68 deg feeder_rpm=0.00 wheel0_rpm=0 wheel1_rpm=0 wheel_delta=0 projectile_speed=12.80
[DEBUG] armors=1, targets=1
[2026-09-05 13:35:19.480] [info] [PERF] 总耗时=15.5ms (检测=12.9ms, 跟踪=0.5ms), FPS=64.5
[2026-09-05 13:35:19.480] [info] 📊 [CAMERA FPS] 瞬时帧率=64.4fps, 平均帧率=65.1fps, 总帧数=3050, 运行时间=46.9s
[DEBUG] armors=1, targets=1
[DEBUG] armors=1, targets=1
[DEBUG] armors=1, targets=1
[DEBUG] armors=1, targets=1
[DEBUG] armors=1, targets=1
[DEBUG] armors=1, targets=1
[DEBUG] armors=1, targets=1
[DEBUG] armors=1, targets=1
[DEBUG] armors=1, targets=1
[DEBUG] armors=1, targets=1
[2026-09-05 13:35:19.636] [info] [DRYRUN] measured_gimbal=(2.843,0.336,-0.050) measured_world=(2.848,0.271,-0.133) tracked_world=(2.844,0.271,-0.133) target_gimbal_deg=(6.74,-0.99) target_world_deg=(5.44,-2.67) gimbal_deg=(-1.30,1.69) armor_y_px=626.1 pixel_error_deg=(-6.04,2.11) ballistic=(range=2.863m holdover=0.550m comp=10.65deg residual=-8.54deg) q_wxyz=(0.999827,-0.000167,0.014712,0.011345) cmd_deg=(5.44,-12.40) packed_pitch_deg=-12.40 control=true shoot=false
[DEBUG] armors=1, targets=1
[DEBUG] armors=1, targets=1
[DEBUG] armors=1, targets=1
[DEBUG] armors=1, targets=1
[DEBUG] armors=1, targets=1
[DEBUG] armors=1, targets=1
[DEBUG] armors=1, targets=1
[DEBUG] armors=1, targets=1
[DEBUG] armors=1, targets=1
[DEBUG] armors=1, targets=1
[DEBUG] armors=1, targets=1
[DEBUG] armors=1, targets=1
[DEBUG] armors=1, targets=1
[DEBUG] armors=1, targets=1
[DEBUG] armors=1, targets=1
[DEBUG] armors=1, targets=1
[DEBUG] armors=1, targets=1
[DEBUG] armors=1, targets=1
[DEBUG] armors=1, targets=1
[DEBUG] armors=1, targets=1
[2026-09-05 13:35:19.949] [info] [DRYRUN] measured_gimbal=(2.836,0.335,-0.050) measured_world=(2.840,0.271,-0.133) tracked_world=(2.835,0.270,-0.133) target_gimbal_deg=(6.74,-1.00) target_world_deg=(5.44,-2.68) gimbal_deg=(-1.30,1.69) armor_y_px=626.5 pixel_error_deg=(-6.04,2.12) ballistic=(range=2.855m holdover=0.548m comp=10.64deg residual=-8.52deg) q_wxyz=(0.999827,-0.000167,0.014760,0.011338) cmd_deg=(5.44,-12.38) packed_pitch_deg=-12.38 control=true shoot=false
[DEBUG] armors=1, targets=1
[DEBUG] armors=1, targets=1
[DEBUG] armors=1, targets=1
[DEBUG] armors=1, targets=1
[DEBUG] armors=1, targets=1
[DEBUG] armors=1, targets=1
[DEBUG] armors=1, targets=1
[DEBUG] armors=1, targets=1
[DEBUG] armors=1, targets=1
[DEBUG] armors=1, targets=1
[DEBUG] armors=1, targets=1
[DEBUG] armors=1, targets=1
[DEBUG] armors=1, targets=1
[DEBUG] armors=1, targets=1
[DEBUG] armors=1, targets=1
[DEBUG] armors=1, targets=1
[DEBUG] armors=1, targets=1
[DEBUG] armors=1, targets=1
[DEBUG] armors=1, targets=1
[2026-09-05 13:35:20.248] [info] [SYNC][XUC] mode=0 yaw=1.30 deg pitch=1.71 deg feeder_rpm=0.00 wheel0_rpm=0 wheel1_rpm=0 wheel_delta=0 projectile_speed=12.80
[DEBUG] armors=1, targets=1
[2026-09-05 13:35:20.261] [info] [DRYRUN] measured_gimbal=(2.853,0.337,-0.050) measured_world=(2.858,0.272,-0.135) tracked_world=(2.837,0.270,-0.134) target_gimbal_deg=(6.73,-1.00) target_world_deg=(5.44,-2.70) gimbal_deg=(-1.30,1.71) armor_y_px=626.3 pixel_error_deg=(-6.03,2.12) ballistic=(range=2.873m holdover=0.553m comp=10.67deg residual=-8.55deg) q_wxyz=(0.999825,-0.000169,0.014883,0.011348) cmd_deg=(5.44,-12.40) packed_pitch_deg=-12.40 control=true shoot=false
[2026-09-05 13:35:20.263] [info] [PERF] 总耗时=15.1ms (检测=12.2ms, 跟踪=0.4ms), FPS=66.2
[2026-09-05 13:35:20.263] [info] 📊 [CAMERA FPS] 瞬时帧率=66.0fps, 平均帧率=65.0fps, 总帧数=3100, 运行时间=47.7s
[DEBUG] armors=1, targets=1
[DEBUG] armors=1, targets=1
[DEBUG] armors=1, targets=1
[DEBUG] armors=1, targets=1
[DEBUG] armors=1, targets=1
[DEBUG] armors=1, targets=1
[DEBUG] armors=1, targets=1
[DEBUG] armors=1, targets=1
[DEBUG] armors=1, targets=1
[DEBUG] armors=1, targets=1
[DEBUG] armors=1, targets=1
[DEBUG] armors=1, targets=1
[DEBUG] armors=1, targets=1
[DEBUG] armors=1, targets=1
[DEBUG] armors=1, targets=1
[DEBUG] armors=1, targets=1
[DEBUG] armors=1, targets=1
[DEBUG] armors=1, targets=1
[DEBUG] armors=1, targets=1
[DEBUG] armors=1, targets=1
[2026-09-05 13:35:20.574] [info] [DRYRUN] measured_gimbal=(2.831,0.334,-0.049) measured_world=(2.835,0.270,-0.134) tracked_world=(2.832,0.270,-0.134) target_gimbal_deg=(6.73,-0.99) target_world_deg=(5.44,-2.69) gimbal_deg=(-1.30,1.71) armor_y_px=626.2 pixel_error_deg=(-6.04,2.11) ballistic=(range=2.851m holdover=0.546m comp=10.64deg residual=-8.52deg) q_wxyz=(0.999824,-0.000169,0.014928,0.011328) cmd_deg=(5.44,-12.36) packed_pitch_deg=-12.36 control=true shoot=false
[DEBUG] armors=1, targets=1
[DEBUG] armors=1, targets=1
[DEBUG] armors=1, targets=1
[DEBUG] armors=1, targets=1
[DEBUG] armors=1, targets=1
[DEBUG] armors=1, targets=1
[DEBUG] armors=1, targets=1
[DEBUG] armors=1, targets=1
[DEBUG] armors=1, targets=1
[DEBUG] armors=1, targets=1
[DEBUG] armors=1, targets=1
[DEBUG] armors=1, targets=1
[DEBUG] armors=1, targets=1
[DEBUG] armors=1, targets=1
[DEBUG] armors=1, targets=1
[DEBUG] armors=1, targets=1
[DEBUG] armors=1, targets=1
[DEBUG] armors=1, targets=1
[DEBUG] armors=1, targets=1
[DEBUG] armors=1, targets=1
[2026-09-05 13:35:20.893] [info] [DRYRUN] measured_gimbal=(2.847,0.336,-0.050) measured_world=(2.851,0.272,-0.136) tracked_world=(2.833,0.270,-0.134) target_gimbal_deg=(6.74,-1.00) target_world_deg=(5.45,-2.71) gimbal_deg=(-1.30,1.73) armor_y_px=626.3 pixel_error_deg=(-6.04,2.12) ballistic=(range=2.867m holdover=0.551m comp=10.66deg residual=-8.54deg) q_wxyz=(0.999822,-0.000171,0.015078,0.011333) cmd_deg=(5.44,-12.35) packed_pitch_deg=-12.35 control=true shoot=false
[DEBUG] armors=1, targets=1
[DEBUG] armors=1, targets=1
[DEBUG] armors=1, targets=1
[DEBUG] armors=1, targets=1
[DEBUG] armors=1, targets=1
[DEBUG] armors=1, targets=1
[DEBUG] armors=1, targets=1
[DEBUG] armors=1, targets=1
[DEBUG] armors=1, targets=1
[2026-09-05 13:35:21.036] [info] [SYNC][XUC] mode=0 yaw=1.29 deg pitch=1.74 deg feeder_rpm=0.00 wheel0_rpm=0 wheel1_rpm=0 wheel_delta=0 projectile_speed=12.80
[DEBUG] armors=1, targets=1
[2026-09-05 13:35:21.051] [info] [PERF] 总耗时=15.1ms (检测=12.2ms, 跟踪=0.5ms), FPS=66.3
[2026-09-05 13:35:21.051] [info] 📊 [CAMERA FPS] 瞬时帧率=66.2fps, 平均帧率=65.0fps, 总帧数=3150, 运行时间=48.5s
[DEBUG] armors=1, targets=1
[DEBUG] armors=1, targets=1
[DEBUG] armors=1, targets=1
[DEBUG] armors=1, targets=1
[DEBUG] armors=1, targets=1
[DEBUG] armors=1, targets=1
[DEBUG] armors=1, targets=1
[DEBUG] armors=1, targets=1
[DEBUG] armors=1, targets=1
[DEBUG] armors=1, targets=1
[2026-09-05 13:35:21.202] [info] [DRYRUN] measured_gimbal=(2.836,0.335,-0.050) measured_world=(2.840,0.271,-0.135) tracked_world=(2.834,0.270,-0.135) target_gimbal_deg=(6.74,-1.00) target_world_deg=(5.45,-2.71) gimbal_deg=(-1.29,1.73) armor_y_px=626.4 pixel_error_deg=(-6.04,2.12) ballistic=(range=2.856m holdover=0.548m comp=10.64deg residual=-8.52deg) q_wxyz=(0.999823,-0.000170,0.015061,0.011258) cmd_deg=(5.45,-12.36) packed_pitch_deg=-12.36 control=true shoot=false
[DEBUG] armors=1, targets=1
[DEBUG] armors=1, targets=1
[DEBUG] armors=1, targets=1
[DEBUG] armors=1, targets=1
[DEBUG] armors=1, targets=1
[DEBUG] armors=1, targets=1
[DEBUG] armors=1, targets=1
[DEBUG] armors=1, targets=1
[DEBUG] armors=1, targets=1
[DEBUG] armors=1, targets=1
[DEBUG] armors=1, targets=1
[DEBUG] armors=1, targets=1
[DEBUG] armors=1, targets=1
[DEBUG] armors=1, targets=1
[DEBUG] armors=1, targets=1
[DEBUG] armors=1, targets=1
[DEBUG] armors=1, targets=1
[DEBUG] armors=1, targets=1
[DEBUG] armors=1, targets=1
[DEBUG] armors=1, targets=1
[2026-09-05 13:35:21.514] [info] [DRYRUN] measured_gimbal=(2.827,0.334,-0.049) measured_world=(2.831,0.270,-0.135) tracked_world=(2.835,0.270,-0.135) target_gimbal_deg=(6.73,-0.99) target_world_deg=(5.45,-2.72) gimbal_deg=(-1.29,1.73) armor_y_px=626.5 pixel_error_deg=(-6.03,2.12) ballistic=(range=2.847m holdover=0.545m comp=10.63deg residual=-8.51deg) q_wxyz=(0.999822,-0.000170,0.015131,0.011266) cmd_deg=(5.45,-12.32) packed_pitch_deg=-12.32 control=true shoot=false
[DEBUG] armors=1, targets=1
[DEBUG] armors=1, targets=1
[DEBUG] armors=1, targets=1
[DEBUG] armors=1, targets=1
[DEBUG] armors=1, targets=1
[DEBUG] armors=1, targets=1
[DEBUG] armors=1, targets=1
[DEBUG] armors=1, targets=1
[DEBUG] armors=1, targets=1
[DEBUG] armors=1, targets=1
[DEBUG] armors=1, targets=1
[DEBUG] armors=1, targets=1
[DEBUG] armors=1, targets=1
[DEBUG] armors=1, targets=1
[DEBUG] armors=1, targets=1
[DEBUG] armors=1, targets=1
[DEBUG] armors=1, targets=1
[DEBUG] armors=1, targets=1
[DEBUG] armors=1, targets=1
[2026-09-05 13:35:21.813] [info] [SYNC][XUC] mode=0 yaw=1.29 deg pitch=1.73 deg feeder_rpm=0.00 wheel0_rpm=0 wheel1_rpm=0 wheel_delta=0 projectile_speed=12.80
[DEBUG] armors=1, targets=1
[2026-09-05 13:35:21.827] [info] [DRYRUN] measured_gimbal=(2.847,0.336,-0.050) measured_world=(2.851,0.272,-0.136) tracked_world=(2.838,0.271,-0.136) target_gimbal_deg=(6.74,-1.00) target_world_deg=(5.45,-2.72) gimbal_deg=(-1.29,1.73) armor_y_px=626.3 pixel_error_deg=(-6.04,2.12) ballistic=(range=2.867m holdover=0.551m comp=10.66deg residual=-8.54deg) q_wxyz=(0.999822,-0.000170,0.015112,0.011261) cmd_deg=(5.45,-12.34) packed_pitch_deg=-12.34 control=true shoot=false
[2026-09-05 13:35:21.829] [info] [PERF] 总耗时=15.9ms (检测=13.1ms, 跟踪=0.5ms), FPS=62.9
[2026-09-05 13:35:21.829] [info] 📊 [CAMERA FPS] 瞬时帧率=62.8fps, 平均帧率=65.0fps, 总帧数=3200, 运行时间=49.2s
[DEBUG] armors=1, targets=1
[DEBUG] armors=1, targets=1
[DEBUG] armors=1, targets=1
[DEBUG] armors=1, targets=1
[DEBUG] armors=1, targets=1
[DEBUG] armors=1, targets=1
[DEBUG] armors=1, targets=1
[DEBUG] armors=1, targets=1
[DEBUG] armors=1, targets=1
[DEBUG] armors=1, targets=1
[DEBUG] armors=1, targets=1
[DEBUG] armors=1, targets=1
[DEBUG] armors=1, targets=1
[DEBUG] armors=1, targets=1
[DEBUG] armors=1, targets=1
[DEBUG] armors=1, targets=1
[DEBUG] armors=1, targets=1
[DEBUG] armors=1, targets=1
[DEBUG] armors=1, targets=1
[DEBUG] armors=1, targets=1
[2026-09-05 13:35:22.136] [info] [DRYRUN] measured_gimbal=(2.833,0.334,-0.050) measured_world=(2.837,0.271,-0.135) tracked_world=(2.839,0.271,-0.135) target_gimbal_deg=(6.73,-1.00) target_world_deg=(5.45,-2.72) gimbal_deg=(-1.29,1.73) armor_y_px=626.6 pixel_error_deg=(-6.03,2.12) ballistic=(range=2.852m holdover=0.547m comp=10.64deg residual=-8.51deg) q_wxyz=(0.999823,-0.000169,0.015091,0.011228) cmd_deg=(5.46,-12.32) packed_pitch_deg=-12.32 control=true shoot=false
[DEBUG] armors=1, targets=1
[DEBUG] armors=1, targets=1
[DEBUG] armors=1, targets=1
[DEBUG] armors=1, targets=1
[DEBUG] armors=1, targets=1
[DEBUG] armors=1, targets=1
[DEBUG] armors=1, targets=1
[DEBUG] armors=1, targets=1
[DEBUG] armors=1, targets=1
[DEBUG] armors=1, targets=1
[DEBUG] armors=1, targets=1
[DEBUG] armors=1, targets=1
[DEBUG] armors=1, targets=1
[DEBUG] armors=1, targets=1
[DEBUG] armors=1, targets=1
[DEBUG] armors=1, targets=1
[DEBUG] armors=1, targets=1
[DEBUG] armors=1, targets=1
[DEBUG] armors=1, targets=1
[DEBUG] armors=1, targets=1
[2026-09-05 13:35:22.447] [info] [DRYRUN] measured_gimbal=(2.827,0.334,-0.049) measured_world=(2.831,0.270,-0.134) tracked_world=(2.840,0.271,-0.135) target_gimbal_deg=(6.73,-0.99) target_world_deg=(5.45,-2.70) gimbal_deg=(-1.29,1.72) armor_y_px=626.4 pixel_error_deg=(-6.03,2.12) ballistic=(range=2.847m holdover=0.545m comp=10.63deg residual=-8.51deg) q_wxyz=(0.999825,-0.000168,0.014993,0.011230) cmd_deg=(5.46,-12.34) packed_pitch_deg=-12.34 control=true shoot=false
[DEBUG] armors=1, targets=1
[DEBUG] armors=1, targets=1
[DEBUG] armors=1, targets=1
[DEBUG] armors=1, targets=1
[DEBUG] armors=1, targets=1
[DEBUG] armors=1, targets=1
[DEBUG] armors=1, targets=1
[DEBUG] armors=1, targets=1
[DEBUG] armors=1, targets=1
[2026-09-05 13:35:22.590] [info] [SYNC][XUC] mode=0 yaw=1.29 deg pitch=1.72 deg feeder_rpm=0.00 wheel0_rpm=0 wheel1_rpm=0 wheel_delta=0 projectile_speed=12.80
[DEBUG] armors=1, targets=1
[2026-09-05 13:35:22.606] [info] [PERF] 总耗时=16.0ms (检测=13.1ms, 跟踪=0.5ms), FPS=62.6
[2026-09-05 13:35:22.606] [info] 📊 [CAMERA FPS] 瞬时帧率=62.5fps, 平均帧率=65.0fps, 总帧数=3250, 运行时间=50.0s
[DEBUG] armors=1, targets=1
[DEBUG] armors=1, targets=1
[DEBUG] armors=1, targets=1
[DEBUG] armors=1, targets=1
[DEBUG] armors=1, targets=1
[DEBUG] armors=1, targets=1
[DEBUG] armors=1, targets=1
[DEBUG] armors=1, targets=1
[DEBUG] armors=1, targets=1
[DEBUG] armors=1, targets=1
[2026-09-05 13:35:22.762] [info] [DRYRUN] measured_gimbal=(2.848,0.336,-0.051) measured_world=(2.852,0.273,-0.136) tracked_world=(2.840,0.271,-0.135) target_gimbal_deg=(6.74,-1.01) target_world_deg=(5.46,-2.72) gimbal_deg=(-1.29,1.72) armor_y_px=626.7 pixel_error_deg=(-6.04,2.13) ballistic=(range=2.868m holdover=0.551m comp=10.66deg residual=-8.53deg) q_wxyz=(0.999824,-0.000169,0.015016,0.011226) cmd_deg=(5.45,-12.34) packed_pitch_deg=-12.34 control=true shoot=false
[DEBUG] armors=1, targets=1
[DEBUG] armors=1, targets=1
[DEBUG] armors=1, targets=1
[DEBUG] armors=1, targets=1
[DEBUG] armors=1, targets=1
[DEBUG] armors=1, targets=1
[DEBUG] armors=1, targets=1
[DEBUG] armors=1, targets=1
[DEBUG] armors=1, targets=1
[DEBUG] armors=1, targets=1
[DEBUG] armors=1, targets=1
[DEBUG] armors=1, targets=1
[DEBUG] armors=1, targets=1
[DEBUG] armors=1, targets=1
[DEBUG] armors=1, targets=1
[DEBUG] armors=1, targets=1
[DEBUG] armors=1, targets=1
[DEBUG] armors=1, targets=1
[DEBUG] armors=1, targets=1
[DEBUG] armors=1, targets=1
[2026-09-05 13:35:23.072] [info] [DRYRUN] measured_gimbal=(2.834,0.334,-0.050) measured_world=(2.838,0.271,-0.135) tracked_world=(2.838,0.271,-0.135) target_gimbal_deg=(6.73,-1.00) target_world_deg=(5.45,-2.71) gimbal_deg=(-1.28,1.72) armor_y_px=626.6 pixel_error_deg=(-6.03,2.12) ballistic=(range=2.853m holdover=0.547m comp=10.64deg residual=-8.52deg) q_wxyz=(0.999824,-0.000168,0.015044,0.011181) cmd_deg=(5.46,-12.34) packed_pitch_deg=-12.34 control=true shoot=false
[DEBUG] armors=1, targets=1
[DEBUG] armors=1, targets=1
[DEBUG] armors=1, targets=1
[DEBUG] armors=1, targets=1
[DEBUG] armors=1, targets=1
[DEBUG] armors=1, targets=1
[DEBUG] armors=1, targets=1
[DEBUG] armors=1, targets=1
[DEBUG] armors=1, targets=1
[DEBUG] armors=1, targets=1
[DEBUG] armors=1, targets=1
[DEBUG] armors=1, targets=1
[DEBUG] armors=1, targets=1
[DEBUG] armors=1, targets=1
[DEBUG] armors=1, targets=1
[DEBUG] armors=1, targets=1
[DEBUG] armors=1, targets=1
[DEBUG] armors=1, targets=1
[DEBUG] armors=1, targets=1
[2026-09-05 13:35:23.367] [info] [SYNC][XUC] mode=0 yaw=1.29 deg pitch=1.75 deg feeder_rpm=0.00 wheel0_rpm=0 wheel1_rpm=0 wheel_delta=0 projectile_speed=12.80
[DEBUG] armors=1, targets=1
[2026-09-05 13:35:23.381] [info] [DRYRUN] measured_gimbal=(2.830,0.334,-0.050) measured_world=(2.833,0.270,-0.136) tracked_world=(2.838,0.271,-0.136) target_gimbal_deg=(6.73,-1.00) target_world_deg=(5.45,-2.73) gimbal_deg=(-1.29,1.75) armor_y_px=626.7 pixel_error_deg=(-6.03,2.12) ballistic=(range=2.849m holdover=0.546m comp=10.63deg residual=-8.51deg) q_wxyz=(0.999821,-0.000171,0.015231,0.011232) cmd_deg=(5.45,-12.30) packed_pitch_deg=-12.30 control=true shoot=false
[2026-09-05 13:35:23.383] [info] [PERF] 总耗时=15.6ms (检测=12.7ms, 跟踪=0.4ms), FPS=64.1
[2026-09-05 13:35:23.383] [info] 📊 [CAMERA FPS] 瞬时帧率=64.0fps, 平均帧率=65.0fps, 总帧数=3300, 运行时间=50.8s
[DEBUG] armors=1, targets=1
[DEBUG] armors=1, targets=1
[DEBUG] armors=1, targets=1
[DEBUG] armors=1, targets=1
[DEBUG] armors=1, targets=1
[DEBUG] armors=1, targets=1
[DEBUG] armors=1, targets=1
[DEBUG] armors=1, targets=1
[DEBUG] armors=1, targets=1
[DEBUG] armors=1, targets=1
[DEBUG] armors=1, targets=1
[DEBUG] armors=1, targets=1
[DEBUG] armors=1, targets=1
[DEBUG] armors=1, targets=1
[DEBUG] armors=1, targets=1
[DEBUG] armors=1, targets=1
[DEBUG] armors=1, targets=1
[DEBUG] armors=1, targets=1
[DEBUG] armors=1, targets=1
[DEBUG] armors=1, targets=1
[2026-09-05 13:35:23.691] [info] [DRYRUN] measured_gimbal=(2.857,0.337,-0.051) measured_world=(2.861,0.273,-0.138) tracked_world=(2.853,0.278,-0.138) target_gimbal_deg=(6.73,-1.01) target_world_deg=(5.45,-2.75) gimbal_deg=(-1.29,1.75) armor_y_px=626.7 pixel_error_deg=(-6.03,2.13) ballistic=(range=2.877m holdover=0.553m comp=10.67deg residual=-8.55deg) q_wxyz=(0.999820,-0.000172,0.015306,0.011234) cmd_deg=(5.54,-12.32) packed_pitch_deg=-12.32 control=true shoot=false
[DEBUG] armors=1, targets=1
[DEBUG] armors=1, targets=1
[DEBUG] armors=1, targets=1
[DEBUG] armors=1, targets=1
[DEBUG] armors=1, targets=1
[DEBUG] armors=1, targets=1
[DEBUG] armors=1, targets=1
[DEBUG] armors=1, targets=1
[DEBUG] armors=1, targets=1
[DEBUG] armors=1, targets=1
[DEBUG] armors=1, targets=1
[DEBUG] armors=1, targets=1
[DEBUG] armors=1, targets=1
[DEBUG] armors=1, targets=1
[DEBUG] armors=1, targets=1
[DEBUG] armors=1, targets=1
[DEBUG] armors=1, targets=1
[DEBUG] armors=1, targets=1
[DEBUG] armors=1, targets=1
[DEBUG] armors=1, targets=1
[2026-09-05 13:35:24.003] [info] [DRYRUN] measured_gimbal=(2.840,0.335,-0.050) measured_world=(2.844,0.271,-0.137) tracked_world=(2.849,0.271,-0.137) target_gimbal_deg=(6.73,-1.01) target_world_deg=(5.45,-2.75) gimbal_deg=(-1.29,1.75) armor_y_px=626.8 pixel_error_deg=(-6.03,2.13) ballistic=(range=2.860m holdover=0.549m comp=10.65deg residual=-8.52deg) q_wxyz=(0.999820,-0.000172,0.015274,0.011259) cmd_deg=(5.36,-12.31) packed_pitch_deg=-12.31 control=true shoot=false
[DEBUG] armors=1, targets=1
[DEBUG] armors=1, targets=1
[DEBUG] armors=1, targets=1
[DEBUG] armors=1, targets=1
[DEBUG] armors=1, targets=1
[DEBUG] armors=1, targets=1
[DEBUG] armors=1, targets=1
[DEBUG] armors=1, targets=1
[DEBUG] armors=1, targets=1
[2026-09-05 13:35:24.146] [info] [SYNC][XUC] mode=0 yaw=1.29 deg pitch=1.75 deg feeder_rpm=0.00 wheel0_rpm=0 wheel1_rpm=0 wheel_delta=0 projectile_speed=12.80
[DEBUG] armors=1, targets=1
[2026-09-05 13:35:24.161] [info] [PERF] 总耗时=14.8ms (检测=12.2ms, 跟踪=0.4ms), FPS=67.5
[2026-09-05 13:35:24.161] [info] 📊 [CAMERA FPS] 瞬时帧率=67.4fps, 平均帧率=65.0fps, 总帧数=3350, 运行时间=51.6s
[DEBUG] armors=1, targets=1
[DEBUG] armors=1, targets=1
[DEBUG] armors=1, targets=1
[DEBUG] armors=1, targets=1
[DEBUG] armors=1, targets=1
[DEBUG] armors=1, targets=1
[DEBUG] armors=1, targets=1
[DEBUG] armors=1, targets=1
[DEBUG] armors=1, targets=1
[DEBUG] armors=1, targets=1
[2026-09-05 13:35:24.311] [info] [DRYRUN] measured_gimbal=(2.874,0.340,-0.052) measured_world=(2.878,0.275,-0.139) tracked_world=(2.847,0.270,-0.137) target_gimbal_deg=(6.74,-1.03) target_world_deg=(5.45,-2.76) gimbal_deg=(-1.29,1.74) armor_y_px=626.9 pixel_error_deg=(-6.03,2.13) ballistic=(range=2.894m holdover=0.558m comp=10.70deg residual=-8.57deg) q_wxyz=(0.999821,-0.000172,0.015212,0.011278) cmd_deg=(5.39,-12.35) packed_pitch_deg=-12.35 control=true shoot=false
[DEBUG] armors=1, targets=1
[DEBUG] armors=1, targets=1
[DEBUG] armors=1, targets=1
[DEBUG] armors=1, targets=1
[DEBUG] armors=1, targets=1
[DEBUG] armors=1, targets=1
[DEBUG] armors=1, targets=1
[DEBUG] armors=1, targets=1
[DEBUG] armors=1, targets=1
[DEBUG] armors=0, targets=1
[DEBUG] armors=1, targets=1
[DEBUG] armors=1, targets=1
[DEBUG] armors=1, targets=1
[DEBUG] armors=1, targets=1
[DEBUG] armors=1, targets=1
[DEBUG] armors=1, targets=1
[DEBUG] armors=1, targets=1
[DEBUG] armors=1, targets=1
[DEBUG] armors=1, targets=1
[DEBUG] armors=1, targets=1
[2026-09-05 13:35:24.618] [info] [DRYRUN] measured_gimbal=(2.846,0.336,-0.050) measured_world=(2.850,0.272,-0.137) tracked_world=(2.845,0.271,-0.137) target_gimbal_deg=(6.74,-1.01) target_world_deg=(5.45,-2.74) gimbal_deg=(-1.30,1.74) armor_y_px=626.7 pixel_error_deg=(-6.04,2.13) ballistic=(range=2.866m holdover=0.551m comp=10.66deg residual=-8.53deg) q_wxyz=(0.999820,-0.000172,0.015208,0.011300) cmd_deg=(5.43,-12.35) packed_pitch_deg=-12.35 control=true shoot=false
[DEBUG] armors=1, targets=1
[DEBUG] armors=1, targets=1
[DEBUG] armors=1, targets=1
[DEBUG] armors=1, targets=1
[DEBUG] armors=1, targets=1
[DEBUG] armors=1, targets=1
[DEBUG] armors=1, targets=1
[DEBUG] armors=1, targets=1
[DEBUG] armors=1, targets=1
[DEBUG] armors=1, targets=1
[DEBUG] armors=1, targets=1
[DEBUG] armors=1, targets=1
[DEBUG] armors=1, targets=1
[DEBUG] armors=1, targets=1
[DEBUG] armors=1, targets=1
[DEBUG] armors=1, targets=1
[DEBUG] armors=1, targets=1
[DEBUG] armors=1, targets=1
[DEBUG] armors=1, targets=1
[2026-09-05 13:35:24.914] [info] [SYNC][XUC] mode=0 yaw=1.29 deg pitch=1.74 deg feeder_rpm=-4.00 wheel0_rpm=0 wheel1_rpm=0 wheel_delta=0 projectile_speed=12.80
[DEBUG] armors=1, targets=1
[2026-09-05 13:35:24.927] [info] [DRYRUN] measured_gimbal=(2.855,0.337,-0.051) measured_world=(2.859,0.273,-0.138) tracked_world=(2.842,0.271,-0.137) target_gimbal_deg=(6.74,-1.02) target_world_deg=(5.45,-2.75) gimbal_deg=(-1.29,1.74) armor_y_px=626.8 pixel_error_deg=(-6.04,2.13) ballistic=(range=2.875m holdover=0.553m comp=10.67deg residual=-8.54deg) q_wxyz=(0.999821,-0.000172,0.015222,0.011279) cmd_deg=(5.44,-12.32) packed_pitch_deg=-12.32 control=true shoot=false
[2026-09-05 13:35:24.929] [info] [PERF] 总耗时=15.2ms (检测=12.5ms, 跟踪=0.5ms), FPS=65.6
[2026-09-05 13:35:24.929] [info] 📊 [CAMERA FPS] 瞬时帧率=65.5fps, 平均帧率=65.0fps, 总帧数=3400, 运行时间=52.3s
[DEBUG] armors=1, targets=1
[DEBUG] armors=1, targets=1
[DEBUG] armors=1, targets=1
[DEBUG] armors=1, targets=1
[DEBUG] armors=1, targets=1
[DEBUG] armors=1, targets=1
[DEBUG] armors=1, targets=1
[DEBUG] armors=1, targets=1
[DEBUG] armors=1, targets=1
[DEBUG] armors=1, targets=1
[DEBUG] armors=1, targets=1
[DEBUG] armors=1, targets=1
[DEBUG] armors=1, targets=1
[DEBUG] armors=1, targets=1
[DEBUG] armors=1, targets=1
[DEBUG] armors=1, targets=1
[DEBUG] armors=1, targets=1
[DEBUG] armors=1, targets=1
[DEBUG] armors=1, targets=1
[DEBUG] armors=1, targets=1
[2026-09-05 13:35:25.235] [info] [DRYRUN] measured_gimbal=(2.839,0.335,-0.050) measured_world=(2.843,0.271,-0.137) tracked_world=(2.844,0.271,-0.137) target_gimbal_deg=(6.73,-1.01) target_world_deg=(5.44,-2.74) gimbal_deg=(-1.29,1.74) armor_y_px=626.8 pixel_error_deg=(-6.03,2.13) ballistic=(range=2.859m holdover=0.549m comp=10.65deg residual=-8.52deg) q_wxyz=(0.999821,-0.000172,0.015222,0.011279) cmd_deg=(5.45,-12.30) packed_pitch_deg=-12.30 control=true shoot=false
[DEBUG] armors=1, targets=1
[DEBUG] armors=0, targets=1
[DEBUG] armors=1, targets=1
[DEBUG] armors=1, targets=1
[DEBUG] armors=1, targets=1
[DEBUG] armors=1, targets=1
[DEBUG] armors=1, targets=1
[DEBUG] armors=1, targets=1
[DEBUG] armors=1, targets=1
[DEBUG] armors=1, targets=1
[DEBUG] armors=1, targets=1
[DEBUG] armors=1, targets=1
[DEBUG] armors=1, targets=1
[DEBUG] armors=1, targets=1
[DEBUG] armors=1, targets=1
[DEBUG] armors=1, targets=1
[DEBUG] armors=1, targets=1
[DEBUG] armors=1, targets=1
[DEBUG] armors=1, targets=1
[DEBUG] armors=1, targets=1
[2026-09-05 13:35:25.545] [info] [DRYRUN] measured_gimbal=(2.845,0.336,-0.050) measured_world=(2.849,0.272,-0.137) tracked_world=(2.843,0.271,-0.137) target_gimbal_deg=(6.73,-1.01) target_world_deg=(5.45,-2.74) gimbal_deg=(-1.29,1.74) armor_y_px=626.7 pixel_error_deg=(-6.03,2.13) ballistic=(range=2.865m holdover=0.550m comp=10.66deg residual=-8.53deg) q_wxyz=(0.999821,-0.000172,0.015222,0.011279) cmd_deg=(5.45,-12.34) packed_pitch_deg=-12.34 control=true shoot=false
[DEBUG] armors=1, targets=1
[DEBUG] armors=1, targets=1
[DEBUG] armors=1, targets=1
[DEBUG] armors=1, targets=1
[DEBUG] armors=1, targets=1
[DEBUG] armors=1, targets=1
[DEBUG] armors=1, targets=1
[DEBUG] armors=1, targets=1
[DEBUG] armors=1, targets=1
[2026-09-05 13:35:25.686] [info] [SYNC][XUC] mode=0 yaw=1.29 deg pitch=1.74 deg feeder_rpm=0.00 wheel0_rpm=0 wheel1_rpm=0 wheel_delta=0 projectile_speed=12.80
[DEBUG] armors=1, targets=1
[2026-09-05 13:35:25.702] [info] [PERF] 总耗时=15.6ms (检测=12.8ms, 跟踪=0.5ms), FPS=64.1
[2026-09-05 13:35:25.702] [info] 📊 [CAMERA FPS] 瞬时帧率=64.0fps, 平均帧率=65.0fps, 总帧数=3450, 运行时间=53.1s
[DEBUG] armors=1, targets=1
[DEBUG] armors=1, targets=1
[DEBUG] armors=1, targets=1
[DEBUG] armors=1, targets=1
[DEBUG] armors=1, targets=1
[DEBUG] armors=1, targets=1
[DEBUG] armors=1, targets=1
[DEBUG] armors=1, targets=1
[DEBUG] armors=1, targets=1
[DEBUG] armors=1, targets=1
[2026-09-05 13:35:25.855] [info] [DRYRUN] measured_gimbal=(2.856,0.337,-0.051) measured_world=(2.860,0.273,-0.138) tracked_world=(2.847,0.271,-0.137) target_gimbal_deg=(6.73,-1.02) target_world_deg=(5.45,-2.75) gimbal_deg=(-1.29,1.74) armor_y_px=626.8 pixel_error_deg=(-6.03,2.13) ballistic=(range=2.876m holdover=0.553m comp=10.67deg residual=-8.54deg) q_wxyz=(0.999821,-0.000172,0.015222,0.011279) cmd_deg=(5.45,-12.34) packed_pitch_deg=-12.34 control=true shoot=false
[DEBUG] armors=1, targets=1
[DEBUG] armors=1, targets=1
[DEBUG] armors=1, targets=1
[DEBUG] armors=1, targets=1
[DEBUG] armors=1, targets=1
[DEBUG] armors=1, targets=1
[DEBUG] armors=1, targets=1
[DEBUG] armors=1, targets=1
[DEBUG] armors=1, targets=1
[DEBUG] armors=1, targets=1
[DEBUG] armors=1, targets=1
[DEBUG] armors=1, targets=1
[DEBUG] armors=1, targets=1
[DEBUG] armors=1, targets=1
[DEBUG] armors=1, targets=1
[DEBUG] armors=1, targets=1
[DEBUG] armors=1, targets=1
[DEBUG] armors=1, targets=1
[DEBUG] armors=1, targets=1
[DEBUG] armors=1, targets=1
[2026-09-05 13:35:26.161] [info] [DRYRUN] measured_gimbal=(2.829,0.334,-0.050) measured_world=(2.833,0.270,-0.136) tracked_world=(2.847,0.271,-0.137) target_gimbal_deg=(6.72,-1.00) target_world_deg=(5.44,-2.74) gimbal_deg=(-1.29,1.74) armor_y_px=626.8 pixel_error_deg=(-6.03,2.13) ballistic=(range=2.849m holdover=0.546m comp=10.63deg residual=-8.50deg) q_wxyz=(0.999821,-0.000172,0.015222,0.011279) cmd_deg=(5.45,-12.31) packed_pitch_deg=-12.31 control=true shoot=false
[DEBUG] armors=1, targets=1
[DEBUG] armors=1, targets=1
[DEBUG] armors=1, targets=1
[DEBUG] armors=1, targets=1
[DEBUG] armors=1, targets=1
[DEBUG] armors=1, targets=1
[DEBUG] armors=1, targets=1
[DEBUG] armors=1, targets=1
[DEBUG] armors=1, targets=1
[DEBUG] armors=1, targets=1
[DEBUG] armors=1, targets=1
[DEBUG] armors=1, targets=1
[DEBUG] armors=1, targets=1
[DEBUG] armors=1, targets=1
[DEBUG] armors=1, targets=1
[DEBUG] armors=1, targets=1
[DEBUG] armors=1, targets=1
[DEBUG] armors=1, targets=1
[DEBUG] armors=1, targets=1
[2026-09-05 13:35:26.457] [info] [SYNC][XUC] mode=0 yaw=1.29 deg pitch=1.74 deg feeder_rpm=0.00 wheel0_rpm=0 wheel1_rpm=0 wheel_delta=0 projectile_speed=12.80
[DEBUG] armors=1, targets=1
[2026-09-05 13:35:26.471] [info] [DRYRUN] measured_gimbal=(2.857,0.337,-0.051) measured_world=(2.861,0.273,-0.138) tracked_world=(2.848,0.271,-0.137) target_gimbal_deg=(6.73,-1.02) target_world_deg=(5.45,-2.75) gimbal_deg=(-1.29,1.74) armor_y_px=626.9 pixel_error_deg=(-6.03,2.13) ballistic=(range=2.876m holdover=0.553m comp=10.67deg residual=-8.54deg) q_wxyz=(0.999821,-0.000172,0.015222,0.011279) cmd_deg=(5.44,-12.35) packed_pitch_deg=-12.35 control=true shoot=false
[2026-09-05 13:35:26.473] [info] [PERF] 总耗时=16.0ms (检测=13.2ms, 跟踪=0.5ms), FPS=62.4
[2026-09-05 13:35:26.473] [info] 📊 [CAMERA FPS] 瞬时帧率=62.3fps, 平均帧率=65.0fps, 总帧数=3500, 运行时间=53.9s
[DEBUG] armors=1, targets=1
[DEBUG] armors=1, targets=1
[DEBUG] armors=1, targets=1
[DEBUG] armors=1, targets=1
[DEBUG] armors=1, targets=1
[DEBUG] armors=1, targets=1
[DEBUG] armors=1, targets=1
[DEBUG] armors=1, targets=1
[DEBUG] armors=1, targets=1
[DEBUG] armors=1, targets=1
[DEBUG] armors=1, targets=1
[DEBUG] armors=1, targets=1
[DEBUG] armors=1, targets=1
[DEBUG] armors=1, targets=1
[DEBUG] armors=1, targets=1
[DEBUG] armors=1, targets=1
[DEBUG] armors=1, targets=1
[DEBUG] armors=1, targets=1
[DEBUG] armors=1, targets=1
[DEBUG] armors=1, targets=1
[2026-09-05 13:35:26.775] [info] [DRYRUN] measured_gimbal=(2.842,0.335,-0.050) measured_world=(2.846,0.271,-0.137) tracked_world=(2.847,0.271,-0.137) target_gimbal_deg=(6.73,-1.01) target_world_deg=(5.44,-2.74) gimbal_deg=(-1.29,1.74) armor_y_px=626.9 pixel_error_deg=(-6.03,2.13) ballistic=(range=2.862m holdover=0.549m comp=10.65deg residual=-8.52deg) q_wxyz=(0.999821,-0.000172,0.015222,0.011279) cmd_deg=(5.45,-12.32) packed_pitch_deg=-12.32 control=true shoot=false
[DEBUG] armors=1, targets=1
[DEBUG] armors=1, targets=1
[DEBUG] armors=1, targets=1
[DEBUG] armors=1, targets=1
[DEBUG] armors=1, targets=1
[DEBUG] armors=1, targets=1
[DEBUG] armors=1, targets=1
[DEBUG] armors=1, targets=1
[DEBUG] armors=1, targets=1
[DEBUG] armors=1, targets=1
[DEBUG] armors=1, targets=1
[DEBUG] armors=1, targets=1
[DEBUG] armors=1, targets=1
[DEBUG] armors=1, targets=1
[DEBUG] armors=1, targets=1
[DEBUG] armors=1, targets=1
[DEBUG] armors=1, targets=1
[DEBUG] armors=1, targets=1
[DEBUG] armors=1, targets=1
[DEBUG] armors=1, targets=1
[2026-09-05 13:35:27.082] [info] [DRYRUN] measured_gimbal=(2.821,0.333,-0.050) measured_world=(2.825,0.269,-0.136) tracked_world=(2.845,0.271,-0.137) target_gimbal_deg=(6.73,-1.01) target_world_deg=(5.44,-2.74) gimbal_deg=(-1.29,1.74) armor_y_px=627.1 pixel_error_deg=(-6.03,2.14) ballistic=(range=2.840m holdover=0.544m comp=10.62deg residual=-8.48deg) q_wxyz=(0.999821,-0.000172,0.015222,0.011279) cmd_deg=(5.45,-12.29) packed_pitch_deg=-12.29 control=true shoot=false
[DEBUG] armors=1, targets=1
[DEBUG] armors=1, targets=1
[DEBUG] armors=1, targets=1
[DEBUG] armors=1, targets=1
[DEBUG] armors=1, targets=1
[DEBUG] armors=1, targets=1
[DEBUG] armors=1, targets=1
[DEBUG] armors=1, targets=1
[DEBUG] armors=1, targets=1
[2026-09-05 13:35:27.224] [info] [SYNC][XUC] mode=0 yaw=1.29 deg pitch=1.74 deg feeder_rpm=0.00 wheel0_rpm=0 wheel1_rpm=0 wheel_delta=0 projectile_speed=12.80
[DEBUG] armors=1, targets=1
[2026-09-05 13:35:27.239] [info] [PERF] 总耗时=15.0ms (检测=12.1ms, 跟踪=0.5ms), FPS=66.7
[2026-09-05 13:35:27.239] [info] 📊 [CAMERA FPS] 瞬时帧率=66.6fps, 平均帧率=65.0fps, 总帧数=3550, 运行时间=54.6s
[DEBUG] armors=1, targets=1
[DEBUG] armors=1, targets=1
[DEBUG] armors=1, targets=1
[DEBUG] armors=1, targets=1
[DEBUG] armors=1, targets=1
[DEBUG] armors=1, targets=1
[DEBUG] armors=1, targets=1
[DEBUG] armors=1, targets=1
[DEBUG] armors=1, targets=1
[DEBUG] armors=1, targets=1
[2026-09-05 13:35:27.391] [info] [DRYRUN] measured_gimbal=(2.834,0.334,-0.050) measured_world=(2.838,0.270,-0.136) tracked_world=(2.839,0.271,-0.136) target_gimbal_deg=(6.73,-1.00) target_world_deg=(5.44,-2.74) gimbal_deg=(-1.29,1.74) armor_y_px=626.7 pixel_error_deg=(-6.03,2.13) ballistic=(range=2.854m holdover=0.547m comp=10.64deg residual=-8.51deg) q_wxyz=(0.999821,-0.000172,0.015222,0.011279) cmd_deg=(5.44,-12.32) packed_pitch_deg=-12.32 control=true shoot=false
[DEBUG] armors=1, targets=1
[DEBUG] armors=1, targets=1
[DEBUG] armors=1, targets=1
[DEBUG] armors=1, targets=1
[DEBUG] armors=1, targets=1
[DEBUG] armors=1, targets=1
[DEBUG] armors=1, targets=1
[DEBUG] armors=1, targets=1
[DEBUG] armors=1, targets=1
[DEBUG] armors=1, targets=1
[DEBUG] armors=1, targets=1
[DEBUG] armors=1, targets=1
[DEBUG] armors=1, targets=1
[DEBUG] armors=1, targets=1
[DEBUG] armors=1, targets=1
[DEBUG] armors=1, targets=1
[DEBUG] armors=1, targets=1
[DEBUG] armors=1, targets=1
[DEBUG] armors=1, targets=1
[DEBUG] armors=1, targets=1
[2026-09-05 13:35:27.698] [info] [DRYRUN] measured_gimbal=(2.826,0.333,-0.050) measured_world=(2.830,0.269,-0.136) tracked_world=(2.836,0.270,-0.136) target_gimbal_deg=(6.73,-1.01) target_world_deg=(5.44,-2.74) gimbal_deg=(-1.29,1.74) armor_y_px=626.9 pixel_error_deg=(-6.03,2.13) ballistic=(range=2.845m holdover=0.545m comp=10.63deg residual=-8.50deg) q_wxyz=(0.999821,-0.000172,0.015222,0.011279) cmd_deg=(5.44,-12.28) packed_pitch_deg=-12.28 control=true shoot=false
[DEBUG] armors=1, targets=1
[DEBUG] armors=1, targets=1
[DEBUG] armors=1, targets=1
[DEBUG] armors=1, targets=1
[DEBUG] armors=1, targets=1
[DEBUG] armors=1, targets=1
[DEBUG] armors=1, targets=1
[DEBUG] armors=1, targets=1
[DEBUG] armors=1, targets=1
[DEBUG] armors=1, targets=1
[DEBUG] armors=1, targets=1
[DEBUG] armors=1, targets=1
[DEBUG] armors=1, targets=1
[DEBUG] armors=1, targets=1
[DEBUG] armors=1, targets=1
[DEBUG] armors=1, targets=1
[DEBUG] armors=1, targets=1
[DEBUG] armors=1, targets=1
[DEBUG] armors=1, targets=1
[2026-09-05 13:35:27.995] [info] [SYNC][XUC] mode=0 yaw=1.29 deg pitch=1.74 deg feeder_rpm=0.00 wheel0_rpm=0 wheel1_rpm=0 wheel_delta=0 projectile_speed=12.80
[DEBUG] armors=1, targets=1
[2026-09-05 13:35:28.008] [info] [DRYRUN] measured_gimbal=(2.867,0.339,-0.051) measured_world=(2.871,0.274,-0.138) tracked_world=(2.835,0.270,-0.136) target_gimbal_deg=(6.74,-1.02) target_world_deg=(5.45,-2.75) gimbal_deg=(-1.29,1.74) armor_y_px=626.6 pixel_error_deg=(-6.03,2.12) ballistic=(range=2.887m holdover=0.556m comp=10.69deg residual=-8.57deg) q_wxyz=(0.999821,-0.000172,0.015222,0.011279) cmd_deg=(5.44,-12.34) packed_pitch_deg=-12.34 control=true shoot=false
[2026-09-05 13:35:28.010] [info] [PERF] 总耗时=15.5ms (检测=12.6ms, 跟踪=0.5ms), FPS=64.3
[2026-09-05 13:35:28.010] [info] 📊 [CAMERA FPS] 瞬时帧率=64.2fps, 平均帧率=65.0fps, 总帧数=3600, 运行时间=55.4s
[DEBUG] armors=1, targets=1
[DEBUG] armors=1, targets=1
[DEBUG] armors=1, targets=1
[DEBUG] armors=1, targets=1
[DEBUG] armors=1, targets=1
[DEBUG] armors=1, targets=1
[DEBUG] armors=1, targets=1
[DEBUG] armors=1, targets=1
[DEBUG] armors=1, targets=1
[DEBUG] armors=1, targets=1
[DEBUG] armors=1, targets=1
[DEBUG] armors=1, targets=1
[DEBUG] armors=1, targets=1
[DEBUG] armors=1, targets=1
[DEBUG] armors=1, targets=1
[DEBUG] armors=1, targets=1
[DEBUG] armors=1, targets=1
[DEBUG] armors=1, targets=1
[DEBUG] armors=1, targets=1
[DEBUG] armors=1, targets=1
[2026-09-05 13:35:28.319] [info] [DRYRUN] measured_gimbal=(2.832,0.334,-0.050) measured_world=(2.836,0.270,-0.136) tracked_world=(2.830,0.270,-0.136) target_gimbal_deg=(6.73,-1.00) target_world_deg=(5.44,-2.74) gimbal_deg=(-1.29,1.74) armor_y_px=626.7 pixel_error_deg=(-6.03,2.13) ballistic=(range=2.852m holdover=0.547m comp=10.64deg residual=-8.51deg) q_wxyz=(0.999821,-0.000172,0.015222,0.011279) cmd_deg=(5.44,-12.31) packed_pitch_deg=-12.31 control=true shoot=false
[DEBUG] armors=1, targets=1
[DEBUG] armors=1, targets=1
[DEBUG] armors=1, targets=1
[DEBUG] armors=1, targets=1
[DEBUG] armors=1, targets=1
[DEBUG] armors=1, targets=1
[DEBUG] armors=1, targets=1
[DEBUG] armors=1, targets=1
[DEBUG] armors=1, targets=1
[DEBUG] armors=1, targets=1
[DEBUG] armors=1, targets=1
[DEBUG] armors=1, targets=1
[DEBUG] armors=1, targets=1
[DEBUG] armors=1, targets=1
[DEBUG] armors=1, targets=1
[DEBUG] armors=1, targets=1
[DEBUG] armors=1, targets=1
[DEBUG] armors=1, targets=1
[DEBUG] armors=1, targets=1
[DEBUG] armors=1, targets=1
[2026-09-05 13:35:28.632] [info] [DRYRUN] measured_gimbal=(2.838,0.335,-0.050) measured_world=(2.842,0.271,-0.136) tracked_world=(2.831,0.270,-0.136) target_gimbal_deg=(6.74,-1.00) target_world_deg=(5.45,-2.74) gimbal_deg=(-1.29,1.74) armor_y_px=626.7 pixel_error_deg=(-6.04,2.13) ballistic=(range=2.857m holdover=0.548m comp=10.64deg residual=-8.52deg) q_wxyz=(0.999821,-0.000172,0.015222,0.011279) cmd_deg=(5.44,-12.31) packed_pitch_deg=-12.31 control=true shoot=false
[DEBUG] armors=1, targets=1
[DEBUG] armors=1, targets=1
[DEBUG] armors=1, targets=1
[DEBUG] armors=1, targets=1
[DEBUG] armors=1, targets=1
[DEBUG] armors=1, targets=1
[DEBUG] armors=1, targets=1
[DEBUG] armors=1, targets=1
[DEBUG] armors=1, targets=1
[2026-09-05 13:35:28.773] [info] [SYNC][XUC] mode=0 yaw=1.29 deg pitch=1.74 deg feeder_rpm=0.00 wheel0_rpm=0 wheel1_rpm=0 wheel_delta=0 projectile_speed=12.80
[DEBUG] armors=1, targets=1
[2026-09-05 13:35:28.788] [info] [PERF] 总耗时=15.7ms (检测=13.0ms, 跟踪=0.5ms), FPS=63.8
[2026-09-05 13:35:28.788] [info] 📊 [CAMERA FPS] 瞬时帧率=63.6fps, 平均帧率=65.0fps, 总帧数=3650, 运行时间=56.2s
[DEBUG] armors=1, targets=1
[DEBUG] armors=1, targets=1
[DEBUG] armors=1, targets=1
[DEBUG] armors=1, targets=1
[DEBUG] armors=1, targets=1
[DEBUG] armors=1, targets=1
[DEBUG] armors=1, targets=1
[DEBUG] armors=1, targets=1
[DEBUG] armors=1, targets=1
[DEBUG] armors=1, targets=1
[2026-09-05 13:35:28.939] [info] [DRYRUN] measured_gimbal=(2.824,0.333,-0.050) measured_world=(2.828,0.269,-0.136) tracked_world=(2.833,0.270,-0.136) target_gimbal_deg=(6.73,-1.00) target_world_deg=(5.44,-2.74) gimbal_deg=(-1.29,1.74) armor_y_px=626.9 pixel_error_deg=(-6.03,2.13) ballistic=(range=2.843m holdover=0.545m comp=10.62deg residual=-8.49deg) q_wxyz=(0.999821,-0.000172,0.015222,0.011279) cmd_deg=(5.44,-12.26) packed_pitch_deg=-12.26 control=true shoot=false
[DEBUG] armors=1, targets=1
[DEBUG] armors=1, targets=1
[DEBUG] armors=1, targets=1
[DEBUG] armors=1, targets=1
[DEBUG] armors=1, targets=1
[DEBUG] armors=1, targets=1
[DEBUG] armors=1, targets=1
[DEBUG] armors=1, targets=1
[DEBUG] armors=1, targets=1
[DEBUG] armors=1, targets=1
[DEBUG] armors=1, targets=1
[DEBUG] armors=1, targets=1
[DEBUG] armors=1, targets=1
[DEBUG] armors=1, targets=1
[DEBUG] armors=1, targets=1
[DEBUG] armors=1, targets=1
[DEBUG] armors=1, targets=1
[DEBUG] armors=1, targets=1
[DEBUG] armors=1, targets=1
[DEBUG] armors=1, targets=1
[2026-09-05 13:35:29.247] [info] [DRYRUN] measured_gimbal=(2.831,0.334,-0.050) measured_world=(2.835,0.270,-0.136) tracked_world=(2.838,0.270,-0.136) target_gimbal_deg=(6.73,-1.00) target_world_deg=(5.44,-2.73) gimbal_deg=(-1.29,1.74) armor_y_px=626.7 pixel_error_deg=(-6.03,2.13) ballistic=(range=2.851m holdover=0.546m comp=10.63deg residual=-8.51deg) q_wxyz=(0.999821,-0.000172,0.015222,0.011279) cmd_deg=(5.44,-12.31) packed_pitch_deg=-12.31 control=true shoot=false
[DEBUG] armors=1, targets=1
[DEBUG] armors=1, targets=1
[DEBUG] armors=1, targets=1
[DEBUG] armors=1, targets=1
[DEBUG] armors=1, targets=1
[DEBUG] armors=1, targets=1
[DEBUG] armors=1, targets=1
[DEBUG] armors=1, targets=1
[DEBUG] armors=1, targets=1
[DEBUG] armors=1, targets=1
[DEBUG] armors=1, targets=1
[DEBUG] armors=1, targets=1
[DEBUG] armors=1, targets=1
[DEBUG] armors=1, targets=1
[DEBUG] armors=1, targets=1
[DEBUG] armors=1, targets=1
[DEBUG] armors=1, targets=1
[DEBUG] armors=1, targets=1
[DEBUG] armors=1, targets=1
[2026-09-05 13:35:29.544] [info] [SYNC][XUC] mode=0 yaw=1.29 deg pitch=1.74 deg feeder_rpm=0.00 wheel0_rpm=0 wheel1_rpm=0 wheel_delta=0 projectile_speed=12.80
[DEBUG] armors=1, targets=1
[2026-09-05 13:35:29.558] [info] [DRYRUN] measured_gimbal=(2.827,0.333,-0.050) measured_world=(2.831,0.269,-0.136) tracked_world=(2.837,0.270,-0.136) target_gimbal_deg=(6.72,-1.00) target_world_deg=(5.43,-2.73) gimbal_deg=(-1.29,1.74) armor_y_px=626.8 pixel_error_deg=(-6.02,2.13) ballistic=(range=2.846m holdover=0.545m comp=10.63deg residual=-8.50deg) q_wxyz=(0.999821,-0.000172,0.015222,0.011279) cmd_deg=(5.45,-12.28) packed_pitch_deg=-12.28 control=true shoot=false
[2026-09-05 13:35:29.560] [info] [PERF] 总耗时=15.6ms (检测=12.9ms, 跟踪=0.5ms), FPS=64.1
[2026-09-05 13:35:29.560] [info] 📊 [CAMERA FPS] 瞬时帧率=64.0fps, 平均帧率=65.0fps, 总帧数=3700, 运行时间=57.0s
[DEBUG] armors=1, targets=1
[DEBUG] armors=1, targets=1
[DEBUG] armors=1, targets=1
[DEBUG] armors=1, targets=1
[DEBUG] armors=1, targets=1
[DEBUG] armors=1, targets=1
[DEBUG] armors=1, targets=1
[DEBUG] armors=1, targets=1
[DEBUG] armors=1, targets=1
[DEBUG] armors=1, targets=1
[DEBUG] armors=1, targets=1
[DEBUG] armors=1, targets=1
[DEBUG] armors=1, targets=1
[DEBUG] armors=1, targets=1
[DEBUG] armors=1, targets=1
[DEBUG] armors=1, targets=1
[DEBUG] armors=1, targets=1
[DEBUG] armors=1, targets=1
[DEBUG] armors=1, targets=1
[DEBUG] armors=1, targets=1
[2026-09-05 13:35:29.868] [info] [DRYRUN] measured_gimbal=(2.830,0.334,-0.050) measured_world=(2.834,0.270,-0.136) tracked_world=(2.837,0.270,-0.136) target_gimbal_deg=(6.73,-1.00) target_world_deg=(5.44,-2.74) gimbal_deg=(-1.29,1.74) armor_y_px=626.7 pixel_error_deg=(-6.03,2.13) ballistic=(range=2.850m holdover=0.546m comp=10.63deg residual=-8.51deg) q_wxyz=(0.999821,-0.000172,0.015222,0.011279) cmd_deg=(5.44,-12.28) packed_pitch_deg=-12.28 control=true shoot=false
[DEBUG] armors=1, targets=1
[DEBUG] armors=1, targets=1
[DEBUG] armors=1, targets=1
[DEBUG] armors=1, targets=1
[DEBUG] armors=1, targets=1
[DEBUG] armors=1, targets=1
[DEBUG] armors=1, targets=1
[DEBUG] armors=1, targets=1
[DEBUG] armors=1, targets=1
[DEBUG] armors=1, targets=1
[DEBUG] armors=1, targets=1
[DEBUG] armors=1, targets=1
[DEBUG] armors=1, targets=1
[DEBUG] armors=1, targets=1
[DEBUG] armors=1, targets=1
[DEBUG] armors=1, targets=1
[DEBUG] armors=1, targets=1
[DEBUG] armors=1, targets=1
[DEBUG] armors=1, targets=1
[DEBUG] armors=1, targets=1
[2026-09-05 13:35:30.180] [info] [DRYRUN] measured_gimbal=(2.862,0.338,-0.051) measured_world=(2.866,0.274,-0.138) tracked_world=(2.839,0.271,-0.136) target_gimbal_deg=(6.74,-1.01) target_world_deg=(5.45,-2.75) gimbal_deg=(-1.29,1.74) armor_y_px=626.7 pixel_error_deg=(-6.03,2.13) ballistic=(range=2.882m holdover=0.555m comp=10.68deg residual=-8.56deg) q_wxyz=(0.999821,-0.000172,0.015222,0.011279) cmd_deg=(5.43,-12.31) packed_pitch_deg=-12.31 control=true shoot=false
[DEBUG] armors=1, targets=1
[DEBUG] armors=1, targets=1
[DEBUG] armors=1, targets=1
[DEBUG] armors=1, targets=1
[DEBUG] armors=1, targets=1
[DEBUG] armors=1, targets=1
[DEBUG] armors=1, targets=1
[DEBUG] armors=1, targets=1
[DEBUG] armors=1, targets=1
[2026-09-05 13:35:30.322] [info] [SYNC][XUC] mode=0 yaw=1.29 deg pitch=1.74 deg feeder_rpm=0.00 wheel0_rpm=0 wheel1_rpm=0 wheel_delta=0 projectile_speed=12.80
[DEBUG] armors=1, targets=1
[2026-09-05 13:35:30.337] [info] [PERF] 总耗时=15.4ms (检测=12.8ms, 跟踪=0.4ms), FPS=64.8
[2026-09-05 13:35:30.337] [info] 📊 [CAMERA FPS] 瞬时帧率=64.7fps, 平均帧率=64.9fps, 总帧数=3750, 运行时间=57.7s
[DEBUG] armors=1, targets=1
[DEBUG] armors=1, targets=1
[DEBUG] armors=1, targets=1
[DEBUG] armors=1, targets=1
[DEBUG] armors=1, targets=1
[DEBUG] armors=1, targets=1
[DEBUG] armors=1, targets=1
[DEBUG] armors=1, targets=1
[DEBUG] armors=1, targets=1
[DEBUG] armors=1, targets=1
[2026-09-05 13:35:30.491] [info] [DRYRUN] measured_gimbal=(2.826,0.333,-0.050) measured_world=(2.830,0.270,-0.136) tracked_world=(2.840,0.271,-0.136) target_gimbal_deg=(6.73,-1.00) target_world_deg=(5.44,-2.73) gimbal_deg=(-1.29,1.74) armor_y_px=626.6 pixel_error_deg=(-6.03,2.12) ballistic=(range=2.846m holdover=0.545m comp=10.63deg residual=-8.50deg) q_wxyz=(0.999821,-0.000172,0.015222,0.011279) cmd_deg=(5.45,-12.31) packed_pitch_deg=-12.31 control=true shoot=false
[DEBUG] armors=1, targets=1
[DEBUG] armors=1, targets=1
[DEBUG] armors=1, targets=1
[DEBUG] armors=1, targets=1
[DEBUG] armors=1, targets=1
[DEBUG] armors=1, targets=1
[DEBUG] armors=1, targets=1
[DEBUG] armors=1, targets=1
[DEBUG] armors=1, targets=1
[DEBUG] armors=1, targets=1
[DEBUG] armors=1, targets=1
[DEBUG] armors=1, targets=1
[DEBUG] armors=1, targets=1
[DEBUG] armors=1, targets=1
[DEBUG] armors=1, targets=1
[DEBUG] armors=1, targets=1
[DEBUG] armors=1, targets=1
[DEBUG] armors=1, targets=1
[DEBUG] armors=1, targets=1
[DEBUG] armors=1, targets=1
[2026-09-05 13:35:30.814] [info] [DRYRUN] measured_gimbal=(2.838,0.335,-0.050) measured_world=(2.842,0.271,-0.137) tracked_world=(2.841,0.271,-0.137) target_gimbal_deg=(6.73,-1.01) target_world_deg=(5.45,-2.74) gimbal_deg=(-1.29,1.74) armor_y_px=626.8 pixel_error_deg=(-6.03,2.13) ballistic=(range=2.858m holdover=0.548m comp=10.65deg residual=-8.52deg) q_wxyz=(0.999821,-0.000172,0.015222,0.011279) cmd_deg=(5.44,-12.32) packed_pitch_deg=-12.32 control=true shoot=false
[DEBUG] armors=1, targets=1
[DEBUG] armors=1, targets=1
[DEBUG] armors=1, targets=1
[DEBUG] armors=1, targets=1
[DEBUG] armors=1, targets=1
[DEBUG] armors=1, targets=1
[DEBUG] armors=1, targets=1
[DEBUG] armors=1, targets=1
[DEBUG] armors=1, targets=1
[DEBUG] armors=1, targets=1
[DEBUG] armors=1, targets=1
[DEBUG] armors=1, targets=1
[DEBUG] armors=1, targets=1
[DEBUG] armors=1, targets=1
[DEBUG] armors=1, targets=1
[DEBUG] armors=1, targets=1
[DEBUG] armors=1, targets=1
[DEBUG] armors=1, targets=1
[DEBUG] armors=1, targets=1
[2026-09-05 13:35:31.113] [info] [SYNC][XUC] mode=0 yaw=1.29 deg pitch=1.74 deg feeder_rpm=0.00 wheel0_rpm=0 wheel1_rpm=0 wheel_delta=0 projectile_speed=12.80
[DEBUG] armors=1, targets=1
[2026-09-05 13:35:31.126] [info] [DRYRUN] measured_gimbal=(2.842,0.336,-0.051) measured_world=(2.846,0.272,-0.137) tracked_world=(2.848,0.271,-0.137) target_gimbal_deg=(6.74,-1.01) target_world_deg=(5.45,-2.74) gimbal_deg=(-1.29,1.74) armor_y_px=626.9 pixel_error_deg=(-6.04,2.13) ballistic=(range=2.862m holdover=0.549m comp=10.65deg residual=-8.52deg) q_wxyz=(0.999821,-0.000172,0.015222,0.011279) cmd_deg=(5.44,-12.34) packed_pitch_deg=-12.34 control=true shoot=false
[2026-09-05 13:35:31.129] [info] [PERF] 总耗时=15.8ms (检测=12.6ms, 跟踪=0.5ms), FPS=63.4
[2026-09-05 13:35:31.129] [info] 📊 [CAMERA FPS] 瞬时帧率=63.2fps, 平均帧率=64.9fps, 总帧数=3800, 运行时间=58.5s
[DEBUG] armors=1, targets=1
[DEBUG] armors=1, targets=1
[DEBUG] armors=1, targets=1
[DEBUG] armors=1, targets=1
[DEBUG] armors=1, targets=1
[DEBUG] armors=1, targets=1
[DEBUG] armors=1, targets=1
[DEBUG] armors=1, targets=1
[DEBUG] armors=1, targets=1
[DEBUG] armors=1, targets=1
[DEBUG] armors=1, targets=1
[DEBUG] armors=1, targets=1
[DEBUG] armors=1, targets=1
[DEBUG] armors=1, targets=1
[DEBUG] armors=1, targets=1
[DEBUG] armors=1, targets=1
[2026-09-05 13:35:31.378] [info] Switch to auto_aim
[DEBUG] armors=1, targets=1
[DEBUG] armors=1, targets=1
[DEBUG] armors=1, targets=1
[2026-09-05 13:35:31.426] [info] [SYNC][XUC] mode=1 yaw=0.39 deg pitch=1.71 deg feeder_rpm=0.00 wheel0_rpm=660 wheel1_rpm=1440 wheel_delta=-780 projectile_speed=12.80
[DEBUG] armors=1, targets=1
[2026-09-05 13:35:31.439] [info] [DRYRUN] measured_gimbal=(2.799,0.277,-0.051) measured_world=(2.798,0.258,-0.135) tracked_world=(2.841,0.270,-0.137) target_gimbal_deg=(5.65,-1.05) target_world_deg=(5.27,-2.75) gimbal_deg=(-0.39,1.71) armor_y_px=629.0 pixel_error_deg=(-4.96,2.18) ballistic=(range=2.813m holdover=0.537m comp=10.58deg residual=-8.40deg) q_wxyz=(0.999883,-0.000051,0.014893,0.003414) cmd_deg=(5.55,-12.33) packed_pitch_deg=-12.33 control=true shoot=false
[DEBUG] armors=1, targets=1
[DEBUG] armors=1, targets=1
[DEBUG] armors=1, targets=1
[DEBUG] armors=0, targets=1
[2026-09-05 13:35:31.505] [info] [SYNC][XUC] mode=1 yaw=-8.01 deg pitch=-0.03 deg feeder_rpm=0.00 wheel0_rpm=1680 wheel1_rpm=2780 wheel_delta=-1100 projectile_speed=12.80
[DEBUG] armors=1, targets=1
[DEBUG] armors=1, targets=1
[DEBUG] armors=1, targets=1
[DEBUG] armors=0, targets=1
[DEBUG] armors=1, targets=1
[2026-09-05 13:35:31.582] [info] [SYNC][XUC] mode=1 yaw=-5.92 deg pitch=-3.63 deg feeder_rpm=0.00 wheel0_rpm=2040 wheel1_rpm=3080 wheel_delta=-1040 projectile_speed=12.80
[DEBUG] armors=1, targets=1
[DEBUG] armors=1, targets=1
[DEBUG] armors=1, targets=1
[DEBUG] armors=1, targets=1
[2026-09-05 13:35:31.642] [info] [XUC][FIRE] stable-window candidate started
[DEBUG] armors=1, targets=1
[2026-09-05 13:35:31.661] [info] [SYNC][XUC] mode=1 yaw=-3.49 deg pitch=-5.73 deg feeder_rpm=0.00 wheel0_rpm=2280 wheel1_rpm=3140 wheel_delta=-860 projectile_speed=12.80
[DEBUG] armors=1, targets=1
[DEBUG] armors=1, targets=1
[DEBUG] armors=1, targets=1
[DEBUG] armors=1, targets=1
[DEBUG] armors=1, targets=1
[2026-09-05 13:35:31.740] [info] [SYNC][XUC] mode=1 yaw=-5.87 deg pitch=-6.30 deg feeder_rpm=0.00 wheel0_rpm=2360 wheel1_rpm=3180 wheel_delta=-820 projectile_speed=12.80
[DEBUG] armors=1, targets=1
[2026-09-05 13:35:31.755] [info] [DRYRUN] measured_gimbal=(2.882,-0.017,-0.479) measured_world=(2.903,0.281,-0.160) tracked_world=(2.848,0.277,-0.156) target_gimbal_deg=(-0.34,-9.44) target_world_deg=(5.53,-3.13) gimbal_deg=(5.87,-6.30) armor_y_px=973.4 pixel_error_deg=(1.08,10.51) ballistic=(range=2.882m holdover=0.548m comp=10.56deg residual=-0.05deg) q_wxyz=(0.997175,-0.002818,-0.054921,-0.051157) cmd_deg=(5.62,-6.47) packed_pitch_deg=-6.47 control=true shoot=false
[DEBUG] armors=1, targets=1
[DEBUG] armors=0, targets=1
[2026-09-05 13:35:31.788] [info] [XUC][FIRE] stable window reset
[DEBUG] armors=0, targets=1
[DEBUG] armors=0, targets=1
[2026-09-05 13:35:31.822] [info] [SYNC][XUC] mode=1 yaw=-5.88 deg pitch=-6.41 deg feeder_rpm=0.00 wheel0_rpm=2600 wheel1_rpm=3160 wheel_delta=-560 projectile_speed=12.80
[DEBUG] armors=0, targets=1
[DEBUG] armors=1, targets=1
[2026-09-05 13:35:31.854] [info] [XUC][FIRE] stable-window candidate started
[DEBUG] armors=1, targets=1
[DEBUG] armors=0, targets=1
[2026-09-05 13:35:31.885] [info] [XUC][FIRE] stable window reset
[DEBUG] armors=1, targets=1
[2026-09-05 13:35:31.901] [info] [XUC][FIRE] stable-window candidate started
[2026-09-05 13:35:31.903] [info] [SYNC][XUC] mode=1 yaw=-5.92 deg pitch=-6.39 deg feeder_rpm=0.00 wheel0_rpm=2620 wheel1_rpm=3160 wheel_delta=-540 projectile_speed=12.80
[DEBUG] armors=1, targets=1
[2026-09-05 13:35:31.919] [info] [PERF] 总耗时=15.6ms (检测=12.7ms, 跟踪=0.5ms), FPS=64.0
[2026-09-05 13:35:31.919] [info] 📊 [CAMERA FPS] 瞬时帧率=63.8fps, 平均帧率=64.9fps, 总帧数=3850, 运行时间=59.3s
[DEBUG] armors=0, targets=1
[2026-09-05 13:35:31.932] [info] [XUC][FIRE] stable window reset
[DEBUG] armors=0, targets=1
[DEBUG] armors=1, targets=1
[2026-09-05 13:35:31.963] [info] [XUC][FIRE] stable-window candidate started
[DEBUG] armors=0, targets=1
[2026-09-05 13:35:31.978] [info] [XUC][FIRE] stable window reset
[2026-09-05 13:35:31.980] [info] [SYNC][XUC] mode=1 yaw=-5.89 deg pitch=-6.33 deg feeder_rpm=0.00 wheel0_rpm=2740 wheel1_rpm=3200 wheel_delta=-460 projectile_speed=12.80
[DEBUG] armors=1, targets=1
[2026-09-05 13:35:31.994] [info] [XUC][FIRE] stable-window candidate started
[DEBUG] armors=1, targets=1
[DEBUG] armors=1, targets=1
[DEBUG] armors=1, targets=1
[DEBUG] armors=1, targets=1
[2026-09-05 13:35:32.058] [info] [SYNC][XUC] mode=1 yaw=-5.90 deg pitch=-6.32 deg feeder_rpm=0.00 wheel0_rpm=2740 wheel1_rpm=3200 wheel_delta=-460 projectile_speed=12.80
[DEBUG] armors=1, targets=1
[2026-09-05 13:35:32.072] [info] [DRYRUN] measured_gimbal=(2.874,-0.014,-0.476) measured_world=(2.895,0.285,-0.157) tracked_world=(2.857,0.283,-0.158) target_gimbal_deg=(-0.27,-9.41) target_world_deg=(5.63,-3.09) gimbal_deg=(5.90,-6.32) armor_y_px=972.5 pixel_error_deg=(1.01,10.49) ballistic=(range=2.874m holdover=0.546m comp=10.55deg residual=-0.06deg) q_wxyz=(0.997161,-0.002832,-0.055010,-0.051343) cmd_deg=(5.73,-6.31) packed_pitch_deg=-6.31 control=true shoot=false
[DEBUG] armors=1, targets=1
[DEBUG] armors=0, targets=1
[2026-09-05 13:35:32.102] [info] [XUC][FIRE] stable window reset
[DEBUG] armors=1, targets=1
[2026-09-05 13:35:32.117] [info] [XUC][FIRE] stable-window candidate started
[DEBUG] armors=1, targets=1
[2026-09-05 13:35:32.135] [info] [SYNC][XUC] mode=1 yaw=-5.91 deg pitch=-6.28 deg feeder_rpm=0.00 wheel0_rpm=2840 wheel1_rpm=3160 wheel_delta=-320 projectile_speed=12.80
[DEBUG] armors=1, targets=1
[DEBUG] armors=1, targets=1
[DEBUG] armors=1, targets=1
[DEBUG] armors=1, targets=1
[DEBUG] armors=1, targets=1
[2026-09-05 13:35:32.212] [info] [SYNC][XUC] mode=1 yaw=-5.92 deg pitch=-6.27 deg feeder_rpm=0.00 wheel0_rpm=2860 wheel1_rpm=3180 wheel_delta=-320 projectile_speed=12.80
[DEBUG] armors=1, targets=1
[DEBUG] armors=1, targets=1
[DEBUG] armors=1, targets=1
[DEBUG] armors=0, targets=1
[2026-09-05 13:35:32.270] [info] [XUC][FIRE] stable window reset
[DEBUG] armors=1, targets=1
[2026-09-05 13:35:32.285] [info] [XUC][FIRE] stable-window candidate started
[2026-09-05 13:35:32.288] [info] [SYNC][XUC] mode=1 yaw=-5.88 deg pitch=-6.29 deg feeder_rpm=0.00 wheel0_rpm=2880 wheel1_rpm=3160 wheel_delta=-280 projectile_speed=12.80
[DEBUG] armors=1, targets=1
[DEBUG] armors=1, targets=1
[DEBUG] armors=1, targets=1
[DEBUG] armors=1, targets=1
[DEBUG] armors=1, targets=1
[2026-09-05 13:35:32.365] [info] [SYNC][XUC] mode=1 yaw=-5.88 deg pitch=-6.27 deg feeder_rpm=0.00 wheel0_rpm=2880 wheel1_rpm=3140 wheel_delta=-260 projectile_speed=12.80
[DEBUG] armors=1, targets=1
[2026-09-05 13:35:32.378] [info] [DRYRUN] measured_gimbal=(2.918,-0.011,-0.483) measured_world=(2.939,0.292,-0.161) tracked_world=(2.889,0.278,-0.160) target_gimbal_deg=(-0.22,-9.40) target_world_deg=(5.67,-3.13) gimbal_deg=(5.88,-6.27) armor_y_px=971.3 pixel_error_deg=(0.96,10.46) ballistic=(range=2.918m holdover=0.558m comp=10.62deg residual=-0.16deg) q_wxyz=(0.997188,-0.002807,-0.054621,-0.051237) cmd_deg=(5.47,-6.51) packed_pitch_deg=-6.51 control=true shoot=false
[DEBUG] armors=1, targets=1
[DEBUG] armors=1, targets=1
[DEBUG] armors=1, targets=1
[DEBUG] armors=1, targets=1
[2026-09-05 13:35:32.443] [info] [SYNC][XUC] mode=1 yaw=-5.90 deg pitch=-6.29 deg feeder_rpm=0.00 wheel0_rpm=2880 wheel1_rpm=3120 wheel_delta=-240 projectile_speed=12.80
[DEBUG] armors=0, targets=1
[2026-09-05 13:35:32.456] [info] [XUC][FIRE] stable window reset
[DEBUG] armors=1, targets=1
[2026-09-05 13:35:32.471] [info] [XUC][FIRE] stable-window candidate started
[DEBUG] armors=1, targets=1
[DEBUG] armors=0, targets=1
[2026-09-05 13:35:32.502] [info] [XUC][FIRE] stable window reset
[DEBUG] armors=1, targets=1
[2026-09-05 13:35:32.518] [info] [XUC][FIRE] stable-window candidate started
[2026-09-05 13:35:32.521] [info] [SYNC][XUC] mode=1 yaw=-5.88 deg pitch=-6.29 deg feeder_rpm=0.00 wheel0_rpm=2940 wheel1_rpm=3160 wheel_delta=-220 projectile_speed=12.80
[DEBUG] armors=1, targets=1
[DEBUG] armors=1, targets=1
[DEBUG] armors=1, targets=1
[DEBUG] armors=1, targets=1
[DEBUG] armors=1, targets=1
[2026-09-05 13:35:32.601] [info] [SYNC][XUC] mode=1 yaw=-5.88 deg pitch=-6.28 deg feeder_rpm=0.00 wheel0_rpm=2940 wheel1_rpm=3180 wheel_delta=-240 projectile_speed=12.80
[DEBUG] armors=1, targets=1
[DEBUG] armors=1, targets=1
[DEBUG] armors=0, targets=1
[2026-09-05 13:35:32.646] [info] [XUC][FIRE] stable window reset
[DEBUG] armors=1, targets=1
[2026-09-05 13:35:32.661] [info] [XUC][FIRE] stable-window candidate started
[DEBUG] armors=1, targets=1
[2026-09-05 13:35:32.678] [info] [SYNC][XUC] mode=1 yaw=-5.89 deg pitch=-6.26 deg feeder_rpm=0.00 wheel0_rpm=2960 wheel1_rpm=3160 wheel_delta=-200 projectile_speed=12.80
[DEBUG] armors=1, targets=1
[2026-09-05 13:35:32.691] [info] [DRYRUN] measured_gimbal=(2.807,-0.012,-0.463) measured_world=(2.827,0.279,-0.154) tracked_world=(2.893,0.286,-0.158) target_gimbal_deg=(-0.25,-9.36) target_world_deg=(5.64,-3.09) gimbal_deg=(5.89,-6.26) armor_y_px=971.6 pixel_error_deg=(0.96,10.47) ballistic=(range=2.807m holdover=0.528m comp=10.44deg residual=0.03deg) q_wxyz=(0.997190,-0.002805,-0.054568,-0.051259) cmd_deg=(5.72,-6.33) packed_pitch_deg=-6.33 control=true shoot=false
[2026-09-05 13:35:32.693] [info] [PERF] 总耗时=15.1ms (检测=12.3ms, 跟踪=0.4ms), FPS=66.2
[2026-09-05 13:35:32.693] [info] 📊 [CAMERA FPS] 瞬时帧率=66.0fps, 平均帧率=64.9fps, 总帧数=3900, 运行时间=60.1s
[DEBUG] armors=1, targets=1
[DEBUG] armors=1, targets=1
[DEBUG] armors=1, targets=1
[DEBUG] armors=0, targets=1
[2026-09-05 13:35:32.751] [info] [XUC][FIRE] stable window reset
[2026-09-05 13:35:32.754] [info] [SYNC][XUC] mode=1 yaw=-5.89 deg pitch=-6.26 deg feeder_rpm=0.00 wheel0_rpm=3000 wheel1_rpm=3160 wheel_delta=-160 projectile_speed=12.80
[DEBUG] armors=1, targets=1
[2026-09-05 13:35:32.767] [info] [XUC][FIRE] stable-window candidate started
[DEBUG] armors=1, targets=1
[DEBUG] armors=1, targets=1
[DEBUG] armors=1, targets=1
[DEBUG] armors=1, targets=1
[2026-09-05 13:35:32.833] [info] [SYNC][XUC] mode=1 yaw=-5.89 deg pitch=-6.27 deg feeder_rpm=0.00 wheel0_rpm=2940 wheel1_rpm=3160 wheel_delta=-220 projectile_speed=12.80
[DEBUG] armors=1, targets=1
[DEBUG] armors=1, targets=1
[DEBUG] armors=1, targets=1
[DEBUG] armors=0, targets=1
[2026-09-05 13:35:32.894] [info] [XUC][FIRE] stable window reset
[DEBUG] armors=0, targets=1
[2026-09-05 13:35:32.912] [info] [SYNC][XUC] mode=1 yaw=-5.89 deg pitch=-6.28 deg feeder_rpm=0.00 wheel0_rpm=2960 wheel1_rpm=3140 wheel_delta=-180 projectile_speed=12.80
[DEBUG] armors=1, targets=1
[2026-09-05 13:35:32.926] [info] [XUC][FIRE] stable-window candidate started
[DEBUG] armors=1, targets=1
[DEBUG] armors=0, targets=1
[2026-09-05 13:35:32.956] [info] [XUC][FIRE] stable window reset
[DEBUG] armors=0, targets=1
[DEBUG] armors=1, targets=1
[2026-09-05 13:35:32.987] [info] [XUC][FIRE] stable-window candidate started
[2026-09-05 13:35:32.990] [info] [SYNC][XUC] mode=1 yaw=-5.90 deg pitch=-6.28 deg feeder_rpm=0.00 wheel0_rpm=2980 wheel1_rpm=3160 wheel_delta=-180 projectile_speed=12.80
[DEBUG] armors=1, targets=1
[2026-09-05 13:35:33.004] [info] [DRYRUN] measured_gimbal=(2.914,-0.012,-0.483) measured_world=(2.935,0.291,-0.161) tracked_world=(2.913,0.290,-0.160) target_gimbal_deg=(-0.23,-9.42) target_world_deg=(5.67,-3.13) gimbal_deg=(5.90,-6.28) armor_y_px=972.1 pixel_error_deg=(0.97,10.48) ballistic=(range=2.914m holdover=0.557m comp=10.61deg residual=-0.13deg) q_wxyz=(0.997176,-0.002819,-0.054733,-0.051351) cmd_deg=(5.73,-6.46) packed_pitch_deg=-6.46 control=true shoot=false
[DEBUG] armors=1, targets=1
[DEBUG] armors=1, targets=1
[DEBUG] armors=1, targets=1
[DEBUG] armors=1, targets=1
[2026-09-05 13:35:33.069] [info] [SYNC][XUC] mode=1 yaw=-5.90 deg pitch=-6.27 deg feeder_rpm=0.00 wheel0_rpm=3020 wheel1_rpm=3180 wheel_delta=-160 projectile_speed=12.80
[DEBUG] armors=1, targets=1
[DEBUG] armors=1, targets=1
[DEBUG] armors=1, targets=1
[DEBUG] armors=1, targets=1
[DEBUG] armors=1, targets=1
[2026-09-05 13:35:33.150] [info] [SYNC][XUC] mode=1 yaw=-5.90 deg pitch=-6.27 deg feeder_rpm=0.00 wheel0_rpm=2980 wheel1_rpm=3140 wheel_delta=-160 projectile_speed=12.80
[DEBUG] armors=1, targets=1
[DEBUG] armors=1, targets=1
[DEBUG] armors=1, targets=1
[2026-09-05 13:35:33.194] [info] [XUC][FIRE] qualified after 207 ms, pixel error deg=(0.97,-0.14)
[DEBUG] armors=0, targets=1
[2026-09-05 13:35:33.210] [info] [XUC][FIRE] stable window reset
[DEBUG] armors=0, targets=1
[2026-09-05 13:35:33.227] [info] [SYNC][XUC] mode=1 yaw=-5.90 deg pitch=-6.26 deg feeder_rpm=1190.00 wheel0_rpm=3040 wheel1_rpm=3160 wheel_delta=-120 projectile_speed=12.80
[DEBUG] armors=0, targets=1
[DEBUG] armors=1, targets=1
[2026-09-05 13:35:33.255] [info] [XUC][FIRE] stable-window candidate started
[DEBUG] armors=1, targets=1
[DEBUG] armors=1, targets=1
[DEBUG] armors=0, targets=1
[2026-09-05 13:35:33.301] [info] [XUC][FIRE] stable window reset
[2026-09-05 13:35:33.303] [info] [SYNC][XUC] mode=1 yaw=-5.90 deg pitch=-6.26 deg feeder_rpm=2135.00 wheel0_rpm=3040 wheel1_rpm=3160 wheel_delta=-120 projectile_speed=12.80
[DEBUG] armors=0, targets=1
[DEBUG] armors=1, targets=1
[2026-09-05 13:35:33.332] [info] [XUC][FIRE] stable-window candidate started
[DEBUG] armors=0, targets=1
[2026-09-05 13:35:33.348] [info] [XUC][FIRE] stable window reset
[DEBUG] armors=1, targets=1
[2026-09-05 13:35:33.364] [info] [XUC][FIRE] stable-window candidate started
[DEBUG] armors=1, targets=1
[2026-09-05 13:35:33.381] [info] [SYNC][XUC] mode=1 yaw=-5.91 deg pitch=-6.28 deg feeder_rpm=150.00 wheel0_rpm=2980 wheel1_rpm=3140 wheel_delta=-160 projectile_speed=12.80
[DEBUG] armors=1, targets=1
[DEBUG] armors=0, targets=1
[2026-09-05 13:35:33.409] [info] [XUC][FIRE] stable window reset
[DEBUG] armors=1, targets=1
[2026-09-05 13:35:33.425] [info] [XUC][FIRE] stable-window candidate started
[DEBUG] armors=1, targets=1
[DEBUG] armors=0, targets=1
[2026-09-05 13:35:33.455] [info] [XUC][FIRE] stable window reset
[2026-09-05 13:35:33.458] [info] [SYNC][XUC] mode=1 yaw=-5.93 deg pitch=-6.43 deg feeder_rpm=-4.00 wheel0_rpm=2900 wheel1_rpm=3100 wheel_delta=-200 projectile_speed=12.80
[DEBUG] armors=1, targets=1
[2026-09-05 13:35:33.471] [info] [XUC][FIRE] stable-window candidate started
[2026-09-05 13:35:33.473] [info] [PERF] 总耗时=15.3ms (检测=12.5ms, 跟踪=0.5ms), FPS=65.2
[2026-09-05 13:35:33.473] [info] 📊 [CAMERA FPS] 瞬时帧率=65.1fps, 平均帧率=64.9fps, 总帧数=3950, 运行时间=60.9s
[DEBUG] armors=0, targets=1
[2026-09-05 13:35:33.486] [info] [XUC][FIRE] stable window reset
[DEBUG] armors=0, targets=1
[DEBUG] armors=0, targets=1
[DEBUG] armors=0, targets=1
[2026-09-05 13:35:33.534] [info] [SYNC][XUC] mode=1 yaw=-5.94 deg pitch=-6.42 deg feeder_rpm=0.00 wheel0_rpm=2980 wheel1_rpm=3160 wheel_delta=-180 projectile_speed=12.80
[DEBUG] armors=0, targets=1
[DEBUG] armors=1, targets=1
[2026-09-05 13:35:33.564] [info] [XUC][FIRE] stable-window candidate started
[DEBUG] armors=1, targets=1
[DEBUG] armors=1, targets=1
[DEBUG] armors=1, targets=1
[2026-09-05 13:35:33.614] [info] [SYNC][XUC] mode=1 yaw=-5.94 deg pitch=-6.39 deg feeder_rpm=0.00 wheel0_rpm=3020 wheel1_rpm=3140 wheel_delta=-120 projectile_speed=12.80
[DEBUG] armors=1, targets=1
[2026-09-05 13:35:33.627] [info] [DRYRUN] measured_gimbal=(2.814,-0.014,-0.470) measured_world=(2.835,0.281,-0.153) tracked_world=(2.919,0.263,-0.160) target_gimbal_deg=(-0.29,-9.48) target_world_deg=(5.65,-3.08) gimbal_deg=(5.94,-6.39) armor_y_px=976.4 pixel_error_deg=(1.02,10.58) ballistic=(range=2.814m holdover=0.530m comp=10.45deg residual=0.13deg) q_wxyz=(0.997102,-0.002890,-0.055683,-0.051749) cmd_deg=(4.80,-6.17) packed_pitch_deg=-6.17 control=true shoot=false
[DEBUG] armors=1, targets=1
[DEBUG] armors=0, targets=1
[2026-09-05 13:35:33.658] [info] [XUC][FIRE] stable window reset
[DEBUG] armors=0, targets=1
[DEBUG] armors=1, targets=1
[2026-09-05 13:35:33.689] [info] [XUC][FIRE] stable-window candidate started
[2026-09-05 13:35:33.691] [info] [SYNC][XUC] mode=1 yaw=-5.79 deg pitch=-6.37 deg feeder_rpm=-4.00 wheel0_rpm=3020 wheel1_rpm=3180 wheel_delta=-160 projectile_speed=12.80
[DEBUG] armors=1, targets=1
[DEBUG] armors=1, targets=1
[DEBUG] armors=0, targets=1
[2026-09-05 13:35:33.735] [info] [XUC][FIRE] stable window reset
[DEBUG] armors=1, targets=1
[2026-09-05 13:35:33.750] [info] [XUC][FIRE] stable-window candidate started
[DEBUG] armors=0, targets=1
[2026-09-05 13:35:33.765] [info] [XUC][FIRE] stable window reset
[2026-09-05 13:35:33.767] [info] [SYNC][XUC] mode=1 yaw=-5.79 deg pitch=-6.35 deg feeder_rpm=0.00 wheel0_rpm=2980 wheel1_rpm=3140 wheel_delta=-160 projectile_speed=12.80
