[2026-09-05 13:37:07.793] [info] [Performance] Thread limits: OpenCV=1, TBB=4, OMP=4
[2026-09-05 13:37:07.811] [info] [ROS2Visualizer] Initialized: node=standard_node, marker_topic=standard_markers
[2026-09-05 13:37:07.811] [info] [ROS2Visualizer] Spin thread started
[2026-09-05 13:37:07.811] [info] [ROS2] Visualizer initialized
[2026-09-05 13:37:07.812] [info] [CBoard] disabled (cboard_enable=false); XUC is expected to provide IMU
[2026-09-05 13:37:07.812] [info] Camera constructor: config_path=configs/standard_hikrobot_phase2d5_fire_single.yaml, camera_name=hikrobot
[2026-09-05 13:37:07.812] [info] Creating HikRobot camera
[2026-09-05 13:37:07.813] [info] HikRobot's daemon thread started.
[2026-09-05 13:37:07.813] [info] Camera constructor completed
[2026-09-05 13:37:07.814] [info] [XUC] serial opened /dev/serial/by-id/usb-1a86_USB_Serial-if00-port0 @ 460800 baud, angles=rad, yaw_sign=0.94074425, pitch_sign=1, imu_yaw_sign=-1.06298816, imu_pitch_sign=1, allow_control=true, allow_shoot=true, require_feedback=true, require_auto_mode=false, max_yaw_excursion_deg=0.00, lock_pitch=false
[2026-09-05 13:37:07.863] [info] [YOLO26] CPU cores: 16, big cores found: 4, core_type: unavailable, max_freq: 4900000
[2026-09-05 13:37:07.863] [info] [YOLO26] Big core ids: [4,5,6,7]
[2026-09-05 13:37:07.863] [info] [YOLO26] Successfully bound to 4 big cores
[2026-09-05 13:37:07.863] [info] [YOLO26] Disabled OpenCV threading to avoid CPU contention
[2026-09-05 13:37:07.880] [info] [YOLO26] Compiling model with 4 threads (LATENCY mode)
[2026-09-05 13:37:08.137] [info] [YOLO26] Initialization complete - SYNC mode optimized
[2026-09-05 13:37:08.137] [info] [YOLO26] Config: threads=4, streams=1, requests=1, letterbox=114, min_confidence=0.45, min_keypoint_confidence=0.00, swap_rb=false, refine_color=true, color_delta=12.0, color_hold_frames=12, save_samples=false, debug=false
[2026-09-05 13:37:08.141] [info] === All modules initialized ===
[2026-09-05 13:37:08.142] [info] [ROS2Visualizer] Published static TF: gimbal -> camera
[2026-09-05 13:37:08.142] [info] [ROS2] Published static TF: gimbal -> camera
[2026-09-05 13:37:08.142] [info] === Entering main loop ===
[2026-09-05 13:37:08.142] [info] [SYNC] 发送默认命令，等待相机触发
[2026-09-05 13:37:08.995] [info] [HikRobot][READBACK] image=1440x1080, pixel_format=0x1080009
[2026-09-05 13:37:08.996] [info] [HikRobot][READBACK] exposure_us=2000.0 auto=0, gain=10.02 auto=0, white_balance_auto=0
[2026-09-05 13:37:08.997] [info] [HikRobot][READBACK] trigger=off (continuous acquisition)
[2026-09-05 13:37:08.997] [info] [HikRobot][READBACK] acquisition_fps=150.00
[2026-09-05 13:37:09.009] [info] HikRobot's capture thread started.
[2026-09-05 13:37:09.016] [info] [HikRobot] first frame: 1440x1080, pixel_type=0x1080009, frame_len=1555200
[DEBUG] armors=1, targets=1
[DEBUG] armors=1, targets=1
[DEBUG] armors=1, targets=1
[DEBUG] armors=1, targets=1
[DEBUG] armors=1, targets=1
[DEBUG] armors=1, targets=1
[DEBUG] armors=1, targets=1
[DEBUG] armors=1, targets=1
[DEBUG] armors=1, targets=1
[DEBUG] armors=1, targets=1
[DEBUG] armors=1, targets=1
[DEBUG] armors=1, targets=1
[DEBUG] armors=1, targets=1
[DEBUG] armors=1, targets=1
[DEBUG] armors=1, targets=1
[DEBUG] armors=1, targets=1
[DEBUG] armors=1, targets=1
[DEBUG] armors=1, targets=1
[DEBUG] armors=1, targets=1
[DEBUG] armors=1, targets=1
[2026-09-05 13:37:09.418] [info] [DRYRUN] measured_gimbal=(2.848,-0.005,-0.054) measured_world=(2.833,0.266,-0.140) tracked_world=(2.886,0.322,-0.142) target_gimbal_deg=(-0.10,-1.09) target_world_deg=(5.37,-2.82) gimbal_deg=(5.47,1.73) armor_y_px=629.9 pixel_error_deg=(0.83,2.20) ballistic=(range=2.848m holdover=0.546m comp=10.63deg residual=-8.43deg) q_wxyz=(0.998746,0.000721,0.015090,-0.047733) cmd_deg=(9.81,-12.18) packed_pitch_deg=-12.18 control=true shoot=false
[DEBUG] armors=1, targets=1
[DEBUG] armors=1, targets=1
[DEBUG] armors=1, targets=1
[DEBUG] armors=1, targets=1
[DEBUG] armors=1, targets=1
[DEBUG] armors=1, targets=1
[DEBUG] armors=1, targets=1
[DEBUG] armors=1, targets=1
[DEBUG] armors=1, targets=1
[DEBUG] armors=1, targets=1
[DEBUG] armors=1, targets=1
[DEBUG] armors=1, targets=1
[DEBUG] armors=1, targets=1
[DEBUG] armors=1, targets=1
[DEBUG] armors=1, targets=1
[DEBUG] armors=1, targets=1
[DEBUG] armors=1, targets=1
[DEBUG] armors=1, targets=1
[DEBUG] armors=1, targets=1
[DEBUG] armors=1, targets=1
[2026-09-05 13:37:09.725] [info] [DRYRUN] measured_gimbal=(2.867,-0.005,-0.055) measured_world=(2.851,0.269,-0.141) tracked_world=(2.938,0.323,-0.146) target_gimbal_deg=(-0.09,-1.09) target_world_deg=(5.38,-2.82) gimbal_deg=(5.47,1.73) armor_y_px=629.7 pixel_error_deg=(0.81,2.20) ballistic=(range=2.867m holdover=0.551m comp=10.66deg residual=-8.46deg) q_wxyz=(0.998746,0.000721,0.015090,-0.047733) cmd_deg=(7.12,-12.22) packed_pitch_deg=-12.22 control=true shoot=false
[DEBUG] armors=1, targets=1
[DEBUG] armors=1, targets=1
[DEBUG] armors=1, targets=1
[DEBUG] armors=1, targets=1
[DEBUG] armors=1, targets=1
[DEBUG] armors=1, targets=1
[DEBUG] armors=1, targets=1
[DEBUG] armors=1, targets=1
[DEBUG] armors=1, targets=1
[2026-09-05 13:37:09.862] [info] [SYNC][XUC] mode=0 yaw=-5.47 deg pitch=1.73 deg feeder_rpm=-4.00 wheel0_rpm=0 wheel1_rpm=0 wheel_delta=0 projectile_speed=12.80
[DEBUG] armors=1, targets=1
[2026-09-05 13:37:09.877] [info] [PERF] 总耗时=15.1ms (检测=12.5ms, 跟踪=0.5ms), FPS=66.2
[2026-09-05 13:37:09.877] [info] 📊 [CAMERA FPS] 瞬时帧率=66.0fps, 平均帧率=58.3fps, 总帧数=50, 运行时间=0.9s
[DEBUG] armors=1, targets=1
[DEBUG] armors=1, targets=1
[DEBUG] armors=1, targets=1
[DEBUG] armors=1, targets=1
[DEBUG] armors=1, targets=1
[DEBUG] armors=1, targets=1
[DEBUG] armors=1, targets=1
[DEBUG] armors=1, targets=1
[DEBUG] armors=1, targets=1
[DEBUG] armors=1, targets=1
[2026-09-05 13:37:10.027] [info] [DRYRUN] measured_gimbal=(2.835,-0.005,-0.054) measured_world=(2.820,0.265,-0.139) tracked_world=(2.955,0.305,-0.147) target_gimbal_deg=(-0.11,-1.08) target_world_deg=(5.37,-2.81) gimbal_deg=(5.47,1.73) armor_y_px=629.8 pixel_error_deg=(0.83,2.20) ballistic=(range=2.835m holdover=0.542m comp=10.61deg residual=-8.41deg) q_wxyz=(0.998746,0.000721,0.015090,-0.047733) cmd_deg=(5.37,-12.20) packed_pitch_deg=-12.20 control=true shoot=false
[DEBUG] armors=1, targets=1
[DEBUG] armors=1, targets=1
[DEBUG] armors=1, targets=1
[DEBUG] armors=1, targets=1
[DEBUG] armors=1, targets=1
[DEBUG] armors=1, targets=1
[DEBUG] armors=1, targets=1
[DEBUG] armors=1, targets=1
[DEBUG] armors=1, targets=1
[2026-09-05 13:37:10.178] [debug] [Target] Bad Converge Found! recent_rate=0.571 last_nis=8.030 nees=-nan resid=(yaw=-0.010,pitch=-0.000,dist=-0.082,ang=0.904)
[DEBUG] armors=1, targets=0
[DEBUG] armors=1, targets=1
[DEBUG] armors=1, targets=1
[DEBUG] armors=1, targets=1
[DEBUG] armors=1, targets=1
[DEBUG] armors=1, targets=1
[DEBUG] armors=1, targets=1
[DEBUG] armors=1, targets=1
[DEBUG] armors=1, targets=1
[DEBUG] armors=1, targets=1
[DEBUG] armors=1, targets=1
[2026-09-05 13:37:10.330] [info] [DRYRUN] measured_gimbal=(2.835,-0.005,-0.053) measured_world=(2.820,0.265,-0.139) tracked_world=(2.977,0.301,-0.148) target_gimbal_deg=(-0.10,-1.08) target_world_deg=(5.37,-2.81) gimbal_deg=(5.47,1.73) armor_y_px=629.8 pixel_error_deg=(0.81,2.20) ballistic=(range=2.835m holdover=0.542m comp=10.61deg residual=-8.41deg) q_wxyz=(0.998746,0.000721,0.015090,-0.047733) cmd_deg=(5.38,-12.19) packed_pitch_deg=-12.19 control=true shoot=false
[DEBUG] armors=1, targets=1
[DEBUG] armors=1, targets=1
[DEBUG] armors=1, targets=1
[DEBUG] armors=1, targets=1
[DEBUG] armors=1, targets=1
[DEBUG] armors=1, targets=1
[DEBUG] armors=1, targets=1
[DEBUG] armors=1, targets=1
[DEBUG] armors=1, targets=1
[DEBUG] armors=1, targets=1
[DEBUG] armors=1, targets=1
[DEBUG] armors=1, targets=1
[DEBUG] armors=1, targets=1
[DEBUG] armors=1, targets=1
[DEBUG] armors=1, targets=1
[DEBUG] armors=1, targets=1
[DEBUG] armors=1, targets=1
[DEBUG] armors=1, targets=1
[DEBUG] armors=1, targets=1
[2026-09-05 13:37:10.621] [info] [SYNC][XUC] mode=0 yaw=-5.47 deg pitch=1.73 deg feeder_rpm=0.00 wheel0_rpm=0 wheel1_rpm=0 wheel_delta=0 projectile_speed=12.80
[DEBUG] armors=1, targets=1
[2026-09-05 13:37:10.634] [info] [DRYRUN] measured_gimbal=(2.846,-0.005,-0.054) measured_world=(2.830,0.266,-0.140) tracked_world=(2.859,0.274,-0.142) target_gimbal_deg=(-0.10,-1.09) target_world_deg=(5.37,-2.82) gimbal_deg=(5.47,1.73) armor_y_px=629.9 pixel_error_deg=(0.81,2.20) ballistic=(range=2.846m holdover=0.545m comp=10.63deg residual=-8.42deg) q_wxyz=(0.998746,0.000721,0.015090,-0.047733) cmd_deg=(5.21,-12.18) packed_pitch_deg=-12.18 control=true shoot=false
[2026-09-05 13:37:10.636] [info] [PERF] 总耗时=15.2ms (检测=12.4ms, 跟踪=0.4ms), FPS=65.8
[2026-09-05 13:37:10.636] [info] 📊 [CAMERA FPS] 瞬时帧率=65.7fps, 平均帧率=61.9fps, 总帧数=100, 运行时间=1.6s
[DEBUG] armors=1, targets=1
[DEBUG] armors=1, targets=1
[DEBUG] armors=1, targets=1
[DEBUG] armors=1, targets=1
[DEBUG] armors=1, targets=1
[DEBUG] armors=1, targets=1
[DEBUG] armors=1, targets=1
[DEBUG] armors=1, targets=1
[DEBUG] armors=1, targets=1
[DEBUG] armors=1, targets=1
[DEBUG] armors=1, targets=1
[DEBUG] armors=1, targets=1
[DEBUG] armors=1, targets=1
[DEBUG] armors=1, targets=1
[DEBUG] armors=1, targets=1
[DEBUG] armors=1, targets=1
[DEBUG] armors=1, targets=1
[DEBUG] armors=1, targets=1
[DEBUG] armors=1, targets=1
[DEBUG] armors=1, targets=1
[2026-09-05 13:37:10.937] [info] [DRYRUN] measured_gimbal=(2.843,-0.005,-0.054) measured_world=(2.828,0.266,-0.140) tracked_world=(2.833,0.261,-0.141) target_gimbal_deg=(-0.10,-1.09) target_world_deg=(5.37,-2.82) gimbal_deg=(5.47,1.73) armor_y_px=629.8 pixel_error_deg=(0.81,2.20) ballistic=(range=2.843m holdover=0.545m comp=10.62deg residual=-8.42deg) q_wxyz=(0.998746,0.000721,0.015090,-0.047733) cmd_deg=(5.06,-12.22) packed_pitch_deg=-12.22 control=true shoot=false
[DEBUG] armors=1, targets=1
[DEBUG] armors=1, targets=1
[DEBUG] armors=1, targets=1
[DEBUG] armors=1, targets=1
[DEBUG] armors=1, targets=1
[DEBUG] armors=1, targets=1
[DEBUG] armors=1, targets=1
[DEBUG] armors=1, targets=1
[DEBUG] armors=1, targets=1
[DEBUG] armors=1, targets=1
[DEBUG] armors=1, targets=1
[DEBUG] armors=1, targets=1
[DEBUG] armors=1, targets=1
[DEBUG] armors=1, targets=1
[DEBUG] armors=1, targets=1
[DEBUG] armors=1, targets=1
[DEBUG] armors=1, targets=1
[DEBUG] armors=1, targets=1
[DEBUG] armors=1, targets=1
[DEBUG] armors=1, targets=1
[2026-09-05 13:37:11.242] [info] [DRYRUN] measured_gimbal=(2.901,-0.005,-0.056) measured_world=(2.885,0.272,-0.144) tracked_world=(2.937,0.318,-0.147) target_gimbal_deg=(-0.09,-1.11) target_world_deg=(5.38,-2.85) gimbal_deg=(5.47,1.73) armor_y_px=630.0 pixel_error_deg=(0.82,2.21) ballistic=(range=2.901m holdover=0.560m comp=10.71deg residual=-8.50deg) q_wxyz=(0.998746,0.000721,0.015090,-0.047733) cmd_deg=(6.66,-12.21) packed_pitch_deg=-12.21 control=true shoot=false
[DEBUG] armors=1, targets=1
[DEBUG] armors=1, targets=1
[DEBUG] armors=1, targets=1
[DEBUG] armors=1, targets=1
[DEBUG] armors=1, targets=1
[DEBUG] armors=1, targets=1
[DEBUG] armors=1, targets=1
[DEBUG] armors=1, targets=1
[DEBUG] armors=1, targets=1
[2026-09-05 13:37:11.383] [info] [SYNC][XUC] mode=0 yaw=-5.47 deg pitch=1.73 deg feeder_rpm=0.00 wheel0_rpm=0 wheel1_rpm=0 wheel_delta=0 projectile_speed=12.80
[DEBUG] armors=1, targets=1
[2026-09-05 13:37:11.398] [info] [PERF] 总耗时=15.2ms (检测=12.3ms, 跟踪=0.4ms), FPS=65.7
[2026-09-05 13:37:11.398] [info] 📊 [CAMERA FPS] 瞬时帧率=65.6fps, 平均帧率=63.1fps, 总帧数=150, 运行时间=2.4s
[DEBUG] armors=1, targets=1
[DEBUG] armors=1, targets=1
[DEBUG] armors=1, targets=1
[DEBUG] armors=1, targets=1
[DEBUG] armors=1, targets=1
[DEBUG] armors=1, targets=1
[DEBUG] armors=1, targets=1
[2026-09-05 13:37:11.516] [debug] [Target] Bad Converge Found! recent_rate=0.455 last_nis=1.179 nees=-nan resid=(yaw=-0.010,pitch=0.001,dist=-0.139,ang=0.339)
[DEBUG] armors=1, targets=0
[DEBUG] armors=1, targets=1
[DEBUG] armors=1, targets=1
[2026-09-05 13:37:11.547] [info] [DRYRUN] measured_gimbal=(2.830,-0.005,-0.053) measured_world=(2.814,0.264,-0.139) tracked_world=(2.838,0.268,-0.140) target_gimbal_deg=(-0.10,-1.08) target_world_deg=(5.37,-2.81) gimbal_deg=(5.47,1.73) armor_y_px=629.6 pixel_error_deg=(0.82,2.20) ballistic=(range=2.830m holdover=0.541m comp=10.60deg residual=-8.41deg) q_wxyz=(0.998746,0.000721,0.015090,-0.047733) cmd_deg=(6.08,-12.15) packed_pitch_deg=-12.15 control=true shoot=false
[DEBUG] armors=1, targets=1
[DEBUG] armors=1, targets=1
[DEBUG] armors=1, targets=1
[DEBUG] armors=1, targets=1
[DEBUG] armors=1, targets=1
[DEBUG] armors=1, targets=1
[DEBUG] armors=1, targets=1
[DEBUG] armors=1, targets=1
[DEBUG] armors=1, targets=1
[DEBUG] armors=1, targets=1
[DEBUG] armors=1, targets=1
[DEBUG] armors=1, targets=1
[DEBUG] armors=1, targets=1
[DEBUG] armors=1, targets=1
[DEBUG] armors=1, targets=1
[DEBUG] armors=1, targets=1
[DEBUG] armors=1, targets=1
[DEBUG] armors=1, targets=1
[DEBUG] armors=1, targets=1
[DEBUG] armors=1, targets=1
[2026-09-05 13:37:11.850] [info] [DRYRUN] measured_gimbal=(2.945,-0.004,-0.058) measured_world=(2.929,0.277,-0.147) tracked_world=(2.870,0.282,-0.143) target_gimbal_deg=(-0.07,-1.13) target_world_deg=(5.40,-2.87) gimbal_deg=(5.47,1.73) armor_y_px=630.0 pixel_error_deg=(0.83,2.21) ballistic=(range=2.945m holdover=0.572m comp=10.77deg residual=-8.57deg) q_wxyz=(0.998746,0.000721,0.015090,-0.047733) cmd_deg=(5.38,-12.24) packed_pitch_deg=-12.24 control=true shoot=false
[DEBUG] armors=1, targets=1
[DEBUG] armors=1, targets=1
[DEBUG] armors=1, targets=1
[DEBUG] armors=1, targets=1
[DEBUG] armors=1, targets=1
[DEBUG] armors=1, targets=1
[DEBUG] armors=1, targets=1
[DEBUG] armors=1, targets=1
[DEBUG] armors=1, targets=1
[DEBUG] armors=1, targets=1
[DEBUG] armors=1, targets=1
[DEBUG] armors=1, targets=1
[DEBUG] armors=1, targets=1
[DEBUG] armors=1, targets=1
[DEBUG] armors=1, targets=1
[DEBUG] armors=1, targets=1
[DEBUG] armors=1, targets=1
[DEBUG] armors=1, targets=1
[DEBUG] armors=1, targets=1
[2026-09-05 13:37:12.139] [info] [SYNC][XUC] mode=0 yaw=-5.47 deg pitch=1.73 deg feeder_rpm=-8.00 wheel0_rpm=0 wheel1_rpm=0 wheel_delta=0 projectile_speed=12.80
[DEBUG] armors=1, targets=1
[2026-09-05 13:37:12.152] [info] [DRYRUN] measured_gimbal=(2.835,-0.005,-0.053) measured_world=(2.819,0.265,-0.139) tracked_world=(2.953,0.315,-0.147) target_gimbal_deg=(-0.10,-1.08) target_world_deg=(5.37,-2.81) gimbal_deg=(5.47,1.73) armor_y_px=629.8 pixel_error_deg=(0.80,2.20) ballistic=(range=2.835m holdover=0.542m comp=10.61deg residual=-8.41deg) q_wxyz=(0.998746,0.000721,0.015090,-0.047733) cmd_deg=(5.37,-12.16) packed_pitch_deg=-12.16 control=true shoot=false
[2026-09-05 13:37:12.154] [info] [PERF] 总耗时=15.5ms (检测=12.8ms, 跟踪=0.4ms), FPS=64.5
[2026-09-05 13:37:12.154] [info] 📊 [CAMERA FPS] 瞬时帧率=64.4fps, 平均帧率=63.8fps, 总帧数=200, 运行时间=3.1s
[DEBUG] armors=1, targets=1
[DEBUG] armors=1, targets=1
[DEBUG] armors=1, targets=1
[DEBUG] armors=1, targets=1
[DEBUG] armors=1, targets=1
[DEBUG] armors=1, targets=1
[DEBUG] armors=1, targets=1
[DEBUG] armors=1, targets=1
[DEBUG] armors=1, targets=1
[DEBUG] armors=1, targets=1
[DEBUG] armors=1, targets=1
[DEBUG] armors=1, targets=1
[DEBUG] armors=1, targets=1
[DEBUG] armors=1, targets=1
[DEBUG] armors=1, targets=1
[DEBUG] armors=1, targets=1
[DEBUG] armors=1, targets=1
[DEBUG] armors=1, targets=1
[DEBUG] armors=1, targets=1
[DEBUG] armors=1, targets=1
[2026-09-05 13:37:12.457] [info] [DRYRUN] measured_gimbal=(2.913,-0.004,-0.057) measured_world=(2.897,0.274,-0.145) tracked_world=(2.883,0.278,-0.143) target_gimbal_deg=(-0.08,-1.12) target_world_deg=(5.40,-2.86) gimbal_deg=(5.47,1.73) armor_y_px=630.1 pixel_error_deg=(0.83,2.21) ballistic=(range=2.913m holdover=0.563m comp=10.73deg residual=-8.52deg) q_wxyz=(0.998746,0.000721,0.015090,-0.047733) cmd_deg=(5.38,-12.25) packed_pitch_deg=-12.25 control=true shoot=false
[DEBUG] armors=1, targets=1
[DEBUG] armors=1, targets=1
[DEBUG] armors=1, targets=1
[DEBUG] armors=1, targets=1
[DEBUG] armors=1, targets=1
[DEBUG] armors=1, targets=1
[DEBUG] armors=1, targets=1
[DEBUG] armors=1, targets=1
[DEBUG] armors=1, targets=1
[DEBUG] armors=1, targets=1
[DEBUG] armors=1, targets=1
[DEBUG] armors=1, targets=1
[DEBUG] armors=1, targets=1
[DEBUG] armors=1, targets=1
[DEBUG] armors=1, targets=1
[2026-09-05 13:37:12.697] [debug] [Target] Bad Converge Found! recent_rate=0.513 last_nis=5.557 nees=-nan resid=(yaw=0.001,pitch=-0.001,dist=0.041,ang=-0.752)
[DEBUG] armors=1, targets=0
[DEBUG] armors=1, targets=1
[DEBUG] armors=1, targets=1
[DEBUG] armors=1, targets=1
[DEBUG] armors=1, targets=1
[2026-09-05 13:37:12.760] [info] [DRYRUN] measured_gimbal=(2.835,-0.005,-0.053) measured_world=(2.819,0.265,-0.139) tracked_world=(2.838,0.269,-0.140) target_gimbal_deg=(-0.10,-1.08) target_world_deg=(5.37,-2.81) gimbal_deg=(5.47,1.73) armor_y_px=629.8 pixel_error_deg=(0.80,2.20) ballistic=(range=2.835m holdover=0.542m comp=10.61deg residual=-8.41deg) q_wxyz=(0.998746,0.000721,0.015090,-0.047733) cmd_deg=(6.19,-12.17) packed_pitch_deg=-12.17 control=true shoot=false
[DEBUG] armors=1, targets=1
[DEBUG] armors=1, targets=1
[DEBUG] armors=1, targets=1
[DEBUG] armors=1, targets=1
[DEBUG] armors=1, targets=1
[DEBUG] armors=1, targets=1
[DEBUG] armors=1, targets=1
[DEBUG] armors=1, targets=1
[DEBUG] armors=1, targets=1
[2026-09-05 13:37:12.898] [info] [SYNC][XUC] mode=0 yaw=-5.47 deg pitch=1.73 deg feeder_rpm=0.00 wheel0_rpm=0 wheel1_rpm=0 wheel_delta=0 projectile_speed=12.80
[DEBUG] armors=1, targets=1
[2026-09-05 13:37:12.913] [info] [PERF] 总耗时=15.2ms (检测=12.4ms, 跟踪=0.5ms), FPS=65.6
[2026-09-05 13:37:12.914] [info] 📊 [CAMERA FPS] 瞬时帧率=65.5fps, 平均帧率=64.2fps, 总帧数=250, 运行时间=3.9s
[DEBUG] armors=1, targets=1
[DEBUG] armors=1, targets=1
[DEBUG] armors=1, targets=1
[DEBUG] armors=1, targets=1
[DEBUG] armors=1, targets=1
[DEBUG] armors=1, targets=1
[DEBUG] armors=1, targets=1
[DEBUG] armors=1, targets=1
[DEBUG] armors=1, targets=1
[DEBUG] armors=1, targets=1
[2026-09-05 13:37:13.064] [info] [DRYRUN] measured_gimbal=(2.915,-0.004,-0.057) measured_world=(2.899,0.274,-0.145) tracked_world=(3.107,0.362,-0.157) target_gimbal_deg=(-0.07,-1.13) target_world_deg=(5.40,-2.86) gimbal_deg=(5.47,1.73) armor_y_px=630.2 pixel_error_deg=(0.82,2.21) ballistic=(range=2.915m holdover=0.564m comp=10.73deg residual=-8.52deg) q_wxyz=(0.998746,0.000721,0.015090,-0.047733) cmd_deg=(5.38,-12.22) packed_pitch_deg=-12.22 control=true shoot=false
[DEBUG] armors=1, targets=1
[DEBUG] armors=1, targets=1
[DEBUG] armors=1, targets=1
[DEBUG] armors=1, targets=1
[DEBUG] armors=1, targets=1
[DEBUG] armors=1, targets=1
[DEBUG] armors=1, targets=1
[DEBUG] armors=1, targets=1
[DEBUG] armors=1, targets=1
[DEBUG] armors=1, targets=1
[DEBUG] armors=1, targets=1
[DEBUG] armors=1, targets=1
[DEBUG] armors=1, targets=1
[DEBUG] armors=1, targets=1
[DEBUG] armors=1, targets=1
[DEBUG] armors=1, targets=1
[DEBUG] armors=1, targets=1
[DEBUG] armors=1, targets=1
[DEBUG] armors=1, targets=1
[DEBUG] armors=1, targets=1
[2026-09-05 13:37:13.369] [info] [DRYRUN] measured_gimbal=(2.830,-0.005,-0.053) measured_world=(2.815,0.265,-0.139) tracked_world=(2.927,0.284,-0.146) target_gimbal_deg=(-0.10,-1.08) target_world_deg=(5.37,-2.81) gimbal_deg=(5.47,1.73) armor_y_px=629.8 pixel_error_deg=(0.80,2.20) ballistic=(range=2.830m holdover=0.541m comp=10.60deg residual=-8.40deg) q_wxyz=(0.998746,0.000721,0.015090,-0.047733) cmd_deg=(5.38,-12.19) packed_pitch_deg=-12.19 control=true shoot=false
[DEBUG] armors=1, targets=1
[DEBUG] armors=1, targets=1
[DEBUG] armors=1, targets=1
[DEBUG] armors=1, targets=1
[DEBUG] armors=1, targets=1
[DEBUG] armors=1, targets=1
[DEBUG] armors=1, targets=1
[DEBUG] armors=1, targets=1
[DEBUG] armors=1, targets=1
[DEBUG] armors=1, targets=1
[DEBUG] armors=1, targets=1
[DEBUG] armors=1, targets=1
[DEBUG] armors=1, targets=1
[DEBUG] armors=1, targets=1
[DEBUG] armors=1, targets=1
[DEBUG] armors=1, targets=1
[DEBUG] armors=1, targets=1
[DEBUG] armors=1, targets=1
[DEBUG] armors=1, targets=1
[2026-09-05 13:37:13.660] [info] [SYNC][XUC] mode=0 yaw=-5.47 deg pitch=1.73 deg feeder_rpm=-4.00 wheel0_rpm=0 wheel1_rpm=0 wheel_delta=0 projectile_speed=12.80
[DEBUG] armors=1, targets=1
[2026-09-05 13:37:13.673] [info] [DRYRUN] measured_gimbal=(2.828,-0.006,-0.053) measured_world=(2.813,0.264,-0.139) tracked_world=(2.840,0.262,-0.140) target_gimbal_deg=(-0.11,-1.08) target_world_deg=(5.36,-2.81) gimbal_deg=(5.47,1.73) armor_y_px=629.9 pixel_error_deg=(0.83,2.20) ballistic=(range=2.828m holdover=0.541m comp=10.60deg residual=-8.40deg) q_wxyz=(0.998746,0.000721,0.015090,-0.047733) cmd_deg=(5.06,-12.13) packed_pitch_deg=-12.13 control=true shoot=false
[2026-09-05 13:37:13.675] [info] [PERF] 总耗时=15.4ms (检测=12.6ms, 跟踪=0.5ms), FPS=64.9
[2026-09-05 13:37:13.675] [info] 📊 [CAMERA FPS] 瞬时帧率=64.8fps, 平均帧率=64.4fps, 总帧数=300, 运行时间=4.7s
[DEBUG] armors=1, targets=1
[DEBUG] armors=1, targets=1
[DEBUG] armors=1, targets=1
[DEBUG] armors=1, targets=1
[DEBUG] armors=1, targets=1
[DEBUG] armors=1, targets=1
[DEBUG] armors=1, targets=1
[DEBUG] armors=1, targets=1
[DEBUG] armors=1, targets=1
[DEBUG] armors=1, targets=1
[DEBUG] armors=1, targets=1
[DEBUG] armors=1, targets=1
[DEBUG] armors=1, targets=1
[DEBUG] armors=1, targets=1
[DEBUG] armors=1, targets=1
[DEBUG] armors=1, targets=1
[DEBUG] armors=1, targets=1
[DEBUG] armors=1, targets=1
[DEBUG] armors=1, targets=1
[DEBUG] armors=1, targets=1
[2026-09-05 13:37:13.977] [info] [DRYRUN] measured_gimbal=(2.844,-0.005,-0.054) measured_world=(2.829,0.266,-0.140) tracked_world=(2.829,0.263,-0.140) target_gimbal_deg=(-0.10,-1.09) target_world_deg=(5.37,-2.82) gimbal_deg=(5.47,1.73) armor_y_px=629.8 pixel_error_deg=(0.83,2.20) ballistic=(range=2.844m holdover=0.545m comp=10.62deg residual=-8.42deg) q_wxyz=(0.998746,0.000721,0.015090,-0.047733) cmd_deg=(5.25,-12.21) packed_pitch_deg=-12.21 control=true shoot=false
[DEBUG] armors=1, targets=1
[DEBUG] armors=1, targets=1
[DEBUG] armors=1, targets=1
[DEBUG] armors=1, targets=1
[DEBUG] armors=1, targets=1
[DEBUG] armors=1, targets=1
[2026-09-05 13:37:14.083] [debug] [Target] Bad Converge Found! recent_rate=0.440 last_nis=1.009 nees=-nan resid=(yaw=0.001,pitch=0.000,dist=0.021,ang=0.319)
[DEBUG] armors=1, targets=0
[DEBUG] armors=1, targets=1
[DEBUG] armors=1, targets=1
[DEBUG] armors=1, targets=1
[DEBUG] armors=1, targets=1
[DEBUG] armors=1, targets=1
[DEBUG] armors=1, targets=1
[DEBUG] armors=1, targets=1
[DEBUG] armors=1, targets=1
[DEBUG] armors=1, targets=1
[DEBUG] armors=1, targets=1
[DEBUG] armors=1, targets=1
[DEBUG] armors=1, targets=1
[DEBUG] armors=1, targets=1
[2026-09-05 13:37:14.279] [info] [DRYRUN] measured_gimbal=(2.885,-0.005,-0.056) measured_world=(2.869,0.270,-0.143) tracked_world=(2.865,0.267,-0.142) target_gimbal_deg=(-0.09,-1.11) target_world_deg=(5.38,-2.85) gimbal_deg=(5.47,1.73) armor_y_px=630.2 pixel_error_deg=(0.83,2.21) ballistic=(range=2.885m holdover=0.556m comp=10.68deg residual=-8.47deg) q_wxyz=(0.998746,0.000721,0.015090,-0.047733) cmd_deg=(3.00,-12.23) packed_pitch_deg=-12.23 control=true shoot=false
[DEBUG] armors=1, targets=1
[DEBUG] armors=1, targets=1
[DEBUG] armors=1, targets=1
[DEBUG] armors=1, targets=1
[DEBUG] armors=1, targets=1
[DEBUG] armors=1, targets=1
[DEBUG] armors=1, targets=1
[DEBUG] armors=1, targets=1
[DEBUG] armors=1, targets=1
[2026-09-05 13:37:14.418] [info] [SYNC][XUC] mode=0 yaw=-5.47 deg pitch=1.73 deg feeder_rpm=-4.00 wheel0_rpm=0 wheel1_rpm=0 wheel_delta=0 projectile_speed=12.80
[DEBUG] armors=1, targets=1
[2026-09-05 13:37:14.433] [info] [PERF] 总耗时=14.9ms (检测=12.1ms, 跟踪=0.5ms), FPS=67.0
[2026-09-05 13:37:14.433] [info] 📊 [CAMERA FPS] 瞬时帧率=66.9fps, 平均帧率=64.6fps, 总帧数=350, 运行时间=5.4s
[DEBUG] armors=1, targets=1
[DEBUG] armors=1, targets=1
[DEBUG] armors=1, targets=1
[DEBUG] armors=1, targets=1
[DEBUG] armors=1, targets=1
[DEBUG] armors=1, targets=1
[DEBUG] armors=1, targets=1
[DEBUG] armors=1, targets=1
[DEBUG] armors=1, targets=1
[DEBUG] armors=1, targets=1
[2026-09-05 13:37:14.585] [info] [DRYRUN] measured_gimbal=(2.835,-0.005,-0.054) measured_world=(2.820,0.265,-0.139) tracked_world=(2.837,0.253,-0.142) target_gimbal_deg=(-0.10,-1.08) target_world_deg=(5.37,-2.81) gimbal_deg=(5.47,1.73) armor_y_px=629.8 pixel_error_deg=(0.81,2.20) ballistic=(range=2.835m holdover=0.542m comp=10.61deg residual=-8.41deg) q_wxyz=(0.998746,0.000721,0.015090,-0.047733) cmd_deg=(4.73,-12.18) packed_pitch_deg=-12.18 control=true shoot=false
[DEBUG] armors=1, targets=1
[DEBUG] armors=1, targets=1
[DEBUG] armors=1, targets=1
[DEBUG] armors=1, targets=1
[DEBUG] armors=1, targets=1
[DEBUG] armors=1, targets=1
[DEBUG] armors=1, targets=1
[DEBUG] armors=1, targets=1
[DEBUG] armors=1, targets=1
[DEBUG] armors=1, targets=1
[DEBUG] armors=1, targets=1
[DEBUG] armors=1, targets=1
[DEBUG] armors=1, targets=1
[DEBUG] armors=1, targets=1
[DEBUG] armors=1, targets=1
[DEBUG] armors=1, targets=1
[DEBUG] armors=1, targets=1
[DEBUG] armors=1, targets=1
[DEBUG] armors=1, targets=1
[DEBUG] armors=1, targets=1
[2026-09-05 13:37:14.892] [info] [DRYRUN] measured_gimbal=(2.850,-0.005,-0.054) measured_world=(2.834,0.267,-0.140) tracked_world=(2.879,0.279,-0.144) target_gimbal_deg=(-0.09,-1.09) target_world_deg=(5.38,-2.82) gimbal_deg=(5.47,1.73) armor_y_px=629.8 pixel_error_deg=(0.80,2.20) ballistic=(range=2.850m holdover=0.546m comp=10.63deg residual=-8.43deg) q_wxyz=(0.998746,0.000721,0.015090,-0.047733) cmd_deg=(5.59,-12.25) packed_pitch_deg=-12.25 control=true shoot=false
[DEBUG] armors=1, targets=1
[DEBUG] armors=1, targets=1
[DEBUG] armors=1, targets=1
[DEBUG] armors=1, targets=1
[DEBUG] armors=1, targets=1
[DEBUG] armors=1, targets=1
[DEBUG] armors=1, targets=1
[DEBUG] armors=1, targets=1
[DEBUG] armors=1, targets=1
[DEBUG] armors=1, targets=1
[DEBUG] armors=1, targets=1
[DEBUG] armors=1, targets=1
[DEBUG] armors=1, targets=1
[DEBUG] armors=1, targets=1
[DEBUG] armors=1, targets=1
[DEBUG] armors=1, targets=1
[DEBUG] armors=1, targets=1
[DEBUG] armors=1, targets=1
[DEBUG] armors=1, targets=1
[2026-09-05 13:37:15.190] [info] [SYNC][XUC] mode=0 yaw=-5.47 deg pitch=1.73 deg feeder_rpm=-4.00 wheel0_rpm=0 wheel1_rpm=0 wheel_delta=0 projectile_speed=12.80
[DEBUG] armors=1, targets=1
[2026-09-05 13:37:15.204] [info] [DRYRUN] measured_gimbal=(2.872,-0.005,-0.055) measured_world=(2.856,0.269,-0.142) tracked_world=(2.864,0.270,-0.142) target_gimbal_deg=(-0.09,-1.10) target_world_deg=(5.38,-2.83) gimbal_deg=(5.47,1.73) armor_y_px=630.0 pixel_error_deg=(0.81,2.21) ballistic=(range=2.872m holdover=0.552m comp=10.67deg residual=-8.46deg) q_wxyz=(0.998746,0.000721,0.015090,-0.047733) cmd_deg=(5.32,-12.22) packed_pitch_deg=-12.22 control=true shoot=false
[2026-09-05 13:37:15.206] [info] [PERF] 总耗时=15.5ms (检测=12.8ms, 跟踪=0.5ms), FPS=64.6
[2026-09-05 13:37:15.206] [info] 📊 [CAMERA FPS] 瞬时帧率=64.4fps, 平均帧率=64.7fps, 总帧数=400, 运行时间=6.2s
[DEBUG] armors=1, targets=1
[DEBUG] armors=1, targets=1
[DEBUG] armors=1, targets=1
[DEBUG] armors=1, targets=1
[DEBUG] armors=1, targets=1
[DEBUG] armors=1, targets=1
[DEBUG] armors=1, targets=1
[DEBUG] armors=1, targets=1
[DEBUG] armors=1, targets=1
[DEBUG] armors=1, targets=1
[DEBUG] armors=1, targets=1
[DEBUG] armors=1, targets=1
[DEBUG] armors=1, targets=1
[DEBUG] armors=1, targets=1
[DEBUG] armors=1, targets=1
[DEBUG] armors=1, targets=1
[DEBUG] armors=1, targets=1
[DEBUG] armors=1, targets=1
[DEBUG] armors=1, targets=1
[DEBUG] armors=1, targets=1
[2026-09-05 13:37:15.518] [info] [DRYRUN] measured_gimbal=(2.824,-0.005,-0.053) measured_world=(2.809,0.264,-0.139) tracked_world=(2.858,0.268,-0.142) target_gimbal_deg=(-0.11,-1.08) target_world_deg=(5.37,-2.81) gimbal_deg=(5.47,1.73) armor_y_px=630.1 pixel_error_deg=(0.81,2.21) ballistic=(range=2.824m holdover=0.540m comp=10.60deg residual=-8.39deg) q_wxyz=(0.998746,0.000721,0.015090,-0.047733) cmd_deg=(5.31,-12.16) packed_pitch_deg=-12.16 control=true shoot=false
[DEBUG] armors=1, targets=1
[DEBUG] armors=1, targets=1
[DEBUG] armors=1, targets=1
[DEBUG] armors=1, targets=1
[DEBUG] armors=1, targets=1
[DEBUG] armors=1, targets=1
[DEBUG] armors=1, targets=1
[DEBUG] armors=1, targets=1
[DEBUG] armors=1, targets=1
[DEBUG] armors=1, targets=1
[DEBUG] armors=1, targets=1
[DEBUG] armors=1, targets=1
[DEBUG] armors=1, targets=1
[DEBUG] armors=1, targets=1
[DEBUG] armors=1, targets=1
[2026-09-05 13:37:15.766] [debug] [Target] Bad Converge Found! recent_rate=0.400 last_nis=0.933 nees=-nan resid=(yaw=-0.009,pitch=0.001,dist=-0.082,ang=0.302)
[DEBUG] armors=1, targets=0
[DEBUG] armors=1, targets=1
[DEBUG] armors=1, targets=1
[DEBUG] armors=1, targets=1
[DEBUG] armors=1, targets=1
[2026-09-05 13:37:15.828] [info] [DRYRUN] measured_gimbal=(2.881,-0.006,-0.056) measured_world=(2.865,0.269,-0.143) tracked_world=(3.020,0.577,-0.154) target_gimbal_deg=(-0.11,-1.12) target_world_deg=(5.36,-2.85) gimbal_deg=(5.47,1.73) armor_y_px=630.4 pixel_error_deg=(0.82,2.22) ballistic=(range=2.881m holdover=0.554m comp=10.68deg residual=-8.46deg) q_wxyz=(0.998746,0.000721,0.015090,-0.047733) cmd_deg=(5.36,-12.20) packed_pitch_deg=-12.20 control=true shoot=false
[DEBUG] armors=1, targets=1
[DEBUG] armors=1, targets=1
[DEBUG] armors=1, targets=1
[DEBUG] armors=1, targets=1
[DEBUG] armors=1, targets=1
[DEBUG] armors=1, targets=1
[DEBUG] armors=1, targets=1
[DEBUG] armors=1, targets=1
[DEBUG] armors=1, targets=1
[2026-09-05 13:37:15.969] [info] [SYNC][XUC] mode=0 yaw=-5.47 deg pitch=1.73 deg feeder_rpm=-4.00 wheel0_rpm=0 wheel1_rpm=0 wheel_delta=0 projectile_speed=12.80
[DEBUG] armors=1, targets=1
[2026-09-05 13:37:15.985] [info] [PERF] 总耗时=15.2ms (检测=12.5ms, 跟踪=0.5ms), FPS=65.7
[2026-09-05 13:37:15.985] [info] 📊 [CAMERA FPS] 瞬时帧率=65.5fps, 平均帧率=64.6fps, 总帧数=450, 运行时间=7.0s
[DEBUG] armors=1, targets=1
[DEBUG] armors=1, targets=1
[DEBUG] armors=1, targets=1
[DEBUG] armors=1, targets=1
[DEBUG] armors=1, targets=1
[DEBUG] armors=1, targets=1
[DEBUG] armors=1, targets=1
[DEBUG] armors=1, targets=1
[DEBUG] armors=1, targets=1
[DEBUG] armors=1, targets=1
[2026-09-05 13:37:16.135] [info] [DRYRUN] measured_gimbal=(2.839,-0.005,-0.054) measured_world=(2.824,0.265,-0.140) tracked_world=(2.788,0.245,-0.137) target_gimbal_deg=(-0.11,-1.09) target_world_deg=(5.37,-2.82) gimbal_deg=(5.47,1.73) armor_y_px=629.9 pixel_error_deg=(0.83,2.20) ballistic=(range=2.839m holdover=0.543m comp=10.62deg residual=-8.41deg) q_wxyz=(0.998746,0.000721,0.015090,-0.047733) cmd_deg=(4.14,-12.16) packed_pitch_deg=-12.16 control=true shoot=false
[DEBUG] armors=1, targets=1
[DEBUG] armors=1, targets=1
[DEBUG] armors=1, targets=1
[DEBUG] armors=1, targets=1
[DEBUG] armors=1, targets=1
[DEBUG] armors=1, targets=1
[DEBUG] armors=1, targets=1
[DEBUG] armors=1, targets=1
[DEBUG] armors=1, targets=1
[DEBUG] armors=1, targets=1
[DEBUG] armors=1, targets=1
[DEBUG] armors=1, targets=1
[DEBUG] armors=1, targets=1
[DEBUG] armors=1, targets=1
[DEBUG] armors=1, targets=1
[DEBUG] armors=1, targets=1
[DEBUG] armors=1, targets=1
[DEBUG] armors=1, targets=1
[DEBUG] armors=1, targets=1
[DEBUG] armors=1, targets=1
[2026-09-05 13:37:16.440] [info] [DRYRUN] measured_gimbal=(2.812,-0.005,-0.053) measured_world=(2.797,0.262,-0.138) tracked_world=(2.795,0.256,-0.139) target_gimbal_deg=(-0.11,-1.07) target_world_deg=(5.36,-2.80) gimbal_deg=(5.47,1.73) armor_y_px=629.8 pixel_error_deg=(0.83,2.20) ballistic=(range=2.812m holdover=0.536m comp=10.58deg residual=-8.38deg) q_wxyz=(0.998746,0.000721,0.015090,-0.047733) cmd_deg=(5.11,-12.18) packed_pitch_deg=-12.18 control=true shoot=false
[DEBUG] armors=1, targets=1
[DEBUG] armors=1, targets=1
[DEBUG] armors=1, targets=1
[DEBUG] armors=1, targets=1
[DEBUG] armors=1, targets=1
[DEBUG] armors=1, targets=1
[DEBUG] armors=1, targets=1
[DEBUG] armors=1, targets=1
[DEBUG] armors=1, targets=1
[DEBUG] armors=1, targets=1
[DEBUG] armors=1, targets=1
[DEBUG] armors=1, targets=1
[DEBUG] armors=1, targets=1
[DEBUG] armors=1, targets=1
[DEBUG] armors=1, targets=1
[DEBUG] armors=1, targets=1
[DEBUG] armors=1, targets=1
[DEBUG] armors=1, targets=1
[DEBUG] armors=1, targets=1
[2026-09-05 13:37:16.736] [info] [SYNC][XUC] mode=0 yaw=-5.47 deg pitch=1.73 deg feeder_rpm=0.00 wheel0_rpm=0 wheel1_rpm=0 wheel_delta=0 projectile_speed=12.80
[DEBUG] armors=1, targets=1
[2026-09-05 13:37:16.748] [info] [DRYRUN] measured_gimbal=(2.927,-0.005,-0.057) measured_world=(2.911,0.274,-0.146) tracked_world=(2.962,0.331,-0.149) target_gimbal_deg=(-0.09,-1.13) target_world_deg=(5.38,-2.86) gimbal_deg=(5.47,1.73) armor_y_px=629.9 pixel_error_deg=(0.82,2.21) ballistic=(range=2.927m holdover=0.567m comp=10.75deg residual=-8.54deg) q_wxyz=(0.998746,0.000721,0.015090,-0.047733) cmd_deg=(6.88,-12.28) packed_pitch_deg=-12.28 control=true shoot=false
[2026-09-05 13:37:16.751] [info] [PERF] 总耗时=14.9ms (检测=12.2ms, 跟踪=0.4ms), FPS=66.9
[2026-09-05 13:37:16.751] [info] 📊 [CAMERA FPS] 瞬时帧率=66.8fps, 平均帧率=64.7fps, 总帧数=500, 运行时间=7.7s
[DEBUG] armors=1, targets=1
[DEBUG] armors=1, targets=1
[DEBUG] armors=1, targets=1
[DEBUG] armors=1, targets=1
[DEBUG] armors=1, targets=1
[DEBUG] armors=1, targets=1
[DEBUG] armors=1, targets=1
[DEBUG] armors=1, targets=1
[DEBUG] armors=1, targets=1
[DEBUG] armors=1, targets=1
[DEBUG] armors=1, targets=1
[DEBUG] armors=1, targets=1
[DEBUG] armors=1, targets=1
[DEBUG] armors=1, targets=1
[DEBUG] armors=1, targets=1
[DEBUG] armors=1, targets=1
[DEBUG] armors=1, targets=1
[DEBUG] armors=1, targets=1
[DEBUG] armors=1, targets=1
[DEBUG] armors=1, targets=1
[2026-09-05 13:37:17.056] [info] [DRYRUN] measured_gimbal=(2.836,-0.005,-0.054) measured_world=(2.820,0.265,-0.139) tracked_world=(2.923,0.301,-0.146) target_gimbal_deg=(-0.11,-1.09) target_world_deg=(5.36,-2.82) gimbal_deg=(5.47,1.73) armor_y_px=629.9 pixel_error_deg=(0.83,2.20) ballistic=(range=2.836m holdover=0.543m comp=10.61deg residual=-8.41deg) q_wxyz=(0.998746,0.000721,0.015090,-0.047733) cmd_deg=(5.89,-12.21) packed_pitch_deg=-12.21 control=true shoot=false
[DEBUG] armors=1, targets=1
[DEBUG] armors=1, targets=1
[DEBUG] armors=1, targets=1
[2026-09-05 13:37:17.118] [debug] [Target] Bad Converge Found! recent_rate=0.455 last_nis=1.197 nees=-nan resid=(yaw=-0.006,pitch=0.000,dist=-0.063,ang=0.346)
[DEBUG] armors=1, targets=0
[DEBUG] armors=1, targets=1
[DEBUG] armors=1, targets=1
[DEBUG] armors=1, targets=1
[DEBUG] armors=1, targets=1
[DEBUG] armors=1, targets=1
[DEBUG] armors=1, targets=1
[DEBUG] armors=1, targets=1
[DEBUG] armors=1, targets=1
[DEBUG] armors=1, targets=1
[DEBUG] armors=1, targets=1
[DEBUG] armors=1, targets=1
[DEBUG] armors=1, targets=1
[DEBUG] armors=1, targets=1
[DEBUG] armors=1, targets=1
[DEBUG] armors=1, targets=1
[DEBUG] armors=1, targets=1
[2026-09-05 13:37:17.370] [info] [DRYRUN] measured_gimbal=(2.835,-0.005,-0.053) measured_world=(2.819,0.265,-0.139) tracked_world=(3.219,0.390,-0.163) target_gimbal_deg=(-0.10,-1.08) target_world_deg=(5.37,-2.81) gimbal_deg=(5.47,1.73) armor_y_px=629.8 pixel_error_deg=(0.80,2.20) ballistic=(range=2.835m holdover=0.542m comp=10.61deg residual=-8.41deg) q_wxyz=(0.998746,0.000721,0.015090,-0.047733) cmd_deg=(5.70,-12.18) packed_pitch_deg=-12.18 control=true shoot=false
[DEBUG] armors=1, targets=1
[DEBUG] armors=1, targets=1
[DEBUG] armors=1, targets=1
[DEBUG] armors=1, targets=1
[DEBUG] armors=1, targets=1
[DEBUG] armors=1, targets=1
[DEBUG] armors=1, targets=1
[DEBUG] armors=1, targets=1
[DEBUG] armors=1, targets=1
[2026-09-05 13:37:17.509] [info] [SYNC][XUC] mode=0 yaw=-5.47 deg pitch=1.73 deg feeder_rpm=-4.00 wheel0_rpm=0 wheel1_rpm=0 wheel_delta=0 projectile_speed=12.80
[DEBUG] armors=1, targets=1
[2026-09-05 13:37:17.524] [info] [PERF] 总耗时=14.9ms (检测=12.3ms, 跟踪=0.4ms), FPS=67.1
[2026-09-05 13:37:17.524] [info] 📊 [CAMERA FPS] 瞬时帧率=66.9fps, 平均帧率=64.7fps, 总帧数=550, 运行时间=8.5s
[DEBUG] armors=1, targets=1
[DEBUG] armors=1, targets=1
[DEBUG] armors=1, targets=1
[DEBUG] armors=1, targets=1
[DEBUG] armors=1, targets=1
[DEBUG] armors=1, targets=1
[DEBUG] armors=1, targets=1
[DEBUG] armors=1, targets=1
[DEBUG] armors=1, targets=1
[DEBUG] armors=1, targets=1
[2026-09-05 13:37:17.674] [info] [DRYRUN] measured_gimbal=(2.860,-0.005,-0.055) measured_world=(2.844,0.267,-0.141) tracked_world=(2.854,0.234,-0.142) target_gimbal_deg=(-0.10,-1.10) target_world_deg=(5.37,-2.83) gimbal_deg=(5.47,1.73) armor_y_px=629.9 pixel_error_deg=(0.83,2.20) ballistic=(range=2.860m holdover=0.549m comp=10.65deg residual=-8.44deg) q_wxyz=(0.998746,0.000721,0.015090,-0.047733) cmd_deg=(2.95,-12.20) packed_pitch_deg=-12.20 control=true shoot=false
[DEBUG] armors=1, targets=1
[DEBUG] armors=1, targets=1
[DEBUG] armors=1, targets=1
[DEBUG] armors=1, targets=1
[DEBUG] armors=1, targets=1
[DEBUG] armors=1, targets=1
[DEBUG] armors=1, targets=1
[DEBUG] armors=1, targets=1
[DEBUG] armors=1, targets=1
[DEBUG] armors=1, targets=1
[DEBUG] armors=1, targets=1
[DEBUG] armors=1, targets=1
[DEBUG] armors=1, targets=1
[DEBUG] armors=1, targets=1
[DEBUG] armors=1, targets=1
[DEBUG] armors=1, targets=1
[DEBUG] armors=1, targets=1
[DEBUG] armors=1, targets=1
[DEBUG] armors=1, targets=1
[DEBUG] armors=1, targets=1
[2026-09-05 13:37:17.978] [info] [DRYRUN] measured_gimbal=(2.806,-0.005,-0.053) measured_world=(2.791,0.262,-0.137) tracked_world=(2.823,0.239,-0.140) target_gimbal_deg=(-0.11,-1.07) target_world_deg=(5.36,-2.81) gimbal_deg=(5.47,1.73) armor_y_px=629.9 pixel_error_deg=(0.82,2.21) ballistic=(range=2.806m holdover=0.535m comp=10.57deg residual=-8.36deg) q_wxyz=(0.998746,0.000721,0.015090,-0.047733) cmd_deg=(4.28,-12.22) packed_pitch_deg=-12.22 control=true shoot=false
[DEBUG] armors=1, targets=1
[DEBUG] armors=1, targets=1
[DEBUG] armors=1, targets=1
[DEBUG] armors=1, targets=1
[DEBUG] armors=1, targets=1
[DEBUG] armors=1, targets=1
[DEBUG] armors=1, targets=1
[DEBUG] armors=1, targets=1
[DEBUG] armors=1, targets=1
[DEBUG] armors=1, targets=1
[DEBUG] armors=1, targets=1
[DEBUG] armors=1, targets=1
[DEBUG] armors=1, targets=1
[DEBUG] armors=1, targets=1
[DEBUG] armors=1, targets=1
[DEBUG] armors=1, targets=1
[DEBUG] armors=1, targets=1
[DEBUG] armors=1, targets=1
[DEBUG] armors=1, targets=1
[2026-09-05 13:37:18.276] [info] [SYNC][XUC] mode=0 yaw=-5.47 deg pitch=1.73 deg feeder_rpm=-4.00 wheel0_rpm=0 wheel1_rpm=0 wheel_delta=0 projectile_speed=12.80
[DEBUG] armors=1, targets=1
[2026-09-05 13:37:18.288] [info] [DRYRUN] measured_gimbal=(2.881,-0.005,-0.056) measured_world=(2.865,0.270,-0.143) tracked_world=(2.848,0.225,-0.144) target_gimbal_deg=(-0.09,-1.11) target_world_deg=(5.38,-2.84) gimbal_deg=(5.47,1.73) armor_y_px=630.0 pixel_error_deg=(0.81,2.21) ballistic=(range=2.881m holdover=0.555m comp=10.68deg residual=-8.47deg) q_wxyz=(0.998746,0.000721,0.015090,-0.047733) cmd_deg=(4.13,-12.24) packed_pitch_deg=-12.24 control=true shoot=false
[2026-09-05 13:37:18.290] [info] [PERF] 总耗时=14.4ms (检测=11.7ms, 跟踪=0.4ms), FPS=69.2
[2026-09-05 13:37:18.290] [info] 📊 [CAMERA FPS] 瞬时帧率=69.1fps, 平均帧率=64.7fps, 总帧数=600, 运行时间=9.3s
[DEBUG] armors=1, targets=1
[DEBUG] armors=1, targets=1
[DEBUG] armors=1, targets=1
[DEBUG] armors=1, targets=1
[DEBUG] armors=1, targets=1
[DEBUG] armors=1, targets=1
[DEBUG] armors=1, targets=1
[DEBUG] armors=1, targets=1
[DEBUG] armors=1, targets=1
[DEBUG] armors=1, targets=1
[DEBUG] armors=1, targets=1
[DEBUG] armors=1, targets=1
[DEBUG] armors=1, targets=1
[DEBUG] armors=1, targets=1
[2026-09-05 13:37:18.520] [debug] [Target] Bad Converge Found! recent_rate=0.440 last_nis=1.973 nees=-nan resid=(yaw=0.025,pitch=0.002,dist=-0.066,ang=-0.430)
[DEBUG] armors=1, targets=0
[DEBUG] armors=1, targets=1
[DEBUG] armors=1, targets=1
[DEBUG] armors=1, targets=1
[DEBUG] armors=1, targets=1
[DEBUG] armors=1, targets=1
[2026-09-05 13:37:18.597] [info] [DRYRUN] measured_gimbal=(2.894,-0.005,-0.057) measured_world=(2.879,0.271,-0.144) tracked_world=(2.858,0.275,-0.141) target_gimbal_deg=(-0.09,-1.12) target_world_deg=(5.38,-2.85) gimbal_deg=(5.47,1.73) armor_y_px=630.3 pixel_error_deg=(0.83,2.21) ballistic=(range=2.894m holdover=0.558m comp=10.70deg residual=-8.49deg) q_wxyz=(0.998746,0.000721,0.015090,-0.047733) cmd_deg=(-0.48,-12.19) packed_pitch_deg=-12.19 control=true shoot=false
[DEBUG] armors=1, targets=1
[DEBUG] armors=1, targets=1
[DEBUG] armors=1, targets=1
[DEBUG] armors=1, targets=1
[DEBUG] armors=1, targets=1
[DEBUG] armors=1, targets=1
[DEBUG] armors=1, targets=1
[DEBUG] armors=1, targets=1
[DEBUG] armors=1, targets=1
[DEBUG] armors=1, targets=1
[DEBUG] armors=1, targets=1
[DEBUG] armors=1, targets=1
[DEBUG] armors=1, targets=1
[DEBUG] armors=1, targets=1
[DEBUG] armors=1, targets=1
[DEBUG] armors=1, targets=1
[DEBUG] armors=1, targets=1
[DEBUG] armors=1, targets=1
[DEBUG] armors=1, targets=1
[DEBUG] armors=1, targets=1
[2026-09-05 13:37:18.900] [info] [DRYRUN] measured_gimbal=(2.875,-0.005,-0.055) measured_world=(2.860,0.269,-0.142) tracked_world=(2.918,0.239,-0.146) target_gimbal_deg=(-0.09,-1.10) target_world_deg=(5.38,-2.84) gimbal_deg=(5.47,1.73) armor_y_px=629.9 pixel_error_deg=(0.83,2.21) ballistic=(range=2.875m holdover=0.553m comp=10.67deg residual=-8.47deg) q_wxyz=(0.998746,0.000721,0.015090,-0.047733) cmd_deg=(5.38,-12.22) packed_pitch_deg=-12.22 control=true shoot=false
[DEBUG] armors=1, targets=1
[DEBUG] armors=1, targets=1
[DEBUG] armors=1, targets=1
[DEBUG] armors=1, targets=1
[DEBUG] armors=1, targets=1
[DEBUG] armors=1, targets=1
[DEBUG] armors=1, targets=1
[DEBUG] armors=1, targets=1
[DEBUG] armors=1, targets=1
[2026-09-05 13:37:19.045] [info] [SYNC][XUC] mode=0 yaw=-5.47 deg pitch=1.73 deg feeder_rpm=-4.00 wheel0_rpm=0 wheel1_rpm=0 wheel_delta=0 projectile_speed=12.80
[DEBUG] armors=1, targets=1
[2026-09-05 13:37:19.061] [info] [PERF] 总耗时=15.4ms (检测=12.7ms, 跟踪=0.5ms), FPS=64.8
[2026-09-05 13:37:19.061] [info] 📊 [CAMERA FPS] 瞬时帧率=64.7fps, 平均帧率=64.7fps, 总帧数=650, 运行时间=10.0s
[DEBUG] armors=1, targets=1
[DEBUG] armors=1, targets=1
[DEBUG] armors=1, targets=1
[DEBUG] armors=1, targets=1
[DEBUG] armors=1, targets=1
[DEBUG] armors=1, targets=1
[DEBUG] armors=1, targets=1
[DEBUG] armors=1, targets=1
[DEBUG] armors=1, targets=1
[DEBUG] armors=1, targets=1
[2026-09-05 13:37:19.214] [info] [DRYRUN] measured_gimbal=(2.910,-0.004,-0.057) measured_world=(2.894,0.273,-0.145) tracked_world=(3.047,0.159,-0.152) target_gimbal_deg=(-0.09,-1.13) target_world_deg=(5.39,-2.86) gimbal_deg=(5.47,1.73) armor_y_px=630.3 pixel_error_deg=(0.83,2.21) ballistic=(range=2.910m holdover=0.562m comp=10.72deg residual=-8.51deg) q_wxyz=(0.998746,0.000721,0.015090,-0.047733) cmd_deg=(5.38,-12.26) packed_pitch_deg=-12.26 control=true shoot=false
[DEBUG] armors=1, targets=1
[DEBUG] armors=1, targets=1
[DEBUG] armors=1, targets=1
[DEBUG] armors=1, targets=1
[DEBUG] armors=1, targets=1
[DEBUG] armors=1, targets=1
[DEBUG] armors=1, targets=1
[DEBUG] armors=1, targets=1
[DEBUG] armors=1, targets=1
[DEBUG] armors=1, targets=1
[DEBUG] armors=1, targets=1
[2026-09-05 13:37:19.398] [debug] [Target] Bad Converge Found! recent_rate=0.702 last_nis=2.135 nees=-nan resid=(yaw=-0.078,pitch=-0.003,dist=-0.421,ang=0.254)
[DEBUG] armors=1, targets=0
[DEBUG] armors=1, targets=1
[DEBUG] armors=1, targets=1
[DEBUG] armors=1, targets=1
[DEBUG] armors=1, targets=1
[DEBUG] armors=1, targets=1
[DEBUG] armors=1, targets=1
[DEBUG] armors=1, targets=1
[DEBUG] armors=1, targets=1
[2026-09-05 13:37:19.520] [info] [DRYRUN] measured_gimbal=(2.947,-0.003,-0.059) measured_world=(2.931,0.277,-0.148) tracked_world=(3.426,-0.122,-0.161) target_gimbal_deg=(-0.07,-1.14) target_world_deg=(5.41,-2.87) gimbal_deg=(5.47,1.73) armor_y_px=630.3 pixel_error_deg=(0.82,2.21) ballistic=(range=2.947m holdover=0.573m comp=10.78deg residual=-8.56deg) q_wxyz=(0.998746,0.000721,0.015090,-0.047733) cmd_deg=(-0.61,-12.28) packed_pitch_deg=-12.28 control=true shoot=false
[DEBUG] armors=1, targets=1
[DEBUG] armors=1, targets=1
[DEBUG] armors=1, targets=1
[DEBUG] armors=1, targets=1
[DEBUG] armors=1, targets=1
[DEBUG] armors=1, targets=1
[DEBUG] armors=1, targets=1
[DEBUG] armors=1, targets=1
[DEBUG] armors=1, targets=1
[DEBUG] armors=1, targets=1
[DEBUG] armors=1, targets=1
[DEBUG] armors=1, targets=1
[DEBUG] armors=1, targets=1
[DEBUG] armors=1, targets=1
[DEBUG] armors=1, targets=1
[DEBUG] armors=1, targets=1
[DEBUG] armors=1, targets=1
[DEBUG] armors=1, targets=1
[DEBUG] armors=1, targets=1
[2026-09-05 13:37:19.814] [info] [SYNC][XUC] mode=0 yaw=-5.47 deg pitch=1.73 deg feeder_rpm=10.00 wheel0_rpm=0 wheel1_rpm=0 wheel_delta=0 projectile_speed=12.80
[DEBUG] armors=1, targets=1
[2026-09-05 13:37:19.828] [info] [DRYRUN] measured_gimbal=(2.899,-0.004,-0.057) measured_world=(2.884,0.272,-0.144) tracked_world=(3.265,0.026,-0.139) target_gimbal_deg=(-0.08,-1.12) target_world_deg=(5.39,-2.85) gimbal_deg=(5.47,1.73) armor_y_px=630.1 pixel_error_deg=(0.82,2.21) ballistic=(range=2.899m holdover=0.560m comp=10.71deg residual=-8.50deg) q_wxyz=(0.998746,0.000721,0.015090,-0.047733) cmd_deg=(5.37,-12.22) packed_pitch_deg=-12.22 control=true shoot=false
[2026-09-05 13:37:19.830] [info] [PERF] 总耗时=15.5ms (检测=12.7ms, 跟踪=0.4ms), FPS=64.4
[2026-09-05 13:37:19.830] [info] 📊 [CAMERA FPS] 瞬时帧率=64.3fps, 平均帧率=64.7fps, 总帧数=700, 运行时间=10.8s
[DEBUG] armors=1, targets=1
[DEBUG] armors=1, targets=1
[DEBUG] armors=1, targets=1
[DEBUG] armors=1, targets=1
[DEBUG] armors=1, targets=1
[DEBUG] armors=1, targets=1
[DEBUG] armors=1, targets=1
[DEBUG] armors=1, targets=1
[DEBUG] armors=1, targets=1
[DEBUG] armors=1, targets=1
[DEBUG] armors=1, targets=1
[DEBUG] armors=1, targets=1
[DEBUG] armors=1, targets=1
[DEBUG] armors=1, targets=1
[DEBUG] armors=1, targets=1
[DEBUG] armors=1, targets=1
[DEBUG] armors=1, targets=1
[DEBUG] armors=1, targets=1
[DEBUG] armors=1, targets=1
[DEBUG] armors=1, targets=1
[2026-09-05 13:37:20.139] [info] [DRYRUN] measured_gimbal=(2.814,-0.005,-0.053) measured_world=(2.799,0.263,-0.138) tracked_world=(3.635,0.280,-0.159) target_gimbal_deg=(-0.11,-1.07) target_world_deg=(5.37,-2.80) gimbal_deg=(5.47,1.73) armor_y_px=629.8 pixel_error_deg=(0.81,2.20) ballistic=(range=2.814m holdover=0.537m comp=10.58deg residual=-8.38deg) q_wxyz=(0.998746,0.000721,0.015090,-0.047733) cmd_deg=(5.37,-12.21) packed_pitch_deg=-12.21 control=true shoot=false
[DEBUG] armors=1, targets=1
[DEBUG] armors=1, targets=1
[DEBUG] armors=1, targets=1
[DEBUG] armors=1, targets=1
[DEBUG] armors=1, targets=1
[DEBUG] armors=1, targets=1
[DEBUG] armors=1, targets=1
[DEBUG] armors=1, targets=1
[DEBUG] armors=1, targets=1
[DEBUG] armors=1, targets=1
[2026-09-05 13:37:20.311] [debug] [Target] Bad Converge Found! recent_rate=0.678 last_nis=2.956 nees=-nan resid=(yaw=-0.039,pitch=0.000,dist=-0.330,ang=-0.511)
[DEBUG] armors=1, targets=0
[DEBUG] armors=1, targets=1
[DEBUG] armors=1, targets=1
[DEBUG] armors=1, targets=1
[DEBUG] armors=1, targets=1
[DEBUG] armors=1, targets=1
[DEBUG] armors=1, targets=1
[DEBUG] armors=1, targets=1
[DEBUG] armors=1, targets=1
[DEBUG] armors=1, targets=1
[2026-09-05 13:37:20.453] [info] [DRYRUN] measured_gimbal=(2.842,-0.005,-0.054) measured_world=(2.827,0.266,-0.140) tracked_world=(2.846,0.267,-0.141) target_gimbal_deg=(-0.10,-1.09) target_world_deg=(5.37,-2.82) gimbal_deg=(5.47,1.73) armor_y_px=630.0 pixel_error_deg=(0.83,2.21) ballistic=(range=2.842m holdover=0.544m comp=10.62deg residual=-8.42deg) q_wxyz=(0.998746,0.000721,0.015090,-0.047733) cmd_deg=(5.37,-12.20) packed_pitch_deg=-12.20 control=true shoot=false
[DEBUG] armors=1, targets=1
[DEBUG] armors=1, targets=1
[DEBUG] armors=1, targets=1
[DEBUG] armors=1, targets=1
[DEBUG] armors=1, targets=1
[DEBUG] armors=1, targets=1
[DEBUG] armors=1, targets=1
[DEBUG] armors=1, targets=1
[DEBUG] armors=1, targets=1
[2026-09-05 13:37:20.594] [info] [SYNC][XUC] mode=0 yaw=-5.47 deg pitch=1.73 deg feeder_rpm=0.00 wheel0_rpm=0 wheel1_rpm=0 wheel_delta=0 projectile_speed=12.80
[DEBUG] armors=1, targets=1
[2026-09-05 13:37:20.610] [info] [PERF] 总耗时=15.8ms (检测=13.1ms, 跟踪=0.5ms), FPS=63.4
[2026-09-05 13:37:20.610] [info] 📊 [CAMERA FPS] 瞬时帧率=63.3fps, 平均帧率=64.7fps, 总帧数=750, 运行时间=11.6s
[DEBUG] armors=1, targets=1
[DEBUG] armors=1, targets=1
[DEBUG] armors=1, targets=1
[DEBUG] armors=1, targets=1
[DEBUG] armors=1, targets=1
[DEBUG] armors=1, targets=1
[DEBUG] armors=1, targets=1
[DEBUG] armors=1, targets=1
[DEBUG] armors=1, targets=1
[DEBUG] armors=1, targets=1
[2026-09-05 13:37:20.765] [info] [DRYRUN] measured_gimbal=(2.915,-0.005,-0.057) measured_world=(2.899,0.272,-0.146) tracked_world=(3.091,0.196,-0.157) target_gimbal_deg=(-0.10,-1.13) target_world_deg=(5.37,-2.86) gimbal_deg=(5.47,1.73) armor_y_px=630.4 pixel_error_deg=(0.82,2.22) ballistic=(range=2.915m holdover=0.564m comp=10.73deg residual=-8.51deg) q_wxyz=(0.998746,0.000721,0.015090,-0.047733) cmd_deg=(5.37,-12.28) packed_pitch_deg=-12.28 control=true shoot=false
[DEBUG] armors=1, targets=1
[DEBUG] armors=1, targets=1
[DEBUG] armors=1, targets=1
[DEBUG] armors=1, targets=1
[DEBUG] armors=1, targets=1
[DEBUG] armors=1, targets=1
[DEBUG] armors=1, targets=1
[DEBUG] armors=1, targets=1
[DEBUG] armors=1, targets=1
[DEBUG] armors=1, targets=1
[DEBUG] armors=1, targets=1
[DEBUG] armors=1, targets=1
[DEBUG] armors=1, targets=1
[DEBUG] armors=1, targets=1
[DEBUG] armors=1, targets=1
[DEBUG] armors=1, targets=1
[DEBUG] armors=1, targets=1
[DEBUG] armors=1, targets=1
[DEBUG] armors=1, targets=1
[DEBUG] armors=1, targets=1
[2026-09-05 13:37:21.076] [info] [DRYRUN] measured_gimbal=(2.848,-0.005,-0.054) measured_world=(2.833,0.267,-0.140) tracked_world=(3.438,0.002,-0.161) target_gimbal_deg=(-0.10,-1.09) target_world_deg=(5.38,-2.82) gimbal_deg=(5.47,1.73) armor_y_px=629.8 pixel_error_deg=(0.82,2.20) ballistic=(range=2.848m holdover=0.546m comp=10.63deg residual=-8.43deg) q_wxyz=(0.998746,0.000721,0.015090,-0.047733) cmd_deg=(2.94,-12.17) packed_pitch_deg=-12.17 control=true shoot=false
[DEBUG] armors=1, targets=1
[DEBUG] armors=1, targets=1
[DEBUG] armors=1, targets=1
[DEBUG] armors=1, targets=1
[DEBUG] armors=1, targets=1
[DEBUG] armors=1, targets=1
[DEBUG] armors=1, targets=1
[DEBUG] armors=1, targets=1
[2026-09-05 13:37:21.218] [debug] [Target] Bad Converge Found! recent_rate=0.690 last_nis=1.473 nees=-nan resid=(yaw=0.012,pitch=0.000,dist=-0.175,ang=-0.383)
[DEBUG] armors=1, targets=0
[DEBUG] armors=1, targets=1
[DEBUG] armors=1, targets=1
[DEBUG] armors=1, targets=1
[DEBUG] armors=1, targets=1
[DEBUG] armors=1, targets=1
[DEBUG] armors=1, targets=1
[DEBUG] armors=1, targets=1
[DEBUG] armors=1, targets=1
[DEBUG] armors=1, targets=1
[DEBUG] armors=1, targets=1
[2026-09-05 13:37:21.379] [info] [SYNC][XUC] mode=0 yaw=-5.47 deg pitch=1.73 deg feeder_rpm=0.00 wheel0_rpm=0 wheel1_rpm=0 wheel_delta=0 projectile_speed=12.80
[DEBUG] armors=1, targets=1
[2026-09-05 13:37:21.392] [info] [DRYRUN] measured_gimbal=(2.857,-0.005,-0.055) measured_world=(2.841,0.267,-0.141) tracked_world=(3.011,0.316,-0.150) target_gimbal_deg=(-0.10,-1.10) target_world_deg=(5.38,-2.83) gimbal_deg=(5.47,1.73) armor_y_px=630.0 pixel_error_deg=(0.83,2.21) ballistic=(range=2.857m holdover=0.548m comp=10.64deg residual=-8.44deg) q_wxyz=(0.998746,0.000721,0.015090,-0.047733) cmd_deg=(6.41,-12.19) packed_pitch_deg=-12.19 control=true shoot=false
[2026-09-05 13:37:21.394] [info] [PERF] 总耗时=15.5ms (检测=12.7ms, 跟踪=0.5ms), FPS=64.6
[2026-09-05 13:37:21.394] [info] 📊 [CAMERA FPS] 瞬时帧率=64.5fps, 平均帧率=64.6fps, 总帧数=800, 运行时间=12.4s
[DEBUG] armors=1, targets=1
[DEBUG] armors=1, targets=1
[DEBUG] armors=1, targets=1
[DEBUG] armors=1, targets=1
[DEBUG] armors=1, targets=1
[DEBUG] armors=1, targets=1
[DEBUG] armors=1, targets=1
[DEBUG] armors=1, targets=1
[DEBUG] armors=1, targets=1
[DEBUG] armors=1, targets=1
[DEBUG] armors=1, targets=1
[DEBUG] armors=1, targets=1
[DEBUG] armors=1, targets=1
[DEBUG] armors=1, targets=1
[DEBUG] armors=1, targets=1
[DEBUG] armors=1, targets=1
[DEBUG] armors=1, targets=1
[DEBUG] armors=1, targets=1
[DEBUG] armors=1, targets=1
[DEBUG] armors=1, targets=1
[2026-09-05 13:37:21.699] [info] [DRYRUN] measured_gimbal=(2.856,-0.005,-0.054) measured_world=(2.840,0.267,-0.140) tracked_world=(2.933,0.286,-0.146) target_gimbal_deg=(-0.10,-1.08) target_world_deg=(5.37,-2.81) gimbal_deg=(5.47,1.73) armor_y_px=629.4 pixel_error_deg=(0.83,2.19) ballistic=(range=2.856m holdover=0.548m comp=10.64deg residual=-8.45deg) q_wxyz=(0.998746,0.000721,0.015090,-0.047733) cmd_deg=(5.36,-12.22) packed_pitch_deg=-12.22 control=true shoot=false
[DEBUG] armors=1, targets=1
[DEBUG] armors=1, targets=1
[DEBUG] armors=1, targets=1
[DEBUG] armors=1, targets=1
[DEBUG] armors=1, targets=1
[DEBUG] armors=1, targets=1
[DEBUG] armors=1, targets=1
[DEBUG] armors=1, targets=1
[DEBUG] armors=1, targets=1
[DEBUG] armors=1, targets=1
[DEBUG] armors=1, targets=1
[DEBUG] armors=1, targets=1
[DEBUG] armors=1, targets=1
[DEBUG] armors=1, targets=1
[DEBUG] armors=1, targets=1
[DEBUG] armors=1, targets=1
[DEBUG] armors=1, targets=1
[DEBUG] armors=1, targets=1
[DEBUG] armors=1, targets=1
[DEBUG] armors=1, targets=1
[2026-09-05 13:37:22.009] [info] [DRYRUN] measured_gimbal=(2.858,-0.005,-0.054) measured_world=(2.843,0.268,-0.141) tracked_world=(2.847,0.262,-0.141) target_gimbal_deg=(-0.10,-1.09) target_world_deg=(5.38,-2.82) gimbal_deg=(5.47,1.73) armor_y_px=629.8 pixel_error_deg=(0.81,2.20) ballistic=(range=2.858m holdover=0.549m comp=10.65deg residual=-8.45deg) q_wxyz=(0.998746,0.000721,0.015090,-0.047733) cmd_deg=(5.01,-12.23) packed_pitch_deg=-12.23 control=true shoot=false
[DEBUG] armors=1, targets=1
[DEBUG] armors=1, targets=1
[DEBUG] armors=1, targets=1
[DEBUG] armors=1, targets=1
[DEBUG] armors=1, targets=1
[DEBUG] armors=1, targets=1
[DEBUG] armors=1, targets=1
[DEBUG] armors=1, targets=1
[DEBUG] armors=1, targets=1
[2026-09-05 13:37:22.147] [info] [SYNC][XUC] mode=0 yaw=-5.47 deg pitch=1.73 deg feeder_rpm=0.00 wheel0_rpm=0 wheel1_rpm=0 wheel_delta=0 projectile_speed=12.80
[DEBUG] armors=1, targets=1
[2026-09-05 13:37:22.162] [info] [PERF] 总耗时=15.2ms (检测=12.5ms, 跟踪=0.5ms), FPS=65.8
[2026-09-05 13:37:22.162] [info] 📊 [CAMERA FPS] 瞬时帧率=65.7fps, 平均帧率=64.7fps, 总帧数=850, 运行时间=13.1s
[DEBUG] armors=1, targets=1
[DEBUG] armors=1, targets=1
[DEBUG] armors=1, targets=1
[DEBUG] armors=1, targets=1
[DEBUG] armors=1, targets=1
[DEBUG] armors=1, targets=1
[DEBUG] armors=1, targets=1
[DEBUG] armors=1, targets=1
[DEBUG] armors=1, targets=1
[DEBUG] armors=1, targets=1
[2026-09-05 13:37:22.312] [info] [DRYRUN] measured_gimbal=(2.890,-0.005,-0.056) measured_world=(2.874,0.271,-0.143) tracked_world=(2.826,0.250,-0.141) target_gimbal_deg=(-0.09,-1.11) target_world_deg=(5.38,-2.84) gimbal_deg=(5.47,1.73) armor_y_px=630.1 pixel_error_deg=(0.83,2.21) ballistic=(range=2.890m holdover=0.557m comp=10.69deg residual=-8.48deg) q_wxyz=(0.998746,0.000721,0.015090,-0.047733) cmd_deg=(4.81,-12.27) packed_pitch_deg=-12.27 control=true shoot=false
[DEBUG] armors=1, targets=1
[DEBUG] armors=1, targets=1
[DEBUG] armors=1, targets=1
[DEBUG] armors=1, targets=1
[DEBUG] armors=1, targets=1
[DEBUG] armors=1, targets=1
[DEBUG] armors=1, targets=1
[DEBUG] armors=1, targets=1
[DEBUG] armors=1, targets=1
[DEBUG] armors=1, targets=1
[DEBUG] armors=1, targets=1
[DEBUG] armors=1, targets=1
[DEBUG] armors=1, targets=1
[DEBUG] armors=1, targets=1
[DEBUG] armors=1, targets=1
[DEBUG] armors=1, targets=1
[DEBUG] armors=1, targets=1
[DEBUG] armors=1, targets=1
[DEBUG] armors=1, targets=1
[DEBUG] armors=1, targets=1
[2026-09-05 13:37:22.619] [info] [DRYRUN] measured_gimbal=(2.842,-0.005,-0.054) measured_world=(2.827,0.266,-0.140) tracked_world=(2.814,0.252,-0.140) target_gimbal_deg=(-0.10,-1.09) target_world_deg=(5.37,-2.82) gimbal_deg=(5.47,1.73) armor_y_px=629.9 pixel_error_deg=(0.81,2.20) ballistic=(range=2.842m holdover=0.544m comp=10.62deg residual=-8.42deg) q_wxyz=(0.998746,0.000721,0.015090,-0.047733) cmd_deg=(5.05,-12.18) packed_pitch_deg=-12.18 control=true shoot=false
[DEBUG] armors=1, targets=1
[DEBUG] armors=1, targets=1
[DEBUG] armors=1, targets=1
[2026-09-05 13:37:22.679] [debug] [Target] Bad Converge Found! recent_rate=0.421 last_nis=2.668 nees=-nan resid=(yaw=0.008,pitch=0.000,dist=0.084,ang=0.516)
[DEBUG] armors=1, targets=0
[DEBUG] armors=1, targets=1
[DEBUG] armors=1, targets=1
[DEBUG] armors=1, targets=1
[DEBUG] armors=1, targets=1
[DEBUG] armors=1, targets=1
[DEBUG] armors=1, targets=1
[DEBUG] armors=1, targets=1
[DEBUG] armors=1, targets=1
[DEBUG] armors=1, targets=1
[DEBUG] armors=1, targets=1
[DEBUG] armors=1, targets=1
[DEBUG] armors=1, targets=1
[DEBUG] armors=1, targets=1
[DEBUG] armors=1, targets=1
[DEBUG] armors=1, targets=1
[2026-09-05 13:37:22.910] [info] [SYNC][XUC] mode=0 yaw=-5.47 deg pitch=1.73 deg feeder_rpm=0.00 wheel0_rpm=0 wheel1_rpm=0 wheel_delta=0 projectile_speed=12.80
[DEBUG] armors=1, targets=1
[2026-09-05 13:37:22.923] [info] [DRYRUN] measured_gimbal=(2.896,-0.004,-0.057) measured_world=(2.881,0.272,-0.144) tracked_world=(3.006,0.268,-0.149) target_gimbal_deg=(-0.09,-1.12) target_world_deg=(5.39,-2.85) gimbal_deg=(5.47,1.73) armor_y_px=630.3 pixel_error_deg=(0.83,2.21) ballistic=(range=2.896m holdover=0.559m comp=10.70deg residual=-8.49deg) q_wxyz=(0.998746,0.000721,0.015090,-0.047733) cmd_deg=(1.17,-12.23) packed_pitch_deg=-12.23 control=true shoot=false
[2026-09-05 13:37:22.926] [info] [PERF] 总耗时=15.7ms (检测=12.7ms, 跟踪=0.5ms), FPS=63.8
[2026-09-05 13:37:22.926] [info] 📊 [CAMERA FPS] 瞬时帧率=63.7fps, 平均帧率=64.7fps, 总帧数=900, 运行时间=13.9s
[DEBUG] armors=1, targets=1
[DEBUG] armors=1, targets=1
[DEBUG] armors=1, targets=1
[DEBUG] armors=1, targets=1
[DEBUG] armors=1, targets=1
[DEBUG] armors=1, targets=1
[DEBUG] armors=1, targets=1
[DEBUG] armors=1, targets=1
[DEBUG] armors=1, targets=1
[DEBUG] armors=1, targets=1
[DEBUG] armors=1, targets=1
[DEBUG] armors=1, targets=1
[DEBUG] armors=1, targets=1
[DEBUG] armors=1, targets=1
[DEBUG] armors=1, targets=1
[DEBUG] armors=1, targets=1
[DEBUG] armors=1, targets=1
[DEBUG] armors=1, targets=1
[DEBUG] armors=1, targets=1
[DEBUG] armors=1, targets=1
[2026-09-05 13:37:23.228] [info] [DRYRUN] measured_gimbal=(2.912,-0.005,-0.058) measured_world=(2.896,0.273,-0.146) tracked_world=(2.765,0.181,-0.137) target_gimbal_deg=(-0.09,-1.13) target_world_deg=(5.38,-2.86) gimbal_deg=(5.47,1.73) armor_y_px=630.5 pixel_error_deg=(0.82,2.22) ballistic=(range=2.912m holdover=0.563m comp=10.72deg residual=-8.51deg) q_wxyz=(0.998746,0.000721,0.015090,-0.047733) cmd_deg=(5.38,-12.23) packed_pitch_deg=-12.23 control=true shoot=false
[DEBUG] armors=1, targets=1
[DEBUG] armors=1, targets=1
[DEBUG] armors=1, targets=1
[DEBUG] armors=1, targets=1
[DEBUG] armors=1, targets=1
[DEBUG] armors=1, targets=1
[DEBUG] armors=1, targets=1
[DEBUG] armors=1, targets=1
[DEBUG] armors=1, targets=1
[DEBUG] armors=1, targets=1
[DEBUG] armors=1, targets=1
[DEBUG] armors=1, targets=1
[DEBUG] armors=1, targets=1
[DEBUG] armors=1, targets=1
[DEBUG] armors=1, targets=1
[DEBUG] armors=1, targets=1
[DEBUG] armors=1, targets=1
[DEBUG] armors=1, targets=1
[2026-09-05 13:37:23.520] [debug] [Target] Bad Converge Found! recent_rate=0.727 last_nis=4.179 nees=-nan resid=(yaw=0.049,pitch=0.001,dist=-0.162,ang=-0.612)
[DEBUG] armors=1, targets=0
[DEBUG] armors=1, targets=1
[2026-09-05 13:37:23.534] [info] [DRYRUN] measured_gimbal=(2.900,-0.004,-0.057) measured_world=(2.884,0.272,-0.145) tracked_world=(2.884,0.272,-0.145) target_gimbal_deg=(-0.09,-1.13) target_world_deg=(5.39,-2.86) gimbal_deg=(5.47,1.73) armor_y_px=630.6 pixel_error_deg=(0.82,2.22) ballistic=(range=2.900m holdover=0.560m comp=10.71deg residual=-8.49deg) q_wxyz=(0.998746,0.000721,0.015090,-0.047733) cmd_deg=(5.38,-12.24) packed_pitch_deg=-12.24 control=true shoot=false
[DEBUG] armors=1, targets=1
[DEBUG] armors=1, targets=1
[DEBUG] armors=1, targets=1
[DEBUG] armors=1, targets=1
[DEBUG] armors=1, targets=1
[DEBUG] armors=1, targets=1
[DEBUG] armors=1, targets=1
[DEBUG] armors=1, targets=1
[DEBUG] armors=1, targets=1
[2026-09-05 13:37:23.675] [info] [SYNC][XUC] mode=0 yaw=-5.47 deg pitch=1.73 deg feeder_rpm=0.00 wheel0_rpm=0 wheel1_rpm=0 wheel_delta=0 projectile_speed=12.80
[DEBUG] armors=1, targets=1
[2026-09-05 13:37:23.691] [info] [PERF] 总耗时=15.8ms (检测=12.7ms, 跟踪=0.4ms), FPS=63.2
[2026-09-05 13:37:23.691] [info] 📊 [CAMERA FPS] 瞬时帧率=63.0fps, 平均帧率=64.7fps, 总帧数=950, 运行时间=14.7s
[DEBUG] armors=1, targets=1
[DEBUG] armors=1, targets=1
[DEBUG] armors=1, targets=1
[DEBUG] armors=1, targets=1
[DEBUG] armors=1, targets=1
[DEBUG] armors=1, targets=1
[DEBUG] armors=1, targets=1
[DEBUG] armors=1, targets=1
[DEBUG] armors=1, targets=1
[DEBUG] armors=1, targets=1
[2026-09-05 13:37:23.840] [info] [DRYRUN] measured_gimbal=(2.847,-0.005,-0.054) measured_world=(2.832,0.266,-0.140) tracked_world=(3.286,0.435,-0.167) target_gimbal_deg=(-0.10,-1.09) target_world_deg=(5.37,-2.82) gimbal_deg=(5.47,1.73) armor_y_px=629.9 pixel_error_deg=(0.81,2.20) ballistic=(range=2.847m holdover=0.546m comp=10.63deg residual=-8.42deg) q_wxyz=(0.998746,0.000721,0.015090,-0.047733) cmd_deg=(7.83,-12.21) packed_pitch_deg=-12.21 control=true shoot=false
[DEBUG] armors=1, targets=1
[DEBUG] armors=1, targets=1
[DEBUG] armors=1, targets=1
[DEBUG] armors=1, targets=1
[DEBUG] armors=1, targets=1
[DEBUG] armors=1, targets=1
[DEBUG] armors=1, targets=1
[DEBUG] armors=1, targets=1
[DEBUG] armors=1, targets=1
[DEBUG] armors=1, targets=1
[DEBUG] armors=1, targets=1
[DEBUG] armors=1, targets=1
[DEBUG] armors=1, targets=1
[DEBUG] armors=1, targets=1
[DEBUG] armors=1, targets=1
[DEBUG] armors=1, targets=1
[DEBUG] armors=1, targets=1
[DEBUG] armors=1, targets=1
[DEBUG] armors=1, targets=1
[DEBUG] armors=1, targets=1
[2026-09-05 13:37:24.148] [info] [DRYRUN] measured_gimbal=(2.924,-0.004,-0.058) measured_world=(2.908,0.275,-0.147) tracked_world=(2.933,0.215,-0.147) target_gimbal_deg=(-0.08,-1.14) target_world_deg=(5.39,-2.87) gimbal_deg=(5.47,1.73) armor_y_px=630.6 pixel_error_deg=(0.82,2.22) ballistic=(range=2.924m holdover=0.566m comp=10.74deg residual=-8.52deg) q_wxyz=(0.998746,0.000721,0.015090,-0.047733) cmd_deg=(5.38,-12.30) packed_pitch_deg=-12.30 control=true shoot=false
[DEBUG] armors=1, targets=1
[DEBUG] armors=1, targets=1
[DEBUG] armors=1, targets=1
[DEBUG] armors=1, targets=1
[DEBUG] armors=1, targets=1
[DEBUG] armors=1, targets=1
[DEBUG] armors=1, targets=1
[DEBUG] armors=1, targets=1
[DEBUG] armors=1, targets=1
[DEBUG] armors=1, targets=1
[DEBUG] armors=1, targets=1
[DEBUG] armors=1, targets=1
[DEBUG] armors=1, targets=1
[DEBUG] armors=1, targets=1
[DEBUG] armors=1, targets=1
[DEBUG] armors=1, targets=1
[DEBUG] armors=1, targets=1
[DEBUG] armors=1, targets=1
[DEBUG] armors=1, targets=1
[2026-09-05 13:37:24.437] [info] [SYNC][XUC] mode=0 yaw=-5.47 deg pitch=1.73 deg feeder_rpm=0.00 wheel0_rpm=0 wheel1_rpm=0 wheel_delta=0 projectile_speed=12.80
[DEBUG] armors=1, targets=1
[2026-09-05 13:37:24.450] [info] [DRYRUN] measured_gimbal=(2.906,-0.005,-0.057) measured_world=(2.891,0.272,-0.144) tracked_world=(3.043,0.141,-0.155) target_gimbal_deg=(-0.09,-1.12) target_world_deg=(5.38,-2.85) gimbal_deg=(5.47,1.73) armor_y_px=630.0 pixel_error_deg=(0.82,2.21) ballistic=(range=2.906m holdover=0.561m comp=10.72deg residual=-8.51deg) q_wxyz=(0.998746,0.000721,0.015090,-0.047733) cmd_deg=(5.38,-12.27) packed_pitch_deg=-12.27 control=true shoot=false
[2026-09-05 13:37:24.452] [info] [PERF] 总耗时=15.5ms (检测=12.6ms, 跟踪=0.5ms), FPS=64.7
[2026-09-05 13:37:24.452] [info] 📊 [CAMERA FPS] 瞬时帧率=64.6fps, 平均帧率=64.8fps, 总帧数=1000, 运行时间=15.4s
[DEBUG] armors=1, targets=1
[DEBUG] armors=1, targets=1
[2026-09-05 13:37:24.496] [debug] [Target] Bad Converge Found! recent_rate=0.625 last_nis=4.493 nees=-nan resid=(yaw=0.037,pitch=0.001,dist=-0.174,ang=-0.654)
[DEBUG] armors=1, targets=0
[DEBUG] armors=1, targets=1
[DEBUG] armors=1, targets=1
[DEBUG] armors=1, targets=1
[DEBUG] armors=1, targets=1
[DEBUG] armors=1, targets=1
[DEBUG] armors=1, targets=1
[DEBUG] armors=1, targets=1
[DEBUG] armors=1, targets=1
[DEBUG] armors=1, targets=1
[DEBUG] armors=1, targets=1
[DEBUG] armors=1, targets=1
[DEBUG] armors=1, targets=1
[DEBUG] armors=1, targets=1
[DEBUG] armors=1, targets=1
[DEBUG] armors=1, targets=1
[DEBUG] armors=1, targets=1
[DEBUG] armors=1, targets=1
[2026-09-05 13:37:24.758] [info] [DRYRUN] measured_gimbal=(2.909,-0.005,-0.056) measured_world=(2.893,0.272,-0.144) tracked_world=(3.596,0.326,-0.155) target_gimbal_deg=(-0.11,-1.11) target_world_deg=(5.37,-2.84) gimbal_deg=(5.47,1.73) armor_y_px=629.7 pixel_error_deg=(0.82,2.20) ballistic=(range=2.909m holdover=0.562m comp=10.72deg residual=-8.52deg) q_wxyz=(0.998746,0.000721,0.015090,-0.047733) cmd_deg=(5.37,-12.23) packed_pitch_deg=-12.23 control=true shoot=false
[DEBUG] armors=1, targets=1
[DEBUG] armors=1, targets=1
[DEBUG] armors=1, targets=1
[DEBUG] armors=1, targets=1
[DEBUG] armors=1, targets=1
[DEBUG] armors=1, targets=1
[DEBUG] armors=1, targets=1
[DEBUG] armors=1, targets=1
[DEBUG] armors=1, targets=1
[DEBUG] armors=1, targets=1
[DEBUG] armors=1, targets=1
[DEBUG] armors=1, targets=1
[DEBUG] armors=1, targets=1
[DEBUG] armors=1, targets=1
[DEBUG] armors=1, targets=1
[DEBUG] armors=1, targets=1
[DEBUG] armors=1, targets=1
[DEBUG] armors=1, targets=1
[DEBUG] armors=1, targets=1
[DEBUG] armors=1, targets=1
[2026-09-05 13:37:25.070] [info] [DRYRUN] measured_gimbal=(2.877,-0.005,-0.055) measured_world=(2.862,0.269,-0.142) tracked_world=(3.220,0.510,-0.142) target_gimbal_deg=(-0.10,-1.09) target_world_deg=(5.38,-2.82) gimbal_deg=(5.47,1.73) armor_y_px=629.4 pixel_error_deg=(0.83,2.19) ballistic=(range=2.877m holdover=0.554m comp=10.67deg residual=-8.48deg) q_wxyz=(0.998746,0.000721,0.015090,-0.047733) cmd_deg=(3.60,-12.23) packed_pitch_deg=-12.23 control=true shoot=false
[DEBUG] armors=1, targets=1
[DEBUG] armors=1, targets=1
[DEBUG] armors=1, targets=1
[DEBUG] armors=1, targets=1
[DEBUG] armors=1, targets=1
[DEBUG] armors=1, targets=1
[DEBUG] armors=1, targets=1
[DEBUG] armors=1, targets=1
[DEBUG] armors=1, targets=1
[2026-09-05 13:37:25.212] [info] [SYNC][XUC] mode=0 yaw=-5.47 deg pitch=1.73 deg feeder_rpm=0.00 wheel0_rpm=0 wheel1_rpm=0 wheel_delta=0 projectile_speed=12.80
[DEBUG] armors=1, targets=1
[2026-09-05 13:37:25.227] [info] [PERF] 总耗时=15.1ms (检测=12.3ms, 跟踪=0.5ms), FPS=66.4
[2026-09-05 13:37:25.228] [info] 📊 [CAMERA FPS] 瞬时帧率=63.4fps, 平均帧率=64.8fps, 总帧数=1050, 运行时间=16.2s
[DEBUG] armors=1, targets=1
[DEBUG] armors=1, targets=1
[DEBUG] armors=1, targets=1
[DEBUG] armors=1, targets=1
[DEBUG] armors=1, targets=1
[DEBUG] armors=1, targets=1
[DEBUG] armors=1, targets=1
[DEBUG] armors=1, targets=1
[DEBUG] armors=1, targets=1
[DEBUG] armors=1, targets=1
[2026-09-05 13:37:25.384] [info] [DRYRUN] measured_gimbal=(2.827,-0.005,-0.053) measured_world=(2.812,0.264,-0.139) tracked_world=(3.198,0.541,-0.142) target_gimbal_deg=(-0.10,-1.08) target_world_deg=(5.37,-2.81) gimbal_deg=(5.47,1.73) armor_y_px=629.9 pixel_error_deg=(0.82,2.20) ballistic=(range=2.827m holdover=0.540m comp=10.60deg residual=-8.40deg) q_wxyz=(0.998746,0.000721,0.015090,-0.047733) cmd_deg=(4.38,-12.17) packed_pitch_deg=-12.17 control=true shoot=false
[DEBUG] armors=1, targets=1
[DEBUG] armors=1, targets=1
[DEBUG] armors=1, targets=1
[DEBUG] armors=1, targets=1
[DEBUG] armors=1, targets=1
[DEBUG] armors=1, targets=1
[DEBUG] armors=1, targets=1
[DEBUG] armors=1, targets=1
[DEBUG] armors=1, targets=1
[DEBUG] armors=1, targets=1
[DEBUG] armors=1, targets=1
[DEBUG] armors=1, targets=1
[DEBUG] armors=1, targets=1
[DEBUG] armors=1, targets=1
[DEBUG] armors=1, targets=1
[DEBUG] armors=1, targets=1
[DEBUG] armors=1, targets=1
[DEBUG] armors=1, targets=1
[DEBUG] armors=1, targets=1
[2026-09-05 13:37:25.699] [debug] [Target] Bad Converge Found! recent_rate=0.519 last_nis=8.151 nees=-nan resid=(yaw=-0.076,pitch=-0.006,dist=-0.313,ang=0.821)
[DEBUG] armors=1, targets=0
[2026-09-05 13:37:25.699] [info] [DRYRUN] target=none gimbal_deg=(5.47,1.73) control=true shoot=false
[DEBUG] armors=1, targets=1
[DEBUG] armors=1, targets=1
[DEBUG] armors=1, targets=1
[DEBUG] armors=1, targets=1
[DEBUG] armors=1, targets=1
[DEBUG] armors=1, targets=1
[DEBUG] armors=1, targets=1
[DEBUG] armors=1, targets=1
[DEBUG] armors=1, targets=1
[DEBUG] armors=1, targets=1
[DEBUG] armors=1, targets=1
[DEBUG] armors=1, targets=1
[DEBUG] armors=1, targets=1
[DEBUG] armors=1, targets=1
[DEBUG] armors=1, targets=1
[DEBUG] armors=1, targets=1
[DEBUG] armors=1, targets=1
[DEBUG] armors=1, targets=1
[DEBUG] armors=1, targets=1
[2026-09-05 13:37:25.996] [info] [SYNC][XUC] mode=0 yaw=-5.47 deg pitch=1.73 deg feeder_rpm=0.00 wheel0_rpm=0 wheel1_rpm=0 wheel_delta=0 projectile_speed=12.80
[DEBUG] armors=1, targets=1
[2026-09-05 13:37:26.010] [info] [DRYRUN] measured_gimbal=(2.914,-0.004,-0.057) measured_world=(2.898,0.274,-0.145) tracked_world=(2.927,0.254,-0.145) target_gimbal_deg=(-0.08,-1.12) target_world_deg=(5.39,-2.86) gimbal_deg=(5.47,1.73) armor_y_px=630.1 pixel_error_deg=(0.83,2.21) ballistic=(range=2.914m holdover=0.564m comp=10.73deg residual=-8.52deg) q_wxyz=(0.998746,0.000721,0.015090,-0.047733) cmd_deg=(1.72,-12.26) packed_pitch_deg=-12.26 control=true shoot=false
[2026-09-05 13:37:26.012] [info] [PERF] 总耗时=16.4ms (检测=13.6ms, 跟踪=0.5ms), FPS=61.0
[2026-09-05 13:37:26.012] [info] 📊 [CAMERA FPS] 瞬时帧率=60.9fps, 平均帧率=64.7fps, 总帧数=1100, 运行时间=17.0s
[DEBUG] armors=1, targets=1
[DEBUG] armors=1, targets=1
[DEBUG] armors=1, targets=1
[DEBUG] armors=1, targets=1
[DEBUG] armors=1, targets=1
[DEBUG] armors=1, targets=1
[DEBUG] armors=1, targets=1
[DEBUG] armors=1, targets=1
[DEBUG] armors=1, targets=1
[DEBUG] armors=1, targets=1
[DEBUG] armors=1, targets=1
[DEBUG] armors=1, targets=1
[DEBUG] armors=1, targets=1
[DEBUG] armors=1, targets=1
[DEBUG] armors=1, targets=1
[DEBUG] armors=1, targets=1
[DEBUG] armors=1, targets=1
[DEBUG] armors=1, targets=1
[DEBUG] armors=1, targets=1
[DEBUG] armors=1, targets=1
[2026-09-05 13:37:26.323] [info] [DRYRUN] measured_gimbal=(2.839,-0.005,-0.053) measured_world=(2.823,0.265,-0.139) tracked_world=(2.853,0.241,-0.142) target_gimbal_deg=(-0.10,-1.08) target_world_deg=(5.37,-2.81) gimbal_deg=(5.47,1.73) armor_y_px=629.6 pixel_error_deg=(0.83,2.20) ballistic=(range=2.839m holdover=0.543m comp=10.62deg residual=-8.42deg) q_wxyz=(0.998746,0.000721,0.015090,-0.047733) cmd_deg=(3.55,-12.21) packed_pitch_deg=-12.21 control=true shoot=false
[DEBUG] armors=1, targets=1
[DEBUG] armors=1, targets=1
[DEBUG] armors=1, targets=1
[DEBUG] armors=1, targets=1
[DEBUG] armors=1, targets=1
[DEBUG] armors=1, targets=1
[DEBUG] armors=1, targets=1
[DEBUG] armors=1, targets=1
[DEBUG] armors=1, targets=1
[DEBUG] armors=1, targets=1
[DEBUG] armors=1, targets=1
[DEBUG] armors=1, targets=1
[DEBUG] armors=1, targets=1
[DEBUG] armors=1, targets=1
[DEBUG] armors=1, targets=1
[DEBUG] armors=1, targets=1
[DEBUG] armors=1, targets=1
[DEBUG] armors=1, targets=1
[DEBUG] armors=1, targets=1
[DEBUG] armors=1, targets=1
[2026-09-05 13:37:26.633] [info] [DRYRUN] measured_gimbal=(2.817,-0.006,-0.053) measured_world=(2.802,0.263,-0.138) tracked_world=(2.798,0.244,-0.138) target_gimbal_deg=(-0.11,-1.08) target_world_deg=(5.36,-2.81) gimbal_deg=(5.47,1.73) armor_y_px=629.9 pixel_error_deg=(0.83,2.20) ballistic=(range=2.817m holdover=0.538m comp=10.59deg residual=-8.38deg) q_wxyz=(0.998746,0.000721,0.015090,-0.047733) cmd_deg=(4.59,-12.16) packed_pitch_deg=-12.16 control=true shoot=false
[DEBUG] armors=1, targets=1
[DEBUG] armors=1, targets=1
[DEBUG] armors=1, targets=1
[DEBUG] armors=1, targets=1
[DEBUG] armors=1, targets=1
[DEBUG] armors=1, targets=1
[DEBUG] armors=1, targets=1
[DEBUG] armors=1, targets=1
[DEBUG] armors=1, targets=1
[2026-09-05 13:37:26.771] [info] [SYNC][XUC] mode=0 yaw=-5.47 deg pitch=1.73 deg feeder_rpm=0.00 wheel0_rpm=0 wheel1_rpm=0 wheel_delta=0 projectile_speed=12.80
[DEBUG] armors=1, targets=1
[2026-09-05 13:37:26.787] [info] [PERF] 总耗时=15.7ms (检测=12.7ms, 跟踪=0.5ms), FPS=63.9
[2026-09-05 13:37:26.787] [info] 📊 [CAMERA FPS] 瞬时帧率=63.7fps, 平均帧率=64.7fps, 总帧数=1150, 运行时间=17.8s
[DEBUG] armors=1, targets=1
[DEBUG] armors=1, targets=1
[DEBUG] armors=1, targets=1
[DEBUG] armors=1, targets=1
[DEBUG] armors=1, targets=1
[DEBUG] armors=1, targets=1
[2026-09-05 13:37:26.891] [debug] [Target] Bad Converge Found! recent_rate=0.519 last_nis=1.118 nees=-nan resid=(yaw=0.010,pitch=0.001,dist=0.003,ang=-0.334)
[DEBUG] armors=1, targets=0
[DEBUG] armors=1, targets=1
[DEBUG] armors=1, targets=1
[DEBUG] armors=1, targets=1
[2026-09-05 13:37:26.936] [info] [DRYRUN] measured_gimbal=(2.855,-0.005,-0.054) measured_world=(2.839,0.267,-0.140) tracked_world=(2.849,0.255,-0.140) target_gimbal_deg=(-0.10,-1.09) target_world_deg=(5.37,-2.82) gimbal_deg=(5.47,1.73) armor_y_px=629.7 pixel_error_deg=(0.81,2.20) ballistic=(range=2.855m holdover=0.548m comp=10.64deg residual=-8.44deg) q_wxyz=(0.998746,0.000721,0.015090,-0.047733) cmd_deg=(5.24,-12.21) packed_pitch_deg=-12.21 control=true shoot=false
[DEBUG] armors=1, targets=1
[DEBUG] armors=1, targets=1
[DEBUG] armors=1, targets=1
[DEBUG] armors=1, targets=1
[DEBUG] armors=1, targets=1
[DEBUG] armors=1, targets=1
[DEBUG] armors=1, targets=1
[DEBUG] armors=1, targets=1
[DEBUG] armors=1, targets=1
[DEBUG] armors=1, targets=1
[DEBUG] armors=1, targets=1
[DEBUG] armors=1, targets=1
[DEBUG] armors=1, targets=1
[DEBUG] armors=1, targets=1
[DEBUG] armors=1, targets=1
[DEBUG] armors=1, targets=1
[DEBUG] armors=1, targets=1
[DEBUG] armors=1, targets=1
[DEBUG] armors=1, targets=1
[DEBUG] armors=1, targets=1
[2026-09-05 13:37:27.241] [info] [DRYRUN] measured_gimbal=(2.915,-0.005,-0.057) measured_world=(2.899,0.273,-0.145) tracked_world=(3.020,0.340,-0.152) target_gimbal_deg=(-0.10,-1.13) target_world_deg=(5.38,-2.86) gimbal_deg=(5.47,1.73) armor_y_px=630.2 pixel_error_deg=(0.82,2.21) ballistic=(range=2.915m holdover=0.564m comp=10.73deg residual=-8.52deg) q_wxyz=(0.998746,0.000721,0.015090,-0.047733) cmd_deg=(5.37,-12.22) packed_pitch_deg=-12.22 control=true shoot=false
[DEBUG] armors=1, targets=1
[DEBUG] armors=1, targets=1
[DEBUG] armors=1, targets=1
[DEBUG] armors=1, targets=1
[DEBUG] armors=1, targets=1
[DEBUG] armors=1, targets=1
[DEBUG] armors=1, targets=1
[DEBUG] armors=1, targets=1
[DEBUG] armors=1, targets=1
[DEBUG] armors=1, targets=1
[DEBUG] armors=1, targets=1
[DEBUG] armors=1, targets=1
[DEBUG] armors=1, targets=1
[DEBUG] armors=1, targets=1
[DEBUG] armors=1, targets=1
[DEBUG] armors=1, targets=1
[DEBUG] armors=1, targets=1
[DEBUG] armors=1, targets=1
[DEBUG] armors=1, targets=1
[2026-09-05 13:37:27.530] [info] [SYNC][XUC] mode=0 yaw=-5.47 deg pitch=1.73 deg feeder_rpm=0.00 wheel0_rpm=0 wheel1_rpm=0 wheel_delta=0 projectile_speed=12.80
[DEBUG] armors=1, targets=1
[2026-09-05 13:37:27.543] [info] [DRYRUN] measured_gimbal=(2.857,-0.005,-0.055) measured_world=(2.842,0.268,-0.141) tracked_world=(2.961,0.304,-0.148) target_gimbal_deg=(-0.09,-1.10) target_world_deg=(5.38,-2.83) gimbal_deg=(5.47,1.73) armor_y_px=630.0 pixel_error_deg=(0.81,2.21) ballistic=(range=2.857m holdover=0.548m comp=10.64deg residual=-8.44deg) q_wxyz=(0.998746,0.000721,0.015090,-0.047733) cmd_deg=(6.01,-12.24) packed_pitch_deg=-12.24 control=true shoot=false
[2026-09-05 13:37:27.545] [info] [PERF] 总耗时=15.0ms (检测=12.3ms, 跟踪=0.5ms), FPS=66.5
[2026-09-05 13:37:27.545] [info] 📊 [CAMERA FPS] 瞬时帧率=66.4fps, 平均帧率=64.8fps, 总帧数=1200, 运行时间=18.5s
[DEBUG] armors=1, targets=1
[DEBUG] armors=1, targets=1
[DEBUG] armors=1, targets=1
[DEBUG] armors=1, targets=1
[DEBUG] armors=1, targets=1
[DEBUG] armors=1, targets=1
[DEBUG] armors=1, targets=1
[DEBUG] armors=1, targets=1
[DEBUG] armors=1, targets=1
[DEBUG] armors=1, targets=1
[DEBUG] armors=1, targets=1
[DEBUG] armors=1, targets=1
[DEBUG] armors=1, targets=1
[DEBUG] armors=1, targets=1
[DEBUG] armors=1, targets=1
[DEBUG] armors=1, targets=1
[DEBUG] armors=1, targets=1
[DEBUG] armors=1, targets=1
[DEBUG] armors=1, targets=1
[DEBUG] armors=1, targets=1
[2026-09-05 13:37:27.855] [info] [DRYRUN] measured_gimbal=(2.817,-0.006,-0.053) measured_world=(2.802,0.263,-0.138) tracked_world=(2.869,0.271,-0.142) target_gimbal_deg=(-0.11,-1.08) target_world_deg=(5.36,-2.81) gimbal_deg=(5.47,1.73) armor_y_px=629.9 pixel_error_deg=(0.83,2.20) ballistic=(range=2.817m holdover=0.538m comp=10.58deg residual=-8.38deg) q_wxyz=(0.998746,0.000721,0.015090,-0.047733) cmd_deg=(5.25,-12.14) packed_pitch_deg=-12.14 control=true shoot=false
[DEBUG] armors=1, targets=1
[DEBUG] armors=1, targets=1
[DEBUG] armors=1, targets=1
[DEBUG] armors=1, targets=1
[DEBUG] armors=1, targets=1
[DEBUG] armors=1, targets=1
[DEBUG] armors=1, targets=1
[DEBUG] armors=1, targets=1
[DEBUG] armors=1, targets=1
[DEBUG] armors=1, targets=1
[DEBUG] armors=1, targets=1
[DEBUG] armors=1, targets=1
[DEBUG] armors=1, targets=1
[DEBUG] armors=1, targets=1
[DEBUG] armors=1, targets=1
[DEBUG] armors=1, targets=1
[DEBUG] armors=1, targets=1
[DEBUG] armors=1, targets=1
[DEBUG] armors=1, targets=1
[DEBUG] armors=1, targets=1
[2026-09-05 13:37:28.165] [info] [DRYRUN] measured_gimbal=(2.855,-0.005,-0.054) measured_world=(2.840,0.267,-0.141) tracked_world=(2.851,0.265,-0.141) target_gimbal_deg=(-0.10,-1.09) target_world_deg=(5.37,-2.82) gimbal_deg=(5.47,1.73) armor_y_px=629.7 pixel_error_deg=(0.83,2.20) ballistic=(range=2.855m holdover=0.548m comp=10.64deg residual=-8.44deg) q_wxyz=(0.998746,0.000721,0.015090,-0.047733) cmd_deg=(5.23,-12.23) packed_pitch_deg=-12.23 control=true shoot=false
[DEBUG] armors=1, targets=1
[DEBUG] armors=1, targets=1
[DEBUG] armors=1, targets=1
[DEBUG] armors=1, targets=1
[DEBUG] armors=1, targets=1
[DEBUG] armors=1, targets=1
[DEBUG] armors=1, targets=1
[2026-09-05 13:37:28.290] [debug] [Target] Bad Converge Found! recent_rate=0.440 last_nis=9.630 nees=-nan resid=(yaw=-0.006,pitch=-0.000,dist=0.022,ang=0.986)
[DEBUG] armors=1, targets=0
[DEBUG] armors=1, targets=1
[2026-09-05 13:37:28.308] [info] [SYNC][XUC] mode=0 yaw=-5.47 deg pitch=1.73 deg feeder_rpm=0.00 wheel0_rpm=0 wheel1_rpm=0 wheel_delta=0 projectile_speed=12.80
[DEBUG] armors=1, targets=1
[2026-09-05 13:37:28.325] [info] [PERF] 总耗时=16.5ms (检测=13.2ms, 跟踪=0.4ms), FPS=60.7
[2026-09-05 13:37:28.325] [info] 📊 [CAMERA FPS] 瞬时帧率=60.6fps, 平均帧率=64.7fps, 总帧数=1250, 运行时间=19.3s
[DEBUG] armors=1, targets=1
[DEBUG] armors=1, targets=1
[DEBUG] armors=1, targets=1
[DEBUG] armors=1, targets=1
[DEBUG] armors=1, targets=1
[DEBUG] armors=1, targets=1
[DEBUG] armors=1, targets=1
[DEBUG] armors=1, targets=1
[DEBUG] armors=1, targets=1
[DEBUG] armors=1, targets=1
[2026-09-05 13:37:28.478] [info] [DRYRUN] measured_gimbal=(2.856,-0.005,-0.055) measured_world=(2.841,0.267,-0.141) tracked_world=(2.857,0.271,-0.141) target_gimbal_deg=(-0.10,-1.09) target_world_deg=(5.37,-2.83) gimbal_deg=(5.47,1.73) armor_y_px=629.9 pixel_error_deg=(0.83,2.20) ballistic=(range=2.856m holdover=0.548m comp=10.64deg residual=-8.44deg) q_wxyz=(0.998746,0.000721,0.015090,-0.047733) cmd_deg=(5.56,-12.20) packed_pitch_deg=-12.20 control=true shoot=false
[DEBUG] armors=1, targets=1
[DEBUG] armors=1, targets=1
[DEBUG] armors=1, targets=1
[DEBUG] armors=1, targets=1
[DEBUG] armors=1, targets=1
[DEBUG] armors=1, targets=1
[DEBUG] armors=1, targets=1
[DEBUG] armors=1, targets=1
[DEBUG] armors=1, targets=1
[DEBUG] armors=1, targets=1
[DEBUG] armors=1, targets=1
[DEBUG] armors=1, targets=1
[DEBUG] armors=1, targets=1
[DEBUG] armors=1, targets=1
[DEBUG] armors=1, targets=1
[DEBUG] armors=1, targets=1
[DEBUG] armors=1, targets=1
[DEBUG] armors=1, targets=1
[DEBUG] armors=1, targets=1
[DEBUG] armors=1, targets=1
[2026-09-05 13:37:28.788] [info] [DRYRUN] measured_gimbal=(2.885,-0.005,-0.055) measured_world=(2.869,0.270,-0.143) tracked_world=(2.935,0.307,-0.146) target_gimbal_deg=(-0.09,-1.10) target_world_deg=(5.38,-2.83) gimbal_deg=(5.47,1.73) armor_y_px=629.6 pixel_error_deg=(0.82,2.20) ballistic=(range=2.885m holdover=0.556m comp=10.68deg residual=-8.49deg) q_wxyz=(0.998746,0.000721,0.015090,-0.047733) cmd_deg=(5.38,-12.22) packed_pitch_deg=-12.22 control=true shoot=false
[DEBUG] armors=1, targets=1
[DEBUG] armors=1, targets=1
[DEBUG] armors=1, targets=1
[DEBUG] armors=1, targets=1
[DEBUG] armors=1, targets=1
[DEBUG] armors=1, targets=1
[DEBUG] armors=1, targets=1
[DEBUG] armors=1, targets=1
[DEBUG] armors=1, targets=1
[DEBUG] armors=1, targets=1
[DEBUG] armors=1, targets=1
[DEBUG] armors=1, targets=1
[DEBUG] armors=1, targets=1
[DEBUG] armors=1, targets=1
[DEBUG] armors=1, targets=1
[DEBUG] armors=1, targets=1
[DEBUG] armors=1, targets=1
[DEBUG] armors=1, targets=1
[DEBUG] armors=1, targets=1
[2026-09-05 13:37:29.084] [info] [SYNC][XUC] mode=0 yaw=-5.47 deg pitch=1.73 deg feeder_rpm=0.00 wheel0_rpm=0 wheel1_rpm=0 wheel_delta=0 projectile_speed=12.80
[DEBUG] armors=1, targets=1
[2026-09-05 13:37:29.097] [info] [DRYRUN] measured_gimbal=(2.882,-0.004,-0.056) measured_world=(2.866,0.270,-0.143) tracked_world=(2.931,0.311,-0.146) target_gimbal_deg=(-0.09,-1.11) target_world_deg=(5.39,-2.84) gimbal_deg=(5.47,1.73) armor_y_px=630.0 pixel_error_deg=(0.83,2.21) ballistic=(range=2.882m holdover=0.555m comp=10.68deg residual=-8.47deg) q_wxyz=(0.998746,0.000721,0.015090,-0.047733) cmd_deg=(5.38,-12.24) packed_pitch_deg=-12.24 control=true shoot=false
[2026-09-05 13:37:29.100] [info] [PERF] 总耗时=15.6ms (检测=12.6ms, 跟踪=0.5ms), FPS=64.2
[2026-09-05 13:37:29.100] [info] 📊 [CAMERA FPS] 瞬时帧率=64.1fps, 平均帧率=64.7fps, 总帧数=1300, 运行时间=20.1s
[DEBUG] armors=1, targets=1
[DEBUG] armors=1, targets=1
[DEBUG] armors=1, targets=1
[DEBUG] armors=1, targets=1
[DEBUG] armors=1, targets=1
[DEBUG] armors=1, targets=1
[DEBUG] armors=1, targets=1
[DEBUG] armors=1, targets=1
[DEBUG] armors=1, targets=1
[DEBUG] armors=1, targets=1
[DEBUG] armors=1, targets=1
[DEBUG] armors=1, targets=1
[DEBUG] armors=1, targets=1
[DEBUG] armors=1, targets=1
[DEBUG] armors=1, targets=1
[DEBUG] armors=1, targets=1
[DEBUG] armors=1, targets=1
[DEBUG] armors=1, targets=1
[DEBUG] armors=1, targets=1
[DEBUG] armors=1, targets=1
[2026-09-05 13:37:29.407] [info] [DRYRUN] measured_gimbal=(2.829,-0.005,-0.053) measured_world=(2.814,0.264,-0.139) tracked_world=(3.000,0.334,-0.150) target_gimbal_deg=(-0.10,-1.08) target_world_deg=(5.37,-2.81) gimbal_deg=(5.47,1.73) armor_y_px=629.9 pixel_error_deg=(0.81,2.20) ballistic=(range=2.829m holdover=0.541m comp=10.60deg residual=-8.40deg) q_wxyz=(0.998746,0.000721,0.015090,-0.047733) cmd_deg=(5.37,-12.23) packed_pitch_deg=-12.23 control=true shoot=false
[DEBUG] armors=1, targets=1
[DEBUG] armors=1, targets=1
[DEBUG] armors=1, targets=1
[DEBUG] armors=1, targets=1
[DEBUG] armors=1, targets=1
[DEBUG] armors=1, targets=1
[DEBUG] armors=1, targets=1
[DEBUG] armors=1, targets=1
[DEBUG] armors=1, targets=1
[DEBUG] armors=1, targets=1
[2026-09-05 13:37:29.578] [debug] [Target] Bad Converge Found! recent_rate=0.482 last_nis=1.730 nees=-nan resid=(yaw=-0.012,pitch=0.000,dist=-0.144,ang=0.412)
[DEBUG] armors=1, targets=0
[DEBUG] armors=1, targets=1
[DEBUG] armors=1, targets=1
[DEBUG] armors=1, targets=1
[DEBUG] armors=1, targets=1
[DEBUG] armors=1, targets=1
[DEBUG] armors=1, targets=1
[DEBUG] armors=1, targets=1
[DEBUG] armors=1, targets=1
[DEBUG] armors=1, targets=1
[2026-09-05 13:37:29.720] [info] [DRYRUN] measured_gimbal=(2.854,-0.005,-0.054) measured_world=(2.839,0.267,-0.140) tracked_world=(2.821,0.265,-0.139) target_gimbal_deg=(-0.10,-1.09) target_world_deg=(5.37,-2.82) gimbal_deg=(5.47,1.73) armor_y_px=629.7 pixel_error_deg=(0.83,2.20) ballistic=(range=2.854m holdover=0.547m comp=10.64deg residual=-8.44deg) q_wxyz=(0.998746,0.000721,0.015090,-0.047733) cmd_deg=(5.37,-12.17) packed_pitch_deg=-12.17 control=true shoot=false
[DEBUG] armors=1, targets=1
[DEBUG] armors=1, targets=1
[DEBUG] armors=1, targets=1
[DEBUG] armors=1, targets=1
[DEBUG] armors=1, targets=1
[DEBUG] armors=1, targets=1
[DEBUG] armors=1, targets=1
[DEBUG] armors=1, targets=1
[DEBUG] armors=1, targets=1
[2026-09-05 13:37:29.864] [info] [SYNC][XUC] mode=0 yaw=-5.47 deg pitch=1.73 deg feeder_rpm=0.00 wheel0_rpm=0 wheel1_rpm=0 wheel_delta=0 projectile_speed=12.80
[DEBUG] armors=1, targets=1
[2026-09-05 13:37:29.879] [info] [PERF] 总耗时=15.5ms (检测=12.8ms, 跟踪=0.5ms), FPS=64.5
[2026-09-05 13:37:29.879] [info] 📊 [CAMERA FPS] 瞬时帧率=64.3fps, 平均帧率=64.7fps, 总帧数=1350, 运行时间=20.9s
[DEBUG] armors=1, targets=1
[DEBUG] armors=1, targets=1
[DEBUG] armors=1, targets=1
[DEBUG] armors=1, targets=1
[DEBUG] armors=1, targets=1
[DEBUG] armors=1, targets=1
[DEBUG] armors=1, targets=1
[DEBUG] armors=1, targets=1
[DEBUG] armors=1, targets=1
[DEBUG] armors=1, targets=1
[2026-09-05 13:37:30.030] [info] [DRYRUN] measured_gimbal=(2.834,-0.005,-0.053) measured_world=(2.818,0.265,-0.139) tracked_world=(2.969,0.318,-0.148) target_gimbal_deg=(-0.10,-1.08) target_world_deg=(5.37,-2.81) gimbal_deg=(5.47,1.73) armor_y_px=629.8 pixel_error_deg=(0.81,2.20) ballistic=(range=2.834m holdover=0.542m comp=10.61deg residual=-8.41deg) q_wxyz=(0.998746,0.000721,0.015090,-0.047733) cmd_deg=(6.80,-12.18) packed_pitch_deg=-12.18 control=true shoot=false
[DEBUG] armors=1, targets=1
[DEBUG] armors=1, targets=1
[DEBUG] armors=1, targets=1
[DEBUG] armors=1, targets=1
[DEBUG] armors=1, targets=1
[DEBUG] armors=1, targets=1
[DEBUG] armors=1, targets=1
[DEBUG] armors=1, targets=1
[DEBUG] armors=1, targets=1
[DEBUG] armors=1, targets=1
[DEBUG] armors=1, targets=1
[DEBUG] armors=1, targets=1
[DEBUG] armors=1, targets=1
[DEBUG] armors=1, targets=1
[DEBUG] armors=1, targets=1
[DEBUG] armors=1, targets=1
[DEBUG] armors=1, targets=1
[DEBUG] armors=1, targets=1
[DEBUG] armors=1, targets=1
[DEBUG] armors=1, targets=1
[2026-09-05 13:37:30.339] [info] [DRYRUN] measured_gimbal=(2.815,-0.006,-0.053) measured_world=(2.799,0.263,-0.138) tracked_world=(2.879,0.276,-0.143) target_gimbal_deg=(-0.11,-1.08) target_world_deg=(5.36,-2.81) gimbal_deg=(5.47,1.73) armor_y_px=630.0 pixel_error_deg=(0.83,2.21) ballistic=(range=2.815m holdover=0.537m comp=10.58deg residual=-8.37deg) q_wxyz=(0.998746,0.000721,0.015090,-0.047733) cmd_deg=(5.45,-12.18) packed_pitch_deg=-12.18 control=true shoot=false
[DEBUG] armors=1, targets=1
[DEBUG] armors=1, targets=1
[DEBUG] armors=1, targets=1
[DEBUG] armors=1, targets=1
[DEBUG] armors=1, targets=1
[DEBUG] armors=1, targets=1
[DEBUG] armors=1, targets=1
[DEBUG] armors=1, targets=1
[DEBUG] armors=1, targets=1
[DEBUG] armors=1, targets=1
[DEBUG] armors=1, targets=1
[DEBUG] armors=1, targets=1
[DEBUG] armors=1, targets=1
[DEBUG] armors=1, targets=1
[DEBUG] armors=1, targets=1
[DEBUG] armors=1, targets=1
[DEBUG] armors=1, targets=1
[DEBUG] armors=1, targets=1
[DEBUG] armors=1, targets=1
[2026-09-05 13:37:30.634] [info] [SYNC][XUC] mode=0 yaw=-5.47 deg pitch=1.73 deg feeder_rpm=0.00 wheel0_rpm=0 wheel1_rpm=0 wheel_delta=0 projectile_speed=12.80
[DEBUG] armors=1, targets=1
[2026-09-05 13:37:30.648] [info] [DRYRUN] measured_gimbal=(2.929,-0.005,-0.058) measured_world=(2.913,0.274,-0.146) tracked_world=(2.844,0.266,-0.141) target_gimbal_deg=(-0.09,-1.13) target_world_deg=(5.38,-2.86) gimbal_deg=(5.47,1.73) armor_y_px=630.0 pixel_error_deg=(0.82,2.21) ballistic=(range=2.929m holdover=0.567m comp=10.75deg residual=-8.54deg) q_wxyz=(0.998746,0.000721,0.015090,-0.047733) cmd_deg=(5.28,-12.24) packed_pitch_deg=-12.24 control=true shoot=false
[2026-09-05 13:37:30.650] [info] [PERF] 总耗时=15.8ms (检测=12.9ms, 跟踪=0.5ms), FPS=63.4
[2026-09-05 13:37:30.650] [info] 📊 [CAMERA FPS] 瞬时帧率=63.3fps, 平均帧率=64.7fps, 总帧数=1400, 运行时间=21.6s
[DEBUG] armors=1, targets=1
[DEBUG] armors=1, targets=1
[DEBUG] armors=1, targets=1
[DEBUG] armors=1, targets=1
[DEBUG] armors=1, targets=1
[DEBUG] armors=1, targets=1
[DEBUG] armors=1, targets=1
[DEBUG] armors=1, targets=1
[DEBUG] armors=1, targets=1
[DEBUG] armors=1, targets=1
[DEBUG] armors=1, targets=1
[DEBUG] armors=1, targets=1
[DEBUG] armors=1, targets=1
[DEBUG] armors=1, targets=1
[DEBUG] armors=1, targets=1
[DEBUG] armors=1, targets=1
[DEBUG] armors=1, targets=1
[DEBUG] armors=1, targets=1
[DEBUG] armors=1, targets=1
[DEBUG] armors=1, targets=1
[2026-09-05 13:37:30.956] [info] [DRYRUN] measured_gimbal=(2.845,-0.005,-0.054) measured_world=(2.829,0.266,-0.140) tracked_world=(2.839,0.266,-0.141) target_gimbal_deg=(-0.10,-1.09) target_world_deg=(5.37,-2.82) gimbal_deg=(5.47,1.73) armor_y_px=630.0 pixel_error_deg=(0.81,2.21) ballistic=(range=2.845m holdover=0.545m comp=10.63deg residual=-8.42deg) q_wxyz=(0.998746,0.000721,0.015090,-0.047733) cmd_deg=(5.33,-12.19) packed_pitch_deg=-12.19 control=true shoot=false
[DEBUG] armors=1, targets=1
[DEBUG] armors=1, targets=1
[DEBUG] armors=1, targets=1
[DEBUG] armors=1, targets=1
[DEBUG] armors=1, targets=1
[DEBUG] armors=1, targets=1
[DEBUG] armors=1, targets=1
[DEBUG] armors=1, targets=1
[DEBUG] armors=1, targets=1
[DEBUG] armors=1, targets=1
[DEBUG] armors=1, targets=1
[DEBUG] armors=1, targets=1
[DEBUG] armors=1, targets=1
[DEBUG] armors=1, targets=1
[DEBUG] armors=1, targets=1
[DEBUG] armors=1, targets=1
[DEBUG] armors=1, targets=1
[DEBUG] armors=1, targets=1
[DEBUG] armors=1, targets=1
[DEBUG] armors=1, targets=1
[2026-09-05 13:37:31.262] [info] [DRYRUN] measured_gimbal=(2.840,-0.005,-0.054) measured_world=(2.824,0.265,-0.140) tracked_world=(2.862,0.289,-0.143) target_gimbal_deg=(-0.10,-1.09) target_world_deg=(5.37,-2.82) gimbal_deg=(5.47,1.73) armor_y_px=629.9 pixel_error_deg=(0.81,2.20) ballistic=(range=2.840m holdover=0.544m comp=10.62deg residual=-8.41deg) q_wxyz=(0.998746,0.000721,0.015090,-0.047733) cmd_deg=(6.07,-12.19) packed_pitch_deg=-12.19 control=true shoot=false
[DEBUG] armors=1, targets=1
[DEBUG] armors=1, targets=1
[DEBUG] armors=1, targets=1
[DEBUG] armors=1, targets=1
[DEBUG] armors=1, targets=1
[DEBUG] armors=1, targets=1
[DEBUG] armors=1, targets=1
[DEBUG] armors=1, targets=1
[DEBUG] armors=1, targets=1
[2026-09-05 13:37:31.401] [info] [SYNC][XUC] mode=0 yaw=-5.47 deg pitch=1.73 deg feeder_rpm=0.00 wheel0_rpm=0 wheel1_rpm=0 wheel_delta=0 projectile_speed=12.80
[DEBUG] armors=1, targets=1
[2026-09-05 13:37:31.417] [info] [PERF] 总耗时=16.0ms (检测=13.2ms, 跟踪=0.5ms), FPS=62.5
[2026-09-05 13:37:31.417] [info] 📊 [CAMERA FPS] 瞬时帧率=62.4fps, 平均帧率=64.7fps, 总帧数=1450, 运行时间=22.4s
[DEBUG] armors=1, targets=1
[DEBUG] armors=1, targets=1
[DEBUG] armors=1, targets=1
[DEBUG] armors=1, targets=1
[DEBUG] armors=1, targets=1
[DEBUG] armors=1, targets=1
[DEBUG] armors=1, targets=1
[DEBUG] armors=1, targets=1
[DEBUG] armors=1, targets=1
[DEBUG] armors=1, targets=1
[2026-09-05 13:37:31.568] [info] [DRYRUN] measured_gimbal=(2.898,-0.005,-0.057) measured_world=(2.882,0.271,-0.144) tracked_world=(2.859,0.274,-0.142) target_gimbal_deg=(-0.09,-1.12) target_world_deg=(5.38,-2.85) gimbal_deg=(5.47,1.73) armor_y_px=630.2 pixel_error_deg=(0.83,2.21) ballistic=(range=2.898m holdover=0.559m comp=10.70deg residual=-8.49deg) q_wxyz=(0.998746,0.000721,0.015090,-0.047733) cmd_deg=(5.42,-12.24) packed_pitch_deg=-12.24 control=true shoot=false
[DEBUG] armors=1, targets=1
[DEBUG] armors=1, targets=1
[DEBUG] armors=1, targets=1
[DEBUG] armors=1, targets=1
[DEBUG] armors=1, targets=1
[DEBUG] armors=1, targets=1
[DEBUG] armors=1, targets=1
[DEBUG] armors=1, targets=1
[DEBUG] armors=1, targets=1
[DEBUG] armors=1, targets=1
[DEBUG] armors=1, targets=1
[DEBUG] armors=1, targets=1
[DEBUG] armors=1, targets=1
[DEBUG] armors=1, targets=1
[DEBUG] armors=1, targets=1
[DEBUG] armors=1, targets=1
[DEBUG] armors=1, targets=1
[DEBUG] armors=1, targets=1
[DEBUG] armors=1, targets=1
[DEBUG] armors=1, targets=1
[2026-09-05 13:37:31.874] [info] [DRYRUN] measured_gimbal=(2.815,-0.005,-0.053) measured_world=(2.800,0.263,-0.138) tracked_world=(2.849,0.267,-0.141) target_gimbal_deg=(-0.11,-1.08) target_world_deg=(5.36,-2.81) gimbal_deg=(5.47,1.73) armor_y_px=630.0 pixel_error_deg=(0.83,2.21) ballistic=(range=2.815m holdover=0.537m comp=10.58deg residual=-8.37deg) q_wxyz=(0.998746,0.000721,0.015090,-0.047733) cmd_deg=(5.29,-12.13) packed_pitch_deg=-12.13 control=true shoot=false
[DEBUG] armors=1, targets=1
[DEBUG] armors=1, targets=1
[DEBUG] armors=1, targets=1
[DEBUG] armors=1, targets=1
[DEBUG] armors=1, targets=1
[DEBUG] armors=1, targets=1
[DEBUG] armors=1, targets=1
[DEBUG] armors=1, targets=1
[DEBUG] armors=1, targets=1
[DEBUG] armors=1, targets=1
[DEBUG] armors=1, targets=1
[DEBUG] armors=1, targets=1
[DEBUG] armors=1, targets=1
[DEBUG] armors=1, targets=1
[DEBUG] armors=1, targets=1
[DEBUG] armors=1, targets=1
[DEBUG] armors=1, targets=1
[DEBUG] armors=1, targets=1
[DEBUG] armors=1, targets=1
[2026-09-05 13:37:32.172] [info] [SYNC][XUC] mode=0 yaw=-5.47 deg pitch=1.73 deg feeder_rpm=0.00 wheel0_rpm=0 wheel1_rpm=0 wheel_delta=0 projectile_speed=12.80
[DEBUG] armors=1, targets=1
[2026-09-05 13:37:32.185] [info] [DRYRUN] measured_gimbal=(2.850,-0.005,-0.054) measured_world=(2.835,0.267,-0.140) tracked_world=(2.845,0.266,-0.141) target_gimbal_deg=(-0.10,-1.09) target_world_deg=(5.38,-2.82) gimbal_deg=(5.47,1.73) armor_y_px=629.9 pixel_error_deg=(0.80,2.20) ballistic=(range=2.850m holdover=0.546m comp=10.63deg residual=-8.43deg) q_wxyz=(0.998746,0.000721,0.015090,-0.047733) cmd_deg=(5.32,-12.22) packed_pitch_deg=-12.22 control=true shoot=false
[2026-09-05 13:37:32.188] [info] [PERF] 总耗时=15.8ms (检测=12.8ms, 跟踪=0.4ms), FPS=63.2
[2026-09-05 13:37:32.188] [info] 📊 [CAMERA FPS] 瞬时帧率=63.0fps, 平均帧率=64.7fps, 总帧数=1500, 运行时间=23.2s
[DEBUG] armors=1, targets=1
[DEBUG] armors=1, targets=1
[DEBUG] armors=1, targets=1
[DEBUG] armors=1, targets=1
[DEBUG] armors=1, targets=1
[DEBUG] armors=1, targets=1
[DEBUG] armors=1, targets=1
[DEBUG] armors=1, targets=1
[DEBUG] armors=1, targets=1
[DEBUG] armors=1, targets=1
[DEBUG] armors=1, targets=1
[DEBUG] armors=1, targets=1
[DEBUG] armors=1, targets=1
[DEBUG] armors=1, targets=1
[DEBUG] armors=1, targets=1
[DEBUG] armors=1, targets=1
[DEBUG] armors=1, targets=1
[DEBUG] armors=1, targets=1
[DEBUG] armors=1, targets=1
[DEBUG] armors=1, targets=1
[2026-09-05 13:37:32.496] [info] [DRYRUN] measured_gimbal=(2.851,-0.006,-0.055) measured_world=(2.836,0.266,-0.141) tracked_world=(2.897,0.305,-0.145) target_gimbal_deg=(-0.12,-1.10) target_world_deg=(5.35,-2.83) gimbal_deg=(5.47,1.73) armor_y_px=630.0 pixel_error_deg=(0.82,2.21) ballistic=(range=2.851m holdover=0.547m comp=10.64deg residual=-8.43deg) q_wxyz=(0.998746,0.000721,0.015090,-0.047733) cmd_deg=(6.40,-12.19) packed_pitch_deg=-12.19 control=true shoot=false
[DEBUG] armors=1, targets=1
[DEBUG] armors=1, targets=1
[DEBUG] armors=1, targets=1
[DEBUG] armors=1, targets=1
[DEBUG] armors=1, targets=1
[DEBUG] armors=1, targets=1
[DEBUG] armors=1, targets=1
[DEBUG] armors=1, targets=1
[DEBUG] armors=1, targets=1
[DEBUG] armors=1, targets=1
[DEBUG] armors=1, targets=1
[DEBUG] armors=1, targets=1
[DEBUG] armors=1, targets=1
[DEBUG] armors=1, targets=1
[DEBUG] armors=1, targets=1
[DEBUG] armors=1, targets=1
[DEBUG] armors=1, targets=1
[DEBUG] armors=1, targets=1
[DEBUG] armors=1, targets=1
[DEBUG] armors=1, targets=1
[2026-09-05 13:37:32.808] [info] [DRYRUN] measured_gimbal=(2.848,-0.005,-0.054) measured_world=(2.832,0.266,-0.140) tracked_world=(2.933,0.312,-0.147) target_gimbal_deg=(-0.10,-1.09) target_world_deg=(5.37,-2.82) gimbal_deg=(5.47,1.73) armor_y_px=629.8 pixel_error_deg=(0.83,2.20) ballistic=(range=2.848m holdover=0.546m comp=10.63deg residual=-8.43deg) q_wxyz=(0.998746,0.000721,0.015090,-0.047733) cmd_deg=(6.22,-12.24) packed_pitch_deg=-12.24 control=true shoot=false
[DEBUG] armors=1, targets=1
[DEBUG] armors=1, targets=1
[DEBUG] armors=1, targets=1
[DEBUG] armors=1, targets=1
[2026-09-05 13:37:32.884] [debug] [Target] Bad Converge Found! recent_rate=0.400 last_nis=7.300 nees=-nan resid=(yaw=-0.008,pitch=-0.000,dist=-0.018,ang=-0.850)
[DEBUG] armors=1, targets=0
[DEBUG] armors=1, targets=1
[DEBUG] armors=1, targets=1
[DEBUG] armors=1, targets=1
[DEBUG] armors=1, targets=1
[2026-09-05 13:37:32.948] [info] [SYNC][XUC] mode=0 yaw=-5.47 deg pitch=1.73 deg feeder_rpm=0.00 wheel0_rpm=0 wheel1_rpm=0 wheel_delta=0 projectile_speed=12.80
[DEBUG] armors=1, targets=1
[2026-09-05 13:37:32.963] [info] [PERF] 总耗时=15.0ms (检测=12.2ms, 跟踪=0.5ms), FPS=66.7
[2026-09-05 13:37:32.963] [info] 📊 [CAMERA FPS] 瞬时帧率=66.6fps, 平均帧率=64.7fps, 总帧数=1550, 运行时间=23.9s
[DEBUG] armors=1, targets=1
[DEBUG] armors=1, targets=1
[DEBUG] armors=1, targets=1
[DEBUG] armors=1, targets=1
[DEBUG] armors=1, targets=1
[DEBUG] armors=1, targets=1
[DEBUG] armors=1, targets=1
[DEBUG] armors=1, targets=1
[DEBUG] armors=1, targets=1
[DEBUG] armors=1, targets=1
[2026-09-05 13:37:33.115] [info] [DRYRUN] measured_gimbal=(2.817,-0.006,-0.053) measured_world=(2.802,0.263,-0.138) tracked_world=(3.364,0.453,-0.143) target_gimbal_deg=(-0.11,-1.08) target_world_deg=(5.36,-2.81) gimbal_deg=(5.47,1.73) armor_y_px=629.9 pixel_error_deg=(0.83,2.20) ballistic=(range=2.817m holdover=0.538m comp=10.58deg residual=-8.38deg) q_wxyz=(0.998746,0.000721,0.015090,-0.047733) cmd_deg=(5.70,-12.19) packed_pitch_deg=-12.19 control=true shoot=false
[DEBUG] armors=1, targets=1
[DEBUG] armors=1, targets=1
[DEBUG] armors=1, targets=1
[DEBUG] armors=1, targets=1
[DEBUG] armors=1, targets=1
[DEBUG] armors=1, targets=1
[DEBUG] armors=1, targets=1
[DEBUG] armors=1, targets=1
[DEBUG] armors=1, targets=1
[DEBUG] armors=1, targets=1
[DEBUG] armors=1, targets=1
[DEBUG] armors=1, targets=1
[DEBUG] armors=1, targets=1
[DEBUG] armors=1, targets=1
[DEBUG] armors=1, targets=1
[DEBUG] armors=1, targets=1
[DEBUG] armors=1, targets=1
[DEBUG] armors=1, targets=1
[DEBUG] armors=1, targets=1
[DEBUG] armors=1, targets=1
[2026-09-05 13:37:33.420] [info] [DRYRUN] measured_gimbal=(2.892,-0.005,-0.056) measured_world=(2.876,0.270,-0.144) tracked_world=(3.300,0.371,-0.141) target_gimbal_deg=(-0.10,-1.12) target_world_deg=(5.37,-2.85) gimbal_deg=(5.47,1.73) armor_y_px=630.1 pixel_error_deg=(0.83,2.21) ballistic=(range=2.892m holdover=0.557m comp=10.69deg residual=-8.48deg) q_wxyz=(0.998746,0.000721,0.015090,-0.047733) cmd_deg=(5.59,-12.22) packed_pitch_deg=-12.22 control=true shoot=false
[DEBUG] armors=1, targets=1
[DEBUG] armors=1, targets=1
[DEBUG] armors=1, targets=1
[DEBUG] armors=1, targets=1
[DEBUG] armors=1, targets=1
[DEBUG] armors=1, targets=1
[DEBUG] armors=1, targets=1
[DEBUG] armors=1, targets=1
[DEBUG] armors=1, targets=1
[DEBUG] armors=1, targets=1
[DEBUG] armors=1, targets=1
[DEBUG] armors=1, targets=1
[DEBUG] armors=1, targets=1
[DEBUG] armors=1, targets=1
[DEBUG] armors=1, targets=1
[DEBUG] armors=1, targets=1
[DEBUG] armors=1, targets=1
[DEBUG] armors=1, targets=1
[DEBUG] armors=1, targets=1
[2026-09-05 13:37:33.719] [info] [SYNC][XUC] mode=0 yaw=-5.47 deg pitch=1.73 deg feeder_rpm=0.00 wheel0_rpm=0 wheel1_rpm=0 wheel_delta=0 projectile_speed=12.80
[DEBUG] armors=1, targets=1
[2026-09-05 13:37:33.732] [info] [DRYRUN] measured_gimbal=(2.839,-0.005,-0.054) measured_world=(2.823,0.265,-0.140) tracked_world=(3.408,0.433,-0.149) target_gimbal_deg=(-0.10,-1.09) target_world_deg=(5.37,-2.82) gimbal_deg=(5.47,1.73) armor_y_px=629.9 pixel_error_deg=(0.82,2.20) ballistic=(range=2.839m holdover=0.543m comp=10.62deg residual=-8.41deg) q_wxyz=(0.998746,0.000721,0.015090,-0.047733) cmd_deg=(7.18,-12.18) packed_pitch_deg=-12.18 control=true shoot=false
[2026-09-05 13:37:33.734] [info] [PERF] 总耗时=15.4ms (检测=12.5ms, 跟踪=0.5ms), FPS=65.0
[2026-09-05 13:37:33.734] [info] 📊 [CAMERA FPS] 瞬时帧率=64.9fps, 平均帧率=64.7fps, 总帧数=1600, 运行时间=24.7s
[DEBUG] armors=1, targets=1
[DEBUG] armors=1, targets=1
[DEBUG] armors=1, targets=1
[DEBUG] armors=1, targets=1
[DEBUG] armors=1, targets=1
[DEBUG] armors=1, targets=1
[DEBUG] armors=1, targets=1
[DEBUG] armors=1, targets=1
[DEBUG] armors=1, targets=1
[DEBUG] armors=1, targets=1
[DEBUG] armors=1, targets=1
[DEBUG] armors=1, targets=1
[DEBUG] armors=1, targets=1
[DEBUG] armors=1, targets=1
[DEBUG] armors=1, targets=1
[DEBUG] armors=1, targets=1
[DEBUG] armors=1, targets=1
[DEBUG] armors=1, targets=1
[DEBUG] armors=1, targets=1
[DEBUG] armors=1, targets=1
[2026-09-05 13:37:34.041] [info] [DRYRUN] measured_gimbal=(2.928,-0.005,-0.057) measured_world=(2.912,0.274,-0.146) tracked_world=(3.296,0.439,-0.142) target_gimbal_deg=(-0.09,-1.12) target_world_deg=(5.38,-2.85) gimbal_deg=(5.47,1.73) armor_y_px=629.8 pixel_error_deg=(0.82,2.20) ballistic=(range=2.928m holdover=0.567m comp=10.75deg residual=-8.55deg) q_wxyz=(0.998746,0.000721,0.015090,-0.047733) cmd_deg=(5.20,-12.29) packed_pitch_deg=-12.29 control=true shoot=false
[DEBUG] armors=1, targets=1
[DEBUG] armors=1, targets=1
[DEBUG] armors=1, targets=1
[DEBUG] armors=1, targets=1
[DEBUG] armors=1, targets=1
[DEBUG] armors=1, targets=1
[DEBUG] armors=1, targets=1
[DEBUG] armors=1, targets=1
[DEBUG] armors=1, targets=1
[DEBUG] armors=1, targets=1
[DEBUG] armors=1, targets=1
[DEBUG] armors=1, targets=1
[DEBUG] armors=1, targets=1
[DEBUG] armors=1, targets=1
[DEBUG] armors=1, targets=1
[DEBUG] armors=1, targets=1
[2026-09-05 13:37:34.306] [debug] [Target] Bad Converge Found! recent_rate=0.435 last_nis=7.477 nees=-nan resid=(yaw=-0.004,pitch=-0.000,dist=0.057,ang=-0.869)
[DEBUG] armors=1, targets=0
[DEBUG] armors=1, targets=1
[DEBUG] armors=1, targets=1
[DEBUG] armors=1, targets=1
[2026-09-05 13:37:34.352] [info] [DRYRUN] measured_gimbal=(2.918,-0.005,-0.057) measured_world=(2.902,0.273,-0.145) tracked_world=(3.181,0.544,-0.160) target_gimbal_deg=(-0.10,-1.12) target_world_deg=(5.37,-2.86) gimbal_deg=(5.47,1.73) armor_y_px=630.1 pixel_error_deg=(0.82,2.21) ballistic=(range=2.918m holdover=0.565m comp=10.73deg residual=-8.53deg) q_wxyz=(0.998746,0.000721,0.015090,-0.047733) cmd_deg=(11.38,-12.28) packed_pitch_deg=-12.28 control=true shoot=false
[DEBUG] armors=1, targets=1
[DEBUG] armors=1, targets=1
[DEBUG] armors=1, targets=1
[DEBUG] armors=1, targets=1
[DEBUG] armors=1, targets=1
[DEBUG] armors=1, targets=1
[DEBUG] armors=1, targets=1
[DEBUG] armors=1, targets=1
[DEBUG] armors=1, targets=1
[2026-09-05 13:37:34.498] [info] [SYNC][XUC] mode=0 yaw=-5.47 deg pitch=1.73 deg feeder_rpm=0.00 wheel0_rpm=0 wheel1_rpm=0 wheel_delta=0 projectile_speed=12.80
[DEBUG] armors=1, targets=1
[2026-09-05 13:37:34.513] [info] [PERF] 总耗时=15.6ms (检测=12.8ms, 跟踪=0.5ms), FPS=64.0
[2026-09-05 13:37:34.513] [info] 📊 [CAMERA FPS] 瞬时帧率=63.9fps, 平均帧率=64.7fps, 总帧数=1650, 运行时间=25.5s
[DEBUG] armors=1, targets=1
[DEBUG] armors=1, targets=1
[DEBUG] armors=1, targets=1
[DEBUG] armors=1, targets=1
[DEBUG] armors=1, targets=1
[DEBUG] armors=1, targets=1
[DEBUG] armors=1, targets=1
[DEBUG] armors=1, targets=1
[DEBUG] armors=1, targets=1
[DEBUG] armors=1, targets=1
[2026-09-05 13:37:34.667] [info] [DRYRUN] measured_gimbal=(2.919,-0.005,-0.057) measured_world=(2.903,0.273,-0.145) tracked_world=(2.838,0.264,-0.141) target_gimbal_deg=(-0.10,-1.12) target_world_deg=(5.38,-2.85) gimbal_deg=(5.47,1.73) armor_y_px=629.9 pixel_error_deg=(0.82,2.21) ballistic=(range=2.919m holdover=0.565m comp=10.74deg residual=-8.53deg) q_wxyz=(0.998746,0.000721,0.015090,-0.047733) cmd_deg=(4.29,-12.25) packed_pitch_deg=-12.25 control=true shoot=false
[DEBUG] armors=1, targets=1
[DEBUG] armors=1, targets=1
[DEBUG] armors=1, targets=1
[DEBUG] armors=1, targets=1
[DEBUG] armors=1, targets=1
[DEBUG] armors=1, targets=1
[DEBUG] armors=1, targets=1
[DEBUG] armors=1, targets=1
[DEBUG] armors=1, targets=1
[DEBUG] armors=1, targets=1
[DEBUG] armors=1, targets=1
[DEBUG] armors=1, targets=1
[DEBUG] armors=1, targets=1
[DEBUG] armors=1, targets=1
[DEBUG] armors=1, targets=1
[DEBUG] armors=1, targets=1
[DEBUG] armors=1, targets=1
[DEBUG] armors=1, targets=1
[DEBUG] armors=1, targets=1
[DEBUG] armors=1, targets=1
[2026-09-05 13:37:34.977] [info] [DRYRUN] measured_gimbal=(2.848,-0.005,-0.054) measured_world=(2.832,0.266,-0.140) tracked_world=(2.838,0.235,-0.142) target_gimbal_deg=(-0.11,-1.09) target_world_deg=(5.37,-2.82) gimbal_deg=(5.47,1.73) armor_y_px=629.8 pixel_error_deg=(0.83,2.20) ballistic=(range=2.848m holdover=0.546m comp=10.63deg residual=-8.43deg) q_wxyz=(0.998746,0.000721,0.015090,-0.047733) cmd_deg=(4.17,-12.20) packed_pitch_deg=-12.20 control=true shoot=false
[DEBUG] armors=1, targets=1
[DEBUG] armors=1, targets=1
[DEBUG] armors=1, targets=1
[DEBUG] armors=1, targets=1
[DEBUG] armors=1, targets=1
[DEBUG] armors=1, targets=1
[DEBUG] armors=1, targets=1
[DEBUG] armors=1, targets=1
[DEBUG] armors=1, targets=1
[DEBUG] armors=1, targets=1
[DEBUG] armors=1, targets=1
[DEBUG] armors=1, targets=1
[DEBUG] armors=1, targets=1
[DEBUG] armors=1, targets=1
[DEBUG] armors=1, targets=1
[DEBUG] armors=1, targets=1
[DEBUG] armors=1, targets=1
[DEBUG] armors=1, targets=1
[DEBUG] armors=1, targets=1
[2026-09-05 13:37:35.281] [info] [SYNC][XUC] mode=0 yaw=-5.47 deg pitch=1.73 deg feeder_rpm=0.00 wheel0_rpm=0 wheel1_rpm=0 wheel_delta=0 projectile_speed=12.80
[DEBUG] armors=1, targets=1
[2026-09-05 13:37:35.295] [info] [DRYRUN] measured_gimbal=(2.870,-0.005,-0.055) measured_world=(2.854,0.269,-0.142) tracked_world=(2.827,0.255,-0.141) target_gimbal_deg=(-0.09,-1.11) target_world_deg=(5.38,-2.84) gimbal_deg=(5.47,1.73) armor_y_px=630.1 pixel_error_deg=(0.83,2.21) ballistic=(range=2.870m holdover=0.552m comp=10.66deg residual=-8.45deg) q_wxyz=(0.998746,0.000721,0.015090,-0.047733) cmd_deg=(5.16,-12.26) packed_pitch_deg=-12.26 control=true shoot=false
[2026-09-05 13:37:35.298] [info] [PERF] 总耗时=16.4ms (检测=13.4ms, 跟踪=0.5ms), FPS=61.1
[2026-09-05 13:37:35.298] [info] 📊 [CAMERA FPS] 瞬时帧率=61.0fps, 平均帧率=64.7fps, 总帧数=1700, 运行时间=26.3s
[DEBUG] armors=1, targets=1
[DEBUG] armors=1, targets=1
[DEBUG] armors=1, targets=1
[DEBUG] armors=1, targets=1
[DEBUG] armors=1, targets=1
[DEBUG] armors=1, targets=1
[DEBUG] armors=1, targets=1
[DEBUG] armors=1, targets=1
[DEBUG] armors=1, targets=1
[DEBUG] armors=1, targets=1
[DEBUG] armors=1, targets=1
[DEBUG] armors=1, targets=1
[DEBUG] armors=1, targets=1
[DEBUG] armors=1, targets=1
[DEBUG] armors=1, targets=1
[DEBUG] armors=1, targets=1
[DEBUG] armors=1, targets=1
[DEBUG] armors=1, targets=1
[DEBUG] armors=1, targets=1
[DEBUG] armors=1, targets=1
[2026-09-05 13:37:35.610] [info] [DRYRUN] measured_gimbal=(2.845,-0.005,-0.054) measured_world=(2.830,0.266,-0.140) tracked_world=(2.832,0.226,-0.144) target_gimbal_deg=(-0.10,-1.08) target_world_deg=(5.37,-2.82) gimbal_deg=(5.47,1.73) armor_y_px=629.8 pixel_error_deg=(0.81,2.20) ballistic=(range=2.845m holdover=0.545m comp=10.63deg residual=-8.43deg) q_wxyz=(0.998746,0.000721,0.015090,-0.047733) cmd_deg=(4.24,-12.19) packed_pitch_deg=-12.19 control=true shoot=false
[DEBUG] armors=1, targets=1
[2026-09-05 13:37:35.642] [debug] [Target] Bad Converge Found! recent_rate=0.471 last_nis=1.670 nees=-nan resid=(yaw=0.011,pitch=0.001,dist=0.024,ang=-0.408)
[DEBUG] armors=1, targets=0
[DEBUG] armors=1, targets=1
[DEBUG] armors=1, targets=1
[DEBUG] armors=1, targets=1
[DEBUG] armors=1, targets=1
[DEBUG] armors=1, targets=1
[DEBUG] armors=1, targets=1
[DEBUG] armors=1, targets=1
[DEBUG] armors=1, targets=1
[DEBUG] armors=1, targets=1
[DEBUG] armors=1, targets=1
[DEBUG] armors=1, targets=1
[DEBUG] armors=1, targets=1
[DEBUG] armors=1, targets=1
[DEBUG] armors=1, targets=1
[DEBUG] armors=1, targets=1
[DEBUG] armors=1, targets=1
[DEBUG] armors=1, targets=1
[DEBUG] armors=1, targets=1
[2026-09-05 13:37:35.922] [info] [DRYRUN] measured_gimbal=(2.930,-0.005,-0.058) measured_world=(2.914,0.275,-0.146) tracked_world=(3.048,0.312,-0.154) target_gimbal_deg=(-0.09,-1.13) target_world_deg=(5.38,-2.86) gimbal_deg=(5.47,1.73) armor_y_px=630.0 pixel_error_deg=(0.82,2.21) ballistic=(range=2.930m holdover=0.568m comp=10.75deg residual=-8.55deg) q_wxyz=(0.998746,0.000721,0.015090,-0.047733) cmd_deg=(3.87,-12.29) packed_pitch_deg=-12.29 control=true shoot=false
[DEBUG] armors=1, targets=1
[DEBUG] armors=1, targets=1
[DEBUG] armors=1, targets=1
[DEBUG] armors=1, targets=1
[DEBUG] armors=1, targets=1
[DEBUG] armors=1, targets=1
[DEBUG] armors=1, targets=1
[DEBUG] armors=1, targets=1
[DEBUG] armors=1, targets=1
[2026-09-05 13:37:36.061] [info] [SYNC][XUC] mode=0 yaw=-5.47 deg pitch=1.73 deg feeder_rpm=0.00 wheel0_rpm=0 wheel1_rpm=0 wheel_delta=0 projectile_speed=12.80
[DEBUG] armors=1, targets=1
[2026-09-05 13:37:36.077] [info] [PERF] 总耗时=15.5ms (检测=12.8ms, 跟踪=0.5ms), FPS=64.7
[2026-09-05 13:37:36.077] [info] 📊 [CAMERA FPS] 瞬时帧率=64.6fps, 平均帧率=64.7fps, 总帧数=1750, 运行时间=27.1s
[DEBUG] armors=1, targets=1
[DEBUG] armors=1, targets=1
[DEBUG] armors=1, targets=1
[DEBUG] armors=1, targets=1
[DEBUG] armors=1, targets=1
[DEBUG] armors=1, targets=1
[DEBUG] armors=1, targets=1
[DEBUG] armors=1, targets=1
[DEBUG] armors=1, targets=1
[DEBUG] armors=1, targets=1
[2026-09-05 13:37:36.229] [info] [DRYRUN] measured_gimbal=(2.843,-0.005,-0.054) measured_world=(2.828,0.266,-0.140) tracked_world=(2.873,0.222,-0.144) target_gimbal_deg=(-0.10,-1.09) target_world_deg=(5.37,-2.82) gimbal_deg=(5.47,1.73) armor_y_px=630.0 pixel_error_deg=(0.81,2.21) ballistic=(range=2.843m holdover=0.545m comp=10.62deg residual=-8.42deg) q_wxyz=(0.998746,0.000721,0.015090,-0.047733) cmd_deg=(3.11,-12.15) packed_pitch_deg=-12.15 control=true shoot=false
[DEBUG] armors=1, targets=1
[DEBUG] armors=1, targets=1
[DEBUG] armors=1, targets=1
[DEBUG] armors=1, targets=1
[DEBUG] armors=1, targets=1
[DEBUG] armors=1, targets=1
[DEBUG] armors=1, targets=1
[DEBUG] armors=1, targets=1
[DEBUG] armors=1, targets=1
[DEBUG] armors=1, targets=1
[DEBUG] armors=1, targets=1
[DEBUG] armors=1, targets=1
[DEBUG] armors=1, targets=1
[DEBUG] armors=1, targets=1
[DEBUG] armors=1, targets=1
[DEBUG] armors=1, targets=1
[DEBUG] armors=1, targets=1
[DEBUG] armors=1, targets=1
[DEBUG] armors=1, targets=1
[DEBUG] armors=1, targets=1
[2026-09-05 13:37:36.545] [info] [DRYRUN] measured_gimbal=(2.882,-0.005,-0.056) measured_world=(2.866,0.270,-0.143) tracked_world=(2.849,0.251,-0.141) target_gimbal_deg=(-0.09,-1.11) target_world_deg=(5.38,-2.84) gimbal_deg=(5.47,1.73) armor_y_px=630.1 pixel_error_deg=(0.83,2.21) ballistic=(range=2.882m holdover=0.555m comp=10.68deg residual=-8.47deg) q_wxyz=(0.998746,0.000721,0.015090,-0.047733) cmd_deg=(4.82,-12.23) packed_pitch_deg=-12.23 control=true shoot=false
[DEBUG] armors=1, targets=1
[DEBUG] armors=1, targets=1
[DEBUG] armors=1, targets=1
[DEBUG] armors=1, targets=1
[DEBUG] armors=1, targets=1
[DEBUG] armors=1, targets=1
[DEBUG] armors=1, targets=1
[DEBUG] armors=1, targets=1
[DEBUG] armors=1, targets=1
[DEBUG] armors=1, targets=1
[DEBUG] armors=1, targets=1
[DEBUG] armors=1, targets=1
[DEBUG] armors=1, targets=1
[DEBUG] armors=1, targets=1
[DEBUG] armors=1, targets=1
[DEBUG] armors=1, targets=1
[DEBUG] armors=1, targets=1
[DEBUG] armors=1, targets=1
[DEBUG] armors=1, targets=1
[2026-09-05 13:37:36.842] [info] [SYNC][XUC] mode=0 yaw=-5.47 deg pitch=1.73 deg feeder_rpm=0.00 wheel0_rpm=0 wheel1_rpm=0 wheel_delta=0 projectile_speed=12.80
[DEBUG] armors=1, targets=1
[2026-09-05 13:37:36.854] [info] [DRYRUN] measured_gimbal=(2.842,-0.005,-0.054) measured_world=(2.827,0.266,-0.140) tracked_world=(2.852,0.266,-0.142) target_gimbal_deg=(-0.10,-1.09) target_world_deg=(5.37,-2.82) gimbal_deg=(5.47,1.73) armor_y_px=629.9 pixel_error_deg=(0.81,2.20) ballistic=(range=2.842m holdover=0.544m comp=10.62deg residual=-8.42deg) q_wxyz=(0.998746,0.000721,0.015090,-0.047733) cmd_deg=(5.35,-12.16) packed_pitch_deg=-12.16 control=true shoot=false
[2026-09-05 13:37:36.857] [info] [PERF] 总耗时=15.0ms (检测=12.1ms, 跟踪=0.5ms), FPS=66.7
[2026-09-05 13:37:36.857] [info] 📊 [CAMERA FPS] 瞬时帧率=66.6fps, 平均帧率=64.7fps, 总帧数=1800, 运行时间=27.8s
[DEBUG] armors=1, targets=1
[DEBUG] armors=1, targets=1
[DEBUG] armors=1, targets=1
[DEBUG] armors=1, targets=1
[DEBUG] armors=1, targets=1
[DEBUG] armors=1, targets=1
[DEBUG] armors=1, targets=1
[DEBUG] armors=1, targets=1
[2026-09-05 13:37:36.993] [debug] [Target] Bad Converge Found! recent_rate=0.460 last_nis=6.380 nees=-nan resid=(yaw=0.006,pitch=0.000,dist=0.004,ang=-0.803)
[DEBUG] armors=1, targets=0
[DEBUG] armors=1, targets=1
[DEBUG] armors=1, targets=1
[DEBUG] armors=1, targets=1
[DEBUG] armors=1, targets=1
[DEBUG] armors=1, targets=1
[DEBUG] armors=1, targets=1
[DEBUG] armors=1, targets=1
[DEBUG] armors=1, targets=1
[DEBUG] armors=1, targets=1
[DEBUG] armors=1, targets=1
[DEBUG] armors=1, targets=1
[2026-09-05 13:37:37.164] [info] [DRYRUN] measured_gimbal=(2.871,-0.005,-0.055) measured_world=(2.855,0.269,-0.142) tracked_world=(2.876,0.273,-0.143) target_gimbal_deg=(-0.09,-1.10) target_world_deg=(5.38,-2.83) gimbal_deg=(5.47,1.73) armor_y_px=629.7 pixel_error_deg=(0.82,2.20) ballistic=(range=2.871m holdover=0.552m comp=10.66deg residual=-8.47deg) q_wxyz=(0.998746,0.000721,0.015090,-0.047733) cmd_deg=(11.37,-12.19) packed_pitch_deg=-12.19 control=true shoot=false
[DEBUG] armors=1, targets=1
[DEBUG] armors=1, targets=1
[DEBUG] armors=1, targets=1
[DEBUG] armors=1, targets=1
[DEBUG] armors=1, targets=1
[DEBUG] armors=1, targets=1
[DEBUG] armors=1, targets=1
[DEBUG] armors=1, targets=1
[DEBUG] armors=1, targets=1
[DEBUG] armors=1, targets=1
[DEBUG] armors=1, targets=1
[DEBUG] armors=1, targets=1
[DEBUG] armors=1, targets=1
[DEBUG] armors=1, targets=1
[DEBUG] armors=1, targets=1
[DEBUG] armors=1, targets=1
[DEBUG] armors=1, targets=1
[DEBUG] armors=1, targets=1
[DEBUG] armors=1, targets=1
[DEBUG] armors=1, targets=1
[2026-09-05 13:37:37.468] [info] [DRYRUN] measured_gimbal=(2.928,-0.005,-0.058) measured_world=(2.912,0.274,-0.146) tracked_world=(3.034,0.216,-0.155) target_gimbal_deg=(-0.09,-1.13) target_world_deg=(5.38,-2.86) gimbal_deg=(5.47,1.73) armor_y_px=630.0 pixel_error_deg=(0.82,2.21) ballistic=(range=2.928m holdover=0.567m comp=10.75deg residual=-8.54deg) q_wxyz=(0.998746,0.000721,0.015090,-0.047733) cmd_deg=(3.94,-12.27) packed_pitch_deg=-12.27 control=true shoot=false
[DEBUG] armors=1, targets=1
[DEBUG] armors=1, targets=1
[DEBUG] armors=1, targets=1
[DEBUG] armors=1, targets=1
[DEBUG] armors=1, targets=1
[DEBUG] armors=1, targets=1
[DEBUG] armors=1, targets=1
[DEBUG] armors=1, targets=1
[DEBUG] armors=1, targets=1
[2026-09-05 13:37:37.607] [info] [SYNC][XUC] mode=0 yaw=-5.47 deg pitch=1.73 deg feeder_rpm=0.00 wheel0_rpm=0 wheel1_rpm=0 wheel_delta=0 projectile_speed=12.80
[DEBUG] armors=1, targets=1
[2026-09-05 13:37:37.623] [info] [PERF] 总耗时=15.3ms (检测=12.6ms, 跟踪=0.5ms), FPS=65.4
[2026-09-05 13:37:37.623] [info] 📊 [CAMERA FPS] 瞬时帧率=65.3fps, 平均帧率=64.7fps, 总帧数=1850, 运行时间=28.6s
[DEBUG] armors=1, targets=1
[DEBUG] armors=1, targets=1
[DEBUG] armors=1, targets=1
[DEBUG] armors=1, targets=1
[DEBUG] armors=1, targets=1
[DEBUG] armors=1, targets=1
[DEBUG] armors=1, targets=1
[DEBUG] armors=1, targets=1
[DEBUG] armors=1, targets=1
[DEBUG] armors=1, targets=1
[2026-09-05 13:37:37.774] [info] [DRYRUN] measured_gimbal=(2.888,-0.004,-0.056) measured_world=(2.873,0.271,-0.144) tracked_world=(2.849,0.280,-0.141) target_gimbal_deg=(-0.09,-1.12) target_world_deg=(5.38,-2.85) gimbal_deg=(5.47,1.73) armor_y_px=630.3 pixel_error_deg=(0.83,2.21) ballistic=(range=2.888m holdover=0.557m comp=10.69deg residual=-8.48deg) q_wxyz=(0.998746,0.000721,0.015090,-0.047733) cmd_deg=(6.18,-12.21) packed_pitch_deg=-12.21 control=true shoot=false
[DEBUG] armors=1, targets=1
[DEBUG] armors=1, targets=1
[DEBUG] armors=1, targets=1
[DEBUG] armors=1, targets=1
[DEBUG] armors=1, targets=1
[DEBUG] armors=1, targets=1
[DEBUG] armors=1, targets=1
[DEBUG] armors=1, targets=1
[DEBUG] armors=1, targets=1
[DEBUG] armors=1, targets=1
[DEBUG] armors=1, targets=1
[DEBUG] armors=1, targets=1
[DEBUG] armors=1, targets=1
[DEBUG] armors=1, targets=1
[DEBUG] armors=1, targets=1
[DEBUG] armors=1, targets=1
[DEBUG] armors=1, targets=1
[DEBUG] armors=1, targets=1
[DEBUG] armors=1, targets=1
[DEBUG] armors=1, targets=1
[2026-09-05 13:37:38.079] [info] [DRYRUN] measured_gimbal=(2.885,-0.004,-0.056) measured_world=(2.870,0.271,-0.143) tracked_world=(2.830,0.276,-0.140) target_gimbal_deg=(-0.08,-1.12) target_world_deg=(5.39,-2.85) gimbal_deg=(5.47,1.73) armor_y_px=630.3 pixel_error_deg=(0.82,2.21) ballistic=(range=2.885m holdover=0.556m comp=10.69deg residual=-8.47deg) q_wxyz=(0.998746,0.000721,0.015090,-0.047733) cmd_deg=(5.72,-12.20) packed_pitch_deg=-12.20 control=true shoot=false
[DEBUG] armors=1, targets=1
[DEBUG] armors=1, targets=1
[DEBUG] armors=1, targets=1
[DEBUG] armors=1, targets=1
[DEBUG] armors=1, targets=1
[DEBUG] armors=1, targets=1
[DEBUG] armors=1, targets=1
[DEBUG] armors=1, targets=1
[DEBUG] armors=1, targets=1
[DEBUG] armors=1, targets=1
[DEBUG] armors=1, targets=1
[DEBUG] armors=1, targets=1
[DEBUG] armors=1, targets=1
[DEBUG] armors=1, targets=1
[DEBUG] armors=1, targets=1
[DEBUG] armors=1, targets=1
[DEBUG] armors=1, targets=1
[DEBUG] armors=1, targets=1
[DEBUG] armors=1, targets=1
[2026-09-05 13:37:38.368] [info] [SYNC][XUC] mode=0 yaw=-5.47 deg pitch=1.73 deg feeder_rpm=0.00 wheel0_rpm=0 wheel1_rpm=0 wheel_delta=0 projectile_speed=12.80
[DEBUG] armors=1, targets=1
[2026-09-05 13:37:38.381] [info] [DRYRUN] measured_gimbal=(2.809,-0.006,-0.053) measured_world=(2.794,0.262,-0.137) tracked_world=(2.923,0.317,-0.146) target_gimbal_deg=(-0.11,-1.07) target_world_deg=(5.36,-2.80) gimbal_deg=(5.47,1.73) armor_y_px=629.8 pixel_error_deg=(0.83,2.20) ballistic=(range=2.809m holdover=0.536m comp=10.57deg residual=-8.37deg) q_wxyz=(0.998746,0.000721,0.015090,-0.047733) cmd_deg=(5.37,-12.16) packed_pitch_deg=-12.16 control=true shoot=false
[2026-09-05 13:37:38.383] [info] [PERF] 总耗时=15.1ms (检测=12.3ms, 跟踪=0.5ms), FPS=66.2
[2026-09-05 13:37:38.383] [info] 📊 [CAMERA FPS] 瞬时帧率=66.1fps, 平均帧率=64.7fps, 总帧数=1900, 运行时间=29.4s
[2026-09-05 13:37:38.396] [debug] [Target] Bad Converge Found! recent_rate=0.435 last_nis=1.876 nees=-nan resid=(yaw=-0.013,pitch=0.000,dist=-0.081,ang=0.430)
[DEBUG] armors=1, targets=0
[DEBUG] armors=1, targets=1
[DEBUG] armors=1, targets=1
[DEBUG] armors=1, targets=1
[DEBUG] armors=1, targets=1
[DEBUG] armors=1, targets=1
[DEBUG] armors=1, targets=1
[DEBUG] armors=1, targets=1
[DEBUG] armors=1, targets=1
[DEBUG] armors=1, targets=1
[DEBUG] armors=1, targets=1
[DEBUG] armors=1, targets=1
[DEBUG] armors=1, targets=1
[DEBUG] armors=1, targets=1
[DEBUG] armors=1, targets=1
[DEBUG] armors=1, targets=1
[DEBUG] armors=1, targets=1
[DEBUG] armors=1, targets=1
[DEBUG] armors=1, targets=1
[DEBUG] armors=1, targets=1
[2026-09-05 13:37:38.690] [info] [DRYRUN] measured_gimbal=(2.859,-0.005,-0.054) measured_world=(2.843,0.268,-0.141) tracked_world=(3.230,-0.113,-0.144) target_gimbal_deg=(-0.09,-1.09) target_world_deg=(5.38,-2.82) gimbal_deg=(5.47,1.73) armor_y_px=629.6 pixel_error_deg=(0.81,2.20) ballistic=(range=2.859m holdover=0.549m comp=10.65deg residual=-8.45deg) q_wxyz=(0.998746,0.000721,0.015090,-0.047733) cmd_deg=(-0.22,-12.20) packed_pitch_deg=-12.20 control=true shoot=false
[DEBUG] armors=1, targets=1
[DEBUG] armors=1, targets=1
[DEBUG] armors=1, targets=1
[DEBUG] armors=1, targets=1
[DEBUG] armors=1, targets=1
[DEBUG] armors=1, targets=1
[DEBUG] armors=1, targets=1
[DEBUG] armors=1, targets=1
[DEBUG] armors=1, targets=1
[DEBUG] armors=1, targets=1
[DEBUG] armors=1, targets=1
[DEBUG] armors=1, targets=1
[DEBUG] armors=1, targets=1
[DEBUG] armors=1, targets=1
[DEBUG] armors=1, targets=1
[DEBUG] armors=1, targets=1
[DEBUG] armors=1, targets=1
[DEBUG] armors=1, targets=1
[DEBUG] armors=1, targets=1
[DEBUG] armors=1, targets=1
[2026-09-05 13:37:39.002] [info] [DRYRUN] measured_gimbal=(2.817,-0.005,-0.053) measured_world=(2.802,0.263,-0.138) tracked_world=(3.217,-0.020,-0.139) target_gimbal_deg=(-0.11,-1.08) target_world_deg=(5.36,-2.81) gimbal_deg=(5.47,1.73) armor_y_px=629.8 pixel_error_deg=(0.83,2.20) ballistic=(range=2.817m holdover=0.538m comp=10.58deg residual=-8.38deg) q_wxyz=(0.998746,0.000721,0.015090,-0.047733) cmd_deg=(3.29,-12.14) packed_pitch_deg=-12.14 control=true shoot=false
[DEBUG] armors=1, targets=1
[DEBUG] armors=1, targets=1
[DEBUG] armors=1, targets=1
[DEBUG] armors=1, targets=1
[DEBUG] armors=1, targets=1
[DEBUG] armors=1, targets=1
[DEBUG] armors=1, targets=1
[DEBUG] armors=1, targets=1
[DEBUG] armors=1, targets=1
[2026-09-05 13:37:39.146] [info] [SYNC][XUC] mode=0 yaw=-5.47 deg pitch=1.73 deg feeder_rpm=0.00 wheel0_rpm=0 wheel1_rpm=0 wheel_delta=0 projectile_speed=12.80
[DEBUG] armors=1, targets=1
[2026-09-05 13:37:39.162] [info] [PERF] 总耗时=16.0ms (检测=13.0ms, 跟踪=0.5ms), FPS=62.4
[2026-09-05 13:37:39.162] [info] 📊 [CAMERA FPS] 瞬时帧率=62.2fps, 平均帧率=64.7fps, 总帧数=1950, 运行时间=30.1s
[DEBUG] armors=1, targets=1
[DEBUG] armors=1, targets=1
[DEBUG] armors=1, targets=1
[DEBUG] armors=1, targets=1
[DEBUG] armors=1, targets=1
[DEBUG] armors=1, targets=1
[DEBUG] armors=1, targets=1
[DEBUG] armors=1, targets=1
[DEBUG] armors=1, targets=1
[DEBUG] armors=1, targets=1
[2026-09-05 13:37:39.315] [info] [DRYRUN] measured_gimbal=(2.910,-0.005,-0.057) measured_world=(2.894,0.272,-0.145) tracked_world=(3.326,0.068,-0.146) target_gimbal_deg=(-0.10,-1.12) target_world_deg=(5.37,-2.85) gimbal_deg=(5.47,1.73) armor_y_px=629.9 pixel_error_deg=(0.82,2.20) ballistic=(range=2.910m holdover=0.562m comp=10.72deg residual=-8.52deg) q_wxyz=(0.998746,0.000721,0.015090,-0.047733) cmd_deg=(3.81,-12.27) packed_pitch_deg=-12.27 control=true shoot=false
[DEBUG] armors=1, targets=1
[DEBUG] armors=1, targets=1
[DEBUG] armors=1, targets=1
[DEBUG] armors=1, targets=1
[DEBUG] armors=1, targets=1
[DEBUG] armors=1, targets=1
[DEBUG] armors=1, targets=1
[DEBUG] armors=1, targets=1
[DEBUG] armors=1, targets=1
[DEBUG] armors=1, targets=1
[DEBUG] armors=1, targets=1
[DEBUG] armors=1, targets=1
[DEBUG] armors=1, targets=1
[DEBUG] armors=1, targets=1
[DEBUG] armors=1, targets=1
[DEBUG] armors=1, targets=1
[DEBUG] armors=1, targets=1
[DEBUG] armors=1, targets=1
[DEBUG] armors=1, targets=1
[DEBUG] armors=1, targets=1
[2026-09-05 13:37:39.627] [info] [DRYRUN] measured_gimbal=(2.831,-0.005,-0.053) measured_world=(2.816,0.264,-0.139) tracked_world=(3.377,0.144,-0.146) target_gimbal_deg=(-0.11,-1.08) target_world_deg=(5.37,-2.81) gimbal_deg=(5.47,1.73) armor_y_px=629.7 pixel_error_deg=(0.81,2.20) ballistic=(range=2.831m holdover=0.541m comp=10.61deg residual=-8.41deg) q_wxyz=(0.998746,0.000721,0.015090,-0.047733) cmd_deg=(4.76,-12.20) packed_pitch_deg=-12.20 control=true shoot=false
[DEBUG] armors=1, targets=1
[2026-09-05 13:37:39.658] [debug] [Target] Bad Converge Found! recent_rate=0.494 last_nis=1.135 nees=-nan resid=(yaw=0.010,pitch=0.001,dist=-0.080,ang=-0.335)
[DEBUG] armors=1, targets=0
[DEBUG] armors=1, targets=1
[DEBUG] armors=1, targets=1
[DEBUG] armors=1, targets=1
[DEBUG] armors=1, targets=1
[DEBUG] armors=1, targets=1
[DEBUG] armors=1, targets=1
[DEBUG] armors=1, targets=1
[DEBUG] armors=1, targets=1
[DEBUG] armors=1, targets=1
[DEBUG] armors=1, targets=1
[DEBUG] armors=1, targets=1
[DEBUG] armors=1, targets=1
[DEBUG] armors=1, targets=1
[DEBUG] armors=1, targets=1
[DEBUG] armors=1, targets=1
[DEBUG] armors=1, targets=1
[DEBUG] armors=1, targets=1
[2026-09-05 13:37:39.922] [info] [SYNC][XUC] mode=0 yaw=-5.47 deg pitch=1.73 deg feeder_rpm=0.00 wheel0_rpm=0 wheel1_rpm=0 wheel_delta=0 projectile_speed=12.80
[DEBUG] armors=1, targets=1
[2026-09-05 13:37:39.935] [info] [DRYRUN] measured_gimbal=(2.850,-0.005,-0.054) measured_world=(2.834,0.266,-0.140) tracked_world=(2.939,0.260,-0.148) target_gimbal_deg=(-0.10,-1.08) target_world_deg=(5.37,-2.82) gimbal_deg=(5.47,1.73) armor_y_px=629.6 pixel_error_deg=(0.83,2.20) ballistic=(range=2.850m holdover=0.546m comp=10.63deg residual=-8.44deg) q_wxyz=(0.998746,0.000721,0.015090,-0.047733) cmd_deg=(5.37,-12.20) packed_pitch_deg=-12.20 control=true shoot=false
[2026-09-05 13:37:39.938] [info] [PERF] 总耗时=15.3ms (检测=12.4ms, 跟踪=0.4ms), FPS=65.4
[2026-09-05 13:37:39.938] [info] 📊 [CAMERA FPS] 瞬时帧率=65.3fps, 平均帧率=64.7fps, 总帧数=2000, 运行时间=30.9s
[DEBUG] armors=1, targets=1
[DEBUG] armors=1, targets=1
[DEBUG] armors=1, targets=1
[DEBUG] armors=1, targets=1
[DEBUG] armors=1, targets=1
[DEBUG] armors=1, targets=1
[DEBUG] armors=1, targets=1
[DEBUG] armors=1, targets=1
[DEBUG] armors=1, targets=1
[DEBUG] armors=1, targets=1
[DEBUG] armors=1, targets=1
[DEBUG] armors=1, targets=1
[DEBUG] armors=1, targets=1
[DEBUG] armors=1, targets=1
[DEBUG] armors=1, targets=1
[DEBUG] armors=1, targets=1
[DEBUG] armors=1, targets=1
[DEBUG] armors=1, targets=1
[DEBUG] armors=1, targets=1
[DEBUG] armors=1, targets=1
[2026-09-05 13:37:40.252] [info] [DRYRUN] measured_gimbal=(2.838,-0.005,-0.053) measured_world=(2.823,0.265,-0.139) tracked_world=(2.883,0.300,-0.142) target_gimbal_deg=(-0.10,-1.08) target_world_deg=(5.37,-2.81) gimbal_deg=(5.47,1.73) armor_y_px=629.6 pixel_error_deg=(0.81,2.20) ballistic=(range=2.838m holdover=0.543m comp=10.62deg residual=-8.42deg) q_wxyz=(0.998746,0.000721,0.015090,-0.047733) cmd_deg=(5.37,-12.21) packed_pitch_deg=-12.21 control=true shoot=false
[DEBUG] armors=1, targets=1
[DEBUG] armors=1, targets=1
[DEBUG] armors=1, targets=1
[DEBUG] armors=1, targets=1
[DEBUG] armors=1, targets=1
[DEBUG] armors=1, targets=1
[DEBUG] armors=1, targets=1
[DEBUG] armors=1, targets=1
[DEBUG] armors=1, targets=1
[DEBUG] armors=1, targets=1
[DEBUG] armors=1, targets=1
[DEBUG] armors=1, targets=1
[DEBUG] armors=1, targets=1
[DEBUG] armors=1, targets=1
[DEBUG] armors=1, targets=1
[DEBUG] armors=1, targets=1
[DEBUG] armors=1, targets=1
[DEBUG] armors=1, targets=1
[DEBUG] armors=1, targets=1
[DEBUG] armors=1, targets=1
[2026-09-05 13:37:40.565] [info] [DRYRUN] measured_gimbal=(2.880,-0.004,-0.056) measured_world=(2.864,0.270,-0.143) tracked_world=(3.002,0.337,-0.147) target_gimbal_deg=(-0.09,-1.11) target_world_deg=(5.38,-2.84) gimbal_deg=(5.47,1.73) armor_y_px=630.0 pixel_error_deg=(0.83,2.21) ballistic=(range=2.880m holdover=0.554m comp=10.68deg residual=-8.47deg) q_wxyz=(0.998746,0.000721,0.015090,-0.047733) cmd_deg=(-0.62,-12.25) packed_pitch_deg=-12.25 control=true shoot=false
[DEBUG] armors=1, targets=1
[DEBUG] armors=1, targets=1
[DEBUG] armors=1, targets=1
[2026-09-05 13:37:40.628] [debug] [Target] Bad Converge Found! recent_rate=0.645 last_nis=7.549 nees=-nan resid=(yaw=-0.026,pitch=-0.000,dist=-0.279,ang=0.868)
[DEBUG] armors=1, targets=0
[DEBUG] armors=1, targets=1
[DEBUG] armors=1, targets=1
[DEBUG] armors=1, targets=1
[DEBUG] armors=1, targets=1
[DEBUG] armors=1, targets=1
[2026-09-05 13:37:40.707] [info] [SYNC][XUC] mode=0 yaw=-5.47 deg pitch=1.73 deg feeder_rpm=0.00 wheel0_rpm=0 wheel1_rpm=0 wheel_delta=0 projectile_speed=12.80
[DEBUG] armors=1, targets=1
[2026-09-05 13:37:40.723] [info] [PERF] 总耗时=15.5ms (检测=12.9ms, 跟踪=0.5ms), FPS=64.7
[2026-09-05 13:37:40.723] [info] 📊 [CAMERA FPS] 瞬时帧率=64.6fps, 平均帧率=64.7fps, 总帧数=2050, 运行时间=31.7s
[DEBUG] armors=1, targets=1
[DEBUG] armors=1, targets=1
[DEBUG] armors=1, targets=1
[DEBUG] armors=1, targets=1
[DEBUG] armors=1, targets=1
[DEBUG] armors=1, targets=1
[DEBUG] armors=1, targets=1
[DEBUG] armors=1, targets=1
[DEBUG] armors=1, targets=1
[DEBUG] armors=1, targets=1
[2026-09-05 13:37:40.878] [info] [DRYRUN] measured_gimbal=(2.864,-0.005,-0.055) measured_world=(2.848,0.268,-0.141) tracked_world=(2.882,0.277,-0.144) target_gimbal_deg=(-0.10,-1.09) target_world_deg=(5.38,-2.82) gimbal_deg=(5.47,1.73) armor_y_px=629.7 pixel_error_deg=(0.81,2.20) ballistic=(range=2.864m holdover=0.550m comp=10.65deg residual=-8.46deg) q_wxyz=(0.998746,0.000721,0.015090,-0.047733) cmd_deg=(8.83,-12.21) packed_pitch_deg=-12.21 control=true shoot=false
[DEBUG] armors=1, targets=1
[DEBUG] armors=1, targets=1
[DEBUG] armors=1, targets=1
[DEBUG] armors=1, targets=1
[DEBUG] armors=1, targets=1
[DEBUG] armors=1, targets=1
[DEBUG] armors=1, targets=1
[DEBUG] armors=1, targets=1
[DEBUG] armors=1, targets=1
[DEBUG] armors=1, targets=1
[DEBUG] armors=1, targets=1
[DEBUG] armors=1, targets=1
[DEBUG] armors=1, targets=1
[DEBUG] armors=1, targets=1
[DEBUG] armors=1, targets=1
[DEBUG] armors=1, targets=1
[DEBUG] armors=1, targets=1
[DEBUG] armors=1, targets=1
[DEBUG] armors=1, targets=1
[DEBUG] armors=1, targets=1
[2026-09-05 13:37:41.193] [info] [DRYRUN] measured_gimbal=(2.907,-0.005,-0.057) measured_world=(2.891,0.272,-0.144) tracked_world=(3.161,0.435,-0.159) target_gimbal_deg=(-0.11,-1.12) target_world_deg=(5.37,-2.85) gimbal_deg=(5.47,1.73) armor_y_px=630.0 pixel_error_deg=(0.82,2.21) ballistic=(range=2.907m holdover=0.561m comp=10.72deg residual=-8.51deg) q_wxyz=(0.998746,0.000721,0.015090,-0.047733) cmd_deg=(5.36,-12.22) packed_pitch_deg=-12.22 control=true shoot=false
[DEBUG] armors=1, targets=1
[DEBUG] armors=1, targets=1
[DEBUG] armors=1, targets=1
[DEBUG] armors=1, targets=1
[DEBUG] armors=1, targets=1
[DEBUG] armors=1, targets=1
[DEBUG] armors=1, targets=1
[DEBUG] armors=1, targets=1
[DEBUG] armors=1, targets=1
[DEBUG] armors=1, targets=1
[DEBUG] armors=1, targets=1
[DEBUG] armors=1, targets=1
[DEBUG] armors=1, targets=1
[DEBUG] armors=1, targets=1
[DEBUG] armors=1, targets=1
[DEBUG] armors=1, targets=1
[DEBUG] armors=1, targets=1
[DEBUG] armors=1, targets=1
[DEBUG] armors=1, targets=1
[2026-09-05 13:37:41.494] [info] [SYNC][XUC] mode=0 yaw=-5.47 deg pitch=1.73 deg feeder_rpm=0.00 wheel0_rpm=0 wheel1_rpm=0 wheel_delta=0 projectile_speed=12.80
[DEBUG] armors=1, targets=1
[2026-09-05 13:37:41.507] [info] [DRYRUN] measured_gimbal=(2.890,-0.004,-0.056) measured_world=(2.875,0.271,-0.143) tracked_world=(2.962,0.303,-0.147) target_gimbal_deg=(-0.08,-1.11) target_world_deg=(5.39,-2.84) gimbal_deg=(5.47,1.73) armor_y_px=630.1 pixel_error_deg=(0.82,2.21) ballistic=(range=2.890m holdover=0.557m comp=10.69deg residual=-8.49deg) q_wxyz=(0.998746,0.000721,0.015090,-0.047733) cmd_deg=(5.38,-12.26) packed_pitch_deg=-12.26 control=true shoot=false
[2026-09-05 13:37:41.509] [info] [PERF] 总耗时=15.4ms (检测=12.8ms, 跟踪=0.5ms), FPS=64.9
[2026-09-05 13:37:41.509] [info] 📊 [CAMERA FPS] 瞬时帧率=64.8fps, 平均帧率=64.6fps, 总帧数=2100, 运行时间=32.5s
[DEBUG] armors=1, targets=1
[DEBUG] armors=1, targets=1
[DEBUG] armors=1, targets=1
[DEBUG] armors=1, targets=1
[DEBUG] armors=1, targets=1
[DEBUG] armors=1, targets=1
[DEBUG] armors=1, targets=1
[2026-09-05 13:37:41.632] [debug] [Target] Bad Converge Found! recent_rate=0.625 last_nis=3.066 nees=-nan resid=(yaw=-0.019,pitch=0.000,dist=-0.232,ang=0.549)
[DEBUG] armors=1, targets=0
[DEBUG] armors=1, targets=1
[DEBUG] armors=1, targets=1
[DEBUG] armors=1, targets=1
[DEBUG] armors=1, targets=1
[DEBUG] armors=1, targets=1
[DEBUG] armors=1, targets=1
[DEBUG] armors=1, targets=1
[DEBUG] armors=1, targets=1
[DEBUG] armors=1, targets=1
[DEBUG] armors=1, targets=1
[DEBUG] armors=1, targets=1
[DEBUG] armors=1, targets=1
[2026-09-05 13:37:41.819] [info] [DRYRUN] measured_gimbal=(2.849,-0.005,-0.054) measured_world=(2.834,0.267,-0.140) tracked_world=(2.878,0.239,-0.145) target_gimbal_deg=(-0.10,-1.09) target_world_deg=(5.37,-2.82) gimbal_deg=(5.47,1.73) armor_y_px=629.7 pixel_error_deg=(0.83,2.20) ballistic=(range=2.849m holdover=0.546m comp=10.63deg residual=-8.43deg) q_wxyz=(0.998746,0.000721,0.015090,-0.047733) cmd_deg=(3.72,-12.18) packed_pitch_deg=-12.18 control=true shoot=false
[DEBUG] armors=1, targets=1
[DEBUG] armors=1, targets=1
[DEBUG] armors=1, targets=1
[DEBUG] armors=1, targets=1
[DEBUG] armors=1, targets=1
[DEBUG] armors=1, targets=1
[DEBUG] armors=1, targets=1
[DEBUG] armors=1, targets=1
[DEBUG] armors=1, targets=1
[DEBUG] armors=1, targets=1
[DEBUG] armors=1, targets=1
[DEBUG] armors=1, targets=1
[DEBUG] armors=1, targets=1
[DEBUG] armors=1, targets=1
[DEBUG] armors=1, targets=1
[DEBUG] armors=1, targets=1
[DEBUG] armors=1, targets=1
[DEBUG] armors=1, targets=1
[DEBUG] armors=1, targets=1
[DEBUG] armors=1, targets=1
[2026-09-05 13:37:42.127] [info] [DRYRUN] measured_gimbal=(2.851,-0.005,-0.054) measured_world=(2.836,0.267,-0.141) tracked_world=(2.839,0.267,-0.140) target_gimbal_deg=(-0.10,-1.09) target_world_deg=(5.38,-2.83) gimbal_deg=(5.47,1.73) armor_y_px=630.0 pixel_error_deg=(0.81,2.21) ballistic=(range=2.851m holdover=0.547m comp=10.64deg residual=-8.43deg) q_wxyz=(0.998746,0.000721,0.015090,-0.047733) cmd_deg=(5.54,-12.18) packed_pitch_deg=-12.18 control=true shoot=false
[DEBUG] armors=1, targets=1
[DEBUG] armors=1, targets=1
[DEBUG] armors=1, targets=1
[DEBUG] armors=1, targets=1
[DEBUG] armors=1, targets=1
[DEBUG] armors=1, targets=1
[DEBUG] armors=1, targets=1
[DEBUG] armors=1, targets=1
[DEBUG] armors=1, targets=1
[2026-09-05 13:37:42.268] [info] [SYNC][XUC] mode=0 yaw=-5.47 deg pitch=1.73 deg feeder_rpm=0.00 wheel0_rpm=0 wheel1_rpm=0 wheel_delta=0 projectile_speed=12.80
[DEBUG] armors=1, targets=1
[2026-09-05 13:37:42.284] [info] [PERF] 总耗时=15.9ms (检测=13.3ms, 跟踪=0.5ms), FPS=62.8
[2026-09-05 13:37:42.284] [info] 📊 [CAMERA FPS] 瞬时帧率=62.6fps, 平均帧率=64.6fps, 总帧数=2150, 运行时间=33.3s
[DEBUG] armors=1, targets=1
[DEBUG] armors=1, targets=1
[DEBUG] armors=1, targets=1
[DEBUG] armors=1, targets=1
[DEBUG] armors=1, targets=1
[DEBUG] armors=1, targets=1
[DEBUG] armors=1, targets=1
[DEBUG] armors=1, targets=1
[DEBUG] armors=1, targets=1
[DEBUG] armors=1, targets=1
[2026-09-05 13:37:42.437] [info] [DRYRUN] measured_gimbal=(2.880,-0.006,-0.056) measured_world=(2.864,0.269,-0.143) tracked_world=(2.889,0.288,-0.144) target_gimbal_deg=(-0.11,-1.11) target_world_deg=(5.36,-2.84) gimbal_deg=(5.47,1.73) armor_y_px=630.1 pixel_error_deg=(0.82,2.21) ballistic=(range=2.880m holdover=0.554m comp=10.68deg residual=-8.47deg) q_wxyz=(0.998746,0.000721,0.015090,-0.047733) cmd_deg=(5.84,-12.19) packed_pitch_deg=-12.19 control=true shoot=false
[DEBUG] armors=1, targets=1
[DEBUG] armors=1, targets=1
[DEBUG] armors=1, targets=1
[DEBUG] armors=1, targets=1
[DEBUG] armors=1, targets=1
[DEBUG] armors=1, targets=1
[DEBUG] armors=1, targets=1
[DEBUG] armors=1, targets=1
[DEBUG] armors=1, targets=1
[DEBUG] armors=1, targets=1
[DEBUG] armors=1, targets=1
[DEBUG] armors=1, targets=1
[DEBUG] armors=1, targets=1
[DEBUG] armors=1, targets=1
[DEBUG] armors=1, targets=1
[DEBUG] armors=1, targets=1
[DEBUG] armors=1, targets=1
[DEBUG] armors=1, targets=1
[DEBUG] armors=1, targets=1
[DEBUG] armors=1, targets=1
[2026-09-05 13:37:42.749] [info] [DRYRUN] measured_gimbal=(2.879,-0.005,-0.056) measured_world=(2.864,0.269,-0.143) tracked_world=(2.940,0.298,-0.147) target_gimbal_deg=(-0.10,-1.11) target_world_deg=(5.37,-2.84) gimbal_deg=(5.47,1.73) armor_y_px=630.0 pixel_error_deg=(0.84,2.21) ballistic=(range=2.879m holdover=0.554m comp=10.68deg residual=-8.47deg) q_wxyz=(0.998746,0.000721,0.015090,-0.047733) cmd_deg=(5.37,-12.22) packed_pitch_deg=-12.22 control=true shoot=false
[DEBUG] armors=1, targets=1
[DEBUG] armors=1, targets=1
[DEBUG] armors=1, targets=1
[DEBUG] armors=1, targets=1
[DEBUG] armors=1, targets=1
[DEBUG] armors=1, targets=1
[DEBUG] armors=1, targets=1
[DEBUG] armors=1, targets=1
[DEBUG] armors=1, targets=1
[DEBUG] armors=1, targets=1
[DEBUG] armors=1, targets=1
[DEBUG] armors=1, targets=1
[DEBUG] armors=1, targets=1
[DEBUG] armors=1, targets=1
[DEBUG] armors=1, targets=1
[DEBUG] armors=1, targets=1
[DEBUG] armors=1, targets=1
[DEBUG] armors=1, targets=1
[DEBUG] armors=1, targets=1
[2026-09-05 13:37:43.047] [info] [SYNC][XUC] mode=0 yaw=-5.47 deg pitch=1.73 deg feeder_rpm=0.00 wheel0_rpm=0 wheel1_rpm=0 wheel_delta=0 projectile_speed=12.80
[DEBUG] armors=1, targets=1
[2026-09-05 13:37:43.060] [info] [DRYRUN] measured_gimbal=(2.809,-0.006,-0.053) measured_world=(2.794,0.262,-0.137) tracked_world=(2.970,0.316,-0.148) target_gimbal_deg=(-0.11,-1.07) target_world_deg=(5.36,-2.80) gimbal_deg=(5.47,1.73) armor_y_px=629.8 pixel_error_deg=(0.83,2.20) ballistic=(range=2.809m holdover=0.535m comp=10.57deg residual=-8.37deg) q_wxyz=(0.998746,0.000721,0.015090,-0.047733) cmd_deg=(5.37,-12.15) packed_pitch_deg=-12.15 control=true shoot=false
[2026-09-05 13:37:43.063] [info] [PERF] 总耗时=16.1ms (检测=13.0ms, 跟踪=0.5ms), FPS=62.1
[2026-09-05 13:37:43.063] [info] 📊 [CAMERA FPS] 瞬时帧率=62.0fps, 平均帧率=64.6fps, 总帧数=2200, 运行时间=34.0s
[DEBUG] armors=1, targets=1
[DEBUG] armors=1, targets=1
[DEBUG] armors=1, targets=1
[2026-09-05 13:37:43.124] [debug] [Target] Bad Converge Found! recent_rate=0.417 last_nis=4.618 nees=-nan resid=(yaw=-0.008,pitch=-0.000,dist=-0.049,ang=0.681)
[DEBUG] armors=1, targets=0
[DEBUG] armors=1, targets=1
[DEBUG] armors=1, targets=1
[DEBUG] armors=1, targets=1
[DEBUG] armors=1, targets=1
[DEBUG] armors=1, targets=1
[DEBUG] armors=1, targets=1
[DEBUG] armors=1, targets=1
[DEBUG] armors=1, targets=1
[DEBUG] armors=1, targets=1
[DEBUG] armors=1, targets=1
[DEBUG] armors=1, targets=1
[DEBUG] armors=1, targets=1
[DEBUG] armors=1, targets=1
[DEBUG] armors=1, targets=1
[DEBUG] armors=1, targets=1
[DEBUG] armors=1, targets=1
[2026-09-05 13:37:43.372] [info] [DRYRUN] measured_gimbal=(2.909,-0.004,-0.057) measured_world=(2.893,0.273,-0.145) tracked_world=(3.246,0.510,-0.147) target_gimbal_deg=(-0.09,-1.12) target_world_deg=(5.39,-2.86) gimbal_deg=(5.47,1.73) armor_y_px=630.2 pixel_error_deg=(0.82,2.21) ballistic=(range=2.909m holdover=0.562m comp=10.72deg residual=-8.51deg) q_wxyz=(0.998746,0.000721,0.015090,-0.047733) cmd_deg=(1.43,-12.25) packed_pitch_deg=-12.25 control=true shoot=false
[DEBUG] armors=1, targets=1
[DEBUG] armors=1, targets=1
[DEBUG] armors=1, targets=1
[DEBUG] armors=1, targets=1
[DEBUG] armors=1, targets=1
[DEBUG] armors=1, targets=1
[DEBUG] armors=1, targets=1
[DEBUG] armors=1, targets=1
[DEBUG] armors=1, targets=1
[DEBUG] armors=1, targets=1
[DEBUG] armors=1, targets=1
[DEBUG] armors=1, targets=1
[DEBUG] armors=1, targets=1
[DEBUG] armors=1, targets=1
[DEBUG] armors=1, targets=1
[DEBUG] armors=1, targets=1
[DEBUG] armors=1, targets=1
[DEBUG] armors=1, targets=1
[DEBUG] armors=1, targets=1
[DEBUG] armors=1, targets=1
[2026-09-05 13:37:43.684] [info] [DRYRUN] measured_gimbal=(2.790,-0.006,-0.052) measured_world=(2.775,0.260,-0.136) tracked_world=(3.197,0.567,-0.141) target_gimbal_deg=(-0.12,-1.06) target_world_deg=(5.35,-2.79) gimbal_deg=(5.47,1.73) armor_y_px=629.8 pixel_error_deg=(0.83,2.20) ballistic=(range=2.790m holdover=0.530m comp=10.54deg residual=-8.34deg) q_wxyz=(0.998746,0.000721,0.015090,-0.047733) cmd_deg=(5.29,-12.15) packed_pitch_deg=-12.15 control=true shoot=false
[DEBUG] armors=1, targets=1
[DEBUG] armors=1, targets=1
[DEBUG] armors=1, targets=1
[DEBUG] armors=1, targets=1
[DEBUG] armors=1, targets=1
[DEBUG] armors=1, targets=1
[DEBUG] armors=1, targets=1
[DEBUG] armors=1, targets=1
[DEBUG] armors=1, targets=1
[2026-09-05 13:37:43.824] [info] [SYNC][XUC] mode=0 yaw=-5.47 deg pitch=1.73 deg feeder_rpm=0.00 wheel0_rpm=0 wheel1_rpm=0 wheel_delta=0 projectile_speed=12.80
[DEBUG] armors=1, targets=1
[2026-09-05 13:37:43.839] [info] [PERF] 总耗时=15.6ms (检测=12.8ms, 跟踪=0.4ms), FPS=64.2
[2026-09-05 13:37:43.839] [info] 📊 [CAMERA FPS] 瞬时帧率=64.1fps, 平均帧率=64.6fps, 总帧数=2250, 运行时间=34.8s
[DEBUG] armors=1, targets=1
[DEBUG] armors=1, targets=1
[DEBUG] armors=1, targets=1
[DEBUG] armors=1, targets=1
[DEBUG] armors=1, targets=1
[DEBUG] armors=1, targets=1
[DEBUG] armors=1, targets=1
[DEBUG] armors=1, targets=1
[DEBUG] armors=1, targets=1
[DEBUG] armors=1, targets=1
[2026-09-05 13:37:43.994] [info] [DRYRUN] measured_gimbal=(2.906,-0.004,-0.057) measured_world=(2.890,0.273,-0.144) tracked_world=(3.242,0.514,-0.140) target_gimbal_deg=(-0.08,-1.12) target_world_deg=(5.39,-2.85) gimbal_deg=(5.47,1.73) armor_y_px=630.0 pixel_error_deg=(0.81,2.21) ballistic=(range=2.906m holdover=0.561m comp=10.72deg residual=-8.51deg) q_wxyz=(0.998746,0.000721,0.015090,-0.047733) cmd_deg=(5.44,-12.25) packed_pitch_deg=-12.25 control=true shoot=false
[DEBUG] armors=1, targets=1
[DEBUG] armors=1, targets=1
[DEBUG] armors=1, targets=1
[DEBUG] armors=1, targets=1
[DEBUG] armors=1, targets=1
[DEBUG] armors=1, targets=1
[DEBUG] armors=1, targets=1
[DEBUG] armors=1, targets=1
[DEBUG] armors=1, targets=1
[DEBUG] armors=1, targets=1
[DEBUG] armors=1, targets=1
[DEBUG] armors=1, targets=1
[DEBUG] armors=1, targets=1
[DEBUG] armors=1, targets=1
[DEBUG] armors=1, targets=1
[DEBUG] armors=1, targets=1
[DEBUG] armors=1, targets=1
[DEBUG] armors=1, targets=1
[DEBUG] armors=1, targets=1
[DEBUG] armors=1, targets=1
[2026-09-05 13:37:44.309] [info] [DRYRUN] measured_gimbal=(2.854,-0.005,-0.054) measured_world=(2.839,0.267,-0.140) tracked_world=(3.245,0.497,-0.142) target_gimbal_deg=(-0.10,-1.09) target_world_deg=(5.37,-2.82) gimbal_deg=(5.47,1.73) armor_y_px=629.7 pixel_error_deg=(0.82,2.20) ballistic=(range=2.854m holdover=0.547m comp=10.64deg residual=-8.44deg) q_wxyz=(0.998746,0.000721,0.015090,-0.047733) cmd_deg=(5.01,-12.23) packed_pitch_deg=-12.23 control=true shoot=false
[DEBUG] armors=1, targets=1
[DEBUG] armors=1, targets=1
[DEBUG] armors=1, targets=1
[DEBUG] armors=1, targets=1
[DEBUG] armors=1, targets=1
[DEBUG] armors=1, targets=1
[DEBUG] armors=1, targets=1
[DEBUG] armors=1, targets=1
[DEBUG] armors=1, targets=1
[DEBUG] armors=1, targets=1
[DEBUG] armors=1, targets=1
[DEBUG] armors=1, targets=1
[DEBUG] armors=1, targets=1
[DEBUG] armors=1, targets=1
[DEBUG] armors=1, targets=1
[DEBUG] armors=1, targets=1
[DEBUG] armors=1, targets=1
[DEBUG] armors=1, targets=1
[DEBUG] armors=1, targets=1
[2026-09-05 13:37:44.608] [info] [SYNC][XUC] mode=0 yaw=-5.47 deg pitch=1.73 deg feeder_rpm=0.00 wheel0_rpm=0 wheel1_rpm=0 wheel_delta=0 projectile_speed=12.80
[DEBUG] armors=1, targets=1
[2026-09-05 13:37:44.621] [info] [DRYRUN] measured_gimbal=(2.809,-0.006,-0.053) measured_world=(2.794,0.262,-0.137) tracked_world=(3.272,0.444,-0.141) target_gimbal_deg=(-0.11,-1.07) target_world_deg=(5.36,-2.80) gimbal_deg=(5.47,1.73) armor_y_px=629.8 pixel_error_deg=(0.83,2.20) ballistic=(range=2.809m holdover=0.536m comp=10.57deg residual=-8.37deg) q_wxyz=(0.998746,0.000721,0.015090,-0.047733) cmd_deg=(5.29,-12.20) packed_pitch_deg=-12.20 control=true shoot=false
[2026-09-05 13:37:44.623] [info] [PERF] 总耗时=15.1ms (检测=12.4ms, 跟踪=0.5ms), FPS=66.2
[2026-09-05 13:37:44.623] [info] 📊 [CAMERA FPS] 瞬时帧率=66.1fps, 平均帧率=64.6fps, 总帧数=2300, 运行时间=35.6s
[DEBUG] armors=1, targets=1
[DEBUG] armors=1, targets=1
[DEBUG] armors=1, targets=1
[DEBUG] armors=1, targets=1
[DEBUG] armors=1, targets=1
[DEBUG] armors=1, targets=1
[DEBUG] armors=1, targets=1
[DEBUG] armors=1, targets=1
[DEBUG] armors=1, targets=1
[DEBUG] armors=1, targets=1
[DEBUG] armors=1, targets=1
[DEBUG] armors=1, targets=1
[DEBUG] armors=1, targets=1
[DEBUG] armors=1, targets=1
[DEBUG] armors=1, targets=1
[DEBUG] armors=1, targets=1
[DEBUG] armors=1, targets=1
[DEBUG] armors=1, targets=1
[DEBUG] armors=1, targets=1
[DEBUG] armors=1, targets=1
[2026-09-05 13:37:44.929] [info] [DRYRUN] measured_gimbal=(2.846,-0.005,-0.054) measured_world=(2.831,0.266,-0.140) tracked_world=(3.292,0.419,-0.141) target_gimbal_deg=(-0.10,-1.08) target_world_deg=(5.37,-2.81) gimbal_deg=(5.47,1.73) armor_y_px=629.5 pixel_error_deg=(0.83,2.19) ballistic=(range=2.846m holdover=0.545m comp=10.63deg residual=-8.43deg) q_wxyz=(0.998746,0.000721,0.015090,-0.047733) cmd_deg=(5.45,-12.20) packed_pitch_deg=-12.20 control=true shoot=false
[DEBUG] armors=1, targets=1
[DEBUG] armors=1, targets=1
[DEBUG] armors=1, targets=1
[DEBUG] armors=1, targets=1
[DEBUG] armors=1, targets=1
[DEBUG] armors=1, targets=1
[DEBUG] armors=1, targets=1
[DEBUG] armors=1, targets=1
[DEBUG] armors=1, targets=1
[DEBUG] armors=1, targets=1
[DEBUG] armors=1, targets=1
[DEBUG] armors=1, targets=1
[DEBUG] armors=1, targets=1
[DEBUG] armors=1, targets=1
[DEBUG] armors=1, targets=1
[DEBUG] armors=1, targets=1
[DEBUG] armors=1, targets=1
[DEBUG] armors=1, targets=1
[DEBUG] armors=1, targets=1
[DEBUG] armors=1, targets=1
[2026-09-05 13:37:45.241] [info] [DRYRUN] measured_gimbal=(2.817,-0.005,-0.053) measured_world=(2.802,0.263,-0.138) tracked_world=(3.324,0.420,-0.143) target_gimbal_deg=(-0.11,-1.08) target_world_deg=(5.37,-2.81) gimbal_deg=(5.47,1.73) armor_y_px=629.9 pixel_error_deg=(0.82,2.20) ballistic=(range=2.817m holdover=0.538m comp=10.58deg residual=-8.38deg) q_wxyz=(0.998746,0.000721,0.015090,-0.047733) cmd_deg=(5.91,-12.17) packed_pitch_deg=-12.17 control=true shoot=false
[DEBUG] armors=1, targets=1
[DEBUG] armors=1, targets=1
[DEBUG] armors=1, targets=1
[DEBUG] armors=1, targets=1
[DEBUG] armors=1, targets=1
[DEBUG] armors=1, targets=1
[DEBUG] armors=1, targets=1
[DEBUG] armors=1, targets=1
[DEBUG] armors=1, targets=1
[2026-09-05 13:37:45.386] [info] [SYNC][XUC] mode=0 yaw=-5.47 deg pitch=1.73 deg feeder_rpm=0.00 wheel0_rpm=0 wheel1_rpm=0 wheel_delta=0 projectile_speed=12.80
[DEBUG] armors=1, targets=1
[2026-09-05 13:37:45.401] [info] [PERF] 总耗时=15.4ms (检测=12.7ms, 跟踪=0.5ms), FPS=65.1
[2026-09-05 13:37:45.401] [info] 📊 [CAMERA FPS] 瞬时帧率=64.9fps, 平均帧率=64.6fps, 总帧数=2350, 运行时间=36.4s
[DEBUG] armors=1, targets=1
[DEBUG] armors=1, targets=1
[DEBUG] armors=1, targets=1
[DEBUG] armors=1, targets=1
[DEBUG] armors=1, targets=1
[DEBUG] armors=1, targets=1
[DEBUG] armors=1, targets=1
[DEBUG] armors=1, targets=1
[DEBUG] armors=1, targets=1
[DEBUG] armors=1, targets=1
[2026-09-05 13:37:45.552] [info] [DRYRUN] measured_gimbal=(2.835,-0.005,-0.053) measured_world=(2.819,0.265,-0.139) tracked_world=(3.312,0.407,-0.142) target_gimbal_deg=(-0.10,-1.08) target_world_deg=(5.37,-2.81) gimbal_deg=(5.47,1.73) armor_y_px=629.8 pixel_error_deg=(0.80,2.20) ballistic=(range=2.835m holdover=0.542m comp=10.61deg residual=-8.41deg) q_wxyz=(0.998746,0.000721,0.015090,-0.047733) cmd_deg=(5.34,-12.19) packed_pitch_deg=-12.19 control=true shoot=false
[DEBUG] armors=1, targets=1
[DEBUG] armors=1, targets=1
[DEBUG] armors=1, targets=1
[DEBUG] armors=1, targets=1
[DEBUG] armors=1, targets=1
[DEBUG] armors=1, targets=1
[DEBUG] armors=1, targets=1
[DEBUG] armors=1, targets=1
[DEBUG] armors=1, targets=1
[DEBUG] armors=1, targets=1
[DEBUG] armors=1, targets=1
[DEBUG] armors=1, targets=1
[DEBUG] armors=1, targets=1
[DEBUG] armors=1, targets=1
[DEBUG] armors=1, targets=1
[DEBUG] armors=1, targets=1
[DEBUG] armors=1, targets=1
[DEBUG] armors=1, targets=1
[DEBUG] armors=1, targets=1
[DEBUG] armors=1, targets=1
[2026-09-05 13:37:45.862] [info] [DRYRUN] measured_gimbal=(2.844,-0.005,-0.053) measured_world=(2.829,0.266,-0.139) tracked_world=(3.352,0.391,-0.144) target_gimbal_deg=(-0.10,-1.08) target_world_deg=(5.37,-2.81) gimbal_deg=(5.47,1.73) armor_y_px=629.4 pixel_error_deg=(0.81,2.19) ballistic=(range=2.844m holdover=0.545m comp=10.63deg residual=-8.43deg) q_wxyz=(0.998746,0.000721,0.015090,-0.047733) cmd_deg=(6.00,-12.21) packed_pitch_deg=-12.21 control=true shoot=false
[DEBUG] armors=1, targets=1
[DEBUG] armors=1, targets=1
[DEBUG] armors=1, targets=1
[DEBUG] armors=1, targets=1
[DEBUG] armors=1, targets=1
[DEBUG] armors=1, targets=1
[DEBUG] armors=1, targets=1
[DEBUG] armors=1, targets=1
[DEBUG] armors=1, targets=1
[DEBUG] armors=1, targets=1
[DEBUG] armors=1, targets=1
[DEBUG] armors=1, targets=1
[DEBUG] armors=1, targets=1
[DEBUG] armors=1, targets=1
[DEBUG] armors=1, targets=1
[DEBUG] armors=1, targets=1
[DEBUG] armors=1, targets=1
[DEBUG] armors=1, targets=1
[DEBUG] armors=1, targets=1
[2026-09-05 13:37:46.162] [info] [SYNC][XUC] mode=0 yaw=-5.47 deg pitch=1.73 deg feeder_rpm=0.00 wheel0_rpm=0 wheel1_rpm=0 wheel_delta=0 projectile_speed=12.80
[DEBUG] armors=1, targets=1
[2026-09-05 13:37:46.176] [info] [DRYRUN] measured_gimbal=(2.845,-0.005,-0.054) measured_world=(2.829,0.266,-0.140) tracked_world=(3.348,0.394,-0.144) target_gimbal_deg=(-0.10,-1.08) target_world_deg=(5.37,-2.81) gimbal_deg=(5.47,1.73) armor_y_px=629.6 pixel_error_deg=(0.83,2.20) ballistic=(range=2.845m holdover=0.545m comp=10.63deg residual=-8.43deg) q_wxyz=(0.998746,0.000721,0.015090,-0.047733) cmd_deg=(5.48,-12.22) packed_pitch_deg=-12.22 control=true shoot=false
[2026-09-05 13:37:46.178] [info] [PERF] 总耗时=16.0ms (检测=13.2ms, 跟踪=0.5ms), FPS=62.5
[2026-09-05 13:37:46.178] [info] 📊 [CAMERA FPS] 瞬时帧率=62.4fps, 平均帧率=64.6fps, 总帧数=2400, 运行时间=37.2s
[DEBUG] armors=1, targets=1
[DEBUG] armors=1, targets=1
[DEBUG] armors=1, targets=1
[DEBUG] armors=1, targets=1
[DEBUG] armors=1, targets=1
[DEBUG] armors=1, targets=1
[DEBUG] armors=1, targets=1
[DEBUG] armors=1, targets=1
[DEBUG] armors=1, targets=1
[DEBUG] armors=1, targets=1
[DEBUG] armors=1, targets=1
[DEBUG] armors=1, targets=1
[DEBUG] armors=1, targets=1
[DEBUG] armors=1, targets=1
[DEBUG] armors=1, targets=1
[2026-09-05 13:37:46.424] [debug] [Target] Bad Converge Found! recent_rate=0.400 last_nis=3.492 nees=-nan resid=(yaw=-0.003,pitch=-0.000,dist=-0.011,ang=-0.588)
[DEBUG] armors=1, targets=0
[DEBUG] armors=1, targets=1
[DEBUG] armors=1, targets=1
[DEBUG] armors=1, targets=1
[DEBUG] armors=1, targets=1
[2026-09-05 13:37:46.486] [info] [DRYRUN] measured_gimbal=(2.862,-0.005,-0.055) measured_world=(2.846,0.268,-0.141) tracked_world=(2.862,0.277,-0.142) target_gimbal_deg=(-0.10,-1.10) target_world_deg=(5.38,-2.83) gimbal_deg=(5.47,1.73) armor_y_px=629.8 pixel_error_deg=(0.83,2.20) ballistic=(range=2.862m holdover=0.549m comp=10.65deg residual=-8.45deg) q_wxyz=(0.998746,0.000721,0.015090,-0.047733) cmd_deg=(5.70,-12.23) packed_pitch_deg=-12.23 control=true shoot=false
[DEBUG] armors=1, targets=1
[DEBUG] armors=1, targets=1
[DEBUG] armors=1, targets=1
[DEBUG] armors=1, targets=1
[DEBUG] armors=1, targets=1
[DEBUG] armors=1, targets=1
[DEBUG] armors=1, targets=1
[DEBUG] armors=1, targets=1
[DEBUG] armors=1, targets=1
[DEBUG] armors=1, targets=1
[DEBUG] armors=1, targets=1
[DEBUG] armors=1, targets=1
[DEBUG] armors=1, targets=1
[DEBUG] armors=1, targets=1
[DEBUG] armors=1, targets=1
[DEBUG] armors=1, targets=1
[DEBUG] armors=1, targets=1
[DEBUG] armors=1, targets=1
[DEBUG] armors=1, targets=1
[DEBUG] armors=1, targets=1
[2026-09-05 13:37:46.800] [info] [DRYRUN] measured_gimbal=(2.851,-0.005,-0.054) measured_world=(2.835,0.267,-0.140) tracked_world=(3.059,0.342,-0.153) target_gimbal_deg=(-0.10,-1.09) target_world_deg=(5.37,-2.82) gimbal_deg=(5.47,1.73) armor_y_px=629.9 pixel_error_deg=(0.81,2.20) ballistic=(range=2.851m holdover=0.547m comp=10.63deg residual=-8.43deg) q_wxyz=(0.998746,0.000721,0.015090,-0.047733) cmd_deg=(5.37,-12.19) packed_pitch_deg=-12.19 control=true shoot=false
[DEBUG] armors=1, targets=1
[DEBUG] armors=1, targets=1
[DEBUG] armors=1, targets=1
[DEBUG] armors=1, targets=1
[DEBUG] armors=1, targets=1
[DEBUG] armors=1, targets=1
[DEBUG] armors=1, targets=1
[DEBUG] armors=1, targets=1
[DEBUG] armors=1, targets=1
[2026-09-05 13:37:46.940] [info] [SYNC][XUC] mode=0 yaw=-5.47 deg pitch=1.73 deg feeder_rpm=0.00 wheel0_rpm=0 wheel1_rpm=0 wheel_delta=0 projectile_speed=12.80
[DEBUG] armors=1, targets=1
[2026-09-05 13:37:46.955] [info] [PERF] 总耗时=15.3ms (检测=12.4ms, 跟踪=0.4ms), FPS=65.4
[2026-09-05 13:37:46.955] [info] 📊 [CAMERA FPS] 瞬时帧率=65.2fps, 平均帧率=64.6fps, 总帧数=2450, 运行时间=37.9s
[DEBUG] armors=1, targets=1
[DEBUG] armors=1, targets=1
[DEBUG] armors=1, targets=1
[DEBUG] armors=1, targets=1
[DEBUG] armors=1, targets=1
[DEBUG] armors=1, targets=1
[DEBUG] armors=1, targets=1
[DEBUG] armors=1, targets=1
[DEBUG] armors=1, targets=1
[DEBUG] armors=1, targets=1
[2026-09-05 13:37:47.109] [info] [DRYRUN] measured_gimbal=(2.823,-0.006,-0.053) measured_world=(2.808,0.263,-0.138) tracked_world=(2.910,0.333,-0.142) target_gimbal_deg=(-0.11,-1.08) target_world_deg=(5.36,-2.81) gimbal_deg=(5.47,1.73) armor_y_px=629.9 pixel_error_deg=(0.83,2.20) ballistic=(range=2.823m holdover=0.539m comp=10.59deg residual=-8.39deg) q_wxyz=(0.998746,0.000721,0.015090,-0.047733) cmd_deg=(5.37,-12.17) packed_pitch_deg=-12.17 control=true shoot=false
[DEBUG] armors=1, targets=1
[DEBUG] armors=1, targets=1
[DEBUG] armors=1, targets=1
[DEBUG] armors=1, targets=1
[DEBUG] armors=1, targets=1
[DEBUG] armors=1, targets=1
[DEBUG] armors=1, targets=1
[DEBUG] armors=1, targets=1
[DEBUG] armors=1, targets=1
[DEBUG] armors=1, targets=1
[DEBUG] armors=1, targets=1
[DEBUG] armors=1, targets=1
[DEBUG] armors=1, targets=1
[DEBUG] armors=1, targets=1
[DEBUG] armors=1, targets=1
[DEBUG] armors=1, targets=1
[2026-09-05 13:37:47.372] [debug] [Target] Bad Converge Found! recent_rate=0.656 last_nis=2.417 nees=-nan resid=(yaw=-0.027,pitch=-0.001,dist=-0.185,ang=0.478)
[DEBUG] armors=1, targets=0
[DEBUG] armors=1, targets=1
[DEBUG] armors=1, targets=1
[DEBUG] armors=1, targets=1
[2026-09-05 13:37:47.419] [info] [DRYRUN] measured_gimbal=(2.834,-0.005,-0.053) measured_world=(2.819,0.265,-0.139) tracked_world=(2.811,0.260,-0.139) target_gimbal_deg=(-0.10,-1.08) target_world_deg=(5.37,-2.81) gimbal_deg=(5.47,1.73) armor_y_px=629.8 pixel_error_deg=(0.81,2.20) ballistic=(range=2.834m holdover=0.542m comp=10.61deg residual=-8.41deg) q_wxyz=(0.998746,0.000721,0.015090,-0.047733) cmd_deg=(3.38,-12.14) packed_pitch_deg=-12.14 control=true shoot=false
[DEBUG] armors=1, targets=1
[DEBUG] armors=1, targets=1
[DEBUG] armors=1, targets=1
[DEBUG] armors=1, targets=1
[DEBUG] armors=1, targets=1
[DEBUG] armors=1, targets=1
[DEBUG] armors=1, targets=1
[DEBUG] armors=1, targets=1
[DEBUG] armors=1, targets=1
[DEBUG] armors=1, targets=1
[DEBUG] armors=1, targets=1
[DEBUG] armors=1, targets=1
[DEBUG] armors=1, targets=1
[DEBUG] armors=1, targets=1
[DEBUG] armors=1, targets=1
[DEBUG] armors=1, targets=1
[DEBUG] armors=1, targets=1
[DEBUG] armors=1, targets=1
[DEBUG] armors=1, targets=1
[2026-09-05 13:37:47.722] [info] [SYNC][XUC] mode=0 yaw=-5.47 deg pitch=1.73 deg feeder_rpm=0.00 wheel0_rpm=0 wheel1_rpm=0 wheel_delta=0 projectile_speed=12.80
[DEBUG] armors=1, targets=1
[2026-09-05 13:37:47.735] [info] [DRYRUN] measured_gimbal=(2.894,-0.005,-0.056) measured_world=(2.878,0.271,-0.144) tracked_world=(2.857,0.268,-0.142) target_gimbal_deg=(-0.10,-1.11) target_world_deg=(5.37,-2.85) gimbal_deg=(5.47,1.73) armor_y_px=630.1 pixel_error_deg=(0.82,2.21) ballistic=(range=2.894m holdover=0.558m comp=10.70deg residual=-8.49deg) q_wxyz=(0.998746,0.000721,0.015090,-0.047733) cmd_deg=(5.35,-12.22) packed_pitch_deg=-12.22 control=true shoot=false
[2026-09-05 13:37:47.737] [info] [PERF] 总耗时=15.3ms (检测=12.5ms, 跟踪=0.4ms), FPS=65.5
[2026-09-05 13:37:47.737] [info] 📊 [CAMERA FPS] 瞬时帧率=65.4fps, 平均帧率=64.6fps, 总帧数=2500, 运行时间=38.7s
[DEBUG] armors=1, targets=1
[DEBUG] armors=1, targets=1
[DEBUG] armors=1, targets=1
[DEBUG] armors=1, targets=1
[DEBUG] armors=1, targets=1
[DEBUG] armors=1, targets=1
[DEBUG] armors=1, targets=1
[DEBUG] armors=1, targets=1
[DEBUG] armors=1, targets=1
[DEBUG] armors=1, targets=1
[DEBUG] armors=1, targets=1
[DEBUG] armors=1, targets=1
[DEBUG] armors=1, targets=1
[DEBUG] armors=1, targets=1
[DEBUG] armors=1, targets=1
[DEBUG] armors=1, targets=1
[DEBUG] armors=1, targets=1
[DEBUG] armors=1, targets=1
[DEBUG] armors=1, targets=1
[DEBUG] armors=1, targets=1
[2026-09-05 13:37:48.049] [info] [DRYRUN] measured_gimbal=(2.856,-0.005,-0.054) measured_world=(2.840,0.267,-0.141) tracked_world=(2.903,0.285,-0.145) target_gimbal_deg=(-0.10,-1.09) target_world_deg=(5.37,-2.82) gimbal_deg=(5.47,1.73) armor_y_px=629.7 pixel_error_deg=(0.82,2.20) ballistic=(range=2.856m holdover=0.548m comp=10.64deg residual=-8.44deg) q_wxyz=(0.998746,0.000721,0.015090,-0.047733) cmd_deg=(5.68,-12.22) packed_pitch_deg=-12.22 control=true shoot=false
[DEBUG] armors=1, targets=1
[DEBUG] armors=1, targets=1
[DEBUG] armors=1, targets=1
[DEBUG] armors=1, targets=1
[DEBUG] armors=1, targets=1
[DEBUG] armors=1, targets=1
[DEBUG] armors=1, targets=1
[DEBUG] armors=1, targets=1
[DEBUG] armors=1, targets=1
[DEBUG] armors=1, targets=1
[DEBUG] armors=1, targets=1
[DEBUG] armors=1, targets=1
[DEBUG] armors=1, targets=1
[DEBUG] armors=1, targets=1
[DEBUG] armors=1, targets=1
[DEBUG] armors=1, targets=1
[DEBUG] armors=1, targets=1
[DEBUG] armors=1, targets=1
[DEBUG] armors=1, targets=1
[DEBUG] armors=1, targets=1
[2026-09-05 13:37:48.357] [info] [DRYRUN] measured_gimbal=(2.814,-0.005,-0.053) measured_world=(2.799,0.263,-0.138) tracked_world=(2.903,0.285,-0.145) target_gimbal_deg=(-0.11,-1.07) target_world_deg=(5.36,-2.81) gimbal_deg=(5.47,1.73) armor_y_px=629.8 pixel_error_deg=(0.83,2.20) ballistic=(range=2.814m holdover=0.537m comp=10.58deg residual=-8.38deg) q_wxyz=(0.998746,0.000721,0.015090,-0.047733) cmd_deg=(5.61,-12.20) packed_pitch_deg=-12.20 control=true shoot=false
[DEBUG] armors=1, targets=1
[DEBUG] armors=1, targets=1
[DEBUG] armors=1, targets=1
[DEBUG] armors=1, targets=1
[DEBUG] armors=1, targets=1
[DEBUG] armors=1, targets=1
[DEBUG] armors=1, targets=1
[DEBUG] armors=1, targets=1
[DEBUG] armors=1, targets=1
[2026-09-05 13:37:48.498] [info] [SYNC][XUC] mode=0 yaw=-5.47 deg pitch=1.73 deg feeder_rpm=0.00 wheel0_rpm=0 wheel1_rpm=0 wheel_delta=0 projectile_speed=12.80
[DEBUG] armors=1, targets=1
[2026-09-05 13:37:48.514] [info] [PERF] 总耗时=15.9ms (检测=13.1ms, 跟踪=0.5ms), FPS=62.8
[2026-09-05 13:37:48.514] [info] 📊 [CAMERA FPS] 瞬时帧率=62.7fps, 平均帧率=64.6fps, 总帧数=2550, 运行时间=39.5s
[DEBUG] armors=1, targets=1
[DEBUG] armors=1, targets=1
[DEBUG] armors=1, targets=1
[DEBUG] armors=1, targets=1
[DEBUG] armors=1, targets=1
[DEBUG] armors=1, targets=1
[DEBUG] armors=1, targets=1
[DEBUG] armors=1, targets=1
[DEBUG] armors=1, targets=1
[DEBUG] armors=1, targets=1
[2026-09-05 13:37:48.669] [info] [DRYRUN] measured_gimbal=(2.885,-0.004,-0.056) measured_world=(2.870,0.271,-0.143) tracked_world=(2.868,0.269,-0.142) target_gimbal_deg=(-0.09,-1.10) target_world_deg=(5.39,-2.84) gimbal_deg=(5.47,1.73) armor_y_px=629.8 pixel_error_deg=(0.82,2.20) ballistic=(range=2.885m holdover=0.556m comp=10.69deg residual=-8.48deg) q_wxyz=(0.998746,0.000721,0.015090,-0.047733) cmd_deg=(5.20,-12.16) packed_pitch_deg=-12.16 control=true shoot=false
[DEBUG] armors=1, targets=1
[DEBUG] armors=1, targets=1
[DEBUG] armors=1, targets=1
[DEBUG] armors=1, targets=1
[DEBUG] armors=1, targets=1
[DEBUG] armors=1, targets=1
[DEBUG] armors=1, targets=1
[DEBUG] armors=1, targets=1
[DEBUG] armors=1, targets=1
[DEBUG] armors=1, targets=1
[DEBUG] armors=1, targets=1
[DEBUG] armors=1, targets=1
[DEBUG] armors=1, targets=1
[DEBUG] armors=1, targets=1
[DEBUG] armors=1, targets=1
[DEBUG] armors=1, targets=1
[DEBUG] armors=1, targets=1
[DEBUG] armors=1, targets=1
[DEBUG] armors=1, targets=1
[DEBUG] armors=1, targets=1
[2026-09-05 13:37:48.983] [info] [DRYRUN] measured_gimbal=(2.882,-0.005,-0.055) measured_world=(2.866,0.270,-0.142) tracked_world=(2.882,0.280,-0.144) target_gimbal_deg=(-0.09,-1.10) target_world_deg=(5.38,-2.83) gimbal_deg=(5.47,1.73) armor_y_px=629.6 pixel_error_deg=(0.82,2.20) ballistic=(range=2.882m holdover=0.555m comp=10.68deg residual=-8.48deg) q_wxyz=(0.998746,0.000721,0.015090,-0.047733) cmd_deg=(5.55,-12.29) packed_pitch_deg=-12.29 control=true shoot=false
[DEBUG] armors=1, targets=1
[DEBUG] armors=1, targets=1
[DEBUG] armors=1, targets=1
[DEBUG] armors=1, targets=1
[DEBUG] armors=1, targets=1
[DEBUG] armors=1, targets=1
[DEBUG] armors=1, targets=1
[DEBUG] armors=1, targets=1
[DEBUG] armors=1, targets=1
[DEBUG] armors=1, targets=1
[DEBUG] armors=1, targets=1
[DEBUG] armors=1, targets=1
[DEBUG] armors=1, targets=1
[DEBUG] armors=1, targets=1
[DEBUG] armors=1, targets=1
[DEBUG] armors=1, targets=1
[DEBUG] armors=1, targets=1
[DEBUG] armors=1, targets=1
[DEBUG] armors=1, targets=1
[2026-09-05 13:37:49.289] [info] [SYNC][XUC] mode=0 yaw=-5.47 deg pitch=1.73 deg feeder_rpm=0.00 wheel0_rpm=0 wheel1_rpm=0 wheel_delta=0 projectile_speed=12.80
[DEBUG] armors=1, targets=1
[2026-09-05 13:37:49.302] [info] [DRYRUN] measured_gimbal=(2.879,-0.004,-0.056) measured_world=(2.863,0.270,-0.143) tracked_world=(2.884,0.280,-0.144) target_gimbal_deg=(-0.09,-1.11) target_world_deg=(5.39,-2.84) gimbal_deg=(5.47,1.73) armor_y_px=630.1 pixel_error_deg=(0.82,2.21) ballistic=(range=2.879m holdover=0.554m comp=10.68deg residual=-8.47deg) q_wxyz=(0.998746,0.000721,0.015090,-0.047733) cmd_deg=(5.47,-12.23) packed_pitch_deg=-12.23 control=true shoot=false
[2026-09-05 13:37:49.304] [info] [PERF] 总耗时=15.5ms (检测=12.7ms, 跟踪=0.4ms), FPS=64.7
[2026-09-05 13:37:49.304] [info] 📊 [CAMERA FPS] 瞬时帧率=64.5fps, 平均帧率=64.5fps, 总帧数=2600, 运行时间=40.3s
[DEBUG] armors=1, targets=1
[DEBUG] armors=1, targets=1
[DEBUG] armors=1, targets=1
[DEBUG] armors=1, targets=1
[DEBUG] armors=1, targets=1
[DEBUG] armors=1, targets=1
[DEBUG] armors=1, targets=1
[DEBUG] armors=1, targets=1
[DEBUG] armors=1, targets=1
[DEBUG] armors=1, targets=1
[DEBUG] armors=1, targets=1
[DEBUG] armors=1, targets=1
[DEBUG] armors=1, targets=1
[DEBUG] armors=1, targets=1
[DEBUG] armors=1, targets=1
[DEBUG] armors=1, targets=1
[DEBUG] armors=1, targets=1
[DEBUG] armors=1, targets=1
[DEBUG] armors=1, targets=1
[DEBUG] armors=1, targets=1
[2026-09-05 13:37:49.614] [info] [DRYRUN] measured_gimbal=(2.847,-0.005,-0.054) measured_world=(2.831,0.266,-0.140) tracked_world=(2.861,0.267,-0.142) target_gimbal_deg=(-0.10,-1.09) target_world_deg=(5.37,-2.82) gimbal_deg=(5.47,1.73) armor_y_px=630.0 pixel_error_deg=(0.83,2.21) ballistic=(range=2.847m holdover=0.545m comp=10.63deg residual=-8.42deg) q_wxyz=(0.998746,0.000721,0.015090,-0.047733) cmd_deg=(5.20,-12.17) packed_pitch_deg=-12.17 control=true shoot=false
[DEBUG] armors=1, targets=1
[DEBUG] armors=1, targets=1
[DEBUG] armors=1, targets=1
[DEBUG] armors=1, targets=1
[DEBUG] armors=1, targets=1
[DEBUG] armors=1, targets=1
[DEBUG] armors=1, targets=1
[DEBUG] armors=1, targets=1
[DEBUG] armors=1, targets=1
[DEBUG] armors=1, targets=1
[DEBUG] armors=1, targets=1
[DEBUG] armors=1, targets=1
[DEBUG] armors=1, targets=1
[DEBUG] armors=1, targets=1
[DEBUG] armors=1, targets=1
[DEBUG] armors=1, targets=1
[DEBUG] armors=1, targets=1
[DEBUG] armors=1, targets=1
[DEBUG] armors=1, targets=1
[DEBUG] armors=1, targets=1
[2026-09-05 13:37:49.927] [info] [DRYRUN] measured_gimbal=(2.814,-0.005,-0.053) measured_world=(2.799,0.263,-0.138) tracked_world=(2.845,0.265,-0.141) target_gimbal_deg=(-0.11,-1.08) target_world_deg=(5.36,-2.81) gimbal_deg=(5.47,1.73) armor_y_px=629.9 pixel_error_deg=(0.83,2.20) ballistic=(range=2.814m holdover=0.537m comp=10.58deg residual=-8.38deg) q_wxyz=(0.998746,0.000721,0.015090,-0.047733) cmd_deg=(5.28,-12.15) packed_pitch_deg=-12.15 control=true shoot=false
[DEBUG] armors=1, targets=1
[DEBUG] armors=1, targets=1
[DEBUG] armors=1, targets=1
[DEBUG] armors=1, targets=1
[DEBUG] armors=1, targets=1
[DEBUG] armors=1, targets=1
[DEBUG] armors=1, targets=1
[DEBUG] armors=1, targets=1
[DEBUG] armors=1, targets=1
[2026-09-05 13:37:50.072] [info] [SYNC][XUC] mode=0 yaw=-5.47 deg pitch=1.73 deg feeder_rpm=0.00 wheel0_rpm=0 wheel1_rpm=0 wheel_delta=0 projectile_speed=12.80
[DEBUG] armors=1, targets=1
[2026-09-05 13:37:50.088] [info] [PERF] 总耗时=16.0ms (检测=13.1ms, 跟踪=0.5ms), FPS=62.6
[2026-09-05 13:37:50.088] [info] 📊 [CAMERA FPS] 瞬时帧率=62.4fps, 平均帧率=64.5fps, 总帧数=2650, 运行时间=41.1s
[DEBUG] armors=1, targets=1
[DEBUG] armors=1, targets=1
[DEBUG] armors=1, targets=1
[DEBUG] armors=1, targets=1
[DEBUG] armors=1, targets=1
[DEBUG] armors=1, targets=1
[DEBUG] armors=1, targets=1
[DEBUG] armors=1, targets=1
[DEBUG] armors=1, targets=1
[DEBUG] armors=1, targets=1
[2026-09-05 13:37:50.242] [info] [DRYRUN] measured_gimbal=(2.846,-0.005,-0.054) measured_world=(2.831,0.266,-0.140) tracked_world=(2.889,0.293,-0.144) target_gimbal_deg=(-0.10,-1.09) target_world_deg=(5.37,-2.82) gimbal_deg=(5.47,1.73) armor_y_px=629.9 pixel_error_deg=(0.81,2.20) ballistic=(range=2.846m holdover=0.545m comp=10.63deg residual=-8.42deg) q_wxyz=(0.998746,0.000721,0.015090,-0.047733) cmd_deg=(5.87,-12.17) packed_pitch_deg=-12.17 control=true shoot=false
[DEBUG] armors=1, targets=1
[DEBUG] armors=1, targets=1
[DEBUG] armors=1, targets=1
[DEBUG] armors=1, targets=1
[DEBUG] armors=1, targets=1
[DEBUG] armors=1, targets=1
[DEBUG] armors=1, targets=1
[DEBUG] armors=1, targets=1
[DEBUG] armors=1, targets=1
[DEBUG] armors=1, targets=1
[DEBUG] armors=1, targets=1
[2026-09-05 13:37:50.431] [debug] [Target] Bad Converge Found! recent_rate=0.400 last_nis=6.519 nees=-nan resid=(yaw=-0.015,pitch=0.001,dist=-0.150,ang=-0.799)
[DEBUG] armors=1, targets=0
[DEBUG] armors=1, targets=1
[DEBUG] armors=1, targets=1
[DEBUG] armors=1, targets=1
[DEBUG] armors=1, targets=1
[DEBUG] armors=1, targets=1
[DEBUG] armors=1, targets=1
[DEBUG] armors=1, targets=1
[DEBUG] armors=1, targets=1
[2026-09-05 13:37:50.554] [info] [DRYRUN] measured_gimbal=(2.832,-0.006,-0.053) measured_world=(2.817,0.264,-0.139) tracked_world=(2.826,0.263,-0.140) target_gimbal_deg=(-0.11,-1.08) target_world_deg=(5.36,-2.81) gimbal_deg=(5.47,1.73) armor_y_px=629.7 pixel_error_deg=(0.84,2.20) ballistic=(range=2.832m holdover=0.542m comp=10.61deg residual=-8.41deg) q_wxyz=(0.998746,0.000721,0.015090,-0.047733) cmd_deg=(5.04,-12.15) packed_pitch_deg=-12.15 control=true shoot=false
[DEBUG] armors=1, targets=1
[DEBUG] armors=1, targets=1
[DEBUG] armors=1, targets=1
[DEBUG] armors=1, targets=1
[DEBUG] armors=1, targets=1
[DEBUG] armors=1, targets=1
[DEBUG] armors=1, targets=1
[DEBUG] armors=1, targets=1
[DEBUG] armors=1, targets=1
[DEBUG] armors=1, targets=1
[DEBUG] armors=1, targets=1
[DEBUG] armors=1, targets=1
[DEBUG] armors=1, targets=1
[DEBUG] armors=1, targets=1
[DEBUG] armors=1, targets=1
[DEBUG] armors=1, targets=1
[DEBUG] armors=1, targets=1
[DEBUG] armors=1, targets=1
[DEBUG] armors=1, targets=1
[2026-09-05 13:37:50.851] [info] [SYNC][XUC] mode=0 yaw=-5.47 deg pitch=1.73 deg feeder_rpm=0.00 wheel0_rpm=0 wheel1_rpm=0 wheel_delta=0 projectile_speed=12.80
[DEBUG] armors=1, targets=1
[2026-09-05 13:37:50.865] [info] [DRYRUN] measured_gimbal=(2.861,-0.005,-0.054) measured_world=(2.845,0.268,-0.141) tracked_world=(2.845,0.274,-0.141) target_gimbal_deg=(-0.09,-1.09) target_world_deg=(5.38,-2.82) gimbal_deg=(5.47,1.73) armor_y_px=629.7 pixel_error_deg=(0.81,2.20) ballistic=(range=2.861m holdover=0.549m comp=10.65deg residual=-8.45deg) q_wxyz=(0.998746,0.000721,0.015090,-0.047733) cmd_deg=(5.85,-12.19) packed_pitch_deg=-12.19 control=true shoot=false
[2026-09-05 13:37:50.867] [info] [PERF] 总耗时=15.9ms (检测=13.1ms, 跟踪=0.5ms), FPS=63.0
[2026-09-05 13:37:50.867] [info] 📊 [CAMERA FPS] 瞬时帧率=62.9fps, 平均帧率=64.5fps, 总帧数=2700, 运行时间=41.8s
[DEBUG] armors=1, targets=1
[DEBUG] armors=1, targets=1
[DEBUG] armors=1, targets=1
[DEBUG] armors=1, targets=1
[DEBUG] armors=1, targets=1
[DEBUG] armors=1, targets=1
[DEBUG] armors=1, targets=1
[DEBUG] armors=1, targets=1
[DEBUG] armors=1, targets=1
[DEBUG] armors=1, targets=1
[DEBUG] armors=1, targets=1
[DEBUG] armors=1, targets=1
[DEBUG] armors=1, targets=1
[DEBUG] armors=1, targets=1
[DEBUG] armors=1, targets=1
[DEBUG] armors=1, targets=1
[DEBUG] armors=1, targets=1
[DEBUG] armors=1, targets=1
[DEBUG] armors=1, targets=1
[DEBUG] armors=1, targets=1
[2026-09-05 13:37:51.180] [info] [DRYRUN] measured_gimbal=(2.823,-0.006,-0.053) measured_world=(2.808,0.263,-0.138) tracked_world=(2.835,0.270,-0.140) target_gimbal_deg=(-0.12,-1.08) target_world_deg=(5.36,-2.81) gimbal_deg=(5.47,1.73) armor_y_px=629.7 pixel_error_deg=(0.84,2.20) ballistic=(range=2.823m holdover=0.539m comp=10.59deg residual=-8.39deg) q_wxyz=(0.998746,0.000721,0.015090,-0.047733) cmd_deg=(5.53,-12.16) packed_pitch_deg=-12.16 control=true shoot=false
[DEBUG] armors=1, targets=1
[DEBUG] armors=1, targets=1
[DEBUG] armors=1, targets=1
[DEBUG] armors=1, targets=1
[DEBUG] armors=1, targets=1
[DEBUG] armors=1, targets=1
[DEBUG] armors=1, targets=1
[DEBUG] armors=1, targets=1
[DEBUG] armors=1, targets=1
[DEBUG] armors=1, targets=1
[DEBUG] armors=1, targets=1
[DEBUG] armors=1, targets=1
[DEBUG] armors=1, targets=1
[DEBUG] armors=1, targets=1
[DEBUG] armors=1, targets=1
[DEBUG] armors=1, targets=1
[DEBUG] armors=1, targets=1
[DEBUG] armors=1, targets=1
[DEBUG] armors=1, targets=1
[DEBUG] armors=1, targets=1
[2026-09-05 13:37:51.492] [info] [DRYRUN] measured_gimbal=(2.841,-0.006,-0.053) measured_world=(2.825,0.265,-0.139) tracked_world=(2.938,0.302,-0.146) target_gimbal_deg=(-0.12,-1.08) target_world_deg=(5.36,-2.81) gimbal_deg=(5.47,1.73) armor_y_px=629.4 pixel_error_deg=(0.84,2.19) ballistic=(range=2.841m holdover=0.544m comp=10.62deg residual=-8.43deg) q_wxyz=(0.998746,0.000721,0.015090,-0.047733) cmd_deg=(5.36,-12.18) packed_pitch_deg=-12.18 control=true shoot=false
[DEBUG] armors=1, targets=1
[DEBUG] armors=1, targets=1
[DEBUG] armors=1, targets=1
[DEBUG] armors=1, targets=1
[DEBUG] armors=1, targets=1
[DEBUG] armors=1, targets=1
[DEBUG] armors=1, targets=1
[DEBUG] armors=1, targets=1
[DEBUG] armors=1, targets=1
[2026-09-05 13:37:51.635] [info] [SYNC][XUC] mode=0 yaw=-5.47 deg pitch=1.73 deg feeder_rpm=0.00 wheel0_rpm=0 wheel1_rpm=0 wheel_delta=0 projectile_speed=12.80
[DEBUG] armors=1, targets=1
[2026-09-05 13:37:51.651] [info] [PERF] 总耗时=15.3ms (检测=12.4ms, 跟踪=0.5ms), FPS=65.5
[2026-09-05 13:37:51.651] [info] 📊 [CAMERA FPS] 瞬时帧率=65.3fps, 平均帧率=64.5fps, 总帧数=2750, 运行时间=42.6s
[DEBUG] armors=1, targets=1
[DEBUG] armors=1, targets=1
[DEBUG] armors=1, targets=1
[DEBUG] armors=1, targets=1
[DEBUG] armors=1, targets=1
[DEBUG] armors=1, targets=1
[DEBUG] armors=1, targets=1
[DEBUG] armors=1, targets=1
[DEBUG] armors=1, targets=1
[DEBUG] armors=1, targets=1
[2026-09-05 13:37:51.804] [info] [DRYRUN] measured_gimbal=(2.852,-0.005,-0.054) measured_world=(2.837,0.267,-0.140) tracked_world=(2.898,0.276,-0.144) target_gimbal_deg=(-0.09,-1.08) target_world_deg=(5.38,-2.81) gimbal_deg=(5.47,1.73) armor_y_px=629.5 pixel_error_deg=(0.80,2.19) ballistic=(range=2.852m holdover=0.547m comp=10.64deg residual=-8.44deg) q_wxyz=(0.998746,0.000721,0.015090,-0.047733) cmd_deg=(5.34,-12.26) packed_pitch_deg=-12.26 control=true shoot=false
[DEBUG] armors=1, targets=1
[DEBUG] armors=1, targets=1
[DEBUG] armors=1, targets=1
[DEBUG] armors=1, targets=1
[DEBUG] armors=1, targets=1
[DEBUG] armors=1, targets=1
[DEBUG] armors=1, targets=1
[DEBUG] armors=1, targets=1
[DEBUG] armors=1, targets=1
[DEBUG] armors=1, targets=1
[DEBUG] armors=1, targets=1
[DEBUG] armors=1, targets=1
[DEBUG] armors=1, targets=1
[DEBUG] armors=1, targets=1
[DEBUG] armors=1, targets=1
[DEBUG] armors=1, targets=1
[DEBUG] armors=1, targets=1
[DEBUG] armors=1, targets=1
[DEBUG] armors=1, targets=1
[DEBUG] armors=1, targets=1
[2026-09-05 13:37:52.114] [info] [DRYRUN] measured_gimbal=(2.864,-0.005,-0.054) measured_world=(2.848,0.268,-0.141) tracked_world=(2.873,0.268,-0.142) target_gimbal_deg=(-0.09,-1.08) target_world_deg=(5.38,-2.81) gimbal_deg=(5.47,1.73) armor_y_px=629.3 pixel_error_deg=(0.81,2.19) ballistic=(range=2.864m holdover=0.550m comp=10.65deg residual=-8.46deg) q_wxyz=(0.998746,0.000721,0.015090,-0.047733) cmd_deg=(5.27,-12.22) packed_pitch_deg=-12.22 control=true shoot=false
[DEBUG] armors=1, targets=1
[DEBUG] armors=1, targets=1
[2026-09-05 13:37:52.161] [debug] [Target] Bad Converge Found! recent_rate=0.400 last_nis=7.204 nees=-nan resid=(yaw=0.001,pitch=-0.000,dist=0.028,ang=0.850)
[DEBUG] armors=1, targets=0
[DEBUG] armors=1, targets=1
[DEBUG] armors=1, targets=1
[DEBUG] armors=1, targets=1
[DEBUG] armors=1, targets=1
[DEBUG] armors=1, targets=1
[DEBUG] armors=1, targets=1
[DEBUG] armors=1, targets=1
[DEBUG] armors=1, targets=1
[DEBUG] armors=1, targets=1
[DEBUG] armors=1, targets=1
[DEBUG] armors=1, targets=1
[DEBUG] armors=1, targets=1
[DEBUG] armors=1, targets=1
[DEBUG] armors=1, targets=1
[DEBUG] armors=1, targets=1
[DEBUG] armors=1, targets=1
[2026-09-05 13:37:52.413] [info] [SYNC][XUC] mode=0 yaw=-5.47 deg pitch=1.73 deg feeder_rpm=0.00 wheel0_rpm=0 wheel1_rpm=0 wheel_delta=0 projectile_speed=12.80
[DEBUG] armors=1, targets=1
[2026-09-05 13:37:52.426] [info] [DRYRUN] measured_gimbal=(2.880,-0.005,-0.055) measured_world=(2.865,0.270,-0.142) tracked_world=(3.293,0.038,-0.142) target_gimbal_deg=(-0.09,-1.09) target_world_deg=(5.38,-2.82) gimbal_deg=(5.47,1.73) armor_y_px=629.2 pixel_error_deg=(0.83,2.19) ballistic=(range=2.880m holdover=0.554m comp=10.68deg residual=-8.49deg) q_wxyz=(0.998746,0.000721,0.015090,-0.047733) cmd_deg=(5.38,-12.25) packed_pitch_deg=-12.25 control=true shoot=false
[2026-09-05 13:37:52.428] [info] [PERF] 总耗时=15.3ms (检测=12.4ms, 跟踪=0.5ms), FPS=65.2
[2026-09-05 13:37:52.428] [info] 📊 [CAMERA FPS] 瞬时帧率=65.1fps, 平均帧率=64.5fps, 总帧数=2800, 运行时间=43.4s
[DEBUG] armors=1, targets=1
[DEBUG] armors=1, targets=1
[DEBUG] armors=1, targets=1
[DEBUG] armors=1, targets=1
[DEBUG] armors=1, targets=1
[DEBUG] armors=1, targets=1
[DEBUG] armors=1, targets=1
[DEBUG] armors=1, targets=1
[DEBUG] armors=1, targets=1
[DEBUG] armors=1, targets=1
[DEBUG] armors=1, targets=1
[DEBUG] armors=1, targets=1
[DEBUG] armors=1, targets=1
[DEBUG] armors=1, targets=1
[DEBUG] armors=1, targets=1
[DEBUG] armors=1, targets=1
[DEBUG] armors=1, targets=1
[DEBUG] armors=1, targets=1
[DEBUG] armors=1, targets=1
[DEBUG] armors=1, targets=1
[2026-09-05 13:37:52.742] [info] [DRYRUN] measured_gimbal=(2.861,-0.005,-0.054) measured_world=(2.845,0.268,-0.140) tracked_world=(3.183,-0.031,-0.141) target_gimbal_deg=(-0.09,-1.08) target_world_deg=(5.38,-2.81) gimbal_deg=(5.47,1.73) armor_y_px=629.4 pixel_error_deg=(0.81,2.19) ballistic=(range=2.861m holdover=0.549m comp=10.65deg residual=-8.46deg) q_wxyz=(0.998746,0.000721,0.015090,-0.047733) cmd_deg=(5.38,-12.23) packed_pitch_deg=-12.23 control=true shoot=false
[DEBUG] armors=1, targets=1
[DEBUG] armors=1, targets=1
[DEBUG] armors=1, targets=1
[DEBUG] armors=1, targets=1
[DEBUG] armors=1, targets=1
[DEBUG] armors=1, targets=1
[DEBUG] armors=1, targets=1
[DEBUG] armors=1, targets=1
[DEBUG] armors=1, targets=1
[DEBUG] armors=1, targets=1
[DEBUG] armors=1, targets=1
[DEBUG] armors=1, targets=1
[DEBUG] armors=1, targets=1
[DEBUG] armors=1, targets=1
[DEBUG] armors=1, targets=1
[DEBUG] armors=1, targets=1
[DEBUG] armors=1, targets=1
[DEBUG] armors=1, targets=1
[DEBUG] armors=1, targets=1
[DEBUG] armors=1, targets=1
[2026-09-05 13:37:53.049] [info] [DRYRUN] measured_gimbal=(2.911,-0.005,-0.056) measured_world=(2.895,0.272,-0.144) tracked_world=(3.233,-0.044,-0.152) target_gimbal_deg=(-0.10,-1.11) target_world_deg=(5.37,-2.84) gimbal_deg=(5.47,1.73) armor_y_px=629.6 pixel_error_deg=(0.82,2.20) ballistic=(range=2.911m holdover=0.563m comp=10.72deg residual=-8.53deg) q_wxyz=(0.998746,0.000721,0.015090,-0.047733) cmd_deg=(0.76,-12.23) packed_pitch_deg=-12.23 control=true shoot=false
[DEBUG] armors=1, targets=1
[DEBUG] armors=1, targets=1
[DEBUG] armors=1, targets=1
[2026-09-05 13:37:53.111] [debug] [Target] Bad Converge Found! recent_rate=0.656 last_nis=4.005 nees=-nan resid=(yaw=-0.031,pitch=-0.001,dist=-0.237,ang=0.621)
[DEBUG] armors=1, targets=0
[DEBUG] armors=1, targets=1
[DEBUG] armors=1, targets=1
[DEBUG] armors=1, targets=1
[DEBUG] armors=1, targets=1
[DEBUG] armors=1, targets=1
[2026-09-05 13:37:53.193] [info] [SYNC][XUC] mode=0 yaw=-5.47 deg pitch=1.73 deg feeder_rpm=0.00 wheel0_rpm=0 wheel1_rpm=0 wheel_delta=0 projectile_speed=12.80
[DEBUG] armors=1, targets=1
[2026-09-05 13:37:53.208] [info] [PERF] 总耗时=15.3ms (检测=12.6ms, 跟踪=0.4ms), FPS=65.2
[2026-09-05 13:37:53.208] [info] 📊 [CAMERA FPS] 瞬时帧率=65.1fps, 平均帧率=64.5fps, 总帧数=2850, 运行时间=44.2s
[DEBUG] armors=1, targets=1
[DEBUG] armors=1, targets=1
[DEBUG] armors=1, targets=1
[DEBUG] armors=1, targets=1
[DEBUG] armors=1, targets=1
[DEBUG] armors=1, targets=1
[DEBUG] armors=1, targets=1
[DEBUG] armors=1, targets=1
[DEBUG] armors=1, targets=1
[DEBUG] armors=1, targets=1
[2026-09-05 13:37:53.362] [info] [DRYRUN] measured_gimbal=(2.829,-0.005,-0.054) measured_world=(2.814,0.264,-0.139) tracked_world=(2.882,0.264,-0.142) target_gimbal_deg=(-0.10,-1.08) target_world_deg=(5.37,-2.82) gimbal_deg=(5.47,1.73) armor_y_px=629.9 pixel_error_deg=(0.83,2.21) ballistic=(range=2.829m holdover=0.541m comp=10.60deg residual=-8.40deg) q_wxyz=(0.998746,0.000721,0.015090,-0.047733) cmd_deg=(3.87,-12.21) packed_pitch_deg=-12.21 control=true shoot=false
[DEBUG] armors=1, targets=1
[DEBUG] armors=1, targets=1
[DEBUG] armors=1, targets=1
[DEBUG] armors=1, targets=1
[DEBUG] armors=1, targets=1
[DEBUG] armors=1, targets=1
[DEBUG] armors=1, targets=1
[DEBUG] armors=1, targets=1
[DEBUG] armors=1, targets=1
[DEBUG] armors=1, targets=1
[DEBUG] armors=1, targets=1
[DEBUG] armors=1, targets=1
[DEBUG] armors=1, targets=1
[DEBUG] armors=1, targets=1
[DEBUG] armors=1, targets=1
[DEBUG] armors=1, targets=1
[DEBUG] armors=1, targets=1
[DEBUG] armors=1, targets=1
[DEBUG] armors=1, targets=1
[DEBUG] armors=1, targets=1
[2026-09-05 13:37:53.673] [info] [DRYRUN] measured_gimbal=(2.853,-0.005,-0.054) measured_world=(2.837,0.267,-0.140) tracked_world=(2.846,0.232,-0.142) target_gimbal_deg=(-0.10,-1.08) target_world_deg=(5.37,-2.82) gimbal_deg=(5.47,1.73) armor_y_px=629.6 pixel_error_deg=(0.81,2.20) ballistic=(range=2.853m holdover=0.547m comp=10.64deg residual=-8.44deg) q_wxyz=(0.998746,0.000721,0.015090,-0.047733) cmd_deg=(4.00,-12.19) packed_pitch_deg=-12.19 control=true shoot=false
[DEBUG] armors=1, targets=1
[DEBUG] armors=1, targets=1
[DEBUG] armors=1, targets=1
[DEBUG] armors=1, targets=1
[DEBUG] armors=1, targets=1
[DEBUG] armors=1, targets=1
[DEBUG] armors=1, targets=1
[DEBUG] armors=1, targets=1
[DEBUG] armors=1, targets=1
[DEBUG] armors=1, targets=1
[DEBUG] armors=1, targets=1
[DEBUG] armors=1, targets=1
[DEBUG] armors=1, targets=1
[DEBUG] armors=1, targets=1
[DEBUG] armors=1, targets=1
[DEBUG] armors=1, targets=1
[DEBUG] armors=1, targets=1
[DEBUG] armors=1, targets=1
[DEBUG] armors=1, targets=1
[2026-09-05 13:37:53.969] [info] [SYNC][XUC] mode=0 yaw=-5.47 deg pitch=1.73 deg feeder_rpm=0.00 wheel0_rpm=0 wheel1_rpm=0 wheel_delta=0 projectile_speed=12.80
[DEBUG] armors=1, targets=1
[2026-09-05 13:37:53.982] [info] [DRYRUN] measured_gimbal=(2.881,-0.004,-0.055) measured_world=(2.865,0.270,-0.142) tracked_world=(2.816,0.260,-0.139) target_gimbal_deg=(-0.09,-1.09) target_world_deg=(5.38,-2.82) gimbal_deg=(5.47,1.73) armor_y_px=629.4 pixel_error_deg=(0.82,2.19) ballistic=(range=2.881m holdover=0.555m comp=10.68deg residual=-8.49deg) q_wxyz=(0.998746,0.000721,0.015090,-0.047733) cmd_deg=(5.29,-12.23) packed_pitch_deg=-12.23 control=true shoot=false
[2026-09-05 13:37:53.984] [info] [PERF] 总耗时=15.3ms (检测=12.4ms, 跟踪=0.5ms), FPS=65.5
[2026-09-05 13:37:53.984] [info] 📊 [CAMERA FPS] 瞬时帧率=65.4fps, 平均帧率=64.5fps, 总帧数=2900, 运行时间=45.0s
[DEBUG] armors=1, targets=1
[DEBUG] armors=1, targets=1
[DEBUG] armors=1, targets=1
[DEBUG] armors=1, targets=1
[DEBUG] armors=1, targets=1
[DEBUG] armors=1, targets=1
[DEBUG] armors=1, targets=1
[DEBUG] armors=1, targets=1
[DEBUG] armors=1, targets=1
[DEBUG] armors=1, targets=1
[DEBUG] armors=1, targets=1
[DEBUG] armors=1, targets=1
[DEBUG] armors=1, targets=1
[DEBUG] armors=1, targets=1
[DEBUG] armors=1, targets=1
[DEBUG] armors=1, targets=1
[DEBUG] armors=1, targets=1
[DEBUG] armors=1, targets=1
[DEBUG] armors=1, targets=1
[DEBUG] armors=1, targets=1
[2026-09-05 13:37:54.294] [info] [DRYRUN] measured_gimbal=(2.818,-0.005,-0.053) measured_world=(2.803,0.263,-0.138) tracked_world=(2.816,0.266,-0.139) target_gimbal_deg=(-0.11,-1.07) target_world_deg=(5.36,-2.80) gimbal_deg=(5.47,1.73) armor_y_px=629.7 pixel_error_deg=(0.83,2.20) ballistic=(range=2.818m holdover=0.538m comp=10.59deg residual=-8.39deg) q_wxyz=(0.998746,0.000721,0.015090,-0.047733) cmd_deg=(5.45,-12.16) packed_pitch_deg=-12.16 control=true shoot=false
[DEBUG] armors=1, targets=1
[DEBUG] armors=1, targets=1
[DEBUG] armors=1, targets=1
[DEBUG] armors=1, targets=1
[DEBUG] armors=1, targets=1
[DEBUG] armors=1, targets=1
[DEBUG] armors=1, targets=1
[DEBUG] armors=1, targets=1
[DEBUG] armors=1, targets=1
[DEBUG] armors=1, targets=1
[DEBUG] armors=1, targets=1
[DEBUG] armors=1, targets=1
[DEBUG] armors=1, targets=1
[DEBUG] armors=1, targets=1
[DEBUG] armors=1, targets=1
[DEBUG] armors=1, targets=1
[DEBUG] armors=1, targets=1
[DEBUG] armors=1, targets=1
[DEBUG] armors=1, targets=1
[DEBUG] armors=1, targets=1
[2026-09-05 13:37:54.604] [info] [DRYRUN] measured_gimbal=(2.868,-0.005,-0.055) measured_world=(2.853,0.269,-0.142) tracked_world=(2.853,0.276,-0.142) target_gimbal_deg=(-0.09,-1.10) target_world_deg=(5.38,-2.83) gimbal_deg=(5.47,1.73) armor_y_px=629.8 pixel_error_deg=(0.81,2.20) ballistic=(range=2.868m holdover=0.551m comp=10.66deg residual=-8.46deg) q_wxyz=(0.998746,0.000721,0.015090,-0.047733) cmd_deg=(5.51,-12.21) packed_pitch_deg=-12.21 control=true shoot=false
[DEBUG] armors=1, targets=1
[DEBUG] armors=1, targets=1
[DEBUG] armors=1, targets=1
[DEBUG] armors=1, targets=1
[DEBUG] armors=1, targets=1
[DEBUG] armors=1, targets=1
[DEBUG] armors=1, targets=1
[DEBUG] armors=1, targets=1
[DEBUG] armors=1, targets=1
[2026-09-05 13:37:54.749] [info] [SYNC][XUC] mode=0 yaw=-5.47 deg pitch=1.73 deg feeder_rpm=0.00 wheel0_rpm=0 wheel1_rpm=0 wheel_delta=0 projectile_speed=12.80
[DEBUG] armors=1, targets=1
[2026-09-05 13:37:54.764] [info] [PERF] 总耗时=15.5ms (检测=12.8ms, 跟踪=0.5ms), FPS=64.5
[2026-09-05 13:37:54.764] [info] 📊 [CAMERA FPS] 瞬时帧率=64.3fps, 平均帧率=64.5fps, 总帧数=2950, 运行时间=45.7s
[DEBUG] armors=1, targets=1
[DEBUG] armors=1, targets=1
[DEBUG] armors=1, targets=1
[DEBUG] armors=1, targets=1
[DEBUG] armors=1, targets=1
[DEBUG] armors=1, targets=1
[DEBUG] armors=1, targets=1
[DEBUG] armors=1, targets=1
[DEBUG] armors=1, targets=1
[DEBUG] armors=1, targets=1
[2026-09-05 13:37:54.917] [info] [DRYRUN] measured_gimbal=(2.816,-0.005,-0.053) measured_world=(2.801,0.263,-0.138) tracked_world=(2.841,0.266,-0.141) target_gimbal_deg=(-0.11,-1.07) target_world_deg=(5.36,-2.81) gimbal_deg=(5.47,1.73) armor_y_px=629.8 pixel_error_deg=(0.83,2.20) ballistic=(range=2.816m holdover=0.537m comp=10.58deg residual=-8.38deg) q_wxyz=(0.998746,0.000721,0.015090,-0.047733) cmd_deg=(5.28,-12.14) packed_pitch_deg=-12.14 control=true shoot=false
[DEBUG] armors=1, targets=1
[DEBUG] armors=1, targets=1
[DEBUG] armors=1, targets=1
[DEBUG] armors=1, targets=1
[DEBUG] armors=1, targets=1
[DEBUG] armors=1, targets=1
[DEBUG] armors=1, targets=1
[DEBUG] armors=1, targets=1
[DEBUG] armors=1, targets=1
[DEBUG] armors=1, targets=1
[DEBUG] armors=1, targets=1
[DEBUG] armors=1, targets=1
[DEBUG] armors=1, targets=1
[DEBUG] armors=1, targets=1
[DEBUG] armors=1, targets=1
[DEBUG] armors=1, targets=1
[DEBUG] armors=1, targets=1
[DEBUG] armors=1, targets=1
[DEBUG] armors=1, targets=1
[DEBUG] armors=1, targets=1
[2026-09-05 13:37:55.226] [info] [DRYRUN] measured_gimbal=(2.835,-0.005,-0.053) measured_world=(2.820,0.265,-0.139) tracked_world=(2.838,0.265,-0.141) target_gimbal_deg=(-0.10,-1.08) target_world_deg=(5.37,-2.81) gimbal_deg=(5.47,1.73) armor_y_px=629.8 pixel_error_deg=(0.80,2.20) ballistic=(range=2.835m holdover=0.542m comp=10.61deg residual=-8.41deg) q_wxyz=(0.998746,0.000721,0.015090,-0.047733) cmd_deg=(5.31,-12.16) packed_pitch_deg=-12.16 control=true shoot=false
[DEBUG] armors=1, targets=1
[DEBUG] armors=1, targets=1
[DEBUG] armors=1, targets=1
[DEBUG] armors=1, targets=1
[DEBUG] armors=1, targets=1
[DEBUG] armors=1, targets=1
[DEBUG] armors=1, targets=1
[DEBUG] armors=1, targets=1
[DEBUG] armors=1, targets=1
[DEBUG] armors=1, targets=1
[DEBUG] armors=1, targets=1
[DEBUG] armors=1, targets=1
[DEBUG] armors=1, targets=1
[DEBUG] armors=1, targets=1
[DEBUG] armors=1, targets=1
[DEBUG] armors=1, targets=1
[DEBUG] armors=1, targets=1
[DEBUG] armors=1, targets=1
[DEBUG] armors=1, targets=1
[2026-09-05 13:37:55.526] [info] [SYNC][XUC] mode=0 yaw=-5.47 deg pitch=1.73 deg feeder_rpm=0.00 wheel0_rpm=0 wheel1_rpm=0 wheel_delta=0 projectile_speed=12.80
[DEBUG] armors=1, targets=1
[2026-09-05 13:37:55.539] [info] [DRYRUN] measured_gimbal=(2.836,-0.006,-0.054) measured_world=(2.821,0.265,-0.139) tracked_world=(2.842,0.267,-0.141) target_gimbal_deg=(-0.11,-1.08) target_world_deg=(5.36,-2.81) gimbal_deg=(5.47,1.73) armor_y_px=629.7 pixel_error_deg=(0.84,2.20) ballistic=(range=2.836m holdover=0.543m comp=10.61deg residual=-8.41deg) q_wxyz=(0.998746,0.000721,0.015090,-0.047733) cmd_deg=(5.37,-12.20) packed_pitch_deg=-12.20 control=true shoot=false
[2026-09-05 13:37:55.542] [info] [PERF] 总耗时=16.1ms (检测=13.2ms, 跟踪=0.5ms), FPS=62.0
[2026-09-05 13:37:55.542] [info] 📊 [CAMERA FPS] 瞬时帧率=61.8fps, 平均帧率=64.5fps, 总帧数=3000, 运行时间=46.5s
[DEBUG] armors=1, targets=1
[DEBUG] armors=1, targets=1
[DEBUG] armors=1, targets=1
[DEBUG] armors=1, targets=1
[DEBUG] armors=1, targets=1
[DEBUG] armors=1, targets=1
[DEBUG] armors=1, targets=1
[DEBUG] armors=1, targets=1
[DEBUG] armors=1, targets=1
[DEBUG] armors=1, targets=1
[DEBUG] armors=1, targets=1
[DEBUG] armors=1, targets=1
[DEBUG] armors=1, targets=1
[DEBUG] armors=1, targets=1
[DEBUG] armors=1, targets=1
[DEBUG] armors=1, targets=1
[DEBUG] armors=1, targets=1
[DEBUG] armors=1, targets=1
[DEBUG] armors=1, targets=1
[DEBUG] armors=1, targets=1
[2026-09-05 13:37:55.850] [info] [DRYRUN] measured_gimbal=(2.844,-0.005,-0.054) measured_world=(2.829,0.266,-0.140) tracked_world=(2.839,0.267,-0.141) target_gimbal_deg=(-0.10,-1.09) target_world_deg=(5.37,-2.82) gimbal_deg=(5.47,1.73) armor_y_px=629.9 pixel_error_deg=(0.83,2.20) ballistic=(range=2.844m holdover=0.545m comp=10.62deg residual=-8.42deg) q_wxyz=(0.998746,0.000721,0.015090,-0.047733) cmd_deg=(5.38,-12.16) packed_pitch_deg=-12.16 control=true shoot=false
[DEBUG] armors=1, targets=1
[DEBUG] armors=1, targets=1
[DEBUG] armors=1, targets=1
[DEBUG] armors=1, targets=1
[DEBUG] armors=1, targets=1
[DEBUG] armors=1, targets=1
[DEBUG] armors=1, targets=1
[DEBUG] armors=1, targets=1
[DEBUG] armors=1, targets=1
[DEBUG] armors=1, targets=1
[DEBUG] armors=1, targets=1
[DEBUG] armors=1, targets=1
[DEBUG] armors=1, targets=1
[DEBUG] armors=1, targets=1
[DEBUG] armors=1, targets=1
[DEBUG] armors=1, targets=1
[DEBUG] armors=1, targets=1
[DEBUG] armors=1, targets=1
[DEBUG] armors=1, targets=1
[DEBUG] armors=1, targets=1
[2026-09-05 13:37:56.161] [info] [DRYRUN] measured_gimbal=(2.843,-0.005,-0.054) measured_world=(2.828,0.266,-0.140) tracked_world=(2.871,0.281,-0.143) target_gimbal_deg=(-0.10,-1.09) target_world_deg=(5.37,-2.82) gimbal_deg=(5.47,1.73) armor_y_px=629.8 pixel_error_deg=(0.83,2.20) ballistic=(range=2.843m holdover=0.544m comp=10.62deg residual=-8.42deg) q_wxyz=(0.998746,0.000721,0.015090,-0.047733) cmd_deg=(5.65,-12.19) packed_pitch_deg=-12.19 control=true shoot=false
[DEBUG] armors=1, targets=1
[DEBUG] armors=1, targets=1
[DEBUG] armors=1, targets=1
[DEBUG] armors=1, targets=1
[DEBUG] armors=1, targets=1
[DEBUG] armors=1, targets=1
[DEBUG] armors=1, targets=1
[DEBUG] armors=1, targets=1
[DEBUG] armors=1, targets=1
[2026-09-05 13:37:56.306] [info] [SYNC][XUC] mode=0 yaw=-5.47 deg pitch=1.73 deg feeder_rpm=0.00 wheel0_rpm=0 wheel1_rpm=0 wheel_delta=0 projectile_speed=12.80
[DEBUG] armors=1, targets=1
[2026-09-05 13:37:56.321] [info] [PERF] 总耗时=15.6ms (检测=12.7ms, 跟踪=0.5ms), FPS=64.2
[2026-09-05 13:37:56.321] [info] 📊 [CAMERA FPS] 瞬时帧率=64.0fps, 平均帧率=64.5fps, 总帧数=3050, 运行时间=47.3s
[DEBUG] armors=1, targets=1
[DEBUG] armors=1, targets=1
[DEBUG] armors=1, targets=1
[DEBUG] armors=1, targets=1
[DEBUG] armors=1, targets=1
[DEBUG] armors=1, targets=1
[DEBUG] armors=1, targets=1
[DEBUG] armors=1, targets=1
[DEBUG] armors=1, targets=1
[DEBUG] armors=1, targets=1
[2026-09-05 13:37:56.474] [info] [DRYRUN] measured_gimbal=(2.835,-0.005,-0.053) measured_world=(2.819,0.265,-0.139) tracked_world=(2.864,0.270,-0.142) target_gimbal_deg=(-0.10,-1.08) target_world_deg=(5.37,-2.81) gimbal_deg=(5.47,1.73) armor_y_px=629.7 pixel_error_deg=(0.83,2.20) ballistic=(range=2.835m holdover=0.542m comp=10.61deg residual=-8.41deg) q_wxyz=(0.998746,0.000721,0.015090,-0.047733) cmd_deg=(5.30,-12.20) packed_pitch_deg=-12.20 control=true shoot=false
[DEBUG] armors=1, targets=1
[DEBUG] armors=1, targets=1
[DEBUG] armors=1, targets=1
[2026-09-05 13:37:56.534] [debug] [Target] Bad Converge Found! recent_rate=0.400 last_nis=8.437 nees=-nan resid=(yaw=0.000,pitch=-0.000,dist=0.030,ang=0.914)
[DEBUG] armors=1, targets=0
[DEBUG] armors=1, targets=1
[DEBUG] armors=1, targets=1
[DEBUG] armors=1, targets=1
[DEBUG] armors=1, targets=1
[DEBUG] armors=1, targets=1
[DEBUG] armors=1, targets=1
[DEBUG] armors=1, targets=1
[DEBUG] armors=1, targets=1
[DEBUG] armors=1, targets=1
[DEBUG] armors=1, targets=1
[DEBUG] armors=1, targets=1
[DEBUG] armors=1, targets=1
[DEBUG] armors=1, targets=1
[DEBUG] armors=1, targets=1
[DEBUG] armors=1, targets=1
[DEBUG] armors=1, targets=1
[2026-09-05 13:37:56.783] [info] [DRYRUN] measured_gimbal=(2.883,-0.004,-0.055) measured_world=(2.867,0.270,-0.142) tracked_world=(3.410,0.099,-0.147) target_gimbal_deg=(-0.09,-1.10) target_world_deg=(5.39,-2.83) gimbal_deg=(5.47,1.73) armor_y_px=629.5 pixel_error_deg=(0.82,2.20) ballistic=(range=2.883m holdover=0.555m comp=10.68deg residual=-8.49deg) q_wxyz=(0.998746,0.000721,0.015090,-0.047733) cmd_deg=(10.24,-12.21) packed_pitch_deg=-12.21 control=true shoot=false
[DEBUG] armors=1, targets=1
[DEBUG] armors=1, targets=1
[DEBUG] armors=1, targets=1
[DEBUG] armors=1, targets=1
[DEBUG] armors=1, targets=1
[DEBUG] armors=1, targets=1
[DEBUG] armors=1, targets=1
[DEBUG] armors=1, targets=1
[DEBUG] armors=1, targets=1
[DEBUG] armors=1, targets=1
[DEBUG] armors=1, targets=1
[DEBUG] armors=1, targets=1
[DEBUG] armors=1, targets=1
[DEBUG] armors=1, targets=1
[DEBUG] armors=1, targets=1
[DEBUG] armors=1, targets=1
[DEBUG] armors=1, targets=1
[DEBUG] armors=1, targets=1
[DEBUG] armors=1, targets=1
[2026-09-05 13:37:57.082] [info] [SYNC][XUC] mode=0 yaw=-5.47 deg pitch=1.73 deg feeder_rpm=0.00 wheel0_rpm=0 wheel1_rpm=0 wheel_delta=0 projectile_speed=12.80
[DEBUG] armors=1, targets=1
[2026-09-05 13:37:57.095] [info] [DRYRUN] measured_gimbal=(2.895,-0.005,-0.056) measured_world=(2.879,0.271,-0.143) tracked_world=(3.225,-0.045,-0.148) target_gimbal_deg=(-0.09,-1.10) target_world_deg=(5.38,-2.84) gimbal_deg=(5.47,1.73) armor_y_px=629.7 pixel_error_deg=(0.82,2.20) ballistic=(range=2.895m holdover=0.558m comp=10.70deg residual=-8.50deg) q_wxyz=(0.998746,0.000721,0.015090,-0.047733) cmd_deg=(5.38,-12.23) packed_pitch_deg=-12.23 control=true shoot=false
[2026-09-05 13:37:57.097] [info] [PERF] 总耗时=15.1ms (检测=12.2ms, 跟踪=0.5ms), FPS=66.3
[2026-09-05 13:37:57.097] [info] 📊 [CAMERA FPS] 瞬时帧率=66.2fps, 平均帧率=64.5fps, 总帧数=3100, 运行时间=48.1s
[DEBUG] armors=1, targets=1
[DEBUG] armors=1, targets=1
[DEBUG] armors=1, targets=1
[DEBUG] armors=1, targets=1
[DEBUG] armors=1, targets=1
[DEBUG] armors=1, targets=1
[DEBUG] armors=1, targets=1
[DEBUG] armors=1, targets=1
[DEBUG] armors=1, targets=1
[DEBUG] armors=1, targets=1
[DEBUG] armors=1, targets=1
[DEBUG] armors=1, targets=1
[DEBUG] armors=1, targets=1
[DEBUG] armors=1, targets=1
[DEBUG] armors=1, targets=1
[DEBUG] armors=1, targets=1
[DEBUG] armors=1, targets=1
[DEBUG] armors=1, targets=1
[2026-09-05 13:37:57.391] [debug] [Target] Bad Converge Found! recent_rate=0.727 last_nis=4.824 nees=-nan resid=(yaw=-0.028,pitch=-0.000,dist=-0.263,ang=0.689)
[DEBUG] armors=1, targets=0
[DEBUG] armors=1, targets=1
[2026-09-05 13:37:57.406] [info] [DRYRUN] measured_gimbal=(2.835,-0.005,-0.053) measured_world=(2.819,0.265,-0.139) tracked_world=(2.819,0.265,-0.139) target_gimbal_deg=(-0.10,-1.08) target_world_deg=(5.37,-2.81) gimbal_deg=(5.47,1.73) armor_y_px=629.8 pixel_error_deg=(0.80,2.20) ballistic=(range=2.835m holdover=0.542m comp=10.61deg residual=-8.41deg) q_wxyz=(0.998746,0.000721,0.015090,-0.047733) cmd_deg=(5.38,-12.19) packed_pitch_deg=-12.19 control=true shoot=false
[DEBUG] armors=1, targets=1
[DEBUG] armors=1, targets=1
[DEBUG] armors=1, targets=1
[DEBUG] armors=1, targets=1
[DEBUG] armors=1, targets=1
[DEBUG] armors=1, targets=1
[DEBUG] armors=1, targets=1
[DEBUG] armors=1, targets=1
[DEBUG] armors=1, targets=1
[DEBUG] armors=1, targets=1
[DEBUG] armors=1, targets=1
[DEBUG] armors=1, targets=1
[DEBUG] armors=1, targets=1
[DEBUG] armors=1, targets=1
[DEBUG] armors=1, targets=1
[DEBUG] armors=1, targets=1
[DEBUG] armors=1, targets=1
[DEBUG] armors=1, targets=1
[DEBUG] armors=1, targets=1
[DEBUG] armors=1, targets=1
[2026-09-05 13:37:57.720] [info] [DRYRUN] measured_gimbal=(2.851,-0.005,-0.054) measured_world=(2.836,0.267,-0.141) tracked_world=(2.891,0.280,-0.143) target_gimbal_deg=(-0.10,-1.09) target_world_deg=(5.37,-2.83) gimbal_deg=(5.47,1.73) armor_y_px=629.9 pixel_error_deg=(0.83,2.20) ballistic=(range=2.851m holdover=0.547m comp=10.64deg residual=-8.43deg) q_wxyz=(0.998746,0.000721,0.015090,-0.047733) cmd_deg=(5.35,-12.20) packed_pitch_deg=-12.20 control=true shoot=false
[DEBUG] armors=1, targets=1
[DEBUG] armors=1, targets=1
[DEBUG] armors=1, targets=1
[DEBUG] armors=1, targets=1
[DEBUG] armors=1, targets=1
[DEBUG] armors=1, targets=1
[DEBUG] armors=1, targets=1
[DEBUG] armors=1, targets=1
[DEBUG] armors=1, targets=1
[2026-09-05 13:37:57.862] [info] [SYNC][XUC] mode=0 yaw=-5.47 deg pitch=1.73 deg feeder_rpm=0.00 wheel0_rpm=0 wheel1_rpm=0 wheel_delta=0 projectile_speed=12.80
[DEBUG] armors=1, targets=1
[2026-09-05 13:37:57.877] [info] [PERF] 总耗时=15.4ms (检测=12.6ms, 跟踪=0.5ms), FPS=65.1
[2026-09-05 13:37:57.877] [info] 📊 [CAMERA FPS] 瞬时帧率=64.9fps, 平均帧率=64.5fps, 总帧数=3150, 运行时间=48.9s
[DEBUG] armors=1, targets=1
[DEBUG] armors=1, targets=1
[DEBUG] armors=1, targets=1
[DEBUG] armors=1, targets=1
[DEBUG] armors=1, targets=1
[DEBUG] armors=1, targets=1
[DEBUG] armors=1, targets=1
[DEBUG] armors=1, targets=1
[DEBUG] armors=1, targets=1
[DEBUG] armors=1, targets=1
[2026-09-05 13:37:58.027] [info] [DRYRUN] measured_gimbal=(2.843,-0.005,-0.054) measured_world=(2.827,0.266,-0.140) tracked_world=(2.826,0.263,-0.140) target_gimbal_deg=(-0.10,-1.09) target_world_deg=(5.37,-2.82) gimbal_deg=(5.47,1.73) armor_y_px=629.8 pixel_error_deg=(0.83,2.20) ballistic=(range=2.843m holdover=0.544m comp=10.62deg residual=-8.42deg) q_wxyz=(0.998746,0.000721,0.015090,-0.047733) cmd_deg=(5.14,-12.17) packed_pitch_deg=-12.17 control=true shoot=false
[DEBUG] armors=1, targets=1
[DEBUG] armors=1, targets=1
[DEBUG] armors=1, targets=1
[DEBUG] armors=1, targets=1
[DEBUG] armors=1, targets=1
[DEBUG] armors=1, targets=1
[DEBUG] armors=1, targets=1
[DEBUG] armors=1, targets=1
[DEBUG] armors=1, targets=1
[DEBUG] armors=1, targets=1
[DEBUG] armors=1, targets=1
[DEBUG] armors=1, targets=1
[DEBUG] armors=1, targets=1
[DEBUG] armors=1, targets=1
[DEBUG] armors=1, targets=1
[DEBUG] armors=1, targets=1
[DEBUG] armors=1, targets=1
[DEBUG] armors=1, targets=1
[DEBUG] armors=1, targets=1
[DEBUG] armors=1, targets=1
[2026-09-05 13:37:58.335] [info] [DRYRUN] measured_gimbal=(2.909,-0.004,-0.057) measured_world=(2.893,0.273,-0.145) tracked_world=(2.825,0.263,-0.140) target_gimbal_deg=(-0.08,-1.12) target_world_deg=(5.39,-2.85) gimbal_deg=(5.47,1.73) armor_y_px=630.1 pixel_error_deg=(0.82,2.21) ballistic=(range=2.909m holdover=0.562m comp=10.72deg residual=-8.51deg) q_wxyz=(0.998746,0.000721,0.015090,-0.047733) cmd_deg=(5.25,-12.23) packed_pitch_deg=-12.23 control=true shoot=false
[DEBUG] armors=1, targets=1
[DEBUG] armors=1, targets=1
[DEBUG] armors=1, targets=1
[DEBUG] armors=1, targets=1
[DEBUG] armors=1, targets=1
[DEBUG] armors=1, targets=1
[DEBUG] armors=1, targets=1
[DEBUG] armors=1, targets=1
[DEBUG] armors=1, targets=1
[DEBUG] armors=1, targets=1
[DEBUG] armors=1, targets=1
[DEBUG] armors=1, targets=1
[DEBUG] armors=1, targets=1
[DEBUG] armors=1, targets=1
[DEBUG] armors=1, targets=1
[DEBUG] armors=1, targets=1
[DEBUG] armors=1, targets=1
[DEBUG] armors=1, targets=1
[DEBUG] armors=1, targets=1
[2026-09-05 13:37:58.633] [info] [SYNC][XUC] mode=0 yaw=-5.47 deg pitch=1.73 deg feeder_rpm=0.00 wheel0_rpm=0 wheel1_rpm=0 wheel_delta=0 projectile_speed=12.80
[DEBUG] armors=1, targets=1
[2026-09-05 13:37:58.646] [info] [DRYRUN] measured_gimbal=(2.829,-0.005,-0.053) measured_world=(2.814,0.265,-0.139) tracked_world=(2.863,0.285,-0.142) target_gimbal_deg=(-0.10,-1.08) target_world_deg=(5.37,-2.81) gimbal_deg=(5.47,1.73) armor_y_px=629.8 pixel_error_deg=(0.81,2.20) ballistic=(range=2.829m holdover=0.541m comp=10.60deg residual=-8.40deg) q_wxyz=(0.998746,0.000721,0.015090,-0.047733) cmd_deg=(5.67,-12.14) packed_pitch_deg=-12.14 control=true shoot=false
[2026-09-05 13:37:58.648] [info] [PERF] 总耗时=15.5ms (检测=12.7ms, 跟踪=0.5ms), FPS=64.6
[2026-09-05 13:37:58.648] [info] 📊 [CAMERA FPS] 瞬时帧率=64.5fps, 平均帧率=64.5fps, 总帧数=3200, 运行时间=49.6s
[DEBUG] armors=1, targets=1
[DEBUG] armors=1, targets=1
[DEBUG] armors=1, targets=1
[DEBUG] armors=1, targets=1
[DEBUG] armors=1, targets=1
[DEBUG] armors=1, targets=1
[DEBUG] armors=1, targets=1
[DEBUG] armors=1, targets=1
[DEBUG] armors=1, targets=1
[DEBUG] armors=1, targets=1
[DEBUG] armors=1, targets=1
[DEBUG] armors=1, targets=1
[DEBUG] armors=1, targets=1
[DEBUG] armors=1, targets=1
[DEBUG] armors=1, targets=1
[DEBUG] armors=1, targets=1
[DEBUG] armors=1, targets=1
[DEBUG] armors=1, targets=1
[DEBUG] armors=1, targets=1
[DEBUG] armors=1, targets=1
[2026-09-05 13:37:58.958] [info] [DRYRUN] measured_gimbal=(2.876,-0.004,-0.055) measured_world=(2.860,0.270,-0.142) tracked_world=(2.851,0.267,-0.141) target_gimbal_deg=(-0.09,-1.09) target_world_deg=(5.38,-2.82) gimbal_deg=(5.47,1.73) armor_y_px=629.5 pixel_error_deg=(0.82,2.19) ballistic=(range=2.876m holdover=0.553m comp=10.67deg residual=-8.48deg) q_wxyz=(0.998746,0.000721,0.015090,-0.047733) cmd_deg=(5.18,-12.21) packed_pitch_deg=-12.21 control=true shoot=false
[DEBUG] armors=1, targets=1
[DEBUG] armors=1, targets=1
[DEBUG] armors=1, targets=1
[DEBUG] armors=1, targets=1
[DEBUG] armors=1, targets=1
[DEBUG] armors=1, targets=1
[DEBUG] armors=1, targets=1
[DEBUG] armors=1, targets=1
[DEBUG] armors=1, targets=1
[DEBUG] armors=1, targets=1
[DEBUG] armors=1, targets=1
[DEBUG] armors=1, targets=1
[DEBUG] armors=1, targets=1
[DEBUG] armors=1, targets=1
[DEBUG] armors=1, targets=1
[DEBUG] armors=1, targets=1
[DEBUG] armors=1, targets=1
[DEBUG] armors=1, targets=1
[DEBUG] armors=1, targets=1
[DEBUG] armors=1, targets=1
[2026-09-05 13:37:59.268] [info] [DRYRUN] measured_gimbal=(2.822,-0.005,-0.053) measured_world=(2.807,0.263,-0.138) tracked_world=(2.864,0.255,-0.145) target_gimbal_deg=(-0.11,-1.08) target_world_deg=(5.36,-2.81) gimbal_deg=(5.47,1.73) armor_y_px=629.8 pixel_error_deg=(0.83,2.20) ballistic=(range=2.822m holdover=0.539m comp=10.59deg residual=-8.39deg) q_wxyz=(0.998746,0.000721,0.015090,-0.047733) cmd_deg=(4.91,-12.22) packed_pitch_deg=-12.22 control=true shoot=false
[DEBUG] armors=1, targets=1
[DEBUG] armors=1, targets=1
[DEBUG] armors=1, targets=1
[DEBUG] armors=1, targets=1
[DEBUG] armors=1, targets=1
[DEBUG] armors=1, targets=1
[DEBUG] armors=1, targets=1
[DEBUG] armors=1, targets=1
[DEBUG] armors=1, targets=1
[2026-09-05 13:37:59.410] [info] [SYNC][XUC] mode=0 yaw=-5.47 deg pitch=1.73 deg feeder_rpm=0.00 wheel0_rpm=0 wheel1_rpm=0 wheel_delta=0 projectile_speed=12.80
[DEBUG] armors=1, targets=1
[2026-09-05 13:37:59.427] [info] [PERF] 总耗时=16.5ms (检测=13.4ms, 跟踪=0.4ms), FPS=60.7
[2026-09-05 13:37:59.427] [info] 📊 [CAMERA FPS] 瞬时帧率=60.6fps, 平均帧率=64.5fps, 总帧数=3250, 运行时间=50.4s
[DEBUG] armors=1, targets=1
[DEBUG] armors=1, targets=1
[DEBUG] armors=1, targets=1
[DEBUG] armors=1, targets=1
[DEBUG] armors=1, targets=1
[DEBUG] armors=1, targets=1
[DEBUG] armors=1, targets=1
[DEBUG] armors=1, targets=1
[DEBUG] armors=1, targets=1
[DEBUG] armors=1, targets=1
[2026-09-05 13:37:59.582] [info] [DRYRUN] measured_gimbal=(2.832,-0.005,-0.053) measured_world=(2.817,0.265,-0.139) tracked_world=(2.858,0.229,-0.145) target_gimbal_deg=(-0.10,-1.08) target_world_deg=(5.37,-2.81) gimbal_deg=(5.47,1.73) armor_y_px=629.7 pixel_error_deg=(0.81,2.20) ballistic=(range=2.832m holdover=0.542m comp=10.61deg residual=-8.41deg) q_wxyz=(0.998746,0.000721,0.015090,-0.047733) cmd_deg=(4.15,-12.21) packed_pitch_deg=-12.21 control=true shoot=false
[DEBUG] armors=1, targets=1
[DEBUG] armors=1, targets=1
[DEBUG] armors=1, targets=1
[DEBUG] armors=1, targets=1
[DEBUG] armors=1, targets=1
[DEBUG] armors=1, targets=1
[DEBUG] armors=1, targets=1
[DEBUG] armors=1, targets=1
[DEBUG] armors=1, targets=1
[DEBUG] armors=1, targets=1
[DEBUG] armors=1, targets=1
[DEBUG] armors=1, targets=1
[DEBUG] armors=1, targets=1
[DEBUG] armors=1, targets=1
[DEBUG] armors=1, targets=1
[DEBUG] armors=1, targets=1
[DEBUG] armors=1, targets=1
[2026-09-05 13:37:59.864] [debug] [Target] Bad Converge Found! recent_rate=0.400 last_nis=5.491 nees=-nan resid=(yaw=0.011,pitch=0.001,dist=0.003,ang=-0.737)
[DEBUG] armors=1, targets=0
[DEBUG] armors=1, targets=1
[DEBUG] armors=1, targets=1
[2026-09-05 13:37:59.895] [info] [DRYRUN] measured_gimbal=(2.858,-0.005,-0.055) measured_world=(2.843,0.267,-0.141) tracked_world=(2.933,0.246,-0.143) target_gimbal_deg=(-0.11,-1.11) target_world_deg=(5.37,-2.84) gimbal_deg=(5.47,1.73) armor_y_px=630.3 pixel_error_deg=(0.82,2.21) ballistic=(range=2.858m holdover=0.549m comp=10.65deg residual=-8.43deg) q_wxyz=(0.998746,0.000721,0.015090,-0.047733) cmd_deg=(4.72,-12.20) packed_pitch_deg=-12.20 control=true shoot=false
[DEBUG] armors=1, targets=1
[DEBUG] armors=1, targets=1
[DEBUG] armors=1, targets=1
[DEBUG] armors=1, targets=1
[DEBUG] armors=1, targets=1
[DEBUG] armors=1, targets=1
[DEBUG] armors=1, targets=1
[DEBUG] armors=1, targets=1
[DEBUG] armors=1, targets=1
[DEBUG] armors=1, targets=1
[DEBUG] armors=1, targets=1
[DEBUG] armors=1, targets=1
[DEBUG] armors=1, targets=1
[DEBUG] armors=1, targets=1
[DEBUG] armors=1, targets=1
[DEBUG] armors=1, targets=1
[DEBUG] armors=1, targets=1
[DEBUG] armors=1, targets=1
[DEBUG] armors=1, targets=1
[2026-09-05 13:38:00.201] [info] [SYNC][XUC] mode=0 yaw=-5.47 deg pitch=1.73 deg feeder_rpm=0.00 wheel0_rpm=0 wheel1_rpm=0 wheel_delta=0 projectile_speed=12.80
[DEBUG] armors=1, targets=1
[2026-09-05 13:38:00.214] [info] [DRYRUN] measured_gimbal=(2.910,-0.005,-0.057) measured_world=(2.894,0.273,-0.145) tracked_world=(3.338,0.302,-0.143) target_gimbal_deg=(-0.09,-1.12) target_world_deg=(5.38,-2.85) gimbal_deg=(5.47,1.73) armor_y_px=630.1 pixel_error_deg=(0.81,2.21) ballistic=(range=2.910m holdover=0.562m comp=10.72deg residual=-8.51deg) q_wxyz=(0.998746,0.000721,0.015090,-0.047733) cmd_deg=(0.98,-12.24) packed_pitch_deg=-12.24 control=true shoot=false
[2026-09-05 13:38:00.217] [info] [PERF] 总耗时=16.0ms (检测=13.1ms, 跟踪=0.4ms), FPS=62.6
[2026-09-05 13:38:00.217] [info] 📊 [CAMERA FPS] 瞬时帧率=62.5fps, 平均帧率=64.5fps, 总帧数=3300, 运行时间=51.2s
[DEBUG] armors=1, targets=1
[DEBUG] armors=1, targets=1
[DEBUG] armors=1, targets=1
[DEBUG] armors=1, targets=1
[DEBUG] armors=1, targets=1
[DEBUG] armors=1, targets=1
[DEBUG] armors=1, targets=1
[DEBUG] armors=1, targets=1
[DEBUG] armors=1, targets=1
[DEBUG] armors=1, targets=1
[DEBUG] armors=1, targets=1
[DEBUG] armors=1, targets=1
[DEBUG] armors=1, targets=1
[DEBUG] armors=1, targets=1
[DEBUG] armors=1, targets=1
[DEBUG] armors=1, targets=1
[DEBUG] armors=1, targets=1
[DEBUG] armors=1, targets=1
[DEBUG] armors=1, targets=1
[DEBUG] armors=1, targets=1
[2026-09-05 13:38:00.526] [info] [DRYRUN] measured_gimbal=(2.870,-0.005,-0.055) measured_world=(2.854,0.269,-0.142) tracked_world=(3.173,0.502,-0.138) target_gimbal_deg=(-0.10,-1.10) target_world_deg=(5.37,-2.84) gimbal_deg=(5.47,1.73) armor_y_px=630.0 pixel_error_deg=(0.83,2.21) ballistic=(range=2.870m holdover=0.552m comp=10.66deg residual=-8.46deg) q_wxyz=(0.998746,0.000721,0.015090,-0.047733) cmd_deg=(3.20,-12.20) packed_pitch_deg=-12.20 control=true shoot=false
[DEBUG] armors=1, targets=1
[DEBUG] armors=1, targets=1
[DEBUG] armors=1, targets=1
[DEBUG] armors=1, targets=1
[DEBUG] armors=1, targets=1
[DEBUG] armors=1, targets=1
[DEBUG] armors=1, targets=1
[DEBUG] armors=1, targets=1
[DEBUG] armors=1, targets=1
[DEBUG] armors=1, targets=1
[DEBUG] armors=1, targets=1
[DEBUG] armors=1, targets=1
[DEBUG] armors=1, targets=1
[DEBUG] armors=1, targets=1
[DEBUG] armors=1, targets=1
[DEBUG] armors=1, targets=1
[DEBUG] armors=1, targets=1
[DEBUG] armors=1, targets=1
[DEBUG] armors=1, targets=1
[DEBUG] armors=1, targets=1
[2026-09-05 13:38:00.836] [info] [DRYRUN] measured_gimbal=(2.922,-0.003,-0.058) measured_world=(2.908,0.257,-0.141) tracked_world=(3.201,0.521,-0.136) target_gimbal_deg=(-0.06,-1.14) target_world_deg=(5.06,-2.77) gimbal_deg=(5.12,1.63) armor_y_px=630.6 pixel_error_deg=(0.80,2.22) ballistic=(range=2.922m holdover=0.566m comp=10.74deg residual=-8.52deg) q_wxyz=(0.998902,0.000635,0.014222,-0.044624) cmd_deg=(4.19,-12.39) packed_pitch_deg=-12.39 control=true shoot=false
[DEBUG] armors=1, targets=1
[DEBUG] armors=1, targets=1
[DEBUG] armors=1, targets=1
[DEBUG] armors=1, targets=1
[DEBUG] armors=1, targets=1
[DEBUG] armors=1, targets=1
[DEBUG] armors=1, targets=1
[DEBUG] armors=1, targets=1
[DEBUG] armors=1, targets=1
[2026-09-05 13:38:00.977] [info] [SYNC][XUC] mode=0 yaw=-5.12 deg pitch=1.67 deg feeder_rpm=0.00 wheel0_rpm=120 wheel1_rpm=0 wheel_delta=120 projectile_speed=12.80
[DEBUG] armors=1, targets=1
[2026-09-05 13:38:00.992] [info] [PERF] 总耗时=14.9ms (检测=12.2ms, 跟踪=0.5ms), FPS=67.1
[2026-09-05 13:38:00.992] [info] 📊 [CAMERA FPS] 瞬时帧率=66.9fps, 平均帧率=64.5fps, 总帧数=3350, 运行时间=52.0s
[DEBUG] armors=1, targets=1
[DEBUG] armors=1, targets=1
[DEBUG] armors=1, targets=1
[DEBUG] armors=0, targets=1
[DEBUG] armors=1, targets=1
[DEBUG] armors=1, targets=1
[DEBUG] armors=1, targets=1
[DEBUG] armors=1, targets=1
[DEBUG] armors=1, targets=1
[DEBUG] armors=1, targets=1
[2026-09-05 13:38:01.152] [info] [DRYRUN] measured_gimbal=(2.930,-0.004,-0.058) measured_world=(2.915,0.259,-0.143) tracked_world=(3.218,0.531,-0.140) target_gimbal_deg=(-0.09,-1.14) target_world_deg=(5.07,-2.80) gimbal_deg=(5.15,1.66) armor_y_px=630.4 pixel_error_deg=(0.84,2.22) ballistic=(range=2.930m holdover=0.568m comp=10.75deg residual=-8.53deg) q_wxyz=(0.998884,0.000650,0.014444,-0.044959) cmd_deg=(3.59,-12.34) packed_pitch_deg=-12.34 control=true shoot=false
[DEBUG] armors=1, targets=1
[DEBUG] armors=1, targets=1
[DEBUG] armors=1, targets=1
[DEBUG] armors=1, targets=1
[DEBUG] armors=1, targets=1
[DEBUG] armors=1, targets=1
[DEBUG] armors=1, targets=1
[DEBUG] armors=1, targets=1
[DEBUG] armors=1, targets=1
[DEBUG] armors=1, targets=1
[DEBUG] armors=1, targets=1
[2026-09-05 13:38:01.338] [debug] [Target] Bad Converge Found! recent_rate=0.430 last_nis=1.720 nees=-nan resid=(yaw=0.005,pitch=0.000,dist=-0.054,ang=-0.415)
[DEBUG] armors=1, targets=0
[DEBUG] armors=1, targets=1
[DEBUG] armors=1, targets=1
[DEBUG] armors=1, targets=1
[DEBUG] armors=1, targets=1
[DEBUG] armors=1, targets=1
[DEBUG] armors=1, targets=1
[DEBUG] armors=1, targets=1
[DEBUG] armors=1, targets=1
[2026-09-05 13:38:01.465] [info] [DRYRUN] measured_gimbal=(2.824,-0.006,-0.054) measured_world=(2.810,0.247,-0.135) tracked_world=(2.825,0.246,-0.136) target_gimbal_deg=(-0.13,-1.09) target_world_deg=(5.03,-2.74) gimbal_deg=(5.16,1.65) armor_y_px=630.3 pixel_error_deg=(0.85,2.21) ballistic=(range=2.824m holdover=0.539m comp=10.59deg residual=-8.38deg) q_wxyz=(0.998883,0.000648,0.014381,-0.045013) cmd_deg=(4.90,-12.24) packed_pitch_deg=-12.24 control=true shoot=false
[DEBUG] armors=1, targets=1
[DEBUG] armors=1, targets=1
[DEBUG] armors=1, targets=1
[DEBUG] armors=1, targets=1
[DEBUG] armors=1, targets=1
[DEBUG] armors=1, targets=1
[DEBUG] armors=1, targets=1
[DEBUG] armors=1, targets=1
[DEBUG] armors=1, targets=1
[DEBUG] armors=1, targets=1
[DEBUG] armors=1, targets=1
[DEBUG] armors=1, targets=1
[DEBUG] armors=1, targets=1
[DEBUG] armors=1, targets=1
[DEBUG] armors=1, targets=1
[DEBUG] armors=1, targets=1
[DEBUG] armors=1, targets=1
[DEBUG] armors=1, targets=1
[DEBUG] armors=1, targets=1
[2026-09-05 13:38:01.758] [info] [SYNC][XUC] mode=0 yaw=-5.16 deg pitch=1.66 deg feeder_rpm=0.00 wheel0_rpm=0 wheel1_rpm=20 wheel_delta=-20 projectile_speed=12.80
[DEBUG] armors=1, targets=1
[2026-09-05 13:38:01.771] [info] [DRYRUN] measured_gimbal=(2.822,-0.006,-0.053) measured_world=(2.808,0.247,-0.135) tracked_world=(3.202,0.393,-0.157) target_gimbal_deg=(-0.13,-1.08) target_world_deg=(5.03,-2.73) gimbal_deg=(5.16,1.66) armor_y_px=629.7 pixel_error_deg=(0.85,2.20) ballistic=(range=2.822m holdover=0.539m comp=10.59deg residual=-8.39deg) q_wxyz=(0.998882,0.000651,0.014454,-0.044994) cmd_deg=(5.04,-12.28) packed_pitch_deg=-12.28 control=true shoot=false
[2026-09-05 13:38:01.773] [info] [PERF] 总耗时=15.6ms (检测=12.7ms, 跟踪=0.5ms), FPS=64.1
[2026-09-05 13:38:01.773] [info] 📊 [CAMERA FPS] 瞬时帧率=64.0fps, 平均帧率=64.4fps, 总帧数=3400, 运行时间=52.8s
[DEBUG] armors=1, targets=1
[DEBUG] armors=1, targets=1
[DEBUG] armors=1, targets=1
[DEBUG] armors=1, targets=1
[DEBUG] armors=1, targets=1
[DEBUG] armors=1, targets=1
[DEBUG] armors=1, targets=1
[DEBUG] armors=1, targets=1
[DEBUG] armors=1, targets=1
[DEBUG] armors=1, targets=1
[DEBUG] armors=1, targets=1
[DEBUG] armors=1, targets=1
[DEBUG] armors=1, targets=1
[DEBUG] armors=1, targets=1
[DEBUG] armors=1, targets=1
[DEBUG] armors=1, targets=1
[DEBUG] armors=1, targets=1
[DEBUG] armors=1, targets=1
[DEBUG] armors=1, targets=1
[DEBUG] armors=1, targets=1
[2026-09-05 13:38:02.077] [info] [DRYRUN] measured_gimbal=(2.834,-0.006,-0.052) measured_world=(2.820,0.249,-0.135) tracked_world=(2.898,0.263,-0.139) target_gimbal_deg=(-0.13,-1.06) target_world_deg=(5.04,-2.73) gimbal_deg=(5.17,1.67) armor_y_px=628.7 pixel_error_deg=(0.85,2.17) ballistic=(range=2.834m holdover=0.542m comp=10.61deg residual=-8.44deg) q_wxyz=(0.998877,0.000658,0.014586,-0.045072) cmd_deg=(4.97,-12.25) packed_pitch_deg=-12.25 control=true shoot=false
[DEBUG] armors=1, targets=1
[DEBUG] armors=1, targets=1
[DEBUG] armors=1, targets=1
[DEBUG] armors=1, targets=1
[DEBUG] armors=1, targets=1
[DEBUG] armors=1, targets=1
[DEBUG] armors=1, targets=1
[DEBUG] armors=1, targets=1
[DEBUG] armors=1, targets=1
[DEBUG] armors=1, targets=1
[DEBUG] armors=1, targets=1
[DEBUG] armors=1, targets=1
[DEBUG] armors=1, targets=1
[DEBUG] armors=1, targets=1
[DEBUG] armors=1, targets=1
[DEBUG] armors=1, targets=1
[DEBUG] armors=1, targets=1
[DEBUG] armors=1, targets=1
[DEBUG] armors=1, targets=1
[DEBUG] armors=1, targets=1
[2026-09-05 13:38:02.394] [info] [DRYRUN] measured_gimbal=(2.923,-0.006,-0.058) measured_world=(2.909,0.257,-0.141) tracked_world=(2.878,0.262,-0.138) target_gimbal_deg=(-0.11,-1.13) target_world_deg=(5.05,-2.76) gimbal_deg=(5.16,1.63) armor_y_px=630.2 pixel_error_deg=(0.84,2.21) ballistic=(range=2.923m holdover=0.566m comp=10.74deg residual=-8.53deg) q_wxyz=(0.998886,0.000640,0.014213,-0.044998) cmd_deg=(5.10,-12.36) packed_pitch_deg=-12.36 control=true shoot=false
[DEBUG] armors=1, targets=1
[DEBUG] armors=1, targets=1
[DEBUG] armors=1, targets=1
[DEBUG] armors=1, targets=1
[DEBUG] armors=1, targets=1
[DEBUG] armors=1, targets=1
[DEBUG] armors=1, targets=1
[DEBUG] armors=1, targets=1
[DEBUG] armors=1, targets=1
[2026-09-05 13:38:02.538] [info] [SYNC][XUC] mode=0 yaw=-5.15 deg pitch=1.64 deg feeder_rpm=0.00 wheel0_rpm=0 wheel1_rpm=0 wheel_delta=0 projectile_speed=12.80
[DEBUG] armors=1, targets=1
[2026-09-05 13:38:02.554] [info] [PERF] 总耗时=15.4ms (检测=12.7ms, 跟踪=0.5ms), FPS=64.8
[2026-09-05 13:38:02.554] [info] 📊 [CAMERA FPS] 瞬时帧率=64.6fps, 平均帧率=64.4fps, 总帧数=3450, 运行时间=53.5s
[DEBUG] armors=1, targets=1
[DEBUG] armors=1, targets=1
[DEBUG] armors=1, targets=1
[DEBUG] armors=1, targets=1
[DEBUG] armors=1, targets=1
[DEBUG] armors=1, targets=1
[DEBUG] armors=1, targets=1
[DEBUG] armors=1, targets=1
[DEBUG] armors=1, targets=1
[DEBUG] armors=1, targets=1
[2026-09-05 13:38:02.708] [info] [DRYRUN] measured_gimbal=(2.870,-0.004,-0.056) measured_world=(2.856,0.253,-0.137) tracked_world=(2.842,0.248,-0.136) target_gimbal_deg=(-0.09,-1.12) target_world_deg=(5.07,-2.74) gimbal_deg=(5.16,1.62) armor_y_px=630.7 pixel_error_deg=(0.82,2.22) ballistic=(range=2.870m holdover=0.552m comp=10.66deg residual=-8.44deg) q_wxyz=(0.998889,0.000635,0.014114,-0.044968) cmd_deg=(4.84,-12.28) packed_pitch_deg=-12.28 control=true shoot=false
[DEBUG] armors=1, targets=1
[DEBUG] armors=1, targets=1
[DEBUG] armors=1, targets=1
[DEBUG] armors=1, targets=1
[DEBUG] armors=1, targets=1
[DEBUG] armors=1, targets=1
[DEBUG] armors=1, targets=1
[DEBUG] armors=1, targets=1
[DEBUG] armors=1, targets=1
[DEBUG] armors=1, targets=1
[DEBUG] armors=1, targets=1
[DEBUG] armors=1, targets=1
[DEBUG] armors=1, targets=1
[DEBUG] armors=1, targets=1
[DEBUG] armors=1, targets=1
[DEBUG] armors=1, targets=1
[DEBUG] armors=1, targets=1
[DEBUG] armors=1, targets=1
[DEBUG] armors=1, targets=1
[DEBUG] armors=1, targets=1
[2026-09-05 13:38:03.025] [info] [DRYRUN] measured_gimbal=(2.853,-0.005,-0.054) measured_world=(2.839,0.251,-0.136) tracked_world=(2.826,0.247,-0.135) target_gimbal_deg=(-0.11,-1.08) target_world_deg=(5.05,-2.73) gimbal_deg=(5.15,1.65) armor_y_px=629.2 pixel_error_deg=(0.83,2.19) ballistic=(range=2.853m holdover=0.547m comp=10.64deg residual=-8.45deg) q_wxyz=(0.998885,0.000648,0.014389,-0.044965) cmd_deg=(4.93,-12.25) packed_pitch_deg=-12.25 control=true shoot=false
[DEBUG] armors=1, targets=1
[DEBUG] armors=1, targets=1
[DEBUG] armors=1, targets=1
[DEBUG] armors=1, targets=1
[DEBUG] armors=1, targets=1
[DEBUG] armors=1, targets=1
[DEBUG] armors=1, targets=1
[DEBUG] armors=1, targets=1
[DEBUG] armors=1, targets=1
[DEBUG] armors=1, targets=1
[DEBUG] armors=0, targets=1
[DEBUG] armors=1, targets=1
[DEBUG] armors=1, targets=1
[DEBUG] armors=1, targets=1
[DEBUG] armors=1, targets=1
[DEBUG] armors=1, targets=1
[DEBUG] armors=1, targets=1
[DEBUG] armors=1, targets=1
[DEBUG] armors=1, targets=1
[2026-09-05 13:38:03.328] [info] [SYNC][XUC] mode=0 yaw=-5.16 deg pitch=1.65 deg feeder_rpm=0.00 wheel0_rpm=0 wheel1_rpm=0 wheel_delta=0 projectile_speed=12.80
[DEBUG] armors=1, targets=1
[2026-09-05 13:38:03.342] [info] [DRYRUN] measured_gimbal=(2.881,-0.005,-0.056) measured_world=(2.867,0.253,-0.139) tracked_world=(2.827,0.249,-0.136) target_gimbal_deg=(-0.10,-1.11) target_world_deg=(5.05,-2.76) gimbal_deg=(5.16,1.65) armor_y_px=630.3 pixel_error_deg=(0.82,2.21) ballistic=(range=2.881m holdover=0.555m comp=10.68deg residual=-8.46deg) q_wxyz=(0.998885,0.000646,0.014342,-0.044984) cmd_deg=(5.02,-12.28) packed_pitch_deg=-12.28 control=true shoot=false
[2026-09-05 13:38:03.345] [info] [PERF] 总耗时=16.1ms (检测=12.9ms, 跟踪=0.5ms), FPS=62.1
[2026-09-05 13:38:03.345] [info] 📊 [CAMERA FPS] 瞬时帧率=61.9fps, 平均帧率=64.4fps, 总帧数=3500, 运行时间=54.3s
[DEBUG] armors=1, targets=1
[DEBUG] armors=1, targets=1
[DEBUG] armors=1, targets=1
[DEBUG] armors=1, targets=1
[DEBUG] armors=1, targets=1
[DEBUG] armors=1, targets=1
[DEBUG] armors=1, targets=1
[DEBUG] armors=1, targets=1
[DEBUG] armors=1, targets=1
[DEBUG] armors=1, targets=1
[DEBUG] armors=1, targets=1
[DEBUG] armors=1, targets=1
[DEBUG] armors=1, targets=1
[DEBUG] armors=1, targets=1
[DEBUG] armors=1, targets=1
[DEBUG] armors=1, targets=1
[DEBUG] armors=1, targets=1
[DEBUG] armors=1, targets=1
[DEBUG] armors=1, targets=1
[DEBUG] armors=1, targets=1
[2026-09-05 13:38:03.657] [info] [DRYRUN] measured_gimbal=(2.825,-0.006,-0.053) measured_world=(2.811,0.248,-0.135) tracked_world=(2.834,0.242,-0.138) target_gimbal_deg=(-0.12,-1.08) target_world_deg=(5.03,-2.73) gimbal_deg=(5.16,1.65) armor_y_px=630.0 pixel_error_deg=(0.84,2.21) ballistic=(range=2.825m holdover=0.540m comp=10.60deg residual=-8.39deg) q_wxyz=(0.998884,0.000647,0.014361,-0.044994) cmd_deg=(4.82,-12.24) packed_pitch_deg=-12.24 control=true shoot=false
[DEBUG] armors=1, targets=1
[DEBUG] armors=1, targets=1
[DEBUG] armors=1, targets=1
[DEBUG] armors=1, targets=1
[DEBUG] armors=1, targets=1
[DEBUG] armors=1, targets=1
[DEBUG] armors=1, targets=1
[DEBUG] armors=1, targets=1
[DEBUG] armors=1, targets=1
[DEBUG] armors=1, targets=1
[DEBUG] armors=1, targets=1
[DEBUG] armors=1, targets=1
[DEBUG] armors=1, targets=1
[DEBUG] armors=1, targets=1
[DEBUG] armors=1, targets=1
[DEBUG] armors=1, targets=1
[DEBUG] armors=1, targets=1
[DEBUG] armors=1, targets=1
[DEBUG] armors=0, targets=1
[DEBUG] armors=1, targets=1
[2026-09-05 13:38:03.972] [info] [DRYRUN] measured_gimbal=(2.835,-0.006,-0.056) measured_world=(2.822,0.249,-0.135) tracked_world=(2.857,0.246,-0.140) target_gimbal_deg=(-0.12,-1.13) target_world_deg=(5.04,-2.72) gimbal_deg=(5.16,1.60) armor_y_px=631.6 pixel_error_deg=(0.85,2.25) ballistic=(range=2.835m holdover=0.542m comp=10.61deg residual=-8.36deg) q_wxyz=(0.998889,0.000627,0.013917,-0.045020) cmd_deg=(4.91,-12.29) packed_pitch_deg=-12.29 control=true shoot=false
[DEBUG] armors=1, targets=1
[DEBUG] armors=1, targets=1
[DEBUG] armors=1, targets=1
[DEBUG] armors=1, targets=1
[DEBUG] armors=1, targets=1
[DEBUG] armors=1, targets=1
[DEBUG] armors=1, targets=1
[DEBUG] armors=1, targets=1
[DEBUG] armors=1, targets=1
[2026-09-05 13:38:04.115] [info] [SYNC][XUC] mode=0 yaw=-5.17 deg pitch=1.63 deg feeder_rpm=0.00 wheel0_rpm=0 wheel1_rpm=0 wheel_delta=0 projectile_speed=12.80
[DEBUG] armors=1, targets=1
[2026-09-05 13:38:04.131] [info] [PERF] 总耗时=16.2ms (检测=13.3ms, 跟踪=0.5ms), FPS=61.8
[2026-09-05 13:38:04.131] [info] 📊 [CAMERA FPS] 瞬时帧率=61.7fps, 平均帧率=64.4fps, 总帧数=3550, 运行时间=55.1s
[DEBUG] armors=1, targets=1
[DEBUG] armors=1, targets=1
[DEBUG] armors=1, targets=1
[DEBUG] armors=1, targets=1
[DEBUG] armors=1, targets=1
[DEBUG] armors=1, targets=1
[DEBUG] armors=1, targets=1
[DEBUG] armors=1, targets=1
[DEBUG] armors=1, targets=1
[DEBUG] armors=1, targets=1
[2026-09-05 13:38:04.287] [info] [DRYRUN] measured_gimbal=(2.901,-0.006,-0.057) measured_world=(2.887,0.254,-0.139) tracked_world=(2.847,0.251,-0.136) target_gimbal_deg=(-0.13,-1.12) target_world_deg=(5.03,-2.75) gimbal_deg=(5.16,1.63) armor_y_px=630.2 pixel_error_deg=(0.84,2.21) ballistic=(range=2.901m holdover=0.560m comp=10.71deg residual=-8.50deg) q_wxyz=(0.998886,0.000641,0.014229,-0.044978) cmd_deg=(5.07,-12.33) packed_pitch_deg=-12.33 control=true shoot=false
[DEBUG] armors=1, targets=1
[DEBUG] armors=1, targets=1
[DEBUG] armors=1, targets=1
[DEBUG] armors=1, targets=1
[DEBUG] armors=1, targets=1
[DEBUG] armors=1, targets=1
[DEBUG] armors=1, targets=1
[DEBUG] armors=1, targets=1
[DEBUG] armors=1, targets=1
[DEBUG] armors=1, targets=1
[DEBUG] armors=1, targets=1
[DEBUG] armors=1, targets=1
[DEBUG] armors=1, targets=1
[DEBUG] armors=1, targets=1
[DEBUG] armors=1, targets=1
[DEBUG] armors=1, targets=1
[DEBUG] armors=1, targets=1
[DEBUG] armors=1, targets=1
[DEBUG] armors=1, targets=1
[DEBUG] armors=1, targets=1
[2026-09-05 13:38:04.599] [info] [DRYRUN] measured_gimbal=(2.847,-0.006,-0.053) measured_world=(2.833,0.249,-0.134) tracked_world=(2.853,0.252,-0.136) target_gimbal_deg=(-0.11,-1.08) target_world_deg=(5.03,-2.70) gimbal_deg=(5.15,1.62) armor_y_px=629.3 pixel_error_deg=(0.84,2.19) ballistic=(range=2.847m holdover=0.545m comp=10.63deg residual=-8.44deg) q_wxyz=(0.998892,0.000635,0.014137,-0.044889) cmd_deg=(5.08,-12.39) packed_pitch_deg=-12.39 control=true shoot=false
[DEBUG] armors=1, targets=1
[DEBUG] armors=1, targets=1
[DEBUG] armors=1, targets=1
[DEBUG] armors=1, targets=1
[DEBUG] armors=1, targets=1
[DEBUG] armors=1, targets=1
[DEBUG] armors=1, targets=1
[DEBUG] armors=1, targets=1
[DEBUG] armors=1, targets=1
[DEBUG] armors=1, targets=1
[DEBUG] armors=1, targets=1
[DEBUG] armors=1, targets=1
[DEBUG] armors=1, targets=1
[DEBUG] armors=1, targets=1
[DEBUG] armors=1, targets=1
[DEBUG] armors=1, targets=1
[DEBUG] armors=1, targets=1
[DEBUG] armors=1, targets=1
[DEBUG] armors=1, targets=1
[2026-09-05 13:38:04.892] [info] [SYNC][XUC] mode=0 yaw=-5.15 deg pitch=1.61 deg feeder_rpm=0.00 wheel0_rpm=0 wheel1_rpm=0 wheel_delta=0 projectile_speed=12.80
[DEBUG] armors=1, targets=1
[2026-09-05 13:38:04.905] [info] [DRYRUN] measured_gimbal=(2.893,-0.005,-0.056) measured_world=(2.879,0.254,-0.138) tracked_world=(2.870,0.264,-0.137) target_gimbal_deg=(-0.10,-1.11) target_world_deg=(5.05,-2.72) gimbal_deg=(5.15,1.61) armor_y_px=629.9 pixel_error_deg=(0.84,2.20) ballistic=(range=2.893m holdover=0.558m comp=10.70deg residual=-8.49deg) q_wxyz=(0.998893,0.000633,0.014076,-0.044891) cmd_deg=(5.29,-12.33) packed_pitch_deg=-12.33 control=true shoot=false
[2026-09-05 13:38:04.908] [info] [PERF] 总耗时=15.4ms (检测=12.5ms, 跟踪=0.5ms), FPS=65.1
[2026-09-05 13:38:04.908] [info] 📊 [CAMERA FPS] 瞬时帧率=65.0fps, 平均帧率=64.4fps, 总帧数=3600, 运行时间=55.9s
[DEBUG] armors=1, targets=1
[DEBUG] armors=1, targets=1
[DEBUG] armors=1, targets=1
[DEBUG] armors=1, targets=1
[DEBUG] armors=1, targets=1
[DEBUG] armors=1, targets=1
[DEBUG] armors=1, targets=1
[DEBUG] armors=1, targets=1
[DEBUG] armors=1, targets=1
[DEBUG] armors=1, targets=1
[DEBUG] armors=1, targets=1
[DEBUG] armors=1, targets=1
[DEBUG] armors=1, targets=1
[DEBUG] armors=1, targets=1
[DEBUG] armors=1, targets=1
[DEBUG] armors=1, targets=1
[DEBUG] armors=1, targets=1
[DEBUG] armors=1, targets=1
[DEBUG] armors=1, targets=1
[DEBUG] armors=1, targets=1
[2026-09-05 13:38:05.212] [info] [DRYRUN] measured_gimbal=(2.818,-0.006,-0.053) measured_world=(2.804,0.247,-0.132) tracked_world=(2.876,0.261,-0.136) target_gimbal_deg=(-0.13,-1.08) target_world_deg=(5.03,-2.68) gimbal_deg=(5.15,1.61) armor_y_px=629.8 pixel_error_deg=(0.84,2.20) ballistic=(range=2.818m holdover=0.538m comp=10.59deg residual=-8.38deg) q_wxyz=(0.998891,0.000630,0.014003,-0.044946) cmd_deg=(5.11,-12.29) packed_pitch_deg=-12.29 control=true shoot=false
[DEBUG] armors=1, targets=1
[DEBUG] armors=1, targets=1
[DEBUG] armors=1, targets=1
[DEBUG] armors=1, targets=1
[DEBUG] armors=1, targets=1
[DEBUG] armors=1, targets=1
[DEBUG] armors=1, targets=1
[DEBUG] armors=1, targets=1
[DEBUG] armors=1, targets=1
[DEBUG] armors=1, targets=1
[DEBUG] armors=1, targets=1
[DEBUG] armors=1, targets=1
[DEBUG] armors=1, targets=1
[DEBUG] armors=1, targets=1
[DEBUG] armors=1, targets=1
[DEBUG] armors=1, targets=1
[DEBUG] armors=1, targets=1
[DEBUG] armors=1, targets=1
[DEBUG] armors=1, targets=1
[DEBUG] armors=1, targets=1
[2026-09-05 13:38:05.529] [info] [DRYRUN] measured_gimbal=(2.880,-0.005,-0.055) measured_world=(2.866,0.253,-0.135) tracked_world=(2.858,0.249,-0.134) target_gimbal_deg=(-0.11,-1.10) target_world_deg=(5.04,-2.69) gimbal_deg=(5.15,1.59) armor_y_px=629.8 pixel_error_deg=(0.83,2.20) ballistic=(range=2.880m holdover=0.554m comp=10.68deg residual=-8.48deg) q_wxyz=(0.998896,0.000624,0.013880,-0.044880) cmd_deg=(4.86,-12.37) packed_pitch_deg=-12.37 control=true shoot=false
[DEBUG] armors=1, targets=1
[DEBUG] armors=1, targets=1
[DEBUG] armors=1, targets=1
[DEBUG] armors=1, targets=1
[DEBUG] armors=1, targets=1
[DEBUG] armors=1, targets=1
[DEBUG] armors=1, targets=1
[DEBUG] armors=1, targets=1
[DEBUG] armors=1, targets=1
[2026-09-05 13:38:05.670] [info] [SYNC][XUC] mode=0 yaw=-5.14 deg pitch=1.60 deg feeder_rpm=0.00 wheel0_rpm=0 wheel1_rpm=0 wheel_delta=0 projectile_speed=12.80
[DEBUG] armors=1, targets=1
[2026-09-05 13:38:05.685] [info] [PERF] 总耗时=15.6ms (检测=12.7ms, 跟踪=0.5ms), FPS=64.0
[2026-09-05 13:38:05.685] [info] 📊 [CAMERA FPS] 瞬时帧率=63.9fps, 平均帧率=64.4fps, 总帧数=3650, 运行时间=56.7s
[DEBUG] armors=1, targets=1
[DEBUG] armors=1, targets=1
[DEBUG] armors=1, targets=1
[DEBUG] armors=1, targets=1
[DEBUG] armors=1, targets=1
[DEBUG] armors=1, targets=1
[DEBUG] armors=1, targets=1
[DEBUG] armors=1, targets=1
[DEBUG] armors=1, targets=1
[DEBUG] armors=1, targets=1
[2026-09-05 13:38:05.837] [info] [DRYRUN] measured_gimbal=(2.816,-0.006,-0.053) measured_world=(2.802,0.246,-0.132) tracked_world=(2.849,0.249,-0.134) target_gimbal_deg=(-0.13,-1.07) target_world_deg=(5.02,-2.68) gimbal_deg=(5.14,1.61) armor_y_px=629.6 pixel_error_deg=(0.84,2.20) ballistic=(range=2.816m holdover=0.537m comp=10.58deg residual=-8.39deg) q_wxyz=(0.998894,0.000631,0.014035,-0.044876) cmd_deg=(4.96,-12.29) packed_pitch_deg=-12.29 control=true shoot=false
[DEBUG] armors=1, targets=1
[DEBUG] armors=1, targets=1
[DEBUG] armors=1, targets=1
[DEBUG] armors=1, targets=1
[DEBUG] armors=1, targets=1
[DEBUG] armors=1, targets=1
[DEBUG] armors=1, targets=1
[DEBUG] armors=1, targets=1
[DEBUG] armors=1, targets=1
[DEBUG] armors=1, targets=1
[DEBUG] armors=1, targets=1
[DEBUG] armors=1, targets=1
[DEBUG] armors=1, targets=1
[DEBUG] armors=1, targets=1
[DEBUG] armors=1, targets=1
[DEBUG] armors=1, targets=1
[DEBUG] armors=1, targets=1
[DEBUG] armors=1, targets=1
[DEBUG] armors=1, targets=1
[DEBUG] armors=1, targets=1
[2026-09-05 13:38:06.145] [info] [DRYRUN] measured_gimbal=(2.880,-0.005,-0.055) measured_world=(2.866,0.253,-0.136) tracked_world=(2.867,0.262,-0.136) target_gimbal_deg=(-0.10,-1.10) target_world_deg=(5.04,-2.71) gimbal_deg=(5.14,1.61) armor_y_px=629.5 pixel_error_deg=(0.83,2.19) ballistic=(range=2.880m holdover=0.554m comp=10.68deg residual=-8.48deg) q_wxyz=(0.998895,0.000631,0.014067,-0.044835) cmd_deg=(5.24,-12.34) packed_pitch_deg=-12.34 control=true shoot=false
[DEBUG] armors=1, targets=1
[DEBUG] armors=1, targets=1
[DEBUG] armors=1, targets=1
[DEBUG] armors=1, targets=1
[DEBUG] armors=1, targets=1
[DEBUG] armors=1, targets=1
[DEBUG] armors=1, targets=1
[DEBUG] armors=1, targets=1
[DEBUG] armors=1, targets=1
[DEBUG] armors=1, targets=1
[DEBUG] armors=1, targets=1
[DEBUG] armors=1, targets=1
[DEBUG] armors=1, targets=1
[DEBUG] armors=1, targets=1
[DEBUG] armors=1, targets=1
[DEBUG] armors=1, targets=1
[DEBUG] armors=1, targets=1
[DEBUG] armors=1, targets=1
[DEBUG] armors=1, targets=1
[2026-09-05 13:38:06.444] [info] [SYNC][XUC] mode=0 yaw=-5.14 deg pitch=1.62 deg feeder_rpm=0.00 wheel0_rpm=0 wheel1_rpm=0 wheel_delta=0 projectile_speed=12.80
[DEBUG] armors=1, targets=1
[2026-09-05 13:38:06.457] [info] [DRYRUN] measured_gimbal=(2.853,-0.005,-0.054) measured_world=(2.839,0.250,-0.135) tracked_world=(2.854,0.251,-0.136) target_gimbal_deg=(-0.11,-1.09) target_world_deg=(5.03,-2.70) gimbal_deg=(5.14,1.62) armor_y_px=629.6 pixel_error_deg=(0.83,2.20) ballistic=(range=2.853m holdover=0.547m comp=10.64deg residual=-8.44deg) q_wxyz=(0.998896,0.000632,0.014094,-0.044808) cmd_deg=(4.93,-12.31) packed_pitch_deg=-12.31 control=true shoot=false
[2026-09-05 13:38:06.460] [info] [PERF] 总耗时=15.6ms (检测=12.8ms, 跟踪=0.5ms), FPS=64.1
[2026-09-05 13:38:06.460] [info] 📊 [CAMERA FPS] 瞬时帧率=64.0fps, 平均帧率=64.4fps, 总帧数=3700, 运行时间=57.4s
[DEBUG] armors=1, targets=1
[DEBUG] armors=1, targets=1
[DEBUG] armors=1, targets=1
[DEBUG] armors=1, targets=1
[DEBUG] armors=1, targets=1
[DEBUG] armors=1, targets=1
[DEBUG] armors=1, targets=1
[DEBUG] armors=1, targets=1
[DEBUG] armors=1, targets=1
[DEBUG] armors=1, targets=1
[DEBUG] armors=1, targets=1
[DEBUG] armors=1, targets=1
[DEBUG] armors=1, targets=1
[DEBUG] armors=1, targets=1
[DEBUG] armors=1, targets=1
[DEBUG] armors=1, targets=1
[DEBUG] armors=1, targets=1
[DEBUG] armors=1, targets=1
[DEBUG] armors=1, targets=1
[DEBUG] armors=1, targets=1
[2026-09-05 13:38:06.767] [info] [DRYRUN] measured_gimbal=(2.837,-0.006,-0.054) measured_world=(2.823,0.248,-0.134) tracked_world=(2.855,0.250,-0.136) target_gimbal_deg=(-0.12,-1.09) target_world_deg=(5.01,-2.71) gimbal_deg=(5.13,1.62) armor_y_px=629.9 pixel_error_deg=(0.85,2.20) ballistic=(range=2.837m holdover=0.543m comp=10.61deg residual=-8.41deg) q_wxyz=(0.998896,0.000634,0.014131,-0.044791) cmd_deg=(4.96,-12.30) packed_pitch_deg=-12.30 control=true shoot=false
[DEBUG] armors=1, targets=1
[DEBUG] armors=1, targets=1
[DEBUG] armors=1, targets=1
[DEBUG] armors=1, targets=1
[DEBUG] armors=1, targets=1
[DEBUG] armors=1, targets=1
[DEBUG] armors=1, targets=1
[DEBUG] armors=1, targets=1
[DEBUG] armors=1, targets=1
[DEBUG] armors=1, targets=1
[DEBUG] armors=1, targets=1
[DEBUG] armors=1, targets=1
[DEBUG] armors=1, targets=1
[DEBUG] armors=1, targets=1
[DEBUG] armors=1, targets=1
[DEBUG] armors=1, targets=1
[DEBUG] armors=1, targets=1
[DEBUG] armors=1, targets=1
[DEBUG] armors=1, targets=1
[DEBUG] armors=1, targets=1
[2026-09-05 13:38:07.075] [info] [DRYRUN] measured_gimbal=(2.868,-0.005,-0.055) measured_world=(2.855,0.252,-0.136) tracked_world=(2.848,0.250,-0.136) target_gimbal_deg=(-0.10,-1.09) target_world_deg=(5.04,-2.72) gimbal_deg=(5.14,1.63) armor_y_px=629.6 pixel_error_deg=(0.83,2.20) ballistic=(range=2.868m holdover=0.551m comp=10.66deg residual=-8.46deg) q_wxyz=(0.998895,0.000636,0.014175,-0.044815) cmd_deg=(5.00,-12.33) packed_pitch_deg=-12.33 control=true shoot=false
[DEBUG] armors=1, targets=1
[DEBUG] armors=1, targets=1
[DEBUG] armors=1, targets=1
[DEBUG] armors=1, targets=1
[DEBUG] armors=1, targets=1
[DEBUG] armors=1, targets=1
[DEBUG] armors=1, targets=1
[DEBUG] armors=1, targets=1
[DEBUG] armors=1, targets=1
[2026-09-05 13:38:07.216] [info] [SYNC][XUC] mode=0 yaw=-5.14 deg pitch=1.62 deg feeder_rpm=0.00 wheel0_rpm=0 wheel1_rpm=0 wheel_delta=0 projectile_speed=12.80
[DEBUG] armors=1, targets=1
[2026-09-05 13:38:07.231] [info] [PERF] 总耗时=15.4ms (检测=12.6ms, 跟踪=0.5ms), FPS=65.0
[2026-09-05 13:38:07.231] [info] 📊 [CAMERA FPS] 瞬时帧率=64.9fps, 平均帧率=64.4fps, 总帧数=3750, 运行时间=58.2s
[DEBUG] armors=1, targets=1
[DEBUG] armors=1, targets=1
[DEBUG] armors=1, targets=1
[DEBUG] armors=1, targets=1
[DEBUG] armors=1, targets=1
[DEBUG] armors=1, targets=1
[DEBUG] armors=1, targets=1
[DEBUG] armors=1, targets=1
[DEBUG] armors=1, targets=1
[DEBUG] armors=1, targets=1
[2026-09-05 13:38:07.384] [info] [DRYRUN] measured_gimbal=(2.841,-0.006,-0.054) measured_world=(2.827,0.248,-0.134) tracked_world=(2.871,0.273,-0.138) target_gimbal_deg=(-0.12,-1.08) target_world_deg=(5.02,-2.71) gimbal_deg=(5.14,1.63) armor_y_px=629.6 pixel_error_deg=(0.84,2.20) ballistic=(range=2.841m holdover=0.544m comp=10.62deg residual=-8.42deg) q_wxyz=(0.998895,0.000637,0.014197,-0.044808) cmd_deg=(5.72,-12.28) packed_pitch_deg=-12.28 control=true shoot=false
[DEBUG] armors=1, targets=1
[DEBUG] armors=1, targets=1
[DEBUG] armors=1, targets=1
[DEBUG] armors=1, targets=1
[DEBUG] armors=1, targets=1
[DEBUG] armors=1, targets=1
[DEBUG] armors=1, targets=1
[DEBUG] armors=1, targets=1
[DEBUG] armors=1, targets=1
[DEBUG] armors=1, targets=1
[DEBUG] armors=1, targets=1
[DEBUG] armors=1, targets=1
[DEBUG] armors=1, targets=1
[DEBUG] armors=1, targets=1
[DEBUG] armors=1, targets=1
[DEBUG] armors=1, targets=1
[DEBUG] armors=1, targets=1
[DEBUG] armors=1, targets=1
[DEBUG] armors=1, targets=1
[DEBUG] armors=1, targets=1
[2026-09-05 13:38:07.702] [info] [DRYRUN] measured_gimbal=(2.850,-0.006,-0.054) measured_world=(2.836,0.249,-0.135) tracked_world=(2.869,0.256,-0.137) target_gimbal_deg=(-0.11,-1.09) target_world_deg=(5.02,-2.72) gimbal_deg=(5.13,1.64) armor_y_px=629.7 pixel_error_deg=(0.84,2.20) ballistic=(range=2.850m holdover=0.546m comp=10.63deg residual=-8.43deg) q_wxyz=(0.998896,0.000639,0.014273,-0.044750) cmd_deg=(5.05,-12.29) packed_pitch_deg=-12.29 control=true shoot=false
[DEBUG] armors=1, targets=1
[DEBUG] armors=1, targets=1
[DEBUG] armors=1, targets=1
[DEBUG] armors=1, targets=1
[DEBUG] armors=1, targets=1
[DEBUG] armors=1, targets=1
[DEBUG] armors=1, targets=1
[DEBUG] armors=1, targets=1
[DEBUG] armors=1, targets=1
[DEBUG] armors=1, targets=1
[DEBUG] armors=1, targets=1
[DEBUG] armors=1, targets=1
[DEBUG] armors=1, targets=1
[DEBUG] armors=1, targets=1
[DEBUG] armors=1, targets=1
[DEBUG] armors=1, targets=1
[DEBUG] armors=1, targets=1
[DEBUG] armors=1, targets=1
[DEBUG] armors=1, targets=1
[2026-09-05 13:38:08.002] [info] [SYNC][XUC] mode=0 yaw=-5.14 deg pitch=1.63 deg feeder_rpm=0.00 wheel0_rpm=0 wheel1_rpm=0 wheel_delta=0 projectile_speed=12.80
[DEBUG] armors=1, targets=1
[2026-09-05 13:38:08.015] [info] [DRYRUN] measured_gimbal=(2.854,-0.006,-0.054) measured_world=(2.840,0.250,-0.135) tracked_world=(2.860,0.250,-0.137) target_gimbal_deg=(-0.12,-1.09) target_world_deg=(5.02,-2.71) gimbal_deg=(5.14,1.63) armor_y_px=629.6 pixel_error_deg=(0.84,2.20) ballistic=(range=2.854m holdover=0.547m comp=10.64deg residual=-8.44deg) q_wxyz=(0.998895,0.000636,0.014178,-0.044799) cmd_deg=(4.91,-12.34) packed_pitch_deg=-12.34 control=true shoot=false
[2026-09-05 13:38:08.017] [info] [PERF] 总耗时=15.7ms (检测=12.8ms, 跟踪=0.5ms), FPS=63.7
[2026-09-05 13:38:08.017] [info] 📊 [CAMERA FPS] 瞬时帧率=63.6fps, 平均帧率=64.4fps, 总帧数=3800, 运行时间=59.0s
[DEBUG] armors=1, targets=1
[DEBUG] armors=1, targets=1
[DEBUG] armors=1, targets=1
[DEBUG] armors=1, targets=1
[DEBUG] armors=1, targets=1
[DEBUG] armors=1, targets=1
[DEBUG] armors=1, targets=1
[DEBUG] armors=1, targets=1
[DEBUG] armors=1, targets=1
[DEBUG] armors=1, targets=1
[DEBUG] armors=1, targets=1
[DEBUG] armors=1, targets=1
[DEBUG] armors=1, targets=1
[DEBUG] armors=1, targets=1
[DEBUG] armors=1, targets=1
[DEBUG] armors=1, targets=1
[DEBUG] armors=1, targets=1
[DEBUG] armors=1, targets=1
[DEBUG] armors=1, targets=1
[DEBUG] armors=1, targets=1
[2026-09-05 13:38:08.323] [info] [DRYRUN] measured_gimbal=(2.851,-0.005,-0.054) measured_world=(2.837,0.250,-0.134) tracked_world=(2.849,0.249,-0.135) target_gimbal_deg=(-0.11,-1.08) target_world_deg=(5.03,-2.70) gimbal_deg=(5.14,1.61) armor_y_px=629.7 pixel_error_deg=(0.82,2.20) ballistic=(range=2.851m holdover=0.547m comp=10.63deg residual=-8.44deg) q_wxyz=(0.998897,0.000630,0.014048,-0.044811) cmd_deg=(4.96,-12.31) packed_pitch_deg=-12.31 control=true shoot=false
[DEBUG] armors=1, targets=1
[DEBUG] armors=1, targets=1
[DEBUG] armors=1, targets=1
[DEBUG] armors=1, targets=1
[DEBUG] armors=1, targets=1
[DEBUG] armors=1, targets=1
[DEBUG] armors=1, targets=1
[DEBUG] armors=1, targets=1
[DEBUG] armors=1, targets=1
[DEBUG] armors=1, targets=1
[DEBUG] armors=1, targets=1
[DEBUG] armors=1, targets=1
[DEBUG] armors=1, targets=1
[DEBUG] armors=1, targets=1
[DEBUG] armors=1, targets=1
[DEBUG] armors=1, targets=1
[DEBUG] armors=1, targets=1
[DEBUG] armors=1, targets=1
[DEBUG] armors=1, targets=1
[DEBUG] armors=1, targets=1
[2026-09-05 13:38:08.627] [info] [DRYRUN] measured_gimbal=(2.852,-0.005,-0.054) measured_world=(2.838,0.250,-0.133) tracked_world=(2.870,0.274,-0.136) target_gimbal_deg=(-0.11,-1.09) target_world_deg=(5.03,-2.68) gimbal_deg=(5.14,1.60) armor_y_px=629.6 pixel_error_deg=(0.83,2.20) ballistic=(range=2.852m holdover=0.547m comp=10.64deg residual=-8.44deg) q_wxyz=(0.998898,0.000625,0.013917,-0.044828) cmd_deg=(5.77,-12.32) packed_pitch_deg=-12.32 control=true shoot=false
[DEBUG] armors=1, targets=1
[DEBUG] armors=1, targets=1
[DEBUG] armors=1, targets=1
[DEBUG] armors=1, targets=1
[DEBUG] armors=1, targets=1
[DEBUG] armors=1, targets=1
[DEBUG] armors=1, targets=1
[DEBUG] armors=1, targets=1
[DEBUG] armors=1, targets=1
[2026-09-05 13:38:08.765] [info] [SYNC][XUC] mode=0 yaw=-5.14 deg pitch=1.60 deg feeder_rpm=0.00 wheel0_rpm=0 wheel1_rpm=0 wheel_delta=0 projectile_speed=12.80
[DEBUG] armors=1, targets=1
[2026-09-05 13:38:08.780] [info] [PERF] 总耗时=15.0ms (检测=12.3ms, 跟踪=0.5ms), FPS=66.5
[2026-09-05 13:38:08.780] [info] 📊 [CAMERA FPS] 瞬时帧率=66.4fps, 平均帧率=64.4fps, 总帧数=3850, 运行时间=59.8s
[DEBUG] armors=1, targets=1
[DEBUG] armors=1, targets=1
[DEBUG] armors=1, targets=1
[DEBUG] armors=1, targets=1
[DEBUG] armors=1, targets=1
[DEBUG] armors=1, targets=1
[DEBUG] armors=1, targets=1
[DEBUG] armors=1, targets=1
[DEBUG] armors=1, targets=1
[DEBUG] armors=1, targets=1
[2026-09-05 13:38:08.929] [info] [DRYRUN] measured_gimbal=(2.879,-0.005,-0.055) measured_world=(2.865,0.252,-0.134) tracked_world=(2.861,0.257,-0.135) target_gimbal_deg=(-0.10,-1.10) target_world_deg=(5.04,-2.67) gimbal_deg=(5.13,1.58) armor_y_px=629.5 pixel_error_deg=(0.83,2.19) ballistic=(range=2.879m holdover=0.554m comp=10.68deg residual=-8.48deg) q_wxyz=(0.998902,0.000616,0.013740,-0.044791) cmd_deg=(5.08,-12.43) packed_pitch_deg=-12.43 control=true shoot=false
[DEBUG] armors=1, targets=1
[DEBUG] armors=1, targets=1
[DEBUG] armors=1, targets=1
[DEBUG] armors=1, targets=1
[DEBUG] armors=1, targets=1
[DEBUG] armors=1, targets=1
[DEBUG] armors=1, targets=1
[DEBUG] armors=1, targets=1
[DEBUG] armors=1, targets=1
[DEBUG] armors=1, targets=1
[DEBUG] armors=1, targets=1
[DEBUG] armors=1, targets=1
[DEBUG] armors=1, targets=1
[DEBUG] armors=1, targets=1
[DEBUG] armors=1, targets=1
[DEBUG] armors=1, targets=1
[DEBUG] armors=1, targets=1
[DEBUG] armors=1, targets=1
[DEBUG] armors=1, targets=1
[DEBUG] armors=1, targets=1
[2026-09-05 13:38:09.235] [info] [DRYRUN] measured_gimbal=(2.946,-0.004,-0.059) measured_world=(2.932,0.259,-0.140) tracked_world=(2.876,0.259,-0.135) target_gimbal_deg=(-0.08,-1.14) target_world_deg=(5.05,-2.73) gimbal_deg=(5.13,1.59) armor_y_px=630.3 pixel_error_deg=(0.84,2.21) ballistic=(range=2.946m holdover=0.572m comp=10.78deg residual=-8.56deg) q_wxyz=(0.998901,0.000621,0.013856,-0.044769) cmd_deg=(5.06,-12.41) packed_pitch_deg=-12.41 control=true shoot=false
[DEBUG] armors=1, targets=1
[DEBUG] armors=1, targets=1
[DEBUG] armors=1, targets=1
[DEBUG] armors=1, targets=1
[DEBUG] armors=1, targets=1
[DEBUG] armors=1, targets=1
[DEBUG] armors=1, targets=1
[DEBUG] armors=1, targets=1
[DEBUG] armors=1, targets=1
[DEBUG] armors=1, targets=1
[DEBUG] armors=1, targets=1
[DEBUG] armors=1, targets=1
[DEBUG] armors=1, targets=1
[DEBUG] armors=1, targets=1
[DEBUG] armors=1, targets=1
[DEBUG] armors=1, targets=1
[DEBUG] armors=1, targets=1
[DEBUG] armors=1, targets=1
[DEBUG] armors=1, targets=1
[2026-09-05 13:38:09.533] [info] [SYNC][XUC] mode=0 yaw=-5.13 deg pitch=1.58 deg feeder_rpm=0.00 wheel0_rpm=0 wheel1_rpm=0 wheel_delta=0 projectile_speed=12.80
[DEBUG] armors=1, targets=1
[2026-09-05 13:38:09.547] [info] [DRYRUN] measured_gimbal=(2.838,-0.005,-0.054) measured_world=(2.825,0.248,-0.132) tracked_world=(2.861,0.249,-0.134) target_gimbal_deg=(-0.11,-1.08) target_world_deg=(5.02,-2.66) gimbal_deg=(5.13,1.58) armor_y_px=629.6 pixel_error_deg=(0.83,2.20) ballistic=(range=2.838m holdover=0.543m comp=10.62deg residual=-8.42deg) q_wxyz=(0.998904,0.000615,0.013741,-0.044734) cmd_deg=(4.88,-12.35) packed_pitch_deg=-12.35 control=true shoot=false
[2026-09-05 13:38:09.549] [info] [PERF] 总耗时=15.7ms (检测=12.9ms, 跟踪=0.5ms), FPS=63.5
[2026-09-05 13:38:09.549] [info] 📊 [CAMERA FPS] 瞬时帧率=63.4fps, 平均帧率=64.4fps, 总帧数=3900, 运行时间=60.5s
[DEBUG] armors=1, targets=1
[DEBUG] armors=1, targets=1
[DEBUG] armors=1, targets=1
[DEBUG] armors=1, targets=1
[DEBUG] armors=1, targets=1
[DEBUG] armors=1, targets=1
[DEBUG] armors=1, targets=1
[DEBUG] armors=1, targets=1
[DEBUG] armors=1, targets=1
[DEBUG] armors=1, targets=1
[DEBUG] armors=1, targets=1
[DEBUG] armors=1, targets=1
[DEBUG] armors=1, targets=1
[DEBUG] armors=1, targets=1
[DEBUG] armors=1, targets=1
[DEBUG] armors=1, targets=1
[DEBUG] armors=1, targets=1
[DEBUG] armors=1, targets=1
[DEBUG] armors=1, targets=1
[DEBUG] armors=1, targets=1
[2026-09-05 13:38:09.861] [info] [DRYRUN] measured_gimbal=(2.834,-0.006,-0.053) measured_world=(2.821,0.247,-0.131) tracked_world=(2.849,0.248,-0.133) target_gimbal_deg=(-0.12,-1.08) target_world_deg=(5.01,-2.66) gimbal_deg=(5.13,1.57) armor_y_px=629.7 pixel_error_deg=(0.84,2.20) ballistic=(range=2.834m holdover=0.542m comp=10.61deg residual=-8.41deg) q_wxyz=(0.998906,0.000614,0.013728,-0.044708) cmd_deg=(4.94,-12.32) packed_pitch_deg=-12.32 control=true shoot=false
[DEBUG] armors=1, targets=1
[DEBUG] armors=1, targets=1
[DEBUG] armors=1, targets=1
[DEBUG] armors=1, targets=1
[DEBUG] armors=1, targets=1
[DEBUG] armors=1, targets=1
[DEBUG] armors=1, targets=1
[DEBUG] armors=1, targets=1
[DEBUG] armors=1, targets=1
[DEBUG] armors=1, targets=1
[DEBUG] armors=1, targets=1
[DEBUG] armors=1, targets=1
[DEBUG] armors=1, targets=1
[DEBUG] armors=1, targets=1
[DEBUG] armors=1, targets=1
[DEBUG] armors=1, targets=1
[DEBUG] armors=1, targets=1
[DEBUG] armors=1, targets=1
[DEBUG] armors=1, targets=1
[DEBUG] armors=1, targets=1
[2026-09-05 13:38:10.174] [info] [DRYRUN] measured_gimbal=(2.853,-0.006,-0.054) measured_world=(2.839,0.249,-0.132) tracked_world=(2.909,0.321,-0.138) target_gimbal_deg=(-0.11,-1.09) target_world_deg=(5.01,-2.65) gimbal_deg=(5.12,1.56) armor_y_px=629.7 pixel_error_deg=(0.84,2.20) ballistic=(range=2.853m holdover=0.547m comp=10.64deg residual=-8.44deg) q_wxyz=(0.998907,0.000609,0.013617,-0.044700) cmd_deg=(7.22,-12.41) packed_pitch_deg=-12.41 control=true shoot=false
[DEBUG] armors=1, targets=1
[DEBUG] armors=1, targets=1
[DEBUG] armors=1, targets=1
[DEBUG] armors=1, targets=1
[DEBUG] armors=1, targets=1
[DEBUG] armors=1, targets=1
[DEBUG] armors=1, targets=1
[DEBUG] armors=1, targets=1
[DEBUG] armors=1, targets=1
[2026-09-05 13:38:10.314] [info] [SYNC][XUC] mode=0 yaw=-5.12 deg pitch=1.57 deg feeder_rpm=0.00 wheel0_rpm=0 wheel1_rpm=0 wheel_delta=0 projectile_speed=12.80
[DEBUG] armors=1, targets=1
[2026-09-05 13:38:10.330] [info] [PERF] 总耗时=15.7ms (检测=12.8ms, 跟踪=0.5ms), FPS=63.8
[2026-09-05 13:38:10.330] [info] 📊 [CAMERA FPS] 瞬时帧率=63.6fps, 平均帧率=64.4fps, 总帧数=3950, 运行时间=61.3s
[DEBUG] armors=1, targets=1
[DEBUG] armors=1, targets=1
[DEBUG] armors=1, targets=1
[DEBUG] armors=1, targets=1
[DEBUG] armors=1, targets=1
[DEBUG] armors=1, targets=1
[DEBUG] armors=1, targets=1
[DEBUG] armors=1, targets=1
[DEBUG] armors=1, targets=1
[DEBUG] armors=1, targets=1
[2026-09-05 13:38:10.482] [info] [DRYRUN] measured_gimbal=(2.913,-0.005,-0.057) measured_world=(2.899,0.254,-0.138) tracked_world=(2.927,0.289,-0.138) target_gimbal_deg=(-0.11,-1.13) target_world_deg=(5.01,-2.71) gimbal_deg=(5.12,1.58) armor_y_px=630.3 pixel_error_deg=(0.83,2.21) ballistic=(range=2.913m holdover=0.563m comp=10.73deg residual=-8.51deg) q_wxyz=(0.998907,0.000616,0.013764,-0.044672) cmd_deg=(5.67,-12.46) packed_pitch_deg=-12.46 control=true shoot=false
[DEBUG] armors=1, targets=1
[DEBUG] armors=1, targets=1
[DEBUG] armors=1, targets=1
[DEBUG] armors=1, targets=1
[DEBUG] armors=1, targets=1
[DEBUG] armors=1, targets=1
[DEBUG] armors=1, targets=1
[DEBUG] armors=1, targets=1
[DEBUG] armors=1, targets=1
[DEBUG] armors=1, targets=1
[DEBUG] armors=1, targets=1
[DEBUG] armors=1, targets=1
[DEBUG] armors=1, targets=1
[DEBUG] armors=1, targets=1
[DEBUG] armors=1, targets=1
[DEBUG] armors=1, targets=1
[DEBUG] armors=1, targets=1
[DEBUG] armors=1, targets=1
[DEBUG] armors=1, targets=1
[DEBUG] armors=1, targets=1
[2026-09-05 13:38:10.792] [info] [DRYRUN] measured_gimbal=(2.884,-0.005,-0.056) measured_world=(2.871,0.252,-0.136) tracked_world=(2.930,0.279,-0.138) target_gimbal_deg=(-0.11,-1.11) target_world_deg=(5.01,-2.69) gimbal_deg=(5.12,1.59) armor_y_px=629.8 pixel_error_deg=(0.85,2.20) ballistic=(range=2.884m holdover=0.555m comp=10.68deg residual=-8.48deg) q_wxyz=(0.998908,0.000618,0.013837,-0.044630) cmd_deg=(5.43,-12.36) packed_pitch_deg=-12.36 control=true shoot=false
[DEBUG] armors=1, targets=1
[DEBUG] armors=1, targets=1
[DEBUG] armors=1, targets=1
[DEBUG] armors=1, targets=1
[DEBUG] armors=1, targets=1
[DEBUG] armors=1, targets=1
[DEBUG] armors=1, targets=1
[DEBUG] armors=1, targets=1
[DEBUG] armors=1, targets=1
[DEBUG] armors=1, targets=1
[DEBUG] armors=1, targets=1
[DEBUG] armors=1, targets=1
[DEBUG] armors=1, targets=1
[DEBUG] armors=1, targets=1
[DEBUG] armors=1, targets=1
[DEBUG] armors=1, targets=1
[DEBUG] armors=1, targets=1
[DEBUG] armors=1, targets=1
[DEBUG] armors=1, targets=1
[2026-09-05 13:38:11.089] [info] [SYNC][XUC] mode=0 yaw=-5.11 deg pitch=1.60 deg feeder_rpm=0.00 wheel0_rpm=0 wheel1_rpm=0 wheel_delta=0 projectile_speed=12.80
[DEBUG] armors=1, targets=1
[2026-09-05 13:38:11.101] [info] [DRYRUN] measured_gimbal=(2.871,-0.004,-0.055) measured_world=(2.858,0.251,-0.135) tracked_world=(2.913,0.261,-0.138) target_gimbal_deg=(-0.08,-1.10) target_world_deg=(5.02,-2.70) gimbal_deg=(5.11,1.60) armor_y_px=629.8 pixel_error_deg=(0.80,2.20) ballistic=(range=2.871m holdover=0.552m comp=10.67deg residual=-8.46deg) q_wxyz=(0.998910,0.000621,0.013934,-0.044544) cmd_deg=(4.88,-12.32) packed_pitch_deg=-12.32 control=true shoot=false
[2026-09-05 13:38:11.104] [info] [PERF] 总耗时=15.0ms (检测=12.0ms, 跟踪=0.5ms), FPS=66.7
[2026-09-05 13:38:11.104] [info] 📊 [CAMERA FPS] 瞬时帧率=66.5fps, 平均帧率=64.4fps, 总帧数=4000, 运行时间=62.1s
[DEBUG] armors=1, targets=1
[DEBUG] armors=1, targets=1
[DEBUG] armors=1, targets=1
[DEBUG] armors=1, targets=1
[DEBUG] armors=1, targets=1
[DEBUG] armors=1, targets=1
[DEBUG] armors=1, targets=1
[DEBUG] armors=1, targets=1
[DEBUG] armors=1, targets=1
[DEBUG] armors=1, targets=1
[DEBUG] armors=1, targets=1
[DEBUG] armors=1, targets=1
[DEBUG] armors=1, targets=1
[DEBUG] armors=1, targets=1
[DEBUG] armors=1, targets=1
[DEBUG] armors=1, targets=1
[DEBUG] armors=1, targets=1
[DEBUG] armors=1, targets=1
[DEBUG] armors=1, targets=1
[DEBUG] armors=1, targets=1
[2026-09-05 13:38:11.408] [info] [DRYRUN] measured_gimbal=(2.847,-0.006,-0.053) measured_world=(2.833,0.248,-0.133) tracked_world=(2.870,0.246,-0.135) target_gimbal_deg=(-0.11,-1.06) target_world_deg=(5.00,-2.69) gimbal_deg=(5.11,1.63) armor_y_px=628.6 pixel_error_deg=(0.84,2.17) ballistic=(range=2.847m holdover=0.545m comp=10.63deg residual=-8.46deg) q_wxyz=(0.998906,0.000632,0.014176,-0.044569) cmd_deg=(4.72,-12.35) packed_pitch_deg=-12.35 control=true shoot=false
[DEBUG] armors=1, targets=1
[DEBUG] armors=1, targets=1
[DEBUG] armors=1, targets=1
[DEBUG] armors=1, targets=1
[DEBUG] armors=1, targets=1
[DEBUG] armors=1, targets=1
[DEBUG] armors=1, targets=1
[DEBUG] armors=1, targets=1
[DEBUG] armors=1, targets=1
[DEBUG] armors=1, targets=1
[DEBUG] armors=1, targets=1
[DEBUG] armors=1, targets=1
[DEBUG] armors=1, targets=1
[DEBUG] armors=1, targets=1
[DEBUG] armors=1, targets=1
[DEBUG] armors=1, targets=1
[DEBUG] armors=1, targets=1
[DEBUG] armors=1, targets=1
[DEBUG] armors=1, targets=1
[DEBUG] armors=1, targets=1
[2026-09-05 13:38:11.717] [info] [DRYRUN] measured_gimbal=(2.914,-0.006,-0.057) measured_world=(2.900,0.254,-0.139) tracked_world=(2.849,0.246,-0.135) target_gimbal_deg=(-0.11,-1.13) target_world_deg=(5.01,-2.74) gimbal_deg=(5.12,1.61) armor_y_px=630.3 pixel_error_deg=(0.84,2.21) ballistic=(range=2.914m holdover=0.563m comp=10.73deg residual=-8.52deg) q_wxyz=(0.998904,0.000628,0.014043,-0.044641) cmd_deg=(4.89,-12.39) packed_pitch_deg=-12.39 control=true shoot=false
[DEBUG] armors=1, targets=1
[DEBUG] armors=1, targets=1
[DEBUG] armors=1, targets=1
[DEBUG] armors=1, targets=1
[DEBUG] armors=1, targets=1
[DEBUG] armors=1, targets=1
[DEBUG] armors=1, targets=1
[DEBUG] armors=1, targets=1
[DEBUG] armors=1, targets=1
[2026-09-05 13:38:11.857] [info] [SYNC][XUC] mode=0 yaw=-5.12 deg pitch=1.61 deg feeder_rpm=0.00 wheel0_rpm=0 wheel1_rpm=0 wheel_delta=0 projectile_speed=12.80
[DEBUG] armors=1, targets=1
[2026-09-05 13:38:11.872] [info] [PERF] 总耗时=15.0ms (检测=12.0ms, 跟踪=0.5ms), FPS=66.7
[2026-09-05 13:38:11.872] [info] 📊 [CAMERA FPS] 瞬时帧率=66.5fps, 平均帧率=64.4fps, 总帧数=4050, 运行时间=62.9s
[DEBUG] armors=1, targets=1
[DEBUG] armors=1, targets=1
[DEBUG] armors=1, targets=1
[DEBUG] armors=1, targets=1
[DEBUG] armors=1, targets=1
[DEBUG] armors=1, targets=1
[DEBUG] armors=1, targets=1
[DEBUG] armors=1, targets=1
[DEBUG] armors=1, targets=1
[DEBUG] armors=1, targets=1
[2026-09-05 13:38:12.023] [info] [DRYRUN] measured_gimbal=(2.882,-0.006,-0.056) measured_world=(2.868,0.251,-0.137) tracked_world=(2.838,0.248,-0.135) target_gimbal_deg=(-0.12,-1.11) target_world_deg=(5.00,-2.72) gimbal_deg=(5.12,1.61) armor_y_px=630.1 pixel_error_deg=(0.84,2.21) ballistic=(range=2.882m holdover=0.555m comp=10.68deg residual=-8.47deg) q_wxyz=(0.998903,0.000627,0.014017,-0.044668) cmd_deg=(5.00,-12.32) packed_pitch_deg=-12.32 control=true shoot=false
[DEBUG] armors=1, targets=1
[DEBUG] armors=1, targets=1
[DEBUG] armors=1, targets=1
[DEBUG] armors=1, targets=1
[DEBUG] armors=1, targets=1
[DEBUG] armors=1, targets=1
[DEBUG] armors=1, targets=1
[DEBUG] armors=1, targets=1
[DEBUG] armors=1, targets=1
[DEBUG] armors=1, targets=1
[DEBUG] armors=1, targets=1
[DEBUG] armors=1, targets=1
[DEBUG] armors=1, targets=1
[DEBUG] armors=1, targets=1
[DEBUG] armors=1, targets=1
[DEBUG] armors=1, targets=1
[DEBUG] armors=1, targets=1
[DEBUG] armors=1, targets=1
[DEBUG] armors=1, targets=1
[DEBUG] armors=1, targets=1
[2026-09-05 13:38:12.334] [info] [DRYRUN] measured_gimbal=(2.914,-0.005,-0.057) measured_world=(2.900,0.255,-0.139) tracked_world=(2.894,0.287,-0.139) target_gimbal_deg=(-0.10,-1.13) target_world_deg=(5.02,-2.74) gimbal_deg=(5.12,1.61) armor_y_px=630.1 pixel_error_deg=(0.84,2.21) ballistic=(range=2.914m holdover=0.564m comp=10.73deg residual=-8.52deg) q_wxyz=(0.998904,0.000627,0.014035,-0.044647) cmd_deg=(5.98,-12.40) packed_pitch_deg=-12.40 control=true shoot=false
[DEBUG] armors=1, targets=1
[DEBUG] armors=1, targets=1
[DEBUG] armors=1, targets=1
[DEBUG] armors=1, targets=1
[DEBUG] armors=1, targets=1
[DEBUG] armors=1, targets=1
[DEBUG] armors=1, targets=1
[DEBUG] armors=1, targets=1
[DEBUG] armors=1, targets=1
[DEBUG] armors=1, targets=1
[DEBUG] armors=1, targets=1
[DEBUG] armors=1, targets=1
[DEBUG] armors=1, targets=1
[DEBUG] armors=1, targets=1
[DEBUG] armors=1, targets=1
[DEBUG] armors=1, targets=1
[DEBUG] armors=1, targets=1
[DEBUG] armors=1, targets=1
[DEBUG] armors=1, targets=1
[2026-09-05 13:38:12.630] [info] [SYNC][XUC] mode=0 yaw=-5.12 deg pitch=1.61 deg feeder_rpm=0.00 wheel0_rpm=0 wheel1_rpm=0 wheel_delta=0 projectile_speed=12.80
[DEBUG] armors=1, targets=1
[2026-09-05 13:38:12.643] [info] [DRYRUN] measured_gimbal=(2.852,-0.006,-0.054) measured_world=(2.838,0.248,-0.134) tracked_world=(2.867,0.255,-0.136) target_gimbal_deg=(-0.12,-1.08) target_world_deg=(5.00,-2.70) gimbal_deg=(5.12,1.61) armor_y_px=629.5 pixel_error_deg=(0.84,2.20) ballistic=(range=2.852m holdover=0.547m comp=10.64deg residual=-8.44deg) q_wxyz=(0.998904,0.000629,0.014068,-0.044646) cmd_deg=(4.93,-12.30) packed_pitch_deg=-12.30 control=true shoot=false
[2026-09-05 13:38:12.645] [info] [PERF] 总耗时=15.3ms (检测=12.4ms, 跟踪=0.4ms), FPS=65.2
[2026-09-05 13:38:12.645] [info] 📊 [CAMERA FPS] 瞬时帧率=65.1fps, 平均帧率=64.4fps, 总帧数=4100, 运行时间=63.6s
[DEBUG] armors=1, targets=1
[DEBUG] armors=1, targets=1
[DEBUG] armors=1, targets=1
[DEBUG] armors=1, targets=1
[DEBUG] armors=1, targets=1
[DEBUG] armors=1, targets=1
[DEBUG] armors=1, targets=1
[DEBUG] armors=1, targets=1
[DEBUG] armors=1, targets=1
[DEBUG] armors=1, targets=1
[DEBUG] armors=1, targets=1
[DEBUG] armors=1, targets=1
[DEBUG] armors=1, targets=1
[DEBUG] armors=1, targets=1
[DEBUG] armors=1, targets=1
[DEBUG] armors=1, targets=1
[DEBUG] armors=1, targets=1
[DEBUG] armors=1, targets=1
[DEBUG] armors=1, targets=1
[DEBUG] armors=1, targets=1
[2026-09-05 13:38:12.957] [info] [DRYRUN] measured_gimbal=(2.869,-0.005,-0.055) measured_world=(2.855,0.250,-0.135) tracked_world=(2.853,0.246,-0.135) target_gimbal_deg=(-0.10,-1.09) target_world_deg=(5.01,-2.71) gimbal_deg=(5.11,1.61) armor_y_px=629.6 pixel_error_deg=(0.83,2.20) ballistic=(range=2.869m holdover=0.551m comp=10.66deg residual=-8.46deg) q_wxyz=(0.998907,0.000627,0.014058,-0.044582) cmd_deg=(4.81,-12.33) packed_pitch_deg=-12.33 control=true shoot=false
[DEBUG] armors=1, targets=1
[DEBUG] armors=1, targets=1
[DEBUG] armors=1, targets=1
[DEBUG] armors=1, targets=1
[DEBUG] armors=1, targets=1
[DEBUG] armors=1, targets=1
[DEBUG] armors=1, targets=1
[DEBUG] armors=1, targets=1
[DEBUG] armors=1, targets=1
[DEBUG] armors=1, targets=1
[DEBUG] armors=1, targets=1
[DEBUG] armors=1, targets=1
[DEBUG] armors=1, targets=1
[DEBUG] armors=1, targets=1
[DEBUG] armors=1, targets=1
[DEBUG] armors=1, targets=1
[DEBUG] armors=1, targets=1
[DEBUG] armors=1, targets=1
[DEBUG] armors=1, targets=1
[DEBUG] armors=1, targets=1
[2026-09-05 13:38:13.268] [info] [DRYRUN] measured_gimbal=(2.851,-0.006,-0.054) measured_world=(2.838,0.248,-0.134) tracked_world=(2.844,0.246,-0.135) target_gimbal_deg=(-0.11,-1.08) target_world_deg=(5.00,-2.69) gimbal_deg=(5.11,1.61) armor_y_px=629.4 pixel_error_deg=(0.84,2.19) ballistic=(range=2.851m holdover=0.547m comp=10.64deg residual=-8.44deg) q_wxyz=(0.998908,0.000626,0.014031,-0.044564) cmd_deg=(4.92,-12.31) packed_pitch_deg=-12.31 control=true shoot=false
[DEBUG] armors=1, targets=1
[DEBUG] armors=1, targets=1
[DEBUG] armors=1, targets=1
[DEBUG] armors=1, targets=1
[DEBUG] armors=1, targets=1
[DEBUG] armors=1, targets=1
[DEBUG] armors=1, targets=1
[DEBUG] armors=1, targets=1
[DEBUG] armors=1, targets=1
[2026-09-05 13:38:13.409] [info] [SYNC][XUC] mode=0 yaw=-5.11 deg pitch=1.62 deg feeder_rpm=0.00 wheel0_rpm=0 wheel1_rpm=0 wheel_delta=0 projectile_speed=12.80
[DEBUG] armors=1, targets=1
[2026-09-05 13:38:13.424] [info] [PERF] 总耗时=15.6ms (检测=12.9ms, 跟踪=0.5ms), FPS=64.0
[2026-09-05 13:38:13.424] [info] 📊 [CAMERA FPS] 瞬时帧率=63.8fps, 平均帧率=64.4fps, 总帧数=4150, 运行时间=64.4s
[DEBUG] armors=1, targets=1
[DEBUG] armors=1, targets=1
[DEBUG] armors=1, targets=1
[DEBUG] armors=1, targets=1
[DEBUG] armors=1, targets=1
[DEBUG] armors=1, targets=1
[DEBUG] armors=1, targets=1
[DEBUG] armors=1, targets=1
[DEBUG] armors=1, targets=1
[DEBUG] armors=1, targets=1
[2026-09-05 13:38:13.578] [info] [DRYRUN] measured_gimbal=(2.849,-0.006,-0.054) measured_world=(2.836,0.247,-0.134) tracked_world=(2.836,0.247,-0.135) target_gimbal_deg=(-0.12,-1.08) target_world_deg=(4.98,-2.70) gimbal_deg=(5.10,1.62) armor_y_px=629.5 pixel_error_deg=(0.84,2.19) ballistic=(range=2.849m holdover=0.546m comp=10.63deg residual=-8.44deg) q_wxyz=(0.998910,0.000627,0.014085,-0.044496) cmd_deg=(4.98,-12.29) packed_pitch_deg=-12.29 control=true shoot=false
[DEBUG] armors=1, targets=1
[DEBUG] armors=1, targets=1
[DEBUG] armors=1, targets=1
[DEBUG] armors=1, targets=1
[DEBUG] armors=1, targets=1
[DEBUG] armors=1, targets=1
[DEBUG] armors=1, targets=1
[DEBUG] armors=1, targets=1
[DEBUG] armors=1, targets=1
[DEBUG] armors=1, targets=1
[DEBUG] armors=1, targets=1
[DEBUG] armors=1, targets=1
[DEBUG] armors=1, targets=1
[DEBUG] armors=1, targets=1
[DEBUG] armors=1, targets=1
[DEBUG] armors=1, targets=1
[DEBUG] armors=1, targets=1
[DEBUG] armors=1, targets=1
[DEBUG] armors=1, targets=1
[DEBUG] armors=1, targets=1
[2026-09-05 13:38:13.884] [info] [DRYRUN] measured_gimbal=(2.867,-0.005,-0.055) measured_world=(2.853,0.249,-0.135) tracked_world=(2.869,0.272,-0.137) target_gimbal_deg=(-0.11,-1.10) target_world_deg=(5.00,-2.71) gimbal_deg=(5.10,1.61) armor_y_px=629.8 pixel_error_deg=(0.82,2.20) ballistic=(range=2.867m holdover=0.551m comp=10.66deg residual=-8.46deg) q_wxyz=(0.998910,0.000626,0.014046,-0.044518) cmd_deg=(5.69,-12.31) packed_pitch_deg=-12.31 control=true shoot=false
[DEBUG] armors=1, targets=1
[DEBUG] armors=1, targets=1
[DEBUG] armors=1, targets=1
[DEBUG] armors=1, targets=1
[DEBUG] armors=1, targets=1
[DEBUG] armors=1, targets=1
[DEBUG] armors=1, targets=1
[DEBUG] armors=1, targets=1
[DEBUG] armors=1, targets=1
[DEBUG] armors=1, targets=1
[DEBUG] armors=1, targets=1
[DEBUG] armors=1, targets=1
[DEBUG] armors=1, targets=1
[DEBUG] armors=1, targets=1
[DEBUG] armors=1, targets=1
[DEBUG] armors=1, targets=1
[DEBUG] armors=1, targets=1
[DEBUG] armors=1, targets=1
[DEBUG] armors=1, targets=1
[2026-09-05 13:38:14.180] [info] [SYNC][XUC] mode=0 yaw=-5.10 deg pitch=1.63 deg feeder_rpm=0.00 wheel0_rpm=0 wheel1_rpm=0 wheel_delta=0 projectile_speed=12.80
[DEBUG] armors=1, targets=1
[2026-09-05 13:38:14.194] [info] [DRYRUN] measured_gimbal=(2.881,-0.005,-0.055) measured_world=(2.867,0.251,-0.137) tracked_world=(2.894,0.270,-0.139) target_gimbal_deg=(-0.10,-1.10) target_world_deg=(5.00,-2.73) gimbal_deg=(5.10,1.63) armor_y_px=629.6 pixel_error_deg=(0.83,2.20) ballistic=(range=2.881m holdover=0.555m comp=10.68deg residual=-8.48deg) q_wxyz=(0.998908,0.000633,0.014205,-0.044515) cmd_deg=(5.36,-12.36) packed_pitch_deg=-12.36 control=true shoot=false
[2026-09-05 13:38:14.196] [info] [PERF] 总耗时=15.7ms (检测=12.9ms, 跟踪=0.5ms), FPS=63.8
[2026-09-05 13:38:14.196] [info] 📊 [CAMERA FPS] 瞬时帧率=63.7fps, 平均帧率=64.4fps, 总帧数=4200, 运行时间=65.2s
[DEBUG] armors=1, targets=1
[DEBUG] armors=1, targets=1
[DEBUG] armors=1, targets=1
[DEBUG] armors=1, targets=1
[DEBUG] armors=1, targets=1
[DEBUG] armors=1, targets=1
[DEBUG] armors=1, targets=1
[DEBUG] armors=1, targets=1
[DEBUG] armors=1, targets=1
[DEBUG] armors=1, targets=1
[DEBUG] armors=1, targets=1
[DEBUG] armors=1, targets=1
[DEBUG] armors=1, targets=1
[DEBUG] armors=1, targets=1
[DEBUG] armors=1, targets=1
[DEBUG] armors=1, targets=1
[DEBUG] armors=1, targets=1
[DEBUG] armors=1, targets=1
[DEBUG] armors=1, targets=1
[DEBUG] armors=1, targets=1
[2026-09-05 13:38:14.503] [info] [DRYRUN] measured_gimbal=(2.899,-0.006,-0.057) measured_world=(2.886,0.252,-0.140) tracked_world=(2.911,0.264,-0.140) target_gimbal_deg=(-0.11,-1.12) target_world_deg=(4.99,-2.76) gimbal_deg=(5.10,1.64) armor_y_px=630.2 pixel_error_deg=(0.84,2.21) ballistic=(range=2.899m holdover=0.560m comp=10.71deg residual=-8.50deg) q_wxyz=(0.998906,0.000636,0.014279,-0.044519) cmd_deg=(5.05,-12.37) packed_pitch_deg=-12.37 control=true shoot=false
[DEBUG] armors=1, targets=1
[DEBUG] armors=1, targets=1
[DEBUG] armors=1, targets=1
[DEBUG] armors=1, targets=1
[DEBUG] armors=1, targets=1
[DEBUG] armors=1, targets=1
[DEBUG] armors=1, targets=1
[DEBUG] armors=1, targets=1
[DEBUG] armors=1, targets=1
[DEBUG] armors=1, targets=1
[DEBUG] armors=1, targets=1
[DEBUG] armors=1, targets=1
[DEBUG] armors=1, targets=1
[DEBUG] armors=1, targets=1
[DEBUG] armors=1, targets=1
[DEBUG] armors=1, targets=1
[DEBUG] armors=1, targets=1
[DEBUG] armors=1, targets=1
[DEBUG] armors=1, targets=1
[DEBUG] armors=1, targets=1
[2026-09-05 13:38:14.813] [info] [DRYRUN] measured_gimbal=(2.910,-0.005,-0.057) measured_world=(2.896,0.253,-0.140) tracked_world=(2.880,0.248,-0.138) target_gimbal_deg=(-0.10,-1.12) target_world_deg=(5.00,-2.75) gimbal_deg=(5.10,1.63) armor_y_px=630.1 pixel_error_deg=(0.85,2.21) ballistic=(range=2.910m holdover=0.562m comp=10.72deg residual=-8.51deg) q_wxyz=(0.998910,0.000632,0.014206,-0.044460) cmd_deg=(4.74,-12.34) packed_pitch_deg=-12.34 control=true shoot=false
[DEBUG] armors=1, targets=1
[DEBUG] armors=1, targets=1
[DEBUG] armors=1, targets=1
[DEBUG] armors=1, targets=1
[DEBUG] armors=1, targets=1
[DEBUG] armors=1, targets=1
[DEBUG] armors=1, targets=1
[2026-09-05 13:38:14.933] [debug] [Target] Bad Converge Found! recent_rate=0.400 last_nis=10.330 nees=-nan resid=(yaw=0.001,pitch=-0.000,dist=0.023,ang=1.011)
[DEBUG] armors=1, targets=0
[DEBUG] armors=1, targets=1
[2026-09-05 13:38:14.950] [info] [SYNC][XUC] mode=0 yaw=-5.10 deg pitch=1.63 deg feeder_rpm=0.00 wheel0_rpm=0 wheel1_rpm=0 wheel_delta=0 projectile_speed=12.80
[DEBUG] armors=1, targets=1
[2026-09-05 13:38:14.965] [info] [PERF] 总耗时=15.1ms (检测=12.2ms, 跟踪=0.5ms), FPS=66.1
[2026-09-05 13:38:14.965] [info] 📊 [CAMERA FPS] 瞬时帧率=65.9fps, 平均帧率=64.4fps, 总帧数=4250, 运行时间=65.9s
[DEBUG] armors=1, targets=1
[DEBUG] armors=1, targets=1
[DEBUG] armors=1, targets=1
[DEBUG] armors=1, targets=1
[DEBUG] armors=1, targets=1
[DEBUG] armors=1, targets=1
[DEBUG] armors=1, targets=1
[DEBUG] armors=1, targets=1
[DEBUG] armors=1, targets=1
[DEBUG] armors=1, targets=1
[2026-09-05 13:38:15.115] [info] [DRYRUN] measured_gimbal=(2.937,-0.005,-0.058) measured_world=(2.923,0.256,-0.141) tracked_world=(3.168,0.361,-0.154) target_gimbal_deg=(-0.10,-1.14) target_world_deg=(5.00,-2.76) gimbal_deg=(5.10,1.62) armor_y_px=630.2 pixel_error_deg=(0.85,2.21) ballistic=(range=2.937m holdover=0.570m comp=10.76deg residual=-8.55deg) q_wxyz=(0.998911,0.000628,0.014113,-0.044464) cmd_deg=(4.99,-12.42) packed_pitch_deg=-12.42 control=true shoot=false
[DEBUG] armors=1, targets=1
[DEBUG] armors=1, targets=1
[DEBUG] armors=1, targets=1
[DEBUG] armors=1, targets=1
[DEBUG] armors=1, targets=1
[DEBUG] armors=1, targets=1
[DEBUG] armors=1, targets=1
[DEBUG] armors=1, targets=1
[DEBUG] armors=1, targets=1
[DEBUG] armors=1, targets=1
[2026-09-05 13:38:15.272] [info] Switch to auto_aim
[DEBUG] armors=1, targets=1
[DEBUG] armors=1, targets=1
[DEBUG] armors=1, targets=1
[DEBUG] armors=1, targets=1
[2026-09-05 13:38:15.333] [info] [SYNC][XUC] mode=1 yaw=-5.10 deg pitch=1.18 deg feeder_rpm=0.00 wheel0_rpm=1880 wheel1_rpm=2180 wheel_delta=-300 projectile_speed=12.80
[DEBUG] armors=1, targets=1
[DEBUG] armors=1, targets=1
[DEBUG] armors=1, targets=1
[DEBUG] armors=1, targets=1
[DEBUG] armors=1, targets=1
[2026-09-05 13:38:15.412] [info] [SYNC][XUC] mode=1 yaw=-5.15 deg pitch=-1.39 deg feeder_rpm=0.00 wheel0_rpm=2760 wheel1_rpm=2960 wheel_delta=-200 projectile_speed=12.80
[DEBUG] armors=1, targets=1
[2026-09-05 13:38:15.425] [info] [DRYRUN] measured_gimbal=(2.828,-0.005,-0.222) measured_world=(2.822,0.249,-0.153) tracked_world=(2.838,0.241,-0.142) target_gimbal_deg=(-0.10,-4.48) target_world_deg=(5.04,-3.10) gimbal_deg=(5.15,-1.39) armor_y_px=769.5 pixel_error_deg=(0.81,5.61) ballistic=(range=2.828m holdover=0.538m comp=10.55deg residual=-4.94deg) q_wxyz=(0.998919,-0.000543,-0.012078,-0.044883) cmd_deg=(4.42,-10.86) packed_pitch_deg=-10.86 control=true shoot=false
[DEBUG] armors=1, targets=1
[DEBUG] armors=1, targets=1
[DEBUG] armors=1, targets=1
[DEBUG] armors=1, targets=1
[2026-09-05 13:38:15.492] [info] [SYNC][XUC] mode=1 yaw=-5.21 deg pitch=-5.01 deg feeder_rpm=0.00 wheel0_rpm=3000 wheel1_rpm=3120 wheel_delta=-120 projectile_speed=12.80
[DEBUG] armors=1, targets=1
[2026-09-05 13:38:15.505] [info] [XUC][FIRE] stable-window candidate started
[DEBUG] armors=1, targets=1
[DEBUG] armors=1, targets=1
[DEBUG] armors=1, targets=1
[DEBUG] armors=1, targets=1
[2026-09-05 13:38:15.568] [info] [SYNC][XUC] mode=1 yaw=-5.23 deg pitch=-6.16 deg feeder_rpm=0.00 wheel0_rpm=3100 wheel1_rpm=3140 wheel_delta=-40 projectile_speed=12.80
[DEBUG] armors=1, targets=1
[DEBUG] armors=1, targets=1
[DEBUG] armors=1, targets=1
[DEBUG] armors=1, targets=1
[DEBUG] armors=1, targets=1
[2026-09-05 13:38:15.645] [info] [SYNC][XUC] mode=1 yaw=-5.24 deg pitch=-6.40 deg feeder_rpm=0.00 wheel0_rpm=3060 wheel1_rpm=3140 wheel_delta=-80 projectile_speed=12.80
[DEBUG] armors=1, targets=1
[DEBUG] armors=1, targets=1
[DEBUG] armors=0, targets=1
[2026-09-05 13:38:15.688] [info] [XUC][FIRE] stable window reset
[DEBUG] armors=1, targets=1
[2026-09-05 13:38:15.704] [info] [XUC][FIRE] stable-window candidate started
[DEBUG] armors=1, targets=1
[2026-09-05 13:38:15.722] [info] [SYNC][XUC] mode=1 yaw=-5.24 deg pitch=-6.42 deg feeder_rpm=0.00 wheel0_rpm=3120 wheel1_rpm=3160 wheel_delta=-40 projectile_speed=12.80
[DEBUG] armors=1, targets=1
[2026-09-05 13:38:15.735] [info] [DRYRUN] measured_gimbal=(2.821,-0.007,-0.469) measured_world=(2.845,0.254,-0.151) tracked_world=(2.855,0.249,-0.155) target_gimbal_deg=(-0.15,-9.45) target_world_deg=(5.09,-3.03) gimbal_deg=(5.24,-6.42) armor_y_px=975.0 pixel_error_deg=(0.87,10.55) ballistic=(range=2.821m holdover=0.532m comp=10.46deg residual=0.09deg) q_wxyz=(0.997389,-0.002558,-0.055909,-0.045632) cmd_deg=(4.97,-6.35) packed_pitch_deg=-6.35 control=true shoot=false
[2026-09-05 13:38:15.737] [info] [PERF] 总耗时=15.3ms (检测=12.5ms, 跟踪=0.5ms), FPS=65.2
[2026-09-05 13:38:15.737] [info] 📊 [CAMERA FPS] 瞬时帧率=65.1fps, 平均帧率=64.5fps, 总帧数=4300, 运行时间=66.7s
[DEBUG] armors=1, targets=1
[DEBUG] armors=1, targets=1
[DEBUG] armors=1, targets=1
[DEBUG] armors=1, targets=1
[2026-09-05 13:38:15.800] [info] [SYNC][XUC] mode=1 yaw=-5.25 deg pitch=-6.39 deg feeder_rpm=0.00 wheel0_rpm=3140 wheel1_rpm=3160 wheel_delta=-20 projectile_speed=12.80
[DEBUG] armors=0, targets=1
[2026-09-05 13:38:15.813] [info] [XUC][FIRE] stable window reset
[DEBUG] armors=1, targets=1
[2026-09-05 13:38:15.828] [info] [XUC][FIRE] stable-window candidate started
[DEBUG] armors=0, targets=1
[2026-09-05 13:38:15.842] [info] [XUC][FIRE] stable window reset
[DEBUG] armors=0, targets=1
[DEBUG] armors=0, targets=1
[2026-09-05 13:38:15.874] [info] [SYNC][XUC] mode=1 yaw=-5.24 deg pitch=-6.38 deg feeder_rpm=0.00 wheel0_rpm=3080 wheel1_rpm=3200 wheel_delta=-120 projectile_speed=12.80
[DEBUG] armors=0, targets=1
[DEBUG] armors=1, targets=1
[2026-09-05 13:38:15.902] [info] [XUC][FIRE] stable-window candidate started
[DEBUG] armors=0, targets=1
[2026-09-05 13:38:15.917] [info] [XUC][FIRE] stable window reset
[DEBUG] armors=0, targets=1
[DEBUG] armors=0, targets=1
[2026-09-05 13:38:15.950] [info] [SYNC][XUC] mode=1 yaw=-5.23 deg pitch=-6.36 deg feeder_rpm=0.00 wheel0_rpm=3080 wheel1_rpm=3160 wheel_delta=-80 projectile_speed=12.80
[DEBUG] armors=0, targets=1
[DEBUG] armors=0, targets=1
[DEBUG] armors=0, targets=1
[DEBUG] armors=1, targets=1
[2026-09-05 13:38:16.009] [info] [XUC][FIRE] stable-window candidate started
[DEBUG] armors=1, targets=1
[2026-09-05 13:38:16.026] [info] [SYNC][XUC] mode=1 yaw=-5.23 deg pitch=-6.33 deg feeder_rpm=0.00 wheel0_rpm=3120 wheel1_rpm=3140 wheel_delta=-20 projectile_speed=12.80
[DEBUG] armors=1, targets=1
[2026-09-05 13:38:16.040] [info] [DRYRUN] measured_gimbal=(2.883,-0.006,-0.477) measured_world=(2.907,0.260,-0.156) tracked_world=(2.873,0.255,-0.157) target_gimbal_deg=(-0.13,-9.39) target_world_deg=(5.11,-3.06) gimbal_deg=(5.23,-6.33) armor_y_px=971.5 pixel_error_deg=(0.87,10.47) ballistic=(range=2.883m holdover=0.549m comp=10.56deg residual=-0.10deg) q_wxyz=(0.997433,-0.002521,-0.055181,-0.045564) cmd_deg=(5.14,-6.46) packed_pitch_deg=-6.46 control=true shoot=false
[DEBUG] armors=0, targets=1
[2026-09-05 13:38:16.055] [info] [XUC][FIRE] stable window reset
[DEBUG] armors=1, targets=1
[2026-09-05 13:38:16.071] [info] [XUC][FIRE] stable-window candidate started
[DEBUG] armors=1, targets=1
[DEBUG] armors=1, targets=1
[2026-09-05 13:38:16.104] [info] [SYNC][XUC] mode=1 yaw=-5.23 deg pitch=-6.34 deg feeder_rpm=0.00 wheel0_rpm=3120 wheel1_rpm=3180 wheel_delta=-60 projectile_speed=12.80
[DEBUG] armors=1, targets=1
[DEBUG] armors=1, targets=1
[DEBUG] armors=1, targets=1
[DEBUG] armors=1, targets=1
[DEBUG] armors=1, targets=1
[2026-09-05 13:38:16.181] [info] [SYNC][XUC] mode=1 yaw=-5.24 deg pitch=-6.34 deg feeder_rpm=0.00 wheel0_rpm=3120 wheel1_rpm=3120 wheel_delta=0 projectile_speed=12.80
[DEBUG] armors=0, targets=1
[2026-09-05 13:38:16.193] [info] [XUC][FIRE] stable window reset
[DEBUG] armors=1, targets=1
[2026-09-05 13:38:16.209] [info] [XUC][FIRE] stable-window candidate started
[DEBUG] armors=0, targets=1
[2026-09-05 13:38:16.224] [info] [XUC][FIRE] stable window reset
[DEBUG] armors=1, targets=1
[2026-09-05 13:38:16.239] [info] [XUC][FIRE] stable-window candidate started
[DEBUG] armors=0, targets=1
[2026-09-05 13:38:16.254] [info] [XUC][FIRE] stable window reset
[2026-09-05 13:38:16.256] [info] [SYNC][XUC] mode=1 yaw=-5.23 deg pitch=-6.34 deg feeder_rpm=0.00 wheel0_rpm=3120 wheel1_rpm=3160 wheel_delta=-40 projectile_speed=12.80
[DEBUG] armors=1, targets=1
[2026-09-05 13:38:16.269] [info] [XUC][FIRE] stable-window candidate started
[DEBUG] armors=0, targets=1
[2026-09-05 13:38:16.283] [info] [XUC][FIRE] stable window reset
[DEBUG] armors=1, targets=1
[2026-09-05 13:38:16.298] [info] [XUC][FIRE] stable-window candidate started
[DEBUG] armors=0, targets=1
[2026-09-05 13:38:16.313] [info] [XUC][FIRE] stable window reset
[DEBUG] armors=0, targets=1
[2026-09-05 13:38:16.329] [info] [SYNC][XUC] mode=1 yaw=-5.23 deg pitch=-6.35 deg feeder_rpm=0.00 wheel0_rpm=3120 wheel1_rpm=3120 wheel_delta=0 projectile_speed=12.80
[DEBUG] armors=0, targets=1
[DEBUG] armors=1, targets=1
[2026-09-05 13:38:16.358] [info] [XUC][FIRE] stable-window candidate started
[DEBUG] armors=0, targets=1
[2026-09-05 13:38:16.373] [info] [XUC][FIRE] stable window reset
[DEBUG] armors=1, targets=1
[2026-09-05 13:38:16.389] [info] [XUC][FIRE] stable-window candidate started
[DEBUG] armors=1, targets=1
[2026-09-05 13:38:16.406] [info] [SYNC][XUC] mode=1 yaw=-5.24 deg pitch=-6.34 deg feeder_rpm=0.00 wheel0_rpm=3100 wheel1_rpm=3180 wheel_delta=-80 projectile_speed=12.80
[DEBUG] armors=1, targets=1
[DEBUG] armors=0, targets=1
[2026-09-05 13:38:16.435] [info] [XUC][FIRE] stable window reset
[DEBUG] armors=0, targets=1
[DEBUG] armors=1, targets=1
[2026-09-05 13:38:16.465] [info] [XUC][FIRE] stable-window candidate started
[DEBUG] armors=1, targets=1
[2026-09-05 13:38:16.482] [info] [SYNC][XUC] mode=1 yaw=-5.24 deg pitch=-6.34 deg feeder_rpm=0.00 wheel0_rpm=3140 wheel1_rpm=3180 wheel_delta=-40 projectile_speed=12.80
[DEBUG] armors=1, targets=1
[2026-09-05 13:38:16.498] [info] [PERF] 总耗时=15.6ms (检测=12.8ms, 跟踪=0.5ms), FPS=64.3
[2026-09-05 13:38:16.498] [info] 📊 [CAMERA FPS] 瞬时帧率=64.2fps, 平均帧率=64.5fps, 总帧数=4350, 运行时间=67.5s
[DEBUG] armors=0, targets=1
[2026-09-05 13:38:16.510] [info] [XUC][FIRE] stable window reset
[DEBUG] armors=1, targets=1
[2026-09-05 13:38:16.526] [info] [XUC][FIRE] stable-window candidate started
[DEBUG] armors=1, targets=1
[DEBUG] armors=1, targets=1
[2026-09-05 13:38:16.558] [info] [SYNC][XUC] mode=1 yaw=-5.24 deg pitch=-6.35 deg feeder_rpm=0.00 wheel0_rpm=3120 wheel1_rpm=3160 wheel_delta=-40 projectile_speed=12.80
[DEBUG] armors=0, targets=1
[2026-09-05 13:38:16.570] [info] [XUC][FIRE] stable window reset
[DEBUG] armors=0, targets=1
[DEBUG] armors=0, targets=1
[DEBUG] armors=1, targets=1
[2026-09-05 13:38:16.615] [info] [XUC][FIRE] stable-window candidate started
[DEBUG] armors=0, targets=1
[2026-09-05 13:38:16.630] [info] [XUC][FIRE] stable window reset
[2026-09-05 13:38:16.632] [info] [SYNC][XUC] mode=1 yaw=-5.23 deg pitch=-6.35 deg feeder_rpm=0.00 wheel0_rpm=3080 wheel1_rpm=3160 wheel_delta=-80 projectile_speed=12.80
[DEBUG] armors=1, targets=1
[2026-09-05 13:38:16.645] [info] [XUC][FIRE] stable-window candidate started
[2026-09-05 13:38:16.645] [info] [DRYRUN] measured_gimbal=(2.873,-0.007,-0.476) measured_world=(2.897,0.259,-0.155) tracked_world=(2.912,0.261,-0.157) target_gimbal_deg=(-0.13,-9.41) target_world_deg=(5.10,-3.06) gimbal_deg=(5.23,-6.35) armor_y_px=972.6 pixel_error_deg=(0.87,10.49) ballistic=(range=2.873m holdover=0.546m comp=10.55deg residual=-0.05deg) q_wxyz=(0.997421,-0.002531,-0.055363,-0.045596) cmd_deg=(5.13,-6.45) packed_pitch_deg=-6.45 control=true shoot=false
[DEBUG] armors=0, targets=1
[2026-09-05 13:38:16.661] [info] [XUC][FIRE] stable window reset
[DEBUG] armors=0, targets=1
[DEBUG] armors=0, targets=1
[DEBUG] armors=1, targets=1
[2026-09-05 13:38:16.706] [info] [XUC][FIRE] stable-window candidate started
[2026-09-05 13:38:16.709] [info] [SYNC][XUC] mode=1 yaw=-5.24 deg pitch=-6.36 deg feeder_rpm=0.00 wheel0_rpm=3060 wheel1_rpm=3160 wheel_delta=-100 projectile_speed=12.80
[DEBUG] armors=0, targets=1
[2026-09-05 13:38:16.721] [info] [XUC][FIRE] stable window reset
[DEBUG] armors=0, targets=1
[DEBUG] armors=1, targets=1
[2026-09-05 13:38:16.752] [info] [XUC][FIRE] stable-window candidate started
[DEBUG] armors=1, targets=1
[DEBUG] armors=1, targets=1
[2026-09-05 13:38:16.785] [info] [SYNC][XUC] mode=1 yaw=-5.24 deg pitch=-6.35 deg feeder_rpm=0.00 wheel0_rpm=3100 wheel1_rpm=3180 wheel_delta=-80 projectile_speed=12.80
[DEBUG] armors=0, targets=1
[2026-09-05 13:38:16.797] [info] [XUC][FIRE] stable window reset
[DEBUG] armors=0, targets=1
[DEBUG] armors=0, targets=1
[DEBUG] armors=1, targets=1
[2026-09-05 13:38:16.843] [info] [XUC][FIRE] stable-window candidate started
[DEBUG] armors=0, targets=1
[2026-09-05 13:38:16.858] [info] [XUC][FIRE] stable window reset
[2026-09-05 13:38:16.860] [info] [SYNC][XUC] mode=1 yaw=-5.24 deg pitch=-6.35 deg feeder_rpm=0.00 wheel0_rpm=3120 wheel1_rpm=3140 wheel_delta=-20 projectile_speed=12.80
[DEBUG] armors=0, targets=1
[DEBUG] armors=1, targets=1
[2026-09-05 13:38:16.888] [info] [XUC][FIRE] stable-window candidate started
[DEBUG] armors=0, targets=1
[2026-09-05 13:38:16.903] [info] [XUC][FIRE] stable window reset
[DEBUG] armors=1, targets=1
[2026-09-05 13:38:16.919] [info] [XUC][FIRE] stable-window candidate started
[DEBUG] armors=1, targets=1
[2026-09-05 13:38:16.936] [info] [SYNC][XUC] mode=1 yaw=-5.24 deg pitch=-6.35 deg feeder_rpm=0.00 wheel0_rpm=3100 wheel1_rpm=3140 wheel_delta=-40 projectile_speed=12.80
[DEBUG] armors=1, targets=1
[2026-09-05 13:38:16.949] [info] [DRYRUN] measured_gimbal=(2.877,-0.007,-0.477) measured_world=(2.901,0.259,-0.156) tracked_world=(2.919,0.261,-0.157) target_gimbal_deg=(-0.13,-9.41) target_world_deg=(5.11,-3.06) gimbal_deg=(5.24,-6.35) armor_y_px=972.4 pixel_error_deg=(0.87,10.49) ballistic=(range=2.877m holdover=0.547m comp=10.55deg residual=-0.07deg) q_wxyz=(0.997421,-0.002532,-0.055338,-0.045632) cmd_deg=(5.11,-6.48) packed_pitch_deg=-6.48 control=true shoot=false
[DEBUG] armors=1, targets=1
[DEBUG] armors=0, targets=1
[2026-09-05 13:38:16.979] [info] [XUC][FIRE] stable window reset
[DEBUG] armors=1, targets=1
[2026-09-05 13:38:16.995] [info] [XUC][FIRE] stable-window candidate started
[DEBUG] armors=1, targets=1
[2026-09-05 13:38:17.013] [info] [SYNC][XUC] mode=1 yaw=-5.24 deg pitch=-6.35 deg feeder_rpm=0.00 wheel0_rpm=3120 wheel1_rpm=3160 wheel_delta=-40 projectile_speed=12.80
[DEBUG] armors=0, targets=1
[2026-09-05 13:38:17.026] [info] [XUC][FIRE] stable window reset
[DEBUG] armors=1, targets=1
[2026-09-05 13:38:17.041] [info] [XUC][FIRE] stable-window candidate started
[DEBUG] armors=1, targets=1
[DEBUG] armors=1, targets=1
[DEBUG] armors=1, targets=1
[2026-09-05 13:38:17.090] [info] [SYNC][XUC] mode=1 yaw=-5.24 deg pitch=-6.34 deg feeder_rpm=0.00 wheel0_rpm=3060 wheel1_rpm=3160 wheel_delta=-100 projectile_speed=12.80
[DEBUG] armors=0, targets=1
[2026-09-05 13:38:17.102] [info] [XUC][FIRE] stable window reset
[DEBUG] armors=1, targets=1
[2026-09-05 13:38:17.117] [info] [XUC][FIRE] stable-window candidate started
[DEBUG] armors=0, targets=1
[2026-09-05 13:38:17.132] [info] [XUC][FIRE] stable window reset
[DEBUG] armors=1, targets=1
[2026-09-05 13:38:17.147] [info] [XUC][FIRE] stable-window candidate started
[DEBUG] armors=1, targets=1
[2026-09-05 13:38:17.164] [info] [SYNC][XUC] mode=1 yaw=-5.24 deg pitch=-6.33 deg feeder_rpm=0.00 wheel0_rpm=3080 wheel1_rpm=3140 wheel_delta=-60 projectile_speed=12.80
[DEBUG] armors=1, targets=1
[DEBUG] armors=0, targets=1
[2026-09-05 13:38:17.193] [info] [XUC][FIRE] stable window reset
[DEBUG] armors=0, targets=1
[DEBUG] armors=0, targets=1
[DEBUG] armors=1, targets=1
[2026-09-05 13:38:17.239] [info] [XUC][FIRE] stable-window candidate started
[2026-09-05 13:38:17.241] [info] [SYNC][XUC] mode=1 yaw=-5.24 deg pitch=-6.34 deg feeder_rpm=0.00 wheel0_rpm=3100 wheel1_rpm=3160 wheel_delta=-60 projectile_speed=12.80
[DEBUG] armors=1, targets=1
[2026-09-05 13:38:17.254] [info] [DRYRUN] measured_gimbal=(2.902,-0.006,-0.482) measured_world=(2.926,0.262,-0.158) tracked_world=(2.921,0.261,-0.158) target_gimbal_deg=(-0.12,-9.43) target_world_deg=(5.11,-3.09) gimbal_deg=(5.24,-6.34) armor_y_px=972.7 pixel_error_deg=(0.87,10.49) ballistic=(range=2.902m holdover=0.554m comp=10.59deg residual=-0.10deg) q_wxyz=(0.997428,-0.002526,-0.055234,-0.045607) cmd_deg=(5.11,-6.50) packed_pitch_deg=-6.50 control=true shoot=false
[2026-09-05 13:38:17.256] [info] [PERF] 总耗时=14.9ms (检测=12.2ms, 跟踪=0.4ms), FPS=67.0
[2026-09-05 13:38:17.256] [info] 📊 [CAMERA FPS] 瞬时帧率=67.0fps, 平均帧率=64.5fps, 总帧数=4400, 运行时间=68.2s
[DEBUG] armors=0, targets=1
[2026-09-05 13:38:17.268] [info] [XUC][FIRE] stable window reset
[DEBUG] armors=0, targets=1
[DEBUG] armors=1, targets=1
[2026-09-05 13:38:17.300] [info] [XUC][FIRE] stable-window candidate started
[DEBUG] armors=1, targets=1
[2026-09-05 13:38:17.318] [info] [SYNC][XUC] mode=1 yaw=-5.24 deg pitch=-6.34 deg feeder_rpm=0.00 wheel0_rpm=3140 wheel1_rpm=3140 wheel_delta=0 projectile_speed=12.80
[DEBUG] armors=0, targets=1
[2026-09-05 13:38:17.331] [info] [XUC][FIRE] stable window reset
[DEBUG] armors=1, targets=1
[2026-09-05 13:38:17.347] [info] [XUC][FIRE] stable-window candidate started
[DEBUG] armors=0, targets=1
[2026-09-05 13:38:17.362] [info] [XUC][FIRE] stable window reset
[DEBUG] armors=0, targets=1
[DEBUG] armors=0, targets=1
[2026-09-05 13:38:17.395] [info] [SYNC][XUC] mode=1 yaw=-5.23 deg pitch=-6.34 deg feeder_rpm=0.00 wheel0_rpm=3100 wheel1_rpm=3180 wheel_delta=-80 projectile_speed=12.80
[DEBUG] armors=0, targets=1
[DEBUG] armors=1, targets=1
[2026-09-05 13:38:17.424] [info] [XUC][FIRE] stable-window candidate started
[DEBUG] armors=1, targets=1
[DEBUG] armors=0, targets=1
[2026-09-05 13:38:17.455] [info] [XUC][FIRE] stable window reset
[DEBUG] armors=1, targets=1
[2026-09-05 13:38:17.470] [info] [XUC][FIRE] stable-window candidate started
[2026-09-05 13:38:17.472] [info] [SYNC][XUC] mode=1 yaw=-5.23 deg pitch=-6.33 deg feeder_rpm=0.00 wheel0_rpm=3100 wheel1_rpm=3140 wheel_delta=-40 projectile_speed=12.80
[DEBUG] armors=0, targets=1
[2026-09-05 13:38:17.486] [info] [XUC][FIRE] stable window reset
[DEBUG] armors=0, targets=1
[DEBUG] armors=0, targets=1
[DEBUG] armors=0, targets=1
[DEBUG] armors=1, targets=1
[2026-09-05 13:38:17.546] [info] [XUC][FIRE] stable-window candidate started
[2026-09-05 13:38:17.548] [info] [SYNC][XUC] mode=1 yaw=-5.24 deg pitch=-6.32 deg feeder_rpm=0.00 wheel0_rpm=3040 wheel1_rpm=3160 wheel_delta=-120 projectile_speed=12.80
[DEBUG] armors=0, targets=1
[2026-09-05 13:38:17.561] [info] [XUC][FIRE] stable window reset
[DEBUG] armors=0, targets=1
[DEBUG] armors=0, targets=1
[DEBUG] armors=0, targets=1
[DEBUG] armors=0, targets=1
[2026-09-05 13:38:17.623] [info] [SYNC][XUC] mode=1 yaw=-5.24 deg pitch=-6.31 deg feeder_rpm=0.00 wheel0_rpm=3100 wheel1_rpm=3200 wheel_delta=-100 projectile_speed=12.80
[DEBUG] armors=0, targets=1
[DEBUG] armors=0, targets=1
[DEBUG] armors=0, targets=1
[DEBUG] armors=1, targets=1
[2026-09-05 13:38:17.680] [info] [XUC][FIRE] stable-window candidate started
[DEBUG] armors=0, targets=1
[2026-09-05 13:38:17.695] [info] [XUC][FIRE] stable window reset
[2026-09-05 13:38:17.697] [info] [SYNC][XUC] mode=1 yaw=-5.24 deg pitch=-6.29 deg feeder_rpm=0.00 wheel0_rpm=3040 wheel1_rpm=3140 wheel_delta=-100 projectile_speed=12.80
[DEBUG] armors=1, targets=1
[2026-09-05 13:38:17.709] [info] [XUC][FIRE] stable-window candidate started
[DEBUG] armors=0, targets=1
[2026-09-05 13:38:17.725] [info] [XUC][FIRE] stable window reset
[DEBUG] armors=0, targets=1
[DEBUG] armors=0, targets=1
[DEBUG] armors=0, targets=1
[2026-09-05 13:38:17.771] [info] [SYNC][XUC] mode=1 yaw=-5.24 deg pitch=-6.29 deg feeder_rpm=0.00 wheel0_rpm=3120 wheel1_rpm=3160 wheel_delta=-40 projectile_speed=12.80
[DEBUG] armors=1, targets=1
[2026-09-05 13:38:17.785] [info] [XUC][FIRE] stable-window candidate started
[DEBUG] armors=1, targets=1
[DEBUG] armors=1, targets=1
[DEBUG] armors=1, targets=1
[DEBUG] armors=1, targets=1
[2026-09-05 13:38:17.850] [info] [SYNC][XUC] mode=1 yaw=-5.24 deg pitch=-6.29 deg feeder_rpm=0.00 wheel0_rpm=3080 wheel1_rpm=3200 wheel_delta=-120 projectile_speed=12.80
[DEBUG] armors=1, targets=1
[2026-09-05 13:38:17.863] [info] [DRYRUN] measured_gimbal=(2.921,-0.007,-0.484) measured_world=(2.945,0.263,-0.162) tracked_world=(2.916,0.261,-0.159) target_gimbal_deg=(-0.13,-9.41) target_world_deg=(5.11,-3.13) gimbal_deg=(5.24,-6.29) armor_y_px=971.8 pixel_error_deg=(0.88,10.47) ballistic=(range=2.921m holdover=0.559m comp=10.62deg residual=-0.15deg) q_wxyz=(0.997453,-0.002505,-0.054773,-0.045616) cmd_deg=(5.10,-6.47) packed_pitch_deg=-6.47 control=true shoot=false
[DEBUG] armors=0, targets=1
[2026-09-05 13:38:17.878] [info] [XUC][FIRE] stable window reset
[DEBUG] armors=1, targets=1
[2026-09-05 13:38:17.894] [info] [XUC][FIRE] stable-window candidate started
[DEBUG] armors=1, targets=1
[DEBUG] armors=0, targets=1
[2026-09-05 13:38:17.925] [info] [XUC][FIRE] stable window reset
[2026-09-05 13:38:17.927] [info] [SYNC][XUC] mode=1 yaw=-5.23 deg pitch=-6.28 deg feeder_rpm=0.00 wheel0_rpm=3100 wheel1_rpm=3160 wheel_delta=-60 projectile_speed=12.80
[DEBUG] armors=0, targets=1
[DEBUG] armors=0, targets=1
[DEBUG] armors=1, targets=1
[2026-09-05 13:38:17.970] [info] [XUC][FIRE] stable-window candidate started
[DEBUG] armors=1, targets=1
[DEBUG] armors=0, targets=1
[2026-09-05 13:38:18.000] [info] [XUC][FIRE] stable window reset
[2026-09-05 13:38:18.002] [info] [SYNC][XUC] mode=1 yaw=-5.23 deg pitch=-6.27 deg feeder_rpm=0.00 wheel0_rpm=3120 wheel1_rpm=3160 wheel_delta=-40 projectile_speed=12.80
[DEBUG] armors=1, targets=1
[2026-09-05 13:38:18.016] [info] [XUC][FIRE] stable-window candidate started
[2026-09-05 13:38:18.018] [info] [PERF] 总耗时=15.7ms (检测=13.0ms, 跟踪=0.5ms), FPS=63.5
[2026-09-05 13:38:18.018] [info] 📊 [CAMERA FPS] 瞬时帧率=63.4fps, 平均帧率=64.5fps, 总帧数=4450, 运行时间=69.0s
[DEBUG] armors=0, targets=1
[2026-09-05 13:38:18.031] [info] [XUC][FIRE] stable window reset
[DEBUG] armors=1, targets=1
[2026-09-05 13:38:18.047] [info] [XUC][FIRE] stable-window candidate started
[DEBUG] armors=1, targets=1
[DEBUG] armors=0, targets=1
[2026-09-05 13:38:18.077] [info] [XUC][FIRE] stable window reset
[2026-09-05 13:38:18.079] [info] [SYNC][XUC] mode=1 yaw=-5.23 deg pitch=-6.27 deg feeder_rpm=0.00 wheel0_rpm=3080 wheel1_rpm=3160 wheel_delta=-80 projectile_speed=12.80
[DEBUG] armors=1, targets=1
[2026-09-05 13:38:18.093] [info] [XUC][FIRE] stable-window candidate started
[DEBUG] armors=1, targets=1
[DEBUG] armors=1, targets=1
[DEBUG] armors=1, targets=1
[DEBUG] armors=1, targets=1
[2026-09-05 13:38:18.157] [info] [SYNC][XUC] mode=1 yaw=-5.23 deg pitch=-6.27 deg feeder_rpm=0.00 wheel0_rpm=3080 wheel1_rpm=3180 wheel_delta=-100 projectile_speed=12.80
[DEBUG] armors=1, targets=1
[2026-09-05 13:38:18.170] [info] [DRYRUN] measured_gimbal=(2.857,-0.007,-0.472) measured_world=(2.880,0.257,-0.157) tracked_world=(2.911,0.260,-0.160) target_gimbal_deg=(-0.14,-9.38) target_world_deg=(5.09,-3.12) gimbal_deg=(5.23,-6.27) armor_y_px=971.6 pixel_error_deg=(0.87,10.47) ballistic=(range=2.857m holdover=0.542m comp=10.52deg residual=-0.05deg) q_wxyz=(0.997465,-0.002494,-0.054602,-0.045554) cmd_deg=(5.11,-6.41) packed_pitch_deg=-6.41 control=true shoot=false
[DEBUG] armors=1, targets=1
[DEBUG] armors=1, targets=1
[DEBUG] armors=1, targets=1
[DEBUG] armors=0, targets=1
[2026-09-05 13:38:18.231] [info] [XUC][FIRE] stable window reset
[2026-09-05 13:38:18.233] [info] [SYNC][XUC] mode=1 yaw=-5.23 deg pitch=-6.26 deg feeder_rpm=0.00 wheel0_rpm=3060 wheel1_rpm=3140 wheel_delta=-80 projectile_speed=12.80
[DEBUG] armors=1, targets=1
[2026-09-05 13:38:18.246] [info] [XUC][FIRE] stable-window candidate started
[DEBUG] armors=0, targets=1
[2026-09-05 13:38:18.261] [info] [XUC][FIRE] stable window reset
[DEBUG] armors=1, targets=1
[2026-09-05 13:38:18.276] [info] [XUC][FIRE] stable-window candidate started
[DEBUG] armors=1, targets=1
[DEBUG] armors=0, targets=1
[2026-09-05 13:38:18.307] [info] [XUC][FIRE] stable window reset
[2026-09-05 13:38:18.309] [info] [SYNC][XUC] mode=1 yaw=-5.23 deg pitch=-6.25 deg feeder_rpm=0.00 wheel0_rpm=3100 wheel1_rpm=3140 wheel_delta=-40 projectile_speed=12.80
[DEBUG] armors=1, targets=1
[2026-09-05 13:38:18.322] [info] [XUC][FIRE] stable-window candidate started
[DEBUG] armors=1, targets=1
[DEBUG] armors=1, targets=1
[DEBUG] armors=0, targets=1
[2026-09-05 13:38:18.368] [info] [XUC][FIRE] stable window reset
[DEBUG] armors=1, targets=1
[2026-09-05 13:38:18.383] [info] [XUC][FIRE] stable-window candidate started
[2026-09-05 13:38:18.385] [info] [SYNC][XUC] mode=1 yaw=-5.23 deg pitch=-6.25 deg feeder_rpm=0.00 wheel0_rpm=3080 wheel1_rpm=3160 wheel_delta=-80 projectile_speed=12.80
[DEBUG] armors=0, targets=1
[2026-09-05 13:38:18.397] [info] [XUC][FIRE] stable window reset
[DEBUG] armors=1, targets=1
[2026-09-05 13:38:18.413] [info] [XUC][FIRE] stable-window candidate started
[DEBUG] armors=1, targets=1
[DEBUG] armors=0, targets=1
[2026-09-05 13:38:18.442] [info] [XUC][FIRE] stable window reset
[DEBUG] armors=1, targets=1
[2026-09-05 13:38:18.457] [info] [XUC][FIRE] stable-window candidate started
[2026-09-05 13:38:18.459] [info] [SYNC][XUC] mode=1 yaw=-5.23 deg pitch=-6.25 deg feeder_rpm=0.00 wheel0_rpm=3060 wheel1_rpm=3200 wheel_delta=-140 projectile_speed=12.80
[DEBUG] armors=1, targets=1
[2026-09-05 13:38:18.471] [info] [DRYRUN] measured_gimbal=(2.851,-0.007,-0.470) measured_world=(2.874,0.256,-0.157) tracked_world=(2.905,0.259,-0.159) target_gimbal_deg=(-0.14,-9.37) target_world_deg=(5.10,-3.11) gimbal_deg=(5.23,-6.25) armor_y_px=971.1 pixel_error_deg=(0.87,10.46) ballistic=(range=2.851m holdover=0.540m comp=10.51deg residual=-0.05deg) q_wxyz=(0.997471,-0.002489,-0.054486,-0.045575) cmd_deg=(5.10,-6.39) packed_pitch_deg=-6.39 control=true shoot=false
[DEBUG] armors=1, targets=1
[DEBUG] armors=0, targets=1
[2026-09-05 13:38:18.501] [info] [XUC][FIRE] stable window reset
[DEBUG] armors=1, targets=1
[2026-09-05 13:38:18.516] [info] [XUC][FIRE] stable-window candidate started
[DEBUG] armors=1, targets=1
[2026-09-05 13:38:18.533] [info] [SYNC][XUC] mode=1 yaw=-5.23 deg pitch=-6.25 deg feeder_rpm=0.00 wheel0_rpm=3100 wheel1_rpm=3140 wheel_delta=-40 projectile_speed=12.80
[DEBUG] armors=0, targets=1
[2026-09-05 13:38:18.546] [info] [XUC][FIRE] stable window reset
[DEBUG] armors=1, targets=1
[2026-09-05 13:38:18.561] [info] [XUC][FIRE] stable-window candidate started
[DEBUG] armors=1, targets=1
[DEBUG] armors=1, targets=1
[DEBUG] armors=1, targets=1
[2026-09-05 13:38:18.609] [info] [SYNC][XUC] mode=1 yaw=-5.23 deg pitch=-6.23 deg feeder_rpm=0.00 wheel0_rpm=3060 wheel1_rpm=3160 wheel_delta=-100 projectile_speed=12.80
[DEBUG] armors=1, targets=1
[DEBUG] armors=1, targets=1
[DEBUG] armors=1, targets=1
[DEBUG] armors=1, targets=1
[DEBUG] armors=1, targets=1
[2026-09-05 13:38:18.684] [info] [SYNC][XUC] mode=1 yaw=-5.24 deg pitch=-6.23 deg feeder_rpm=-4.00 wheel0_rpm=3080 wheel1_rpm=3180 wheel_delta=-100 projectile_speed=12.80
[DEBUG] armors=1, targets=1
[DEBUG] armors=1, targets=1
[DEBUG] armors=1, targets=1
[DEBUG] armors=1, targets=1
[DEBUG] armors=1, targets=1
[2026-09-05 13:38:18.761] [info] [SYNC][XUC] mode=1 yaw=-5.23 deg pitch=-6.22 deg feeder_rpm=0.00 wheel0_rpm=3080 wheel1_rpm=3160 wheel_delta=-80 projectile_speed=12.80
[DEBUG] armors=1, targets=1
[2026-09-05 13:38:18.774] [info] [XUC][FIRE] qualified after 213 ms, pixel error deg=(0.87,-0.09)
[2026-09-05 13:38:18.774] [info] [DRYRUN] measured_gimbal=(2.846,-0.007,-0.467) measured_world=(2.869,0.256,-0.156) tracked_world=(2.899,0.259,-0.159) target_gimbal_deg=(-0.14,-9.33) target_world_deg=(5.10,-3.10) gimbal_deg=(5.23,-6.22) armor_y_px=969.6 pixel_error_deg=(0.87,10.42) ballistic=(range=2.846m holdover=0.539m comp=10.51deg residual=-0.09deg) q_wxyz=(0.997484,-0.002479,-0.054234,-0.045588) cmd_deg=(5.09,-6.43) packed_pitch_deg=-6.43 control=true shoot=true
[2026-09-05 13:38:18.776] [info] [PERF] 总耗时=15.1ms (检测=12.3ms, 跟踪=0.5ms), FPS=66.2
[2026-09-05 13:38:18.776] [info] 📊 [CAMERA FPS] 瞬时帧率=66.1fps, 平均帧率=64.5fps, 总帧数=4500, 运行时间=69.8s
[DEBUG] armors=1, targets=1
[DEBUG] armors=1, targets=1
[DEBUG] armors=1, targets=1
[DEBUG] armors=1, targets=1
[2026-09-05 13:38:18.838] [info] [SYNC][XUC] mode=1 yaw=-5.23 deg pitch=-6.24 deg feeder_rpm=2061.00 wheel0_rpm=3100 wheel1_rpm=3160 wheel_delta=-60 projectile_speed=12.80
[DEBUG] armors=1, targets=1
[DEBUG] armors=1, targets=1
[DEBUG] armors=1, targets=1
[DEBUG] armors=1, targets=1
[DEBUG] armors=0, targets=1
[2026-09-05 13:38:18.911] [info] [XUC][FIRE] stable window reset
[2026-09-05 13:38:18.914] [info] [SYNC][XUC] mode=1 yaw=-5.24 deg pitch=-6.24 deg feeder_rpm=2160.00 wheel0_rpm=3140 wheel1_rpm=3140 wheel_delta=0 projectile_speed=12.80
[DEBUG] armors=0, targets=1
[DEBUG] armors=1, targets=1
[2026-09-05 13:38:18.943] [info] [XUC][FIRE] stable-window candidate started
[DEBUG] armors=0, targets=1
[2026-09-05 13:38:18.958] [info] [XUC][FIRE] stable window reset
[DEBUG] armors=1, targets=1
[2026-09-05 13:38:18.973] [info] [XUC][FIRE] stable-window candidate started
[DEBUG] armors=1, targets=1
[2026-09-05 13:38:18.991] [info] [SYNC][XUC] mode=1 yaw=-5.24 deg pitch=-6.22 deg feeder_rpm=21.00 wheel0_rpm=2940 wheel1_rpm=3000 wheel_delta=-60 projectile_speed=12.80
[DEBUG] armors=1, targets=1
[DEBUG] armors=0, targets=1
[2026-09-05 13:38:19.019] [info] [XUC][FIRE] stable window reset
[DEBUG] armors=0, targets=1
[DEBUG] armors=1, targets=1
[2026-09-05 13:38:19.050] [info] [XUC][FIRE] stable-window candidate started
[DEBUG] armors=1, targets=1
[2026-09-05 13:38:19.068] [info] [SYNC][XUC] mode=1 yaw=-5.24 deg pitch=-6.30 deg feeder_rpm=0.00 wheel0_rpm=3040 wheel1_rpm=3100 wheel_delta=-60 projectile_speed=12.80
[DEBUG] armors=1, targets=1
[2026-09-05 13:38:19.082] [info] [DRYRUN] measured_gimbal=(2.811,-0.009,-0.464) measured_world=(2.834,0.251,-0.152) tracked_world=(2.904,0.259,-0.159) target_gimbal_deg=(-0.18,-9.37) target_world_deg=(5.06,-3.07) gimbal_deg=(5.24,-6.30) armor_y_px=971.9 pixel_error_deg=(0.90,10.48) ballistic=(range=2.811m holdover=0.530m comp=10.45deg residual=0.03deg) q_wxyz=(0.997444,-0.002513,-0.054909,-0.045644) cmd_deg=(5.11,-6.38) packed_pitch_deg=-6.38 control=true shoot=false
[DEBUG] armors=1, targets=1
[DEBUG] armors=0, targets=1
[2026-09-05 13:38:19.111] [info] [XUC][FIRE] stable window reset
[DEBUG] armors=1, targets=1
[2026-09-05 13:38:19.127] [info] [XUC][FIRE] stable-window candidate started
[DEBUG] armors=1, targets=1
[2026-09-05 13:38:19.145] [info] [SYNC][XUC] mode=1 yaw=-5.24 deg pitch=-6.35 deg feeder_rpm=-4.00 wheel0_rpm=3040 wheel1_rpm=3140 wheel_delta=-100 projectile_speed=12.80
[DEBUG] armors=0, targets=1
[2026-09-05 13:38:19.158] [info] [XUC][FIRE] stable window reset
[DEBUG] armors=1, targets=1
[2026-09-05 13:38:19.173] [info] [XUC][FIRE] stable-window candidate started
[DEBUG] armors=1, targets=1
[DEBUG] armors=1, targets=1
[DEBUG] armors=1, targets=1
[2026-09-05 13:38:19.223] [info] [SYNC][XUC] mode=1 yaw=-5.13 deg pitch=-6.31 deg feeder_rpm=0.00 wheel0_rpm=3120 wheel1_rpm=3160 wheel_delta=-40 projectile_speed=12.80
[DEBUG] armors=1, targets=1
[DEBUG] armors=1, targets=1
[DEBUG] armors=1, targets=1
[DEBUG] armors=1, targets=1
[DEBUG] armors=1, targets=1
[2026-09-05 13:38:19.302] [info] [SYNC][XUC] mode=1 yaw=-5.13 deg pitch=-6.30 deg feeder_rpm=-4.00 wheel0_rpm=3040 wheel1_rpm=3160 wheel_delta=-120 projectile_speed=12.80
[DEBUG] armors=1, targets=1
[DEBUG] armors=1, targets=1
[DEBUG] armors=1, targets=1
[DEBUG] armors=1, targets=1
[DEBUG] armors=1, targets=1
[2026-09-05 13:38:19.379] [info] [XUC][FIRE] qualified after 207 ms, pixel error deg=(0.78,-0.06)
[2026-09-05 13:38:19.381] [info] [SYNC][XUC] mode=1 yaw=-5.15 deg pitch=-6.32 deg feeder_rpm=0.00 wheel0_rpm=3120 wheel1_rpm=3140 wheel_delta=-20 projectile_speed=12.80
[DEBUG] armors=1, targets=1
[2026-09-05 13:38:19.395] [info] [DRYRUN] measured_gimbal=(2.874,-0.003,-0.476) measured_world=(2.897,0.258,-0.156) tracked_world=(2.907,0.252,-0.158) target_gimbal_deg=(-0.06,-9.40) target_world_deg=(5.09,-3.08) gimbal_deg=(5.15,-6.32) armor_y_px=972.1 pixel_error_deg=(0.80,10.48) ballistic=(range=2.874m holdover=0.546m comp=10.55deg residual=-0.07deg) q_wxyz=(0.997470,-0.002478,-0.055089,-0.044862) cmd_deg=(4.95,-6.45) packed_pitch_deg=-6.45 control=true shoot=true
