[2026-09-05 13:10:05.076] [info] [Performance] Thread limits: OpenCV=1, TBB=4, OMP=4
[2026-09-05 13:10:05.095] [info] [ROS2Visualizer] Initialized: node=standard_node, marker_topic=standard_markers
[2026-09-05 13:10:05.095] [info] [ROS2Visualizer] Spin thread started
[2026-09-05 13:10:05.095] [info] [ROS2] Visualizer initialized
[2026-09-05 13:10:05.096] [info] [CBoard] disabled (cboard_enable=false); XUC is expected to provide IMU
[2026-09-05 13:10:05.096] [info] Camera constructor: config_path=configs/standard_hikrobot_phase2d5_fire_dryrun.yaml, camera_name=hikrobot
[2026-09-05 13:10:05.096] [info] Creating HikRobot camera
[2026-09-05 13:10:05.097] [info] HikRobot's daemon thread started.
[2026-09-05 13:10:05.097] [info] Camera constructor completed
[2026-09-05 13:10:05.099] [info] [XUC] serial opened /dev/serial/by-id/usb-1a86_USB_Serial-if00-port0 @ 460800 baud, angles=rad, yaw_sign=0.94074425, pitch_sign=1, imu_yaw_sign=-1.06298816, imu_pitch_sign=1, allow_control=true, allow_shoot=false, require_feedback=true, require_auto_mode=false, max_yaw_excursion_deg=0.00, lock_pitch=false
[2026-09-05 13:10:05.099] [warning] [XUC][SAFE] shoot output is forced to zero
[2026-09-05 13:10:05.145] [info] [YOLO26] CPU cores: 16, big cores found: 4, core_type: unavailable, max_freq: 4900000
[2026-09-05 13:10:05.146] [info] [YOLO26] Big core ids: [4,5,6,7]
[2026-09-05 13:10:05.146] [info] [YOLO26] Successfully bound to 4 big cores
[2026-09-05 13:10:05.146] [info] [YOLO26] Disabled OpenCV threading to avoid CPU contention
[2026-09-05 13:10:05.162] [info] [YOLO26] Compiling model with 4 threads (LATENCY mode)
[2026-09-05 13:10:05.379] [info] [HikRobot][READBACK] image=1440x1080, pixel_format=0x1080009
[2026-09-05 13:10:05.380] [info] [HikRobot][READBACK] exposure_us=2000.0 auto=0, gain=10.02 auto=0, white_balance_auto=0
[2026-09-05 13:10:05.380] [info] [HikRobot][READBACK] trigger=off (continuous acquisition)
[2026-09-05 13:10:05.380] [info] [HikRobot][READBACK] acquisition_fps=150.00
[2026-09-05 13:10:05.393] [info] HikRobot's capture thread started.
[2026-09-05 13:10:05.401] [info] [HikRobot] first frame: 1440x1080, pixel_type=0x1080009, frame_len=1555200
[2026-09-05 13:10:05.424] [info] [YOLO26] Initialization complete - SYNC mode optimized
[2026-09-05 13:10:05.424] [info] [YOLO26] Config: threads=4, streams=1, requests=1, letterbox=114, min_confidence=0.45, min_keypoint_confidence=0.00, swap_rb=false, refine_color=true, color_delta=12.0, color_hold_frames=12, save_samples=false, debug=false
[2026-09-05 13:10:05.428] [info] === All modules initialized ===
[2026-09-05 13:10:05.428] [info] [ROS2Visualizer] Published static TF: gimbal -> camera
[2026-09-05 13:10:05.428] [info] [ROS2] Published static TF: gimbal -> camera
[2026-09-05 13:10:05.428] [info] === Entering main loop ===
[2026-09-05 13:10:05.428] [info] [SYNC] 发送默认命令，等待相机触发
[DEBUG] armors=1, targets=1
[DEBUG] armors=1, targets=1
[DEBUG] armors=1, targets=1
[DEBUG] armors=1, targets=1
[DEBUG] armors=1, targets=1
[DEBUG] armors=1, targets=1
[DEBUG] armors=1, targets=1
[DEBUG] armors=1, targets=1
[DEBUG] armors=1, targets=1
[DEBUG] armors=1, targets=1
[DEBUG] armors=1, targets=1
[DEBUG] armors=1, targets=1
[DEBUG] armors=1, targets=1
[DEBUG] armors=1, targets=1
[DEBUG] armors=1, targets=1
[DEBUG] armors=1, targets=1
[DEBUG] armors=1, targets=1
[DEBUG] armors=1, targets=1
[DEBUG] armors=1, targets=1
[DEBUG] armors=1, targets=1
[2026-09-05 13:10:05.826] [info] [DRYRUN] measured_gimbal=(2.924,0.032,0.101) measured_world=(2.917,0.196,-0.113) tracked_world=(2.918,0.196,-0.113) target_gimbal_deg=(0.63,1.98) target_world_deg=(3.84,-2.21) gimbal_deg=(3.21,4.19) armor_y_px=502.8 pixel_error_deg=(0.10,-0.91) ballistic=(range=2.924m holdover=0.568m comp=10.78deg residual=-11.69deg) q_wxyz=(0.998940,0.001024,0.036545,-0.027984) cmd_deg=(3.84,-15.11) packed_pitch_deg=-15.11 control=true shoot=false
[DEBUG] armors=1, targets=1
[DEBUG] armors=1, targets=1
[DEBUG] armors=1, targets=1
[DEBUG] armors=1, targets=1
[DEBUG] armors=1, targets=1
[DEBUG] armors=1, targets=1
[DEBUG] armors=1, targets=1
[DEBUG] armors=1, targets=1
[DEBUG] armors=1, targets=1
[DEBUG] armors=1, targets=1
[DEBUG] armors=1, targets=1
[DEBUG] armors=1, targets=1
[DEBUG] armors=1, targets=1
[DEBUG] armors=1, targets=1
[DEBUG] armors=1, targets=1
[DEBUG] armors=1, targets=1
[DEBUG] armors=1, targets=1
[DEBUG] armors=1, targets=1
[DEBUG] armors=1, targets=1
[DEBUG] armors=1, targets=1
[2026-09-05 13:10:06.133] [info] [DRYRUN] measured_gimbal=(2.910,0.032,0.101) measured_world=(2.903,0.195,-0.112) tracked_world=(2.912,0.196,-0.112) target_gimbal_deg=(0.64,1.98) target_world_deg=(3.85,-2.21) gimbal_deg=(3.21,4.19) armor_y_px=502.9 pixel_error_deg=(0.10,-0.91) ballistic=(range=2.910m holdover=0.564m comp=10.76deg residual=-11.67deg) q_wxyz=(0.998940,0.001024,0.036545,-0.027984) cmd_deg=(3.84,-15.09) packed_pitch_deg=-15.09 control=true shoot=false
[DEBUG] armors=1, targets=1
[DEBUG] armors=1, targets=1
[DEBUG] armors=1, targets=1
[DEBUG] armors=1, targets=1
[DEBUG] armors=1, targets=1
[DEBUG] armors=1, targets=1
[DEBUG] armors=1, targets=1
[DEBUG] armors=1, targets=1
[DEBUG] armors=1, targets=1
[2026-09-05 13:10:06.271] [info] [SYNC][XUC] mode=0 yaw=-3.21 deg pitch=4.19 deg feeder_rpm=0.00 wheel0_rpm=0 wheel1_rpm=0 wheel_delta=0 projectile_speed=12.80
[DEBUG] armors=1, targets=1
[2026-09-05 13:10:06.286] [info] [PERF] 总耗时=15.3ms (检测=12.7ms, 跟踪=0.4ms), FPS=65.2
[2026-09-05 13:10:06.286] [info] 📊 [CAMERA FPS] 瞬时帧率=65.0fps, 平均帧率=58.3fps, 总帧数=50, 运行时间=0.9s
[DEBUG] armors=1, targets=1
[DEBUG] armors=1, targets=1
[DEBUG] armors=1, targets=1
[DEBUG] armors=1, targets=1
[DEBUG] armors=1, targets=1
[DEBUG] armors=1, targets=1
[DEBUG] armors=1, targets=1
[DEBUG] armors=1, targets=1
[DEBUG] armors=1, targets=1
[DEBUG] armors=1, targets=1
[2026-09-05 13:10:06.439] [info] [DRYRUN] measured_gimbal=(2.933,0.033,0.101) measured_world=(2.926,0.197,-0.113) tracked_world=(2.914,0.196,-0.113) target_gimbal_deg=(0.64,1.98) target_world_deg=(3.84,-2.21) gimbal_deg=(3.21,4.19) armor_y_px=502.7 pixel_error_deg=(0.10,-0.91) ballistic=(range=2.933m holdover=0.571m comp=10.79deg residual=-11.71deg) q_wxyz=(0.998940,0.001024,0.036545,-0.027984) cmd_deg=(3.85,-15.11) packed_pitch_deg=-15.11 control=true shoot=false
[DEBUG] armors=1, targets=1
[DEBUG] armors=1, targets=1
[DEBUG] armors=1, targets=1
[DEBUG] armors=1, targets=1
[DEBUG] armors=1, targets=1
[DEBUG] armors=1, targets=1
[DEBUG] armors=1, targets=1
[DEBUG] armors=1, targets=1
[DEBUG] armors=1, targets=1
[DEBUG] armors=1, targets=1
[DEBUG] armors=1, targets=1
[DEBUG] armors=1, targets=1
[DEBUG] armors=1, targets=1
[DEBUG] armors=1, targets=1
[DEBUG] armors=1, targets=1
[DEBUG] armors=1, targets=1
[DEBUG] armors=1, targets=1
[DEBUG] armors=1, targets=1
[DEBUG] armors=1, targets=1
[DEBUG] armors=1, targets=1
[2026-09-05 13:10:06.751] [info] [DRYRUN] measured_gimbal=(2.929,0.033,0.101) measured_world=(2.923,0.197,-0.113) tracked_world=(2.918,0.196,-0.113) target_gimbal_deg=(0.64,1.98) target_world_deg=(3.85,-2.21) gimbal_deg=(3.21,4.19) armor_y_px=502.9 pixel_error_deg=(0.10,-0.91) ballistic=(range=2.930m holdover=0.570m comp=10.79deg residual=-11.70deg) q_wxyz=(0.998940,0.001024,0.036545,-0.027984) cmd_deg=(3.84,-15.11) packed_pitch_deg=-15.11 control=true shoot=false
[DEBUG] armors=1, targets=1
[DEBUG] armors=1, targets=1
[DEBUG] armors=1, targets=1
[DEBUG] armors=1, targets=1
[DEBUG] armors=1, targets=1
[DEBUG] armors=1, targets=1
[DEBUG] armors=1, targets=1
[DEBUG] armors=1, targets=1
[DEBUG] armors=1, targets=1
[DEBUG] armors=1, targets=1
[DEBUG] armors=1, targets=1
[DEBUG] armors=1, targets=1
[DEBUG] armors=1, targets=1
[DEBUG] armors=1, targets=1
[DEBUG] armors=1, targets=1
[DEBUG] armors=1, targets=1
[DEBUG] armors=1, targets=1
[DEBUG] armors=1, targets=1
[DEBUG] armors=1, targets=1
[2026-09-05 13:10:07.041] [info] [SYNC][XUC] mode=0 yaw=-3.21 deg pitch=4.19 deg feeder_rpm=0.00 wheel0_rpm=0 wheel1_rpm=0 wheel_delta=0 projectile_speed=12.80
[DEBUG] armors=1, targets=1
[2026-09-05 13:10:07.054] [info] [DRYRUN] measured_gimbal=(2.933,0.033,0.101) measured_world=(2.926,0.197,-0.113) tracked_world=(2.919,0.196,-0.113) target_gimbal_deg=(0.64,1.98) target_world_deg=(3.85,-2.21) gimbal_deg=(3.21,4.19) armor_y_px=502.9 pixel_error_deg=(0.10,-0.91) ballistic=(range=2.933m holdover=0.571m comp=10.79deg residual=-11.70deg) q_wxyz=(0.998940,0.001024,0.036545,-0.027984) cmd_deg=(3.84,-15.11) packed_pitch_deg=-15.11 control=true shoot=false
[2026-09-05 13:10:07.056] [info] [PERF] 总耗时=15.0ms (检测=12.1ms, 跟踪=0.5ms), FPS=66.5
[2026-09-05 13:10:07.056] [info] 📊 [CAMERA FPS] 瞬时帧率=66.4fps, 平均帧率=61.4fps, 总帧数=100, 运行时间=1.6s
[DEBUG] armors=1, targets=1
[DEBUG] armors=1, targets=1
[DEBUG] armors=1, targets=1
[DEBUG] armors=1, targets=1
[DEBUG] armors=1, targets=1
[DEBUG] armors=1, targets=1
[DEBUG] armors=1, targets=1
[DEBUG] armors=1, targets=1
[DEBUG] armors=1, targets=1
[DEBUG] armors=1, targets=1
[DEBUG] armors=1, targets=1
[DEBUG] armors=1, targets=1
[DEBUG] armors=1, targets=1
[DEBUG] armors=1, targets=1
[DEBUG] armors=1, targets=1
[DEBUG] armors=1, targets=1
[DEBUG] armors=1, targets=1
[DEBUG] armors=1, targets=1
[DEBUG] armors=1, targets=1
[DEBUG] armors=1, targets=1
[2026-09-05 13:10:07.360] [info] [DRYRUN] measured_gimbal=(2.925,0.033,0.101) measured_world=(2.918,0.196,-0.113) tracked_world=(2.919,0.196,-0.113) target_gimbal_deg=(0.64,1.98) target_world_deg=(3.85,-2.21) gimbal_deg=(3.21,4.19) armor_y_px=502.9 pixel_error_deg=(0.10,-0.91) ballistic=(range=2.925m holdover=0.568m comp=10.78deg residual=-11.69deg) q_wxyz=(0.998940,0.001024,0.036545,-0.027984) cmd_deg=(3.84,-15.10) packed_pitch_deg=-15.10 control=true shoot=false
[DEBUG] armors=1, targets=1
[DEBUG] armors=1, targets=1
[DEBUG] armors=1, targets=1
[DEBUG] armors=1, targets=1
[DEBUG] armors=1, targets=1
[DEBUG] armors=1, targets=1
[DEBUG] armors=1, targets=1
[DEBUG] armors=1, targets=1
[DEBUG] armors=1, targets=1
[DEBUG] armors=1, targets=1
[DEBUG] armors=1, targets=1
[DEBUG] armors=1, targets=1
[DEBUG] armors=1, targets=1
[DEBUG] armors=1, targets=1
[DEBUG] armors=1, targets=1
[DEBUG] armors=1, targets=1
[DEBUG] armors=1, targets=1
[DEBUG] armors=1, targets=1
[DEBUG] armors=1, targets=1
[DEBUG] armors=1, targets=1
[2026-09-05 13:10:07.670] [info] [DRYRUN] measured_gimbal=(2.917,0.032,0.101) measured_world=(2.910,0.195,-0.112) tracked_world=(2.921,0.196,-0.113) target_gimbal_deg=(0.63,1.99) target_world_deg=(3.84,-2.20) gimbal_deg=(3.21,4.19) armor_y_px=502.7 pixel_error_deg=(0.10,-0.91) ballistic=(range=2.917m holdover=0.566m comp=10.77deg residual=-11.69deg) q_wxyz=(0.998940,0.001024,0.036545,-0.027984) cmd_deg=(3.85,-15.11) packed_pitch_deg=-15.11 control=true shoot=false
[DEBUG] armors=1, targets=1
[DEBUG] armors=1, targets=1
[DEBUG] armors=1, targets=1
[DEBUG] armors=1, targets=1
[DEBUG] armors=1, targets=1
[DEBUG] armors=1, targets=1
[DEBUG] armors=1, targets=1
[DEBUG] armors=1, targets=1
[DEBUG] armors=1, targets=1
[2026-09-05 13:10:07.809] [info] [SYNC][XUC] mode=0 yaw=-3.21 deg pitch=4.19 deg feeder_rpm=0.00 wheel0_rpm=0 wheel1_rpm=0 wheel_delta=0 projectile_speed=12.80
[DEBUG] armors=1, targets=1
[2026-09-05 13:10:07.824] [info] [PERF] 总耗时=15.0ms (检测=12.4ms, 跟踪=0.4ms), FPS=66.5
[2026-09-05 13:10:07.824] [info] 📊 [CAMERA FPS] 瞬时帧率=66.4fps, 平均帧率=62.6fps, 总帧数=150, 运行时间=2.4s
[DEBUG] armors=1, targets=1
[DEBUG] armors=1, targets=1
[DEBUG] armors=1, targets=1
[DEBUG] armors=1, targets=1
[DEBUG] armors=1, targets=1
[DEBUG] armors=1, targets=1
[DEBUG] armors=1, targets=1
[DEBUG] armors=1, targets=1
[DEBUG] armors=1, targets=1
[DEBUG] armors=1, targets=1
[2026-09-05 13:10:07.973] [info] [DRYRUN] measured_gimbal=(2.914,0.032,0.101) measured_world=(2.907,0.195,-0.112) tracked_world=(2.920,0.196,-0.113) target_gimbal_deg=(0.63,1.99) target_world_deg=(3.84,-2.20) gimbal_deg=(3.21,4.19) armor_y_px=502.7 pixel_error_deg=(0.10,-0.91) ballistic=(range=2.914m holdover=0.565m comp=10.77deg residual=-11.68deg) q_wxyz=(0.998940,0.001024,0.036545,-0.027984) cmd_deg=(3.85,-15.11) packed_pitch_deg=-15.11 control=true shoot=false
[DEBUG] armors=1, targets=1
[DEBUG] armors=1, targets=1
[DEBUG] armors=1, targets=1
[DEBUG] armors=1, targets=1
[DEBUG] armors=1, targets=1
[DEBUG] armors=1, targets=1
[DEBUG] armors=1, targets=1
[DEBUG] armors=1, targets=1
[DEBUG] armors=1, targets=1
[DEBUG] armors=1, targets=1
[DEBUG] armors=1, targets=1
[DEBUG] armors=1, targets=1
[DEBUG] armors=1, targets=1
[DEBUG] armors=1, targets=1
[DEBUG] armors=1, targets=1
[DEBUG] armors=1, targets=1
[DEBUG] armors=1, targets=1
[DEBUG] armors=1, targets=1
[DEBUG] armors=1, targets=1
[DEBUG] armors=1, targets=1
[2026-09-05 13:10:08.275] [info] [DRYRUN] measured_gimbal=(2.923,0.032,0.101) measured_world=(2.916,0.196,-0.112) tracked_world=(2.918,0.196,-0.113) target_gimbal_deg=(0.63,1.99) target_world_deg=(3.84,-2.20) gimbal_deg=(3.21,4.19) armor_y_px=502.6 pixel_error_deg=(0.10,-0.92) ballistic=(range=2.923m holdover=0.568m comp=10.78deg residual=-11.70deg) q_wxyz=(0.998940,0.001024,0.036545,-0.027984) cmd_deg=(3.84,-15.11) packed_pitch_deg=-15.11 control=true shoot=false
[DEBUG] armors=1, targets=1
[DEBUG] armors=1, targets=1
[DEBUG] armors=1, targets=1
[DEBUG] armors=1, targets=1
[DEBUG] armors=1, targets=1
[DEBUG] armors=1, targets=1
[DEBUG] armors=1, targets=1
[DEBUG] armors=1, targets=1
[DEBUG] armors=1, targets=1
[DEBUG] armors=1, targets=1
[DEBUG] armors=1, targets=1
[DEBUG] armors=1, targets=1
[DEBUG] armors=1, targets=1
[DEBUG] armors=1, targets=1
[DEBUG] armors=1, targets=1
[DEBUG] armors=1, targets=1
[DEBUG] armors=1, targets=1
[DEBUG] armors=1, targets=1
[DEBUG] armors=1, targets=1
[2026-09-05 13:10:08.564] [info] [SYNC][XUC] mode=0 yaw=-3.21 deg pitch=4.19 deg feeder_rpm=0.00 wheel0_rpm=0 wheel1_rpm=0 wheel_delta=0 projectile_speed=12.80
[DEBUG] armors=1, targets=1
[2026-09-05 13:10:08.577] [info] [DRYRUN] measured_gimbal=(2.933,0.033,0.101) measured_world=(2.926,0.197,-0.113) tracked_world=(2.917,0.196,-0.113) target_gimbal_deg=(0.64,1.98) target_world_deg=(3.84,-2.21) gimbal_deg=(3.21,4.19) armor_y_px=502.7 pixel_error_deg=(0.10,-0.91) ballistic=(range=2.933m holdover=0.571m comp=10.79deg residual=-11.71deg) q_wxyz=(0.998940,0.001024,0.036545,-0.027984) cmd_deg=(3.84,-15.12) packed_pitch_deg=-15.12 control=true shoot=false
[2026-09-05 13:10:08.579] [info] [PERF] 总耗时=14.8ms (检测=12.2ms, 跟踪=0.5ms), FPS=67.3
[2026-09-05 13:10:08.579] [info] 📊 [CAMERA FPS] 瞬时帧率=67.3fps, 平均帧率=63.5fps, 总帧数=200, 运行时间=3.2s
[DEBUG] armors=1, targets=1
[DEBUG] armors=1, targets=1
[DEBUG] armors=1, targets=1
[DEBUG] armors=1, targets=1
[DEBUG] armors=1, targets=1
[DEBUG] armors=1, targets=1
[DEBUG] armors=1, targets=1
[DEBUG] armors=1, targets=1
[DEBUG] armors=1, targets=1
[DEBUG] armors=1, targets=1
[DEBUG] armors=1, targets=1
[DEBUG] armors=1, targets=1
[DEBUG] armors=1, targets=1
[DEBUG] armors=1, targets=1
[DEBUG] armors=1, targets=1
[DEBUG] armors=1, targets=1
[DEBUG] armors=1, targets=1
[DEBUG] armors=1, targets=1
[DEBUG] armors=1, targets=1
[DEBUG] armors=1, targets=1
[2026-09-05 13:10:08.878] [info] [DRYRUN] measured_gimbal=(2.922,0.032,0.101) measured_world=(2.915,0.196,-0.113) tracked_world=(2.916,0.196,-0.113) target_gimbal_deg=(0.64,1.98) target_world_deg=(3.84,-2.21) gimbal_deg=(3.21,4.19) armor_y_px=502.7 pixel_error_deg=(0.10,-0.91) ballistic=(range=2.922m holdover=0.568m comp=10.78deg residual=-11.69deg) q_wxyz=(0.998940,0.001024,0.036545,-0.027984) cmd_deg=(3.85,-15.11) packed_pitch_deg=-15.11 control=true shoot=false
[DEBUG] armors=1, targets=1
[DEBUG] armors=1, targets=1
[DEBUG] armors=1, targets=1
[DEBUG] armors=1, targets=1
[DEBUG] armors=1, targets=1
[DEBUG] armors=1, targets=1
[DEBUG] armors=1, targets=1
[DEBUG] armors=1, targets=1
[DEBUG] armors=1, targets=1
[DEBUG] armors=1, targets=1
[DEBUG] armors=1, targets=1
[DEBUG] armors=1, targets=1
[DEBUG] armors=1, targets=1
[DEBUG] armors=1, targets=1
[DEBUG] armors=1, targets=1
[DEBUG] armors=1, targets=1
[DEBUG] armors=1, targets=1
[DEBUG] armors=1, targets=1
[DEBUG] armors=1, targets=1
[DEBUG] armors=1, targets=1
[2026-09-05 13:10:09.186] [info] [DRYRUN] measured_gimbal=(2.934,0.033,0.101) measured_world=(2.927,0.197,-0.113) tracked_world=(2.919,0.196,-0.113) target_gimbal_deg=(0.64,1.98) target_world_deg=(3.84,-2.21) gimbal_deg=(3.21,4.19) armor_y_px=502.7 pixel_error_deg=(0.10,-0.91) ballistic=(range=2.934m holdover=0.571m comp=10.80deg residual=-11.71deg) q_wxyz=(0.998940,0.001024,0.036545,-0.027984) cmd_deg=(3.85,-15.12) packed_pitch_deg=-15.12 control=true shoot=false
[DEBUG] armors=1, targets=1
[DEBUG] armors=1, targets=1
[DEBUG] armors=1, targets=1
[DEBUG] armors=1, targets=1
[DEBUG] armors=1, targets=1
[DEBUG] armors=1, targets=1
[DEBUG] armors=1, targets=1
[DEBUG] armors=1, targets=1
[DEBUG] armors=1, targets=1
[2026-09-05 13:10:09.328] [info] [SYNC][XUC] mode=0 yaw=-3.21 deg pitch=4.19 deg feeder_rpm=0.00 wheel0_rpm=0 wheel1_rpm=0 wheel_delta=0 projectile_speed=12.80
[DEBUG] armors=1, targets=1
[2026-09-05 13:10:09.343] [info] [PERF] 总耗时=15.3ms (检测=12.3ms, 跟踪=0.4ms), FPS=65.6
[2026-09-05 13:10:09.343] [info] 📊 [CAMERA FPS] 瞬时帧率=65.5fps, 平均帧率=63.9fps, 总帧数=250, 运行时间=3.9s
[DEBUG] armors=1, targets=1
[DEBUG] armors=1, targets=1
[DEBUG] armors=1, targets=1
[DEBUG] armors=1, targets=1
[DEBUG] armors=1, targets=1
[DEBUG] armors=1, targets=1
[DEBUG] armors=1, targets=1
[DEBUG] armors=1, targets=1
[DEBUG] armors=1, targets=1
[DEBUG] armors=1, targets=1
[2026-09-05 13:10:09.492] [info] [DRYRUN] measured_gimbal=(2.922,0.032,0.101) measured_world=(2.915,0.196,-0.113) tracked_world=(2.919,0.196,-0.113) target_gimbal_deg=(0.64,1.98) target_world_deg=(3.84,-2.21) gimbal_deg=(3.21,4.19) armor_y_px=502.8 pixel_error_deg=(0.10,-0.91) ballistic=(range=2.922m holdover=0.568m comp=10.78deg residual=-11.69deg) q_wxyz=(0.998940,0.001024,0.036545,-0.027984) cmd_deg=(3.85,-15.10) packed_pitch_deg=-15.10 control=true shoot=false
[DEBUG] armors=1, targets=1
[DEBUG] armors=1, targets=1
[DEBUG] armors=1, targets=1
[DEBUG] armors=1, targets=1
[DEBUG] armors=1, targets=1
[DEBUG] armors=1, targets=1
[DEBUG] armors=1, targets=1
[DEBUG] armors=1, targets=1
[DEBUG] armors=1, targets=1
[DEBUG] armors=1, targets=1
[DEBUG] armors=1, targets=1
[DEBUG] armors=1, targets=1
[DEBUG] armors=1, targets=1
[DEBUG] armors=1, targets=1
[DEBUG] armors=1, targets=1
[DEBUG] armors=1, targets=1
[DEBUG] armors=1, targets=1
[DEBUG] armors=1, targets=1
[DEBUG] armors=1, targets=1
[DEBUG] armors=1, targets=1
[2026-09-05 13:10:09.799] [info] [DRYRUN] measured_gimbal=(2.925,0.032,0.101) measured_world=(2.919,0.196,-0.113) tracked_world=(2.919,0.196,-0.113) target_gimbal_deg=(0.63,1.98) target_world_deg=(3.84,-2.21) gimbal_deg=(3.21,4.19) armor_y_px=502.6 pixel_error_deg=(0.10,-0.92) ballistic=(range=2.926m holdover=0.569m comp=10.78deg residual=-11.70deg) q_wxyz=(0.998940,0.001024,0.036545,-0.027984) cmd_deg=(3.84,-15.11) packed_pitch_deg=-15.11 control=true shoot=false
[DEBUG] armors=1, targets=1
[DEBUG] armors=1, targets=1
[DEBUG] armors=1, targets=1
[DEBUG] armors=1, targets=1
[DEBUG] armors=1, targets=1
[DEBUG] armors=1, targets=1
[DEBUG] armors=1, targets=1
[DEBUG] armors=1, targets=1
[DEBUG] armors=1, targets=1
[DEBUG] armors=1, targets=1
[DEBUG] armors=1, targets=1
[DEBUG] armors=1, targets=1
[DEBUG] armors=1, targets=1
[DEBUG] armors=1, targets=1
[DEBUG] armors=1, targets=1
[DEBUG] armors=1, targets=1
[DEBUG] armors=1, targets=1
[DEBUG] armors=1, targets=1
[DEBUG] armors=1, targets=1
[2026-09-05 13:10:10.095] [info] [SYNC][XUC] mode=0 yaw=-3.21 deg pitch=4.19 deg feeder_rpm=0.00 wheel0_rpm=0 wheel1_rpm=0 wheel_delta=0 projectile_speed=12.80
[DEBUG] armors=1, targets=1
[2026-09-05 13:10:10.108] [info] [DRYRUN] measured_gimbal=(2.926,0.032,0.101) measured_world=(2.919,0.196,-0.113) tracked_world=(2.917,0.196,-0.113) target_gimbal_deg=(0.64,1.98) target_world_deg=(3.84,-2.21) gimbal_deg=(3.21,4.19) armor_y_px=502.8 pixel_error_deg=(0.10,-0.91) ballistic=(range=2.926m holdover=0.569m comp=10.78deg residual=-11.70deg) q_wxyz=(0.998940,0.001024,0.036545,-0.027984) cmd_deg=(3.85,-15.11) packed_pitch_deg=-15.11 control=true shoot=false
[2026-09-05 13:10:10.111] [info] [PERF] 总耗时=15.7ms (检测=12.9ms, 跟踪=0.4ms), FPS=63.6
[2026-09-05 13:10:10.111] [info] 📊 [CAMERA FPS] 瞬时帧率=63.4fps, 平均帧率=64.1fps, 总帧数=300, 运行时间=4.7s
[DEBUG] armors=1, targets=1
[DEBUG] armors=1, targets=1
[DEBUG] armors=1, targets=1
[DEBUG] armors=1, targets=1
[DEBUG] armors=1, targets=1
[DEBUG] armors=1, targets=1
[DEBUG] armors=1, targets=1
[DEBUG] armors=1, targets=1
[DEBUG] armors=1, targets=1
[DEBUG] armors=1, targets=1
[DEBUG] armors=1, targets=1
[DEBUG] armors=1, targets=1
[DEBUG] armors=1, targets=1
[DEBUG] armors=1, targets=1
[DEBUG] armors=1, targets=1
[DEBUG] armors=1, targets=1
[DEBUG] armors=1, targets=1
[DEBUG] armors=1, targets=1
[DEBUG] armors=1, targets=1
[DEBUG] armors=1, targets=1
[2026-09-05 13:10:10.418] [info] [DRYRUN] measured_gimbal=(2.925,0.033,0.101) measured_world=(2.919,0.196,-0.113) tracked_world=(2.917,0.196,-0.113) target_gimbal_deg=(0.64,1.98) target_world_deg=(3.85,-2.21) gimbal_deg=(3.21,4.19) armor_y_px=502.9 pixel_error_deg=(0.10,-0.91) ballistic=(range=2.926m holdover=0.569m comp=10.78deg residual=-11.69deg) q_wxyz=(0.998940,0.001024,0.036545,-0.027984) cmd_deg=(3.84,-15.10) packed_pitch_deg=-15.10 control=true shoot=false
[DEBUG] armors=1, targets=1
[DEBUG] armors=1, targets=1
[DEBUG] armors=1, targets=1
[DEBUG] armors=1, targets=1
[DEBUG] armors=1, targets=1
[DEBUG] armors=1, targets=1
[DEBUG] armors=1, targets=1
[DEBUG] armors=1, targets=1
[DEBUG] armors=1, targets=1
[DEBUG] armors=1, targets=1
[DEBUG] armors=1, targets=1
[DEBUG] armors=1, targets=1
[DEBUG] armors=1, targets=1
[DEBUG] armors=1, targets=1
[DEBUG] armors=1, targets=1
[DEBUG] armors=1, targets=1
[DEBUG] armors=1, targets=1
[DEBUG] armors=1, targets=1
[DEBUG] armors=1, targets=1
[DEBUG] armors=1, targets=1
[2026-09-05 13:10:10.726] [info] [DRYRUN] measured_gimbal=(2.932,0.032,0.101) measured_world=(2.926,0.197,-0.113) tracked_world=(2.918,0.196,-0.113) target_gimbal_deg=(0.63,1.98) target_world_deg=(3.84,-2.21) gimbal_deg=(3.21,4.19) armor_y_px=502.7 pixel_error_deg=(0.10,-0.91) ballistic=(range=2.933m holdover=0.570m comp=10.79deg residual=-11.71deg) q_wxyz=(0.998940,0.001024,0.036545,-0.027984) cmd_deg=(3.84,-15.11) packed_pitch_deg=-15.11 control=true shoot=false
[DEBUG] armors=1, targets=1
[DEBUG] armors=1, targets=1
[DEBUG] armors=1, targets=1
[DEBUG] armors=1, targets=1
[DEBUG] armors=1, targets=1
[DEBUG] armors=1, targets=1
[DEBUG] armors=1, targets=1
[DEBUG] armors=1, targets=1
[DEBUG] armors=1, targets=1
[2026-09-05 13:10:10.866] [info] [SYNC][XUC] mode=0 yaw=-3.21 deg pitch=4.19 deg feeder_rpm=0.00 wheel0_rpm=0 wheel1_rpm=0 wheel_delta=0 projectile_speed=12.80
[DEBUG] armors=1, targets=1
[2026-09-05 13:10:10.882] [info] [PERF] 总耗时=15.5ms (检测=12.5ms, 跟踪=0.4ms), FPS=64.3
[2026-09-05 13:10:10.882] [info] 📊 [CAMERA FPS] 瞬时帧率=64.2fps, 平均帧率=64.2fps, 总帧数=350, 运行时间=5.5s
[DEBUG] armors=1, targets=1
[DEBUG] armors=1, targets=1
[DEBUG] armors=1, targets=1
[DEBUG] armors=1, targets=1
[DEBUG] armors=1, targets=1
[DEBUG] armors=1, targets=1
[DEBUG] armors=1, targets=1
[DEBUG] armors=1, targets=1
[DEBUG] armors=1, targets=1
[DEBUG] armors=1, targets=1
[2026-09-05 13:10:11.031] [info] [DRYRUN] measured_gimbal=(2.934,0.033,0.101) measured_world=(2.927,0.197,-0.113) tracked_world=(2.919,0.196,-0.113) target_gimbal_deg=(0.64,1.98) target_world_deg=(3.84,-2.21) gimbal_deg=(3.21,4.19) armor_y_px=502.7 pixel_error_deg=(0.10,-0.91) ballistic=(range=2.934m holdover=0.571m comp=10.80deg residual=-11.71deg) q_wxyz=(0.998940,0.001024,0.036545,-0.027984) cmd_deg=(3.84,-15.12) packed_pitch_deg=-15.12 control=true shoot=false
[DEBUG] armors=1, targets=1
[DEBUG] armors=1, targets=1
[DEBUG] armors=1, targets=1
[DEBUG] armors=1, targets=1
[DEBUG] armors=1, targets=1
[DEBUG] armors=1, targets=1
[DEBUG] armors=1, targets=1
[DEBUG] armors=1, targets=1
[DEBUG] armors=1, targets=1
[DEBUG] armors=1, targets=1
[DEBUG] armors=1, targets=1
[DEBUG] armors=1, targets=1
[DEBUG] armors=1, targets=1
[DEBUG] armors=1, targets=1
[DEBUG] armors=1, targets=1
[DEBUG] armors=1, targets=1
[DEBUG] armors=1, targets=1
[DEBUG] armors=1, targets=1
[DEBUG] armors=1, targets=1
[DEBUG] armors=1, targets=1
[2026-09-05 13:10:11.340] [info] [DRYRUN] measured_gimbal=(2.923,0.032,0.101) measured_world=(2.916,0.196,-0.113) tracked_world=(2.919,0.196,-0.113) target_gimbal_deg=(0.63,1.98) target_world_deg=(3.84,-2.21) gimbal_deg=(3.21,4.19) armor_y_px=502.8 pixel_error_deg=(0.10,-0.91) ballistic=(range=2.923m holdover=0.568m comp=10.78deg residual=-11.69deg) q_wxyz=(0.998940,0.001024,0.036545,-0.027984) cmd_deg=(3.85,-15.11) packed_pitch_deg=-15.11 control=true shoot=false
[DEBUG] armors=1, targets=1
[DEBUG] armors=1, targets=1
[DEBUG] armors=1, targets=1
[DEBUG] armors=1, targets=1
[DEBUG] armors=1, targets=1
[DEBUG] armors=1, targets=1
[DEBUG] armors=1, targets=1
[DEBUG] armors=1, targets=1
[DEBUG] armors=1, targets=1
[DEBUG] armors=1, targets=1
[DEBUG] armors=1, targets=1
[DEBUG] armors=1, targets=1
[DEBUG] armors=1, targets=1
[DEBUG] armors=1, targets=1
[DEBUG] armors=1, targets=1
[DEBUG] armors=1, targets=1
[DEBUG] armors=1, targets=1
[DEBUG] armors=1, targets=1
[DEBUG] armors=1, targets=1
[2026-09-05 13:10:11.637] [info] [SYNC][XUC] mode=0 yaw=-3.21 deg pitch=4.19 deg feeder_rpm=-4.00 wheel0_rpm=0 wheel1_rpm=0 wheel_delta=0 projectile_speed=12.80
[DEBUG] armors=1, targets=1
[2026-09-05 13:10:11.650] [info] [DRYRUN] measured_gimbal=(2.934,0.033,0.102) measured_world=(2.927,0.197,-0.113) tracked_world=(2.920,0.196,-0.113) target_gimbal_deg=(0.64,1.98) target_world_deg=(3.85,-2.21) gimbal_deg=(3.21,4.19) armor_y_px=502.5 pixel_error_deg=(0.10,-0.92) ballistic=(range=2.934m holdover=0.571m comp=10.80deg residual=-11.72deg) q_wxyz=(0.998940,0.001024,0.036545,-0.027984) cmd_deg=(3.85,-15.13) packed_pitch_deg=-15.13 control=true shoot=false
[2026-09-05 13:10:11.652] [info] [PERF] 总耗时=15.8ms (检测=13.1ms, 跟踪=0.4ms), FPS=63.2
[2026-09-05 13:10:11.652] [info] 📊 [CAMERA FPS] 瞬时帧率=63.1fps, 平均帧率=64.3fps, 总帧数=400, 运行时间=6.2s
[DEBUG] armors=1, targets=1
[DEBUG] armors=1, targets=1
[DEBUG] armors=1, targets=1
[DEBUG] armors=1, targets=1
[DEBUG] armors=1, targets=1
[DEBUG] armors=1, targets=1
[DEBUG] armors=1, targets=1
[DEBUG] armors=1, targets=1
[DEBUG] armors=1, targets=1
[DEBUG] armors=1, targets=1
[DEBUG] armors=1, targets=1
[DEBUG] armors=1, targets=1
[DEBUG] armors=1, targets=1
[DEBUG] armors=1, targets=1
[DEBUG] armors=1, targets=1
[DEBUG] armors=1, targets=1
[DEBUG] armors=1, targets=1
[DEBUG] armors=1, targets=1
[DEBUG] armors=1, targets=1
[DEBUG] armors=1, targets=1
[2026-09-05 13:10:11.962] [info] [DRYRUN] measured_gimbal=(2.926,0.033,0.101) measured_world=(2.919,0.196,-0.113) tracked_world=(2.920,0.196,-0.113) target_gimbal_deg=(0.64,1.98) target_world_deg=(3.85,-2.21) gimbal_deg=(3.21,4.19) armor_y_px=502.7 pixel_error_deg=(0.10,-0.92) ballistic=(range=2.926m holdover=0.569m comp=10.78deg residual=-11.70deg) q_wxyz=(0.998940,0.001024,0.036545,-0.027984) cmd_deg=(3.84,-15.10) packed_pitch_deg=-15.10 control=true shoot=false
[DEBUG] armors=1, targets=1
[DEBUG] armors=1, targets=1
[DEBUG] armors=1, targets=1
[DEBUG] armors=1, targets=1
[DEBUG] armors=1, targets=1
[DEBUG] armors=1, targets=1
[DEBUG] armors=1, targets=1
[DEBUG] armors=1, targets=1
[DEBUG] armors=1, targets=1
[DEBUG] armors=1, targets=1
[DEBUG] armors=1, targets=1
[DEBUG] armors=1, targets=1
[DEBUG] armors=1, targets=1
[DEBUG] armors=1, targets=1
[DEBUG] armors=1, targets=1
[DEBUG] armors=1, targets=1
[DEBUG] armors=1, targets=1
[DEBUG] armors=1, targets=1
[DEBUG] armors=1, targets=1
[DEBUG] armors=1, targets=1
[2026-09-05 13:10:12.266] [info] [DRYRUN] measured_gimbal=(2.937,0.033,0.102) measured_world=(2.930,0.197,-0.113) tracked_world=(2.920,0.196,-0.113) target_gimbal_deg=(0.63,1.98) target_world_deg=(3.84,-2.21) gimbal_deg=(3.21,4.19) armor_y_px=502.6 pixel_error_deg=(0.10,-0.92) ballistic=(range=2.937m holdover=0.572m comp=10.80deg residual=-11.72deg) q_wxyz=(0.998940,0.001024,0.036545,-0.027984) cmd_deg=(3.84,-15.12) packed_pitch_deg=-15.12 control=true shoot=false
[DEBUG] armors=1, targets=1
[DEBUG] armors=1, targets=1
[DEBUG] armors=1, targets=1
[DEBUG] armors=1, targets=1
[DEBUG] armors=1, targets=1
[DEBUG] armors=1, targets=1
[DEBUG] armors=1, targets=1
[DEBUG] armors=1, targets=1
[DEBUG] armors=1, targets=1
[2026-09-05 13:10:12.407] [info] [SYNC][XUC] mode=0 yaw=-3.21 deg pitch=4.19 deg feeder_rpm=0.00 wheel0_rpm=0 wheel1_rpm=0 wheel_delta=0 projectile_speed=12.80
[DEBUG] armors=1, targets=1
[2026-09-05 13:10:12.422] [info] [PERF] 总耗时=15.1ms (检测=12.4ms, 跟踪=0.4ms), FPS=66.3
[2026-09-05 13:10:12.422] [info] 📊 [CAMERA FPS] 瞬时帧率=66.2fps, 平均帧率=64.3fps, 总帧数=450, 运行时间=7.0s
[DEBUG] armors=1, targets=1
[DEBUG] armors=1, targets=1
[DEBUG] armors=1, targets=1
[DEBUG] armors=1, targets=1
[DEBUG] armors=1, targets=1
[DEBUG] armors=1, targets=1
[DEBUG] armors=1, targets=1
[DEBUG] armors=1, targets=1
[DEBUG] armors=1, targets=1
[DEBUG] armors=1, targets=1
[2026-09-05 13:10:12.574] [info] [DRYRUN] measured_gimbal=(2.925,0.033,0.101) measured_world=(2.918,0.196,-0.113) tracked_world=(2.920,0.196,-0.113) target_gimbal_deg=(0.64,1.98) target_world_deg=(3.85,-2.21) gimbal_deg=(3.21,4.19) armor_y_px=502.8 pixel_error_deg=(0.10,-0.91) ballistic=(range=2.925m holdover=0.569m comp=10.78deg residual=-11.70deg) q_wxyz=(0.998940,0.001024,0.036545,-0.027984) cmd_deg=(3.85,-15.12) packed_pitch_deg=-15.12 control=true shoot=false
[DEBUG] armors=1, targets=1
[DEBUG] armors=1, targets=1
[DEBUG] armors=1, targets=1
[DEBUG] armors=1, targets=1
[DEBUG] armors=1, targets=1
[DEBUG] armors=1, targets=1
[DEBUG] armors=1, targets=1
[DEBUG] armors=1, targets=1
[DEBUG] armors=1, targets=1
[DEBUG] armors=1, targets=1
[DEBUG] armors=1, targets=1
[DEBUG] armors=1, targets=1
[DEBUG] armors=1, targets=1
[DEBUG] armors=1, targets=1
[DEBUG] armors=1, targets=1
[DEBUG] armors=1, targets=1
[DEBUG] armors=1, targets=1
[DEBUG] armors=1, targets=1
[DEBUG] armors=1, targets=1
[DEBUG] armors=1, targets=1
[2026-09-05 13:10:12.887] [info] [DRYRUN] measured_gimbal=(2.926,0.032,0.101) measured_world=(2.919,0.196,-0.113) tracked_world=(2.919,0.196,-0.113) target_gimbal_deg=(0.63,1.98) target_world_deg=(3.84,-2.21) gimbal_deg=(3.21,4.19) armor_y_px=502.6 pixel_error_deg=(0.10,-0.92) ballistic=(range=2.926m holdover=0.569m comp=10.78deg residual=-11.70deg) q_wxyz=(0.998940,0.001024,0.036545,-0.027984) cmd_deg=(3.84,-15.12) packed_pitch_deg=-15.12 control=true shoot=false
[DEBUG] armors=1, targets=1
[DEBUG] armors=1, targets=1
[DEBUG] armors=1, targets=1
[DEBUG] armors=1, targets=1
[DEBUG] armors=1, targets=1
[DEBUG] armors=1, targets=1
[DEBUG] armors=1, targets=1
[DEBUG] armors=1, targets=1
[DEBUG] armors=1, targets=1
[DEBUG] armors=1, targets=1
[DEBUG] armors=1, targets=1
[DEBUG] armors=1, targets=1
[DEBUG] armors=1, targets=1
[DEBUG] armors=1, targets=1
[DEBUG] armors=1, targets=1
[DEBUG] armors=1, targets=1
[DEBUG] armors=1, targets=1
[DEBUG] armors=1, targets=1
[DEBUG] armors=1, targets=1
[2026-09-05 13:10:13.187] [info] [SYNC][XUC] mode=0 yaw=-3.21 deg pitch=4.19 deg feeder_rpm=-4.00 wheel0_rpm=0 wheel1_rpm=0 wheel_delta=0 projectile_speed=12.80
[DEBUG] armors=1, targets=1
[2026-09-05 13:10:13.201] [info] [DRYRUN] measured_gimbal=(2.904,0.032,0.101) measured_world=(2.897,0.194,-0.112) tracked_world=(2.919,0.196,-0.113) target_gimbal_deg=(0.63,1.99) target_world_deg=(3.84,-2.20) gimbal_deg=(3.21,4.19) armor_y_px=502.7 pixel_error_deg=(0.10,-0.91) ballistic=(range=2.904m holdover=0.563m comp=10.75deg residual=-11.67deg) q_wxyz=(0.998940,0.001024,0.036545,-0.027984) cmd_deg=(3.85,-15.09) packed_pitch_deg=-15.09 control=true shoot=false
[2026-09-05 13:10:13.203] [info] [PERF] 总耗时=15.9ms (检测=12.9ms, 跟踪=0.5ms), FPS=62.7
[2026-09-05 13:10:13.203] [info] 📊 [CAMERA FPS] 瞬时帧率=62.6fps, 平均帧率=64.3fps, 总帧数=500, 运行时间=7.8s
[DEBUG] armors=1, targets=1
[DEBUG] armors=1, targets=1
[DEBUG] armors=1, targets=1
[DEBUG] armors=1, targets=1
[DEBUG] armors=1, targets=1
[DEBUG] armors=1, targets=1
[DEBUG] armors=1, targets=1
[DEBUG] armors=1, targets=1
[DEBUG] armors=1, targets=1
[DEBUG] armors=1, targets=1
[DEBUG] armors=1, targets=1
[DEBUG] armors=1, targets=1
[DEBUG] armors=1, targets=1
[DEBUG] armors=1, targets=1
[DEBUG] armors=1, targets=1
[DEBUG] armors=1, targets=1
[DEBUG] armors=1, targets=1
[DEBUG] armors=1, targets=1
[DEBUG] armors=1, targets=1
[DEBUG] armors=1, targets=1
[2026-09-05 13:10:13.517] [info] [DRYRUN] measured_gimbal=(2.934,0.033,0.101) measured_world=(2.927,0.197,-0.113) tracked_world=(2.919,0.196,-0.113) target_gimbal_deg=(0.64,1.98) target_world_deg=(3.84,-2.21) gimbal_deg=(3.21,4.19) armor_y_px=502.7 pixel_error_deg=(0.10,-0.91) ballistic=(range=2.934m holdover=0.571m comp=10.80deg residual=-11.71deg) q_wxyz=(0.998940,0.001024,0.036545,-0.027984) cmd_deg=(3.84,-15.11) packed_pitch_deg=-15.11 control=true shoot=false
[DEBUG] armors=1, targets=1
[DEBUG] armors=1, targets=1
[DEBUG] armors=1, targets=1
[DEBUG] armors=1, targets=1
[DEBUG] armors=1, targets=1
[DEBUG] armors=1, targets=1
[DEBUG] armors=1, targets=1
[DEBUG] armors=1, targets=1
[DEBUG] armors=1, targets=1
[DEBUG] armors=1, targets=1
[DEBUG] armors=1, targets=1
[DEBUG] armors=1, targets=1
[DEBUG] armors=1, targets=1
[DEBUG] armors=1, targets=1
[DEBUG] armors=1, targets=1
[DEBUG] armors=1, targets=1
[DEBUG] armors=1, targets=1
[DEBUG] armors=1, targets=1
[DEBUG] armors=1, targets=1
[DEBUG] armors=1, targets=1
[2026-09-05 13:10:13.832] [info] [DRYRUN] measured_gimbal=(2.908,0.032,0.101) measured_world=(2.901,0.195,-0.112) tracked_world=(2.917,0.196,-0.113) target_gimbal_deg=(0.63,1.99) target_world_deg=(3.84,-2.20) gimbal_deg=(3.21,4.19) armor_y_px=502.8 pixel_error_deg=(0.10,-0.91) ballistic=(range=2.908m holdover=0.564m comp=10.76deg residual=-11.67deg) q_wxyz=(0.998940,0.001024,0.036545,-0.027984) cmd_deg=(3.85,-15.10) packed_pitch_deg=-15.10 control=true shoot=false
[DEBUG] armors=1, targets=1
[DEBUG] armors=1, targets=1
[DEBUG] armors=1, targets=1
[DEBUG] armors=1, targets=1
[DEBUG] armors=1, targets=1
[DEBUG] armors=1, targets=1
[DEBUG] armors=1, targets=1
[DEBUG] armors=1, targets=1
[DEBUG] armors=1, targets=1
[2026-09-05 13:10:13.971] [info] [SYNC][XUC] mode=0 yaw=-3.21 deg pitch=4.19 deg feeder_rpm=3.00 wheel0_rpm=0 wheel1_rpm=0 wheel_delta=0 projectile_speed=12.80
[DEBUG] armors=1, targets=1
[2026-09-05 13:10:13.987] [info] [PERF] 总耗时=16.0ms (检测=13.3ms, 跟踪=0.4ms), FPS=62.3
[2026-09-05 13:10:13.987] [info] 📊 [CAMERA FPS] 瞬时帧率=62.2fps, 平均帧率=64.3fps, 总帧数=550, 运行时间=8.6s
[DEBUG] armors=1, targets=1
[DEBUG] armors=1, targets=1
[DEBUG] armors=1, targets=1
[DEBUG] armors=1, targets=1
[DEBUG] armors=1, targets=1
[DEBUG] armors=1, targets=1
[DEBUG] armors=1, targets=1
[DEBUG] armors=1, targets=1
[DEBUG] armors=1, targets=1
[DEBUG] armors=1, targets=1
[2026-09-05 13:10:14.140] [info] [DRYRUN] measured_gimbal=(2.933,0.033,0.101) measured_world=(2.926,0.197,-0.113) tracked_world=(2.919,0.196,-0.113) target_gimbal_deg=(0.64,1.98) target_world_deg=(3.84,-2.21) gimbal_deg=(3.21,4.19) armor_y_px=502.7 pixel_error_deg=(0.10,-0.91) ballistic=(range=2.933m holdover=0.571m comp=10.79deg residual=-11.71deg) q_wxyz=(0.998940,0.001024,0.036545,-0.027984) cmd_deg=(3.85,-15.12) packed_pitch_deg=-15.12 control=true shoot=false
[DEBUG] armors=1, targets=1
[DEBUG] armors=1, targets=1
[DEBUG] armors=1, targets=1
[DEBUG] armors=1, targets=1
[DEBUG] armors=1, targets=1
[DEBUG] armors=1, targets=1
[DEBUG] armors=1, targets=1
[DEBUG] armors=1, targets=1
[DEBUG] armors=1, targets=1
[DEBUG] armors=1, targets=1
[DEBUG] armors=1, targets=1
[DEBUG] armors=1, targets=1
[DEBUG] armors=1, targets=1
[DEBUG] armors=1, targets=1
[DEBUG] armors=1, targets=1
[DEBUG] armors=1, targets=1
[DEBUG] armors=1, targets=1
[DEBUG] armors=1, targets=1
[DEBUG] armors=1, targets=1
[DEBUG] armors=1, targets=1
[2026-09-05 13:10:14.448] [info] [DRYRUN] measured_gimbal=(2.922,0.033,0.101) measured_world=(2.915,0.196,-0.113) tracked_world=(2.920,0.196,-0.113) target_gimbal_deg=(0.64,1.98) target_world_deg=(3.85,-2.21) gimbal_deg=(3.21,4.19) armor_y_px=502.9 pixel_error_deg=(0.10,-0.91) ballistic=(range=2.922m holdover=0.568m comp=10.78deg residual=-11.69deg) q_wxyz=(0.998940,0.001024,0.036545,-0.027984) cmd_deg=(3.84,-15.11) packed_pitch_deg=-15.11 control=true shoot=false
[DEBUG] armors=1, targets=1
[DEBUG] armors=1, targets=1
[DEBUG] armors=1, targets=1
[DEBUG] armors=1, targets=1
[DEBUG] armors=1, targets=1
[DEBUG] armors=1, targets=1
[DEBUG] armors=1, targets=1
[DEBUG] armors=1, targets=1
[DEBUG] armors=1, targets=1
[DEBUG] armors=1, targets=1
[DEBUG] armors=1, targets=1
[DEBUG] armors=1, targets=1
[DEBUG] armors=1, targets=1
[DEBUG] armors=1, targets=1
[DEBUG] armors=1, targets=1
[DEBUG] armors=1, targets=1
[DEBUG] armors=1, targets=1
[DEBUG] armors=1, targets=1
[DEBUG] armors=1, targets=1
[2026-09-05 13:10:14.747] [info] [SYNC][XUC] mode=0 yaw=-3.21 deg pitch=4.19 deg feeder_rpm=-4.00 wheel0_rpm=0 wheel1_rpm=0 wheel_delta=0 projectile_speed=12.80
[DEBUG] armors=1, targets=1
[2026-09-05 13:10:14.760] [info] [DRYRUN] measured_gimbal=(2.929,0.033,0.101) measured_world=(2.922,0.196,-0.113) tracked_world=(2.920,0.196,-0.113) target_gimbal_deg=(0.64,1.98) target_world_deg=(3.85,-2.21) gimbal_deg=(3.21,4.19) armor_y_px=502.8 pixel_error_deg=(0.10,-0.91) ballistic=(range=2.929m holdover=0.570m comp=10.79deg residual=-11.70deg) q_wxyz=(0.998940,0.001024,0.036545,-0.027984) cmd_deg=(3.84,-15.11) packed_pitch_deg=-15.11 control=true shoot=false
[2026-09-05 13:10:14.762] [info] [PERF] 总耗时=15.6ms (检测=12.8ms, 跟踪=0.5ms), FPS=64.1
[2026-09-05 13:10:14.762] [info] 📊 [CAMERA FPS] 瞬时帧率=64.0fps, 平均帧率=64.3fps, 总帧数=600, 运行时间=9.3s
[DEBUG] armors=1, targets=1
[DEBUG] armors=1, targets=1
[DEBUG] armors=1, targets=1
[DEBUG] armors=1, targets=1
[DEBUG] armors=1, targets=1
[DEBUG] armors=1, targets=1
[DEBUG] armors=1, targets=1
[DEBUG] armors=1, targets=1
[DEBUG] armors=1, targets=1
[DEBUG] armors=1, targets=1
[DEBUG] armors=1, targets=1
[DEBUG] armors=1, targets=1
[DEBUG] armors=1, targets=1
[DEBUG] armors=1, targets=1
[DEBUG] armors=1, targets=1
[DEBUG] armors=1, targets=1
[DEBUG] armors=1, targets=1
[DEBUG] armors=1, targets=1
[DEBUG] armors=1, targets=1
[DEBUG] armors=1, targets=1
[2026-09-05 13:10:15.068] [info] [DRYRUN] measured_gimbal=(2.934,0.032,0.102) measured_world=(2.927,0.197,-0.113) tracked_world=(2.919,0.196,-0.113) target_gimbal_deg=(0.63,1.98) target_world_deg=(3.84,-2.21) gimbal_deg=(3.21,4.19) armor_y_px=502.6 pixel_error_deg=(0.10,-0.92) ballistic=(range=2.934m holdover=0.571m comp=10.80deg residual=-11.71deg) q_wxyz=(0.998940,0.001024,0.036545,-0.027984) cmd_deg=(3.84,-15.12) packed_pitch_deg=-15.12 control=true shoot=false
[DEBUG] armors=1, targets=1
[DEBUG] armors=1, targets=1
[DEBUG] armors=1, targets=1
[DEBUG] armors=1, targets=1
[DEBUG] armors=1, targets=1
[DEBUG] armors=1, targets=1
[DEBUG] armors=1, targets=1
[DEBUG] armors=1, targets=1
[DEBUG] armors=1, targets=1
[DEBUG] armors=1, targets=1
[DEBUG] armors=1, targets=1
[DEBUG] armors=1, targets=1
[DEBUG] armors=1, targets=1
[DEBUG] armors=1, targets=1
[DEBUG] armors=1, targets=1
[DEBUG] armors=1, targets=1
[DEBUG] armors=1, targets=1
[DEBUG] armors=1, targets=1
[DEBUG] armors=1, targets=1
[DEBUG] armors=1, targets=1
[2026-09-05 13:10:15.382] [info] [DRYRUN] measured_gimbal=(2.922,0.032,0.101) measured_world=(2.916,0.196,-0.113) tracked_world=(2.917,0.196,-0.113) target_gimbal_deg=(0.63,1.98) target_world_deg=(3.84,-2.21) gimbal_deg=(3.21,4.19) armor_y_px=502.8 pixel_error_deg=(0.10,-0.91) ballistic=(range=2.923m holdover=0.568m comp=10.78deg residual=-11.69deg) q_wxyz=(0.998940,0.001024,0.036545,-0.027984) cmd_deg=(3.84,-15.10) packed_pitch_deg=-15.10 control=true shoot=false
[DEBUG] armors=1, targets=1
[DEBUG] armors=1, targets=1
[DEBUG] armors=1, targets=1
[DEBUG] armors=1, targets=1
[DEBUG] armors=1, targets=1
[DEBUG] armors=1, targets=1
[DEBUG] armors=1, targets=1
[DEBUG] armors=1, targets=1
[DEBUG] armors=1, targets=1
[2026-09-05 13:10:15.525] [info] [SYNC][XUC] mode=0 yaw=-3.21 deg pitch=4.19 deg feeder_rpm=0.00 wheel0_rpm=0 wheel1_rpm=0 wheel_delta=0 projectile_speed=12.80
[DEBUG] armors=1, targets=1
[2026-09-05 13:10:15.541] [info] [PERF] 总耗时=15.7ms (检测=12.9ms, 跟踪=0.4ms), FPS=63.7
[2026-09-05 13:10:15.541] [info] 📊 [CAMERA FPS] 瞬时帧率=63.5fps, 平均帧率=64.3fps, 总帧数=650, 运行时间=10.1s
[DEBUG] armors=1, targets=1
[DEBUG] armors=1, targets=1
[DEBUG] armors=1, targets=1
[DEBUG] armors=1, targets=1
[DEBUG] armors=1, targets=1
[DEBUG] armors=1, targets=1
[DEBUG] armors=1, targets=1
[DEBUG] armors=1, targets=1
[DEBUG] armors=1, targets=1
[DEBUG] armors=1, targets=1
[2026-09-05 13:10:15.692] [info] [DRYRUN] measured_gimbal=(2.914,0.032,0.101) measured_world=(2.907,0.195,-0.112) tracked_world=(2.918,0.196,-0.113) target_gimbal_deg=(0.63,1.99) target_world_deg=(3.84,-2.20) gimbal_deg=(3.21,4.19) armor_y_px=502.7 pixel_error_deg=(0.10,-0.91) ballistic=(range=2.914m holdover=0.566m comp=10.77deg residual=-11.68deg) q_wxyz=(0.998940,0.001024,0.036545,-0.027984) cmd_deg=(3.85,-15.10) packed_pitch_deg=-15.10 control=true shoot=false
[DEBUG] armors=1, targets=1
[DEBUG] armors=1, targets=1
[DEBUG] armors=1, targets=1
[DEBUG] armors=1, targets=1
[DEBUG] armors=1, targets=1
[DEBUG] armors=1, targets=1
[DEBUG] armors=1, targets=1
[DEBUG] armors=1, targets=1
[DEBUG] armors=1, targets=1
[DEBUG] armors=1, targets=1
[DEBUG] armors=1, targets=1
[DEBUG] armors=1, targets=1
[DEBUG] armors=1, targets=1
[DEBUG] armors=1, targets=1
[DEBUG] armors=1, targets=1
[DEBUG] armors=1, targets=1
[DEBUG] armors=1, targets=1
[DEBUG] armors=1, targets=1
[DEBUG] armors=1, targets=1
[DEBUG] armors=1, targets=1
[2026-09-05 13:10:16.004] [info] [DRYRUN] measured_gimbal=(2.930,0.033,0.101) measured_world=(2.923,0.197,-0.113) tracked_world=(2.918,0.196,-0.113) target_gimbal_deg=(0.64,1.98) target_world_deg=(3.85,-2.21) gimbal_deg=(3.21,4.19) armor_y_px=502.8 pixel_error_deg=(0.10,-0.91) ballistic=(range=2.930m holdover=0.570m comp=10.79deg residual=-11.70deg) q_wxyz=(0.998940,0.001024,0.036545,-0.027984) cmd_deg=(3.84,-15.11) packed_pitch_deg=-15.11 control=true shoot=false
[DEBUG] armors=1, targets=1
[DEBUG] armors=1, targets=1
[DEBUG] armors=1, targets=1
[DEBUG] armors=1, targets=1
[DEBUG] armors=1, targets=1
[DEBUG] armors=1, targets=1
[DEBUG] armors=1, targets=1
[DEBUG] armors=1, targets=1
[DEBUG] armors=1, targets=1
[DEBUG] armors=1, targets=1
[DEBUG] armors=1, targets=1
[DEBUG] armors=1, targets=1
[DEBUG] armors=1, targets=1
[DEBUG] armors=1, targets=1
[DEBUG] armors=1, targets=1
[DEBUG] armors=1, targets=1
[DEBUG] armors=1, targets=1
[DEBUG] armors=1, targets=1
[DEBUG] armors=1, targets=1
[2026-09-05 13:10:16.300] [info] [SYNC][XUC] mode=0 yaw=-3.21 deg pitch=4.19 deg feeder_rpm=0.00 wheel0_rpm=0 wheel1_rpm=0 wheel_delta=0 projectile_speed=12.80
[DEBUG] armors=1, targets=1
[2026-09-05 13:10:16.313] [info] [DRYRUN] measured_gimbal=(2.934,0.033,0.101) measured_world=(2.927,0.197,-0.113) tracked_world=(2.918,0.196,-0.113) target_gimbal_deg=(0.64,1.98) target_world_deg=(3.85,-2.21) gimbal_deg=(3.21,4.19) armor_y_px=502.6 pixel_error_deg=(0.10,-0.92) ballistic=(range=2.934m holdover=0.571m comp=10.80deg residual=-11.71deg) q_wxyz=(0.998940,0.001024,0.036545,-0.027984) cmd_deg=(3.84,-15.12) packed_pitch_deg=-15.12 control=true shoot=false
[2026-09-05 13:10:16.315] [info] [PERF] 总耗时=15.3ms (检测=12.4ms, 跟踪=0.4ms), FPS=65.3
[2026-09-05 13:10:16.315] [info] 📊 [CAMERA FPS] 瞬时帧率=65.1fps, 平均帧率=64.3fps, 总帧数=700, 运行时间=10.9s
[DEBUG] armors=1, targets=1
[DEBUG] armors=1, targets=1
[DEBUG] armors=1, targets=1
[DEBUG] armors=1, targets=1
[DEBUG] armors=1, targets=1
[DEBUG] armors=1, targets=1
[DEBUG] armors=1, targets=1
[DEBUG] armors=1, targets=1
[DEBUG] armors=1, targets=1
[DEBUG] armors=1, targets=1
[DEBUG] armors=1, targets=1
[DEBUG] armors=1, targets=1
[DEBUG] armors=1, targets=1
[DEBUG] armors=1, targets=1
[DEBUG] armors=1, targets=1
[DEBUG] armors=1, targets=1
[DEBUG] armors=1, targets=1
[DEBUG] armors=1, targets=1
[DEBUG] armors=1, targets=1
[DEBUG] armors=1, targets=1
[2026-09-05 13:10:16.626] [info] [DRYRUN] measured_gimbal=(2.917,0.032,0.101) measured_world=(2.911,0.195,-0.112) tracked_world=(2.920,0.196,-0.113) target_gimbal_deg=(0.63,1.99) target_world_deg=(3.84,-2.21) gimbal_deg=(3.21,4.19) armor_y_px=502.7 pixel_error_deg=(0.10,-0.91) ballistic=(range=2.918m holdover=0.566m comp=10.77deg residual=-11.69deg) q_wxyz=(0.998940,0.001024,0.036545,-0.027984) cmd_deg=(3.85,-15.10) packed_pitch_deg=-15.10 control=true shoot=false
[DEBUG] armors=1, targets=1
[DEBUG] armors=1, targets=1
[DEBUG] armors=1, targets=1
[DEBUG] armors=1, targets=1
[DEBUG] armors=1, targets=1
[DEBUG] armors=1, targets=1
[DEBUG] armors=1, targets=1
[DEBUG] armors=1, targets=1
[DEBUG] armors=1, targets=1
[DEBUG] armors=1, targets=1
[DEBUG] armors=1, targets=1
[DEBUG] armors=1, targets=1
[DEBUG] armors=1, targets=1
[DEBUG] armors=1, targets=1
[DEBUG] armors=1, targets=1
[DEBUG] armors=1, targets=1
[DEBUG] armors=1, targets=1
[DEBUG] armors=1, targets=1
[DEBUG] armors=1, targets=1
[DEBUG] armors=1, targets=1
[2026-09-05 13:10:16.935] [info] [DRYRUN] measured_gimbal=(2.926,0.032,0.101) measured_world=(2.919,0.196,-0.113) tracked_world=(2.921,0.196,-0.113) target_gimbal_deg=(0.64,1.98) target_world_deg=(3.84,-2.21) gimbal_deg=(3.21,4.19) armor_y_px=502.8 pixel_error_deg=(0.10,-0.91) ballistic=(range=2.926m holdover=0.569m comp=10.78deg residual=-11.70deg) q_wxyz=(0.998940,0.001024,0.036545,-0.027984) cmd_deg=(3.85,-15.11) packed_pitch_deg=-15.11 control=true shoot=false
[DEBUG] armors=1, targets=1
[DEBUG] armors=1, targets=1
[DEBUG] armors=1, targets=1
[DEBUG] armors=1, targets=1
[DEBUG] armors=1, targets=1
[DEBUG] armors=1, targets=1
[DEBUG] armors=1, targets=1
[DEBUG] armors=1, targets=1
[DEBUG] armors=1, targets=1
[2026-09-05 13:10:17.076] [info] [SYNC][XUC] mode=0 yaw=-3.21 deg pitch=4.19 deg feeder_rpm=0.00 wheel0_rpm=0 wheel1_rpm=0 wheel_delta=0 projectile_speed=12.80
[DEBUG] armors=1, targets=1
[2026-09-05 13:10:17.091] [info] [PERF] 总耗时=15.0ms (检测=12.3ms, 跟踪=0.5ms), FPS=66.5
[2026-09-05 13:10:17.091] [info] 📊 [CAMERA FPS] 瞬时帧率=66.4fps, 平均帧率=64.3fps, 总帧数=750, 运行时间=11.7s
[DEBUG] armors=1, targets=1
[DEBUG] armors=1, targets=1
[DEBUG] armors=1, targets=1
[DEBUG] armors=1, targets=1
[DEBUG] armors=1, targets=1
[DEBUG] armors=1, targets=1
[DEBUG] armors=1, targets=1
[DEBUG] armors=1, targets=1
[DEBUG] armors=1, targets=1
[DEBUG] armors=1, targets=1
[2026-09-05 13:10:17.245] [info] [DRYRUN] measured_gimbal=(2.908,0.032,0.101) measured_world=(2.901,0.195,-0.112) tracked_world=(2.919,0.196,-0.113) target_gimbal_deg=(0.63,1.99) target_world_deg=(3.84,-2.20) gimbal_deg=(3.21,4.19) armor_y_px=502.8 pixel_error_deg=(0.10,-0.91) ballistic=(range=2.908m holdover=0.564m comp=10.76deg residual=-11.67deg) q_wxyz=(0.998940,0.001024,0.036545,-0.027984) cmd_deg=(3.85,-15.10) packed_pitch_deg=-15.10 control=true shoot=false
[DEBUG] armors=1, targets=1
[DEBUG] armors=1, targets=1
[DEBUG] armors=1, targets=1
[DEBUG] armors=1, targets=1
[DEBUG] armors=1, targets=1
[DEBUG] armors=1, targets=1
[DEBUG] armors=1, targets=1
[DEBUG] armors=1, targets=1
[DEBUG] armors=1, targets=1
[DEBUG] armors=1, targets=1
[DEBUG] armors=1, targets=1
[DEBUG] armors=1, targets=1
[DEBUG] armors=1, targets=1
[DEBUG] armors=1, targets=1
[DEBUG] armors=1, targets=1
[DEBUG] armors=1, targets=1
[DEBUG] armors=1, targets=1
[DEBUG] armors=1, targets=1
[DEBUG] armors=1, targets=1
[DEBUG] armors=1, targets=1
[2026-09-05 13:10:17.553] [info] [DRYRUN] measured_gimbal=(2.919,0.032,0.101) measured_world=(2.912,0.196,-0.112) tracked_world=(2.918,0.196,-0.113) target_gimbal_deg=(0.63,1.98) target_world_deg=(3.84,-2.21) gimbal_deg=(3.21,4.19) armor_y_px=502.8 pixel_error_deg=(0.10,-0.91) ballistic=(range=2.919m holdover=0.567m comp=10.77deg residual=-11.69deg) q_wxyz=(0.998940,0.001024,0.036545,-0.027984) cmd_deg=(3.84,-15.11) packed_pitch_deg=-15.11 control=true shoot=false
[DEBUG] armors=1, targets=1
[DEBUG] armors=1, targets=1
[DEBUG] armors=1, targets=1
[DEBUG] armors=1, targets=1
[DEBUG] armors=1, targets=1
[DEBUG] armors=1, targets=1
[DEBUG] armors=1, targets=1
[DEBUG] armors=1, targets=1
[DEBUG] armors=1, targets=1
[DEBUG] armors=1, targets=1
[DEBUG] armors=1, targets=1
[DEBUG] armors=1, targets=1
[DEBUG] armors=1, targets=1
[DEBUG] armors=1, targets=1
[DEBUG] armors=1, targets=1
[DEBUG] armors=1, targets=1
[DEBUG] armors=1, targets=1
[DEBUG] armors=1, targets=1
[DEBUG] armors=1, targets=1
[2026-09-05 13:10:17.846] [info] [SYNC][XUC] mode=0 yaw=-3.21 deg pitch=4.19 deg feeder_rpm=0.00 wheel0_rpm=0 wheel1_rpm=0 wheel_delta=0 projectile_speed=12.80
[DEBUG] armors=1, targets=1
[2026-09-05 13:10:17.859] [info] [DRYRUN] measured_gimbal=(2.931,0.032,0.101) measured_world=(2.924,0.196,-0.113) tracked_world=(2.917,0.196,-0.113) target_gimbal_deg=(0.63,1.98) target_world_deg=(3.84,-2.21) gimbal_deg=(3.21,4.19) armor_y_px=502.7 pixel_error_deg=(0.10,-0.91) ballistic=(range=2.931m holdover=0.570m comp=10.79deg residual=-11.71deg) q_wxyz=(0.998940,0.001024,0.036545,-0.027984) cmd_deg=(3.84,-15.11) packed_pitch_deg=-15.11 control=true shoot=false
[2026-09-05 13:10:17.861] [info] [PERF] 总耗时=14.9ms (检测=12.1ms, 跟踪=0.5ms), FPS=67.0
[2026-09-05 13:10:17.861] [info] 📊 [CAMERA FPS] 瞬时帧率=66.9fps, 平均帧率=64.3fps, 总帧数=800, 运行时间=12.4s
[DEBUG] armors=1, targets=1
[DEBUG] armors=1, targets=1
[DEBUG] armors=1, targets=1
[DEBUG] armors=1, targets=1
[DEBUG] armors=1, targets=1
[DEBUG] armors=1, targets=1
[DEBUG] armors=1, targets=1
[DEBUG] armors=1, targets=1
[DEBUG] armors=1, targets=1
[DEBUG] armors=1, targets=1
[DEBUG] armors=1, targets=1
[DEBUG] armors=1, targets=1
[DEBUG] armors=1, targets=1
[DEBUG] armors=1, targets=1
[DEBUG] armors=1, targets=1
[DEBUG] armors=1, targets=1
[DEBUG] armors=1, targets=1
[DEBUG] armors=1, targets=1
[DEBUG] armors=1, targets=1
[DEBUG] armors=1, targets=1
[2026-09-05 13:10:18.168] [info] [DRYRUN] measured_gimbal=(2.933,0.033,0.101) measured_world=(2.926,0.197,-0.113) tracked_world=(2.918,0.196,-0.113) target_gimbal_deg=(0.64,1.98) target_world_deg=(3.85,-2.21) gimbal_deg=(3.21,4.19) armor_y_px=502.8 pixel_error_deg=(0.10,-0.91) ballistic=(range=2.933m holdover=0.571m comp=10.79deg residual=-11.71deg) q_wxyz=(0.998940,0.001024,0.036545,-0.027984) cmd_deg=(3.84,-15.12) packed_pitch_deg=-15.12 control=true shoot=false
[DEBUG] armors=1, targets=1
[DEBUG] armors=1, targets=1
[DEBUG] armors=1, targets=1
[DEBUG] armors=1, targets=1
[DEBUG] armors=1, targets=1
[DEBUG] armors=1, targets=1
[DEBUG] armors=1, targets=1
[DEBUG] armors=1, targets=1
[DEBUG] armors=1, targets=1
[DEBUG] armors=1, targets=1
[DEBUG] armors=1, targets=1
[DEBUG] armors=1, targets=1
[DEBUG] armors=1, targets=1
[DEBUG] armors=1, targets=1
[DEBUG] armors=1, targets=1
[DEBUG] armors=1, targets=1
[DEBUG] armors=1, targets=1
[DEBUG] armors=1, targets=1
[DEBUG] armors=1, targets=1
[DEBUG] armors=1, targets=1
[2026-09-05 13:10:18.482] [info] [DRYRUN] measured_gimbal=(2.932,0.033,0.101) measured_world=(2.926,0.197,-0.113) tracked_world=(2.920,0.196,-0.113) target_gimbal_deg=(0.64,1.98) target_world_deg=(3.85,-2.21) gimbal_deg=(3.21,4.19) armor_y_px=502.9 pixel_error_deg=(0.10,-0.91) ballistic=(range=2.933m holdover=0.571m comp=10.79deg residual=-11.70deg) q_wxyz=(0.998940,0.001024,0.036545,-0.027984) cmd_deg=(3.85,-15.12) packed_pitch_deg=-15.12 control=true shoot=false
[DEBUG] armors=1, targets=1
[DEBUG] armors=1, targets=1
[DEBUG] armors=1, targets=1
[DEBUG] armors=1, targets=1
[DEBUG] armors=1, targets=1
[DEBUG] armors=1, targets=1
[DEBUG] armors=1, targets=1
[DEBUG] armors=1, targets=1
[DEBUG] armors=1, targets=1
[2026-09-05 13:10:18.625] [info] [SYNC][XUC] mode=0 yaw=-3.21 deg pitch=4.19 deg feeder_rpm=0.00 wheel0_rpm=0 wheel1_rpm=0 wheel_delta=0 projectile_speed=12.80
[DEBUG] armors=1, targets=1
[2026-09-05 13:10:18.641] [info] [PERF] 总耗时=15.8ms (检测=13.0ms, 跟踪=0.4ms), FPS=63.3
[2026-09-05 13:10:18.641] [info] 📊 [CAMERA FPS] 瞬时帧率=63.1fps, 平均帧率=64.3fps, 总帧数=850, 运行时间=13.2s
[DEBUG] armors=1, targets=1
[DEBUG] armors=1, targets=1
[DEBUG] armors=1, targets=1
[DEBUG] armors=1, targets=1
[DEBUG] armors=1, targets=1
[DEBUG] armors=1, targets=1
[DEBUG] armors=1, targets=1
[DEBUG] armors=1, targets=1
[DEBUG] armors=1, targets=1
[DEBUG] armors=1, targets=1
[2026-09-05 13:10:18.795] [info] [DRYRUN] measured_gimbal=(2.925,0.033,0.101) measured_world=(2.918,0.196,-0.113) tracked_world=(2.919,0.196,-0.113) target_gimbal_deg=(0.64,1.98) target_world_deg=(3.85,-2.21) gimbal_deg=(3.21,4.19) armor_y_px=502.8 pixel_error_deg=(0.10,-0.91) ballistic=(range=2.925m holdover=0.568m comp=10.78deg residual=-11.69deg) q_wxyz=(0.998940,0.001024,0.036545,-0.027984) cmd_deg=(3.84,-15.10) packed_pitch_deg=-15.10 control=true shoot=false
[DEBUG] armors=1, targets=1
[DEBUG] armors=1, targets=1
[DEBUG] armors=1, targets=1
[DEBUG] armors=1, targets=1
[DEBUG] armors=1, targets=1
[DEBUG] armors=1, targets=1
[DEBUG] armors=1, targets=1
[DEBUG] armors=1, targets=1
[DEBUG] armors=1, targets=1
[DEBUG] armors=1, targets=1
[DEBUG] armors=1, targets=1
[DEBUG] armors=1, targets=1
[DEBUG] armors=1, targets=1
[DEBUG] armors=1, targets=1
[DEBUG] armors=1, targets=1
[DEBUG] armors=1, targets=1
[DEBUG] armors=1, targets=1
[DEBUG] armors=1, targets=1
[DEBUG] armors=1, targets=1
[DEBUG] armors=1, targets=1
[2026-09-05 13:10:19.110] [info] [DRYRUN] measured_gimbal=(2.922,0.032,0.101) measured_world=(2.915,0.196,-0.113) tracked_world=(2.920,0.196,-0.113) target_gimbal_deg=(0.64,1.98) target_world_deg=(3.85,-2.21) gimbal_deg=(3.21,4.19) armor_y_px=502.9 pixel_error_deg=(0.10,-0.91) ballistic=(range=2.922m holdover=0.568m comp=10.78deg residual=-11.69deg) q_wxyz=(0.998940,0.001024,0.036545,-0.027984) cmd_deg=(3.84,-15.11) packed_pitch_deg=-15.11 control=true shoot=false
[DEBUG] armors=1, targets=1
[DEBUG] armors=1, targets=1
[DEBUG] armors=1, targets=1
[DEBUG] armors=1, targets=1
[DEBUG] armors=1, targets=1
[DEBUG] armors=1, targets=1
[DEBUG] armors=1, targets=1
[DEBUG] armors=1, targets=1
[DEBUG] armors=1, targets=1
[DEBUG] armors=1, targets=1
[DEBUG] armors=1, targets=1
[DEBUG] armors=1, targets=1
[DEBUG] armors=1, targets=1
[DEBUG] armors=1, targets=1
[DEBUG] armors=1, targets=1
[DEBUG] armors=1, targets=1
[DEBUG] armors=1, targets=1
[DEBUG] armors=1, targets=1
[DEBUG] armors=1, targets=1
[2026-09-05 13:10:19.402] [info] [SYNC][XUC] mode=0 yaw=-3.21 deg pitch=4.19 deg feeder_rpm=0.00 wheel0_rpm=0 wheel1_rpm=0 wheel_delta=0 projectile_speed=12.80
[DEBUG] armors=1, targets=1
[2026-09-05 13:10:19.415] [info] [DRYRUN] measured_gimbal=(2.923,0.032,0.101) measured_world=(2.916,0.196,-0.112) tracked_world=(2.919,0.196,-0.113) target_gimbal_deg=(0.63,1.99) target_world_deg=(3.84,-2.20) gimbal_deg=(3.21,4.19) armor_y_px=502.6 pixel_error_deg=(0.10,-0.92) ballistic=(range=2.923m holdover=0.568m comp=10.78deg residual=-11.70deg) q_wxyz=(0.998940,0.001024,0.036545,-0.027984) cmd_deg=(3.84,-15.10) packed_pitch_deg=-15.10 control=true shoot=false
[2026-09-05 13:10:19.417] [info] [PERF] 总耗时=15.3ms (检测=12.3ms, 跟踪=0.4ms), FPS=65.4
[2026-09-05 13:10:19.417] [info] 📊 [CAMERA FPS] 瞬时帧率=65.3fps, 平均帧率=64.3fps, 总帧数=900, 运行时间=14.0s
[DEBUG] armors=1, targets=1
[DEBUG] armors=1, targets=1
[DEBUG] armors=1, targets=1
[DEBUG] armors=1, targets=1
[DEBUG] armors=1, targets=1
[DEBUG] armors=1, targets=1
[DEBUG] armors=1, targets=1
[DEBUG] armors=1, targets=1
[DEBUG] armors=1, targets=1
[DEBUG] armors=1, targets=1
[DEBUG] armors=1, targets=1
[DEBUG] armors=1, targets=1
[DEBUG] armors=1, targets=1
[DEBUG] armors=1, targets=1
[DEBUG] armors=1, targets=1
[DEBUG] armors=1, targets=1
[DEBUG] armors=1, targets=1
[DEBUG] armors=1, targets=1
[DEBUG] armors=1, targets=1
[DEBUG] armors=1, targets=1
[2026-09-05 13:10:19.722] [info] [DRYRUN] measured_gimbal=(2.933,0.033,0.101) measured_world=(2.927,0.197,-0.113) tracked_world=(2.919,0.196,-0.113) target_gimbal_deg=(0.63,1.98) target_world_deg=(3.84,-2.21) gimbal_deg=(3.21,4.19) armor_y_px=502.7 pixel_error_deg=(0.10,-0.91) ballistic=(range=2.934m holdover=0.571m comp=10.79deg residual=-11.71deg) q_wxyz=(0.998940,0.001024,0.036545,-0.027984) cmd_deg=(3.84,-15.11) packed_pitch_deg=-15.11 control=true shoot=false
[DEBUG] armors=1, targets=1
[DEBUG] armors=1, targets=1
[DEBUG] armors=1, targets=1
[DEBUG] armors=1, targets=1
[DEBUG] armors=1, targets=1
[DEBUG] armors=1, targets=1
[DEBUG] armors=1, targets=1
[DEBUG] armors=1, targets=1
[DEBUG] armors=1, targets=1
[DEBUG] armors=1, targets=1
[DEBUG] armors=1, targets=1
[DEBUG] armors=1, targets=1
[DEBUG] armors=1, targets=1
[DEBUG] armors=1, targets=1
[DEBUG] armors=1, targets=1
[DEBUG] armors=1, targets=1
[DEBUG] armors=1, targets=1
[DEBUG] armors=1, targets=1
[DEBUG] armors=1, targets=1
[DEBUG] armors=1, targets=1
[2026-09-05 13:10:20.034] [info] [DRYRUN] measured_gimbal=(2.933,0.033,0.101) measured_world=(2.926,0.197,-0.113) tracked_world=(2.920,0.196,-0.113) target_gimbal_deg=(0.64,1.98) target_world_deg=(3.84,-2.21) gimbal_deg=(3.21,4.19) armor_y_px=502.7 pixel_error_deg=(0.10,-0.91) ballistic=(range=2.933m holdover=0.571m comp=10.79deg residual=-11.71deg) q_wxyz=(0.998940,0.001024,0.036545,-0.027984) cmd_deg=(3.84,-15.13) packed_pitch_deg=-15.13 control=true shoot=false
[DEBUG] armors=1, targets=1
[DEBUG] armors=1, targets=1
[DEBUG] armors=1, targets=1
[DEBUG] armors=1, targets=1
[DEBUG] armors=1, targets=1
[DEBUG] armors=1, targets=1
[DEBUG] armors=1, targets=1
[DEBUG] armors=1, targets=1
[DEBUG] armors=1, targets=1
[2026-09-05 13:10:20.178] [info] [SYNC][XUC] mode=0 yaw=-3.21 deg pitch=4.19 deg feeder_rpm=0.00 wheel0_rpm=0 wheel1_rpm=0 wheel_delta=0 projectile_speed=12.80
[DEBUG] armors=1, targets=1
[2026-09-05 13:10:20.194] [info] [PERF] 总耗时=15.9ms (检测=13.1ms, 跟踪=0.4ms), FPS=62.7
[2026-09-05 13:10:20.194] [info] 📊 [CAMERA FPS] 瞬时帧率=62.6fps, 平均帧率=64.3fps, 总帧数=950, 运行时间=14.8s
[DEBUG] armors=1, targets=1
[DEBUG] armors=1, targets=1
[DEBUG] armors=1, targets=1
[DEBUG] armors=1, targets=1
[DEBUG] armors=1, targets=1
[DEBUG] armors=1, targets=1
[DEBUG] armors=1, targets=1
[DEBUG] armors=1, targets=1
[DEBUG] armors=1, targets=1
[DEBUG] armors=1, targets=1
[2026-09-05 13:10:20.350] [info] [DRYRUN] measured_gimbal=(2.934,0.032,0.102) measured_world=(2.927,0.197,-0.113) tracked_world=(2.919,0.196,-0.113) target_gimbal_deg=(0.63,1.98) target_world_deg=(3.84,-2.21) gimbal_deg=(3.21,4.19) armor_y_px=502.6 pixel_error_deg=(0.10,-0.92) ballistic=(range=2.934m holdover=0.571m comp=10.80deg residual=-11.71deg) q_wxyz=(0.998940,0.001024,0.036545,-0.027984) cmd_deg=(3.84,-15.11) packed_pitch_deg=-15.11 control=true shoot=false
[DEBUG] armors=1, targets=1
[DEBUG] armors=1, targets=1
[DEBUG] armors=1, targets=1
[DEBUG] armors=1, targets=1
[DEBUG] armors=1, targets=1
[DEBUG] armors=1, targets=1
[DEBUG] armors=1, targets=1
[DEBUG] armors=1, targets=1
[DEBUG] armors=1, targets=1
[DEBUG] armors=1, targets=1
[DEBUG] armors=1, targets=1
[DEBUG] armors=1, targets=1
[DEBUG] armors=1, targets=1
[DEBUG] armors=1, targets=1
[DEBUG] armors=1, targets=1
[DEBUG] armors=1, targets=1
[DEBUG] armors=1, targets=1
[DEBUG] armors=1, targets=1
[DEBUG] armors=1, targets=1
[DEBUG] armors=1, targets=1
[2026-09-05 13:10:20.662] [info] [DRYRUN] measured_gimbal=(2.922,0.032,0.101) measured_world=(2.915,0.196,-0.113) tracked_world=(2.919,0.196,-0.113) target_gimbal_deg=(0.64,1.98) target_world_deg=(3.84,-2.21) gimbal_deg=(3.21,4.19) armor_y_px=502.8 pixel_error_deg=(0.10,-0.91) ballistic=(range=2.922m holdover=0.568m comp=10.78deg residual=-11.69deg) q_wxyz=(0.998940,0.001024,0.036545,-0.027984) cmd_deg=(3.85,-15.12) packed_pitch_deg=-15.12 control=true shoot=false
[DEBUG] armors=1, targets=1
[DEBUG] armors=1, targets=1
[DEBUG] armors=1, targets=1
[DEBUG] armors=1, targets=1
[DEBUG] armors=1, targets=1
[DEBUG] armors=1, targets=1
[DEBUG] armors=1, targets=1
[DEBUG] armors=1, targets=1
[DEBUG] armors=1, targets=1
[DEBUG] armors=1, targets=1
[DEBUG] armors=1, targets=1
[DEBUG] armors=1, targets=1
[DEBUG] armors=1, targets=1
[DEBUG] armors=1, targets=1
[DEBUG] armors=1, targets=1
[DEBUG] armors=1, targets=1
[DEBUG] armors=1, targets=1
[DEBUG] armors=1, targets=1
[DEBUG] armors=1, targets=1
[2026-09-05 13:10:20.958] [info] [SYNC][XUC] mode=0 yaw=-3.21 deg pitch=4.19 deg feeder_rpm=-4.00 wheel0_rpm=0 wheel1_rpm=0 wheel_delta=0 projectile_speed=12.80
[DEBUG] armors=1, targets=1
[2026-09-05 13:10:20.971] [info] [DRYRUN] measured_gimbal=(2.918,0.032,0.101) measured_world=(2.911,0.196,-0.112) tracked_world=(2.919,0.196,-0.113) target_gimbal_deg=(0.64,1.99) target_world_deg=(3.85,-2.20) gimbal_deg=(3.21,4.19) armor_y_px=502.7 pixel_error_deg=(0.10,-0.92) ballistic=(range=2.918m holdover=0.567m comp=10.77deg residual=-11.69deg) q_wxyz=(0.998940,0.001024,0.036545,-0.027984) cmd_deg=(3.84,-15.10) packed_pitch_deg=-15.10 control=true shoot=false
[2026-09-05 13:10:20.973] [info] [PERF] 总耗时=15.4ms (检测=12.7ms, 跟踪=0.5ms), FPS=64.7
[2026-09-05 13:10:20.973] [info] 📊 [CAMERA FPS] 瞬时帧率=64.6fps, 平均帧率=64.3fps, 总帧数=1000, 运行时间=15.5s
[DEBUG] armors=1, targets=1
[DEBUG] armors=1, targets=1
[DEBUG] armors=1, targets=1
[DEBUG] armors=1, targets=1
[DEBUG] armors=1, targets=1
[DEBUG] armors=1, targets=1
[DEBUG] armors=1, targets=1
[DEBUG] armors=1, targets=1
[DEBUG] armors=1, targets=1
[DEBUG] armors=1, targets=1
[DEBUG] armors=1, targets=1
[DEBUG] armors=1, targets=1
[DEBUG] armors=1, targets=1
[DEBUG] armors=1, targets=1
[DEBUG] armors=1, targets=1
[DEBUG] armors=1, targets=1
[DEBUG] armors=1, targets=1
[DEBUG] armors=1, targets=1
[DEBUG] armors=1, targets=1
[DEBUG] armors=1, targets=1
[2026-09-05 13:10:21.284] [info] [DRYRUN] measured_gimbal=(2.907,0.032,0.101) measured_world=(2.901,0.195,-0.112) tracked_world=(2.916,0.196,-0.112) target_gimbal_deg=(0.64,1.99) target_world_deg=(3.84,-2.20) gimbal_deg=(3.21,4.19) armor_y_px=502.7 pixel_error_deg=(0.10,-0.92) ballistic=(range=2.907m holdover=0.564m comp=10.76deg residual=-11.67deg) q_wxyz=(0.998940,0.001024,0.036545,-0.027984) cmd_deg=(3.84,-15.09) packed_pitch_deg=-15.09 control=true shoot=false
[DEBUG] armors=1, targets=1
[DEBUG] armors=1, targets=1
[DEBUG] armors=1, targets=1
[DEBUG] armors=1, targets=1
[DEBUG] armors=1, targets=1
[DEBUG] armors=1, targets=1
[DEBUG] armors=1, targets=1
[DEBUG] armors=1, targets=1
[DEBUG] armors=1, targets=1
[DEBUG] armors=1, targets=1
[DEBUG] armors=1, targets=1
[DEBUG] armors=1, targets=1
[DEBUG] armors=1, targets=1
[DEBUG] armors=1, targets=1
[DEBUG] armors=1, targets=1
[DEBUG] armors=1, targets=1
[DEBUG] armors=1, targets=1
[DEBUG] armors=1, targets=1
[DEBUG] armors=1, targets=1
[DEBUG] armors=1, targets=1
[2026-09-05 13:10:21.595] [info] [DRYRUN] measured_gimbal=(2.922,0.032,0.101) measured_world=(2.915,0.196,-0.113) tracked_world=(2.917,0.196,-0.113) target_gimbal_deg=(0.64,1.98) target_world_deg=(3.84,-2.21) gimbal_deg=(3.21,4.19) armor_y_px=502.8 pixel_error_deg=(0.10,-0.91) ballistic=(range=2.922m holdover=0.568m comp=10.78deg residual=-11.69deg) q_wxyz=(0.998940,0.001024,0.036545,-0.027984) cmd_deg=(3.84,-15.10) packed_pitch_deg=-15.10 control=true shoot=false
[DEBUG] armors=1, targets=1
[DEBUG] armors=1, targets=1
[DEBUG] armors=1, targets=1
[DEBUG] armors=1, targets=1
[DEBUG] armors=1, targets=1
[DEBUG] armors=1, targets=1
[DEBUG] armors=1, targets=1
[DEBUG] armors=1, targets=1
[DEBUG] armors=1, targets=1
[2026-09-05 13:10:21.737] [info] [SYNC][XUC] mode=0 yaw=-3.21 deg pitch=4.19 deg feeder_rpm=0.00 wheel0_rpm=0 wheel1_rpm=0 wheel_delta=0 projectile_speed=12.80
[DEBUG] armors=1, targets=1
[2026-09-05 13:10:21.753] [info] [PERF] 总耗时=16.2ms (检测=13.4ms, 跟踪=0.5ms), FPS=61.8
[2026-09-05 13:10:21.753] [info] 📊 [CAMERA FPS] 瞬时帧率=61.7fps, 平均帧率=64.3fps, 总帧数=1050, 运行时间=16.3s
[DEBUG] armors=1, targets=1
[DEBUG] armors=1, targets=1
[DEBUG] armors=1, targets=1
[DEBUG] armors=1, targets=1
[DEBUG] armors=1, targets=1
[DEBUG] armors=1, targets=1
[DEBUG] armors=1, targets=1
[DEBUG] armors=1, targets=1
[DEBUG] armors=1, targets=1
[DEBUG] armors=1, targets=1
[2026-09-05 13:10:21.906] [info] [DRYRUN] measured_gimbal=(2.922,0.032,0.101) measured_world=(2.915,0.196,-0.113) tracked_world=(2.917,0.196,-0.113) target_gimbal_deg=(0.64,1.98) target_world_deg=(3.84,-2.21) gimbal_deg=(3.21,4.19) armor_y_px=502.8 pixel_error_deg=(0.10,-0.91) ballistic=(range=2.922m holdover=0.568m comp=10.78deg residual=-11.69deg) q_wxyz=(0.998940,0.001024,0.036545,-0.027984) cmd_deg=(3.84,-15.11) packed_pitch_deg=-15.11 control=true shoot=false
[DEBUG] armors=1, targets=1
[DEBUG] armors=1, targets=1
[DEBUG] armors=1, targets=1
[DEBUG] armors=1, targets=1
[DEBUG] armors=1, targets=1
[DEBUG] armors=1, targets=1
[DEBUG] armors=1, targets=1
[DEBUG] armors=1, targets=1
[DEBUG] armors=1, targets=1
[DEBUG] armors=1, targets=1
[DEBUG] armors=1, targets=1
[DEBUG] armors=1, targets=1
[DEBUG] armors=1, targets=1
[DEBUG] armors=1, targets=1
[DEBUG] armors=1, targets=1
[DEBUG] armors=1, targets=1
[DEBUG] armors=1, targets=1
[DEBUG] armors=1, targets=1
[DEBUG] armors=1, targets=1
[DEBUG] armors=1, targets=1
[2026-09-05 13:10:22.216] [info] [DRYRUN] measured_gimbal=(2.922,0.032,0.101) measured_world=(2.915,0.196,-0.113) tracked_world=(2.918,0.196,-0.113) target_gimbal_deg=(0.64,1.98) target_world_deg=(3.84,-2.21) gimbal_deg=(3.21,4.19) armor_y_px=502.7 pixel_error_deg=(0.10,-0.91) ballistic=(range=2.922m holdover=0.568m comp=10.78deg residual=-11.69deg) q_wxyz=(0.998940,0.001024,0.036545,-0.027984) cmd_deg=(3.85,-15.11) packed_pitch_deg=-15.11 control=true shoot=false
[DEBUG] armors=1, targets=1
[DEBUG] armors=1, targets=1
[DEBUG] armors=1, targets=1
[DEBUG] armors=1, targets=1
[DEBUG] armors=1, targets=1
[DEBUG] armors=1, targets=1
[DEBUG] armors=1, targets=1
[DEBUG] armors=1, targets=1
[DEBUG] armors=1, targets=1
[DEBUG] armors=1, targets=1
[DEBUG] armors=1, targets=1
[DEBUG] armors=1, targets=1
[DEBUG] armors=1, targets=1
[DEBUG] armors=1, targets=1
[DEBUG] armors=1, targets=1
[DEBUG] armors=1, targets=1
[DEBUG] armors=1, targets=1
[DEBUG] armors=1, targets=1
[DEBUG] armors=1, targets=1
[2026-09-05 13:10:22.515] [info] [SYNC][XUC] mode=0 yaw=-3.21 deg pitch=4.19 deg feeder_rpm=0.00 wheel0_rpm=0 wheel1_rpm=0 wheel_delta=0 projectile_speed=12.80
[DEBUG] armors=1, targets=1
[2026-09-05 13:10:22.528] [info] [DRYRUN] measured_gimbal=(2.930,0.032,0.101) measured_world=(2.923,0.196,-0.113) tracked_world=(2.920,0.196,-0.113) target_gimbal_deg=(0.63,1.98) target_world_deg=(3.84,-2.21) gimbal_deg=(3.21,4.19) armor_y_px=502.7 pixel_error_deg=(0.10,-0.91) ballistic=(range=2.930m holdover=0.570m comp=10.79deg residual=-11.70deg) q_wxyz=(0.998940,0.001024,0.036545,-0.027984) cmd_deg=(3.84,-15.11) packed_pitch_deg=-15.11 control=true shoot=false
[2026-09-05 13:10:22.530] [info] [PERF] 总耗时=15.0ms (检测=12.5ms, 跟踪=0.4ms), FPS=66.5
[2026-09-05 13:10:22.530] [info] 📊 [CAMERA FPS] 瞬时帧率=66.4fps, 平均帧率=64.3fps, 总帧数=1100, 运行时间=17.1s
[DEBUG] armors=1, targets=1
[DEBUG] armors=1, targets=1
[DEBUG] armors=1, targets=1
[DEBUG] armors=1, targets=1
[DEBUG] armors=1, targets=1
[DEBUG] armors=1, targets=1
[DEBUG] armors=1, targets=1
[DEBUG] armors=1, targets=1
[DEBUG] armors=1, targets=1
[DEBUG] armors=1, targets=1
[DEBUG] armors=1, targets=1
[DEBUG] armors=1, targets=1
[DEBUG] armors=1, targets=1
[DEBUG] armors=1, targets=1
[DEBUG] armors=1, targets=1
[DEBUG] armors=1, targets=1
[DEBUG] armors=1, targets=1
[DEBUG] armors=1, targets=1
[DEBUG] armors=1, targets=1
[DEBUG] armors=1, targets=1
[2026-09-05 13:10:22.836] [info] [DRYRUN] measured_gimbal=(2.922,0.032,0.101) measured_world=(2.915,0.196,-0.113) tracked_world=(2.921,0.196,-0.113) target_gimbal_deg=(0.64,1.98) target_world_deg=(3.84,-2.21) gimbal_deg=(3.21,4.19) armor_y_px=502.8 pixel_error_deg=(0.10,-0.91) ballistic=(range=2.922m holdover=0.568m comp=10.78deg residual=-11.69deg) q_wxyz=(0.998940,0.001024,0.036545,-0.027984) cmd_deg=(3.84,-15.12) packed_pitch_deg=-15.12 control=true shoot=false
[DEBUG] armors=1, targets=1
[DEBUG] armors=1, targets=1
[DEBUG] armors=1, targets=1
[DEBUG] armors=1, targets=1
[DEBUG] armors=1, targets=1
[DEBUG] armors=1, targets=1
[DEBUG] armors=1, targets=1
[DEBUG] armors=1, targets=1
[DEBUG] armors=1, targets=1
[DEBUG] armors=1, targets=1
[DEBUG] armors=1, targets=1
[DEBUG] armors=1, targets=1
[DEBUG] armors=1, targets=1
[DEBUG] armors=1, targets=1
[DEBUG] armors=1, targets=1
[DEBUG] armors=1, targets=1
[DEBUG] armors=1, targets=1
[DEBUG] armors=1, targets=1
[DEBUG] armors=1, targets=1
[DEBUG] armors=1, targets=1
[2026-09-05 13:10:23.147] [info] [DRYRUN] measured_gimbal=(2.935,0.033,0.101) measured_world=(2.928,0.197,-0.113) tracked_world=(2.922,0.196,-0.113) target_gimbal_deg=(0.64,1.98) target_world_deg=(3.85,-2.21) gimbal_deg=(3.21,4.19) armor_y_px=502.8 pixel_error_deg=(0.10,-0.91) ballistic=(range=2.935m holdover=0.571m comp=10.80deg residual=-11.71deg) q_wxyz=(0.998940,0.001024,0.036545,-0.027984) cmd_deg=(3.84,-15.12) packed_pitch_deg=-15.12 control=true shoot=false
[DEBUG] armors=1, targets=1
[DEBUG] armors=1, targets=1
[DEBUG] armors=1, targets=1
[DEBUG] armors=1, targets=1
[DEBUG] armors=1, targets=1
[DEBUG] armors=1, targets=1
[DEBUG] armors=1, targets=1
[DEBUG] armors=1, targets=1
[DEBUG] armors=1, targets=1
[2026-09-05 13:10:23.289] [info] [SYNC][XUC] mode=0 yaw=-3.21 deg pitch=4.19 deg feeder_rpm=0.00 wheel0_rpm=0 wheel1_rpm=0 wheel_delta=0 projectile_speed=12.80
[DEBUG] armors=1, targets=1
[2026-09-05 13:10:23.305] [info] [PERF] 总耗时=15.1ms (检测=12.2ms, 跟踪=0.5ms), FPS=66.1
[2026-09-05 13:10:23.305] [info] 📊 [CAMERA FPS] 瞬时帧率=66.0fps, 平均帧率=64.3fps, 总帧数=1150, 运行时间=17.9s
[DEBUG] armors=1, targets=1
[DEBUG] armors=1, targets=1
[DEBUG] armors=1, targets=1
[DEBUG] armors=1, targets=1
[DEBUG] armors=1, targets=1
[DEBUG] armors=1, targets=1
[DEBUG] armors=1, targets=1
[DEBUG] armors=1, targets=1
[DEBUG] armors=1, targets=1
[DEBUG] armors=1, targets=1
[2026-09-05 13:10:23.457] [info] [DRYRUN] measured_gimbal=(2.932,0.033,0.101) measured_world=(2.925,0.197,-0.113) tracked_world=(2.920,0.196,-0.113) target_gimbal_deg=(0.64,1.98) target_world_deg=(3.85,-2.21) gimbal_deg=(3.21,4.19) armor_y_px=502.9 pixel_error_deg=(0.10,-0.91) ballistic=(range=2.932m holdover=0.570m comp=10.79deg residual=-11.70deg) q_wxyz=(0.998940,0.001024,0.036545,-0.027984) cmd_deg=(3.84,-15.10) packed_pitch_deg=-15.10 control=true shoot=false
[DEBUG] armors=1, targets=1
[DEBUG] armors=1, targets=1
[DEBUG] armors=1, targets=1
[DEBUG] armors=1, targets=1
[DEBUG] armors=1, targets=1
[DEBUG] armors=1, targets=1
[DEBUG] armors=1, targets=1
[DEBUG] armors=1, targets=1
[DEBUG] armors=1, targets=1
[DEBUG] armors=1, targets=1
[DEBUG] armors=1, targets=1
[DEBUG] armors=1, targets=1
[DEBUG] armors=1, targets=1
[DEBUG] armors=1, targets=1
[DEBUG] armors=1, targets=1
[DEBUG] armors=1, targets=1
[DEBUG] armors=1, targets=1
[DEBUG] armors=1, targets=1
[DEBUG] armors=1, targets=1
[DEBUG] armors=1, targets=1
[2026-09-05 13:10:23.770] [info] [DRYRUN] measured_gimbal=(2.934,0.033,0.101) measured_world=(2.927,0.197,-0.113) tracked_world=(2.920,0.196,-0.113) target_gimbal_deg=(0.64,1.98) target_world_deg=(3.84,-2.21) gimbal_deg=(3.21,4.19) armor_y_px=502.7 pixel_error_deg=(0.10,-0.91) ballistic=(range=2.934m holdover=0.571m comp=10.80deg residual=-11.71deg) q_wxyz=(0.998940,0.001024,0.036545,-0.027984) cmd_deg=(3.84,-15.12) packed_pitch_deg=-15.12 control=true shoot=false
[DEBUG] armors=1, targets=1
[DEBUG] armors=1, targets=1
[DEBUG] armors=1, targets=1
[DEBUG] armors=1, targets=1
[DEBUG] armors=1, targets=1
[DEBUG] armors=1, targets=1
[DEBUG] armors=1, targets=1
[DEBUG] armors=1, targets=1
[DEBUG] armors=1, targets=1
[DEBUG] armors=1, targets=1
[DEBUG] armors=1, targets=1
[DEBUG] armors=1, targets=1
[DEBUG] armors=1, targets=1
[DEBUG] armors=1, targets=1
[DEBUG] armors=1, targets=1
[DEBUG] armors=1, targets=1
[DEBUG] armors=1, targets=1
[DEBUG] armors=1, targets=1
[DEBUG] armors=1, targets=1
[2026-09-05 13:10:24.069] [info] [SYNC][XUC] mode=0 yaw=-3.21 deg pitch=4.19 deg feeder_rpm=0.00 wheel0_rpm=0 wheel1_rpm=0 wheel_delta=0 projectile_speed=12.80
[DEBUG] armors=1, targets=1
[2026-09-05 13:10:24.082] [info] [DRYRUN] measured_gimbal=(2.934,0.033,0.101) measured_world=(2.927,0.197,-0.113) tracked_world=(2.920,0.196,-0.113) target_gimbal_deg=(0.64,1.98) target_world_deg=(3.84,-2.21) gimbal_deg=(3.21,4.19) armor_y_px=502.7 pixel_error_deg=(0.10,-0.91) ballistic=(range=2.934m holdover=0.571m comp=10.80deg residual=-11.71deg) q_wxyz=(0.998940,0.001024,0.036545,-0.027984) cmd_deg=(3.84,-15.11) packed_pitch_deg=-15.11 control=true shoot=false
[2026-09-05 13:10:24.084] [info] [PERF] 总耗时=15.4ms (检测=12.5ms, 跟踪=0.5ms), FPS=64.9
[2026-09-05 13:10:24.084] [info] 📊 [CAMERA FPS] 瞬时帧率=64.7fps, 平均帧率=64.3fps, 总帧数=1200, 运行时间=18.7s
[DEBUG] armors=1, targets=1
[DEBUG] armors=1, targets=1
[DEBUG] armors=1, targets=1
[DEBUG] armors=1, targets=1
[DEBUG] armors=1, targets=1
[DEBUG] armors=1, targets=1
[DEBUG] armors=1, targets=1
[DEBUG] armors=1, targets=1
[DEBUG] armors=1, targets=1
[DEBUG] armors=1, targets=1
[DEBUG] armors=1, targets=1
[DEBUG] armors=1, targets=1
[DEBUG] armors=1, targets=1
[DEBUG] armors=1, targets=1
[DEBUG] armors=1, targets=1
[DEBUG] armors=1, targets=1
[DEBUG] armors=1, targets=1
[DEBUG] armors=1, targets=1
[DEBUG] armors=1, targets=1
[DEBUG] armors=1, targets=1
[2026-09-05 13:10:24.397] [info] [DRYRUN] measured_gimbal=(2.921,0.032,0.101) measured_world=(2.915,0.196,-0.113) tracked_world=(2.919,0.196,-0.113) target_gimbal_deg=(0.64,1.98) target_world_deg=(3.85,-2.21) gimbal_deg=(3.21,4.19) armor_y_px=502.8 pixel_error_deg=(0.10,-0.91) ballistic=(range=2.922m holdover=0.568m comp=10.78deg residual=-11.69deg) q_wxyz=(0.998940,0.001024,0.036545,-0.027984) cmd_deg=(3.84,-15.11) packed_pitch_deg=-15.11 control=true shoot=false
[DEBUG] armors=1, targets=1
[DEBUG] armors=1, targets=1
[DEBUG] armors=1, targets=1
[DEBUG] armors=1, targets=1
[DEBUG] armors=1, targets=1
[DEBUG] armors=1, targets=1
[DEBUG] armors=1, targets=1
[DEBUG] armors=1, targets=1
[DEBUG] armors=1, targets=1
[DEBUG] armors=1, targets=1
[DEBUG] armors=1, targets=1
[DEBUG] armors=1, targets=1
[DEBUG] armors=1, targets=1
[DEBUG] armors=1, targets=1
[DEBUG] armors=1, targets=1
[DEBUG] armors=1, targets=1
[DEBUG] armors=1, targets=1
[DEBUG] armors=1, targets=1
[DEBUG] armors=1, targets=1
[DEBUG] armors=1, targets=1
[2026-09-05 13:10:24.712] [info] [DRYRUN] measured_gimbal=(2.917,0.032,0.101) measured_world=(2.911,0.196,-0.112) tracked_world=(2.920,0.196,-0.113) target_gimbal_deg=(0.64,1.99) target_world_deg=(3.84,-2.20) gimbal_deg=(3.21,4.19) armor_y_px=502.7 pixel_error_deg=(0.10,-0.92) ballistic=(range=2.918m holdover=0.566m comp=10.77deg residual=-11.69deg) q_wxyz=(0.998940,0.001024,0.036545,-0.027984) cmd_deg=(3.85,-15.11) packed_pitch_deg=-15.11 control=true shoot=false
[DEBUG] armors=1, targets=1
[DEBUG] armors=1, targets=1
[DEBUG] armors=1, targets=1
[DEBUG] armors=1, targets=1
[DEBUG] armors=1, targets=1
[DEBUG] armors=1, targets=1
[DEBUG] armors=1, targets=1
[DEBUG] armors=1, targets=1
[DEBUG] armors=1, targets=1
[2026-09-05 13:10:24.854] [info] [SYNC][XUC] mode=0 yaw=-3.21 deg pitch=4.19 deg feeder_rpm=0.00 wheel0_rpm=0 wheel1_rpm=0 wheel_delta=0 projectile_speed=12.80
[DEBUG] armors=1, targets=1
[2026-09-05 13:10:24.869] [info] [PERF] 总耗时=15.8ms (检测=13.0ms, 跟踪=0.5ms), FPS=63.1
[2026-09-05 13:10:24.869] [info] 📊 [CAMERA FPS] 瞬时帧率=63.0fps, 平均帧率=64.3fps, 总帧数=1250, 运行时间=19.4s
[DEBUG] armors=1, targets=1
[DEBUG] armors=1, targets=1
[DEBUG] armors=1, targets=1
[DEBUG] armors=1, targets=1
[DEBUG] armors=1, targets=1
[DEBUG] armors=1, targets=1
[DEBUG] armors=1, targets=1
[DEBUG] armors=1, targets=1
[DEBUG] armors=1, targets=1
[DEBUG] armors=1, targets=1
[2026-09-05 13:10:25.022] [info] [DRYRUN] measured_gimbal=(2.919,0.032,0.101) measured_world=(2.912,0.196,-0.112) tracked_world=(2.921,0.196,-0.113) target_gimbal_deg=(0.63,1.98) target_world_deg=(3.84,-2.21) gimbal_deg=(3.21,4.19) armor_y_px=502.7 pixel_error_deg=(0.10,-0.91) ballistic=(range=2.919m holdover=0.567m comp=10.77deg residual=-11.69deg) q_wxyz=(0.998940,0.001024,0.036545,-0.027984) cmd_deg=(3.84,-15.09) packed_pitch_deg=-15.09 control=true shoot=false
[DEBUG] armors=1, targets=1
[DEBUG] armors=1, targets=1
[DEBUG] armors=1, targets=1
[DEBUG] armors=1, targets=1
[DEBUG] armors=1, targets=1
[DEBUG] armors=1, targets=1
[DEBUG] armors=1, targets=1
[DEBUG] armors=1, targets=1
[DEBUG] armors=1, targets=1
[DEBUG] armors=1, targets=1
[DEBUG] armors=1, targets=1
[DEBUG] armors=1, targets=1
[DEBUG] armors=1, targets=1
[DEBUG] armors=1, targets=1
[DEBUG] armors=1, targets=1
[DEBUG] armors=1, targets=1
[DEBUG] armors=1, targets=1
[DEBUG] armors=1, targets=1
[DEBUG] armors=1, targets=1
[DEBUG] armors=1, targets=1
[2026-09-05 13:10:25.335] [info] [DRYRUN] measured_gimbal=(2.933,0.033,0.101) measured_world=(2.926,0.197,-0.113) tracked_world=(2.921,0.196,-0.113) target_gimbal_deg=(0.64,1.98) target_world_deg=(3.85,-2.21) gimbal_deg=(3.21,4.19) armor_y_px=502.6 pixel_error_deg=(0.10,-0.92) ballistic=(range=2.933m holdover=0.571m comp=10.79deg residual=-11.71deg) q_wxyz=(0.998940,0.001024,0.036545,-0.027984) cmd_deg=(3.84,-15.13) packed_pitch_deg=-15.13 control=true shoot=false
[DEBUG] armors=1, targets=1
[DEBUG] armors=1, targets=1
[DEBUG] armors=1, targets=1
[DEBUG] armors=1, targets=1
[DEBUG] armors=1, targets=1
[DEBUG] armors=1, targets=1
[DEBUG] armors=1, targets=1
[DEBUG] armors=1, targets=1
[DEBUG] armors=1, targets=1
[DEBUG] armors=1, targets=1
[DEBUG] armors=1, targets=1
[DEBUG] armors=1, targets=1
[DEBUG] armors=1, targets=1
[DEBUG] armors=1, targets=1
[DEBUG] armors=1, targets=1
[DEBUG] armors=1, targets=1
[DEBUG] armors=1, targets=1
[DEBUG] armors=1, targets=1
[DEBUG] armors=1, targets=1
[2026-09-05 13:10:25.633] [info] [SYNC][XUC] mode=0 yaw=-3.21 deg pitch=4.19 deg feeder_rpm=0.00 wheel0_rpm=0 wheel1_rpm=0 wheel_delta=0 projectile_speed=12.80
[DEBUG] armors=1, targets=1
[2026-09-05 13:10:25.647] [info] [DRYRUN] measured_gimbal=(2.922,0.032,0.101) measured_world=(2.915,0.196,-0.113) tracked_world=(2.921,0.196,-0.113) target_gimbal_deg=(0.64,1.98) target_world_deg=(3.84,-2.21) gimbal_deg=(3.21,4.19) armor_y_px=502.8 pixel_error_deg=(0.10,-0.91) ballistic=(range=2.922m holdover=0.568m comp=10.78deg residual=-11.69deg) q_wxyz=(0.998940,0.001024,0.036545,-0.027984) cmd_deg=(3.84,-15.10) packed_pitch_deg=-15.10 control=true shoot=false
[2026-09-05 13:10:25.649] [info] [PERF] 总耗时=16.0ms (检测=13.2ms, 跟踪=0.5ms), FPS=62.4
[2026-09-05 13:10:25.649] [info] 📊 [CAMERA FPS] 瞬时帧率=62.3fps, 平均帧率=64.3fps, 总帧数=1300, 运行时间=20.2s
[DEBUG] armors=1, targets=1
[DEBUG] armors=1, targets=1
[DEBUG] armors=1, targets=1
[DEBUG] armors=1, targets=1
[DEBUG] armors=1, targets=1
[DEBUG] armors=1, targets=1
[DEBUG] armors=1, targets=1
[DEBUG] armors=1, targets=1
[DEBUG] armors=1, targets=1
[DEBUG] armors=1, targets=1
[DEBUG] armors=1, targets=1
[DEBUG] armors=1, targets=1
[DEBUG] armors=1, targets=1
[DEBUG] armors=1, targets=1
[DEBUG] armors=1, targets=1
[DEBUG] armors=1, targets=1
[DEBUG] armors=1, targets=1
[DEBUG] armors=1, targets=1
[DEBUG] armors=1, targets=1
[DEBUG] armors=1, targets=1
[2026-09-05 13:10:25.960] [info] [DRYRUN] measured_gimbal=(2.924,0.032,0.101) measured_world=(2.917,0.196,-0.113) tracked_world=(2.919,0.196,-0.113) target_gimbal_deg=(0.63,1.98) target_world_deg=(3.84,-2.21) gimbal_deg=(3.21,4.19) armor_y_px=502.8 pixel_error_deg=(0.10,-0.91) ballistic=(range=2.924m holdover=0.568m comp=10.78deg residual=-11.69deg) q_wxyz=(0.998940,0.001024,0.036545,-0.027984) cmd_deg=(3.85,-15.10) packed_pitch_deg=-15.10 control=true shoot=false
[DEBUG] armors=1, targets=1
[DEBUG] armors=1, targets=1
[DEBUG] armors=1, targets=1
[DEBUG] armors=1, targets=1
[DEBUG] armors=1, targets=1
[DEBUG] armors=1, targets=1
[DEBUG] armors=1, targets=1
[DEBUG] armors=1, targets=1
[DEBUG] armors=1, targets=1
[DEBUG] armors=1, targets=1
[DEBUG] armors=1, targets=1
[DEBUG] armors=1, targets=1
[DEBUG] armors=1, targets=1
[DEBUG] armors=1, targets=1
[DEBUG] armors=1, targets=1
[DEBUG] armors=1, targets=1
[DEBUG] armors=1, targets=1
[DEBUG] armors=1, targets=1
[DEBUG] armors=1, targets=1
[DEBUG] armors=1, targets=1
[2026-09-05 13:10:26.270] [info] [DRYRUN] measured_gimbal=(2.935,0.033,0.101) measured_world=(2.928,0.197,-0.113) tracked_world=(2.919,0.196,-0.113) target_gimbal_deg=(0.64,1.98) target_world_deg=(3.85,-2.21) gimbal_deg=(3.21,4.19) armor_y_px=502.8 pixel_error_deg=(0.10,-0.91) ballistic=(range=2.935m holdover=0.571m comp=10.80deg residual=-11.71deg) q_wxyz=(0.998940,0.001024,0.036545,-0.027984) cmd_deg=(3.84,-15.12) packed_pitch_deg=-15.12 control=true shoot=false
[DEBUG] armors=1, targets=1
[DEBUG] armors=1, targets=1
[DEBUG] armors=1, targets=1
[DEBUG] armors=1, targets=1
[DEBUG] armors=1, targets=1
[DEBUG] armors=1, targets=1
[DEBUG] armors=1, targets=1
[DEBUG] armors=1, targets=1
[DEBUG] armors=1, targets=1
[2026-09-05 13:10:26.412] [info] [SYNC][XUC] mode=0 yaw=-3.21 deg pitch=4.19 deg feeder_rpm=0.00 wheel0_rpm=0 wheel1_rpm=0 wheel_delta=0 projectile_speed=12.80
[DEBUG] armors=1, targets=1
[2026-09-05 13:10:26.427] [info] [PERF] 总耗时=15.7ms (检测=12.8ms, 跟踪=0.5ms), FPS=63.8
[2026-09-05 13:10:26.427] [info] 📊 [CAMERA FPS] 瞬时帧率=63.7fps, 平均帧率=64.3fps, 总帧数=1350, 运行时间=21.0s
[DEBUG] armors=1, targets=1
[DEBUG] armors=1, targets=1
[DEBUG] armors=1, targets=1
[DEBUG] armors=1, targets=1
[DEBUG] armors=1, targets=1
[DEBUG] armors=1, targets=1
[DEBUG] armors=1, targets=1
[DEBUG] armors=1, targets=1
[DEBUG] armors=1, targets=1
[DEBUG] armors=1, targets=1
[2026-09-05 13:10:26.578] [info] [DRYRUN] measured_gimbal=(2.934,0.033,0.101) measured_world=(2.928,0.197,-0.113) tracked_world=(2.919,0.196,-0.113) target_gimbal_deg=(0.64,1.98) target_world_deg=(3.85,-2.21) gimbal_deg=(3.21,4.19) armor_y_px=502.8 pixel_error_deg=(0.10,-0.91) ballistic=(range=2.935m holdover=0.571m comp=10.80deg residual=-11.71deg) q_wxyz=(0.998940,0.001024,0.036545,-0.027984) cmd_deg=(3.84,-15.11) packed_pitch_deg=-15.11 control=true shoot=false
[DEBUG] armors=1, targets=1
[DEBUG] armors=1, targets=1
[DEBUG] armors=1, targets=1
[DEBUG] armors=1, targets=1
[DEBUG] armors=1, targets=1
[DEBUG] armors=1, targets=1
[DEBUG] armors=1, targets=1
[DEBUG] armors=1, targets=1
[DEBUG] armors=1, targets=1
[DEBUG] armors=1, targets=1
[DEBUG] armors=1, targets=1
[DEBUG] armors=1, targets=1
[DEBUG] armors=1, targets=1
[DEBUG] armors=1, targets=1
[DEBUG] armors=1, targets=1
[DEBUG] armors=1, targets=1
[DEBUG] armors=1, targets=1
[DEBUG] armors=1, targets=1
[DEBUG] armors=1, targets=1
[DEBUG] armors=1, targets=1
[2026-09-05 13:10:26.884] [info] [DRYRUN] measured_gimbal=(2.919,0.032,0.101) measured_world=(2.912,0.196,-0.112) tracked_world=(2.920,0.196,-0.113) target_gimbal_deg=(0.63,1.98) target_world_deg=(3.84,-2.21) gimbal_deg=(3.21,4.19) armor_y_px=502.7 pixel_error_deg=(0.10,-0.91) ballistic=(range=2.919m holdover=0.567m comp=10.77deg residual=-11.69deg) q_wxyz=(0.998940,0.001024,0.036545,-0.027984) cmd_deg=(3.85,-15.10) packed_pitch_deg=-15.10 control=true shoot=false
[DEBUG] armors=1, targets=1
[DEBUG] armors=1, targets=1
[DEBUG] armors=1, targets=1
[DEBUG] armors=1, targets=1
[DEBUG] armors=1, targets=1
[DEBUG] armors=1, targets=1
[DEBUG] armors=1, targets=1
[DEBUG] armors=1, targets=1
[DEBUG] armors=1, targets=1
[DEBUG] armors=1, targets=1
[DEBUG] armors=1, targets=1
[DEBUG] armors=1, targets=1
[DEBUG] armors=1, targets=1
[DEBUG] armors=1, targets=1
[DEBUG] armors=1, targets=1
[DEBUG] armors=1, targets=1
[DEBUG] armors=1, targets=1
[DEBUG] armors=1, targets=1
[DEBUG] armors=1, targets=1
[2026-09-05 13:10:27.181] [info] [SYNC][XUC] mode=0 yaw=-3.21 deg pitch=4.19 deg feeder_rpm=0.00 wheel0_rpm=0 wheel1_rpm=0 wheel_delta=0 projectile_speed=12.80
[DEBUG] armors=1, targets=1
[2026-09-05 13:10:27.194] [info] [DRYRUN] measured_gimbal=(2.933,0.033,0.101) measured_world=(2.926,0.197,-0.113) tracked_world=(2.921,0.196,-0.113) target_gimbal_deg=(0.64,1.98) target_world_deg=(3.84,-2.21) gimbal_deg=(3.21,4.19) armor_y_px=502.7 pixel_error_deg=(0.10,-0.91) ballistic=(range=2.933m holdover=0.571m comp=10.79deg residual=-11.71deg) q_wxyz=(0.998940,0.001024,0.036545,-0.027984) cmd_deg=(3.85,-15.12) packed_pitch_deg=-15.12 control=true shoot=false
[2026-09-05 13:10:27.196] [info] [PERF] 总耗时=15.6ms (检测=12.6ms, 跟踪=0.4ms), FPS=64.3
[2026-09-05 13:10:27.196] [info] 📊 [CAMERA FPS] 瞬时帧率=64.2fps, 平均帧率=64.3fps, 总帧数=1400, 运行时间=21.8s
[DEBUG] armors=1, targets=1
[DEBUG] armors=1, targets=1
[DEBUG] armors=1, targets=1
[DEBUG] armors=1, targets=1
[DEBUG] armors=1, targets=1
[DEBUG] armors=1, targets=1
[DEBUG] armors=1, targets=1
[DEBUG] armors=1, targets=1
[DEBUG] armors=1, targets=1
[DEBUG] armors=1, targets=1
[DEBUG] armors=1, targets=1
[DEBUG] armors=1, targets=1
[DEBUG] armors=1, targets=1
[DEBUG] armors=1, targets=1
[DEBUG] armors=1, targets=1
[DEBUG] armors=1, targets=1
[DEBUG] armors=1, targets=1
[DEBUG] armors=1, targets=1
[DEBUG] armors=1, targets=1
[DEBUG] armors=1, targets=1
[2026-09-05 13:10:27.500] [info] [DRYRUN] measured_gimbal=(2.927,0.033,0.101) measured_world=(2.920,0.196,-0.113) tracked_world=(2.921,0.196,-0.113) target_gimbal_deg=(0.64,1.98) target_world_deg=(3.85,-2.21) gimbal_deg=(3.21,4.19) armor_y_px=503.0 pixel_error_deg=(0.10,-0.91) ballistic=(range=2.927m holdover=0.569m comp=10.79deg residual=-11.69deg) q_wxyz=(0.998940,0.001024,0.036545,-0.027984) cmd_deg=(3.84,-15.11) packed_pitch_deg=-15.11 control=true shoot=false
[DEBUG] armors=1, targets=1
[DEBUG] armors=1, targets=1
[DEBUG] armors=1, targets=1
[DEBUG] armors=1, targets=1
[DEBUG] armors=1, targets=1
[DEBUG] armors=1, targets=1
[DEBUG] armors=1, targets=1
[DEBUG] armors=1, targets=1
[DEBUG] armors=1, targets=1
[DEBUG] armors=1, targets=1
[DEBUG] armors=1, targets=1
[DEBUG] armors=1, targets=1
[DEBUG] armors=1, targets=1
[DEBUG] armors=1, targets=1
[DEBUG] armors=1, targets=1
[DEBUG] armors=1, targets=1
[DEBUG] armors=1, targets=1
[DEBUG] armors=1, targets=1
[DEBUG] armors=1, targets=1
[DEBUG] armors=1, targets=1
[2026-09-05 13:10:27.810] [info] [DRYRUN] measured_gimbal=(2.932,0.032,0.101) measured_world=(2.926,0.197,-0.114) tracked_world=(2.922,0.196,-0.113) target_gimbal_deg=(0.63,1.97) target_world_deg=(3.84,-2.22) gimbal_deg=(3.21,4.19) armor_y_px=503.0 pixel_error_deg=(0.10,-0.91) ballistic=(range=2.933m holdover=0.570m comp=10.79deg residual=-11.70deg) q_wxyz=(0.998940,0.001024,0.036545,-0.027984) cmd_deg=(3.85,-15.12) packed_pitch_deg=-15.12 control=true shoot=false
[DEBUG] armors=1, targets=1
[DEBUG] armors=1, targets=1
[DEBUG] armors=1, targets=1
[DEBUG] armors=1, targets=1
[DEBUG] armors=1, targets=1
[DEBUG] armors=1, targets=1
[DEBUG] armors=1, targets=1
[DEBUG] armors=1, targets=1
[DEBUG] armors=1, targets=1
[2026-09-05 13:10:27.953] [info] [SYNC][XUC] mode=0 yaw=-3.21 deg pitch=4.19 deg feeder_rpm=0.00 wheel0_rpm=0 wheel1_rpm=0 wheel_delta=0 projectile_speed=12.80
[DEBUG] armors=1, targets=1
[2026-09-05 13:10:27.969] [info] [PERF] 总耗时=15.5ms (检测=12.5ms, 跟踪=0.5ms), FPS=64.6
[2026-09-05 13:10:27.969] [info] 📊 [CAMERA FPS] 瞬时帧率=64.5fps, 平均帧率=64.3fps, 总帧数=1450, 运行时间=22.5s
[DEBUG] armors=1, targets=1
[DEBUG] armors=1, targets=1
[DEBUG] armors=1, targets=1
[DEBUG] armors=1, targets=1
[DEBUG] armors=1, targets=1
[DEBUG] armors=1, targets=1
[DEBUG] armors=1, targets=1
[DEBUG] armors=1, targets=1
[DEBUG] armors=1, targets=1
[DEBUG] armors=1, targets=1
[2026-09-05 13:10:28.120] [info] [DRYRUN] measured_gimbal=(2.934,0.033,0.101) measured_world=(2.927,0.197,-0.114) tracked_world=(2.922,0.196,-0.113) target_gimbal_deg=(0.64,1.97) target_world_deg=(3.85,-2.22) gimbal_deg=(3.21,4.19) armor_y_px=502.9 pixel_error_deg=(0.10,-0.91) ballistic=(range=2.934m holdover=0.571m comp=10.79deg residual=-11.70deg) q_wxyz=(0.998940,0.001024,0.036545,-0.027984) cmd_deg=(3.84,-15.11) packed_pitch_deg=-15.11 control=true shoot=false
[DEBUG] armors=1, targets=1
[DEBUG] armors=1, targets=1
[DEBUG] armors=1, targets=1
[DEBUG] armors=1, targets=1
[DEBUG] armors=1, targets=1
[DEBUG] armors=1, targets=1
[DEBUG] armors=1, targets=1
[DEBUG] armors=1, targets=1
[DEBUG] armors=1, targets=1
[DEBUG] armors=1, targets=1
[DEBUG] armors=1, targets=1
[DEBUG] armors=1, targets=1
[DEBUG] armors=1, targets=1
[DEBUG] armors=1, targets=1
[DEBUG] armors=1, targets=1
[DEBUG] armors=1, targets=1
[DEBUG] armors=1, targets=1
[DEBUG] armors=1, targets=1
[DEBUG] armors=1, targets=1
[DEBUG] armors=1, targets=1
[2026-09-05 13:10:28.424] [info] [DRYRUN] measured_gimbal=(2.934,0.033,0.101) measured_world=(2.927,0.197,-0.114) tracked_world=(2.921,0.196,-0.113) target_gimbal_deg=(0.64,1.97) target_world_deg=(3.85,-2.22) gimbal_deg=(3.21,4.19) armor_y_px=502.9 pixel_error_deg=(0.10,-0.91) ballistic=(range=2.934m holdover=0.571m comp=10.80deg residual=-11.71deg) q_wxyz=(0.998940,0.001024,0.036545,-0.027984) cmd_deg=(3.84,-15.12) packed_pitch_deg=-15.12 control=true shoot=false
[DEBUG] armors=1, targets=1
[DEBUG] armors=1, targets=1
[DEBUG] armors=1, targets=1
[DEBUG] armors=1, targets=1
[DEBUG] armors=1, targets=1
[DEBUG] armors=1, targets=1
[DEBUG] armors=1, targets=1
[DEBUG] armors=1, targets=1
[DEBUG] armors=1, targets=1
[DEBUG] armors=1, targets=1
[DEBUG] armors=1, targets=1
[DEBUG] armors=1, targets=1
[DEBUG] armors=1, targets=1
[DEBUG] armors=1, targets=1
[DEBUG] armors=1, targets=1
[DEBUG] armors=1, targets=1
[DEBUG] armors=1, targets=1
[DEBUG] armors=1, targets=1
[DEBUG] armors=1, targets=1
[2026-09-05 13:10:28.718] [info] [SYNC][XUC] mode=0 yaw=-3.21 deg pitch=4.19 deg feeder_rpm=0.00 wheel0_rpm=0 wheel1_rpm=0 wheel_delta=0 projectile_speed=12.80
[DEBUG] armors=1, targets=1
[2026-09-05 13:10:28.731] [info] [DRYRUN] measured_gimbal=(2.917,0.032,0.101) measured_world=(2.911,0.196,-0.112) tracked_world=(2.920,0.196,-0.113) target_gimbal_deg=(0.63,1.98) target_world_deg=(3.84,-2.21) gimbal_deg=(3.21,4.19) armor_y_px=502.9 pixel_error_deg=(0.10,-0.91) ballistic=(range=2.918m holdover=0.566m comp=10.77deg residual=-11.68deg) q_wxyz=(0.998940,0.001024,0.036545,-0.027984) cmd_deg=(3.85,-15.09) packed_pitch_deg=-15.09 control=true shoot=false
[2026-09-05 13:10:28.734] [info] [PERF] 总耗时=15.8ms (检测=12.8ms, 跟踪=0.5ms), FPS=63.4
[2026-09-05 13:10:28.734] [info] 📊 [CAMERA FPS] 瞬时帧率=63.3fps, 平均帧率=64.4fps, 总帧数=1500, 运行时间=23.3s
[DEBUG] armors=1, targets=1
[DEBUG] armors=1, targets=1
[DEBUG] armors=1, targets=1
[DEBUG] armors=1, targets=1
[DEBUG] armors=1, targets=1
[DEBUG] armors=1, targets=1
[DEBUG] armors=1, targets=1
[DEBUG] armors=1, targets=1
[DEBUG] armors=1, targets=1
[DEBUG] armors=1, targets=1
[DEBUG] armors=1, targets=1
[DEBUG] armors=1, targets=1
[DEBUG] armors=1, targets=1
[DEBUG] armors=1, targets=1
[DEBUG] armors=1, targets=1
[DEBUG] armors=1, targets=1
[DEBUG] armors=1, targets=1
[DEBUG] armors=1, targets=1
[DEBUG] armors=1, targets=1
[DEBUG] armors=1, targets=1
[2026-09-05 13:10:29.041] [info] [DRYRUN] measured_gimbal=(2.934,0.033,0.101) measured_world=(2.927,0.197,-0.113) tracked_world=(2.922,0.196,-0.113) target_gimbal_deg=(0.64,1.97) target_world_deg=(3.85,-2.22) gimbal_deg=(3.21,4.19) armor_y_px=502.9 pixel_error_deg=(0.10,-0.91) ballistic=(range=2.934m holdover=0.571m comp=10.79deg residual=-11.70deg) q_wxyz=(0.998940,0.001024,0.036545,-0.027984) cmd_deg=(3.85,-15.12) packed_pitch_deg=-15.12 control=true shoot=false
[DEBUG] armors=1, targets=1
[DEBUG] armors=1, targets=1
[DEBUG] armors=1, targets=1
[DEBUG] armors=1, targets=1
[DEBUG] armors=1, targets=1
[DEBUG] armors=1, targets=1
[DEBUG] armors=1, targets=1
[DEBUG] armors=1, targets=1
[DEBUG] armors=1, targets=1
[DEBUG] armors=1, targets=1
[DEBUG] armors=1, targets=1
[DEBUG] armors=1, targets=1
[DEBUG] armors=1, targets=1
[DEBUG] armors=1, targets=1
[DEBUG] armors=1, targets=1
[DEBUG] armors=1, targets=1
[DEBUG] armors=1, targets=1
[DEBUG] armors=1, targets=1
[DEBUG] armors=1, targets=1
[DEBUG] armors=1, targets=1
[2026-09-05 13:10:29.349] [info] [DRYRUN] measured_gimbal=(2.933,0.033,0.101) measured_world=(2.926,0.197,-0.113) tracked_world=(2.922,0.196,-0.113) target_gimbal_deg=(0.64,1.98) target_world_deg=(3.85,-2.21) gimbal_deg=(3.21,4.19) armor_y_px=502.9 pixel_error_deg=(0.10,-0.91) ballistic=(range=2.933m holdover=0.571m comp=10.79deg residual=-11.70deg) q_wxyz=(0.998940,0.001024,0.036545,-0.027984) cmd_deg=(3.84,-15.11) packed_pitch_deg=-15.11 control=true shoot=false
[DEBUG] armors=1, targets=1
[DEBUG] armors=1, targets=1
[DEBUG] armors=1, targets=1
[DEBUG] armors=1, targets=1
[DEBUG] armors=1, targets=1
[DEBUG] armors=1, targets=1
[DEBUG] armors=1, targets=1
[DEBUG] armors=1, targets=1
[DEBUG] armors=1, targets=1
[2026-09-05 13:10:29.490] [info] [SYNC][XUC] mode=0 yaw=-3.21 deg pitch=4.19 deg feeder_rpm=0.00 wheel0_rpm=0 wheel1_rpm=0 wheel_delta=0 projectile_speed=12.80
[DEBUG] armors=1, targets=1
[2026-09-05 13:10:29.506] [info] [PERF] 总耗时=15.2ms (检测=12.5ms, 跟踪=0.4ms), FPS=65.6
[2026-09-05 13:10:29.506] [info] 📊 [CAMERA FPS] 瞬时帧率=65.4fps, 平均帧率=64.4fps, 总帧数=1550, 运行时间=24.1s
[DEBUG] armors=1, targets=1
[DEBUG] armors=1, targets=1
[DEBUG] armors=1, targets=1
[DEBUG] armors=1, targets=1
[DEBUG] armors=1, targets=1
[DEBUG] armors=1, targets=1
[DEBUG] armors=1, targets=1
[DEBUG] armors=1, targets=1
[DEBUG] armors=1, targets=1
[DEBUG] armors=1, targets=1
[2026-09-05 13:10:29.659] [info] [DRYRUN] measured_gimbal=(2.925,0.033,0.101) measured_world=(2.918,0.196,-0.113) tracked_world=(2.922,0.196,-0.113) target_gimbal_deg=(0.64,1.98) target_world_deg=(3.85,-2.21) gimbal_deg=(3.21,4.19) armor_y_px=502.8 pixel_error_deg=(0.10,-0.91) ballistic=(range=2.925m holdover=0.569m comp=10.78deg residual=-11.70deg) q_wxyz=(0.998940,0.001024,0.036545,-0.027984) cmd_deg=(3.84,-15.12) packed_pitch_deg=-15.12 control=true shoot=false
[DEBUG] armors=1, targets=1
[DEBUG] armors=1, targets=1
[DEBUG] armors=1, targets=1
[DEBUG] armors=1, targets=1
[DEBUG] armors=1, targets=1
[DEBUG] armors=1, targets=1
[DEBUG] armors=1, targets=1
[DEBUG] armors=1, targets=1
[DEBUG] armors=1, targets=1
[DEBUG] armors=1, targets=1
[DEBUG] armors=1, targets=1
[DEBUG] armors=1, targets=1
[DEBUG] armors=1, targets=1
[DEBUG] armors=1, targets=1
[DEBUG] armors=1, targets=1
[DEBUG] armors=1, targets=1
[DEBUG] armors=1, targets=1
[DEBUG] armors=1, targets=1
[DEBUG] armors=1, targets=1
[DEBUG] armors=1, targets=1
[2026-09-05 13:10:29.968] [info] [DRYRUN] measured_gimbal=(2.935,0.033,0.101) measured_world=(2.928,0.197,-0.114) tracked_world=(2.922,0.196,-0.113) target_gimbal_deg=(0.64,1.97) target_world_deg=(3.85,-2.22) gimbal_deg=(3.21,4.19) armor_y_px=502.9 pixel_error_deg=(0.10,-0.91) ballistic=(range=2.935m holdover=0.571m comp=10.80deg residual=-11.71deg) q_wxyz=(0.998940,0.001024,0.036545,-0.027984) cmd_deg=(3.84,-15.12) packed_pitch_deg=-15.12 control=true shoot=false
[DEBUG] armors=1, targets=1
[DEBUG] armors=1, targets=1
[DEBUG] armors=1, targets=1
[DEBUG] armors=1, targets=1
[DEBUG] armors=1, targets=1
[DEBUG] armors=1, targets=1
[DEBUG] armors=1, targets=1
[DEBUG] armors=1, targets=1
[DEBUG] armors=1, targets=1
[DEBUG] armors=1, targets=1
[DEBUG] armors=1, targets=1
[DEBUG] armors=1, targets=1
[DEBUG] armors=1, targets=1
[DEBUG] armors=1, targets=1
[DEBUG] armors=1, targets=1
[DEBUG] armors=1, targets=1
[DEBUG] armors=1, targets=1
[DEBUG] armors=1, targets=1
[DEBUG] armors=1, targets=1
[2026-09-05 13:10:30.262] [info] [SYNC][XUC] mode=0 yaw=-3.21 deg pitch=4.19 deg feeder_rpm=0.00 wheel0_rpm=0 wheel1_rpm=0 wheel_delta=0 projectile_speed=12.80
[DEBUG] armors=1, targets=1
[2026-09-05 13:10:30.275] [info] [DRYRUN] measured_gimbal=(2.931,0.032,0.101) measured_world=(2.924,0.196,-0.113) tracked_world=(2.918,0.196,-0.113) target_gimbal_deg=(0.63,1.98) target_world_deg=(3.84,-2.21) gimbal_deg=(3.21,4.19) armor_y_px=502.7 pixel_error_deg=(0.10,-0.91) ballistic=(range=2.931m holdover=0.570m comp=10.79deg residual=-11.71deg) q_wxyz=(0.998940,0.001024,0.036545,-0.027984) cmd_deg=(3.85,-15.12) packed_pitch_deg=-15.12 control=true shoot=false
[2026-09-05 13:10:30.277] [info] [PERF] 总耗时=15.3ms (检测=12.4ms, 跟踪=0.4ms), FPS=65.4
[2026-09-05 13:10:30.277] [info] 📊 [CAMERA FPS] 瞬时帧率=65.3fps, 平均帧率=64.4fps, 总帧数=1600, 运行时间=24.8s
[DEBUG] armors=1, targets=1
[DEBUG] armors=1, targets=1
[DEBUG] armors=1, targets=1
[DEBUG] armors=1, targets=1
[DEBUG] armors=1, targets=1
[DEBUG] armors=1, targets=1
[DEBUG] armors=1, targets=1
[DEBUG] armors=1, targets=1
[DEBUG] armors=1, targets=1
[DEBUG] armors=1, targets=1
[DEBUG] armors=1, targets=1
[DEBUG] armors=1, targets=1
[DEBUG] armors=1, targets=1
[DEBUG] armors=1, targets=1
[DEBUG] armors=1, targets=1
[DEBUG] armors=1, targets=1
[DEBUG] armors=1, targets=1
[DEBUG] armors=1, targets=1
[DEBUG] armors=1, targets=1
[DEBUG] armors=1, targets=1
[2026-09-05 13:10:30.587] [info] [DRYRUN] measured_gimbal=(2.929,0.032,0.101) measured_world=(2.923,0.196,-0.113) tracked_world=(2.919,0.196,-0.113) target_gimbal_deg=(0.63,1.98) target_world_deg=(3.84,-2.21) gimbal_deg=(3.21,4.19) armor_y_px=502.7 pixel_error_deg=(0.10,-0.91) ballistic=(range=2.930m holdover=0.570m comp=10.79deg residual=-11.70deg) q_wxyz=(0.998940,0.001024,0.036545,-0.027984) cmd_deg=(3.84,-15.11) packed_pitch_deg=-15.11 control=true shoot=false
[DEBUG] armors=1, targets=1
[DEBUG] armors=1, targets=1
[DEBUG] armors=1, targets=1
[DEBUG] armors=1, targets=1
[DEBUG] armors=1, targets=1
[DEBUG] armors=1, targets=1
[DEBUG] armors=1, targets=1
[DEBUG] armors=1, targets=1
[DEBUG] armors=1, targets=1
[DEBUG] armors=1, targets=1
[DEBUG] armors=1, targets=1
[DEBUG] armors=1, targets=1
[DEBUG] armors=1, targets=1
[DEBUG] armors=1, targets=1
[DEBUG] armors=1, targets=1
[DEBUG] armors=1, targets=1
[DEBUG] armors=1, targets=1
[DEBUG] armors=1, targets=1
[DEBUG] armors=1, targets=1
[DEBUG] armors=1, targets=1
[2026-09-05 13:10:30.894] [info] [DRYRUN] measured_gimbal=(2.930,0.033,0.101) measured_world=(2.923,0.196,-0.113) tracked_world=(2.919,0.196,-0.113) target_gimbal_deg=(0.64,1.98) target_world_deg=(3.85,-2.21) gimbal_deg=(3.21,4.19) armor_y_px=502.7 pixel_error_deg=(0.10,-0.92) ballistic=(range=2.930m holdover=0.570m comp=10.79deg residual=-11.71deg) q_wxyz=(0.998940,0.001024,0.036545,-0.027984) cmd_deg=(3.84,-15.12) packed_pitch_deg=-15.12 control=true shoot=false
[DEBUG] armors=1, targets=1
[DEBUG] armors=1, targets=1
[DEBUG] armors=1, targets=1
[DEBUG] armors=1, targets=1
[DEBUG] armors=1, targets=1
[DEBUG] armors=1, targets=1
[DEBUG] armors=1, targets=1
[DEBUG] armors=1, targets=1
[DEBUG] armors=1, targets=1
[2026-09-05 13:10:31.035] [info] [SYNC][XUC] mode=0 yaw=-3.21 deg pitch=4.19 deg feeder_rpm=0.00 wheel0_rpm=0 wheel1_rpm=0 wheel_delta=0 projectile_speed=12.80
[DEBUG] armors=1, targets=1
[2026-09-05 13:10:31.051] [info] [PERF] 总耗时=15.9ms (检测=12.9ms, 跟踪=0.5ms), FPS=62.9
[2026-09-05 13:10:31.051] [info] 📊 [CAMERA FPS] 瞬时帧率=62.8fps, 平均帧率=64.4fps, 总帧数=1650, 运行时间=25.6s
[DEBUG] armors=1, targets=1
[DEBUG] armors=1, targets=1
[DEBUG] armors=1, targets=1
[DEBUG] armors=1, targets=1
[DEBUG] armors=1, targets=1
[DEBUG] armors=1, targets=1
[DEBUG] armors=1, targets=1
[DEBUG] armors=1, targets=1
[DEBUG] armors=1, targets=1
[DEBUG] armors=1, targets=1
[2026-09-05 13:10:31.205] [info] [DRYRUN] measured_gimbal=(2.933,0.033,0.101) measured_world=(2.926,0.197,-0.113) tracked_world=(2.919,0.196,-0.113) target_gimbal_deg=(0.64,1.98) target_world_deg=(3.85,-2.21) gimbal_deg=(3.21,4.19) armor_y_px=502.6 pixel_error_deg=(0.10,-0.92) ballistic=(range=2.933m holdover=0.571m comp=10.79deg residual=-11.71deg) q_wxyz=(0.998940,0.001024,0.036545,-0.027984) cmd_deg=(3.85,-15.12) packed_pitch_deg=-15.12 control=true shoot=false
[DEBUG] armors=1, targets=1
[DEBUG] armors=1, targets=1
[DEBUG] armors=1, targets=1
[DEBUG] armors=1, targets=1
[DEBUG] armors=1, targets=1
[DEBUG] armors=1, targets=1
[DEBUG] armors=1, targets=1
[DEBUG] armors=1, targets=1
[DEBUG] armors=1, targets=1
[DEBUG] armors=1, targets=1
[DEBUG] armors=1, targets=1
[DEBUG] armors=1, targets=1
[DEBUG] armors=1, targets=1
[DEBUG] armors=1, targets=1
[DEBUG] armors=1, targets=1
[DEBUG] armors=1, targets=1
[DEBUG] armors=1, targets=1
[DEBUG] armors=1, targets=1
[DEBUG] armors=1, targets=1
[DEBUG] armors=1, targets=1
[2026-09-05 13:10:31.507] [info] [DRYRUN] measured_gimbal=(2.917,0.032,0.101) measured_world=(2.910,0.195,-0.112) tracked_world=(2.917,0.196,-0.113) target_gimbal_deg=(0.63,1.99) target_world_deg=(3.84,-2.20) gimbal_deg=(3.21,4.19) armor_y_px=502.7 pixel_error_deg=(0.10,-0.91) ballistic=(range=2.917m holdover=0.566m comp=10.77deg residual=-11.69deg) q_wxyz=(0.998940,0.001024,0.036545,-0.027984) cmd_deg=(3.85,-15.09) packed_pitch_deg=-15.09 control=true shoot=false
[DEBUG] armors=1, targets=1
[DEBUG] armors=1, targets=1
[DEBUG] armors=1, targets=1
[DEBUG] armors=1, targets=1
[DEBUG] armors=1, targets=1
[DEBUG] armors=1, targets=1
[DEBUG] armors=1, targets=1
[DEBUG] armors=1, targets=1
[DEBUG] armors=1, targets=1
[DEBUG] armors=1, targets=1
[DEBUG] armors=1, targets=1
[DEBUG] armors=1, targets=1
[DEBUG] armors=1, targets=1
[DEBUG] armors=1, targets=1
[DEBUG] armors=1, targets=1
[DEBUG] armors=1, targets=1
[DEBUG] armors=1, targets=1
[DEBUG] armors=1, targets=1
[DEBUG] armors=1, targets=1
[2026-09-05 13:10:31.797] [info] [SYNC][XUC] mode=0 yaw=-3.21 deg pitch=4.19 deg feeder_rpm=0.00 wheel0_rpm=0 wheel1_rpm=0 wheel_delta=0 projectile_speed=12.80
[DEBUG] armors=1, targets=1
[2026-09-05 13:10:31.810] [info] [DRYRUN] measured_gimbal=(2.937,0.033,0.101) measured_world=(2.930,0.197,-0.113) tracked_world=(2.918,0.196,-0.113) target_gimbal_deg=(0.64,1.98) target_world_deg=(3.85,-2.21) gimbal_deg=(3.21,4.19) armor_y_px=502.7 pixel_error_deg=(0.10,-0.91) ballistic=(range=2.937m holdover=0.572m comp=10.80deg residual=-11.71deg) q_wxyz=(0.998940,0.001024,0.036545,-0.027984) cmd_deg=(3.84,-15.12) packed_pitch_deg=-15.12 control=true shoot=false
[2026-09-05 13:10:31.812] [info] [PERF] 总耗时=15.3ms (检测=12.3ms, 跟踪=0.5ms), FPS=65.3
[2026-09-05 13:10:31.812] [info] 📊 [CAMERA FPS] 瞬时帧率=65.2fps, 平均帧率=64.4fps, 总帧数=1700, 运行时间=26.4s
[DEBUG] armors=1, targets=1
[DEBUG] armors=1, targets=1
[DEBUG] armors=1, targets=1
[DEBUG] armors=1, targets=1
[DEBUG] armors=1, targets=1
[DEBUG] armors=1, targets=1
[DEBUG] armors=1, targets=1
[DEBUG] armors=1, targets=1
[DEBUG] armors=1, targets=1
[DEBUG] armors=1, targets=1
[DEBUG] armors=1, targets=1
[DEBUG] armors=1, targets=1
[DEBUG] armors=1, targets=1
[DEBUG] armors=1, targets=1
[DEBUG] armors=1, targets=1
[DEBUG] armors=1, targets=1
[DEBUG] armors=1, targets=1
[DEBUG] armors=1, targets=1
[DEBUG] armors=1, targets=1
[DEBUG] armors=1, targets=1
[2026-09-05 13:10:32.117] [info] [DRYRUN] measured_gimbal=(2.921,0.032,0.101) measured_world=(2.914,0.196,-0.113) tracked_world=(2.921,0.196,-0.113) target_gimbal_deg=(0.63,1.98) target_world_deg=(3.84,-2.21) gimbal_deg=(3.21,4.19) armor_y_px=502.8 pixel_error_deg=(0.10,-0.91) ballistic=(range=2.921m holdover=0.567m comp=10.78deg residual=-11.69deg) q_wxyz=(0.998940,0.001024,0.036545,-0.027984) cmd_deg=(3.85,-15.11) packed_pitch_deg=-15.11 control=true shoot=false
[DEBUG] armors=1, targets=1
[DEBUG] armors=1, targets=1
[DEBUG] armors=1, targets=1
[DEBUG] armors=1, targets=1
[DEBUG] armors=1, targets=1
[DEBUG] armors=1, targets=1
[DEBUG] armors=1, targets=1
[DEBUG] armors=1, targets=1
[DEBUG] armors=1, targets=1
[DEBUG] armors=1, targets=1
[DEBUG] armors=1, targets=1
[DEBUG] armors=1, targets=1
[DEBUG] armors=1, targets=1
[DEBUG] armors=1, targets=1
[DEBUG] armors=1, targets=1
[DEBUG] armors=1, targets=1
[DEBUG] armors=1, targets=1
[DEBUG] armors=1, targets=1
[DEBUG] armors=1, targets=1
[DEBUG] armors=1, targets=1
[2026-09-05 13:10:32.424] [info] [DRYRUN] measured_gimbal=(2.899,0.032,0.101) measured_world=(2.892,0.194,-0.111) tracked_world=(2.921,0.196,-0.113) target_gimbal_deg=(0.63,1.99) target_world_deg=(3.84,-2.20) gimbal_deg=(3.21,4.19) armor_y_px=502.9 pixel_error_deg=(0.10,-0.91) ballistic=(range=2.899m holdover=0.562m comp=10.74deg residual=-11.65deg) q_wxyz=(0.998940,0.001024,0.036545,-0.027984) cmd_deg=(3.85,-15.09) packed_pitch_deg=-15.09 control=true shoot=false
[DEBUG] armors=1, targets=1
[DEBUG] armors=1, targets=1
[DEBUG] armors=1, targets=1
[DEBUG] armors=1, targets=1
[DEBUG] armors=1, targets=1
[DEBUG] armors=1, targets=1
[DEBUG] armors=1, targets=1
[DEBUG] armors=1, targets=1
[DEBUG] armors=1, targets=1
[2026-09-05 13:10:32.565] [info] [SYNC][XUC] mode=0 yaw=-3.21 deg pitch=4.19 deg feeder_rpm=0.00 wheel0_rpm=0 wheel1_rpm=0 wheel_delta=0 projectile_speed=12.80
[DEBUG] armors=1, targets=1
[2026-09-05 13:10:32.582] [info] [PERF] 总耗时=16.7ms (检测=13.2ms, 跟踪=0.5ms), FPS=60.0
[2026-09-05 13:10:32.582] [info] 📊 [CAMERA FPS] 瞬时帧率=59.9fps, 平均帧率=64.4fps, 总帧数=1750, 运行时间=27.2s
[DEBUG] armors=1, targets=1
[DEBUG] armors=1, targets=1
[DEBUG] armors=1, targets=1
[DEBUG] armors=1, targets=1
[DEBUG] armors=1, targets=1
[DEBUG] armors=1, targets=1
[DEBUG] armors=1, targets=1
[DEBUG] armors=1, targets=1
[DEBUG] armors=1, targets=1
[DEBUG] armors=1, targets=1
[2026-09-05 13:10:32.732] [info] [DRYRUN] measured_gimbal=(2.922,0.032,0.101) measured_world=(2.915,0.196,-0.113) tracked_world=(2.920,0.196,-0.113) target_gimbal_deg=(0.64,1.98) target_world_deg=(3.84,-2.21) gimbal_deg=(3.21,4.19) armor_y_px=502.8 pixel_error_deg=(0.10,-0.91) ballistic=(range=2.922m holdover=0.568m comp=10.78deg residual=-11.69deg) q_wxyz=(0.998940,0.001024,0.036545,-0.027984) cmd_deg=(3.84,-15.10) packed_pitch_deg=-15.10 control=true shoot=false
[DEBUG] armors=1, targets=1
[DEBUG] armors=1, targets=1
[DEBUG] armors=1, targets=1
[DEBUG] armors=1, targets=1
[DEBUG] armors=1, targets=1
[DEBUG] armors=1, targets=1
[DEBUG] armors=1, targets=1
[DEBUG] armors=1, targets=1
[DEBUG] armors=1, targets=1
[DEBUG] armors=1, targets=1
[DEBUG] armors=1, targets=1
[DEBUG] armors=1, targets=1
[DEBUG] armors=1, targets=1
[DEBUG] armors=1, targets=1
[DEBUG] armors=1, targets=1
[DEBUG] armors=1, targets=1
[DEBUG] armors=1, targets=1
[DEBUG] armors=1, targets=1
[DEBUG] armors=1, targets=1
[DEBUG] armors=1, targets=1
[2026-09-05 13:10:33.042] [info] [DRYRUN] measured_gimbal=(2.930,0.032,0.101) measured_world=(2.923,0.196,-0.113) tracked_world=(2.920,0.196,-0.113) target_gimbal_deg=(0.63,1.98) target_world_deg=(3.84,-2.21) gimbal_deg=(3.21,4.19) armor_y_px=502.7 pixel_error_deg=(0.10,-0.91) ballistic=(range=2.930m holdover=0.570m comp=10.79deg residual=-11.70deg) q_wxyz=(0.998940,0.001024,0.036545,-0.027984) cmd_deg=(3.85,-15.11) packed_pitch_deg=-15.11 control=true shoot=false
[DEBUG] armors=1, targets=1
[DEBUG] armors=1, targets=1
[DEBUG] armors=1, targets=1
[DEBUG] armors=1, targets=1
[DEBUG] armors=1, targets=1
[DEBUG] armors=1, targets=1
[DEBUG] armors=1, targets=1
[DEBUG] armors=1, targets=1
[DEBUG] armors=1, targets=1
[DEBUG] armors=1, targets=1
[DEBUG] armors=1, targets=1
[DEBUG] armors=1, targets=1
[DEBUG] armors=1, targets=1
[DEBUG] armors=1, targets=1
[DEBUG] armors=1, targets=1
[DEBUG] armors=1, targets=1
[DEBUG] armors=1, targets=1
[DEBUG] armors=1, targets=1
[DEBUG] armors=1, targets=1
[2026-09-05 13:10:33.341] [info] [SYNC][XUC] mode=0 yaw=-3.21 deg pitch=4.19 deg feeder_rpm=0.00 wheel0_rpm=0 wheel1_rpm=0 wheel_delta=0 projectile_speed=12.80
[DEBUG] armors=1, targets=1
[2026-09-05 13:10:33.353] [info] [DRYRUN] measured_gimbal=(2.926,0.032,0.101) measured_world=(2.919,0.196,-0.113) tracked_world=(2.917,0.196,-0.113) target_gimbal_deg=(0.63,1.98) target_world_deg=(3.84,-2.21) gimbal_deg=(3.21,4.19) armor_y_px=502.9 pixel_error_deg=(0.10,-0.91) ballistic=(range=2.926m holdover=0.569m comp=10.78deg residual=-11.69deg) q_wxyz=(0.998940,0.001024,0.036545,-0.027984) cmd_deg=(3.84,-15.10) packed_pitch_deg=-15.10 control=true shoot=false
[2026-09-05 13:10:33.355] [info] [PERF] 总耗时=14.9ms (检测=12.3ms, 跟踪=0.4ms), FPS=67.1
[2026-09-05 13:10:33.355] [info] 📊 [CAMERA FPS] 瞬时帧率=66.9fps, 平均帧率=64.5fps, 总帧数=1800, 运行时间=27.9s
[DEBUG] armors=1, targets=1
[DEBUG] armors=1, targets=1
[DEBUG] armors=1, targets=1
[DEBUG] armors=1, targets=1
[DEBUG] armors=1, targets=1
[DEBUG] armors=1, targets=1
[DEBUG] armors=1, targets=1
[DEBUG] armors=1, targets=1
[DEBUG] armors=1, targets=1
[DEBUG] armors=1, targets=1
[DEBUG] armors=1, targets=1
[DEBUG] armors=1, targets=1
[DEBUG] armors=1, targets=1
[DEBUG] armors=1, targets=1
[DEBUG] armors=1, targets=1
[DEBUG] armors=1, targets=1
[DEBUG] armors=1, targets=1
[DEBUG] armors=1, targets=1
[DEBUG] armors=1, targets=1
[DEBUG] armors=1, targets=1
[2026-09-05 13:10:33.660] [info] [DRYRUN] measured_gimbal=(2.926,0.032,0.101) measured_world=(2.919,0.196,-0.113) tracked_world=(2.919,0.196,-0.113) target_gimbal_deg=(0.64,1.98) target_world_deg=(3.84,-2.21) gimbal_deg=(3.21,4.19) armor_y_px=502.8 pixel_error_deg=(0.10,-0.91) ballistic=(range=2.926m holdover=0.569m comp=10.78deg residual=-11.70deg) q_wxyz=(0.998940,0.001024,0.036545,-0.027984) cmd_deg=(3.84,-15.11) packed_pitch_deg=-15.11 control=true shoot=false
[DEBUG] armors=1, targets=1
[DEBUG] armors=1, targets=1
[DEBUG] armors=1, targets=1
[DEBUG] armors=1, targets=1
[DEBUG] armors=1, targets=1
[DEBUG] armors=1, targets=1
[DEBUG] armors=1, targets=1
[DEBUG] armors=1, targets=1
[DEBUG] armors=1, targets=1
[DEBUG] armors=1, targets=1
[DEBUG] armors=1, targets=1
[DEBUG] armors=1, targets=1
[DEBUG] armors=1, targets=1
[DEBUG] armors=1, targets=1
[DEBUG] armors=1, targets=1
[DEBUG] armors=1, targets=1
[DEBUG] armors=1, targets=1
[DEBUG] armors=1, targets=1
[DEBUG] armors=1, targets=1
[DEBUG] armors=1, targets=1
[2026-09-05 13:10:33.970] [info] [DRYRUN] measured_gimbal=(2.934,0.033,0.101) measured_world=(2.927,0.197,-0.113) tracked_world=(2.921,0.196,-0.113) target_gimbal_deg=(0.64,1.97) target_world_deg=(3.85,-2.22) gimbal_deg=(3.21,4.19) armor_y_px=502.9 pixel_error_deg=(0.10,-0.91) ballistic=(range=2.934m holdover=0.571m comp=10.79deg residual=-11.71deg) q_wxyz=(0.998940,0.001024,0.036545,-0.027984) cmd_deg=(3.84,-15.12) packed_pitch_deg=-15.12 control=true shoot=false
[DEBUG] armors=1, targets=1
[DEBUG] armors=1, targets=1
[DEBUG] armors=1, targets=1
[DEBUG] armors=1, targets=1
[DEBUG] armors=1, targets=1
[DEBUG] armors=1, targets=1
[DEBUG] armors=1, targets=1
[DEBUG] armors=1, targets=1
[DEBUG] armors=1, targets=1
[2026-09-05 13:10:34.114] [info] [SYNC][XUC] mode=0 yaw=-3.21 deg pitch=4.19 deg feeder_rpm=0.00 wheel0_rpm=0 wheel1_rpm=0 wheel_delta=0 projectile_speed=12.80
[DEBUG] armors=1, targets=1
[2026-09-05 13:10:34.130] [info] [PERF] 总耗时=16.0ms (检测=13.1ms, 跟踪=0.4ms), FPS=62.6
[2026-09-05 13:10:34.130] [info] 📊 [CAMERA FPS] 瞬时帧率=62.5fps, 平均帧率=64.5fps, 总帧数=1850, 运行时间=28.7s
[DEBUG] armors=1, targets=1
[DEBUG] armors=1, targets=1
[DEBUG] armors=1, targets=1
[DEBUG] armors=1, targets=1
[DEBUG] armors=1, targets=1
[DEBUG] armors=1, targets=1
[DEBUG] armors=1, targets=1
[DEBUG] armors=1, targets=1
[DEBUG] armors=1, targets=1
[DEBUG] armors=1, targets=1
[2026-09-05 13:10:34.285] [info] [DRYRUN] measured_gimbal=(2.909,0.032,0.101) measured_world=(2.903,0.195,-0.112) tracked_world=(2.920,0.196,-0.113) target_gimbal_deg=(0.63,1.99) target_world_deg=(3.84,-2.20) gimbal_deg=(3.21,4.19) armor_y_px=502.7 pixel_error_deg=(0.10,-0.91) ballistic=(range=2.910m holdover=0.564m comp=10.76deg residual=-11.67deg) q_wxyz=(0.998940,0.001024,0.036545,-0.027984) cmd_deg=(3.85,-15.09) packed_pitch_deg=-15.09 control=true shoot=false
[DEBUG] armors=1, targets=1
[DEBUG] armors=1, targets=1
[DEBUG] armors=1, targets=1
[DEBUG] armors=1, targets=1
[DEBUG] armors=1, targets=1
[DEBUG] armors=1, targets=1
[DEBUG] armors=1, targets=1
[DEBUG] armors=1, targets=1
[DEBUG] armors=1, targets=1
[DEBUG] armors=1, targets=1
[DEBUG] armors=1, targets=1
[DEBUG] armors=1, targets=1
[DEBUG] armors=1, targets=1
[DEBUG] armors=1, targets=1
[DEBUG] armors=1, targets=1
[DEBUG] armors=1, targets=1
[DEBUG] armors=1, targets=1
[DEBUG] armors=1, targets=1
[DEBUG] armors=1, targets=1
[DEBUG] armors=1, targets=1
[2026-09-05 13:10:34.593] [info] [DRYRUN] measured_gimbal=(2.938,0.033,0.102) measured_world=(2.931,0.197,-0.113) tracked_world=(2.919,0.196,-0.113) target_gimbal_deg=(0.63,1.98) target_world_deg=(3.84,-2.21) gimbal_deg=(3.21,4.19) armor_y_px=502.6 pixel_error_deg=(0.10,-0.92) ballistic=(range=2.938m holdover=0.572m comp=10.80deg residual=-11.72deg) q_wxyz=(0.998940,0.001024,0.036545,-0.027984) cmd_deg=(3.84,-15.12) packed_pitch_deg=-15.12 control=true shoot=false
[DEBUG] armors=1, targets=1
[DEBUG] armors=1, targets=1
[DEBUG] armors=1, targets=1
[DEBUG] armors=1, targets=1
[DEBUG] armors=1, targets=1
[DEBUG] armors=1, targets=1
[DEBUG] armors=1, targets=1
[DEBUG] armors=1, targets=1
[DEBUG] armors=1, targets=1
[DEBUG] armors=1, targets=1
[DEBUG] armors=1, targets=1
[DEBUG] armors=1, targets=1
[DEBUG] armors=1, targets=1
[DEBUG] armors=1, targets=1
[DEBUG] armors=1, targets=1
[DEBUG] armors=1, targets=1
[DEBUG] armors=1, targets=1
[DEBUG] armors=1, targets=1
[DEBUG] armors=1, targets=1
[2026-09-05 13:10:34.884] [info] [SYNC][XUC] mode=0 yaw=-3.21 deg pitch=4.19 deg feeder_rpm=0.00 wheel0_rpm=0 wheel1_rpm=0 wheel_delta=0 projectile_speed=12.80
[DEBUG] armors=1, targets=1
[2026-09-05 13:10:34.898] [info] [DRYRUN] measured_gimbal=(2.937,0.033,0.101) measured_world=(2.930,0.197,-0.113) tracked_world=(2.920,0.196,-0.113) target_gimbal_deg=(0.64,1.98) target_world_deg=(3.85,-2.21) gimbal_deg=(3.21,4.19) armor_y_px=502.7 pixel_error_deg=(0.10,-0.91) ballistic=(range=2.937m holdover=0.572m comp=10.80deg residual=-11.71deg) q_wxyz=(0.998940,0.001024,0.036545,-0.027984) cmd_deg=(3.84,-15.12) packed_pitch_deg=-15.12 control=true shoot=false
[2026-09-05 13:10:34.900] [info] [PERF] 总耗时=15.6ms (检测=12.7ms, 跟踪=0.5ms), FPS=64.3
[2026-09-05 13:10:34.900] [info] 📊 [CAMERA FPS] 瞬时帧率=64.2fps, 平均帧率=64.5fps, 总帧数=1900, 运行时间=29.5s
[DEBUG] armors=1, targets=1
[DEBUG] armors=1, targets=1
[DEBUG] armors=1, targets=1
[DEBUG] armors=1, targets=1
[DEBUG] armors=1, targets=1
[DEBUG] armors=1, targets=1
[DEBUG] armors=1, targets=1
[DEBUG] armors=1, targets=1
[DEBUG] armors=1, targets=1
[DEBUG] armors=1, targets=1
[DEBUG] armors=1, targets=1
[DEBUG] armors=1, targets=1
[DEBUG] armors=1, targets=1
[DEBUG] armors=1, targets=1
[DEBUG] armors=1, targets=1
[DEBUG] armors=1, targets=1
[DEBUG] armors=1, targets=1
[DEBUG] armors=1, targets=1
[DEBUG] armors=1, targets=1
[DEBUG] armors=1, targets=1
[2026-09-05 13:10:35.211] [info] [DRYRUN] measured_gimbal=(2.914,0.032,0.101) measured_world=(2.908,0.195,-0.112) tracked_world=(2.921,0.196,-0.113) target_gimbal_deg=(0.63,1.99) target_world_deg=(3.84,-2.20) gimbal_deg=(3.21,4.19) armor_y_px=502.7 pixel_error_deg=(0.10,-0.91) ballistic=(range=2.915m holdover=0.566m comp=10.77deg residual=-11.68deg) q_wxyz=(0.998940,0.001024,0.036545,-0.027984) cmd_deg=(3.85,-15.11) packed_pitch_deg=-15.11 control=true shoot=false
[DEBUG] armors=1, targets=1
[DEBUG] armors=1, targets=1
[DEBUG] armors=1, targets=1
[DEBUG] armors=1, targets=1
[DEBUG] armors=1, targets=1
[DEBUG] armors=1, targets=1
[DEBUG] armors=1, targets=1
[DEBUG] armors=1, targets=1
[DEBUG] armors=1, targets=1
[DEBUG] armors=1, targets=1
[DEBUG] armors=1, targets=1
[DEBUG] armors=1, targets=1
[DEBUG] armors=1, targets=1
[DEBUG] armors=1, targets=1
[DEBUG] armors=1, targets=1
[DEBUG] armors=1, targets=1
[DEBUG] armors=1, targets=1
[DEBUG] armors=1, targets=1
[DEBUG] armors=1, targets=1
[DEBUG] armors=1, targets=1
[2026-09-05 13:10:35.522] [info] [DRYRUN] measured_gimbal=(2.933,0.033,0.101) measured_world=(2.926,0.197,-0.113) tracked_world=(2.921,0.196,-0.113) target_gimbal_deg=(0.64,1.98) target_world_deg=(3.85,-2.21) gimbal_deg=(3.21,4.19) armor_y_px=502.9 pixel_error_deg=(0.10,-0.91) ballistic=(range=2.933m holdover=0.571m comp=10.79deg residual=-11.70deg) q_wxyz=(0.998940,0.001024,0.036545,-0.027984) cmd_deg=(3.84,-15.10) packed_pitch_deg=-15.10 control=true shoot=false
[DEBUG] armors=1, targets=1
[DEBUG] armors=1, targets=1
[DEBUG] armors=1, targets=1
[DEBUG] armors=1, targets=1
[DEBUG] armors=1, targets=1
[DEBUG] armors=1, targets=1
[DEBUG] armors=1, targets=1
[DEBUG] armors=1, targets=1
[DEBUG] armors=1, targets=1
[2026-09-05 13:10:35.664] [info] [SYNC][XUC] mode=0 yaw=-3.21 deg pitch=4.19 deg feeder_rpm=0.00 wheel0_rpm=0 wheel1_rpm=0 wheel_delta=0 projectile_speed=12.80
[DEBUG] armors=1, targets=1
[2026-09-05 13:10:35.679] [info] [PERF] 总耗时=15.1ms (检测=12.3ms, 跟踪=0.5ms), FPS=66.1
[2026-09-05 13:10:35.679] [info] 📊 [CAMERA FPS] 瞬时帧率=65.9fps, 平均帧率=64.5fps, 总帧数=1950, 运行时间=30.3s
[DEBUG] armors=1, targets=1
[DEBUG] armors=1, targets=1
[DEBUG] armors=1, targets=1
[DEBUG] armors=1, targets=1
[DEBUG] armors=1, targets=1
[DEBUG] armors=1, targets=1
[DEBUG] armors=1, targets=1
[DEBUG] armors=1, targets=1
[DEBUG] armors=1, targets=1
[DEBUG] armors=1, targets=1
[2026-09-05 13:10:35.834] [info] [DRYRUN] measured_gimbal=(2.934,0.033,0.101) measured_world=(2.927,0.197,-0.113) tracked_world=(2.920,0.196,-0.113) target_gimbal_deg=(0.64,1.97) target_world_deg=(3.85,-2.22) gimbal_deg=(3.21,4.19) armor_y_px=502.9 pixel_error_deg=(0.10,-0.91) ballistic=(range=2.934m holdover=0.571m comp=10.79deg residual=-11.71deg) q_wxyz=(0.998940,0.001024,0.036545,-0.027984) cmd_deg=(3.84,-15.11) packed_pitch_deg=-15.11 control=true shoot=false
[DEBUG] armors=1, targets=1
[DEBUG] armors=1, targets=1
[DEBUG] armors=1, targets=1
[DEBUG] armors=1, targets=1
[DEBUG] armors=1, targets=1
[DEBUG] armors=1, targets=1
[DEBUG] armors=1, targets=1
[DEBUG] armors=1, targets=1
[DEBUG] armors=1, targets=1
[DEBUG] armors=1, targets=1
[DEBUG] armors=1, targets=1
[DEBUG] armors=1, targets=1
[DEBUG] armors=1, targets=1
[DEBUG] armors=1, targets=1
[DEBUG] armors=1, targets=1
[DEBUG] armors=1, targets=1
[DEBUG] armors=1, targets=1
[DEBUG] armors=1, targets=1
[DEBUG] armors=1, targets=1
[DEBUG] armors=1, targets=1
[2026-09-05 13:10:36.144] [info] [DRYRUN] measured_gimbal=(2.934,0.033,0.101) measured_world=(2.927,0.197,-0.113) tracked_world=(2.920,0.196,-0.113) target_gimbal_deg=(0.64,1.98) target_world_deg=(3.84,-2.21) gimbal_deg=(3.21,4.19) armor_y_px=502.7 pixel_error_deg=(0.10,-0.91) ballistic=(range=2.934m holdover=0.571m comp=10.80deg residual=-11.71deg) q_wxyz=(0.998940,0.001024,0.036545,-0.027984) cmd_deg=(3.85,-15.12) packed_pitch_deg=-15.12 control=true shoot=false
[DEBUG] armors=1, targets=1
[DEBUG] armors=1, targets=1
[DEBUG] armors=1, targets=1
[DEBUG] armors=1, targets=1
[DEBUG] armors=1, targets=1
[DEBUG] armors=1, targets=1
[DEBUG] armors=1, targets=1
[DEBUG] armors=1, targets=1
[DEBUG] armors=1, targets=1
[DEBUG] armors=1, targets=1
[DEBUG] armors=1, targets=1
[DEBUG] armors=1, targets=1
[DEBUG] armors=1, targets=1
[DEBUG] armors=1, targets=1
[DEBUG] armors=1, targets=1
[DEBUG] armors=1, targets=1
[DEBUG] armors=1, targets=1
[DEBUG] armors=1, targets=1
[DEBUG] armors=1, targets=1
[2026-09-05 13:10:36.442] [info] [SYNC][XUC] mode=0 yaw=-3.21 deg pitch=4.19 deg feeder_rpm=0.00 wheel0_rpm=0 wheel1_rpm=0 wheel_delta=0 projectile_speed=12.80
[DEBUG] armors=1, targets=1
[2026-09-05 13:10:36.455] [info] [DRYRUN] measured_gimbal=(2.929,0.032,0.101) measured_world=(2.922,0.196,-0.113) tracked_world=(2.918,0.196,-0.113) target_gimbal_deg=(0.64,1.97) target_world_deg=(3.84,-2.22) gimbal_deg=(3.21,4.19) armor_y_px=503.0 pixel_error_deg=(0.10,-0.91) ballistic=(range=2.929m holdover=0.569m comp=10.79deg residual=-11.70deg) q_wxyz=(0.998940,0.001024,0.036545,-0.027984) cmd_deg=(3.84,-15.11) packed_pitch_deg=-15.11 control=true shoot=false
[2026-09-05 13:10:36.457] [info] [PERF] 总耗时=15.4ms (检测=12.5ms, 跟踪=0.4ms), FPS=65.0
[2026-09-05 13:10:36.457] [info] 📊 [CAMERA FPS] 瞬时帧率=64.8fps, 平均帧率=64.5fps, 总帧数=2000, 运行时间=31.0s
[DEBUG] armors=1, targets=1
[DEBUG] armors=1, targets=1
[DEBUG] armors=1, targets=1
[DEBUG] armors=1, targets=1
[DEBUG] armors=1, targets=1
[DEBUG] armors=1, targets=1
[DEBUG] armors=1, targets=1
[DEBUG] armors=1, targets=1
[DEBUG] armors=1, targets=1
[DEBUG] armors=1, targets=1
[DEBUG] armors=1, targets=1
[DEBUG] armors=1, targets=1
[DEBUG] armors=1, targets=1
[DEBUG] armors=1, targets=1
[DEBUG] armors=1, targets=1
[DEBUG] armors=1, targets=1
[DEBUG] armors=1, targets=1
[DEBUG] armors=1, targets=1
[DEBUG] armors=1, targets=1
[DEBUG] armors=1, targets=1
[2026-09-05 13:10:36.769] [info] [DRYRUN] measured_gimbal=(2.930,0.033,0.101) measured_world=(2.924,0.197,-0.113) tracked_world=(2.920,0.196,-0.113) target_gimbal_deg=(0.64,1.98) target_world_deg=(3.85,-2.21) gimbal_deg=(3.21,4.19) armor_y_px=502.9 pixel_error_deg=(0.10,-0.91) ballistic=(range=2.931m holdover=0.570m comp=10.79deg residual=-11.70deg) q_wxyz=(0.998940,0.001024,0.036545,-0.027984) cmd_deg=(3.84,-15.12) packed_pitch_deg=-15.12 control=true shoot=false
[DEBUG] armors=1, targets=1
[DEBUG] armors=1, targets=1
[DEBUG] armors=1, targets=1
[DEBUG] armors=1, targets=1
[DEBUG] armors=1, targets=1
[DEBUG] armors=1, targets=1
[DEBUG] armors=1, targets=1
[DEBUG] armors=1, targets=1
[DEBUG] armors=1, targets=1
[DEBUG] armors=1, targets=1
[DEBUG] armors=1, targets=1
[DEBUG] armors=1, targets=1
[DEBUG] armors=1, targets=1
[DEBUG] armors=1, targets=1
[DEBUG] armors=1, targets=1
[DEBUG] armors=1, targets=1
[DEBUG] armors=1, targets=1
[DEBUG] armors=1, targets=1
[DEBUG] armors=1, targets=1
[DEBUG] armors=1, targets=1
[2026-09-05 13:10:37.075] [info] [DRYRUN] measured_gimbal=(2.915,0.032,0.101) measured_world=(2.908,0.195,-0.112) tracked_world=(2.920,0.196,-0.113) target_gimbal_deg=(0.63,1.99) target_world_deg=(3.84,-2.20) gimbal_deg=(3.21,4.19) armor_y_px=502.8 pixel_error_deg=(0.10,-0.91) ballistic=(range=2.915m holdover=0.566m comp=10.77deg residual=-11.68deg) q_wxyz=(0.998940,0.001024,0.036545,-0.027984) cmd_deg=(3.85,-15.09) packed_pitch_deg=-15.09 control=true shoot=false
[DEBUG] armors=1, targets=1
[DEBUG] armors=1, targets=1
[DEBUG] armors=1, targets=1
[DEBUG] armors=1, targets=1
[DEBUG] armors=1, targets=1
[DEBUG] armors=1, targets=1
[DEBUG] armors=1, targets=1
[DEBUG] armors=1, targets=1
[DEBUG] armors=1, targets=1
[2026-09-05 13:10:37.215] [info] [SYNC][XUC] mode=0 yaw=-3.21 deg pitch=4.19 deg feeder_rpm=-4.00 wheel0_rpm=0 wheel1_rpm=0 wheel_delta=0 projectile_speed=12.80
[DEBUG] armors=1, targets=1
[2026-09-05 13:10:37.232] [info] [PERF] 总耗时=16.6ms (检测=13.2ms, 跟踪=0.5ms), FPS=60.1
[2026-09-05 13:10:37.232] [info] 📊 [CAMERA FPS] 瞬时帧率=60.0fps, 平均帧率=64.5fps, 总帧数=2050, 运行时间=31.8s
[DEBUG] armors=1, targets=1
[DEBUG] armors=1, targets=1
[DEBUG] armors=1, targets=1
[DEBUG] armors=1, targets=1
[DEBUG] armors=1, targets=1
[DEBUG] armors=1, targets=1
[DEBUG] armors=1, targets=1
[DEBUG] armors=1, targets=1
[DEBUG] armors=1, targets=1
[DEBUG] armors=1, targets=1
[2026-09-05 13:10:37.382] [info] [DRYRUN] measured_gimbal=(2.921,0.032,0.101) measured_world=(2.915,0.196,-0.113) tracked_world=(2.920,0.196,-0.113) target_gimbal_deg=(0.63,1.98) target_world_deg=(3.84,-2.21) gimbal_deg=(3.21,4.19) armor_y_px=502.9 pixel_error_deg=(0.10,-0.91) ballistic=(range=2.922m holdover=0.568m comp=10.78deg residual=-11.69deg) q_wxyz=(0.998940,0.001024,0.036545,-0.027984) cmd_deg=(3.85,-15.09) packed_pitch_deg=-15.09 control=true shoot=false
[DEBUG] armors=1, targets=1
[DEBUG] armors=1, targets=1
[DEBUG] armors=1, targets=1
[DEBUG] armors=1, targets=1
[DEBUG] armors=1, targets=1
[DEBUG] armors=1, targets=1
[DEBUG] armors=1, targets=1
[DEBUG] armors=1, targets=1
[DEBUG] armors=1, targets=1
[DEBUG] armors=1, targets=1
[DEBUG] armors=1, targets=1
[DEBUG] armors=1, targets=1
[DEBUG] armors=1, targets=1
[DEBUG] armors=1, targets=1
[DEBUG] armors=1, targets=1
[DEBUG] armors=1, targets=1
[DEBUG] armors=1, targets=1
[DEBUG] armors=1, targets=1
[DEBUG] armors=1, targets=1
[DEBUG] armors=1, targets=1
[2026-09-05 13:10:37.698] [info] [DRYRUN] measured_gimbal=(2.932,0.033,0.101) measured_world=(2.925,0.197,-0.113) tracked_world=(2.921,0.196,-0.113) target_gimbal_deg=(0.64,1.98) target_world_deg=(3.85,-2.21) gimbal_deg=(3.21,4.19) armor_y_px=502.9 pixel_error_deg=(0.10,-0.91) ballistic=(range=2.932m holdover=0.570m comp=10.79deg residual=-11.70deg) q_wxyz=(0.998940,0.001024,0.036545,-0.027984) cmd_deg=(3.85,-15.12) packed_pitch_deg=-15.12 control=true shoot=false
[DEBUG] armors=1, targets=1
[DEBUG] armors=1, targets=1
[DEBUG] armors=1, targets=1
[DEBUG] armors=1, targets=1
[DEBUG] armors=1, targets=1
[DEBUG] armors=1, targets=1
[DEBUG] armors=1, targets=1
[DEBUG] armors=1, targets=1
[DEBUG] armors=1, targets=1
[DEBUG] armors=1, targets=1
[DEBUG] armors=1, targets=1
[DEBUG] armors=1, targets=1
[DEBUG] armors=1, targets=1
[DEBUG] armors=1, targets=1
[DEBUG] armors=1, targets=1
[DEBUG] armors=1, targets=1
[DEBUG] armors=1, targets=1
[DEBUG] armors=1, targets=1
[DEBUG] armors=1, targets=1
[2026-09-05 13:10:37.995] [info] [SYNC][XUC] mode=0 yaw=-3.21 deg pitch=4.19 deg feeder_rpm=0.00 wheel0_rpm=0 wheel1_rpm=0 wheel_delta=0 projectile_speed=12.80
[DEBUG] armors=1, targets=1
[2026-09-05 13:10:38.008] [info] [DRYRUN] measured_gimbal=(2.925,0.033,0.101) measured_world=(2.918,0.196,-0.113) tracked_world=(2.920,0.196,-0.113) target_gimbal_deg=(0.64,1.98) target_world_deg=(3.85,-2.21) gimbal_deg=(3.21,4.19) armor_y_px=502.8 pixel_error_deg=(0.10,-0.91) ballistic=(range=2.925m holdover=0.569m comp=10.78deg residual=-11.70deg) q_wxyz=(0.998940,0.001024,0.036545,-0.027984) cmd_deg=(3.84,-15.11) packed_pitch_deg=-15.11 control=true shoot=false
[2026-09-05 13:10:38.010] [info] [PERF] 总耗时=15.3ms (检测=12.4ms, 跟踪=0.5ms), FPS=65.4
[2026-09-05 13:10:38.010] [info] 📊 [CAMERA FPS] 瞬时帧率=65.2fps, 平均帧率=64.5fps, 总帧数=2100, 运行时间=32.6s
[DEBUG] armors=1, targets=1
[DEBUG] armors=1, targets=1
[DEBUG] armors=1, targets=1
[DEBUG] armors=1, targets=1
[DEBUG] armors=1, targets=1
[DEBUG] armors=1, targets=1
[DEBUG] armors=1, targets=1
[DEBUG] armors=1, targets=1
[DEBUG] armors=1, targets=1
[DEBUG] armors=1, targets=1
[DEBUG] armors=1, targets=1
[DEBUG] armors=1, targets=1
[DEBUG] armors=1, targets=1
[DEBUG] armors=1, targets=1
[DEBUG] armors=1, targets=1
[DEBUG] armors=1, targets=1
[DEBUG] armors=1, targets=1
[DEBUG] armors=1, targets=1
[DEBUG] armors=1, targets=1
[DEBUG] armors=1, targets=1
[2026-09-05 13:10:38.316] [info] [DRYRUN] measured_gimbal=(2.917,0.032,0.101) measured_world=(2.910,0.195,-0.112) tracked_world=(2.920,0.196,-0.113) target_gimbal_deg=(0.63,1.99) target_world_deg=(3.84,-2.20) gimbal_deg=(3.21,4.19) armor_y_px=502.7 pixel_error_deg=(0.10,-0.91) ballistic=(range=2.917m holdover=0.566m comp=10.77deg residual=-11.69deg) q_wxyz=(0.998940,0.001024,0.036545,-0.027984) cmd_deg=(3.85,-15.10) packed_pitch_deg=-15.10 control=true shoot=false
[DEBUG] armors=1, targets=1
[DEBUG] armors=1, targets=1
[DEBUG] armors=1, targets=1
[DEBUG] armors=1, targets=1
[DEBUG] armors=1, targets=1
[DEBUG] armors=1, targets=1
[DEBUG] armors=1, targets=1
[DEBUG] armors=1, targets=1
[DEBUG] armors=1, targets=1
[DEBUG] armors=1, targets=1
[DEBUG] armors=1, targets=1
[DEBUG] armors=1, targets=1
[DEBUG] armors=1, targets=1
[DEBUG] armors=1, targets=1
[DEBUG] armors=1, targets=1
[DEBUG] armors=1, targets=1
[DEBUG] armors=1, targets=1
[DEBUG] armors=1, targets=1
[DEBUG] armors=1, targets=1
[DEBUG] armors=1, targets=1
[2026-09-05 13:10:38.624] [info] [DRYRUN] measured_gimbal=(2.933,0.033,0.101) measured_world=(2.926,0.197,-0.113) tracked_world=(2.921,0.196,-0.113) target_gimbal_deg=(0.64,1.98) target_world_deg=(3.84,-2.21) gimbal_deg=(3.21,4.19) armor_y_px=502.7 pixel_error_deg=(0.10,-0.91) ballistic=(range=2.933m holdover=0.571m comp=10.79deg residual=-11.71deg) q_wxyz=(0.998940,0.001024,0.036545,-0.027984) cmd_deg=(3.85,-15.12) packed_pitch_deg=-15.12 control=true shoot=false
[DEBUG] armors=1, targets=1
[DEBUG] armors=1, targets=1
[DEBUG] armors=1, targets=1
[DEBUG] armors=1, targets=1
[DEBUG] armors=1, targets=1
[DEBUG] armors=1, targets=1
[DEBUG] armors=1, targets=1
[DEBUG] armors=1, targets=1
[DEBUG] armors=1, targets=1
[2026-09-05 13:10:38.772] [info] [SYNC][XUC] mode=0 yaw=-3.21 deg pitch=4.19 deg feeder_rpm=0.00 wheel0_rpm=0 wheel1_rpm=0 wheel_delta=0 projectile_speed=12.80
[DEBUG] armors=1, targets=1
[2026-09-05 13:10:38.787] [info] [PERF] 总耗时=15.2ms (检测=12.6ms, 跟踪=0.5ms), FPS=65.7
[2026-09-05 13:10:38.787] [info] 📊 [CAMERA FPS] 瞬时帧率=65.6fps, 平均帧率=64.5fps, 总帧数=2150, 运行时间=33.4s
[DEBUG] armors=1, targets=1
[DEBUG] armors=1, targets=1
[DEBUG] armors=1, targets=1
[DEBUG] armors=1, targets=1
[DEBUG] armors=1, targets=1
[DEBUG] armors=1, targets=1
[DEBUG] armors=1, targets=1
[DEBUG] armors=1, targets=1
[DEBUG] armors=1, targets=1
[DEBUG] armors=1, targets=1
[2026-09-05 13:10:38.938] [info] [DRYRUN] measured_gimbal=(2.925,0.033,0.101) measured_world=(2.918,0.196,-0.113) tracked_world=(2.922,0.196,-0.113) target_gimbal_deg=(0.64,1.98) target_world_deg=(3.85,-2.21) gimbal_deg=(3.21,4.19) armor_y_px=502.8 pixel_error_deg=(0.10,-0.91) ballistic=(range=2.925m holdover=0.569m comp=10.78deg residual=-11.70deg) q_wxyz=(0.998940,0.001024,0.036545,-0.027984) cmd_deg=(3.85,-15.11) packed_pitch_deg=-15.11 control=true shoot=false
[DEBUG] armors=1, targets=1
[DEBUG] armors=1, targets=1
[DEBUG] armors=1, targets=1
[DEBUG] armors=1, targets=1
[DEBUG] armors=1, targets=1
[DEBUG] armors=1, targets=1
[DEBUG] armors=1, targets=1
[DEBUG] armors=1, targets=1
[DEBUG] armors=1, targets=1
[DEBUG] armors=1, targets=1
[DEBUG] armors=1, targets=1
[DEBUG] armors=1, targets=1
[DEBUG] armors=1, targets=1
[DEBUG] armors=1, targets=1
[DEBUG] armors=1, targets=1
[DEBUG] armors=1, targets=1
[DEBUG] armors=1, targets=1
[DEBUG] armors=1, targets=1
[DEBUG] armors=1, targets=1
[DEBUG] armors=1, targets=1
[2026-09-05 13:10:39.244] [info] [DRYRUN] measured_gimbal=(2.926,0.032,0.101) measured_world=(2.919,0.196,-0.113) tracked_world=(2.921,0.196,-0.113) target_gimbal_deg=(0.64,1.98) target_world_deg=(3.84,-2.21) gimbal_deg=(3.21,4.19) armor_y_px=502.8 pixel_error_deg=(0.10,-0.91) ballistic=(range=2.926m holdover=0.569m comp=10.78deg residual=-11.70deg) q_wxyz=(0.998940,0.001024,0.036545,-0.027984) cmd_deg=(3.85,-15.11) packed_pitch_deg=-15.11 control=true shoot=false
[DEBUG] armors=1, targets=1
[DEBUG] armors=1, targets=1
[DEBUG] armors=1, targets=1
[DEBUG] armors=1, targets=1
[DEBUG] armors=1, targets=1
[DEBUG] armors=1, targets=1
[DEBUG] armors=1, targets=1
[DEBUG] armors=1, targets=1
[DEBUG] armors=1, targets=1
[DEBUG] armors=1, targets=1
[DEBUG] armors=1, targets=1
[DEBUG] armors=1, targets=1
[DEBUG] armors=1, targets=1
[DEBUG] armors=1, targets=1
[DEBUG] armors=1, targets=1
[DEBUG] armors=1, targets=1
[DEBUG] armors=1, targets=1
[DEBUG] armors=1, targets=1
[DEBUG] armors=1, targets=1
[2026-09-05 13:10:39.547] [info] [SYNC][XUC] mode=0 yaw=-3.21 deg pitch=4.19 deg feeder_rpm=0.00 wheel0_rpm=0 wheel1_rpm=0 wheel_delta=0 projectile_speed=12.80
[DEBUG] armors=1, targets=1
[2026-09-05 13:10:39.560] [info] [DRYRUN] measured_gimbal=(2.933,0.033,0.101) measured_world=(2.926,0.197,-0.113) tracked_world=(2.920,0.196,-0.113) target_gimbal_deg=(0.64,1.98) target_world_deg=(3.84,-2.21) gimbal_deg=(3.21,4.19) armor_y_px=502.7 pixel_error_deg=(0.10,-0.91) ballistic=(range=2.933m holdover=0.571m comp=10.79deg residual=-11.71deg) q_wxyz=(0.998940,0.001024,0.036545,-0.027984) cmd_deg=(3.84,-15.11) packed_pitch_deg=-15.11 control=true shoot=false
[2026-09-05 13:10:39.562] [info] [PERF] 总耗时=15.5ms (检测=12.7ms, 跟踪=0.5ms), FPS=64.4
[2026-09-05 13:10:39.562] [info] 📊 [CAMERA FPS] 瞬时帧率=64.3fps, 平均帧率=64.5fps, 总帧数=2200, 运行时间=34.1s
[DEBUG] armors=1, targets=1
[DEBUG] armors=1, targets=1
[DEBUG] armors=1, targets=1
[DEBUG] armors=1, targets=1
[DEBUG] armors=1, targets=1
[DEBUG] armors=1, targets=1
[DEBUG] armors=1, targets=1
[DEBUG] armors=1, targets=1
[DEBUG] armors=1, targets=1
[DEBUG] armors=1, targets=1
[DEBUG] armors=1, targets=1
[DEBUG] armors=1, targets=1
[DEBUG] armors=1, targets=1
[DEBUG] armors=1, targets=1
[DEBUG] armors=1, targets=1
[DEBUG] armors=1, targets=1
[DEBUG] armors=1, targets=1
[DEBUG] armors=1, targets=1
[DEBUG] armors=1, targets=1
[DEBUG] armors=1, targets=1
[2026-09-05 13:10:39.868] [info] [DRYRUN] measured_gimbal=(2.933,0.033,0.101) measured_world=(2.926,0.197,-0.113) tracked_world=(2.919,0.196,-0.113) target_gimbal_deg=(0.64,1.98) target_world_deg=(3.85,-2.21) gimbal_deg=(3.21,4.19) armor_y_px=502.9 pixel_error_deg=(0.10,-0.91) ballistic=(range=2.933m holdover=0.571m comp=10.79deg residual=-11.70deg) q_wxyz=(0.998940,0.001024,0.036545,-0.027984) cmd_deg=(3.84,-15.11) packed_pitch_deg=-15.11 control=true shoot=false
[DEBUG] armors=1, targets=1
[DEBUG] armors=1, targets=1
[DEBUG] armors=1, targets=1
[DEBUG] armors=1, targets=1
[DEBUG] armors=1, targets=1
[DEBUG] armors=1, targets=1
[DEBUG] armors=1, targets=1
[DEBUG] armors=1, targets=1
[DEBUG] armors=1, targets=1
[DEBUG] armors=1, targets=1
[DEBUG] armors=1, targets=1
[DEBUG] armors=1, targets=1
[DEBUG] armors=1, targets=1
[DEBUG] armors=1, targets=1
[DEBUG] armors=1, targets=1
[DEBUG] armors=1, targets=1
[DEBUG] armors=1, targets=1
[DEBUG] armors=1, targets=1
[DEBUG] armors=1, targets=1
[DEBUG] armors=1, targets=1
[2026-09-05 13:10:40.173] [info] [DRYRUN] measured_gimbal=(2.906,0.032,0.101) measured_world=(2.899,0.195,-0.112) tracked_world=(2.920,0.196,-0.113) target_gimbal_deg=(0.63,1.99) target_world_deg=(3.84,-2.20) gimbal_deg=(3.21,4.19) armor_y_px=502.9 pixel_error_deg=(0.10,-0.91) ballistic=(range=2.906m holdover=0.563m comp=10.75deg residual=-11.67deg) q_wxyz=(0.998940,0.001024,0.036545,-0.027984) cmd_deg=(3.85,-15.10) packed_pitch_deg=-15.10 control=true shoot=false
[DEBUG] armors=1, targets=1
[DEBUG] armors=1, targets=1
[DEBUG] armors=1, targets=1
[DEBUG] armors=1, targets=1
[DEBUG] armors=1, targets=1
[DEBUG] armors=1, targets=1
[DEBUG] armors=1, targets=1
[DEBUG] armors=1, targets=1
[DEBUG] armors=1, targets=1
[2026-09-05 13:10:40.316] [info] [SYNC][XUC] mode=0 yaw=-3.21 deg pitch=4.19 deg feeder_rpm=0.00 wheel0_rpm=0 wheel1_rpm=0 wheel_delta=0 projectile_speed=12.80
[DEBUG] armors=1, targets=1
[2026-09-05 13:10:40.331] [info] [PERF] 总耗时=15.0ms (检测=12.4ms, 跟踪=0.5ms), FPS=66.8
[2026-09-05 13:10:40.331] [info] 📊 [CAMERA FPS] 瞬时帧率=66.7fps, 平均帧率=64.5fps, 总帧数=2250, 运行时间=34.9s
[DEBUG] armors=1, targets=1
[DEBUG] armors=1, targets=1
[DEBUG] armors=1, targets=1
[DEBUG] armors=1, targets=1
[DEBUG] armors=1, targets=1
[DEBUG] armors=1, targets=1
[DEBUG] armors=1, targets=1
[DEBUG] armors=1, targets=1
[DEBUG] armors=1, targets=1
[DEBUG] armors=1, targets=1
[2026-09-05 13:10:40.484] [info] [DRYRUN] measured_gimbal=(2.934,0.033,0.101) measured_world=(2.927,0.197,-0.113) tracked_world=(2.920,0.196,-0.113) target_gimbal_deg=(0.64,1.98) target_world_deg=(3.84,-2.21) gimbal_deg=(3.21,4.19) armor_y_px=502.7 pixel_error_deg=(0.10,-0.91) ballistic=(range=2.934m holdover=0.571m comp=10.80deg residual=-11.71deg) q_wxyz=(0.998940,0.001024,0.036545,-0.027984) cmd_deg=(3.84,-15.11) packed_pitch_deg=-15.11 control=true shoot=false
[DEBUG] armors=1, targets=1
[DEBUG] armors=1, targets=1
[DEBUG] armors=1, targets=1
[DEBUG] armors=1, targets=1
[DEBUG] armors=1, targets=1
[DEBUG] armors=1, targets=1
[DEBUG] armors=1, targets=1
[DEBUG] armors=1, targets=1
[DEBUG] armors=1, targets=1
[DEBUG] armors=1, targets=1
[DEBUG] armors=1, targets=1
[DEBUG] armors=1, targets=1
[DEBUG] armors=1, targets=1
[DEBUG] armors=1, targets=1
[DEBUG] armors=1, targets=1
[DEBUG] armors=1, targets=1
[DEBUG] armors=1, targets=1
[DEBUG] armors=1, targets=1
[DEBUG] armors=1, targets=1
[DEBUG] armors=1, targets=1
[2026-09-05 13:10:40.796] [info] [DRYRUN] measured_gimbal=(2.934,0.033,0.102) measured_world=(2.927,0.197,-0.113) tracked_world=(2.917,0.196,-0.113) target_gimbal_deg=(0.64,1.98) target_world_deg=(3.85,-2.21) gimbal_deg=(3.21,4.19) armor_y_px=502.5 pixel_error_deg=(0.10,-0.92) ballistic=(range=2.934m holdover=0.571m comp=10.80deg residual=-11.72deg) q_wxyz=(0.998940,0.001024,0.036545,-0.027984) cmd_deg=(3.84,-15.12) packed_pitch_deg=-15.12 control=true shoot=false
[DEBUG] armors=1, targets=1
[DEBUG] armors=1, targets=1
[DEBUG] armors=1, targets=1
[DEBUG] armors=1, targets=1
[DEBUG] armors=1, targets=1
[DEBUG] armors=1, targets=1
[DEBUG] armors=1, targets=1
[DEBUG] armors=1, targets=1
[DEBUG] armors=1, targets=1
[DEBUG] armors=1, targets=1
[DEBUG] armors=1, targets=1
[DEBUG] armors=1, targets=1
[DEBUG] armors=1, targets=1
[DEBUG] armors=1, targets=1
[DEBUG] armors=1, targets=1
[DEBUG] armors=1, targets=1
[DEBUG] armors=1, targets=1
[DEBUG] armors=1, targets=1
[DEBUG] armors=1, targets=1
[2026-09-05 13:10:41.092] [info] [SYNC][XUC] mode=0 yaw=-3.21 deg pitch=4.19 deg feeder_rpm=0.00 wheel0_rpm=0 wheel1_rpm=0 wheel_delta=0 projectile_speed=12.80
[DEBUG] armors=1, targets=1
[2026-09-05 13:10:41.105] [info] [DRYRUN] measured_gimbal=(2.919,0.032,0.101) measured_world=(2.912,0.196,-0.112) tracked_world=(2.918,0.196,-0.113) target_gimbal_deg=(0.63,1.98) target_world_deg=(3.84,-2.21) gimbal_deg=(3.21,4.19) armor_y_px=502.8 pixel_error_deg=(0.10,-0.91) ballistic=(range=2.919m holdover=0.567m comp=10.77deg residual=-11.69deg) q_wxyz=(0.998940,0.001024,0.036545,-0.027984) cmd_deg=(3.85,-15.10) packed_pitch_deg=-15.10 control=true shoot=false
[2026-09-05 13:10:41.107] [info] [PERF] 总耗时=14.9ms (检测=12.2ms, 跟踪=0.5ms), FPS=67.0
[2026-09-05 13:10:41.107] [info] 📊 [CAMERA FPS] 瞬时帧率=66.9fps, 平均帧率=64.5fps, 总帧数=2300, 运行时间=35.7s
[DEBUG] armors=1, targets=1
[DEBUG] armors=1, targets=1
[DEBUG] armors=1, targets=1
[DEBUG] armors=1, targets=1
[DEBUG] armors=1, targets=1
[DEBUG] armors=1, targets=1
[DEBUG] armors=1, targets=1
[DEBUG] armors=1, targets=1
[DEBUG] armors=1, targets=1
[DEBUG] armors=1, targets=1
[DEBUG] armors=1, targets=1
[DEBUG] armors=1, targets=1
[DEBUG] armors=1, targets=1
[DEBUG] armors=1, targets=1
[DEBUG] armors=1, targets=1
[DEBUG] armors=1, targets=1
[DEBUG] armors=1, targets=1
[DEBUG] armors=1, targets=1
[DEBUG] armors=1, targets=1
[DEBUG] armors=1, targets=1
[2026-09-05 13:10:41.413] [info] [DRYRUN] measured_gimbal=(2.934,0.033,0.101) measured_world=(2.927,0.197,-0.113) tracked_world=(2.919,0.196,-0.113) target_gimbal_deg=(0.64,1.98) target_world_deg=(3.84,-2.21) gimbal_deg=(3.21,4.19) armor_y_px=502.7 pixel_error_deg=(0.10,-0.91) ballistic=(range=2.934m holdover=0.571m comp=10.80deg residual=-11.71deg) q_wxyz=(0.998940,0.001024,0.036545,-0.027984) cmd_deg=(3.85,-15.12) packed_pitch_deg=-15.12 control=true shoot=false
[DEBUG] armors=1, targets=1
[DEBUG] armors=1, targets=1
[DEBUG] armors=1, targets=1
[DEBUG] armors=1, targets=1
[DEBUG] armors=1, targets=1
[DEBUG] armors=1, targets=1
[DEBUG] armors=1, targets=1
[DEBUG] armors=1, targets=1
[DEBUG] armors=1, targets=1
[DEBUG] armors=1, targets=1
[DEBUG] armors=1, targets=1
[DEBUG] armors=1, targets=1
[DEBUG] armors=1, targets=1
[DEBUG] armors=1, targets=1
[DEBUG] armors=1, targets=1
[DEBUG] armors=1, targets=1
[DEBUG] armors=1, targets=1
[DEBUG] armors=1, targets=1
[DEBUG] armors=1, targets=1
[DEBUG] armors=1, targets=1
[2026-09-05 13:10:41.727] [info] [DRYRUN] measured_gimbal=(2.907,0.032,0.101) measured_world=(2.900,0.195,-0.112) tracked_world=(2.918,0.196,-0.113) target_gimbal_deg=(0.63,1.99) target_world_deg=(3.84,-2.20) gimbal_deg=(3.21,4.19) armor_y_px=502.8 pixel_error_deg=(0.10,-0.91) ballistic=(range=2.907m holdover=0.564m comp=10.76deg residual=-11.67deg) q_wxyz=(0.998940,0.001024,0.036545,-0.027984) cmd_deg=(3.85,-15.10) packed_pitch_deg=-15.10 control=true shoot=false
[DEBUG] armors=1, targets=1
[DEBUG] armors=1, targets=1
[DEBUG] armors=1, targets=1
[DEBUG] armors=1, targets=1
[DEBUG] armors=1, targets=1
[DEBUG] armors=1, targets=1
[DEBUG] armors=1, targets=1
[DEBUG] armors=1, targets=1
[DEBUG] armors=1, targets=1
[2026-09-05 13:10:41.870] [info] [SYNC][XUC] mode=0 yaw=-3.21 deg pitch=4.19 deg feeder_rpm=0.00 wheel0_rpm=0 wheel1_rpm=0 wheel_delta=0 projectile_speed=12.80
[DEBUG] armors=1, targets=1
[2026-09-05 13:10:41.886] [info] [PERF] 总耗时=15.8ms (检测=12.7ms, 跟踪=0.5ms), FPS=63.5
[2026-09-05 13:10:41.886] [info] 📊 [CAMERA FPS] 瞬时帧率=63.3fps, 平均帧率=64.5fps, 总帧数=2350, 运行时间=36.5s
[DEBUG] armors=1, targets=1
[DEBUG] armors=1, targets=1
[DEBUG] armors=1, targets=1
[DEBUG] armors=1, targets=1
[DEBUG] armors=1, targets=1
[DEBUG] armors=1, targets=1
[DEBUG] armors=1, targets=1
[DEBUG] armors=1, targets=1
[DEBUG] armors=1, targets=1
[DEBUG] armors=1, targets=1
[2026-09-05 13:10:42.041] [info] [DRYRUN] measured_gimbal=(2.917,0.032,0.101) measured_world=(2.910,0.195,-0.112) tracked_world=(2.920,0.196,-0.113) target_gimbal_deg=(0.63,1.99) target_world_deg=(3.84,-2.20) gimbal_deg=(3.21,4.19) armor_y_px=502.7 pixel_error_deg=(0.10,-0.91) ballistic=(range=2.917m holdover=0.566m comp=10.77deg residual=-11.69deg) q_wxyz=(0.998940,0.001024,0.036545,-0.027984) cmd_deg=(3.85,-15.10) packed_pitch_deg=-15.10 control=true shoot=false
[DEBUG] armors=1, targets=1
[DEBUG] armors=1, targets=1
[DEBUG] armors=1, targets=1
[DEBUG] armors=1, targets=1
[DEBUG] armors=1, targets=1
[DEBUG] armors=1, targets=1
[DEBUG] armors=1, targets=1
[DEBUG] armors=1, targets=1
[DEBUG] armors=1, targets=1
[DEBUG] armors=1, targets=1
[DEBUG] armors=1, targets=1
[DEBUG] armors=1, targets=1
[DEBUG] armors=1, targets=1
[DEBUG] armors=1, targets=1
[DEBUG] armors=1, targets=1
[DEBUG] armors=1, targets=1
[DEBUG] armors=1, targets=1
[DEBUG] armors=1, targets=1
[DEBUG] armors=1, targets=1
[DEBUG] armors=1, targets=1
[2026-09-05 13:10:42.356] [info] [DRYRUN] measured_gimbal=(2.935,0.033,0.101) measured_world=(2.928,0.197,-0.113) tracked_world=(2.920,0.196,-0.113) target_gimbal_deg=(0.64,1.98) target_world_deg=(3.84,-2.21) gimbal_deg=(3.21,4.19) armor_y_px=502.8 pixel_error_deg=(0.10,-0.91) ballistic=(range=2.935m holdover=0.571m comp=10.80deg residual=-11.71deg) q_wxyz=(0.998940,0.001024,0.036545,-0.027984) cmd_deg=(3.84,-15.12) packed_pitch_deg=-15.12 control=true shoot=false
[DEBUG] armors=1, targets=1
[DEBUG] armors=1, targets=1
[DEBUG] armors=1, targets=1
[DEBUG] armors=1, targets=1
[DEBUG] armors=1, targets=1
[DEBUG] armors=1, targets=1
[DEBUG] armors=1, targets=1
[DEBUG] armors=1, targets=1
[DEBUG] armors=1, targets=1
[DEBUG] armors=1, targets=1
[DEBUG] armors=1, targets=1
[DEBUG] armors=1, targets=1
[DEBUG] armors=1, targets=1
[DEBUG] armors=1, targets=1
[DEBUG] armors=1, targets=1
[DEBUG] armors=1, targets=1
[DEBUG] armors=1, targets=1
[DEBUG] armors=1, targets=1
[DEBUG] armors=1, targets=1
[2026-09-05 13:10:42.656] [info] [SYNC][XUC] mode=0 yaw=-3.21 deg pitch=4.19 deg feeder_rpm=0.00 wheel0_rpm=0 wheel1_rpm=0 wheel_delta=0 projectile_speed=12.80
[DEBUG] armors=1, targets=1
[2026-09-05 13:10:42.669] [info] [DRYRUN] measured_gimbal=(2.922,0.032,0.101) measured_world=(2.915,0.196,-0.113) tracked_world=(2.921,0.196,-0.113) target_gimbal_deg=(0.64,1.98) target_world_deg=(3.84,-2.21) gimbal_deg=(3.21,4.19) armor_y_px=502.8 pixel_error_deg=(0.10,-0.91) ballistic=(range=2.922m holdover=0.568m comp=10.78deg residual=-11.69deg) q_wxyz=(0.998940,0.001024,0.036545,-0.027984) cmd_deg=(3.85,-15.11) packed_pitch_deg=-15.11 control=true shoot=false
[2026-09-05 13:10:42.672] [info] [PERF] 总耗时=15.4ms (检测=12.4ms, 跟踪=0.4ms), FPS=64.9
[2026-09-05 13:10:42.672] [info] 📊 [CAMERA FPS] 瞬时帧率=64.7fps, 平均帧率=64.4fps, 总帧数=2400, 运行时间=37.2s
[DEBUG] armors=1, targets=1
[DEBUG] armors=1, targets=1
[DEBUG] armors=1, targets=1
[DEBUG] armors=1, targets=1
[DEBUG] armors=1, targets=1
[DEBUG] armors=1, targets=1
[DEBUG] armors=1, targets=1
[DEBUG] armors=1, targets=1
[DEBUG] armors=1, targets=1
[DEBUG] armors=1, targets=1
[DEBUG] armors=1, targets=1
[DEBUG] armors=1, targets=1
[DEBUG] armors=1, targets=1
[DEBUG] armors=1, targets=1
[DEBUG] armors=1, targets=1
[DEBUG] armors=1, targets=1
[DEBUG] armors=1, targets=1
[DEBUG] armors=1, targets=1
[DEBUG] armors=1, targets=1
[DEBUG] armors=1, targets=1
[2026-09-05 13:10:42.977] [info] [DRYRUN] measured_gimbal=(2.932,0.032,0.101) measured_world=(2.925,0.197,-0.113) tracked_world=(2.921,0.196,-0.113) target_gimbal_deg=(0.63,1.98) target_world_deg=(3.84,-2.21) gimbal_deg=(3.21,4.19) armor_y_px=502.8 pixel_error_deg=(0.10,-0.91) ballistic=(range=2.932m holdover=0.570m comp=10.79deg residual=-11.71deg) q_wxyz=(0.998940,0.001024,0.036545,-0.027984) cmd_deg=(3.85,-15.12) packed_pitch_deg=-15.12 control=true shoot=false
[DEBUG] armors=1, targets=1
[DEBUG] armors=1, targets=1
[DEBUG] armors=1, targets=1
[DEBUG] armors=1, targets=1
[DEBUG] armors=1, targets=1
[DEBUG] armors=1, targets=1
[DEBUG] armors=1, targets=1
[DEBUG] armors=1, targets=1
[DEBUG] armors=1, targets=1
[DEBUG] armors=1, targets=1
[DEBUG] armors=1, targets=1
[DEBUG] armors=1, targets=1
[DEBUG] armors=1, targets=1
[DEBUG] armors=1, targets=1
[DEBUG] armors=1, targets=1
[DEBUG] armors=1, targets=1
[DEBUG] armors=1, targets=1
[DEBUG] armors=1, targets=1
[DEBUG] armors=1, targets=1
[DEBUG] armors=1, targets=1
[2026-09-05 13:10:43.289] [info] [DRYRUN] measured_gimbal=(2.921,0.033,0.101) measured_world=(2.915,0.196,-0.112) tracked_world=(2.919,0.196,-0.113) target_gimbal_deg=(0.64,1.98) target_world_deg=(3.85,-2.21) gimbal_deg=(3.21,4.19) armor_y_px=502.7 pixel_error_deg=(0.10,-0.92) ballistic=(range=2.922m holdover=0.568m comp=10.78deg residual=-11.69deg) q_wxyz=(0.998940,0.001024,0.036545,-0.027984) cmd_deg=(3.84,-15.10) packed_pitch_deg=-15.10 control=true shoot=false
[DEBUG] armors=1, targets=1
[DEBUG] armors=1, targets=1
[DEBUG] armors=1, targets=1
[DEBUG] armors=1, targets=1
[DEBUG] armors=1, targets=1
[DEBUG] armors=1, targets=1
[DEBUG] armors=1, targets=1
[DEBUG] armors=1, targets=1
[DEBUG] armors=1, targets=1
[2026-09-05 13:10:43.438] [info] [SYNC][XUC] mode=0 yaw=-3.21 deg pitch=4.19 deg feeder_rpm=0.00 wheel0_rpm=0 wheel1_rpm=0 wheel_delta=0 projectile_speed=12.80
[DEBUG] armors=1, targets=1
[2026-09-05 13:10:43.453] [info] [PERF] 总耗时=15.2ms (检测=12.4ms, 跟踪=0.5ms), FPS=65.9
[2026-09-05 13:10:43.453] [info] 📊 [CAMERA FPS] 瞬时帧率=65.6fps, 平均帧率=64.4fps, 总帧数=2450, 运行时间=38.0s
[DEBUG] armors=1, targets=1
[DEBUG] armors=1, targets=1
[DEBUG] armors=1, targets=1
[DEBUG] armors=1, targets=1
[DEBUG] armors=1, targets=1
[DEBUG] armors=1, targets=1
[DEBUG] armors=1, targets=1
[DEBUG] armors=1, targets=1
[DEBUG] armors=1, targets=1
[DEBUG] armors=1, targets=1
[2026-09-05 13:10:43.607] [info] [DRYRUN] measured_gimbal=(2.929,0.032,0.101) measured_world=(2.922,0.196,-0.113) tracked_world=(2.919,0.196,-0.113) target_gimbal_deg=(0.63,1.98) target_world_deg=(3.84,-2.21) gimbal_deg=(3.21,4.19) armor_y_px=502.8 pixel_error_deg=(0.10,-0.91) ballistic=(range=2.929m holdover=0.570m comp=10.79deg residual=-11.70deg) q_wxyz=(0.998940,0.001024,0.036545,-0.027984) cmd_deg=(3.85,-15.11) packed_pitch_deg=-15.11 control=true shoot=false
[DEBUG] armors=1, targets=1
[DEBUG] armors=1, targets=1
[DEBUG] armors=1, targets=1
[DEBUG] armors=1, targets=1
[DEBUG] armors=1, targets=1
[DEBUG] armors=1, targets=1
[DEBUG] armors=1, targets=1
[DEBUG] armors=1, targets=1
[DEBUG] armors=1, targets=1
[DEBUG] armors=1, targets=1
[DEBUG] armors=1, targets=1
[DEBUG] armors=1, targets=1
[DEBUG] armors=1, targets=1
[DEBUG] armors=1, targets=1
[DEBUG] armors=1, targets=1
[DEBUG] armors=1, targets=1
[DEBUG] armors=1, targets=1
[DEBUG] armors=1, targets=1
[DEBUG] armors=1, targets=1
[DEBUG] armors=1, targets=1
[2026-09-05 13:10:43.922] [info] [DRYRUN] measured_gimbal=(2.934,0.033,0.101) measured_world=(2.927,0.197,-0.113) tracked_world=(2.921,0.196,-0.113) target_gimbal_deg=(0.64,1.98) target_world_deg=(3.85,-2.21) gimbal_deg=(3.21,4.19) armor_y_px=502.6 pixel_error_deg=(0.10,-0.92) ballistic=(range=2.934m holdover=0.571m comp=10.80deg residual=-11.71deg) q_wxyz=(0.998940,0.001024,0.036545,-0.027984) cmd_deg=(3.85,-15.13) packed_pitch_deg=-15.13 control=true shoot=false
[DEBUG] armors=1, targets=1
[DEBUG] armors=1, targets=1
[DEBUG] armors=1, targets=1
[DEBUG] armors=1, targets=1
[DEBUG] armors=1, targets=1
[DEBUG] armors=1, targets=1
[DEBUG] armors=1, targets=1
[DEBUG] armors=1, targets=1
[DEBUG] armors=1, targets=1
[DEBUG] armors=1, targets=1
[DEBUG] armors=1, targets=1
[DEBUG] armors=1, targets=1
[DEBUG] armors=1, targets=1
[DEBUG] armors=1, targets=1
[DEBUG] armors=1, targets=1
[DEBUG] armors=1, targets=1
[DEBUG] armors=1, targets=1
[DEBUG] armors=1, targets=1
[DEBUG] armors=1, targets=1
[2026-09-05 13:10:44.221] [info] [SYNC][XUC] mode=0 yaw=-3.21 deg pitch=4.19 deg feeder_rpm=0.00 wheel0_rpm=0 wheel1_rpm=0 wheel_delta=0 projectile_speed=12.80
[DEBUG] armors=1, targets=1
[2026-09-05 13:10:44.234] [info] [DRYRUN] measured_gimbal=(2.918,0.033,0.101) measured_world=(2.911,0.196,-0.112) tracked_world=(2.920,0.196,-0.113) target_gimbal_deg=(0.64,1.98) target_world_deg=(3.85,-2.21) gimbal_deg=(3.21,4.19) armor_y_px=502.8 pixel_error_deg=(0.10,-0.91) ballistic=(range=2.918m holdover=0.567m comp=10.77deg residual=-11.68deg) q_wxyz=(0.998940,0.001024,0.036545,-0.027984) cmd_deg=(3.84,-15.11) packed_pitch_deg=-15.11 control=true shoot=false
[2026-09-05 13:10:44.236] [info] [PERF] 总耗时=15.5ms (检测=12.8ms, 跟踪=0.5ms), FPS=64.4
[2026-09-05 13:10:44.236] [info] 📊 [CAMERA FPS] 瞬时帧率=64.2fps, 平均帧率=64.4fps, 总帧数=2500, 运行时间=38.8s
[DEBUG] armors=1, targets=1
[DEBUG] armors=1, targets=1
[DEBUG] armors=1, targets=1
[DEBUG] armors=1, targets=1
[DEBUG] armors=1, targets=1
[DEBUG] armors=1, targets=1
[DEBUG] armors=1, targets=1
[DEBUG] armors=1, targets=1
[DEBUG] armors=1, targets=1
[DEBUG] armors=1, targets=1
[DEBUG] armors=1, targets=1
[DEBUG] armors=1, targets=1
[DEBUG] armors=1, targets=1
[DEBUG] armors=1, targets=1
[DEBUG] armors=1, targets=1
[DEBUG] armors=1, targets=1
[DEBUG] armors=1, targets=1
[DEBUG] armors=1, targets=1
[DEBUG] armors=1, targets=1
[DEBUG] armors=1, targets=1
[2026-09-05 13:10:44.544] [info] [DRYRUN] measured_gimbal=(2.933,0.032,0.102) measured_world=(2.926,0.197,-0.113) tracked_world=(2.919,0.196,-0.113) target_gimbal_deg=(0.63,1.98) target_world_deg=(3.84,-2.21) gimbal_deg=(3.21,4.19) armor_y_px=502.6 pixel_error_deg=(0.10,-0.92) ballistic=(range=2.933m holdover=0.571m comp=10.79deg residual=-11.71deg) q_wxyz=(0.998940,0.001024,0.036545,-0.027984) cmd_deg=(3.84,-15.10) packed_pitch_deg=-15.10 control=true shoot=false
[DEBUG] armors=1, targets=1
[DEBUG] armors=1, targets=1
[DEBUG] armors=1, targets=1
[DEBUG] armors=1, targets=1
[DEBUG] armors=1, targets=1
[DEBUG] armors=1, targets=1
[DEBUG] armors=1, targets=1
[DEBUG] armors=1, targets=1
[DEBUG] armors=1, targets=1
[DEBUG] armors=1, targets=1
[DEBUG] armors=1, targets=1
[DEBUG] armors=1, targets=1
[DEBUG] armors=1, targets=1
[DEBUG] armors=1, targets=1
[DEBUG] armors=1, targets=1
[DEBUG] armors=1, targets=1
[DEBUG] armors=1, targets=1
[DEBUG] armors=1, targets=1
[DEBUG] armors=1, targets=1
[DEBUG] armors=1, targets=1
[2026-09-05 13:10:44.856] [info] [DRYRUN] measured_gimbal=(2.925,0.033,0.101) measured_world=(2.918,0.196,-0.113) tracked_world=(2.918,0.196,-0.113) target_gimbal_deg=(0.64,1.99) target_world_deg=(3.85,-2.20) gimbal_deg=(3.21,4.19) armor_y_px=502.5 pixel_error_deg=(0.10,-0.92) ballistic=(range=2.925m holdover=0.568m comp=10.78deg residual=-11.70deg) q_wxyz=(0.998940,0.001024,0.036545,-0.027984) cmd_deg=(3.84,-15.12) packed_pitch_deg=-15.12 control=true shoot=false
[DEBUG] armors=1, targets=1
[DEBUG] armors=1, targets=1
[DEBUG] armors=1, targets=1
[DEBUG] armors=1, targets=1
[DEBUG] armors=1, targets=1
[DEBUG] armors=1, targets=1
[DEBUG] armors=1, targets=1
[DEBUG] armors=1, targets=1
[DEBUG] armors=1, targets=1
[2026-09-05 13:10:45.000] [info] [SYNC][XUC] mode=0 yaw=-3.21 deg pitch=4.19 deg feeder_rpm=0.00 wheel0_rpm=0 wheel1_rpm=0 wheel_delta=0 projectile_speed=12.80
[DEBUG] armors=1, targets=1
[2026-09-05 13:10:45.016] [info] [PERF] 总耗时=16.0ms (检测=13.2ms, 跟踪=0.5ms), FPS=62.4
[2026-09-05 13:10:45.016] [info] 📊 [CAMERA FPS] 瞬时帧率=62.2fps, 平均帧率=64.4fps, 总帧数=2550, 运行时间=39.6s
[DEBUG] armors=1, targets=1
[DEBUG] armors=1, targets=1
[DEBUG] armors=1, targets=1
[DEBUG] armors=1, targets=1
[DEBUG] armors=1, targets=1
[DEBUG] armors=1, targets=1
[DEBUG] armors=1, targets=1
[DEBUG] armors=1, targets=1
[DEBUG] armors=1, targets=1
[DEBUG] armors=1, targets=1
[2026-09-05 13:10:45.169] [info] [DRYRUN] measured_gimbal=(2.920,0.032,0.101) measured_world=(2.914,0.196,-0.112) tracked_world=(2.917,0.196,-0.113) target_gimbal_deg=(0.63,1.99) target_world_deg=(3.84,-2.20) gimbal_deg=(3.21,4.19) armor_y_px=502.6 pixel_error_deg=(0.10,-0.92) ballistic=(range=2.921m holdover=0.567m comp=10.78deg residual=-11.69deg) q_wxyz=(0.998940,0.001024,0.036545,-0.027984) cmd_deg=(3.85,-15.12) packed_pitch_deg=-15.12 control=true shoot=false
[DEBUG] armors=1, targets=1
[DEBUG] armors=1, targets=1
[DEBUG] armors=1, targets=1
[DEBUG] armors=1, targets=1
[DEBUG] armors=1, targets=1
[DEBUG] armors=1, targets=1
[DEBUG] armors=1, targets=1
[DEBUG] armors=1, targets=1
[DEBUG] armors=1, targets=1
[DEBUG] armors=1, targets=1
[DEBUG] armors=1, targets=1
[DEBUG] armors=1, targets=1
[DEBUG] armors=1, targets=1
[DEBUG] armors=1, targets=1
[DEBUG] armors=1, targets=1
[DEBUG] armors=1, targets=1
[DEBUG] armors=1, targets=1
[DEBUG] armors=1, targets=1
[DEBUG] armors=1, targets=1
[DEBUG] armors=1, targets=1
[2026-09-05 13:10:45.482] [info] [DRYRUN] measured_gimbal=(2.934,0.033,0.101) measured_world=(2.927,0.197,-0.113) tracked_world=(2.919,0.196,-0.113) target_gimbal_deg=(0.64,1.98) target_world_deg=(3.85,-2.21) gimbal_deg=(3.21,4.19) armor_y_px=502.6 pixel_error_deg=(0.10,-0.92) ballistic=(range=2.934m holdover=0.571m comp=10.80deg residual=-11.71deg) q_wxyz=(0.998940,0.001024,0.036545,-0.027984) cmd_deg=(3.84,-15.14) packed_pitch_deg=-15.14 control=true shoot=false
[DEBUG] armors=1, targets=1
[DEBUG] armors=1, targets=1
[DEBUG] armors=1, targets=1
[DEBUG] armors=1, targets=1
[DEBUG] armors=1, targets=1
[DEBUG] armors=1, targets=1
[DEBUG] armors=1, targets=1
[DEBUG] armors=1, targets=1
[DEBUG] armors=1, targets=1
[DEBUG] armors=1, targets=1
[DEBUG] armors=1, targets=1
[DEBUG] armors=1, targets=1
[DEBUG] armors=1, targets=1
[DEBUG] armors=1, targets=1
[DEBUG] armors=1, targets=1
[DEBUG] armors=1, targets=1
[DEBUG] armors=1, targets=1
[DEBUG] armors=1, targets=1
[DEBUG] armors=1, targets=1
[2026-09-05 13:10:45.780] [info] [SYNC][XUC] mode=0 yaw=-3.21 deg pitch=4.19 deg feeder_rpm=0.00 wheel0_rpm=0 wheel1_rpm=0 wheel_delta=0 projectile_speed=12.80
[DEBUG] armors=1, targets=1
[2026-09-05 13:10:45.794] [info] [DRYRUN] measured_gimbal=(2.925,0.032,0.101) measured_world=(2.919,0.196,-0.113) tracked_world=(2.919,0.196,-0.113) target_gimbal_deg=(0.63,1.98) target_world_deg=(3.84,-2.21) gimbal_deg=(3.21,4.19) armor_y_px=502.6 pixel_error_deg=(0.10,-0.92) ballistic=(range=2.926m holdover=0.569m comp=10.78deg residual=-11.70deg) q_wxyz=(0.998940,0.001024,0.036545,-0.027984) cmd_deg=(3.85,-15.12) packed_pitch_deg=-15.12 control=true shoot=false
[2026-09-05 13:10:45.796] [info] [PERF] 总耗时=15.6ms (检测=12.9ms, 跟踪=0.4ms), FPS=64.0
[2026-09-05 13:10:45.796] [info] 📊 [CAMERA FPS] 瞬时帧率=63.9fps, 平均帧率=64.4fps, 总帧数=2600, 运行时间=40.4s
[DEBUG] armors=1, targets=1
[DEBUG] armors=1, targets=1
[DEBUG] armors=1, targets=1
[DEBUG] armors=1, targets=1
[DEBUG] armors=1, targets=1
[DEBUG] armors=1, targets=1
[DEBUG] armors=1, targets=1
[DEBUG] armors=1, targets=1
[DEBUG] armors=1, targets=1
[DEBUG] armors=1, targets=1
[DEBUG] armors=1, targets=1
[DEBUG] armors=1, targets=1
[DEBUG] armors=1, targets=1
[DEBUG] armors=1, targets=1
[DEBUG] armors=1, targets=1
[DEBUG] armors=1, targets=1
[DEBUG] armors=1, targets=1
[DEBUG] armors=1, targets=1
[DEBUG] armors=1, targets=1
[DEBUG] armors=1, targets=1
[2026-09-05 13:10:46.105] [info] [DRYRUN] measured_gimbal=(2.917,0.032,0.101) measured_world=(2.911,0.196,-0.112) tracked_world=(2.920,0.196,-0.113) target_gimbal_deg=(0.64,1.99) target_world_deg=(3.84,-2.20) gimbal_deg=(3.21,4.19) armor_y_px=502.7 pixel_error_deg=(0.10,-0.92) ballistic=(range=2.918m holdover=0.566m comp=10.77deg residual=-11.69deg) q_wxyz=(0.998940,0.001024,0.036545,-0.027984) cmd_deg=(3.84,-15.12) packed_pitch_deg=-15.12 control=true shoot=false
[DEBUG] armors=1, targets=1
[DEBUG] armors=1, targets=1
[DEBUG] armors=1, targets=1
[DEBUG] armors=1, targets=1
[DEBUG] armors=1, targets=1
[DEBUG] armors=1, targets=1
[DEBUG] armors=1, targets=1
[DEBUG] armors=1, targets=1
[DEBUG] armors=1, targets=1
[DEBUG] armors=1, targets=1
[DEBUG] armors=1, targets=1
[DEBUG] armors=1, targets=1
[DEBUG] armors=1, targets=1
[DEBUG] armors=1, targets=1
[DEBUG] armors=1, targets=1
[DEBUG] armors=1, targets=1
[DEBUG] armors=1, targets=1
[DEBUG] armors=1, targets=1
[DEBUG] armors=1, targets=1
[DEBUG] armors=1, targets=1
[2026-09-05 13:10:46.421] [info] [DRYRUN] measured_gimbal=(2.932,0.032,0.101) measured_world=(2.925,0.196,-0.113) tracked_world=(2.918,0.196,-0.113) target_gimbal_deg=(0.63,1.98) target_world_deg=(3.84,-2.21) gimbal_deg=(3.21,4.19) armor_y_px=502.7 pixel_error_deg=(0.10,-0.91) ballistic=(range=2.932m holdover=0.570m comp=10.79deg residual=-11.71deg) q_wxyz=(0.998940,0.001024,0.036545,-0.027984) cmd_deg=(3.84,-15.10) packed_pitch_deg=-15.10 control=true shoot=false
[DEBUG] armors=1, targets=1
[DEBUG] armors=1, targets=1
[DEBUG] armors=1, targets=1
[DEBUG] armors=1, targets=1
[DEBUG] armors=1, targets=1
[DEBUG] armors=1, targets=1
[DEBUG] armors=1, targets=1
[DEBUG] armors=1, targets=1
[DEBUG] armors=1, targets=1
[2026-09-05 13:10:46.564] [info] [SYNC][XUC] mode=0 yaw=-3.21 deg pitch=4.19 deg feeder_rpm=0.00 wheel0_rpm=0 wheel1_rpm=0 wheel_delta=0 projectile_speed=12.80
[DEBUG] armors=1, targets=1
[2026-09-05 13:10:46.580] [info] [PERF] 总耗时=15.2ms (检测=12.4ms, 跟踪=0.5ms), FPS=65.7
[2026-09-05 13:10:46.580] [info] 📊 [CAMERA FPS] 瞬时帧率=65.6fps, 平均帧率=64.4fps, 总帧数=2650, 运行时间=41.2s
[DEBUG] armors=1, targets=1
[DEBUG] armors=1, targets=1
[DEBUG] armors=1, targets=1
[DEBUG] armors=1, targets=1
[DEBUG] armors=1, targets=1
[DEBUG] armors=1, targets=1
[DEBUG] armors=1, targets=1
[DEBUG] armors=1, targets=1
[DEBUG] armors=1, targets=1
[DEBUG] armors=1, targets=1
[2026-09-05 13:10:46.735] [info] [DRYRUN] measured_gimbal=(2.908,0.032,0.101) measured_world=(2.901,0.195,-0.112) tracked_world=(2.916,0.196,-0.113) target_gimbal_deg=(0.63,1.99) target_world_deg=(3.84,-2.20) gimbal_deg=(3.21,4.19) armor_y_px=502.7 pixel_error_deg=(0.10,-0.91) ballistic=(range=2.908m holdover=0.564m comp=10.76deg residual=-11.67deg) q_wxyz=(0.998940,0.001024,0.036545,-0.027984) cmd_deg=(3.84,-15.09) packed_pitch_deg=-15.09 control=true shoot=false
[DEBUG] armors=1, targets=1
[DEBUG] armors=1, targets=1
[DEBUG] armors=1, targets=1
[DEBUG] armors=1, targets=1
[DEBUG] armors=1, targets=1
[DEBUG] armors=1, targets=1
[DEBUG] armors=1, targets=1
[DEBUG] armors=1, targets=1
[DEBUG] armors=1, targets=1
[DEBUG] armors=1, targets=1
[DEBUG] armors=1, targets=1
[DEBUG] armors=1, targets=1
[DEBUG] armors=1, targets=1
[DEBUG] armors=1, targets=1
[DEBUG] armors=1, targets=1
[DEBUG] armors=1, targets=1
[DEBUG] armors=1, targets=1
[DEBUG] armors=1, targets=1
[DEBUG] armors=1, targets=1
[DEBUG] armors=1, targets=1
[2026-09-05 13:10:47.047] [info] [DRYRUN] measured_gimbal=(2.934,0.033,0.101) measured_world=(2.927,0.197,-0.113) tracked_world=(2.917,0.196,-0.113) target_gimbal_deg=(0.64,1.98) target_world_deg=(3.84,-2.21) gimbal_deg=(3.21,4.19) armor_y_px=502.7 pixel_error_deg=(0.10,-0.91) ballistic=(range=2.934m holdover=0.571m comp=10.80deg residual=-11.71deg) q_wxyz=(0.998940,0.001024,0.036545,-0.027984) cmd_deg=(3.84,-15.12) packed_pitch_deg=-15.12 control=true shoot=false
[DEBUG] armors=1, targets=1
[DEBUG] armors=1, targets=1
[DEBUG] armors=1, targets=1
[DEBUG] armors=1, targets=1
[DEBUG] armors=1, targets=1
[DEBUG] armors=1, targets=1
[DEBUG] armors=1, targets=1
[DEBUG] armors=1, targets=1
[DEBUG] armors=1, targets=1
[DEBUG] armors=1, targets=1
[DEBUG] armors=1, targets=1
[DEBUG] armors=1, targets=1
[DEBUG] armors=1, targets=1
[DEBUG] armors=1, targets=1
[DEBUG] armors=1, targets=1
[DEBUG] armors=1, targets=1
[DEBUG] armors=1, targets=1
[DEBUG] armors=1, targets=1
[DEBUG] armors=1, targets=1
[2026-09-05 13:10:47.345] [info] [SYNC][XUC] mode=0 yaw=-3.21 deg pitch=4.19 deg feeder_rpm=0.00 wheel0_rpm=0 wheel1_rpm=0 wheel_delta=0 projectile_speed=12.80
[DEBUG] armors=1, targets=1
[2026-09-05 13:10:47.358] [info] [DRYRUN] measured_gimbal=(2.922,0.032,0.101) measured_world=(2.915,0.196,-0.113) tracked_world=(2.919,0.196,-0.113) target_gimbal_deg=(0.64,1.98) target_world_deg=(3.85,-2.21) gimbal_deg=(3.21,4.19) armor_y_px=502.9 pixel_error_deg=(0.10,-0.91) ballistic=(range=2.922m holdover=0.568m comp=10.78deg residual=-11.69deg) q_wxyz=(0.998940,0.001024,0.036545,-0.027984) cmd_deg=(3.85,-15.11) packed_pitch_deg=-15.11 control=true shoot=false
[2026-09-05 13:10:47.360] [info] [PERF] 总耗时=15.7ms (检测=12.9ms, 跟踪=0.5ms), FPS=63.7
[2026-09-05 13:10:47.360] [info] 📊 [CAMERA FPS] 瞬时帧率=63.6fps, 平均帧率=64.4fps, 总帧数=2700, 运行时间=41.9s
[DEBUG] armors=1, targets=1
[DEBUG] armors=1, targets=1
[DEBUG] armors=1, targets=1
[DEBUG] armors=1, targets=1
[DEBUG] armors=1, targets=1
[DEBUG] armors=1, targets=1
[DEBUG] armors=1, targets=1
[DEBUG] armors=1, targets=1
[DEBUG] armors=1, targets=1
[DEBUG] armors=1, targets=1
[DEBUG] armors=1, targets=1
[DEBUG] armors=1, targets=1
[DEBUG] armors=1, targets=1
[DEBUG] armors=1, targets=1
[DEBUG] armors=1, targets=1
[DEBUG] armors=1, targets=1
[DEBUG] armors=1, targets=1
[DEBUG] armors=1, targets=1
[DEBUG] armors=1, targets=1
[DEBUG] armors=1, targets=1
[2026-09-05 13:10:47.672] [info] [DRYRUN] measured_gimbal=(2.907,0.032,0.101) measured_world=(2.901,0.195,-0.112) tracked_world=(2.921,0.196,-0.113) target_gimbal_deg=(0.63,1.99) target_world_deg=(3.84,-2.20) gimbal_deg=(3.21,4.19) armor_y_px=502.9 pixel_error_deg=(0.10,-0.91) ballistic=(range=2.907m holdover=0.564m comp=10.76deg residual=-11.67deg) q_wxyz=(0.998940,0.001024,0.036545,-0.027984) cmd_deg=(3.85,-15.09) packed_pitch_deg=-15.09 control=true shoot=false
[DEBUG] armors=1, targets=1
[DEBUG] armors=1, targets=1
[DEBUG] armors=1, targets=1
[DEBUG] armors=1, targets=1
[DEBUG] armors=1, targets=1
[DEBUG] armors=1, targets=1
[DEBUG] armors=1, targets=1
[DEBUG] armors=1, targets=1
[DEBUG] armors=1, targets=1
[DEBUG] armors=1, targets=1
[DEBUG] armors=1, targets=1
[DEBUG] armors=1, targets=1
[DEBUG] armors=1, targets=1
[DEBUG] armors=1, targets=1
[DEBUG] armors=1, targets=1
[DEBUG] armors=1, targets=1
[DEBUG] armors=1, targets=1
[DEBUG] armors=1, targets=1
[DEBUG] armors=1, targets=1
[DEBUG] armors=1, targets=1
[2026-09-05 13:10:47.988] [info] [DRYRUN] measured_gimbal=(2.925,0.033,0.101) measured_world=(2.918,0.196,-0.113) tracked_world=(2.921,0.196,-0.113) target_gimbal_deg=(0.64,1.98) target_world_deg=(3.85,-2.21) gimbal_deg=(3.21,4.19) armor_y_px=502.9 pixel_error_deg=(0.10,-0.91) ballistic=(range=2.925m holdover=0.569m comp=10.78deg residual=-11.69deg) q_wxyz=(0.998940,0.001024,0.036545,-0.027984) cmd_deg=(3.85,-15.11) packed_pitch_deg=-15.11 control=true shoot=false
[DEBUG] armors=1, targets=1
[DEBUG] armors=1, targets=1
[DEBUG] armors=1, targets=1
[DEBUG] armors=1, targets=1
[DEBUG] armors=1, targets=1
[DEBUG] armors=1, targets=1
[DEBUG] armors=1, targets=1
[DEBUG] armors=1, targets=1
[DEBUG] armors=1, targets=1
[2026-09-05 13:10:48.133] [info] [SYNC][XUC] mode=0 yaw=-3.21 deg pitch=4.19 deg feeder_rpm=0.00 wheel0_rpm=0 wheel1_rpm=0 wheel_delta=0 projectile_speed=12.80
[DEBUG] armors=1, targets=1
[2026-09-05 13:10:48.148] [info] [PERF] 总耗时=15.2ms (检测=12.6ms, 跟踪=0.5ms), FPS=65.6
[2026-09-05 13:10:48.148] [info] 📊 [CAMERA FPS] 瞬时帧率=65.4fps, 平均帧率=64.4fps, 总帧数=2750, 运行时间=42.7s
[DEBUG] armors=1, targets=1
[DEBUG] armors=1, targets=1
[DEBUG] armors=1, targets=1
[DEBUG] armors=1, targets=1
[DEBUG] armors=1, targets=1
[DEBUG] armors=1, targets=1
[DEBUG] armors=1, targets=1
[DEBUG] armors=1, targets=1
[DEBUG] armors=1, targets=1
[DEBUG] armors=1, targets=1
[2026-09-05 13:10:48.303] [info] [DRYRUN] measured_gimbal=(2.934,0.033,0.101) measured_world=(2.927,0.197,-0.113) tracked_world=(2.922,0.196,-0.113) target_gimbal_deg=(0.64,1.98) target_world_deg=(3.84,-2.21) gimbal_deg=(3.21,4.19) armor_y_px=502.7 pixel_error_deg=(0.10,-0.91) ballistic=(range=2.934m holdover=0.571m comp=10.80deg residual=-11.71deg) q_wxyz=(0.998940,0.001024,0.036545,-0.027984) cmd_deg=(3.85,-15.12) packed_pitch_deg=-15.12 control=true shoot=false
[DEBUG] armors=1, targets=1
[DEBUG] armors=1, targets=1
[DEBUG] armors=1, targets=1
[DEBUG] armors=1, targets=1
[DEBUG] armors=1, targets=1
[DEBUG] armors=1, targets=1
[DEBUG] armors=1, targets=1
[DEBUG] armors=1, targets=1
[DEBUG] armors=1, targets=1
[DEBUG] armors=1, targets=1
[DEBUG] armors=1, targets=1
[DEBUG] armors=1, targets=1
[DEBUG] armors=1, targets=1
[DEBUG] armors=1, targets=1
[DEBUG] armors=1, targets=1
[DEBUG] armors=1, targets=1
[DEBUG] armors=1, targets=1
[DEBUG] armors=1, targets=1
[DEBUG] armors=1, targets=1
[DEBUG] armors=1, targets=1
[2026-09-05 13:10:48.616] [info] [DRYRUN] measured_gimbal=(2.931,0.033,0.101) measured_world=(2.924,0.197,-0.113) tracked_world=(2.922,0.196,-0.113) target_gimbal_deg=(0.64,1.98) target_world_deg=(3.85,-2.21) gimbal_deg=(3.21,4.19) armor_y_px=502.8 pixel_error_deg=(0.09,-0.91) ballistic=(range=2.931m holdover=0.570m comp=10.79deg residual=-11.70deg) q_wxyz=(0.998940,0.001024,0.036545,-0.027984) cmd_deg=(3.84,-15.12) packed_pitch_deg=-15.12 control=true shoot=false
[DEBUG] armors=1, targets=1
[DEBUG] armors=1, targets=1
[DEBUG] armors=1, targets=1
[DEBUG] armors=1, targets=1
[DEBUG] armors=1, targets=1
[DEBUG] armors=1, targets=1
[DEBUG] armors=1, targets=1
[DEBUG] armors=1, targets=1
[DEBUG] armors=1, targets=1
[DEBUG] armors=1, targets=1
[DEBUG] armors=1, targets=1
[DEBUG] armors=1, targets=1
[DEBUG] armors=1, targets=1
[DEBUG] armors=1, targets=1
[DEBUG] armors=1, targets=1
[DEBUG] armors=1, targets=1
[DEBUG] armors=1, targets=1
[DEBUG] armors=1, targets=1
[DEBUG] armors=1, targets=1
[2026-09-05 13:10:48.916] [info] [SYNC][XUC] mode=0 yaw=-3.21 deg pitch=4.19 deg feeder_rpm=0.00 wheel0_rpm=0 wheel1_rpm=0 wheel_delta=0 projectile_speed=12.80
[DEBUG] armors=1, targets=1
[2026-09-05 13:10:48.930] [info] [DRYRUN] measured_gimbal=(2.922,0.032,0.101) measured_world=(2.915,0.196,-0.113) tracked_world=(2.924,0.197,-0.113) target_gimbal_deg=(0.64,1.98) target_world_deg=(3.84,-2.21) gimbal_deg=(3.21,4.19) armor_y_px=502.7 pixel_error_deg=(0.10,-0.91) ballistic=(range=2.922m holdover=0.568m comp=10.78deg residual=-11.69deg) q_wxyz=(0.998940,0.001024,0.036545,-0.027984) cmd_deg=(3.85,-15.12) packed_pitch_deg=-15.12 control=true shoot=false
[2026-09-05 13:10:48.933] [info] [PERF] 总耗时=16.3ms (检测=12.8ms, 跟踪=0.4ms), FPS=61.4
[2026-09-05 13:10:48.933] [info] 📊 [CAMERA FPS] 瞬时帧率=61.2fps, 平均帧率=64.4fps, 总帧数=2800, 运行时间=43.5s
[DEBUG] armors=1, targets=1
[DEBUG] armors=1, targets=1
[DEBUG] armors=1, targets=1
[DEBUG] armors=1, targets=1
[DEBUG] armors=1, targets=1
[DEBUG] armors=1, targets=1
[DEBUG] armors=1, targets=1
[DEBUG] armors=1, targets=1
[DEBUG] armors=1, targets=1
[DEBUG] armors=1, targets=1
[DEBUG] armors=1, targets=1
[DEBUG] armors=1, targets=1
[DEBUG] armors=1, targets=1
[DEBUG] armors=1, targets=1
[DEBUG] armors=1, targets=1
[DEBUG] armors=1, targets=1
[DEBUG] armors=1, targets=1
[DEBUG] armors=1, targets=1
[DEBUG] armors=1, targets=1
[DEBUG] armors=1, targets=1
[2026-09-05 13:10:49.248] [info] [DRYRUN] measured_gimbal=(2.919,0.032,0.101) measured_world=(2.912,0.195,-0.112) tracked_world=(2.920,0.196,-0.113) target_gimbal_deg=(0.63,1.99) target_world_deg=(3.84,-2.20) gimbal_deg=(3.21,4.19) armor_y_px=502.6 pixel_error_deg=(0.10,-0.92) ballistic=(range=2.919m holdover=0.567m comp=10.77deg residual=-11.69deg) q_wxyz=(0.998940,0.001024,0.036545,-0.027984) cmd_deg=(3.84,-15.10) packed_pitch_deg=-15.10 control=true shoot=false
[DEBUG] armors=1, targets=1
[DEBUG] armors=1, targets=1
[DEBUG] armors=1, targets=1
[DEBUG] armors=1, targets=1
[DEBUG] armors=1, targets=1
[DEBUG] armors=1, targets=1
[DEBUG] armors=1, targets=1
[DEBUG] armors=1, targets=1
[DEBUG] armors=1, targets=1
[DEBUG] armors=1, targets=1
[DEBUG] armors=1, targets=1
[DEBUG] armors=1, targets=1
[DEBUG] armors=1, targets=1
[DEBUG] armors=1, targets=1
[DEBUG] armors=1, targets=1
[DEBUG] armors=1, targets=1
[DEBUG] armors=1, targets=1
[DEBUG] armors=1, targets=1
[DEBUG] armors=1, targets=1
[DEBUG] armors=1, targets=1
[2026-09-05 13:10:49.567] [info] [DRYRUN] measured_gimbal=(2.923,0.032,0.101) measured_world=(2.916,0.196,-0.112) tracked_world=(2.918,0.196,-0.113) target_gimbal_deg=(0.63,1.99) target_world_deg=(3.84,-2.20) gimbal_deg=(3.21,4.19) armor_y_px=502.6 pixel_error_deg=(0.10,-0.92) ballistic=(range=2.923m holdover=0.568m comp=10.78deg residual=-11.70deg) q_wxyz=(0.998940,0.001024,0.036545,-0.027984) cmd_deg=(3.84,-15.10) packed_pitch_deg=-15.10 control=true shoot=false
[DEBUG] armors=1, targets=1
[DEBUG] armors=1, targets=1
[DEBUG] armors=1, targets=1
[DEBUG] armors=1, targets=1
[DEBUG] armors=1, targets=1
[DEBUG] armors=1, targets=1
[DEBUG] armors=1, targets=1
[DEBUG] armors=1, targets=1
[DEBUG] armors=1, targets=1
[2026-09-05 13:10:49.708] [info] [SYNC][XUC] mode=0 yaw=-3.21 deg pitch=4.19 deg feeder_rpm=0.00 wheel0_rpm=0 wheel1_rpm=0 wheel_delta=0 projectile_speed=12.80
[DEBUG] armors=1, targets=1
[2026-09-05 13:10:49.723] [info] [PERF] 总耗时=15.0ms (检测=12.2ms, 跟踪=0.4ms), FPS=66.8
[2026-09-05 13:10:49.723] [info] 📊 [CAMERA FPS] 瞬时帧率=66.7fps, 平均帧率=64.3fps, 总帧数=2850, 运行时间=44.3s
[DEBUG] armors=1, targets=1
[DEBUG] armors=1, targets=1
[DEBUG] armors=1, targets=1
[DEBUG] armors=1, targets=1
[DEBUG] armors=1, targets=1
[DEBUG] armors=1, targets=1
[DEBUG] armors=1, targets=1
[DEBUG] armors=1, targets=1
[DEBUG] armors=1, targets=1
[DEBUG] armors=1, targets=1
[2026-09-05 13:10:49.875] [info] [DRYRUN] measured_gimbal=(2.922,0.032,0.101) measured_world=(2.915,0.196,-0.113) tracked_world=(2.918,0.196,-0.113) target_gimbal_deg=(0.63,1.98) target_world_deg=(3.84,-2.21) gimbal_deg=(3.21,4.19) armor_y_px=502.8 pixel_error_deg=(0.10,-0.91) ballistic=(range=2.922m holdover=0.568m comp=10.78deg residual=-11.69deg) q_wxyz=(0.998940,0.001024,0.036545,-0.027984) cmd_deg=(3.85,-15.11) packed_pitch_deg=-15.11 control=true shoot=false
[DEBUG] armors=1, targets=1
[DEBUG] armors=1, targets=1
[DEBUG] armors=1, targets=1
[DEBUG] armors=1, targets=1
[DEBUG] armors=1, targets=1
[DEBUG] armors=1, targets=1
[DEBUG] armors=1, targets=1
[DEBUG] armors=1, targets=1
[DEBUG] armors=1, targets=1
[DEBUG] armors=1, targets=1
[DEBUG] armors=1, targets=1
[DEBUG] armors=1, targets=1
[DEBUG] armors=1, targets=1
[DEBUG] armors=1, targets=1
[DEBUG] armors=1, targets=1
[DEBUG] armors=1, targets=1
[DEBUG] armors=1, targets=1
[DEBUG] armors=1, targets=1
[DEBUG] armors=1, targets=1
[DEBUG] armors=1, targets=1
[2026-09-05 13:10:50.188] [info] [DRYRUN] measured_gimbal=(2.934,0.032,0.102) measured_world=(2.927,0.197,-0.113) tracked_world=(2.920,0.196,-0.113) target_gimbal_deg=(0.63,1.98) target_world_deg=(3.84,-2.21) gimbal_deg=(3.21,4.19) armor_y_px=502.6 pixel_error_deg=(0.10,-0.92) ballistic=(range=2.934m holdover=0.571m comp=10.80deg residual=-11.71deg) q_wxyz=(0.998940,0.001024,0.036545,-0.027984) cmd_deg=(3.84,-15.13) packed_pitch_deg=-15.13 control=true shoot=false
[DEBUG] armors=1, targets=1
[DEBUG] armors=1, targets=1
[DEBUG] armors=1, targets=1
[DEBUG] armors=1, targets=1
[DEBUG] armors=1, targets=1
[DEBUG] armors=1, targets=1
[DEBUG] armors=1, targets=1
[DEBUG] armors=1, targets=1
[DEBUG] armors=1, targets=1
[DEBUG] armors=1, targets=1
[DEBUG] armors=1, targets=1
[DEBUG] armors=1, targets=1
[DEBUG] armors=1, targets=1
[DEBUG] armors=1, targets=1
[DEBUG] armors=1, targets=1
[DEBUG] armors=1, targets=1
[DEBUG] armors=1, targets=1
[DEBUG] armors=1, targets=1
[DEBUG] armors=1, targets=1
[2026-09-05 13:10:50.489] [info] [SYNC][XUC] mode=0 yaw=-3.21 deg pitch=4.19 deg feeder_rpm=0.00 wheel0_rpm=0 wheel1_rpm=0 wheel_delta=0 projectile_speed=12.80
[DEBUG] armors=1, targets=1
[2026-09-05 13:10:50.502] [info] [DRYRUN] measured_gimbal=(2.917,0.032,0.101) measured_world=(2.911,0.195,-0.112) tracked_world=(2.920,0.196,-0.113) target_gimbal_deg=(0.63,1.99) target_world_deg=(3.84,-2.21) gimbal_deg=(3.21,4.19) armor_y_px=502.7 pixel_error_deg=(0.10,-0.91) ballistic=(range=2.918m holdover=0.566m comp=10.77deg residual=-11.69deg) q_wxyz=(0.998940,0.001024,0.036545,-0.027984) cmd_deg=(3.85,-15.11) packed_pitch_deg=-15.11 control=true shoot=false
[2026-09-05 13:10:50.505] [info] [PERF] 总耗时=15.7ms (检测=12.9ms, 跟踪=0.4ms), FPS=63.7
[2026-09-05 13:10:50.505] [info] 📊 [CAMERA FPS] 瞬时帧率=63.6fps, 平均帧率=64.3fps, 总帧数=2900, 运行时间=45.1s
[DEBUG] armors=1, targets=1
[DEBUG] armors=1, targets=1
[DEBUG] armors=1, targets=1
[DEBUG] armors=1, targets=1
[DEBUG] armors=1, targets=1
[DEBUG] armors=1, targets=1
[DEBUG] armors=1, targets=1
[DEBUG] armors=1, targets=1
[DEBUG] armors=1, targets=1
[DEBUG] armors=1, targets=1
[DEBUG] armors=1, targets=1
[DEBUG] armors=1, targets=1
[DEBUG] armors=1, targets=1
[DEBUG] armors=1, targets=1
[DEBUG] armors=1, targets=1
[DEBUG] armors=1, targets=1
[DEBUG] armors=1, targets=1
[DEBUG] armors=1, targets=1
[DEBUG] armors=1, targets=1
[DEBUG] armors=1, targets=1
[2026-09-05 13:10:50.816] [info] [DRYRUN] measured_gimbal=(2.932,0.032,0.102) measured_world=(2.925,0.196,-0.113) tracked_world=(2.918,0.196,-0.113) target_gimbal_deg=(0.63,1.98) target_world_deg=(3.84,-2.21) gimbal_deg=(3.21,4.19) armor_y_px=502.6 pixel_error_deg=(0.11,-0.92) ballistic=(range=2.932m holdover=0.570m comp=10.79deg residual=-11.71deg) q_wxyz=(0.998940,0.001024,0.036545,-0.027984) cmd_deg=(3.84,-15.11) packed_pitch_deg=-15.11 control=true shoot=false
[DEBUG] armors=1, targets=1
[DEBUG] armors=1, targets=1
[DEBUG] armors=1, targets=1
[DEBUG] armors=1, targets=1
[DEBUG] armors=1, targets=1
[DEBUG] armors=1, targets=1
[DEBUG] armors=1, targets=1
[DEBUG] armors=1, targets=1
[DEBUG] armors=1, targets=1
[DEBUG] armors=1, targets=1
[DEBUG] armors=1, targets=1
[DEBUG] armors=1, targets=1
[DEBUG] armors=1, targets=1
[DEBUG] armors=1, targets=1
[DEBUG] armors=1, targets=1
[DEBUG] armors=1, targets=1
[DEBUG] armors=1, targets=1
[DEBUG] armors=1, targets=1
[DEBUG] armors=1, targets=1
[DEBUG] armors=1, targets=1
[2026-09-05 13:10:51.130] [info] [DRYRUN] measured_gimbal=(2.930,0.032,0.101) measured_world=(2.923,0.196,-0.113) tracked_world=(2.918,0.196,-0.113) target_gimbal_deg=(0.63,1.98) target_world_deg=(3.84,-2.21) gimbal_deg=(3.21,4.19) armor_y_px=502.6 pixel_error_deg=(0.11,-0.92) ballistic=(range=2.930m holdover=0.570m comp=10.79deg residual=-11.71deg) q_wxyz=(0.998940,0.001024,0.036545,-0.027984) cmd_deg=(3.85,-15.12) packed_pitch_deg=-15.12 control=true shoot=false
[DEBUG] armors=1, targets=1
[DEBUG] armors=1, targets=1
[DEBUG] armors=1, targets=1
[DEBUG] armors=1, targets=1
[DEBUG] armors=1, targets=1
[DEBUG] armors=1, targets=1
[DEBUG] armors=1, targets=1
[DEBUG] armors=1, targets=1
[DEBUG] armors=1, targets=1
[2026-09-05 13:10:51.273] [info] [SYNC][XUC] mode=0 yaw=-3.21 deg pitch=4.19 deg feeder_rpm=0.00 wheel0_rpm=0 wheel1_rpm=0 wheel_delta=0 projectile_speed=12.80
[DEBUG] armors=1, targets=1
[2026-09-05 13:10:51.289] [info] [PERF] 总耗时=15.7ms (检测=13.0ms, 跟踪=0.5ms), FPS=63.5
[2026-09-05 13:10:51.289] [info] 📊 [CAMERA FPS] 瞬时帧率=63.4fps, 平均帧率=64.3fps, 总帧数=2950, 运行时间=45.9s
[DEBUG] armors=1, targets=1
[DEBUG] armors=1, targets=1
[DEBUG] armors=1, targets=1
[DEBUG] armors=1, targets=1
[DEBUG] armors=1, targets=1
[DEBUG] armors=1, targets=1
[DEBUG] armors=1, targets=1
[DEBUG] armors=1, targets=1
[DEBUG] armors=1, targets=1
[DEBUG] armors=1, targets=1
[2026-09-05 13:10:51.443] [info] [DRYRUN] measured_gimbal=(2.934,0.033,0.101) measured_world=(2.927,0.197,-0.113) tracked_world=(2.917,0.196,-0.113) target_gimbal_deg=(0.64,1.98) target_world_deg=(3.84,-2.21) gimbal_deg=(3.21,4.19) armor_y_px=502.7 pixel_error_deg=(0.10,-0.91) ballistic=(range=2.934m holdover=0.571m comp=10.80deg residual=-11.71deg) q_wxyz=(0.998940,0.001024,0.036545,-0.027984) cmd_deg=(3.85,-15.12) packed_pitch_deg=-15.12 control=true shoot=false
[DEBUG] armors=1, targets=1
[DEBUG] armors=1, targets=1
[DEBUG] armors=1, targets=1
[DEBUG] armors=1, targets=1
[DEBUG] armors=1, targets=1
[DEBUG] armors=1, targets=1
[DEBUG] armors=1, targets=1
[DEBUG] armors=1, targets=1
[DEBUG] armors=1, targets=1
[DEBUG] armors=1, targets=1
[DEBUG] armors=1, targets=1
[DEBUG] armors=1, targets=1
[DEBUG] armors=1, targets=1
[DEBUG] armors=1, targets=1
[DEBUG] armors=1, targets=1
[DEBUG] armors=1, targets=1
[DEBUG] armors=1, targets=1
[DEBUG] armors=1, targets=1
[DEBUG] armors=1, targets=1
[DEBUG] armors=1, targets=1
[2026-09-05 13:10:51.756] [info] [DRYRUN] measured_gimbal=(2.920,0.032,0.101) measured_world=(2.913,0.196,-0.113) tracked_world=(2.920,0.196,-0.113) target_gimbal_deg=(0.64,1.98) target_world_deg=(3.85,-2.21) gimbal_deg=(3.21,4.19) armor_y_px=502.9 pixel_error_deg=(0.10,-0.91) ballistic=(range=2.921m holdover=0.567m comp=10.78deg residual=-11.69deg) q_wxyz=(0.998940,0.001024,0.036545,-0.027984) cmd_deg=(3.85,-15.11) packed_pitch_deg=-15.11 control=true shoot=false
[DEBUG] armors=1, targets=1
[DEBUG] armors=1, targets=1
[DEBUG] armors=1, targets=1
[DEBUG] armors=1, targets=1
[DEBUG] armors=1, targets=1
[DEBUG] armors=1, targets=1
[DEBUG] armors=1, targets=1
[DEBUG] armors=1, targets=1
[DEBUG] armors=1, targets=1
[DEBUG] armors=1, targets=1
[DEBUG] armors=1, targets=1
[DEBUG] armors=1, targets=1
[DEBUG] armors=1, targets=1
[DEBUG] armors=1, targets=1
[DEBUG] armors=1, targets=1
[DEBUG] armors=1, targets=1
[DEBUG] armors=1, targets=1
[DEBUG] armors=1, targets=1
[DEBUG] armors=1, targets=1
[2026-09-05 13:10:52.056] [info] [SYNC][XUC] mode=0 yaw=-3.21 deg pitch=4.19 deg feeder_rpm=0.00 wheel0_rpm=0 wheel1_rpm=0 wheel_delta=0 projectile_speed=12.80
[DEBUG] armors=1, targets=1
[2026-09-05 13:10:52.069] [info] [DRYRUN] measured_gimbal=(2.932,0.032,0.101) measured_world=(2.925,0.196,-0.113) tracked_world=(2.920,0.196,-0.113) target_gimbal_deg=(0.63,1.98) target_world_deg=(3.84,-2.21) gimbal_deg=(3.21,4.19) armor_y_px=502.7 pixel_error_deg=(0.10,-0.91) ballistic=(range=2.932m holdover=0.570m comp=10.79deg residual=-11.71deg) q_wxyz=(0.998940,0.001024,0.036545,-0.027984) cmd_deg=(3.85,-15.11) packed_pitch_deg=-15.11 control=true shoot=false
[2026-09-05 13:10:52.072] [info] [PERF] 总耗时=15.8ms (检测=12.9ms, 跟踪=0.4ms), FPS=63.1
[2026-09-05 13:10:52.072] [info] 📊 [CAMERA FPS] 瞬时帧率=62.9fps, 平均帧率=64.3fps, 总帧数=3000, 运行时间=46.6s
[DEBUG] armors=1, targets=1
[DEBUG] armors=1, targets=1
[DEBUG] armors=1, targets=1
[DEBUG] armors=1, targets=1
[DEBUG] armors=1, targets=1
[DEBUG] armors=1, targets=1
[DEBUG] armors=1, targets=1
[DEBUG] armors=1, targets=1
[DEBUG] armors=1, targets=1
[DEBUG] armors=1, targets=1
[DEBUG] armors=1, targets=1
[DEBUG] armors=1, targets=1
[DEBUG] armors=1, targets=1
[DEBUG] armors=1, targets=1
[DEBUG] armors=1, targets=1
[DEBUG] armors=1, targets=1
[DEBUG] armors=1, targets=1
[DEBUG] armors=1, targets=1
[DEBUG] armors=1, targets=1
[DEBUG] armors=1, targets=1
[2026-09-05 13:10:52.382] [info] [DRYRUN] measured_gimbal=(2.932,0.033,0.101) measured_world=(2.925,0.197,-0.113) tracked_world=(2.921,0.196,-0.113) target_gimbal_deg=(0.64,1.98) target_world_deg=(3.85,-2.21) gimbal_deg=(3.21,4.19) armor_y_px=502.9 pixel_error_deg=(0.10,-0.91) ballistic=(range=2.932m holdover=0.570m comp=10.79deg residual=-11.70deg) q_wxyz=(0.998940,0.001024,0.036545,-0.027984) cmd_deg=(3.85,-15.12) packed_pitch_deg=-15.12 control=true shoot=false
[DEBUG] armors=1, targets=1
[DEBUG] armors=1, targets=1
[DEBUG] armors=1, targets=1
[DEBUG] armors=1, targets=1
[DEBUG] armors=1, targets=1
[DEBUG] armors=1, targets=1
[DEBUG] armors=1, targets=1
[DEBUG] armors=1, targets=1
[DEBUG] armors=1, targets=1
[DEBUG] armors=1, targets=1
[DEBUG] armors=1, targets=1
[DEBUG] armors=1, targets=1
[DEBUG] armors=1, targets=1
[DEBUG] armors=1, targets=1
[DEBUG] armors=1, targets=1
[DEBUG] armors=1, targets=1
[DEBUG] armors=1, targets=1
[DEBUG] armors=1, targets=1
[DEBUG] armors=1, targets=1
[DEBUG] armors=1, targets=1
[2026-09-05 13:10:52.696] [info] [DRYRUN] measured_gimbal=(2.922,0.032,0.101) measured_world=(2.915,0.196,-0.113) tracked_world=(2.923,0.197,-0.113) target_gimbal_deg=(0.64,1.98) target_world_deg=(3.85,-2.21) gimbal_deg=(3.21,4.19) armor_y_px=502.9 pixel_error_deg=(0.10,-0.91) ballistic=(range=2.922m holdover=0.568m comp=10.78deg residual=-11.69deg) q_wxyz=(0.998940,0.001024,0.036545,-0.027984) cmd_deg=(3.85,-15.11) packed_pitch_deg=-15.11 control=true shoot=false
[DEBUG] armors=1, targets=1
[DEBUG] armors=1, targets=1
[DEBUG] armors=1, targets=1
[DEBUG] armors=1, targets=1
[DEBUG] armors=1, targets=1
[DEBUG] armors=1, targets=1
[DEBUG] armors=1, targets=1
[DEBUG] armors=1, targets=1
[DEBUG] armors=1, targets=1
[2026-09-05 13:10:52.841] [info] [SYNC][XUC] mode=0 yaw=-3.21 deg pitch=4.19 deg feeder_rpm=0.00 wheel0_rpm=0 wheel1_rpm=0 wheel_delta=0 projectile_speed=12.80
[DEBUG] armors=1, targets=1
[2026-09-05 13:10:52.856] [info] [PERF] 总耗时=15.7ms (检测=12.9ms, 跟踪=0.5ms), FPS=63.6
[2026-09-05 13:10:52.856] [info] 📊 [CAMERA FPS] 瞬时帧率=63.5fps, 平均帧率=64.3fps, 总帧数=3050, 运行时间=47.4s
[DEBUG] armors=1, targets=1
[DEBUG] armors=1, targets=1
[DEBUG] armors=1, targets=1
[DEBUG] armors=1, targets=1
[DEBUG] armors=1, targets=1
[DEBUG] armors=1, targets=1
[DEBUG] armors=1, targets=1
[DEBUG] armors=1, targets=1
[DEBUG] armors=1, targets=1
[DEBUG] armors=1, targets=1
[2026-09-05 13:10:53.010] [info] [DRYRUN] measured_gimbal=(2.909,0.032,0.101) measured_world=(2.903,0.195,-0.112) tracked_world=(2.922,0.196,-0.113) target_gimbal_deg=(0.63,1.99) target_world_deg=(3.84,-2.20) gimbal_deg=(3.21,4.19) armor_y_px=502.7 pixel_error_deg=(0.10,-0.91) ballistic=(range=2.910m holdover=0.564m comp=10.76deg residual=-11.67deg) q_wxyz=(0.998940,0.001024,0.036545,-0.027984) cmd_deg=(3.85,-15.09) packed_pitch_deg=-15.09 control=true shoot=false
[DEBUG] armors=1, targets=1
[DEBUG] armors=1, targets=1
[DEBUG] armors=1, targets=1
[DEBUG] armors=1, targets=1
[DEBUG] armors=1, targets=1
[DEBUG] armors=1, targets=1
[DEBUG] armors=1, targets=1
[DEBUG] armors=1, targets=1
[DEBUG] armors=1, targets=1
[DEBUG] armors=1, targets=1
[DEBUG] armors=1, targets=1
[DEBUG] armors=1, targets=1
[DEBUG] armors=1, targets=1
[DEBUG] armors=1, targets=1
[DEBUG] armors=1, targets=1
[DEBUG] armors=1, targets=1
[DEBUG] armors=1, targets=1
[DEBUG] armors=1, targets=1
[DEBUG] armors=1, targets=1
[DEBUG] armors=1, targets=1
[2026-09-05 13:10:53.329] [info] [DRYRUN] measured_gimbal=(2.933,0.033,0.101) measured_world=(2.926,0.197,-0.113) tracked_world=(2.921,0.196,-0.113) target_gimbal_deg=(0.64,1.97) target_world_deg=(3.85,-2.22) gimbal_deg=(3.21,4.19) armor_y_px=502.9 pixel_error_deg=(0.10,-0.91) ballistic=(range=2.933m holdover=0.571m comp=10.79deg residual=-11.70deg) q_wxyz=(0.998940,0.001024,0.036545,-0.027984) cmd_deg=(3.84,-15.11) packed_pitch_deg=-15.11 control=true shoot=false
[DEBUG] armors=1, targets=1
[DEBUG] armors=1, targets=1
[DEBUG] armors=1, targets=1
[DEBUG] armors=1, targets=1
[DEBUG] armors=1, targets=1
[DEBUG] armors=1, targets=1
[DEBUG] armors=1, targets=1
[DEBUG] armors=1, targets=1
[DEBUG] armors=1, targets=1
[DEBUG] armors=1, targets=1
[DEBUG] armors=1, targets=1
[DEBUG] armors=1, targets=1
[DEBUG] armors=1, targets=1
[DEBUG] armors=1, targets=1
[DEBUG] armors=1, targets=1
[DEBUG] armors=1, targets=1
[DEBUG] armors=1, targets=1
[DEBUG] armors=1, targets=1
[DEBUG] armors=1, targets=1
[2026-09-05 13:10:53.626] [info] [SYNC][XUC] mode=0 yaw=-3.21 deg pitch=4.19 deg feeder_rpm=0.00 wheel0_rpm=0 wheel1_rpm=0 wheel_delta=0 projectile_speed=12.80
[DEBUG] armors=1, targets=1
[2026-09-05 13:10:53.640] [info] [DRYRUN] measured_gimbal=(2.934,0.033,0.101) measured_world=(2.927,0.197,-0.113) tracked_world=(2.921,0.196,-0.113) target_gimbal_deg=(0.64,1.98) target_world_deg=(3.84,-2.21) gimbal_deg=(3.21,4.19) armor_y_px=502.7 pixel_error_deg=(0.10,-0.91) ballistic=(range=2.934m holdover=0.571m comp=10.80deg residual=-11.71deg) q_wxyz=(0.998940,0.001024,0.036545,-0.027984) cmd_deg=(3.84,-15.12) packed_pitch_deg=-15.12 control=true shoot=false
[2026-09-05 13:10:53.642] [info] [PERF] 总耗时=15.5ms (检测=12.8ms, 跟踪=0.5ms), FPS=64.4
[2026-09-05 13:10:53.642] [info] 📊 [CAMERA FPS] 瞬时帧率=64.3fps, 平均帧率=64.3fps, 总帧数=3100, 运行时间=48.2s
[DEBUG] armors=1, targets=1
[DEBUG] armors=1, targets=1
[DEBUG] armors=1, targets=1
[DEBUG] armors=1, targets=1
[DEBUG] armors=1, targets=1
[DEBUG] armors=1, targets=1
[DEBUG] armors=1, targets=1
[DEBUG] armors=1, targets=1
[DEBUG] armors=1, targets=1
[DEBUG] armors=1, targets=1
[DEBUG] armors=1, targets=1
[DEBUG] armors=1, targets=1
[DEBUG] armors=1, targets=1
[DEBUG] armors=1, targets=1
[DEBUG] armors=1, targets=1
[DEBUG] armors=1, targets=1
[DEBUG] armors=1, targets=1
[DEBUG] armors=1, targets=1
[DEBUG] armors=1, targets=1
[DEBUG] armors=1, targets=1
[2026-09-05 13:10:53.954] [info] [DRYRUN] measured_gimbal=(2.919,0.032,0.101) measured_world=(2.912,0.196,-0.112) tracked_world=(2.920,0.196,-0.113) target_gimbal_deg=(0.63,1.98) target_world_deg=(3.84,-2.21) gimbal_deg=(3.21,4.19) armor_y_px=502.8 pixel_error_deg=(0.10,-0.91) ballistic=(range=2.919m holdover=0.567m comp=10.77deg residual=-11.69deg) q_wxyz=(0.998940,0.001024,0.036545,-0.027984) cmd_deg=(3.85,-15.11) packed_pitch_deg=-15.11 control=true shoot=false
[DEBUG] armors=1, targets=1
[DEBUG] armors=1, targets=1
[DEBUG] armors=1, targets=1
[DEBUG] armors=1, targets=1
[DEBUG] armors=1, targets=1
[DEBUG] armors=1, targets=1
[DEBUG] armors=1, targets=1
[DEBUG] armors=1, targets=1
[DEBUG] armors=1, targets=1
[DEBUG] armors=1, targets=1
[DEBUG] armors=1, targets=1
[DEBUG] armors=1, targets=1
[DEBUG] armors=1, targets=1
[DEBUG] armors=1, targets=1
[DEBUG] armors=1, targets=1
[DEBUG] armors=1, targets=1
[DEBUG] armors=1, targets=1
[DEBUG] armors=1, targets=1
[DEBUG] armors=1, targets=1
[DEBUG] armors=1, targets=1
[2026-09-05 13:10:54.265] [info] [DRYRUN] measured_gimbal=(2.933,0.033,0.101) measured_world=(2.926,0.197,-0.113) tracked_world=(2.920,0.196,-0.113) target_gimbal_deg=(0.64,1.98) target_world_deg=(3.84,-2.21) gimbal_deg=(3.21,4.19) armor_y_px=502.7 pixel_error_deg=(0.10,-0.91) ballistic=(range=2.933m holdover=0.571m comp=10.79deg residual=-11.71deg) q_wxyz=(0.998940,0.001024,0.036545,-0.027984) cmd_deg=(3.84,-15.11) packed_pitch_deg=-15.11 control=true shoot=false
[DEBUG] armors=1, targets=1
[DEBUG] armors=1, targets=1
[DEBUG] armors=1, targets=1
[DEBUG] armors=1, targets=1
[DEBUG] armors=1, targets=1
[DEBUG] armors=1, targets=1
[DEBUG] armors=1, targets=1
[DEBUG] armors=1, targets=1
[DEBUG] armors=1, targets=1
[2026-09-05 13:10:54.409] [info] [SYNC][XUC] mode=0 yaw=-3.21 deg pitch=4.19 deg feeder_rpm=-4.00 wheel0_rpm=0 wheel1_rpm=0 wheel_delta=0 projectile_speed=12.80
[DEBUG] armors=1, targets=1
[2026-09-05 13:10:54.424] [info] [PERF] 总耗时=15.3ms (检测=12.5ms, 跟踪=0.5ms), FPS=65.5
[2026-09-05 13:10:54.424] [info] 📊 [CAMERA FPS] 瞬时帧率=65.4fps, 平均帧率=64.3fps, 总帧数=3150, 运行时间=49.0s
[DEBUG] armors=1, targets=1
[DEBUG] armors=1, targets=1
[DEBUG] armors=1, targets=1
[DEBUG] armors=1, targets=1
[DEBUG] armors=1, targets=1
[DEBUG] armors=1, targets=1
[DEBUG] armors=1, targets=1
[DEBUG] armors=1, targets=1
[DEBUG] armors=1, targets=1
[DEBUG] armors=1, targets=1
[2026-09-05 13:10:54.577] [info] [DRYRUN] measured_gimbal=(2.932,0.033,0.101) measured_world=(2.925,0.197,-0.113) tracked_world=(2.919,0.196,-0.113) target_gimbal_deg=(0.64,1.98) target_world_deg=(3.85,-2.21) gimbal_deg=(3.21,4.19) armor_y_px=502.9 pixel_error_deg=(0.10,-0.91) ballistic=(range=2.932m holdover=0.570m comp=10.79deg residual=-11.70deg) q_wxyz=(0.998940,0.001024,0.036545,-0.027984) cmd_deg=(3.85,-15.12) packed_pitch_deg=-15.12 control=true shoot=false
[DEBUG] armors=1, targets=1
[DEBUG] armors=1, targets=1
[DEBUG] armors=1, targets=1
[DEBUG] armors=1, targets=1
[DEBUG] armors=1, targets=1
[DEBUG] armors=1, targets=1
[DEBUG] armors=1, targets=1
[DEBUG] armors=1, targets=1
[DEBUG] armors=1, targets=1
[DEBUG] armors=1, targets=1
[DEBUG] armors=1, targets=1
[DEBUG] armors=1, targets=1
[DEBUG] armors=1, targets=1
[DEBUG] armors=1, targets=1
[DEBUG] armors=1, targets=1
[DEBUG] armors=1, targets=1
[DEBUG] armors=1, targets=1
[DEBUG] armors=1, targets=1
[DEBUG] armors=1, targets=1
[DEBUG] armors=1, targets=1
[2026-09-05 13:10:54.889] [info] [DRYRUN] measured_gimbal=(2.936,0.033,0.101) measured_world=(2.929,0.197,-0.114) tracked_world=(2.919,0.196,-0.113) target_gimbal_deg=(0.64,1.97) target_world_deg=(3.85,-2.22) gimbal_deg=(3.21,4.19) armor_y_px=502.9 pixel_error_deg=(0.10,-0.91) ballistic=(range=2.936m holdover=0.571m comp=10.80deg residual=-11.71deg) q_wxyz=(0.998940,0.001024,0.036545,-0.027984) cmd_deg=(3.84,-15.12) packed_pitch_deg=-15.12 control=true shoot=false
[DEBUG] armors=1, targets=1
[DEBUG] armors=1, targets=1
[DEBUG] armors=1, targets=1
[DEBUG] armors=1, targets=1
[DEBUG] armors=1, targets=1
[DEBUG] armors=1, targets=1
[DEBUG] armors=1, targets=1
[DEBUG] armors=1, targets=1
[DEBUG] armors=1, targets=1
[DEBUG] armors=1, targets=1
[DEBUG] armors=1, targets=1
[DEBUG] armors=1, targets=1
[DEBUG] armors=1, targets=1
[DEBUG] armors=1, targets=1
[DEBUG] armors=1, targets=1
[DEBUG] armors=1, targets=1
[DEBUG] armors=1, targets=1
[DEBUG] armors=1, targets=1
[DEBUG] armors=1, targets=1
[2026-09-05 13:10:55.191] [info] [SYNC][XUC] mode=0 yaw=-3.21 deg pitch=4.19 deg feeder_rpm=0.00 wheel0_rpm=0 wheel1_rpm=0 wheel_delta=0 projectile_speed=12.80
[DEBUG] armors=1, targets=1
[2026-09-05 13:10:55.205] [info] [DRYRUN] measured_gimbal=(2.918,0.032,0.101) measured_world=(2.912,0.196,-0.113) tracked_world=(2.919,0.196,-0.113) target_gimbal_deg=(0.64,1.98) target_world_deg=(3.85,-2.21) gimbal_deg=(3.21,4.19) armor_y_px=502.9 pixel_error_deg=(0.10,-0.91) ballistic=(range=2.919m holdover=0.567m comp=10.77deg residual=-11.68deg) q_wxyz=(0.998940,0.001024,0.036545,-0.027984) cmd_deg=(3.85,-15.10) packed_pitch_deg=-15.10 control=true shoot=false
[2026-09-05 13:10:55.207] [info] [PERF] 总耗时=15.4ms (检测=12.5ms, 跟踪=0.4ms), FPS=64.9
[2026-09-05 13:10:55.207] [info] 📊 [CAMERA FPS] 瞬时帧率=64.8fps, 平均帧率=64.3fps, 总帧数=3200, 运行时间=49.8s
[DEBUG] armors=1, targets=1
[DEBUG] armors=1, targets=1
[DEBUG] armors=1, targets=1
[DEBUG] armors=1, targets=1
[DEBUG] armors=1, targets=1
[DEBUG] armors=1, targets=1
[DEBUG] armors=1, targets=1
[DEBUG] armors=1, targets=1
[DEBUG] armors=1, targets=1
[DEBUG] armors=1, targets=1
[DEBUG] armors=1, targets=1
[DEBUG] armors=1, targets=1
[DEBUG] armors=1, targets=1
[DEBUG] armors=1, targets=1
[DEBUG] armors=1, targets=1
[DEBUG] armors=1, targets=1
[DEBUG] armors=1, targets=1
[DEBUG] armors=1, targets=1
[DEBUG] armors=1, targets=1
[DEBUG] armors=1, targets=1
[2026-09-05 13:10:55.517] [info] [DRYRUN] measured_gimbal=(2.925,0.033,0.101) measured_world=(2.918,0.196,-0.113) tracked_world=(2.922,0.196,-0.113) target_gimbal_deg=(0.64,1.98) target_world_deg=(3.85,-2.21) gimbal_deg=(3.21,4.19) armor_y_px=502.9 pixel_error_deg=(0.10,-0.91) ballistic=(range=2.925m holdover=0.569m comp=10.78deg residual=-11.69deg) q_wxyz=(0.998940,0.001024,0.036545,-0.027984) cmd_deg=(3.85,-15.12) packed_pitch_deg=-15.12 control=true shoot=false
[DEBUG] armors=1, targets=1
[DEBUG] armors=1, targets=1
[DEBUG] armors=1, targets=1
[DEBUG] armors=1, targets=1
[DEBUG] armors=1, targets=1
[DEBUG] armors=1, targets=1
[DEBUG] armors=1, targets=1
[DEBUG] armors=1, targets=1
[DEBUG] armors=1, targets=1
[DEBUG] armors=1, targets=1
[DEBUG] armors=1, targets=1
[DEBUG] armors=1, targets=1
[DEBUG] armors=1, targets=1
[DEBUG] armors=1, targets=1
[DEBUG] armors=1, targets=1
[DEBUG] armors=1, targets=1
[DEBUG] armors=1, targets=1
[DEBUG] armors=1, targets=1
[DEBUG] armors=1, targets=1
[DEBUG] armors=1, targets=1
[2026-09-05 13:10:55.833] [info] [DRYRUN] measured_gimbal=(2.922,0.032,0.101) measured_world=(2.915,0.196,-0.113) tracked_world=(2.921,0.196,-0.113) target_gimbal_deg=(0.64,1.98) target_world_deg=(3.85,-2.21) gimbal_deg=(3.21,4.19) armor_y_px=502.9 pixel_error_deg=(0.10,-0.91) ballistic=(range=2.922m holdover=0.568m comp=10.78deg residual=-11.69deg) q_wxyz=(0.998940,0.001024,0.036545,-0.027984) cmd_deg=(3.84,-15.11) packed_pitch_deg=-15.11 control=true shoot=false
[DEBUG] armors=1, targets=1
[DEBUG] armors=1, targets=1
[DEBUG] armors=1, targets=1
[DEBUG] armors=1, targets=1
[DEBUG] armors=1, targets=1
[DEBUG] armors=1, targets=1
[DEBUG] armors=1, targets=1
[DEBUG] armors=1, targets=1
[DEBUG] armors=1, targets=1
[2026-09-05 13:10:55.976] [info] [SYNC][XUC] mode=0 yaw=-3.21 deg pitch=4.19 deg feeder_rpm=0.00 wheel0_rpm=0 wheel1_rpm=0 wheel_delta=0 projectile_speed=12.80
[DEBUG] armors=1, targets=1
[2026-09-05 13:10:55.991] [info] [PERF] 总耗时=15.7ms (检测=12.9ms, 跟踪=0.5ms), FPS=63.6
[2026-09-05 13:10:55.991] [info] 📊 [CAMERA FPS] 瞬时帧率=63.5fps, 平均帧率=64.3fps, 总帧数=3250, 运行时间=50.6s
[DEBUG] armors=1, targets=1
[DEBUG] armors=1, targets=1
[DEBUG] armors=1, targets=1
[DEBUG] armors=1, targets=1
[DEBUG] armors=1, targets=1
[DEBUG] armors=1, targets=1
[DEBUG] armors=1, targets=1
[DEBUG] armors=1, targets=1
[DEBUG] armors=1, targets=1
[DEBUG] armors=1, targets=1
[2026-09-05 13:10:56.143] [info] [DRYRUN] measured_gimbal=(2.932,0.033,0.101) measured_world=(2.925,0.197,-0.113) tracked_world=(2.922,0.196,-0.113) target_gimbal_deg=(0.64,1.98) target_world_deg=(3.85,-2.21) gimbal_deg=(3.21,4.19) armor_y_px=502.6 pixel_error_deg=(0.10,-0.92) ballistic=(range=2.932m holdover=0.570m comp=10.79deg residual=-11.71deg) q_wxyz=(0.998940,0.001024,0.036545,-0.027984) cmd_deg=(3.85,-15.13) packed_pitch_deg=-15.13 control=true shoot=false
[DEBUG] armors=1, targets=1
[DEBUG] armors=1, targets=1
[DEBUG] armors=1, targets=1
[DEBUG] armors=1, targets=1
[DEBUG] armors=1, targets=1
[DEBUG] armors=1, targets=1
[DEBUG] armors=1, targets=1
[DEBUG] armors=1, targets=1
[DEBUG] armors=1, targets=1
[DEBUG] armors=1, targets=1
[DEBUG] armors=1, targets=1
[DEBUG] armors=1, targets=1
[DEBUG] armors=1, targets=1
[DEBUG] armors=1, targets=1
[DEBUG] armors=1, targets=1
[DEBUG] armors=1, targets=1
[DEBUG] armors=1, targets=1
[DEBUG] armors=1, targets=1
[DEBUG] armors=1, targets=1
[DEBUG] armors=1, targets=1
[2026-09-05 13:10:56.460] [info] [DRYRUN] measured_gimbal=(2.925,0.033,0.101) measured_world=(2.918,0.196,-0.113) tracked_world=(2.922,0.196,-0.113) target_gimbal_deg=(0.64,1.98) target_world_deg=(3.85,-2.21) gimbal_deg=(3.21,4.19) armor_y_px=502.8 pixel_error_deg=(0.10,-0.91) ballistic=(range=2.925m holdover=0.569m comp=10.78deg residual=-11.70deg) q_wxyz=(0.998940,0.001024,0.036545,-0.027984) cmd_deg=(3.85,-15.11) packed_pitch_deg=-15.11 control=true shoot=false
[DEBUG] armors=1, targets=1
[DEBUG] armors=1, targets=1
[DEBUG] armors=1, targets=1
[DEBUG] armors=1, targets=1
[DEBUG] armors=1, targets=1
[DEBUG] armors=1, targets=1
[DEBUG] armors=1, targets=1
[DEBUG] armors=1, targets=1
[DEBUG] armors=1, targets=1
[DEBUG] armors=1, targets=1
[DEBUG] armors=1, targets=1
[DEBUG] armors=1, targets=1
[DEBUG] armors=1, targets=1
[DEBUG] armors=1, targets=1
[DEBUG] armors=1, targets=1
[DEBUG] armors=1, targets=1
[DEBUG] armors=1, targets=1
[DEBUG] armors=1, targets=1
[DEBUG] armors=1, targets=1
[2026-09-05 13:10:56.759] [info] [SYNC][XUC] mode=0 yaw=-3.21 deg pitch=4.19 deg feeder_rpm=0.00 wheel0_rpm=0 wheel1_rpm=0 wheel_delta=0 projectile_speed=12.80
[DEBUG] armors=1, targets=1
[2026-09-05 13:10:56.772] [info] [DRYRUN] measured_gimbal=(2.932,0.032,0.101) measured_world=(2.925,0.196,-0.113) tracked_world=(2.920,0.196,-0.113) target_gimbal_deg=(0.63,1.98) target_world_deg=(3.84,-2.21) gimbal_deg=(3.21,4.19) armor_y_px=502.7 pixel_error_deg=(0.10,-0.91) ballistic=(range=2.932m holdover=0.570m comp=10.79deg residual=-11.71deg) q_wxyz=(0.998940,0.001024,0.036545,-0.027984) cmd_deg=(3.85,-15.12) packed_pitch_deg=-15.12 control=true shoot=false
[2026-09-05 13:10:56.774] [info] [PERF] 总耗时=15.4ms (检测=12.6ms, 跟踪=0.5ms), FPS=64.8
[2026-09-05 13:10:56.774] [info] 📊 [CAMERA FPS] 瞬时帧率=64.7fps, 平均帧率=64.3fps, 总帧数=3300, 运行时间=51.3s
[DEBUG] armors=1, targets=1
[DEBUG] armors=1, targets=1
[DEBUG] armors=1, targets=1
[DEBUG] armors=1, targets=1
[DEBUG] armors=1, targets=1
[DEBUG] armors=1, targets=1
[DEBUG] armors=1, targets=1
[DEBUG] armors=1, targets=1
[DEBUG] armors=1, targets=1
[DEBUG] armors=1, targets=1
[DEBUG] armors=1, targets=1
[DEBUG] armors=1, targets=1
[DEBUG] armors=1, targets=1
[DEBUG] armors=1, targets=1
[DEBUG] armors=1, targets=1
[DEBUG] armors=1, targets=1
[DEBUG] armors=1, targets=1
[DEBUG] armors=1, targets=1
[DEBUG] armors=1, targets=1
[DEBUG] armors=1, targets=1
[2026-09-05 13:10:57.078] [info] [DRYRUN] measured_gimbal=(2.922,0.032,0.101) measured_world=(2.915,0.196,-0.113) tracked_world=(2.920,0.196,-0.113) target_gimbal_deg=(0.64,1.98) target_world_deg=(3.85,-2.21) gimbal_deg=(3.21,4.19) armor_y_px=502.9 pixel_error_deg=(0.10,-0.91) ballistic=(range=2.922m holdover=0.568m comp=10.78deg residual=-11.69deg) q_wxyz=(0.998940,0.001024,0.036545,-0.027984) cmd_deg=(3.84,-15.11) packed_pitch_deg=-15.11 control=true shoot=false
[DEBUG] armors=1, targets=1
[DEBUG] armors=1, targets=1
[DEBUG] armors=1, targets=1
[DEBUG] armors=1, targets=1
[DEBUG] armors=1, targets=1
[DEBUG] armors=1, targets=1
[DEBUG] armors=1, targets=1
[DEBUG] armors=1, targets=1
[DEBUG] armors=1, targets=1
[DEBUG] armors=1, targets=1
[DEBUG] armors=1, targets=1
[DEBUG] armors=1, targets=1
[DEBUG] armors=1, targets=1
[DEBUG] armors=1, targets=1
[DEBUG] armors=1, targets=1
[DEBUG] armors=1, targets=1
[DEBUG] armors=1, targets=1
[DEBUG] armors=1, targets=1
[DEBUG] armors=1, targets=1
[DEBUG] armors=1, targets=1
[2026-09-05 13:10:57.385] [info] [DRYRUN] measured_gimbal=(2.922,0.032,0.101) measured_world=(2.915,0.196,-0.113) tracked_world=(2.921,0.196,-0.113) target_gimbal_deg=(0.64,1.98) target_world_deg=(3.85,-2.21) gimbal_deg=(3.21,4.19) armor_y_px=502.9 pixel_error_deg=(0.10,-0.91) ballistic=(range=2.922m holdover=0.568m comp=10.78deg residual=-11.69deg) q_wxyz=(0.998940,0.001024,0.036545,-0.027984) cmd_deg=(3.84,-15.11) packed_pitch_deg=-15.11 control=true shoot=false
[DEBUG] armors=1, targets=1
[DEBUG] armors=1, targets=1
[DEBUG] armors=1, targets=1
[DEBUG] armors=1, targets=1
[DEBUG] armors=1, targets=1
[DEBUG] armors=1, targets=1
[DEBUG] armors=1, targets=1
[DEBUG] armors=1, targets=1
[DEBUG] armors=1, targets=1
[2026-09-05 13:10:57.527] [info] [SYNC][XUC] mode=0 yaw=-3.21 deg pitch=4.19 deg feeder_rpm=0.00 wheel0_rpm=0 wheel1_rpm=0 wheel_delta=0 projectile_speed=12.80
[DEBUG] armors=1, targets=1
[2026-09-05 13:10:57.543] [info] [PERF] 总耗时=16.0ms (检测=13.1ms, 跟踪=0.5ms), FPS=62.5
[2026-09-05 13:10:57.543] [info] 📊 [CAMERA FPS] 瞬时帧率=62.3fps, 平均帧率=64.3fps, 总帧数=3350, 运行时间=52.1s
[DEBUG] armors=1, targets=1
[DEBUG] armors=1, targets=1
[DEBUG] armors=1, targets=1
[DEBUG] armors=1, targets=1
[DEBUG] armors=1, targets=1
[DEBUG] armors=1, targets=1
[DEBUG] armors=1, targets=1
[DEBUG] armors=1, targets=1
[DEBUG] armors=1, targets=1
[DEBUG] armors=1, targets=1
[2026-09-05 13:10:57.696] [info] [DRYRUN] measured_gimbal=(2.932,0.032,0.101) measured_world=(2.925,0.196,-0.113) tracked_world=(2.921,0.196,-0.113) target_gimbal_deg=(0.63,1.97) target_world_deg=(3.84,-2.22) gimbal_deg=(3.21,4.19) armor_y_px=503.0 pixel_error_deg=(0.10,-0.91) ballistic=(range=2.932m holdover=0.570m comp=10.79deg residual=-11.70deg) q_wxyz=(0.998940,0.001024,0.036545,-0.027984) cmd_deg=(3.84,-15.11) packed_pitch_deg=-15.11 control=true shoot=false
[DEBUG] armors=1, targets=1
[DEBUG] armors=1, targets=1
[DEBUG] armors=1, targets=1
[DEBUG] armors=1, targets=1
[DEBUG] armors=1, targets=1
[DEBUG] armors=1, targets=1
[DEBUG] armors=1, targets=1
[DEBUG] armors=1, targets=1
[DEBUG] armors=1, targets=1
[DEBUG] armors=1, targets=1
[DEBUG] armors=1, targets=1
[DEBUG] armors=1, targets=1
[DEBUG] armors=1, targets=1
[DEBUG] armors=1, targets=1
[DEBUG] armors=1, targets=1
[DEBUG] armors=1, targets=1
[DEBUG] armors=1, targets=1
[DEBUG] armors=1, targets=1
[DEBUG] armors=1, targets=1
[DEBUG] armors=1, targets=1
[2026-09-05 13:10:58.009] [info] [DRYRUN] measured_gimbal=(2.926,0.033,0.101) measured_world=(2.919,0.196,-0.113) tracked_world=(2.922,0.196,-0.113) target_gimbal_deg=(0.64,1.98) target_world_deg=(3.85,-2.21) gimbal_deg=(3.21,4.19) armor_y_px=502.9 pixel_error_deg=(0.10,-0.91) ballistic=(range=2.926m holdover=0.569m comp=10.78deg residual=-11.69deg) q_wxyz=(0.998940,0.001024,0.036545,-0.027984) cmd_deg=(3.85,-15.11) packed_pitch_deg=-15.11 control=true shoot=false
[DEBUG] armors=1, targets=1
[DEBUG] armors=1, targets=1
[DEBUG] armors=1, targets=1
[DEBUG] armors=1, targets=1
[DEBUG] armors=1, targets=1
[DEBUG] armors=1, targets=1
[DEBUG] armors=1, targets=1
[DEBUG] armors=1, targets=1
[DEBUG] armors=1, targets=1
[DEBUG] armors=1, targets=1
[DEBUG] armors=1, targets=1
[DEBUG] armors=1, targets=1
[DEBUG] armors=1, targets=1
[DEBUG] armors=1, targets=1
[DEBUG] armors=1, targets=1
[DEBUG] armors=1, targets=1
[DEBUG] armors=1, targets=1
[DEBUG] armors=1, targets=1
[DEBUG] armors=1, targets=1
[2026-09-05 13:10:58.306] [info] [SYNC][XUC] mode=0 yaw=-3.21 deg pitch=4.19 deg feeder_rpm=0.00 wheel0_rpm=0 wheel1_rpm=0 wheel_delta=0 projectile_speed=12.80
[DEBUG] armors=1, targets=1
[2026-09-05 13:10:58.318] [info] [DRYRUN] measured_gimbal=(2.933,0.033,0.101) measured_world=(2.927,0.197,-0.113) tracked_world=(2.921,0.196,-0.113) target_gimbal_deg=(0.63,1.98) target_world_deg=(3.84,-2.21) gimbal_deg=(3.21,4.19) armor_y_px=502.7 pixel_error_deg=(0.10,-0.91) ballistic=(range=2.934m holdover=0.571m comp=10.79deg residual=-11.71deg) q_wxyz=(0.998940,0.001024,0.036545,-0.027984) cmd_deg=(3.85,-15.11) packed_pitch_deg=-15.11 control=true shoot=false
[2026-09-05 13:10:58.321] [info] [PERF] 总耗时=15.2ms (检测=12.3ms, 跟踪=0.5ms), FPS=65.8
[2026-09-05 13:10:58.321] [info] 📊 [CAMERA FPS] 瞬时帧率=65.7fps, 平均帧率=64.3fps, 总帧数=3400, 运行时间=52.9s
[DEBUG] armors=1, targets=1
[DEBUG] armors=1, targets=1
[DEBUG] armors=1, targets=1
[DEBUG] armors=1, targets=1
[DEBUG] armors=1, targets=1
[DEBUG] armors=1, targets=1
[DEBUG] armors=1, targets=1
[DEBUG] armors=1, targets=1
[DEBUG] armors=1, targets=1
[DEBUG] armors=1, targets=1
[DEBUG] armors=1, targets=1
[DEBUG] armors=1, targets=1
[DEBUG] armors=1, targets=1
[DEBUG] armors=1, targets=1
[DEBUG] armors=1, targets=1
[DEBUG] armors=1, targets=1
[DEBUG] armors=1, targets=1
[DEBUG] armors=1, targets=1
[DEBUG] armors=1, targets=1
[DEBUG] armors=1, targets=1
[2026-09-05 13:10:58.632] [info] [DRYRUN] measured_gimbal=(2.919,0.032,0.101) measured_world=(2.912,0.196,-0.112) tracked_world=(2.921,0.196,-0.113) target_gimbal_deg=(0.63,1.98) target_world_deg=(3.84,-2.21) gimbal_deg=(3.21,4.19) armor_y_px=502.8 pixel_error_deg=(0.10,-0.91) ballistic=(range=2.919m holdover=0.567m comp=10.77deg residual=-11.69deg) q_wxyz=(0.998940,0.001024,0.036545,-0.027984) cmd_deg=(3.84,-15.11) packed_pitch_deg=-15.11 control=true shoot=false
[DEBUG] armors=1, targets=1
[DEBUG] armors=1, targets=1
[DEBUG] armors=1, targets=1
[DEBUG] armors=1, targets=1
[DEBUG] armors=1, targets=1
[DEBUG] armors=1, targets=1
[DEBUG] armors=1, targets=1
[DEBUG] armors=1, targets=1
[DEBUG] armors=1, targets=1
[DEBUG] armors=1, targets=1
[DEBUG] armors=1, targets=1
[DEBUG] armors=1, targets=1
[DEBUG] armors=1, targets=1
[DEBUG] armors=1, targets=1
[DEBUG] armors=1, targets=1
[DEBUG] armors=1, targets=1
[DEBUG] armors=1, targets=1
[DEBUG] armors=1, targets=1
[DEBUG] armors=1, targets=1
[DEBUG] armors=1, targets=1
[2026-09-05 13:10:58.941] [info] [DRYRUN] measured_gimbal=(2.917,0.032,0.101) measured_world=(2.911,0.195,-0.112) tracked_world=(2.920,0.196,-0.113) target_gimbal_deg=(0.63,1.99) target_world_deg=(3.84,-2.21) gimbal_deg=(3.21,4.19) armor_y_px=502.7 pixel_error_deg=(0.10,-0.91) ballistic=(range=2.918m holdover=0.566m comp=10.77deg residual=-11.69deg) q_wxyz=(0.998940,0.001024,0.036545,-0.027984) cmd_deg=(3.85,-15.10) packed_pitch_deg=-15.10 control=true shoot=false
[DEBUG] armors=1, targets=1
[DEBUG] armors=1, targets=1
[DEBUG] armors=1, targets=1
[DEBUG] armors=1, targets=1
[DEBUG] armors=1, targets=1
[DEBUG] armors=1, targets=1
[DEBUG] armors=1, targets=1
[DEBUG] armors=1, targets=1
[DEBUG] armors=1, targets=1
[2026-09-05 13:10:59.083] [info] [SYNC][XUC] mode=0 yaw=-3.21 deg pitch=4.19 deg feeder_rpm=0.00 wheel0_rpm=0 wheel1_rpm=0 wheel_delta=0 projectile_speed=12.80
[DEBUG] armors=1, targets=1
[2026-09-05 13:10:59.098] [info] [PERF] 总耗时=15.3ms (检测=12.7ms, 跟踪=0.5ms), FPS=65.3
[2026-09-05 13:10:59.098] [info] 📊 [CAMERA FPS] 瞬时帧率=65.2fps, 平均帧率=64.3fps, 总帧数=3450, 运行时间=53.7s
[DEBUG] armors=1, targets=1
[DEBUG] armors=1, targets=1
[DEBUG] armors=1, targets=1
[DEBUG] armors=1, targets=1
[DEBUG] armors=1, targets=1
[DEBUG] armors=1, targets=1
[DEBUG] armors=1, targets=1
[DEBUG] armors=1, targets=1
[DEBUG] armors=1, targets=1
[DEBUG] armors=1, targets=1
[2026-09-05 13:10:59.248] [info] [DRYRUN] measured_gimbal=(2.934,0.033,0.101) measured_world=(2.927,0.197,-0.113) tracked_world=(2.918,0.196,-0.113) target_gimbal_deg=(0.64,1.98) target_world_deg=(3.84,-2.21) gimbal_deg=(3.21,4.19) armor_y_px=502.7 pixel_error_deg=(0.10,-0.91) ballistic=(range=2.934m holdover=0.571m comp=10.80deg residual=-11.71deg) q_wxyz=(0.998940,0.001024,0.036545,-0.027984) cmd_deg=(3.84,-15.12) packed_pitch_deg=-15.12 control=true shoot=false
[DEBUG] armors=1, targets=1
[DEBUG] armors=1, targets=1
[DEBUG] armors=1, targets=1
[DEBUG] armors=1, targets=1
[DEBUG] armors=1, targets=1
[DEBUG] armors=1, targets=1
[DEBUG] armors=1, targets=1
[DEBUG] armors=1, targets=1
[DEBUG] armors=1, targets=1
[DEBUG] armors=1, targets=1
[DEBUG] armors=1, targets=1
[DEBUG] armors=1, targets=1
[DEBUG] armors=1, targets=1
[DEBUG] armors=1, targets=1
[DEBUG] armors=1, targets=1
[DEBUG] armors=1, targets=1
[DEBUG] armors=1, targets=1
[DEBUG] armors=1, targets=1
[DEBUG] armors=1, targets=1
[DEBUG] armors=1, targets=1
[2026-09-05 13:10:59.560] [info] [DRYRUN] measured_gimbal=(2.932,0.032,0.101) measured_world=(2.925,0.196,-0.113) tracked_world=(2.918,0.196,-0.113) target_gimbal_deg=(0.63,1.98) target_world_deg=(3.84,-2.21) gimbal_deg=(3.21,4.19) armor_y_px=502.7 pixel_error_deg=(0.10,-0.91) ballistic=(range=2.932m holdover=0.570m comp=10.79deg residual=-11.71deg) q_wxyz=(0.998940,0.001024,0.036545,-0.027984) cmd_deg=(3.84,-15.12) packed_pitch_deg=-15.12 control=true shoot=false
[DEBUG] armors=1, targets=1
[DEBUG] armors=1, targets=1
[DEBUG] armors=1, targets=1
[DEBUG] armors=1, targets=1
[DEBUG] armors=1, targets=1
[DEBUG] armors=1, targets=1
[DEBUG] armors=1, targets=1
[DEBUG] armors=1, targets=1
[DEBUG] armors=1, targets=1
[DEBUG] armors=1, targets=1
[DEBUG] armors=1, targets=1
[DEBUG] armors=1, targets=1
[DEBUG] armors=1, targets=1
[DEBUG] armors=1, targets=1
[DEBUG] armors=1, targets=1
[DEBUG] armors=1, targets=1
[DEBUG] armors=1, targets=1
[DEBUG] armors=1, targets=1
[DEBUG] armors=1, targets=1
[2026-09-05 13:10:59.861] [info] [SYNC][XUC] mode=0 yaw=-3.21 deg pitch=4.19 deg feeder_rpm=0.00 wheel0_rpm=0 wheel1_rpm=0 wheel_delta=0 projectile_speed=12.80
[DEBUG] armors=1, targets=1
[2026-09-05 13:10:59.874] [info] [DRYRUN] measured_gimbal=(2.915,0.032,0.101) measured_world=(2.908,0.196,-0.112) tracked_world=(2.917,0.196,-0.113) target_gimbal_deg=(0.64,1.98) target_world_deg=(3.85,-2.21) gimbal_deg=(3.21,4.19) armor_y_px=502.8 pixel_error_deg=(0.09,-0.91) ballistic=(range=2.915m holdover=0.566m comp=10.77deg residual=-11.68deg) q_wxyz=(0.998940,0.001024,0.036545,-0.027984) cmd_deg=(3.84,-15.09) packed_pitch_deg=-15.09 control=true shoot=false
[2026-09-05 13:10:59.877] [info] [PERF] 总耗时=15.4ms (检测=12.5ms, 跟踪=0.5ms), FPS=65.1
[2026-09-05 13:10:59.877] [info] 📊 [CAMERA FPS] 瞬时帧率=64.9fps, 平均帧率=64.3fps, 总帧数=3500, 运行时间=54.4s
[DEBUG] armors=1, targets=1
[DEBUG] armors=1, targets=1
[DEBUG] armors=1, targets=1
[DEBUG] armors=1, targets=1
[DEBUG] armors=1, targets=1
[DEBUG] armors=1, targets=1
[DEBUG] armors=1, targets=1
[DEBUG] armors=1, targets=1
[DEBUG] armors=1, targets=1
[DEBUG] armors=1, targets=1
[DEBUG] armors=1, targets=1
[DEBUG] armors=1, targets=1
[DEBUG] armors=1, targets=1
[DEBUG] armors=1, targets=1
[DEBUG] armors=1, targets=1
[DEBUG] armors=1, targets=1
[DEBUG] armors=1, targets=1
[DEBUG] armors=1, targets=1
[DEBUG] armors=1, targets=1
[DEBUG] armors=1, targets=1
[2026-09-05 13:11:00.191] [info] [DRYRUN] measured_gimbal=(2.930,0.032,0.101) measured_world=(2.923,0.196,-0.113) tracked_world=(2.917,0.196,-0.113) target_gimbal_deg=(0.63,1.98) target_world_deg=(3.84,-2.21) gimbal_deg=(3.21,4.19) armor_y_px=502.7 pixel_error_deg=(0.10,-0.91) ballistic=(range=2.930m holdover=0.570m comp=10.79deg residual=-11.70deg) q_wxyz=(0.998940,0.001024,0.036545,-0.027984) cmd_deg=(3.84,-15.10) packed_pitch_deg=-15.10 control=true shoot=false
[DEBUG] armors=1, targets=1
[DEBUG] armors=1, targets=1
[DEBUG] armors=1, targets=1
[DEBUG] armors=1, targets=1
[DEBUG] armors=1, targets=1
[DEBUG] armors=1, targets=1
[DEBUG] armors=1, targets=1
[DEBUG] armors=1, targets=1
[DEBUG] armors=1, targets=1
[DEBUG] armors=1, targets=1
[DEBUG] armors=1, targets=1
[DEBUG] armors=1, targets=1
[DEBUG] armors=1, targets=1
[DEBUG] armors=1, targets=1
[DEBUG] armors=1, targets=1
[DEBUG] armors=1, targets=1
[DEBUG] armors=1, targets=1
[DEBUG] armors=1, targets=1
[DEBUG] armors=1, targets=1
[DEBUG] armors=1, targets=1
[2026-09-05 13:11:00.504] [info] [DRYRUN] measured_gimbal=(2.934,0.033,0.101) measured_world=(2.927,0.197,-0.113) tracked_world=(2.919,0.196,-0.113) target_gimbal_deg=(0.64,1.98) target_world_deg=(3.85,-2.21) gimbal_deg=(3.21,4.19) armor_y_px=502.7 pixel_error_deg=(0.10,-0.92) ballistic=(range=2.934m holdover=0.571m comp=10.80deg residual=-11.71deg) q_wxyz=(0.998940,0.001024,0.036545,-0.027984) cmd_deg=(3.85,-15.12) packed_pitch_deg=-15.12 control=true shoot=false
[DEBUG] armors=1, targets=1
[DEBUG] armors=1, targets=1
[DEBUG] armors=1, targets=1
[DEBUG] armors=1, targets=1
[DEBUG] armors=1, targets=1
[DEBUG] armors=1, targets=1
[DEBUG] armors=1, targets=1
[DEBUG] armors=1, targets=1
[DEBUG] armors=1, targets=1
[2026-09-05 13:11:00.648] [info] [SYNC][XUC] mode=0 yaw=-3.21 deg pitch=4.19 deg feeder_rpm=0.00 wheel0_rpm=0 wheel1_rpm=0 wheel_delta=0 projectile_speed=12.80
[DEBUG] armors=1, targets=1
[2026-09-05 13:11:00.663] [info] [PERF] 总耗时=15.3ms (检测=12.7ms, 跟踪=0.4ms), FPS=65.5
[2026-09-05 13:11:00.663] [info] 📊 [CAMERA FPS] 瞬时帧率=65.4fps, 平均帧率=64.3fps, 总帧数=3550, 运行时间=55.2s
[DEBUG] armors=1, targets=1
[DEBUG] armors=1, targets=1
[DEBUG] armors=1, targets=1
[DEBUG] armors=1, targets=1
[DEBUG] armors=1, targets=1
[DEBUG] armors=1, targets=1
[DEBUG] armors=1, targets=1
[DEBUG] armors=1, targets=1
[DEBUG] armors=1, targets=1
[DEBUG] armors=1, targets=1
[2026-09-05 13:11:00.814] [info] [DRYRUN] measured_gimbal=(2.922,0.032,0.101) measured_world=(2.915,0.196,-0.113) tracked_world=(2.920,0.196,-0.113) target_gimbal_deg=(0.64,1.98) target_world_deg=(3.84,-2.21) gimbal_deg=(3.21,4.19) armor_y_px=502.7 pixel_error_deg=(0.10,-0.91) ballistic=(range=2.922m holdover=0.568m comp=10.78deg residual=-11.69deg) q_wxyz=(0.998940,0.001024,0.036545,-0.027984) cmd_deg=(3.84,-15.11) packed_pitch_deg=-15.11 control=true shoot=false
[DEBUG] armors=1, targets=1
[DEBUG] armors=1, targets=1
[DEBUG] armors=1, targets=1
[DEBUG] armors=1, targets=1
[DEBUG] armors=1, targets=1
[DEBUG] armors=1, targets=1
[DEBUG] armors=1, targets=1
[DEBUG] armors=1, targets=1
[DEBUG] armors=1, targets=1
[DEBUG] armors=1, targets=1
[DEBUG] armors=1, targets=1
[DEBUG] armors=1, targets=1
[DEBUG] armors=1, targets=1
[DEBUG] armors=1, targets=1
[DEBUG] armors=1, targets=1
[DEBUG] armors=1, targets=1
[DEBUG] armors=1, targets=1
[DEBUG] armors=1, targets=1
[DEBUG] armors=1, targets=1
[DEBUG] armors=1, targets=1
[2026-09-05 13:11:01.125] [info] [DRYRUN] measured_gimbal=(2.903,0.032,0.101) measured_world=(2.896,0.194,-0.111) tracked_world=(2.919,0.196,-0.113) target_gimbal_deg=(0.63,1.99) target_world_deg=(3.84,-2.20) gimbal_deg=(3.21,4.19) armor_y_px=502.7 pixel_error_deg=(0.10,-0.91) ballistic=(range=2.903m holdover=0.563m comp=10.75deg residual=-11.66deg) q_wxyz=(0.998940,0.001024,0.036545,-0.027984) cmd_deg=(3.85,-15.09) packed_pitch_deg=-15.09 control=true shoot=false
[DEBUG] armors=1, targets=1
[DEBUG] armors=1, targets=1
[DEBUG] armors=1, targets=1
[DEBUG] armors=1, targets=1
[DEBUG] armors=1, targets=1
[DEBUG] armors=1, targets=1
[DEBUG] armors=1, targets=1
[DEBUG] armors=1, targets=1
[DEBUG] armors=1, targets=1
[DEBUG] armors=1, targets=1
[DEBUG] armors=1, targets=1
[DEBUG] armors=1, targets=1
[DEBUG] armors=1, targets=1
[DEBUG] armors=1, targets=1
[DEBUG] armors=1, targets=1
[DEBUG] armors=1, targets=1
[DEBUG] armors=1, targets=1
[DEBUG] armors=1, targets=1
[DEBUG] armors=1, targets=1
[2026-09-05 13:11:01.424] [info] [SYNC][XUC] mode=0 yaw=-3.21 deg pitch=4.19 deg feeder_rpm=-4.00 wheel0_rpm=0 wheel1_rpm=0 wheel_delta=0 projectile_speed=12.80
[DEBUG] armors=1, targets=1
[2026-09-05 13:11:01.437] [info] [DRYRUN] measured_gimbal=(2.918,0.032,0.101) measured_world=(2.911,0.196,-0.112) tracked_world=(2.917,0.196,-0.113) target_gimbal_deg=(0.64,1.99) target_world_deg=(3.85,-2.20) gimbal_deg=(3.21,4.19) armor_y_px=502.7 pixel_error_deg=(0.10,-0.92) ballistic=(range=2.918m holdover=0.567m comp=10.77deg residual=-11.69deg) q_wxyz=(0.998940,0.001024,0.036545,-0.027984) cmd_deg=(3.84,-15.09) packed_pitch_deg=-15.09 control=true shoot=false
[2026-09-05 13:11:01.439] [info] [PERF] 总耗时=15.4ms (检测=12.6ms, 跟踪=0.5ms), FPS=65.1
[2026-09-05 13:11:01.439] [info] 📊 [CAMERA FPS] 瞬时帧率=65.0fps, 平均帧率=64.3fps, 总帧数=3600, 运行时间=56.0s
[DEBUG] armors=1, targets=1
[DEBUG] armors=1, targets=1
[DEBUG] armors=1, targets=1
[DEBUG] armors=1, targets=1
[DEBUG] armors=1, targets=1
[DEBUG] armors=1, targets=1
[DEBUG] armors=1, targets=1
[DEBUG] armors=1, targets=1
[DEBUG] armors=1, targets=1
[DEBUG] armors=1, targets=1
[DEBUG] armors=1, targets=1
[DEBUG] armors=1, targets=1
[DEBUG] armors=1, targets=1
[DEBUG] armors=1, targets=1
[DEBUG] armors=1, targets=1
[DEBUG] armors=1, targets=1
[DEBUG] armors=1, targets=1
[DEBUG] armors=1, targets=1
[DEBUG] armors=1, targets=1
[DEBUG] armors=1, targets=1
[2026-09-05 13:11:01.749] [info] [DRYRUN] measured_gimbal=(2.933,0.033,0.101) measured_world=(2.926,0.197,-0.113) tracked_world=(2.917,0.196,-0.113) target_gimbal_deg=(0.64,1.98) target_world_deg=(3.84,-2.21) gimbal_deg=(3.21,4.19) armor_y_px=502.7 pixel_error_deg=(0.10,-0.91) ballistic=(range=2.933m holdover=0.571m comp=10.79deg residual=-11.71deg) q_wxyz=(0.998940,0.001024,0.036545,-0.027984) cmd_deg=(3.84,-15.11) packed_pitch_deg=-15.11 control=true shoot=false
[DEBUG] armors=1, targets=1
[DEBUG] armors=1, targets=1
[DEBUG] armors=1, targets=1
[DEBUG] armors=1, targets=1
[DEBUG] armors=1, targets=1
[DEBUG] armors=1, targets=1
[DEBUG] armors=1, targets=1
[DEBUG] armors=1, targets=1
[DEBUG] armors=1, targets=1
[DEBUG] armors=1, targets=1
[DEBUG] armors=1, targets=1
[DEBUG] armors=1, targets=1
[DEBUG] armors=1, targets=1
[DEBUG] armors=1, targets=1
[DEBUG] armors=1, targets=1
[DEBUG] armors=1, targets=1
[DEBUG] armors=1, targets=1
[DEBUG] armors=1, targets=1
[DEBUG] armors=1, targets=1
[DEBUG] armors=1, targets=1
[2026-09-05 13:11:02.066] [info] [DRYRUN] measured_gimbal=(2.925,0.033,0.101) measured_world=(2.919,0.196,-0.113) tracked_world=(2.920,0.196,-0.113) target_gimbal_deg=(0.64,1.98) target_world_deg=(3.85,-2.21) gimbal_deg=(3.21,4.19) armor_y_px=502.9 pixel_error_deg=(0.10,-0.91) ballistic=(range=2.926m holdover=0.569m comp=10.78deg residual=-11.69deg) q_wxyz=(0.998940,0.001024,0.036545,-0.027984) cmd_deg=(3.84,-15.11) packed_pitch_deg=-15.11 control=true shoot=false
[DEBUG] armors=1, targets=1
[DEBUG] armors=1, targets=1
[DEBUG] armors=1, targets=1
[DEBUG] armors=1, targets=1
[DEBUG] armors=1, targets=1
[DEBUG] armors=1, targets=1
[DEBUG] armors=1, targets=1
[DEBUG] armors=1, targets=1
[DEBUG] armors=1, targets=1
[2026-09-05 13:11:02.205] [info] [SYNC][XUC] mode=0 yaw=-3.21 deg pitch=4.19 deg feeder_rpm=0.00 wheel0_rpm=0 wheel1_rpm=0 wheel_delta=0 projectile_speed=12.80
[DEBUG] armors=1, targets=1
[2026-09-05 13:11:02.220] [info] [PERF] 总耗时=14.8ms (检测=12.0ms, 跟踪=0.4ms), FPS=67.5
[2026-09-05 13:11:02.220] [info] 📊 [CAMERA FPS] 瞬时帧率=67.3fps, 平均帧率=64.3fps, 总帧数=3650, 运行时间=56.8s
[DEBUG] armors=1, targets=1
[DEBUG] armors=1, targets=1
[DEBUG] armors=1, targets=1
[DEBUG] armors=1, targets=1
[DEBUG] armors=1, targets=1
[DEBUG] armors=1, targets=1
[DEBUG] armors=1, targets=1
[DEBUG] armors=1, targets=1
[DEBUG] armors=1, targets=1
[DEBUG] armors=1, targets=1
[2026-09-05 13:11:02.372] [info] [DRYRUN] measured_gimbal=(2.935,0.033,0.101) measured_world=(2.928,0.197,-0.113) tracked_world=(2.919,0.196,-0.113) target_gimbal_deg=(0.64,1.98) target_world_deg=(3.85,-2.21) gimbal_deg=(3.21,4.19) armor_y_px=502.8 pixel_error_deg=(0.10,-0.91) ballistic=(range=2.935m holdover=0.571m comp=10.80deg residual=-11.71deg) q_wxyz=(0.998940,0.001024,0.036545,-0.027984) cmd_deg=(3.84,-15.11) packed_pitch_deg=-15.11 control=true shoot=false
[DEBUG] armors=1, targets=1
[DEBUG] armors=1, targets=1
[DEBUG] armors=1, targets=1
[DEBUG] armors=1, targets=1
[DEBUG] armors=1, targets=1
[DEBUG] armors=1, targets=1
[DEBUG] armors=1, targets=1
[DEBUG] armors=1, targets=1
[DEBUG] armors=1, targets=1
[DEBUG] armors=1, targets=1
[DEBUG] armors=1, targets=1
[DEBUG] armors=1, targets=1
[DEBUG] armors=1, targets=1
[DEBUG] armors=1, targets=1
[DEBUG] armors=1, targets=1
[DEBUG] armors=1, targets=1
[DEBUG] armors=1, targets=1
[DEBUG] armors=1, targets=1
[DEBUG] armors=1, targets=1
[DEBUG] armors=1, targets=1
[2026-09-05 13:11:02.686] [info] [DRYRUN] measured_gimbal=(2.932,0.032,0.101) measured_world=(2.926,0.197,-0.113) tracked_world=(2.919,0.196,-0.113) target_gimbal_deg=(0.63,1.98) target_world_deg=(3.84,-2.21) gimbal_deg=(3.21,4.19) armor_y_px=502.7 pixel_error_deg=(0.10,-0.91) ballistic=(range=2.933m holdover=0.570m comp=10.79deg residual=-11.71deg) q_wxyz=(0.998940,0.001024,0.036545,-0.027984) cmd_deg=(3.85,-15.11) packed_pitch_deg=-15.11 control=true shoot=false
[DEBUG] armors=1, targets=1
[DEBUG] armors=1, targets=1
[DEBUG] armors=1, targets=1
[DEBUG] armors=1, targets=1
[DEBUG] armors=1, targets=1
[DEBUG] armors=1, targets=1
[DEBUG] armors=1, targets=1
[DEBUG] armors=1, targets=1
[DEBUG] armors=1, targets=1
[DEBUG] armors=1, targets=1
[DEBUG] armors=1, targets=1
[DEBUG] armors=1, targets=1
[DEBUG] armors=1, targets=1
[DEBUG] armors=1, targets=1
[DEBUG] armors=1, targets=1
[DEBUG] armors=1, targets=1
[DEBUG] armors=1, targets=1
[DEBUG] armors=1, targets=1
[DEBUG] armors=1, targets=1
[2026-09-05 13:11:02.988] [info] [SYNC][XUC] mode=0 yaw=-3.21 deg pitch=4.19 deg feeder_rpm=0.00 wheel0_rpm=0 wheel1_rpm=0 wheel_delta=0 projectile_speed=12.80
[DEBUG] armors=1, targets=1
[2026-09-05 13:11:03.001] [info] [DRYRUN] measured_gimbal=(2.933,0.033,0.101) measured_world=(2.926,0.197,-0.113) tracked_world=(2.921,0.196,-0.113) target_gimbal_deg=(0.64,1.98) target_world_deg=(3.84,-2.21) gimbal_deg=(3.21,4.19) armor_y_px=502.7 pixel_error_deg=(0.10,-0.91) ballistic=(range=2.933m holdover=0.571m comp=10.79deg residual=-11.71deg) q_wxyz=(0.998940,0.001024,0.036545,-0.027984) cmd_deg=(3.85,-15.13) packed_pitch_deg=-15.13 control=true shoot=false
[2026-09-05 13:11:03.003] [info] [PERF] 总耗时=15.5ms (检测=12.9ms, 跟踪=0.5ms), FPS=64.5
[2026-09-05 13:11:03.003] [info] 📊 [CAMERA FPS] 瞬时帧率=64.4fps, 平均帧率=64.3fps, 总帧数=3700, 运行时间=57.6s
[DEBUG] armors=1, targets=1
[DEBUG] armors=1, targets=1
[DEBUG] armors=1, targets=1
[DEBUG] armors=1, targets=1
[DEBUG] armors=1, targets=1
[DEBUG] armors=1, targets=1
[DEBUG] armors=1, targets=1
[DEBUG] armors=1, targets=1
[DEBUG] armors=1, targets=1
[DEBUG] armors=1, targets=1
[DEBUG] armors=1, targets=1
[DEBUG] armors=1, targets=1
[DEBUG] armors=1, targets=1
[DEBUG] armors=1, targets=1
[DEBUG] armors=1, targets=1
[DEBUG] armors=1, targets=1
[DEBUG] armors=1, targets=1
[DEBUG] armors=1, targets=1
[DEBUG] armors=1, targets=1
[DEBUG] armors=1, targets=1
[2026-09-05 13:11:03.318] [info] [DRYRUN] measured_gimbal=(2.922,0.032,0.101) measured_world=(2.916,0.196,-0.113) tracked_world=(2.921,0.196,-0.113) target_gimbal_deg=(0.63,1.98) target_world_deg=(3.84,-2.21) gimbal_deg=(3.21,4.19) armor_y_px=502.8 pixel_error_deg=(0.10,-0.91) ballistic=(range=2.923m holdover=0.568m comp=10.78deg residual=-11.69deg) q_wxyz=(0.998940,0.001024,0.036545,-0.027984) cmd_deg=(3.84,-15.10) packed_pitch_deg=-15.10 control=true shoot=false
[DEBUG] armors=1, targets=1
[DEBUG] armors=1, targets=1
[DEBUG] armors=1, targets=1
[DEBUG] armors=1, targets=1
[DEBUG] armors=1, targets=1
[DEBUG] armors=1, targets=1
[DEBUG] armors=1, targets=1
[DEBUG] armors=1, targets=1
[DEBUG] armors=1, targets=1
[DEBUG] armors=1, targets=1
[DEBUG] armors=1, targets=1
[DEBUG] armors=1, targets=1
[DEBUG] armors=1, targets=1
[DEBUG] armors=1, targets=1
[DEBUG] armors=1, targets=1
[DEBUG] armors=1, targets=1
[DEBUG] armors=1, targets=1
[DEBUG] armors=1, targets=1
[DEBUG] armors=1, targets=1
[DEBUG] armors=1, targets=1
[2026-09-05 13:11:03.629] [info] [DRYRUN] measured_gimbal=(2.935,0.033,0.101) measured_world=(2.928,0.197,-0.114) tracked_world=(2.923,0.196,-0.113) target_gimbal_deg=(0.64,1.97) target_world_deg=(3.85,-2.22) gimbal_deg=(3.21,4.19) armor_y_px=502.9 pixel_error_deg=(0.10,-0.91) ballistic=(range=2.935m holdover=0.571m comp=10.80deg residual=-11.71deg) q_wxyz=(0.998940,0.001024,0.036545,-0.027984) cmd_deg=(3.84,-15.12) packed_pitch_deg=-15.12 control=true shoot=false
[DEBUG] armors=1, targets=1
[DEBUG] armors=1, targets=1
[DEBUG] armors=1, targets=1
[DEBUG] armors=1, targets=1
[DEBUG] armors=1, targets=1
[DEBUG] armors=1, targets=1
[DEBUG] armors=1, targets=1
[DEBUG] armors=1, targets=1
[DEBUG] armors=1, targets=1
[2026-09-05 13:11:03.774] [info] [SYNC][XUC] mode=0 yaw=-3.21 deg pitch=4.19 deg feeder_rpm=0.00 wheel0_rpm=0 wheel1_rpm=0 wheel_delta=0 projectile_speed=12.80
[DEBUG] armors=1, targets=1
[2026-09-05 13:11:03.789] [info] [PERF] 总耗时=15.0ms (检测=12.2ms, 跟踪=0.4ms), FPS=66.7
[2026-09-05 13:11:03.789] [info] 📊 [CAMERA FPS] 瞬时帧率=66.6fps, 平均帧率=64.3fps, 总帧数=3750, 运行时间=58.4s
[DEBUG] armors=1, targets=1
[DEBUG] armors=1, targets=1
[DEBUG] armors=1, targets=1
[DEBUG] armors=1, targets=1
[DEBUG] armors=1, targets=1
[DEBUG] armors=1, targets=1
[DEBUG] armors=1, targets=1
[DEBUG] armors=1, targets=1
[DEBUG] armors=1, targets=1
[DEBUG] armors=1, targets=1
[2026-09-05 13:11:03.940] [info] [DRYRUN] measured_gimbal=(2.917,0.032,0.101) measured_world=(2.911,0.195,-0.112) tracked_world=(2.922,0.196,-0.113) target_gimbal_deg=(0.63,1.99) target_world_deg=(3.84,-2.21) gimbal_deg=(3.21,4.19) armor_y_px=502.7 pixel_error_deg=(0.10,-0.91) ballistic=(range=2.918m holdover=0.566m comp=10.77deg residual=-11.69deg) q_wxyz=(0.998940,0.001024,0.036545,-0.027984) cmd_deg=(3.85,-15.11) packed_pitch_deg=-15.11 control=true shoot=false
[DEBUG] armors=1, targets=1
[DEBUG] armors=1, targets=1
[DEBUG] armors=1, targets=1
[DEBUG] armors=1, targets=1
[DEBUG] armors=1, targets=1
[DEBUG] armors=1, targets=1
[DEBUG] armors=1, targets=1
[DEBUG] armors=1, targets=1
[DEBUG] armors=1, targets=1
[DEBUG] armors=1, targets=1
[DEBUG] armors=1, targets=1
[DEBUG] armors=1, targets=1
[DEBUG] armors=1, targets=1
[DEBUG] armors=1, targets=1
[DEBUG] armors=1, targets=1
[DEBUG] armors=1, targets=1
[DEBUG] armors=1, targets=1
[DEBUG] armors=1, targets=1
[DEBUG] armors=1, targets=1
[DEBUG] armors=1, targets=1
[2026-09-05 13:11:04.254] [info] [DRYRUN] measured_gimbal=(2.933,0.032,0.101) measured_world=(2.926,0.197,-0.114) tracked_world=(2.921,0.196,-0.113) target_gimbal_deg=(0.63,1.97) target_world_deg=(3.84,-2.22) gimbal_deg=(3.21,4.19) armor_y_px=503.0 pixel_error_deg=(0.10,-0.91) ballistic=(range=2.933m holdover=0.571m comp=10.79deg residual=-11.70deg) q_wxyz=(0.998940,0.001024,0.036545,-0.027984) cmd_deg=(3.85,-15.12) packed_pitch_deg=-15.12 control=true shoot=false
[DEBUG] armors=1, targets=1
[DEBUG] armors=1, targets=1
[DEBUG] armors=1, targets=1
[DEBUG] armors=1, targets=1
[DEBUG] armors=1, targets=1
[DEBUG] armors=1, targets=1
[DEBUG] armors=1, targets=1
[DEBUG] armors=1, targets=1
[DEBUG] armors=1, targets=1
[DEBUG] armors=1, targets=1
[DEBUG] armors=1, targets=1
[DEBUG] armors=1, targets=1
[DEBUG] armors=1, targets=1
[DEBUG] armors=1, targets=1
[DEBUG] armors=1, targets=1
[DEBUG] armors=1, targets=1
[DEBUG] armors=1, targets=1
[DEBUG] armors=1, targets=1
[DEBUG] armors=1, targets=1
[2026-09-05 13:11:04.554] [info] [SYNC][XUC] mode=0 yaw=-3.21 deg pitch=4.19 deg feeder_rpm=0.00 wheel0_rpm=0 wheel1_rpm=0 wheel_delta=0 projectile_speed=12.80
[DEBUG] armors=1, targets=1
[2026-09-05 13:11:04.568] [info] [DRYRUN] measured_gimbal=(2.932,0.033,0.101) measured_world=(2.925,0.197,-0.113) tracked_world=(2.922,0.196,-0.113) target_gimbal_deg=(0.64,1.98) target_world_deg=(3.85,-2.21) gimbal_deg=(3.21,4.19) armor_y_px=502.9 pixel_error_deg=(0.10,-0.91) ballistic=(range=2.932m holdover=0.570m comp=10.79deg residual=-11.70deg) q_wxyz=(0.998940,0.001024,0.036545,-0.027984) cmd_deg=(3.85,-15.12) packed_pitch_deg=-15.12 control=true shoot=false
[2026-09-05 13:11:04.570] [info] [PERF] 总耗时=16.0ms (检测=13.2ms, 跟踪=0.4ms), FPS=62.7
[2026-09-05 13:11:04.570] [info] 📊 [CAMERA FPS] 瞬时帧率=62.6fps, 平均帧率=64.3fps, 总帧数=3800, 运行时间=59.1s
[DEBUG] armors=1, targets=1
[DEBUG] armors=1, targets=1
[DEBUG] armors=1, targets=1
[DEBUG] armors=1, targets=1
[DEBUG] armors=1, targets=1
[DEBUG] armors=1, targets=1
[DEBUG] armors=1, targets=1
[DEBUG] armors=1, targets=1
[DEBUG] armors=1, targets=1
[DEBUG] armors=1, targets=1
[DEBUG] armors=1, targets=1
[DEBUG] armors=1, targets=1
[DEBUG] armors=1, targets=1
[DEBUG] armors=1, targets=1
[DEBUG] armors=1, targets=1
[DEBUG] armors=1, targets=1
[DEBUG] armors=1, targets=1
[DEBUG] armors=1, targets=1
[DEBUG] armors=1, targets=1
[DEBUG] armors=1, targets=1
[2026-09-05 13:11:04.880] [info] [DRYRUN] measured_gimbal=(2.935,0.033,0.101) measured_world=(2.928,0.197,-0.113) tracked_world=(2.923,0.197,-0.113) target_gimbal_deg=(0.64,1.98) target_world_deg=(3.85,-2.21) gimbal_deg=(3.21,4.19) armor_y_px=502.8 pixel_error_deg=(0.10,-0.91) ballistic=(range=2.935m holdover=0.571m comp=10.80deg residual=-11.71deg) q_wxyz=(0.998940,0.001024,0.036545,-0.027984) cmd_deg=(3.85,-15.11) packed_pitch_deg=-15.11 control=true shoot=false
[DEBUG] armors=1, targets=1
[DEBUG] armors=1, targets=1
[DEBUG] armors=1, targets=1
[DEBUG] armors=1, targets=1
[DEBUG] armors=1, targets=1
[DEBUG] armors=1, targets=1
[DEBUG] armors=1, targets=1
[DEBUG] armors=1, targets=1
[DEBUG] armors=1, targets=1
[DEBUG] armors=1, targets=1
[DEBUG] armors=1, targets=1
[DEBUG] armors=1, targets=1
[DEBUG] armors=1, targets=1
[DEBUG] armors=1, targets=1
[DEBUG] armors=1, targets=1
[DEBUG] armors=1, targets=1
[DEBUG] armors=1, targets=1
[DEBUG] armors=1, targets=1
[DEBUG] armors=1, targets=1
[DEBUG] armors=1, targets=1
[2026-09-05 13:11:05.196] [info] [DRYRUN] measured_gimbal=(2.924,0.033,0.101) measured_world=(2.918,0.196,-0.113) tracked_world=(2.921,0.196,-0.113) target_gimbal_deg=(0.64,1.97) target_world_deg=(3.85,-2.22) gimbal_deg=(3.21,4.19) armor_y_px=503.0 pixel_error_deg=(0.09,-0.91) ballistic=(range=2.925m holdover=0.568m comp=10.78deg residual=-11.69deg) q_wxyz=(0.998940,0.001024,0.036545,-0.027984) cmd_deg=(3.84,-15.11) packed_pitch_deg=-15.11 control=true shoot=false
[DEBUG] armors=1, targets=1
[DEBUG] armors=1, targets=1
[DEBUG] armors=1, targets=1
[DEBUG] armors=1, targets=1
[DEBUG] armors=1, targets=1
[DEBUG] armors=1, targets=1
[DEBUG] armors=1, targets=1
[DEBUG] armors=1, targets=1
[DEBUG] armors=1, targets=1
[2026-09-05 13:11:05.338] [info] [SYNC][XUC] mode=0 yaw=-3.21 deg pitch=4.19 deg feeder_rpm=0.00 wheel0_rpm=0 wheel1_rpm=0 wheel_delta=0 projectile_speed=12.80
[DEBUG] armors=1, targets=1
[2026-09-05 13:11:05.353] [info] [PERF] 总耗时=15.7ms (检测=12.7ms, 跟踪=0.5ms), FPS=63.6
[2026-09-05 13:11:05.353] [info] 📊 [CAMERA FPS] 瞬时帧率=63.5fps, 平均帧率=64.2fps, 总帧数=3850, 运行时间=59.9s
[DEBUG] armors=1, targets=1
[DEBUG] armors=1, targets=1
[DEBUG] armors=1, targets=1
[DEBUG] armors=1, targets=1
[DEBUG] armors=1, targets=1
[DEBUG] armors=1, targets=1
[DEBUG] armors=1, targets=1
[DEBUG] armors=1, targets=1
[DEBUG] armors=1, targets=1
[DEBUG] armors=1, targets=1
[2026-09-05 13:11:05.506] [info] [DRYRUN] measured_gimbal=(2.932,0.033,0.101) measured_world=(2.926,0.197,-0.113) tracked_world=(2.919,0.196,-0.113) target_gimbal_deg=(0.64,1.98) target_world_deg=(3.85,-2.21) gimbal_deg=(3.21,4.19) armor_y_px=502.9 pixel_error_deg=(0.10,-0.91) ballistic=(range=2.933m holdover=0.571m comp=10.79deg residual=-11.70deg) q_wxyz=(0.998940,0.001024,0.036545,-0.027984) cmd_deg=(3.84,-15.12) packed_pitch_deg=-15.12 control=true shoot=false
[DEBUG] armors=1, targets=1
[DEBUG] armors=1, targets=1
[DEBUG] armors=1, targets=1
[DEBUG] armors=1, targets=1
[DEBUG] armors=1, targets=1
[DEBUG] armors=1, targets=1
[DEBUG] armors=1, targets=1
[DEBUG] armors=1, targets=1
[DEBUG] armors=1, targets=1
[DEBUG] armors=1, targets=1
[DEBUG] armors=1, targets=1
[DEBUG] armors=1, targets=1
[DEBUG] armors=1, targets=1
[DEBUG] armors=1, targets=1
[DEBUG] armors=1, targets=1
[DEBUG] armors=1, targets=1
[DEBUG] armors=1, targets=1
[DEBUG] armors=1, targets=1
[DEBUG] armors=1, targets=1
[DEBUG] armors=1, targets=1
[2026-09-05 13:11:05.817] [info] [DRYRUN] measured_gimbal=(2.927,0.033,0.101) measured_world=(2.920,0.196,-0.113) tracked_world=(2.920,0.196,-0.113) target_gimbal_deg=(0.64,1.98) target_world_deg=(3.85,-2.21) gimbal_deg=(3.21,4.19) armor_y_px=502.9 pixel_error_deg=(0.10,-0.91) ballistic=(range=2.927m holdover=0.569m comp=10.79deg residual=-11.70deg) q_wxyz=(0.998940,0.001024,0.036545,-0.027984) cmd_deg=(3.84,-15.10) packed_pitch_deg=-15.10 control=true shoot=false
[DEBUG] armors=1, targets=1
[DEBUG] armors=1, targets=1
[DEBUG] armors=1, targets=1
[DEBUG] armors=1, targets=1
[DEBUG] armors=1, targets=1
[DEBUG] armors=1, targets=1
[DEBUG] armors=1, targets=1
[DEBUG] armors=1, targets=1
[DEBUG] armors=1, targets=1
[DEBUG] armors=1, targets=1
[DEBUG] armors=1, targets=1
[DEBUG] armors=1, targets=1
[DEBUG] armors=1, targets=1
[DEBUG] armors=1, targets=1
[DEBUG] armors=1, targets=1
[DEBUG] armors=1, targets=1
[DEBUG] armors=1, targets=1
[DEBUG] armors=1, targets=1
[DEBUG] armors=1, targets=1
[2026-09-05 13:11:06.118] [info] [SYNC][XUC] mode=0 yaw=-3.21 deg pitch=4.19 deg feeder_rpm=3.00 wheel0_rpm=0 wheel1_rpm=0 wheel_delta=0 projectile_speed=12.80
[DEBUG] armors=1, targets=1
[2026-09-05 13:11:06.131] [info] [DRYRUN] measured_gimbal=(2.925,0.033,0.101) measured_world=(2.918,0.196,-0.113) tracked_world=(2.920,0.196,-0.113) target_gimbal_deg=(0.64,1.98) target_world_deg=(3.85,-2.21) gimbal_deg=(3.21,4.19) armor_y_px=502.8 pixel_error_deg=(0.10,-0.91) ballistic=(range=2.925m holdover=0.569m comp=10.78deg residual=-11.70deg) q_wxyz=(0.998940,0.001024,0.036545,-0.027984) cmd_deg=(3.84,-15.11) packed_pitch_deg=-15.11 control=true shoot=false
[2026-09-05 13:11:06.133] [info] [PERF] 总耗时=15.4ms (检测=12.7ms, 跟踪=0.5ms), FPS=64.9
[2026-09-05 13:11:06.133] [info] 📊 [CAMERA FPS] 瞬时帧率=64.8fps, 平均帧率=64.2fps, 总帧数=3900, 运行时间=60.7s
[DEBUG] armors=1, targets=1
[DEBUG] armors=1, targets=1
[DEBUG] armors=1, targets=1
[DEBUG] armors=1, targets=1
[DEBUG] armors=1, targets=1
[DEBUG] armors=1, targets=1
[DEBUG] armors=1, targets=1
[DEBUG] armors=1, targets=1
[DEBUG] armors=1, targets=1
[DEBUG] armors=1, targets=1
[DEBUG] armors=1, targets=1
[DEBUG] armors=1, targets=1
[DEBUG] armors=1, targets=1
[DEBUG] armors=1, targets=1
[DEBUG] armors=1, targets=1
[DEBUG] armors=1, targets=1
[DEBUG] armors=1, targets=1
[DEBUG] armors=1, targets=1
[DEBUG] armors=1, targets=1
[DEBUG] armors=1, targets=1
[2026-09-05 13:11:06.439] [info] [DRYRUN] measured_gimbal=(2.922,0.032,0.101) measured_world=(2.916,0.196,-0.113) tracked_world=(2.920,0.196,-0.113) target_gimbal_deg=(0.63,1.98) target_world_deg=(3.84,-2.21) gimbal_deg=(3.21,4.19) armor_y_px=502.8 pixel_error_deg=(0.10,-0.91) ballistic=(range=2.923m holdover=0.568m comp=10.78deg residual=-11.69deg) q_wxyz=(0.998940,0.001024,0.036545,-0.027984) cmd_deg=(3.84,-15.11) packed_pitch_deg=-15.11 control=true shoot=false
[DEBUG] armors=1, targets=1
[DEBUG] armors=1, targets=1
[DEBUG] armors=1, targets=1
[DEBUG] armors=1, targets=1
[DEBUG] armors=1, targets=1
[DEBUG] armors=1, targets=1
[DEBUG] armors=1, targets=1
[DEBUG] armors=1, targets=1
[DEBUG] armors=1, targets=1
[DEBUG] armors=1, targets=1
[DEBUG] armors=1, targets=1
[DEBUG] armors=1, targets=1
[DEBUG] armors=1, targets=1
[DEBUG] armors=1, targets=1
[DEBUG] armors=1, targets=1
[DEBUG] armors=1, targets=1
[DEBUG] armors=1, targets=1
[2026-09-05 13:11:06.706] [info] Switch to auto_aim
[DEBUG] armors=1, targets=1
[DEBUG] armors=1, targets=1
[2026-09-05 13:11:06.737] [info] [SYNC][XUC] mode=1 yaw=-3.21 deg pitch=4.19 deg feeder_rpm=0.00 wheel0_rpm=1020 wheel1_rpm=1020 wheel_delta=0 projectile_speed=12.80
[DEBUG] armors=1, targets=1
[2026-09-05 13:11:06.751] [info] [DRYRUN] measured_gimbal=(2.929,0.032,0.100) measured_world=(2.922,0.196,-0.114) tracked_world=(2.920,0.196,-0.113) target_gimbal_deg=(0.63,1.96) target_world_deg=(3.84,-2.23) gimbal_deg=(3.21,4.19) armor_y_px=503.5 pixel_error_deg=(0.10,-0.89) ballistic=(range=2.930m holdover=0.570m comp=10.79deg residual=-11.68deg) q_wxyz=(0.998940,0.001024,0.036545,-0.027984) cmd_deg=(3.85,-15.10) packed_pitch_deg=-15.10 control=true shoot=false
[DEBUG] armors=1, targets=1
[DEBUG] armors=1, targets=1
[DEBUG] armors=1, targets=1
[DEBUG] armors=1, targets=1
[2026-09-05 13:11:06.816] [info] [SYNC][XUC] mode=1 yaw=-3.39 deg pitch=2.39 deg feeder_rpm=0.00 wheel0_rpm=2560 wheel1_rpm=2680 wheel_delta=-120 projectile_speed=12.80
[DEBUG] armors=1, targets=1
[DEBUG] armors=1, targets=1
[DEBUG] armors=1, targets=1
[DEBUG] armors=1, targets=1
[DEBUG] armors=1, targets=1
[2026-09-05 13:11:06.895] [info] [SYNC][XUC] mode=1 yaw=-3.47 deg pitch=-1.07 deg feeder_rpm=-4.00 wheel0_rpm=3000 wheel1_rpm=3040 wheel_delta=-40 projectile_speed=12.80
[DEBUG] armors=1, targets=1
[2026-09-05 13:11:06.911] [info] [PERF] 总耗时=15.8ms (检测=13.1ms, 跟踪=0.5ms), FPS=63.2
[2026-09-05 13:11:06.911] [info] 📊 [CAMERA FPS] 瞬时帧率=63.1fps, 平均帧率=64.2fps, 总帧数=3950, 运行时间=61.5s
[DEBUG] armors=1, targets=1
[DEBUG] armors=1, targets=1
[DEBUG] armors=1, targets=1
[DEBUG] armors=1, targets=1
[2026-09-05 13:11:06.974] [info] [SYNC][XUC] mode=1 yaw=-3.52 deg pitch=-5.08 deg feeder_rpm=0.00 wheel0_rpm=3120 wheel1_rpm=3160 wheel_delta=-40 projectile_speed=12.80
[DEBUG] armors=1, targets=1
[DEBUG] armors=0, targets=1
[DEBUG] armors=1, targets=1
[2026-09-05 13:11:07.017] [info] [XUC][FIRE] stable-window candidate started
[DEBUG] armors=1, targets=1
[DEBUG] armors=0, targets=1
[2026-09-05 13:11:07.047] [info] [XUC][FIRE] stable window reset
[2026-09-05 13:11:07.049] [info] [SYNC][XUC] mode=1 yaw=-3.54 deg pitch=-6.81 deg feeder_rpm=0.00 wheel0_rpm=3120 wheel1_rpm=3140 wheel_delta=-20 projectile_speed=12.80
[DEBUG] armors=1, targets=1
[2026-09-05 13:11:07.063] [info] [XUC][FIRE] stable-window candidate started
[2026-09-05 13:11:07.063] [info] [DRYRUN] measured_gimbal=(2.882,0.035,-0.474) measured_world=(2.911,0.215,-0.129) tracked_world=(2.874,0.208,-0.113) target_gimbal_deg=(0.70,-9.34) target_world_deg=(4.23,-2.53) gimbal_deg=(3.54,-6.81) armor_y_px=969.6 pixel_error_deg=(0.04,10.42) ballistic=(range=2.883m holdover=0.549m comp=10.56deg residual=-0.14deg) q_wxyz=(0.997759,-0.001833,-0.059367,-0.030802) cmd_deg=(4.29,-7.79) packed_pitch_deg=-7.79 control=true shoot=false
[DEBUG] armors=0, targets=1
[2026-09-05 13:11:07.079] [info] [XUC][FIRE] stable window reset
[DEBUG] armors=0, targets=1
[DEBUG] armors=1, targets=1
[2026-09-05 13:11:07.110] [info] [XUC][FIRE] stable-window candidate started
[DEBUG] armors=1, targets=1
[2026-09-05 13:11:07.128] [info] [SYNC][XUC] mode=1 yaw=-3.54 deg pitch=-7.20 deg feeder_rpm=0.00 wheel0_rpm=3140 wheel1_rpm=3140 wheel_delta=0 projectile_speed=12.80
[DEBUG] armors=1, targets=1
[DEBUG] armors=0, targets=1
[2026-09-05 13:11:07.157] [info] [XUC][FIRE] stable window reset
[DEBUG] armors=1, targets=1
[2026-09-05 13:11:07.173] [info] [XUC][FIRE] stable-window candidate started
[DEBUG] armors=1, targets=1
[DEBUG] armors=1, targets=1
[2026-09-05 13:11:07.207] [info] [SYNC][XUC] mode=1 yaw=-3.54 deg pitch=-7.21 deg feeder_rpm=-4.00 wheel0_rpm=3180 wheel1_rpm=3140 wheel_delta=40 projectile_speed=12.80
[DEBUG] armors=1, targets=1
[DEBUG] armors=1, targets=1
[DEBUG] armors=1, targets=1
[DEBUG] armors=1, targets=1
[DEBUG] armors=1, targets=1
[2026-09-05 13:11:07.286] [info] [SYNC][XUC] mode=1 yaw=-3.54 deg pitch=-7.06 deg feeder_rpm=0.00 wheel0_rpm=3120 wheel1_rpm=3120 wheel_delta=0 projectile_speed=12.80
[DEBUG] armors=1, targets=1
[DEBUG] armors=1, targets=1
[DEBUG] armors=1, targets=1
[DEBUG] armors=1, targets=1
[DEBUG] armors=1, targets=1
[2026-09-05 13:11:07.362] [info] [SYNC][XUC] mode=1 yaw=-3.54 deg pitch=-6.90 deg feeder_rpm=0.00 wheel0_rpm=3180 wheel1_rpm=3120 wheel_delta=60 projectile_speed=12.80
[DEBUG] armors=1, targets=1
[2026-09-05 13:11:07.376] [info] [DRYRUN] measured_gimbal=(2.885,0.035,-0.483) measured_world=(2.914,0.215,-0.133) tracked_world=(2.881,0.216,-0.133) target_gimbal_deg=(0.69,-9.50) target_world_deg=(4.22,-2.61) gimbal_deg=(3.54,-6.90) armor_y_px=976.2 pixel_error_deg=(0.05,10.58) ballistic=(range=2.885m holdover=0.549m comp=10.56deg residual=0.01deg) q_wxyz=(0.997714,-0.001856,-0.060115,-0.030805) cmd_deg=(4.41,-6.75) packed_pitch_deg=-6.75 control=true shoot=false
[DEBUG] armors=1, targets=1
[2026-09-05 13:11:07.391] [info] [XUC][FIRE] qualified after 220 ms, pixel error deg=(0.05,0.02)
[DEBUG] armors=0, targets=1
[2026-09-05 13:11:07.406] [info] [XUC][FIRE] stable window reset
[DEBUG] armors=0, targets=1
[DEBUG] armors=0, targets=1
[2026-09-05 13:11:07.438] [info] [SYNC][XUC] mode=1 yaw=-3.54 deg pitch=-6.86 deg feeder_rpm=-4.00 wheel0_rpm=3120 wheel1_rpm=3140 wheel_delta=-20 projectile_speed=12.80
[DEBUG] armors=0, targets=1
[DEBUG] armors=0, targets=1
[DEBUG] armors=1, targets=1
[2026-09-05 13:11:07.481] [info] [XUC][FIRE] stable-window candidate started
[DEBUG] armors=1, targets=1
[DEBUG] armors=1, targets=1
[2026-09-05 13:11:07.515] [info] [SYNC][XUC] mode=1 yaw=-3.55 deg pitch=-6.84 deg feeder_rpm=0.00 wheel0_rpm=3160 wheel1_rpm=3140 wheel_delta=20 projectile_speed=12.80
[DEBUG] armors=1, targets=1
[DEBUG] armors=1, targets=1
[DEBUG] armors=1, targets=1
[DEBUG] armors=1, targets=1
[DEBUG] armors=1, targets=1
[2026-09-05 13:11:07.593] [info] [SYNC][XUC] mode=1 yaw=-3.55 deg pitch=-6.83 deg feeder_rpm=0.00 wheel0_rpm=3200 wheel1_rpm=3160 wheel_delta=40 projectile_speed=12.80
[DEBUG] armors=1, targets=1
[DEBUG] armors=1, targets=1
[DEBUG] armors=0, targets=1
[2026-09-05 13:11:07.636] [info] [XUC][FIRE] stable window reset
[DEBUG] armors=0, targets=1
[DEBUG] armors=1, targets=1
[2026-09-05 13:11:07.667] [info] [XUC][FIRE] stable-window candidate started
[2026-09-05 13:11:07.669] [info] [SYNC][XUC] mode=1 yaw=-3.55 deg pitch=-6.84 deg feeder_rpm=0.00 wheel0_rpm=3180 wheel1_rpm=3140 wheel_delta=40 projectile_speed=12.80
[DEBUG] armors=0, targets=1
[2026-09-05 13:11:07.682] [info] [XUC][FIRE] stable window reset
[2026-09-05 13:11:07.684] [info] [PERF] 总耗时=15.1ms (检测=12.6ms, 跟踪=0.0ms), FPS=66.4
[2026-09-05 13:11:07.684] [info] 📊 [CAMERA FPS] 瞬时帧率=66.3fps, 平均帧率=64.3fps, 总帧数=4000, 运行时间=62.3s
[DEBUG] armors=0, targets=1
[DEBUG] armors=0, targets=1
[DEBUG] armors=1, targets=1
[2026-09-05 13:11:07.727] [info] [XUC][FIRE] stable-window candidate started
[DEBUG] armors=0, targets=1
[2026-09-05 13:11:07.742] [info] [XUC][FIRE] stable window reset
[2026-09-05 13:11:07.744] [info] [SYNC][XUC] mode=1 yaw=-3.55 deg pitch=-6.85 deg feeder_rpm=0.00 wheel0_rpm=3140 wheel1_rpm=3160 wheel_delta=-20 projectile_speed=12.80
[DEBUG] armors=0, targets=1
[DEBUG] armors=0, targets=1
[DEBUG] armors=0, targets=1
[DEBUG] armors=0, targets=1
[DEBUG] armors=0, targets=1
[2026-09-05 13:11:07.818] [info] [SYNC][XUC] mode=1 yaw=-3.55 deg pitch=-6.85 deg feeder_rpm=0.00 wheel0_rpm=3140 wheel1_rpm=3140 wheel_delta=0 projectile_speed=12.80
[DEBUG] armors=0, targets=1
[DEBUG] armors=0, targets=1
[DEBUG] armors=0, targets=1
[DEBUG] armors=0, targets=1
[DEBUG] armors=1, targets=1
[2026-09-05 13:11:07.890] [info] [XUC][FIRE] stable-window candidate started
[2026-09-05 13:11:07.892] [info] [SYNC][XUC] mode=1 yaw=-3.55 deg pitch=-6.85 deg feeder_rpm=-4.00 wheel0_rpm=3120 wheel1_rpm=3140 wheel_delta=-20 projectile_speed=12.80
[DEBUG] armors=0, targets=1
[2026-09-05 13:11:07.905] [info] [XUC][FIRE] stable window reset
[DEBUG] armors=0, targets=1
[DEBUG] armors=0, targets=1
[DEBUG] armors=0, targets=1
[DEBUG] armors=0, targets=1
[2026-09-05 13:11:07.967] [info] [SYNC][XUC] mode=1 yaw=-3.56 deg pitch=-6.85 deg feeder_rpm=0.00 wheel0_rpm=3160 wheel1_rpm=3120 wheel_delta=40 projectile_speed=12.80
[DEBUG] armors=0, targets=1
[DEBUG] armors=0, targets=1
[DEBUG] armors=0, targets=1
[DEBUG] armors=1, targets=1
[2026-09-05 13:11:08.026] [info] [XUC][FIRE] stable-window candidate started
[DEBUG] armors=0, targets=1
[2026-09-05 13:11:08.041] [info] [XUC][FIRE] stable window reset
[2026-09-05 13:11:08.044] [info] [SYNC][XUC] mode=1 yaw=-3.55 deg pitch=-6.86 deg feeder_rpm=0.00 wheel0_rpm=3180 wheel1_rpm=3160 wheel_delta=20 projectile_speed=12.80
[DEBUG] armors=0, targets=1
[DEBUG] armors=0, targets=1
[DEBUG] armors=0, targets=1
[DEBUG] armors=0, targets=1
[DEBUG] armors=0, targets=1
[2026-09-05 13:11:08.120] [info] [SYNC][XUC] mode=1 yaw=-3.56 deg pitch=-6.86 deg feeder_rpm=0.00 wheel0_rpm=3160 wheel1_rpm=3140 wheel_delta=20 projectile_speed=12.80
[DEBUG] armors=0, targets=1
[DEBUG] armors=0, targets=1
[DEBUG] armors=0, targets=1
[DEBUG] armors=0, targets=1
[DEBUG] armors=0, targets=1
[2026-09-05 13:11:08.195] [info] [SYNC][XUC] mode=1 yaw=-3.55 deg pitch=-6.86 deg feeder_rpm=0.00 wheel0_rpm=3160 wheel1_rpm=3160 wheel_delta=0 projectile_speed=12.80
[DEBUG] armors=0, targets=1
[2026-09-05 13:11:08.209] [warning] [XUC][PITCH] visual loss: control stopped, pitch state retained
[DEBUG] armors=0, targets=1
[DEBUG] armors=0, targets=1
[DEBUG] armors=0, targets=1
[DEBUG] armors=0, targets=1
[2026-09-05 13:11:08.271] [info] [SYNC][XUC] mode=1 yaw=-3.55 deg pitch=-6.86 deg feeder_rpm=0.00 wheel0_rpm=3120 wheel1_rpm=3180 wheel_delta=-60 projectile_speed=12.80
[DEBUG] armors=0, targets=1
[DEBUG] armors=0, targets=1
[DEBUG] armors=0, targets=1
[DEBUG] armors=0, targets=1
[2026-09-05 13:11:08.328] [warning] [XUC][YAW] visual loss: control stopped, yaw state retained
[DEBUG] armors=0, targets=1
[2026-09-05 13:11:08.346] [info] [SYNC][XUC] mode=1 yaw=-3.55 deg pitch=-6.87 deg feeder_rpm=0.00 wheel0_rpm=3120 wheel1_rpm=3160 wheel_delta=-40 projectile_speed=12.80
[DEBUG] armors=1, targets=1
[2026-09-05 13:11:08.359] [info] [XUC][YAW] measurement reacquired with continuous slew
[2026-09-05 13:11:08.359] [info] [XUC][PITCH] measurement reacquired with continuous slew
[2026-09-05 13:11:08.359] [info] [XUC][FIRE] stable-window candidate started
[DEBUG] armors=0, targets=1
[2026-09-05 13:11:08.373] [info] [XUC][FIRE] stable window reset
[DEBUG] armors=0, targets=1
[DEBUG] armors=0, targets=1
[DEBUG] armors=0, targets=1
[2026-09-05 13:11:08.421] [info] [SYNC][XUC] mode=1 yaw=-3.55 deg pitch=-6.87 deg feeder_rpm=-4.00 wheel0_rpm=3160 wheel1_rpm=3160 wheel_delta=0 projectile_speed=12.80
[DEBUG] armors=0, targets=1
[2026-09-05 13:11:08.436] [info] [PERF] 总耗时=15.2ms (检测=12.9ms, 跟踪=0.0ms), FPS=65.7
[2026-09-05 13:11:08.436] [info] 📊 [CAMERA FPS] 瞬时帧率=65.6fps, 平均帧率=64.3fps, 总帧数=4050, 运行时间=63.0s
[DEBUG] armors=0, targets=1
[DEBUG] armors=0, targets=1
[DEBUG] armors=0, targets=1
[DEBUG] armors=0, targets=1
[2026-09-05 13:11:08.499] [info] [SYNC][XUC] mode=1 yaw=-3.55 deg pitch=-6.86 deg feeder_rpm=-4.00 wheel0_rpm=3160 wheel1_rpm=3120 wheel_delta=40 projectile_speed=12.80
[DEBUG] armors=0, targets=1
[DEBUG] armors=0, targets=1
[DEBUG] armors=0, targets=1
[2026-09-05 13:11:08.542] [warning] [XUC][PITCH] visual loss: control stopped, pitch state retained
[DEBUG] armors=0, targets=1
[DEBUG] armors=0, targets=1
[2026-09-05 13:11:08.575] [info] [SYNC][XUC] mode=1 yaw=-3.54 deg pitch=-6.85 deg feeder_rpm=0.00 wheel0_rpm=3120 wheel1_rpm=3160 wheel_delta=-40 projectile_speed=12.80
[DEBUG] armors=0, targets=1
[DEBUG] armors=0, targets=1
[DEBUG] armors=0, targets=1
[DEBUG] armors=0, targets=1
[DEBUG] armors=1, targets=1
[2026-09-05 13:11:08.650] [info] [XUC][PITCH] measurement reacquired with continuous slew
[2026-09-05 13:11:08.650] [info] [XUC][FIRE] stable-window candidate started
[2026-09-05 13:11:08.652] [info] [SYNC][XUC] mode=1 yaw=-3.54 deg pitch=-6.85 deg feeder_rpm=0.00 wheel0_rpm=3180 wheel1_rpm=3140 wheel_delta=40 projectile_speed=12.80
[DEBUG] armors=0, targets=1
[2026-09-05 13:11:08.665] [info] [XUC][FIRE] stable window reset
[DEBUG] armors=0, targets=1
[DEBUG] armors=1, targets=1
[2026-09-05 13:11:08.696] [info] [XUC][FIRE] stable-window candidate started
[DEBUG] armors=1, targets=1
[DEBUG] armors=0, targets=1
[2026-09-05 13:11:08.727] [info] [XUC][FIRE] stable window reset
[2026-09-05 13:11:08.730] [info] [SYNC][XUC] mode=1 yaw=-3.54 deg pitch=-6.85 deg feeder_rpm=0.00 wheel0_rpm=3120 wheel1_rpm=3120 wheel_delta=0 projectile_speed=12.80
[DEBUG] armors=0, targets=1
[DEBUG] armors=0, targets=1
[DEBUG] armors=0, targets=1
[DEBUG] armors=0, targets=1
[DEBUG] armors=0, targets=1
[2026-09-05 13:11:08.812] [info] [SYNC][XUC] mode=1 yaw=-3.55 deg pitch=-6.84 deg feeder_rpm=0.00 wheel0_rpm=3180 wheel1_rpm=3120 wheel_delta=60 projectile_speed=12.80
[DEBUG] armors=0, targets=1
[DEBUG] armors=0, targets=1
[DEBUG] armors=0, targets=1
[DEBUG] armors=0, targets=1
[DEBUG] armors=0, targets=1
[2026-09-05 13:11:08.889] [info] [SYNC][XUC] mode=1 yaw=-3.54 deg pitch=-6.83 deg feeder_rpm=0.00 wheel0_rpm=3120 wheel1_rpm=3160 wheel_delta=-40 projectile_speed=12.80
[DEBUG] armors=0, targets=1
[2026-09-05 13:11:08.902] [warning] [XUC][PITCH] visual loss: control stopped, pitch state retained
[DEBUG] armors=0, targets=1
[DEBUG] armors=0, targets=1
[DEBUG] armors=0, targets=1
[DEBUG] armors=1, targets=1
[2026-09-05 13:11:08.964] [info] [XUC][PITCH] measurement reacquired with continuous slew
[2026-09-05 13:11:08.964] [info] [XUC][FIRE] stable-window candidate started
[2026-09-05 13:11:08.967] [info] [SYNC][XUC] mode=1 yaw=-3.55 deg pitch=-6.83 deg feeder_rpm=0.00 wheel0_rpm=3140 wheel1_rpm=3140 wheel_delta=0 projectile_speed=12.80
[DEBUG] armors=0, targets=1
[2026-09-05 13:11:08.979] [info] [XUC][FIRE] stable window reset
[DEBUG] armors=0, targets=1
[DEBUG] armors=0, targets=1
[DEBUG] armors=1, targets=1
[2026-09-05 13:11:09.025] [info] [XUC][FIRE] stable-window candidate started
[DEBUG] armors=0, targets=1
[2026-09-05 13:11:09.041] [info] [XUC][FIRE] stable window reset
[2026-09-05 13:11:09.043] [info] [SYNC][XUC] mode=1 yaw=-3.54 deg pitch=-6.83 deg feeder_rpm=0.00 wheel0_rpm=3160 wheel1_rpm=3160 wheel_delta=0 projectile_speed=12.80
[DEBUG] armors=0, targets=1
[DEBUG] armors=1, targets=1
[2026-09-05 13:11:09.072] [info] [XUC][FIRE] stable-window candidate started
[DEBUG] armors=0, targets=1
[2026-09-05 13:11:09.087] [info] [XUC][FIRE] stable window reset
[DEBUG] armors=0, targets=1
[DEBUG] armors=0, targets=1
[2026-09-05 13:11:09.120] [info] [SYNC][XUC] mode=1 yaw=-3.54 deg pitch=-6.83 deg feeder_rpm=0.00 wheel0_rpm=3160 wheel1_rpm=3140 wheel_delta=20 projectile_speed=12.80
[DEBUG] armors=0, targets=1
[DEBUG] armors=1, targets=1
[2026-09-05 13:11:09.149] [info] [XUC][FIRE] stable-window candidate started
[DEBUG] armors=1, targets=1
[DEBUG] armors=1, targets=1
[DEBUG] armors=0, targets=1
[2026-09-05 13:11:09.195] [info] [XUC][FIRE] stable window reset
[2026-09-05 13:11:09.197] [info] [SYNC][XUC] mode=1 yaw=-3.54 deg pitch=-6.83 deg feeder_rpm=0.00 wheel0_rpm=3180 wheel1_rpm=3140 wheel_delta=40 projectile_speed=12.80
[DEBUG] armors=0, targets=1
[2026-09-05 13:11:09.213] [info] [PERF] 总耗时=16.0ms (检测=13.5ms, 跟踪=0.0ms), FPS=62.7
[2026-09-05 13:11:09.213] [info] 📊 [CAMERA FPS] 瞬时帧率=62.5fps, 平均帧率=64.3fps, 总帧数=4100, 运行时间=63.8s
[DEBUG] armors=1, targets=1
[2026-09-05 13:11:09.227] [info] [XUC][FIRE] stable-window candidate started
[DEBUG] armors=1, targets=1
[DEBUG] armors=0, targets=1
[2026-09-05 13:11:09.257] [info] [XUC][FIRE] stable window reset
[DEBUG] armors=0, targets=1
[2026-09-05 13:11:09.275] [info] [SYNC][XUC] mode=1 yaw=-3.54 deg pitch=-6.83 deg feeder_rpm=0.00 wheel0_rpm=3140 wheel1_rpm=3140 wheel_delta=0 projectile_speed=12.80
[DEBUG] armors=0, targets=1
[DEBUG] armors=0, targets=1
[DEBUG] armors=1, targets=1
[2026-09-05 13:11:09.319] [info] [XUC][FIRE] stable-window candidate started
[DEBUG] armors=0, targets=1
[2026-09-05 13:11:09.334] [info] [XUC][FIRE] stable window reset
[DEBUG] armors=0, targets=1
[2026-09-05 13:11:09.352] [info] [SYNC][XUC] mode=1 yaw=-3.54 deg pitch=-6.84 deg feeder_rpm=0.00 wheel0_rpm=3160 wheel1_rpm=3140 wheel_delta=20 projectile_speed=12.80
[DEBUG] armors=0, targets=1
[DEBUG] armors=1, targets=1
[2026-09-05 13:11:09.381] [info] [XUC][FIRE] stable-window candidate started
[DEBUG] armors=0, targets=1
[2026-09-05 13:11:09.396] [info] [XUC][FIRE] stable window reset
[DEBUG] armors=0, targets=1
[DEBUG] armors=0, targets=1
[2026-09-05 13:11:09.429] [info] [SYNC][XUC] mode=1 yaw=-3.54 deg pitch=-6.84 deg feeder_rpm=0.00 wheel0_rpm=3200 wheel1_rpm=3180 wheel_delta=20 projectile_speed=12.80
[DEBUG] armors=0, targets=1
[DEBUG] armors=1, targets=1
[2026-09-05 13:11:09.458] [info] [XUC][FIRE] stable-window candidate started
[DEBUG] armors=0, targets=1
[2026-09-05 13:11:09.474] [info] [XUC][FIRE] stable window reset
[DEBUG] armors=0, targets=1
[DEBUG] armors=0, targets=1
[2026-09-05 13:11:09.507] [info] [SYNC][XUC] mode=1 yaw=-3.53 deg pitch=-6.84 deg feeder_rpm=0.00 wheel0_rpm=3140 wheel1_rpm=3140 wheel_delta=0 projectile_speed=12.80
[DEBUG] armors=0, targets=1
[DEBUG] armors=0, targets=1
[DEBUG] armors=0, targets=1
[DEBUG] armors=1, targets=1
[2026-09-05 13:11:09.566] [info] [XUC][FIRE] stable-window candidate started
[DEBUG] armors=0, targets=1
[2026-09-05 13:11:09.581] [info] [XUC][FIRE] stable window reset
[2026-09-05 13:11:09.583] [info] [SYNC][XUC] mode=1 yaw=-3.53 deg pitch=-6.83 deg feeder_rpm=0.00 wheel0_rpm=3140 wheel1_rpm=3160 wheel_delta=-20 projectile_speed=12.80
[DEBUG] armors=0, targets=1
[DEBUG] armors=0, targets=1
[DEBUG] armors=0, targets=1
[DEBUG] armors=0, targets=1
[DEBUG] armors=0, targets=1
[2026-09-05 13:11:09.658] [info] [SYNC][XUC] mode=1 yaw=-3.53 deg pitch=-6.83 deg feeder_rpm=0.00 wheel0_rpm=3200 wheel1_rpm=3120 wheel_delta=80 projectile_speed=12.80
[DEBUG] armors=0, targets=1
[DEBUG] armors=0, targets=1
[DEBUG] armors=1, targets=1
[2026-09-05 13:11:09.702] [info] [XUC][FIRE] stable-window candidate started
[DEBUG] armors=1, targets=1
[DEBUG] armors=0, targets=1
[2026-09-05 13:11:09.732] [info] [XUC][FIRE] stable window reset
[2026-09-05 13:11:09.735] [info] [SYNC][XUC] mode=1 yaw=-3.53 deg pitch=-6.84 deg feeder_rpm=-4.00 wheel0_rpm=3120 wheel1_rpm=3140 wheel_delta=-20 projectile_speed=12.80
[DEBUG] armors=0, targets=1
[DEBUG] armors=0, targets=1
[DEBUG] armors=0, targets=1
[DEBUG] armors=0, targets=1
[DEBUG] armors=0, targets=1
[2026-09-05 13:11:09.813] [info] [SYNC][XUC] mode=1 yaw=-3.53 deg pitch=-6.85 deg feeder_rpm=0.00 wheel0_rpm=3200 wheel1_rpm=3140 wheel_delta=60 projectile_speed=12.80
[DEBUG] armors=0, targets=1
[DEBUG] armors=0, targets=1
[DEBUG] armors=0, targets=1
[DEBUG] armors=0, targets=1
[DEBUG] armors=0, targets=1
[2026-09-05 13:11:09.896] [info] [SYNC][XUC] mode=1 yaw=-3.52 deg pitch=-6.86 deg feeder_rpm=0.00 wheel0_rpm=3180 wheel1_rpm=3140 wheel_delta=40 projectile_speed=12.80
[DEBUG] armors=0, targets=1
[2026-09-05 13:11:09.909] [warning] [XUC][PITCH] visual loss: control stopped, pitch state retained
[DEBUG] armors=1, targets=1
[2026-09-05 13:11:09.925] [info] [XUC][PITCH] measurement reacquired with continuous slew
[2026-09-05 13:11:09.925] [info] [XUC][FIRE] stable-window candidate started
[DEBUG] armors=0, targets=1
[2026-09-05 13:11:09.941] [info] [XUC][FIRE] stable window reset
[DEBUG] armors=0, targets=1
[DEBUG] armors=0, targets=1
[2026-09-05 13:11:09.972] [info] [SYNC][XUC] mode=1 yaw=-3.52 deg pitch=-6.86 deg feeder_rpm=0.00 wheel0_rpm=3120 wheel1_rpm=3120 wheel_delta=0 projectile_speed=12.80
[DEBUG] armors=0, targets=1
[2026-09-05 13:11:09.988] [info] [PERF] 总耗时=15.4ms (检测=13.1ms, 跟踪=0.0ms), FPS=64.8
[2026-09-05 13:11:09.988] [info] 📊 [CAMERA FPS] 瞬时帧率=64.7fps, 平均帧率=64.3fps, 总帧数=4150, 运行时间=64.6s
[DEBUG] armors=0, targets=1
[DEBUG] armors=0, targets=1
[DEBUG] armors=0, targets=1
[DEBUG] armors=1, targets=1
[2026-09-05 13:11:10.049] [info] [XUC][FIRE] stable-window candidate started
[2026-09-05 13:11:10.051] [info] [SYNC][XUC] mode=1 yaw=-3.51 deg pitch=-6.85 deg feeder_rpm=0.00 wheel0_rpm=3180 wheel1_rpm=3160 wheel_delta=20 projectile_speed=12.80
[DEBUG] armors=0, targets=1
[2026-09-05 13:11:10.065] [info] [XUC][FIRE] stable window reset
[DEBUG] armors=0, targets=1
[DEBUG] armors=0, targets=1
[DEBUG] armors=0, targets=1
[DEBUG] armors=0, targets=1
[2026-09-05 13:11:10.128] [info] [SYNC][XUC] mode=1 yaw=-3.51 deg pitch=-6.86 deg feeder_rpm=0.00 wheel0_rpm=3180 wheel1_rpm=3140 wheel_delta=40 projectile_speed=12.80
[DEBUG] armors=0, targets=1
[DEBUG] armors=0, targets=1
[DEBUG] armors=0, targets=1
[DEBUG] armors=0, targets=1
[DEBUG] armors=0, targets=1
[2026-09-05 13:11:10.205] [info] [SYNC][XUC] mode=1 yaw=-3.51 deg pitch=-6.85 deg feeder_rpm=0.00 wheel0_rpm=3200 wheel1_rpm=3160 wheel_delta=40 projectile_speed=12.80
[DEBUG] armors=0, targets=1
[DEBUG] armors=0, targets=1
[2026-09-05 13:11:10.234] [warning] [XUC][PITCH] visual loss: control stopped, pitch state retained
[DEBUG] armors=0, targets=1
[DEBUG] armors=0, targets=1
[DEBUG] armors=0, targets=1
[2026-09-05 13:11:10.282] [info] [SYNC][XUC] mode=1 yaw=-3.52 deg pitch=-6.86 deg feeder_rpm=0.00 wheel0_rpm=3160 wheel1_rpm=3160 wheel_delta=0 projectile_speed=12.80
[DEBUG] armors=0, targets=1
[DEBUG] armors=0, targets=1
[DEBUG] armors=1, targets=1
[2026-09-05 13:11:10.325] [info] [XUC][PITCH] measurement reacquired with continuous slew
[2026-09-05 13:11:10.325] [info] [XUC][FIRE] stable-window candidate started
[DEBUG] armors=0, targets=1
[2026-09-05 13:11:10.341] [info] [XUC][FIRE] stable window reset
[DEBUG] armors=0, targets=1
[2026-09-05 13:11:10.359] [info] [SYNC][XUC] mode=1 yaw=-3.52 deg pitch=-6.85 deg feeder_rpm=0.00 wheel0_rpm=3140 wheel1_rpm=3140 wheel_delta=0 projectile_speed=12.80
[DEBUG] armors=0, targets=1
[DEBUG] armors=0, targets=1
[DEBUG] armors=0, targets=1
[DEBUG] armors=0, targets=1
[DEBUG] armors=0, targets=1
[2026-09-05 13:11:10.434] [info] [SYNC][XUC] mode=1 yaw=-3.52 deg pitch=-6.85 deg feeder_rpm=0.00 wheel0_rpm=3200 wheel1_rpm=3180 wheel_delta=20 projectile_speed=12.80
[DEBUG] armors=0, targets=1
[DEBUG] armors=1, targets=1
[2026-09-05 13:11:10.462] [info] [XUC][FIRE] stable-window candidate started
[DEBUG] armors=1, targets=1
[DEBUG] armors=0, targets=1
[2026-09-05 13:11:10.493] [info] [XUC][FIRE] stable window reset
[DEBUG] armors=0, targets=1
[2026-09-05 13:11:10.509] [info] [SYNC][XUC] mode=1 yaw=-3.52 deg pitch=-6.87 deg feeder_rpm=-4.00 wheel0_rpm=3140 wheel1_rpm=3160 wheel_delta=-20 projectile_speed=12.80
[DEBUG] armors=0, targets=1
[DEBUG] armors=0, targets=1
[DEBUG] armors=0, targets=1
[DEBUG] armors=0, targets=1
[DEBUG] armors=0, targets=1
[2026-09-05 13:11:10.586] [info] [SYNC][XUC] mode=1 yaw=-3.52 deg pitch=-6.87 deg feeder_rpm=0.00 wheel0_rpm=3160 wheel1_rpm=3160 wheel_delta=0 projectile_speed=12.80
[DEBUG] armors=0, targets=1
[DEBUG] armors=0, targets=1
[DEBUG] armors=0, targets=1
[DEBUG] armors=0, targets=1
[DEBUG] armors=0, targets=1
[2026-09-05 13:11:10.659] [warning] [XUC][PITCH] visual loss: control stopped, pitch state retained
[2026-09-05 13:11:10.661] [info] [SYNC][XUC] mode=1 yaw=-3.51 deg pitch=-6.88 deg feeder_rpm=0.00 wheel0_rpm=3160 wheel1_rpm=3120 wheel_delta=40 projectile_speed=12.80
[DEBUG] armors=0, targets=1
[DEBUG] armors=0, targets=1
[DEBUG] armors=0, targets=1
[DEBUG] armors=0, targets=1
[DEBUG] armors=0, targets=1
[2026-09-05 13:11:10.738] [info] [SYNC][XUC] mode=1 yaw=-3.51 deg pitch=-6.88 deg feeder_rpm=0.00 wheel0_rpm=3120 wheel1_rpm=3140 wheel_delta=-20 projectile_speed=12.80
[DEBUG] armors=1, targets=1
[2026-09-05 13:11:10.751] [info] [XUC][PITCH] measurement reacquired with continuous slew
[2026-09-05 13:11:10.751] [info] [XUC][FIRE] stable-window candidate started
[2026-09-05 13:11:10.751] [info] [DRYRUN] measured_gimbal=(2.867,0.035,-0.479) measured_world=(2.896,0.213,-0.132) tracked_world=(2.920,0.214,-0.133) target_gimbal_deg=(0.69,-9.49) target_world_deg=(4.20,-2.61) gimbal_deg=(3.51,-6.88) armor_y_px=975.8 pixel_error_deg=(0.04,10.57) ballistic=(range=2.867m holdover=0.544m comp=10.54deg residual=0.03deg) q_wxyz=(0.997731,-0.001839,-0.059952,-0.030597) cmd_deg=(4.20,-6.91) packed_pitch_deg=-6.91 control=true shoot=false
[2026-09-05 13:11:10.753] [info] [PERF] 总耗时=15.4ms (检测=12.4ms, 跟踪=0.4ms), FPS=64.8
[2026-09-05 13:11:10.753] [info] 📊 [CAMERA FPS] 瞬时帧率=64.7fps, 平均帧率=64.3fps, 总帧数=4200, 运行时间=65.3s
[DEBUG] armors=0, targets=1
[2026-09-05 13:11:10.766] [info] [XUC][FIRE] stable window reset
[DEBUG] armors=0, targets=1
[DEBUG] armors=0, targets=1
[DEBUG] armors=0, targets=1
[2026-09-05 13:11:10.815] [info] [SYNC][XUC] mode=1 yaw=-3.52 deg pitch=-6.87 deg feeder_rpm=0.00 wheel0_rpm=3160 wheel1_rpm=3180 wheel_delta=-20 projectile_speed=12.80
[DEBUG] armors=0, targets=1
[DEBUG] armors=0, targets=1
[DEBUG] armors=0, targets=1
[DEBUG] armors=0, targets=1
[DEBUG] armors=0, targets=1
[2026-09-05 13:11:10.891] [info] [SYNC][XUC] mode=1 yaw=-3.51 deg pitch=-6.88 deg feeder_rpm=0.00 wheel0_rpm=3160 wheel1_rpm=3140 wheel_delta=20 projectile_speed=12.80
[DEBUG] armors=0, targets=1
[DEBUG] armors=0, targets=1
[DEBUG] armors=0, targets=1
[2026-09-05 13:11:10.934] [warning] [XUC][PITCH] visual loss: control stopped, pitch state retained
[DEBUG] armors=0, targets=1
[DEBUG] armors=0, targets=1
[2026-09-05 13:11:10.967] [info] [SYNC][XUC] mode=1 yaw=-3.51 deg pitch=-6.87 deg feeder_rpm=0.00 wheel0_rpm=3140 wheel1_rpm=3120 wheel_delta=20 projectile_speed=12.80
[DEBUG] armors=0, targets=1
[DEBUG] armors=0, targets=1
[DEBUG] armors=1, targets=1
[2026-09-05 13:11:11.011] [info] [XUC][PITCH] measurement reacquired with continuous slew
[2026-09-05 13:11:11.011] [info] [XUC][FIRE] stable-window candidate started
[DEBUG] armors=0, targets=1
[2026-09-05 13:11:11.026] [info] [XUC][FIRE] stable window reset
[DEBUG] armors=0, targets=1
[2026-09-05 13:11:11.045] [info] [SYNC][XUC] mode=1 yaw=-3.52 deg pitch=-6.86 deg feeder_rpm=0.00 wheel0_rpm=3200 wheel1_rpm=3180 wheel_delta=20 projectile_speed=12.80
[DEBUG] armors=0, targets=1
[DEBUG] armors=0, targets=1
[DEBUG] armors=0, targets=1
[DEBUG] armors=0, targets=1
[DEBUG] armors=0, targets=1
[2026-09-05 13:11:11.121] [info] [SYNC][XUC] mode=1 yaw=-3.52 deg pitch=-6.86 deg feeder_rpm=-4.00 wheel0_rpm=3140 wheel1_rpm=3120 wheel_delta=20 projectile_speed=12.80
[DEBUG] armors=0, targets=1
[DEBUG] armors=0, targets=1
[DEBUG] armors=0, targets=1
[DEBUG] armors=0, targets=1
[DEBUG] armors=0, targets=1
[2026-09-05 13:11:11.196] [warning] [XUC][PITCH] visual loss: control stopped, pitch state retained
[2026-09-05 13:11:11.199] [info] [SYNC][XUC] mode=1 yaw=-3.52 deg pitch=-6.85 deg feeder_rpm=0.00 wheel0_rpm=3160 wheel1_rpm=3160 wheel_delta=0 projectile_speed=12.80
[DEBUG] armors=0, targets=1
[DEBUG] armors=0, targets=1
[DEBUG] armors=0, targets=1
[DEBUG] armors=0, targets=1
[DEBUG] armors=0, targets=1
[2026-09-05 13:11:11.275] [info] [SYNC][XUC] mode=1 yaw=-3.51 deg pitch=-6.86 deg feeder_rpm=0.00 wheel0_rpm=3200 wheel1_rpm=3140 wheel_delta=60 projectile_speed=12.80
[DEBUG] armors=0, targets=1
[DEBUG] armors=0, targets=1
[DEBUG] armors=0, targets=1
[2026-09-05 13:11:11.318] [warning] [XUC][YAW] visual loss: control stopped, yaw state retained
[DEBUG] armors=1, targets=1
[2026-09-05 13:11:11.333] [info] [XUC][YAW] measurement reacquired with continuous slew
[2026-09-05 13:11:11.333] [info] [XUC][PITCH] measurement reacquired with continuous slew
[2026-09-05 13:11:11.333] [info] [XUC][FIRE] stable-window candidate started
[DEBUG] armors=0, targets=1
[2026-09-05 13:11:11.348] [info] [XUC][FIRE] stable window reset
[2026-09-05 13:11:11.351] [info] [SYNC][XUC] mode=1 yaw=-3.52 deg pitch=-6.85 deg feeder_rpm=0.00 wheel0_rpm=3180 wheel1_rpm=3180 wheel_delta=0 projectile_speed=12.80
[DEBUG] armors=1, targets=1
[2026-09-05 13:11:11.365] [info] [XUC][FIRE] stable-window candidate started
[2026-09-05 13:11:11.365] [info] [DRYRUN] measured_gimbal=(2.886,0.035,-0.480) measured_world=(2.915,0.214,-0.133) tracked_world=(2.915,0.214,-0.132) target_gimbal_deg=(0.69,-9.44) target_world_deg=(4.20,-2.60) gimbal_deg=(3.52,-6.85) armor_y_px=973.7 pixel_error_deg=(0.05,10.52) ballistic=(range=2.886m holdover=0.550m comp=10.57deg residual=-0.05deg) q_wxyz=(0.997745,-0.001834,-0.059674,-0.030667) cmd_deg=(4.20,-6.92) packed_pitch_deg=-6.92 control=true shoot=false
[DEBUG] armors=0, targets=1
[2026-09-05 13:11:11.379] [info] [XUC][FIRE] stable window reset
[DEBUG] armors=1, targets=1
[2026-09-05 13:11:11.395] [info] [XUC][FIRE] stable-window candidate started
[DEBUG] armors=0, targets=1
[2026-09-05 13:11:11.409] [info] [XUC][FIRE] stable window reset
[DEBUG] armors=1, targets=1
[2026-09-05 13:11:11.425] [info] [XUC][FIRE] stable-window candidate started
[2026-09-05 13:11:11.427] [info] [SYNC][XUC] mode=1 yaw=-3.52 deg pitch=-6.85 deg feeder_rpm=0.00 wheel0_rpm=3120 wheel1_rpm=3120 wheel_delta=0 projectile_speed=12.80
[DEBUG] armors=1, targets=1
[DEBUG] armors=0, targets=1
[2026-09-05 13:11:11.455] [info] [XUC][FIRE] stable window reset
[DEBUG] armors=0, targets=1
[DEBUG] armors=0, targets=1
[DEBUG] armors=1, targets=1
[2026-09-05 13:11:11.502] [info] [XUC][FIRE] stable-window candidate started
[2026-09-05 13:11:11.504] [info] [SYNC][XUC] mode=1 yaw=-3.52 deg pitch=-6.85 deg feeder_rpm=0.00 wheel0_rpm=3160 wheel1_rpm=3120 wheel_delta=40 projectile_speed=12.80
[DEBUG] armors=1, targets=1
[2026-09-05 13:11:11.520] [info] [PERF] 总耗时=16.2ms (检测=13.5ms, 跟踪=0.5ms), FPS=61.7
[2026-09-05 13:11:11.520] [info] 📊 [CAMERA FPS] 瞬时帧率=61.5fps, 平均帧率=64.3fps, 总帧数=4250, 运行时间=66.1s
[DEBUG] armors=1, targets=1
[DEBUG] armors=0, targets=1
[2026-09-05 13:11:11.550] [info] [XUC][FIRE] stable window reset
[DEBUG] armors=0, targets=1
[DEBUG] armors=0, targets=1
[2026-09-05 13:11:11.582] [info] [SYNC][XUC] mode=1 yaw=-3.52 deg pitch=-6.84 deg feeder_rpm=0.00 wheel0_rpm=3120 wheel1_rpm=3160 wheel_delta=-40 projectile_speed=12.80
[DEBUG] armors=0, targets=1
[DEBUG] armors=0, targets=1
[DEBUG] armors=0, targets=1
[DEBUG] armors=1, targets=1
[2026-09-05 13:11:11.642] [info] [XUC][FIRE] stable-window candidate started
[DEBUG] armors=0, targets=1
[2026-09-05 13:11:11.658] [info] [XUC][FIRE] stable window reset
[2026-09-05 13:11:11.660] [info] [SYNC][XUC] mode=1 yaw=-3.52 deg pitch=-6.84 deg feeder_rpm=-4.00 wheel0_rpm=3180 wheel1_rpm=3140 wheel_delta=40 projectile_speed=12.80
[DEBUG] armors=0, targets=1
[DEBUG] armors=0, targets=1
[DEBUG] armors=0, targets=1
[DEBUG] armors=0, targets=1
[DEBUG] armors=0, targets=1
[2026-09-05 13:11:11.737] [info] [SYNC][XUC] mode=1 yaw=-3.52 deg pitch=-6.84 deg feeder_rpm=0.00 wheel0_rpm=3120 wheel1_rpm=3140 wheel_delta=-20 projectile_speed=12.80
[DEBUG] armors=0, targets=1
[DEBUG] armors=1, targets=1
[2026-09-05 13:11:11.766] [info] [XUC][FIRE] stable-window candidate started
[DEBUG] armors=0, targets=1
[2026-09-05 13:11:11.782] [info] [XUC][FIRE] stable window reset
[DEBUG] armors=0, targets=1
[DEBUG] armors=0, targets=1
[2026-09-05 13:11:11.814] [info] [SYNC][XUC] mode=1 yaw=-3.52 deg pitch=-6.83 deg feeder_rpm=0.00 wheel0_rpm=3120 wheel1_rpm=3140 wheel_delta=-20 projectile_speed=12.80
[DEBUG] armors=0, targets=1
[DEBUG] armors=0, targets=1
[DEBUG] armors=1, targets=1
[2026-09-05 13:11:11.858] [info] [XUC][FIRE] stable-window candidate started
[DEBUG] armors=0, targets=1
[2026-09-05 13:11:11.873] [info] [XUC][FIRE] stable window reset
[DEBUG] armors=0, targets=1
[2026-09-05 13:11:11.891] [info] [SYNC][XUC] mode=1 yaw=-3.53 deg pitch=-6.84 deg feeder_rpm=0.00 wheel0_rpm=3180 wheel1_rpm=3140 wheel_delta=40 projectile_speed=12.80
[DEBUG] armors=0, targets=1
[DEBUG] armors=0, targets=1
[DEBUG] armors=0, targets=1
[DEBUG] armors=0, targets=1
[DEBUG] armors=0, targets=1
[2026-09-05 13:11:11.966] [info] [SYNC][XUC] mode=1 yaw=-3.52 deg pitch=-6.85 deg feeder_rpm=0.00 wheel0_rpm=3140 wheel1_rpm=3140 wheel_delta=0 projectile_speed=12.80
[DEBUG] armors=0, targets=1
[DEBUG] armors=1, targets=1
[2026-09-05 13:11:11.995] [info] [XUC][FIRE] stable-window candidate started
[DEBUG] armors=0, targets=1
[2026-09-05 13:11:12.010] [info] [XUC][FIRE] stable window reset
[DEBUG] armors=0, targets=1
[DEBUG] armors=0, targets=1
[2026-09-05 13:11:12.044] [info] [SYNC][XUC] mode=1 yaw=-3.52 deg pitch=-6.85 deg feeder_rpm=0.00 wheel0_rpm=3140 wheel1_rpm=3120 wheel_delta=20 projectile_speed=12.80
[DEBUG] armors=0, targets=1
[DEBUG] armors=0, targets=1
[DEBUG] armors=0, targets=1
[DEBUG] armors=0, targets=1
[DEBUG] armors=0, targets=1
[2026-09-05 13:11:12.119] [info] [SYNC][XUC] mode=1 yaw=-3.52 deg pitch=-6.85 deg feeder_rpm=-4.00 wheel0_rpm=3160 wheel1_rpm=3160 wheel_delta=0 projectile_speed=12.80
[DEBUG] armors=0, targets=1
[DEBUG] armors=0, targets=1
[DEBUG] armors=0, targets=1
[DEBUG] armors=0, targets=1
[2026-09-05 13:11:12.178] [warning] [XUC][PITCH] visual loss: control stopped, pitch state retained
[DEBUG] armors=0, targets=1
[2026-09-05 13:11:12.196] [info] [SYNC][XUC] mode=1 yaw=-3.51 deg pitch=-6.86 deg feeder_rpm=0.00 wheel0_rpm=3160 wheel1_rpm=3140 wheel_delta=20 projectile_speed=12.80
[DEBUG] armors=0, targets=1
[DEBUG] armors=0, targets=1
[DEBUG] armors=0, targets=1
[DEBUG] armors=0, targets=1
[DEBUG] armors=0, targets=1
[2026-09-05 13:11:12.273] [info] [SYNC][XUC] mode=1 yaw=-3.51 deg pitch=-6.85 deg feeder_rpm=0.00 wheel0_rpm=3160 wheel1_rpm=3140 wheel_delta=20 projectile_speed=12.80
[DEBUG] armors=0, targets=1
[2026-09-05 13:11:12.288] [info] [PERF] 总耗时=15.5ms (检测=13.1ms, 跟踪=0.0ms), FPS=64.5
[2026-09-05 13:11:12.288] [info] 📊 [CAMERA FPS] 瞬时帧率=64.4fps, 平均帧率=64.3fps, 总帧数=4300, 运行时间=66.9s
[DEBUG] armors=0, targets=1
[2026-09-05 13:11:12.302] [warning] [XUC][YAW] visual loss: control stopped, yaw state retained
[DEBUG] armors=0, targets=1
[DEBUG] armors=0, targets=1
[DEBUG] armors=0, targets=1
[2026-09-05 13:11:12.350] [info] [SYNC][XUC] mode=1 yaw=-3.52 deg pitch=-6.87 deg feeder_rpm=0.00 wheel0_rpm=3160 wheel1_rpm=3140 wheel_delta=20 projectile_speed=12.80
[DEBUG] armors=0, targets=1
[DEBUG] armors=0, targets=1
[DEBUG] armors=0, targets=1
[DEBUG] armors=0, targets=1
[DEBUG] armors=0, targets=1
[2026-09-05 13:11:12.428] [info] [SYNC][XUC] mode=1 yaw=-3.51 deg pitch=-6.87 deg feeder_rpm=0.00 wheel0_rpm=3140 wheel1_rpm=3180 wheel_delta=-40 projectile_speed=12.80
[DEBUG] armors=1, targets=1
[2026-09-05 13:11:12.441] [info] [XUC][YAW] measurement reacquired with continuous slew
[2026-09-05 13:11:12.441] [info] [XUC][PITCH] measurement reacquired with continuous slew
[2026-09-05 13:11:12.441] [info] [XUC][FIRE] stable-window candidate started
[DEBUG] armors=0, targets=1
[2026-09-05 13:11:12.456] [info] [XUC][FIRE] stable window reset
[DEBUG] armors=1, targets=1
[2026-09-05 13:11:12.472] [info] [XUC][FIRE] stable-window candidate started
[DEBUG] armors=0, targets=1
[2026-09-05 13:11:12.487] [info] [XUC][FIRE] stable window reset
[DEBUG] armors=0, targets=1
[2026-09-05 13:11:12.504] [info] [SYNC][XUC] mode=1 yaw=-3.53 deg pitch=-6.86 deg feeder_rpm=0.00 wheel0_rpm=3180 wheel1_rpm=3120 wheel_delta=60 projectile_speed=12.80
[DEBUG] armors=1, targets=1
[2026-09-05 13:11:12.517] [info] [XUC][FIRE] stable-window candidate started
[DEBUG] armors=0, targets=1
[2026-09-05 13:11:12.531] [info] [XUC][FIRE] stable window reset
[DEBUG] armors=0, targets=1
[DEBUG] armors=0, targets=1
[DEBUG] armors=0, targets=1
[2026-09-05 13:11:12.580] [info] [SYNC][XUC] mode=1 yaw=-3.53 deg pitch=-6.86 deg feeder_rpm=0.00 wheel0_rpm=3140 wheel1_rpm=3140 wheel_delta=0 projectile_speed=12.80
[DEBUG] armors=1, targets=1
[2026-09-05 13:11:12.594] [info] [XUC][FIRE] stable-window candidate started
[2026-09-05 13:11:12.594] [info] [DRYRUN] measured_gimbal=(2.858,0.034,-0.477) measured_world=(2.887,0.212,-0.132) tracked_world=(2.904,0.213,-0.133) target_gimbal_deg=(0.68,-9.47) target_world_deg=(4.20,-2.61) gimbal_deg=(3.53,-6.86) armor_y_px=975.2 pixel_error_deg=(0.05,10.55) ballistic=(range=2.858m holdover=0.542m comp=10.52deg residual=0.03deg) q_wxyz=(0.997735,-0.001841,-0.059814,-0.030705) cmd_deg=(4.20,-6.85) packed_pitch_deg=-6.85 control=true shoot=false
[DEBUG] armors=0, targets=1
[2026-09-05 13:11:12.609] [info] [XUC][FIRE] stable window reset
[DEBUG] armors=0, targets=1
[DEBUG] armors=0, targets=1
[DEBUG] armors=0, targets=1
[2026-09-05 13:11:12.659] [info] [SYNC][XUC] mode=1 yaw=-3.52 deg pitch=-6.85 deg feeder_rpm=0.00 wheel0_rpm=3160 wheel1_rpm=3140 wheel_delta=20 projectile_speed=12.80
[DEBUG] armors=0, targets=1
[DEBUG] armors=0, targets=1
[DEBUG] armors=0, targets=1
[DEBUG] armors=0, targets=1
[DEBUG] armors=0, targets=1
[2026-09-05 13:11:12.735] [info] [SYNC][XUC] mode=1 yaw=-3.53 deg pitch=-6.84 deg feeder_rpm=0.00 wheel0_rpm=3180 wheel1_rpm=3120 wheel_delta=60 projectile_speed=12.80
[DEBUG] armors=1, targets=1
[2026-09-05 13:11:12.749] [info] [XUC][FIRE] stable-window candidate started
[DEBUG] armors=0, targets=1
[2026-09-05 13:11:12.764] [info] [XUC][FIRE] stable window reset
[DEBUG] armors=0, targets=1
[DEBUG] armors=0, targets=1
[DEBUG] armors=0, targets=1
[2026-09-05 13:11:12.813] [info] [SYNC][XUC] mode=1 yaw=-3.53 deg pitch=-6.84 deg feeder_rpm=0.00 wheel0_rpm=3120 wheel1_rpm=3140 wheel_delta=-20 projectile_speed=12.80
[DEBUG] armors=0, targets=1
[DEBUG] armors=0, targets=1
[DEBUG] armors=0, targets=1
[DEBUG] armors=0, targets=1
[DEBUG] armors=1, targets=1
[2026-09-05 13:11:12.888] [info] [XUC][FIRE] stable-window candidate started
[2026-09-05 13:11:12.890] [info] [SYNC][XUC] mode=1 yaw=-3.52 deg pitch=-6.83 deg feeder_rpm=0.00 wheel0_rpm=3180 wheel1_rpm=3140 wheel_delta=40 projectile_speed=12.80
[DEBUG] armors=0, targets=1
[2026-09-05 13:11:12.904] [info] [XUC][FIRE] stable window reset
[DEBUG] armors=0, targets=1
[DEBUG] armors=0, targets=1
[DEBUG] armors=0, targets=1
[DEBUG] armors=0, targets=1
[2026-09-05 13:11:12.965] [info] [SYNC][XUC] mode=1 yaw=-3.52 deg pitch=-6.82 deg feeder_rpm=0.00 wheel0_rpm=3140 wheel1_rpm=3140 wheel_delta=0 projectile_speed=12.80
[DEBUG] armors=0, targets=1
[DEBUG] armors=1, targets=1
[2026-09-05 13:11:12.994] [info] [XUC][FIRE] stable-window candidate started
[DEBUG] armors=1, targets=1
[DEBUG] armors=0, targets=1
[2026-09-05 13:11:13.026] [info] [XUC][FIRE] stable window reset
[DEBUG] armors=0, targets=1
[2026-09-05 13:11:13.044] [info] [SYNC][XUC] mode=1 yaw=-3.52 deg pitch=-6.84 deg feeder_rpm=0.00 wheel0_rpm=3140 wheel1_rpm=3140 wheel_delta=0 projectile_speed=12.80
[DEBUG] armors=0, targets=1
[2026-09-05 13:11:13.059] [info] [PERF] 总耗时=15.3ms (检测=13.0ms, 跟踪=0.0ms), FPS=65.2
[2026-09-05 13:11:13.059] [info] 📊 [CAMERA FPS] 瞬时帧率=65.0fps, 平均帧率=64.3fps, 总帧数=4350, 运行时间=67.6s
[DEBUG] armors=0, targets=1
[DEBUG] armors=0, targets=1
[DEBUG] armors=0, targets=1
[DEBUG] armors=1, targets=1
[2026-09-05 13:11:13.118] [info] [XUC][FIRE] stable-window candidate started
[2026-09-05 13:11:13.121] [info] [SYNC][XUC] mode=1 yaw=-3.52 deg pitch=-6.84 deg feeder_rpm=0.00 wheel0_rpm=3200 wheel1_rpm=3160 wheel_delta=40 projectile_speed=12.80
[DEBUG] armors=0, targets=1
[2026-09-05 13:11:13.133] [info] [XUC][FIRE] stable window reset
[DEBUG] armors=0, targets=1
[DEBUG] armors=1, targets=1
[2026-09-05 13:11:13.165] [info] [XUC][FIRE] stable-window candidate started
[DEBUG] armors=0, targets=1
[2026-09-05 13:11:13.181] [info] [XUC][FIRE] stable window reset
[DEBUG] armors=1, targets=1
[2026-09-05 13:11:13.196] [info] [XUC][FIRE] stable-window candidate started
[2026-09-05 13:11:13.199] [info] [SYNC][XUC] mode=1 yaw=-3.52 deg pitch=-6.83 deg feeder_rpm=0.00 wheel0_rpm=3120 wheel1_rpm=3100 wheel_delta=20 projectile_speed=12.80
[DEBUG] armors=1, targets=1
[2026-09-05 13:11:13.211] [info] [DRYRUN] measured_gimbal=(2.859,0.034,-0.475) measured_world=(2.888,0.212,-0.132) tracked_world=(2.912,0.214,-0.133) target_gimbal_deg=(0.69,-9.43) target_world_deg=(4.20,-2.60) gimbal_deg=(3.52,-6.83) armor_y_px=973.8 pixel_error_deg=(0.05,10.52) ballistic=(range=2.860m holdover=0.542m comp=10.52deg residual=-0.00deg) q_wxyz=(0.997754,-0.001829,-0.059535,-0.030658) cmd_deg=(4.21,-6.89) packed_pitch_deg=-6.89 control=true shoot=false
[DEBUG] armors=0, targets=1
[2026-09-05 13:11:13.226] [info] [XUC][FIRE] stable window reset
[DEBUG] armors=0, targets=1
[DEBUG] armors=0, targets=1
[DEBUG] armors=1, targets=1
[2026-09-05 13:11:13.272] [info] [XUC][FIRE] stable-window candidate started
[2026-09-05 13:11:13.274] [info] [SYNC][XUC] mode=1 yaw=-3.52 deg pitch=-6.82 deg feeder_rpm=0.00 wheel0_rpm=3180 wheel1_rpm=3160 wheel_delta=20 projectile_speed=12.80
[DEBUG] armors=0, targets=1
[2026-09-05 13:11:13.288] [info] [XUC][FIRE] stable window reset
[DEBUG] armors=0, targets=1
[DEBUG] armors=0, targets=1
[DEBUG] armors=0, targets=1
[DEBUG] armors=0, targets=1
[2026-09-05 13:11:13.352] [info] [SYNC][XUC] mode=1 yaw=-3.52 deg pitch=-6.83 deg feeder_rpm=0.00 wheel0_rpm=3180 wheel1_rpm=3140 wheel_delta=40 projectile_speed=12.80
[DEBUG] armors=0, targets=1
[DEBUG] armors=0, targets=1
[DEBUG] armors=0, targets=1
[DEBUG] armors=0, targets=1
[DEBUG] armors=0, targets=1
[2026-09-05 13:11:13.428] [info] [SYNC][XUC] mode=1 yaw=-3.52 deg pitch=-6.82 deg feeder_rpm=0.00 wheel0_rpm=3140 wheel1_rpm=3160 wheel_delta=-20 projectile_speed=12.80
[DEBUG] armors=0, targets=1
[DEBUG] armors=0, targets=1
[2026-09-05 13:11:13.457] [warning] [XUC][PITCH] visual loss: control stopped, pitch state retained
[DEBUG] armors=0, targets=1
[DEBUG] armors=1, targets=1
[2026-09-05 13:11:13.488] [info] [XUC][PITCH] measurement reacquired with continuous slew
[2026-09-05 13:11:13.488] [info] [XUC][FIRE] stable-window candidate started
[DEBUG] armors=0, targets=1
[2026-09-05 13:11:13.502] [info] [XUC][FIRE] stable window reset
[2026-09-05 13:11:13.505] [info] [SYNC][XUC] mode=1 yaw=-3.52 deg pitch=-6.83 deg feeder_rpm=-4.00 wheel0_rpm=3140 wheel1_rpm=3160 wheel_delta=-20 projectile_speed=12.80
[DEBUG] armors=0, targets=1
[DEBUG] armors=0, targets=1
[DEBUG] armors=1, targets=1
[2026-09-05 13:11:13.550] [info] [XUC][FIRE] stable-window candidate started
[DEBUG] armors=1, targets=1
[DEBUG] armors=0, targets=1
[2026-09-05 13:11:13.582] [info] [XUC][FIRE] stable window reset
[2026-09-05 13:11:13.585] [info] [SYNC][XUC] mode=1 yaw=-3.52 deg pitch=-6.82 deg feeder_rpm=0.00 wheel0_rpm=3180 wheel1_rpm=3120 wheel_delta=60 projectile_speed=12.80
[DEBUG] armors=1, targets=1
[2026-09-05 13:11:13.598] [info] [XUC][FIRE] stable-window candidate started
[DEBUG] armors=0, targets=1
[2026-09-05 13:11:13.613] [info] [XUC][FIRE] stable window reset
[DEBUG] armors=0, targets=1
[DEBUG] armors=0, targets=1
[DEBUG] armors=0, targets=1
[2026-09-05 13:11:13.661] [info] [SYNC][XUC] mode=1 yaw=-3.52 deg pitch=-6.83 deg feeder_rpm=0.00 wheel0_rpm=3120 wheel1_rpm=3140 wheel_delta=-20 projectile_speed=12.80
[DEBUG] armors=0, targets=1
[DEBUG] armors=0, targets=1
[DEBUG] armors=0, targets=1
[DEBUG] armors=0, targets=1
[DEBUG] armors=1, targets=1
[2026-09-05 13:11:13.734] [info] [XUC][FIRE] stable-window candidate started
[2026-09-05 13:11:13.737] [info] [SYNC][XUC] mode=1 yaw=-3.52 deg pitch=-6.85 deg feeder_rpm=-4.00 wheel0_rpm=3160 wheel1_rpm=3120 wheel_delta=40 projectile_speed=12.80
[DEBUG] armors=0, targets=1
[2026-09-05 13:11:13.750] [info] [XUC][FIRE] stable window reset
[DEBUG] armors=0, targets=1
[DEBUG] armors=0, targets=1
[DEBUG] armors=0, targets=1
[DEBUG] armors=0, targets=1
[2026-09-05 13:11:13.813] [info] [SYNC][XUC] mode=1 yaw=-3.52 deg pitch=-6.86 deg feeder_rpm=0.00 wheel0_rpm=3120 wheel1_rpm=3140 wheel_delta=-20 projectile_speed=12.80
[DEBUG] armors=0, targets=1
[2026-09-05 13:11:13.829] [info] [PERF] 总耗时=15.1ms (检测=12.8ms, 跟踪=0.0ms), FPS=66.1
[2026-09-05 13:11:13.829] [info] 📊 [CAMERA FPS] 瞬时帧率=65.9fps, 平均帧率=64.3fps, 总帧数=4400, 运行时间=68.4s
[DEBUG] armors=1, targets=1
[2026-09-05 13:11:13.842] [info] [XUC][FIRE] stable-window candidate started
[DEBUG] armors=1, targets=1
[DEBUG] armors=0, targets=1
[2026-09-05 13:11:13.873] [info] [XUC][FIRE] stable window reset
[DEBUG] armors=0, targets=1
[2026-09-05 13:11:13.889] [info] [SYNC][XUC] mode=1 yaw=-3.52 deg pitch=-6.86 deg feeder_rpm=0.00 wheel0_rpm=3200 wheel1_rpm=3180 wheel_delta=20 projectile_speed=12.80
[DEBUG] armors=0, targets=1
[DEBUG] armors=0, targets=1
[DEBUG] armors=0, targets=1
[DEBUG] armors=0, targets=1
[DEBUG] armors=0, targets=1
[2026-09-05 13:11:13.963] [info] [SYNC][XUC] mode=1 yaw=-3.52 deg pitch=-6.87 deg feeder_rpm=0.00 wheel0_rpm=3120 wheel1_rpm=3180 wheel_delta=-60 projectile_speed=12.80
[DEBUG] armors=0, targets=1
[DEBUG] armors=0, targets=1
[DEBUG] armors=0, targets=1
[DEBUG] armors=1, targets=1
[2026-09-05 13:11:14.023] [info] [XUC][FIRE] stable-window candidate started
[DEBUG] armors=0, targets=1
[2026-09-05 13:11:14.037] [info] [XUC][FIRE] stable window reset
[2026-09-05 13:11:14.040] [info] [SYNC][XUC] mode=1 yaw=-3.52 deg pitch=-6.87 deg feeder_rpm=0.00 wheel0_rpm=3160 wheel1_rpm=3180 wheel_delta=-20 projectile_speed=12.80
[DEBUG] armors=0, targets=1
[DEBUG] armors=0, targets=1
[DEBUG] armors=0, targets=1
[DEBUG] armors=0, targets=1
[DEBUG] armors=0, targets=1
[2026-09-05 13:11:14.115] [info] [SYNC][XUC] mode=1 yaw=-3.52 deg pitch=-6.88 deg feeder_rpm=0.00 wheel0_rpm=3160 wheel1_rpm=3140 wheel_delta=20 projectile_speed=12.80
[DEBUG] armors=0, targets=1
[DEBUG] armors=0, targets=1
[DEBUG] armors=0, targets=1
[DEBUG] armors=0, targets=1
[DEBUG] armors=0, targets=1
[2026-09-05 13:11:14.191] [info] [SYNC][XUC] mode=1 yaw=-3.52 deg pitch=-6.89 deg feeder_rpm=0.00 wheel0_rpm=3120 wheel1_rpm=3160 wheel_delta=-40 projectile_speed=12.80
[DEBUG] armors=0, targets=1
[2026-09-05 13:11:14.204] [warning] [XUC][PITCH] visual loss: control stopped, pitch state retained
[DEBUG] armors=0, targets=1
[DEBUG] armors=0, targets=1
[DEBUG] armors=1, targets=1
[2026-09-05 13:11:14.249] [info] [XUC][PITCH] measurement reacquired with continuous slew
[2026-09-05 13:11:14.249] [info] [XUC][FIRE] stable-window candidate started
[DEBUG] armors=0, targets=1
[2026-09-05 13:11:14.264] [info] [XUC][FIRE] stable window reset
[2026-09-05 13:11:14.267] [info] [SYNC][XUC] mode=1 yaw=-3.52 deg pitch=-6.88 deg feeder_rpm=0.00 wheel0_rpm=3140 wheel1_rpm=3140 wheel_delta=0 projectile_speed=12.80
[DEBUG] armors=0, targets=1
[DEBUG] armors=0, targets=1
[DEBUG] armors=0, targets=1
[DEBUG] armors=0, targets=1
[DEBUG] armors=0, targets=1
[2026-09-05 13:11:14.343] [info] [SYNC][XUC] mode=1 yaw=-3.52 deg pitch=-6.89 deg feeder_rpm=0.00 wheel0_rpm=3160 wheel1_rpm=3120 wheel_delta=40 projectile_speed=12.80
[DEBUG] armors=0, targets=1
[DEBUG] armors=0, targets=1
[DEBUG] armors=0, targets=1
[DEBUG] armors=0, targets=1
[DEBUG] armors=0, targets=1
[2026-09-05 13:11:14.419] [info] [SYNC][XUC] mode=1 yaw=-3.52 deg pitch=-6.88 deg feeder_rpm=0.00 wheel0_rpm=3120 wheel1_rpm=3180 wheel_delta=-60 projectile_speed=12.80
[DEBUG] armors=0, targets=1
[DEBUG] armors=0, targets=1
[2026-09-05 13:11:14.447] [warning] [XUC][PITCH] visual loss: control stopped, pitch state retained
[DEBUG] armors=0, targets=1
[DEBUG] armors=0, targets=1
[DEBUG] armors=0, targets=1
[2026-09-05 13:11:14.494] [info] [SYNC][XUC] mode=1 yaw=-3.51 deg pitch=-6.89 deg feeder_rpm=0.00 wheel0_rpm=3140 wheel1_rpm=3180 wheel_delta=-40 projectile_speed=12.80
[DEBUG] armors=0, targets=1
[DEBUG] armors=0, targets=1
[DEBUG] armors=0, targets=1
[DEBUG] armors=0, targets=1
[DEBUG] armors=0, targets=1
[2026-09-05 13:11:14.569] [warning] [XUC][YAW] visual loss: control stopped, yaw state retained
[2026-09-05 13:11:14.571] [info] [SYNC][XUC] mode=1 yaw=-3.51 deg pitch=-6.89 deg feeder_rpm=0.00 wheel0_rpm=3180 wheel1_rpm=3160 wheel_delta=20 projectile_speed=12.80
[DEBUG] armors=0, targets=1
[2026-09-05 13:11:14.586] [info] [PERF] 总耗时=14.8ms (检测=12.5ms, 跟踪=0.0ms), FPS=67.5
[2026-09-05 13:11:14.586] [info] 📊 [CAMERA FPS] 瞬时帧率=67.3fps, 平均帧率=64.3fps, 总帧数=4450, 运行时间=69.2s
[DEBUG] armors=0, targets=1
[DEBUG] armors=1, targets=1
[2026-09-05 13:11:14.615] [info] [XUC][YAW] measurement reacquired with continuous slew
[2026-09-05 13:11:14.615] [info] [XUC][PITCH] measurement reacquired with continuous slew
[2026-09-05 13:11:14.615] [info] [XUC][FIRE] stable-window candidate started
[DEBUG] armors=0, targets=1
[2026-09-05 13:11:14.630] [info] [XUC][FIRE] stable window reset
[DEBUG] armors=0, targets=1
[2026-09-05 13:11:14.647] [info] [SYNC][XUC] mode=1 yaw=-3.51 deg pitch=-6.90 deg feeder_rpm=0.00 wheel0_rpm=3140 wheel1_rpm=3100 wheel_delta=40 projectile_speed=12.80
[DEBUG] armors=0, targets=1
[DEBUG] armors=0, targets=1
[DEBUG] armors=0, targets=1
[DEBUG] armors=0, targets=1
[DEBUG] armors=0, targets=1
[2026-09-05 13:11:14.724] [info] [SYNC][XUC] mode=1 yaw=-3.52 deg pitch=-6.90 deg feeder_rpm=0.00 wheel0_rpm=3180 wheel1_rpm=3160 wheel_delta=20 projectile_speed=12.80
[DEBUG] armors=0, targets=1
[DEBUG] armors=0, targets=1
[DEBUG] armors=0, targets=1
[DEBUG] armors=1, targets=1
[2026-09-05 13:11:14.784] [info] [XUC][FIRE] stable-window candidate started
[DEBUG] armors=0, targets=1
[2026-09-05 13:11:14.799] [info] [XUC][FIRE] stable window reset
[2026-09-05 13:11:14.802] [info] [SYNC][XUC] mode=1 yaw=-3.51 deg pitch=-6.89 deg feeder_rpm=0.00 wheel0_rpm=3140 wheel1_rpm=3140 wheel_delta=0 projectile_speed=12.80
[DEBUG] armors=0, targets=1
[DEBUG] armors=0, targets=1
[DEBUG] armors=0, targets=1
[DEBUG] armors=0, targets=1
[DEBUG] armors=0, targets=1
[2026-09-05 13:11:14.876] [info] [SYNC][XUC] mode=1 yaw=-3.52 deg pitch=-6.90 deg feeder_rpm=0.00 wheel0_rpm=3100 wheel1_rpm=3140 wheel_delta=-40 projectile_speed=12.80
[DEBUG] armors=1, targets=1
[2026-09-05 13:11:14.889] [info] [XUC][FIRE] stable-window candidate started
[DEBUG] armors=1, targets=1
[DEBUG] armors=0, targets=1
[2026-09-05 13:11:14.920] [info] [XUC][FIRE] stable window reset
[DEBUG] armors=0, targets=1
[DEBUG] armors=0, targets=1
[2026-09-05 13:11:14.951] [info] [SYNC][XUC] mode=1 yaw=-3.51 deg pitch=-6.91 deg feeder_rpm=0.00 wheel0_rpm=3120 wheel1_rpm=3160 wheel_delta=-40 projectile_speed=12.80
[DEBUG] armors=0, targets=1
[DEBUG] armors=0, targets=1
[DEBUG] armors=0, targets=1
[DEBUG] armors=0, targets=1
[DEBUG] armors=0, targets=1
[2026-09-05 13:11:15.027] [info] [SYNC][XUC] mode=1 yaw=-3.52 deg pitch=-6.90 deg feeder_rpm=0.00 wheel0_rpm=3160 wheel1_rpm=3120 wheel_delta=40 projectile_speed=12.80
[DEBUG] armors=0, targets=1
[DEBUG] armors=0, targets=1
[DEBUG] armors=0, targets=1
[DEBUG] armors=0, targets=1
[DEBUG] armors=0, targets=1
[2026-09-05 13:11:15.100] [warning] [XUC][PITCH] visual loss: control stopped, pitch state retained
[2026-09-05 13:11:15.102] [info] [SYNC][XUC] mode=1 yaw=-3.52 deg pitch=-6.90 deg feeder_rpm=0.00 wheel0_rpm=3180 wheel1_rpm=3140 wheel_delta=40 projectile_speed=12.80
[DEBUG] armors=0, targets=1
[DEBUG] armors=0, targets=1
[DEBUG] armors=0, targets=1
[DEBUG] armors=0, targets=1
[DEBUG] armors=0, targets=1
[2026-09-05 13:11:15.177] [info] [SYNC][XUC] mode=1 yaw=-3.51 deg pitch=-6.90 deg feeder_rpm=0.00 wheel0_rpm=3140 wheel1_rpm=3160 wheel_delta=-20 projectile_speed=12.80
[DEBUG] armors=0, targets=1
[DEBUG] armors=1, targets=1
[2026-09-05 13:11:15.205] [info] [XUC][PITCH] measurement reacquired with continuous slew
[2026-09-05 13:11:15.205] [info] [XUC][FIRE] stable-window candidate started
[DEBUG] armors=1, targets=1
[DEBUG] armors=0, targets=1
[2026-09-05 13:11:15.236] [info] [XUC][FIRE] stable window reset
[DEBUG] armors=1, targets=1
[2026-09-05 13:11:15.251] [info] [XUC][FIRE] stable-window candidate started
[2026-09-05 13:11:15.253] [info] [SYNC][XUC] mode=1 yaw=-3.52 deg pitch=-6.90 deg feeder_rpm=0.00 wheel0_rpm=3120 wheel1_rpm=3140 wheel_delta=-20 projectile_speed=12.80
[DEBUG] armors=0, targets=1
[2026-09-05 13:11:15.266] [info] [XUC][FIRE] stable window reset
[DEBUG] armors=0, targets=1
[DEBUG] armors=0, targets=1
[DEBUG] armors=0, targets=1
[DEBUG] armors=0, targets=1
[2026-09-05 13:11:15.329] [info] [SYNC][XUC] mode=1 yaw=-3.51 deg pitch=-6.90 deg feeder_rpm=0.00 wheel0_rpm=3120 wheel1_rpm=3160 wheel_delta=-40 projectile_speed=12.80
[DEBUG] armors=0, targets=1
[2026-09-05 13:11:15.345] [info] [PERF] 总耗时=16.0ms (检测=13.7ms, 跟踪=0.0ms), FPS=62.6
[2026-09-05 13:11:15.345] [info] 📊 [CAMERA FPS] 瞬时帧率=62.5fps, 平均帧率=64.4fps, 总帧数=4500, 运行时间=69.9s
[DEBUG] armors=0, targets=1
[DEBUG] armors=0, targets=1
[DEBUG] armors=0, targets=1
[DEBUG] armors=1, targets=1
[2026-09-05 13:11:15.403] [info] [XUC][FIRE] stable-window candidate started
[2026-09-05 13:11:15.405] [info] [SYNC][XUC] mode=1 yaw=-3.52 deg pitch=-6.92 deg feeder_rpm=-4.00 wheel0_rpm=3160 wheel1_rpm=3120 wheel_delta=40 projectile_speed=12.80
[DEBUG] armors=0, targets=1
[2026-09-05 13:11:15.418] [info] [XUC][FIRE] stable window reset
[DEBUG] armors=0, targets=1
[DEBUG] armors=0, targets=1
[DEBUG] armors=0, targets=1
[DEBUG] armors=0, targets=1
[2026-09-05 13:11:15.481] [info] [SYNC][XUC] mode=1 yaw=-3.52 deg pitch=-6.92 deg feeder_rpm=3.00 wheel0_rpm=3120 wheel1_rpm=3140 wheel_delta=-20 projectile_speed=12.80
[DEBUG] armors=0, targets=1
[DEBUG] armors=0, targets=1
[DEBUG] armors=0, targets=1
[DEBUG] armors=0, targets=1
[DEBUG] armors=0, targets=1
[2026-09-05 13:11:15.557] [info] [SYNC][XUC] mode=1 yaw=-3.52 deg pitch=-6.92 deg feeder_rpm=0.00 wheel0_rpm=3140 wheel1_rpm=3140 wheel_delta=0 projectile_speed=12.80
[DEBUG] armors=0, targets=1
[DEBUG] armors=0, targets=1
[DEBUG] armors=0, targets=1
[2026-09-05 13:11:15.599] [warning] [XUC][PITCH] visual loss: control stopped, pitch state retained
[DEBUG] armors=0, targets=1
[DEBUG] armors=0, targets=1
[2026-09-05 13:11:15.632] [info] [SYNC][XUC] mode=1 yaw=-3.53 deg pitch=-6.92 deg feeder_rpm=0.00 wheel0_rpm=3160 wheel1_rpm=3160 wheel_delta=0 projectile_speed=12.80
[DEBUG] armors=0, targets=1
[DEBUG] armors=0, targets=1
[DEBUG] armors=0, targets=1
[DEBUG] armors=0, targets=1
[DEBUG] armors=0, targets=1
[2026-09-05 13:11:15.704] [warning] [XUC][YAW] visual loss: control stopped, yaw state retained
[2026-09-05 13:11:15.706] [info] [SYNC][XUC] mode=1 yaw=-3.53 deg pitch=-6.92 deg feeder_rpm=0.00 wheel0_rpm=3140 wheel1_rpm=3120 wheel_delta=20 projectile_speed=12.80
[DEBUG] armors=0, targets=1
[DEBUG] armors=0, targets=1
[DEBUG] armors=0, targets=1
[DEBUG] armors=0, targets=1
[DEBUG] armors=0, targets=1
[2026-09-05 13:11:15.780] [info] [SYNC][XUC] mode=1 yaw=-3.52 deg pitch=-6.93 deg feeder_rpm=0.00 wheel0_rpm=3120 wheel1_rpm=3140 wheel_delta=-20 projectile_speed=12.80
[DEBUG] armors=0, targets=1
[DEBUG] armors=0, targets=1
[DEBUG] armors=0, targets=1
[DEBUG] armors=0, targets=1
[DEBUG] armors=0, targets=1
[2026-09-05 13:11:15.856] [info] [SYNC][XUC] mode=1 yaw=-3.50 deg pitch=-6.95 deg feeder_rpm=0.00 wheel0_rpm=3180 wheel1_rpm=3160 wheel_delta=20 projectile_speed=12.80
[DEBUG] armors=1, targets=1
[2026-09-05 13:11:15.869] [info] [XUC][YAW] measurement reacquired with continuous slew
[2026-09-05 13:11:15.869] [info] [XUC][PITCH] measurement reacquired with continuous slew
[2026-09-05 13:11:15.869] [info] [XUC][FIRE] stable-window candidate started
[DEBUG] armors=0, targets=1
[2026-09-05 13:11:15.884] [info] [XUC][FIRE] stable window reset
[DEBUG] armors=0, targets=1
[DEBUG] armors=1, targets=1
[2026-09-05 13:11:15.915] [info] [XUC][FIRE] stable-window candidate started
[DEBUG] armors=0, targets=1
[2026-09-05 13:11:15.930] [info] [XUC][FIRE] stable window reset
[2026-09-05 13:11:15.932] [info] [SYNC][XUC] mode=1 yaw=-3.50 deg pitch=-6.94 deg feeder_rpm=0.00 wheel0_rpm=3140 wheel1_rpm=3140 wheel_delta=0 projectile_speed=12.80
[DEBUG] armors=1, targets=1
[2026-09-05 13:11:15.945] [info] [XUC][FIRE] stable-window candidate started
[2026-09-05 13:11:15.945] [info] [DRYRUN] measured_gimbal=(2.892,0.035,-0.484) measured_world=(2.922,0.214,-0.131) tracked_world=(2.912,0.214,-0.129) target_gimbal_deg=(0.70,-9.49) target_world_deg=(4.20,-2.55) gimbal_deg=(3.50,-6.94) armor_y_px=975.6 pixel_error_deg=(0.04,10.56) ballistic=(range=2.893m holdover=0.551m comp=10.58deg residual=-0.01deg) q_wxyz=(0.997700,-0.001851,-0.060497,-0.030525) cmd_deg=(4.21,-6.97) packed_pitch_deg=-6.97 control=true shoot=false
[DEBUG] armors=0, targets=1
[2026-09-05 13:11:15.960] [info] [XUC][FIRE] stable window reset
[DEBUG] armors=0, targets=1
[DEBUG] armors=0, targets=1
[DEBUG] armors=1, targets=1
[2026-09-05 13:11:16.005] [info] [XUC][FIRE] stable-window candidate started
[2026-09-05 13:11:16.007] [info] [SYNC][XUC] mode=1 yaw=-3.51 deg pitch=-6.95 deg feeder_rpm=0.00 wheel0_rpm=3140 wheel1_rpm=3160 wheel_delta=-20 projectile_speed=12.80
[DEBUG] armors=0, targets=1
[2026-09-05 13:11:16.021] [info] [XUC][FIRE] stable window reset
[DEBUG] armors=0, targets=1
[DEBUG] armors=0, targets=1
[DEBUG] armors=0, targets=1
[DEBUG] armors=1, targets=1
[2026-09-05 13:11:16.082] [info] [XUC][FIRE] stable-window candidate started
[2026-09-05 13:11:16.084] [info] [SYNC][XUC] mode=1 yaw=-3.51 deg pitch=-6.94 deg feeder_rpm=0.00 wheel0_rpm=3200 wheel1_rpm=3140 wheel_delta=60 projectile_speed=12.80
[DEBUG] armors=1, targets=1
[2026-09-05 13:11:16.100] [info] [PERF] 总耗时=15.6ms (检测=12.4ms, 跟踪=0.5ms), FPS=64.0
[2026-09-05 13:11:16.100] [info] 📊 [CAMERA FPS] 瞬时帧率=63.8fps, 平均帧率=64.4fps, 总帧数=4550, 运行时间=70.7s
[DEBUG] armors=0, targets=1
[2026-09-05 13:11:16.113] [info] [XUC][FIRE] stable window reset
[DEBUG] armors=0, targets=1
[DEBUG] armors=0, targets=1
[DEBUG] armors=1, targets=1
[2026-09-05 13:11:16.158] [info] [XUC][FIRE] stable-window candidate started
[2026-09-05 13:11:16.160] [info] [SYNC][XUC] mode=1 yaw=-3.51 deg pitch=-6.94 deg feeder_rpm=0.00 wheel0_rpm=3100 wheel1_rpm=3140 wheel_delta=-40 projectile_speed=12.80
[DEBUG] armors=0, targets=1
[2026-09-05 13:11:16.174] [info] [XUC][FIRE] stable window reset
[DEBUG] armors=0, targets=1
[DEBUG] armors=0, targets=1
[DEBUG] armors=0, targets=1
[DEBUG] armors=1, targets=1
[2026-09-05 13:11:16.235] [info] [XUC][FIRE] stable-window candidate started
[2026-09-05 13:11:16.237] [info] [SYNC][XUC] mode=1 yaw=-3.50 deg pitch=-6.94 deg feeder_rpm=0.00 wheel0_rpm=3180 wheel1_rpm=3140 wheel_delta=40 projectile_speed=12.80
[DEBUG] armors=0, targets=1
[2026-09-05 13:11:16.250] [info] [XUC][FIRE] stable window reset
[DEBUG] armors=0, targets=1
[DEBUG] armors=0, targets=1
[DEBUG] armors=0, targets=1
[DEBUG] armors=0, targets=1
[2026-09-05 13:11:16.313] [info] [SYNC][XUC] mode=1 yaw=-3.50 deg pitch=-6.93 deg feeder_rpm=0.00 wheel0_rpm=3180 wheel1_rpm=3140 wheel_delta=40 projectile_speed=12.80
[DEBUG] armors=0, targets=1
[DEBUG] armors=0, targets=1
[DEBUG] armors=0, targets=1
[DEBUG] armors=0, targets=1
[DEBUG] armors=1, targets=1
[2026-09-05 13:11:16.388] [info] [XUC][FIRE] stable-window candidate started
[2026-09-05 13:11:16.390] [info] [SYNC][XUC] mode=1 yaw=-3.50 deg pitch=-6.91 deg feeder_rpm=-4.00 wheel0_rpm=3140 wheel1_rpm=3160 wheel_delta=-20 projectile_speed=12.80
[DEBUG] armors=0, targets=1
[2026-09-05 13:11:16.403] [info] [XUC][FIRE] stable window reset
[DEBUG] armors=0, targets=1
[DEBUG] armors=0, targets=1
[DEBUG] armors=0, targets=1
[DEBUG] armors=0, targets=1
[2026-09-05 13:11:16.468] [info] [SYNC][XUC] mode=1 yaw=-3.50 deg pitch=-6.91 deg feeder_rpm=0.00 wheel0_rpm=3200 wheel1_rpm=3160 wheel_delta=40 projectile_speed=12.80
[DEBUG] armors=0, targets=1
[DEBUG] armors=0, targets=1
[DEBUG] armors=0, targets=1
[DEBUG] armors=0, targets=1
[DEBUG] armors=0, targets=1
[2026-09-05 13:11:16.545] [info] [SYNC][XUC] mode=1 yaw=-3.50 deg pitch=-6.92 deg feeder_rpm=0.00 wheel0_rpm=3160 wheel1_rpm=3140 wheel_delta=20 projectile_speed=12.80
[DEBUG] armors=0, targets=1
[DEBUG] armors=0, targets=1
[2026-09-05 13:11:16.573] [warning] [XUC][PITCH] visual loss: control stopped, pitch state retained
[DEBUG] armors=0, targets=1
[DEBUG] armors=0, targets=1
[DEBUG] armors=0, targets=1
[2026-09-05 13:11:16.620] [info] [SYNC][XUC] mode=1 yaw=-3.50 deg pitch=-6.90 deg feeder_rpm=0.00 wheel0_rpm=3160 wheel1_rpm=3160 wheel_delta=0 projectile_speed=12.80
[DEBUG] armors=0, targets=1
[DEBUG] armors=0, targets=1
[DEBUG] armors=0, targets=1
[DEBUG] armors=0, targets=1
[DEBUG] armors=0, targets=1
[2026-09-05 13:11:16.693] [warning] [XUC][YAW] visual loss: control stopped, yaw state retained
[2026-09-05 13:11:16.696] [info] [SYNC][XUC] mode=1 yaw=-3.51 deg pitch=-6.89 deg feeder_rpm=0.00 wheel0_rpm=3160 wheel1_rpm=3160 wheel_delta=0 projectile_speed=12.80
[DEBUG] armors=0, targets=1
[DEBUG] armors=0, targets=1
[DEBUG] armors=0, targets=1
[DEBUG] armors=0, targets=1
[DEBUG] armors=0, targets=1
[2026-09-05 13:11:16.773] [info] [SYNC][XUC] mode=1 yaw=-3.51 deg pitch=-6.89 deg feeder_rpm=0.00 wheel0_rpm=3160 wheel1_rpm=3160 wheel_delta=0 projectile_speed=12.80
[DEBUG] armors=0, targets=1
[DEBUG] armors=0, targets=1
[DEBUG] armors=0, targets=1
[DEBUG] armors=1, targets=1
[2026-09-05 13:11:16.833] [info] [XUC][YAW] measurement reacquired with continuous slew
[2026-09-05 13:11:16.833] [info] [XUC][PITCH] measurement reacquired with continuous slew
[2026-09-05 13:11:16.833] [info] [XUC][FIRE] stable-window candidate started
[DEBUG] armors=0, targets=1
[2026-09-05 13:11:16.849] [info] [XUC][FIRE] stable window reset
[2026-09-05 13:11:16.851] [info] [SYNC][XUC] mode=1 yaw=-3.51 deg pitch=-6.88 deg feeder_rpm=0.00 wheel0_rpm=3200 wheel1_rpm=3140 wheel_delta=60 projectile_speed=12.80
[DEBUG] armors=0, targets=1
[2026-09-05 13:11:16.867] [info] [PERF] 总耗时=15.8ms (检测=13.0ms, 跟踪=0.0ms), FPS=63.2
[2026-09-05 13:11:16.867] [info] 📊 [CAMERA FPS] 瞬时帧率=63.0fps, 平均帧率=64.4fps, 总帧数=4600, 运行时间=71.4s
[DEBUG] armors=0, targets=1
[DEBUG] armors=0, targets=1
[DEBUG] armors=0, targets=1
[DEBUG] armors=1, targets=1
[2026-09-05 13:11:16.924] [info] [XUC][FIRE] stable-window candidate started
[2026-09-05 13:11:16.926] [info] [SYNC][XUC] mode=1 yaw=-3.51 deg pitch=-6.89 deg feeder_rpm=-4.00 wheel0_rpm=3180 wheel1_rpm=3120 wheel_delta=60 projectile_speed=12.80
[DEBUG] armors=0, targets=1
[2026-09-05 13:11:16.939] [info] [XUC][FIRE] stable window reset
[DEBUG] armors=0, targets=1
[DEBUG] armors=0, targets=1
[DEBUG] armors=0, targets=1
[DEBUG] armors=0, targets=1
[2026-09-05 13:11:17.001] [info] [SYNC][XUC] mode=1 yaw=-3.51 deg pitch=-6.89 deg feeder_rpm=0.00 wheel0_rpm=3120 wheel1_rpm=3180 wheel_delta=-60 projectile_speed=12.80
[DEBUG] armors=0, targets=1
[DEBUG] armors=0, targets=1
[DEBUG] armors=0, targets=1
[DEBUG] armors=1, targets=1
[2026-09-05 13:11:17.059] [info] [XUC][FIRE] stable-window candidate started
[DEBUG] armors=0, targets=1
[2026-09-05 13:11:17.074] [info] [XUC][FIRE] stable window reset
[2026-09-05 13:11:17.076] [info] [SYNC][XUC] mode=1 yaw=-3.50 deg pitch=-6.90 deg feeder_rpm=-4.00 wheel0_rpm=3160 wheel1_rpm=3140 wheel_delta=20 projectile_speed=12.80
[DEBUG] armors=0, targets=1
[DEBUG] armors=1, targets=1
[2026-09-05 13:11:17.105] [info] [XUC][FIRE] stable-window candidate started
[DEBUG] armors=1, targets=1
[DEBUG] armors=0, targets=1
[2026-09-05 13:11:17.136] [info] [XUC][FIRE] stable window reset
[DEBUG] armors=0, targets=1
[2026-09-05 13:11:17.154] [info] [SYNC][XUC] mode=1 yaw=-3.51 deg pitch=-6.90 deg feeder_rpm=0.00 wheel0_rpm=3120 wheel1_rpm=3120 wheel_delta=0 projectile_speed=12.80
[DEBUG] armors=0, targets=1
[DEBUG] armors=0, targets=1
[DEBUG] armors=0, targets=1
[DEBUG] armors=0, targets=1
[DEBUG] armors=0, targets=1
[2026-09-05 13:11:17.229] [info] [SYNC][XUC] mode=1 yaw=-3.51 deg pitch=-6.90 deg feeder_rpm=0.00 wheel0_rpm=3160 wheel1_rpm=3160 wheel_delta=0 projectile_speed=12.80
[DEBUG] armors=0, targets=1
[DEBUG] armors=0, targets=1
[DEBUG] armors=0, targets=1
[DEBUG] armors=0, targets=1
[DEBUG] armors=0, targets=1
[2026-09-05 13:11:17.305] [warning] [XUC][PITCH] visual loss: control stopped, pitch state retained
[2026-09-05 13:11:17.307] [info] [SYNC][XUC] mode=1 yaw=-3.51 deg pitch=-6.90 deg feeder_rpm=0.00 wheel0_rpm=3180 wheel1_rpm=3140 wheel_delta=40 projectile_speed=12.80
[DEBUG] armors=0, targets=1
[DEBUG] armors=0, targets=1
[DEBUG] armors=0, targets=1
[DEBUG] armors=1, targets=1
[2026-09-05 13:11:17.364] [info] [XUC][PITCH] measurement reacquired with continuous slew
[2026-09-05 13:11:17.364] [info] [XUC][FIRE] stable-window candidate started
[DEBUG] armors=0, targets=1
[2026-09-05 13:11:17.379] [info] [XUC][FIRE] stable window reset
[2026-09-05 13:11:17.382] [info] [SYNC][XUC] mode=1 yaw=-3.51 deg pitch=-6.89 deg feeder_rpm=0.00 wheel0_rpm=3140 wheel1_rpm=3140 wheel_delta=0 projectile_speed=12.80
[DEBUG] armors=0, targets=1
[DEBUG] armors=0, targets=1
[DEBUG] armors=0, targets=1
[DEBUG] armors=0, targets=1
[DEBUG] armors=0, targets=1
[2026-09-05 13:11:17.457] [info] [SYNC][XUC] mode=1 yaw=-3.51 deg pitch=-6.89 deg feeder_rpm=-4.00 wheel0_rpm=3180 wheel1_rpm=3120 wheel_delta=60 projectile_speed=12.80
[DEBUG] armors=0, targets=1
[DEBUG] armors=0, targets=1
[DEBUG] armors=0, targets=1
[DEBUG] armors=0, targets=1
[DEBUG] armors=0, targets=1
[2026-09-05 13:11:17.532] [info] [SYNC][XUC] mode=1 yaw=-3.51 deg pitch=-6.89 deg feeder_rpm=-4.00 wheel0_rpm=3120 wheel1_rpm=3180 wheel_delta=-60 projectile_speed=12.80
[DEBUG] armors=0, targets=1
[2026-09-05 13:11:17.544] [warning] [XUC][PITCH] visual loss: control stopped, pitch state retained
[DEBUG] armors=0, targets=1
[DEBUG] armors=0, targets=1
[DEBUG] armors=0, targets=1
[DEBUG] armors=0, targets=1
[2026-09-05 13:11:17.606] [info] [SYNC][XUC] mode=1 yaw=-3.51 deg pitch=-6.89 deg feeder_rpm=-4.00 wheel0_rpm=3120 wheel1_rpm=3160 wheel_delta=-40 projectile_speed=12.80
[DEBUG] armors=0, targets=1
[2026-09-05 13:11:17.622] [info] [PERF] 总耗时=15.1ms (检测=12.6ms, 跟踪=0.0ms), FPS=66.2
[2026-09-05 13:11:17.622] [info] 📊 [CAMERA FPS] 瞬时帧率=66.1fps, 平均帧率=64.4fps, 总帧数=4650, 运行时间=72.2s
[DEBUG] armors=0, targets=1
[DEBUG] armors=0, targets=1
[DEBUG] armors=0, targets=1
[2026-09-05 13:11:17.664] [warning] [XUC][YAW] visual loss: control stopped, yaw state retained
[DEBUG] armors=0, targets=1
[2026-09-05 13:11:17.682] [info] [SYNC][XUC] mode=1 yaw=-3.51 deg pitch=-6.89 deg feeder_rpm=0.00 wheel0_rpm=3180 wheel1_rpm=3160 wheel_delta=20 projectile_speed=12.80
[DEBUG] armors=0, targets=1
[DEBUG] armors=0, targets=1
[DEBUG] armors=0, targets=1
[DEBUG] armors=0, targets=1
[DEBUG] armors=0, targets=1
[2026-09-05 13:11:17.758] [info] [SYNC][XUC] mode=1 yaw=-3.51 deg pitch=-6.89 deg feeder_rpm=0.00 wheel0_rpm=3140 wheel1_rpm=3120 wheel_delta=20 projectile_speed=12.80
[DEBUG] armors=1, targets=1
[2026-09-05 13:11:17.771] [info] [XUC][YAW] measurement reacquired with continuous slew
[2026-09-05 13:11:17.771] [info] [XUC][PITCH] measurement reacquired with continuous slew
[2026-09-05 13:11:17.771] [info] [XUC][FIRE] stable-window candidate started
[2026-09-05 13:11:17.771] [info] [DRYRUN] measured_gimbal=(2.859,0.035,-0.476) measured_world=(2.888,0.212,-0.130) tracked_world=(2.904,0.213,-0.130) target_gimbal_deg=(0.69,-9.46) target_world_deg=(4.20,-2.57) gimbal_deg=(3.51,-6.89) armor_y_px=974.8 pixel_error_deg=(0.04,10.55) ballistic=(range=2.859m holdover=0.542m comp=10.52deg residual=0.02deg) q_wxyz=(0.997722,-0.001841,-0.060099,-0.030570) cmd_deg=(4.20,-6.92) packed_pitch_deg=-6.92 control=true shoot=false
[DEBUG] armors=0, targets=1
[2026-09-05 13:11:17.785] [info] [XUC][FIRE] stable window reset
[DEBUG] armors=0, targets=1
[DEBUG] armors=0, targets=1
[DEBUG] armors=0, targets=1
[2026-09-05 13:11:17.832] [info] [SYNC][XUC] mode=1 yaw=-3.51 deg pitch=-6.89 deg feeder_rpm=0.00 wheel0_rpm=3120 wheel1_rpm=3140 wheel_delta=-20 projectile_speed=12.80
[DEBUG] armors=1, targets=1
[2026-09-05 13:11:17.845] [info] [XUC][FIRE] stable-window candidate started
[DEBUG] armors=0, targets=1
[2026-09-05 13:11:17.859] [info] [XUC][FIRE] stable window reset
[DEBUG] armors=0, targets=1
[DEBUG] armors=0, targets=1
[DEBUG] armors=0, targets=1
[2026-09-05 13:11:17.907] [info] [SYNC][XUC] mode=1 yaw=-3.50 deg pitch=-6.90 deg feeder_rpm=0.00 wheel0_rpm=3160 wheel1_rpm=3160 wheel_delta=0 projectile_speed=12.80
[DEBUG] armors=0, targets=1
[DEBUG] armors=0, targets=1
[DEBUG] armors=0, targets=1
[DEBUG] armors=0, targets=1
[DEBUG] armors=0, targets=1
[2026-09-05 13:11:17.982] [info] [SYNC][XUC] mode=1 yaw=-3.50 deg pitch=-6.89 deg feeder_rpm=0.00 wheel0_rpm=3160 wheel1_rpm=3160 wheel_delta=0 projectile_speed=12.80
[DEBUG] armors=0, targets=1
[DEBUG] armors=0, targets=1
[DEBUG] armors=0, targets=1
[2026-09-05 13:11:18.023] [warning] [XUC][PITCH] visual loss: control stopped, pitch state retained
[DEBUG] armors=0, targets=1
[DEBUG] armors=0, targets=1
[2026-09-05 13:11:18.055] [info] [SYNC][XUC] mode=1 yaw=-3.50 deg pitch=-6.89 deg feeder_rpm=0.00 wheel0_rpm=3120 wheel1_rpm=3140 wheel_delta=-20 projectile_speed=12.80
[DEBUG] armors=0, targets=1
[DEBUG] armors=0, targets=1
[DEBUG] armors=0, targets=1
[DEBUG] armors=0, targets=1
[DEBUG] armors=0, targets=1
[2026-09-05 13:11:18.131] [info] [SYNC][XUC] mode=1 yaw=-3.51 deg pitch=-6.88 deg feeder_rpm=0.00 wheel0_rpm=3160 wheel1_rpm=3100 wheel_delta=60 projectile_speed=12.80
[DEBUG] armors=0, targets=1
[2026-09-05 13:11:18.144] [warning] [XUC][YAW] visual loss: control stopped, yaw state retained
[DEBUG] armors=0, targets=1
[DEBUG] armors=0, targets=1
[DEBUG] armors=0, targets=1
[DEBUG] armors=0, targets=1
[2026-09-05 13:11:18.209] [info] [SYNC][XUC] mode=1 yaw=-3.50 deg pitch=-6.88 deg feeder_rpm=-4.00 wheel0_rpm=3180 wheel1_rpm=3180 wheel_delta=0 projectile_speed=12.80
[DEBUG] armors=0, targets=1
[DEBUG] armors=0, targets=1
[DEBUG] armors=0, targets=1
[DEBUG] armors=0, targets=1
[DEBUG] armors=0, targets=1
[2026-09-05 13:11:18.285] [info] [SYNC][XUC] mode=1 yaw=-3.50 deg pitch=-6.88 deg feeder_rpm=0.00 wheel0_rpm=3120 wheel1_rpm=3160 wheel_delta=-40 projectile_speed=12.80
[DEBUG] armors=0, targets=1
[DEBUG] armors=0, targets=1
[DEBUG] armors=0, targets=1
[DEBUG] armors=0, targets=1
[DEBUG] armors=0, targets=1
[2026-09-05 13:11:18.363] [info] [SYNC][XUC] mode=1 yaw=-3.50 deg pitch=-6.87 deg feeder_rpm=0.00 wheel0_rpm=3180 wheel1_rpm=3160 wheel_delta=20 projectile_speed=12.80
[DEBUG] armors=0, targets=1
[2026-09-05 13:11:18.378] [info] [PERF] 总耗时=15.5ms (检测=13.1ms, 跟踪=0.0ms), FPS=64.7
[2026-09-05 13:11:18.378] [info] 📊 [CAMERA FPS] 瞬时帧率=64.6fps, 平均帧率=64.4fps, 总帧数=4700, 运行时间=73.0s
[DEBUG] armors=0, targets=1
[DEBUG] armors=0, targets=1
[DEBUG] armors=0, targets=1
[DEBUG] armors=0, targets=1
[2026-09-05 13:11:18.439] [info] [SYNC][XUC] mode=1 yaw=-3.50 deg pitch=-6.87 deg feeder_rpm=0.00 wheel0_rpm=3140 wheel1_rpm=3140 wheel_delta=0 projectile_speed=12.80
[DEBUG] armors=0, targets=1
[DEBUG] armors=0, targets=1
[DEBUG] armors=0, targets=1
[DEBUG] armors=0, targets=1
[DEBUG] armors=0, targets=1
[2026-09-05 13:11:18.515] [info] [SYNC][XUC] mode=1 yaw=-3.50 deg pitch=-6.87 deg feeder_rpm=0.00 wheel0_rpm=3180 wheel1_rpm=3160 wheel_delta=20 projectile_speed=12.80
[DEBUG] armors=0, targets=1
[DEBUG] armors=0, targets=1
[DEBUG] armors=0, targets=1
[DEBUG] armors=0, targets=1
[DEBUG] armors=0, targets=1
[2026-09-05 13:11:18.593] [info] [SYNC][XUC] mode=1 yaw=-3.51 deg pitch=-6.87 deg feeder_rpm=0.00 wheel0_rpm=3180 wheel1_rpm=3140 wheel_delta=40 projectile_speed=12.80
[DEBUG] armors=0, targets=1
[DEBUG] armors=0, targets=1
[DEBUG] armors=0, targets=1
[DEBUG] armors=0, targets=1
[DEBUG] armors=0, targets=1
[2026-09-05 13:11:18.671] [info] [SYNC][XUC] mode=1 yaw=-3.51 deg pitch=-6.87 deg feeder_rpm=0.00 wheel0_rpm=3140 wheel1_rpm=3120 wheel_delta=20 projectile_speed=12.80
[DEBUG] armors=1, targets=1
[2026-09-05 13:11:18.685] [info] [XUC][YAW] measurement reacquired with continuous slew
[2026-09-05 13:11:18.685] [info] [XUC][PITCH] measurement reacquired with continuous slew
[2026-09-05 13:11:18.685] [info] [XUC][FIRE] stable-window candidate started
[2026-09-05 13:11:18.685] [info] [DRYRUN] measured_gimbal=(2.871,0.035,-0.477) measured_world=(2.899,0.213,-0.130) tracked_world=(2.901,0.213,-0.131) target_gimbal_deg=(0.70,-9.44) target_world_deg=(4.20,-2.57) gimbal_deg=(3.51,-6.87) armor_y_px=973.8 pixel_error_deg=(0.04,10.52) ballistic=(range=2.871m holdover=0.545m comp=10.54deg residual=-0.02deg) q_wxyz=(0.997734,-0.001835,-0.059914,-0.030566) cmd_deg=(4.20,-6.91) packed_pitch_deg=-6.91 control=true shoot=false
[DEBUG] armors=0, targets=1
[2026-09-05 13:11:18.701] [info] [XUC][FIRE] stable window reset
[DEBUG] armors=0, targets=1
[DEBUG] armors=0, targets=1
[DEBUG] armors=0, targets=1
[2026-09-05 13:11:18.748] [info] [SYNC][XUC] mode=1 yaw=-3.52 deg pitch=-6.87 deg feeder_rpm=3.00 wheel0_rpm=3200 wheel1_rpm=3140 wheel_delta=60 projectile_speed=12.80
[DEBUG] armors=0, targets=1
[DEBUG] armors=0, targets=1
[DEBUG] armors=0, targets=1
[DEBUG] armors=0, targets=1
[DEBUG] armors=0, targets=1
[2026-09-05 13:11:18.824] [info] [SYNC][XUC] mode=1 yaw=-3.51 deg pitch=-6.87 deg feeder_rpm=0.00 wheel0_rpm=3180 wheel1_rpm=3160 wheel_delta=20 projectile_speed=12.80
[DEBUG] armors=0, targets=1
[DEBUG] armors=0, targets=1
[DEBUG] armors=0, targets=1
[2026-09-05 13:11:18.867] [warning] [XUC][PITCH] visual loss: control stopped, pitch state retained
[DEBUG] armors=0, targets=1
[DEBUG] armors=0, targets=1
[2026-09-05 13:11:18.901] [info] [SYNC][XUC] mode=1 yaw=-3.51 deg pitch=-6.86 deg feeder_rpm=0.00 wheel0_rpm=3140 wheel1_rpm=3140 wheel_delta=0 projectile_speed=12.80
[DEBUG] armors=0, targets=1
[DEBUG] armors=0, targets=1
[DEBUG] armors=0, targets=1
[DEBUG] armors=0, targets=1
[DEBUG] armors=0, targets=1
[2026-09-05 13:11:18.976] [info] [SYNC][XUC] mode=1 yaw=-3.52 deg pitch=-6.86 deg feeder_rpm=-4.00 wheel0_rpm=3180 wheel1_rpm=3160 wheel_delta=20 projectile_speed=12.80
