[2026-09-05 13:05:41.534] [info] [Performance] Thread limits: OpenCV=1, TBB=4, OMP=4
[2026-09-05 13:05:41.552] [info] [ROS2Visualizer] Initialized: node=standard_node, marker_topic=standard_markers
[2026-09-05 13:05:41.552] [info] [ROS2] Visualizer initialized
[2026-09-05 13:05:41.552] [info] [ROS2Visualizer] Spin thread started
[2026-09-05 13:05:41.553] [info] [CBoard] disabled (cboard_enable=false); XUC is expected to provide IMU
[2026-09-05 13:05:41.553] [info] Camera constructor: config_path=configs/standard_hikrobot_phase2d5_fire_single.yaml, camera_name=hikrobot
[2026-09-05 13:05:41.553] [info] Creating HikRobot camera
[2026-09-05 13:05:41.554] [info] HikRobot's daemon thread started.
[2026-09-05 13:05:41.554] [info] Camera constructor completed
[2026-09-05 13:05:41.555] [info] [XUC] serial opened /dev/serial/by-id/usb-1a86_USB_Serial-if00-port0 @ 460800 baud, angles=rad, yaw_sign=0.94074425, pitch_sign=1, imu_yaw_sign=-1.06298816, imu_pitch_sign=1, allow_control=true, allow_shoot=true, require_feedback=true, require_auto_mode=false, max_yaw_excursion_deg=0.00, lock_pitch=false
[2026-09-05 13:05:41.605] [info] [YOLO26] CPU cores: 16, big cores found: 4, core_type: unavailable, max_freq: 4900000
[2026-09-05 13:05:41.605] [info] [YOLO26] Big core ids: [4,5,6,7]
[2026-09-05 13:05:41.605] [info] [YOLO26] Successfully bound to 4 big cores
[2026-09-05 13:05:41.605] [info] [YOLO26] Disabled OpenCV threading to avoid CPU contention
[2026-09-05 13:05:41.621] [info] [YOLO26] Compiling model with 4 threads (LATENCY mode)
[2026-09-05 13:05:41.840] [info] [HikRobot][READBACK] image=1440x1080, pixel_format=0x1080009
[2026-09-05 13:05:41.841] [info] [HikRobot][READBACK] exposure_us=2000.0 auto=0, gain=10.02 auto=0, white_balance_auto=0
[2026-09-05 13:05:41.841] [info] [HikRobot][READBACK] trigger=off (continuous acquisition)
[2026-09-05 13:05:41.842] [info] [HikRobot][READBACK] acquisition_fps=150.00
[2026-09-05 13:05:41.855] [info] HikRobot's capture thread started.
[2026-09-05 13:05:41.862] [info] [HikRobot] first frame: 1440x1080, pixel_type=0x1080009, frame_len=1555200
[2026-09-05 13:05:41.890] [info] [YOLO26] Initialization complete - SYNC mode optimized
[2026-09-05 13:05:41.890] [info] [YOLO26] Config: threads=4, streams=1, requests=1, letterbox=114, min_confidence=0.45, min_keypoint_confidence=0.00, swap_rb=false, refine_color=true, color_delta=12.0, color_hold_frames=12, save_samples=false, debug=false
[2026-09-05 13:05:41.895] [info] === All modules initialized ===
[2026-09-05 13:05:41.895] [info] [ROS2Visualizer] Published static TF: gimbal -> camera
[2026-09-05 13:05:41.895] [info] [ROS2] Published static TF: gimbal -> camera
[2026-09-05 13:05:41.895] [info] === Entering main loop ===
[2026-09-05 13:05:41.895] [info] [SYNC] 发送默认命令，等待相机触发
[DEBUG] armors=1, targets=1
[DEBUG] armors=1, targets=1
[DEBUG] armors=1, targets=1
[DEBUG] armors=1, targets=1
[DEBUG] armors=1, targets=1
[DEBUG] armors=1, targets=1
[DEBUG] armors=1, targets=1
[DEBUG] armors=1, targets=1
[DEBUG] armors=1, targets=1
[DEBUG] armors=1, targets=1
[DEBUG] armors=1, targets=1
[DEBUG] armors=1, targets=1
[DEBUG] armors=1, targets=1
[DEBUG] armors=1, targets=1
[DEBUG] armors=1, targets=1
[DEBUG] armors=1, targets=1
[DEBUG] armors=1, targets=1
[DEBUG] armors=1, targets=1
[DEBUG] armors=1, targets=1
[DEBUG] armors=1, targets=1
[2026-09-05 13:05:42.298] [info] [DRYRUN] measured_gimbal=(2.919,0.036,0.098) measured_world=(2.915,0.163,-0.106) tracked_world=(2.917,0.163,-0.106) target_gimbal_deg=(0.70,1.91) target_world_deg=(3.20,-2.08) gimbal_deg=(2.50,3.99) armor_y_px=505.6 pixel_error_deg=(0.03,-0.84) ballistic=(range=2.920m holdover=0.567m comp=10.77deg residual=-11.62deg) q_wxyz=(0.999156,0.000759,0.034825,-0.021789) cmd_deg=(3.21,-15.18) packed_pitch_deg=-15.18 control=true shoot=false
[DEBUG] armors=1, targets=1
[DEBUG] armors=1, targets=1
[DEBUG] armors=1, targets=1
[DEBUG] armors=1, targets=1
[DEBUG] armors=1, targets=1
[DEBUG] armors=1, targets=1
[DEBUG] armors=1, targets=1
[DEBUG] armors=1, targets=1
[DEBUG] armors=1, targets=1
[DEBUG] armors=1, targets=1
[DEBUG] armors=1, targets=1
[DEBUG] armors=1, targets=1
[DEBUG] armors=1, targets=1
[DEBUG] armors=1, targets=1
[DEBUG] armors=1, targets=1
[DEBUG] armors=1, targets=1
[DEBUG] armors=1, targets=1
[DEBUG] armors=1, targets=1
[DEBUG] armors=1, targets=1
[DEBUG] armors=1, targets=1
[2026-09-05 13:05:42.604] [info] [DRYRUN] measured_gimbal=(2.938,0.036,0.098) measured_world=(2.933,0.164,-0.108) tracked_world=(2.920,0.164,-0.107) target_gimbal_deg=(0.71,1.91) target_world_deg=(3.21,-2.11) gimbal_deg=(2.50,4.02) armor_y_px=505.6 pixel_error_deg=(0.03,-0.84) ballistic=(range=2.938m holdover=0.572m comp=10.80deg residual=-11.64deg) q_wxyz=(0.999149,0.000763,0.035027,-0.021776) cmd_deg=(3.20,-15.17) packed_pitch_deg=-15.17 control=true shoot=false
[DEBUG] armors=1, targets=1
[DEBUG] armors=1, targets=1
[DEBUG] armors=1, targets=1
[DEBUG] armors=1, targets=1
[DEBUG] armors=1, targets=1
[DEBUG] armors=1, targets=1
[DEBUG] armors=1, targets=1
[DEBUG] armors=1, targets=1
[DEBUG] armors=1, targets=1
[2026-09-05 13:05:42.743] [info] [SYNC][XUC] mode=0 yaw=-2.50 deg pitch=4.02 deg feeder_rpm=0.00 wheel0_rpm=0 wheel1_rpm=0 wheel_delta=0 projectile_speed=12.80
[DEBUG] armors=1, targets=1
[2026-09-05 13:05:42.758] [info] [PERF] 总耗时=14.9ms (检测=12.1ms, 跟踪=0.5ms), FPS=67.3
[2026-09-05 13:05:42.758] [info] 📊 [CAMERA FPS] 瞬时帧率=67.2fps, 平均帧率=57.9fps, 总帧数=50, 运行时间=0.9s
[DEBUG] armors=1, targets=1
[DEBUG] armors=1, targets=1
[DEBUG] armors=1, targets=1
[DEBUG] armors=1, targets=1
[DEBUG] armors=1, targets=1
[DEBUG] armors=1, targets=1
[DEBUG] armors=1, targets=1
[DEBUG] armors=1, targets=1
[DEBUG] armors=1, targets=1
[DEBUG] armors=1, targets=1
[2026-09-05 13:05:42.907] [info] [DRYRUN] measured_gimbal=(2.907,0.036,0.097) measured_world=(2.902,0.162,-0.107) tracked_world=(2.920,0.164,-0.108) target_gimbal_deg=(0.70,1.92) target_world_deg=(3.20,-2.10) gimbal_deg=(2.50,4.02) armor_y_px=505.6 pixel_error_deg=(0.03,-0.84) ballistic=(range=2.907m holdover=0.564m comp=10.76deg residual=-11.60deg) q_wxyz=(0.999146,0.000766,0.035092,-0.021800) cmd_deg=(3.21,-15.15) packed_pitch_deg=-15.15 control=true shoot=false
[DEBUG] armors=1, targets=1
[DEBUG] armors=1, targets=1
[DEBUG] armors=1, targets=1
[DEBUG] armors=1, targets=1
[DEBUG] armors=1, targets=1
[DEBUG] armors=1, targets=1
[DEBUG] armors=1, targets=1
[DEBUG] armors=1, targets=1
[DEBUG] armors=1, targets=1
[DEBUG] armors=1, targets=1
[DEBUG] armors=1, targets=1
[DEBUG] armors=1, targets=1
[DEBUG] armors=1, targets=1
[DEBUG] armors=1, targets=1
[DEBUG] armors=1, targets=1
[DEBUG] armors=1, targets=1
[DEBUG] armors=0, targets=1
[DEBUG] armors=1, targets=1
[DEBUG] armors=1, targets=1
[DEBUG] armors=1, targets=1
[2026-09-05 13:05:43.214] [info] [DRYRUN] measured_gimbal=(2.909,0.036,0.098) measured_world=(2.904,0.162,-0.107) tracked_world=(2.919,0.163,-0.108) target_gimbal_deg=(0.70,1.93) target_world_deg=(3.20,-2.10) gimbal_deg=(2.50,4.02) armor_y_px=505.3 pixel_error_deg=(0.03,-0.85) ballistic=(range=2.909m holdover=0.564m comp=10.76deg residual=-11.61deg) q_wxyz=(0.999146,0.000765,0.035107,-0.021775) cmd_deg=(3.20,-15.14) packed_pitch_deg=-15.14 control=true shoot=false
[DEBUG] armors=1, targets=1
[DEBUG] armors=1, targets=1
[DEBUG] armors=1, targets=1
[DEBUG] armors=1, targets=1
[DEBUG] armors=1, targets=1
[DEBUG] armors=1, targets=1
[DEBUG] armors=1, targets=1
[DEBUG] armors=1, targets=1
[DEBUG] armors=1, targets=1
[DEBUG] armors=1, targets=1
[DEBUG] armors=1, targets=1
[DEBUG] armors=1, targets=1
[DEBUG] armors=1, targets=1
[DEBUG] armors=1, targets=1
[DEBUG] armors=1, targets=1
[DEBUG] armors=1, targets=1
[DEBUG] armors=1, targets=1
[DEBUG] armors=1, targets=1
[DEBUG] armors=1, targets=1
[2026-09-05 13:05:43.509] [info] [SYNC][XUC] mode=0 yaw=-2.50 deg pitch=4.03 deg feeder_rpm=0.00 wheel0_rpm=0 wheel1_rpm=0 wheel_delta=0 projectile_speed=12.80
[DEBUG] armors=1, targets=1
[2026-09-05 13:05:43.522] [info] [DRYRUN] measured_gimbal=(2.919,0.036,0.098) measured_world=(2.914,0.163,-0.108) tracked_world=(2.918,0.163,-0.108) target_gimbal_deg=(0.71,1.92) target_world_deg=(3.21,-2.11) gimbal_deg=(2.50,4.03) armor_y_px=505.3 pixel_error_deg=(0.03,-0.85) ballistic=(range=2.919m holdover=0.567m comp=10.77deg residual=-11.62deg) q_wxyz=(0.999143,0.000768,0.035173,-0.021819) cmd_deg=(3.20,-15.14) packed_pitch_deg=-15.14 control=true shoot=false
[2026-09-05 13:05:43.525] [info] [PERF] 总耗时=15.4ms (检测=12.4ms, 跟踪=0.5ms), FPS=65.1
[2026-09-05 13:05:43.525] [info] 📊 [CAMERA FPS] 瞬时帧率=65.0fps, 平均帧率=61.4fps, 总帧数=100, 运行时间=1.6s
[DEBUG] armors=1, targets=1
[DEBUG] armors=1, targets=1
[DEBUG] armors=1, targets=1
[DEBUG] armors=0, targets=1
[DEBUG] armors=1, targets=1
[DEBUG] armors=1, targets=1
[DEBUG] armors=1, targets=1
[DEBUG] armors=1, targets=1
[DEBUG] armors=1, targets=1
[DEBUG] armors=1, targets=1
[DEBUG] armors=1, targets=1
[DEBUG] armors=1, targets=1
[DEBUG] armors=1, targets=1
[DEBUG] armors=1, targets=1
[DEBUG] armors=1, targets=1
[DEBUG] armors=1, targets=1
[DEBUG] armors=1, targets=1
[DEBUG] armors=1, targets=1
[DEBUG] armors=1, targets=1
[DEBUG] armors=1, targets=1
[2026-09-05 13:05:43.829] [info] [DRYRUN] measured_gimbal=(2.919,0.036,0.098) measured_world=(2.914,0.164,-0.110) tracked_world=(2.920,0.164,-0.109) target_gimbal_deg=(0.70,1.91) target_world_deg=(3.21,-2.15) gimbal_deg=(2.51,4.06) armor_y_px=505.6 pixel_error_deg=(0.03,-0.84) ballistic=(range=2.919m holdover=0.567m comp=10.77deg residual=-11.62deg) q_wxyz=(0.999132,0.000776,0.035443,-0.021862) cmd_deg=(3.22,-15.13) packed_pitch_deg=-15.13 control=true shoot=false
[DEBUG] armors=1, targets=1
[DEBUG] armors=1, targets=1
[DEBUG] armors=1, targets=1
[DEBUG] armors=1, targets=1
[DEBUG] armors=1, targets=1
[DEBUG] armors=1, targets=1
[DEBUG] armors=1, targets=1
[DEBUG] armors=1, targets=1
[DEBUG] armors=1, targets=1
[DEBUG] armors=1, targets=1
[DEBUG] armors=1, targets=1
[DEBUG] armors=1, targets=1
[DEBUG] armors=1, targets=1
[DEBUG] armors=1, targets=1
[DEBUG] armors=1, targets=1
[DEBUG] armors=1, targets=1
[DEBUG] armors=1, targets=1
[DEBUG] armors=1, targets=1
[DEBUG] armors=1, targets=1
[DEBUG] armors=1, targets=1
[2026-09-05 13:05:44.134] [info] [DRYRUN] measured_gimbal=(2.951,0.037,0.098) measured_world=(2.946,0.166,-0.112) tracked_world=(2.923,0.165,-0.111) target_gimbal_deg=(0.71,1.90) target_world_deg=(3.23,-2.17) gimbal_deg=(2.52,4.08) armor_y_px=505.6 pixel_error_deg=(0.03,-0.84) ballistic=(range=2.951m holdover=0.575m comp=10.82deg residual=-11.66deg) q_wxyz=(0.999126,0.000782,0.035567,-0.021957) cmd_deg=(3.23,-15.13) packed_pitch_deg=-15.13 control=true shoot=false
[DEBUG] armors=1, targets=1
[DEBUG] armors=1, targets=1
[DEBUG] armors=1, targets=1
[DEBUG] armors=1, targets=1
[DEBUG] armors=1, targets=1
[DEBUG] armors=1, targets=1
[DEBUG] armors=1, targets=1
[DEBUG] armors=1, targets=1
[DEBUG] armors=1, targets=1
[2026-09-05 13:05:44.275] [info] [SYNC][XUC] mode=0 yaw=-2.52 deg pitch=4.08 deg feeder_rpm=0.00 wheel0_rpm=0 wheel1_rpm=0 wheel_delta=0 projectile_speed=12.80
[DEBUG] armors=1, targets=1
[2026-09-05 13:05:44.289] [info] [PERF] 总耗时=14.6ms (检测=11.8ms, 跟踪=0.5ms), FPS=68.6
[2026-09-05 13:05:44.289] [info] 📊 [CAMERA FPS] 瞬时帧率=68.4fps, 平均帧率=62.6fps, 总帧数=150, 运行时间=2.4s
[DEBUG] armors=1, targets=1
[DEBUG] armors=1, targets=1
[DEBUG] armors=1, targets=1
[DEBUG] armors=1, targets=1
[DEBUG] armors=1, targets=1
[DEBUG] armors=1, targets=1
[DEBUG] armors=1, targets=1
[DEBUG] armors=1, targets=1
[DEBUG] armors=1, targets=1
[DEBUG] armors=1, targets=1
[2026-09-05 13:05:44.440] [info] [DRYRUN] measured_gimbal=(2.935,0.036,0.098) measured_world=(2.930,0.165,-0.110) tracked_world=(2.926,0.165,-0.111) target_gimbal_deg=(0.71,1.91) target_world_deg=(3.23,-2.15) gimbal_deg=(2.52,4.07) armor_y_px=505.3 pixel_error_deg=(0.03,-0.85) ballistic=(range=2.935m holdover=0.571m comp=10.80deg residual=-11.65deg) q_wxyz=(0.999129,0.000780,0.035479,-0.021956) cmd_deg=(3.23,-15.14) packed_pitch_deg=-15.14 control=true shoot=false
[DEBUG] armors=1, targets=1
[DEBUG] armors=1, targets=1
[DEBUG] armors=1, targets=1
[DEBUG] armors=1, targets=1
[DEBUG] armors=1, targets=1
[DEBUG] armors=1, targets=1
[DEBUG] armors=1, targets=1
[DEBUG] armors=1, targets=1
[DEBUG] armors=1, targets=1
[DEBUG] armors=1, targets=1
[DEBUG] armors=1, targets=1
[DEBUG] armors=1, targets=1
[DEBUG] armors=1, targets=1
[DEBUG] armors=1, targets=1
[DEBUG] armors=1, targets=1
[DEBUG] armors=1, targets=1
[DEBUG] armors=1, targets=1
[DEBUG] armors=0, targets=1
[DEBUG] armors=1, targets=1
[DEBUG] armors=1, targets=1
[2026-09-05 13:05:44.748] [info] [DRYRUN] measured_gimbal=(2.919,0.036,0.098) measured_world=(2.914,0.164,-0.110) tracked_world=(2.931,0.166,-0.111) target_gimbal_deg=(0.71,1.92) target_world_deg=(3.23,-2.15) gimbal_deg=(2.52,4.07) armor_y_px=505.5 pixel_error_deg=(0.03,-0.85) ballistic=(range=2.919m holdover=0.567m comp=10.77deg residual=-11.62deg) q_wxyz=(0.999129,0.000779,0.035466,-0.021958) cmd_deg=(3.24,-15.15) packed_pitch_deg=-15.15 control=true shoot=false
[DEBUG] armors=1, targets=1
[DEBUG] armors=1, targets=1
[DEBUG] armors=1, targets=1
[DEBUG] armors=1, targets=1
[DEBUG] armors=1, targets=1
[DEBUG] armors=1, targets=1
[DEBUG] armors=0, targets=1
[DEBUG] armors=1, targets=1
[DEBUG] armors=1, targets=1
[DEBUG] armors=1, targets=1
[DEBUG] armors=1, targets=1
[DEBUG] armors=0, targets=1
[DEBUG] armors=1, targets=1
[DEBUG] armors=1, targets=1
[DEBUG] armors=1, targets=1
[DEBUG] armors=1, targets=1
[DEBUG] armors=1, targets=1
[DEBUG] armors=1, targets=1
[DEBUG] armors=1, targets=1
[2026-09-05 13:05:45.041] [info] [SYNC][XUC] mode=0 yaw=-2.52 deg pitch=4.06 deg feeder_rpm=0.00 wheel0_rpm=0 wheel1_rpm=0 wheel_delta=0 projectile_speed=12.80
[DEBUG] armors=1, targets=1
[2026-09-05 13:05:45.054] [info] [DRYRUN] measured_gimbal=(2.919,0.036,0.098) measured_world=(2.914,0.164,-0.109) tracked_world=(2.930,0.165,-0.110) target_gimbal_deg=(0.71,1.92) target_world_deg=(3.23,-2.14) gimbal_deg=(2.52,4.06) armor_y_px=505.3 pixel_error_deg=(0.03,-0.85) ballistic=(range=2.919m holdover=0.567m comp=10.77deg residual=-11.62deg) q_wxyz=(0.999132,0.000778,0.035394,-0.021965) cmd_deg=(3.23,-15.15) packed_pitch_deg=-15.15 control=true shoot=false
[2026-09-05 13:05:45.056] [info] [PERF] 总耗时=15.3ms (检测=12.5ms, 跟踪=0.5ms), FPS=65.5
[2026-09-05 13:05:45.056] [info] 📊 [CAMERA FPS] 瞬时帧率=65.4fps, 平均帧率=63.3fps, 总帧数=200, 运行时间=3.2s
[DEBUG] armors=1, targets=1
[DEBUG] armors=1, targets=1
[DEBUG] armors=1, targets=1
[DEBUG] armors=1, targets=1
[DEBUG] armors=1, targets=1
[DEBUG] armors=1, targets=1
[DEBUG] armors=1, targets=1
[DEBUG] armors=1, targets=1
[DEBUG] armors=1, targets=1
[DEBUG] armors=1, targets=1
[DEBUG] armors=1, targets=1
[DEBUG] armors=1, targets=1
[DEBUG] armors=1, targets=1
[DEBUG] armors=1, targets=1
[DEBUG] armors=1, targets=1
[DEBUG] armors=1, targets=1
[DEBUG] armors=1, targets=1
[DEBUG] armors=1, targets=1
[DEBUG] armors=1, targets=1
[DEBUG] armors=1, targets=1
[2026-09-05 13:05:45.359] [info] [DRYRUN] measured_gimbal=(2.927,0.036,0.098) measured_world=(2.922,0.165,-0.109) tracked_world=(2.931,0.165,-0.110) target_gimbal_deg=(0.71,1.92) target_world_deg=(3.23,-2.14) gimbal_deg=(2.52,4.05) armor_y_px=505.4 pixel_error_deg=(0.03,-0.85) ballistic=(range=2.927m holdover=0.569m comp=10.78deg residual=-11.63deg) q_wxyz=(0.999132,0.000778,0.035367,-0.021979) cmd_deg=(3.23,-15.14) packed_pitch_deg=-15.14 control=true shoot=false
[DEBUG] armors=0, targets=1
[DEBUG] armors=1, targets=1
[DEBUG] armors=1, targets=1
[DEBUG] armors=1, targets=1
[DEBUG] armors=1, targets=1
[DEBUG] armors=1, targets=1
[DEBUG] armors=1, targets=1
[DEBUG] armors=1, targets=1
[DEBUG] armors=1, targets=1
[DEBUG] armors=1, targets=1
[DEBUG] armors=1, targets=1
[DEBUG] armors=1, targets=1
[DEBUG] armors=1, targets=1
[DEBUG] armors=1, targets=1
[DEBUG] armors=1, targets=1
[DEBUG] armors=1, targets=1
[DEBUG] armors=1, targets=1
[DEBUG] armors=1, targets=1
[DEBUG] armors=1, targets=1
[DEBUG] armors=1, targets=1
[2026-09-05 13:05:45.663] [info] [DRYRUN] measured_gimbal=(2.935,0.036,0.098) measured_world=(2.930,0.165,-0.109) tracked_world=(2.933,0.166,-0.110) target_gimbal_deg=(0.71,1.91) target_world_deg=(3.23,-2.13) gimbal_deg=(2.52,4.04) armor_y_px=505.3 pixel_error_deg=(0.03,-0.85) ballistic=(range=2.935m holdover=0.571m comp=10.80deg residual=-11.65deg) q_wxyz=(0.999137,0.000775,0.035247,-0.021968) cmd_deg=(3.24,-15.19) packed_pitch_deg=-15.19 control=true shoot=false
[DEBUG] armors=1, targets=1
[DEBUG] armors=1, targets=1
[DEBUG] armors=1, targets=1
[DEBUG] armors=1, targets=1
[DEBUG] armors=1, targets=1
[DEBUG] armors=1, targets=1
[DEBUG] armors=1, targets=1
[DEBUG] armors=1, targets=1
[DEBUG] armors=1, targets=1
[2026-09-05 13:05:45.801] [info] [SYNC][XUC] mode=0 yaw=-2.52 deg pitch=4.04 deg feeder_rpm=3.00 wheel0_rpm=0 wheel1_rpm=0 wheel_delta=0 projectile_speed=12.80
[DEBUG] armors=1, targets=1
[2026-09-05 13:05:45.816] [info] [PERF] 总耗时=14.9ms (检测=12.3ms, 跟踪=0.4ms), FPS=67.1
[2026-09-05 13:05:45.816] [info] 📊 [CAMERA FPS] 瞬时帧率=66.9fps, 平均帧率=63.8fps, 总帧数=250, 运行时间=3.9s
[DEBUG] armors=1, targets=1
[DEBUG] armors=1, targets=1
[DEBUG] armors=1, targets=1
[DEBUG] armors=0, targets=1
[DEBUG] armors=1, targets=1
[DEBUG] armors=1, targets=1
[DEBUG] armors=1, targets=1
[DEBUG] armors=1, targets=1
[DEBUG] armors=1, targets=1
[DEBUG] armors=1, targets=1
[2026-09-05 13:05:45.965] [info] [DRYRUN] measured_gimbal=(2.911,0.036,0.098) measured_world=(2.906,0.164,-0.107) tracked_world=(2.928,0.165,-0.109) target_gimbal_deg=(0.71,1.92) target_world_deg=(3.23,-2.11) gimbal_deg=(2.53,4.04) armor_y_px=505.4 pixel_error_deg=(0.03,-0.85) ballistic=(range=2.911m holdover=0.565m comp=10.76deg residual=-11.61deg) q_wxyz=(0.999137,0.000776,0.035211,-0.022027) cmd_deg=(3.23,-15.15) packed_pitch_deg=-15.15 control=true shoot=false
[DEBUG] armors=1, targets=1
[DEBUG] armors=1, targets=1
[DEBUG] armors=1, targets=1
[DEBUG] armors=1, targets=1
[DEBUG] armors=1, targets=1
[DEBUG] armors=1, targets=1
[DEBUG] armors=1, targets=1
[DEBUG] armors=1, targets=1
[DEBUG] armors=1, targets=1
[DEBUG] armors=1, targets=1
[DEBUG] armors=1, targets=1
[DEBUG] armors=1, targets=1
[DEBUG] armors=1, targets=1
[DEBUG] armors=1, targets=1
[DEBUG] armors=1, targets=1
[DEBUG] armors=1, targets=1
[DEBUG] armors=1, targets=1
[DEBUG] armors=1, targets=1
[DEBUG] armors=1, targets=1
[DEBUG] armors=1, targets=1
[2026-09-05 13:05:46.274] [info] [DRYRUN] measured_gimbal=(2.937,0.036,0.098) measured_world=(2.933,0.166,-0.110) tracked_world=(2.929,0.166,-0.109) target_gimbal_deg=(0.71,1.91) target_world_deg=(3.24,-2.14) gimbal_deg=(2.53,4.05) armor_y_px=505.4 pixel_error_deg=(0.03,-0.85) ballistic=(range=2.938m holdover=0.572m comp=10.80deg residual=-11.65deg) q_wxyz=(0.999130,0.000782,0.035365,-0.022084) cmd_deg=(3.24,-15.16) packed_pitch_deg=-15.16 control=true shoot=false
[DEBUG] armors=0, targets=1
[DEBUG] armors=1, targets=1
[DEBUG] armors=1, targets=1
[DEBUG] armors=1, targets=1
[DEBUG] armors=1, targets=1
[DEBUG] armors=1, targets=1
[DEBUG] armors=1, targets=1
[DEBUG] armors=1, targets=1
[DEBUG] armors=0, targets=1
[DEBUG] armors=1, targets=1
[DEBUG] armors=1, targets=1
[DEBUG] armors=1, targets=1
[DEBUG] armors=1, targets=1
[DEBUG] armors=1, targets=1
[DEBUG] armors=1, targets=1
[DEBUG] armors=1, targets=1
[DEBUG] armors=1, targets=1
[DEBUG] armors=1, targets=1
[DEBUG] armors=1, targets=1
[2026-09-05 13:05:46.569] [info] [SYNC][XUC] mode=0 yaw=-2.53 deg pitch=4.06 deg feeder_rpm=0.00 wheel0_rpm=0 wheel1_rpm=0 wheel_delta=0 projectile_speed=12.80
[DEBUG] armors=1, targets=1
[2026-09-05 13:05:46.581] [info] [DRYRUN] measured_gimbal=(2.950,0.037,0.098) measured_world=(2.945,0.167,-0.111) tracked_world=(2.930,0.166,-0.110) target_gimbal_deg=(0.71,1.90) target_world_deg=(3.25,-2.15) gimbal_deg=(2.53,4.06) armor_y_px=505.5 pixel_error_deg=(0.03,-0.85) ballistic=(range=2.951m holdover=0.575m comp=10.82deg residual=-11.67deg) q_wxyz=(0.999130,0.000782,0.035376,-0.022086) cmd_deg=(3.25,-15.16) packed_pitch_deg=-15.16 control=true shoot=false
[2026-09-05 13:05:46.584] [info] [PERF] 总耗时=15.2ms (检测=12.4ms, 跟踪=0.4ms), FPS=65.9
[2026-09-05 13:05:46.584] [info] 📊 [CAMERA FPS] 瞬时帧率=65.8fps, 平均帧率=64.0fps, 总帧数=300, 运行时间=4.7s
[DEBUG] armors=1, targets=1
[DEBUG] armors=1, targets=1
[DEBUG] armors=1, targets=1
[DEBUG] armors=1, targets=1
[DEBUG] armors=1, targets=1
[DEBUG] armors=1, targets=1
[DEBUG] armors=1, targets=1
[DEBUG] armors=1, targets=1
[DEBUG] armors=1, targets=1
[DEBUG] armors=1, targets=1
[DEBUG] armors=1, targets=1
[DEBUG] armors=1, targets=1
[DEBUG] armors=1, targets=1
[DEBUG] armors=1, targets=1
[DEBUG] armors=1, targets=1
[DEBUG] armors=1, targets=1
[DEBUG] armors=1, targets=1
[DEBUG] armors=1, targets=1
[DEBUG] armors=1, targets=1
[DEBUG] armors=0, targets=1
[DEBUG] armors=1, targets=1
[DEBUG] armors=1, targets=1
[DEBUG] armors=1, targets=1
[DEBUG] armors=1, targets=1
[DEBUG] armors=1, targets=1
[DEBUG] armors=1, targets=1
[DEBUG] armors=1, targets=1
[DEBUG] armors=1, targets=1
[DEBUG] armors=1, targets=1
[DEBUG] armors=1, targets=1
[DEBUG] armors=1, targets=1
[DEBUG] armors=1, targets=1
[DEBUG] armors=1, targets=1
[DEBUG] armors=1, targets=1
[DEBUG] armors=1, targets=1
[DEBUG] armors=1, targets=1
[DEBUG] armors=1, targets=1
[DEBUG] armors=1, targets=1
[DEBUG] armors=1, targets=1
[DEBUG] armors=1, targets=1
[2026-09-05 13:05:47.198] [info] [DRYRUN] measured_gimbal=(2.951,0.037,0.098) measured_world=(2.946,0.168,-0.111) tracked_world=(2.928,0.166,-0.111) target_gimbal_deg=(0.72,1.90) target_world_deg=(3.26,-2.16) gimbal_deg=(2.54,4.07) armor_y_px=505.5 pixel_error_deg=(0.02,-0.85) ballistic=(range=2.952m holdover=0.576m comp=10.82deg residual=-11.67deg) q_wxyz=(0.999126,0.000786,0.035462,-0.022136) cmd_deg=(3.25,-15.17) packed_pitch_deg=-15.17 control=true shoot=false
[DEBUG] armors=1, targets=1
[DEBUG] armors=1, targets=1
[DEBUG] armors=1, targets=1
[DEBUG] armors=1, targets=1
[DEBUG] armors=1, targets=1
[DEBUG] armors=1, targets=1
[DEBUG] armors=1, targets=1
[DEBUG] armors=1, targets=1
[DEBUG] armors=1, targets=1
[2026-09-05 13:05:47.342] [info] [SYNC][XUC] mode=0 yaw=-2.54 deg pitch=4.05 deg feeder_rpm=0.00 wheel0_rpm=0 wheel1_rpm=0 wheel_delta=0 projectile_speed=12.80
[DEBUG] armors=1, targets=1
[2026-09-05 13:05:47.358] [info] [PERF] 总耗时=16.0ms (检测=13.1ms, 跟踪=0.5ms), FPS=62.5
[2026-09-05 13:05:47.358] [info] 📊 [CAMERA FPS] 瞬时帧率=62.4fps, 平均帧率=64.1fps, 总帧数=350, 运行时间=5.5s
[DEBUG] armors=1, targets=1
[DEBUG] armors=1, targets=1
[DEBUG] armors=1, targets=1
[DEBUG] armors=0, targets=1
[DEBUG] armors=0, targets=1
[DEBUG] armors=1, targets=1
[DEBUG] armors=1, targets=1
[DEBUG] armors=1, targets=1
[DEBUG] armors=1, targets=1
[DEBUG] armors=1, targets=1
[2026-09-05 13:05:47.510] [info] [DRYRUN] measured_gimbal=(2.955,0.037,0.098) measured_world=(2.950,0.168,-0.111) tracked_world=(2.932,0.167,-0.110) target_gimbal_deg=(0.72,1.90) target_world_deg=(3.26,-2.16) gimbal_deg=(2.54,4.06) armor_y_px=505.5 pixel_error_deg=(0.02,-0.85) ballistic=(range=2.955m holdover=0.576m comp=10.83deg residual=-11.67deg) q_wxyz=(0.999126,0.000786,0.035427,-0.022165) cmd_deg=(3.25,-15.18) packed_pitch_deg=-15.18 control=true shoot=false
[DEBUG] armors=1, targets=1
[DEBUG] armors=1, targets=1
[DEBUG] armors=1, targets=1
[DEBUG] armors=1, targets=1
[DEBUG] armors=1, targets=1
[DEBUG] armors=1, targets=1
[DEBUG] armors=1, targets=1
[DEBUG] armors=1, targets=1
[DEBUG] armors=1, targets=1
[DEBUG] armors=1, targets=1
[DEBUG] armors=1, targets=1
[DEBUG] armors=1, targets=1
[DEBUG] armors=1, targets=1
[DEBUG] armors=1, targets=1
[DEBUG] armors=1, targets=1
[DEBUG] armors=1, targets=1
[DEBUG] armors=1, targets=1
[DEBUG] armors=1, targets=1
[DEBUG] armors=1, targets=1
[DEBUG] armors=1, targets=1
[2026-09-05 13:05:47.820] [info] [DRYRUN] measured_gimbal=(2.935,0.036,0.098) measured_world=(2.930,0.167,-0.110) tracked_world=(2.935,0.167,-0.110) target_gimbal_deg=(0.71,1.92) target_world_deg=(3.26,-2.14) gimbal_deg=(2.55,4.05) armor_y_px=505.3 pixel_error_deg=(0.03,-0.85) ballistic=(range=2.935m holdover=0.571m comp=10.80deg residual=-11.65deg) q_wxyz=(0.999128,0.000786,0.035354,-0.022207) cmd_deg=(3.26,-15.17) packed_pitch_deg=-15.17 control=true shoot=false
[DEBUG] armors=1, targets=1
[DEBUG] armors=1, targets=1
[DEBUG] armors=0, targets=1
[DEBUG] armors=1, targets=1
[DEBUG] armors=1, targets=1
[DEBUG] armors=1, targets=1
[DEBUG] armors=1, targets=1
[DEBUG] armors=1, targets=1
[DEBUG] armors=1, targets=1
[DEBUG] armors=1, targets=1
[DEBUG] armors=1, targets=1
[DEBUG] armors=1, targets=1
[DEBUG] armors=1, targets=1
[DEBUG] armors=1, targets=1
[DEBUG] armors=1, targets=1
[DEBUG] armors=1, targets=1
[DEBUG] armors=1, targets=1
[DEBUG] armors=1, targets=1
[DEBUG] armors=1, targets=1
[2026-09-05 13:05:48.119] [info] [SYNC][XUC] mode=0 yaw=-2.56 deg pitch=4.05 deg feeder_rpm=0.00 wheel0_rpm=0 wheel1_rpm=0 wheel_delta=0 projectile_speed=12.80
[DEBUG] armors=1, targets=1
[2026-09-05 13:05:48.132] [info] [DRYRUN] measured_gimbal=(2.953,0.037,0.098) measured_world=(2.948,0.169,-0.111) tracked_world=(2.942,0.168,-0.110) target_gimbal_deg=(0.72,1.91) target_world_deg=(3.27,-2.14) gimbal_deg=(2.56,4.05) armor_y_px=505.3 pixel_error_deg=(0.03,-0.85) ballistic=(range=2.953m holdover=0.576m comp=10.82deg residual=-11.67deg) q_wxyz=(0.999126,0.000788,0.035350,-0.022285) cmd_deg=(3.27,-15.21) packed_pitch_deg=-15.21 control=true shoot=false
[2026-09-05 13:05:48.134] [info] [PERF] 总耗时=15.1ms (检测=12.3ms, 跟踪=0.5ms), FPS=66.3
[2026-09-05 13:05:48.134] [info] 📊 [CAMERA FPS] 瞬时帧率=66.2fps, 平均帧率=64.1fps, 总帧数=400, 运行时间=6.2s
[DEBUG] armors=1, targets=1
[DEBUG] armors=1, targets=1
[DEBUG] armors=1, targets=1
[DEBUG] armors=1, targets=1
[DEBUG] armors=1, targets=1
[DEBUG] armors=1, targets=1
[DEBUG] armors=1, targets=1
[DEBUG] armors=1, targets=1
[DEBUG] armors=1, targets=1
[DEBUG] armors=1, targets=1
[DEBUG] armors=1, targets=1
[DEBUG] armors=1, targets=1
[DEBUG] armors=1, targets=1
[DEBUG] armors=1, targets=1
[DEBUG] armors=1, targets=1
[DEBUG] armors=1, targets=1
[DEBUG] armors=1, targets=1
[DEBUG] armors=1, targets=1
[DEBUG] armors=1, targets=1
[DEBUG] armors=1, targets=1
[2026-09-05 13:05:48.442] [info] [DRYRUN] measured_gimbal=(2.934,0.036,0.098) measured_world=(2.929,0.167,-0.109) tracked_world=(2.946,0.169,-0.110) target_gimbal_deg=(0.70,1.92) target_world_deg=(3.26,-2.12) gimbal_deg=(2.56,4.04) armor_y_px=505.3 pixel_error_deg=(0.03,-0.85) ballistic=(range=2.934m holdover=0.571m comp=10.79deg residual=-11.65deg) q_wxyz=(0.999130,0.000786,0.035229,-0.022305) cmd_deg=(3.30,-15.21) packed_pitch_deg=-15.21 control=true shoot=false
[DEBUG] armors=0, targets=1
[DEBUG] armors=1, targets=1
[DEBUG] armors=1, targets=1
[DEBUG] armors=1, targets=1
[DEBUG] armors=1, targets=1
[DEBUG] armors=0, targets=1
[DEBUG] armors=1, targets=1
[DEBUG] armors=0, targets=1
[DEBUG] armors=1, targets=1
[DEBUG] armors=1, targets=1
[DEBUG] armors=1, targets=1
[DEBUG] armors=1, targets=1
[DEBUG] armors=1, targets=1
[DEBUG] armors=1, targets=1
[DEBUG] armors=1, targets=1
[DEBUG] armors=1, targets=1
[DEBUG] armors=1, targets=1
[DEBUG] armors=1, targets=1
[DEBUG] armors=1, targets=1
[DEBUG] armors=0, targets=1
[DEBUG] armors=1, targets=1
[DEBUG] armors=1, targets=1
[DEBUG] armors=1, targets=1
[DEBUG] armors=1, targets=1
[DEBUG] armors=1, targets=1
[DEBUG] armors=1, targets=1
[DEBUG] armors=1, targets=1
[DEBUG] armors=1, targets=1
[DEBUG] armors=1, targets=1
[2026-09-05 13:05:48.893] [info] [SYNC][XUC] mode=0 yaw=-2.56 deg pitch=4.05 deg feeder_rpm=-4.00 wheel0_rpm=0 wheel1_rpm=0 wheel_delta=0 projectile_speed=12.80
[DEBUG] armors=1, targets=1
[2026-09-05 13:05:48.908] [info] [PERF] 总耗时=15.3ms (检测=12.5ms, 跟踪=0.4ms), FPS=65.3
[2026-09-05 13:05:48.908] [info] 📊 [CAMERA FPS] 瞬时帧率=65.2fps, 平均帧率=64.2fps, 总帧数=450, 运行时间=7.0s
[DEBUG] armors=1, targets=1
[DEBUG] armors=1, targets=1
[DEBUG] armors=1, targets=1
[DEBUG] armors=1, targets=1
[DEBUG] armors=1, targets=1
[DEBUG] armors=1, targets=1
[DEBUG] armors=1, targets=1
[DEBUG] armors=1, targets=1
[DEBUG] armors=1, targets=1
[DEBUG] armors=1, targets=1
[2026-09-05 13:05:49.058] [info] [DRYRUN] measured_gimbal=(2.932,0.036,0.098) measured_world=(2.927,0.167,-0.109) tracked_world=(2.933,0.167,-0.109) target_gimbal_deg=(0.70,1.91) target_world_deg=(3.26,-2.13) gimbal_deg=(2.55,4.05) armor_y_px=505.4 pixel_error_deg=(0.03,-0.85) ballistic=(range=2.932m holdover=0.570m comp=10.79deg residual=-11.64deg) q_wxyz=(0.999128,0.000787,0.035313,-0.022276) cmd_deg=(3.26,-15.13) packed_pitch_deg=-15.13 control=true shoot=false
[DEBUG] armors=1, targets=1
[DEBUG] armors=1, targets=1
[DEBUG] armors=1, targets=1
[DEBUG] armors=1, targets=1
[DEBUG] armors=1, targets=1
[DEBUG] armors=1, targets=1
[DEBUG] armors=1, targets=1
[DEBUG] armors=1, targets=1
[DEBUG] armors=1, targets=1
[DEBUG] armors=1, targets=1
[DEBUG] armors=1, targets=1
[DEBUG] armors=1, targets=1
[DEBUG] armors=1, targets=1
[DEBUG] armors=1, targets=1
[DEBUG] armors=1, targets=1
[DEBUG] armors=1, targets=1
[DEBUG] armors=1, targets=1
[DEBUG] armors=1, targets=1
[DEBUG] armors=1, targets=1
[DEBUG] armors=1, targets=1
[2026-09-05 13:05:49.369] [info] [DRYRUN] measured_gimbal=(2.928,0.036,0.098) measured_world=(2.923,0.167,-0.110) tracked_world=(2.923,0.167,-0.109) target_gimbal_deg=(0.71,1.91) target_world_deg=(3.26,-2.14) gimbal_deg=(2.56,4.06) armor_y_px=505.5 pixel_error_deg=(0.03,-0.85) ballistic=(range=2.928m holdover=0.569m comp=10.79deg residual=-11.63deg) q_wxyz=(0.999125,0.000789,0.035374,-0.022292) cmd_deg=(3.26,-15.14) packed_pitch_deg=-15.14 control=true shoot=false
[DEBUG] armors=1, targets=1
[DEBUG] armors=1, targets=1
[DEBUG] armors=1, targets=1
[DEBUG] armors=1, targets=1
[DEBUG] armors=1, targets=1
[DEBUG] armors=0, targets=1
[DEBUG] armors=1, targets=1
[DEBUG] armors=1, targets=1
[DEBUG] armors=1, targets=1
[DEBUG] armors=1, targets=1
[DEBUG] armors=1, targets=1
[DEBUG] armors=1, targets=1
[DEBUG] armors=1, targets=1
[DEBUG] armors=1, targets=1
[DEBUG] armors=1, targets=1
[DEBUG] armors=1, targets=1
[DEBUG] armors=1, targets=1
[DEBUG] armors=1, targets=1
[DEBUG] armors=1, targets=1
[2026-09-05 13:05:49.668] [info] [SYNC][XUC] mode=0 yaw=-2.56 deg pitch=4.06 deg feeder_rpm=-4.00 wheel0_rpm=0 wheel1_rpm=0 wheel_delta=0 projectile_speed=12.80
[DEBUG] armors=1, targets=1
[2026-09-05 13:05:49.682] [info] [DRYRUN] measured_gimbal=(2.934,0.036,0.098) measured_world=(2.929,0.167,-0.110) tracked_world=(2.915,0.166,-0.109) target_gimbal_deg=(0.71,1.91) target_world_deg=(3.26,-2.15) gimbal_deg=(2.56,4.06) armor_y_px=505.4 pixel_error_deg=(0.03,-0.85) ballistic=(range=2.934m holdover=0.571m comp=10.79deg residual=-11.64deg) q_wxyz=(0.999124,0.000790,0.035408,-0.022299) cmd_deg=(3.26,-15.13) packed_pitch_deg=-15.13 control=true shoot=false
[2026-09-05 13:05:49.684] [info] [PERF] 总耗时=15.9ms (检测=13.2ms, 跟踪=0.4ms), FPS=62.7
[2026-09-05 13:05:49.684] [info] 📊 [CAMERA FPS] 瞬时帧率=62.6fps, 平均帧率=64.2fps, 总帧数=500, 运行时间=7.8s
[DEBUG] armors=1, targets=1
[DEBUG] armors=1, targets=1
[DEBUG] armors=1, targets=1
[DEBUG] armors=1, targets=1
[DEBUG] armors=1, targets=1
[DEBUG] armors=1, targets=1
[DEBUG] armors=1, targets=1
[DEBUG] armors=1, targets=1
[DEBUG] armors=1, targets=1
[DEBUG] armors=1, targets=1
[DEBUG] armors=1, targets=1
[DEBUG] armors=1, targets=1
[DEBUG] armors=1, targets=1
[DEBUG] armors=1, targets=1
[DEBUG] armors=1, targets=1
[DEBUG] armors=1, targets=1
[DEBUG] armors=1, targets=1
[DEBUG] armors=1, targets=1
[DEBUG] armors=1, targets=1
[DEBUG] armors=1, targets=1
[2026-09-05 13:05:49.992] [info] [DRYRUN] measured_gimbal=(2.935,0.036,0.098) measured_world=(2.930,0.167,-0.110) tracked_world=(2.918,0.166,-0.110) target_gimbal_deg=(0.71,1.91) target_world_deg=(3.26,-2.15) gimbal_deg=(2.56,4.06) armor_y_px=505.4 pixel_error_deg=(0.03,-0.85) ballistic=(range=2.936m holdover=0.571m comp=10.80deg residual=-11.64deg) q_wxyz=(0.999124,0.000790,0.035408,-0.022299) cmd_deg=(3.27,-15.14) packed_pitch_deg=-15.14 control=true shoot=false
[DEBUG] armors=1, targets=1
[DEBUG] armors=1, targets=1
[DEBUG] armors=1, targets=1
[DEBUG] armors=1, targets=1
[DEBUG] armors=1, targets=1
[DEBUG] armors=1, targets=1
[DEBUG] armors=1, targets=1
[DEBUG] armors=1, targets=1
[DEBUG] armors=1, targets=1
[DEBUG] armors=1, targets=1
[DEBUG] armors=1, targets=1
[DEBUG] armors=1, targets=1
[DEBUG] armors=1, targets=1
[DEBUG] armors=1, targets=1
[DEBUG] armors=1, targets=1
[DEBUG] armors=1, targets=1
[DEBUG] armors=1, targets=1
[DEBUG] armors=1, targets=1
[DEBUG] armors=1, targets=1
[DEBUG] armors=1, targets=1
[2026-09-05 13:05:50.302] [info] [DRYRUN] measured_gimbal=(2.921,0.036,0.098) measured_world=(2.916,0.166,-0.109) tracked_world=(2.922,0.167,-0.110) target_gimbal_deg=(0.71,1.92) target_world_deg=(3.27,-2.14) gimbal_deg=(2.56,4.06) armor_y_px=505.4 pixel_error_deg=(0.03,-0.85) ballistic=(range=2.922m holdover=0.568m comp=10.78deg residual=-11.63deg) q_wxyz=(0.999124,0.000790,0.035408,-0.022299) cmd_deg=(3.27,-15.14) packed_pitch_deg=-15.14 control=true shoot=false
[DEBUG] armors=1, targets=1
[DEBUG] armors=1, targets=1
[DEBUG] armors=1, targets=1
[DEBUG] armors=1, targets=1
[DEBUG] armors=1, targets=1
[DEBUG] armors=1, targets=1
[DEBUG] armors=1, targets=1
[DEBUG] armors=1, targets=1
[DEBUG] armors=1, targets=1
[2026-09-05 13:05:50.447] [info] [SYNC][XUC] mode=0 yaw=-2.56 deg pitch=4.06 deg feeder_rpm=0.00 wheel0_rpm=0 wheel1_rpm=0 wheel_delta=0 projectile_speed=12.80
[DEBUG] armors=1, targets=1
[2026-09-05 13:05:50.462] [info] [PERF] 总耗时=15.5ms (检测=12.7ms, 跟踪=0.4ms), FPS=64.5
[2026-09-05 13:05:50.462] [info] 📊 [CAMERA FPS] 瞬时帧率=64.4fps, 平均帧率=64.2fps, 总帧数=550, 运行时间=8.6s
[DEBUG] armors=1, targets=1
[DEBUG] armors=1, targets=1
[DEBUG] armors=1, targets=1
[DEBUG] armors=1, targets=1
[DEBUG] armors=1, targets=1
[DEBUG] armors=1, targets=1
[DEBUG] armors=1, targets=1
[DEBUG] armors=1, targets=1
[DEBUG] armors=1, targets=1
[DEBUG] armors=1, targets=1
[2026-09-05 13:05:50.617] [info] [DRYRUN] measured_gimbal=(2.932,0.036,0.098) measured_world=(2.927,0.167,-0.110) tracked_world=(2.926,0.167,-0.110) target_gimbal_deg=(0.70,1.91) target_world_deg=(3.26,-2.15) gimbal_deg=(2.56,4.06) armor_y_px=505.4 pixel_error_deg=(0.03,-0.85) ballistic=(range=2.932m holdover=0.570m comp=10.79deg residual=-11.64deg) q_wxyz=(0.999124,0.000790,0.035408,-0.022299) cmd_deg=(3.27,-15.15) packed_pitch_deg=-15.15 control=true shoot=false
[DEBUG] armors=1, targets=1
[DEBUG] armors=1, targets=1
[DEBUG] armors=0, targets=1
[DEBUG] armors=1, targets=1
[DEBUG] armors=1, targets=1
[DEBUG] armors=0, targets=1
[DEBUG] armors=1, targets=1
[DEBUG] armors=1, targets=1
[DEBUG] armors=1, targets=1
[DEBUG] armors=1, targets=1
[DEBUG] armors=0, targets=1
[DEBUG] armors=1, targets=1
[DEBUG] armors=1, targets=1
[DEBUG] armors=1, targets=1
[DEBUG] armors=1, targets=1
[DEBUG] armors=1, targets=1
[DEBUG] armors=1, targets=1
[DEBUG] armors=1, targets=1
[DEBUG] armors=1, targets=1
[DEBUG] armors=1, targets=1
[2026-09-05 13:05:50.924] [info] [DRYRUN] measured_gimbal=(2.929,0.036,0.098) measured_world=(2.924,0.167,-0.110) tracked_world=(2.925,0.167,-0.110) target_gimbal_deg=(0.71,1.91) target_world_deg=(3.26,-2.15) gimbal_deg=(2.56,4.06) armor_y_px=505.5 pixel_error_deg=(0.03,-0.85) ballistic=(range=2.929m holdover=0.570m comp=10.79deg residual=-11.63deg) q_wxyz=(0.999124,0.000790,0.035408,-0.022299) cmd_deg=(3.26,-15.13) packed_pitch_deg=-15.13 control=true shoot=false
[DEBUG] armors=1, targets=1
[DEBUG] armors=0, targets=1
[DEBUG] armors=1, targets=1
[DEBUG] armors=1, targets=1
[DEBUG] armors=1, targets=1
[DEBUG] armors=1, targets=1
[DEBUG] armors=1, targets=1
[DEBUG] armors=1, targets=1
[DEBUG] armors=1, targets=1
[DEBUG] armors=1, targets=1
[DEBUG] armors=1, targets=1
[DEBUG] armors=1, targets=1
[DEBUG] armors=1, targets=1
[DEBUG] armors=1, targets=1
[DEBUG] armors=1, targets=1
[DEBUG] armors=1, targets=1
[DEBUG] armors=1, targets=1
[DEBUG] armors=1, targets=1
[DEBUG] armors=1, targets=1
[2026-09-05 13:05:51.215] [info] [SYNC][XUC] mode=0 yaw=-2.56 deg pitch=4.06 deg feeder_rpm=0.00 wheel0_rpm=0 wheel1_rpm=0 wheel_delta=0 projectile_speed=12.80
[DEBUG] armors=1, targets=1
[2026-09-05 13:05:51.228] [info] [DRYRUN] measured_gimbal=(2.956,0.037,0.098) measured_world=(2.951,0.168,-0.111) tracked_world=(2.929,0.167,-0.110) target_gimbal_deg=(0.71,1.90) target_world_deg=(3.27,-2.16) gimbal_deg=(2.56,4.06) armor_y_px=505.5 pixel_error_deg=(0.03,-0.85) ballistic=(range=2.956m holdover=0.577m comp=10.83deg residual=-11.67deg) q_wxyz=(0.999124,0.000790,0.035408,-0.022299) cmd_deg=(3.28,-15.20) packed_pitch_deg=-15.20 control=true shoot=false
[2026-09-05 13:05:51.230] [info] [PERF] 总耗时=15.3ms (检测=12.4ms, 跟踪=0.5ms), FPS=65.5
[2026-09-05 13:05:51.230] [info] 📊 [CAMERA FPS] 瞬时帧率=65.3fps, 平均帧率=64.3fps, 总帧数=600, 运行时间=9.3s
[DEBUG] armors=1, targets=1
[DEBUG] armors=0, targets=1
[DEBUG] armors=1, targets=1
[DEBUG] armors=1, targets=1
[DEBUG] armors=0, targets=1
[DEBUG] armors=1, targets=1
[DEBUG] armors=1, targets=1
[DEBUG] armors=1, targets=1
[DEBUG] armors=1, targets=1
[DEBUG] armors=1, targets=1
[DEBUG] armors=1, targets=1
[DEBUG] armors=1, targets=1
[DEBUG] armors=1, targets=1
[DEBUG] armors=1, targets=1
[DEBUG] armors=1, targets=1
[DEBUG] armors=0, targets=1
[DEBUG] armors=0, targets=1
[DEBUG] armors=1, targets=1
[DEBUG] armors=1, targets=1
[DEBUG] armors=1, targets=1
[2026-09-05 13:05:51.535] [info] [DRYRUN] measured_gimbal=(2.952,0.037,0.098) measured_world=(2.947,0.169,-0.111) tracked_world=(2.935,0.168,-0.110) target_gimbal_deg=(0.72,1.90) target_world_deg=(3.27,-2.16) gimbal_deg=(2.56,4.06) armor_y_px=505.5 pixel_error_deg=(0.02,-0.85) ballistic=(range=2.952m holdover=0.576m comp=10.82deg residual=-11.67deg) q_wxyz=(0.999124,0.000790,0.035408,-0.022299) cmd_deg=(3.27,-15.18) packed_pitch_deg=-15.18 control=true shoot=false
[DEBUG] armors=1, targets=1
[DEBUG] armors=1, targets=1
[DEBUG] armors=1, targets=1
[DEBUG] armors=1, targets=1
[DEBUG] armors=1, targets=1
[DEBUG] armors=1, targets=1
[DEBUG] armors=1, targets=1
[DEBUG] armors=1, targets=1
[DEBUG] armors=1, targets=1
[DEBUG] armors=1, targets=1
[DEBUG] armors=1, targets=1
[DEBUG] armors=1, targets=1
[DEBUG] armors=1, targets=1
[DEBUG] armors=0, targets=1
[DEBUG] armors=1, targets=1
[DEBUG] armors=1, targets=1
[DEBUG] armors=1, targets=1
[DEBUG] armors=0, targets=1
[DEBUG] armors=1, targets=1
[DEBUG] armors=1, targets=1
[2026-09-05 13:05:51.844] [info] [DRYRUN] measured_gimbal=(2.942,0.037,0.098) measured_world=(2.937,0.168,-0.110) tracked_world=(2.936,0.168,-0.110) target_gimbal_deg=(0.72,1.91) target_world_deg=(3.27,-2.15) gimbal_deg=(2.56,4.06) armor_y_px=505.4 pixel_error_deg=(0.02,-0.85) ballistic=(range=2.942m holdover=0.573m comp=10.81deg residual=-11.66deg) q_wxyz=(0.999124,0.000790,0.035408,-0.022299) cmd_deg=(3.27,-15.16) packed_pitch_deg=-15.16 control=true shoot=false
[DEBUG] armors=0, targets=1
[DEBUG] armors=1, targets=1
[DEBUG] armors=1, targets=1
[DEBUG] armors=1, targets=1
[DEBUG] armors=1, targets=1
[DEBUG] armors=1, targets=1
[DEBUG] armors=1, targets=1
[DEBUG] armors=1, targets=1
[DEBUG] armors=1, targets=1
[2026-09-05 13:05:51.989] [info] [SYNC][XUC] mode=0 yaw=-2.56 deg pitch=4.06 deg feeder_rpm=0.00 wheel0_rpm=0 wheel1_rpm=0 wheel_delta=0 projectile_speed=12.80
[DEBUG] armors=1, targets=1
[2026-09-05 13:05:52.004] [info] [PERF] 总耗时=15.5ms (检测=12.8ms, 跟踪=0.5ms), FPS=64.6
[2026-09-05 13:05:52.004] [info] 📊 [CAMERA FPS] 瞬时帧率=64.4fps, 平均帧率=64.3fps, 总帧数=650, 运行时间=10.1s
[DEBUG] armors=1, targets=1
[DEBUG] armors=1, targets=1
[DEBUG] armors=1, targets=1
[DEBUG] armors=1, targets=1
[DEBUG] armors=1, targets=1
[DEBUG] armors=1, targets=1
[DEBUG] armors=1, targets=1
[DEBUG] armors=1, targets=1
[DEBUG] armors=1, targets=1
[DEBUG] armors=1, targets=1
[2026-09-05 13:05:52.158] [info] [DRYRUN] measured_gimbal=(2.959,0.037,0.098) measured_world=(2.954,0.169,-0.111) tracked_world=(2.936,0.168,-0.110) target_gimbal_deg=(0.72,1.90) target_world_deg=(3.28,-2.16) gimbal_deg=(2.56,4.06) armor_y_px=505.4 pixel_error_deg=(0.02,-0.85) ballistic=(range=2.959m holdover=0.578m comp=10.83deg residual=-11.68deg) q_wxyz=(0.999124,0.000790,0.035408,-0.022299) cmd_deg=(3.27,-15.18) packed_pitch_deg=-15.18 control=true shoot=false
[DEBUG] armors=1, targets=1
[DEBUG] armors=1, targets=1
[DEBUG] armors=1, targets=1
[DEBUG] armors=1, targets=1
[DEBUG] armors=1, targets=1
[DEBUG] armors=1, targets=1
[DEBUG] armors=1, targets=1
[DEBUG] armors=1, targets=1
[DEBUG] armors=1, targets=1
[DEBUG] armors=1, targets=1
[DEBUG] armors=1, targets=1
[DEBUG] armors=1, targets=1
[DEBUG] armors=1, targets=1
[DEBUG] armors=1, targets=1
[DEBUG] armors=1, targets=1
[DEBUG] armors=1, targets=1
[DEBUG] armors=1, targets=1
[DEBUG] armors=1, targets=1
[DEBUG] armors=1, targets=1
[DEBUG] armors=1, targets=1
[2026-09-05 13:05:52.471] [info] [DRYRUN] measured_gimbal=(2.966,0.037,0.099) measured_world=(2.961,0.169,-0.112) tracked_world=(2.941,0.168,-0.110) target_gimbal_deg=(0.72,1.90) target_world_deg=(3.28,-2.16) gimbal_deg=(2.56,4.06) armor_y_px=505.3 pixel_error_deg=(0.03,-0.85) ballistic=(range=2.966m holdover=0.580m comp=10.84deg residual=-11.69deg) q_wxyz=(0.999124,0.000790,0.035408,-0.022299) cmd_deg=(3.26,-15.19) packed_pitch_deg=-15.19 control=true shoot=false
[DEBUG] armors=1, targets=1
[DEBUG] armors=1, targets=1
[DEBUG] armors=1, targets=1
[DEBUG] armors=1, targets=1
[DEBUG] armors=1, targets=1
[DEBUG] armors=1, targets=1
[DEBUG] armors=1, targets=1
[DEBUG] armors=1, targets=1
[DEBUG] armors=1, targets=1
[DEBUG] armors=1, targets=1
[DEBUG] armors=1, targets=1
[DEBUG] armors=1, targets=1
[DEBUG] armors=1, targets=1
[DEBUG] armors=1, targets=1
[DEBUG] armors=1, targets=1
[DEBUG] armors=1, targets=1
[DEBUG] armors=1, targets=1
[DEBUG] armors=1, targets=1
[DEBUG] armors=1, targets=1
[2026-09-05 13:05:52.772] [info] [SYNC][XUC] mode=0 yaw=-2.56 deg pitch=4.06 deg feeder_rpm=-4.00 wheel0_rpm=0 wheel1_rpm=0 wheel_delta=0 projectile_speed=12.80
[DEBUG] armors=1, targets=1
[2026-09-05 13:05:52.785] [info] [DRYRUN] measured_gimbal=(2.953,0.037,0.098) measured_world=(2.948,0.168,-0.111) tracked_world=(2.945,0.168,-0.111) target_gimbal_deg=(0.71,1.91) target_world_deg=(3.27,-2.15) gimbal_deg=(2.56,4.06) armor_y_px=505.4 pixel_error_deg=(0.03,-0.85) ballistic=(range=2.953m holdover=0.576m comp=10.82deg residual=-11.67deg) q_wxyz=(0.999124,0.000790,0.035408,-0.022299) cmd_deg=(3.28,-15.20) packed_pitch_deg=-15.20 control=true shoot=false
[2026-09-05 13:05:52.787] [info] [PERF] 总耗时=15.1ms (检测=12.4ms, 跟踪=0.4ms), FPS=66.2
[2026-09-05 13:05:52.787] [info] 📊 [CAMERA FPS] 瞬时帧率=66.1fps, 平均帧率=64.3fps, 总帧数=700, 运行时间=10.9s
[DEBUG] armors=1, targets=1
[DEBUG] armors=1, targets=1
[DEBUG] armors=0, targets=1
[DEBUG] armors=0, targets=1
[DEBUG] armors=1, targets=1
[DEBUG] armors=1, targets=1
[DEBUG] armors=1, targets=1
[DEBUG] armors=1, targets=1
[DEBUG] armors=1, targets=1
[DEBUG] armors=1, targets=1
[DEBUG] armors=1, targets=1
[DEBUG] armors=1, targets=1
[DEBUG] armors=1, targets=1
[DEBUG] armors=1, targets=1
[DEBUG] armors=1, targets=1
[DEBUG] armors=1, targets=1
[DEBUG] armors=1, targets=1
[DEBUG] armors=1, targets=1
[DEBUG] armors=1, targets=1
[DEBUG] armors=1, targets=1
[2026-09-05 13:05:53.092] [info] [DRYRUN] measured_gimbal=(2.949,0.037,0.098) measured_world=(2.944,0.168,-0.111) tracked_world=(2.944,0.168,-0.111) target_gimbal_deg=(0.72,1.91) target_world_deg=(3.27,-2.15) gimbal_deg=(2.56,4.06) armor_y_px=505.3 pixel_error_deg=(0.03,-0.85) ballistic=(range=2.949m holdover=0.575m comp=10.82deg residual=-11.67deg) q_wxyz=(0.999124,0.000790,0.035408,-0.022299) cmd_deg=(3.27,-15.18) packed_pitch_deg=-15.18 control=true shoot=false
[DEBUG] armors=1, targets=1
[DEBUG] armors=0, targets=1
[DEBUG] armors=1, targets=1
[DEBUG] armors=1, targets=1
[DEBUG] armors=0, targets=1
[DEBUG] armors=1, targets=1
[DEBUG] armors=1, targets=1
[DEBUG] armors=1, targets=1
[DEBUG] armors=1, targets=1
[DEBUG] armors=1, targets=1
[DEBUG] armors=1, targets=1
[DEBUG] armors=1, targets=1
[DEBUG] armors=1, targets=1
[DEBUG] armors=1, targets=1
[DEBUG] armors=1, targets=1
[DEBUG] armors=1, targets=1
[DEBUG] armors=1, targets=1
[DEBUG] armors=1, targets=1
[DEBUG] armors=1, targets=1
[DEBUG] armors=1, targets=1
[2026-09-05 13:05:53.399] [info] [DRYRUN] measured_gimbal=(2.937,0.037,0.098) measured_world=(2.932,0.167,-0.110) tracked_world=(2.944,0.168,-0.111) target_gimbal_deg=(0.71,1.91) target_world_deg=(3.27,-2.15) gimbal_deg=(2.56,4.06) armor_y_px=505.3 pixel_error_deg=(0.03,-0.85) ballistic=(range=2.937m holdover=0.572m comp=10.80deg residual=-11.65deg) q_wxyz=(0.999124,0.000790,0.035408,-0.022299) cmd_deg=(3.28,-15.19) packed_pitch_deg=-15.19 control=true shoot=false
[DEBUG] armors=1, targets=1
[DEBUG] armors=1, targets=1
[DEBUG] armors=1, targets=1
[DEBUG] armors=1, targets=1
[DEBUG] armors=1, targets=1
[DEBUG] armors=1, targets=1
[DEBUG] armors=1, targets=1
[DEBUG] armors=1, targets=1
[DEBUG] armors=1, targets=1
[2026-09-05 13:05:53.541] [info] [SYNC][XUC] mode=0 yaw=-2.56 deg pitch=4.06 deg feeder_rpm=-4.00 wheel0_rpm=0 wheel1_rpm=0 wheel_delta=0 projectile_speed=12.80
[DEBUG] armors=1, targets=1
[2026-09-05 13:05:53.557] [info] [PERF] 总耗时=16.0ms (检测=13.1ms, 跟踪=0.6ms), FPS=62.5
[2026-09-05 13:05:53.557] [info] 📊 [CAMERA FPS] 瞬时帧率=62.4fps, 平均帧率=64.3fps, 总帧数=750, 运行时间=11.7s
[DEBUG] armors=1, targets=1
[DEBUG] armors=1, targets=1
[DEBUG] armors=1, targets=1
[DEBUG] armors=1, targets=1
[DEBUG] armors=1, targets=1
[DEBUG] armors=1, targets=1
[DEBUG] armors=1, targets=1
[DEBUG] armors=1, targets=1
[DEBUG] armors=1, targets=1
[DEBUG] armors=1, targets=1
[2026-09-05 13:05:53.711] [info] [DRYRUN] measured_gimbal=(2.955,0.037,0.098) measured_world=(2.950,0.169,-0.111) tracked_world=(2.943,0.168,-0.111) target_gimbal_deg=(0.72,1.91) target_world_deg=(3.27,-2.15) gimbal_deg=(2.56,4.06) armor_y_px=505.3 pixel_error_deg=(0.03,-0.85) ballistic=(range=2.955m holdover=0.577m comp=10.83deg residual=-11.68deg) q_wxyz=(0.999124,0.000790,0.035408,-0.022299) cmd_deg=(3.27,-15.18) packed_pitch_deg=-15.18 control=true shoot=false
[DEBUG] armors=1, targets=1
[DEBUG] armors=1, targets=1
[DEBUG] armors=1, targets=1
[DEBUG] armors=1, targets=1
[DEBUG] armors=1, targets=1
[DEBUG] armors=1, targets=1
[DEBUG] armors=1, targets=1
[DEBUG] armors=1, targets=1
[DEBUG] armors=1, targets=1
[DEBUG] armors=1, targets=1
[DEBUG] armors=1, targets=1
[DEBUG] armors=1, targets=1
[DEBUG] armors=1, targets=1
[DEBUG] armors=1, targets=1
[DEBUG] armors=1, targets=1
[DEBUG] armors=1, targets=1
[DEBUG] armors=1, targets=1
[DEBUG] armors=1, targets=1
[DEBUG] armors=1, targets=1
[DEBUG] armors=1, targets=1
[2026-09-05 13:05:54.022] [info] [DRYRUN] measured_gimbal=(2.950,0.037,0.098) measured_world=(2.945,0.169,-0.111) tracked_world=(2.944,0.168,-0.111) target_gimbal_deg=(0.72,1.91) target_world_deg=(3.28,-2.15) gimbal_deg=(2.56,4.06) armor_y_px=505.4 pixel_error_deg=(0.02,-0.85) ballistic=(range=2.950m holdover=0.575m comp=10.82deg residual=-11.67deg) q_wxyz=(0.999124,0.000790,0.035408,-0.022299) cmd_deg=(3.27,-15.20) packed_pitch_deg=-15.20 control=true shoot=false
[DEBUG] armors=0, targets=1
[DEBUG] armors=1, targets=1
[DEBUG] armors=1, targets=1
[DEBUG] armors=1, targets=1
[DEBUG] armors=1, targets=1
[DEBUG] armors=1, targets=1
[DEBUG] armors=1, targets=1
[DEBUG] armors=0, targets=1
[DEBUG] armors=1, targets=1
[DEBUG] armors=1, targets=1
[DEBUG] armors=1, targets=1
[DEBUG] armors=1, targets=1
[DEBUG] armors=1, targets=1
[DEBUG] armors=1, targets=1
[DEBUG] armors=1, targets=1
[DEBUG] armors=1, targets=1
[DEBUG] armors=1, targets=1
[DEBUG] armors=1, targets=1
[DEBUG] armors=1, targets=1
[2026-09-05 13:05:54.317] [info] [SYNC][XUC] mode=0 yaw=-2.56 deg pitch=4.06 deg feeder_rpm=-4.00 wheel0_rpm=0 wheel1_rpm=0 wheel_delta=0 projectile_speed=12.80
[DEBUG] armors=1, targets=1
[2026-09-05 13:05:54.330] [info] [DRYRUN] measured_gimbal=(2.909,0.036,0.098) measured_world=(2.904,0.166,-0.108) tracked_world=(2.941,0.168,-0.111) target_gimbal_deg=(0.71,1.93) target_world_deg=(3.26,-2.13) gimbal_deg=(2.56,4.06) armor_y_px=505.3 pixel_error_deg=(0.03,-0.85) ballistic=(range=2.909m holdover=0.564m comp=10.76deg residual=-11.61deg) q_wxyz=(0.999124,0.000790,0.035408,-0.022299) cmd_deg=(3.27,-15.16) packed_pitch_deg=-15.16 control=true shoot=false
[2026-09-05 13:05:54.333] [info] [PERF] 总耗时=15.8ms (检测=13.0ms, 跟踪=0.4ms), FPS=63.4
[2026-09-05 13:05:54.333] [info] 📊 [CAMERA FPS] 瞬时帧率=63.3fps, 平均帧率=64.3fps, 总帧数=800, 运行时间=12.4s
[DEBUG] armors=1, targets=1
[DEBUG] armors=1, targets=1
[DEBUG] armors=0, targets=1
[DEBUG] armors=1, targets=1
[DEBUG] armors=1, targets=1
[DEBUG] armors=1, targets=1
[DEBUG] armors=1, targets=1
[DEBUG] armors=1, targets=1
[DEBUG] armors=1, targets=1
[DEBUG] armors=1, targets=1
[DEBUG] armors=1, targets=1
[DEBUG] armors=1, targets=1
[DEBUG] armors=1, targets=1
[DEBUG] armors=1, targets=1
[DEBUG] armors=1, targets=1
[DEBUG] armors=0, targets=1
[DEBUG] armors=1, targets=1
[DEBUG] armors=1, targets=1
[DEBUG] armors=1, targets=1
[DEBUG] armors=1, targets=1
[2026-09-05 13:05:54.646] [info] [DRYRUN] measured_gimbal=(2.969,0.037,0.099) measured_world=(2.964,0.170,-0.112) tracked_world=(2.936,0.168,-0.110) target_gimbal_deg=(0.72,1.90) target_world_deg=(3.28,-2.16) gimbal_deg=(2.56,4.06) armor_y_px=505.3 pixel_error_deg=(0.03,-0.85) ballistic=(range=2.969m holdover=0.580m comp=10.85deg residual=-11.70deg) q_wxyz=(0.999124,0.000790,0.035408,-0.022299) cmd_deg=(3.26,-15.19) packed_pitch_deg=-15.19 control=true shoot=false
[DEBUG] armors=1, targets=1
[DEBUG] armors=1, targets=1
[DEBUG] armors=1, targets=1
[DEBUG] armors=1, targets=1
[DEBUG] armors=1, targets=1
[DEBUG] armors=1, targets=1
[DEBUG] armors=1, targets=1
[DEBUG] armors=1, targets=1
[DEBUG] armors=0, targets=1
[DEBUG] armors=1, targets=1
[DEBUG] armors=1, targets=1
[DEBUG] armors=1, targets=1
[DEBUG] armors=1, targets=1
[DEBUG] armors=1, targets=1
[DEBUG] armors=1, targets=1
[DEBUG] armors=1, targets=1
[DEBUG] armors=1, targets=1
[DEBUG] armors=1, targets=1
[DEBUG] armors=0, targets=1
[DEBUG] armors=1, targets=1
[2026-09-05 13:05:54.957] [info] [DRYRUN] measured_gimbal=(2.937,0.037,0.098) measured_world=(2.932,0.167,-0.110) tracked_world=(2.928,0.167,-0.110) target_gimbal_deg=(0.71,1.91) target_world_deg=(3.27,-2.15) gimbal_deg=(2.56,4.06) armor_y_px=505.3 pixel_error_deg=(0.03,-0.85) ballistic=(range=2.937m holdover=0.572m comp=10.80deg residual=-11.65deg) q_wxyz=(0.999124,0.000790,0.035408,-0.022299) cmd_deg=(3.26,-15.15) packed_pitch_deg=-15.15 control=true shoot=false
[DEBUG] armors=1, targets=1
[DEBUG] armors=1, targets=1
[DEBUG] armors=1, targets=1
[DEBUG] armors=1, targets=1
[DEBUG] armors=1, targets=1
[DEBUG] armors=1, targets=1
[DEBUG] armors=1, targets=1
[DEBUG] armors=1, targets=1
[DEBUG] armors=0, targets=1
[2026-09-05 13:05:55.102] [info] [SYNC][XUC] mode=0 yaw=-2.56 deg pitch=4.06 deg feeder_rpm=-4.00 wheel0_rpm=0 wheel1_rpm=0 wheel_delta=0 projectile_speed=12.80
[DEBUG] armors=1, targets=1
[2026-09-05 13:05:55.118] [info] [PERF] 总耗时=16.5ms (检测=13.6ms, 跟踪=0.5ms), FPS=60.7
[2026-09-05 13:05:55.118] [info] 📊 [CAMERA FPS] 瞬时帧率=60.6fps, 平均帧率=64.3fps, 总帧数=850, 运行时间=13.2s
[DEBUG] armors=1, targets=1
[DEBUG] armors=1, targets=1
[DEBUG] armors=1, targets=1
[DEBUG] armors=1, targets=1
[DEBUG] armors=1, targets=1
[DEBUG] armors=1, targets=1
[DEBUG] armors=1, targets=1
[DEBUG] armors=1, targets=1
[DEBUG] armors=1, targets=1
[DEBUG] armors=1, targets=1
[2026-09-05 13:05:55.270] [info] [DRYRUN] measured_gimbal=(2.937,0.036,0.098) measured_world=(2.932,0.167,-0.110) tracked_world=(2.923,0.167,-0.110) target_gimbal_deg=(0.71,1.91) target_world_deg=(3.27,-2.15) gimbal_deg=(2.56,4.06) armor_y_px=505.3 pixel_error_deg=(0.03,-0.85) ballistic=(range=2.937m holdover=0.572m comp=10.80deg residual=-11.65deg) q_wxyz=(0.999124,0.000790,0.035408,-0.022299) cmd_deg=(3.26,-15.14) packed_pitch_deg=-15.14 control=true shoot=false
[DEBUG] armors=1, targets=1
[DEBUG] armors=0, targets=1
[DEBUG] armors=1, targets=1
[DEBUG] armors=1, targets=1
[DEBUG] armors=1, targets=1
[DEBUG] armors=1, targets=1
[DEBUG] armors=1, targets=1
[DEBUG] armors=1, targets=1
[DEBUG] armors=1, targets=1
[DEBUG] armors=1, targets=1
[DEBUG] armors=1, targets=1
[DEBUG] armors=0, targets=1
[DEBUG] armors=1, targets=1
[DEBUG] armors=1, targets=1
[DEBUG] armors=1, targets=1
[DEBUG] armors=1, targets=1
[DEBUG] armors=1, targets=1
[DEBUG] armors=1, targets=1
[DEBUG] armors=1, targets=1
[DEBUG] armors=1, targets=1
[2026-09-05 13:05:55.582] [info] [DRYRUN] measured_gimbal=(2.939,0.037,0.098) measured_world=(2.934,0.168,-0.110) tracked_world=(2.923,0.167,-0.110) target_gimbal_deg=(0.71,1.91) target_world_deg=(3.27,-2.15) gimbal_deg=(2.56,4.06) armor_y_px=505.4 pixel_error_deg=(0.03,-0.85) ballistic=(range=2.939m holdover=0.572m comp=10.80deg residual=-11.65deg) q_wxyz=(0.999124,0.000790,0.035408,-0.022299) cmd_deg=(3.26,-15.16) packed_pitch_deg=-15.16 control=true shoot=false
[DEBUG] armors=1, targets=1
[DEBUG] armors=1, targets=1
[DEBUG] armors=1, targets=1
[DEBUG] armors=1, targets=1
[DEBUG] armors=1, targets=1
[DEBUG] armors=1, targets=1
[DEBUG] armors=1, targets=1
[DEBUG] armors=1, targets=1
[DEBUG] armors=1, targets=1
[DEBUG] armors=1, targets=1
[DEBUG] armors=1, targets=1
[DEBUG] armors=1, targets=1
[DEBUG] armors=1, targets=1
[DEBUG] armors=1, targets=1
[DEBUG] armors=1, targets=1
[DEBUG] armors=1, targets=1
[DEBUG] armors=1, targets=1
[DEBUG] armors=1, targets=1
[DEBUG] armors=1, targets=1
[2026-09-05 13:05:55.879] [info] [SYNC][XUC] mode=0 yaw=-2.56 deg pitch=4.06 deg feeder_rpm=0.00 wheel0_rpm=0 wheel1_rpm=0 wheel_delta=0 projectile_speed=12.80
[DEBUG] armors=1, targets=1
[2026-09-05 13:05:55.893] [info] [DRYRUN] measured_gimbal=(2.917,0.036,0.098) measured_world=(2.913,0.166,-0.109) tracked_world=(2.925,0.167,-0.110) target_gimbal_deg=(0.70,1.92) target_world_deg=(3.26,-2.14) gimbal_deg=(2.56,4.06) armor_y_px=505.4 pixel_error_deg=(0.03,-0.85) ballistic=(range=2.918m holdover=0.566m comp=10.77deg residual=-11.62deg) q_wxyz=(0.999124,0.000790,0.035408,-0.022299) cmd_deg=(3.27,-15.15) packed_pitch_deg=-15.15 control=true shoot=false
[2026-09-05 13:05:55.895] [info] [PERF] 总耗时=16.2ms (检测=13.6ms, 跟踪=0.4ms), FPS=61.5
[2026-09-05 13:05:55.895] [info] 📊 [CAMERA FPS] 瞬时帧率=61.5fps, 平均帧率=64.3fps, 总帧数=900, 运行时间=14.0s
[DEBUG] armors=0, targets=1
[DEBUG] armors=0, targets=1
[DEBUG] armors=1, targets=1
[DEBUG] armors=1, targets=1
[DEBUG] armors=1, targets=1
[DEBUG] armors=1, targets=1
[DEBUG] armors=1, targets=1
[DEBUG] armors=1, targets=1
[DEBUG] armors=1, targets=1
[DEBUG] armors=0, targets=1
[DEBUG] armors=1, targets=1
[DEBUG] armors=1, targets=1
[DEBUG] armors=1, targets=1
[DEBUG] armors=1, targets=1
[DEBUG] armors=1, targets=1
[DEBUG] armors=1, targets=1
[DEBUG] armors=1, targets=1
[DEBUG] armors=1, targets=1
[DEBUG] armors=1, targets=1
[DEBUG] armors=1, targets=1
[2026-09-05 13:05:56.201] [info] [DRYRUN] measured_gimbal=(2.920,0.036,0.098) measured_world=(2.915,0.166,-0.109) tracked_world=(2.928,0.167,-0.110) target_gimbal_deg=(0.70,1.92) target_world_deg=(3.26,-2.14) gimbal_deg=(2.56,4.06) armor_y_px=505.4 pixel_error_deg=(0.03,-0.85) ballistic=(range=2.920m holdover=0.567m comp=10.77deg residual=-11.62deg) q_wxyz=(0.999124,0.000790,0.035408,-0.022299) cmd_deg=(3.28,-15.15) packed_pitch_deg=-15.15 control=true shoot=false
[DEBUG] armors=1, targets=1
[DEBUG] armors=1, targets=1
[DEBUG] armors=1, targets=1
[DEBUG] armors=0, targets=1
[DEBUG] armors=1, targets=1
[DEBUG] armors=1, targets=1
[DEBUG] armors=1, targets=1
[DEBUG] armors=1, targets=1
[DEBUG] armors=1, targets=1
[DEBUG] armors=1, targets=1
[DEBUG] armors=1, targets=1
[DEBUG] armors=1, targets=1
[DEBUG] armors=1, targets=1
[DEBUG] armors=1, targets=1
[DEBUG] armors=1, targets=1
[DEBUG] armors=1, targets=1
[DEBUG] armors=1, targets=1
[DEBUG] armors=1, targets=1
[DEBUG] armors=1, targets=1
[DEBUG] armors=1, targets=1
[2026-09-05 13:05:56.514] [info] [DRYRUN] measured_gimbal=(2.919,0.036,0.098) measured_world=(2.914,0.166,-0.109) tracked_world=(2.929,0.167,-0.110) target_gimbal_deg=(0.70,1.92) target_world_deg=(3.26,-2.14) gimbal_deg=(2.56,4.06) armor_y_px=505.4 pixel_error_deg=(0.03,-0.85) ballistic=(range=2.919m holdover=0.567m comp=10.77deg residual=-11.62deg) q_wxyz=(0.999124,0.000790,0.035408,-0.022299) cmd_deg=(3.27,-15.12) packed_pitch_deg=-15.12 control=true shoot=false
[DEBUG] armors=1, targets=1
[DEBUG] armors=1, targets=1
[DEBUG] armors=0, targets=1
[DEBUG] armors=1, targets=1
[DEBUG] armors=1, targets=1
[DEBUG] armors=1, targets=1
[DEBUG] armors=1, targets=1
[DEBUG] armors=1, targets=1
[DEBUG] armors=1, targets=1
[2026-09-05 13:05:56.656] [info] [SYNC][XUC] mode=0 yaw=-2.56 deg pitch=4.06 deg feeder_rpm=0.00 wheel0_rpm=0 wheel1_rpm=0 wheel_delta=0 projectile_speed=12.80
[DEBUG] armors=1, targets=1
[2026-09-05 13:05:56.672] [info] [PERF] 总耗时=15.5ms (检测=12.8ms, 跟踪=0.5ms), FPS=64.4
[2026-09-05 13:05:56.672] [info] 📊 [CAMERA FPS] 瞬时帧率=64.3fps, 平均帧率=64.3fps, 总帧数=950, 运行时间=14.8s
[DEBUG] armors=1, targets=1
[DEBUG] armors=1, targets=1
[DEBUG] armors=1, targets=1
[DEBUG] armors=1, targets=1
[DEBUG] armors=1, targets=1
[DEBUG] armors=1, targets=1
[DEBUG] armors=1, targets=1
[DEBUG] armors=1, targets=1
[DEBUG] armors=1, targets=1
[DEBUG] armors=1, targets=1
[2026-09-05 13:05:56.823] [info] [DRYRUN] measured_gimbal=(2.917,0.036,0.098) measured_world=(2.912,0.166,-0.109) tracked_world=(2.933,0.168,-0.110) target_gimbal_deg=(0.71,1.92) target_world_deg=(3.26,-2.14) gimbal_deg=(2.56,4.06) armor_y_px=505.3 pixel_error_deg=(0.03,-0.85) ballistic=(range=2.917m holdover=0.566m comp=10.77deg residual=-11.62deg) q_wxyz=(0.999124,0.000790,0.035408,-0.022299) cmd_deg=(3.27,-15.15) packed_pitch_deg=-15.15 control=true shoot=false
[DEBUG] armors=1, targets=1
[DEBUG] armors=1, targets=1
[DEBUG] armors=1, targets=1
[DEBUG] armors=1, targets=1
[DEBUG] armors=1, targets=1
[DEBUG] armors=1, targets=1
[DEBUG] armors=1, targets=1
[DEBUG] armors=1, targets=1
[DEBUG] armors=1, targets=1
[DEBUG] armors=1, targets=1
[DEBUG] armors=1, targets=1
[DEBUG] armors=1, targets=1
[DEBUG] armors=1, targets=1
[DEBUG] armors=1, targets=1
[DEBUG] armors=1, targets=1
[DEBUG] armors=1, targets=1
[DEBUG] armors=1, targets=1
[DEBUG] armors=1, targets=1
[DEBUG] armors=1, targets=1
[DEBUG] armors=0, targets=1
[DEBUG] armors=1, targets=1
[DEBUG] armors=1, targets=1
[DEBUG] armors=1, targets=1
[DEBUG] armors=1, targets=1
[DEBUG] armors=1, targets=1
[DEBUG] armors=1, targets=1
[DEBUG] armors=1, targets=1
[DEBUG] armors=1, targets=1
[DEBUG] armors=1, targets=1
[DEBUG] armors=0, targets=1
[DEBUG] armors=1, targets=1
[DEBUG] armors=1, targets=1
[DEBUG] armors=1, targets=1
[DEBUG] armors=1, targets=1
[DEBUG] armors=1, targets=1
[DEBUG] armors=1, targets=1
[DEBUG] armors=0, targets=1
[DEBUG] armors=1, targets=1
[DEBUG] armors=1, targets=1
[2026-09-05 13:05:57.436] [info] [SYNC][XUC] mode=0 yaw=-2.56 deg pitch=4.06 deg feeder_rpm=0.00 wheel0_rpm=0 wheel1_rpm=0 wheel_delta=0 projectile_speed=12.80
[DEBUG] armors=1, targets=1
[2026-09-05 13:05:57.450] [info] [DRYRUN] measured_gimbal=(2.919,0.036,0.098) measured_world=(2.914,0.166,-0.109) tracked_world=(2.934,0.168,-0.110) target_gimbal_deg=(0.71,1.92) target_world_deg=(3.26,-2.14) gimbal_deg=(2.56,4.06) armor_y_px=505.3 pixel_error_deg=(0.03,-0.85) ballistic=(range=2.920m holdover=0.567m comp=10.77deg residual=-11.62deg) q_wxyz=(0.999124,0.000790,0.035408,-0.022299) cmd_deg=(3.27,-15.14) packed_pitch_deg=-15.14 control=true shoot=false
[2026-09-05 13:05:57.452] [info] [PERF] 总耗时=15.9ms (检测=12.9ms, 跟踪=0.5ms), FPS=62.9
[2026-09-05 13:05:57.452] [info] 📊 [CAMERA FPS] 瞬时帧率=62.8fps, 平均帧率=64.3fps, 总帧数=1000, 运行时间=15.6s
[DEBUG] armors=1, targets=1
[DEBUG] armors=1, targets=1
[DEBUG] armors=1, targets=1
[DEBUG] armors=1, targets=1
[DEBUG] armors=1, targets=1
[DEBUG] armors=1, targets=1
[DEBUG] armors=1, targets=1
[DEBUG] armors=1, targets=1
[DEBUG] armors=1, targets=1
[DEBUG] armors=1, targets=1
[DEBUG] armors=1, targets=1
[DEBUG] armors=1, targets=1
[DEBUG] armors=1, targets=1
[DEBUG] armors=1, targets=1
[DEBUG] armors=1, targets=1
[DEBUG] armors=1, targets=1
[DEBUG] armors=1, targets=1
[DEBUG] armors=0, targets=1
[DEBUG] armors=1, targets=1
[DEBUG] armors=0, targets=1
[DEBUG] armors=1, targets=1
[DEBUG] armors=1, targets=1
[DEBUG] armors=1, targets=1
[DEBUG] armors=1, targets=1
[DEBUG] armors=1, targets=1
[DEBUG] armors=1, targets=1
[DEBUG] armors=1, targets=1
[DEBUG] armors=1, targets=1
[DEBUG] armors=1, targets=1
[DEBUG] armors=0, targets=1
[DEBUG] armors=1, targets=1
[DEBUG] armors=1, targets=1
[DEBUG] armors=1, targets=1
[DEBUG] armors=1, targets=1
[DEBUG] armors=1, targets=1
[DEBUG] armors=1, targets=1
[DEBUG] armors=1, targets=1
[DEBUG] armors=1, targets=1
[DEBUG] armors=1, targets=1
[DEBUG] armors=1, targets=1
[2026-09-05 13:05:58.076] [info] [DRYRUN] measured_gimbal=(2.922,0.036,0.098) measured_world=(2.917,0.166,-0.109) tracked_world=(2.926,0.167,-0.110) target_gimbal_deg=(0.71,1.92) target_world_deg=(3.26,-2.14) gimbal_deg=(2.56,4.06) armor_y_px=505.4 pixel_error_deg=(0.03,-0.85) ballistic=(range=2.922m holdover=0.568m comp=10.78deg residual=-11.63deg) q_wxyz=(0.999124,0.000790,0.035408,-0.022299) cmd_deg=(3.26,-15.13) packed_pitch_deg=-15.13 control=true shoot=false
[DEBUG] armors=1, targets=1
[DEBUG] armors=0, targets=1
[DEBUG] armors=1, targets=1
[DEBUG] armors=1, targets=1
[DEBUG] armors=1, targets=1
[DEBUG] armors=1, targets=1
[DEBUG] armors=1, targets=1
[DEBUG] armors=1, targets=1
[DEBUG] armors=1, targets=1
[2026-09-05 13:05:58.217] [info] [SYNC][XUC] mode=0 yaw=-2.56 deg pitch=4.06 deg feeder_rpm=0.00 wheel0_rpm=0 wheel1_rpm=0 wheel_delta=0 projectile_speed=12.80
[DEBUG] armors=1, targets=1
[2026-09-05 13:05:58.233] [info] [PERF] 总耗时=15.9ms (检测=13.0ms, 跟踪=0.5ms), FPS=62.7
[2026-09-05 13:05:58.233] [info] 📊 [CAMERA FPS] 瞬时帧率=62.6fps, 平均帧率=64.3fps, 总帧数=1050, 运行时间=16.3s
[DEBUG] armors=1, targets=1
[DEBUG] armors=1, targets=1
[DEBUG] armors=1, targets=1
[DEBUG] armors=1, targets=1
[DEBUG] armors=1, targets=1
[DEBUG] armors=1, targets=1
[DEBUG] armors=1, targets=1
[DEBUG] armors=1, targets=1
[DEBUG] armors=1, targets=1
[DEBUG] armors=0, targets=1
[DEBUG] armors=1, targets=1
[DEBUG] armors=1, targets=1
[DEBUG] armors=1, targets=1
[DEBUG] armors=1, targets=1
[DEBUG] armors=1, targets=1
[DEBUG] armors=1, targets=1
[DEBUG] armors=1, targets=1
[DEBUG] armors=1, targets=1
[DEBUG] armors=1, targets=1
[DEBUG] armors=1, targets=1
[DEBUG] armors=1, targets=1
[DEBUG] armors=1, targets=1
[DEBUG] armors=1, targets=1
[DEBUG] armors=1, targets=1
[DEBUG] armors=1, targets=1
[DEBUG] armors=1, targets=1
[DEBUG] armors=1, targets=1
[DEBUG] armors=1, targets=1
[DEBUG] armors=1, targets=1
[DEBUG] armors=1, targets=1
[2026-09-05 13:05:58.705] [info] [DRYRUN] measured_gimbal=(2.923,0.036,0.098) measured_world=(2.918,0.166,-0.109) tracked_world=(2.933,0.167,-0.110) target_gimbal_deg=(0.71,1.92) target_world_deg=(3.26,-2.14) gimbal_deg=(2.56,4.06) armor_y_px=505.3 pixel_error_deg=(0.03,-0.85) ballistic=(range=2.923m holdover=0.568m comp=10.78deg residual=-11.63deg) q_wxyz=(0.999124,0.000790,0.035408,-0.022299) cmd_deg=(3.27,-15.16) packed_pitch_deg=-15.16 control=true shoot=false
[DEBUG] armors=1, targets=1
[DEBUG] armors=1, targets=1
[DEBUG] armors=1, targets=1
[DEBUG] armors=1, targets=1
[DEBUG] armors=1, targets=1
[DEBUG] armors=1, targets=1
[DEBUG] armors=1, targets=1
[DEBUG] armors=1, targets=1
[DEBUG] armors=1, targets=1
[DEBUG] armors=1, targets=1
[DEBUG] armors=1, targets=1
[DEBUG] armors=1, targets=1
[DEBUG] armors=1, targets=1
[DEBUG] armors=1, targets=1
[DEBUG] armors=1, targets=1
[DEBUG] armors=1, targets=1
[DEBUG] armors=1, targets=1
[DEBUG] armors=1, targets=1
[DEBUG] armors=1, targets=1
[2026-09-05 13:05:59.003] [info] [SYNC][XUC] mode=0 yaw=-2.56 deg pitch=4.06 deg feeder_rpm=0.00 wheel0_rpm=0 wheel1_rpm=0 wheel_delta=0 projectile_speed=12.80
[DEBUG] armors=1, targets=1
[2026-09-05 13:05:59.017] [info] [DRYRUN] measured_gimbal=(2.952,0.037,0.098) measured_world=(2.947,0.169,-0.111) tracked_world=(2.929,0.167,-0.110) target_gimbal_deg=(0.72,1.91) target_world_deg=(3.27,-2.15) gimbal_deg=(2.56,4.06) armor_y_px=505.4 pixel_error_deg=(0.03,-0.85) ballistic=(range=2.952m holdover=0.576m comp=10.82deg residual=-11.67deg) q_wxyz=(0.999124,0.000790,0.035408,-0.022299) cmd_deg=(3.26,-15.15) packed_pitch_deg=-15.15 control=true shoot=false
[2026-09-05 13:05:59.019] [info] [PERF] 总耗时=16.2ms (检测=13.2ms, 跟踪=0.5ms), FPS=61.9
[2026-09-05 13:05:59.019] [info] 📊 [CAMERA FPS] 瞬时帧率=61.8fps, 平均帧率=64.2fps, 总帧数=1100, 运行时间=17.1s
[DEBUG] armors=1, targets=1
[DEBUG] armors=1, targets=1
[DEBUG] armors=1, targets=1
[DEBUG] armors=0, targets=1
[DEBUG] armors=1, targets=1
[DEBUG] armors=1, targets=1
[DEBUG] armors=1, targets=1
[DEBUG] armors=1, targets=1
[DEBUG] armors=1, targets=1
[DEBUG] armors=1, targets=1
[DEBUG] armors=1, targets=1
[DEBUG] armors=1, targets=1
[DEBUG] armors=1, targets=1
[DEBUG] armors=1, targets=1
[DEBUG] armors=1, targets=1
[DEBUG] armors=1, targets=1
[DEBUG] armors=1, targets=1
[DEBUG] armors=1, targets=1
[DEBUG] armors=1, targets=1
[DEBUG] armors=1, targets=1
[2026-09-05 13:05:59.334] [info] [DRYRUN] measured_gimbal=(2.951,0.037,0.098) measured_world=(2.946,0.169,-0.111) tracked_world=(2.926,0.167,-0.110) target_gimbal_deg=(0.72,1.91) target_world_deg=(3.28,-2.15) gimbal_deg=(2.56,4.06) armor_y_px=505.4 pixel_error_deg=(0.02,-0.85) ballistic=(range=2.951m holdover=0.575m comp=10.82deg residual=-11.67deg) q_wxyz=(0.999124,0.000790,0.035408,-0.022299) cmd_deg=(3.26,-15.15) packed_pitch_deg=-15.15 control=true shoot=false
[DEBUG] armors=1, targets=1
[DEBUG] armors=1, targets=1
[DEBUG] armors=1, targets=1
[DEBUG] armors=1, targets=1
[DEBUG] armors=1, targets=1
[DEBUG] armors=1, targets=1
[DEBUG] armors=1, targets=1
[DEBUG] armors=1, targets=1
[DEBUG] armors=1, targets=1
[DEBUG] armors=1, targets=1
[DEBUG] armors=1, targets=1
[DEBUG] armors=1, targets=1
[DEBUG] armors=1, targets=1
[DEBUG] armors=1, targets=1
[DEBUG] armors=1, targets=1
[DEBUG] armors=1, targets=1
[DEBUG] armors=1, targets=1
[DEBUG] armors=1, targets=1
[DEBUG] armors=1, targets=1
[DEBUG] armors=1, targets=1
[2026-09-05 13:05:59.643] [info] [DRYRUN] measured_gimbal=(2.952,0.037,0.098) measured_world=(2.947,0.169,-0.111) tracked_world=(2.923,0.167,-0.110) target_gimbal_deg=(0.72,1.90) target_world_deg=(3.27,-2.16) gimbal_deg=(2.56,4.06) armor_y_px=505.5 pixel_error_deg=(0.03,-0.85) ballistic=(range=2.953m holdover=0.576m comp=10.82deg residual=-11.67deg) q_wxyz=(0.999124,0.000790,0.035408,-0.022299) cmd_deg=(3.26,-15.16) packed_pitch_deg=-15.16 control=true shoot=false
[DEBUG] armors=1, targets=1
[DEBUG] armors=1, targets=1
[DEBUG] armors=1, targets=1
[DEBUG] armors=1, targets=1
[DEBUG] armors=1, targets=1
[DEBUG] armors=1, targets=1
[DEBUG] armors=1, targets=1
[DEBUG] armors=1, targets=1
[DEBUG] armors=1, targets=1
[2026-09-05 13:05:59.783] [info] [SYNC][XUC] mode=0 yaw=-2.56 deg pitch=4.06 deg feeder_rpm=0.00 wheel0_rpm=0 wheel1_rpm=0 wheel_delta=0 projectile_speed=12.80
[DEBUG] armors=1, targets=1
[2026-09-05 13:05:59.798] [info] [PERF] 总耗时=15.4ms (检测=12.5ms, 跟踪=0.5ms), FPS=65.0
[2026-09-05 13:05:59.798] [info] 📊 [CAMERA FPS] 瞬时帧率=64.8fps, 平均帧率=64.2fps, 总帧数=1150, 运行时间=17.9s
[DEBUG] armors=1, targets=1
[DEBUG] armors=1, targets=1
[DEBUG] armors=1, targets=1
[DEBUG] armors=1, targets=1
[DEBUG] armors=1, targets=1
[DEBUG] armors=1, targets=1
[DEBUG] armors=1, targets=1
[DEBUG] armors=1, targets=1
[DEBUG] armors=1, targets=1
[DEBUG] armors=1, targets=1
[2026-09-05 13:05:59.948] [info] [DRYRUN] measured_gimbal=(2.928,0.036,0.098) measured_world=(2.923,0.167,-0.110) tracked_world=(2.918,0.166,-0.109) target_gimbal_deg=(0.71,1.91) target_world_deg=(3.26,-2.15) gimbal_deg=(2.56,4.06) armor_y_px=505.5 pixel_error_deg=(0.03,-0.85) ballistic=(range=2.928m holdover=0.569m comp=10.79deg residual=-11.63deg) q_wxyz=(0.999124,0.000790,0.035408,-0.022299) cmd_deg=(3.26,-15.12) packed_pitch_deg=-15.12 control=true shoot=false
[DEBUG] armors=1, targets=1
[DEBUG] armors=1, targets=1
[DEBUG] armors=1, targets=1
[DEBUG] armors=1, targets=1
[DEBUG] armors=1, targets=1
[DEBUG] armors=1, targets=1
[DEBUG] armors=1, targets=1
[DEBUG] armors=1, targets=1
[DEBUG] armors=1, targets=1
[DEBUG] armors=1, targets=1
[DEBUG] armors=1, targets=1
[DEBUG] armors=1, targets=1
[DEBUG] armors=1, targets=1
[DEBUG] armors=1, targets=1
[DEBUG] armors=1, targets=1
[DEBUG] armors=1, targets=1
[DEBUG] armors=1, targets=1
[DEBUG] armors=1, targets=1
[DEBUG] armors=1, targets=1
[DEBUG] armors=1, targets=1
[2026-09-05 13:06:00.257] [info] [DRYRUN] measured_gimbal=(2.935,0.036,0.098) measured_world=(2.930,0.167,-0.110) tracked_world=(2.917,0.166,-0.109) target_gimbal_deg=(0.71,1.91) target_world_deg=(3.26,-2.15) gimbal_deg=(2.56,4.06) armor_y_px=505.4 pixel_error_deg=(0.03,-0.85) ballistic=(range=2.936m holdover=0.571m comp=10.80deg residual=-11.64deg) q_wxyz=(0.999124,0.000790,0.035408,-0.022299) cmd_deg=(3.26,-15.13) packed_pitch_deg=-15.13 control=true shoot=false
[DEBUG] armors=1, targets=1
[DEBUG] armors=1, targets=1
[DEBUG] armors=1, targets=1
[DEBUG] armors=1, targets=1
[DEBUG] armors=1, targets=1
[DEBUG] armors=1, targets=1
[DEBUG] armors=0, targets=1
[DEBUG] armors=1, targets=1
[DEBUG] armors=1, targets=1
[DEBUG] armors=1, targets=1
[DEBUG] armors=1, targets=1
[DEBUG] armors=1, targets=1
[DEBUG] armors=1, targets=1
[DEBUG] armors=1, targets=1
[DEBUG] armors=1, targets=1
[DEBUG] armors=1, targets=1
[DEBUG] armors=1, targets=1
[DEBUG] armors=1, targets=1
[DEBUG] armors=1, targets=1
[2026-09-05 13:06:00.551] [info] [SYNC][XUC] mode=0 yaw=-2.56 deg pitch=4.06 deg feeder_rpm=0.00 wheel0_rpm=0 wheel1_rpm=0 wheel_delta=0 projectile_speed=12.80
[DEBUG] armors=1, targets=1
[2026-09-05 13:06:00.564] [info] [DRYRUN] measured_gimbal=(2.951,0.037,0.098) measured_world=(2.946,0.169,-0.111) tracked_world=(2.921,0.167,-0.110) target_gimbal_deg=(0.72,1.91) target_world_deg=(3.28,-2.15) gimbal_deg=(2.56,4.06) armor_y_px=505.4 pixel_error_deg=(0.02,-0.85) ballistic=(range=2.951m holdover=0.575m comp=10.82deg residual=-11.67deg) q_wxyz=(0.999124,0.000790,0.035408,-0.022299) cmd_deg=(3.26,-15.16) packed_pitch_deg=-15.16 control=true shoot=false
[2026-09-05 13:06:00.566] [info] [PERF] 总耗时=15.3ms (检测=12.4ms, 跟踪=0.5ms), FPS=65.4
[2026-09-05 13:06:00.566] [info] 📊 [CAMERA FPS] 瞬时帧率=65.3fps, 平均帧率=64.3fps, 总帧数=1200, 运行时间=18.7s
[DEBUG] armors=1, targets=1
[DEBUG] armors=1, targets=1
[DEBUG] armors=1, targets=1
[DEBUG] armors=0, targets=1
[DEBUG] armors=1, targets=1
[DEBUG] armors=1, targets=1
[DEBUG] armors=1, targets=1
[DEBUG] armors=1, targets=1
[DEBUG] armors=1, targets=1
[DEBUG] armors=1, targets=1
[DEBUG] armors=1, targets=1
[DEBUG] armors=1, targets=1
[DEBUG] armors=1, targets=1
[DEBUG] armors=1, targets=1
[DEBUG] armors=1, targets=1
[DEBUG] armors=1, targets=1
[DEBUG] armors=1, targets=1
[DEBUG] armors=1, targets=1
[DEBUG] armors=1, targets=1
[DEBUG] armors=1, targets=1
[2026-09-05 13:06:00.877] [info] [DRYRUN] measured_gimbal=(2.927,0.036,0.098) measured_world=(2.922,0.167,-0.110) tracked_world=(2.926,0.167,-0.110) target_gimbal_deg=(0.71,1.92) target_world_deg=(3.27,-2.14) gimbal_deg=(2.56,4.06) armor_y_px=505.4 pixel_error_deg=(0.03,-0.85) ballistic=(range=2.927m holdover=0.569m comp=10.78deg residual=-11.63deg) q_wxyz=(0.999124,0.000790,0.035408,-0.022299) cmd_deg=(3.26,-15.13) packed_pitch_deg=-15.13 control=true shoot=false
[DEBUG] armors=1, targets=1
[DEBUG] armors=1, targets=1
[DEBUG] armors=1, targets=1
[DEBUG] armors=1, targets=1
[DEBUG] armors=1, targets=1
[DEBUG] armors=1, targets=1
[DEBUG] armors=1, targets=1
[DEBUG] armors=1, targets=1
[DEBUG] armors=1, targets=1
[DEBUG] armors=1, targets=1
[DEBUG] armors=1, targets=1
[DEBUG] armors=1, targets=1
[DEBUG] armors=1, targets=1
[DEBUG] armors=1, targets=1
[DEBUG] armors=1, targets=1
[DEBUG] armors=1, targets=1
[DEBUG] armors=1, targets=1
[DEBUG] armors=1, targets=1
[DEBUG] armors=1, targets=1
[DEBUG] armors=1, targets=1
[2026-09-05 13:06:01.184] [info] [DRYRUN] measured_gimbal=(2.935,0.036,0.098) measured_world=(2.930,0.167,-0.110) tracked_world=(2.926,0.167,-0.110) target_gimbal_deg=(0.71,1.91) target_world_deg=(3.26,-2.15) gimbal_deg=(2.56,4.06) armor_y_px=505.4 pixel_error_deg=(0.03,-0.85) ballistic=(range=2.935m holdover=0.571m comp=10.80deg residual=-11.64deg) q_wxyz=(0.999124,0.000790,0.035408,-0.022299) cmd_deg=(3.27,-15.14) packed_pitch_deg=-15.14 control=true shoot=false
[DEBUG] armors=1, targets=1
[DEBUG] armors=1, targets=1
[DEBUG] armors=1, targets=1
[DEBUG] armors=1, targets=1
[DEBUG] armors=1, targets=1
[DEBUG] armors=1, targets=1
[DEBUG] armors=1, targets=1
[DEBUG] armors=1, targets=1
[DEBUG] armors=1, targets=1
[2026-09-05 13:06:01.327] [info] [SYNC][XUC] mode=0 yaw=-2.56 deg pitch=4.06 deg feeder_rpm=0.00 wheel0_rpm=0 wheel1_rpm=0 wheel_delta=0 projectile_speed=12.80
[DEBUG] armors=1, targets=1
[2026-09-05 13:06:01.343] [info] [PERF] 总耗时=15.8ms (检测=12.9ms, 跟踪=0.5ms), FPS=63.2
[2026-09-05 13:06:01.343] [info] 📊 [CAMERA FPS] 瞬时帧率=63.1fps, 平均帧率=64.3fps, 总帧数=1250, 运行时间=19.4s
[DEBUG] armors=1, targets=1
[DEBUG] armors=1, targets=1
[DEBUG] armors=1, targets=1
[DEBUG] armors=1, targets=1
[DEBUG] armors=1, targets=1
[DEBUG] armors=1, targets=1
[DEBUG] armors=1, targets=1
[DEBUG] armors=1, targets=1
[DEBUG] armors=1, targets=1
[DEBUG] armors=1, targets=1
[2026-09-05 13:06:01.493] [info] [DRYRUN] measured_gimbal=(2.935,0.036,0.098) measured_world=(2.930,0.167,-0.110) tracked_world=(2.928,0.167,-0.110) target_gimbal_deg=(0.71,1.91) target_world_deg=(3.27,-2.14) gimbal_deg=(2.56,4.06) armor_y_px=505.3 pixel_error_deg=(0.03,-0.85) ballistic=(range=2.935m holdover=0.571m comp=10.80deg residual=-11.65deg) q_wxyz=(0.999124,0.000790,0.035408,-0.022299) cmd_deg=(3.26,-15.15) packed_pitch_deg=-15.15 control=true shoot=false
[DEBUG] armors=1, targets=1
[DEBUG] armors=1, targets=1
[DEBUG] armors=1, targets=1
[DEBUG] armors=1, targets=1
[DEBUG] armors=1, targets=1
[DEBUG] armors=1, targets=1
[DEBUG] armors=1, targets=1
[DEBUG] armors=1, targets=1
[DEBUG] armors=1, targets=1
[DEBUG] armors=1, targets=1
[DEBUG] armors=1, targets=1
[DEBUG] armors=1, targets=1
[DEBUG] armors=1, targets=1
[DEBUG] armors=1, targets=1
[DEBUG] armors=1, targets=1
[DEBUG] armors=1, targets=1
[DEBUG] armors=1, targets=1
[DEBUG] armors=1, targets=1
[DEBUG] armors=0, targets=1
[DEBUG] armors=1, targets=1
[2026-09-05 13:06:01.800] [info] [DRYRUN] measured_gimbal=(2.951,0.037,0.098) measured_world=(2.946,0.168,-0.111) tracked_world=(2.929,0.167,-0.110) target_gimbal_deg=(0.71,1.90) target_world_deg=(3.27,-2.16) gimbal_deg=(2.56,4.06) armor_y_px=505.6 pixel_error_deg=(0.03,-0.84) ballistic=(range=2.951m holdover=0.575m comp=10.82deg residual=-11.66deg) q_wxyz=(0.999124,0.000790,0.035408,-0.022299) cmd_deg=(3.26,-15.15) packed_pitch_deg=-15.15 control=true shoot=false
[DEBUG] armors=1, targets=1
[DEBUG] armors=1, targets=1
[DEBUG] armors=1, targets=1
[DEBUG] armors=1, targets=1
[DEBUG] armors=1, targets=1
[DEBUG] armors=1, targets=1
[DEBUG] armors=1, targets=1
[DEBUG] armors=1, targets=1
[DEBUG] armors=1, targets=1
[DEBUG] armors=1, targets=1
[DEBUG] armors=1, targets=1
[DEBUG] armors=1, targets=1
[DEBUG] armors=1, targets=1
[DEBUG] armors=1, targets=1
[DEBUG] armors=1, targets=1
[DEBUG] armors=1, targets=1
[DEBUG] armors=1, targets=1
[DEBUG] armors=1, targets=1
[DEBUG] armors=1, targets=1
[2026-09-05 13:06:02.096] [info] [SYNC][XUC] mode=0 yaw=-2.56 deg pitch=4.06 deg feeder_rpm=-4.00 wheel0_rpm=0 wheel1_rpm=0 wheel_delta=0 projectile_speed=12.80
[DEBUG] armors=1, targets=1
[2026-09-05 13:06:02.110] [info] [DRYRUN] measured_gimbal=(2.932,0.036,0.098) measured_world=(2.927,0.167,-0.110) tracked_world=(2.924,0.167,-0.110) target_gimbal_deg=(0.71,1.91) target_world_deg=(3.26,-2.15) gimbal_deg=(2.56,4.06) armor_y_px=505.5 pixel_error_deg=(0.03,-0.85) ballistic=(range=2.932m holdover=0.570m comp=10.79deg residual=-11.64deg) q_wxyz=(0.999124,0.000790,0.035408,-0.022299) cmd_deg=(3.26,-15.13) packed_pitch_deg=-15.13 control=true shoot=false
[2026-09-05 13:06:02.112] [info] [PERF] 总耗时=15.6ms (检测=12.7ms, 跟踪=0.5ms), FPS=64.0
[2026-09-05 13:06:02.112] [info] 📊 [CAMERA FPS] 瞬时帧率=63.9fps, 平均帧率=64.3fps, 总帧数=1300, 运行时间=20.2s
[DEBUG] armors=1, targets=1
[DEBUG] armors=1, targets=1
[DEBUG] armors=1, targets=1
[DEBUG] armors=1, targets=1
[DEBUG] armors=1, targets=1
[DEBUG] armors=1, targets=1
[DEBUG] armors=1, targets=1
[DEBUG] armors=1, targets=1
[DEBUG] armors=1, targets=1
[DEBUG] armors=1, targets=1
[DEBUG] armors=1, targets=1
[DEBUG] armors=1, targets=1
[DEBUG] armors=1, targets=1
[DEBUG] armors=1, targets=1
[DEBUG] armors=1, targets=1
[DEBUG] armors=1, targets=1
[DEBUG] armors=1, targets=1
[DEBUG] armors=1, targets=1
[DEBUG] armors=1, targets=1
[DEBUG] armors=1, targets=1
[2026-09-05 13:06:02.420] [info] [DRYRUN] measured_gimbal=(2.927,0.036,0.098) measured_world=(2.922,0.167,-0.110) tracked_world=(2.921,0.167,-0.110) target_gimbal_deg=(0.71,1.91) target_world_deg=(3.26,-2.15) gimbal_deg=(2.56,4.06) armor_y_px=505.5 pixel_error_deg=(0.03,-0.85) ballistic=(range=2.927m holdover=0.569m comp=10.79deg residual=-11.63deg) q_wxyz=(0.999124,0.000790,0.035408,-0.022299) cmd_deg=(3.26,-15.13) packed_pitch_deg=-15.13 control=true shoot=false
[DEBUG] armors=1, targets=1
[DEBUG] armors=1, targets=1
[DEBUG] armors=1, targets=1
[DEBUG] armors=1, targets=1
[DEBUG] armors=1, targets=1
[DEBUG] armors=1, targets=1
[DEBUG] armors=1, targets=1
[DEBUG] armors=1, targets=1
[DEBUG] armors=1, targets=1
[DEBUG] armors=1, targets=1
[DEBUG] armors=1, targets=1
[DEBUG] armors=1, targets=1
[DEBUG] armors=1, targets=1
[DEBUG] armors=1, targets=1
[DEBUG] armors=1, targets=1
[DEBUG] armors=1, targets=1
[DEBUG] armors=1, targets=1
[DEBUG] armors=1, targets=1
[DEBUG] armors=1, targets=1
[DEBUG] armors=1, targets=1
[2026-09-05 13:06:02.730] [info] [DRYRUN] measured_gimbal=(2.923,0.036,0.098) measured_world=(2.918,0.166,-0.110) tracked_world=(2.923,0.167,-0.110) target_gimbal_deg=(0.71,1.91) target_world_deg=(3.26,-2.15) gimbal_deg=(2.56,4.06) armor_y_px=505.6 pixel_error_deg=(0.03,-0.84) ballistic=(range=2.923m holdover=0.568m comp=10.78deg residual=-11.62deg) q_wxyz=(0.999124,0.000790,0.035408,-0.022299) cmd_deg=(3.27,-15.14) packed_pitch_deg=-15.14 control=true shoot=false
[DEBUG] armors=1, targets=1
[DEBUG] armors=1, targets=1
[DEBUG] armors=1, targets=1
[DEBUG] armors=1, targets=1
[DEBUG] armors=1, targets=1
[DEBUG] armors=1, targets=1
[DEBUG] armors=1, targets=1
[DEBUG] armors=1, targets=1
[DEBUG] armors=1, targets=1
[2026-09-05 13:06:02.870] [info] [SYNC][XUC] mode=0 yaw=-2.56 deg pitch=4.06 deg feeder_rpm=0.00 wheel0_rpm=0 wheel1_rpm=0 wheel_delta=0 projectile_speed=12.80
[DEBUG] armors=1, targets=1
[2026-09-05 13:06:02.885] [info] [PERF] 总耗时=15.2ms (检测=12.4ms, 跟踪=0.5ms), FPS=65.8
[2026-09-05 13:06:02.885] [info] 📊 [CAMERA FPS] 瞬时帧率=65.7fps, 平均帧率=64.3fps, 总帧数=1350, 运行时间=21.0s
[DEBUG] armors=1, targets=1
[DEBUG] armors=1, targets=1
[DEBUG] armors=1, targets=1
[DEBUG] armors=1, targets=1
[DEBUG] armors=1, targets=1
[DEBUG] armors=1, targets=1
[DEBUG] armors=1, targets=1
[DEBUG] armors=1, targets=1
[DEBUG] armors=1, targets=1
[DEBUG] armors=1, targets=1
[2026-09-05 13:06:03.040] [info] [DRYRUN] measured_gimbal=(2.903,0.036,0.098) measured_world=(2.898,0.165,-0.108) tracked_world=(2.921,0.167,-0.110) target_gimbal_deg=(0.71,1.92) target_world_deg=(3.26,-2.13) gimbal_deg=(2.56,4.06) armor_y_px=505.4 pixel_error_deg=(0.03,-0.85) ballistic=(range=2.904m holdover=0.563m comp=10.75deg residual=-11.60deg) q_wxyz=(0.999124,0.000790,0.035408,-0.022299) cmd_deg=(3.26,-15.12) packed_pitch_deg=-15.12 control=true shoot=false
[DEBUG] armors=1, targets=1
[DEBUG] armors=1, targets=1
[DEBUG] armors=1, targets=1
[DEBUG] armors=1, targets=1
[DEBUG] armors=1, targets=1
[DEBUG] armors=1, targets=1
[DEBUG] armors=1, targets=1
[DEBUG] armors=1, targets=1
[DEBUG] armors=1, targets=1
[DEBUG] armors=1, targets=1
[DEBUG] armors=1, targets=1
[DEBUG] armors=1, targets=1
[DEBUG] armors=1, targets=1
[DEBUG] armors=1, targets=1
[DEBUG] armors=1, targets=1
[DEBUG] armors=1, targets=1
[DEBUG] armors=1, targets=1
[DEBUG] armors=1, targets=1
[DEBUG] armors=1, targets=1
[DEBUG] armors=1, targets=1
[2026-09-05 13:06:03.348] [info] [DRYRUN] measured_gimbal=(2.942,0.036,0.098) measured_world=(2.937,0.168,-0.110) tracked_world=(2.920,0.166,-0.109) target_gimbal_deg=(0.71,1.91) target_world_deg=(3.27,-2.15) gimbal_deg=(2.56,4.06) armor_y_px=505.5 pixel_error_deg=(0.03,-0.85) ballistic=(range=2.942m holdover=0.573m comp=10.81deg residual=-11.65deg) q_wxyz=(0.999124,0.000790,0.035408,-0.022299) cmd_deg=(3.26,-15.15) packed_pitch_deg=-15.15 control=true shoot=false
[DEBUG] armors=1, targets=1
[DEBUG] armors=1, targets=1
[DEBUG] armors=1, targets=1
[DEBUG] armors=1, targets=1
[DEBUG] armors=1, targets=1
[DEBUG] armors=1, targets=1
[DEBUG] armors=1, targets=1
[DEBUG] armors=1, targets=1
[DEBUG] armors=1, targets=1
[DEBUG] armors=1, targets=1
[DEBUG] armors=1, targets=1
[DEBUG] armors=1, targets=1
[DEBUG] armors=1, targets=1
[DEBUG] armors=1, targets=1
[DEBUG] armors=1, targets=1
[DEBUG] armors=1, targets=1
[DEBUG] armors=1, targets=1
[DEBUG] armors=1, targets=1
[DEBUG] armors=1, targets=1
[2026-09-05 13:06:03.645] [info] [SYNC][XUC] mode=0 yaw=-2.56 deg pitch=4.06 deg feeder_rpm=0.00 wheel0_rpm=0 wheel1_rpm=0 wheel_delta=0 projectile_speed=12.80
[DEBUG] armors=1, targets=1
[2026-09-05 13:06:03.658] [info] [DRYRUN] measured_gimbal=(2.935,0.036,0.098) measured_world=(2.930,0.167,-0.110) tracked_world=(2.922,0.167,-0.110) target_gimbal_deg=(0.71,1.91) target_world_deg=(3.26,-2.15) gimbal_deg=(2.56,4.06) armor_y_px=505.6 pixel_error_deg=(0.03,-0.84) ballistic=(range=2.935m holdover=0.571m comp=10.80deg residual=-11.64deg) q_wxyz=(0.999124,0.000790,0.035408,-0.022299) cmd_deg=(3.26,-15.15) packed_pitch_deg=-15.15 control=true shoot=false
[2026-09-05 13:06:03.660] [info] [PERF] 总耗时=14.8ms (检测=12.0ms, 跟踪=0.5ms), FPS=67.5
[2026-09-05 13:06:03.660] [info] 📊 [CAMERA FPS] 瞬时帧率=67.3fps, 平均帧率=64.3fps, 总帧数=1400, 运行时间=21.8s
[DEBUG] armors=1, targets=1
[DEBUG] armors=1, targets=1
[DEBUG] armors=1, targets=1
[DEBUG] armors=1, targets=1
[DEBUG] armors=1, targets=1
[DEBUG] armors=1, targets=1
[DEBUG] armors=1, targets=1
[DEBUG] armors=1, targets=1
[DEBUG] armors=1, targets=1
[DEBUG] armors=1, targets=1
[DEBUG] armors=1, targets=1
[DEBUG] armors=1, targets=1
[DEBUG] armors=1, targets=1
[DEBUG] armors=1, targets=1
[DEBUG] armors=1, targets=1
[DEBUG] armors=1, targets=1
[DEBUG] armors=1, targets=1
[DEBUG] armors=1, targets=1
[DEBUG] armors=1, targets=1
[DEBUG] armors=1, targets=1
[2026-09-05 13:06:03.967] [info] [DRYRUN] measured_gimbal=(2.937,0.036,0.098) measured_world=(2.932,0.167,-0.110) tracked_world=(2.922,0.167,-0.110) target_gimbal_deg=(0.71,1.91) target_world_deg=(3.27,-2.15) gimbal_deg=(2.56,4.06) armor_y_px=505.4 pixel_error_deg=(0.03,-0.85) ballistic=(range=2.937m holdover=0.572m comp=10.80deg residual=-11.65deg) q_wxyz=(0.999124,0.000790,0.035408,-0.022299) cmd_deg=(3.26,-15.14) packed_pitch_deg=-15.14 control=true shoot=false
[DEBUG] armors=1, targets=1
[DEBUG] armors=1, targets=1
[DEBUG] armors=1, targets=1
[DEBUG] armors=1, targets=1
[DEBUG] armors=1, targets=1
[DEBUG] armors=1, targets=1
[DEBUG] armors=1, targets=1
[DEBUG] armors=1, targets=1
[DEBUG] armors=1, targets=1
[DEBUG] armors=1, targets=1
[DEBUG] armors=1, targets=1
[DEBUG] armors=1, targets=1
[DEBUG] armors=1, targets=1
[DEBUG] armors=1, targets=1
[DEBUG] armors=1, targets=1
[DEBUG] armors=1, targets=1
[DEBUG] armors=1, targets=1
[DEBUG] armors=1, targets=1
[DEBUG] armors=1, targets=1
[DEBUG] armors=1, targets=1
[2026-09-05 13:06:04.279] [info] [DRYRUN] measured_gimbal=(2.913,0.036,0.098) measured_world=(2.908,0.166,-0.109) tracked_world=(2.922,0.167,-0.110) target_gimbal_deg=(0.70,1.92) target_world_deg=(3.26,-2.14) gimbal_deg=(2.56,4.06) armor_y_px=505.5 pixel_error_deg=(0.03,-0.85) ballistic=(range=2.913m holdover=0.565m comp=10.76deg residual=-11.61deg) q_wxyz=(0.999124,0.000790,0.035408,-0.022299) cmd_deg=(3.27,-15.15) packed_pitch_deg=-15.15 control=true shoot=false
[DEBUG] armors=1, targets=1
[DEBUG] armors=1, targets=1
[DEBUG] armors=1, targets=1
[DEBUG] armors=1, targets=1
[DEBUG] armors=1, targets=1
[DEBUG] armors=1, targets=1
[DEBUG] armors=1, targets=1
[DEBUG] armors=1, targets=1
[DEBUG] armors=1, targets=1
[2026-09-05 13:06:04.423] [info] [SYNC][XUC] mode=0 yaw=-2.56 deg pitch=4.06 deg feeder_rpm=0.00 wheel0_rpm=0 wheel1_rpm=0 wheel_delta=0 projectile_speed=12.80
[DEBUG] armors=1, targets=1
[2026-09-05 13:06:04.440] [info] [PERF] 总耗时=16.8ms (检测=13.6ms, 跟踪=0.5ms), FPS=59.6
[2026-09-05 13:06:04.440] [info] 📊 [CAMERA FPS] 瞬时帧率=59.5fps, 平均帧率=64.3fps, 总帧数=1450, 运行时间=22.5s
[DEBUG] armors=1, targets=1
[DEBUG] armors=1, targets=1
[DEBUG] armors=1, targets=1
[DEBUG] armors=1, targets=1
[DEBUG] armors=1, targets=1
[DEBUG] armors=1, targets=1
[DEBUG] armors=1, targets=1
[DEBUG] armors=1, targets=1
[DEBUG] armors=1, targets=1
[DEBUG] armors=1, targets=1
[2026-09-05 13:06:04.597] [info] [DRYRUN] measured_gimbal=(2.903,0.036,0.098) measured_world=(2.898,0.165,-0.108) tracked_world=(2.920,0.167,-0.109) target_gimbal_deg=(0.71,1.92) target_world_deg=(3.26,-2.13) gimbal_deg=(2.56,4.06) armor_y_px=505.4 pixel_error_deg=(0.03,-0.85) ballistic=(range=2.904m holdover=0.563m comp=10.75deg residual=-11.60deg) q_wxyz=(0.999124,0.000790,0.035408,-0.022299) cmd_deg=(3.26,-15.09) packed_pitch_deg=-15.09 control=true shoot=false
[DEBUG] armors=1, targets=1
[DEBUG] armors=1, targets=1
[DEBUG] armors=1, targets=1
[DEBUG] armors=1, targets=1
[DEBUG] armors=1, targets=1
[DEBUG] armors=1, targets=1
[DEBUG] armors=1, targets=1
[DEBUG] armors=1, targets=1
[DEBUG] armors=1, targets=1
[DEBUG] armors=1, targets=1
[DEBUG] armors=1, targets=1
[DEBUG] armors=1, targets=1
[DEBUG] armors=1, targets=1
[DEBUG] armors=1, targets=1
[DEBUG] armors=1, targets=1
[DEBUG] armors=1, targets=1
[DEBUG] armors=1, targets=1
[DEBUG] armors=1, targets=1
[DEBUG] armors=1, targets=1
[DEBUG] armors=1, targets=1
[2026-09-05 13:06:04.904] [info] [DRYRUN] measured_gimbal=(2.935,0.036,0.098) measured_world=(2.930,0.167,-0.110) tracked_world=(2.925,0.167,-0.110) target_gimbal_deg=(0.71,1.91) target_world_deg=(3.26,-2.15) gimbal_deg=(2.56,4.06) armor_y_px=505.4 pixel_error_deg=(0.03,-0.85) ballistic=(range=2.936m holdover=0.571m comp=10.80deg residual=-11.64deg) q_wxyz=(0.999124,0.000790,0.035408,-0.022299) cmd_deg=(3.27,-15.16) packed_pitch_deg=-15.16 control=true shoot=false
[DEBUG] armors=1, targets=1
[DEBUG] armors=1, targets=1
[DEBUG] armors=1, targets=1
[DEBUG] armors=1, targets=1
[DEBUG] armors=1, targets=1
[DEBUG] armors=1, targets=1
[DEBUG] armors=1, targets=1
[DEBUG] armors=1, targets=1
[DEBUG] armors=1, targets=1
[DEBUG] armors=1, targets=1
[DEBUG] armors=1, targets=1
[DEBUG] armors=1, targets=1
[DEBUG] armors=1, targets=1
[DEBUG] armors=1, targets=1
[DEBUG] armors=1, targets=1
[DEBUG] armors=1, targets=1
[DEBUG] armors=1, targets=1
[DEBUG] armors=1, targets=1
[DEBUG] armors=1, targets=1
[2026-09-05 13:06:05.203] [info] [SYNC][XUC] mode=0 yaw=-2.56 deg pitch=4.06 deg feeder_rpm=-4.00 wheel0_rpm=0 wheel1_rpm=0 wheel_delta=0 projectile_speed=12.80
[DEBUG] armors=1, targets=1
[2026-09-05 13:06:05.216] [info] [DRYRUN] measured_gimbal=(2.937,0.036,0.098) measured_world=(2.933,0.167,-0.110) tracked_world=(2.926,0.167,-0.110) target_gimbal_deg=(0.71,1.91) target_world_deg=(3.26,-2.15) gimbal_deg=(2.56,4.06) armor_y_px=505.4 pixel_error_deg=(0.03,-0.85) ballistic=(range=2.938m holdover=0.572m comp=10.80deg residual=-11.65deg) q_wxyz=(0.999124,0.000790,0.035408,-0.022299) cmd_deg=(3.27,-15.16) packed_pitch_deg=-15.16 control=true shoot=false
[2026-09-05 13:06:05.218] [info] [PERF] 总耗时=15.4ms (检测=12.4ms, 跟踪=0.4ms), FPS=65.0
[2026-09-05 13:06:05.218] [info] 📊 [CAMERA FPS] 瞬时帧率=64.9fps, 平均帧率=64.3fps, 总帧数=1500, 运行时间=23.3s
[DEBUG] armors=1, targets=1
[DEBUG] armors=1, targets=1
[DEBUG] armors=1, targets=1
[DEBUG] armors=1, targets=1
[DEBUG] armors=1, targets=1
[DEBUG] armors=1, targets=1
[DEBUG] armors=1, targets=1
[DEBUG] armors=1, targets=1
[DEBUG] armors=1, targets=1
[DEBUG] armors=1, targets=1
[DEBUG] armors=1, targets=1
[DEBUG] armors=0, targets=1
[DEBUG] armors=1, targets=1
[DEBUG] armors=1, targets=1
[DEBUG] armors=1, targets=1
[DEBUG] armors=1, targets=1
[DEBUG] armors=1, targets=1
[DEBUG] armors=1, targets=1
[DEBUG] armors=1, targets=1
[DEBUG] armors=1, targets=1
[2026-09-05 13:06:05.524] [info] [DRYRUN] measured_gimbal=(2.917,0.036,0.098) measured_world=(2.912,0.166,-0.109) tracked_world=(2.926,0.167,-0.110) target_gimbal_deg=(0.71,1.92) target_world_deg=(3.26,-2.14) gimbal_deg=(2.56,4.06) armor_y_px=505.4 pixel_error_deg=(0.03,-0.85) ballistic=(range=2.917m holdover=0.566m comp=10.77deg residual=-11.62deg) q_wxyz=(0.999124,0.000790,0.035408,-0.022299) cmd_deg=(3.27,-15.14) packed_pitch_deg=-15.14 control=true shoot=false
[DEBUG] armors=1, targets=1
[DEBUG] armors=1, targets=1
[DEBUG] armors=1, targets=1
[DEBUG] armors=1, targets=1
[DEBUG] armors=1, targets=1
[DEBUG] armors=1, targets=1
[DEBUG] armors=1, targets=1
[DEBUG] armors=1, targets=1
[DEBUG] armors=1, targets=1
[DEBUG] armors=1, targets=1
[DEBUG] armors=1, targets=1
[DEBUG] armors=1, targets=1
[DEBUG] armors=1, targets=1
[DEBUG] armors=1, targets=1
[DEBUG] armors=1, targets=1
[DEBUG] armors=1, targets=1
[DEBUG] armors=1, targets=1
[DEBUG] armors=1, targets=1
[DEBUG] armors=1, targets=1
[DEBUG] armors=1, targets=1
[2026-09-05 13:06:05.833] [info] [DRYRUN] measured_gimbal=(2.917,0.036,0.098) measured_world=(2.912,0.166,-0.109) tracked_world=(2.921,0.167,-0.109) target_gimbal_deg=(0.70,1.92) target_world_deg=(3.26,-2.14) gimbal_deg=(2.56,4.06) armor_y_px=505.4 pixel_error_deg=(0.03,-0.85) ballistic=(range=2.917m holdover=0.566m comp=10.77deg residual=-11.62deg) q_wxyz=(0.999124,0.000790,0.035408,-0.022299) cmd_deg=(3.27,-15.13) packed_pitch_deg=-15.13 control=true shoot=false
[DEBUG] armors=1, targets=1
[DEBUG] armors=1, targets=1
[DEBUG] armors=1, targets=1
[DEBUG] armors=1, targets=1
[DEBUG] armors=1, targets=1
[DEBUG] armors=1, targets=1
[DEBUG] armors=1, targets=1
[DEBUG] armors=1, targets=1
[DEBUG] armors=1, targets=1
[2026-09-05 13:06:05.975] [info] [SYNC][XUC] mode=0 yaw=-2.56 deg pitch=4.06 deg feeder_rpm=-4.00 wheel0_rpm=0 wheel1_rpm=0 wheel_delta=0 projectile_speed=12.80
[DEBUG] armors=1, targets=1
[2026-09-05 13:06:05.990] [info] [PERF] 总耗时=15.6ms (检测=12.7ms, 跟踪=0.5ms), FPS=64.2
[2026-09-05 13:06:05.990] [info] 📊 [CAMERA FPS] 瞬时帧率=64.1fps, 平均帧率=64.3fps, 总帧数=1550, 运行时间=24.1s
[DEBUG] armors=1, targets=1
[DEBUG] armors=1, targets=1
[DEBUG] armors=1, targets=1
[DEBUG] armors=1, targets=1
[DEBUG] armors=1, targets=1
[DEBUG] armors=1, targets=1
[DEBUG] armors=1, targets=1
[DEBUG] armors=1, targets=1
[DEBUG] armors=1, targets=1
[DEBUG] armors=1, targets=1
[2026-09-05 13:06:06.145] [info] [DRYRUN] measured_gimbal=(2.923,0.036,0.098) measured_world=(2.918,0.166,-0.109) tracked_world=(2.922,0.167,-0.110) target_gimbal_deg=(0.70,1.92) target_world_deg=(3.26,-2.14) gimbal_deg=(2.56,4.06) armor_y_px=505.4 pixel_error_deg=(0.03,-0.85) ballistic=(range=2.923m holdover=0.568m comp=10.78deg residual=-11.63deg) q_wxyz=(0.999124,0.000790,0.035408,-0.022299) cmd_deg=(3.27,-15.12) packed_pitch_deg=-15.12 control=true shoot=false
[DEBUG] armors=1, targets=1
[DEBUG] armors=1, targets=1
[DEBUG] armors=1, targets=1
[DEBUG] armors=1, targets=1
[DEBUG] armors=1, targets=1
[DEBUG] armors=1, targets=1
[DEBUG] armors=1, targets=1
[DEBUG] armors=1, targets=1
[DEBUG] armors=1, targets=1
[DEBUG] armors=1, targets=1
[DEBUG] armors=1, targets=1
[DEBUG] armors=1, targets=1
[DEBUG] armors=1, targets=1
[DEBUG] armors=1, targets=1
[DEBUG] armors=1, targets=1
[DEBUG] armors=1, targets=1
[DEBUG] armors=1, targets=1
[DEBUG] armors=1, targets=1
[DEBUG] armors=1, targets=1
[DEBUG] armors=1, targets=1
[2026-09-05 13:06:06.457] [info] [DRYRUN] measured_gimbal=(2.896,0.036,0.097) measured_world=(2.891,0.165,-0.108) tracked_world=(2.918,0.166,-0.109) target_gimbal_deg=(0.71,1.93) target_world_deg=(3.26,-2.13) gimbal_deg=(2.56,4.06) armor_y_px=505.4 pixel_error_deg=(0.03,-0.85) ballistic=(range=2.896m holdover=0.561m comp=10.74deg residual=-11.59deg) q_wxyz=(0.999124,0.000790,0.035408,-0.022299) cmd_deg=(3.26,-15.10) packed_pitch_deg=-15.10 control=true shoot=false
[DEBUG] armors=1, targets=1
[DEBUG] armors=1, targets=1
[DEBUG] armors=1, targets=1
[DEBUG] armors=1, targets=1
[DEBUG] armors=1, targets=1
[DEBUG] armors=1, targets=1
[DEBUG] armors=1, targets=1
[DEBUG] armors=1, targets=1
[DEBUG] armors=1, targets=1
[DEBUG] armors=1, targets=1
[DEBUG] armors=1, targets=1
[DEBUG] armors=1, targets=1
[DEBUG] armors=1, targets=1
[DEBUG] armors=1, targets=1
[DEBUG] armors=1, targets=1
[DEBUG] armors=1, targets=1
[DEBUG] armors=1, targets=1
[DEBUG] armors=1, targets=1
[DEBUG] armors=1, targets=1
[2026-09-05 13:06:06.757] [info] [SYNC][XUC] mode=0 yaw=-2.56 deg pitch=4.06 deg feeder_rpm=-4.00 wheel0_rpm=0 wheel1_rpm=0 wheel_delta=0 projectile_speed=12.80
[DEBUG] armors=1, targets=1
[2026-09-05 13:06:06.771] [info] [DRYRUN] measured_gimbal=(2.931,0.036,0.098) measured_world=(2.926,0.167,-0.110) tracked_world=(2.924,0.167,-0.110) target_gimbal_deg=(0.71,1.91) target_world_deg=(3.27,-2.15) gimbal_deg=(2.56,4.06) armor_y_px=505.4 pixel_error_deg=(0.03,-0.85) ballistic=(range=2.931m holdover=0.570m comp=10.79deg residual=-11.64deg) q_wxyz=(0.999124,0.000790,0.035408,-0.022299) cmd_deg=(3.27,-15.15) packed_pitch_deg=-15.15 control=true shoot=false
[2026-09-05 13:06:06.773] [info] [PERF] 总耗时=16.4ms (检测=13.2ms, 跟踪=0.5ms), FPS=61.1
[2026-09-05 13:06:06.773] [info] 📊 [CAMERA FPS] 瞬时帧率=61.0fps, 平均帧率=64.3fps, 总帧数=1600, 运行时间=24.9s
[DEBUG] armors=1, targets=1
[DEBUG] armors=1, targets=1
[DEBUG] armors=1, targets=1
[DEBUG] armors=1, targets=1
[DEBUG] armors=1, targets=1
[DEBUG] armors=1, targets=1
[DEBUG] armors=1, targets=1
[DEBUG] armors=1, targets=1
[DEBUG] armors=1, targets=1
[DEBUG] armors=1, targets=1
[DEBUG] armors=1, targets=1
[DEBUG] armors=1, targets=1
[DEBUG] armors=1, targets=1
[DEBUG] armors=1, targets=1
[DEBUG] armors=1, targets=1
[DEBUG] armors=1, targets=1
[DEBUG] armors=1, targets=1
[DEBUG] armors=1, targets=1
[DEBUG] armors=1, targets=1
[DEBUG] armors=1, targets=1
[2026-09-05 13:06:07.084] [info] [DRYRUN] measured_gimbal=(2.920,0.036,0.098) measured_world=(2.915,0.166,-0.109) tracked_world=(2.925,0.167,-0.110) target_gimbal_deg=(0.70,1.92) target_world_deg=(3.26,-2.14) gimbal_deg=(2.56,4.06) armor_y_px=505.4 pixel_error_deg=(0.03,-0.85) ballistic=(range=2.920m holdover=0.567m comp=10.77deg residual=-11.62deg) q_wxyz=(0.999124,0.000790,0.035408,-0.022299) cmd_deg=(3.27,-15.13) packed_pitch_deg=-15.13 control=true shoot=false
[DEBUG] armors=1, targets=1
[DEBUG] armors=1, targets=1
[DEBUG] armors=1, targets=1
[DEBUG] armors=1, targets=1
[DEBUG] armors=0, targets=1
[DEBUG] armors=1, targets=1
[DEBUG] armors=1, targets=1
[DEBUG] armors=1, targets=1
[DEBUG] armors=1, targets=1
[DEBUG] armors=1, targets=1
[DEBUG] armors=1, targets=1
[DEBUG] armors=1, targets=1
[DEBUG] armors=1, targets=1
[DEBUG] armors=1, targets=1
[DEBUG] armors=1, targets=1
[DEBUG] armors=1, targets=1
[DEBUG] armors=1, targets=1
[DEBUG] armors=1, targets=1
[DEBUG] armors=1, targets=1
[DEBUG] armors=1, targets=1
[2026-09-05 13:06:07.395] [info] [DRYRUN] measured_gimbal=(2.919,0.036,0.098) measured_world=(2.914,0.166,-0.109) tracked_world=(2.926,0.167,-0.110) target_gimbal_deg=(0.71,1.92) target_world_deg=(3.26,-2.14) gimbal_deg=(2.56,4.06) armor_y_px=505.3 pixel_error_deg=(0.03,-0.85) ballistic=(range=2.919m holdover=0.567m comp=10.77deg residual=-11.62deg) q_wxyz=(0.999124,0.000790,0.035408,-0.022299) cmd_deg=(3.27,-15.14) packed_pitch_deg=-15.14 control=true shoot=false
[DEBUG] armors=1, targets=1
[DEBUG] armors=1, targets=1
[DEBUG] armors=1, targets=1
[DEBUG] armors=1, targets=1
[DEBUG] armors=1, targets=1
[DEBUG] armors=1, targets=1
[DEBUG] armors=1, targets=1
[DEBUG] armors=1, targets=1
[DEBUG] armors=1, targets=1
[2026-09-05 13:06:07.536] [info] [SYNC][XUC] mode=0 yaw=-2.56 deg pitch=4.06 deg feeder_rpm=0.00 wheel0_rpm=0 wheel1_rpm=0 wheel_delta=0 projectile_speed=12.80
[DEBUG] armors=1, targets=1
[2026-09-05 13:06:07.552] [info] [PERF] 总耗时=15.2ms (检测=12.5ms, 跟踪=0.4ms), FPS=65.6
[2026-09-05 13:06:07.552] [info] 📊 [CAMERA FPS] 瞬时帧率=65.5fps, 平均帧率=64.3fps, 总帧数=1650, 运行时间=25.7s
[DEBUG] armors=1, targets=1
[DEBUG] armors=1, targets=1
[DEBUG] armors=1, targets=1
[DEBUG] armors=1, targets=1
[DEBUG] armors=1, targets=1
[DEBUG] armors=0, targets=1
[DEBUG] armors=1, targets=1
[DEBUG] armors=1, targets=1
[DEBUG] armors=1, targets=1
[DEBUG] armors=0, targets=1
[DEBUG] armors=1, targets=1
[DEBUG] armors=1, targets=1
[DEBUG] armors=0, targets=1
[DEBUG] armors=1, targets=1
[DEBUG] armors=1, targets=1
[DEBUG] armors=1, targets=1
[DEBUG] armors=1, targets=1
[DEBUG] armors=1, targets=1
[DEBUG] armors=1, targets=1
[DEBUG] armors=1, targets=1
[DEBUG] armors=1, targets=1
[DEBUG] armors=1, targets=1
[DEBUG] armors=1, targets=1
[DEBUG] armors=1, targets=1
[DEBUG] armors=1, targets=1
[DEBUG] armors=1, targets=1
[DEBUG] armors=1, targets=1
[DEBUG] armors=1, targets=1
[DEBUG] armors=1, targets=1
[DEBUG] armors=1, targets=1
[2026-09-05 13:06:08.009] [info] [DRYRUN] measured_gimbal=(2.952,0.037,0.098) measured_world=(2.947,0.169,-0.111) tracked_world=(2.930,0.167,-0.110) target_gimbal_deg=(0.72,1.90) target_world_deg=(3.27,-2.16) gimbal_deg=(2.56,4.06) armor_y_px=505.5 pixel_error_deg=(0.03,-0.85) ballistic=(range=2.953m holdover=0.576m comp=10.82deg residual=-11.67deg) q_wxyz=(0.999124,0.000790,0.035408,-0.022299) cmd_deg=(3.27,-15.18) packed_pitch_deg=-15.18 control=true shoot=false
[DEBUG] armors=1, targets=1
[DEBUG] armors=1, targets=1
[DEBUG] armors=1, targets=1
[DEBUG] armors=1, targets=1
[DEBUG] armors=1, targets=1
[DEBUG] armors=1, targets=1
[DEBUG] armors=1, targets=1
[DEBUG] armors=1, targets=1
[DEBUG] armors=1, targets=1
[DEBUG] armors=1, targets=1
[DEBUG] armors=1, targets=1
[DEBUG] armors=1, targets=1
[DEBUG] armors=1, targets=1
[DEBUG] armors=1, targets=1
[DEBUG] armors=1, targets=1
[DEBUG] armors=0, targets=1
[DEBUG] armors=1, targets=1
[DEBUG] armors=1, targets=1
[DEBUG] armors=1, targets=1
[2026-09-05 13:06:08.304] [info] [SYNC][XUC] mode=0 yaw=-2.56 deg pitch=4.06 deg feeder_rpm=0.00 wheel0_rpm=0 wheel1_rpm=0 wheel_delta=0 projectile_speed=12.80
[DEBUG] armors=1, targets=1
[2026-09-05 13:06:08.317] [info] [DRYRUN] measured_gimbal=(2.926,0.036,0.098) measured_world=(2.921,0.167,-0.110) tracked_world=(2.932,0.167,-0.110) target_gimbal_deg=(0.71,1.92) target_world_deg=(3.27,-2.14) gimbal_deg=(2.56,4.06) armor_y_px=505.4 pixel_error_deg=(0.03,-0.85) ballistic=(range=2.926m holdover=0.569m comp=10.78deg residual=-11.63deg) q_wxyz=(0.999124,0.000790,0.035408,-0.022299) cmd_deg=(3.27,-15.15) packed_pitch_deg=-15.15 control=true shoot=false
[2026-09-05 13:06:08.319] [info] [PERF] 总耗时=15.3ms (检测=12.3ms, 跟踪=0.5ms), FPS=65.3
[2026-09-05 13:06:08.319] [info] 📊 [CAMERA FPS] 瞬时帧率=65.1fps, 平均帧率=64.3fps, 总帧数=1700, 运行时间=26.4s
[DEBUG] armors=1, targets=1
[DEBUG] armors=1, targets=1
[DEBUG] armors=1, targets=1
[DEBUG] armors=1, targets=1
[DEBUG] armors=1, targets=1
[DEBUG] armors=1, targets=1
[DEBUG] armors=1, targets=1
[DEBUG] armors=1, targets=1
[DEBUG] armors=1, targets=1
[DEBUG] armors=1, targets=1
[DEBUG] armors=1, targets=1
[DEBUG] armors=1, targets=1
[DEBUG] armors=1, targets=1
[DEBUG] armors=1, targets=1
[DEBUG] armors=1, targets=1
[DEBUG] armors=1, targets=1
[DEBUG] armors=1, targets=1
[DEBUG] armors=1, targets=1
[DEBUG] armors=1, targets=1
[DEBUG] armors=1, targets=1
[2026-09-05 13:06:08.629] [info] [DRYRUN] measured_gimbal=(2.922,0.036,0.098) measured_world=(2.917,0.166,-0.109) tracked_world=(2.932,0.167,-0.110) target_gimbal_deg=(0.71,1.92) target_world_deg=(3.26,-2.14) gimbal_deg=(2.56,4.06) armor_y_px=505.4 pixel_error_deg=(0.03,-0.85) ballistic=(range=2.922m holdover=0.568m comp=10.78deg residual=-11.63deg) q_wxyz=(0.999124,0.000790,0.035408,-0.022299) cmd_deg=(3.27,-15.13) packed_pitch_deg=-15.13 control=true shoot=false
[DEBUG] armors=1, targets=1
[DEBUG] armors=1, targets=1
[DEBUG] armors=1, targets=1
[DEBUG] armors=1, targets=1
[DEBUG] armors=1, targets=1
[DEBUG] armors=1, targets=1
[DEBUG] armors=1, targets=1
[DEBUG] armors=1, targets=1
[DEBUG] armors=1, targets=1
[DEBUG] armors=1, targets=1
[DEBUG] armors=1, targets=1
[DEBUG] armors=1, targets=1
[DEBUG] armors=1, targets=1
[DEBUG] armors=1, targets=1
[DEBUG] armors=1, targets=1
[DEBUG] armors=1, targets=1
[DEBUG] armors=1, targets=1
[DEBUG] armors=1, targets=1
[DEBUG] armors=1, targets=1
[DEBUG] armors=1, targets=1
[2026-09-05 13:06:08.940] [info] [DRYRUN] measured_gimbal=(2.955,0.037,0.098) measured_world=(2.950,0.169,-0.111) tracked_world=(2.935,0.168,-0.110) target_gimbal_deg=(0.72,1.90) target_world_deg=(3.28,-2.16) gimbal_deg=(2.56,4.06) armor_y_px=505.5 pixel_error_deg=(0.02,-0.85) ballistic=(range=2.955m holdover=0.576m comp=10.83deg residual=-11.67deg) q_wxyz=(0.999124,0.000790,0.035408,-0.022299) cmd_deg=(3.26,-15.17) packed_pitch_deg=-15.17 control=true shoot=false
[DEBUG] armors=1, targets=1
[DEBUG] armors=1, targets=1
[DEBUG] armors=1, targets=1
[DEBUG] armors=1, targets=1
[DEBUG] armors=1, targets=1
[DEBUG] armors=1, targets=1
[DEBUG] armors=1, targets=1
[DEBUG] armors=1, targets=1
[DEBUG] armors=1, targets=1
[2026-09-05 13:06:09.082] [info] [SYNC][XUC] mode=0 yaw=-2.56 deg pitch=4.06 deg feeder_rpm=-4.00 wheel0_rpm=0 wheel1_rpm=0 wheel_delta=0 projectile_speed=12.80
[DEBUG] armors=1, targets=1
[2026-09-05 13:06:09.097] [info] [PERF] 总耗时=15.2ms (检测=12.5ms, 跟踪=0.5ms), FPS=65.7
[2026-09-05 13:06:09.097] [info] 📊 [CAMERA FPS] 瞬时帧率=65.5fps, 平均帧率=64.3fps, 总帧数=1750, 运行时间=27.2s
[DEBUG] armors=1, targets=1
[DEBUG] armors=1, targets=1
[DEBUG] armors=1, targets=1
[DEBUG] armors=1, targets=1
[DEBUG] armors=1, targets=1
[DEBUG] armors=1, targets=1
[DEBUG] armors=1, targets=1
[DEBUG] armors=1, targets=1
[DEBUG] armors=1, targets=1
[DEBUG] armors=1, targets=1
[2026-09-05 13:06:09.249] [info] [DRYRUN] measured_gimbal=(2.935,0.036,0.098) measured_world=(2.930,0.167,-0.110) tracked_world=(2.934,0.167,-0.110) target_gimbal_deg=(0.71,1.91) target_world_deg=(3.26,-2.15) gimbal_deg=(2.56,4.06) armor_y_px=505.4 pixel_error_deg=(0.03,-0.85) ballistic=(range=2.935m holdover=0.571m comp=10.80deg residual=-11.64deg) q_wxyz=(0.999124,0.000790,0.035408,-0.022299) cmd_deg=(3.27,-15.16) packed_pitch_deg=-15.16 control=true shoot=false
[DEBUG] armors=1, targets=1
[DEBUG] armors=1, targets=1
[DEBUG] armors=1, targets=1
[DEBUG] armors=1, targets=1
[DEBUG] armors=1, targets=1
[DEBUG] armors=1, targets=1
[DEBUG] armors=1, targets=1
[DEBUG] armors=1, targets=1
[DEBUG] armors=1, targets=1
[DEBUG] armors=1, targets=1
[DEBUG] armors=1, targets=1
[DEBUG] armors=1, targets=1
[DEBUG] armors=1, targets=1
[DEBUG] armors=1, targets=1
[DEBUG] armors=1, targets=1
[DEBUG] armors=1, targets=1
[DEBUG] armors=1, targets=1
[DEBUG] armors=1, targets=1
[DEBUG] armors=1, targets=1
[DEBUG] armors=1, targets=1
[2026-09-05 13:06:09.560] [info] [DRYRUN] measured_gimbal=(2.927,0.036,0.098) measured_world=(2.922,0.167,-0.110) tracked_world=(2.928,0.167,-0.110) target_gimbal_deg=(0.71,1.91) target_world_deg=(3.26,-2.15) gimbal_deg=(2.56,4.06) armor_y_px=505.5 pixel_error_deg=(0.03,-0.85) ballistic=(range=2.927m holdover=0.569m comp=10.79deg residual=-11.63deg) q_wxyz=(0.999124,0.000790,0.035408,-0.022299) cmd_deg=(3.26,-15.12) packed_pitch_deg=-15.12 control=true shoot=false
[DEBUG] armors=1, targets=1
[DEBUG] armors=0, targets=1
[DEBUG] armors=1, targets=1
[DEBUG] armors=1, targets=1
[DEBUG] armors=1, targets=1
[DEBUG] armors=1, targets=1
[DEBUG] armors=1, targets=1
[DEBUG] armors=1, targets=1
[DEBUG] armors=1, targets=1
[DEBUG] armors=1, targets=1
[DEBUG] armors=1, targets=1
[DEBUG] armors=1, targets=1
[DEBUG] armors=1, targets=1
[DEBUG] armors=1, targets=1
[DEBUG] armors=1, targets=1
[DEBUG] armors=1, targets=1
[DEBUG] armors=1, targets=1
[DEBUG] armors=1, targets=1
[DEBUG] armors=1, targets=1
[2026-09-05 13:06:09.858] [info] [SYNC][XUC] mode=0 yaw=-2.56 deg pitch=4.06 deg feeder_rpm=-4.00 wheel0_rpm=0 wheel1_rpm=0 wheel_delta=0 projectile_speed=12.80
[DEBUG] armors=1, targets=1
[2026-09-05 13:06:09.872] [info] [DRYRUN] measured_gimbal=(2.935,0.036,0.098) measured_world=(2.930,0.167,-0.110) tracked_world=(2.929,0.167,-0.110) target_gimbal_deg=(0.71,1.91) target_world_deg=(3.26,-2.15) gimbal_deg=(2.56,4.06) armor_y_px=505.4 pixel_error_deg=(0.03,-0.85) ballistic=(range=2.935m holdover=0.571m comp=10.80deg residual=-11.64deg) q_wxyz=(0.999124,0.000790,0.035408,-0.022299) cmd_deg=(3.26,-15.15) packed_pitch_deg=-15.15 control=true shoot=false
[2026-09-05 13:06:09.874] [info] [PERF] 总耗时=15.9ms (检测=13.1ms, 跟踪=0.5ms), FPS=62.8
[2026-09-05 13:06:09.874] [info] 📊 [CAMERA FPS] 瞬时帧率=62.7fps, 平均帧率=64.3fps, 总帧数=1800, 运行时间=28.0s
[DEBUG] armors=1, targets=1
[DEBUG] armors=1, targets=1
[DEBUG] armors=1, targets=1
[DEBUG] armors=1, targets=1
[DEBUG] armors=1, targets=1
[DEBUG] armors=1, targets=1
[DEBUG] armors=1, targets=1
[DEBUG] armors=1, targets=1
[DEBUG] armors=1, targets=1
[DEBUG] armors=1, targets=1
[DEBUG] armors=1, targets=1
[DEBUG] armors=1, targets=1
[DEBUG] armors=1, targets=1
[DEBUG] armors=1, targets=1
[DEBUG] armors=1, targets=1
[DEBUG] armors=1, targets=1
[DEBUG] armors=1, targets=1
[DEBUG] armors=1, targets=1
[DEBUG] armors=1, targets=1
[DEBUG] armors=0, targets=1
[DEBUG] armors=1, targets=1
[DEBUG] armors=1, targets=1
[DEBUG] armors=1, targets=1
[DEBUG] armors=1, targets=1
[DEBUG] armors=1, targets=1
[DEBUG] armors=1, targets=1
[DEBUG] armors=1, targets=1
[DEBUG] armors=1, targets=1
[DEBUG] armors=1, targets=1
[DEBUG] armors=1, targets=1
[DEBUG] armors=1, targets=1
[DEBUG] armors=1, targets=1
[DEBUG] armors=1, targets=1
[DEBUG] armors=1, targets=1
[DEBUG] armors=1, targets=1
[DEBUG] armors=1, targets=1
[DEBUG] armors=1, targets=1
[DEBUG] armors=1, targets=1
[DEBUG] armors=1, targets=1
[DEBUG] armors=1, targets=1
[2026-09-05 13:06:10.499] [info] [DRYRUN] measured_gimbal=(2.934,0.036,0.098) measured_world=(2.929,0.167,-0.110) tracked_world=(2.922,0.167,-0.110) target_gimbal_deg=(0.71,1.91) target_world_deg=(3.27,-2.15) gimbal_deg=(2.56,4.06) armor_y_px=505.5 pixel_error_deg=(0.03,-0.85) ballistic=(range=2.935m holdover=0.571m comp=10.80deg residual=-11.64deg) q_wxyz=(0.999124,0.000790,0.035408,-0.022299) cmd_deg=(3.26,-15.14) packed_pitch_deg=-15.14 control=true shoot=false
[DEBUG] armors=1, targets=1
[DEBUG] armors=1, targets=1
[DEBUG] armors=1, targets=1
[DEBUG] armors=1, targets=1
[DEBUG] armors=1, targets=1
[DEBUG] armors=1, targets=1
[DEBUG] armors=1, targets=1
[DEBUG] armors=1, targets=1
[DEBUG] armors=1, targets=1
[2026-09-05 13:06:10.640] [info] [SYNC][XUC] mode=0 yaw=-2.56 deg pitch=4.06 deg feeder_rpm=0.00 wheel0_rpm=0 wheel1_rpm=0 wheel_delta=0 projectile_speed=12.80
[DEBUG] armors=1, targets=1
[2026-09-05 13:06:10.657] [info] [PERF] 总耗时=16.5ms (检测=13.4ms, 跟踪=0.5ms), FPS=60.5
[2026-09-05 13:06:10.657] [info] 📊 [CAMERA FPS] 瞬时帧率=60.4fps, 平均帧率=64.3fps, 总帧数=1850, 运行时间=28.8s
[DEBUG] armors=1, targets=1
[DEBUG] armors=1, targets=1
[DEBUG] armors=1, targets=1
[DEBUG] armors=1, targets=1
[DEBUG] armors=1, targets=1
[DEBUG] armors=1, targets=1
[DEBUG] armors=1, targets=1
[DEBUG] armors=1, targets=1
[DEBUG] armors=1, targets=1
[DEBUG] armors=1, targets=1
[2026-09-05 13:06:10.809] [info] [DRYRUN] measured_gimbal=(2.917,0.036,0.098) measured_world=(2.913,0.166,-0.109) tracked_world=(2.921,0.167,-0.110) target_gimbal_deg=(0.70,1.92) target_world_deg=(3.26,-2.14) gimbal_deg=(2.56,4.06) armor_y_px=505.4 pixel_error_deg=(0.03,-0.85) ballistic=(range=2.918m holdover=0.566m comp=10.77deg residual=-11.62deg) q_wxyz=(0.999124,0.000790,0.035408,-0.022299) cmd_deg=(3.27,-15.12) packed_pitch_deg=-15.12 control=true shoot=false
[DEBUG] armors=1, targets=1
[DEBUG] armors=1, targets=1
[DEBUG] armors=1, targets=1
[DEBUG] armors=1, targets=1
[DEBUG] armors=1, targets=1
[DEBUG] armors=1, targets=1
[DEBUG] armors=1, targets=1
[DEBUG] armors=1, targets=1
[DEBUG] armors=1, targets=1
[DEBUG] armors=1, targets=1
[DEBUG] armors=1, targets=1
[DEBUG] armors=1, targets=1
[DEBUG] armors=1, targets=1
[DEBUG] armors=1, targets=1
[DEBUG] armors=1, targets=1
[DEBUG] armors=1, targets=1
[DEBUG] armors=1, targets=1
[DEBUG] armors=1, targets=1
[DEBUG] armors=1, targets=1
[DEBUG] armors=1, targets=1
[2026-09-05 13:06:11.121] [info] [DRYRUN] measured_gimbal=(2.917,0.036,0.098) measured_world=(2.912,0.166,-0.109) tracked_world=(2.917,0.166,-0.109) target_gimbal_deg=(0.70,1.92) target_world_deg=(3.26,-2.14) gimbal_deg=(2.56,4.06) armor_y_px=505.6 pixel_error_deg=(0.03,-0.84) ballistic=(range=2.917m holdover=0.566m comp=10.77deg residual=-11.61deg) q_wxyz=(0.999124,0.000790,0.035408,-0.022299) cmd_deg=(3.26,-15.11) packed_pitch_deg=-15.11 control=true shoot=false
[DEBUG] armors=1, targets=1
[DEBUG] armors=1, targets=1
[DEBUG] armors=1, targets=1
[DEBUG] armors=1, targets=1
[DEBUG] armors=1, targets=1
[DEBUG] armors=1, targets=1
[DEBUG] armors=1, targets=1
[DEBUG] armors=1, targets=1
[DEBUG] armors=1, targets=1
[DEBUG] armors=1, targets=1
[DEBUG] armors=1, targets=1
[DEBUG] armors=1, targets=1
[DEBUG] armors=1, targets=1
[DEBUG] armors=1, targets=1
[DEBUG] armors=1, targets=1
[DEBUG] armors=1, targets=1
[DEBUG] armors=1, targets=1
[DEBUG] armors=1, targets=1
[DEBUG] armors=1, targets=1
[2026-09-05 13:06:11.420] [info] [SYNC][XUC] mode=0 yaw=-2.56 deg pitch=4.06 deg feeder_rpm=0.00 wheel0_rpm=0 wheel1_rpm=0 wheel_delta=0 projectile_speed=12.80
[DEBUG] armors=1, targets=1
[2026-09-05 13:06:11.434] [info] [DRYRUN] measured_gimbal=(2.934,0.036,0.098) measured_world=(2.929,0.167,-0.110) tracked_world=(2.915,0.166,-0.109) target_gimbal_deg=(0.71,1.91) target_world_deg=(3.27,-2.15) gimbal_deg=(2.56,4.06) armor_y_px=505.5 pixel_error_deg=(0.03,-0.85) ballistic=(range=2.935m holdover=0.571m comp=10.80deg residual=-11.64deg) q_wxyz=(0.999124,0.000790,0.035408,-0.022299) cmd_deg=(3.26,-15.12) packed_pitch_deg=-15.12 control=true shoot=false
[2026-09-05 13:06:11.437] [info] [PERF] 总耗时=16.4ms (检测=13.6ms, 跟踪=0.5ms), FPS=60.8
[2026-09-05 13:06:11.437] [info] 📊 [CAMERA FPS] 瞬时帧率=60.7fps, 平均帧率=64.3fps, 总帧数=1900, 运行时间=29.5s
[DEBUG] armors=1, targets=1
[DEBUG] armors=1, targets=1
[DEBUG] armors=1, targets=1
[DEBUG] armors=1, targets=1
[DEBUG] armors=1, targets=1
[DEBUG] armors=1, targets=1
[DEBUG] armors=1, targets=1
[DEBUG] armors=1, targets=1
[DEBUG] armors=1, targets=1
[DEBUG] armors=1, targets=1
[DEBUG] armors=1, targets=1
[DEBUG] armors=1, targets=1
[DEBUG] armors=1, targets=1
[DEBUG] armors=1, targets=1
[DEBUG] armors=1, targets=1
[DEBUG] armors=1, targets=1
[DEBUG] armors=1, targets=1
[DEBUG] armors=1, targets=1
[DEBUG] armors=1, targets=1
[DEBUG] armors=1, targets=1
[2026-09-05 13:06:11.747] [info] [DRYRUN] measured_gimbal=(2.957,0.037,0.098) measured_world=(2.952,0.169,-0.111) tracked_world=(2.922,0.167,-0.110) target_gimbal_deg=(0.72,1.90) target_world_deg=(3.27,-2.16) gimbal_deg=(2.56,4.06) armor_y_px=505.5 pixel_error_deg=(0.03,-0.85) ballistic=(range=2.957m holdover=0.577m comp=10.83deg residual=-11.67deg) q_wxyz=(0.999124,0.000790,0.035408,-0.022299) cmd_deg=(3.27,-15.20) packed_pitch_deg=-15.20 control=true shoot=false
[DEBUG] armors=1, targets=1
[DEBUG] armors=1, targets=1
[DEBUG] armors=1, targets=1
[DEBUG] armors=1, targets=1
[DEBUG] armors=0, targets=1
[DEBUG] armors=1, targets=1
[DEBUG] armors=1, targets=1
[DEBUG] armors=1, targets=1
[DEBUG] armors=1, targets=1
[DEBUG] armors=1, targets=1
[DEBUG] armors=1, targets=1
[DEBUG] armors=1, targets=1
[DEBUG] armors=1, targets=1
[DEBUG] armors=1, targets=1
[DEBUG] armors=0, targets=1
[DEBUG] armors=1, targets=1
[DEBUG] armors=1, targets=1
[DEBUG] armors=1, targets=1
[DEBUG] armors=1, targets=1
[DEBUG] armors=1, targets=1
[2026-09-05 13:06:12.064] [info] [DRYRUN] measured_gimbal=(2.955,0.037,0.098) measured_world=(2.950,0.169,-0.111) tracked_world=(2.922,0.167,-0.110) target_gimbal_deg=(0.72,1.90) target_world_deg=(3.28,-2.16) gimbal_deg=(2.56,4.06) armor_y_px=505.5 pixel_error_deg=(0.02,-0.85) ballistic=(range=2.955m holdover=0.576m comp=10.83deg residual=-11.67deg) q_wxyz=(0.999124,0.000790,0.035408,-0.022299) cmd_deg=(3.26,-15.16) packed_pitch_deg=-15.16 control=true shoot=false
[DEBUG] armors=1, targets=1
[DEBUG] armors=1, targets=1
[DEBUG] armors=1, targets=1
[DEBUG] armors=1, targets=1
[DEBUG] armors=1, targets=1
[DEBUG] armors=1, targets=1
[DEBUG] armors=1, targets=1
[DEBUG] armors=1, targets=1
[DEBUG] armors=1, targets=1
[2026-09-05 13:06:12.203] [info] [SYNC][XUC] mode=0 yaw=-2.56 deg pitch=4.06 deg feeder_rpm=0.00 wheel0_rpm=0 wheel1_rpm=0 wheel_delta=0 projectile_speed=12.80
[DEBUG] armors=1, targets=1
[2026-09-05 13:06:12.219] [info] [PERF] 总耗时=15.6ms (检测=12.8ms, 跟踪=0.5ms), FPS=64.2
[2026-09-05 13:06:12.219] [info] 📊 [CAMERA FPS] 瞬时帧率=64.1fps, 平均帧率=64.3fps, 总帧数=1950, 运行时间=30.3s
[DEBUG] armors=1, targets=1
[DEBUG] armors=0, targets=1
[DEBUG] armors=1, targets=1
[DEBUG] armors=1, targets=1
[DEBUG] armors=0, targets=1
[DEBUG] armors=1, targets=1
[DEBUG] armors=1, targets=1
[DEBUG] armors=1, targets=1
[DEBUG] armors=1, targets=1
[DEBUG] armors=1, targets=1
[2026-09-05 13:06:12.367] [info] [DRYRUN] measured_gimbal=(2.952,0.037,0.098) measured_world=(2.947,0.169,-0.111) tracked_world=(2.929,0.167,-0.110) target_gimbal_deg=(0.72,1.90) target_world_deg=(3.27,-2.16) gimbal_deg=(2.56,4.06) armor_y_px=505.5 pixel_error_deg=(0.03,-0.85) ballistic=(range=2.953m holdover=0.576m comp=10.82deg residual=-11.67deg) q_wxyz=(0.999124,0.000790,0.035408,-0.022299) cmd_deg=(3.27,-15.19) packed_pitch_deg=-15.19 control=true shoot=false
[DEBUG] armors=1, targets=1
[DEBUG] armors=1, targets=1
[DEBUG] armors=1, targets=1
[DEBUG] armors=0, targets=1
[DEBUG] armors=1, targets=1
[DEBUG] armors=1, targets=1
[DEBUG] armors=1, targets=1
[DEBUG] armors=1, targets=1
[DEBUG] armors=1, targets=1
[DEBUG] armors=1, targets=1
[DEBUG] armors=0, targets=1
[DEBUG] armors=1, targets=1
[DEBUG] armors=1, targets=1
[DEBUG] armors=1, targets=1
[DEBUG] armors=1, targets=1
[DEBUG] armors=1, targets=1
[DEBUG] armors=1, targets=1
[DEBUG] armors=1, targets=1
[DEBUG] armors=1, targets=1
[DEBUG] armors=1, targets=1
[2026-09-05 13:06:12.671] [info] [DRYRUN] measured_gimbal=(2.951,0.037,0.098) measured_world=(2.946,0.168,-0.111) tracked_world=(2.933,0.167,-0.110) target_gimbal_deg=(0.71,1.90) target_world_deg=(3.27,-2.16) gimbal_deg=(2.56,4.06) armor_y_px=505.6 pixel_error_deg=(0.03,-0.84) ballistic=(range=2.951m holdover=0.575m comp=10.82deg residual=-11.66deg) q_wxyz=(0.999124,0.000790,0.035408,-0.022299) cmd_deg=(3.27,-15.18) packed_pitch_deg=-15.18 control=true shoot=false
[DEBUG] armors=1, targets=1
[DEBUG] armors=1, targets=1
[DEBUG] armors=0, targets=1
[DEBUG] armors=1, targets=1
[DEBUG] armors=1, targets=1
[DEBUG] armors=1, targets=1
[DEBUG] armors=1, targets=1
[DEBUG] armors=1, targets=1
[DEBUG] armors=1, targets=1
[DEBUG] armors=1, targets=1
[DEBUG] armors=1, targets=1
[DEBUG] armors=1, targets=1
[DEBUG] armors=1, targets=1
[DEBUG] armors=1, targets=1
[DEBUG] armors=1, targets=1
[DEBUG] armors=1, targets=1
[DEBUG] armors=1, targets=1
[DEBUG] armors=1, targets=1
[DEBUG] armors=1, targets=1
[2026-09-05 13:06:12.968] [info] [SYNC][XUC] mode=0 yaw=-2.56 deg pitch=4.06 deg feeder_rpm=-4.00 wheel0_rpm=0 wheel1_rpm=0 wheel_delta=0 projectile_speed=12.80
[DEBUG] armors=1, targets=1
[2026-09-05 13:06:12.981] [info] [DRYRUN] measured_gimbal=(2.934,0.036,0.098) measured_world=(2.929,0.167,-0.110) tracked_world=(2.926,0.167,-0.110) target_gimbal_deg=(0.71,1.91) target_world_deg=(3.26,-2.15) gimbal_deg=(2.56,4.06) armor_y_px=505.4 pixel_error_deg=(0.03,-0.85) ballistic=(range=2.934m holdover=0.571m comp=10.79deg residual=-11.64deg) q_wxyz=(0.999124,0.000790,0.035408,-0.022299) cmd_deg=(3.26,-15.14) packed_pitch_deg=-15.14 control=true shoot=false
[2026-09-05 13:06:12.983] [info] [PERF] 总耗时=15.6ms (检测=13.0ms, 跟踪=0.5ms), FPS=63.9
[2026-09-05 13:06:12.983] [info] 📊 [CAMERA FPS] 瞬时帧率=63.7fps, 平均帧率=64.3fps, 总帧数=2000, 运行时间=31.1s
[DEBUG] armors=1, targets=1
[DEBUG] armors=1, targets=1
[DEBUG] armors=1, targets=1
[DEBUG] armors=1, targets=1
[DEBUG] armors=1, targets=1
[DEBUG] armors=1, targets=1
[DEBUG] armors=1, targets=1
[DEBUG] armors=1, targets=1
[DEBUG] armors=1, targets=1
[DEBUG] armors=1, targets=1
[DEBUG] armors=1, targets=1
[DEBUG] armors=1, targets=1
[DEBUG] armors=1, targets=1
[DEBUG] armors=1, targets=1
[DEBUG] armors=1, targets=1
[DEBUG] armors=1, targets=1
[DEBUG] armors=1, targets=1
[DEBUG] armors=1, targets=1
[DEBUG] armors=1, targets=1
[DEBUG] armors=1, targets=1
[2026-09-05 13:06:13.287] [info] [DRYRUN] measured_gimbal=(2.919,0.036,0.098) measured_world=(2.914,0.166,-0.109) tracked_world=(2.924,0.167,-0.110) target_gimbal_deg=(0.71,1.92) target_world_deg=(3.26,-2.14) gimbal_deg=(2.56,4.06) armor_y_px=505.3 pixel_error_deg=(0.03,-0.85) ballistic=(range=2.920m holdover=0.567m comp=10.77deg residual=-11.62deg) q_wxyz=(0.999124,0.000790,0.035408,-0.022299) cmd_deg=(3.26,-15.13) packed_pitch_deg=-15.13 control=true shoot=false
[DEBUG] armors=1, targets=1
[DEBUG] armors=1, targets=1
[DEBUG] armors=1, targets=1
[DEBUG] armors=1, targets=1
[DEBUG] armors=1, targets=1
[DEBUG] armors=1, targets=1
[DEBUG] armors=0, targets=1
[DEBUG] armors=1, targets=1
[DEBUG] armors=1, targets=1
[DEBUG] armors=1, targets=1
[DEBUG] armors=1, targets=1
[DEBUG] armors=1, targets=1
[DEBUG] armors=1, targets=1
[DEBUG] armors=1, targets=1
[DEBUG] armors=1, targets=1
[DEBUG] armors=1, targets=1
[DEBUG] armors=1, targets=1
[DEBUG] armors=1, targets=1
[DEBUG] armors=1, targets=1
[DEBUG] armors=1, targets=1
[2026-09-05 13:06:13.592] [info] [DRYRUN] measured_gimbal=(2.932,0.036,0.098) measured_world=(2.927,0.167,-0.110) tracked_world=(2.930,0.167,-0.110) target_gimbal_deg=(0.71,1.92) target_world_deg=(3.26,-2.14) gimbal_deg=(2.56,4.06) armor_y_px=505.3 pixel_error_deg=(0.03,-0.85) ballistic=(range=2.932m holdover=0.570m comp=10.79deg residual=-11.64deg) q_wxyz=(0.999124,0.000790,0.035408,-0.022299) cmd_deg=(3.28,-15.18) packed_pitch_deg=-15.18 control=true shoot=false
[DEBUG] armors=1, targets=1
[DEBUG] armors=1, targets=1
[DEBUG] armors=1, targets=1
[DEBUG] armors=1, targets=1
[DEBUG] armors=1, targets=1
[DEBUG] armors=1, targets=1
[DEBUG] armors=1, targets=1
[DEBUG] armors=1, targets=1
[DEBUG] armors=1, targets=1
[2026-09-05 13:06:13.733] [info] [SYNC][XUC] mode=0 yaw=-2.56 deg pitch=4.06 deg feeder_rpm=0.00 wheel0_rpm=0 wheel1_rpm=0 wheel_delta=0 projectile_speed=12.80
[DEBUG] armors=1, targets=1
[2026-09-05 13:06:13.748] [info] [PERF] 总耗时=15.4ms (检测=12.5ms, 跟踪=0.5ms), FPS=64.9
[2026-09-05 13:06:13.748] [info] 📊 [CAMERA FPS] 瞬时帧率=64.8fps, 平均帧率=64.4fps, 总帧数=2050, 运行时间=31.9s
[DEBUG] armors=1, targets=1
[DEBUG] armors=1, targets=1
[DEBUG] armors=1, targets=1
[DEBUG] armors=1, targets=1
[DEBUG] armors=1, targets=1
[DEBUG] armors=1, targets=1
[DEBUG] armors=1, targets=1
[DEBUG] armors=1, targets=1
[DEBUG] armors=1, targets=1
[DEBUG] armors=1, targets=1
[2026-09-05 13:06:13.898] [info] [DRYRUN] measured_gimbal=(2.932,0.036,0.098) measured_world=(2.927,0.167,-0.110) tracked_world=(2.934,0.168,-0.110) target_gimbal_deg=(0.70,1.91) target_world_deg=(3.26,-2.15) gimbal_deg=(2.56,4.06) armor_y_px=505.4 pixel_error_deg=(0.03,-0.85) ballistic=(range=2.932m holdover=0.570m comp=10.79deg residual=-11.64deg) q_wxyz=(0.999124,0.000790,0.035408,-0.022299) cmd_deg=(3.28,-15.16) packed_pitch_deg=-15.16 control=true shoot=false
[DEBUG] armors=1, targets=1
[DEBUG] armors=1, targets=1
[DEBUG] armors=1, targets=1
[DEBUG] armors=1, targets=1
[DEBUG] armors=1, targets=1
[DEBUG] armors=1, targets=1
[DEBUG] armors=1, targets=1
[DEBUG] armors=1, targets=1
[DEBUG] armors=1, targets=1
[DEBUG] armors=1, targets=1
[DEBUG] armors=1, targets=1
[DEBUG] armors=1, targets=1
[DEBUG] armors=1, targets=1
[DEBUG] armors=1, targets=1
[DEBUG] armors=1, targets=1
[DEBUG] armors=1, targets=1
[DEBUG] armors=1, targets=1
[DEBUG] armors=1, targets=1
[DEBUG] armors=1, targets=1
[DEBUG] armors=1, targets=1
[2026-09-05 13:06:14.209] [info] [DRYRUN] measured_gimbal=(2.952,0.037,0.098) measured_world=(2.946,0.168,-0.111) tracked_world=(2.933,0.167,-0.110) target_gimbal_deg=(0.72,1.91) target_world_deg=(3.27,-2.15) gimbal_deg=(2.56,4.06) armor_y_px=505.4 pixel_error_deg=(0.03,-0.85) ballistic=(range=2.952m holdover=0.576m comp=10.82deg residual=-11.67deg) q_wxyz=(0.999124,0.000790,0.035408,-0.022299) cmd_deg=(3.26,-15.16) packed_pitch_deg=-15.16 control=true shoot=false
[DEBUG] armors=1, targets=1
[DEBUG] armors=1, targets=1
[DEBUG] armors=1, targets=1
[DEBUG] armors=1, targets=1
[DEBUG] armors=1, targets=1
[DEBUG] armors=1, targets=1
[DEBUG] armors=1, targets=1
[DEBUG] armors=1, targets=1
[DEBUG] armors=1, targets=1
[DEBUG] armors=1, targets=1
[DEBUG] armors=1, targets=1
[DEBUG] armors=1, targets=1
[DEBUG] armors=1, targets=1
[DEBUG] armors=1, targets=1
[DEBUG] armors=1, targets=1
[DEBUG] armors=1, targets=1
[DEBUG] armors=1, targets=1
[DEBUG] armors=1, targets=1
[DEBUG] armors=1, targets=1
[2026-09-05 13:06:14.498] [info] [SYNC][XUC] mode=0 yaw=-2.56 deg pitch=4.06 deg feeder_rpm=0.00 wheel0_rpm=0 wheel1_rpm=0 wheel_delta=0 projectile_speed=12.80
[DEBUG] armors=1, targets=1
[2026-09-05 13:06:14.511] [info] [DRYRUN] measured_gimbal=(2.934,0.036,0.098) measured_world=(2.929,0.167,-0.110) tracked_world=(2.937,0.168,-0.110) target_gimbal_deg=(0.71,1.91) target_world_deg=(3.26,-2.15) gimbal_deg=(2.56,4.06) armor_y_px=505.4 pixel_error_deg=(0.03,-0.85) ballistic=(range=2.934m holdover=0.571m comp=10.79deg residual=-11.64deg) q_wxyz=(0.999124,0.000790,0.035408,-0.022299) cmd_deg=(3.27,-15.16) packed_pitch_deg=-15.16 control=true shoot=false
[2026-09-05 13:06:14.513] [info] [PERF] 总耗时=15.1ms (检测=12.1ms, 跟踪=0.5ms), FPS=66.3
[2026-09-05 13:06:14.513] [info] 📊 [CAMERA FPS] 瞬时帧率=66.2fps, 平均帧率=64.4fps, 总帧数=2100, 运行时间=32.6s
[DEBUG] armors=1, targets=1
[DEBUG] armors=1, targets=1
[DEBUG] armors=1, targets=1
[DEBUG] armors=1, targets=1
[DEBUG] armors=1, targets=1
[DEBUG] armors=1, targets=1
[DEBUG] armors=1, targets=1
[DEBUG] armors=1, targets=1
[DEBUG] armors=1, targets=1
[DEBUG] armors=1, targets=1
[DEBUG] armors=1, targets=1
[DEBUG] armors=1, targets=1
[DEBUG] armors=1, targets=1
[DEBUG] armors=1, targets=1
[DEBUG] armors=1, targets=1
[DEBUG] armors=1, targets=1
[DEBUG] armors=1, targets=1
[DEBUG] armors=1, targets=1
[DEBUG] armors=1, targets=1
[DEBUG] armors=1, targets=1
[2026-09-05 13:06:14.820] [info] [DRYRUN] measured_gimbal=(2.919,0.036,0.098) measured_world=(2.914,0.166,-0.109) tracked_world=(2.933,0.168,-0.110) target_gimbal_deg=(0.71,1.92) target_world_deg=(3.26,-2.14) gimbal_deg=(2.56,4.06) armor_y_px=505.3 pixel_error_deg=(0.03,-0.85) ballistic=(range=2.919m holdover=0.567m comp=10.77deg residual=-11.62deg) q_wxyz=(0.999124,0.000790,0.035408,-0.022299) cmd_deg=(3.27,-15.13) packed_pitch_deg=-15.13 control=true shoot=false
[DEBUG] armors=1, targets=1
[DEBUG] armors=1, targets=1
[DEBUG] armors=1, targets=1
[DEBUG] armors=1, targets=1
[DEBUG] armors=1, targets=1
[DEBUG] armors=1, targets=1
[DEBUG] armors=1, targets=1
[DEBUG] armors=1, targets=1
[DEBUG] armors=1, targets=1
[DEBUG] armors=1, targets=1
[DEBUG] armors=1, targets=1
[DEBUG] armors=1, targets=1
[DEBUG] armors=1, targets=1
[DEBUG] armors=1, targets=1
[DEBUG] armors=1, targets=1
[DEBUG] armors=1, targets=1
[DEBUG] armors=1, targets=1
[DEBUG] armors=1, targets=1
[DEBUG] armors=1, targets=1
[DEBUG] armors=1, targets=1
[2026-09-05 13:06:15.130] [info] [DRYRUN] measured_gimbal=(2.931,0.036,0.098) measured_world=(2.926,0.167,-0.110) tracked_world=(2.933,0.167,-0.110) target_gimbal_deg=(0.71,1.91) target_world_deg=(3.27,-2.15) gimbal_deg=(2.56,4.06) armor_y_px=505.4 pixel_error_deg=(0.03,-0.85) ballistic=(range=2.931m holdover=0.570m comp=10.79deg residual=-11.64deg) q_wxyz=(0.999124,0.000790,0.035408,-0.022299) cmd_deg=(3.27,-15.17) packed_pitch_deg=-15.17 control=true shoot=false
[DEBUG] armors=1, targets=1
[DEBUG] armors=1, targets=1
[DEBUG] armors=1, targets=1
[DEBUG] armors=0, targets=1
[DEBUG] armors=1, targets=1
[DEBUG] armors=1, targets=1
[DEBUG] armors=1, targets=1
[DEBUG] armors=1, targets=1
[DEBUG] armors=1, targets=1
[2026-09-05 13:06:15.271] [info] [SYNC][XUC] mode=0 yaw=-2.56 deg pitch=4.06 deg feeder_rpm=-8.00 wheel0_rpm=0 wheel1_rpm=0 wheel_delta=0 projectile_speed=12.80
[DEBUG] armors=1, targets=1
[2026-09-05 13:06:15.286] [info] [PERF] 总耗时=15.3ms (检测=12.3ms, 跟踪=0.5ms), FPS=65.4
[2026-09-05 13:06:15.286] [info] 📊 [CAMERA FPS] 瞬时帧率=65.2fps, 平均帧率=64.4fps, 总帧数=2150, 运行时间=33.4s
[DEBUG] armors=1, targets=1
[DEBUG] armors=1, targets=1
[DEBUG] armors=1, targets=1
[DEBUG] armors=1, targets=1
[DEBUG] armors=1, targets=1
[DEBUG] armors=1, targets=1
[DEBUG] armors=1, targets=1
[DEBUG] armors=1, targets=1
[DEBUG] armors=1, targets=1
[DEBUG] armors=1, targets=1
[2026-09-05 13:06:15.437] [info] [DRYRUN] measured_gimbal=(2.956,0.037,0.098) measured_world=(2.951,0.169,-0.111) tracked_world=(2.935,0.168,-0.110) target_gimbal_deg=(0.72,1.91) target_world_deg=(3.28,-2.15) gimbal_deg=(2.56,4.06) armor_y_px=505.3 pixel_error_deg=(0.02,-0.85) ballistic=(range=2.957m holdover=0.577m comp=10.83deg residual=-11.68deg) q_wxyz=(0.999124,0.000790,0.035408,-0.022299) cmd_deg=(3.27,-15.17) packed_pitch_deg=-15.17 control=true shoot=false
[DEBUG] armors=1, targets=1
[DEBUG] armors=1, targets=1
[DEBUG] armors=1, targets=1
[DEBUG] armors=1, targets=1
[DEBUG] armors=1, targets=1
[DEBUG] armors=1, targets=1
[DEBUG] armors=1, targets=1
[DEBUG] armors=0, targets=1
[DEBUG] armors=1, targets=1
[DEBUG] armors=1, targets=1
[DEBUG] armors=1, targets=1
[DEBUG] armors=1, targets=1
[DEBUG] armors=1, targets=1
[DEBUG] armors=1, targets=1
[DEBUG] armors=1, targets=1
[DEBUG] armors=1, targets=1
[DEBUG] armors=1, targets=1
[DEBUG] armors=1, targets=1
[DEBUG] armors=1, targets=1
[DEBUG] armors=1, targets=1
[2026-09-05 13:06:15.743] [info] [DRYRUN] measured_gimbal=(2.926,0.036,0.098) measured_world=(2.921,0.167,-0.110) tracked_world=(2.935,0.168,-0.110) target_gimbal_deg=(0.71,1.92) target_world_deg=(3.27,-2.14) gimbal_deg=(2.56,4.06) armor_y_px=505.4 pixel_error_deg=(0.03,-0.85) ballistic=(range=2.926m holdover=0.569m comp=10.78deg residual=-11.63deg) q_wxyz=(0.999124,0.000790,0.035408,-0.022299) cmd_deg=(3.27,-15.15) packed_pitch_deg=-15.15 control=true shoot=false
[DEBUG] armors=1, targets=1
[DEBUG] armors=1, targets=1
[DEBUG] armors=1, targets=1
[DEBUG] armors=1, targets=1
[DEBUG] armors=1, targets=1
[DEBUG] armors=1, targets=1
[DEBUG] armors=1, targets=1
[DEBUG] armors=1, targets=1
[DEBUG] armors=1, targets=1
[DEBUG] armors=1, targets=1
[DEBUG] armors=1, targets=1
[DEBUG] armors=1, targets=1
[DEBUG] armors=1, targets=1
[DEBUG] armors=1, targets=1
[DEBUG] armors=1, targets=1
[DEBUG] armors=1, targets=1
[DEBUG] armors=1, targets=1
[DEBUG] armors=1, targets=1
[DEBUG] armors=1, targets=1
[2026-09-05 13:06:16.039] [info] [SYNC][XUC] mode=0 yaw=-2.56 deg pitch=4.06 deg feeder_rpm=0.00 wheel0_rpm=0 wheel1_rpm=0 wheel_delta=0 projectile_speed=12.80
[DEBUG] armors=1, targets=1
[2026-09-05 13:06:16.052] [info] [DRYRUN] measured_gimbal=(2.919,0.036,0.098) measured_world=(2.914,0.166,-0.109) tracked_world=(2.931,0.167,-0.110) target_gimbal_deg=(0.71,1.92) target_world_deg=(3.26,-2.14) gimbal_deg=(2.56,4.06) armor_y_px=505.3 pixel_error_deg=(0.03,-0.85) ballistic=(range=2.919m holdover=0.567m comp=10.77deg residual=-11.62deg) q_wxyz=(0.999124,0.000790,0.035408,-0.022299) cmd_deg=(3.26,-15.12) packed_pitch_deg=-15.12 control=true shoot=false
[2026-09-05 13:06:16.055] [info] [PERF] 总耗时=15.2ms (检测=12.5ms, 跟踪=0.5ms), FPS=65.7
[2026-09-05 13:06:16.055] [info] 📊 [CAMERA FPS] 瞬时帧率=65.6fps, 平均帧率=64.4fps, 总帧数=2200, 运行时间=34.2s
[DEBUG] armors=1, targets=1
[DEBUG] armors=1, targets=1
[DEBUG] armors=1, targets=1
[DEBUG] armors=1, targets=1
[DEBUG] armors=1, targets=1
[DEBUG] armors=1, targets=1
[DEBUG] armors=1, targets=1
[DEBUG] armors=1, targets=1
[DEBUG] armors=1, targets=1
[DEBUG] armors=1, targets=1
[DEBUG] armors=1, targets=1
[DEBUG] armors=1, targets=1
[DEBUG] armors=1, targets=1
[DEBUG] armors=1, targets=1
[DEBUG] armors=1, targets=1
[DEBUG] armors=1, targets=1
[DEBUG] armors=1, targets=1
[DEBUG] armors=1, targets=1
[DEBUG] armors=1, targets=1
[DEBUG] armors=1, targets=1
[2026-09-05 13:06:16.359] [info] [DRYRUN] measured_gimbal=(2.937,0.037,0.098) measured_world=(2.932,0.168,-0.110) tracked_world=(2.926,0.167,-0.110) target_gimbal_deg=(0.71,1.91) target_world_deg=(3.27,-2.15) gimbal_deg=(2.56,4.06) armor_y_px=505.5 pixel_error_deg=(0.03,-0.85) ballistic=(range=2.937m holdover=0.572m comp=10.80deg residual=-11.65deg) q_wxyz=(0.999124,0.000790,0.035408,-0.022299) cmd_deg=(3.26,-15.13) packed_pitch_deg=-15.13 control=true shoot=false
[DEBUG] armors=1, targets=1
[DEBUG] armors=1, targets=1
[DEBUG] armors=1, targets=1
[DEBUG] armors=1, targets=1
[DEBUG] armors=1, targets=1
[DEBUG] armors=1, targets=1
[DEBUG] armors=1, targets=1
[DEBUG] armors=1, targets=1
[DEBUG] armors=1, targets=1
[DEBUG] armors=1, targets=1
[DEBUG] armors=1, targets=1
[DEBUG] armors=1, targets=1
[DEBUG] armors=1, targets=1
[DEBUG] armors=1, targets=1
[DEBUG] armors=1, targets=1
[DEBUG] armors=1, targets=1
[DEBUG] armors=1, targets=1
[DEBUG] armors=1, targets=1
[DEBUG] armors=1, targets=1
[DEBUG] armors=1, targets=1
[2026-09-05 13:06:16.675] [info] [DRYRUN] measured_gimbal=(2.935,0.036,0.098) measured_world=(2.930,0.167,-0.110) tracked_world=(2.923,0.167,-0.110) target_gimbal_deg=(0.71,1.91) target_world_deg=(3.26,-2.15) gimbal_deg=(2.56,4.06) armor_y_px=505.4 pixel_error_deg=(0.03,-0.85) ballistic=(range=2.936m holdover=0.571m comp=10.80deg residual=-11.64deg) q_wxyz=(0.999124,0.000790,0.035408,-0.022299) cmd_deg=(3.27,-15.14) packed_pitch_deg=-15.14 control=true shoot=false
[DEBUG] armors=1, targets=1
[DEBUG] armors=1, targets=1
[DEBUG] armors=1, targets=1
[DEBUG] armors=1, targets=1
[DEBUG] armors=1, targets=1
[DEBUG] armors=1, targets=1
[DEBUG] armors=1, targets=1
[DEBUG] armors=1, targets=1
[DEBUG] armors=1, targets=1
[2026-09-05 13:06:16.817] [info] [SYNC][XUC] mode=0 yaw=-2.56 deg pitch=4.06 deg feeder_rpm=-4.00 wheel0_rpm=0 wheel1_rpm=0 wheel_delta=0 projectile_speed=12.80
[DEBUG] armors=1, targets=1
[2026-09-05 13:06:16.833] [info] [PERF] 总耗时=15.8ms (检测=12.9ms, 跟踪=0.5ms), FPS=63.5
[2026-09-05 13:06:16.833] [info] 📊 [CAMERA FPS] 瞬时帧率=63.3fps, 平均帧率=64.4fps, 总帧数=2250, 运行时间=34.9s
[DEBUG] armors=1, targets=1
[DEBUG] armors=1, targets=1
[DEBUG] armors=1, targets=1
[DEBUG] armors=1, targets=1
[DEBUG] armors=1, targets=1
[DEBUG] armors=1, targets=1
[DEBUG] armors=1, targets=1
[DEBUG] armors=1, targets=1
[DEBUG] armors=1, targets=1
[DEBUG] armors=1, targets=1
[2026-09-05 13:06:16.984] [info] [DRYRUN] measured_gimbal=(2.953,0.037,0.098) measured_world=(2.948,0.168,-0.111) tracked_world=(2.921,0.167,-0.110) target_gimbal_deg=(0.71,1.91) target_world_deg=(3.27,-2.15) gimbal_deg=(2.56,4.06) armor_y_px=505.4 pixel_error_deg=(0.03,-0.85) ballistic=(range=2.953m holdover=0.576m comp=10.82deg residual=-11.67deg) q_wxyz=(0.999124,0.000790,0.035408,-0.022299) cmd_deg=(3.26,-15.16) packed_pitch_deg=-15.16 control=true shoot=false
[DEBUG] armors=1, targets=1
[DEBUG] armors=1, targets=1
[DEBUG] armors=1, targets=1
[DEBUG] armors=1, targets=1
[DEBUG] armors=1, targets=1
[DEBUG] armors=1, targets=1
[DEBUG] armors=1, targets=1
[DEBUG] armors=1, targets=1
[DEBUG] armors=1, targets=1
[DEBUG] armors=1, targets=1
[DEBUG] armors=1, targets=1
[DEBUG] armors=1, targets=1
[DEBUG] armors=1, targets=1
[DEBUG] armors=1, targets=1
[DEBUG] armors=1, targets=1
[DEBUG] armors=1, targets=1
[DEBUG] armors=1, targets=1
[DEBUG] armors=1, targets=1
[DEBUG] armors=1, targets=1
[DEBUG] armors=1, targets=1
[2026-09-05 13:06:17.292] [info] [DRYRUN] measured_gimbal=(2.937,0.036,0.098) measured_world=(2.932,0.167,-0.110) tracked_world=(2.921,0.167,-0.110) target_gimbal_deg=(0.71,1.91) target_world_deg=(3.27,-2.15) gimbal_deg=(2.56,4.06) armor_y_px=505.4 pixel_error_deg=(0.03,-0.85) ballistic=(range=2.937m holdover=0.572m comp=10.80deg residual=-11.65deg) q_wxyz=(0.999124,0.000790,0.035408,-0.022299) cmd_deg=(3.26,-15.14) packed_pitch_deg=-15.14 control=true shoot=false
[DEBUG] armors=1, targets=1
[DEBUG] armors=1, targets=1
[DEBUG] armors=1, targets=1
[DEBUG] armors=1, targets=1
[DEBUG] armors=1, targets=1
[DEBUG] armors=1, targets=1
[DEBUG] armors=1, targets=1
[DEBUG] armors=1, targets=1
[DEBUG] armors=1, targets=1
[DEBUG] armors=1, targets=1
[DEBUG] armors=1, targets=1
[DEBUG] armors=1, targets=1
[DEBUG] armors=1, targets=1
[DEBUG] armors=1, targets=1
[DEBUG] armors=1, targets=1
[DEBUG] armors=1, targets=1
[DEBUG] armors=1, targets=1
[DEBUG] armors=1, targets=1
[DEBUG] armors=1, targets=1
[2026-09-05 13:06:17.587] [info] [SYNC][XUC] mode=0 yaw=-2.56 deg pitch=4.06 deg feeder_rpm=0.00 wheel0_rpm=0 wheel1_rpm=0 wheel_delta=0 projectile_speed=12.80
[DEBUG] armors=1, targets=1
[2026-09-05 13:06:17.600] [info] [DRYRUN] measured_gimbal=(2.937,0.036,0.098) measured_world=(2.932,0.167,-0.110) tracked_world=(2.923,0.167,-0.110) target_gimbal_deg=(0.71,1.91) target_world_deg=(3.27,-2.15) gimbal_deg=(2.56,4.06) armor_y_px=505.4 pixel_error_deg=(0.03,-0.85) ballistic=(range=2.937m holdover=0.572m comp=10.80deg residual=-11.65deg) q_wxyz=(0.999124,0.000790,0.035408,-0.022299) cmd_deg=(3.27,-15.15) packed_pitch_deg=-15.15 control=true shoot=false
[2026-09-05 13:06:17.603] [info] [PERF] 总耗时=15.2ms (检测=12.3ms, 跟踪=0.4ms), FPS=65.9
[2026-09-05 13:06:17.603] [info] 📊 [CAMERA FPS] 瞬时帧率=65.7fps, 平均帧率=64.4fps, 总帧数=2300, 运行时间=35.7s
[DEBUG] armors=1, targets=1
[DEBUG] armors=1, targets=1
[DEBUG] armors=1, targets=1
[DEBUG] armors=1, targets=1
[DEBUG] armors=1, targets=1
[DEBUG] armors=1, targets=1
[DEBUG] armors=1, targets=1
[DEBUG] armors=1, targets=1
[DEBUG] armors=1, targets=1
[DEBUG] armors=1, targets=1
[DEBUG] armors=1, targets=1
[DEBUG] armors=1, targets=1
[DEBUG] armors=1, targets=1
[DEBUG] armors=1, targets=1
[DEBUG] armors=1, targets=1
[DEBUG] armors=1, targets=1
[DEBUG] armors=1, targets=1
[DEBUG] armors=1, targets=1
[DEBUG] armors=1, targets=1
[DEBUG] armors=1, targets=1
[2026-09-05 13:06:17.908] [info] [DRYRUN] measured_gimbal=(2.928,0.036,0.098) measured_world=(2.923,0.167,-0.110) tracked_world=(2.921,0.167,-0.110) target_gimbal_deg=(0.70,1.92) target_world_deg=(3.26,-2.14) gimbal_deg=(2.56,4.06) armor_y_px=505.3 pixel_error_deg=(0.03,-0.85) ballistic=(range=2.929m holdover=0.569m comp=10.79deg residual=-11.64deg) q_wxyz=(0.999124,0.000790,0.035408,-0.022299) cmd_deg=(3.27,-15.13) packed_pitch_deg=-15.13 control=true shoot=false
[DEBUG] armors=1, targets=1
[DEBUG] armors=1, targets=1
[DEBUG] armors=1, targets=1
[DEBUG] armors=1, targets=1
[DEBUG] armors=1, targets=1
[DEBUG] armors=1, targets=1
[DEBUG] armors=1, targets=1
[DEBUG] armors=1, targets=1
[DEBUG] armors=1, targets=1
[DEBUG] armors=1, targets=1
[DEBUG] armors=1, targets=1
[DEBUG] armors=1, targets=1
[DEBUG] armors=1, targets=1
[DEBUG] armors=1, targets=1
[DEBUG] armors=1, targets=1
[DEBUG] armors=1, targets=1
[DEBUG] armors=1, targets=1
[DEBUG] armors=1, targets=1
[DEBUG] armors=1, targets=1
[DEBUG] armors=1, targets=1
[2026-09-05 13:06:18.211] [info] [DRYRUN] measured_gimbal=(2.919,0.036,0.098) measured_world=(2.914,0.166,-0.109) tracked_world=(2.918,0.166,-0.109) target_gimbal_deg=(0.71,1.92) target_world_deg=(3.26,-2.14) gimbal_deg=(2.56,4.06) armor_y_px=505.3 pixel_error_deg=(0.03,-0.85) ballistic=(range=2.920m holdover=0.567m comp=10.77deg residual=-11.62deg) q_wxyz=(0.999124,0.000790,0.035408,-0.022299) cmd_deg=(3.26,-15.11) packed_pitch_deg=-15.11 control=true shoot=false
[DEBUG] armors=1, targets=1
[DEBUG] armors=1, targets=1
[DEBUG] armors=1, targets=1
[DEBUG] armors=1, targets=1
[DEBUG] armors=1, targets=1
[DEBUG] armors=1, targets=1
[DEBUG] armors=1, targets=1
[DEBUG] armors=1, targets=1
[DEBUG] armors=1, targets=1
[2026-09-05 13:06:18.353] [info] [SYNC][XUC] mode=0 yaw=-2.56 deg pitch=4.06 deg feeder_rpm=3.00 wheel0_rpm=0 wheel1_rpm=0 wheel_delta=0 projectile_speed=12.80
[DEBUG] armors=1, targets=1
[2026-09-05 13:06:18.368] [info] [PERF] 总耗时=14.9ms (检测=12.1ms, 跟踪=0.5ms), FPS=67.1
[2026-09-05 13:06:18.368] [info] 📊 [CAMERA FPS] 瞬时帧率=66.9fps, 平均帧率=64.4fps, 总帧数=2350, 运行时间=36.5s
[DEBUG] armors=1, targets=1
[DEBUG] armors=1, targets=1
[DEBUG] armors=1, targets=1
[DEBUG] armors=1, targets=1
[DEBUG] armors=1, targets=1
[DEBUG] armors=1, targets=1
[DEBUG] armors=1, targets=1
[DEBUG] armors=1, targets=1
[DEBUG] armors=1, targets=1
[DEBUG] armors=1, targets=1
[2026-09-05 13:06:18.516] [info] [DRYRUN] measured_gimbal=(2.906,0.036,0.098) measured_world=(2.901,0.165,-0.108) tracked_world=(2.924,0.167,-0.110) target_gimbal_deg=(0.70,1.93) target_world_deg=(3.26,-2.13) gimbal_deg=(2.56,4.06) armor_y_px=505.4 pixel_error_deg=(0.03,-0.85) ballistic=(range=2.906m holdover=0.563m comp=10.75deg residual=-11.60deg) q_wxyz=(0.999124,0.000790,0.035408,-0.022299) cmd_deg=(3.28,-15.13) packed_pitch_deg=-15.13 control=true shoot=false
[DEBUG] armors=1, targets=1
[DEBUG] armors=1, targets=1
[DEBUG] armors=1, targets=1
[DEBUG] armors=1, targets=1
[DEBUG] armors=1, targets=1
[DEBUG] armors=1, targets=1
[DEBUG] armors=1, targets=1
[DEBUG] armors=1, targets=1
[DEBUG] armors=1, targets=1
[DEBUG] armors=1, targets=1
[DEBUG] armors=1, targets=1
[DEBUG] armors=1, targets=1
[DEBUG] armors=1, targets=1
[DEBUG] armors=1, targets=1
[DEBUG] armors=1, targets=1
[DEBUG] armors=1, targets=1
[DEBUG] armors=1, targets=1
[DEBUG] armors=1, targets=1
[DEBUG] armors=1, targets=1
[DEBUG] armors=1, targets=1
[2026-09-05 13:06:18.821] [info] [DRYRUN] measured_gimbal=(2.915,0.036,0.098) measured_world=(2.910,0.166,-0.109) tracked_world=(2.922,0.167,-0.110) target_gimbal_deg=(0.71,1.92) target_world_deg=(3.26,-2.14) gimbal_deg=(2.56,4.06) armor_y_px=505.3 pixel_error_deg=(0.03,-0.85) ballistic=(range=2.915m holdover=0.566m comp=10.77deg residual=-11.62deg) q_wxyz=(0.999124,0.000790,0.035408,-0.022299) cmd_deg=(3.26,-15.12) packed_pitch_deg=-15.12 control=true shoot=false
[DEBUG] armors=1, targets=1
[DEBUG] armors=1, targets=1
[DEBUG] armors=1, targets=1
[DEBUG] armors=1, targets=1
[DEBUG] armors=1, targets=1
[DEBUG] armors=1, targets=1
[DEBUG] armors=1, targets=1
[DEBUG] armors=1, targets=1
[DEBUG] armors=1, targets=1
[DEBUG] armors=1, targets=1
[DEBUG] armors=1, targets=1
[DEBUG] armors=1, targets=1
[DEBUG] armors=1, targets=1
[DEBUG] armors=1, targets=1
[DEBUG] armors=1, targets=1
[DEBUG] armors=1, targets=1
[DEBUG] armors=1, targets=1
[DEBUG] armors=1, targets=1
[DEBUG] armors=1, targets=1
[2026-09-05 13:06:19.116] [info] [SYNC][XUC] mode=0 yaw=-2.56 deg pitch=4.06 deg feeder_rpm=0.00 wheel0_rpm=0 wheel1_rpm=0 wheel_delta=0 projectile_speed=12.80
[DEBUG] armors=1, targets=1
[2026-09-05 13:06:19.129] [info] [DRYRUN] measured_gimbal=(2.919,0.036,0.098) measured_world=(2.914,0.166,-0.109) tracked_world=(2.927,0.167,-0.110) target_gimbal_deg=(0.71,1.92) target_world_deg=(3.26,-2.14) gimbal_deg=(2.56,4.06) armor_y_px=505.3 pixel_error_deg=(0.03,-0.85) ballistic=(range=2.919m holdover=0.567m comp=10.77deg residual=-11.62deg) q_wxyz=(0.999124,0.000790,0.035408,-0.022299) cmd_deg=(3.27,-15.13) packed_pitch_deg=-15.13 control=true shoot=false
[2026-09-05 13:06:19.131] [info] [PERF] 总耗时=14.6ms (检测=11.9ms, 跟踪=0.5ms), FPS=68.4
[2026-09-05 13:06:19.131] [info] 📊 [CAMERA FPS] 瞬时帧率=68.3fps, 平均帧率=64.5fps, 总帧数=2400, 运行时间=37.2s
[DEBUG] armors=1, targets=1
[DEBUG] armors=1, targets=1
[DEBUG] armors=1, targets=1
[DEBUG] armors=1, targets=1
[DEBUG] armors=1, targets=1
[DEBUG] armors=1, targets=1
[DEBUG] armors=1, targets=1
[DEBUG] armors=1, targets=1
[DEBUG] armors=1, targets=1
[DEBUG] armors=1, targets=1
[DEBUG] armors=1, targets=1
[DEBUG] armors=1, targets=1
[DEBUG] armors=1, targets=1
[DEBUG] armors=1, targets=1
[DEBUG] armors=1, targets=1
[DEBUG] armors=1, targets=1
[DEBUG] armors=1, targets=1
[DEBUG] armors=1, targets=1
[DEBUG] armors=1, targets=1
[DEBUG] armors=1, targets=1
[2026-09-05 13:06:19.435] [info] [DRYRUN] measured_gimbal=(2.937,0.036,0.098) measured_world=(2.932,0.167,-0.110) tracked_world=(2.929,0.167,-0.110) target_gimbal_deg=(0.71,1.91) target_world_deg=(3.27,-2.15) gimbal_deg=(2.56,4.06) armor_y_px=505.4 pixel_error_deg=(0.03,-0.85) ballistic=(range=2.937m holdover=0.572m comp=10.80deg residual=-11.65deg) q_wxyz=(0.999124,0.000790,0.035408,-0.022299) cmd_deg=(3.27,-15.15) packed_pitch_deg=-15.15 control=true shoot=false
[DEBUG] armors=1, targets=1
[DEBUG] armors=1, targets=1
[DEBUG] armors=1, targets=1
[DEBUG] armors=1, targets=1
[DEBUG] armors=1, targets=1
[DEBUG] armors=1, targets=1
[DEBUG] armors=1, targets=1
[DEBUG] armors=1, targets=1
[DEBUG] armors=1, targets=1
[DEBUG] armors=1, targets=1
[DEBUG] armors=1, targets=1
[DEBUG] armors=1, targets=1
[DEBUG] armors=1, targets=1
[DEBUG] armors=1, targets=1
[DEBUG] armors=1, targets=1
[DEBUG] armors=1, targets=1
[DEBUG] armors=1, targets=1
[DEBUG] armors=1, targets=1
[DEBUG] armors=1, targets=1
[DEBUG] armors=1, targets=1
[2026-09-05 13:06:19.743] [info] [DRYRUN] measured_gimbal=(2.947,0.037,0.098) measured_world=(2.941,0.168,-0.111) tracked_world=(2.931,0.167,-0.110) target_gimbal_deg=(0.71,1.91) target_world_deg=(3.27,-2.15) gimbal_deg=(2.56,4.06) armor_y_px=505.5 pixel_error_deg=(0.03,-0.85) ballistic=(range=2.947m holdover=0.574m comp=10.81deg residual=-11.66deg) q_wxyz=(0.999124,0.000790,0.035408,-0.022299) cmd_deg=(3.27,-15.17) packed_pitch_deg=-15.17 control=true shoot=false
[DEBUG] armors=1, targets=1
[DEBUG] armors=1, targets=1
[DEBUG] armors=1, targets=1
[DEBUG] armors=1, targets=1
[DEBUG] armors=1, targets=1
[DEBUG] armors=1, targets=1
[DEBUG] armors=1, targets=1
[DEBUG] armors=0, targets=1
[DEBUG] armors=1, targets=1
[2026-09-05 13:06:19.884] [info] [SYNC][XUC] mode=0 yaw=-2.56 deg pitch=4.06 deg feeder_rpm=0.00 wheel0_rpm=0 wheel1_rpm=0 wheel_delta=0 projectile_speed=12.80
[DEBUG] armors=1, targets=1
[2026-09-05 13:06:19.899] [info] [PERF] 总耗时=15.5ms (检测=12.5ms, 跟踪=0.5ms), FPS=64.4
[2026-09-05 13:06:19.900] [info] 📊 [CAMERA FPS] 瞬时帧率=64.2fps, 平均帧率=64.5fps, 总帧数=2450, 运行时间=38.0s
[DEBUG] armors=1, targets=1
[DEBUG] armors=1, targets=1
[DEBUG] armors=1, targets=1
[DEBUG] armors=1, targets=1
[DEBUG] armors=1, targets=1
[DEBUG] armors=1, targets=1
[DEBUG] armors=1, targets=1
[DEBUG] armors=1, targets=1
[DEBUG] armors=1, targets=1
[DEBUG] armors=1, targets=1
[2026-09-05 13:06:20.050] [info] [DRYRUN] measured_gimbal=(2.935,0.036,0.098) measured_world=(2.930,0.167,-0.110) tracked_world=(2.931,0.167,-0.110) target_gimbal_deg=(0.71,1.91) target_world_deg=(3.27,-2.14) gimbal_deg=(2.56,4.06) armor_y_px=505.3 pixel_error_deg=(0.03,-0.85) ballistic=(range=2.935m holdover=0.571m comp=10.80deg residual=-11.65deg) q_wxyz=(0.999124,0.000790,0.035408,-0.022299) cmd_deg=(3.27,-15.15) packed_pitch_deg=-15.15 control=true shoot=false
[DEBUG] armors=1, targets=1
[DEBUG] armors=1, targets=1
[DEBUG] armors=1, targets=1
[DEBUG] armors=1, targets=1
[DEBUG] armors=1, targets=1
[DEBUG] armors=1, targets=1
[DEBUG] armors=1, targets=1
[DEBUG] armors=1, targets=1
[DEBUG] armors=1, targets=1
[DEBUG] armors=0, targets=1
[DEBUG] armors=1, targets=1
[DEBUG] armors=1, targets=1
[DEBUG] armors=1, targets=1
[DEBUG] armors=1, targets=1
[DEBUG] armors=1, targets=1
[DEBUG] armors=1, targets=1
[DEBUG] armors=1, targets=1
[DEBUG] armors=0, targets=1
[DEBUG] armors=1, targets=1
[DEBUG] armors=1, targets=1
[2026-09-05 13:06:20.358] [info] [DRYRUN] measured_gimbal=(2.917,0.036,0.098) measured_world=(2.912,0.166,-0.109) tracked_world=(2.932,0.168,-0.110) target_gimbal_deg=(0.70,1.92) target_world_deg=(3.26,-2.14) gimbal_deg=(2.56,4.06) armor_y_px=505.3 pixel_error_deg=(0.03,-0.85) ballistic=(range=2.917m holdover=0.566m comp=10.77deg residual=-11.62deg) q_wxyz=(0.999124,0.000790,0.035408,-0.022299) cmd_deg=(3.28,-15.16) packed_pitch_deg=-15.16 control=true shoot=false
[DEBUG] armors=1, targets=1
[DEBUG] armors=1, targets=1
[DEBUG] armors=1, targets=1
[DEBUG] armors=1, targets=1
[DEBUG] armors=1, targets=1
[DEBUG] armors=1, targets=1
[DEBUG] armors=1, targets=1
[DEBUG] armors=1, targets=1
[DEBUG] armors=1, targets=1
[DEBUG] armors=1, targets=1
[DEBUG] armors=1, targets=1
[DEBUG] armors=1, targets=1
[DEBUG] armors=1, targets=1
[DEBUG] armors=1, targets=1
[DEBUG] armors=1, targets=1
[DEBUG] armors=1, targets=1
[DEBUG] armors=1, targets=1
[DEBUG] armors=1, targets=1
[DEBUG] armors=1, targets=1
[2026-09-05 13:06:20.654] [info] [SYNC][XUC] mode=0 yaw=-2.56 deg pitch=4.06 deg feeder_rpm=0.00 wheel0_rpm=0 wheel1_rpm=0 wheel_delta=0 projectile_speed=12.80
[DEBUG] armors=1, targets=1
[2026-09-05 13:06:20.667] [info] [DRYRUN] measured_gimbal=(2.946,0.037,0.098) measured_world=(2.941,0.168,-0.110) tracked_world=(2.942,0.168,-0.111) target_gimbal_deg=(0.71,1.91) target_world_deg=(3.27,-2.15) gimbal_deg=(2.56,4.06) armor_y_px=505.3 pixel_error_deg=(0.03,-0.85) ballistic=(range=2.946m holdover=0.574m comp=10.81deg residual=-11.66deg) q_wxyz=(0.999124,0.000790,0.035408,-0.022299) cmd_deg=(3.28,-15.20) packed_pitch_deg=-15.20 control=true shoot=false
[2026-09-05 13:06:20.669] [info] [PERF] 总耗时=14.9ms (检测=12.3ms, 跟踪=0.5ms), FPS=67.0
[2026-09-05 13:06:20.669] [info] 📊 [CAMERA FPS] 瞬时帧率=66.9fps, 平均帧率=64.5fps, 总帧数=2500, 运行时间=38.8s
[DEBUG] armors=1, targets=1
[DEBUG] armors=1, targets=1
[DEBUG] armors=1, targets=1
[DEBUG] armors=1, targets=1
[DEBUG] armors=1, targets=1
[DEBUG] armors=1, targets=1
[DEBUG] armors=1, targets=1
[DEBUG] armors=1, targets=1
[DEBUG] armors=1, targets=1
[DEBUG] armors=0, targets=1
[DEBUG] armors=1, targets=1
[DEBUG] armors=1, targets=1
[DEBUG] armors=1, targets=1
[DEBUG] armors=1, targets=1
[DEBUG] armors=1, targets=1
[DEBUG] armors=1, targets=1
[DEBUG] armors=1, targets=1
[DEBUG] armors=1, targets=1
[DEBUG] armors=1, targets=1
[DEBUG] armors=1, targets=1
[2026-09-05 13:06:20.975] [info] [DRYRUN] measured_gimbal=(2.935,0.037,0.098) measured_world=(2.930,0.167,-0.110) tracked_world=(2.940,0.168,-0.110) target_gimbal_deg=(0.71,1.91) target_world_deg=(3.27,-2.15) gimbal_deg=(2.56,4.06) armor_y_px=505.4 pixel_error_deg=(0.02,-0.85) ballistic=(range=2.935m holdover=0.571m comp=10.80deg residual=-11.64deg) q_wxyz=(0.999124,0.000790,0.035408,-0.022299) cmd_deg=(3.27,-15.15) packed_pitch_deg=-15.15 control=true shoot=false
[DEBUG] armors=1, targets=1
[DEBUG] armors=1, targets=1
[DEBUG] armors=1, targets=1
[DEBUG] armors=1, targets=1
[DEBUG] armors=1, targets=1
[DEBUG] armors=1, targets=1
[DEBUG] armors=1, targets=1
[DEBUG] armors=1, targets=1
[DEBUG] armors=1, targets=1
[DEBUG] armors=1, targets=1
[DEBUG] armors=1, targets=1
[DEBUG] armors=1, targets=1
[DEBUG] armors=1, targets=1
[DEBUG] armors=1, targets=1
[DEBUG] armors=1, targets=1
[DEBUG] armors=1, targets=1
[DEBUG] armors=1, targets=1
[DEBUG] armors=1, targets=1
[DEBUG] armors=1, targets=1
[DEBUG] armors=1, targets=1
[2026-09-05 13:06:21.281] [info] [DRYRUN] measured_gimbal=(2.933,0.036,0.098) measured_world=(2.928,0.167,-0.110) tracked_world=(2.931,0.167,-0.110) target_gimbal_deg=(0.71,1.91) target_world_deg=(3.27,-2.15) gimbal_deg=(2.56,4.06) armor_y_px=505.6 pixel_error_deg=(0.03,-0.84) ballistic=(range=2.934m holdover=0.571m comp=10.79deg residual=-11.64deg) q_wxyz=(0.999124,0.000790,0.035408,-0.022299) cmd_deg=(3.26,-15.12) packed_pitch_deg=-15.12 control=true shoot=false
[DEBUG] armors=1, targets=1
[DEBUG] armors=1, targets=1
[DEBUG] armors=1, targets=1
[DEBUG] armors=1, targets=1
[DEBUG] armors=1, targets=1
[DEBUG] armors=1, targets=1
[DEBUG] armors=1, targets=1
[DEBUG] armors=1, targets=1
[DEBUG] armors=1, targets=1
[2026-09-05 13:06:21.422] [info] [SYNC][XUC] mode=0 yaw=-2.56 deg pitch=4.06 deg feeder_rpm=0.00 wheel0_rpm=0 wheel1_rpm=0 wheel_delta=0 projectile_speed=12.80
[DEBUG] armors=1, targets=1
[2026-09-05 13:06:21.437] [info] [PERF] 总耗时=15.2ms (检测=12.5ms, 跟踪=0.4ms), FPS=65.8
[2026-09-05 13:06:21.437] [info] 📊 [CAMERA FPS] 瞬时帧率=65.7fps, 平均帧率=64.5fps, 总帧数=2550, 运行时间=39.5s
[DEBUG] armors=1, targets=1
[DEBUG] armors=1, targets=1
[DEBUG] armors=1, targets=1
[DEBUG] armors=1, targets=1
[DEBUG] armors=1, targets=1
[DEBUG] armors=1, targets=1
[DEBUG] armors=1, targets=1
[DEBUG] armors=1, targets=1
[DEBUG] armors=1, targets=1
[DEBUG] armors=1, targets=1
[2026-09-05 13:06:21.588] [info] [DRYRUN] measured_gimbal=(2.893,0.035,0.097) measured_world=(2.888,0.164,-0.108) tracked_world=(2.921,0.166,-0.109) target_gimbal_deg=(0.70,1.93) target_world_deg=(3.25,-2.13) gimbal_deg=(2.56,4.06) armor_y_px=505.5 pixel_error_deg=(0.03,-0.85) ballistic=(range=2.893m holdover=0.560m comp=10.74deg residual=-11.58deg) q_wxyz=(0.999124,0.000790,0.035408,-0.022299) cmd_deg=(3.26,-15.09) packed_pitch_deg=-15.09 control=true shoot=false
[DEBUG] armors=1, targets=1
[DEBUG] armors=1, targets=1
[DEBUG] armors=1, targets=1
[DEBUG] armors=1, targets=1
[DEBUG] armors=1, targets=1
[DEBUG] armors=1, targets=1
[DEBUG] armors=1, targets=1
[DEBUG] armors=1, targets=1
[DEBUG] armors=1, targets=1
[DEBUG] armors=1, targets=1
[DEBUG] armors=1, targets=1
[DEBUG] armors=1, targets=1
[DEBUG] armors=1, targets=1
[DEBUG] armors=1, targets=1
[DEBUG] armors=1, targets=1
[DEBUG] armors=1, targets=1
[DEBUG] armors=1, targets=1
[DEBUG] armors=1, targets=1
[DEBUG] armors=1, targets=1
[DEBUG] armors=1, targets=1
[2026-09-05 13:06:21.899] [info] [DRYRUN] measured_gimbal=(2.912,0.036,0.098) measured_world=(2.908,0.166,-0.109) tracked_world=(2.916,0.166,-0.109) target_gimbal_deg=(0.70,1.92) target_world_deg=(3.26,-2.13) gimbal_deg=(2.56,4.06) armor_y_px=505.3 pixel_error_deg=(0.03,-0.85) ballistic=(range=2.913m holdover=0.565m comp=10.76deg residual=-11.61deg) q_wxyz=(0.999124,0.000790,0.035408,-0.022299) cmd_deg=(3.26,-15.11) packed_pitch_deg=-15.11 control=true shoot=false
[DEBUG] armors=1, targets=1
[DEBUG] armors=1, targets=1
[DEBUG] armors=1, targets=1
[DEBUG] armors=1, targets=1
[DEBUG] armors=1, targets=1
[DEBUG] armors=1, targets=1
[DEBUG] armors=1, targets=1
[DEBUG] armors=1, targets=1
[DEBUG] armors=1, targets=1
[DEBUG] armors=1, targets=1
[DEBUG] armors=1, targets=1
[DEBUG] armors=1, targets=1
[DEBUG] armors=1, targets=1
[DEBUG] armors=1, targets=1
[DEBUG] armors=1, targets=1
[DEBUG] armors=1, targets=1
[DEBUG] armors=1, targets=1
[DEBUG] armors=1, targets=1
[DEBUG] armors=1, targets=1
[2026-09-05 13:06:22.193] [info] [SYNC][XUC] mode=0 yaw=-2.56 deg pitch=4.06 deg feeder_rpm=0.00 wheel0_rpm=0 wheel1_rpm=0 wheel_delta=0 projectile_speed=12.80
[DEBUG] armors=1, targets=1
[2026-09-05 13:06:22.206] [info] [DRYRUN] measured_gimbal=(2.916,0.036,0.098) measured_world=(2.911,0.166,-0.109) tracked_world=(2.918,0.166,-0.109) target_gimbal_deg=(0.70,1.92) target_world_deg=(3.26,-2.14) gimbal_deg=(2.56,4.06) armor_y_px=505.4 pixel_error_deg=(0.03,-0.85) ballistic=(range=2.916m holdover=0.566m comp=10.77deg residual=-11.62deg) q_wxyz=(0.999124,0.000790,0.035408,-0.022299) cmd_deg=(3.27,-15.13) packed_pitch_deg=-15.13 control=true shoot=false
[2026-09-05 13:06:22.208] [info] [PERF] 总耗时=14.8ms (检测=12.0ms, 跟踪=0.5ms), FPS=67.5
[2026-09-05 13:06:22.208] [info] 📊 [CAMERA FPS] 瞬时帧率=67.3fps, 平均帧率=64.5fps, 总帧数=2600, 运行时间=40.3s
[DEBUG] armors=1, targets=1
[DEBUG] armors=1, targets=1
[DEBUG] armors=1, targets=1
[DEBUG] armors=1, targets=1
[DEBUG] armors=1, targets=1
[DEBUG] armors=1, targets=1
[DEBUG] armors=1, targets=1
[DEBUG] armors=1, targets=1
[DEBUG] armors=1, targets=1
[DEBUG] armors=1, targets=1
[DEBUG] armors=1, targets=1
[DEBUG] armors=1, targets=1
[DEBUG] armors=1, targets=1
[DEBUG] armors=1, targets=1
[DEBUG] armors=1, targets=1
[DEBUG] armors=1, targets=1
[DEBUG] armors=1, targets=1
[DEBUG] armors=1, targets=1
[DEBUG] armors=1, targets=1
[DEBUG] armors=1, targets=1
[2026-09-05 13:06:22.513] [info] [DRYRUN] measured_gimbal=(2.919,0.036,0.097) measured_world=(2.914,0.166,-0.109) tracked_world=(2.919,0.166,-0.109) target_gimbal_deg=(0.71,1.91) target_world_deg=(3.26,-2.15) gimbal_deg=(2.56,4.06) armor_y_px=505.7 pixel_error_deg=(0.03,-0.84) ballistic=(range=2.919m holdover=0.567m comp=10.77deg residual=-11.61deg) q_wxyz=(0.999124,0.000790,0.035408,-0.022299) cmd_deg=(3.26,-15.12) packed_pitch_deg=-15.12 control=true shoot=false
[DEBUG] armors=1, targets=1
[DEBUG] armors=1, targets=1
[DEBUG] armors=1, targets=1
[DEBUG] armors=1, targets=1
[DEBUG] armors=1, targets=1
[DEBUG] armors=1, targets=1
[DEBUG] armors=1, targets=1
[DEBUG] armors=1, targets=1
[DEBUG] armors=1, targets=1
[DEBUG] armors=1, targets=1
[DEBUG] armors=1, targets=1
[DEBUG] armors=1, targets=1
[DEBUG] armors=1, targets=1
[DEBUG] armors=1, targets=1
[DEBUG] armors=1, targets=1
[DEBUG] armors=1, targets=1
[DEBUG] armors=1, targets=1
[DEBUG] armors=1, targets=1
[DEBUG] armors=1, targets=1
[DEBUG] armors=1, targets=1
[2026-09-05 13:06:22.820] [info] [DRYRUN] measured_gimbal=(2.898,0.035,0.097) measured_world=(2.893,0.165,-0.108) tracked_world=(2.918,0.166,-0.109) target_gimbal_deg=(0.70,1.92) target_world_deg=(3.26,-2.14) gimbal_deg=(2.56,4.06) armor_y_px=505.6 pixel_error_deg=(0.03,-0.84) ballistic=(range=2.898m holdover=0.561m comp=10.74deg residual=-11.59deg) q_wxyz=(0.999124,0.000790,0.035408,-0.022299) cmd_deg=(3.26,-15.09) packed_pitch_deg=-15.09 control=true shoot=false
[DEBUG] armors=1, targets=1
[DEBUG] armors=1, targets=1
[DEBUG] armors=1, targets=1
[DEBUG] armors=1, targets=1
[DEBUG] armors=1, targets=1
[DEBUG] armors=1, targets=1
[DEBUG] armors=1, targets=1
[DEBUG] armors=1, targets=1
[DEBUG] armors=1, targets=1
[2026-09-05 13:06:22.961] [info] [SYNC][XUC] mode=0 yaw=-2.56 deg pitch=4.06 deg feeder_rpm=0.00 wheel0_rpm=0 wheel1_rpm=0 wheel_delta=0 projectile_speed=12.80
[DEBUG] armors=1, targets=1
[2026-09-05 13:06:22.976] [info] [PERF] 总耗时=15.1ms (检测=12.4ms, 跟踪=0.5ms), FPS=66.4
[2026-09-05 13:06:22.976] [info] 📊 [CAMERA FPS] 瞬时帧率=66.2fps, 平均帧率=64.5fps, 总帧数=2650, 运行时间=41.1s
[DEBUG] armors=1, targets=1
[DEBUG] armors=1, targets=1
[DEBUG] armors=1, targets=1
[DEBUG] armors=1, targets=1
[DEBUG] armors=1, targets=1
[DEBUG] armors=1, targets=1
[DEBUG] armors=1, targets=1
[DEBUG] armors=1, targets=1
[DEBUG] armors=1, targets=1
[DEBUG] armors=1, targets=1
[2026-09-05 13:06:23.127] [info] [DRYRUN] measured_gimbal=(2.928,0.036,0.098) measured_world=(2.923,0.167,-0.110) tracked_world=(2.919,0.166,-0.109) target_gimbal_deg=(0.71,1.91) target_world_deg=(3.26,-2.15) gimbal_deg=(2.56,4.06) armor_y_px=505.5 pixel_error_deg=(0.03,-0.85) ballistic=(range=2.928m holdover=0.569m comp=10.79deg residual=-11.63deg) q_wxyz=(0.999124,0.000790,0.035408,-0.022299) cmd_deg=(3.27,-15.12) packed_pitch_deg=-15.12 control=true shoot=false
[DEBUG] armors=1, targets=1
[DEBUG] armors=1, targets=1
[DEBUG] armors=1, targets=1
[DEBUG] armors=1, targets=1
[DEBUG] armors=1, targets=1
[DEBUG] armors=1, targets=1
[DEBUG] armors=1, targets=1
[DEBUG] armors=1, targets=1
[DEBUG] armors=1, targets=1
[DEBUG] armors=1, targets=1
[DEBUG] armors=1, targets=1
[DEBUG] armors=1, targets=1
[DEBUG] armors=1, targets=1
[DEBUG] armors=1, targets=1
[DEBUG] armors=1, targets=1
[DEBUG] armors=1, targets=1
[DEBUG] armors=1, targets=1
[DEBUG] armors=1, targets=1
[DEBUG] armors=1, targets=1
[DEBUG] armors=1, targets=1
[2026-09-05 13:06:23.438] [info] [DRYRUN] measured_gimbal=(2.927,0.036,0.098) measured_world=(2.922,0.167,-0.110) tracked_world=(2.922,0.167,-0.110) target_gimbal_deg=(0.71,1.92) target_world_deg=(3.27,-2.14) gimbal_deg=(2.56,4.06) armor_y_px=505.4 pixel_error_deg=(0.02,-0.85) ballistic=(range=2.927m holdover=0.569m comp=10.78deg residual=-11.63deg) q_wxyz=(0.999124,0.000790,0.035408,-0.022299) cmd_deg=(3.26,-15.13) packed_pitch_deg=-15.13 control=true shoot=false
[DEBUG] armors=1, targets=1
[DEBUG] armors=1, targets=1
[DEBUG] armors=1, targets=1
[DEBUG] armors=1, targets=1
[DEBUG] armors=1, targets=1
[DEBUG] armors=1, targets=1
[DEBUG] armors=1, targets=1
[DEBUG] armors=1, targets=1
[DEBUG] armors=1, targets=1
[DEBUG] armors=1, targets=1
[DEBUG] armors=1, targets=1
[DEBUG] armors=1, targets=1
[DEBUG] armors=1, targets=1
[DEBUG] armors=1, targets=1
[DEBUG] armors=1, targets=1
[DEBUG] armors=1, targets=1
[DEBUG] armors=1, targets=1
[DEBUG] armors=1, targets=1
[DEBUG] armors=1, targets=1
[2026-09-05 13:06:23.738] [info] [SYNC][XUC] mode=0 yaw=-2.56 deg pitch=4.06 deg feeder_rpm=0.00 wheel0_rpm=0 wheel1_rpm=0 wheel_delta=0 projectile_speed=12.80
[DEBUG] armors=1, targets=1
[2026-09-05 13:06:23.751] [info] [DRYRUN] measured_gimbal=(2.923,0.036,0.098) measured_world=(2.918,0.166,-0.110) tracked_world=(2.923,0.167,-0.110) target_gimbal_deg=(0.71,1.91) target_world_deg=(3.26,-2.15) gimbal_deg=(2.56,4.06) armor_y_px=505.6 pixel_error_deg=(0.03,-0.84) ballistic=(range=2.923m holdover=0.568m comp=10.78deg residual=-11.62deg) q_wxyz=(0.999124,0.000790,0.035408,-0.022299) cmd_deg=(3.26,-15.13) packed_pitch_deg=-15.13 control=true shoot=false
[2026-09-05 13:06:23.753] [info] [PERF] 总耗时=15.0ms (检测=12.3ms, 跟踪=0.5ms), FPS=66.7
[2026-09-05 13:06:23.753] [info] 📊 [CAMERA FPS] 瞬时帧率=66.6fps, 平均帧率=64.5fps, 总帧数=2700, 运行时间=41.9s
[DEBUG] armors=1, targets=1
[DEBUG] armors=1, targets=1
[DEBUG] armors=1, targets=1
[DEBUG] armors=1, targets=1
[DEBUG] armors=1, targets=1
[DEBUG] armors=1, targets=1
[DEBUG] armors=1, targets=1
[DEBUG] armors=1, targets=1
[DEBUG] armors=1, targets=1
[DEBUG] armors=1, targets=1
[DEBUG] armors=1, targets=1
[DEBUG] armors=1, targets=1
[DEBUG] armors=1, targets=1
[DEBUG] armors=1, targets=1
[DEBUG] armors=1, targets=1
[DEBUG] armors=1, targets=1
[DEBUG] armors=1, targets=1
[DEBUG] armors=1, targets=1
[DEBUG] armors=1, targets=1
[DEBUG] armors=1, targets=1
[2026-09-05 13:06:24.062] [info] [DRYRUN] measured_gimbal=(2.917,0.036,0.098) measured_world=(2.912,0.166,-0.109) tracked_world=(2.924,0.167,-0.110) target_gimbal_deg=(0.70,1.92) target_world_deg=(3.26,-2.14) gimbal_deg=(2.56,4.06) armor_y_px=505.4 pixel_error_deg=(0.03,-0.85) ballistic=(range=2.917m holdover=0.566m comp=10.77deg residual=-11.62deg) q_wxyz=(0.999124,0.000790,0.035408,-0.022299) cmd_deg=(3.27,-15.13) packed_pitch_deg=-15.13 control=true shoot=false
[DEBUG] armors=1, targets=1
[DEBUG] armors=0, targets=1
[DEBUG] armors=1, targets=1
[DEBUG] armors=1, targets=1
[DEBUG] armors=1, targets=1
[DEBUG] armors=1, targets=1
[DEBUG] armors=1, targets=1
[DEBUG] armors=0, targets=1
[DEBUG] armors=1, targets=1
[DEBUG] armors=1, targets=1
[DEBUG] armors=1, targets=1
[DEBUG] armors=1, targets=1
[DEBUG] armors=1, targets=1
[DEBUG] armors=1, targets=1
[DEBUG] armors=1, targets=1
[DEBUG] armors=1, targets=1
[DEBUG] armors=1, targets=1
[DEBUG] armors=1, targets=1
[DEBUG] armors=0, targets=1
[DEBUG] armors=1, targets=1
[2026-09-05 13:06:24.367] [info] [DRYRUN] measured_gimbal=(2.929,0.036,0.098) measured_world=(2.924,0.167,-0.110) tracked_world=(2.923,0.167,-0.110) target_gimbal_deg=(0.71,1.91) target_world_deg=(3.26,-2.15) gimbal_deg=(2.56,4.06) armor_y_px=505.5 pixel_error_deg=(0.03,-0.85) ballistic=(range=2.929m holdover=0.570m comp=10.79deg residual=-11.63deg) q_wxyz=(0.999124,0.000790,0.035408,-0.022299) cmd_deg=(3.26,-15.13) packed_pitch_deg=-15.13 control=true shoot=false
[DEBUG] armors=0, targets=1
[DEBUG] armors=0, targets=1
[DEBUG] armors=1, targets=1
[DEBUG] armors=1, targets=1
[DEBUG] armors=1, targets=1
[DEBUG] armors=0, targets=1
[DEBUG] armors=1, targets=1
[DEBUG] armors=1, targets=1
[DEBUG] armors=0, targets=1
[2026-09-05 13:06:24.505] [info] [SYNC][XUC] mode=0 yaw=-2.56 deg pitch=4.06 deg feeder_rpm=0.00 wheel0_rpm=0 wheel1_rpm=0 wheel_delta=0 projectile_speed=12.80
[DEBUG] armors=0, targets=1
[2026-09-05 13:06:24.520] [info] [PERF] 总耗时=15.4ms (检测=12.9ms, 跟踪=0.0ms), FPS=65.0
[2026-09-05 13:06:24.520] [info] 📊 [CAMERA FPS] 瞬时帧率=64.9fps, 平均帧率=64.5fps, 总帧数=2750, 运行时间=42.6s
[DEBUG] armors=1, targets=1
[DEBUG] armors=1, targets=1
[DEBUG] armors=1, targets=1
[DEBUG] armors=1, targets=1
[DEBUG] armors=1, targets=1
[DEBUG] armors=1, targets=1
[DEBUG] armors=1, targets=1
[DEBUG] armors=1, targets=1
[DEBUG] armors=1, targets=1
[DEBUG] armors=1, targets=1
[2026-09-05 13:06:24.674] [info] [DRYRUN] measured_gimbal=(2.908,0.036,0.098) measured_world=(2.903,0.166,-0.108) tracked_world=(2.919,0.167,-0.109) target_gimbal_deg=(0.71,1.92) target_world_deg=(3.27,-2.14) gimbal_deg=(2.56,4.06) armor_y_px=505.4 pixel_error_deg=(0.03,-0.85) ballistic=(range=2.908m holdover=0.564m comp=10.76deg residual=-11.61deg) q_wxyz=(0.999124,0.000790,0.035408,-0.022299) cmd_deg=(3.27,-15.12) packed_pitch_deg=-15.12 control=true shoot=false
[DEBUG] armors=1, targets=1
[DEBUG] armors=1, targets=1
[DEBUG] armors=1, targets=1
[DEBUG] armors=1, targets=1
[DEBUG] armors=1, targets=1
[DEBUG] armors=1, targets=1
[DEBUG] armors=1, targets=1
[DEBUG] armors=1, targets=1
[DEBUG] armors=1, targets=1
[DEBUG] armors=1, targets=1
[DEBUG] armors=1, targets=1
[DEBUG] armors=1, targets=1
[DEBUG] armors=1, targets=1
[DEBUG] armors=1, targets=1
[DEBUG] armors=1, targets=1
[DEBUG] armors=1, targets=1
[DEBUG] armors=1, targets=1
[DEBUG] armors=1, targets=1
[DEBUG] armors=1, targets=1
[DEBUG] armors=1, targets=1
[2026-09-05 13:06:24.988] [info] [DRYRUN] measured_gimbal=(2.931,0.036,0.098) measured_world=(2.926,0.167,-0.110) tracked_world=(2.918,0.166,-0.109) target_gimbal_deg=(0.71,1.91) target_world_deg=(3.27,-2.15) gimbal_deg=(2.56,4.06) armor_y_px=505.4 pixel_error_deg=(0.03,-0.85) ballistic=(range=2.931m holdover=0.570m comp=10.79deg residual=-11.64deg) q_wxyz=(0.999124,0.000790,0.035408,-0.022299) cmd_deg=(3.26,-15.14) packed_pitch_deg=-15.14 control=true shoot=false
[DEBUG] armors=1, targets=1
[DEBUG] armors=1, targets=1
[DEBUG] armors=1, targets=1
[DEBUG] armors=1, targets=1
[DEBUG] armors=1, targets=1
[DEBUG] armors=1, targets=1
[DEBUG] armors=1, targets=1
[DEBUG] armors=1, targets=1
[DEBUG] armors=1, targets=1
[DEBUG] armors=1, targets=1
[DEBUG] armors=1, targets=1
[DEBUG] armors=1, targets=1
[DEBUG] armors=1, targets=1
[DEBUG] armors=1, targets=1
[DEBUG] armors=1, targets=1
[DEBUG] armors=1, targets=1
[DEBUG] armors=1, targets=1
[DEBUG] armors=1, targets=1
[DEBUG] armors=1, targets=1
[2026-09-05 13:06:25.288] [info] [SYNC][XUC] mode=0 yaw=-2.56 deg pitch=4.06 deg feeder_rpm=0.00 wheel0_rpm=0 wheel1_rpm=0 wheel_delta=0 projectile_speed=12.80
[DEBUG] armors=1, targets=1
[2026-09-05 13:06:25.302] [info] [DRYRUN] measured_gimbal=(2.911,0.036,0.098) measured_world=(2.906,0.166,-0.109) tracked_world=(2.918,0.166,-0.109) target_gimbal_deg=(0.71,1.92) target_world_deg=(3.27,-2.14) gimbal_deg=(2.56,4.06) armor_y_px=505.4 pixel_error_deg=(0.03,-0.85) ballistic=(range=2.911m holdover=0.565m comp=10.76deg residual=-11.61deg) q_wxyz=(0.999124,0.000790,0.035408,-0.022299) cmd_deg=(3.27,-15.12) packed_pitch_deg=-15.12 control=true shoot=false
[2026-09-05 13:06:25.304] [info] [PERF] 总耗时=15.6ms (检测=12.9ms, 跟踪=0.5ms), FPS=64.3
[2026-09-05 13:06:25.304] [info] 📊 [CAMERA FPS] 瞬时帧率=64.2fps, 平均帧率=64.5fps, 总帧数=2800, 运行时间=43.4s
[DEBUG] armors=1, targets=1
[DEBUG] armors=1, targets=1
[DEBUG] armors=1, targets=1
[DEBUG] armors=1, targets=1
[DEBUG] armors=1, targets=1
[DEBUG] armors=1, targets=1
[DEBUG] armors=1, targets=1
[DEBUG] armors=1, targets=1
[DEBUG] armors=1, targets=1
[DEBUG] armors=1, targets=1
[DEBUG] armors=1, targets=1
[DEBUG] armors=1, targets=1
[DEBUG] armors=0, targets=1
[DEBUG] armors=1, targets=1
[DEBUG] armors=1, targets=1
[DEBUG] armors=1, targets=1
[DEBUG] armors=1, targets=1
[DEBUG] armors=1, targets=1
[DEBUG] armors=1, targets=1
[DEBUG] armors=1, targets=1
[2026-09-05 13:06:25.614] [info] [DRYRUN] measured_gimbal=(2.902,0.036,0.098) measured_world=(2.897,0.166,-0.108) tracked_world=(2.908,0.166,-0.109) target_gimbal_deg=(0.71,1.92) target_world_deg=(3.27,-2.13) gimbal_deg=(2.56,4.06) armor_y_px=505.5 pixel_error_deg=(0.02,-0.85) ballistic=(range=2.902m holdover=0.562m comp=10.75deg residual=-11.60deg) q_wxyz=(0.999124,0.000790,0.035408,-0.022299) cmd_deg=(3.26,-15.07) packed_pitch_deg=-15.07 control=true shoot=false
[DEBUG] armors=1, targets=1
[DEBUG] armors=1, targets=1
[DEBUG] armors=1, targets=1
[DEBUG] armors=1, targets=1
[DEBUG] armors=1, targets=1
[DEBUG] armors=1, targets=1
[DEBUG] armors=1, targets=1
[DEBUG] armors=1, targets=1
[DEBUG] armors=1, targets=1
[DEBUG] armors=0, targets=1
[DEBUG] armors=1, targets=1
[DEBUG] armors=1, targets=1
[DEBUG] armors=1, targets=1
[DEBUG] armors=1, targets=1
[DEBUG] armors=1, targets=1
[DEBUG] armors=1, targets=1
[DEBUG] armors=1, targets=1
[DEBUG] armors=0, targets=1
[DEBUG] armors=1, targets=1
[DEBUG] armors=1, targets=1
[2026-09-05 13:06:25.922] [info] [DRYRUN] measured_gimbal=(2.922,0.038,0.096) measured_world=(2.917,0.168,-0.111) tracked_world=(2.911,0.166,-0.110) target_gimbal_deg=(0.74,1.89) target_world_deg=(3.30,-2.17) gimbal_deg=(2.56,4.06) armor_y_px=506.6 pixel_error_deg=(0.01,-0.82) ballistic=(range=2.922m holdover=0.568m comp=10.78deg residual=-11.60deg) q_wxyz=(0.999124,0.000790,0.035408,-0.022299) cmd_deg=(3.25,-15.09) packed_pitch_deg=-15.09 control=true shoot=false
[DEBUG] armors=1, targets=1
[DEBUG] armors=0, targets=1
[DEBUG] armors=1, targets=1
[DEBUG] armors=1, targets=1
[DEBUG] armors=1, targets=1
[DEBUG] armors=1, targets=1
[DEBUG] armors=1, targets=1
[DEBUG] armors=1, targets=1
[DEBUG] armors=1, targets=1
[2026-09-05 13:06:26.063] [info] [SYNC][XUC] mode=0 yaw=-2.56 deg pitch=4.06 deg feeder_rpm=0.00 wheel0_rpm=0 wheel1_rpm=0 wheel_delta=0 projectile_speed=12.80
[DEBUG] armors=1, targets=1
[2026-09-05 13:06:26.078] [info] [PERF] 总耗时=15.2ms (检测=12.5ms, 跟踪=0.5ms), FPS=65.9
[2026-09-05 13:06:26.078] [info] 📊 [CAMERA FPS] 瞬时帧率=65.8fps, 平均帧率=64.5fps, 总帧数=2850, 运行时间=44.2s
[DEBUG] armors=1, targets=1
[DEBUG] armors=1, targets=1
[DEBUG] armors=1, targets=1
[DEBUG] armors=1, targets=1
[DEBUG] armors=1, targets=1
[DEBUG] armors=1, targets=1
[DEBUG] armors=1, targets=1
[DEBUG] armors=1, targets=1
[DEBUG] armors=1, targets=1
[DEBUG] armors=1, targets=1
[2026-09-05 13:06:26.229] [info] [DRYRUN] measured_gimbal=(2.920,0.036,0.098) measured_world=(2.915,0.166,-0.109) tracked_world=(2.921,0.167,-0.110) target_gimbal_deg=(0.70,1.92) target_world_deg=(3.26,-2.14) gimbal_deg=(2.56,4.06) armor_y_px=505.5 pixel_error_deg=(0.03,-0.85) ballistic=(range=2.920m holdover=0.567m comp=10.77deg residual=-11.62deg) q_wxyz=(0.999124,0.000790,0.035408,-0.022299) cmd_deg=(3.28,-15.15) packed_pitch_deg=-15.15 control=true shoot=false
[DEBUG] armors=1, targets=1
[DEBUG] armors=1, targets=1
[DEBUG] armors=1, targets=1
[DEBUG] armors=1, targets=1
[DEBUG] armors=1, targets=1
[DEBUG] armors=1, targets=1
[DEBUG] armors=1, targets=1
[DEBUG] armors=1, targets=1
[DEBUG] armors=1, targets=1
[DEBUG] armors=1, targets=1
[DEBUG] armors=1, targets=1
[DEBUG] armors=1, targets=1
[DEBUG] armors=1, targets=1
[DEBUG] armors=1, targets=1
[DEBUG] armors=1, targets=1
[DEBUG] armors=1, targets=1
[DEBUG] armors=1, targets=1
[DEBUG] armors=1, targets=1
[DEBUG] armors=1, targets=1
[DEBUG] armors=1, targets=1
[2026-09-05 13:06:26.536] [info] [DRYRUN] measured_gimbal=(2.928,0.036,0.098) measured_world=(2.923,0.167,-0.110) tracked_world=(2.937,0.168,-0.111) target_gimbal_deg=(0.71,1.92) target_world_deg=(3.27,-2.14) gimbal_deg=(2.56,4.06) armor_y_px=505.4 pixel_error_deg=(0.02,-0.85) ballistic=(range=2.928m holdover=0.569m comp=10.79deg residual=-11.64deg) q_wxyz=(0.999124,0.000790,0.035408,-0.022299) cmd_deg=(3.28,-15.17) packed_pitch_deg=-15.17 control=true shoot=false
[DEBUG] armors=1, targets=1
[DEBUG] armors=1, targets=1
[DEBUG] armors=1, targets=1
[DEBUG] armors=1, targets=1
[DEBUG] armors=1, targets=1
[DEBUG] armors=1, targets=1
[DEBUG] armors=1, targets=1
[DEBUG] armors=1, targets=1
[DEBUG] armors=1, targets=1
[DEBUG] armors=1, targets=1
[DEBUG] armors=1, targets=1
[DEBUG] armors=1, targets=1
[DEBUG] armors=1, targets=1
[DEBUG] armors=1, targets=1
[DEBUG] armors=1, targets=1
[DEBUG] armors=1, targets=1
[DEBUG] armors=0, targets=1
[DEBUG] armors=1, targets=1
[DEBUG] armors=1, targets=1
[2026-09-05 13:06:26.831] [info] [SYNC][XUC] mode=0 yaw=-2.56 deg pitch=4.06 deg feeder_rpm=0.00 wheel0_rpm=0 wheel1_rpm=0 wheel_delta=0 projectile_speed=12.80
[DEBUG] armors=1, targets=1
[2026-09-05 13:06:26.844] [info] [DRYRUN] measured_gimbal=(2.919,0.036,0.098) measured_world=(2.914,0.166,-0.109) tracked_world=(2.934,0.167,-0.110) target_gimbal_deg=(0.71,1.92) target_world_deg=(3.26,-2.14) gimbal_deg=(2.56,4.06) armor_y_px=505.3 pixel_error_deg=(0.03,-0.85) ballistic=(range=2.919m holdover=0.567m comp=10.77deg residual=-11.62deg) q_wxyz=(0.999124,0.000790,0.035408,-0.022299) cmd_deg=(3.27,-15.14) packed_pitch_deg=-15.14 control=true shoot=false
[2026-09-05 13:06:26.846] [info] [PERF] 总耗时=15.1ms (检测=12.3ms, 跟踪=0.5ms), FPS=66.1
[2026-09-05 13:06:26.846] [info] 📊 [CAMERA FPS] 瞬时帧率=66.0fps, 平均帧率=64.5fps, 总帧数=2900, 运行时间=45.0s
[DEBUG] armors=1, targets=1
[DEBUG] armors=1, targets=1
[DEBUG] armors=1, targets=1
[DEBUG] armors=1, targets=1
[DEBUG] armors=1, targets=1
[DEBUG] armors=1, targets=1
[DEBUG] armors=1, targets=1
[DEBUG] armors=1, targets=1
[DEBUG] armors=1, targets=1
[DEBUG] armors=1, targets=1
[DEBUG] armors=1, targets=1
[DEBUG] armors=1, targets=1
[DEBUG] armors=1, targets=1
[DEBUG] armors=1, targets=1
[DEBUG] armors=1, targets=1
[DEBUG] armors=1, targets=1
[DEBUG] armors=1, targets=1
[DEBUG] armors=1, targets=1
[DEBUG] armors=1, targets=1
[DEBUG] armors=1, targets=1
[2026-09-05 13:06:27.155] [info] [DRYRUN] measured_gimbal=(2.938,0.036,0.098) measured_world=(2.933,0.167,-0.110) tracked_world=(2.935,0.168,-0.110) target_gimbal_deg=(0.71,1.91) target_world_deg=(3.26,-2.15) gimbal_deg=(2.56,4.06) armor_y_px=505.5 pixel_error_deg=(0.03,-0.85) ballistic=(range=2.938m holdover=0.572m comp=10.80deg residual=-11.65deg) q_wxyz=(0.999124,0.000790,0.035408,-0.022299) cmd_deg=(3.27,-15.14) packed_pitch_deg=-15.14 control=true shoot=false
[DEBUG] armors=1, targets=1
[DEBUG] armors=1, targets=1
[DEBUG] armors=1, targets=1
[DEBUG] armors=1, targets=1
[DEBUG] armors=1, targets=1
[DEBUG] armors=1, targets=1
[DEBUG] armors=1, targets=1
[DEBUG] armors=1, targets=1
[DEBUG] armors=1, targets=1
[DEBUG] armors=1, targets=1
[DEBUG] armors=1, targets=1
[DEBUG] armors=1, targets=1
[DEBUG] armors=1, targets=1
[DEBUG] armors=1, targets=1
[DEBUG] armors=1, targets=1
[DEBUG] armors=1, targets=1
[DEBUG] armors=1, targets=1
[DEBUG] armors=1, targets=1
[DEBUG] armors=1, targets=1
[DEBUG] armors=1, targets=1
[2026-09-05 13:06:27.460] [info] [DRYRUN] measured_gimbal=(2.920,0.036,0.098) measured_world=(2.915,0.166,-0.109) tracked_world=(2.936,0.168,-0.110) target_gimbal_deg=(0.71,1.92) target_world_deg=(3.26,-2.14) gimbal_deg=(2.56,4.06) armor_y_px=505.4 pixel_error_deg=(0.03,-0.85) ballistic=(range=2.920m holdover=0.567m comp=10.77deg residual=-11.62deg) q_wxyz=(0.999124,0.000790,0.035408,-0.022299) cmd_deg=(3.27,-15.13) packed_pitch_deg=-15.13 control=true shoot=false
[DEBUG] armors=1, targets=1
[DEBUG] armors=1, targets=1
[DEBUG] armors=1, targets=1
[DEBUG] armors=1, targets=1
[DEBUG] armors=1, targets=1
[DEBUG] armors=1, targets=1
[DEBUG] armors=1, targets=1
[DEBUG] armors=1, targets=1
[DEBUG] armors=1, targets=1
[2026-09-05 13:06:27.603] [info] [SYNC][XUC] mode=0 yaw=-2.56 deg pitch=4.06 deg feeder_rpm=0.00 wheel0_rpm=0 wheel1_rpm=0 wheel_delta=0 projectile_speed=12.80
[DEBUG] armors=1, targets=1
[2026-09-05 13:06:27.619] [info] [PERF] 总耗时=16.1ms (检测=13.2ms, 跟踪=0.5ms), FPS=62.2
[2026-09-05 13:06:27.619] [info] 📊 [CAMERA FPS] 瞬时帧率=62.1fps, 平均帧率=64.5fps, 总帧数=2950, 运行时间=45.7s
[DEBUG] armors=1, targets=1
[DEBUG] armors=1, targets=1
[DEBUG] armors=1, targets=1
[DEBUG] armors=1, targets=1
[DEBUG] armors=1, targets=1
[DEBUG] armors=1, targets=1
[DEBUG] armors=1, targets=1
[DEBUG] armors=1, targets=1
[DEBUG] armors=1, targets=1
[DEBUG] armors=1, targets=1
[2026-09-05 13:06:27.771] [info] [DRYRUN] measured_gimbal=(2.937,0.036,0.098) measured_world=(2.933,0.167,-0.110) tracked_world=(2.932,0.167,-0.110) target_gimbal_deg=(0.71,1.91) target_world_deg=(3.26,-2.15) gimbal_deg=(2.56,4.06) armor_y_px=505.4 pixel_error_deg=(0.03,-0.85) ballistic=(range=2.938m holdover=0.572m comp=10.80deg residual=-11.65deg) q_wxyz=(0.999124,0.000790,0.035408,-0.022299) cmd_deg=(3.27,-15.14) packed_pitch_deg=-15.14 control=true shoot=false
[DEBUG] armors=1, targets=1
[DEBUG] armors=0, targets=1
[DEBUG] armors=1, targets=1
[DEBUG] armors=1, targets=1
[DEBUG] armors=1, targets=1
[DEBUG] armors=1, targets=1
[DEBUG] armors=1, targets=1
[DEBUG] armors=1, targets=1
[DEBUG] armors=1, targets=1
[DEBUG] armors=1, targets=1
[DEBUG] armors=1, targets=1
[DEBUG] armors=1, targets=1
[DEBUG] armors=1, targets=1
[DEBUG] armors=1, targets=1
[DEBUG] armors=1, targets=1
[DEBUG] armors=1, targets=1
[DEBUG] armors=1, targets=1
[DEBUG] armors=1, targets=1
[DEBUG] armors=1, targets=1
[DEBUG] armors=1, targets=1
[2026-09-05 13:06:28.087] [info] [DRYRUN] measured_gimbal=(2.966,0.037,0.099) measured_world=(2.961,0.169,-0.112) tracked_world=(2.931,0.167,-0.110) target_gimbal_deg=(0.72,1.90) target_world_deg=(3.28,-2.16) gimbal_deg=(2.56,4.06) armor_y_px=505.3 pixel_error_deg=(0.03,-0.85) ballistic=(range=2.966m holdover=0.579m comp=10.84deg residual=-11.69deg) q_wxyz=(0.999124,0.000790,0.035408,-0.022299) cmd_deg=(3.27,-15.20) packed_pitch_deg=-15.20 control=true shoot=false
[DEBUG] armors=1, targets=1
[DEBUG] armors=1, targets=1
[DEBUG] armors=1, targets=1
[DEBUG] armors=1, targets=1
[DEBUG] armors=1, targets=1
[DEBUG] armors=1, targets=1
[DEBUG] armors=1, targets=1
[DEBUG] armors=1, targets=1
[DEBUG] armors=1, targets=1
[DEBUG] armors=1, targets=1
[DEBUG] armors=1, targets=1
[DEBUG] armors=1, targets=1
[DEBUG] armors=1, targets=1
[DEBUG] armors=1, targets=1
[DEBUG] armors=1, targets=1
[DEBUG] armors=1, targets=1
[DEBUG] armors=0, targets=1
[DEBUG] armors=1, targets=1
[DEBUG] armors=1, targets=1
[2026-09-05 13:06:28.388] [info] [SYNC][XUC] mode=0 yaw=-2.56 deg pitch=4.06 deg feeder_rpm=0.00 wheel0_rpm=0 wheel1_rpm=0 wheel_delta=0 projectile_speed=12.80
[DEBUG] armors=1, targets=1
[2026-09-05 13:06:28.402] [info] [DRYRUN] measured_gimbal=(2.921,0.036,0.098) measured_world=(2.916,0.166,-0.109) tracked_world=(2.934,0.168,-0.110) target_gimbal_deg=(0.71,1.92) target_world_deg=(3.27,-2.14) gimbal_deg=(2.56,4.06) armor_y_px=505.4 pixel_error_deg=(0.03,-0.85) ballistic=(range=2.921m holdover=0.567m comp=10.78deg residual=-11.63deg) q_wxyz=(0.999124,0.000790,0.035408,-0.022299) cmd_deg=(3.27,-15.15) packed_pitch_deg=-15.15 control=true shoot=false
[2026-09-05 13:06:28.404] [info] [PERF] 总耗时=15.6ms (检测=13.1ms, 跟踪=0.4ms), FPS=64.0
[2026-09-05 13:06:28.404] [info] 📊 [CAMERA FPS] 瞬时帧率=63.9fps, 平均帧率=64.5fps, 总帧数=3000, 运行时间=46.5s
[DEBUG] armors=1, targets=1
[DEBUG] armors=1, targets=1
[DEBUG] armors=1, targets=1
[DEBUG] armors=1, targets=1
[DEBUG] armors=1, targets=1
[DEBUG] armors=1, targets=1
[DEBUG] armors=1, targets=1
[DEBUG] armors=1, targets=1
[DEBUG] armors=1, targets=1
[DEBUG] armors=1, targets=1
[DEBUG] armors=1, targets=1
[DEBUG] armors=1, targets=1
[DEBUG] armors=1, targets=1
[DEBUG] armors=1, targets=1
[DEBUG] armors=1, targets=1
[DEBUG] armors=1, targets=1
[DEBUG] armors=1, targets=1
[DEBUG] armors=1, targets=1
[DEBUG] armors=1, targets=1
[DEBUG] armors=1, targets=1
[2026-09-05 13:06:28.719] [info] [DRYRUN] measured_gimbal=(2.923,0.036,0.098) measured_world=(2.918,0.166,-0.109) tracked_world=(2.933,0.167,-0.110) target_gimbal_deg=(0.70,1.92) target_world_deg=(3.26,-2.14) gimbal_deg=(2.56,4.06) armor_y_px=505.4 pixel_error_deg=(0.03,-0.85) ballistic=(range=2.923m holdover=0.568m comp=10.78deg residual=-11.63deg) q_wxyz=(0.999124,0.000790,0.035408,-0.022299) cmd_deg=(3.27,-15.13) packed_pitch_deg=-15.13 control=true shoot=false
[DEBUG] armors=1, targets=1
[DEBUG] armors=1, targets=1
[DEBUG] armors=1, targets=1
[DEBUG] armors=1, targets=1
[DEBUG] armors=1, targets=1
[DEBUG] armors=1, targets=1
[DEBUG] armors=1, targets=1
[DEBUG] armors=0, targets=1
[DEBUG] armors=1, targets=1
[DEBUG] armors=1, targets=1
[DEBUG] armors=1, targets=1
[DEBUG] armors=1, targets=1
[DEBUG] armors=1, targets=1
[DEBUG] armors=1, targets=1
[DEBUG] armors=1, targets=1
[DEBUG] armors=1, targets=1
[DEBUG] armors=1, targets=1
[DEBUG] armors=1, targets=1
[DEBUG] armors=1, targets=1
[DEBUG] armors=1, targets=1
[2026-09-05 13:06:29.032] [info] [DRYRUN] measured_gimbal=(2.919,0.036,0.098) measured_world=(2.914,0.166,-0.109) tracked_world=(2.933,0.167,-0.110) target_gimbal_deg=(0.71,1.92) target_world_deg=(3.26,-2.14) gimbal_deg=(2.56,4.06) armor_y_px=505.3 pixel_error_deg=(0.03,-0.85) ballistic=(range=2.920m holdover=0.567m comp=10.77deg residual=-11.62deg) q_wxyz=(0.999124,0.000790,0.035408,-0.022299) cmd_deg=(3.27,-15.14) packed_pitch_deg=-15.14 control=true shoot=false
[DEBUG] armors=1, targets=1
[DEBUG] armors=1, targets=1
[DEBUG] armors=1, targets=1
[DEBUG] armors=1, targets=1
[DEBUG] armors=1, targets=1
[DEBUG] armors=1, targets=1
[DEBUG] armors=0, targets=1
[DEBUG] armors=1, targets=1
[DEBUG] armors=1, targets=1
[2026-09-05 13:06:29.174] [info] [SYNC][XUC] mode=0 yaw=-2.56 deg pitch=4.06 deg feeder_rpm=0.00 wheel0_rpm=0 wheel1_rpm=0 wheel_delta=0 projectile_speed=12.80
[DEBUG] armors=1, targets=1
[2026-09-05 13:06:29.190] [info] [PERF] 总耗时=15.7ms (检测=12.8ms, 跟踪=0.5ms), FPS=63.9
[2026-09-05 13:06:29.190] [info] 📊 [CAMERA FPS] 瞬时帧率=63.7fps, 平均帧率=64.5fps, 总帧数=3050, 运行时间=47.3s
[DEBUG] armors=1, targets=1
[DEBUG] armors=1, targets=1
[DEBUG] armors=1, targets=1
[DEBUG] armors=1, targets=1
[DEBUG] armors=1, targets=1
[DEBUG] armors=1, targets=1
[DEBUG] armors=1, targets=1
[DEBUG] armors=1, targets=1
[DEBUG] armors=1, targets=1
[DEBUG] armors=1, targets=1
[2026-09-05 13:06:29.347] [info] [DRYRUN] measured_gimbal=(2.919,0.036,0.098) measured_world=(2.914,0.166,-0.109) tracked_world=(2.933,0.168,-0.110) target_gimbal_deg=(0.71,1.92) target_world_deg=(3.26,-2.14) gimbal_deg=(2.56,4.06) armor_y_px=505.3 pixel_error_deg=(0.03,-0.85) ballistic=(range=2.919m holdover=0.567m comp=10.77deg residual=-11.62deg) q_wxyz=(0.999124,0.000790,0.035408,-0.022299) cmd_deg=(3.27,-15.15) packed_pitch_deg=-15.15 control=true shoot=false
[DEBUG] armors=1, targets=1
[DEBUG] armors=1, targets=1
[DEBUG] armors=1, targets=1
[DEBUG] armors=1, targets=1
[DEBUG] armors=1, targets=1
[DEBUG] armors=1, targets=1
[DEBUG] armors=1, targets=1
[DEBUG] armors=1, targets=1
[DEBUG] armors=1, targets=1
[DEBUG] armors=1, targets=1
[DEBUG] armors=1, targets=1
[DEBUG] armors=1, targets=1
[DEBUG] armors=1, targets=1
[DEBUG] armors=1, targets=1
[DEBUG] armors=1, targets=1
[DEBUG] armors=1, targets=1
[DEBUG] armors=1, targets=1
[DEBUG] armors=1, targets=1
[DEBUG] armors=1, targets=1
[DEBUG] armors=1, targets=1
[2026-09-05 13:06:29.655] [info] [DRYRUN] measured_gimbal=(2.935,0.036,0.098) measured_world=(2.930,0.167,-0.110) tracked_world=(2.931,0.167,-0.110) target_gimbal_deg=(0.71,1.91) target_world_deg=(3.26,-2.15) gimbal_deg=(2.56,4.06) armor_y_px=505.4 pixel_error_deg=(0.03,-0.85) ballistic=(range=2.935m holdover=0.571m comp=10.80deg residual=-11.64deg) q_wxyz=(0.999124,0.000790,0.035408,-0.022299) cmd_deg=(3.27,-15.14) packed_pitch_deg=-15.14 control=true shoot=false
[DEBUG] armors=1, targets=1
[DEBUG] armors=1, targets=1
[DEBUG] armors=1, targets=1
[DEBUG] armors=1, targets=1
[DEBUG] armors=1, targets=1
[DEBUG] armors=1, targets=1
[DEBUG] armors=1, targets=1
[DEBUG] armors=1, targets=1
[DEBUG] armors=1, targets=1
[DEBUG] armors=1, targets=1
[DEBUG] armors=1, targets=1
[DEBUG] armors=1, targets=1
[DEBUG] armors=1, targets=1
[DEBUG] armors=1, targets=1
[DEBUG] armors=1, targets=1
[DEBUG] armors=1, targets=1
[DEBUG] armors=1, targets=1
[DEBUG] armors=1, targets=1
[DEBUG] armors=1, targets=1
[2026-09-05 13:06:29.957] [info] [SYNC][XUC] mode=0 yaw=-2.56 deg pitch=4.06 deg feeder_rpm=0.00 wheel0_rpm=0 wheel1_rpm=0 wheel_delta=0 projectile_speed=12.80
[DEBUG] armors=1, targets=1
[2026-09-05 13:06:29.970] [info] [DRYRUN] measured_gimbal=(2.919,0.036,0.098) measured_world=(2.914,0.166,-0.109) tracked_world=(2.930,0.167,-0.110) target_gimbal_deg=(0.71,1.92) target_world_deg=(3.26,-2.14) gimbal_deg=(2.56,4.06) armor_y_px=505.3 pixel_error_deg=(0.03,-0.85) ballistic=(range=2.919m holdover=0.567m comp=10.77deg residual=-11.62deg) q_wxyz=(0.999124,0.000790,0.035408,-0.022299) cmd_deg=(3.27,-15.13) packed_pitch_deg=-15.13 control=true shoot=false
[2026-09-05 13:06:29.972] [info] [PERF] 总耗时=15.3ms (检测=12.7ms, 跟踪=0.5ms), FPS=65.1
[2026-09-05 13:06:29.972] [info] 📊 [CAMERA FPS] 瞬时帧率=65.0fps, 平均帧率=64.5fps, 总帧数=3100, 运行时间=48.1s
[DEBUG] armors=1, targets=1
[DEBUG] armors=1, targets=1
[DEBUG] armors=1, targets=1
[DEBUG] armors=1, targets=1
[DEBUG] armors=1, targets=1
[DEBUG] armors=1, targets=1
[DEBUG] armors=1, targets=1
[DEBUG] armors=1, targets=1
[DEBUG] armors=1, targets=1
[DEBUG] armors=1, targets=1
[DEBUG] armors=1, targets=1
[DEBUG] armors=1, targets=1
[DEBUG] armors=1, targets=1
[DEBUG] armors=1, targets=1
[DEBUG] armors=0, targets=1
[DEBUG] armors=1, targets=1
[DEBUG] armors=1, targets=1
[DEBUG] armors=1, targets=1
[DEBUG] armors=1, targets=1
[DEBUG] armors=1, targets=1
[2026-09-05 13:06:30.283] [info] [DRYRUN] measured_gimbal=(2.935,0.036,0.098) measured_world=(2.930,0.167,-0.110) tracked_world=(2.928,0.167,-0.110) target_gimbal_deg=(0.71,1.91) target_world_deg=(3.26,-2.15) gimbal_deg=(2.56,4.06) armor_y_px=505.4 pixel_error_deg=(0.03,-0.85) ballistic=(range=2.935m holdover=0.571m comp=10.80deg residual=-11.64deg) q_wxyz=(0.999124,0.000790,0.035408,-0.022299) cmd_deg=(3.27,-15.15) packed_pitch_deg=-15.15 control=true shoot=false
[DEBUG] armors=1, targets=1
[DEBUG] armors=1, targets=1
[DEBUG] armors=1, targets=1
[DEBUG] armors=1, targets=1
[DEBUG] armors=1, targets=1
[DEBUG] armors=1, targets=1
[DEBUG] armors=1, targets=1
[DEBUG] armors=1, targets=1
[DEBUG] armors=1, targets=1
[DEBUG] armors=1, targets=1
[DEBUG] armors=1, targets=1
[DEBUG] armors=1, targets=1
[DEBUG] armors=1, targets=1
[DEBUG] armors=1, targets=1
[DEBUG] armors=1, targets=1
[DEBUG] armors=1, targets=1
[DEBUG] armors=1, targets=1
[DEBUG] armors=1, targets=1
[DEBUG] armors=1, targets=1
[DEBUG] armors=1, targets=1
[2026-09-05 13:06:30.593] [info] [DRYRUN] measured_gimbal=(2.935,0.036,0.098) measured_world=(2.930,0.167,-0.110) tracked_world=(2.927,0.167,-0.110) target_gimbal_deg=(0.71,1.91) target_world_deg=(3.27,-2.14) gimbal_deg=(2.56,4.06) armor_y_px=505.3 pixel_error_deg=(0.03,-0.85) ballistic=(range=2.935m holdover=0.571m comp=10.80deg residual=-11.65deg) q_wxyz=(0.999124,0.000790,0.035408,-0.022299) cmd_deg=(3.27,-15.14) packed_pitch_deg=-15.14 control=true shoot=false
[DEBUG] armors=1, targets=1
[DEBUG] armors=1, targets=1
[DEBUG] armors=1, targets=1
[DEBUG] armors=1, targets=1
[DEBUG] armors=1, targets=1
[DEBUG] armors=1, targets=1
[DEBUG] armors=1, targets=1
[DEBUG] armors=1, targets=1
[DEBUG] armors=1, targets=1
[2026-09-05 13:06:30.735] [info] [SYNC][XUC] mode=0 yaw=-2.56 deg pitch=4.06 deg feeder_rpm=-4.00 wheel0_rpm=0 wheel1_rpm=0 wheel_delta=0 projectile_speed=12.80
[DEBUG] armors=1, targets=1
[2026-09-05 13:06:30.751] [info] [PERF] 总耗时=16.1ms (检测=13.4ms, 跟踪=0.5ms), FPS=62.1
[2026-09-05 13:06:30.751] [info] 📊 [CAMERA FPS] 瞬时帧率=61.9fps, 平均帧率=64.5fps, 总帧数=3150, 运行时间=48.9s
[DEBUG] armors=1, targets=1
[DEBUG] armors=1, targets=1
[DEBUG] armors=1, targets=1
[DEBUG] armors=1, targets=1
[DEBUG] armors=1, targets=1
[DEBUG] armors=1, targets=1
[DEBUG] armors=1, targets=1
[DEBUG] armors=1, targets=1
[DEBUG] armors=1, targets=1
[DEBUG] armors=1, targets=1
[2026-09-05 13:06:30.908] [info] [DRYRUN] measured_gimbal=(2.952,0.037,0.098) measured_world=(2.947,0.169,-0.111) tracked_world=(2.930,0.167,-0.110) target_gimbal_deg=(0.72,1.90) target_world_deg=(3.28,-2.16) gimbal_deg=(2.56,4.06) armor_y_px=505.5 pixel_error_deg=(0.02,-0.85) ballistic=(range=2.952m holdover=0.576m comp=10.82deg residual=-11.67deg) q_wxyz=(0.999124,0.000790,0.035408,-0.022299) cmd_deg=(3.26,-15.15) packed_pitch_deg=-15.15 control=true shoot=false
[DEBUG] armors=1, targets=1
[DEBUG] armors=1, targets=1
[DEBUG] armors=1, targets=1
[DEBUG] armors=1, targets=1
[DEBUG] armors=1, targets=1
[DEBUG] armors=1, targets=1
[DEBUG] armors=1, targets=1
[DEBUG] armors=1, targets=1
[DEBUG] armors=1, targets=1
[DEBUG] armors=1, targets=1
[DEBUG] armors=1, targets=1
[DEBUG] armors=1, targets=1
[DEBUG] armors=1, targets=1
[DEBUG] armors=1, targets=1
[DEBUG] armors=1, targets=1
[DEBUG] armors=1, targets=1
[DEBUG] armors=1, targets=1
[DEBUG] armors=1, targets=1
[DEBUG] armors=1, targets=1
[DEBUG] armors=1, targets=1
[2026-09-05 13:06:31.218] [info] [DRYRUN] measured_gimbal=(2.913,0.036,0.098) measured_world=(2.908,0.165,-0.109) tracked_world=(2.927,0.167,-0.110) target_gimbal_deg=(0.70,1.92) target_world_deg=(3.26,-2.14) gimbal_deg=(2.56,4.06) armor_y_px=505.4 pixel_error_deg=(0.03,-0.85) ballistic=(range=2.913m holdover=0.565m comp=10.76deg residual=-11.61deg) q_wxyz=(0.999124,0.000790,0.035408,-0.022299) cmd_deg=(3.27,-15.13) packed_pitch_deg=-15.13 control=true shoot=false
[DEBUG] armors=1, targets=1
[DEBUG] armors=1, targets=1
[DEBUG] armors=1, targets=1
[DEBUG] armors=1, targets=1
[DEBUG] armors=1, targets=1
[DEBUG] armors=1, targets=1
[DEBUG] armors=1, targets=1
[DEBUG] armors=1, targets=1
[DEBUG] armors=1, targets=1
[DEBUG] armors=1, targets=1
[DEBUG] armors=1, targets=1
[DEBUG] armors=1, targets=1
[DEBUG] armors=1, targets=1
[DEBUG] armors=1, targets=1
[DEBUG] armors=1, targets=1
[DEBUG] armors=1, targets=1
[DEBUG] armors=1, targets=1
[DEBUG] armors=1, targets=1
[DEBUG] armors=1, targets=1
[2026-09-05 13:06:31.517] [info] [SYNC][XUC] mode=0 yaw=-2.56 deg pitch=4.06 deg feeder_rpm=0.00 wheel0_rpm=0 wheel1_rpm=0 wheel_delta=0 projectile_speed=12.80
[DEBUG] armors=0, targets=1
[2026-09-05 13:06:31.532] [info] [PERF] 总耗时=14.6ms (检测=12.3ms, 跟踪=0.0ms), FPS=68.4
[2026-09-05 13:06:31.532] [info] 📊 [CAMERA FPS] 瞬时帧率=68.2fps, 平均帧率=64.5fps, 总帧数=3200, 运行时间=49.6s
[DEBUG] armors=1, targets=1
[DEBUG] armors=1, targets=1
[DEBUG] armors=1, targets=1
[DEBUG] armors=1, targets=1
[DEBUG] armors=1, targets=1
[DEBUG] armors=1, targets=1
[DEBUG] armors=1, targets=1
[DEBUG] armors=1, targets=1
[DEBUG] armors=1, targets=1
[DEBUG] armors=1, targets=1
[DEBUG] armors=1, targets=1
[DEBUG] armors=0, targets=1
[DEBUG] armors=1, targets=1
[DEBUG] armors=1, targets=1
[DEBUG] armors=1, targets=1
[DEBUG] armors=1, targets=1
[DEBUG] armors=1, targets=1
[DEBUG] armors=1, targets=1
[DEBUG] armors=1, targets=1
[DEBUG] armors=1, targets=1
[2026-09-05 13:06:31.834] [info] [DRYRUN] measured_gimbal=(2.937,0.036,0.098) measured_world=(2.932,0.167,-0.110) tracked_world=(2.929,0.167,-0.110) target_gimbal_deg=(0.71,1.91) target_world_deg=(3.27,-2.15) gimbal_deg=(2.56,4.06) armor_y_px=505.4 pixel_error_deg=(0.03,-0.85) ballistic=(range=2.937m holdover=0.572m comp=10.80deg residual=-11.65deg) q_wxyz=(0.999124,0.000790,0.035408,-0.022299) cmd_deg=(3.27,-15.16) packed_pitch_deg=-15.16 control=true shoot=false
[DEBUG] armors=1, targets=1
[DEBUG] armors=1, targets=1
[DEBUG] armors=1, targets=1
[DEBUG] armors=1, targets=1
[DEBUG] armors=1, targets=1
[DEBUG] armors=0, targets=1
[DEBUG] armors=1, targets=1
[DEBUG] armors=1, targets=1
[DEBUG] armors=1, targets=1
[DEBUG] armors=1, targets=1
[DEBUG] armors=1, targets=1
[DEBUG] armors=1, targets=1
[DEBUG] armors=1, targets=1
[DEBUG] armors=1, targets=1
[DEBUG] armors=1, targets=1
[DEBUG] armors=1, targets=1
[DEBUG] armors=1, targets=1
[DEBUG] armors=1, targets=1
[DEBUG] armors=0, targets=1
[DEBUG] armors=1, targets=1
[2026-09-05 13:06:32.142] [info] [DRYRUN] measured_gimbal=(2.908,0.036,0.098) measured_world=(2.903,0.166,-0.108) tracked_world=(2.932,0.168,-0.110) target_gimbal_deg=(0.71,1.92) target_world_deg=(3.27,-2.14) gimbal_deg=(2.56,4.06) armor_y_px=505.4 pixel_error_deg=(0.03,-0.85) ballistic=(range=2.908m holdover=0.564m comp=10.76deg residual=-11.61deg) q_wxyz=(0.999124,0.000790,0.035408,-0.022299) cmd_deg=(3.27,-15.13) packed_pitch_deg=-15.13 control=true shoot=false
[DEBUG] armors=1, targets=1
[DEBUG] armors=1, targets=1
[DEBUG] armors=1, targets=1
[DEBUG] armors=1, targets=1
[DEBUG] armors=1, targets=1
[DEBUG] armors=0, targets=1
[DEBUG] armors=1, targets=1
[DEBUG] armors=1, targets=1
[DEBUG] armors=1, targets=1
[2026-09-05 13:06:32.284] [info] [SYNC][XUC] mode=0 yaw=-2.56 deg pitch=4.06 deg feeder_rpm=0.00 wheel0_rpm=0 wheel1_rpm=0 wheel_delta=0 projectile_speed=12.80
[DEBUG] armors=1, targets=1
[2026-09-05 13:06:32.299] [info] [PERF] 总耗时=15.5ms (检测=12.8ms, 跟踪=0.5ms), FPS=64.3
[2026-09-05 13:06:32.299] [info] 📊 [CAMERA FPS] 瞬时帧率=64.2fps, 平均帧率=64.5fps, 总帧数=3250, 运行时间=50.4s
[DEBUG] armors=1, targets=1
[DEBUG] armors=1, targets=1
[DEBUG] armors=1, targets=1
[DEBUG] armors=1, targets=1
[DEBUG] armors=1, targets=1
[DEBUG] armors=1, targets=1
[DEBUG] armors=1, targets=1
[DEBUG] armors=1, targets=1
[DEBUG] armors=1, targets=1
[DEBUG] armors=1, targets=1
[2026-09-05 13:06:32.454] [info] [DRYRUN] measured_gimbal=(2.953,0.037,0.098) measured_world=(2.948,0.169,-0.111) tracked_world=(2.936,0.168,-0.110) target_gimbal_deg=(0.72,1.91) target_world_deg=(3.28,-2.15) gimbal_deg=(2.56,4.06) armor_y_px=505.3 pixel_error_deg=(0.02,-0.85) ballistic=(range=2.953m holdover=0.576m comp=10.82deg residual=-11.67deg) q_wxyz=(0.999124,0.000790,0.035408,-0.022299) cmd_deg=(3.27,-15.18) packed_pitch_deg=-15.18 control=true shoot=false
[DEBUG] armors=1, targets=1
[DEBUG] armors=1, targets=1
[DEBUG] armors=1, targets=1
[DEBUG] armors=1, targets=1
[DEBUG] armors=1, targets=1
[DEBUG] armors=1, targets=1
[DEBUG] armors=1, targets=1
[DEBUG] armors=1, targets=1
[DEBUG] armors=1, targets=1
[DEBUG] armors=1, targets=1
[DEBUG] armors=1, targets=1
[DEBUG] armors=1, targets=1
[DEBUG] armors=1, targets=1
[DEBUG] armors=1, targets=1
[DEBUG] armors=1, targets=1
[DEBUG] armors=1, targets=1
[DEBUG] armors=1, targets=1
[DEBUG] armors=1, targets=1
[DEBUG] armors=1, targets=1
[DEBUG] armors=1, targets=1
[2026-09-05 13:06:32.764] [info] [DRYRUN] measured_gimbal=(2.949,0.037,0.098) measured_world=(2.944,0.168,-0.111) tracked_world=(2.935,0.168,-0.110) target_gimbal_deg=(0.71,1.90) target_world_deg=(3.27,-2.16) gimbal_deg=(2.56,4.06) armor_y_px=505.6 pixel_error_deg=(0.03,-0.84) ballistic=(range=2.949m holdover=0.575m comp=10.82deg residual=-11.66deg) q_wxyz=(0.999124,0.000790,0.035408,-0.022299) cmd_deg=(3.27,-15.18) packed_pitch_deg=-15.18 control=true shoot=false
[DEBUG] armors=1, targets=1
[DEBUG] armors=1, targets=1
[DEBUG] armors=1, targets=1
[DEBUG] armors=0, targets=1
[DEBUG] armors=1, targets=1
[DEBUG] armors=1, targets=1
[DEBUG] armors=1, targets=1
[DEBUG] armors=1, targets=1
[DEBUG] armors=1, targets=1
[DEBUG] armors=1, targets=1
[DEBUG] armors=1, targets=1
[DEBUG] armors=1, targets=1
[DEBUG] armors=1, targets=1
[DEBUG] armors=1, targets=1
[DEBUG] armors=1, targets=1
[DEBUG] armors=1, targets=1
[DEBUG] armors=1, targets=1
[DEBUG] armors=1, targets=1
[DEBUG] armors=1, targets=1
[2026-09-05 13:06:33.060] [info] [SYNC][XUC] mode=0 yaw=-2.56 deg pitch=4.06 deg feeder_rpm=0.00 wheel0_rpm=0 wheel1_rpm=0 wheel_delta=0 projectile_speed=12.80
[DEBUG] armors=1, targets=1
[2026-09-05 13:06:33.073] [info] [DRYRUN] measured_gimbal=(2.937,0.037,0.098) measured_world=(2.932,0.168,-0.110) tracked_world=(2.933,0.167,-0.110) target_gimbal_deg=(0.72,1.92) target_world_deg=(3.27,-2.14) gimbal_deg=(2.56,4.06) armor_y_px=505.3 pixel_error_deg=(0.02,-0.85) ballistic=(range=2.937m holdover=0.572m comp=10.80deg residual=-11.65deg) q_wxyz=(0.999124,0.000790,0.035408,-0.022299) cmd_deg=(3.26,-15.15) packed_pitch_deg=-15.15 control=true shoot=false
[2026-09-05 13:06:33.076] [info] [PERF] 总耗时=15.6ms (检测=12.7ms, 跟踪=0.5ms), FPS=63.9
[2026-09-05 13:06:33.076] [info] 📊 [CAMERA FPS] 瞬时帧率=63.8fps, 平均帧率=64.5fps, 总帧数=3300, 运行时间=51.2s
[DEBUG] armors=1, targets=1
[DEBUG] armors=1, targets=1
[DEBUG] armors=1, targets=1
[DEBUG] armors=1, targets=1
[DEBUG] armors=1, targets=1
[DEBUG] armors=0, targets=1
[DEBUG] armors=1, targets=1
[DEBUG] armors=1, targets=1
[DEBUG] armors=1, targets=1
[DEBUG] armors=1, targets=1
[DEBUG] armors=1, targets=1
[DEBUG] armors=1, targets=1
[DEBUG] armors=1, targets=1
[DEBUG] armors=1, targets=1
[DEBUG] armors=1, targets=1
[DEBUG] armors=1, targets=1
[DEBUG] armors=1, targets=1
[DEBUG] armors=1, targets=1
[DEBUG] armors=1, targets=1
[DEBUG] armors=1, targets=1
[2026-09-05 13:06:33.381] [info] [DRYRUN] measured_gimbal=(2.920,0.036,0.098) measured_world=(2.915,0.166,-0.109) tracked_world=(2.933,0.167,-0.110) target_gimbal_deg=(0.70,1.92) target_world_deg=(3.26,-2.14) gimbal_deg=(2.56,4.06) armor_y_px=505.4 pixel_error_deg=(0.03,-0.85) ballistic=(range=2.920m holdover=0.567m comp=10.77deg residual=-11.62deg) q_wxyz=(0.999124,0.000790,0.035408,-0.022299) cmd_deg=(3.27,-15.14) packed_pitch_deg=-15.14 control=true shoot=false
[DEBUG] armors=1, targets=1
[DEBUG] armors=1, targets=1
[DEBUG] armors=1, targets=1
[DEBUG] armors=1, targets=1
[DEBUG] armors=1, targets=1
[DEBUG] armors=1, targets=1
[DEBUG] armors=1, targets=1
[DEBUG] armors=1, targets=1
[DEBUG] armors=1, targets=1
[DEBUG] armors=1, targets=1
[DEBUG] armors=1, targets=1
[DEBUG] armors=1, targets=1
[DEBUG] armors=1, targets=1
[DEBUG] armors=1, targets=1
[DEBUG] armors=1, targets=1
[DEBUG] armors=1, targets=1
[DEBUG] armors=1, targets=1
[DEBUG] armors=1, targets=1
[DEBUG] armors=1, targets=1
[DEBUG] armors=1, targets=1
[2026-09-05 13:06:33.688] [info] [DRYRUN] measured_gimbal=(2.928,0.036,0.098) measured_world=(2.923,0.167,-0.110) tracked_world=(2.926,0.167,-0.110) target_gimbal_deg=(0.71,1.91) target_world_deg=(3.26,-2.15) gimbal_deg=(2.56,4.06) armor_y_px=505.5 pixel_error_deg=(0.03,-0.85) ballistic=(range=2.928m holdover=0.569m comp=10.79deg residual=-11.63deg) q_wxyz=(0.999124,0.000790,0.035408,-0.022299) cmd_deg=(3.26,-15.12) packed_pitch_deg=-15.12 control=true shoot=false
[DEBUG] armors=1, targets=1
[DEBUG] armors=1, targets=1
[DEBUG] armors=1, targets=1
[DEBUG] armors=1, targets=1
[DEBUG] armors=1, targets=1
[DEBUG] armors=1, targets=1
[DEBUG] armors=1, targets=1
[DEBUG] armors=1, targets=1
[DEBUG] armors=1, targets=1
[2026-09-05 13:06:33.832] [info] [SYNC][XUC] mode=0 yaw=-2.56 deg pitch=4.06 deg feeder_rpm=0.00 wheel0_rpm=0 wheel1_rpm=0 wheel_delta=0 projectile_speed=12.80
[DEBUG] armors=1, targets=1
[2026-09-05 13:06:33.847] [info] [PERF] 总耗时=15.4ms (检测=12.7ms, 跟踪=0.4ms), FPS=65.0
[2026-09-05 13:06:33.847] [info] 📊 [CAMERA FPS] 瞬时帧率=64.8fps, 平均帧率=64.5fps, 总帧数=3350, 运行时间=52.0s
[DEBUG] armors=1, targets=1
[DEBUG] armors=1, targets=1
[DEBUG] armors=1, targets=1
[DEBUG] armors=1, targets=1
[DEBUG] armors=1, targets=1
[DEBUG] armors=1, targets=1
[DEBUG] armors=1, targets=1
[DEBUG] armors=0, targets=1
[DEBUG] armors=1, targets=1
[DEBUG] armors=1, targets=1
[2026-09-05 13:06:33.998] [info] [DRYRUN] measured_gimbal=(2.899,0.036,0.097) measured_world=(2.894,0.165,-0.108) tracked_world=(2.917,0.166,-0.109) target_gimbal_deg=(0.70,1.92) target_world_deg=(3.26,-2.13) gimbal_deg=(2.56,4.06) armor_y_px=505.5 pixel_error_deg=(0.03,-0.85) ballistic=(range=2.899m holdover=0.561m comp=10.74deg residual=-11.59deg) q_wxyz=(0.999124,0.000790,0.035408,-0.022299) cmd_deg=(3.26,-15.09) packed_pitch_deg=-15.09 control=true shoot=false
[DEBUG] armors=1, targets=1
[DEBUG] armors=1, targets=1
[DEBUG] armors=1, targets=1
[DEBUG] armors=1, targets=1
[DEBUG] armors=1, targets=1
[DEBUG] armors=1, targets=1
[DEBUG] armors=1, targets=1
[DEBUG] armors=1, targets=1
[DEBUG] armors=1, targets=1
[DEBUG] armors=1, targets=1
[DEBUG] armors=1, targets=1
[DEBUG] armors=1, targets=1
[DEBUG] armors=1, targets=1
[DEBUG] armors=1, targets=1
[DEBUG] armors=1, targets=1
[DEBUG] armors=1, targets=1
[DEBUG] armors=1, targets=1
[DEBUG] armors=1, targets=1
[DEBUG] armors=1, targets=1
[DEBUG] armors=1, targets=1
[2026-09-05 13:06:34.306] [info] [DRYRUN] measured_gimbal=(2.927,0.036,0.098) measured_world=(2.922,0.167,-0.110) tracked_world=(2.915,0.166,-0.109) target_gimbal_deg=(0.71,1.91) target_world_deg=(3.27,-2.14) gimbal_deg=(2.56,4.06) armor_y_px=505.4 pixel_error_deg=(0.03,-0.85) ballistic=(range=2.927m holdover=0.569m comp=10.79deg residual=-11.63deg) q_wxyz=(0.999124,0.000790,0.035408,-0.022299) cmd_deg=(3.26,-15.13) packed_pitch_deg=-15.13 control=true shoot=false
[DEBUG] armors=1, targets=1
[DEBUG] armors=1, targets=1
[DEBUG] armors=1, targets=1
[DEBUG] armors=1, targets=1
[DEBUG] armors=1, targets=1
[DEBUG] armors=1, targets=1
[DEBUG] armors=1, targets=1
[DEBUG] armors=1, targets=1
[DEBUG] armors=1, targets=1
[DEBUG] armors=1, targets=1
[DEBUG] armors=1, targets=1
[DEBUG] armors=1, targets=1
[DEBUG] armors=1, targets=1
[DEBUG] armors=1, targets=1
[DEBUG] armors=1, targets=1
[DEBUG] armors=1, targets=1
[DEBUG] armors=0, targets=1
[DEBUG] armors=1, targets=1
[DEBUG] armors=1, targets=1
[2026-09-05 13:06:34.606] [info] [SYNC][XUC] mode=0 yaw=-2.56 deg pitch=4.06 deg feeder_rpm=0.00 wheel0_rpm=0 wheel1_rpm=0 wheel_delta=0 projectile_speed=12.80
[DEBUG] armors=1, targets=1
[2026-09-05 13:06:34.619] [info] [DRYRUN] measured_gimbal=(2.955,0.037,0.098) measured_world=(2.950,0.169,-0.111) tracked_world=(2.923,0.167,-0.110) target_gimbal_deg=(0.72,1.90) target_world_deg=(3.28,-2.16) gimbal_deg=(2.56,4.06) armor_y_px=505.5 pixel_error_deg=(0.02,-0.85) ballistic=(range=2.955m holdover=0.576m comp=10.83deg residual=-11.67deg) q_wxyz=(0.999124,0.000790,0.035408,-0.022299) cmd_deg=(3.27,-15.17) packed_pitch_deg=-15.17 control=true shoot=false
[2026-09-05 13:06:34.621] [info] [PERF] 总耗时=15.3ms (检测=12.6ms, 跟踪=0.4ms), FPS=65.5
[2026-09-05 13:06:34.621] [info] 📊 [CAMERA FPS] 瞬时帧率=65.3fps, 平均帧率=64.5fps, 总帧数=3400, 运行时间=52.7s
[DEBUG] armors=1, targets=1
[DEBUG] armors=1, targets=1
[DEBUG] armors=1, targets=1
[DEBUG] armors=1, targets=1
[DEBUG] armors=1, targets=1
[DEBUG] armors=1, targets=1
[DEBUG] armors=1, targets=1
[DEBUG] armors=1, targets=1
[DEBUG] armors=1, targets=1
[DEBUG] armors=1, targets=1
[DEBUG] armors=1, targets=1
[DEBUG] armors=1, targets=1
[DEBUG] armors=1, targets=1
[DEBUG] armors=1, targets=1
[DEBUG] armors=1, targets=1
[DEBUG] armors=1, targets=1
[DEBUG] armors=1, targets=1
[DEBUG] armors=1, targets=1
[DEBUG] armors=1, targets=1
[DEBUG] armors=1, targets=1
[2026-09-05 13:06:34.928] [info] [DRYRUN] measured_gimbal=(2.934,0.036,0.098) measured_world=(2.930,0.167,-0.110) tracked_world=(2.930,0.167,-0.110) target_gimbal_deg=(0.71,1.91) target_world_deg=(3.27,-2.14) gimbal_deg=(2.56,4.06) armor_y_px=505.3 pixel_error_deg=(0.03,-0.85) ballistic=(range=2.935m holdover=0.571m comp=10.80deg residual=-11.65deg) q_wxyz=(0.999124,0.000790,0.035408,-0.022299) cmd_deg=(3.27,-15.16) packed_pitch_deg=-15.16 control=true shoot=false
[DEBUG] armors=1, targets=1
[DEBUG] armors=1, targets=1
[DEBUG] armors=1, targets=1
[DEBUG] armors=1, targets=1
[DEBUG] armors=1, targets=1
[DEBUG] armors=1, targets=1
[DEBUG] armors=1, targets=1
[DEBUG] armors=1, targets=1
[DEBUG] armors=1, targets=1
[DEBUG] armors=1, targets=1
[DEBUG] armors=1, targets=1
[DEBUG] armors=1, targets=1
[DEBUG] armors=1, targets=1
[DEBUG] armors=1, targets=1
[DEBUG] armors=1, targets=1
[DEBUG] armors=1, targets=1
[DEBUG] armors=1, targets=1
[DEBUG] armors=1, targets=1
[DEBUG] armors=1, targets=1
[DEBUG] armors=1, targets=1
[2026-09-05 13:06:35.238] [info] [DRYRUN] measured_gimbal=(2.966,0.037,0.099) measured_world=(2.961,0.169,-0.112) tracked_world=(2.938,0.168,-0.110) target_gimbal_deg=(0.72,1.90) target_world_deg=(3.28,-2.16) gimbal_deg=(2.56,4.06) armor_y_px=505.3 pixel_error_deg=(0.03,-0.85) ballistic=(range=2.966m holdover=0.580m comp=10.84deg residual=-11.69deg) q_wxyz=(0.999124,0.000790,0.035408,-0.022299) cmd_deg=(3.27,-15.21) packed_pitch_deg=-15.21 control=true shoot=false
[DEBUG] armors=1, targets=1
[DEBUG] armors=1, targets=1
[DEBUG] armors=1, targets=1
[DEBUG] armors=1, targets=1
[DEBUG] armors=1, targets=1
[DEBUG] armors=1, targets=1
[DEBUG] armors=1, targets=1
[DEBUG] armors=1, targets=1
[DEBUG] armors=1, targets=1
[2026-09-05 13:06:35.380] [info] [SYNC][XUC] mode=0 yaw=-2.56 deg pitch=4.06 deg feeder_rpm=0.00 wheel0_rpm=0 wheel1_rpm=0 wheel_delta=0 projectile_speed=12.80
[DEBUG] armors=1, targets=1
[2026-09-05 13:06:35.395] [info] [PERF] 总耗时=15.0ms (检测=12.0ms, 跟踪=0.5ms), FPS=66.6
[2026-09-05 13:06:35.395] [info] 📊 [CAMERA FPS] 瞬时帧率=66.5fps, 平均帧率=64.5fps, 总帧数=3450, 运行时间=53.5s
[DEBUG] armors=1, targets=1
[DEBUG] armors=1, targets=1
[DEBUG] armors=1, targets=1
[DEBUG] armors=1, targets=1
[DEBUG] armors=0, targets=1
[DEBUG] armors=1, targets=1
[DEBUG] armors=1, targets=1
[DEBUG] armors=1, targets=1
[DEBUG] armors=1, targets=1
[DEBUG] armors=1, targets=1
[2026-09-05 13:06:35.547] [info] [DRYRUN] measured_gimbal=(2.942,0.037,0.098) measured_world=(2.937,0.168,-0.110) tracked_world=(2.942,0.168,-0.111) target_gimbal_deg=(0.71,1.91) target_world_deg=(3.27,-2.14) gimbal_deg=(2.56,4.06) armor_y_px=505.2 pixel_error_deg=(0.03,-0.85) ballistic=(range=2.942m holdover=0.573m comp=10.81deg residual=-11.66deg) q_wxyz=(0.999124,0.000790,0.035408,-0.022299) cmd_deg=(3.28,-15.19) packed_pitch_deg=-15.19 control=true shoot=false
[DEBUG] armors=0, targets=1
[DEBUG] armors=1, targets=1
[DEBUG] armors=1, targets=1
[DEBUG] armors=1, targets=1
[DEBUG] armors=1, targets=1
[DEBUG] armors=1, targets=1
[DEBUG] armors=1, targets=1
[DEBUG] armors=1, targets=1
[DEBUG] armors=1, targets=1
[DEBUG] armors=1, targets=1
[DEBUG] armors=1, targets=1
[DEBUG] armors=1, targets=1
[DEBUG] armors=1, targets=1
[DEBUG] armors=1, targets=1
[DEBUG] armors=1, targets=1
[DEBUG] armors=1, targets=1
[DEBUG] armors=1, targets=1
[DEBUG] armors=1, targets=1
[DEBUG] armors=1, targets=1
[DEBUG] armors=1, targets=1
[2026-09-05 13:06:35.860] [info] [DRYRUN] measured_gimbal=(2.939,0.037,0.098) measured_world=(2.934,0.168,-0.110) tracked_world=(2.935,0.167,-0.110) target_gimbal_deg=(0.71,1.91) target_world_deg=(3.27,-2.15) gimbal_deg=(2.56,4.06) armor_y_px=505.5 pixel_error_deg=(0.03,-0.85) ballistic=(range=2.939m holdover=0.572m comp=10.80deg residual=-11.65deg) q_wxyz=(0.999124,0.000790,0.035408,-0.022299) cmd_deg=(3.26,-15.16) packed_pitch_deg=-15.16 control=true shoot=false
[DEBUG] armors=1, targets=1
[DEBUG] armors=1, targets=1
[DEBUG] armors=1, targets=1
[DEBUG] armors=1, targets=1
[DEBUG] armors=1, targets=1
[DEBUG] armors=1, targets=1
[DEBUG] armors=1, targets=1
[DEBUG] armors=1, targets=1
[DEBUG] armors=1, targets=1
[DEBUG] armors=1, targets=1
[DEBUG] armors=1, targets=1
[DEBUG] armors=1, targets=1
[DEBUG] armors=1, targets=1
[DEBUG] armors=1, targets=1
[DEBUG] armors=1, targets=1
[DEBUG] armors=1, targets=1
[DEBUG] armors=1, targets=1
[DEBUG] armors=1, targets=1
[DEBUG] armors=1, targets=1
[2026-09-05 13:06:36.157] [info] [SYNC][XUC] mode=0 yaw=-2.56 deg pitch=4.06 deg feeder_rpm=-4.00 wheel0_rpm=0 wheel1_rpm=0 wheel_delta=0 projectile_speed=12.80
[DEBUG] armors=1, targets=1
[2026-09-05 13:06:36.171] [info] [DRYRUN] measured_gimbal=(2.917,0.036,0.098) measured_world=(2.912,0.166,-0.109) tracked_world=(2.923,0.166,-0.109) target_gimbal_deg=(0.70,1.92) target_world_deg=(3.26,-2.14) gimbal_deg=(2.56,4.06) armor_y_px=505.6 pixel_error_deg=(0.03,-0.84) ballistic=(range=2.917m holdover=0.566m comp=10.77deg residual=-11.61deg) q_wxyz=(0.999124,0.000790,0.035408,-0.022299) cmd_deg=(3.26,-15.10) packed_pitch_deg=-15.10 control=true shoot=false
[2026-09-05 13:06:36.173] [info] [PERF] 总耗时=15.9ms (检测=12.8ms, 跟踪=0.5ms), FPS=62.9
[2026-09-05 13:06:36.173] [info] 📊 [CAMERA FPS] 瞬时帧率=62.7fps, 平均帧率=64.5fps, 总帧数=3500, 运行时间=54.3s
[DEBUG] armors=1, targets=1
[DEBUG] armors=1, targets=1
[DEBUG] armors=1, targets=1
[DEBUG] armors=1, targets=1
[DEBUG] armors=1, targets=1
[DEBUG] armors=1, targets=1
[DEBUG] armors=1, targets=1
[DEBUG] armors=1, targets=1
[DEBUG] armors=1, targets=1
[DEBUG] armors=1, targets=1
[DEBUG] armors=1, targets=1
[DEBUG] armors=1, targets=1
[DEBUG] armors=1, targets=1
[DEBUG] armors=1, targets=1
[DEBUG] armors=1, targets=1
[DEBUG] armors=1, targets=1
[DEBUG] armors=1, targets=1
[DEBUG] armors=1, targets=1
[DEBUG] armors=1, targets=1
[DEBUG] armors=1, targets=1
[2026-09-05 13:06:36.486] [info] [DRYRUN] measured_gimbal=(2.919,0.036,0.098) measured_world=(2.914,0.166,-0.109) tracked_world=(2.915,0.166,-0.109) target_gimbal_deg=(0.70,1.91) target_world_deg=(3.26,-2.14) gimbal_deg=(2.56,4.06) armor_y_px=505.6 pixel_error_deg=(0.03,-0.84) ballistic=(range=2.919m holdover=0.567m comp=10.77deg residual=-11.62deg) q_wxyz=(0.999124,0.000790,0.035408,-0.022299) cmd_deg=(3.26,-15.12) packed_pitch_deg=-15.12 control=true shoot=false
[DEBUG] armors=1, targets=1
[DEBUG] armors=1, targets=1
[DEBUG] armors=1, targets=1
[DEBUG] armors=1, targets=1
[DEBUG] armors=1, targets=1
[DEBUG] armors=1, targets=1
[DEBUG] armors=1, targets=1
[DEBUG] armors=1, targets=1
[DEBUG] armors=1, targets=1
[DEBUG] armors=1, targets=1
[DEBUG] armors=1, targets=1
[DEBUG] armors=1, targets=1
[DEBUG] armors=1, targets=1
[DEBUG] armors=1, targets=1
[DEBUG] armors=1, targets=1
[DEBUG] armors=1, targets=1
[DEBUG] armors=1, targets=1
[DEBUG] armors=1, targets=1
[DEBUG] armors=1, targets=1
[DEBUG] armors=1, targets=1
[2026-09-05 13:06:36.800] [info] [DRYRUN] measured_gimbal=(2.927,0.036,0.098) measured_world=(2.922,0.167,-0.110) tracked_world=(2.914,0.166,-0.109) target_gimbal_deg=(0.71,1.91) target_world_deg=(3.27,-2.14) gimbal_deg=(2.56,4.06) armor_y_px=505.4 pixel_error_deg=(0.03,-0.85) ballistic=(range=2.927m holdover=0.569m comp=10.79deg residual=-11.63deg) q_wxyz=(0.999124,0.000790,0.035408,-0.022299) cmd_deg=(3.27,-15.13) packed_pitch_deg=-15.13 control=true shoot=false
[DEBUG] armors=1, targets=1
[DEBUG] armors=1, targets=1
[DEBUG] armors=1, targets=1
[DEBUG] armors=1, targets=1
[DEBUG] armors=1, targets=1
[DEBUG] armors=1, targets=1
[DEBUG] armors=1, targets=1
[DEBUG] armors=1, targets=1
[DEBUG] armors=1, targets=1
[2026-09-05 13:06:36.948] [info] [SYNC][XUC] mode=0 yaw=-2.56 deg pitch=4.06 deg feeder_rpm=0.00 wheel0_rpm=0 wheel1_rpm=0 wheel_delta=0 projectile_speed=12.80
[DEBUG] armors=1, targets=1
[2026-09-05 13:06:36.964] [info] [PERF] 总耗时=15.9ms (检测=13.0ms, 跟踪=0.5ms), FPS=62.8
[2026-09-05 13:06:36.964] [info] 📊 [CAMERA FPS] 瞬时帧率=62.7fps, 平均帧率=64.5fps, 总帧数=3550, 运行时间=55.1s
[DEBUG] armors=1, targets=1
[DEBUG] armors=1, targets=1
[DEBUG] armors=1, targets=1
[DEBUG] armors=1, targets=1
[DEBUG] armors=1, targets=1
[DEBUG] armors=1, targets=1
[DEBUG] armors=1, targets=1
[DEBUG] armors=1, targets=1
[DEBUG] armors=1, targets=1
[DEBUG] armors=1, targets=1
[2026-09-05 13:06:37.121] [info] [DRYRUN] measured_gimbal=(2.935,0.036,0.098) measured_world=(2.930,0.167,-0.110) tracked_world=(2.917,0.166,-0.110) target_gimbal_deg=(0.71,1.91) target_world_deg=(3.26,-2.15) gimbal_deg=(2.56,4.06) armor_y_px=505.6 pixel_error_deg=(0.03,-0.84) ballistic=(range=2.935m holdover=0.571m comp=10.80deg residual=-11.64deg) q_wxyz=(0.999124,0.000790,0.035408,-0.022299) cmd_deg=(3.27,-15.13) packed_pitch_deg=-15.13 control=true shoot=false
[DEBUG] armors=1, targets=1
[DEBUG] armors=1, targets=1
[DEBUG] armors=1, targets=1
[DEBUG] armors=1, targets=1
[DEBUG] armors=1, targets=1
[DEBUG] armors=1, targets=1
[DEBUG] armors=1, targets=1
[DEBUG] armors=1, targets=1
[DEBUG] armors=1, targets=1
[DEBUG] armors=1, targets=1
[DEBUG] armors=1, targets=1
[DEBUG] armors=1, targets=1
[DEBUG] armors=1, targets=1
[DEBUG] armors=1, targets=1
[DEBUG] armors=1, targets=1
[DEBUG] armors=1, targets=1
[DEBUG] armors=1, targets=1
[DEBUG] armors=1, targets=1
[DEBUG] armors=1, targets=1
[DEBUG] armors=1, targets=1
[2026-09-05 13:06:37.430] [info] [DRYRUN] measured_gimbal=(2.927,0.036,0.097) measured_world=(2.922,0.167,-0.110) tracked_world=(2.916,0.166,-0.110) target_gimbal_deg=(0.71,1.91) target_world_deg=(3.27,-2.15) gimbal_deg=(2.56,4.06) armor_y_px=505.8 pixel_error_deg=(0.03,-0.84) ballistic=(range=2.927m holdover=0.569m comp=10.78deg residual=-11.62deg) q_wxyz=(0.999124,0.000790,0.035408,-0.022299) cmd_deg=(3.26,-15.12) packed_pitch_deg=-15.12 control=true shoot=false
[DEBUG] armors=1, targets=1
[DEBUG] armors=1, targets=1
[DEBUG] armors=1, targets=1
[DEBUG] armors=1, targets=1
[DEBUG] armors=1, targets=1
[DEBUG] armors=1, targets=1
[DEBUG] armors=1, targets=1
[DEBUG] armors=1, targets=1
[DEBUG] armors=1, targets=1
[DEBUG] armors=1, targets=1
[DEBUG] armors=1, targets=1
[DEBUG] armors=1, targets=1
[DEBUG] armors=1, targets=1
[DEBUG] armors=1, targets=1
[DEBUG] armors=1, targets=1
[DEBUG] armors=1, targets=1
[DEBUG] armors=1, targets=1
[DEBUG] armors=1, targets=1
[DEBUG] armors=1, targets=1
[2026-09-05 13:06:37.725] [info] [SYNC][XUC] mode=0 yaw=-2.56 deg pitch=4.06 deg feeder_rpm=-4.00 wheel0_rpm=0 wheel1_rpm=0 wheel_delta=0 projectile_speed=12.80
[DEBUG] armors=1, targets=1
[2026-09-05 13:06:37.737] [info] [DRYRUN] measured_gimbal=(2.931,0.036,0.098) measured_world=(2.926,0.167,-0.110) tracked_world=(2.918,0.166,-0.110) target_gimbal_deg=(0.71,1.91) target_world_deg=(3.27,-2.15) gimbal_deg=(2.56,4.06) armor_y_px=505.4 pixel_error_deg=(0.03,-0.85) ballistic=(range=2.931m holdover=0.570m comp=10.79deg residual=-11.64deg) q_wxyz=(0.999124,0.000790,0.035408,-0.022299) cmd_deg=(3.26,-15.14) packed_pitch_deg=-15.14 control=true shoot=false
[2026-09-05 13:06:37.740] [info] [PERF] 总耗时=15.3ms (检测=12.0ms, 跟踪=0.5ms), FPS=65.2
[2026-09-05 13:06:37.740] [info] 📊 [CAMERA FPS] 瞬时帧率=65.1fps, 平均帧率=64.5fps, 总帧数=3600, 运行时间=55.8s
[DEBUG] armors=1, targets=1
[DEBUG] armors=1, targets=1
[DEBUG] armors=1, targets=1
[DEBUG] armors=1, targets=1
[DEBUG] armors=1, targets=1
[DEBUG] armors=1, targets=1
[DEBUG] armors=1, targets=1
[DEBUG] armors=1, targets=1
[DEBUG] armors=1, targets=1
[DEBUG] armors=1, targets=1
[DEBUG] armors=1, targets=1
[DEBUG] armors=1, targets=1
[DEBUG] armors=1, targets=1
[DEBUG] armors=1, targets=1
[DEBUG] armors=1, targets=1
[DEBUG] armors=1, targets=1
[DEBUG] armors=1, targets=1
[DEBUG] armors=1, targets=1
[DEBUG] armors=1, targets=1
[DEBUG] armors=1, targets=1
[2026-09-05 13:06:38.050] [info] [DRYRUN] measured_gimbal=(2.917,0.036,0.098) measured_world=(2.913,0.166,-0.109) tracked_world=(2.919,0.166,-0.109) target_gimbal_deg=(0.70,1.91) target_world_deg=(3.26,-2.14) gimbal_deg=(2.56,4.06) armor_y_px=505.6 pixel_error_deg=(0.03,-0.84) ballistic=(range=2.918m holdover=0.566m comp=10.77deg residual=-11.61deg) q_wxyz=(0.999124,0.000790,0.035408,-0.022299) cmd_deg=(3.26,-15.13) packed_pitch_deg=-15.13 control=true shoot=false
[DEBUG] armors=1, targets=1
[DEBUG] armors=1, targets=1
[DEBUG] armors=1, targets=1
[DEBUG] armors=0, targets=1
[DEBUG] armors=1, targets=1
[DEBUG] armors=1, targets=1
[DEBUG] armors=1, targets=1
[DEBUG] armors=1, targets=1
[DEBUG] armors=1, targets=1
[DEBUG] armors=1, targets=1
[DEBUG] armors=1, targets=1
[DEBUG] armors=1, targets=1
[DEBUG] armors=1, targets=1
[DEBUG] armors=1, targets=1
[DEBUG] armors=1, targets=1
[DEBUG] armors=1, targets=1
[DEBUG] armors=1, targets=1
[DEBUG] armors=1, targets=1
[DEBUG] armors=1, targets=1
[DEBUG] armors=1, targets=1
[2026-09-05 13:06:38.366] [info] [DRYRUN] measured_gimbal=(2.927,0.036,0.098) measured_world=(2.922,0.167,-0.110) tracked_world=(2.918,0.166,-0.109) target_gimbal_deg=(0.71,1.91) target_world_deg=(3.27,-2.15) gimbal_deg=(2.56,4.06) armor_y_px=505.7 pixel_error_deg=(0.03,-0.84) ballistic=(range=2.928m holdover=0.569m comp=10.79deg residual=-11.63deg) q_wxyz=(0.999124,0.000790,0.035408,-0.022299) cmd_deg=(3.26,-15.12) packed_pitch_deg=-15.12 control=true shoot=false
[DEBUG] armors=1, targets=1
[DEBUG] armors=1, targets=1
[DEBUG] armors=1, targets=1
[DEBUG] armors=1, targets=1
[DEBUG] armors=1, targets=1
[DEBUG] armors=1, targets=1
[DEBUG] armors=1, targets=1
[DEBUG] armors=1, targets=1
[DEBUG] armors=1, targets=1
[2026-09-05 13:06:38.510] [info] [SYNC][XUC] mode=0 yaw=-2.56 deg pitch=4.06 deg feeder_rpm=0.00 wheel0_rpm=0 wheel1_rpm=0 wheel_delta=0 projectile_speed=12.80
[DEBUG] armors=1, targets=1
[2026-09-05 13:06:38.526] [info] [PERF] 总耗时=15.2ms (检测=12.5ms, 跟踪=0.4ms), FPS=65.6
[2026-09-05 13:06:38.526] [info] 📊 [CAMERA FPS] 瞬时帧率=65.3fps, 平均帧率=64.5fps, 总帧数=3650, 运行时间=56.6s
[DEBUG] armors=1, targets=1
[DEBUG] armors=1, targets=1
[DEBUG] armors=1, targets=1
[DEBUG] armors=1, targets=1
[DEBUG] armors=1, targets=1
[DEBUG] armors=1, targets=1
[DEBUG] armors=1, targets=1
[DEBUG] armors=1, targets=1
[DEBUG] armors=1, targets=1
[DEBUG] armors=1, targets=1
[2026-09-05 13:06:38.680] [info] [DRYRUN] measured_gimbal=(2.970,0.037,0.099) measured_world=(2.965,0.170,-0.112) tracked_world=(2.920,0.167,-0.109) target_gimbal_deg=(0.72,1.90) target_world_deg=(3.28,-2.16) gimbal_deg=(2.56,4.06) armor_y_px=505.3 pixel_error_deg=(0.03,-0.85) ballistic=(range=2.970m holdover=0.581m comp=10.85deg residual=-11.70deg) q_wxyz=(0.999124,0.000790,0.035408,-0.022299) cmd_deg=(3.25,-15.14) packed_pitch_deg=-15.14 control=true shoot=false
[DEBUG] armors=1, targets=1
[DEBUG] armors=1, targets=1
[DEBUG] armors=1, targets=1
[DEBUG] armors=1, targets=1
[DEBUG] armors=1, targets=1
[DEBUG] armors=1, targets=1
[DEBUG] armors=1, targets=1
[DEBUG] armors=1, targets=1
[DEBUG] armors=1, targets=1
[DEBUG] armors=1, targets=1
[DEBUG] armors=1, targets=1
[DEBUG] armors=1, targets=1
[DEBUG] armors=1, targets=1
[DEBUG] armors=1, targets=1
[DEBUG] armors=1, targets=1
[DEBUG] armors=1, targets=1
[DEBUG] armors=1, targets=1
[DEBUG] armors=1, targets=1
[DEBUG] armors=1, targets=1
[DEBUG] armors=1, targets=1
[2026-09-05 13:06:38.991] [info] [DRYRUN] measured_gimbal=(2.935,0.036,0.098) measured_world=(2.930,0.167,-0.110) tracked_world=(2.924,0.167,-0.110) target_gimbal_deg=(0.71,1.91) target_world_deg=(3.26,-2.15) gimbal_deg=(2.56,4.06) armor_y_px=505.4 pixel_error_deg=(0.03,-0.85) ballistic=(range=2.935m holdover=0.571m comp=10.80deg residual=-11.64deg) q_wxyz=(0.999124,0.000790,0.035408,-0.022299) cmd_deg=(3.27,-15.15) packed_pitch_deg=-15.15 control=true shoot=false
[DEBUG] armors=1, targets=1
[DEBUG] armors=1, targets=1
[DEBUG] armors=1, targets=1
[DEBUG] armors=1, targets=1
[DEBUG] armors=1, targets=1
[DEBUG] armors=1, targets=1
[DEBUG] armors=1, targets=1
[DEBUG] armors=1, targets=1
[DEBUG] armors=1, targets=1
[DEBUG] armors=1, targets=1
[DEBUG] armors=1, targets=1
[DEBUG] armors=1, targets=1
[DEBUG] armors=1, targets=1
[DEBUG] armors=1, targets=1
[DEBUG] armors=1, targets=1
[DEBUG] armors=1, targets=1
[DEBUG] armors=1, targets=1
[DEBUG] armors=1, targets=1
[DEBUG] armors=1, targets=1
[2026-09-05 13:06:39.292] [info] [SYNC][XUC] mode=0 yaw=-2.56 deg pitch=4.06 deg feeder_rpm=0.00 wheel0_rpm=0 wheel1_rpm=0 wheel_delta=0 projectile_speed=12.80
[DEBUG] armors=1, targets=1
[2026-09-05 13:06:39.305] [info] [DRYRUN] measured_gimbal=(2.967,0.037,0.098) measured_world=(2.962,0.170,-0.112) tracked_world=(2.931,0.167,-0.110) target_gimbal_deg=(0.72,1.90) target_world_deg=(3.28,-2.16) gimbal_deg=(2.56,4.06) armor_y_px=505.4 pixel_error_deg=(0.02,-0.85) ballistic=(range=2.968m holdover=0.580m comp=10.84deg residual=-11.69deg) q_wxyz=(0.999124,0.000790,0.035408,-0.022299) cmd_deg=(3.26,-15.19) packed_pitch_deg=-15.19 control=true shoot=false
[2026-09-05 13:06:39.307] [info] [PERF] 总耗时=14.9ms (检测=12.4ms, 跟踪=0.4ms), FPS=67.0
[2026-09-05 13:06:39.307] [info] 📊 [CAMERA FPS] 瞬时帧率=66.8fps, 平均帧率=64.4fps, 总帧数=3700, 运行时间=57.4s
[DEBUG] armors=1, targets=1
[DEBUG] armors=1, targets=1
[2026-09-05 13:06:39.337] [info] Switch to auto_aim
[DEBUG] armors=1, targets=1
[DEBUG] armors=1, targets=1
[2026-09-05 13:06:39.368] [info] [SYNC][XUC] mode=1 yaw=-2.56 deg pitch=4.06 deg feeder_rpm=0.00 wheel0_rpm=1160 wheel1_rpm=1300 wheel_delta=-140 projectile_speed=12.80
[DEBUG] armors=1, targets=1
[DEBUG] armors=1, targets=1
[DEBUG] armors=1, targets=1
[DEBUG] armors=1, targets=1
[DEBUG] armors=1, targets=1
[2026-09-05 13:06:39.444] [info] [SYNC][XUC] mode=1 yaw=-2.71 deg pitch=2.32 deg feeder_rpm=0.00 wheel0_rpm=2620 wheel1_rpm=2800 wheel_delta=-180 projectile_speed=12.80
[DEBUG] armors=1, targets=1
[DEBUG] armors=1, targets=1
[DEBUG] armors=1, targets=1
[DEBUG] armors=1, targets=1
[DEBUG] armors=1, targets=1
[2026-09-05 13:06:39.520] [info] [SYNC][XUC] mode=1 yaw=-2.79 deg pitch=-1.13 deg feeder_rpm=-4.00 wheel0_rpm=3060 wheel1_rpm=3100 wheel_delta=-40 projectile_speed=12.80
[DEBUG] armors=1, targets=1
[DEBUG] armors=1, targets=1
[DEBUG] armors=0, targets=1
[DEBUG] armors=1, targets=1
[DEBUG] armors=1, targets=1
[2026-09-05 13:06:39.598] [info] [SYNC][XUC] mode=1 yaw=-2.85 deg pitch=-5.10 deg feeder_rpm=0.00 wheel0_rpm=3180 wheel1_rpm=3140 wheel_delta=40 projectile_speed=12.80
[DEBUG] armors=1, targets=1
[2026-09-05 13:06:39.611] [info] [DRYRUN] measured_gimbal=(2.810,0.034,-0.369) measured_world=(2.826,0.175,-0.118) tracked_world=(2.895,0.174,-0.115) target_gimbal_deg=(0.70,-7.49) target_world_deg=(3.54,-2.38) gimbal_deg=(2.85,-5.10) armor_y_px=893.6 pixel_error_deg=(0.02,8.61) ballistic=(range=2.810m holdover=0.531m comp=10.48deg residual=-1.87deg) q_wxyz=(0.998700,-0.001106,-0.044504,-0.024816) cmd_deg=(3.51,-9.66) packed_pitch_deg=-9.66 control=true shoot=false
[DEBUG] armors=1, targets=1
[2026-09-05 13:06:39.626] [info] [XUC][FIRE] stable-window candidate started
[DEBUG] armors=1, targets=1
[DEBUG] armors=1, targets=1
[DEBUG] armors=1, targets=1
[2026-09-05 13:06:39.674] [info] [SYNC][XUC] mode=1 yaw=-2.86 deg pitch=-6.78 deg feeder_rpm=0.00 wheel0_rpm=3140 wheel1_rpm=3120 wheel_delta=20 projectile_speed=12.80
[DEBUG] armors=1, targets=1
[DEBUG] armors=1, targets=1
[DEBUG] armors=0, targets=1
[2026-09-05 13:06:39.717] [info] [XUC][FIRE] stable window reset
[DEBUG] armors=1, targets=1
[2026-09-05 13:06:39.732] [info] [XUC][FIRE] stable-window candidate started
[DEBUG] armors=1, targets=1
[2026-09-05 13:06:39.750] [info] [SYNC][XUC] mode=1 yaw=-2.86 deg pitch=-7.02 deg feeder_rpm=0.00 wheel0_rpm=3180 wheel1_rpm=3100 wheel_delta=80 projectile_speed=12.80
[DEBUG] armors=1, targets=1
[DEBUG] armors=1, targets=1
[DEBUG] armors=1, targets=1
[DEBUG] armors=1, targets=1
[DEBUG] armors=0, targets=1
[2026-09-05 13:06:39.824] [info] [XUC][FIRE] stable window reset
[2026-09-05 13:06:39.826] [info] [SYNC][XUC] mode=1 yaw=-2.87 deg pitch=-7.03 deg feeder_rpm=0.00 wheel0_rpm=3180 wheel1_rpm=3180 wheel_delta=0 projectile_speed=12.80
[DEBUG] armors=0, targets=1
[DEBUG] armors=1, targets=1
[2026-09-05 13:06:39.854] [info] [XUC][FIRE] stable-window candidate started
[DEBUG] armors=1, targets=1
[DEBUG] armors=1, targets=1
[DEBUG] armors=1, targets=1
[2026-09-05 13:06:39.903] [info] [SYNC][XUC] mode=1 yaw=-2.87 deg pitch=-6.93 deg feeder_rpm=0.00 wheel0_rpm=3120 wheel1_rpm=3100 wheel_delta=20 projectile_speed=12.80
[DEBUG] armors=1, targets=1
[2026-09-05 13:06:39.917] [info] [DRYRUN] measured_gimbal=(2.868,0.036,-0.480) measured_world=(2.900,0.182,-0.130) tracked_world=(2.869,0.181,-0.129) target_gimbal_deg=(0.72,-9.50) target_world_deg=(3.59,-2.56) gimbal_deg=(2.87,-6.93) armor_y_px=976.3 pixel_error_deg=(0.01,10.58) ballistic=(range=2.868m holdover=0.545m comp=10.54deg residual=0.04deg) q_wxyz=(0.997857,-0.001514,-0.060447,-0.025001) cmd_deg=(3.74,-6.84) packed_pitch_deg=-6.84 control=true shoot=false
[DEBUG] armors=1, targets=1
[DEBUG] armors=0, targets=1
[2026-09-05 13:06:39.946] [info] [XUC][FIRE] stable window reset
[DEBUG] armors=0, targets=1
[DEBUG] armors=1, targets=1
[2026-09-05 13:06:39.976] [info] [XUC][FIRE] stable-window candidate started
[2026-09-05 13:06:39.978] [info] [SYNC][XUC] mode=1 yaw=-2.87 deg pitch=-6.88 deg feeder_rpm=0.00 wheel0_rpm=3160 wheel1_rpm=3120 wheel_delta=40 projectile_speed=12.80
[DEBUG] armors=1, targets=1
[DEBUG] armors=1, targets=1
[DEBUG] armors=1, targets=1
[DEBUG] armors=1, targets=1
[DEBUG] armors=1, targets=1
[2026-09-05 13:06:40.054] [info] [SYNC][XUC] mode=1 yaw=-2.88 deg pitch=-6.84 deg feeder_rpm=0.00 wheel0_rpm=3180 wheel1_rpm=3180 wheel_delta=0 projectile_speed=12.80
[DEBUG] armors=1, targets=1
[2026-09-05 13:06:40.069] [info] [PERF] 总耗时=15.3ms (检测=12.3ms, 跟踪=0.5ms), FPS=65.5
[2026-09-05 13:06:40.069] [info] 📊 [CAMERA FPS] 瞬时帧率=65.4fps, 平均帧率=64.5fps, 总帧数=3750, 运行时间=58.2s
[DEBUG] armors=1, targets=1
[DEBUG] armors=1, targets=1
[DEBUG] armors=1, targets=1
[DEBUG] armors=1, targets=1
[2026-09-05 13:06:40.133] [info] [SYNC][XUC] mode=1 yaw=-2.88 deg pitch=-6.83 deg feeder_rpm=0.00 wheel0_rpm=3140 wheel1_rpm=3140 wheel_delta=0 projectile_speed=12.80
[DEBUG] armors=1, targets=1
[DEBUG] armors=1, targets=1
[DEBUG] armors=1, targets=1
[2026-09-05 13:06:40.178] [info] [XUC][FIRE] qualified after 207 ms, pixel error deg=(0.01,-0.12)
[DEBUG] armors=1, targets=1
[DEBUG] armors=1, targets=1
[2026-09-05 13:06:40.211] [info] [SYNC][XUC] mode=1 yaw=-2.86 deg pitch=-6.84 deg feeder_rpm=1743.00 wheel0_rpm=3200 wheel1_rpm=3160 wheel_delta=40 projectile_speed=12.80
[DEBUG] armors=1, targets=1
[2026-09-05 13:06:40.224] [info] [DRYRUN] measured_gimbal=(2.857,0.036,-0.472) measured_world=(2.887,0.181,-0.129) tracked_world=(2.891,0.184,-0.133) target_gimbal_deg=(0.73,-9.38) target_world_deg=(3.58,-2.55) gimbal_deg=(2.86,-6.84) armor_y_px=971.6 pixel_error_deg=(0.00,10.47) ballistic=(range=2.857m holdover=0.542m comp=10.52deg residual=-0.05deg) q_wxyz=(0.997909,-0.001490,-0.059604,-0.024951) cmd_deg=(3.71,-6.97) packed_pitch_deg=-6.97 control=true shoot=true
[DEBUG] armors=1, targets=1
[DEBUG] armors=1, targets=1
[DEBUG] armors=1, targets=1
[DEBUG] armors=1, targets=1
[2026-09-05 13:06:40.289] [info] [SYNC][XUC] mode=1 yaw=-2.88 deg pitch=-6.84 deg feeder_rpm=2054.00 wheel0_rpm=3160 wheel1_rpm=3140 wheel_delta=20 projectile_speed=12.80
[DEBUG] armors=1, targets=1
[DEBUG] armors=1, targets=1
[DEBUG] armors=1, targets=1
[DEBUG] armors=1, targets=1
[DEBUG] armors=1, targets=1
[2026-09-05 13:06:40.366] [info] [SYNC][XUC] mode=1 yaw=-2.88 deg pitch=-6.85 deg feeder_rpm=205.00 wheel0_rpm=3160 wheel1_rpm=3120 wheel_delta=40 projectile_speed=12.80
[DEBUG] armors=1, targets=1
[DEBUG] armors=1, targets=1
[2026-09-05 13:06:40.483] [warning] MV_CC_GetImageBuffer failed: 0x80000007
[2026-09-05 13:06:40.483] [info] HikRobot's capture thread stopped.
[2026-09-05 13:06:41.248] [warning] Unable to reset usb!
[2026-09-05 13:06:41.259] [warning] Not found camera!
[2026-09-05 13:06:41.359] [warning] Unable to open usb!
[2026-09-05 13:06:41.359] [warning] Not found camera!
[2026-09-05 13:06:41.459] [warning] Unable to open usb!
[2026-09-05 13:06:41.459] [warning] Not found camera!
[2026-09-05 13:06:41.559] [warning] Unable to open usb!
[2026-09-05 13:06:41.559] [warning] Not found camera!
[2026-09-05 13:06:41.659] [warning] Unable to open usb!
[2026-09-05 13:06:41.659] [warning] Not found camera!
[2026-09-05 13:06:41.759] [warning] Unable to open usb!
[2026-09-05 13:06:41.760] [warning] Not found camera!
[2026-09-05 13:06:41.860] [warning] Unable to open usb!
[2026-09-05 13:06:41.860] [warning] Not found camera!
[2026-09-05 13:06:41.960] [warning] Unable to open usb!
[2026-09-05 13:06:41.960] [warning] Not found camera!
[2026-09-05 13:06:42.060] [warning] Unable to open usb!
[2026-09-05 13:06:42.060] [warning] Not found camera!
[2026-09-05 13:06:42.160] [warning] Unable to open usb!
[2026-09-05 13:06:42.160] [warning] Not found camera!
[2026-09-05 13:06:42.260] [warning] Unable to open usb!
[2026-09-05 13:06:42.260] [warning] Not found camera!
[2026-09-05 13:06:42.360] [warning] Unable to open usb!
[2026-09-05 13:06:42.360] [warning] Not found camera!
[2026-09-05 13:06:42.461] [warning] Unable to open usb!
[2026-09-05 13:06:42.461] [warning] Not found camera!
[2026-09-05 13:06:42.561] [warning] Unable to open usb!
[2026-09-05 13:06:42.561] [warning] Not found camera!
[2026-09-05 13:06:42.661] [warning] Unable to open usb!
[2026-09-05 13:06:42.661] [warning] Not found camera!
[2026-09-05 13:06:42.761] [warning] Unable to open usb!
[2026-09-05 13:06:42.761] [warning] Not found camera!
[2026-09-05 13:06:42.861] [warning] Unable to open usb!
[2026-09-05 13:06:42.861] [warning] Not found camera!
[2026-09-05 13:06:42.961] [warning] Unable to open usb!
[2026-09-05 13:06:42.961] [warning] Not found camera!
[2026-09-05 13:06:43.062] [warning] Unable to open usb!
[2026-09-05 13:06:43.062] [warning] Not found camera!
[2026-09-05 13:06:43.162] [warning] Unable to open usb!
[2026-09-05 13:06:43.162] [warning] Not found camera!
[2026-09-05 13:06:43.262] [warning] Unable to open usb!
[2026-09-05 13:06:43.262] [warning] Not found camera!
[2026-09-05 13:06:43.362] [warning] Unable to open usb!
[2026-09-05 13:06:43.362] [warning] Not found camera!
[2026-09-05 13:06:43.462] [warning] Unable to open usb!
[2026-09-05 13:06:43.462] [warning] Not found camera!
[2026-09-05 13:06:43.562] [warning] Unable to open usb!
[2026-09-05 13:06:43.562] [warning] Not found camera!
[2026-09-05 13:06:43.663] [warning] Unable to open usb!
[2026-09-05 13:06:43.663] [warning] Not found camera!
[2026-09-05 13:06:43.763] [warning] Unable to open usb!
[2026-09-05 13:06:43.763] [warning] Not found camera!
[2026-09-05 13:06:43.863] [warning] Unable to open usb!
[2026-09-05 13:06:43.863] [warning] Not found camera!
[2026-09-05 13:06:43.963] [warning] Unable to open usb!
[2026-09-05 13:06:43.963] [warning] Not found camera!
[2026-09-05 13:06:44.063] [warning] Unable to open usb!
[2026-09-05 13:06:44.063] [warning] Not found camera!
[2026-09-05 13:06:44.163] [warning] Unable to open usb!
[2026-09-05 13:06:44.163] [warning] Not found camera!
[2026-09-05 13:06:44.264] [warning] Unable to open usb!
[2026-09-05 13:06:44.264] [warning] Not found camera!
[2026-09-05 13:06:44.364] [warning] Unable to open usb!
[2026-09-05 13:06:44.364] [warning] Not found camera!
[2026-09-05 13:06:44.464] [warning] Unable to open usb!
[2026-09-05 13:06:44.464] [warning] Not found camera!
[2026-09-05 13:06:44.564] [warning] Unable to open usb!
[2026-09-05 13:06:44.564] [warning] Not found camera!
[2026-09-05 13:06:44.664] [warning] Unable to open usb!
[2026-09-05 13:06:44.664] [warning] Not found camera!
[2026-09-05 13:06:44.764] [warning] Unable to open usb!
[2026-09-05 13:06:44.764] [warning] Not found camera!
[2026-09-05 13:06:44.864] [warning] Unable to open usb!
[2026-09-05 13:06:44.865] [warning] Not found camera!
[2026-09-05 13:06:44.965] [warning] Unable to open usb!
[2026-09-05 13:06:44.965] [warning] Not found camera!
[2026-09-05 13:06:45.065] [warning] Unable to open usb!
[2026-09-05 13:06:45.065] [warning] Not found camera!
[2026-09-05 13:06:45.165] [warning] Unable to open usb!
[2026-09-05 13:06:45.165] [warning] Not found camera!
[2026-09-05 13:06:45.265] [warning] Unable to open usb!
[2026-09-05 13:06:45.265] [warning] Not found camera!
[2026-09-05 13:06:45.366] [warning] Unable to open usb!
[2026-09-05 13:06:45.366] [warning] Not found camera!
[2026-09-05 13:06:45.466] [warning] Unable to open usb!
[2026-09-05 13:06:45.466] [warning] Not found camera!
[2026-09-05 13:06:45.566] [warning] Unable to open usb!
[2026-09-05 13:06:45.566] [warning] Not found camera!
[2026-09-05 13:06:45.666] [warning] Unable to open usb!
[2026-09-05 13:06:45.666] [warning] Not found camera!
[2026-09-05 13:06:45.766] [warning] Unable to open usb!
[2026-09-05 13:06:45.766] [warning] Not found camera!
[2026-09-05 13:06:45.866] [warning] Unable to open usb!
[2026-09-05 13:06:45.866] [warning] Not found camera!
[2026-09-05 13:06:45.967] [warning] Unable to open usb!
[2026-09-05 13:06:45.967] [warning] Not found camera!
[2026-09-05 13:06:46.067] [warning] Unable to open usb!
[2026-09-05 13:06:46.067] [warning] Not found camera!
[2026-09-05 13:06:46.167] [warning] Unable to open usb!
[2026-09-05 13:06:46.167] [warning] Not found camera!
[2026-09-05 13:06:46.267] [warning] Unable to open usb!
[2026-09-05 13:06:46.267] [warning] Not found camera!
[2026-09-05 13:06:46.367] [warning] Unable to open usb!
[2026-09-05 13:06:46.367] [warning] Not found camera!
[2026-09-05 13:06:46.467] [warning] Unable to open usb!
[2026-09-05 13:06:46.467] [warning] Not found camera!
[2026-09-05 13:06:46.567] [warning] Unable to open usb!
[2026-09-05 13:06:46.567] [warning] Not found camera!
[2026-09-05 13:06:46.667] [warning] Unable to open usb!
[2026-09-05 13:06:46.667] [warning] Not found camera!
[2026-09-05 13:06:46.768] [warning] Unable to open usb!
[2026-09-05 13:06:46.768] [warning] Not found camera!
[2026-09-05 13:06:46.868] [warning] Unable to open usb!
[2026-09-05 13:06:46.868] [warning] Not found camera!
[2026-09-05 13:06:46.968] [warning] Unable to open usb!
[2026-09-05 13:06:46.968] [warning] Not found camera!
[2026-09-05 13:06:47.068] [warning] Unable to open usb!
[2026-09-05 13:06:47.068] [warning] Not found camera!
[2026-09-05 13:06:47.168] [warning] Unable to open usb!
[2026-09-05 13:06:47.168] [warning] Not found camera!
[2026-09-05 13:06:47.268] [warning] Unable to open usb!
[2026-09-05 13:06:47.268] [warning] Not found camera!
[2026-09-05 13:06:47.369] [warning] Unable to open usb!
[2026-09-05 13:06:47.369] [warning] Not found camera!
[2026-09-05 13:06:47.469] [warning] Unable to open usb!
[2026-09-05 13:06:47.469] [warning] Not found camera!
[2026-09-05 13:06:47.569] [warning] Unable to open usb!
[2026-09-05 13:06:47.569] [warning] Not found camera!
[2026-09-05 13:06:47.669] [warning] Unable to open usb!
[2026-09-05 13:06:47.669] [warning] Not found camera!
[2026-09-05 13:06:47.769] [warning] Unable to open usb!
[2026-09-05 13:06:47.769] [warning] Not found camera!
[2026-09-05 13:06:47.869] [warning] Unable to open usb!
[2026-09-05 13:06:47.869] [warning] Not found camera!
[2026-09-05 13:06:47.969] [warning] Unable to open usb!
[2026-09-05 13:06:47.969] [warning] Not found camera!
[2026-09-05 13:06:48.069] [warning] Unable to open usb!
[2026-09-05 13:06:48.070] [warning] Not found camera!
[2026-09-05 13:06:48.170] [warning] Unable to open usb!
[2026-09-05 13:06:48.170] [warning] Not found camera!
[2026-09-05 13:06:48.270] [warning] Unable to open usb!
[2026-09-05 13:06:48.270] [warning] Not found camera!
[2026-09-05 13:06:48.370] [warning] Unable to open usb!
[2026-09-05 13:06:48.370] [warning] Not found camera!
[2026-09-05 13:06:48.470] [warning] Unable to open usb!
[2026-09-05 13:06:48.470] [warning] Not found camera!
[2026-09-05 13:06:48.570] [warning] Unable to open usb!
[2026-09-05 13:06:48.570] [warning] Not found camera!
[2026-09-05 13:06:48.671] [warning] Unable to open usb!
[2026-09-05 13:06:48.671] [warning] Not found camera!
[2026-09-05 13:06:48.771] [warning] Unable to open usb!
[2026-09-05 13:06:48.771] [warning] Not found camera!
[2026-09-05 13:06:48.871] [warning] Unable to open usb!
[2026-09-05 13:06:48.871] [warning] Not found camera!
[2026-09-05 13:06:48.971] [warning] Unable to open usb!
[2026-09-05 13:06:48.971] [warning] Not found camera!
[2026-09-05 13:06:49.071] [warning] Unable to open usb!
[2026-09-05 13:06:49.071] [warning] Not found camera!
[2026-09-05 13:06:49.171] [warning] Unable to open usb!
[2026-09-05 13:06:49.171] [warning] Not found camera!
[2026-09-05 13:06:49.271] [warning] Unable to open usb!
[2026-09-05 13:06:49.272] [warning] Not found camera!
[2026-09-05 13:06:49.372] [warning] Unable to open usb!
[2026-09-05 13:06:49.372] [warning] Not found camera!
[2026-09-05 13:06:49.472] [warning] Unable to open usb!
[2026-09-05 13:06:49.472] [warning] Not found camera!
[2026-09-05 13:06:49.572] [warning] Unable to open usb!
[2026-09-05 13:06:49.572] [warning] Not found camera!
[2026-09-05 13:06:49.672] [warning] Unable to open usb!
[2026-09-05 13:06:49.672] [warning] Not found camera!
[2026-09-05 13:06:49.772] [warning] Unable to open usb!
[2026-09-05 13:06:49.772] [warning] Not found camera!
[2026-09-05 13:06:49.872] [warning] Unable to open usb!
[2026-09-05 13:06:49.873] [warning] Not found camera!
[2026-09-05 13:06:49.973] [warning] Unable to open usb!
[2026-09-05 13:06:49.973] [warning] Not found camera!
[2026-09-05 13:06:50.073] [warning] Unable to open usb!
[2026-09-05 13:06:50.073] [warning] Not found camera!
[2026-09-05 13:06:50.173] [warning] Unable to open usb!
[2026-09-05 13:06:50.173] [warning] Not found camera!
[2026-09-05 13:06:50.273] [warning] Unable to open usb!
[2026-09-05 13:06:50.273] [warning] Not found camera!
[2026-09-05 13:06:50.373] [warning] Unable to open usb!
[2026-09-05 13:06:50.373] [warning] Not found camera!
[2026-09-05 13:06:50.474] [warning] Unable to open usb!
[2026-09-05 13:06:50.474] [warning] Not found camera!
[2026-09-05 13:06:50.574] [warning] Unable to open usb!
[2026-09-05 13:06:50.574] [warning] Not found camera!
[2026-09-05 13:06:50.674] [warning] Unable to open usb!
[2026-09-05 13:06:50.674] [warning] Not found camera!
[2026-09-05 13:06:50.774] [warning] Unable to open usb!
[2026-09-05 13:06:50.774] [warning] Not found camera!
[2026-09-05 13:06:50.874] [warning] Unable to open usb!
[2026-09-05 13:06:50.874] [warning] Not found camera!
[2026-09-05 13:06:50.974] [warning] Unable to open usb!
[2026-09-05 13:06:50.974] [warning] Not found camera!
[2026-09-05 13:06:51.074] [warning] Unable to open usb!
[2026-09-05 13:06:51.074] [warning] Not found camera!
[2026-09-05 13:06:51.175] [warning] Unable to open usb!
[2026-09-05 13:06:51.175] [warning] Not found camera!
[2026-09-05 13:06:51.275] [warning] Unable to open usb!
[2026-09-05 13:06:51.275] [warning] Not found camera!
[2026-09-05 13:06:51.375] [warning] Unable to open usb!
[2026-09-05 13:06:51.375] [warning] Not found camera!
[2026-09-05 13:06:51.475] [warning] Unable to open usb!
[2026-09-05 13:06:51.475] [warning] Not found camera!
[2026-09-05 13:06:51.575] [warning] Unable to open usb!
[2026-09-05 13:06:51.575] [warning] Not found camera!
[2026-09-05 13:06:51.676] [warning] Unable to open usb!
[2026-09-05 13:06:51.676] [warning] Not found camera!
[2026-09-05 13:06:51.776] [warning] Unable to open usb!
[2026-09-05 13:06:51.776] [warning] Not found camera!
[2026-09-05 13:06:51.876] [warning] Unable to open usb!
[2026-09-05 13:06:51.876] [warning] Not found camera!
[2026-09-05 13:06:51.976] [warning] Unable to open usb!
[2026-09-05 13:06:51.976] [warning] Not found camera!
[2026-09-05 13:06:52.076] [warning] Unable to open usb!
[2026-09-05 13:06:52.076] [warning] Not found camera!
[2026-09-05 13:06:52.176] [warning] Unable to open usb!
[2026-09-05 13:06:52.177] [warning] Not found camera!
[2026-09-05 13:06:52.277] [warning] Unable to open usb!
[2026-09-05 13:06:52.277] [warning] Not found camera!
[2026-09-05 13:06:52.377] [warning] Unable to open usb!
[2026-09-05 13:06:52.377] [warning] Not found camera!
[2026-09-05 13:06:52.477] [warning] Unable to open usb!
[2026-09-05 13:06:52.477] [warning] Not found camera!
[2026-09-05 13:06:52.577] [warning] Unable to open usb!
[2026-09-05 13:06:52.577] [warning] Not found camera!
[2026-09-05 13:06:52.677] [warning] Unable to open usb!
[2026-09-05 13:06:52.678] [warning] Not found camera!
[2026-09-05 13:06:52.778] [warning] Unable to open usb!
[2026-09-05 13:06:52.778] [warning] Not found camera!
[2026-09-05 13:06:52.878] [warning] Unable to open usb!
[2026-09-05 13:06:52.878] [warning] Not found camera!
[2026-09-05 13:06:52.978] [warning] Unable to open usb!
[2026-09-05 13:06:52.978] [warning] Not found camera!
[2026-09-05 13:06:53.078] [warning] Unable to open usb!
[2026-09-05 13:06:53.078] [warning] Not found camera!
[2026-09-05 13:06:53.178] [warning] Unable to open usb!
[2026-09-05 13:06:53.179] [warning] Not found camera!
[2026-09-05 13:06:53.279] [warning] Unable to open usb!
[2026-09-05 13:06:53.279] [warning] Not found camera!
[2026-09-05 13:06:53.379] [warning] Unable to open usb!
[2026-09-05 13:06:53.379] [warning] Not found camera!
[2026-09-05 13:06:53.479] [warning] Unable to open usb!
[2026-09-05 13:06:53.479] [warning] Not found camera!
[2026-09-05 13:06:53.579] [warning] Unable to open usb!
[2026-09-05 13:06:53.580] [warning] Not found camera!
[2026-09-05 13:06:53.680] [warning] Unable to open usb!
[2026-09-05 13:06:53.680] [warning] Not found camera!
[2026-09-05 13:06:53.780] [warning] Unable to open usb!
[2026-09-05 13:06:53.780] [warning] Not found camera!
[2026-09-05 13:06:53.880] [warning] Unable to open usb!
[2026-09-05 13:06:53.880] [warning] Not found camera!
[2026-09-05 13:06:53.980] [warning] Unable to open usb!
[2026-09-05 13:06:53.981] [warning] Not found camera!
[2026-09-05 13:06:54.081] [warning] Unable to open usb!
[2026-09-05 13:06:54.081] [warning] Not found camera!
[2026-09-05 13:06:54.181] [warning] Unable to open usb!
[2026-09-05 13:06:54.181] [warning] Not found camera!
[2026-09-05 13:06:54.281] [warning] Unable to open usb!
[2026-09-05 13:06:54.282] [warning] Not found camera!
[2026-09-05 13:06:54.382] [warning] Unable to open usb!
[2026-09-05 13:06:54.382] [warning] Not found camera!
[2026-09-05 13:06:54.482] [warning] Unable to open usb!
[2026-09-05 13:06:54.482] [warning] Not found camera!
[2026-09-05 13:06:54.582] [warning] Unable to open usb!
[2026-09-05 13:06:54.582] [warning] Not found camera!
[2026-09-05 13:06:54.682] [warning] Unable to open usb!
[2026-09-05 13:06:54.683] [warning] Not found camera!
[2026-09-05 13:06:54.783] [warning] Unable to open usb!
[2026-09-05 13:06:54.783] [warning] Not found camera!
[2026-09-05 13:06:54.883] [warning] Unable to open usb!
[2026-09-05 13:06:54.883] [warning] Not found camera!
[2026-09-05 13:06:54.983] [warning] Unable to open usb!
[2026-09-05 13:06:54.984] [warning] Not found camera!
[2026-09-05 13:06:55.084] [warning] Unable to open usb!
[2026-09-05 13:06:55.084] [warning] Not found camera!
[2026-09-05 13:06:55.184] [warning] Unable to open usb!
[2026-09-05 13:06:55.184] [warning] Not found camera!
[2026-09-05 13:06:55.284] [warning] Unable to open usb!
[2026-09-05 13:06:55.285] [warning] Not found camera!
[2026-09-05 13:06:55.385] [warning] Unable to open usb!
[2026-09-05 13:06:55.385] [warning] Not found camera!
[2026-09-05 13:06:55.485] [warning] Unable to open usb!
[2026-09-05 13:06:55.485] [warning] Not found camera!
[2026-09-05 13:06:55.588] [warning] Unable to open usb!
[2026-09-05 13:06:55.588] [warning] Not found camera!
[2026-09-05 13:06:55.688] [warning] Unable to open usb!
[2026-09-05 13:06:55.689] [warning] Not found camera!
[2026-09-05 13:06:55.789] [warning] Unable to open usb!
[2026-09-05 13:06:55.789] [warning] Not found camera!
[2026-09-05 13:06:55.889] [warning] Unable to open usb!
[2026-09-05 13:06:55.889] [warning] Not found camera!
[2026-09-05 13:06:55.989] [warning] Unable to open usb!
[2026-09-05 13:06:55.989] [warning] Not found camera!
[2026-09-05 13:06:56.089] [warning] Unable to open usb!
[2026-09-05 13:06:56.090] [warning] Not found camera!
[2026-09-05 13:06:56.190] [warning] Unable to open usb!
[2026-09-05 13:06:56.190] [warning] Not found camera!
[2026-09-05 13:06:56.290] [warning] Unable to open usb!
[2026-09-05 13:06:56.290] [warning] Not found camera!
[2026-09-05 13:06:56.390] [warning] Unable to open usb!
[2026-09-05 13:06:56.391] [warning] Not found camera!
[2026-09-05 13:06:56.491] [warning] Unable to open usb!
[2026-09-05 13:06:56.491] [warning] Not found camera!
[2026-09-05 13:06:56.591] [warning] Unable to open usb!
[2026-09-05 13:06:56.591] [warning] Not found camera!
[2026-09-05 13:06:56.691] [warning] Unable to open usb!
[2026-09-05 13:06:56.691] [warning] Not found camera!
[2026-09-05 13:06:56.791] [warning] Unable to open usb!
[2026-09-05 13:06:56.792] [warning] Not found camera!
[2026-09-05 13:06:56.892] [warning] Unable to open usb!
[2026-09-05 13:06:56.892] [warning] Not found camera!
[2026-09-05 13:06:56.992] [warning] Unable to open usb!
[2026-09-05 13:06:56.992] [warning] Not found camera!
[2026-09-05 13:06:57.092] [warning] Unable to open usb!
[2026-09-05 13:06:57.092] [warning] Not found camera!
[2026-09-05 13:06:57.192] [warning] Unable to open usb!
[2026-09-05 13:06:57.193] [warning] Not found camera!
[2026-09-05 13:06:57.293] [warning] Unable to open usb!
[2026-09-05 13:06:57.293] [warning] Not found camera!
[2026-09-05 13:06:57.393] [warning] Unable to open usb!
[2026-09-05 13:06:57.393] [warning] Not found camera!
[2026-09-05 13:06:57.493] [warning] Unable to open usb!
[2026-09-05 13:06:57.493] [warning] Not found camera!
[2026-09-05 13:06:57.594] [warning] Unable to open usb!
[2026-09-05 13:06:57.594] [warning] Not found camera!
[2026-09-05 13:06:57.694] [warning] Unable to open usb!
[2026-09-05 13:06:57.694] [warning] Not found camera!
[2026-09-05 13:06:57.794] [warning] Unable to open usb!
[2026-09-05 13:06:57.794] [warning] Not found camera!
[2026-09-05 13:06:57.894] [warning] Unable to open usb!
[2026-09-05 13:06:57.895] [warning] Not found camera!
[2026-09-05 13:06:57.995] [warning] Unable to open usb!
[2026-09-05 13:06:57.995] [warning] Not found camera!
[2026-09-05 13:06:58.095] [warning] Unable to open usb!
[2026-09-05 13:06:58.095] [warning] Not found camera!
[2026-09-05 13:06:58.195] [warning] Unable to open usb!
[2026-09-05 13:06:58.195] [warning] Not found camera!
[2026-09-05 13:06:58.295] [warning] Unable to open usb!
[2026-09-05 13:06:58.296] [warning] Not found camera!
[2026-09-05 13:06:58.396] [warning] Unable to open usb!
[2026-09-05 13:06:58.396] [warning] Not found camera!
[2026-09-05 13:06:58.496] [warning] Unable to open usb!
[2026-09-05 13:06:58.496] [warning] Not found camera!
[2026-09-05 13:06:58.596] [warning] Unable to open usb!
[2026-09-05 13:06:58.596] [warning] Not found camera!
[2026-09-05 13:06:58.696] [warning] Unable to open usb!
[2026-09-05 13:06:58.697] [warning] Not found camera!
[2026-09-05 13:06:58.797] [warning] Unable to open usb!
[2026-09-05 13:06:58.797] [warning] Not found camera!
[2026-09-05 13:06:58.897] [warning] Unable to open usb!
[2026-09-05 13:06:58.897] [warning] Not found camera!
[2026-09-05 13:06:58.997] [warning] Unable to open usb!
[2026-09-05 13:06:58.998] [warning] Not found camera!
[2026-09-05 13:06:59.098] [warning] Unable to open usb!
[2026-09-05 13:06:59.098] [warning] Not found camera!
[2026-09-05 13:06:59.198] [warning] Unable to open usb!
[2026-09-05 13:06:59.198] [warning] Not found camera!
[2026-09-05 13:06:59.298] [warning] Unable to open usb!
[2026-09-05 13:06:59.298] [warning] Not found camera!
[2026-09-05 13:06:59.398] [warning] Unable to open usb!
[2026-09-05 13:06:59.399] [warning] Not found camera!
[2026-09-05 13:06:59.499] [warning] Unable to open usb!
[2026-09-05 13:06:59.499] [warning] Not found camera!
[2026-09-05 13:06:59.599] [warning] Unable to open usb!
[2026-09-05 13:06:59.599] [warning] Not found camera!
[2026-09-05 13:06:59.699] [warning] Unable to open usb!
[2026-09-05 13:06:59.700] [warning] Not found camera!
[2026-09-05 13:06:59.800] [warning] Unable to open usb!
[2026-09-05 13:06:59.800] [warning] Not found camera!
[2026-09-05 13:06:59.900] [warning] Unable to open usb!
[2026-09-05 13:06:59.900] [warning] Not found camera!
[2026-09-05 13:07:00.000] [warning] Unable to open usb!
[2026-09-05 13:07:00.000] [warning] Not found camera!
[2026-09-05 13:07:00.101] [warning] Unable to open usb!
[2026-09-05 13:07:00.101] [warning] Not found camera!
[2026-09-05 13:07:00.201] [warning] Unable to open usb!
[2026-09-05 13:07:00.201] [warning] Not found camera!
[2026-09-05 13:07:00.301] [warning] Unable to open usb!
[2026-09-05 13:07:00.301] [warning] Not found camera!
[2026-09-05 13:07:00.401] [warning] Unable to open usb!
[2026-09-05 13:07:00.402] [warning] Not found camera!
[2026-09-05 13:07:00.502] [warning] Unable to open usb!
[2026-09-05 13:07:00.502] [warning] Not found camera!
[2026-09-05 13:07:00.605] [warning] Unable to open usb!
[2026-09-05 13:07:00.605] [warning] Not found camera!
[2026-09-05 13:07:00.705] [warning] Unable to open usb!
[2026-09-05 13:07:00.705] [warning] Not found camera!
[2026-09-05 13:07:00.805] [warning] Unable to open usb!
[2026-09-05 13:07:00.805] [warning] Not found camera!
[2026-09-05 13:07:00.905] [warning] Unable to open usb!
[2026-09-05 13:07:00.906] [warning] Not found camera!
[2026-09-05 13:07:01.006] [warning] Unable to open usb!
[2026-09-05 13:07:01.006] [warning] Not found camera!
[2026-09-05 13:07:01.106] [warning] Unable to open usb!
[2026-09-05 13:07:01.106] [warning] Not found camera!
[2026-09-05 13:07:01.206] [warning] Unable to open usb!
[2026-09-05 13:07:01.206] [warning] Not found camera!
[2026-09-05 13:07:01.306] [warning] Unable to open usb!
[2026-09-05 13:07:01.307] [warning] Not found camera!
[2026-09-05 13:07:01.407] [warning] Unable to open usb!
[2026-09-05 13:07:01.407] [warning] Not found camera!
[2026-09-05 13:07:01.507] [warning] Unable to open usb!
[2026-09-05 13:07:01.507] [warning] Not found camera!
[2026-09-05 13:07:01.607] [warning] Unable to open usb!
[2026-09-05 13:07:01.607] [warning] Not found camera!
[2026-09-05 13:07:01.707] [warning] Unable to open usb!
[2026-09-05 13:07:01.708] [warning] Not found camera!
[2026-09-05 13:07:01.808] [warning] Unable to open usb!
[2026-09-05 13:07:01.808] [warning] Not found camera!
[2026-09-05 13:07:01.908] [warning] Unable to open usb!
[2026-09-05 13:07:01.908] [warning] Not found camera!
[2026-09-05 13:07:02.008] [warning] Unable to open usb!
[2026-09-05 13:07:02.008] [warning] Not found camera!
[2026-09-05 13:07:02.108] [warning] Unable to open usb!
[2026-09-05 13:07:02.109] [warning] Not found camera!
[2026-09-05 13:07:02.209] [warning] Unable to open usb!
[2026-09-05 13:07:02.209] [warning] Not found camera!
[2026-09-05 13:07:02.309] [warning] Unable to open usb!
[2026-09-05 13:07:02.309] [warning] Not found camera!
[2026-09-05 13:07:02.409] [warning] Unable to open usb!
[2026-09-05 13:07:02.410] [warning] Not found camera!
[2026-09-05 13:07:02.510] [warning] Unable to open usb!
[2026-09-05 13:07:02.510] [warning] Not found camera!
[2026-09-05 13:07:02.610] [warning] Unable to open usb!
[2026-09-05 13:07:02.610] [warning] Not found camera!
[2026-09-05 13:07:02.710] [warning] Unable to open usb!
[2026-09-05 13:07:02.710] [warning] Not found camera!
[2026-09-05 13:07:02.811] [warning] Unable to open usb!
[2026-09-05 13:07:02.811] [warning] Not found camera!
[2026-09-05 13:07:02.911] [warning] Unable to open usb!
[2026-09-05 13:07:02.911] [warning] Not found camera!
[2026-09-05 13:07:03.011] [warning] Unable to open usb!
[2026-09-05 13:07:03.011] [warning] Not found camera!
[2026-09-05 13:07:03.111] [warning] Unable to open usb!
[2026-09-05 13:07:03.112] [warning] Not found camera!
[2026-09-05 13:07:03.212] [warning] Unable to open usb!
[2026-09-05 13:07:03.212] [warning] Not found camera!
[2026-09-05 13:07:03.312] [warning] Unable to open usb!
[2026-09-05 13:07:03.312] [warning] Not found camera!
[2026-09-05 13:07:03.412] [warning] Unable to open usb!
[2026-09-05 13:07:03.413] [warning] Not found camera!
[2026-09-05 13:07:03.513] [warning] Unable to open usb!
[2026-09-05 13:07:03.513] [warning] Not found camera!
[2026-09-05 13:07:03.613] [warning] Unable to open usb!
[2026-09-05 13:07:03.613] [warning] Not found camera!
[2026-09-05 13:07:03.713] [warning] Unable to open usb!
[2026-09-05 13:07:03.713] [warning] Not found camera!
[2026-09-05 13:07:03.814] [warning] Unable to open usb!
[2026-09-05 13:07:03.814] [warning] Not found camera!
[2026-09-05 13:07:03.914] [warning] Unable to open usb!
[2026-09-05 13:07:03.914] [warning] Not found camera!
[2026-09-05 13:07:04.014] [warning] Unable to open usb!
[2026-09-05 13:07:04.014] [warning] Not found camera!
[2026-09-05 13:07:04.114] [warning] Unable to open usb!
[2026-09-05 13:07:04.114] [warning] Not found camera!
[2026-09-05 13:07:04.215] [warning] Unable to open usb!
[2026-09-05 13:07:04.215] [warning] Not found camera!
[2026-09-05 13:07:04.315] [warning] Unable to open usb!
[2026-09-05 13:07:04.315] [warning] Not found camera!
[2026-09-05 13:07:04.415] [warning] Unable to open usb!
[2026-09-05 13:07:04.415] [warning] Not found camera!
[2026-09-05 13:07:04.515] [warning] Unable to open usb!
[2026-09-05 13:07:04.515] [warning] Not found camera!
[2026-09-05 13:07:04.616] [warning] Unable to open usb!
[2026-09-05 13:07:04.616] [warning] Not found camera!
[2026-09-05 13:07:04.716] [warning] Unable to open usb!
[2026-09-05 13:07:04.716] [warning] Not found camera!
[2026-09-05 13:07:04.816] [warning] Unable to open usb!
[2026-09-05 13:07:04.816] [warning] Not found camera!
[2026-09-05 13:07:04.916] [warning] Unable to open usb!
[2026-09-05 13:07:04.917] [warning] Not found camera!
[2026-09-05 13:07:05.017] [warning] Unable to open usb!
[2026-09-05 13:07:05.017] [warning] Not found camera!
[2026-09-05 13:07:05.117] [warning] Unable to open usb!
[2026-09-05 13:07:05.117] [warning] Not found camera!
[2026-09-05 13:07:05.217] [warning] Unable to open usb!
[2026-09-05 13:07:05.217] [warning] Not found camera!
[2026-09-05 13:07:05.317] [warning] Unable to open usb!
[2026-09-05 13:07:05.318] [warning] Not found camera!
[2026-09-05 13:07:05.418] [warning] Unable to open usb!
[2026-09-05 13:07:05.418] [warning] Not found camera!
[2026-09-05 13:07:05.518] [warning] Unable to open usb!
[2026-09-05 13:07:05.518] [warning] Not found camera!
[2026-09-05 13:07:05.621] [warning] Unable to open usb!
[2026-09-05 13:07:05.621] [warning] Not found camera!
[2026-09-05 13:07:05.721] [warning] Unable to open usb!
[2026-09-05 13:07:05.721] [warning] Not found camera!
[2026-09-05 13:07:05.821] [warning] Unable to open usb!
[2026-09-05 13:07:05.821] [warning] Not found camera!
[2026-09-05 13:07:05.921] [warning] Unable to open usb!
[2026-09-05 13:07:05.922] [warning] Not found camera!
[2026-09-05 13:07:06.022] [warning] Unable to open usb!
[2026-09-05 13:07:06.022] [warning] Not found camera!
[2026-09-05 13:07:06.122] [warning] Unable to open usb!
[2026-09-05 13:07:06.122] [warning] Not found camera!
[2026-09-05 13:07:06.222] [warning] Unable to open usb!
[2026-09-05 13:07:06.222] [warning] Not found camera!
[2026-09-05 13:07:06.322] [warning] Unable to open usb!
[2026-09-05 13:07:06.322] [warning] Not found camera!
[2026-09-05 13:07:06.422] [warning] Unable to open usb!
[2026-09-05 13:07:06.423] [warning] Not found camera!
[2026-09-05 13:07:06.523] [warning] Unable to open usb!
[2026-09-05 13:07:06.523] [warning] Not found camera!
[2026-09-05 13:07:06.623] [warning] Unable to open usb!
[2026-09-05 13:07:06.623] [warning] Not found camera!
[2026-09-05 13:07:06.723] [warning] Unable to open usb!
[2026-09-05 13:07:06.723] [warning] Not found camera!
[2026-09-05 13:07:06.823] [warning] Unable to open usb!
[2026-09-05 13:07:06.823] [warning] Not found camera!
[2026-09-05 13:07:06.923] [warning] Unable to open usb!
[2026-09-05 13:07:06.923] [warning] Not found camera!
[2026-09-05 13:07:07.024] [warning] Unable to open usb!
[2026-09-05 13:07:07.024] [warning] Not found camera!
[2026-09-05 13:07:07.124] [warning] Unable to open usb!
[2026-09-05 13:07:07.124] [warning] Not found camera!
[2026-09-05 13:07:07.224] [warning] Unable to open usb!
[2026-09-05 13:07:07.224] [warning] Not found camera!
[2026-09-05 13:07:07.324] [warning] Unable to open usb!
[2026-09-05 13:07:07.324] [warning] Not found camera!
[2026-09-05 13:07:07.424] [warning] Unable to open usb!
[2026-09-05 13:07:07.424] [warning] Not found camera!
[2026-09-05 13:07:07.524] [warning] Unable to open usb!
[2026-09-05 13:07:07.524] [warning] Not found camera!
[2026-09-05 13:07:07.624] [warning] Unable to open usb!
[2026-09-05 13:07:07.624] [warning] Not found camera!
[2026-09-05 13:07:07.725] [warning] Unable to open usb!
[2026-09-05 13:07:07.725] [warning] Not found camera!
[2026-09-05 13:07:07.825] [warning] Unable to open usb!
[2026-09-05 13:07:07.825] [warning] Not found camera!
[2026-09-05 13:07:07.925] [warning] Unable to open usb!
[2026-09-05 13:07:07.925] [warning] Not found camera!
[2026-09-05 13:07:08.025] [warning] Unable to open usb!
[2026-09-05 13:07:08.025] [warning] Not found camera!
[2026-09-05 13:07:08.125] [warning] Unable to open usb!
[2026-09-05 13:07:08.125] [warning] Not found camera!
[2026-09-05 13:07:08.225] [warning] Unable to open usb!
[2026-09-05 13:07:08.225] [warning] Not found camera!
[2026-09-05 13:07:08.326] [warning] Unable to open usb!
[2026-09-05 13:07:08.326] [warning] Not found camera!
[2026-09-05 13:07:08.426] [warning] Unable to open usb!
[2026-09-05 13:07:08.426] [warning] Not found camera!
[2026-09-05 13:07:08.526] [warning] Unable to open usb!
[2026-09-05 13:07:08.526] [warning] Not found camera!
[2026-09-05 13:07:08.626] [warning] Unable to open usb!
[2026-09-05 13:07:08.626] [warning] Not found camera!
[2026-09-05 13:07:08.726] [warning] Unable to open usb!
[2026-09-05 13:07:08.726] [warning] Not found camera!
[2026-09-05 13:07:08.826] [warning] Unable to open usb!
[2026-09-05 13:07:08.827] [warning] Not found camera!
[2026-09-05 13:07:08.927] [warning] Unable to open usb!
[2026-09-05 13:07:08.927] [warning] Not found camera!
[2026-09-05 13:07:09.027] [warning] Unable to open usb!
[2026-09-05 13:07:09.027] [warning] Not found camera!
[2026-09-05 13:07:09.127] [warning] Unable to open usb!
[2026-09-05 13:07:09.127] [warning] Not found camera!
[2026-09-05 13:07:09.227] [warning] Unable to open usb!
[2026-09-05 13:07:09.227] [warning] Not found camera!
[2026-09-05 13:07:09.327] [warning] Unable to open usb!
[2026-09-05 13:07:09.327] [warning] Not found camera!
[2026-09-05 13:07:09.427] [warning] Unable to open usb!
[2026-09-05 13:07:09.428] [warning] Not found camera!
[2026-09-05 13:07:09.528] [warning] Unable to open usb!
[2026-09-05 13:07:09.528] [warning] Not found camera!
[2026-09-05 13:07:09.628] [warning] Unable to open usb!
[2026-09-05 13:07:09.628] [warning] Not found camera!
[2026-09-05 13:07:09.728] [warning] Unable to open usb!
[2026-09-05 13:07:09.728] [warning] Not found camera!
[2026-09-05 13:07:09.828] [warning] Unable to open usb!
[2026-09-05 13:07:09.828] [warning] Not found camera!
[2026-09-05 13:07:09.928] [warning] Unable to open usb!
[2026-09-05 13:07:09.929] [warning] Not found camera!
[2026-09-05 13:07:10.029] [warning] Unable to open usb!
[2026-09-05 13:07:10.029] [warning] Not found camera!
[2026-09-05 13:07:10.129] [warning] Unable to open usb!
[2026-09-05 13:07:10.129] [warning] Not found camera!
[2026-09-05 13:07:10.229] [warning] Unable to open usb!
[2026-09-05 13:07:10.229] [warning] Not found camera!
[2026-09-05 13:07:10.329] [warning] Unable to open usb!
[2026-09-05 13:07:10.329] [warning] Not found camera!
[2026-09-05 13:07:10.429] [warning] Unable to open usb!
[2026-09-05 13:07:10.430] [warning] Not found camera!
[2026-09-05 13:07:10.530] [warning] Unable to open usb!
[2026-09-05 13:07:10.530] [warning] Not found camera!
[2026-09-05 13:07:10.633] [warning] Unable to open usb!
[2026-09-05 13:07:10.633] [warning] Not found camera!
[2026-09-05 13:07:10.733] [warning] Unable to open usb!
[2026-09-05 13:07:10.733] [warning] Not found camera!
[2026-09-05 13:07:10.833] [warning] Unable to open usb!
[2026-09-05 13:07:10.833] [warning] Not found camera!
[2026-09-05 13:07:10.934] [warning] Unable to open usb!
[2026-09-05 13:07:10.934] [warning] Not found camera!
[2026-09-05 13:07:11.034] [warning] Unable to open usb!
[2026-09-05 13:07:11.034] [warning] Not found camera!
[2026-09-05 13:07:11.134] [warning] Unable to open usb!
[2026-09-05 13:07:11.134] [warning] Not found camera!
[2026-09-05 13:07:11.234] [warning] Unable to open usb!
[2026-09-05 13:07:11.234] [warning] Not found camera!
[2026-09-05 13:07:11.334] [warning] Unable to open usb!
[2026-09-05 13:07:11.335] [warning] Not found camera!
[2026-09-05 13:07:11.435] [warning] Unable to open usb!
[2026-09-05 13:07:11.435] [warning] Not found camera!
[2026-09-05 13:07:11.535] [warning] Unable to open usb!
[2026-09-05 13:07:11.535] [warning] Not found camera!
[2026-09-05 13:07:11.635] [warning] Unable to open usb!
[2026-09-05 13:07:11.635] [warning] Not found camera!
[2026-09-05 13:07:11.735] [warning] Unable to open usb!
[2026-09-05 13:07:11.735] [warning] Not found camera!
[2026-09-05 13:07:11.835] [warning] Unable to open usb!
[2026-09-05 13:07:11.835] [warning] Not found camera!
[2026-09-05 13:07:11.935] [warning] Unable to open usb!
[2026-09-05 13:07:11.936] [warning] Not found camera!
[2026-09-05 13:07:12.036] [warning] Unable to open usb!
[2026-09-05 13:07:12.036] [warning] Not found camera!
[2026-09-05 13:07:12.136] [warning] Unable to open usb!
[2026-09-05 13:07:12.136] [warning] Not found camera!
[2026-09-05 13:07:12.236] [warning] Unable to open usb!
[2026-09-05 13:07:12.236] [warning] Not found camera!
[2026-09-05 13:07:12.336] [warning] Unable to open usb!
[2026-09-05 13:07:12.336] [warning] Not found camera!
[2026-09-05 13:07:12.436] [warning] Unable to open usb!
[2026-09-05 13:07:12.436] [warning] Not found camera!
[2026-09-05 13:07:12.536] [warning] Unable to open usb!
[2026-09-05 13:07:12.537] [warning] Not found camera!
[2026-09-05 13:07:12.637] [warning] Unable to open usb!
[2026-09-05 13:07:12.637] [warning] Not found camera!
[2026-09-05 13:07:12.737] [warning] Unable to open usb!
[2026-09-05 13:07:12.737] [warning] Not found camera!
[2026-09-05 13:07:12.837] [warning] Unable to open usb!
[2026-09-05 13:07:12.837] [warning] Not found camera!
[2026-09-05 13:07:12.937] [warning] Unable to open usb!
[2026-09-05 13:07:12.937] [warning] Not found camera!
[2026-09-05 13:07:13.037] [warning] Unable to open usb!
[2026-09-05 13:07:13.037] [warning] Not found camera!
[2026-09-05 13:07:13.138] [warning] Unable to open usb!
[2026-09-05 13:07:13.138] [warning] Not found camera!
[2026-09-05 13:07:13.238] [warning] Unable to open usb!
[2026-09-05 13:07:13.238] [warning] Not found camera!
[2026-09-05 13:07:13.338] [warning] Unable to open usb!
[2026-09-05 13:07:13.338] [warning] Not found camera!
[2026-09-05 13:07:13.438] [warning] Unable to open usb!
[2026-09-05 13:07:13.438] [warning] Not found camera!
[2026-09-05 13:07:13.538] [warning] Unable to open usb!
[2026-09-05 13:07:13.538] [warning] Not found camera!
[2026-09-05 13:07:13.639] [warning] Unable to open usb!
[2026-09-05 13:07:13.639] [warning] Not found camera!
[2026-09-05 13:07:13.739] [warning] Unable to open usb!
[2026-09-05 13:07:13.739] [warning] Not found camera!
[2026-09-05 13:07:13.839] [warning] Unable to open usb!
[2026-09-05 13:07:13.839] [warning] Not found camera!
[2026-09-05 13:07:13.939] [warning] Unable to open usb!
[2026-09-05 13:07:13.939] [warning] Not found camera!
[2026-09-05 13:07:14.039] [warning] Unable to open usb!
[2026-09-05 13:07:14.039] [warning] Not found camera!
[2026-09-05 13:07:14.139] [warning] Unable to open usb!
[2026-09-05 13:07:14.139] [warning] Not found camera!
[2026-09-05 13:07:14.240] [warning] Unable to open usb!
[2026-09-05 13:07:14.240] [warning] Not found camera!
[2026-09-05 13:07:14.340] [warning] Unable to open usb!
[2026-09-05 13:07:14.340] [warning] Not found camera!
[2026-09-05 13:07:14.440] [warning] Unable to open usb!
[2026-09-05 13:07:14.440] [warning] Not found camera!
[2026-09-05 13:07:14.540] [warning] Unable to open usb!
[2026-09-05 13:07:14.540] [warning] Not found camera!
[2026-09-05 13:07:14.640] [warning] Unable to open usb!
[2026-09-05 13:07:14.640] [warning] Not found camera!
[2026-09-05 13:07:14.740] [warning] Unable to open usb!
[2026-09-05 13:07:14.741] [warning] Not found camera!
[2026-09-05 13:07:14.841] [warning] Unable to open usb!
[2026-09-05 13:07:14.841] [warning] Not found camera!
[2026-09-05 13:07:14.941] [warning] Unable to open usb!
[2026-09-05 13:07:14.941] [warning] Not found camera!
[2026-09-05 13:07:15.041] [warning] Unable to open usb!
[2026-09-05 13:07:15.041] [warning] Not found camera!
[2026-09-05 13:07:15.141] [warning] Unable to open usb!
[2026-09-05 13:07:15.141] [warning] Not found camera!
[2026-09-05 13:07:15.241] [warning] Unable to open usb!
[2026-09-05 13:07:15.241] [warning] Not found camera!
[2026-09-05 13:07:15.342] [warning] Unable to open usb!
[2026-09-05 13:07:15.342] [warning] Not found camera!
[2026-09-05 13:07:15.442] [warning] Unable to open usb!
[2026-09-05 13:07:15.442] [warning] Not found camera!
[2026-09-05 13:07:15.542] [warning] Unable to open usb!
[2026-09-05 13:07:15.542] [warning] Not found camera!
[2026-09-05 13:07:15.642] [warning] Unable to open usb!
[2026-09-05 13:07:15.642] [warning] Not found camera!
[2026-09-05 13:07:15.742] [warning] Unable to open usb!
[2026-09-05 13:07:15.742] [warning] Not found camera!
[2026-09-05 13:07:15.842] [warning] Unable to open usb!
[2026-09-05 13:07:15.843] [warning] Not found camera!
[2026-09-05 13:07:15.943] [warning] Unable to open usb!
[2026-09-05 13:07:15.943] [warning] Not found camera!
[2026-09-05 13:07:16.043] [warning] Unable to open usb!
[2026-09-05 13:07:16.043] [warning] Not found camera!
[2026-09-05 13:07:16.143] [warning] Unable to open usb!
[2026-09-05 13:07:16.143] [warning] Not found camera!
[2026-09-05 13:07:16.243] [warning] Unable to open usb!
[2026-09-05 13:07:16.243] [warning] Not found camera!
[2026-09-05 13:07:16.343] [warning] Unable to open usb!
[2026-09-05 13:07:16.344] [warning] Not found camera!
[2026-09-05 13:07:16.444] [warning] Unable to open usb!
[2026-09-05 13:07:16.444] [warning] Not found camera!
[2026-09-05 13:07:16.544] [warning] Unable to open usb!
[2026-09-05 13:07:16.544] [warning] Not found camera!
[2026-09-05 13:07:16.644] [warning] Unable to open usb!
[2026-09-05 13:07:16.644] [warning] Not found camera!
[2026-09-05 13:07:16.744] [warning] Unable to open usb!
[2026-09-05 13:07:16.744] [warning] Not found camera!
[2026-09-05 13:07:16.844] [warning] Unable to open usb!
[2026-09-05 13:07:16.844] [warning] Not found camera!
[2026-09-05 13:07:16.945] [warning] Unable to open usb!
[2026-09-05 13:07:16.945] [warning] Not found camera!
[2026-09-05 13:07:17.045] [warning] Unable to open usb!
[2026-09-05 13:07:17.045] [warning] Not found camera!
[2026-09-05 13:07:17.145] [warning] Unable to open usb!
[2026-09-05 13:07:17.145] [warning] Not found camera!
[2026-09-05 13:07:17.245] [warning] Unable to open usb!
[2026-09-05 13:07:17.245] [warning] Not found camera!
[2026-09-05 13:07:17.345] [warning] Unable to open usb!
[2026-09-05 13:07:17.345] [warning] Not found camera!
[2026-09-05 13:07:17.445] [warning] Unable to open usb!
[2026-09-05 13:07:17.445] [warning] Not found camera!
[2026-09-05 13:07:17.546] [warning] Unable to open usb!
[2026-09-05 13:07:17.546] [warning] Not found camera!
[2026-09-05 13:07:17.646] [warning] Unable to open usb!
[2026-09-05 13:07:17.646] [warning] Not found camera!
[2026-09-05 13:07:17.746] [warning] Unable to open usb!
[2026-09-05 13:07:17.746] [warning] Not found camera!
[2026-09-05 13:07:17.846] [warning] Unable to open usb!
[2026-09-05 13:07:17.846] [warning] Not found camera!
[2026-09-05 13:07:17.946] [warning] Unable to open usb!
[2026-09-05 13:07:17.947] [warning] Not found camera!
[2026-09-05 13:07:18.047] [warning] Unable to open usb!
[2026-09-05 13:07:18.047] [warning] Not found camera!
[2026-09-05 13:07:18.147] [warning] Unable to open usb!
[2026-09-05 13:07:18.147] [warning] Not found camera!
[2026-09-05 13:07:18.247] [warning] Unable to open usb!
[2026-09-05 13:07:18.247] [warning] Not found camera!
[2026-09-05 13:07:18.347] [warning] Unable to open usb!
[2026-09-05 13:07:18.347] [warning] Not found camera!
[2026-09-05 13:07:18.447] [warning] Unable to open usb!
[2026-09-05 13:07:18.447] [warning] Not found camera!
[2026-09-05 13:07:18.547] [warning] Unable to open usb!
[2026-09-05 13:07:18.548] [warning] Not found camera!
[2026-09-05 13:07:18.648] [warning] Unable to open usb!
[2026-09-05 13:07:18.648] [warning] Not found camera!
[2026-09-05 13:07:18.748] [warning] Unable to open usb!
[2026-09-05 13:07:18.748] [warning] Not found camera!
[2026-09-05 13:07:18.848] [warning] Unable to open usb!
[2026-09-05 13:07:18.848] [warning] Not found camera!
[2026-09-05 13:07:18.948] [warning] Unable to open usb!
[2026-09-05 13:07:18.948] [warning] Not found camera!
[2026-09-05 13:07:19.048] [warning] Unable to open usb!
[2026-09-05 13:07:19.049] [warning] Not found camera!
[2026-09-05 13:07:19.149] [warning] Unable to open usb!
[2026-09-05 13:07:19.149] [warning] Not found camera!
[2026-09-05 13:07:19.249] [warning] Unable to open usb!
[2026-09-05 13:07:19.249] [warning] Not found camera!
[2026-09-05 13:07:19.349] [warning] Unable to open usb!
[2026-09-05 13:07:19.349] [warning] Not found camera!
[2026-09-05 13:07:19.449] [warning] Unable to open usb!
[2026-09-05 13:07:19.449] [warning] Not found camera!
[2026-09-05 13:07:19.549] [warning] Unable to open usb!
[2026-09-05 13:07:19.550] [warning] Not found camera!
[2026-09-05 13:07:19.650] [warning] Unable to open usb!
[2026-09-05 13:07:19.650] [warning] Not found camera!
[2026-09-05 13:07:19.750] [warning] Unable to open usb!
[2026-09-05 13:07:19.750] [warning] Not found camera!
[2026-09-05 13:07:19.850] [warning] Unable to open usb!
[2026-09-05 13:07:19.850] [warning] Not found camera!
[2026-09-05 13:07:19.950] [warning] Unable to open usb!
[2026-09-05 13:07:19.950] [warning] Not found camera!
[2026-09-05 13:07:20.050] [warning] Unable to open usb!
[2026-09-05 13:07:20.051] [warning] Not found camera!
[2026-09-05 13:07:20.151] [warning] Unable to open usb!
[2026-09-05 13:07:20.151] [warning] Not found camera!
[2026-09-05 13:07:20.251] [warning] Unable to open usb!
[2026-09-05 13:07:20.251] [warning] Not found camera!
[2026-09-05 13:07:20.351] [warning] Unable to open usb!
[2026-09-05 13:07:20.351] [warning] Not found camera!
[2026-09-05 13:07:20.452] [warning] Unable to open usb!
[2026-09-05 13:07:20.452] [warning] Not found camera!
[2026-09-05 13:07:20.552] [warning] Unable to open usb!
[2026-09-05 13:07:20.552] [warning] Not found camera!
[2026-09-05 13:07:20.652] [warning] Unable to open usb!
[2026-09-05 13:07:20.652] [warning] Not found camera!
[2026-09-05 13:07:20.755] [warning] Unable to open usb!
[2026-09-05 13:07:20.755] [warning] Not found camera!
[2026-09-05 13:07:20.855] [warning] Unable to open usb!
[2026-09-05 13:07:20.855] [warning] Not found camera!
[2026-09-05 13:07:20.955] [warning] Unable to open usb!
[2026-09-05 13:07:20.955] [warning] Not found camera!
[2026-09-05 13:07:21.055] [warning] Unable to open usb!
[2026-09-05 13:07:21.055] [warning] Not found camera!
[2026-09-05 13:07:21.155] [warning] Unable to open usb!
[2026-09-05 13:07:21.156] [warning] Not found camera!
[2026-09-05 13:07:21.256] [warning] Unable to open usb!
[2026-09-05 13:07:21.256] [warning] Not found camera!
[2026-09-05 13:07:21.356] [warning] Unable to open usb!
[2026-09-05 13:07:21.356] [warning] Not found camera!
[2026-09-05 13:07:21.456] [warning] Unable to open usb!
[2026-09-05 13:07:21.456] [warning] Not found camera!
[2026-09-05 13:07:21.556] [warning] Unable to open usb!
[2026-09-05 13:07:21.556] [warning] Not found camera!
[2026-09-05 13:07:21.656] [warning] Unable to open usb!
[2026-09-05 13:07:21.657] [warning] Not found camera!
[2026-09-05 13:07:21.757] [warning] Unable to open usb!
[2026-09-05 13:07:21.757] [warning] Not found camera!
[2026-09-05 13:07:21.857] [warning] Unable to open usb!
[2026-09-05 13:07:21.857] [warning] Not found camera!
[2026-09-05 13:07:21.957] [warning] Unable to open usb!
[2026-09-05 13:07:21.957] [warning] Not found camera!
[2026-09-05 13:07:22.057] [warning] Unable to open usb!
[2026-09-05 13:07:22.057] [warning] Not found camera!
[2026-09-05 13:07:22.157] [warning] Unable to open usb!
[2026-09-05 13:07:22.158] [warning] Not found camera!
[2026-09-05 13:07:22.258] [warning] Unable to open usb!
[2026-09-05 13:07:22.258] [warning] Not found camera!
[2026-09-05 13:07:22.358] [warning] Unable to open usb!
[2026-09-05 13:07:22.358] [warning] Not found camera!
[2026-09-05 13:07:22.458] [warning] Unable to open usb!
[2026-09-05 13:07:22.458] [warning] Not found camera!
[2026-09-05 13:07:22.558] [warning] Unable to open usb!
[2026-09-05 13:07:22.558] [warning] Not found camera!
[2026-09-05 13:07:22.658] [warning] Unable to open usb!
[2026-09-05 13:07:22.659] [warning] Not found camera!
[2026-09-05 13:07:22.759] [warning] Unable to open usb!
[2026-09-05 13:07:22.759] [warning] Not found camera!
[2026-09-05 13:07:22.859] [warning] Unable to open usb!
[2026-09-05 13:07:22.859] [warning] Not found camera!
[2026-09-05 13:07:22.959] [warning] Unable to open usb!
[2026-09-05 13:07:22.959] [warning] Not found camera!
[2026-09-05 13:07:23.059] [warning] Unable to open usb!
[2026-09-05 13:07:23.059] [warning] Not found camera!
[2026-09-05 13:07:23.159] [warning] Unable to open usb!
[2026-09-05 13:07:23.159] [warning] Not found camera!
[2026-09-05 13:07:23.260] [warning] Unable to open usb!
[2026-09-05 13:07:23.260] [warning] Not found camera!
[2026-09-05 13:07:23.360] [warning] Unable to open usb!
[2026-09-05 13:07:23.360] [warning] Not found camera!
[2026-09-05 13:07:23.460] [warning] Unable to open usb!
[2026-09-05 13:07:23.460] [warning] Not found camera!
[2026-09-05 13:07:23.560] [warning] Unable to open usb!
[2026-09-05 13:07:23.560] [warning] Not found camera!
[2026-09-05 13:07:23.660] [warning] Unable to open usb!
[2026-09-05 13:07:23.661] [warning] Not found camera!
[2026-09-05 13:07:23.761] [warning] Unable to open usb!
[2026-09-05 13:07:23.761] [warning] Not found camera!
[2026-09-05 13:07:23.861] [warning] Unable to open usb!
[2026-09-05 13:07:23.861] [warning] Not found camera!
[2026-09-05 13:07:23.961] [warning] Unable to open usb!
[2026-09-05 13:07:23.962] [warning] Not found camera!
[2026-09-05 13:07:24.062] [warning] Unable to open usb!
[2026-09-05 13:07:24.062] [warning] Not found camera!
[2026-09-05 13:07:24.162] [warning] Unable to open usb!
[2026-09-05 13:07:24.162] [warning] Not found camera!
[2026-09-05 13:07:24.262] [warning] Unable to open usb!
[2026-09-05 13:07:24.262] [warning] Not found camera!
[2026-09-05 13:07:24.362] [warning] Unable to open usb!
[2026-09-05 13:07:24.363] [warning] Not found camera!
[2026-09-05 13:07:24.463] [warning] Unable to open usb!
[2026-09-05 13:07:24.463] [warning] Not found camera!
[2026-09-05 13:07:24.563] [warning] Unable to open usb!
[2026-09-05 13:07:24.563] [warning] Not found camera!
[2026-09-05 13:07:24.663] [warning] Unable to open usb!
[2026-09-05 13:07:24.664] [warning] Not found camera!
[2026-09-05 13:07:24.764] [warning] Unable to open usb!
[2026-09-05 13:07:24.764] [warning] Not found camera!
[2026-09-05 13:07:24.864] [warning] Unable to open usb!
[2026-09-05 13:07:24.864] [warning] Not found camera!
[2026-09-05 13:07:24.964] [warning] Unable to open usb!
[2026-09-05 13:07:24.964] [warning] Not found camera!
[2026-09-05 13:07:25.065] [warning] Unable to open usb!
[2026-09-05 13:07:25.065] [warning] Not found camera!
[2026-09-05 13:07:25.165] [warning] Unable to open usb!
[2026-09-05 13:07:25.165] [warning] Not found camera!
[2026-09-05 13:07:25.265] [warning] Unable to open usb!
[2026-09-05 13:07:25.265] [warning] Not found camera!
[2026-09-05 13:07:25.365] [warning] Unable to open usb!
[2026-09-05 13:07:25.366] [warning] Not found camera!
[2026-09-05 13:07:25.466] [warning] Unable to open usb!
[2026-09-05 13:07:25.466] [warning] Not found camera!
[2026-09-05 13:07:25.566] [warning] Unable to open usb!
[2026-09-05 13:07:25.566] [warning] Not found camera!
[2026-09-05 13:07:25.666] [warning] Unable to open usb!
[2026-09-05 13:07:25.667] [warning] Not found camera!
[2026-09-05 13:07:25.769] [warning] Unable to open usb!
[2026-09-05 13:07:25.770] [warning] Not found camera!
[2026-09-05 13:07:25.870] [warning] Unable to open usb!
[2026-09-05 13:07:25.870] [warning] Not found camera!
[2026-09-05 13:07:25.970] [warning] Unable to open usb!
[2026-09-05 13:07:25.970] [warning] Not found camera!
[2026-09-05 13:07:26.070] [warning] Unable to open usb!
[2026-09-05 13:07:26.071] [warning] Not found camera!
[2026-09-05 13:07:26.171] [warning] Unable to open usb!
[2026-09-05 13:07:26.171] [warning] Not found camera!
[2026-09-05 13:07:26.271] [warning] Unable to open usb!
[2026-09-05 13:07:26.271] [warning] Not found camera!
[2026-09-05 13:07:26.372] [warning] Unable to open usb!
[2026-09-05 13:07:26.372] [warning] Not found camera!
[2026-09-05 13:07:26.472] [warning] Unable to open usb!
[2026-09-05 13:07:26.472] [warning] Not found camera!
[2026-09-05 13:07:26.572] [warning] Unable to open usb!
[2026-09-05 13:07:26.572] [warning] Not found camera!
[2026-09-05 13:07:26.672] [warning] Unable to open usb!
[2026-09-05 13:07:26.673] [warning] Not found camera!
[2026-09-05 13:07:26.773] [warning] Unable to open usb!
[2026-09-05 13:07:26.773] [warning] Not found camera!
[2026-09-05 13:07:26.873] [warning] Unable to open usb!
[2026-09-05 13:07:26.873] [warning] Not found camera!
[2026-09-05 13:07:26.973] [warning] Unable to open usb!
[2026-09-05 13:07:26.974] [warning] Not found camera!
[2026-09-05 13:07:27.074] [warning] Unable to open usb!
[2026-09-05 13:07:27.074] [warning] Not found camera!
[2026-09-05 13:07:27.174] [warning] Unable to open usb!
[2026-09-05 13:07:27.174] [warning] Not found camera!
[2026-09-05 13:07:27.274] [warning] Unable to open usb!
[2026-09-05 13:07:27.275] [warning] Not found camera!
[2026-09-05 13:07:27.375] [warning] Unable to open usb!
[2026-09-05 13:07:27.375] [warning] Not found camera!
[2026-09-05 13:07:27.475] [warning] Unable to open usb!
[2026-09-05 13:07:27.475] [warning] Not found camera!
[2026-09-05 13:07:27.575] [warning] Unable to open usb!
[2026-09-05 13:07:27.575] [warning] Not found camera!
[2026-09-05 13:07:27.675] [warning] Unable to open usb!
[2026-09-05 13:07:27.676] [warning] Not found camera!
[2026-09-05 13:07:27.776] [warning] Unable to open usb!
[2026-09-05 13:07:27.776] [warning] Not found camera!
[2026-09-05 13:07:27.876] [warning] Unable to open usb!
[2026-09-05 13:07:27.876] [warning] Not found camera!
[2026-09-05 13:07:27.976] [warning] Unable to open usb!
[2026-09-05 13:07:27.976] [warning] Not found camera!
[2026-09-05 13:07:28.077] [warning] Unable to open usb!
[2026-09-05 13:07:28.077] [warning] Not found camera!
[2026-09-05 13:07:28.177] [warning] Unable to open usb!
[2026-09-05 13:07:28.177] [warning] Not found camera!
[2026-09-05 13:07:28.277] [warning] Unable to open usb!
[2026-09-05 13:07:28.277] [warning] Not found camera!
[2026-09-05 13:07:28.377] [warning] Unable to open usb!
[2026-09-05 13:07:28.377] [warning] Not found camera!
[2026-09-05 13:07:28.478] [warning] Unable to open usb!
[2026-09-05 13:07:28.478] [warning] Not found camera!
[2026-09-05 13:07:28.578] [warning] Unable to open usb!
[2026-09-05 13:07:28.578] [warning] Not found camera!
[2026-09-05 13:07:28.678] [warning] Unable to open usb!
[2026-09-05 13:07:28.678] [warning] Not found camera!
[2026-09-05 13:07:28.778] [warning] Unable to open usb!
[2026-09-05 13:07:28.778] [warning] Not found camera!
[2026-09-05 13:07:28.878] [warning] Unable to open usb!
[2026-09-05 13:07:28.879] [warning] Not found camera!
[2026-09-05 13:07:28.979] [warning] Unable to open usb!
[2026-09-05 13:07:28.979] [warning] Not found camera!
[2026-09-05 13:07:29.079] [warning] Unable to open usb!
[2026-09-05 13:07:29.079] [warning] Not found camera!
[2026-09-05 13:07:29.179] [warning] Unable to open usb!
[2026-09-05 13:07:29.180] [warning] Not found camera!
[2026-09-05 13:07:29.280] [warning] Unable to open usb!
[2026-09-05 13:07:29.280] [warning] Not found camera!
[2026-09-05 13:07:29.380] [warning] Unable to open usb!
[2026-09-05 13:07:29.380] [warning] Not found camera!
[2026-09-05 13:07:29.480] [warning] Unable to open usb!
[2026-09-05 13:07:29.480] [warning] Not found camera!
[2026-09-05 13:07:29.581] [warning] Unable to open usb!
[2026-09-05 13:07:29.581] [warning] Not found camera!
[2026-09-05 13:07:29.681] [warning] Unable to open usb!
[2026-09-05 13:07:29.681] [warning] Not found camera!
[2026-09-05 13:07:29.781] [warning] Unable to open usb!
[2026-09-05 13:07:29.781] [warning] Not found camera!
[2026-09-05 13:07:29.881] [warning] Unable to open usb!
[2026-09-05 13:07:29.882] [warning] Not found camera!
[2026-09-05 13:07:29.982] [warning] Unable to open usb!
[2026-09-05 13:07:29.982] [warning] Not found camera!
[2026-09-05 13:07:30.082] [warning] Unable to open usb!
[2026-09-05 13:07:30.082] [warning] Not found camera!
[2026-09-05 13:07:30.182] [warning] Unable to open usb!
[2026-09-05 13:07:30.183] [warning] Not found camera!
[2026-09-05 13:07:30.283] [warning] Unable to open usb!
[2026-09-05 13:07:30.283] [warning] Not found camera!
[2026-09-05 13:07:30.383] [warning] Unable to open usb!
[2026-09-05 13:07:30.383] [warning] Not found camera!
[2026-09-05 13:07:30.483] [warning] Unable to open usb!
[2026-09-05 13:07:30.484] [warning] Not found camera!
[2026-09-05 13:07:30.584] [warning] Unable to open usb!
[2026-09-05 13:07:30.584] [warning] Not found camera!
[2026-09-05 13:07:30.684] [warning] Unable to open usb!
[2026-09-05 13:07:30.684] [warning] Not found camera!
[2026-09-05 13:07:30.788] [warning] Unable to open usb!
[2026-09-05 13:07:30.788] [warning] Not found camera!
[2026-09-05 13:07:30.888] [warning] Unable to open usb!
[2026-09-05 13:07:30.888] [warning] Not found camera!
[2026-09-05 13:07:30.988] [warning] Unable to open usb!
[2026-09-05 13:07:30.989] [warning] Not found camera!
[2026-09-05 13:07:31.089] [warning] Unable to open usb!
[2026-09-05 13:07:31.089] [warning] Not found camera!
[2026-09-05 13:07:31.189] [warning] Unable to open usb!
[2026-09-05 13:07:31.189] [warning] Not found camera!
[2026-09-05 13:07:31.289] [warning] Unable to open usb!
[2026-09-05 13:07:31.290] [warning] Not found camera!
[2026-09-05 13:07:31.390] [warning] Unable to open usb!
[2026-09-05 13:07:31.390] [warning] Not found camera!
[2026-09-05 13:07:31.490] [warning] Unable to open usb!
[2026-09-05 13:07:31.490] [warning] Not found camera!
[2026-09-05 13:07:31.590] [warning] Unable to open usb!
[2026-09-05 13:07:31.590] [warning] Not found camera!
[2026-09-05 13:07:31.691] [warning] Unable to open usb!
[2026-09-05 13:07:31.691] [warning] Not found camera!
[2026-09-05 13:07:31.791] [warning] Unable to open usb!
[2026-09-05 13:07:31.791] [warning] Not found camera!
[2026-09-05 13:07:31.891] [warning] Unable to open usb!
[2026-09-05 13:07:31.891] [warning] Not found camera!
[2026-09-05 13:07:31.991] [warning] Unable to open usb!
[2026-09-05 13:07:31.992] [warning] Not found camera!
[2026-09-05 13:07:32.092] [warning] Unable to open usb!
[2026-09-05 13:07:32.092] [warning] Not found camera!
[2026-09-05 13:07:32.192] [warning] Unable to open usb!
[2026-09-05 13:07:32.192] [warning] Not found camera!
[2026-09-05 13:07:32.292] [warning] Unable to open usb!
[2026-09-05 13:07:32.292] [warning] Not found camera!
[2026-09-05 13:07:32.393] [warning] Unable to open usb!
[2026-09-05 13:07:32.393] [warning] Not found camera!
[2026-09-05 13:07:32.493] [warning] Unable to open usb!
[2026-09-05 13:07:32.493] [warning] Not found camera!
[2026-09-05 13:07:32.593] [warning] Unable to open usb!
[2026-09-05 13:07:32.594] [warning] Not found camera!
[2026-09-05 13:07:32.694] [warning] Unable to open usb!
[2026-09-05 13:07:32.694] [warning] Not found camera!
[2026-09-05 13:07:32.794] [warning] Unable to open usb!
[2026-09-05 13:07:32.794] [warning] Not found camera!
[2026-09-05 13:07:32.894] [warning] Unable to open usb!
[2026-09-05 13:07:32.894] [warning] Not found camera!
[2026-09-05 13:07:32.995] [warning] Unable to open usb!
[2026-09-05 13:07:32.995] [warning] Not found camera!
[2026-09-05 13:07:33.095] [warning] Unable to open usb!
[2026-09-05 13:07:33.095] [warning] Not found camera!
[2026-09-05 13:07:33.195] [warning] Unable to open usb!
[2026-09-05 13:07:33.195] [warning] Not found camera!
[2026-09-05 13:07:33.296] [warning] Unable to open usb!
[2026-09-05 13:07:33.296] [warning] Not found camera!
[2026-09-05 13:07:33.396] [warning] Unable to open usb!
[2026-09-05 13:07:33.396] [warning] Not found camera!
[2026-09-05 13:07:33.496] [warning] Unable to open usb!
[2026-09-05 13:07:33.496] [warning] Not found camera!
[2026-09-05 13:07:33.596] [warning] Unable to open usb!
[2026-09-05 13:07:33.596] [warning] Not found camera!
[2026-09-05 13:07:33.696] [warning] Unable to open usb!
[2026-09-05 13:07:33.697] [warning] Not found camera!
[2026-09-05 13:07:33.797] [warning] Unable to open usb!
[2026-09-05 13:07:33.797] [warning] Not found camera!
[2026-09-05 13:07:33.897] [warning] Unable to open usb!
[2026-09-05 13:07:33.897] [warning] Not found camera!
[2026-09-05 13:07:33.997] [warning] Unable to open usb!
[2026-09-05 13:07:33.997] [warning] Not found camera!
[2026-09-05 13:07:34.098] [warning] Unable to open usb!
[2026-09-05 13:07:34.098] [warning] Not found camera!
[2026-09-05 13:07:34.198] [warning] Unable to open usb!
[2026-09-05 13:07:34.198] [warning] Not found camera!
[2026-09-05 13:07:34.298] [warning] Unable to open usb!
[2026-09-05 13:07:34.298] [warning] Not found camera!
[2026-09-05 13:07:34.398] [warning] Unable to open usb!
[2026-09-05 13:07:34.398] [warning] Not found camera!
[2026-09-05 13:07:34.498] [warning] Unable to open usb!
[2026-09-05 13:07:34.498] [warning] Not found camera!
[2026-09-05 13:07:34.599] [warning] Unable to open usb!
[2026-09-05 13:07:34.599] [warning] Not found camera!
[2026-09-05 13:07:34.699] [warning] Unable to open usb!
[2026-09-05 13:07:34.699] [warning] Not found camera!
[2026-09-05 13:07:34.799] [warning] Unable to open usb!
[2026-09-05 13:07:34.799] [warning] Not found camera!
[2026-09-05 13:07:34.899] [warning] Unable to open usb!
[2026-09-05 13:07:34.899] [warning] Not found camera!
[2026-09-05 13:07:35.000] [warning] Unable to open usb!
[2026-09-05 13:07:35.000] [warning] Not found camera!
[2026-09-05 13:07:35.100] [warning] Unable to open usb!
[2026-09-05 13:07:35.100] [warning] Not found camera!
[2026-09-05 13:07:35.200] [warning] Unable to open usb!
[2026-09-05 13:07:35.200] [warning] Not found camera!
[2026-09-05 13:07:35.300] [warning] Unable to open usb!
[2026-09-05 13:07:35.301] [warning] Not found camera!
[2026-09-05 13:07:35.401] [warning] Unable to open usb!
[2026-09-05 13:07:35.401] [warning] Not found camera!
[2026-09-05 13:07:35.501] [warning] Unable to open usb!
[2026-09-05 13:07:35.501] [warning] Not found camera!
[2026-09-05 13:07:35.601] [warning] Unable to open usb!
[2026-09-05 13:07:35.601] [warning] Not found camera!
[2026-09-05 13:07:35.701] [warning] Unable to open usb!
[2026-09-05 13:07:35.702] [warning] Not found camera!
[2026-09-05 13:07:35.804] [warning] Unable to open usb!
[2026-09-05 13:07:35.805] [warning] Not found camera!
[2026-09-05 13:07:35.905] [warning] Unable to open usb!
[2026-09-05 13:07:35.905] [warning] Not found camera!
[2026-09-05 13:07:36.005] [warning] Unable to open usb!
[2026-09-05 13:07:36.005] [warning] Not found camera!
[2026-09-05 13:07:36.105] [warning] Unable to open usb!
[2026-09-05 13:07:36.105] [warning] Not found camera!
[2026-09-05 13:07:36.206] [warning] Unable to open usb!
[2026-09-05 13:07:36.206] [warning] Not found camera!
[2026-09-05 13:07:36.306] [warning] Unable to open usb!
[2026-09-05 13:07:36.306] [warning] Not found camera!
[2026-09-05 13:07:36.406] [warning] Unable to open usb!
[2026-09-05 13:07:36.406] [warning] Not found camera!
[2026-09-05 13:07:36.506] [warning] Unable to open usb!
[2026-09-05 13:07:36.507] [warning] Not found camera!
[2026-09-05 13:07:36.607] [warning] Unable to open usb!
[2026-09-05 13:07:36.607] [warning] Not found camera!
[2026-09-05 13:07:36.707] [warning] Unable to open usb!
[2026-09-05 13:07:36.707] [warning] Not found camera!
[2026-09-05 13:07:36.807] [warning] Unable to open usb!
[2026-09-05 13:07:36.807] [warning] Not found camera!
[2026-09-05 13:07:36.907] [warning] Unable to open usb!
[2026-09-05 13:07:36.908] [warning] Not found camera!
[2026-09-05 13:07:37.008] [warning] Unable to open usb!
[2026-09-05 13:07:37.008] [warning] Not found camera!
[2026-09-05 13:07:37.108] [warning] Unable to open usb!
[2026-09-05 13:07:37.108] [warning] Not found camera!
[2026-09-05 13:07:37.208] [warning] Unable to open usb!
[2026-09-05 13:07:37.208] [warning] Not found camera!
[2026-09-05 13:07:37.308] [warning] Unable to open usb!
[2026-09-05 13:07:37.309] [warning] Not found camera!
[2026-09-05 13:07:37.409] [warning] Unable to open usb!
[2026-09-05 13:07:37.409] [warning] Not found camera!
[2026-09-05 13:07:37.509] [warning] Unable to open usb!
[2026-09-05 13:07:37.509] [warning] Not found camera!
[2026-09-05 13:07:37.609] [warning] Unable to open usb!
[2026-09-05 13:07:37.609] [warning] Not found camera!
[2026-09-05 13:07:37.710] [warning] Unable to open usb!
[2026-09-05 13:07:37.710] [warning] Not found camera!
[2026-09-05 13:07:37.810] [warning] Unable to open usb!
[2026-09-05 13:07:37.810] [warning] Not found camera!
[2026-09-05 13:07:37.910] [warning] Unable to open usb!
[2026-09-05 13:07:37.910] [warning] Not found camera!
[2026-09-05 13:07:38.010] [warning] Unable to open usb!
[2026-09-05 13:07:38.011] [warning] Not found camera!
[2026-09-05 13:07:38.111] [warning] Unable to open usb!
[2026-09-05 13:07:38.111] [warning] Not found camera!
[2026-09-05 13:07:38.211] [warning] Unable to open usb!
[2026-09-05 13:07:38.211] [warning] Not found camera!
[2026-09-05 13:07:38.311] [warning] Unable to open usb!
[2026-09-05 13:07:38.311] [warning] Not found camera!
[2026-09-05 13:07:38.411] [warning] Unable to open usb!
[2026-09-05 13:07:38.412] [warning] Not found camera!
[2026-09-05 13:07:38.512] [warning] Unable to open usb!
[2026-09-05 13:07:38.512] [warning] Not found camera!
[2026-09-05 13:07:38.612] [warning] Unable to open usb!
[2026-09-05 13:07:38.612] [warning] Not found camera!
[2026-09-05 13:07:38.712] [warning] Unable to open usb!
[2026-09-05 13:07:38.713] [warning] Not found camera!
[2026-09-05 13:07:38.813] [warning] Unable to open usb!
[2026-09-05 13:07:38.813] [warning] Not found camera!
[2026-09-05 13:07:38.913] [warning] Unable to open usb!
[2026-09-05 13:07:38.913] [warning] Not found camera!
[2026-09-05 13:07:39.013] [warning] Unable to open usb!
[2026-09-05 13:07:39.013] [warning] Not found camera!
[2026-09-05 13:07:39.113] [warning] Unable to open usb!
[2026-09-05 13:07:39.114] [warning] Not found camera!
[2026-09-05 13:07:39.214] [warning] Unable to open usb!
[2026-09-05 13:07:39.214] [warning] Not found camera!
[2026-09-05 13:07:39.314] [warning] Unable to open usb!
[2026-09-05 13:07:39.314] [warning] Not found camera!
[2026-09-05 13:07:39.414] [warning] Unable to open usb!
[2026-09-05 13:07:39.414] [warning] Not found camera!
[2026-09-05 13:07:39.515] [warning] Unable to open usb!
[2026-09-05 13:07:39.515] [warning] Not found camera!
[2026-09-05 13:07:39.615] [warning] Unable to open usb!
[2026-09-05 13:07:39.615] [warning] Not found camera!
[2026-09-05 13:07:39.715] [warning] Unable to open usb!
[2026-09-05 13:07:39.715] [warning] Not found camera!
[2026-09-05 13:07:39.815] [warning] Unable to open usb!
[2026-09-05 13:07:39.815] [warning] Not found camera!
[2026-09-05 13:07:39.915] [warning] Unable to open usb!
[2026-09-05 13:07:39.915] [warning] Not found camera!
[2026-09-05 13:07:40.015] [warning] Unable to open usb!
[2026-09-05 13:07:40.015] [warning] Not found camera!
[2026-09-05 13:07:40.116] [warning] Unable to open usb!
[2026-09-05 13:07:40.116] [warning] Not found camera!
[2026-09-05 13:07:40.216] [warning] Unable to open usb!
[2026-09-05 13:07:40.216] [warning] Not found camera!
[2026-09-05 13:07:40.316] [warning] Unable to open usb!
[2026-09-05 13:07:40.316] [warning] Not found camera!
[2026-09-05 13:07:40.416] [warning] Unable to open usb!
[2026-09-05 13:07:40.416] [warning] Not found camera!
[2026-09-05 13:07:40.516] [warning] Unable to open usb!
[2026-09-05 13:07:40.516] [warning] Not found camera!
[2026-09-05 13:07:40.617] [warning] Unable to open usb!
[2026-09-05 13:07:40.617] [warning] Not found camera!
[2026-09-05 13:07:40.717] [warning] Unable to open usb!
[2026-09-05 13:07:40.717] [warning] Not found camera!
[2026-09-05 13:07:40.820] [warning] Unable to open usb!
[2026-09-05 13:07:40.820] [warning] Not found camera!
[2026-09-05 13:07:40.920] [warning] Unable to open usb!
[2026-09-05 13:07:40.920] [warning] Not found camera!
[2026-09-05 13:07:41.020] [warning] Unable to open usb!
[2026-09-05 13:07:41.020] [warning] Not found camera!
[2026-09-05 13:07:41.120] [warning] Unable to open usb!
[2026-09-05 13:07:41.120] [warning] Not found camera!
[2026-09-05 13:07:41.221] [warning] Unable to open usb!
[2026-09-05 13:07:41.221] [warning] Not found camera!
[2026-09-05 13:07:41.321] [warning] Unable to open usb!
[2026-09-05 13:07:41.321] [warning] Not found camera!
[2026-09-05 13:07:41.421] [warning] Unable to open usb!
[2026-09-05 13:07:41.421] [warning] Not found camera!
[2026-09-05 13:07:41.521] [warning] Unable to open usb!
[2026-09-05 13:07:41.521] [warning] Not found camera!
[2026-09-05 13:07:41.621] [warning] Unable to open usb!
[2026-09-05 13:07:41.622] [warning] Not found camera!
[2026-09-05 13:07:41.722] [warning] Unable to open usb!
[2026-09-05 13:07:41.722] [warning] Not found camera!
[2026-09-05 13:07:41.822] [warning] Unable to open usb!
[2026-09-05 13:07:41.822] [warning] Not found camera!
[2026-09-05 13:07:41.922] [warning] Unable to open usb!
[2026-09-05 13:07:41.923] [warning] Not found camera!
[2026-09-05 13:07:42.023] [warning] Unable to open usb!
[2026-09-05 13:07:42.023] [warning] Not found camera!
[2026-09-05 13:07:42.123] [warning] Unable to open usb!
[2026-09-05 13:07:42.123] [warning] Not found camera!
[2026-09-05 13:07:42.223] [warning] Unable to open usb!
[2026-09-05 13:07:42.224] [warning] Not found camera!
[2026-09-05 13:07:42.324] [warning] Unable to open usb!
[2026-09-05 13:07:42.324] [warning] Not found camera!
[2026-09-05 13:07:42.424] [warning] Unable to open usb!
[2026-09-05 13:07:42.424] [warning] Not found camera!
[2026-09-05 13:07:42.524] [warning] Unable to open usb!
[2026-09-05 13:07:42.525] [warning] Not found camera!
[2026-09-05 13:07:42.625] [warning] Unable to open usb!
[2026-09-05 13:07:42.625] [warning] Not found camera!
[2026-09-05 13:07:42.725] [warning] Unable to open usb!
[2026-09-05 13:07:42.725] [warning] Not found camera!
[2026-09-05 13:07:42.825] [warning] Unable to open usb!
[2026-09-05 13:07:42.825] [warning] Not found camera!
[2026-09-05 13:07:42.926] [warning] Unable to open usb!
[2026-09-05 13:07:42.926] [warning] Not found camera!
[2026-09-05 13:07:43.026] [warning] Unable to open usb!
[2026-09-05 13:07:43.026] [warning] Not found camera!
[2026-09-05 13:07:43.126] [warning] Unable to open usb!
[2026-09-05 13:07:43.126] [warning] Not found camera!
[2026-09-05 13:07:43.226] [warning] Unable to open usb!
[2026-09-05 13:07:43.227] [warning] Not found camera!
[2026-09-05 13:07:43.327] [warning] Unable to open usb!
[2026-09-05 13:07:43.327] [warning] Not found camera!
[2026-09-05 13:07:43.427] [warning] Unable to open usb!
[2026-09-05 13:07:43.427] [warning] Not found camera!
[2026-09-05 13:07:43.527] [warning] Unable to open usb!
[2026-09-05 13:07:43.527] [warning] Not found camera!
[2026-09-05 13:07:43.628] [warning] Unable to open usb!
[2026-09-05 13:07:43.628] [warning] Not found camera!
[2026-09-05 13:07:43.728] [warning] Unable to open usb!
[2026-09-05 13:07:43.728] [warning] Not found camera!
[2026-09-05 13:07:43.828] [warning] Unable to open usb!
[2026-09-05 13:07:43.829] [warning] Not found camera!
[2026-09-05 13:07:43.929] [warning] Unable to open usb!
[2026-09-05 13:07:43.929] [warning] Not found camera!
[2026-09-05 13:07:44.029] [warning] Unable to open usb!
[2026-09-05 13:07:44.029] [warning] Not found camera!
[2026-09-05 13:07:44.129] [warning] Unable to open usb!
[2026-09-05 13:07:44.129] [warning] Not found camera!
[2026-09-05 13:07:44.229] [warning] Unable to open usb!
[2026-09-05 13:07:44.230] [warning] Not found camera!
[2026-09-05 13:07:44.330] [warning] Unable to open usb!
[2026-09-05 13:07:44.330] [warning] Not found camera!
[2026-09-05 13:07:44.430] [warning] Unable to open usb!
[2026-09-05 13:07:44.430] [warning] Not found camera!
[2026-09-05 13:07:44.530] [warning] Unable to open usb!
[2026-09-05 13:07:44.530] [warning] Not found camera!
[2026-09-05 13:07:44.631] [warning] Unable to open usb!
[2026-09-05 13:07:44.631] [warning] Not found camera!
[2026-09-05 13:07:44.731] [warning] Unable to open usb!
[2026-09-05 13:07:44.731] [warning] Not found camera!
[2026-09-05 13:07:44.831] [warning] Unable to open usb!
[2026-09-05 13:07:44.831] [warning] Not found camera!
[2026-09-05 13:07:44.931] [warning] Unable to open usb!
[2026-09-05 13:07:44.932] [warning] Not found camera!
[2026-09-05 13:07:45.032] [warning] Unable to open usb!
[2026-09-05 13:07:45.032] [warning] Not found camera!
[2026-09-05 13:07:45.132] [warning] Unable to open usb!
[2026-09-05 13:07:45.132] [warning] Not found camera!
[2026-09-05 13:07:45.232] [warning] Unable to open usb!
[2026-09-05 13:07:45.232] [warning] Not found camera!
[2026-09-05 13:07:45.332] [warning] Unable to open usb!
[2026-09-05 13:07:45.333] [warning] Not found camera!
[2026-09-05 13:07:45.433] [warning] Unable to open usb!
[2026-09-05 13:07:45.433] [warning] Not found camera!
[2026-09-05 13:07:45.533] [warning] Unable to open usb!
[2026-09-05 13:07:45.533] [warning] Not found camera!
[2026-09-05 13:07:45.633] [warning] Unable to open usb!
[2026-09-05 13:07:45.633] [warning] Not found camera!
[2026-09-05 13:07:45.733] [warning] Unable to open usb!
[2026-09-05 13:07:45.734] [warning] Not found camera!
[2026-09-05 13:07:45.836] [warning] Unable to open usb!
[2026-09-05 13:07:45.837] [warning] Not found camera!
[2026-09-05 13:07:45.937] [warning] Unable to open usb!
[2026-09-05 13:07:45.937] [warning] Not found camera!
[2026-09-05 13:07:46.037] [warning] Unable to open usb!
[2026-09-05 13:07:46.037] [warning] Not found camera!
[2026-09-05 13:07:46.137] [warning] Unable to open usb!
[2026-09-05 13:07:46.138] [warning] Not found camera!
[2026-09-05 13:07:46.238] [warning] Unable to open usb!
[2026-09-05 13:07:46.238] [warning] Not found camera!
[2026-09-05 13:07:46.338] [warning] Unable to open usb!
[2026-09-05 13:07:46.338] [warning] Not found camera!
[2026-09-05 13:07:46.438] [warning] Unable to open usb!
[2026-09-05 13:07:46.438] [warning] Not found camera!
[2026-09-05 13:07:46.538] [warning] Unable to open usb!
[2026-09-05 13:07:46.539] [warning] Not found camera!
[2026-09-05 13:07:46.639] [warning] Unable to open usb!
[2026-09-05 13:07:46.639] [warning] Not found camera!
[2026-09-05 13:07:46.739] [warning] Unable to open usb!
[2026-09-05 13:07:46.739] [warning] Not found camera!
