[2026-09-05 12:53:41.457] [info] [Performance] Thread limits: OpenCV=1, TBB=4, OMP=4
[2026-09-05 12:53:41.475] [info] [ROS2Visualizer] Initialized: node=standard_node, marker_topic=standard_markers
[2026-09-05 12:53:41.475] [info] [ROS2Visualizer] Spin thread started
[2026-09-05 12:53:41.475] [info] [ROS2] Visualizer initialized
[2026-09-05 12:53:41.476] [info] [CBoard] disabled (cboard_enable=false); XUC is expected to provide IMU
[2026-09-05 12:53:41.477] [info] Camera constructor: config_path=configs/standard_hikrobot_phase2d5_fire_single.yaml, camera_name=hikrobot
[2026-09-05 12:53:41.477] [info] Creating HikRobot camera
[2026-09-05 12:53:41.477] [info] HikRobot's daemon thread started.
[2026-09-05 12:53:41.477] [info] Camera constructor completed
[2026-09-05 12:53:41.479] [info] [XUC] serial opened /dev/serial/by-id/usb-1a86_USB_Serial-if00-port0 @ 460800 baud, angles=rad, yaw_sign=0.94074425, pitch_sign=1, imu_yaw_sign=-1.06298816, imu_pitch_sign=1, allow_control=true, allow_shoot=true, require_feedback=true, require_auto_mode=false, max_yaw_excursion_deg=0.00, lock_pitch=false
[2026-09-05 12:53:41.527] [info] [YOLO26] CPU cores: 16, big cores found: 4, core_type: unavailable, max_freq: 4900000
[2026-09-05 12:53:41.527] [info] [YOLO26] Big core ids: [4,5,6,7]
[2026-09-05 12:53:41.527] [info] [YOLO26] Successfully bound to 4 big cores
[2026-09-05 12:53:41.527] [info] [YOLO26] Disabled OpenCV threading to avoid CPU contention
[2026-09-05 12:53:41.543] [info] [YOLO26] Compiling model with 4 threads (LATENCY mode)
[2026-09-05 12:53:41.761] [info] [HikRobot][READBACK] image=1440x1080, pixel_format=0x1080009
[2026-09-05 12:53:41.762] [info] [HikRobot][READBACK] exposure_us=2000.0 auto=0, gain=10.02 auto=0, white_balance_auto=0
[2026-09-05 12:53:41.763] [info] [HikRobot][READBACK] trigger=off (continuous acquisition)
[2026-09-05 12:53:41.763] [info] [HikRobot][READBACK] acquisition_fps=150.00
[2026-09-05 12:53:41.776] [info] HikRobot's capture thread started.
[2026-09-05 12:53:41.783] [info] [HikRobot] first frame: 1440x1080, pixel_type=0x1080009, frame_len=1555200
[2026-09-05 12:53:41.805] [info] [YOLO26] Initialization complete - SYNC mode optimized
[2026-09-05 12:53:41.805] [info] [YOLO26] Config: threads=4, streams=1, requests=1, letterbox=114, min_confidence=0.45, min_keypoint_confidence=0.00, swap_rb=false, refine_color=true, color_delta=12.0, color_hold_frames=12, save_samples=false, debug=false
[2026-09-05 12:53:41.809] [info] === All modules initialized ===
[2026-09-05 12:53:41.809] [info] [ROS2Visualizer] Published static TF: gimbal -> camera
[2026-09-05 12:53:41.809] [info] [ROS2] Published static TF: gimbal -> camera
[2026-09-05 12:53:41.809] [info] === Entering main loop ===
[2026-09-05 12:53:41.809] [info] [SYNC] 发送默认命令，等待相机触发
[DEBUG] armors=1, targets=1
[DEBUG] armors=1, targets=1
[DEBUG] armors=1, targets=1
[DEBUG] armors=1, targets=1
[DEBUG] armors=1, targets=1
[DEBUG] armors=1, targets=1
[DEBUG] armors=1, targets=1
[DEBUG] armors=1, targets=1
[DEBUG] armors=1, targets=1
[DEBUG] armors=1, targets=1
[DEBUG] armors=1, targets=1
[DEBUG] armors=1, targets=1
[DEBUG] armors=1, targets=1
[DEBUG] armors=1, targets=1
[DEBUG] armors=1, targets=1
[DEBUG] armors=1, targets=1
[DEBUG] armors=1, targets=1
[DEBUG] armors=1, targets=1
[DEBUG] armors=1, targets=1
[DEBUG] armors=1, targets=1
[2026-09-05 12:53:42.209] [info] [DRYRUN] measured_gimbal=(2.817,-0.073,0.092) measured_world=(2.813,0.166,-0.116) tracked_world=(2.797,0.165,-0.115) target_gimbal_deg=(-1.49,1.88) target_world_deg=(3.38,-2.36) gimbal_deg=(4.87,4.24) armor_y_px=508.8 pixel_error_deg=(2.21,-0.77) ballistic=(range=2.818m holdover=0.540m comp=10.63deg residual=-11.39deg) q_wxyz=(0.998413,0.001572,0.036950,-0.042472) cmd_deg=(3.37,-14.53) packed_pitch_deg=-14.53 control=true shoot=false
[DEBUG] armors=1, targets=1
[DEBUG] armors=1, targets=1
[DEBUG] armors=1, targets=1
[DEBUG] armors=1, targets=1
[DEBUG] armors=1, targets=1
[DEBUG] armors=1, targets=1
[DEBUG] armors=1, targets=1
[DEBUG] armors=1, targets=1
[DEBUG] armors=1, targets=1
[DEBUG] armors=1, targets=1
[DEBUG] armors=1, targets=1
[DEBUG] armors=1, targets=1
[DEBUG] armors=1, targets=1
[DEBUG] armors=1, targets=1
[DEBUG] armors=1, targets=1
[DEBUG] armors=1, targets=1
[DEBUG] armors=1, targets=1
[DEBUG] armors=1, targets=1
[DEBUG] armors=1, targets=1
[DEBUG] armors=1, targets=1
[2026-09-05 12:53:42.517] [info] [DRYRUN] measured_gimbal=(2.764,-0.073,0.092) measured_world=(2.759,0.162,-0.112) tracked_world=(2.785,0.164,-0.114) target_gimbal_deg=(-1.51,1.90) target_world_deg=(3.36,-2.32) gimbal_deg=(4.87,4.22) armor_y_px=508.9 pixel_error_deg=(2.22,-0.76) ballistic=(range=2.765m holdover=0.526m comp=10.55deg residual=-11.31deg) q_wxyz=(0.998417,0.001567,0.036827,-0.042483) cmd_deg=(3.37,-14.47) packed_pitch_deg=-14.47 control=true shoot=false
[DEBUG] armors=1, targets=1
[DEBUG] armors=1, targets=1
[DEBUG] armors=1, targets=1
[DEBUG] armors=0, targets=1
[DEBUG] armors=1, targets=1
[DEBUG] armors=1, targets=1
[DEBUG] armors=1, targets=1
[DEBUG] armors=1, targets=1
[DEBUG] armors=1, targets=1
[2026-09-05 12:53:42.655] [info] [SYNC][XUC] mode=0 yaw=-4.87 deg pitch=4.22 deg feeder_rpm=0.00 wheel0_rpm=0 wheel1_rpm=0 wheel_delta=0 projectile_speed=12.80
[DEBUG] armors=1, targets=1
[2026-09-05 12:53:42.670] [info] [PERF] 总耗时=15.2ms (检测=12.4ms, 跟踪=0.5ms), FPS=65.9
[2026-09-05 12:53:42.670] [info] 📊 [CAMERA FPS] 瞬时帧率=65.8fps, 平均帧率=58.1fps, 总帧数=50, 运行时间=0.9s
[DEBUG] armors=1, targets=1
[DEBUG] armors=1, targets=1
[DEBUG] armors=1, targets=1
[DEBUG] armors=1, targets=1
[DEBUG] armors=1, targets=1
[DEBUG] armors=1, targets=1
[DEBUG] armors=1, targets=1
[DEBUG] armors=1, targets=1
[DEBUG] armors=1, targets=1
[DEBUG] armors=1, targets=1
[2026-09-05 12:53:42.818] [info] [DRYRUN] measured_gimbal=(2.810,-0.073,0.092) measured_world=(2.805,0.166,-0.115) tracked_world=(2.791,0.164,-0.114) target_gimbal_deg=(-1.50,1.88) target_world_deg=(3.38,-2.34) gimbal_deg=(4.87,4.23) armor_y_px=508.8 pixel_error_deg=(2.22,-0.76) ballistic=(range=2.811m holdover=0.538m comp=10.62deg residual=-11.38deg) q_wxyz=(0.998417,0.001567,0.036840,-0.042481) cmd_deg=(3.37,-14.52) packed_pitch_deg=-14.52 control=true shoot=false
[DEBUG] armors=1, targets=1
[DEBUG] armors=1, targets=1
[DEBUG] armors=1, targets=1
[DEBUG] armors=1, targets=1
[DEBUG] armors=1, targets=1
[DEBUG] armors=1, targets=1
[DEBUG] armors=1, targets=1
[DEBUG] armors=1, targets=1
[DEBUG] armors=1, targets=1
[DEBUG] armors=1, targets=1
[DEBUG] armors=1, targets=1
[DEBUG] armors=1, targets=1
[DEBUG] armors=1, targets=1
[DEBUG] armors=1, targets=1
[DEBUG] armors=1, targets=1
[DEBUG] armors=1, targets=1
[DEBUG] armors=1, targets=1
[DEBUG] armors=1, targets=1
[DEBUG] armors=1, targets=1
[DEBUG] armors=1, targets=1
[2026-09-05 12:53:43.122] [info] [DRYRUN] measured_gimbal=(2.830,-0.074,0.092) measured_world=(2.825,0.167,-0.116) tracked_world=(2.793,0.165,-0.114) target_gimbal_deg=(-1.49,1.87) target_world_deg=(3.38,-2.34) gimbal_deg=(4.87,4.22) armor_y_px=508.9 pixel_error_deg=(2.22,-0.76) ballistic=(range=2.831m holdover=0.543m comp=10.64deg residual=-11.41deg) q_wxyz=(0.998422,0.001562,0.036742,-0.042443) cmd_deg=(3.37,-14.56) packed_pitch_deg=-14.56 control=true shoot=false
[DEBUG] armors=1, targets=1
[DEBUG] armors=1, targets=1
[DEBUG] armors=1, targets=1
[DEBUG] armors=1, targets=1
[DEBUG] armors=1, targets=1
[DEBUG] armors=1, targets=1
[DEBUG] armors=1, targets=1
[DEBUG] armors=1, targets=1
[DEBUG] armors=1, targets=1
[DEBUG] armors=1, targets=1
[DEBUG] armors=1, targets=1
[DEBUG] armors=1, targets=1
[DEBUG] armors=1, targets=1
[DEBUG] armors=1, targets=1
[DEBUG] armors=1, targets=1
[DEBUG] armors=1, targets=1
[DEBUG] armors=1, targets=1
[DEBUG] armors=1, targets=1
[DEBUG] armors=1, targets=1
[2026-09-05 12:53:43.415] [info] [SYNC][XUC] mode=0 yaw=-4.87 deg pitch=4.22 deg feeder_rpm=0.00 wheel0_rpm=0 wheel1_rpm=0 wheel_delta=0 projectile_speed=12.80
[DEBUG] armors=1, targets=1
[2026-09-05 12:53:43.428] [info] [DRYRUN] measured_gimbal=(2.826,-0.073,0.092) measured_world=(2.821,0.167,-0.116) tracked_world=(2.786,0.164,-0.113) target_gimbal_deg=(-1.49,1.87) target_world_deg=(3.38,-2.35) gimbal_deg=(4.87,4.22) armor_y_px=509.0 pixel_error_deg=(2.21,-0.76) ballistic=(range=2.826m holdover=0.542m comp=10.64deg residual=-11.40deg) q_wxyz=(0.998422,0.001562,0.036761,-0.042426) cmd_deg=(3.36,-14.55) packed_pitch_deg=-14.55 control=true shoot=false
[2026-09-05 12:53:43.430] [info] [PERF] 总耗时=15.6ms (检测=12.8ms, 跟踪=0.5ms), FPS=64.0
[2026-09-05 12:53:43.430] [info] 📊 [CAMERA FPS] 瞬时帧率=63.9fps, 平均帧率=61.7fps, 总帧数=100, 运行时间=1.6s
[DEBUG] armors=1, targets=1
[DEBUG] armors=1, targets=1
[DEBUG] armors=1, targets=1
[DEBUG] armors=1, targets=1
[DEBUG] armors=1, targets=1
[DEBUG] armors=1, targets=1
[DEBUG] armors=1, targets=1
[DEBUG] armors=1, targets=1
[DEBUG] armors=1, targets=1
[DEBUG] armors=1, targets=1
[DEBUG] armors=1, targets=1
[DEBUG] armors=1, targets=1
[DEBUG] armors=1, targets=1
[DEBUG] armors=1, targets=1
[DEBUG] armors=1, targets=1
[DEBUG] armors=1, targets=1
[DEBUG] armors=1, targets=1
[DEBUG] armors=1, targets=1
[DEBUG] armors=1, targets=1
[DEBUG] armors=1, targets=1
[2026-09-05 12:53:43.731] [info] [DRYRUN] measured_gimbal=(2.766,-0.073,0.092) measured_world=(2.762,0.162,-0.112) tracked_world=(2.781,0.163,-0.113) target_gimbal_deg=(-1.50,1.90) target_world_deg=(3.36,-2.31) gimbal_deg=(4.86,4.21) armor_y_px=509.0 pixel_error_deg=(2.22,-0.76) ballistic=(range=2.767m holdover=0.527m comp=10.55deg residual=-11.31deg) q_wxyz=(0.998425,0.001559,0.036721,-0.042390) cmd_deg=(3.37,-14.52) packed_pitch_deg=-14.52 control=true shoot=false
[DEBUG] armors=1, targets=1
[DEBUG] armors=1, targets=1
[DEBUG] armors=1, targets=1
[DEBUG] armors=1, targets=1
[DEBUG] armors=1, targets=1
[DEBUG] armors=1, targets=1
[DEBUG] armors=1, targets=1
[DEBUG] armors=1, targets=1
[DEBUG] armors=1, targets=1
[DEBUG] armors=1, targets=1
[DEBUG] armors=1, targets=1
[DEBUG] armors=1, targets=1
[DEBUG] armors=1, targets=1
[DEBUG] armors=1, targets=1
[DEBUG] armors=1, targets=1
[DEBUG] armors=1, targets=1
[DEBUG] armors=1, targets=1
[DEBUG] armors=1, targets=1
[DEBUG] armors=1, targets=1
[DEBUG] armors=1, targets=1
[2026-09-05 12:53:44.035] [info] [DRYRUN] measured_gimbal=(2.822,-0.073,0.092) measured_world=(2.817,0.166,-0.115) tracked_world=(2.793,0.164,-0.114) target_gimbal_deg=(-1.49,1.87) target_world_deg=(3.37,-2.34) gimbal_deg=(4.86,4.21) armor_y_px=509.0 pixel_error_deg=(2.22,-0.76) ballistic=(range=2.823m holdover=0.541m comp=10.63deg residual=-11.39deg) q_wxyz=(0.998425,0.001559,0.036734,-0.042379) cmd_deg=(3.37,-14.57) packed_pitch_deg=-14.57 control=true shoot=false
[DEBUG] armors=1, targets=1
[DEBUG] armors=1, targets=1
[DEBUG] armors=1, targets=1
[DEBUG] armors=1, targets=1
[DEBUG] armors=1, targets=1
[DEBUG] armors=1, targets=1
[DEBUG] armors=1, targets=1
[DEBUG] armors=1, targets=1
[DEBUG] armors=1, targets=1
[2026-09-05 12:53:44.174] [info] [SYNC][XUC] mode=0 yaw=-4.86 deg pitch=4.21 deg feeder_rpm=-4.00 wheel0_rpm=0 wheel1_rpm=0 wheel_delta=0 projectile_speed=12.80
[DEBUG] armors=1, targets=1
[2026-09-05 12:53:44.189] [info] [PERF] 总耗时=14.7ms (检测=12.1ms, 跟踪=0.4ms), FPS=67.9
[2026-09-05 12:53:44.189] [info] 📊 [CAMERA FPS] 瞬时帧率=67.7fps, 平均帧率=63.0fps, 总帧数=150, 运行时间=2.4s
[DEBUG] armors=1, targets=1
[DEBUG] armors=1, targets=1
[DEBUG] armors=1, targets=1
[DEBUG] armors=1, targets=1
[DEBUG] armors=1, targets=1
[DEBUG] armors=1, targets=1
[DEBUG] armors=1, targets=1
[DEBUG] armors=1, targets=1
[DEBUG] armors=1, targets=1
[DEBUG] armors=1, targets=1
[2026-09-05 12:53:44.339] [info] [DRYRUN] measured_gimbal=(2.785,-0.073,0.092) measured_world=(2.781,0.163,-0.113) tracked_world=(2.800,0.165,-0.115) target_gimbal_deg=(-1.50,1.89) target_world_deg=(3.36,-2.33) gimbal_deg=(4.86,4.22) armor_y_px=508.9 pixel_error_deg=(2.22,-0.76) ballistic=(range=2.786m holdover=0.532m comp=10.58deg residual=-11.34deg) q_wxyz=(0.998423,0.001562,0.036807,-0.042363) cmd_deg=(3.37,-14.52) packed_pitch_deg=-14.52 control=true shoot=false
[DEBUG] armors=1, targets=1
[DEBUG] armors=1, targets=1
[DEBUG] armors=1, targets=1
[DEBUG] armors=1, targets=1
[DEBUG] armors=1, targets=1
[DEBUG] armors=1, targets=1
[DEBUG] armors=1, targets=1
[DEBUG] armors=1, targets=1
[DEBUG] armors=1, targets=1
[DEBUG] armors=1, targets=1
[DEBUG] armors=1, targets=1
[DEBUG] armors=1, targets=1
[DEBUG] armors=1, targets=1
[DEBUG] armors=1, targets=1
[DEBUG] armors=1, targets=1
[DEBUG] armors=1, targets=1
[DEBUG] armors=1, targets=1
[DEBUG] armors=1, targets=1
[DEBUG] armors=1, targets=1
[DEBUG] armors=1, targets=1
[2026-09-05 12:53:44.646] [info] [DRYRUN] measured_gimbal=(2.790,-0.073,0.092) measured_world=(2.786,0.164,-0.115) tracked_world=(2.790,0.164,-0.114) target_gimbal_deg=(-1.50,1.89) target_world_deg=(3.36,-2.35) gimbal_deg=(4.86,4.24) armor_y_px=508.9 pixel_error_deg=(2.22,-0.76) ballistic=(range=2.791m holdover=0.533m comp=10.59deg residual=-11.35deg) q_wxyz=(0.998416,0.001570,0.036970,-0.042386) cmd_deg=(3.35,-14.47) packed_pitch_deg=-14.47 control=true shoot=false
[DEBUG] armors=1, targets=1
[DEBUG] armors=1, targets=1
[DEBUG] armors=1, targets=1
[DEBUG] armors=1, targets=1
[DEBUG] armors=1, targets=1
[DEBUG] armors=1, targets=1
[DEBUG] armors=1, targets=1
[DEBUG] armors=1, targets=1
[DEBUG] armors=1, targets=1
[DEBUG] armors=1, targets=1
[DEBUG] armors=1, targets=1
[DEBUG] armors=1, targets=1
[DEBUG] armors=1, targets=1
[DEBUG] armors=1, targets=1
[DEBUG] armors=1, targets=1
[DEBUG] armors=1, targets=1
[DEBUG] armors=1, targets=1
[DEBUG] armors=1, targets=1
[DEBUG] armors=1, targets=1
[2026-09-05 12:53:44.937] [info] [SYNC][XUC] mode=0 yaw=-4.86 deg pitch=4.23 deg feeder_rpm=0.00 wheel0_rpm=0 wheel1_rpm=0 wheel_delta=0 projectile_speed=12.80
[DEBUG] armors=1, targets=1
[2026-09-05 12:53:44.951] [info] [DRYRUN] measured_gimbal=(2.817,-0.074,0.092) measured_world=(2.812,0.165,-0.116) tracked_world=(2.798,0.165,-0.115) target_gimbal_deg=(-1.50,1.88) target_world_deg=(3.37,-2.35) gimbal_deg=(4.86,4.23) armor_y_px=508.8 pixel_error_deg=(2.22,-0.76) ballistic=(range=2.818m holdover=0.540m comp=10.63deg residual=-11.39deg) q_wxyz=(0.998418,0.001567,0.036896,-0.042402) cmd_deg=(3.37,-14.55) packed_pitch_deg=-14.55 control=true shoot=false
[2026-09-05 12:53:44.953] [info] [PERF] 总耗时=15.5ms (检测=12.8ms, 跟踪=0.4ms), FPS=64.5
[2026-09-05 12:53:44.953] [info] 📊 [CAMERA FPS] 瞬时帧率=64.4fps, 平均帧率=63.6fps, 总帧数=200, 运行时间=3.1s
[DEBUG] armors=1, targets=1
[DEBUG] armors=1, targets=1
[DEBUG] armors=1, targets=1
[DEBUG] armors=1, targets=1
[DEBUG] armors=1, targets=1
[DEBUG] armors=1, targets=1
[DEBUG] armors=1, targets=1
[DEBUG] armors=1, targets=1
[DEBUG] armors=1, targets=1
[DEBUG] armors=1, targets=1
[DEBUG] armors=1, targets=1
[DEBUG] armors=1, targets=1
[DEBUG] armors=1, targets=1
[DEBUG] armors=1, targets=1
[DEBUG] armors=1, targets=1
[DEBUG] armors=0, targets=1
[DEBUG] armors=1, targets=1
[DEBUG] armors=1, targets=1
[DEBUG] armors=1, targets=1
[DEBUG] armors=1, targets=1
[2026-09-05 12:53:45.259] [info] [DRYRUN] measured_gimbal=(2.777,-0.073,0.092) measured_world=(2.772,0.163,-0.114) tracked_world=(2.791,0.164,-0.115) target_gimbal_deg=(-1.50,1.89) target_world_deg=(3.37,-2.34) gimbal_deg=(4.87,4.24) armor_y_px=509.0 pixel_error_deg=(2.21,-0.76) ballistic=(range=2.778m holdover=0.529m comp=10.57deg residual=-11.33deg) q_wxyz=(0.998414,0.001571,0.036941,-0.042454) cmd_deg=(3.37,-14.49) packed_pitch_deg=-14.49 control=true shoot=false
[DEBUG] armors=1, targets=1
[DEBUG] armors=1, targets=1
[DEBUG] armors=1, targets=1
[DEBUG] armors=1, targets=1
[DEBUG] armors=1, targets=1
[DEBUG] armors=1, targets=1
[DEBUG] armors=1, targets=1
[DEBUG] armors=1, targets=1
[DEBUG] armors=1, targets=1
[DEBUG] armors=1, targets=1
[DEBUG] armors=1, targets=1
[DEBUG] armors=1, targets=1
[DEBUG] armors=1, targets=1
[DEBUG] armors=1, targets=1
[DEBUG] armors=1, targets=1
[DEBUG] armors=1, targets=1
[DEBUG] armors=1, targets=1
[DEBUG] armors=1, targets=1
[DEBUG] armors=1, targets=1
[DEBUG] armors=1, targets=1
[2026-09-05 12:53:45.570] [info] [DRYRUN] measured_gimbal=(2.824,-0.073,0.092) measured_world=(2.819,0.166,-0.117) tracked_world=(2.799,0.165,-0.116) target_gimbal_deg=(-1.49,1.87) target_world_deg=(3.38,-2.37) gimbal_deg=(4.87,4.24) armor_y_px=509.0 pixel_error_deg=(2.21,-0.76) ballistic=(range=2.825m holdover=0.542m comp=10.64deg residual=-11.40deg) q_wxyz=(0.998414,0.001571,0.036941,-0.042454) cmd_deg=(3.38,-14.52) packed_pitch_deg=-14.52 control=true shoot=false
[DEBUG] armors=1, targets=1
[DEBUG] armors=1, targets=1
[DEBUG] armors=1, targets=1
[DEBUG] armors=1, targets=1
[DEBUG] armors=1, targets=1
[DEBUG] armors=1, targets=1
[DEBUG] armors=1, targets=1
[DEBUG] armors=1, targets=1
[DEBUG] armors=1, targets=1
[2026-09-05 12:53:45.713] [info] [SYNC][XUC] mode=0 yaw=-4.87 deg pitch=4.24 deg feeder_rpm=0.00 wheel0_rpm=0 wheel1_rpm=0 wheel_delta=0 projectile_speed=12.80
[DEBUG] armors=1, targets=1
[2026-09-05 12:53:45.728] [info] [PERF] 总耗时=15.3ms (检测=12.7ms, 跟踪=0.4ms), FPS=65.5
[2026-09-05 12:53:45.728] [info] 📊 [CAMERA FPS] 瞬时帧率=65.3fps, 平均帧率=63.8fps, 总帧数=250, 运行时间=3.9s
[DEBUG] armors=1, targets=1
[DEBUG] armors=1, targets=1
[DEBUG] armors=1, targets=1
[DEBUG] armors=1, targets=1
[DEBUG] armors=1, targets=1
[DEBUG] armors=1, targets=1
[DEBUG] armors=1, targets=1
[DEBUG] armors=1, targets=1
[DEBUG] armors=1, targets=1
[DEBUG] armors=1, targets=1
[2026-09-05 12:53:45.881] [info] [DRYRUN] measured_gimbal=(2.765,-0.073,0.092) measured_world=(2.760,0.162,-0.113) tracked_world=(2.791,0.164,-0.115) target_gimbal_deg=(-1.51,1.90) target_world_deg=(3.36,-2.34) gimbal_deg=(4.87,4.24) armor_y_px=509.0 pixel_error_deg=(2.22,-0.76) ballistic=(range=2.766m holdover=0.526m comp=10.55deg residual=-11.31deg) q_wxyz=(0.998414,0.001571,0.036941,-0.042454) cmd_deg=(3.37,-14.48) packed_pitch_deg=-14.48 control=true shoot=false
[DEBUG] armors=1, targets=1
[DEBUG] armors=1, targets=1
[DEBUG] armors=1, targets=1
[DEBUG] armors=1, targets=1
[DEBUG] armors=1, targets=1
[DEBUG] armors=1, targets=1
[DEBUG] armors=1, targets=1
[DEBUG] armors=1, targets=1
[DEBUG] armors=1, targets=1
[DEBUG] armors=1, targets=1
[DEBUG] armors=1, targets=1
[DEBUG] armors=1, targets=1
[DEBUG] armors=1, targets=1
[DEBUG] armors=1, targets=1
[DEBUG] armors=1, targets=1
[DEBUG] armors=1, targets=1
[DEBUG] armors=1, targets=1
[DEBUG] armors=1, targets=1
[DEBUG] armors=1, targets=1
[DEBUG] armors=1, targets=1
[2026-09-05 12:53:46.190] [info] [DRYRUN] measured_gimbal=(2.745,-0.073,0.091) measured_world=(2.741,0.161,-0.112) tracked_world=(2.792,0.164,-0.115) target_gimbal_deg=(-1.51,1.90) target_world_deg=(3.36,-2.33) gimbal_deg=(4.87,4.24) armor_y_px=509.1 pixel_error_deg=(2.22,-0.76) ballistic=(range=2.746m holdover=0.521m comp=10.52deg residual=-11.28deg) q_wxyz=(0.998414,0.001571,0.036941,-0.042454) cmd_deg=(3.36,-14.38) packed_pitch_deg=-14.38 control=true shoot=false
[DEBUG] armors=1, targets=1
[DEBUG] armors=1, targets=1
[DEBUG] armors=1, targets=1
[DEBUG] armors=1, targets=1
[DEBUG] armors=1, targets=1
[DEBUG] armors=1, targets=1
[DEBUG] armors=1, targets=1
[DEBUG] armors=1, targets=1
[DEBUG] armors=1, targets=1
[DEBUG] armors=1, targets=1
[DEBUG] armors=1, targets=1
[DEBUG] armors=1, targets=1
[DEBUG] armors=1, targets=1
[DEBUG] armors=1, targets=1
[DEBUG] armors=1, targets=1
[DEBUG] armors=1, targets=1
[DEBUG] armors=1, targets=1
[DEBUG] armors=1, targets=1
[DEBUG] armors=1, targets=1
[2026-09-05 12:53:46.490] [info] [SYNC][XUC] mode=0 yaw=-4.87 deg pitch=4.24 deg feeder_rpm=0.00 wheel0_rpm=0 wheel1_rpm=0 wheel_delta=0 projectile_speed=12.80
[DEBUG] armors=1, targets=1
[2026-09-05 12:53:46.503] [info] [DRYRUN] measured_gimbal=(2.817,-0.073,0.092) measured_world=(2.812,0.166,-0.116) tracked_world=(2.793,0.164,-0.115) target_gimbal_deg=(-1.49,1.88) target_world_deg=(3.38,-2.36) gimbal_deg=(4.87,4.24) armor_y_px=508.9 pixel_error_deg=(2.21,-0.76) ballistic=(range=2.818m holdover=0.540m comp=10.63deg residual=-11.39deg) q_wxyz=(0.998414,0.001571,0.036941,-0.042454) cmd_deg=(3.37,-14.56) packed_pitch_deg=-14.56 control=true shoot=false
[2026-09-05 12:53:46.506] [info] [PERF] 总耗时=15.6ms (检测=12.8ms, 跟踪=0.4ms), FPS=63.9
[2026-09-05 12:53:46.506] [info] 📊 [CAMERA FPS] 瞬时帧率=63.8fps, 平均帧率=63.9fps, 总帧数=300, 运行时间=4.7s
[DEBUG] armors=1, targets=1
[DEBUG] armors=1, targets=1
[DEBUG] armors=1, targets=1
[DEBUG] armors=1, targets=1
[DEBUG] armors=1, targets=1
[DEBUG] armors=1, targets=1
[DEBUG] armors=1, targets=1
[DEBUG] armors=1, targets=1
[DEBUG] armors=1, targets=1
[DEBUG] armors=1, targets=1
[DEBUG] armors=1, targets=1
[DEBUG] armors=1, targets=1
[DEBUG] armors=0, targets=1
[DEBUG] armors=1, targets=1
[DEBUG] armors=1, targets=1
[DEBUG] armors=1, targets=1
[DEBUG] armors=1, targets=1
[DEBUG] armors=1, targets=1
[DEBUG] armors=1, targets=1
[DEBUG] armors=1, targets=1
[2026-09-05 12:53:46.813] [info] [DRYRUN] measured_gimbal=(2.807,-0.073,0.092) measured_world=(2.802,0.165,-0.115) tracked_world=(2.791,0.164,-0.115) target_gimbal_deg=(-1.50,1.89) target_world_deg=(3.37,-2.35) gimbal_deg=(4.87,4.24) armor_y_px=508.7 pixel_error_deg=(2.22,-0.77) ballistic=(range=2.808m holdover=0.537m comp=10.61deg residual=-11.38deg) q_wxyz=(0.998414,0.001571,0.036941,-0.042454) cmd_deg=(3.35,-14.49) packed_pitch_deg=-14.49 control=true shoot=false
[DEBUG] armors=1, targets=1
[DEBUG] armors=1, targets=1
[DEBUG] armors=1, targets=1
[DEBUG] armors=1, targets=1
[DEBUG] armors=1, targets=1
[DEBUG] armors=1, targets=1
[DEBUG] armors=1, targets=1
[DEBUG] armors=1, targets=1
[DEBUG] armors=1, targets=1
[DEBUG] armors=1, targets=1
[DEBUG] armors=1, targets=1
[DEBUG] armors=1, targets=1
[DEBUG] armors=1, targets=1
[DEBUG] armors=1, targets=1
[DEBUG] armors=1, targets=1
[DEBUG] armors=1, targets=1
[DEBUG] armors=1, targets=1
[DEBUG] armors=1, targets=1
[DEBUG] armors=1, targets=1
[DEBUG] armors=1, targets=1
[2026-09-05 12:53:47.125] [info] [DRYRUN] measured_gimbal=(2.812,-0.074,0.092) measured_world=(2.807,0.165,-0.116) tracked_world=(2.795,0.165,-0.115) target_gimbal_deg=(-1.50,1.88) target_world_deg=(3.37,-2.36) gimbal_deg=(4.87,4.24) armor_y_px=508.8 pixel_error_deg=(2.22,-0.76) ballistic=(range=2.813m holdover=0.539m comp=10.62deg residual=-11.38deg) q_wxyz=(0.998414,0.001571,0.036941,-0.042454) cmd_deg=(3.37,-14.50) packed_pitch_deg=-14.50 control=true shoot=false
[DEBUG] armors=1, targets=1
[DEBUG] armors=1, targets=1
[DEBUG] armors=1, targets=1
[DEBUG] armors=1, targets=1
[DEBUG] armors=1, targets=1
[DEBUG] armors=1, targets=1
[DEBUG] armors=1, targets=1
[DEBUG] armors=1, targets=1
[DEBUG] armors=1, targets=1
[2026-09-05 12:53:47.265] [info] [SYNC][XUC] mode=0 yaw=-4.87 deg pitch=4.24 deg feeder_rpm=0.00 wheel0_rpm=0 wheel1_rpm=0 wheel_delta=0 projectile_speed=12.80
[DEBUG] armors=1, targets=1
[2026-09-05 12:53:47.281] [info] [PERF] 总耗时=15.6ms (检测=12.9ms, 跟踪=0.5ms), FPS=64.3
[2026-09-05 12:53:47.281] [info] 📊 [CAMERA FPS] 瞬时帧率=64.1fps, 平均帧率=64.0fps, 总帧数=350, 运行时间=5.5s
[DEBUG] armors=1, targets=1
[DEBUG] armors=1, targets=1
[DEBUG] armors=1, targets=1
[DEBUG] armors=1, targets=1
[DEBUG] armors=1, targets=1
[DEBUG] armors=1, targets=1
[DEBUG] armors=1, targets=1
[DEBUG] armors=1, targets=1
[DEBUG] armors=1, targets=1
[DEBUG] armors=1, targets=1
[2026-09-05 12:53:47.432] [info] [DRYRUN] measured_gimbal=(2.753,-0.073,0.091) measured_world=(2.749,0.161,-0.112) tracked_world=(2.792,0.164,-0.115) target_gimbal_deg=(-1.51,1.90) target_world_deg=(3.36,-2.33) gimbal_deg=(4.87,4.24) armor_y_px=509.0 pixel_error_deg=(2.22,-0.76) ballistic=(range=2.754m holdover=0.523m comp=10.53deg residual=-11.29deg) q_wxyz=(0.998414,0.001571,0.036941,-0.042454) cmd_deg=(3.38,-14.46) packed_pitch_deg=-14.46 control=true shoot=false
[DEBUG] armors=1, targets=1
[DEBUG] armors=1, targets=1
[DEBUG] armors=1, targets=1
[DEBUG] armors=1, targets=1
[DEBUG] armors=1, targets=1
[DEBUG] armors=1, targets=1
[DEBUG] armors=1, targets=1
[DEBUG] armors=1, targets=1
[DEBUG] armors=1, targets=1
[DEBUG] armors=1, targets=1
[DEBUG] armors=1, targets=1
[DEBUG] armors=1, targets=1
[DEBUG] armors=1, targets=1
[DEBUG] armors=1, targets=1
[DEBUG] armors=0, targets=1
[DEBUG] armors=1, targets=1
[DEBUG] armors=1, targets=1
[DEBUG] armors=1, targets=1
[DEBUG] armors=1, targets=1
[DEBUG] armors=1, targets=1
[2026-09-05 12:53:47.741] [info] [DRYRUN] measured_gimbal=(2.718,-0.075,0.091) measured_world=(2.714,0.156,-0.110) tracked_world=(2.795,0.164,-0.115) target_gimbal_deg=(-1.58,1.91) target_world_deg=(3.29,-2.32) gimbal_deg=(4.87,4.24) armor_y_px=509.2 pixel_error_deg=(2.24,-0.76) ballistic=(range=2.719m holdover=0.514m comp=10.48deg residual=-11.24deg) q_wxyz=(0.998414,0.001571,0.036941,-0.042454) cmd_deg=(3.41,-14.45) packed_pitch_deg=-14.45 control=true shoot=false
[DEBUG] armors=1, targets=1
[DEBUG] armors=1, targets=1
[DEBUG] armors=1, targets=1
[DEBUG] armors=1, targets=1
[DEBUG] armors=1, targets=1
[DEBUG] armors=1, targets=1
[DEBUG] armors=1, targets=1
[DEBUG] armors=1, targets=1
[DEBUG] armors=1, targets=1
[DEBUG] armors=1, targets=1
[DEBUG] armors=1, targets=1
[DEBUG] armors=1, targets=1
[DEBUG] armors=1, targets=1
[DEBUG] armors=1, targets=1
[DEBUG] armors=1, targets=1
[DEBUG] armors=1, targets=1
[DEBUG] armors=1, targets=1
[DEBUG] armors=1, targets=1
[DEBUG] armors=1, targets=1
[2026-09-05 12:53:48.042] [info] [SYNC][XUC] mode=0 yaw=-4.87 deg pitch=4.24 deg feeder_rpm=0.00 wheel0_rpm=0 wheel1_rpm=0 wheel_delta=0 projectile_speed=12.80
[DEBUG] armors=1, targets=1
[2026-09-05 12:53:48.055] [info] [DRYRUN] measured_gimbal=(2.826,-0.073,0.092) measured_world=(2.822,0.167,-0.117) tracked_world=(2.792,0.164,-0.115) target_gimbal_deg=(-1.49,1.87) target_world_deg=(3.38,-2.36) gimbal_deg=(4.87,4.24) armor_y_px=508.9 pixel_error_deg=(2.22,-0.76) ballistic=(range=2.827m holdover=0.542m comp=10.64deg residual=-11.40deg) q_wxyz=(0.998414,0.001571,0.036941,-0.042454) cmd_deg=(3.36,-14.53) packed_pitch_deg=-14.53 control=true shoot=false
[2026-09-05 12:53:48.058] [info] [PERF] 总耗时=16.0ms (检测=12.8ms, 跟踪=0.5ms), FPS=62.7
[2026-09-05 12:53:48.058] [info] 📊 [CAMERA FPS] 瞬时帧率=62.5fps, 平均帧率=64.0fps, 总帧数=400, 运行时间=6.2s
[DEBUG] armors=1, targets=1
[DEBUG] armors=1, targets=1
[DEBUG] armors=1, targets=1
[DEBUG] armors=1, targets=1
[DEBUG] armors=1, targets=1
[DEBUG] armors=1, targets=1
[DEBUG] armors=1, targets=1
[DEBUG] armors=1, targets=1
[DEBUG] armors=1, targets=1
[DEBUG] armors=1, targets=1
[DEBUG] armors=1, targets=1
[DEBUG] armors=1, targets=1
[DEBUG] armors=1, targets=1
[DEBUG] armors=1, targets=1
[DEBUG] armors=1, targets=1
[DEBUG] armors=0, targets=1
[DEBUG] armors=1, targets=1
[DEBUG] armors=1, targets=1
[DEBUG] armors=1, targets=1
[DEBUG] armors=1, targets=1
[2026-09-05 12:53:48.363] [info] [DRYRUN] measured_gimbal=(2.769,-0.072,0.092) measured_world=(2.764,0.163,-0.113) tracked_world=(2.787,0.164,-0.114) target_gimbal_deg=(-1.50,1.90) target_world_deg=(3.37,-2.34) gimbal_deg=(4.87,4.24) armor_y_px=508.9 pixel_error_deg=(2.21,-0.76) ballistic=(range=2.770m holdover=0.527m comp=10.56deg residual=-11.32deg) q_wxyz=(0.998414,0.001571,0.036941,-0.042454) cmd_deg=(3.37,-14.47) packed_pitch_deg=-14.47 control=true shoot=false
[DEBUG] armors=1, targets=1
[DEBUG] armors=1, targets=1
[DEBUG] armors=1, targets=1
[DEBUG] armors=1, targets=1
[DEBUG] armors=1, targets=1
[DEBUG] armors=1, targets=1
[DEBUG] armors=1, targets=1
[DEBUG] armors=1, targets=1
[DEBUG] armors=0, targets=1
[DEBUG] armors=1, targets=1
[DEBUG] armors=1, targets=1
[DEBUG] armors=1, targets=1
[DEBUG] armors=1, targets=1
[DEBUG] armors=1, targets=1
[DEBUG] armors=1, targets=1
[DEBUG] armors=1, targets=1
[DEBUG] armors=1, targets=1
[DEBUG] armors=1, targets=1
[DEBUG] armors=1, targets=1
[DEBUG] armors=1, targets=1
[2026-09-05 12:53:48.667] [info] [DRYRUN] measured_gimbal=(2.774,-0.073,0.091) measured_world=(2.769,0.162,-0.114) tracked_world=(2.781,0.164,-0.114) target_gimbal_deg=(-1.51,1.89) target_world_deg=(3.36,-2.35) gimbal_deg=(4.87,4.24) armor_y_px=509.3 pixel_error_deg=(2.22,-0.75) ballistic=(range=2.775m holdover=0.529m comp=10.56deg residual=-11.32deg) q_wxyz=(0.998414,0.001571,0.036941,-0.042454) cmd_deg=(3.37,-14.45) packed_pitch_deg=-14.45 control=true shoot=false
[DEBUG] armors=1, targets=1
[DEBUG] armors=1, targets=1
[DEBUG] armors=1, targets=1
[DEBUG] armors=1, targets=1
[DEBUG] armors=1, targets=1
[DEBUG] armors=1, targets=1
[DEBUG] armors=1, targets=1
[DEBUG] armors=1, targets=1
[DEBUG] armors=1, targets=1
[2026-09-05 12:53:48.805] [info] [SYNC][XUC] mode=0 yaw=-4.87 deg pitch=4.24 deg feeder_rpm=0.00 wheel0_rpm=0 wheel1_rpm=0 wheel_delta=0 projectile_speed=12.80
[DEBUG] armors=1, targets=1
[2026-09-05 12:53:48.822] [info] [PERF] 总耗时=17.5ms (检测=11.9ms, 跟踪=0.4ms), FPS=57.3
[2026-09-05 12:53:48.822] [info] 📊 [CAMERA FPS] 瞬时帧率=57.2fps, 平均帧率=64.2fps, 总帧数=450, 运行时间=7.0s
[DEBUG] armors=1, targets=1
[DEBUG] armors=1, targets=1
[DEBUG] armors=1, targets=1
[DEBUG] armors=1, targets=1
[DEBUG] armors=1, targets=1
[DEBUG] armors=1, targets=1
[DEBUG] armors=1, targets=1
[DEBUG] armors=1, targets=1
[DEBUG] armors=1, targets=1
[DEBUG] armors=1, targets=1
[2026-09-05 12:53:48.974] [info] [DRYRUN] measured_gimbal=(2.774,-0.073,0.092) measured_world=(2.769,0.163,-0.113) tracked_world=(2.781,0.164,-0.114) target_gimbal_deg=(-1.50,1.90) target_world_deg=(3.37,-2.34) gimbal_deg=(4.87,4.24) armor_y_px=508.9 pixel_error_deg=(2.21,-0.76) ballistic=(range=2.774m holdover=0.529m comp=10.56deg residual=-11.33deg) q_wxyz=(0.998414,0.001571,0.036941,-0.042454) cmd_deg=(3.37,-14.51) packed_pitch_deg=-14.51 control=true shoot=false
[DEBUG] armors=1, targets=1
[DEBUG] armors=1, targets=1
[DEBUG] armors=1, targets=1
[DEBUG] armors=1, targets=1
[DEBUG] armors=1, targets=1
[DEBUG] armors=1, targets=1
[DEBUG] armors=1, targets=1
[DEBUG] armors=1, targets=1
[DEBUG] armors=1, targets=1
[DEBUG] armors=1, targets=1
[DEBUG] armors=1, targets=1
[DEBUG] armors=1, targets=1
[DEBUG] armors=1, targets=1
[DEBUG] armors=1, targets=1
[DEBUG] armors=1, targets=1
[DEBUG] armors=1, targets=1
[DEBUG] armors=1, targets=1
[DEBUG] armors=1, targets=1
[DEBUG] armors=1, targets=1
[DEBUG] armors=1, targets=1
[2026-09-05 12:53:49.278] [info] [DRYRUN] measured_gimbal=(2.808,-0.073,0.092) measured_world=(2.804,0.165,-0.115) tracked_world=(2.788,0.164,-0.115) target_gimbal_deg=(-1.50,1.88) target_world_deg=(3.37,-2.35) gimbal_deg=(4.87,4.24) armor_y_px=508.8 pixel_error_deg=(2.22,-0.76) ballistic=(range=2.809m holdover=0.538m comp=10.61deg residual=-11.38deg) q_wxyz=(0.998414,0.001571,0.036941,-0.042454) cmd_deg=(3.37,-14.50) packed_pitch_deg=-14.50 control=true shoot=false
[DEBUG] armors=1, targets=1
[DEBUG] armors=1, targets=1
[DEBUG] armors=1, targets=1
[DEBUG] armors=1, targets=1
[DEBUG] armors=1, targets=1
[DEBUG] armors=1, targets=1
[DEBUG] armors=1, targets=1
[DEBUG] armors=1, targets=1
[DEBUG] armors=1, targets=1
[DEBUG] armors=1, targets=1
[DEBUG] armors=0, targets=1
[DEBUG] armors=1, targets=1
[DEBUG] armors=1, targets=1
[DEBUG] armors=1, targets=1
[DEBUG] armors=1, targets=1
[DEBUG] armors=1, targets=1
[DEBUG] armors=1, targets=1
[DEBUG] armors=1, targets=1
[DEBUG] armors=1, targets=1
[2026-09-05 12:53:49.571] [info] [SYNC][XUC] mode=0 yaw=-4.87 deg pitch=4.24 deg feeder_rpm=0.00 wheel0_rpm=0 wheel1_rpm=0 wheel_delta=0 projectile_speed=12.80
[DEBUG] armors=1, targets=1
[2026-09-05 12:53:49.584] [info] [DRYRUN] measured_gimbal=(2.804,-0.073,0.092) measured_world=(2.799,0.165,-0.115) tracked_world=(2.785,0.164,-0.114) target_gimbal_deg=(-1.50,1.88) target_world_deg=(3.37,-2.35) gimbal_deg=(4.87,4.24) armor_y_px=508.8 pixel_error_deg=(2.22,-0.77) ballistic=(range=2.805m holdover=0.537m comp=10.61deg residual=-11.37deg) q_wxyz=(0.998414,0.001571,0.036941,-0.042454) cmd_deg=(3.37,-14.54) packed_pitch_deg=-14.54 control=true shoot=false
[2026-09-05 12:53:49.587] [info] [PERF] 总耗时=15.3ms (检测=12.4ms, 跟踪=0.4ms), FPS=65.5
[2026-09-05 12:53:49.587] [info] 📊 [CAMERA FPS] 瞬时帧率=65.4fps, 平均帧率=64.3fps, 总帧数=500, 运行时间=7.8s
[DEBUG] armors=1, targets=1
[DEBUG] armors=1, targets=1
[DEBUG] armors=1, targets=1
[DEBUG] armors=1, targets=1
[DEBUG] armors=1, targets=1
[DEBUG] armors=1, targets=1
[DEBUG] armors=1, targets=1
[DEBUG] armors=1, targets=1
[DEBUG] armors=1, targets=1
[DEBUG] armors=1, targets=1
[DEBUG] armors=1, targets=1
[DEBUG] armors=1, targets=1
[DEBUG] armors=1, targets=1
[DEBUG] armors=1, targets=1
[DEBUG] armors=1, targets=1
[DEBUG] armors=1, targets=1
[DEBUG] armors=1, targets=1
[DEBUG] armors=1, targets=1
[DEBUG] armors=1, targets=1
[DEBUG] armors=1, targets=1
[2026-09-05 12:53:49.887] [info] [DRYRUN] measured_gimbal=(2.770,-0.073,0.092) measured_world=(2.765,0.162,-0.113) tracked_world=(2.791,0.164,-0.115) target_gimbal_deg=(-1.51,1.90) target_world_deg=(3.36,-2.34) gimbal_deg=(4.87,4.24) armor_y_px=508.9 pixel_error_deg=(2.22,-0.76) ballistic=(range=2.771m holdover=0.528m comp=10.56deg residual=-11.32deg) q_wxyz=(0.998414,0.001571,0.036941,-0.042454) cmd_deg=(3.38,-14.48) packed_pitch_deg=-14.48 control=true shoot=false
[DEBUG] armors=1, targets=1
[DEBUG] armors=1, targets=1
[DEBUG] armors=1, targets=1
[DEBUG] armors=1, targets=1
[DEBUG] armors=1, targets=1
[DEBUG] armors=1, targets=1
[DEBUG] armors=1, targets=1
[DEBUG] armors=1, targets=1
[DEBUG] armors=1, targets=1
[DEBUG] armors=1, targets=1
[DEBUG] armors=1, targets=1
[DEBUG] armors=1, targets=1
[DEBUG] armors=1, targets=1
[DEBUG] armors=1, targets=1
[DEBUG] armors=1, targets=1
[DEBUG] armors=1, targets=1
[DEBUG] armors=1, targets=1
[DEBUG] armors=1, targets=1
[DEBUG] armors=1, targets=1
[DEBUG] armors=1, targets=1
[2026-09-05 12:53:50.189] [info] [DRYRUN] measured_gimbal=(2.773,-0.073,0.092) measured_world=(2.768,0.163,-0.113) tracked_world=(2.797,0.165,-0.115) target_gimbal_deg=(-1.50,1.90) target_world_deg=(3.36,-2.34) gimbal_deg=(4.87,4.24) armor_y_px=508.9 pixel_error_deg=(2.22,-0.76) ballistic=(range=2.774m holdover=0.528m comp=10.56deg residual=-11.33deg) q_wxyz=(0.998414,0.001571,0.036941,-0.042454) cmd_deg=(3.38,-14.51) packed_pitch_deg=-14.51 control=true shoot=false
[DEBUG] armors=1, targets=1
[DEBUG] armors=1, targets=1
[DEBUG] armors=1, targets=1
[DEBUG] armors=1, targets=1
[DEBUG] armors=1, targets=1
[DEBUG] armors=1, targets=1
[DEBUG] armors=1, targets=1
[DEBUG] armors=1, targets=1
[DEBUG] armors=1, targets=1
[2026-09-05 12:53:50.327] [info] [SYNC][XUC] mode=0 yaw=-4.87 deg pitch=4.24 deg feeder_rpm=0.00 wheel0_rpm=0 wheel1_rpm=0 wheel_delta=0 projectile_speed=12.80
[DEBUG] armors=1, targets=1
[2026-09-05 12:53:50.342] [info] [PERF] 总耗时=15.0ms (检测=12.1ms, 跟踪=0.5ms), FPS=66.5
[2026-09-05 12:53:50.342] [info] 📊 [CAMERA FPS] 瞬时帧率=66.4fps, 平均帧率=64.5fps, 总帧数=550, 运行时间=8.5s
[DEBUG] armors=1, targets=1
[DEBUG] armors=1, targets=1
[DEBUG] armors=1, targets=1
[DEBUG] armors=1, targets=1
[DEBUG] armors=1, targets=1
[DEBUG] armors=1, targets=1
[DEBUG] armors=1, targets=1
[DEBUG] armors=1, targets=1
[DEBUG] armors=1, targets=1
[DEBUG] armors=1, targets=1
[2026-09-05 12:53:50.493] [info] [DRYRUN] measured_gimbal=(2.772,-0.073,0.092) measured_world=(2.768,0.163,-0.113) tracked_world=(2.797,0.165,-0.115) target_gimbal_deg=(-1.50,1.90) target_world_deg=(3.37,-2.34) gimbal_deg=(4.87,4.24) armor_y_px=508.9 pixel_error_deg=(2.22,-0.76) ballistic=(range=2.773m holdover=0.528m comp=10.56deg residual=-11.32deg) q_wxyz=(0.998414,0.001571,0.036941,-0.042454) cmd_deg=(3.37,-14.46) packed_pitch_deg=-14.46 control=true shoot=false
[DEBUG] armors=1, targets=1
[DEBUG] armors=1, targets=1
[DEBUG] armors=1, targets=1
[DEBUG] armors=1, targets=1
[DEBUG] armors=1, targets=1
[DEBUG] armors=1, targets=1
[DEBUG] armors=1, targets=1
[DEBUG] armors=1, targets=1
[DEBUG] armors=1, targets=1
[DEBUG] armors=1, targets=1
[DEBUG] armors=1, targets=1
[DEBUG] armors=1, targets=1
[DEBUG] armors=1, targets=1
[DEBUG] armors=1, targets=1
[DEBUG] armors=1, targets=1
[DEBUG] armors=1, targets=1
[DEBUG] armors=1, targets=1
[DEBUG] armors=1, targets=1
[DEBUG] armors=1, targets=1
[DEBUG] armors=1, targets=1
[2026-09-05 12:53:50.793] [info] [DRYRUN] measured_gimbal=(2.799,-0.073,0.092) measured_world=(2.794,0.165,-0.115) tracked_world=(2.794,0.165,-0.115) target_gimbal_deg=(-1.50,1.88) target_world_deg=(3.37,-2.36) gimbal_deg=(4.87,4.24) armor_y_px=509.1 pixel_error_deg=(2.21,-0.76) ballistic=(range=2.800m holdover=0.535m comp=10.60deg residual=-11.36deg) q_wxyz=(0.998414,0.001571,0.036941,-0.042454) cmd_deg=(3.37,-14.52) packed_pitch_deg=-14.52 control=true shoot=false
[DEBUG] armors=1, targets=1
[DEBUG] armors=1, targets=1
[DEBUG] armors=1, targets=1
[DEBUG] armors=1, targets=1
[DEBUG] armors=1, targets=1
[DEBUG] armors=1, targets=1
[DEBUG] armors=1, targets=1
[DEBUG] armors=1, targets=1
[DEBUG] armors=1, targets=1
[DEBUG] armors=1, targets=1
[DEBUG] armors=1, targets=1
[DEBUG] armors=1, targets=1
[DEBUG] armors=1, targets=1
[DEBUG] armors=1, targets=1
[DEBUG] armors=1, targets=1
[DEBUG] armors=1, targets=1
[DEBUG] armors=1, targets=1
[DEBUG] armors=1, targets=1
[DEBUG] armors=1, targets=1
[2026-09-05 12:53:51.086] [info] [SYNC][XUC] mode=0 yaw=-4.87 deg pitch=4.24 deg feeder_rpm=0.00 wheel0_rpm=0 wheel1_rpm=0 wheel_delta=0 projectile_speed=12.80
[DEBUG] armors=1, targets=1
[2026-09-05 12:53:51.100] [info] [DRYRUN] measured_gimbal=(2.750,-0.072,0.091) measured_world=(2.746,0.162,-0.113) tracked_world=(2.795,0.165,-0.115) target_gimbal_deg=(-1.50,1.89) target_world_deg=(3.37,-2.34) gimbal_deg=(4.87,4.24) armor_y_px=509.4 pixel_error_deg=(2.21,-0.75) ballistic=(range=2.751m holdover=0.523m comp=10.53deg residual=-11.28deg) q_wxyz=(0.998414,0.001571,0.036941,-0.042454) cmd_deg=(3.38,-14.49) packed_pitch_deg=-14.49 control=true shoot=false
[2026-09-05 12:53:51.102] [info] [PERF] 总耗时=15.9ms (检测=13.1ms, 跟踪=0.5ms), FPS=63.0
[2026-09-05 12:53:51.102] [info] 📊 [CAMERA FPS] 瞬时帧率=62.9fps, 平均帧率=64.6fps, 总帧数=600, 运行时间=9.3s
[DEBUG] armors=1, targets=1
[DEBUG] armors=1, targets=1
[DEBUG] armors=1, targets=1
[DEBUG] armors=1, targets=1
[DEBUG] armors=1, targets=1
[DEBUG] armors=1, targets=1
[DEBUG] armors=1, targets=1
[DEBUG] armors=1, targets=1
[DEBUG] armors=1, targets=1
[DEBUG] armors=1, targets=1
[DEBUG] armors=1, targets=1
[DEBUG] armors=1, targets=1
[DEBUG] armors=1, targets=1
[DEBUG] armors=1, targets=1
[DEBUG] armors=1, targets=1
[DEBUG] armors=1, targets=1
[DEBUG] armors=1, targets=1
[DEBUG] armors=1, targets=1
[DEBUG] armors=1, targets=1
[DEBUG] armors=1, targets=1
[2026-09-05 12:53:51.404] [info] [DRYRUN] measured_gimbal=(2.827,-0.073,0.093) measured_world=(2.822,0.167,-0.116) tracked_world=(2.800,0.165,-0.115) target_gimbal_deg=(-1.49,1.88) target_world_deg=(3.38,-2.36) gimbal_deg=(4.87,4.24) armor_y_px=508.6 pixel_error_deg=(2.21,-0.77) ballistic=(range=2.828m holdover=0.542m comp=10.64deg residual=-11.41deg) q_wxyz=(0.998414,0.001571,0.036941,-0.042454) cmd_deg=(3.37,-14.54) packed_pitch_deg=-14.54 control=true shoot=false
[DEBUG] armors=1, targets=1
[DEBUG] armors=1, targets=1
[DEBUG] armors=1, targets=1
[DEBUG] armors=1, targets=1
[DEBUG] armors=1, targets=1
[DEBUG] armors=1, targets=1
[DEBUG] armors=1, targets=1
[DEBUG] armors=1, targets=1
[DEBUG] armors=1, targets=1
[DEBUG] armors=1, targets=1
[DEBUG] armors=1, targets=1
[DEBUG] armors=1, targets=1
[DEBUG] armors=1, targets=1
[DEBUG] armors=1, targets=1
[DEBUG] armors=1, targets=1
[DEBUG] armors=1, targets=1
[DEBUG] armors=1, targets=1
[DEBUG] armors=1, targets=1
[DEBUG] armors=1, targets=1
[DEBUG] armors=1, targets=1
[2026-09-05 12:53:51.712] [info] [DRYRUN] measured_gimbal=(2.787,-0.073,0.092) measured_world=(2.783,0.164,-0.114) tracked_world=(2.793,0.164,-0.115) target_gimbal_deg=(-1.50,1.89) target_world_deg=(3.37,-2.35) gimbal_deg=(4.87,4.24) armor_y_px=508.9 pixel_error_deg=(2.22,-0.76) ballistic=(range=2.788m holdover=0.532m comp=10.58deg residual=-11.35deg) q_wxyz=(0.998414,0.001571,0.036941,-0.042454) cmd_deg=(3.36,-14.46) packed_pitch_deg=-14.46 control=true shoot=false
[DEBUG] armors=1, targets=1
[DEBUG] armors=1, targets=1
[DEBUG] armors=1, targets=1
[DEBUG] armors=1, targets=1
[DEBUG] armors=1, targets=1
[DEBUG] armors=1, targets=1
[DEBUG] armors=1, targets=1
[DEBUG] armors=1, targets=1
[DEBUG] armors=1, targets=1
[2026-09-05 12:53:51.852] [info] [SYNC][XUC] mode=0 yaw=-4.87 deg pitch=4.24 deg feeder_rpm=0.00 wheel0_rpm=0 wheel1_rpm=0 wheel_delta=0 projectile_speed=12.80
[DEBUG] armors=1, targets=1
[2026-09-05 12:53:51.866] [info] [PERF] 总耗时=14.7ms (检测=11.8ms, 跟踪=0.4ms), FPS=67.9
[2026-09-05 12:53:51.866] [info] 📊 [CAMERA FPS] 瞬时帧率=67.7fps, 平均帧率=64.6fps, 总帧数=650, 运行时间=10.1s
[DEBUG] armors=1, targets=1
[DEBUG] armors=1, targets=1
[DEBUG] armors=1, targets=1
[DEBUG] armors=1, targets=1
[DEBUG] armors=1, targets=1
[DEBUG] armors=1, targets=1
[DEBUG] armors=1, targets=1
[DEBUG] armors=1, targets=1
[DEBUG] armors=1, targets=1
[DEBUG] armors=1, targets=1
[2026-09-05 12:53:52.018] [info] [DRYRUN] measured_gimbal=(2.809,-0.073,0.092) measured_world=(2.804,0.165,-0.115) tracked_world=(2.783,0.163,-0.114) target_gimbal_deg=(-1.50,1.89) target_world_deg=(3.37,-2.35) gimbal_deg=(4.87,4.24) armor_y_px=508.7 pixel_error_deg=(2.22,-0.77) ballistic=(range=2.810m holdover=0.538m comp=10.61deg residual=-11.38deg) q_wxyz=(0.998414,0.001571,0.036941,-0.042454) cmd_deg=(3.35,-14.50) packed_pitch_deg=-14.50 control=true shoot=false
[DEBUG] armors=1, targets=1
[DEBUG] armors=1, targets=1
[DEBUG] armors=1, targets=1
[DEBUG] armors=1, targets=1
[DEBUG] armors=1, targets=1
[DEBUG] armors=1, targets=1
[DEBUG] armors=1, targets=1
[DEBUG] armors=1, targets=1
[DEBUG] armors=1, targets=1
[DEBUG] armors=1, targets=1
[DEBUG] armors=1, targets=1
[DEBUG] armors=1, targets=1
[DEBUG] armors=1, targets=1
[DEBUG] armors=1, targets=1
[DEBUG] armors=1, targets=1
[DEBUG] armors=1, targets=1
[DEBUG] armors=1, targets=1
[DEBUG] armors=1, targets=1
[DEBUG] armors=1, targets=1
[DEBUG] armors=1, targets=1
[2026-09-05 12:53:52.329] [info] [DRYRUN] measured_gimbal=(2.799,-0.073,0.092) measured_world=(2.794,0.165,-0.115) tracked_world=(2.773,0.163,-0.113) target_gimbal_deg=(-1.50,1.89) target_world_deg=(3.37,-2.35) gimbal_deg=(4.87,4.24) armor_y_px=508.6 pixel_error_deg=(2.22,-0.77) ballistic=(range=2.800m holdover=0.535m comp=10.60deg residual=-11.37deg) q_wxyz=(0.998414,0.001571,0.036941,-0.042454) cmd_deg=(3.36,-14.48) packed_pitch_deg=-14.48 control=true shoot=false
[DEBUG] armors=1, targets=1
[DEBUG] armors=1, targets=1
[DEBUG] armors=1, targets=1
[DEBUG] armors=1, targets=1
[DEBUG] armors=1, targets=1
[DEBUG] armors=1, targets=1
[DEBUG] armors=1, targets=1
[DEBUG] armors=1, targets=1
[DEBUG] armors=1, targets=1
[DEBUG] armors=1, targets=1
[DEBUG] armors=1, targets=1
[DEBUG] armors=1, targets=1
[DEBUG] armors=1, targets=1
[DEBUG] armors=1, targets=1
[DEBUG] armors=1, targets=1
[DEBUG] armors=1, targets=1
[DEBUG] armors=1, targets=1
[DEBUG] armors=1, targets=1
[DEBUG] armors=1, targets=1
[2026-09-05 12:53:52.623] [info] [SYNC][XUC] mode=0 yaw=-4.87 deg pitch=4.24 deg feeder_rpm=0.00 wheel0_rpm=0 wheel1_rpm=0 wheel_delta=0 projectile_speed=12.80
[DEBUG] armors=1, targets=1
[2026-09-05 12:53:52.636] [info] [DRYRUN] measured_gimbal=(2.746,-0.074,0.091) measured_world=(2.741,0.159,-0.112) tracked_world=(2.774,0.163,-0.114) target_gimbal_deg=(-1.55,1.90) target_world_deg=(3.32,-2.34) gimbal_deg=(4.87,4.24) armor_y_px=509.3 pixel_error_deg=(2.23,-0.75) ballistic=(range=2.747m holdover=0.521m comp=10.52deg residual=-11.28deg) q_wxyz=(0.998414,0.001571,0.036941,-0.042454) cmd_deg=(3.39,-14.43) packed_pitch_deg=-14.43 control=true shoot=false
[2026-09-05 12:53:52.638] [info] [PERF] 总耗时=15.3ms (检测=12.5ms, 跟踪=0.4ms), FPS=65.3
[2026-09-05 12:53:52.638] [info] 📊 [CAMERA FPS] 瞬时帧率=65.2fps, 平均帧率=64.6fps, 总帧数=700, 运行时间=10.8s
[DEBUG] armors=1, targets=1
[DEBUG] armors=1, targets=1
[DEBUG] armors=1, targets=1
[DEBUG] armors=1, targets=1
[DEBUG] armors=1, targets=1
[DEBUG] armors=1, targets=1
[DEBUG] armors=1, targets=1
[DEBUG] armors=1, targets=1
[DEBUG] armors=1, targets=1
[DEBUG] armors=1, targets=1
[DEBUG] armors=1, targets=1
[DEBUG] armors=1, targets=1
[DEBUG] armors=1, targets=1
[DEBUG] armors=1, targets=1
[DEBUG] armors=1, targets=1
[DEBUG] armors=1, targets=1
[DEBUG] armors=1, targets=1
[DEBUG] armors=1, targets=1
[DEBUG] armors=1, targets=1
[DEBUG] armors=1, targets=1
[2026-09-05 12:53:52.942] [info] [DRYRUN] measured_gimbal=(2.821,-0.073,0.092) measured_world=(2.816,0.166,-0.116) tracked_world=(2.785,0.164,-0.114) target_gimbal_deg=(-1.49,1.88) target_world_deg=(3.38,-2.36) gimbal_deg=(4.87,4.24) armor_y_px=508.8 pixel_error_deg=(2.21,-0.77) ballistic=(range=2.821m holdover=0.541m comp=10.63deg residual=-11.40deg) q_wxyz=(0.998414,0.001571,0.036941,-0.042454) cmd_deg=(3.38,-14.54) packed_pitch_deg=-14.54 control=true shoot=false
[DEBUG] armors=1, targets=1
[DEBUG] armors=1, targets=1
[DEBUG] armors=1, targets=1
[DEBUG] armors=1, targets=1
[DEBUG] armors=1, targets=1
[DEBUG] armors=1, targets=1
[DEBUG] armors=1, targets=1
[DEBUG] armors=1, targets=1
[DEBUG] armors=1, targets=1
[DEBUG] armors=1, targets=1
[DEBUG] armors=1, targets=1
[DEBUG] armors=1, targets=1
[DEBUG] armors=1, targets=1
[DEBUG] armors=1, targets=1
[DEBUG] armors=1, targets=1
[DEBUG] armors=1, targets=1
[DEBUG] armors=1, targets=1
[DEBUG] armors=1, targets=1
[DEBUG] armors=1, targets=1
[DEBUG] armors=1, targets=1
[2026-09-05 12:53:53.246] [info] [DRYRUN] measured_gimbal=(2.815,-0.073,0.093) measured_world=(2.811,0.166,-0.116) tracked_world=(2.781,0.164,-0.114) target_gimbal_deg=(-1.49,1.88) target_world_deg=(3.38,-2.35) gimbal_deg=(4.87,4.24) armor_y_px=508.6 pixel_error_deg=(2.22,-0.77) ballistic=(range=2.816m holdover=0.540m comp=10.62deg residual=-11.39deg) q_wxyz=(0.998414,0.001571,0.036941,-0.042454) cmd_deg=(3.37,-14.51) packed_pitch_deg=-14.51 control=true shoot=false
[DEBUG] armors=1, targets=1
[DEBUG] armors=1, targets=1
[DEBUG] armors=1, targets=1
[DEBUG] armors=1, targets=1
[DEBUG] armors=1, targets=1
[DEBUG] armors=1, targets=1
[DEBUG] armors=1, targets=1
[DEBUG] armors=1, targets=1
[DEBUG] armors=1, targets=1
[2026-09-05 12:53:53.391] [info] [SYNC][XUC] mode=0 yaw=-4.87 deg pitch=4.24 deg feeder_rpm=0.00 wheel0_rpm=0 wheel1_rpm=0 wheel_delta=0 projectile_speed=12.80
[DEBUG] armors=1, targets=1
[2026-09-05 12:53:53.408] [info] [PERF] 总耗时=16.6ms (检测=13.5ms, 跟踪=0.5ms), FPS=60.3
[2026-09-05 12:53:53.408] [info] 📊 [CAMERA FPS] 瞬时帧率=60.2fps, 平均帧率=64.7fps, 总帧数=750, 运行时间=11.6s
[DEBUG] armors=1, targets=1
[DEBUG] armors=1, targets=1
[DEBUG] armors=1, targets=1
[DEBUG] armors=1, targets=1
[DEBUG] armors=1, targets=1
[DEBUG] armors=1, targets=1
[DEBUG] armors=1, targets=1
[DEBUG] armors=1, targets=1
[DEBUG] armors=1, targets=1
[DEBUG] armors=1, targets=1
[2026-09-05 12:53:53.559] [info] [DRYRUN] measured_gimbal=(2.786,-0.073,0.092) measured_world=(2.782,0.164,-0.114) tracked_world=(2.780,0.163,-0.114) target_gimbal_deg=(-1.50,1.90) target_world_deg=(3.37,-2.34) gimbal_deg=(4.87,4.24) armor_y_px=508.6 pixel_error_deg=(2.21,-0.77) ballistic=(range=2.787m holdover=0.532m comp=10.58deg residual=-11.35deg) q_wxyz=(0.998414,0.001571,0.036941,-0.042454) cmd_deg=(3.37,-14.50) packed_pitch_deg=-14.50 control=true shoot=false
[DEBUG] armors=1, targets=1
[DEBUG] armors=1, targets=1
[DEBUG] armors=1, targets=1
[DEBUG] armors=1, targets=1
[DEBUG] armors=1, targets=1
[DEBUG] armors=1, targets=1
[DEBUG] armors=1, targets=1
[DEBUG] armors=1, targets=1
[DEBUG] armors=1, targets=1
[DEBUG] armors=1, targets=1
[DEBUG] armors=1, targets=1
[DEBUG] armors=1, targets=1
[DEBUG] armors=1, targets=1
[DEBUG] armors=1, targets=1
[DEBUG] armors=1, targets=1
[DEBUG] armors=1, targets=1
[DEBUG] armors=1, targets=1
[DEBUG] armors=1, targets=1
[DEBUG] armors=1, targets=1
[DEBUG] armors=1, targets=1
[2026-09-05 12:53:53.867] [info] [DRYRUN] measured_gimbal=(2.780,-0.073,0.092) measured_world=(2.776,0.163,-0.114) tracked_world=(2.780,0.163,-0.114) target_gimbal_deg=(-1.50,1.89) target_world_deg=(3.37,-2.35) gimbal_deg=(4.87,4.24) armor_y_px=509.0 pixel_error_deg=(2.21,-0.76) ballistic=(range=2.781m holdover=0.530m comp=10.57deg residual=-11.33deg) q_wxyz=(0.998414,0.001571,0.036941,-0.042454) cmd_deg=(3.35,-14.47) packed_pitch_deg=-14.47 control=true shoot=false
[DEBUG] armors=1, targets=1
[DEBUG] armors=1, targets=1
[DEBUG] armors=1, targets=1
[DEBUG] armors=1, targets=1
[DEBUG] armors=1, targets=1
[DEBUG] armors=1, targets=1
[DEBUG] armors=1, targets=1
[DEBUG] armors=1, targets=1
[DEBUG] armors=1, targets=1
[DEBUG] armors=1, targets=1
[DEBUG] armors=1, targets=1
[DEBUG] armors=1, targets=1
[DEBUG] armors=1, targets=1
[DEBUG] armors=1, targets=1
[DEBUG] armors=1, targets=1
[DEBUG] armors=1, targets=1
[DEBUG] armors=1, targets=1
[DEBUG] armors=1, targets=1
[DEBUG] armors=1, targets=1
[2026-09-05 12:53:54.161] [info] [SYNC][XUC] mode=0 yaw=-4.87 deg pitch=4.24 deg feeder_rpm=0.00 wheel0_rpm=0 wheel1_rpm=0 wheel_delta=0 projectile_speed=12.80
[DEBUG] armors=1, targets=1
[2026-09-05 12:53:54.175] [info] [DRYRUN] measured_gimbal=(2.812,-0.073,0.093) measured_world=(2.808,0.166,-0.115) tracked_world=(2.775,0.163,-0.114) target_gimbal_deg=(-1.49,1.89) target_world_deg=(3.38,-2.35) gimbal_deg=(4.87,4.24) armor_y_px=508.6 pixel_error_deg=(2.21,-0.77) ballistic=(range=2.813m holdover=0.539m comp=10.62deg residual=-11.39deg) q_wxyz=(0.998414,0.001571,0.036941,-0.042454) cmd_deg=(3.35,-14.49) packed_pitch_deg=-14.49 control=true shoot=false
[2026-09-05 12:53:54.177] [info] [PERF] 总耗时=15.9ms (检测=13.0ms, 跟踪=0.5ms), FPS=63.0
[2026-09-05 12:53:54.177] [info] 📊 [CAMERA FPS] 瞬时帧率=62.9fps, 平均帧率=64.7fps, 总帧数=800, 运行时间=12.4s
[DEBUG] armors=1, targets=1
[DEBUG] armors=1, targets=1
[DEBUG] armors=1, targets=1
[DEBUG] armors=1, targets=1
[DEBUG] armors=1, targets=1
[DEBUG] armors=1, targets=1
[DEBUG] armors=1, targets=1
[DEBUG] armors=1, targets=1
[DEBUG] armors=1, targets=1
[DEBUG] armors=1, targets=1
[DEBUG] armors=1, targets=1
[DEBUG] armors=1, targets=1
[DEBUG] armors=1, targets=1
[DEBUG] armors=1, targets=1
[DEBUG] armors=1, targets=1
[DEBUG] armors=1, targets=1
[DEBUG] armors=1, targets=1
[DEBUG] armors=1, targets=1
[DEBUG] armors=1, targets=1
[DEBUG] armors=0, targets=1
[DEBUG] armors=1, targets=1
[DEBUG] armors=1, targets=1
[DEBUG] armors=1, targets=1
[DEBUG] armors=1, targets=1
[DEBUG] armors=1, targets=1
[DEBUG] armors=1, targets=1
[DEBUG] armors=1, targets=1
[DEBUG] armors=1, targets=1
[DEBUG] armors=1, targets=1
[DEBUG] armors=1, targets=1
[DEBUG] armors=1, targets=1
[DEBUG] armors=1, targets=1
[DEBUG] armors=1, targets=1
[DEBUG] armors=1, targets=1
[DEBUG] armors=1, targets=1
[DEBUG] armors=1, targets=1
[DEBUG] armors=1, targets=1
[DEBUG] armors=1, targets=1
[DEBUG] armors=1, targets=1
[DEBUG] armors=1, targets=1
[2026-09-05 12:53:54.785] [info] [DRYRUN] measured_gimbal=(2.775,-0.073,0.092) measured_world=(2.770,0.163,-0.113) tracked_world=(2.779,0.163,-0.114) target_gimbal_deg=(-1.50,1.90) target_world_deg=(3.37,-2.34) gimbal_deg=(4.87,4.24) armor_y_px=508.7 pixel_error_deg=(2.22,-0.77) ballistic=(range=2.776m holdover=0.529m comp=10.57deg residual=-11.33deg) q_wxyz=(0.998414,0.001571,0.036941,-0.042454) cmd_deg=(3.36,-14.47) packed_pitch_deg=-14.47 control=true shoot=false
[DEBUG] armors=1, targets=1
[DEBUG] armors=1, targets=1
[DEBUG] armors=1, targets=1
[DEBUG] armors=1, targets=1
[DEBUG] armors=1, targets=1
[DEBUG] armors=1, targets=1
[DEBUG] armors=1, targets=1
[DEBUG] armors=1, targets=1
[DEBUG] armors=1, targets=1
[2026-09-05 12:53:54.927] [info] [SYNC][XUC] mode=0 yaw=-4.87 deg pitch=4.24 deg feeder_rpm=0.00 wheel0_rpm=0 wheel1_rpm=0 wheel_delta=0 projectile_speed=12.80
[DEBUG] armors=1, targets=1
[2026-09-05 12:53:54.942] [info] [PERF] 总耗时=15.6ms (检测=12.6ms, 跟踪=0.5ms), FPS=64.3
[2026-09-05 12:53:54.942] [info] 📊 [CAMERA FPS] 瞬时帧率=64.1fps, 平均帧率=64.7fps, 总帧数=850, 运行时间=13.1s
[DEBUG] armors=1, targets=1
[DEBUG] armors=1, targets=1
[DEBUG] armors=1, targets=1
[DEBUG] armors=1, targets=1
[DEBUG] armors=1, targets=1
[DEBUG] armors=1, targets=1
[DEBUG] armors=1, targets=1
[DEBUG] armors=1, targets=1
[DEBUG] armors=1, targets=1
[DEBUG] armors=1, targets=1
[2026-09-05 12:53:55.093] [info] [DRYRUN] measured_gimbal=(2.752,-0.072,0.092) measured_world=(2.747,0.161,-0.112) tracked_world=(2.784,0.164,-0.114) target_gimbal_deg=(-1.51,1.91) target_world_deg=(3.36,-2.33) gimbal_deg=(4.87,4.24) armor_y_px=508.9 pixel_error_deg=(2.22,-0.76) ballistic=(range=2.753m holdover=0.523m comp=10.53deg residual=-11.30deg) q_wxyz=(0.998414,0.001571,0.036941,-0.042454) cmd_deg=(3.37,-14.47) packed_pitch_deg=-14.47 control=true shoot=false
[DEBUG] armors=1, targets=1
[DEBUG] armors=1, targets=1
[DEBUG] armors=1, targets=1
[DEBUG] armors=1, targets=1
[DEBUG] armors=1, targets=1
[DEBUG] armors=0, targets=1
[DEBUG] armors=1, targets=1
[DEBUG] armors=1, targets=1
[DEBUG] armors=1, targets=1
[DEBUG] armors=1, targets=1
[DEBUG] armors=1, targets=1
[DEBUG] armors=0, targets=1
[DEBUG] armors=1, targets=1
[DEBUG] armors=1, targets=1
[DEBUG] armors=1, targets=1
[DEBUG] armors=1, targets=1
[DEBUG] armors=0, targets=1
[DEBUG] armors=1, targets=1
[DEBUG] armors=1, targets=1
[DEBUG] armors=1, targets=1
[2026-09-05 12:53:55.397] [info] [DRYRUN] measured_gimbal=(2.809,-0.073,0.092) measured_world=(2.805,0.166,-0.116) tracked_world=(2.785,0.164,-0.114) target_gimbal_deg=(-1.49,1.88) target_world_deg=(3.38,-2.36) gimbal_deg=(4.87,4.24) armor_y_px=508.9 pixel_error_deg=(2.21,-0.76) ballistic=(range=2.810m holdover=0.538m comp=10.62deg residual=-11.38deg) q_wxyz=(0.998414,0.001571,0.036941,-0.042454) cmd_deg=(3.36,-14.51) packed_pitch_deg=-14.51 control=true shoot=false
[DEBUG] armors=1, targets=1
[DEBUG] armors=1, targets=1
[DEBUG] armors=1, targets=1
[DEBUG] armors=1, targets=1
[DEBUG] armors=1, targets=1
[DEBUG] armors=1, targets=1
[DEBUG] armors=1, targets=1
[DEBUG] armors=1, targets=1
[DEBUG] armors=1, targets=1
[DEBUG] armors=0, targets=1
[DEBUG] armors=1, targets=1
[DEBUG] armors=1, targets=1
[DEBUG] armors=1, targets=1
[DEBUG] armors=1, targets=1
[DEBUG] armors=1, targets=1
[DEBUG] armors=1, targets=1
[DEBUG] armors=1, targets=1
[DEBUG] armors=1, targets=1
[DEBUG] armors=1, targets=1
[2026-09-05 12:53:55.687] [info] [SYNC][XUC] mode=0 yaw=-4.87 deg pitch=4.24 deg feeder_rpm=0.00 wheel0_rpm=0 wheel1_rpm=0 wheel_delta=0 projectile_speed=12.80
[DEBUG] armors=1, targets=1
[2026-09-05 12:53:55.701] [info] [DRYRUN] measured_gimbal=(2.770,-0.074,0.092) measured_world=(2.766,0.161,-0.113) tracked_world=(2.790,0.164,-0.115) target_gimbal_deg=(-1.54,1.89) target_world_deg=(3.33,-2.34) gimbal_deg=(4.87,4.24) armor_y_px=509.0 pixel_error_deg=(2.23,-0.76) ballistic=(range=2.771m holdover=0.528m comp=10.56deg residual=-11.32deg) q_wxyz=(0.998414,0.001571,0.036941,-0.042454) cmd_deg=(3.39,-14.49) packed_pitch_deg=-14.49 control=true shoot=false
[2026-09-05 12:53:55.703] [info] [PERF] 总耗时=15.7ms (检测=12.8ms, 跟踪=0.5ms), FPS=63.9
[2026-09-05 12:53:55.703] [info] 📊 [CAMERA FPS] 瞬时帧率=63.8fps, 平均帧率=64.8fps, 总帧数=900, 运行时间=13.9s
[DEBUG] armors=1, targets=1
[DEBUG] armors=1, targets=1
[DEBUG] armors=1, targets=1
[DEBUG] armors=1, targets=1
[DEBUG] armors=1, targets=1
[DEBUG] armors=1, targets=1
[DEBUG] armors=1, targets=1
[DEBUG] armors=1, targets=1
[DEBUG] armors=1, targets=1
[DEBUG] armors=1, targets=1
[DEBUG] armors=1, targets=1
[DEBUG] armors=1, targets=1
[DEBUG] armors=1, targets=1
[DEBUG] armors=0, targets=1
[DEBUG] armors=1, targets=1
[DEBUG] armors=1, targets=1
[DEBUG] armors=1, targets=1
[DEBUG] armors=1, targets=1
[DEBUG] armors=1, targets=1
[DEBUG] armors=1, targets=1
[2026-09-05 12:53:56.009] [info] [DRYRUN] measured_gimbal=(2.830,-0.073,0.093) measured_world=(2.825,0.167,-0.117) tracked_world=(2.788,0.164,-0.114) target_gimbal_deg=(-1.49,1.87) target_world_deg=(3.38,-2.36) gimbal_deg=(4.87,4.24) armor_y_px=508.8 pixel_error_deg=(2.21,-0.76) ballistic=(range=2.831m holdover=0.543m comp=10.64deg residual=-11.41deg) q_wxyz=(0.998414,0.001571,0.036941,-0.042454) cmd_deg=(3.36,-14.52) packed_pitch_deg=-14.52 control=true shoot=false
[DEBUG] armors=1, targets=1
[DEBUG] armors=1, targets=1
[DEBUG] armors=1, targets=1
[DEBUG] armors=1, targets=1
[DEBUG] armors=1, targets=1
[DEBUG] armors=1, targets=1
[DEBUG] armors=1, targets=1
[DEBUG] armors=1, targets=1
[DEBUG] armors=1, targets=1
[DEBUG] armors=1, targets=1
[DEBUG] armors=1, targets=1
[DEBUG] armors=1, targets=1
[DEBUG] armors=1, targets=1
[DEBUG] armors=1, targets=1
[DEBUG] armors=1, targets=1
[DEBUG] armors=1, targets=1
[DEBUG] armors=1, targets=1
[DEBUG] armors=1, targets=1
[DEBUG] armors=1, targets=1
[DEBUG] armors=1, targets=1
[2026-09-05 12:53:56.311] [info] [DRYRUN] measured_gimbal=(2.799,-0.073,0.092) measured_world=(2.794,0.164,-0.115) tracked_world=(2.786,0.164,-0.114) target_gimbal_deg=(-1.50,1.89) target_world_deg=(3.37,-2.35) gimbal_deg=(4.87,4.24) armor_y_px=508.7 pixel_error_deg=(2.22,-0.77) ballistic=(range=2.799m holdover=0.535m comp=10.60deg residual=-11.37deg) q_wxyz=(0.998414,0.001571,0.036941,-0.042454) cmd_deg=(3.36,-14.50) packed_pitch_deg=-14.50 control=true shoot=false
[DEBUG] armors=1, targets=1
[DEBUG] armors=1, targets=1
[DEBUG] armors=1, targets=1
[DEBUG] armors=1, targets=1
[DEBUG] armors=1, targets=1
[DEBUG] armors=1, targets=1
[DEBUG] armors=1, targets=1
[DEBUG] armors=1, targets=1
[DEBUG] armors=1, targets=1
[2026-09-05 12:53:56.452] [info] [SYNC][XUC] mode=0 yaw=-4.87 deg pitch=4.24 deg feeder_rpm=0.00 wheel0_rpm=0 wheel1_rpm=0 wheel_delta=0 projectile_speed=12.80
[DEBUG] armors=1, targets=1
[2026-09-05 12:53:56.467] [info] [PERF] 总耗时=15.0ms (检测=12.3ms, 跟踪=0.4ms), FPS=66.7
[2026-09-05 12:53:56.467] [info] 📊 [CAMERA FPS] 瞬时帧率=66.6fps, 平均帧率=64.8fps, 总帧数=950, 运行时间=14.7s
[DEBUG] armors=1, targets=1
[DEBUG] armors=1, targets=1
[DEBUG] armors=1, targets=1
[DEBUG] armors=1, targets=1
[DEBUG] armors=1, targets=1
[DEBUG] armors=1, targets=1
[DEBUG] armors=1, targets=1
[DEBUG] armors=1, targets=1
[DEBUG] armors=1, targets=1
[DEBUG] armors=1, targets=1
[2026-09-05 12:53:56.619] [info] [DRYRUN] measured_gimbal=(2.775,-0.072,0.092) measured_world=(2.771,0.163,-0.113) tracked_world=(2.785,0.164,-0.114) target_gimbal_deg=(-1.50,1.90) target_world_deg=(3.37,-2.34) gimbal_deg=(4.87,4.24) armor_y_px=508.8 pixel_error_deg=(2.21,-0.76) ballistic=(range=2.776m holdover=0.529m comp=10.57deg residual=-11.33deg) q_wxyz=(0.998414,0.001571,0.036941,-0.042454) cmd_deg=(3.36,-14.46) packed_pitch_deg=-14.46 control=true shoot=false
[DEBUG] armors=1, targets=1
[DEBUG] armors=1, targets=1
[DEBUG] armors=1, targets=1
[DEBUG] armors=1, targets=1
[DEBUG] armors=1, targets=1
[DEBUG] armors=1, targets=1
[DEBUG] armors=1, targets=1
[DEBUG] armors=1, targets=1
[DEBUG] armors=1, targets=1
[DEBUG] armors=1, targets=1
[DEBUG] armors=1, targets=1
[DEBUG] armors=1, targets=1
[DEBUG] armors=1, targets=1
[DEBUG] armors=1, targets=1
[DEBUG] armors=1, targets=1
[DEBUG] armors=1, targets=1
[DEBUG] armors=1, targets=1
[DEBUG] armors=1, targets=1
[DEBUG] armors=1, targets=1
[DEBUG] armors=1, targets=1
[2026-09-05 12:53:56.925] [info] [DRYRUN] measured_gimbal=(2.803,-0.073,0.093) measured_world=(2.798,0.165,-0.115) tracked_world=(2.789,0.164,-0.115) target_gimbal_deg=(-1.50,1.89) target_world_deg=(3.37,-2.35) gimbal_deg=(4.87,4.24) armor_y_px=508.5 pixel_error_deg=(2.22,-0.77) ballistic=(range=2.804m holdover=0.536m comp=10.61deg residual=-11.38deg) q_wxyz=(0.998414,0.001571,0.036941,-0.042454) cmd_deg=(3.38,-14.52) packed_pitch_deg=-14.52 control=true shoot=false
[DEBUG] armors=1, targets=1
[DEBUG] armors=1, targets=1
[DEBUG] armors=1, targets=1
[DEBUG] armors=1, targets=1
[DEBUG] armors=1, targets=1
[DEBUG] armors=1, targets=1
[DEBUG] armors=1, targets=1
[DEBUG] armors=1, targets=1
[DEBUG] armors=1, targets=1
[DEBUG] armors=1, targets=1
[DEBUG] armors=1, targets=1
[DEBUG] armors=1, targets=1
[DEBUG] armors=1, targets=1
[DEBUG] armors=1, targets=1
[DEBUG] armors=1, targets=1
[DEBUG] armors=1, targets=1
[DEBUG] armors=1, targets=1
[DEBUG] armors=1, targets=1
[DEBUG] armors=1, targets=1
[2026-09-05 12:53:57.218] [info] [SYNC][XUC] mode=0 yaw=-4.87 deg pitch=4.24 deg feeder_rpm=0.00 wheel0_rpm=0 wheel1_rpm=0 wheel_delta=0 projectile_speed=12.80
[DEBUG] armors=1, targets=1
[2026-09-05 12:53:57.231] [info] [DRYRUN] measured_gimbal=(2.763,-0.073,0.092) measured_world=(2.759,0.162,-0.113) tracked_world=(2.791,0.164,-0.115) target_gimbal_deg=(-1.50,1.90) target_world_deg=(3.37,-2.34) gimbal_deg=(4.87,4.24) armor_y_px=508.9 pixel_error_deg=(2.21,-0.76) ballistic=(range=2.764m holdover=0.526m comp=10.55deg residual=-11.31deg) q_wxyz=(0.998414,0.001571,0.036941,-0.042454) cmd_deg=(3.38,-14.50) packed_pitch_deg=-14.50 control=true shoot=false
[2026-09-05 12:53:57.233] [info] [PERF] 总耗时=15.2ms (检测=12.3ms, 跟踪=0.5ms), FPS=66.0
[2026-09-05 12:53:57.233] [info] 📊 [CAMERA FPS] 瞬时帧率=65.8fps, 平均帧率=64.8fps, 总帧数=1000, 运行时间=15.4s
[DEBUG] armors=1, targets=1
[DEBUG] armors=1, targets=1
[DEBUG] armors=1, targets=1
[DEBUG] armors=1, targets=1
[DEBUG] armors=1, targets=1
[DEBUG] armors=1, targets=1
[DEBUG] armors=1, targets=1
[DEBUG] armors=1, targets=1
[DEBUG] armors=1, targets=1
[DEBUG] armors=1, targets=1
[DEBUG] armors=1, targets=1
[DEBUG] armors=1, targets=1
[DEBUG] armors=1, targets=1
[DEBUG] armors=1, targets=1
[DEBUG] armors=1, targets=1
[DEBUG] armors=1, targets=1
[DEBUG] armors=1, targets=1
[DEBUG] armors=1, targets=1
[DEBUG] armors=1, targets=1
[DEBUG] armors=1, targets=1
[2026-09-05 12:53:57.538] [info] [DRYRUN] measured_gimbal=(2.723,-0.072,0.091) measured_world=(2.719,0.159,-0.110) tracked_world=(2.786,0.164,-0.114) target_gimbal_deg=(-1.52,1.92) target_world_deg=(3.35,-2.31) gimbal_deg=(4.87,4.24) armor_y_px=508.7 pixel_error_deg=(2.22,-0.77) ballistic=(range=2.724m holdover=0.516m comp=10.49deg residual=-11.26deg) q_wxyz=(0.998414,0.001571,0.036941,-0.042454) cmd_deg=(3.36,-14.40) packed_pitch_deg=-14.40 control=true shoot=false
[DEBUG] armors=1, targets=1
[DEBUG] armors=1, targets=1
[DEBUG] armors=1, targets=1
[DEBUG] armors=1, targets=1
[DEBUG] armors=1, targets=1
[DEBUG] armors=1, targets=1
[DEBUG] armors=1, targets=1
[DEBUG] armors=1, targets=1
[DEBUG] armors=1, targets=1
[DEBUG] armors=1, targets=1
[DEBUG] armors=1, targets=1
[DEBUG] armors=1, targets=1
[DEBUG] armors=1, targets=1
[DEBUG] armors=1, targets=1
[DEBUG] armors=1, targets=1
[DEBUG] armors=1, targets=1
[DEBUG] armors=1, targets=1
[DEBUG] armors=1, targets=1
[DEBUG] armors=1, targets=1
[DEBUG] armors=1, targets=1
[2026-09-05 12:53:57.846] [info] [DRYRUN] measured_gimbal=(2.744,-0.072,0.092) measured_world=(2.739,0.161,-0.111) tracked_world=(2.785,0.164,-0.114) target_gimbal_deg=(-1.51,1.91) target_world_deg=(3.36,-2.33) gimbal_deg=(4.87,4.24) armor_y_px=508.8 pixel_error_deg=(2.22,-0.76) ballistic=(range=2.745m holdover=0.521m comp=10.52deg residual=-11.29deg) q_wxyz=(0.998414,0.001571,0.036941,-0.042454) cmd_deg=(3.38,-14.47) packed_pitch_deg=-14.47 control=true shoot=false
[DEBUG] armors=1, targets=1
[DEBUG] armors=1, targets=1
[DEBUG] armors=1, targets=1
[DEBUG] armors=1, targets=1
[DEBUG] armors=1, targets=1
[DEBUG] armors=1, targets=1
[DEBUG] armors=1, targets=1
[DEBUG] armors=1, targets=1
[DEBUG] armors=1, targets=1
[2026-09-05 12:53:57.988] [info] [SYNC][XUC] mode=0 yaw=-4.87 deg pitch=4.24 deg feeder_rpm=0.00 wheel0_rpm=0 wheel1_rpm=0 wheel_delta=0 projectile_speed=12.80
[DEBUG] armors=1, targets=1
[2026-09-05 12:53:58.003] [info] [PERF] 总耗时=15.6ms (检测=12.8ms, 跟踪=0.5ms), FPS=64.0
[2026-09-05 12:53:58.003] [info] 📊 [CAMERA FPS] 瞬时帧率=63.9fps, 平均帧率=64.8fps, 总帧数=1050, 运行时间=16.2s
[DEBUG] armors=1, targets=1
[DEBUG] armors=1, targets=1
[DEBUG] armors=1, targets=1
[DEBUG] armors=1, targets=1
[DEBUG] armors=1, targets=1
[DEBUG] armors=1, targets=1
[DEBUG] armors=1, targets=1
[DEBUG] armors=1, targets=1
[DEBUG] armors=0, targets=1
[DEBUG] armors=1, targets=1
[2026-09-05 12:53:58.158] [info] [DRYRUN] measured_gimbal=(2.811,-0.073,0.092) measured_world=(2.806,0.165,-0.116) tracked_world=(2.786,0.164,-0.114) target_gimbal_deg=(-1.50,1.88) target_world_deg=(3.37,-2.35) gimbal_deg=(4.87,4.24) armor_y_px=508.7 pixel_error_deg=(2.22,-0.77) ballistic=(range=2.812m holdover=0.538m comp=10.62deg residual=-11.38deg) q_wxyz=(0.998414,0.001571,0.036941,-0.042454) cmd_deg=(3.37,-14.52) packed_pitch_deg=-14.52 control=true shoot=false
[DEBUG] armors=1, targets=1
[DEBUG] armors=1, targets=1
[DEBUG] armors=1, targets=1
[DEBUG] armors=1, targets=1
[DEBUG] armors=1, targets=1
[DEBUG] armors=1, targets=1
[DEBUG] armors=1, targets=1
[DEBUG] armors=1, targets=1
[DEBUG] armors=1, targets=1
[DEBUG] armors=1, targets=1
[DEBUG] armors=1, targets=1
[DEBUG] armors=1, targets=1
[DEBUG] armors=1, targets=1
[DEBUG] armors=1, targets=1
[DEBUG] armors=1, targets=1
[DEBUG] armors=1, targets=1
[DEBUG] armors=1, targets=1
[DEBUG] armors=1, targets=1
[DEBUG] armors=1, targets=1
[DEBUG] armors=1, targets=1
[2026-09-05 12:53:58.465] [info] [DRYRUN] measured_gimbal=(2.747,-0.072,0.091) measured_world=(2.742,0.161,-0.112) tracked_world=(2.781,0.163,-0.114) target_gimbal_deg=(-1.51,1.91) target_world_deg=(3.36,-2.33) gimbal_deg=(4.87,4.24) armor_y_px=508.9 pixel_error_deg=(2.22,-0.76) ballistic=(range=2.748m holdover=0.522m comp=10.53deg residual=-11.29deg) q_wxyz=(0.998414,0.001571,0.036941,-0.042454) cmd_deg=(3.35,-14.44) packed_pitch_deg=-14.44 control=true shoot=false
[DEBUG] armors=1, targets=1
[DEBUG] armors=1, targets=1
[DEBUG] armors=1, targets=1
[DEBUG] armors=1, targets=1
[DEBUG] armors=1, targets=1
[DEBUG] armors=1, targets=1
[DEBUG] armors=1, targets=1
[DEBUG] armors=1, targets=1
[DEBUG] armors=1, targets=1
[DEBUG] armors=1, targets=1
[DEBUG] armors=1, targets=1
[DEBUG] armors=1, targets=1
[DEBUG] armors=1, targets=1
[DEBUG] armors=1, targets=1
[DEBUG] armors=1, targets=1
[DEBUG] armors=1, targets=1
[DEBUG] armors=1, targets=1
[DEBUG] armors=1, targets=1
[DEBUG] armors=1, targets=1
[2026-09-05 12:53:58.759] [info] [SYNC][XUC] mode=0 yaw=-4.87 deg pitch=4.24 deg feeder_rpm=0.00 wheel0_rpm=0 wheel1_rpm=0 wheel_delta=0 projectile_speed=12.80
[DEBUG] armors=1, targets=1
[2026-09-05 12:53:58.772] [info] [DRYRUN] measured_gimbal=(2.809,-0.073,0.092) measured_world=(2.804,0.165,-0.115) tracked_world=(2.791,0.165,-0.115) target_gimbal_deg=(-1.50,1.89) target_world_deg=(3.37,-2.35) gimbal_deg=(4.87,4.24) armor_y_px=508.7 pixel_error_deg=(2.22,-0.77) ballistic=(range=2.810m holdover=0.538m comp=10.61deg residual=-11.38deg) q_wxyz=(0.998414,0.001571,0.036941,-0.042454) cmd_deg=(3.39,-14.55) packed_pitch_deg=-14.55 control=true shoot=false
[2026-09-05 12:53:58.774] [info] [PERF] 总耗时=15.1ms (检测=12.5ms, 跟踪=0.5ms), FPS=66.1
[2026-09-05 12:53:58.774] [info] 📊 [CAMERA FPS] 瞬时帧率=66.0fps, 平均帧率=64.8fps, 总帧数=1100, 运行时间=17.0s
[DEBUG] armors=1, targets=1
[DEBUG] armors=1, targets=1
[DEBUG] armors=1, targets=1
[DEBUG] armors=1, targets=1
[DEBUG] armors=1, targets=1
[DEBUG] armors=1, targets=1
[DEBUG] armors=1, targets=1
[DEBUG] armors=1, targets=1
[DEBUG] armors=1, targets=1
[DEBUG] armors=1, targets=1
[DEBUG] armors=1, targets=1
[DEBUG] armors=1, targets=1
[DEBUG] armors=1, targets=1
[DEBUG] armors=1, targets=1
[DEBUG] armors=0, targets=1
[DEBUG] armors=1, targets=1
[DEBUG] armors=1, targets=1
[DEBUG] armors=0, targets=1
[DEBUG] armors=1, targets=1
[DEBUG] armors=1, targets=1
[2026-09-05 12:53:59.077] [info] [DRYRUN] measured_gimbal=(2.761,-0.072,0.092) measured_world=(2.757,0.162,-0.112) tracked_world=(2.784,0.164,-0.114) target_gimbal_deg=(-1.50,1.91) target_world_deg=(3.37,-2.33) gimbal_deg=(4.87,4.24) armor_y_px=508.6 pixel_error_deg=(2.21,-0.77) ballistic=(range=2.762m holdover=0.525m comp=10.55deg residual=-11.32deg) q_wxyz=(0.998414,0.001571,0.036941,-0.042454) cmd_deg=(3.37,-14.47) packed_pitch_deg=-14.47 control=true shoot=false
[DEBUG] armors=1, targets=1
[DEBUG] armors=1, targets=1
[DEBUG] armors=1, targets=1
[DEBUG] armors=1, targets=1
[DEBUG] armors=1, targets=1
[DEBUG] armors=1, targets=1
[DEBUG] armors=1, targets=1
[DEBUG] armors=1, targets=1
[DEBUG] armors=1, targets=1
[DEBUG] armors=1, targets=1
[DEBUG] armors=1, targets=1
[DEBUG] armors=1, targets=1
[DEBUG] armors=1, targets=1
[DEBUG] armors=1, targets=1
[DEBUG] armors=1, targets=1
[DEBUG] armors=1, targets=1
[DEBUG] armors=1, targets=1
[DEBUG] armors=1, targets=1
[DEBUG] armors=1, targets=1
[DEBUG] armors=1, targets=1
[2026-09-05 12:53:59.387] [info] [DRYRUN] measured_gimbal=(2.749,-0.072,0.092) measured_world=(2.744,0.161,-0.112) tracked_world=(2.784,0.164,-0.114) target_gimbal_deg=(-1.51,1.91) target_world_deg=(3.36,-2.33) gimbal_deg=(4.87,4.24) armor_y_px=508.8 pixel_error_deg=(2.22,-0.77) ballistic=(range=2.750m holdover=0.522m comp=10.53deg residual=-11.29deg) q_wxyz=(0.998414,0.001571,0.036941,-0.042454) cmd_deg=(3.38,-14.46) packed_pitch_deg=-14.46 control=true shoot=false
[DEBUG] armors=1, targets=1
[DEBUG] armors=1, targets=1
[DEBUG] armors=1, targets=1
[DEBUG] armors=1, targets=1
[DEBUG] armors=1, targets=1
[DEBUG] armors=1, targets=1
[DEBUG] armors=1, targets=1
[DEBUG] armors=1, targets=1
[DEBUG] armors=1, targets=1
[2026-09-05 12:53:59.530] [info] [SYNC][XUC] mode=0 yaw=-4.87 deg pitch=4.24 deg feeder_rpm=0.00 wheel0_rpm=0 wheel1_rpm=0 wheel_delta=0 projectile_speed=12.80
[DEBUG] armors=1, targets=1
[2026-09-05 12:53:59.546] [info] [PERF] 总耗时=15.4ms (检测=12.5ms, 跟踪=0.4ms), FPS=65.0
[2026-09-05 12:53:59.546] [info] 📊 [CAMERA FPS] 瞬时帧率=64.8fps, 平均帧率=64.8fps, 总帧数=1150, 运行时间=17.7s
[DEBUG] armors=1, targets=1
[DEBUG] armors=1, targets=1
[DEBUG] armors=1, targets=1
[DEBUG] armors=1, targets=1
[DEBUG] armors=1, targets=1
[DEBUG] armors=1, targets=1
[DEBUG] armors=1, targets=1
[DEBUG] armors=1, targets=1
[DEBUG] armors=1, targets=1
[DEBUG] armors=1, targets=1
[2026-09-05 12:53:59.697] [info] [DRYRUN] measured_gimbal=(2.751,-0.074,0.091) measured_world=(2.746,0.160,-0.112) tracked_world=(2.791,0.164,-0.115) target_gimbal_deg=(-1.54,1.90) target_world_deg=(3.33,-2.34) gimbal_deg=(4.87,4.24) armor_y_px=509.1 pixel_error_deg=(2.22,-0.76) ballistic=(range=2.752m holdover=0.523m comp=10.53deg residual=-11.29deg) q_wxyz=(0.998414,0.001571,0.036941,-0.042454) cmd_deg=(3.40,-14.50) packed_pitch_deg=-14.50 control=true shoot=false
[DEBUG] armors=1, targets=1
[DEBUG] armors=1, targets=1
[DEBUG] armors=1, targets=1
[DEBUG] armors=1, targets=1
[DEBUG] armors=1, targets=1
[DEBUG] armors=1, targets=1
[DEBUG] armors=1, targets=1
[DEBUG] armors=1, targets=1
[DEBUG] armors=1, targets=1
[DEBUG] armors=1, targets=1
[DEBUG] armors=1, targets=1
[DEBUG] armors=1, targets=1
[DEBUG] armors=1, targets=1
[DEBUG] armors=1, targets=1
[DEBUG] armors=0, targets=1
[DEBUG] armors=1, targets=1
[DEBUG] armors=1, targets=1
[DEBUG] armors=1, targets=1
[DEBUG] armors=1, targets=1
[DEBUG] armors=1, targets=1
[2026-09-05 12:54:00.002] [info] [DRYRUN] measured_gimbal=(2.809,-0.073,0.093) measured_world=(2.804,0.166,-0.115) tracked_world=(2.789,0.164,-0.115) target_gimbal_deg=(-1.49,1.89) target_world_deg=(3.38,-2.35) gimbal_deg=(4.87,4.24) armor_y_px=508.6 pixel_error_deg=(2.21,-0.77) ballistic=(range=2.810m holdover=0.538m comp=10.61deg residual=-11.38deg) q_wxyz=(0.998414,0.001571,0.036941,-0.042454) cmd_deg=(3.36,-14.53) packed_pitch_deg=-14.53 control=true shoot=false
[DEBUG] armors=1, targets=1
[DEBUG] armors=1, targets=1
[DEBUG] armors=1, targets=1
[DEBUG] armors=1, targets=1
[DEBUG] armors=1, targets=1
[DEBUG] armors=1, targets=1
[DEBUG] armors=1, targets=1
[DEBUG] armors=1, targets=1
[DEBUG] armors=1, targets=1
[DEBUG] armors=1, targets=1
[DEBUG] armors=1, targets=1
[DEBUG] armors=1, targets=1
[DEBUG] armors=1, targets=1
[DEBUG] armors=1, targets=1
[DEBUG] armors=1, targets=1
[DEBUG] armors=1, targets=1
[DEBUG] armors=1, targets=1
[DEBUG] armors=1, targets=1
[DEBUG] armors=1, targets=1
[2026-09-05 12:54:00.298] [info] [SYNC][XUC] mode=0 yaw=-4.87 deg pitch=4.24 deg feeder_rpm=0.00 wheel0_rpm=0 wheel1_rpm=0 wheel_delta=0 projectile_speed=12.80
[DEBUG] armors=1, targets=1
[2026-09-05 12:54:00.311] [info] [DRYRUN] measured_gimbal=(2.810,-0.073,0.092) measured_world=(2.806,0.165,-0.115) tracked_world=(2.788,0.164,-0.114) target_gimbal_deg=(-1.50,1.88) target_world_deg=(3.37,-2.35) gimbal_deg=(4.87,4.24) armor_y_px=508.7 pixel_error_deg=(2.22,-0.77) ballistic=(range=2.811m holdover=0.538m comp=10.62deg residual=-11.38deg) q_wxyz=(0.998414,0.001571,0.036941,-0.042454) cmd_deg=(3.37,-14.52) packed_pitch_deg=-14.52 control=true shoot=false
[2026-09-05 12:54:00.313] [info] [PERF] 总耗时=15.1ms (检测=12.3ms, 跟踪=0.4ms), FPS=66.2
[2026-09-05 12:54:00.313] [info] 📊 [CAMERA FPS] 瞬时帧率=66.0fps, 平均帧率=64.9fps, 总帧数=1200, 运行时间=18.5s
[DEBUG] armors=1, targets=1
[DEBUG] armors=1, targets=1
[DEBUG] armors=1, targets=1
[DEBUG] armors=1, targets=1
[DEBUG] armors=1, targets=1
[DEBUG] armors=1, targets=1
[DEBUG] armors=1, targets=1
[DEBUG] armors=1, targets=1
[DEBUG] armors=1, targets=1
[DEBUG] armors=1, targets=1
[DEBUG] armors=0, targets=1
[DEBUG] armors=1, targets=1
[DEBUG] armors=1, targets=1
[DEBUG] armors=1, targets=1
[DEBUG] armors=1, targets=1
[DEBUG] armors=1, targets=1
[DEBUG] armors=1, targets=1
[DEBUG] armors=1, targets=1
[DEBUG] armors=1, targets=1
[DEBUG] armors=1, targets=1
[2026-09-05 12:54:00.614] [info] [DRYRUN] measured_gimbal=(2.744,-0.074,0.091) measured_world=(2.740,0.159,-0.112) tracked_world=(2.789,0.164,-0.115) target_gimbal_deg=(-1.55,1.90) target_world_deg=(3.32,-2.34) gimbal_deg=(4.87,4.24) armor_y_px=509.3 pixel_error_deg=(2.23,-0.75) ballistic=(range=2.745m holdover=0.521m comp=10.52deg residual=-11.27deg) q_wxyz=(0.998414,0.001571,0.036941,-0.042454) cmd_deg=(3.38,-14.44) packed_pitch_deg=-14.44 control=true shoot=false
[DEBUG] armors=1, targets=1
[DEBUG] armors=1, targets=1
[DEBUG] armors=1, targets=1
[DEBUG] armors=1, targets=1
[DEBUG] armors=1, targets=1
[DEBUG] armors=1, targets=1
[DEBUG] armors=1, targets=1
[DEBUG] armors=1, targets=1
[DEBUG] armors=1, targets=1
[DEBUG] armors=1, targets=1
[DEBUG] armors=1, targets=1
[DEBUG] armors=1, targets=1
[DEBUG] armors=1, targets=1
[DEBUG] armors=1, targets=1
[DEBUG] armors=1, targets=1
[DEBUG] armors=1, targets=1
[DEBUG] armors=1, targets=1
[DEBUG] armors=1, targets=1
[DEBUG] armors=1, targets=1
[DEBUG] armors=1, targets=1
[2026-09-05 12:54:00.923] [info] [DRYRUN] measured_gimbal=(2.851,-0.074,0.093) measured_world=(2.846,0.168,-0.118) tracked_world=(2.792,0.164,-0.115) target_gimbal_deg=(-1.48,1.86) target_world_deg=(3.39,-2.37) gimbal_deg=(4.87,4.24) armor_y_px=508.8 pixel_error_deg=(2.21,-0.76) ballistic=(range=2.852m holdover=0.549m comp=10.67deg residual=-11.44deg) q_wxyz=(0.998414,0.001571,0.036941,-0.042454) cmd_deg=(3.37,-14.57) packed_pitch_deg=-14.57 control=true shoot=false
[DEBUG] armors=1, targets=1
[DEBUG] armors=1, targets=1
[DEBUG] armors=1, targets=1
[DEBUG] armors=1, targets=1
[DEBUG] armors=1, targets=1
[DEBUG] armors=1, targets=1
[DEBUG] armors=1, targets=1
[DEBUG] armors=1, targets=1
[DEBUG] armors=1, targets=1
[2026-09-05 12:54:01.065] [info] [SYNC][XUC] mode=0 yaw=-4.87 deg pitch=4.24 deg feeder_rpm=0.00 wheel0_rpm=0 wheel1_rpm=0 wheel_delta=0 projectile_speed=12.80
[DEBUG] armors=1, targets=1
[2026-09-05 12:54:01.080] [info] [PERF] 总耗时=15.1ms (检测=12.2ms, 跟踪=0.4ms), FPS=66.4
[2026-09-05 12:54:01.080] [info] 📊 [CAMERA FPS] 瞬时帧率=66.2fps, 平均帧率=64.9fps, 总帧数=1250, 运行时间=19.3s
[DEBUG] armors=1, targets=1
[DEBUG] armors=1, targets=1
[DEBUG] armors=1, targets=1
[DEBUG] armors=1, targets=1
[DEBUG] armors=1, targets=1
[DEBUG] armors=1, targets=1
[DEBUG] armors=1, targets=1
[DEBUG] armors=1, targets=1
[DEBUG] armors=1, targets=1
[DEBUG] armors=1, targets=1
[2026-09-05 12:54:01.232] [info] [DRYRUN] measured_gimbal=(2.809,-0.073,0.092) measured_world=(2.805,0.166,-0.116) tracked_world=(2.793,0.165,-0.115) target_gimbal_deg=(-1.49,1.88) target_world_deg=(3.38,-2.36) gimbal_deg=(4.87,4.24) armor_y_px=508.9 pixel_error_deg=(2.21,-0.76) ballistic=(range=2.810m holdover=0.538m comp=10.62deg residual=-11.38deg) q_wxyz=(0.998414,0.001571,0.036941,-0.042454) cmd_deg=(3.37,-14.51) packed_pitch_deg=-14.51 control=true shoot=false
[DEBUG] armors=1, targets=1
[DEBUG] armors=1, targets=1
[DEBUG] armors=1, targets=1
[DEBUG] armors=1, targets=1
[DEBUG] armors=1, targets=1
[DEBUG] armors=1, targets=1
[DEBUG] armors=1, targets=1
[DEBUG] armors=1, targets=1
[DEBUG] armors=1, targets=1
[DEBUG] armors=1, targets=1
[DEBUG] armors=1, targets=1
[DEBUG] armors=1, targets=1
[DEBUG] armors=1, targets=1
[DEBUG] armors=1, targets=1
[DEBUG] armors=1, targets=1
[DEBUG] armors=0, targets=1
[DEBUG] armors=1, targets=1
[DEBUG] armors=1, targets=1
[DEBUG] armors=1, targets=1
[DEBUG] armors=1, targets=1
[2026-09-05 12:54:01.537] [info] [DRYRUN] measured_gimbal=(2.835,-0.074,0.093) measured_world=(2.830,0.167,-0.117) tracked_world=(2.797,0.165,-0.115) target_gimbal_deg=(-1.49,1.87) target_world_deg=(3.38,-2.37) gimbal_deg=(4.87,4.24) armor_y_px=508.9 pixel_error_deg=(2.21,-0.76) ballistic=(range=2.836m holdover=0.545m comp=10.65deg residual=-11.41deg) q_wxyz=(0.998414,0.001571,0.036941,-0.042454) cmd_deg=(3.37,-14.53) packed_pitch_deg=-14.53 control=true shoot=false
[DEBUG] armors=1, targets=1
[DEBUG] armors=1, targets=1
[DEBUG] armors=1, targets=1
[DEBUG] armors=1, targets=1
[DEBUG] armors=1, targets=1
[DEBUG] armors=1, targets=1
[DEBUG] armors=1, targets=1
[DEBUG] armors=1, targets=1
[DEBUG] armors=1, targets=1
[DEBUG] armors=1, targets=1
[DEBUG] armors=1, targets=1
[DEBUG] armors=1, targets=1
[DEBUG] armors=1, targets=1
[DEBUG] armors=1, targets=1
[DEBUG] armors=1, targets=1
[DEBUG] armors=1, targets=1
[DEBUG] armors=1, targets=1
[DEBUG] armors=1, targets=1
[DEBUG] armors=1, targets=1
[2026-09-05 12:54:01.833] [info] [SYNC][XUC] mode=0 yaw=-4.87 deg pitch=4.24 deg feeder_rpm=0.00 wheel0_rpm=0 wheel1_rpm=0 wheel_delta=0 projectile_speed=12.80
[DEBUG] armors=1, targets=1
[2026-09-05 12:54:01.846] [info] [DRYRUN] measured_gimbal=(2.788,-0.073,0.092) measured_world=(2.783,0.164,-0.114) tracked_world=(2.790,0.164,-0.115) target_gimbal_deg=(-1.50,1.89) target_world_deg=(3.37,-2.35) gimbal_deg=(4.87,4.24) armor_y_px=508.9 pixel_error_deg=(2.21,-0.76) ballistic=(range=2.789m holdover=0.532m comp=10.58deg residual=-11.35deg) q_wxyz=(0.998414,0.001571,0.036941,-0.042454) cmd_deg=(3.36,-14.50) packed_pitch_deg=-14.50 control=true shoot=false
[2026-09-05 12:54:01.848] [info] [PERF] 总耗时=15.6ms (检测=12.8ms, 跟踪=0.5ms), FPS=64.0
[2026-09-05 12:54:01.848] [info] 📊 [CAMERA FPS] 瞬时帧率=63.9fps, 平均帧率=64.9fps, 总帧数=1300, 运行时间=20.0s
[DEBUG] armors=1, targets=1
[DEBUG] armors=1, targets=1
[DEBUG] armors=1, targets=1
[DEBUG] armors=1, targets=1
[DEBUG] armors=0, targets=1
[DEBUG] armors=1, targets=1
[DEBUG] armors=1, targets=1
[DEBUG] armors=1, targets=1
[DEBUG] armors=0, targets=1
[DEBUG] armors=1, targets=1
[DEBUG] armors=1, targets=1
[DEBUG] armors=1, targets=1
[DEBUG] armors=1, targets=1
[DEBUG] armors=1, targets=1
[DEBUG] armors=1, targets=1
[DEBUG] armors=1, targets=1
[DEBUG] armors=1, targets=1
[DEBUG] armors=1, targets=1
[DEBUG] armors=1, targets=1
[DEBUG] armors=1, targets=1
[2026-09-05 12:54:02.166] [info] [DRYRUN] measured_gimbal=(2.726,-0.072,0.091) measured_world=(2.722,0.159,-0.111) tracked_world=(2.786,0.164,-0.114) target_gimbal_deg=(-1.52,1.91) target_world_deg=(3.35,-2.33) gimbal_deg=(4.87,4.24) armor_y_px=509.2 pixel_error_deg=(2.22,-0.76) ballistic=(range=2.727m holdover=0.516m comp=10.50deg residual=-11.25deg) q_wxyz=(0.998414,0.001571,0.036941,-0.042454) cmd_deg=(3.36,-14.36) packed_pitch_deg=-14.36 control=true shoot=false
[DEBUG] armors=1, targets=1
[DEBUG] armors=1, targets=1
[DEBUG] armors=1, targets=1
[DEBUG] armors=1, targets=1
[DEBUG] armors=1, targets=1
[DEBUG] armors=1, targets=1
[DEBUG] armors=1, targets=1
[DEBUG] armors=1, targets=1
[DEBUG] armors=1, targets=1
[DEBUG] armors=1, targets=1
[DEBUG] armors=1, targets=1
[DEBUG] armors=1, targets=1
[DEBUG] armors=1, targets=1
[DEBUG] armors=1, targets=1
[DEBUG] armors=1, targets=1
[DEBUG] armors=1, targets=1
[DEBUG] armors=1, targets=1
[DEBUG] armors=1, targets=1
[DEBUG] armors=1, targets=1
[DEBUG] armors=1, targets=1
[2026-09-05 12:54:02.481] [info] [DRYRUN] measured_gimbal=(2.744,-0.072,0.091) measured_world=(2.739,0.161,-0.112) tracked_world=(2.788,0.164,-0.114) target_gimbal_deg=(-1.51,1.91) target_world_deg=(3.36,-2.33) gimbal_deg=(4.87,4.24) armor_y_px=508.9 pixel_error_deg=(2.22,-0.76) ballistic=(range=2.745m holdover=0.521m comp=10.52deg residual=-11.28deg) q_wxyz=(0.998414,0.001571,0.036941,-0.042454) cmd_deg=(3.37,-14.43) packed_pitch_deg=-14.43 control=true shoot=false
[DEBUG] armors=1, targets=1
[DEBUG] armors=1, targets=1
[DEBUG] armors=1, targets=1
[DEBUG] armors=1, targets=1
[DEBUG] armors=1, targets=1
[DEBUG] armors=1, targets=1
[DEBUG] armors=1, targets=1
[DEBUG] armors=1, targets=1
[DEBUG] armors=1, targets=1
[2026-09-05 12:54:02.624] [info] [SYNC][XUC] mode=0 yaw=-4.87 deg pitch=4.24 deg feeder_rpm=0.00 wheel0_rpm=0 wheel1_rpm=0 wheel_delta=0 projectile_speed=12.80
[DEBUG] armors=1, targets=1
[2026-09-05 12:54:02.639] [info] [PERF] 总耗时=15.5ms (检测=12.8ms, 跟踪=0.5ms), FPS=64.7
[2026-09-05 12:54:02.639] [info] 📊 [CAMERA FPS] 瞬时帧率=64.5fps, 平均帧率=64.8fps, 总帧数=1350, 运行时间=20.8s
[DEBUG] armors=1, targets=1
[DEBUG] armors=1, targets=1
[DEBUG] armors=1, targets=1
[DEBUG] armors=1, targets=1
[DEBUG] armors=1, targets=1
[DEBUG] armors=1, targets=1
[DEBUG] armors=1, targets=1
[DEBUG] armors=1, targets=1
[DEBUG] armors=1, targets=1
[DEBUG] armors=1, targets=1
[2026-09-05 12:54:02.793] [info] [DRYRUN] measured_gimbal=(2.776,-0.073,0.092) measured_world=(2.772,0.163,-0.114) tracked_world=(2.784,0.164,-0.114) target_gimbal_deg=(-1.50,1.90) target_world_deg=(3.37,-2.34) gimbal_deg=(4.87,4.24) armor_y_px=508.9 pixel_error_deg=(2.22,-0.76) ballistic=(range=2.777m holdover=0.529m comp=10.57deg residual=-11.33deg) q_wxyz=(0.998414,0.001571,0.036941,-0.042454) cmd_deg=(3.37,-14.46) packed_pitch_deg=-14.46 control=true shoot=false
[DEBUG] armors=1, targets=1
[DEBUG] armors=0, targets=1
[DEBUG] armors=1, targets=1
[DEBUG] armors=1, targets=1
[DEBUG] armors=1, targets=1
[DEBUG] armors=1, targets=1
[DEBUG] armors=1, targets=1
[DEBUG] armors=1, targets=1
[DEBUG] armors=1, targets=1
[DEBUG] armors=1, targets=1
[DEBUG] armors=1, targets=1
[DEBUG] armors=1, targets=1
[DEBUG] armors=1, targets=1
[DEBUG] armors=1, targets=1
[DEBUG] armors=1, targets=1
[DEBUG] armors=1, targets=1
[DEBUG] armors=1, targets=1
[DEBUG] armors=1, targets=1
[DEBUG] armors=1, targets=1
[DEBUG] armors=1, targets=1
[2026-09-05 12:54:03.104] [info] [DRYRUN] measured_gimbal=(2.774,-0.073,0.092) measured_world=(2.770,0.163,-0.113) tracked_world=(2.786,0.164,-0.114) target_gimbal_deg=(-1.50,1.89) target_world_deg=(3.37,-2.34) gimbal_deg=(4.87,4.24) armor_y_px=508.9 pixel_error_deg=(2.22,-0.76) ballistic=(range=2.775m holdover=0.529m comp=10.56deg residual=-11.33deg) q_wxyz=(0.998414,0.001571,0.036941,-0.042454) cmd_deg=(3.38,-14.47) packed_pitch_deg=-14.47 control=true shoot=false
[DEBUG] armors=1, targets=1
[DEBUG] armors=1, targets=1
[DEBUG] armors=1, targets=1
[DEBUG] armors=1, targets=1
[DEBUG] armors=1, targets=1
[DEBUG] armors=1, targets=1
[DEBUG] armors=1, targets=1
[DEBUG] armors=1, targets=1
[DEBUG] armors=1, targets=1
[DEBUG] armors=1, targets=1
[DEBUG] armors=1, targets=1
[DEBUG] armors=1, targets=1
[DEBUG] armors=1, targets=1
[DEBUG] armors=1, targets=1
[DEBUG] armors=1, targets=1
[DEBUG] armors=1, targets=1
[DEBUG] armors=1, targets=1
[DEBUG] armors=1, targets=1
[DEBUG] armors=1, targets=1
[2026-09-05 12:54:03.404] [info] [SYNC][XUC] mode=0 yaw=-4.87 deg pitch=4.24 deg feeder_rpm=0.00 wheel0_rpm=0 wheel1_rpm=0 wheel_delta=0 projectile_speed=12.80
[DEBUG] armors=1, targets=1
[2026-09-05 12:54:03.416] [info] [DRYRUN] measured_gimbal=(2.756,-0.072,0.092) measured_world=(2.751,0.162,-0.112) tracked_world=(2.781,0.163,-0.114) target_gimbal_deg=(-1.50,1.90) target_world_deg=(3.37,-2.33) gimbal_deg=(4.87,4.24) armor_y_px=508.8 pixel_error_deg=(2.21,-0.76) ballistic=(range=2.757m holdover=0.524m comp=10.54deg residual=-11.30deg) q_wxyz=(0.998414,0.001571,0.036941,-0.042454) cmd_deg=(3.35,-14.41) packed_pitch_deg=-14.41 control=true shoot=false
[2026-09-05 12:54:03.419] [info] [PERF] 总耗时=15.0ms (检测=12.1ms, 跟踪=0.4ms), FPS=66.5
[2026-09-05 12:54:03.419] [info] 📊 [CAMERA FPS] 瞬时帧率=66.4fps, 平均帧率=64.8fps, 总帧数=1400, 运行时间=21.6s
[DEBUG] armors=1, targets=1
[DEBUG] armors=1, targets=1
[DEBUG] armors=1, targets=1
[DEBUG] armors=1, targets=1
[DEBUG] armors=1, targets=1
[DEBUG] armors=1, targets=1
[DEBUG] armors=1, targets=1
[DEBUG] armors=1, targets=1
[DEBUG] armors=1, targets=1
[DEBUG] armors=1, targets=1
[DEBUG] armors=1, targets=1
[DEBUG] armors=1, targets=1
[DEBUG] armors=1, targets=1
[DEBUG] armors=1, targets=1
[DEBUG] armors=1, targets=1
[DEBUG] armors=1, targets=1
[DEBUG] armors=1, targets=1
[DEBUG] armors=1, targets=1
[DEBUG] armors=1, targets=1
[DEBUG] armors=1, targets=1
[2026-09-05 12:54:03.723] [info] [DRYRUN] measured_gimbal=(2.786,-0.073,0.092) measured_world=(2.782,0.164,-0.114) tracked_world=(2.784,0.164,-0.114) target_gimbal_deg=(-1.50,1.90) target_world_deg=(3.37,-2.34) gimbal_deg=(4.87,4.24) armor_y_px=508.6 pixel_error_deg=(2.21,-0.77) ballistic=(range=2.787m holdover=0.532m comp=10.58deg residual=-11.35deg) q_wxyz=(0.998414,0.001571,0.036941,-0.042454) cmd_deg=(3.38,-14.50) packed_pitch_deg=-14.50 control=true shoot=false
[DEBUG] armors=1, targets=1
[DEBUG] armors=1, targets=1
[DEBUG] armors=1, targets=1
[DEBUG] armors=1, targets=1
[DEBUG] armors=1, targets=1
[DEBUG] armors=1, targets=1
[DEBUG] armors=1, targets=1
[DEBUG] armors=1, targets=1
[DEBUG] armors=1, targets=1
[DEBUG] armors=1, targets=1
[DEBUG] armors=1, targets=1
[DEBUG] armors=1, targets=1
[DEBUG] armors=1, targets=1
[DEBUG] armors=1, targets=1
[DEBUG] armors=1, targets=1
[DEBUG] armors=1, targets=1
[DEBUG] armors=1, targets=1
[DEBUG] armors=1, targets=1
[DEBUG] armors=1, targets=1
[DEBUG] armors=1, targets=1
[2026-09-05 12:54:04.034] [info] [DRYRUN] measured_gimbal=(2.807,-0.073,0.093) measured_world=(2.803,0.165,-0.115) tracked_world=(2.783,0.164,-0.114) target_gimbal_deg=(-1.49,1.89) target_world_deg=(3.38,-2.35) gimbal_deg=(4.87,4.24) armor_y_px=508.6 pixel_error_deg=(2.22,-0.77) ballistic=(range=2.808m holdover=0.537m comp=10.61deg residual=-11.38deg) q_wxyz=(0.998414,0.001571,0.036941,-0.042454) cmd_deg=(3.35,-14.49) packed_pitch_deg=-14.49 control=true shoot=false
[DEBUG] armors=1, targets=1
[DEBUG] armors=1, targets=1
[DEBUG] armors=1, targets=1
[DEBUG] armors=1, targets=1
[DEBUG] armors=1, targets=1
[DEBUG] armors=1, targets=1
[DEBUG] armors=1, targets=1
[DEBUG] armors=1, targets=1
[DEBUG] armors=1, targets=1
[2026-09-05 12:54:04.179] [info] [SYNC][XUC] mode=0 yaw=-4.87 deg pitch=4.24 deg feeder_rpm=0.00 wheel0_rpm=0 wheel1_rpm=0 wheel_delta=0 projectile_speed=12.80
[DEBUG] armors=1, targets=1
[2026-09-05 12:54:04.194] [info] [PERF] 总耗时=15.9ms (检测=13.1ms, 跟踪=0.5ms), FPS=62.8
[2026-09-05 12:54:04.195] [info] 📊 [CAMERA FPS] 瞬时帧率=62.7fps, 平均帧率=64.8fps, 总帧数=1450, 运行时间=22.4s
[DEBUG] armors=1, targets=1
[DEBUG] armors=1, targets=1
[DEBUG] armors=1, targets=1
[DEBUG] armors=0, targets=1
[DEBUG] armors=1, targets=1
[DEBUG] armors=1, targets=1
[DEBUG] armors=1, targets=1
[DEBUG] armors=1, targets=1
[DEBUG] armors=1, targets=1
[DEBUG] armors=1, targets=1
[2026-09-05 12:54:04.347] [info] [DRYRUN] measured_gimbal=(2.785,-0.073,0.092) measured_world=(2.781,0.164,-0.114) tracked_world=(2.780,0.163,-0.114) target_gimbal_deg=(-1.50,1.89) target_world_deg=(3.37,-2.34) gimbal_deg=(4.87,4.24) armor_y_px=508.8 pixel_error_deg=(2.22,-0.77) ballistic=(range=2.786m holdover=0.532m comp=10.58deg residual=-11.35deg) q_wxyz=(0.998414,0.001571,0.036941,-0.042454) cmd_deg=(3.37,-14.51) packed_pitch_deg=-14.51 control=true shoot=false
[DEBUG] armors=1, targets=1
[DEBUG] armors=1, targets=1
[DEBUG] armors=1, targets=1
[DEBUG] armors=1, targets=1
[DEBUG] armors=0, targets=1
[DEBUG] armors=1, targets=1
[DEBUG] armors=1, targets=1
[DEBUG] armors=1, targets=1
[DEBUG] armors=1, targets=1
[DEBUG] armors=0, targets=1
[DEBUG] armors=0, targets=1
[DEBUG] armors=1, targets=1
[DEBUG] armors=1, targets=1
[DEBUG] armors=1, targets=1
[DEBUG] armors=1, targets=1
[DEBUG] armors=1, targets=1
[DEBUG] armors=1, targets=1
[DEBUG] armors=1, targets=1
[DEBUG] armors=1, targets=1
[DEBUG] armors=1, targets=1
[2026-09-05 12:54:04.656] [info] [DRYRUN] measured_gimbal=(2.722,-0.072,0.091) measured_world=(2.717,0.160,-0.110) tracked_world=(2.780,0.164,-0.114) target_gimbal_deg=(-1.51,1.92) target_world_deg=(3.36,-2.31) gimbal_deg=(4.87,4.24) armor_y_px=508.7 pixel_error_deg=(2.21,-0.77) ballistic=(range=2.723m holdover=0.515m comp=10.49deg residual=-11.26deg) q_wxyz=(0.998414,0.001571,0.036941,-0.042454) cmd_deg=(3.38,-14.46) packed_pitch_deg=-14.46 control=true shoot=false
[DEBUG] armors=1, targets=1
[DEBUG] armors=1, targets=1
[DEBUG] armors=1, targets=1
[DEBUG] armors=0, targets=1
[DEBUG] armors=1, targets=1
[DEBUG] armors=1, targets=1
[DEBUG] armors=0, targets=1
[DEBUG] armors=1, targets=1
[DEBUG] armors=1, targets=1
[DEBUG] armors=1, targets=1
[DEBUG] armors=1, targets=1
[DEBUG] armors=1, targets=1
[DEBUG] armors=1, targets=1
[DEBUG] armors=1, targets=1
[DEBUG] armors=0, targets=1
[DEBUG] armors=1, targets=1
[DEBUG] armors=1, targets=1
[DEBUG] armors=1, targets=1
[DEBUG] armors=1, targets=1
[2026-09-05 12:54:04.956] [info] [SYNC][XUC] mode=0 yaw=-4.87 deg pitch=4.24 deg feeder_rpm=0.00 wheel0_rpm=0 wheel1_rpm=0 wheel_delta=0 projectile_speed=12.80
[DEBUG] armors=1, targets=1
[2026-09-05 12:54:04.970] [info] [DRYRUN] measured_gimbal=(2.790,-0.073,0.092) measured_world=(2.786,0.164,-0.114) tracked_world=(2.776,0.163,-0.114) target_gimbal_deg=(-1.50,1.90) target_world_deg=(3.37,-2.34) gimbal_deg=(4.87,4.24) armor_y_px=508.6 pixel_error_deg=(2.22,-0.77) ballistic=(range=2.791m holdover=0.533m comp=10.59deg residual=-11.36deg) q_wxyz=(0.998414,0.001571,0.036941,-0.042454) cmd_deg=(3.37,-14.51) packed_pitch_deg=-14.51 control=true shoot=false
[2026-09-05 12:54:04.973] [info] [PERF] 总耗时=16.3ms (检测=13.4ms, 跟踪=0.4ms), FPS=61.4
[2026-09-05 12:54:04.973] [info] 📊 [CAMERA FPS] 瞬时帧率=61.3fps, 平均帧率=64.8fps, 总帧数=1500, 运行时间=23.2s
[DEBUG] armors=1, targets=1
[DEBUG] armors=1, targets=1
[DEBUG] armors=1, targets=1
[DEBUG] armors=1, targets=1
[DEBUG] armors=1, targets=1
[DEBUG] armors=1, targets=1
[DEBUG] armors=1, targets=1
[DEBUG] armors=1, targets=1
[DEBUG] armors=1, targets=1
[DEBUG] armors=1, targets=1
[DEBUG] armors=1, targets=1
[DEBUG] armors=1, targets=1
[DEBUG] armors=1, targets=1
[DEBUG] armors=1, targets=1
[DEBUG] armors=1, targets=1
[DEBUG] armors=1, targets=1
[DEBUG] armors=1, targets=1
[DEBUG] armors=1, targets=1
[DEBUG] armors=1, targets=1
[DEBUG] armors=1, targets=1
[2026-09-05 12:54:05.279] [info] [DRYRUN] measured_gimbal=(2.711,-0.074,0.091) measured_world=(2.707,0.156,-0.110) tracked_world=(2.780,0.163,-0.114) target_gimbal_deg=(-1.57,1.92) target_world_deg=(3.30,-2.32) gimbal_deg=(4.87,4.24) armor_y_px=509.2 pixel_error_deg=(2.24,-0.75) ballistic=(range=2.712m holdover=0.513m comp=10.48deg residual=-11.23deg) q_wxyz=(0.998414,0.001571,0.036941,-0.042454) cmd_deg=(3.41,-14.42) packed_pitch_deg=-14.42 control=true shoot=false
[DEBUG] armors=1, targets=1
[DEBUG] armors=1, targets=1
[DEBUG] armors=1, targets=1
[DEBUG] armors=1, targets=1
[DEBUG] armors=1, targets=1
[DEBUG] armors=1, targets=1
[DEBUG] armors=1, targets=1
[DEBUG] armors=1, targets=1
[DEBUG] armors=1, targets=1
[DEBUG] armors=1, targets=1
[DEBUG] armors=1, targets=1
[DEBUG] armors=1, targets=1
[DEBUG] armors=1, targets=1
[DEBUG] armors=1, targets=1
[DEBUG] armors=1, targets=1
[DEBUG] armors=1, targets=1
[DEBUG] armors=1, targets=1
[DEBUG] armors=1, targets=1
[DEBUG] armors=1, targets=1
[DEBUG] armors=1, targets=1
[2026-09-05 12:54:05.594] [info] [DRYRUN] measured_gimbal=(2.762,-0.073,0.092) measured_world=(2.757,0.162,-0.112) tracked_world=(2.792,0.165,-0.115) target_gimbal_deg=(-1.51,1.90) target_world_deg=(3.36,-2.33) gimbal_deg=(4.87,4.24) armor_y_px=508.7 pixel_error_deg=(2.22,-0.77) ballistic=(range=2.763m holdover=0.526m comp=10.55deg residual=-11.31deg) q_wxyz=(0.998414,0.001571,0.036941,-0.042454) cmd_deg=(3.38,-14.49) packed_pitch_deg=-14.49 control=true shoot=false
[DEBUG] armors=1, targets=1
[DEBUG] armors=1, targets=1
[DEBUG] armors=1, targets=1
[DEBUG] armors=1, targets=1
[DEBUG] armors=1, targets=1
[DEBUG] armors=1, targets=1
[DEBUG] armors=1, targets=1
[DEBUG] armors=1, targets=1
[DEBUG] armors=1, targets=1
[2026-09-05 12:54:05.736] [info] [SYNC][XUC] mode=0 yaw=-4.87 deg pitch=4.24 deg feeder_rpm=0.00 wheel0_rpm=0 wheel1_rpm=0 wheel_delta=0 projectile_speed=12.80
[DEBUG] armors=1, targets=1
[2026-09-05 12:54:05.752] [info] [PERF] 总耗时=15.8ms (检测=13.0ms, 跟踪=0.4ms), FPS=63.4
[2026-09-05 12:54:05.752] [info] 📊 [CAMERA FPS] 瞬时帧率=63.2fps, 平均帧率=64.7fps, 总帧数=1550, 运行时间=23.9s
[DEBUG] armors=1, targets=1
[DEBUG] armors=1, targets=1
[DEBUG] armors=1, targets=1
[DEBUG] armors=1, targets=1
[DEBUG] armors=1, targets=1
[DEBUG] armors=1, targets=1
[DEBUG] armors=1, targets=1
[DEBUG] armors=1, targets=1
[DEBUG] armors=1, targets=1
[DEBUG] armors=1, targets=1
[2026-09-05 12:54:05.905] [info] [DRYRUN] measured_gimbal=(2.773,-0.072,0.092) measured_world=(2.769,0.163,-0.113) tracked_world=(2.787,0.164,-0.114) target_gimbal_deg=(-1.49,1.90) target_world_deg=(3.37,-2.34) gimbal_deg=(4.87,4.24) armor_y_px=508.9 pixel_error_deg=(2.21,-0.76) ballistic=(range=2.774m holdover=0.529m comp=10.56deg residual=-11.33deg) q_wxyz=(0.998414,0.001571,0.036941,-0.042454) cmd_deg=(3.36,-14.45) packed_pitch_deg=-14.45 control=true shoot=false
[DEBUG] armors=1, targets=1
[DEBUG] armors=1, targets=1
[DEBUG] armors=1, targets=1
[DEBUG] armors=1, targets=1
[DEBUG] armors=1, targets=1
[DEBUG] armors=1, targets=1
[DEBUG] armors=1, targets=1
[DEBUG] armors=1, targets=1
[DEBUG] armors=1, targets=1
[DEBUG] armors=1, targets=1
[DEBUG] armors=1, targets=1
[DEBUG] armors=1, targets=1
[DEBUG] armors=1, targets=1
[DEBUG] armors=1, targets=1
[DEBUG] armors=1, targets=1
[DEBUG] armors=1, targets=1
[DEBUG] armors=1, targets=1
[DEBUG] armors=1, targets=1
[DEBUG] armors=1, targets=1
[DEBUG] armors=1, targets=1
[2026-09-05 12:54:06.221] [info] [DRYRUN] measured_gimbal=(2.822,-0.073,0.093) measured_world=(2.817,0.166,-0.116) tracked_world=(2.783,0.163,-0.114) target_gimbal_deg=(-1.49,1.88) target_world_deg=(3.38,-2.36) gimbal_deg=(4.87,4.24) armor_y_px=508.6 pixel_error_deg=(2.22,-0.77) ballistic=(range=2.823m holdover=0.541m comp=10.63deg residual=-11.40deg) q_wxyz=(0.998414,0.001571,0.036941,-0.042454) cmd_deg=(3.34,-14.49) packed_pitch_deg=-14.49 control=true shoot=false
[DEBUG] armors=1, targets=1
[DEBUG] armors=1, targets=1
[DEBUG] armors=1, targets=1
[DEBUG] armors=1, targets=1
[DEBUG] armors=1, targets=1
[DEBUG] armors=1, targets=1
[DEBUG] armors=1, targets=1
[DEBUG] armors=1, targets=1
[DEBUG] armors=1, targets=1
[DEBUG] armors=1, targets=1
[DEBUG] armors=1, targets=1
[DEBUG] armors=1, targets=1
[DEBUG] armors=1, targets=1
[DEBUG] armors=1, targets=1
[DEBUG] armors=1, targets=1
[DEBUG] armors=1, targets=1
[DEBUG] armors=1, targets=1
[DEBUG] armors=1, targets=1
[DEBUG] armors=1, targets=1
[2026-09-05 12:54:06.518] [info] [SYNC][XUC] mode=0 yaw=-4.87 deg pitch=4.24 deg feeder_rpm=0.00 wheel0_rpm=0 wheel1_rpm=0 wheel_delta=0 projectile_speed=12.80
[DEBUG] armors=1, targets=1
[2026-09-05 12:54:06.531] [info] [DRYRUN] measured_gimbal=(2.807,-0.073,0.092) measured_world=(2.802,0.165,-0.115) tracked_world=(2.786,0.164,-0.114) target_gimbal_deg=(-1.49,1.88) target_world_deg=(3.38,-2.35) gimbal_deg=(4.87,4.24) armor_y_px=508.7 pixel_error_deg=(2.21,-0.77) ballistic=(range=2.808m holdover=0.537m comp=10.61deg residual=-11.38deg) q_wxyz=(0.998414,0.001571,0.036941,-0.042454) cmd_deg=(3.37,-14.54) packed_pitch_deg=-14.54 control=true shoot=false
[2026-09-05 12:54:06.533] [info] [PERF] 总耗时=15.3ms (检测=12.3ms, 跟踪=0.5ms), FPS=65.4
[2026-09-05 12:54:06.533] [info] 📊 [CAMERA FPS] 瞬时帧率=65.3fps, 平均帧率=64.7fps, 总帧数=1600, 运行时间=24.7s
[DEBUG] armors=1, targets=1
[DEBUG] armors=1, targets=1
[DEBUG] armors=0, targets=1
[DEBUG] armors=1, targets=1
[DEBUG] armors=1, targets=1
[DEBUG] armors=1, targets=1
[DEBUG] armors=1, targets=1
[DEBUG] armors=0, targets=1
[DEBUG] armors=1, targets=1
[DEBUG] armors=1, targets=1
[DEBUG] armors=1, targets=1
[DEBUG] armors=1, targets=1
[DEBUG] armors=1, targets=1
[DEBUG] armors=1, targets=1
[DEBUG] armors=1, targets=1
[DEBUG] armors=1, targets=1
[DEBUG] armors=1, targets=1
[DEBUG] armors=1, targets=1
[DEBUG] armors=1, targets=1
[DEBUG] armors=1, targets=1
[2026-09-05 12:54:06.839] [info] [DRYRUN] measured_gimbal=(2.775,-0.073,0.092) measured_world=(2.771,0.163,-0.113) tracked_world=(2.786,0.164,-0.114) target_gimbal_deg=(-1.50,1.90) target_world_deg=(3.37,-2.34) gimbal_deg=(4.87,4.24) armor_y_px=508.7 pixel_error_deg=(2.22,-0.77) ballistic=(range=2.776m holdover=0.529m comp=10.57deg residual=-11.33deg) q_wxyz=(0.998414,0.001571,0.036941,-0.042454) cmd_deg=(3.38,-14.50) packed_pitch_deg=-14.50 control=true shoot=false
[DEBUG] armors=1, targets=1
[DEBUG] armors=1, targets=1
[DEBUG] armors=1, targets=1
[DEBUG] armors=1, targets=1
[DEBUG] armors=1, targets=1
[DEBUG] armors=1, targets=1
[DEBUG] armors=1, targets=1
[DEBUG] armors=1, targets=1
[DEBUG] armors=1, targets=1
[DEBUG] armors=1, targets=1
[DEBUG] armors=1, targets=1
[DEBUG] armors=1, targets=1
[DEBUG] armors=1, targets=1
[DEBUG] armors=1, targets=1
[DEBUG] armors=1, targets=1
[DEBUG] armors=1, targets=1
[DEBUG] armors=1, targets=1
[DEBUG] armors=1, targets=1
[DEBUG] armors=1, targets=1
[DEBUG] armors=1, targets=1
[2026-09-05 12:54:07.153] [info] [DRYRUN] measured_gimbal=(2.799,-0.073,0.092) measured_world=(2.794,0.165,-0.115) tracked_world=(2.779,0.163,-0.114) target_gimbal_deg=(-1.50,1.89) target_world_deg=(3.37,-2.35) gimbal_deg=(4.87,4.24) armor_y_px=508.6 pixel_error_deg=(2.22,-0.77) ballistic=(range=2.800m holdover=0.535m comp=10.60deg residual=-11.37deg) q_wxyz=(0.998414,0.001571,0.036941,-0.042454) cmd_deg=(3.35,-14.44) packed_pitch_deg=-14.44 control=true shoot=false
[DEBUG] armors=1, targets=1
[DEBUG] armors=1, targets=1
[DEBUG] armors=1, targets=1
[DEBUG] armors=1, targets=1
[DEBUG] armors=0, targets=1
[DEBUG] armors=1, targets=1
[DEBUG] armors=1, targets=1
[DEBUG] armors=1, targets=1
[DEBUG] armors=1, targets=1
[2026-09-05 12:54:07.292] [info] [SYNC][XUC] mode=0 yaw=-4.87 deg pitch=4.24 deg feeder_rpm=0.00 wheel0_rpm=0 wheel1_rpm=0 wheel_delta=0 projectile_speed=12.80
[DEBUG] armors=1, targets=1
[2026-09-05 12:54:07.308] [info] [PERF] 总耗时=15.2ms (检测=12.5ms, 跟踪=0.5ms), FPS=65.8
[2026-09-05 12:54:07.308] [info] 📊 [CAMERA FPS] 瞬时帧率=65.7fps, 平均帧率=64.7fps, 总帧数=1650, 运行时间=25.5s
[DEBUG] armors=1, targets=1
[DEBUG] armors=1, targets=1
[DEBUG] armors=1, targets=1
[DEBUG] armors=1, targets=1
[DEBUG] armors=1, targets=1
[DEBUG] armors=1, targets=1
[DEBUG] armors=1, targets=1
[DEBUG] armors=1, targets=1
[DEBUG] armors=1, targets=1
[DEBUG] armors=1, targets=1
[2026-09-05 12:54:07.459] [info] [DRYRUN] measured_gimbal=(2.771,-0.073,0.092) measured_world=(2.766,0.163,-0.113) tracked_world=(2.780,0.164,-0.114) target_gimbal_deg=(-1.50,1.91) target_world_deg=(3.37,-2.33) gimbal_deg=(4.87,4.24) armor_y_px=508.5 pixel_error_deg=(2.22,-0.77) ballistic=(range=2.772m holdover=0.528m comp=10.56deg residual=-11.33deg) q_wxyz=(0.998414,0.001571,0.036941,-0.042454) cmd_deg=(3.37,-14.49) packed_pitch_deg=-14.49 control=true shoot=false
[DEBUG] armors=1, targets=1
[DEBUG] armors=1, targets=1
[DEBUG] armors=1, targets=1
[DEBUG] armors=1, targets=1
[DEBUG] armors=1, targets=1
[DEBUG] armors=1, targets=1
[DEBUG] armors=1, targets=1
[DEBUG] armors=1, targets=1
[DEBUG] armors=0, targets=1
[DEBUG] armors=1, targets=1
[DEBUG] armors=1, targets=1
[DEBUG] armors=1, targets=1
[DEBUG] armors=1, targets=1
[DEBUG] armors=1, targets=1
[DEBUG] armors=1, targets=1
[DEBUG] armors=1, targets=1
[DEBUG] armors=1, targets=1
[DEBUG] armors=1, targets=1
[DEBUG] armors=1, targets=1
[DEBUG] armors=1, targets=1
[2026-09-05 12:54:07.768] [info] [DRYRUN] measured_gimbal=(2.826,-0.074,0.093) measured_world=(2.821,0.167,-0.116) tracked_world=(2.782,0.164,-0.114) target_gimbal_deg=(-1.49,1.88) target_world_deg=(3.38,-2.36) gimbal_deg=(4.87,4.24) armor_y_px=508.5 pixel_error_deg=(2.21,-0.77) ballistic=(range=2.827m holdover=0.542m comp=10.64deg residual=-11.41deg) q_wxyz=(0.998414,0.001571,0.036941,-0.042454) cmd_deg=(3.36,-14.51) packed_pitch_deg=-14.51 control=true shoot=false
[DEBUG] armors=1, targets=1
[DEBUG] armors=1, targets=1
[DEBUG] armors=1, targets=1
[DEBUG] armors=1, targets=1
[DEBUG] armors=1, targets=1
[DEBUG] armors=1, targets=1
[DEBUG] armors=1, targets=1
[DEBUG] armors=1, targets=1
[DEBUG] armors=1, targets=1
[DEBUG] armors=1, targets=1
[DEBUG] armors=1, targets=1
[DEBUG] armors=1, targets=1
[DEBUG] armors=1, targets=1
[DEBUG] armors=1, targets=1
[DEBUG] armors=1, targets=1
[DEBUG] armors=1, targets=1
[DEBUG] armors=1, targets=1
[DEBUG] armors=1, targets=1
[DEBUG] armors=1, targets=1
[2026-09-05 12:54:08.069] [info] [SYNC][XUC] mode=0 yaw=-4.87 deg pitch=4.24 deg feeder_rpm=0.00 wheel0_rpm=0 wheel1_rpm=0 wheel_delta=0 projectile_speed=12.80
[DEBUG] armors=1, targets=1
[2026-09-05 12:54:08.082] [info] [DRYRUN] measured_gimbal=(2.811,-0.073,0.093) measured_world=(2.807,0.166,-0.116) tracked_world=(2.780,0.164,-0.114) target_gimbal_deg=(-1.49,1.88) target_world_deg=(3.38,-2.35) gimbal_deg=(4.87,4.24) armor_y_px=508.7 pixel_error_deg=(2.21,-0.77) ballistic=(range=2.812m holdover=0.538m comp=10.62deg residual=-11.39deg) q_wxyz=(0.998414,0.001571,0.036941,-0.042454) cmd_deg=(3.36,-14.50) packed_pitch_deg=-14.50 control=true shoot=false
[2026-09-05 12:54:08.084] [info] [PERF] 总耗时=15.2ms (检测=12.4ms, 跟踪=0.5ms), FPS=65.6
[2026-09-05 12:54:08.084] [info] 📊 [CAMERA FPS] 瞬时帧率=65.5fps, 平均帧率=64.7fps, 总帧数=1700, 运行时间=26.3s
[DEBUG] armors=1, targets=1
[DEBUG] armors=1, targets=1
[DEBUG] armors=1, targets=1
[DEBUG] armors=1, targets=1
[DEBUG] armors=1, targets=1
[DEBUG] armors=1, targets=1
[DEBUG] armors=1, targets=1
[DEBUG] armors=1, targets=1
[DEBUG] armors=1, targets=1
[DEBUG] armors=1, targets=1
[DEBUG] armors=1, targets=1
[DEBUG] armors=1, targets=1
[DEBUG] armors=1, targets=1
[DEBUG] armors=1, targets=1
[DEBUG] armors=1, targets=1
[DEBUG] armors=1, targets=1
[DEBUG] armors=1, targets=1
[DEBUG] armors=0, targets=1
[DEBUG] armors=1, targets=1
[DEBUG] armors=1, targets=1
[2026-09-05 12:54:08.397] [info] [DRYRUN] measured_gimbal=(2.828,-0.073,0.093) measured_world=(2.823,0.167,-0.117) tracked_world=(2.782,0.164,-0.114) target_gimbal_deg=(-1.49,1.88) target_world_deg=(3.38,-2.36) gimbal_deg=(4.87,4.24) armor_y_px=508.7 pixel_error_deg=(2.21,-0.77) ballistic=(range=2.829m holdover=0.543m comp=10.64deg residual=-11.41deg) q_wxyz=(0.998414,0.001571,0.036941,-0.042454) cmd_deg=(3.37,-14.55) packed_pitch_deg=-14.55 control=true shoot=false
[DEBUG] armors=1, targets=1
[DEBUG] armors=1, targets=1
[DEBUG] armors=1, targets=1
[DEBUG] armors=1, targets=1
[DEBUG] armors=1, targets=1
[DEBUG] armors=1, targets=1
[DEBUG] armors=1, targets=1
[DEBUG] armors=1, targets=1
[DEBUG] armors=1, targets=1
[DEBUG] armors=1, targets=1
[DEBUG] armors=1, targets=1
[DEBUG] armors=1, targets=1
[DEBUG] armors=1, targets=1
[DEBUG] armors=1, targets=1
[DEBUG] armors=1, targets=1
[DEBUG] armors=1, targets=1
[DEBUG] armors=1, targets=1
[DEBUG] armors=1, targets=1
[DEBUG] armors=1, targets=1
[DEBUG] armors=1, targets=1
[2026-09-05 12:54:08.704] [info] [DRYRUN] measured_gimbal=(2.840,-0.074,0.093) measured_world=(2.835,0.168,-0.117) tracked_world=(2.793,0.165,-0.115) target_gimbal_deg=(-1.49,1.87) target_world_deg=(3.38,-2.36) gimbal_deg=(4.87,4.24) armor_y_px=508.6 pixel_error_deg=(2.22,-0.77) ballistic=(range=2.841m holdover=0.546m comp=10.66deg residual=-11.43deg) q_wxyz=(0.998414,0.001571,0.036941,-0.042454) cmd_deg=(3.38,-14.58) packed_pitch_deg=-14.58 control=true shoot=false
[DEBUG] armors=1, targets=1
[DEBUG] armors=1, targets=1
[DEBUG] armors=1, targets=1
[DEBUG] armors=1, targets=1
[DEBUG] armors=1, targets=1
[DEBUG] armors=1, targets=1
[DEBUG] armors=1, targets=1
[DEBUG] armors=1, targets=1
[DEBUG] armors=1, targets=1
[2026-09-05 12:54:08.847] [info] [SYNC][XUC] mode=0 yaw=-4.87 deg pitch=4.24 deg feeder_rpm=0.00 wheel0_rpm=0 wheel1_rpm=0 wheel_delta=0 projectile_speed=12.80
[DEBUG] armors=1, targets=1
[2026-09-05 12:54:08.863] [info] [PERF] 总耗时=16.3ms (检测=13.6ms, 跟踪=0.4ms), FPS=61.2
[2026-09-05 12:54:08.863] [info] 📊 [CAMERA FPS] 瞬时帧率=61.1fps, 平均帧率=64.7fps, 总帧数=1750, 运行时间=27.1s
[DEBUG] armors=1, targets=1
[DEBUG] armors=1, targets=1
[DEBUG] armors=1, targets=1
[DEBUG] armors=1, targets=1
[DEBUG] armors=1, targets=1
[DEBUG] armors=1, targets=1
[DEBUG] armors=1, targets=1
[DEBUG] armors=1, targets=1
[DEBUG] armors=1, targets=1
[DEBUG] armors=1, targets=1
[2026-09-05 12:54:09.016] [info] [DRYRUN] measured_gimbal=(2.745,-0.074,0.091) measured_world=(2.740,0.159,-0.112) tracked_world=(2.791,0.164,-0.115) target_gimbal_deg=(-1.55,1.90) target_world_deg=(3.32,-2.34) gimbal_deg=(4.87,4.24) armor_y_px=509.2 pixel_error_deg=(2.23,-0.76) ballistic=(range=2.746m holdover=0.521m comp=10.52deg residual=-11.28deg) q_wxyz=(0.998414,0.001571,0.036941,-0.042454) cmd_deg=(3.38,-14.42) packed_pitch_deg=-14.42 control=true shoot=false
[DEBUG] armors=1, targets=1
[DEBUG] armors=1, targets=1
[DEBUG] armors=1, targets=1
[DEBUG] armors=1, targets=1
[DEBUG] armors=1, targets=1
[DEBUG] armors=1, targets=1
[DEBUG] armors=1, targets=1
[DEBUG] armors=1, targets=1
[DEBUG] armors=1, targets=1
[DEBUG] armors=1, targets=1
[DEBUG] armors=1, targets=1
[DEBUG] armors=1, targets=1
[DEBUG] armors=1, targets=1
[DEBUG] armors=1, targets=1
[DEBUG] armors=1, targets=1
[DEBUG] armors=1, targets=1
[DEBUG] armors=1, targets=1
[DEBUG] armors=1, targets=1
[DEBUG] armors=1, targets=1
[DEBUG] armors=1, targets=1
[2026-09-05 12:54:09.326] [info] [DRYRUN] measured_gimbal=(2.774,-0.073,0.092) measured_world=(2.770,0.163,-0.113) tracked_world=(3.719,-0.271,-0.129) target_gimbal_deg=(-1.50,1.90) target_world_deg=(3.37,-2.33) gimbal_deg=(4.87,4.24) armor_y_px=508.5 pixel_error_deg=(2.22,-0.77) ballistic=(range=2.775m holdover=0.529m comp=10.57deg residual=-11.34deg) q_wxyz=(0.998414,0.001571,0.036941,-0.042454) cmd_deg=(-2.63,-14.49) packed_pitch_deg=-14.49 control=true shoot=false
[DEBUG] armors=1, targets=1
[DEBUG] armors=1, targets=1
[DEBUG] armors=1, targets=1
[DEBUG] armors=0, targets=1
[DEBUG] armors=1, targets=1
[DEBUG] armors=1, targets=1
[DEBUG] armors=1, targets=1
[DEBUG] armors=1, targets=1
[DEBUG] armors=1, targets=1
[DEBUG] armors=1, targets=1
[DEBUG] armors=1, targets=1
[DEBUG] armors=1, targets=1
[DEBUG] armors=1, targets=1
[DEBUG] armors=1, targets=1
[DEBUG] armors=1, targets=1
[DEBUG] armors=1, targets=1
[DEBUG] armors=1, targets=1
[DEBUG] armors=1, targets=1
[DEBUG] armors=1, targets=1
[2026-09-05 12:54:09.625] [info] [SYNC][XUC] mode=0 yaw=-4.87 deg pitch=4.24 deg feeder_rpm=0.00 wheel0_rpm=0 wheel1_rpm=0 wheel_delta=0 projectile_speed=12.80
[DEBUG] armors=1, targets=1
[2026-09-05 12:54:09.640] [info] [DRYRUN] measured_gimbal=(2.747,-0.072,0.091) measured_world=(2.743,0.161,-0.112) tracked_world=(3.339,0.164,-0.135) target_gimbal_deg=(-1.51,1.90) target_world_deg=(3.36,-2.34) gimbal_deg=(4.87,4.24) armor_y_px=509.2 pixel_error_deg=(2.22,-0.76) ballistic=(range=2.748m holdover=0.522m comp=10.53deg residual=-11.28deg) q_wxyz=(0.998414,0.001571,0.036941,-0.042454) cmd_deg=(5.47,-14.46) packed_pitch_deg=-14.46 control=true shoot=false
[2026-09-05 12:54:09.642] [info] [PERF] 总耗时=16.9ms (检测=14.1ms, 跟踪=0.5ms), FPS=59.2
[2026-09-05 12:54:09.642] [info] 📊 [CAMERA FPS] 瞬时帧率=59.1fps, 平均帧率=64.7fps, 总帧数=1800, 运行时间=27.8s
[DEBUG] armors=1, targets=1
[DEBUG] armors=1, targets=1
[DEBUG] armors=1, targets=1
[DEBUG] armors=1, targets=1
[DEBUG] armors=0, targets=1
[DEBUG] armors=1, targets=1
[DEBUG] armors=1, targets=1
[DEBUG] armors=1, targets=1
[DEBUG] armors=1, targets=1
[DEBUG] armors=1, targets=1
[DEBUG] armors=1, targets=1
[DEBUG] armors=1, targets=1
[DEBUG] armors=1, targets=1
[DEBUG] armors=1, targets=1
[DEBUG] armors=1, targets=1
[DEBUG] armors=1, targets=1
[DEBUG] armors=1, targets=1
[DEBUG] armors=1, targets=1
[DEBUG] armors=1, targets=1
[DEBUG] armors=1, targets=1
[2026-09-05 12:54:09.953] [info] [DRYRUN] measured_gimbal=(2.759,-0.073,0.092) measured_world=(2.754,0.162,-0.113) tracked_world=(3.098,0.234,-0.129) target_gimbal_deg=(-1.51,1.90) target_world_deg=(3.36,-2.34) gimbal_deg=(4.87,4.24) armor_y_px=509.0 pixel_error_deg=(2.22,-0.76) ballistic=(range=2.760m holdover=0.525m comp=10.54deg residual=-11.30deg) q_wxyz=(0.998414,0.001571,0.036941,-0.042454) cmd_deg=(6.01,-14.40) packed_pitch_deg=-14.40 control=true shoot=false
[DEBUG] armors=1, targets=1
[DEBUG] armors=1, targets=1
[DEBUG] armors=1, targets=1
[DEBUG] armors=1, targets=1
[DEBUG] armors=1, targets=1
[DEBUG] armors=1, targets=1
[DEBUG] armors=1, targets=1
[DEBUG] armors=1, targets=1
[DEBUG] armors=1, targets=1
[DEBUG] armors=1, targets=1
[DEBUG] armors=1, targets=1
[DEBUG] armors=1, targets=1
[DEBUG] armors=1, targets=1
[DEBUG] armors=1, targets=1
[DEBUG] armors=1, targets=1
[DEBUG] armors=1, targets=1
[DEBUG] armors=1, targets=1
[DEBUG] armors=1, targets=1
[DEBUG] armors=0, targets=1
[DEBUG] armors=1, targets=1
[2026-09-05 12:54:10.262] [info] [DRYRUN] measured_gimbal=(2.843,-0.074,0.093) measured_world=(2.838,0.168,-0.118) tracked_world=(2.914,0.202,-0.121) target_gimbal_deg=(-1.48,1.87) target_world_deg=(3.39,-2.37) gimbal_deg=(4.87,4.24) armor_y_px=508.9 pixel_error_deg=(2.21,-0.76) ballistic=(range=2.844m holdover=0.547m comp=10.66deg residual=-11.43deg) q_wxyz=(0.998414,0.001571,0.036941,-0.042454) cmd_deg=(4.42,-14.58) packed_pitch_deg=-14.58 control=true shoot=false
[DEBUG] armors=1, targets=1
[DEBUG] armors=1, targets=1
[DEBUG] armors=1, targets=1
[DEBUG] armors=1, targets=1
[DEBUG] armors=1, targets=1
[DEBUG] armors=1, targets=1
[DEBUG] armors=1, targets=1
[DEBUG] armors=1, targets=1
[DEBUG] armors=1, targets=1
[2026-09-05 12:54:10.404] [info] [SYNC][XUC] mode=0 yaw=-4.87 deg pitch=4.24 deg feeder_rpm=0.00 wheel0_rpm=0 wheel1_rpm=0 wheel_delta=0 projectile_speed=12.80
[DEBUG] armors=1, targets=1
[2026-09-05 12:54:10.419] [info] [PERF] 总耗时=15.8ms (检测=12.8ms, 跟踪=0.5ms), FPS=63.1
[2026-09-05 12:54:10.419] [info] 📊 [CAMERA FPS] 瞬时帧率=63.0fps, 平均帧率=64.7fps, 总帧数=1850, 运行时间=28.6s
[DEBUG] armors=1, targets=1
[DEBUG] armors=1, targets=1
[DEBUG] armors=1, targets=1
[DEBUG] armors=1, targets=1
[DEBUG] armors=1, targets=1
[DEBUG] armors=1, targets=1
[DEBUG] armors=1, targets=1
[DEBUG] armors=1, targets=1
[DEBUG] armors=1, targets=1
[DEBUG] armors=1, targets=1
[2026-09-05 12:54:10.573] [info] [DRYRUN] measured_gimbal=(2.751,-0.072,0.092) measured_world=(2.747,0.161,-0.112) tracked_world=(2.801,0.171,-0.115) target_gimbal_deg=(-1.51,1.91) target_world_deg=(3.36,-2.33) gimbal_deg=(4.87,4.24) armor_y_px=508.7 pixel_error_deg=(2.22,-0.77) ballistic=(range=2.752m holdover=0.523m comp=10.53deg residual=-11.30deg) q_wxyz=(0.998414,0.001571,0.036941,-0.042454) cmd_deg=(3.45,-14.49) packed_pitch_deg=-14.49 control=true shoot=false
[DEBUG] armors=1, targets=1
[DEBUG] armors=1, targets=1
[DEBUG] armors=1, targets=1
[DEBUG] armors=1, targets=1
[DEBUG] armors=1, targets=1
[DEBUG] armors=0, targets=1
[DEBUG] armors=1, targets=1
[DEBUG] armors=1, targets=1
[DEBUG] armors=1, targets=1
[DEBUG] armors=1, targets=1
[DEBUG] armors=1, targets=1
[DEBUG] armors=1, targets=1
[DEBUG] armors=1, targets=1
[DEBUG] armors=1, targets=1
[DEBUG] armors=1, targets=1
[DEBUG] armors=1, targets=1
[DEBUG] armors=1, targets=1
[DEBUG] armors=1, targets=1
[DEBUG] armors=1, targets=1
[DEBUG] armors=1, targets=1
[2026-09-05 12:54:10.881] [info] [DRYRUN] measured_gimbal=(2.783,-0.073,0.092) measured_world=(2.778,0.164,-0.114) tracked_world=(2.736,0.159,-0.112) target_gimbal_deg=(-1.50,1.90) target_world_deg=(3.37,-2.34) gimbal_deg=(4.87,4.24) armor_y_px=508.5 pixel_error_deg=(2.21,-0.77) ballistic=(range=2.784m holdover=0.531m comp=10.58deg residual=-11.35deg) q_wxyz=(0.998414,0.001571,0.036941,-0.042454) cmd_deg=(3.23,-14.44) packed_pitch_deg=-14.44 control=true shoot=false
[DEBUG] armors=1, targets=1
[DEBUG] armors=1, targets=1
[DEBUG] armors=0, targets=1
[DEBUG] armors=1, targets=1
[DEBUG] armors=1, targets=1
[DEBUG] armors=1, targets=1
[DEBUG] armors=1, targets=1
[DEBUG] armors=1, targets=1
[DEBUG] armors=1, targets=1
[DEBUG] armors=1, targets=1
[DEBUG] armors=1, targets=1
[DEBUG] armors=1, targets=1
[DEBUG] armors=1, targets=1
[DEBUG] armors=1, targets=1
[DEBUG] armors=1, targets=1
[DEBUG] armors=1, targets=1
[DEBUG] armors=1, targets=1
[DEBUG] armors=1, targets=1
[DEBUG] armors=1, targets=1
[2026-09-05 12:54:11.177] [info] [SYNC][XUC] mode=0 yaw=-4.87 deg pitch=4.24 deg feeder_rpm=0.00 wheel0_rpm=0 wheel1_rpm=0 wheel_delta=0 projectile_speed=12.80
[DEBUG] armors=1, targets=1
[2026-09-05 12:54:11.190] [info] [DRYRUN] measured_gimbal=(2.747,-0.072,0.092) measured_world=(2.742,0.161,-0.111) tracked_world=(2.715,0.158,-0.111) target_gimbal_deg=(-1.51,1.91) target_world_deg=(3.36,-2.32) gimbal_deg=(4.87,4.24) armor_y_px=508.7 pixel_error_deg=(2.22,-0.77) ballistic=(range=2.748m holdover=0.522m comp=10.53deg residual=-11.29deg) q_wxyz=(0.998414,0.001571,0.036941,-0.042454) cmd_deg=(3.30,-14.43) packed_pitch_deg=-14.43 control=true shoot=false
[2026-09-05 12:54:11.192] [info] [PERF] 总耗时=15.4ms (检测=12.5ms, 跟踪=0.5ms), FPS=65.1
[2026-09-05 12:54:11.192] [info] 📊 [CAMERA FPS] 瞬时帧率=65.0fps, 平均帧率=64.7fps, 总帧数=1900, 运行时间=29.4s
[DEBUG] armors=1, targets=1
[DEBUG] armors=1, targets=1
[DEBUG] armors=1, targets=1
[DEBUG] armors=1, targets=1
[DEBUG] armors=1, targets=1
[DEBUG] armors=1, targets=1
[DEBUG] armors=1, targets=1
[DEBUG] armors=1, targets=1
[DEBUG] armors=1, targets=1
[DEBUG] armors=1, targets=1
[DEBUG] armors=1, targets=1
[DEBUG] armors=1, targets=1
[DEBUG] armors=1, targets=1
[DEBUG] armors=1, targets=1
[DEBUG] armors=1, targets=1
[DEBUG] armors=1, targets=1
[DEBUG] armors=1, targets=1
[DEBUG] armors=1, targets=1
[DEBUG] armors=1, targets=1
[DEBUG] armors=1, targets=1
[2026-09-05 12:54:11.499] [info] [DRYRUN] measured_gimbal=(2.795,-0.073,0.092) measured_world=(2.790,0.165,-0.114) tracked_world=(2.719,0.160,-0.111) target_gimbal_deg=(-1.49,1.89) target_world_deg=(3.38,-2.35) gimbal_deg=(4.87,4.24) armor_y_px=508.7 pixel_error_deg=(2.21,-0.77) ballistic=(range=2.796m holdover=0.534m comp=10.59deg residual=-11.36deg) q_wxyz=(0.998414,0.001571,0.036941,-0.042454) cmd_deg=(3.35,-14.46) packed_pitch_deg=-14.46 control=true shoot=false
[DEBUG] armors=1, targets=1
[DEBUG] armors=1, targets=1
[DEBUG] armors=1, targets=1
[DEBUG] armors=1, targets=1
[DEBUG] armors=1, targets=1
[DEBUG] armors=1, targets=1
[DEBUG] armors=1, targets=1
[DEBUG] armors=1, targets=1
[DEBUG] armors=1, targets=1
[DEBUG] armors=1, targets=1
[DEBUG] armors=1, targets=1
[DEBUG] armors=0, targets=1
[DEBUG] armors=1, targets=1
[DEBUG] armors=1, targets=1
[DEBUG] armors=1, targets=1
[DEBUG] armors=1, targets=1
[DEBUG] armors=1, targets=1
[DEBUG] armors=1, targets=1
[DEBUG] armors=1, targets=1
[DEBUG] armors=1, targets=1
[2026-09-05 12:54:11.808] [info] [DRYRUN] measured_gimbal=(2.750,-0.072,0.092) measured_world=(2.746,0.161,-0.112) tracked_world=(2.729,0.160,-0.112) target_gimbal_deg=(-1.51,1.91) target_world_deg=(3.36,-2.33) gimbal_deg=(4.87,4.24) armor_y_px=508.9 pixel_error_deg=(2.22,-0.76) ballistic=(range=2.751m holdover=0.523m comp=10.53deg residual=-11.29deg) q_wxyz=(0.998414,0.001571,0.036941,-0.042454) cmd_deg=(3.37,-14.45) packed_pitch_deg=-14.45 control=true shoot=false
[DEBUG] armors=1, targets=1
[DEBUG] armors=1, targets=1
[DEBUG] armors=1, targets=1
[DEBUG] armors=1, targets=1
[DEBUG] armors=1, targets=1
[DEBUG] armors=1, targets=1
[DEBUG] armors=1, targets=1
[DEBUG] armors=1, targets=1
[DEBUG] armors=1, targets=1
[2026-09-05 12:54:11.951] [info] [SYNC][XUC] mode=0 yaw=-4.87 deg pitch=4.24 deg feeder_rpm=0.00 wheel0_rpm=0 wheel1_rpm=0 wheel_delta=0 projectile_speed=12.80
[DEBUG] armors=1, targets=1
[2026-09-05 12:54:11.967] [info] [PERF] 总耗时=16.0ms (检测=13.0ms, 跟踪=0.5ms), FPS=62.5
[2026-09-05 12:54:11.967] [info] 📊 [CAMERA FPS] 瞬时帧率=62.3fps, 平均帧率=64.7fps, 总帧数=1950, 运行时间=30.2s
[DEBUG] armors=1, targets=1
[DEBUG] armors=1, targets=1
[DEBUG] armors=1, targets=1
[DEBUG] armors=1, targets=1
[DEBUG] armors=1, targets=1
[DEBUG] armors=1, targets=1
[DEBUG] armors=1, targets=1
[DEBUG] armors=0, targets=1
[DEBUG] armors=1, targets=1
[DEBUG] armors=1, targets=1
[2026-09-05 12:54:12.124] [info] [DRYRUN] measured_gimbal=(2.767,-0.073,0.092) measured_world=(2.762,0.162,-0.113) tracked_world=(2.744,0.162,-0.112) target_gimbal_deg=(-1.51,1.91) target_world_deg=(3.36,-2.33) gimbal_deg=(4.87,4.24) armor_y_px=508.6 pixel_error_deg=(2.22,-0.77) ballistic=(range=2.768m holdover=0.527m comp=10.55deg residual=-11.32deg) q_wxyz=(0.998414,0.001571,0.036941,-0.042454) cmd_deg=(3.37,-14.46) packed_pitch_deg=-14.46 control=true shoot=false
[DEBUG] armors=1, targets=1
[DEBUG] armors=1, targets=1
[DEBUG] armors=1, targets=1
[DEBUG] armors=1, targets=1
[DEBUG] armors=1, targets=1
[DEBUG] armors=1, targets=1
[DEBUG] armors=1, targets=1
[DEBUG] armors=1, targets=1
[DEBUG] armors=1, targets=1
[DEBUG] armors=1, targets=1
[DEBUG] armors=1, targets=1
[DEBUG] armors=1, targets=1
[DEBUG] armors=1, targets=1
[DEBUG] armors=1, targets=1
[DEBUG] armors=0, targets=1
[DEBUG] armors=1, targets=1
[DEBUG] armors=1, targets=1
[DEBUG] armors=1, targets=1
[DEBUG] armors=1, targets=1
[DEBUG] armors=1, targets=1
[2026-09-05 12:54:12.441] [info] [DRYRUN] measured_gimbal=(2.780,-0.073,0.092) measured_world=(2.775,0.163,-0.113) tracked_world=(2.761,0.162,-0.113) target_gimbal_deg=(-1.50,1.90) target_world_deg=(3.37,-2.33) gimbal_deg=(4.87,4.24) armor_y_px=508.5 pixel_error_deg=(2.22,-0.77) ballistic=(range=2.781m holdover=0.530m comp=10.57deg residual=-11.35deg) q_wxyz=(0.998414,0.001571,0.036941,-0.042454) cmd_deg=(3.37,-14.50) packed_pitch_deg=-14.50 control=true shoot=false
[DEBUG] armors=1, targets=1
[DEBUG] armors=1, targets=1
[DEBUG] armors=1, targets=1
[DEBUG] armors=1, targets=1
[DEBUG] armors=1, targets=1
[DEBUG] armors=1, targets=1
[DEBUG] armors=1, targets=1
[DEBUG] armors=1, targets=1
[DEBUG] armors=1, targets=1
[DEBUG] armors=1, targets=1
[DEBUG] armors=1, targets=1
[DEBUG] armors=1, targets=1
[DEBUG] armors=1, targets=1
[DEBUG] armors=1, targets=1
[DEBUG] armors=1, targets=1
[DEBUG] armors=1, targets=1
[DEBUG] armors=1, targets=1
[DEBUG] armors=1, targets=1
[DEBUG] armors=1, targets=1
[2026-09-05 12:54:12.738] [info] [SYNC][XUC] mode=0 yaw=-4.87 deg pitch=4.24 deg feeder_rpm=-4.00 wheel0_rpm=0 wheel1_rpm=0 wheel_delta=0 projectile_speed=12.80
[DEBUG] armors=1, targets=1
[2026-09-05 12:54:12.751] [info] [DRYRUN] measured_gimbal=(2.828,-0.074,0.093) measured_world=(2.823,0.167,-0.117) tracked_world=(2.769,0.163,-0.113) target_gimbal_deg=(-1.49,1.88) target_world_deg=(3.38,-2.36) gimbal_deg=(4.87,4.24) armor_y_px=508.6 pixel_error_deg=(2.22,-0.77) ballistic=(range=2.829m holdover=0.543m comp=10.64deg residual=-11.41deg) q_wxyz=(0.998414,0.001571,0.036941,-0.042454) cmd_deg=(3.36,-14.51) packed_pitch_deg=-14.51 control=true shoot=false
[2026-09-05 12:54:12.753] [info] [PERF] 总耗时=15.1ms (检测=12.3ms, 跟踪=0.4ms), FPS=66.2
[2026-09-05 12:54:12.753] [info] 📊 [CAMERA FPS] 瞬时帧率=66.1fps, 平均帧率=64.6fps, 总帧数=2000, 运行时间=30.9s
[DEBUG] armors=1, targets=1
[DEBUG] armors=1, targets=1
[DEBUG] armors=1, targets=1
[DEBUG] armors=1, targets=1
[DEBUG] armors=1, targets=1
[DEBUG] armors=1, targets=1
[DEBUG] armors=1, targets=1
[DEBUG] armors=1, targets=1
[DEBUG] armors=0, targets=1
[DEBUG] armors=1, targets=1
[DEBUG] armors=1, targets=1
[DEBUG] armors=1, targets=1
[DEBUG] armors=1, targets=1
[DEBUG] armors=1, targets=1
[DEBUG] armors=1, targets=1
[DEBUG] armors=1, targets=1
[DEBUG] armors=1, targets=1
[DEBUG] armors=1, targets=1
[DEBUG] armors=1, targets=1
[DEBUG] armors=1, targets=1
[2026-09-05 12:54:13.057] [info] [DRYRUN] measured_gimbal=(2.777,-0.073,0.092) measured_world=(2.772,0.163,-0.113) tracked_world=(2.782,0.164,-0.114) target_gimbal_deg=(-1.50,1.90) target_world_deg=(3.37,-2.34) gimbal_deg=(4.87,4.24) armor_y_px=508.7 pixel_error_deg=(2.21,-0.77) ballistic=(range=2.778m holdover=0.530m comp=10.57deg residual=-11.34deg) q_wxyz=(0.998414,0.001571,0.036941,-0.042454) cmd_deg=(3.38,-14.51) packed_pitch_deg=-14.51 control=true shoot=false
[DEBUG] armors=1, targets=1
[DEBUG] armors=1, targets=1
[DEBUG] armors=1, targets=1
[DEBUG] armors=1, targets=1
[DEBUG] armors=1, targets=1
[DEBUG] armors=1, targets=1
[DEBUG] armors=1, targets=1
[DEBUG] armors=1, targets=1
[DEBUG] armors=1, targets=1
[DEBUG] armors=1, targets=1
[DEBUG] armors=1, targets=1
[DEBUG] armors=1, targets=1
[DEBUG] armors=1, targets=1
[DEBUG] armors=1, targets=1
[DEBUG] armors=1, targets=1
[DEBUG] armors=1, targets=1
[DEBUG] armors=1, targets=1
[DEBUG] armors=1, targets=1
[DEBUG] armors=1, targets=1
[DEBUG] armors=1, targets=1
[2026-09-05 12:54:13.367] [info] [DRYRUN] measured_gimbal=(2.713,-0.074,0.091) measured_world=(2.709,0.156,-0.110) tracked_world=(2.791,0.164,-0.115) target_gimbal_deg=(-1.57,1.91) target_world_deg=(3.30,-2.32) gimbal_deg=(4.87,4.24) armor_y_px=509.3 pixel_error_deg=(2.23,-0.75) ballistic=(range=2.714m holdover=0.513m comp=10.48deg residual=-11.23deg) q_wxyz=(0.998414,0.001571,0.036941,-0.042454) cmd_deg=(3.41,-14.45) packed_pitch_deg=-14.45 control=true shoot=false
[DEBUG] armors=1, targets=1
[DEBUG] armors=1, targets=1
[DEBUG] armors=1, targets=1
[DEBUG] armors=1, targets=1
[DEBUG] armors=1, targets=1
[DEBUG] armors=1, targets=1
[DEBUG] armors=1, targets=1
[DEBUG] armors=1, targets=1
[DEBUG] armors=1, targets=1
[2026-09-05 12:54:13.509] [info] [SYNC][XUC] mode=0 yaw=-4.87 deg pitch=4.24 deg feeder_rpm=0.00 wheel0_rpm=0 wheel1_rpm=0 wheel_delta=0 projectile_speed=12.80
[DEBUG] armors=1, targets=1
[2026-09-05 12:54:13.525] [info] [PERF] 总耗时=16.1ms (检测=12.9ms, 跟踪=0.5ms), FPS=62.1
[2026-09-05 12:54:13.526] [info] 📊 [CAMERA FPS] 瞬时帧率=62.0fps, 平均帧率=64.6fps, 总帧数=2050, 运行时间=31.7s
[DEBUG] armors=1, targets=1
[DEBUG] armors=1, targets=1
[DEBUG] armors=1, targets=1
[DEBUG] armors=1, targets=1
[DEBUG] armors=1, targets=1
[DEBUG] armors=1, targets=1
[DEBUG] armors=1, targets=1
[DEBUG] armors=1, targets=1
[DEBUG] armors=1, targets=1
[DEBUG] armors=1, targets=1
[2026-09-05 12:54:13.681] [info] [DRYRUN] measured_gimbal=(2.749,-0.072,0.091) measured_world=(2.745,0.161,-0.112) tracked_world=(2.790,0.164,-0.114) target_gimbal_deg=(-1.51,1.90) target_world_deg=(3.36,-2.34) gimbal_deg=(4.87,4.24) armor_y_px=509.1 pixel_error_deg=(2.22,-0.76) ballistic=(range=2.750m holdover=0.522m comp=10.53deg residual=-11.29deg) q_wxyz=(0.998414,0.001571,0.036941,-0.042454) cmd_deg=(3.37,-14.48) packed_pitch_deg=-14.48 control=true shoot=false
[DEBUG] armors=1, targets=1
[DEBUG] armors=1, targets=1
[DEBUG] armors=1, targets=1
[DEBUG] armors=1, targets=1
[DEBUG] armors=0, targets=1
[DEBUG] armors=1, targets=1
[DEBUG] armors=1, targets=1
[DEBUG] armors=1, targets=1
[DEBUG] armors=1, targets=1
[DEBUG] armors=1, targets=1
[DEBUG] armors=1, targets=1
[DEBUG] armors=1, targets=1
[DEBUG] armors=1, targets=1
[DEBUG] armors=1, targets=1
[DEBUG] armors=1, targets=1
[DEBUG] armors=1, targets=1
[DEBUG] armors=1, targets=1
[DEBUG] armors=1, targets=1
[DEBUG] armors=1, targets=1
[DEBUG] armors=1, targets=1
[2026-09-05 12:54:13.990] [info] [DRYRUN] measured_gimbal=(2.816,-0.073,0.092) measured_world=(2.812,0.166,-0.116) tracked_world=(2.796,0.165,-0.115) target_gimbal_deg=(-1.49,1.88) target_world_deg=(3.38,-2.36) gimbal_deg=(4.87,4.24) armor_y_px=508.9 pixel_error_deg=(2.21,-0.76) ballistic=(range=2.817m holdover=0.540m comp=10.63deg residual=-11.39deg) q_wxyz=(0.998414,0.001571,0.036941,-0.042454) cmd_deg=(3.36,-14.50) packed_pitch_deg=-14.50 control=true shoot=false
[DEBUG] armors=1, targets=1
[DEBUG] armors=1, targets=1
[DEBUG] armors=1, targets=1
[DEBUG] armors=1, targets=1
[DEBUG] armors=1, targets=1
[DEBUG] armors=1, targets=1
[DEBUG] armors=1, targets=1
[DEBUG] armors=1, targets=1
[DEBUG] armors=1, targets=1
[DEBUG] armors=1, targets=1
[DEBUG] armors=1, targets=1
[DEBUG] armors=1, targets=1
[DEBUG] armors=1, targets=1
[DEBUG] armors=1, targets=1
[DEBUG] armors=1, targets=1
[DEBUG] armors=1, targets=1
[DEBUG] armors=1, targets=1
[DEBUG] armors=1, targets=1
[DEBUG] armors=1, targets=1
[2026-09-05 12:54:14.290] [info] [SYNC][XUC] mode=0 yaw=-4.87 deg pitch=4.24 deg feeder_rpm=0.00 wheel0_rpm=0 wheel1_rpm=0 wheel_delta=0 projectile_speed=12.80
[DEBUG] armors=1, targets=1
[2026-09-05 12:54:14.303] [info] [DRYRUN] measured_gimbal=(2.794,-0.073,0.092) measured_world=(2.789,0.164,-0.115) tracked_world=(2.793,0.164,-0.115) target_gimbal_deg=(-1.50,1.89) target_world_deg=(3.37,-2.35) gimbal_deg=(4.87,4.24) armor_y_px=508.8 pixel_error_deg=(2.21,-0.77) ballistic=(range=2.795m holdover=0.534m comp=10.59deg residual=-11.36deg) q_wxyz=(0.998414,0.001571,0.036941,-0.042454) cmd_deg=(3.36,-14.46) packed_pitch_deg=-14.46 control=true shoot=false
[2026-09-05 12:54:14.306] [info] [PERF] 总耗时=15.7ms (检测=12.8ms, 跟踪=0.5ms), FPS=63.8
[2026-09-05 12:54:14.306] [info] 📊 [CAMERA FPS] 瞬时帧率=63.7fps, 平均帧率=64.6fps, 总帧数=2100, 运行时间=32.5s
[DEBUG] armors=1, targets=1
[DEBUG] armors=1, targets=1
[DEBUG] armors=1, targets=1
[DEBUG] armors=1, targets=1
[DEBUG] armors=1, targets=1
[DEBUG] armors=1, targets=1
[DEBUG] armors=1, targets=1
[DEBUG] armors=1, targets=1
[DEBUG] armors=1, targets=1
[DEBUG] armors=1, targets=1
[DEBUG] armors=1, targets=1
[DEBUG] armors=1, targets=1
[DEBUG] armors=1, targets=1
[DEBUG] armors=1, targets=1
[DEBUG] armors=1, targets=1
[DEBUG] armors=1, targets=1
[DEBUG] armors=1, targets=1
[DEBUG] armors=1, targets=1
[DEBUG] armors=1, targets=1
[DEBUG] armors=1, targets=1
[2026-09-05 12:54:14.613] [info] [DRYRUN] measured_gimbal=(2.767,-0.072,0.092) measured_world=(2.762,0.163,-0.113) tracked_world=(2.792,0.164,-0.115) target_gimbal_deg=(-1.49,1.90) target_world_deg=(3.37,-2.34) gimbal_deg=(4.87,4.24) armor_y_px=508.9 pixel_error_deg=(2.21,-0.76) ballistic=(range=2.768m holdover=0.527m comp=10.55deg residual=-11.32deg) q_wxyz=(0.998414,0.001571,0.036941,-0.042454) cmd_deg=(3.36,-14.47) packed_pitch_deg=-14.47 control=true shoot=false
[DEBUG] armors=1, targets=1
[DEBUG] armors=1, targets=1
[DEBUG] armors=1, targets=1
[DEBUG] armors=1, targets=1
[DEBUG] armors=1, targets=1
[DEBUG] armors=1, targets=1
[DEBUG] armors=1, targets=1
[DEBUG] armors=1, targets=1
[DEBUG] armors=1, targets=1
[DEBUG] armors=1, targets=1
[DEBUG] armors=1, targets=1
[DEBUG] armors=1, targets=1
[DEBUG] armors=1, targets=1
[DEBUG] armors=1, targets=1
[DEBUG] armors=1, targets=1
[DEBUG] armors=1, targets=1
[DEBUG] armors=1, targets=1
[DEBUG] armors=1, targets=1
[DEBUG] armors=1, targets=1
[DEBUG] armors=1, targets=1
[2026-09-05 12:54:14.928] [info] [DRYRUN] measured_gimbal=(2.812,-0.073,0.092) measured_world=(2.808,0.165,-0.116) tracked_world=(2.791,0.164,-0.115) target_gimbal_deg=(-1.50,1.88) target_world_deg=(3.37,-2.36) gimbal_deg=(4.87,4.24) armor_y_px=508.9 pixel_error_deg=(2.22,-0.76) ballistic=(range=2.813m holdover=0.539m comp=10.62deg residual=-11.38deg) q_wxyz=(0.998414,0.001571,0.036941,-0.042454) cmd_deg=(3.37,-14.54) packed_pitch_deg=-14.54 control=true shoot=false
[DEBUG] armors=1, targets=1
[DEBUG] armors=1, targets=1
[DEBUG] armors=1, targets=1
[DEBUG] armors=1, targets=1
[DEBUG] armors=1, targets=1
[DEBUG] armors=1, targets=1
[DEBUG] armors=1, targets=1
[DEBUG] armors=1, targets=1
[DEBUG] armors=1, targets=1
[2026-09-05 12:54:15.070] [info] [SYNC][XUC] mode=0 yaw=-4.87 deg pitch=4.24 deg feeder_rpm=0.00 wheel0_rpm=0 wheel1_rpm=0 wheel_delta=0 projectile_speed=12.80
[DEBUG] armors=1, targets=1
[2026-09-05 12:54:15.086] [info] [PERF] 总耗时=16.2ms (检测=13.3ms, 跟踪=0.5ms), FPS=61.9
[2026-09-05 12:54:15.086] [info] 📊 [CAMERA FPS] 瞬时帧率=61.8fps, 平均帧率=64.6fps, 总帧数=2150, 运行时间=33.3s
[DEBUG] armors=1, targets=1
[DEBUG] armors=1, targets=1
[DEBUG] armors=1, targets=1
[DEBUG] armors=1, targets=1
[DEBUG] armors=1, targets=1
[DEBUG] armors=1, targets=1
[DEBUG] armors=1, targets=1
[DEBUG] armors=1, targets=1
[DEBUG] armors=1, targets=1
[DEBUG] armors=1, targets=1
[2026-09-05 12:54:15.239] [info] [DRYRUN] measured_gimbal=(2.803,-0.073,0.092) measured_world=(2.798,0.165,-0.115) tracked_world=(2.795,0.165,-0.115) target_gimbal_deg=(-1.49,1.89) target_world_deg=(3.37,-2.35) gimbal_deg=(4.87,4.24) armor_y_px=508.7 pixel_error_deg=(2.21,-0.77) ballistic=(range=2.803m holdover=0.536m comp=10.61deg residual=-11.37deg) q_wxyz=(0.998414,0.001571,0.036941,-0.042454) cmd_deg=(3.37,-14.52) packed_pitch_deg=-14.52 control=true shoot=false
[DEBUG] armors=1, targets=1
[DEBUG] armors=1, targets=1
[DEBUG] armors=1, targets=1
[DEBUG] armors=1, targets=1
[DEBUG] armors=1, targets=1
[DEBUG] armors=1, targets=1
[DEBUG] armors=1, targets=1
[DEBUG] armors=1, targets=1
[DEBUG] armors=1, targets=1
[DEBUG] armors=1, targets=1
[DEBUG] armors=1, targets=1
[DEBUG] armors=1, targets=1
[DEBUG] armors=1, targets=1
[DEBUG] armors=1, targets=1
[DEBUG] armors=1, targets=1
[DEBUG] armors=1, targets=1
[DEBUG] armors=1, targets=1
[DEBUG] armors=1, targets=1
[DEBUG] armors=1, targets=1
[DEBUG] armors=1, targets=1
[2026-09-05 12:54:15.548] [info] [DRYRUN] measured_gimbal=(2.743,-0.072,0.091) measured_world=(2.738,0.161,-0.111) tracked_world=(2.794,0.165,-0.115) target_gimbal_deg=(-1.51,1.91) target_world_deg=(3.36,-2.33) gimbal_deg=(4.87,4.24) armor_y_px=508.9 pixel_error_deg=(2.22,-0.76) ballistic=(range=2.744m holdover=0.521m comp=10.52deg residual=-11.28deg) q_wxyz=(0.998414,0.001571,0.036941,-0.042454) cmd_deg=(3.38,-14.46) packed_pitch_deg=-14.46 control=true shoot=false
[DEBUG] armors=1, targets=1
[DEBUG] armors=1, targets=1
[DEBUG] armors=1, targets=1
[DEBUG] armors=1, targets=1
[DEBUG] armors=1, targets=1
[DEBUG] armors=1, targets=1
[DEBUG] armors=1, targets=1
[DEBUG] armors=1, targets=1
[DEBUG] armors=1, targets=1
[DEBUG] armors=1, targets=1
[DEBUG] armors=0, targets=1
[DEBUG] armors=1, targets=1
[DEBUG] armors=1, targets=1
[DEBUG] armors=1, targets=1
[DEBUG] armors=1, targets=1
[DEBUG] armors=1, targets=1
[DEBUG] armors=1, targets=1
[DEBUG] armors=1, targets=1
[DEBUG] armors=1, targets=1
[2026-09-05 12:54:15.842] [info] [SYNC][XUC] mode=0 yaw=-4.87 deg pitch=4.24 deg feeder_rpm=-4.00 wheel0_rpm=0 wheel1_rpm=0 wheel_delta=0 projectile_speed=12.80
[DEBUG] armors=1, targets=1
[2026-09-05 12:54:15.855] [info] [DRYRUN] measured_gimbal=(2.809,-0.073,0.093) measured_world=(2.804,0.165,-0.115) tracked_world=(2.791,0.164,-0.114) target_gimbal_deg=(-1.49,1.89) target_world_deg=(3.37,-2.35) gimbal_deg=(4.87,4.24) armor_y_px=508.7 pixel_error_deg=(2.22,-0.77) ballistic=(range=2.810m holdover=0.538m comp=10.61deg residual=-11.38deg) q_wxyz=(0.998414,0.001571,0.036941,-0.042454) cmd_deg=(3.35,-14.49) packed_pitch_deg=-14.49 control=true shoot=false
[2026-09-05 12:54:15.858] [info] [PERF] 总耗时=15.5ms (检测=12.7ms, 跟踪=0.5ms), FPS=64.5
[2026-09-05 12:54:15.858] [info] 📊 [CAMERA FPS] 瞬时帧率=64.4fps, 平均帧率=64.6fps, 总帧数=2200, 运行时间=34.0s
[DEBUG] armors=1, targets=1
[DEBUG] armors=1, targets=1
[DEBUG] armors=1, targets=1
[DEBUG] armors=1, targets=1
[DEBUG] armors=1, targets=1
[DEBUG] armors=1, targets=1
[DEBUG] armors=1, targets=1
[DEBUG] armors=1, targets=1
[DEBUG] armors=1, targets=1
[DEBUG] armors=1, targets=1
[DEBUG] armors=1, targets=1
[DEBUG] armors=1, targets=1
[DEBUG] armors=1, targets=1
[DEBUG] armors=1, targets=1
[DEBUG] armors=1, targets=1
[DEBUG] armors=1, targets=1
[DEBUG] armors=1, targets=1
[DEBUG] armors=1, targets=1
[DEBUG] armors=1, targets=1
[DEBUG] armors=1, targets=1
[2026-09-05 12:54:16.167] [info] [DRYRUN] measured_gimbal=(2.775,-0.073,0.092) measured_world=(2.770,0.163,-0.113) tracked_world=(2.781,0.163,-0.114) target_gimbal_deg=(-1.50,1.90) target_world_deg=(3.37,-2.34) gimbal_deg=(4.87,4.24) armor_y_px=508.8 pixel_error_deg=(2.22,-0.76) ballistic=(range=2.776m holdover=0.529m comp=10.57deg residual=-11.33deg) q_wxyz=(0.998414,0.001571,0.036941,-0.042454) cmd_deg=(3.35,-14.45) packed_pitch_deg=-14.45 control=true shoot=false
[DEBUG] armors=1, targets=1
[DEBUG] armors=1, targets=1
[DEBUG] armors=1, targets=1
[DEBUG] armors=1, targets=1
[DEBUG] armors=1, targets=1
[DEBUG] armors=1, targets=1
[DEBUG] armors=1, targets=1
[DEBUG] armors=1, targets=1
[DEBUG] armors=1, targets=1
[DEBUG] armors=1, targets=1
[DEBUG] armors=1, targets=1
[DEBUG] armors=1, targets=1
[DEBUG] armors=1, targets=1
[DEBUG] armors=1, targets=1
[DEBUG] armors=1, targets=1
[DEBUG] armors=1, targets=1
[DEBUG] armors=1, targets=1
[DEBUG] armors=1, targets=1
[DEBUG] armors=1, targets=1
[DEBUG] armors=1, targets=1
[2026-09-05 12:54:16.479] [info] [DRYRUN] measured_gimbal=(2.811,-0.073,0.092) measured_world=(2.806,0.165,-0.116) tracked_world=(2.792,0.165,-0.115) target_gimbal_deg=(-1.50,1.88) target_world_deg=(3.37,-2.35) gimbal_deg=(4.87,4.24) armor_y_px=508.7 pixel_error_deg=(2.22,-0.77) ballistic=(range=2.812m holdover=0.538m comp=10.62deg residual=-11.38deg) q_wxyz=(0.998414,0.001571,0.036941,-0.042454) cmd_deg=(3.38,-14.55) packed_pitch_deg=-14.55 control=true shoot=false
[DEBUG] armors=1, targets=1
[DEBUG] armors=1, targets=1
[DEBUG] armors=1, targets=1
[DEBUG] armors=1, targets=1
[DEBUG] armors=1, targets=1
[DEBUG] armors=1, targets=1
[DEBUG] armors=1, targets=1
[DEBUG] armors=1, targets=1
[DEBUG] armors=1, targets=1
[2026-09-05 12:54:16.623] [info] [SYNC][XUC] mode=0 yaw=-4.87 deg pitch=4.24 deg feeder_rpm=0.00 wheel0_rpm=0 wheel1_rpm=0 wheel_delta=0 projectile_speed=12.80
[DEBUG] armors=0, targets=1
[2026-09-05 12:54:16.638] [info] [PERF] 总耗时=15.3ms (检测=13.1ms, 跟踪=0.0ms), FPS=65.4
[2026-09-05 12:54:16.638] [info] 📊 [CAMERA FPS] 瞬时帧率=65.2fps, 平均帧率=64.6fps, 总帧数=2250, 运行时间=34.8s
[DEBUG] armors=1, targets=1
[DEBUG] armors=1, targets=1
[DEBUG] armors=1, targets=1
[DEBUG] armors=1, targets=1
[DEBUG] armors=1, targets=1
[DEBUG] armors=1, targets=1
[DEBUG] armors=1, targets=1
[DEBUG] armors=1, targets=1
[DEBUG] armors=1, targets=1
[DEBUG] armors=1, targets=1
[2026-09-05 12:54:16.791] [info] [DRYRUN] measured_gimbal=(2.692,-0.073,0.090) measured_world=(2.688,0.156,-0.109) tracked_world=(2.786,0.163,-0.114) target_gimbal_deg=(-1.55,1.92) target_world_deg=(3.32,-2.32) gimbal_deg=(4.87,4.24) armor_y_px=509.4 pixel_error_deg=(2.22,-0.75) ballistic=(range=2.693m holdover=0.508m comp=10.45deg residual=-11.20deg) q_wxyz=(0.998414,0.001571,0.036941,-0.042454) cmd_deg=(3.38,-14.39) packed_pitch_deg=-14.39 control=true shoot=false
[DEBUG] armors=1, targets=1
[DEBUG] armors=1, targets=1
[DEBUG] armors=1, targets=1
[DEBUG] armors=1, targets=1
[DEBUG] armors=1, targets=1
[DEBUG] armors=1, targets=1
[DEBUG] armors=1, targets=1
[DEBUG] armors=1, targets=1
[DEBUG] armors=1, targets=1
[DEBUG] armors=1, targets=1
[DEBUG] armors=1, targets=1
[DEBUG] armors=1, targets=1
[DEBUG] armors=1, targets=1
[DEBUG] armors=1, targets=1
[DEBUG] armors=1, targets=1
[DEBUG] armors=1, targets=1
[DEBUG] armors=0, targets=1
[DEBUG] armors=1, targets=1
[DEBUG] armors=1, targets=1
[DEBUG] armors=1, targets=1
[2026-09-05 12:54:17.106] [info] [DRYRUN] measured_gimbal=(2.790,-0.073,0.092) measured_world=(2.786,0.164,-0.114) tracked_world=(2.782,0.164,-0.114) target_gimbal_deg=(-1.50,1.90) target_world_deg=(3.37,-2.34) gimbal_deg=(4.87,4.24) armor_y_px=508.6 pixel_error_deg=(2.22,-0.77) ballistic=(range=2.791m holdover=0.533m comp=10.59deg residual=-11.36deg) q_wxyz=(0.998414,0.001571,0.036941,-0.042454) cmd_deg=(3.37,-14.50) packed_pitch_deg=-14.50 control=true shoot=false
[DEBUG] armors=1, targets=1
[DEBUG] armors=1, targets=1
[DEBUG] armors=1, targets=1
[DEBUG] armors=1, targets=1
[DEBUG] armors=1, targets=1
[DEBUG] armors=1, targets=1
[DEBUG] armors=1, targets=1
[DEBUG] armors=1, targets=1
[DEBUG] armors=1, targets=1
[DEBUG] armors=1, targets=1
[DEBUG] armors=1, targets=1
[DEBUG] armors=1, targets=1
[DEBUG] armors=1, targets=1
[DEBUG] armors=1, targets=1
[DEBUG] armors=1, targets=1
[DEBUG] armors=1, targets=1
[DEBUG] armors=1, targets=1
[DEBUG] armors=1, targets=1
[DEBUG] armors=1, targets=1
[2026-09-05 12:54:17.399] [info] [SYNC][XUC] mode=0 yaw=-4.87 deg pitch=4.24 deg feeder_rpm=0.00 wheel0_rpm=0 wheel1_rpm=0 wheel_delta=0 projectile_speed=12.80
[DEBUG] armors=1, targets=1
[2026-09-05 12:54:17.412] [info] [DRYRUN] measured_gimbal=(2.817,-0.073,0.092) measured_world=(2.813,0.166,-0.116) tracked_world=(2.788,0.164,-0.114) target_gimbal_deg=(-1.49,1.88) target_world_deg=(3.38,-2.36) gimbal_deg=(4.87,4.24) armor_y_px=508.7 pixel_error_deg=(2.22,-0.77) ballistic=(range=2.818m holdover=0.540m comp=10.63deg residual=-11.39deg) q_wxyz=(0.998414,0.001571,0.036941,-0.042454) cmd_deg=(3.38,-14.54) packed_pitch_deg=-14.54 control=true shoot=false
[2026-09-05 12:54:17.414] [info] [PERF] 总耗时=15.6ms (检测=12.8ms, 跟踪=0.5ms), FPS=64.2
[2026-09-05 12:54:17.414] [info] 📊 [CAMERA FPS] 瞬时帧率=64.1fps, 平均帧率=64.6fps, 总帧数=2300, 运行时间=35.6s
[DEBUG] armors=1, targets=1
[DEBUG] armors=1, targets=1
[DEBUG] armors=1, targets=1
[DEBUG] armors=1, targets=1
[DEBUG] armors=1, targets=1
[DEBUG] armors=1, targets=1
[DEBUG] armors=1, targets=1
[DEBUG] armors=1, targets=1
[DEBUG] armors=1, targets=1
[DEBUG] armors=1, targets=1
[DEBUG] armors=1, targets=1
[DEBUG] armors=1, targets=1
[DEBUG] armors=1, targets=1
[DEBUG] armors=0, targets=1
[DEBUG] armors=1, targets=1
[DEBUG] armors=1, targets=1
[DEBUG] armors=1, targets=1
[DEBUG] armors=1, targets=1
[DEBUG] armors=1, targets=1
[DEBUG] armors=1, targets=1
[2026-09-05 12:54:17.720] [info] [DRYRUN] measured_gimbal=(2.785,-0.073,0.092) measured_world=(2.781,0.164,-0.114) tracked_world=(2.788,0.164,-0.114) target_gimbal_deg=(-1.50,1.89) target_world_deg=(3.37,-2.34) gimbal_deg=(4.87,4.24) armor_y_px=508.7 pixel_error_deg=(2.21,-0.77) ballistic=(range=2.786m holdover=0.532m comp=10.58deg residual=-11.35deg) q_wxyz=(0.998414,0.001571,0.036941,-0.042454) cmd_deg=(3.37,-14.47) packed_pitch_deg=-14.47 control=true shoot=false
[DEBUG] armors=1, targets=1
[DEBUG] armors=1, targets=1
[DEBUG] armors=1, targets=1
[DEBUG] armors=1, targets=1
[DEBUG] armors=1, targets=1
[DEBUG] armors=1, targets=1
[DEBUG] armors=1, targets=1
[DEBUG] armors=1, targets=1
[DEBUG] armors=1, targets=1
[DEBUG] armors=1, targets=1
[DEBUG] armors=1, targets=1
[DEBUG] armors=1, targets=1
[DEBUG] armors=1, targets=1
[DEBUG] armors=1, targets=1
[DEBUG] armors=1, targets=1
[DEBUG] armors=1, targets=1
[DEBUG] armors=1, targets=1
[DEBUG] armors=1, targets=1
[DEBUG] armors=1, targets=1
[DEBUG] armors=1, targets=1
[2026-09-05 12:54:18.025] [info] [DRYRUN] measured_gimbal=(2.823,-0.073,0.093) measured_world=(2.818,0.166,-0.116) tracked_world=(2.792,0.165,-0.115) target_gimbal_deg=(-1.49,1.88) target_world_deg=(3.38,-2.35) gimbal_deg=(4.87,4.24) armor_y_px=508.5 pixel_error_deg=(2.21,-0.77) ballistic=(range=2.824m holdover=0.541m comp=10.63deg residual=-11.41deg) q_wxyz=(0.998414,0.001571,0.036941,-0.042454) cmd_deg=(3.38,-14.59) packed_pitch_deg=-14.59 control=true shoot=false
[DEBUG] armors=1, targets=1
[DEBUG] armors=1, targets=1
[DEBUG] armors=1, targets=1
[DEBUG] armors=1, targets=1
[DEBUG] armors=0, targets=1
[DEBUG] armors=1, targets=1
[DEBUG] armors=1, targets=1
[DEBUG] armors=1, targets=1
[DEBUG] armors=1, targets=1
[2026-09-05 12:54:18.168] [info] [SYNC][XUC] mode=0 yaw=-4.87 deg pitch=4.24 deg feeder_rpm=-4.00 wheel0_rpm=0 wheel1_rpm=0 wheel_delta=0 projectile_speed=12.80
[DEBUG] armors=1, targets=1
[2026-09-05 12:54:18.183] [info] [PERF] 总耗时=15.5ms (检测=12.7ms, 跟踪=0.4ms), FPS=64.4
[2026-09-05 12:54:18.184] [info] 📊 [CAMERA FPS] 瞬时帧率=64.2fps, 平均帧率=64.6fps, 总帧数=2350, 运行时间=36.4s
[DEBUG] armors=1, targets=1
[DEBUG] armors=1, targets=1
[DEBUG] armors=1, targets=1
[DEBUG] armors=1, targets=1
[DEBUG] armors=1, targets=1
[DEBUG] armors=1, targets=1
[DEBUG] armors=1, targets=1
[DEBUG] armors=1, targets=1
[DEBUG] armors=1, targets=1
[DEBUG] armors=1, targets=1
[2026-09-05 12:54:18.336] [info] [DRYRUN] measured_gimbal=(2.744,-0.072,0.091) measured_world=(2.739,0.161,-0.112) tracked_world=(2.787,0.164,-0.114) target_gimbal_deg=(-1.50,1.91) target_world_deg=(3.37,-2.33) gimbal_deg=(4.87,4.24) armor_y_px=509.0 pixel_error_deg=(2.21,-0.76) ballistic=(range=2.745m holdover=0.521m comp=10.52deg residual=-11.28deg) q_wxyz=(0.998414,0.001571,0.036941,-0.042454) cmd_deg=(3.37,-14.43) packed_pitch_deg=-14.43 control=true shoot=false
[DEBUG] armors=1, targets=1
[DEBUG] armors=0, targets=1
[DEBUG] armors=1, targets=1
[DEBUG] armors=1, targets=1
[DEBUG] armors=1, targets=1
[DEBUG] armors=1, targets=1
[DEBUG] armors=1, targets=1
[DEBUG] armors=1, targets=1
[DEBUG] armors=1, targets=1
[DEBUG] armors=1, targets=1
[DEBUG] armors=1, targets=1
[DEBUG] armors=1, targets=1
[DEBUG] armors=1, targets=1
[DEBUG] armors=1, targets=1
[DEBUG] armors=1, targets=1
[DEBUG] armors=1, targets=1
[DEBUG] armors=1, targets=1
[DEBUG] armors=1, targets=1
[DEBUG] armors=1, targets=1
[DEBUG] armors=1, targets=1
[2026-09-05 12:54:18.648] [info] [DRYRUN] measured_gimbal=(2.818,-0.073,0.093) measured_world=(2.813,0.166,-0.116) tracked_world=(2.787,0.164,-0.114) target_gimbal_deg=(-1.49,1.88) target_world_deg=(3.38,-2.35) gimbal_deg=(4.87,4.24) armor_y_px=508.6 pixel_error_deg=(2.21,-0.77) ballistic=(range=2.818m holdover=0.540m comp=10.63deg residual=-11.40deg) q_wxyz=(0.998414,0.001571,0.036941,-0.042454) cmd_deg=(3.37,-14.56) packed_pitch_deg=-14.56 control=true shoot=false
[DEBUG] armors=1, targets=1
[DEBUG] armors=1, targets=1
[DEBUG] armors=1, targets=1
[DEBUG] armors=1, targets=1
[DEBUG] armors=1, targets=1
[DEBUG] armors=1, targets=1
[DEBUG] armors=1, targets=1
[DEBUG] armors=1, targets=1
[DEBUG] armors=1, targets=1
[DEBUG] armors=1, targets=1
[DEBUG] armors=1, targets=1
[DEBUG] armors=1, targets=1
[DEBUG] armors=0, targets=1
[DEBUG] armors=1, targets=1
[DEBUG] armors=1, targets=1
[DEBUG] armors=1, targets=1
[DEBUG] armors=1, targets=1
[DEBUG] armors=1, targets=1
[DEBUG] armors=1, targets=1
[2026-09-05 12:54:18.944] [info] [SYNC][XUC] mode=0 yaw=-4.87 deg pitch=4.24 deg feeder_rpm=0.00 wheel0_rpm=0 wheel1_rpm=0 wheel_delta=0 projectile_speed=12.80
[DEBUG] armors=1, targets=1
[2026-09-05 12:54:18.957] [info] [DRYRUN] measured_gimbal=(2.830,-0.074,0.093) measured_world=(2.825,0.167,-0.117) tracked_world=(2.785,0.164,-0.114) target_gimbal_deg=(-1.49,1.88) target_world_deg=(3.38,-2.36) gimbal_deg=(4.87,4.24) armor_y_px=508.6 pixel_error_deg=(2.22,-0.77) ballistic=(range=2.831m holdover=0.543m comp=10.64deg residual=-11.42deg) q_wxyz=(0.998414,0.001571,0.036941,-0.042454) cmd_deg=(3.36,-14.53) packed_pitch_deg=-14.53 control=true shoot=false
[2026-09-05 12:54:18.960] [info] [PERF] 总耗时=15.6ms (检测=12.5ms, 跟踪=0.5ms), FPS=64.1
[2026-09-05 12:54:18.960] [info] 📊 [CAMERA FPS] 瞬时帧率=63.9fps, 平均帧率=64.6fps, 总帧数=2400, 运行时间=37.2s
[DEBUG] armors=1, targets=1
[DEBUG] armors=1, targets=1
[DEBUG] armors=1, targets=1
[DEBUG] armors=1, targets=1
[DEBUG] armors=1, targets=1
[DEBUG] armors=1, targets=1
[DEBUG] armors=1, targets=1
[DEBUG] armors=1, targets=1
[DEBUG] armors=1, targets=1
[DEBUG] armors=1, targets=1
[DEBUG] armors=1, targets=1
[DEBUG] armors=1, targets=1
[DEBUG] armors=1, targets=1
[DEBUG] armors=1, targets=1
[DEBUG] armors=1, targets=1
[DEBUG] armors=1, targets=1
[DEBUG] armors=1, targets=1
[DEBUG] armors=1, targets=1
[DEBUG] armors=1, targets=1
[DEBUG] armors=1, targets=1
[2026-09-05 12:54:19.268] [info] [DRYRUN] measured_gimbal=(2.798,-0.073,0.092) measured_world=(2.793,0.164,-0.115) tracked_world=(2.779,0.163,-0.114) target_gimbal_deg=(-1.50,1.89) target_world_deg=(3.37,-2.35) gimbal_deg=(4.87,4.24) armor_y_px=508.8 pixel_error_deg=(2.22,-0.77) ballistic=(range=2.798m holdover=0.535m comp=10.60deg residual=-11.36deg) q_wxyz=(0.998414,0.001571,0.036941,-0.042454) cmd_deg=(3.36,-14.46) packed_pitch_deg=-14.46 control=true shoot=false
[DEBUG] armors=1, targets=1
[DEBUG] armors=1, targets=1
[DEBUG] armors=1, targets=1
[DEBUG] armors=1, targets=1
[DEBUG] armors=1, targets=1
[DEBUG] armors=1, targets=1
[DEBUG] armors=1, targets=1
[DEBUG] armors=1, targets=1
[DEBUG] armors=1, targets=1
[DEBUG] armors=1, targets=1
[DEBUG] armors=1, targets=1
[DEBUG] armors=1, targets=1
[DEBUG] armors=1, targets=1
[DEBUG] armors=1, targets=1
[DEBUG] armors=1, targets=1
[DEBUG] armors=1, targets=1
[DEBUG] armors=1, targets=1
[DEBUG] armors=1, targets=1
[DEBUG] armors=1, targets=1
[DEBUG] armors=1, targets=1
[2026-09-05 12:54:19.578] [info] [DRYRUN] measured_gimbal=(2.791,-0.073,0.092) measured_world=(2.786,0.164,-0.114) tracked_world=(2.778,0.163,-0.114) target_gimbal_deg=(-1.50,1.90) target_world_deg=(3.37,-2.34) gimbal_deg=(4.87,4.24) armor_y_px=508.6 pixel_error_deg=(2.21,-0.77) ballistic=(range=2.791m holdover=0.533m comp=10.59deg residual=-11.36deg) q_wxyz=(0.998414,0.001571,0.036941,-0.042454) cmd_deg=(3.37,-14.49) packed_pitch_deg=-14.49 control=true shoot=false
[DEBUG] armors=1, targets=1
[DEBUG] armors=1, targets=1
[DEBUG] armors=1, targets=1
[DEBUG] armors=1, targets=1
[DEBUG] armors=1, targets=1
[DEBUG] armors=1, targets=1
[DEBUG] armors=1, targets=1
[DEBUG] armors=1, targets=1
[DEBUG] armors=1, targets=1
[2026-09-05 12:54:19.719] [info] [SYNC][XUC] mode=0 yaw=-4.87 deg pitch=4.24 deg feeder_rpm=0.00 wheel0_rpm=0 wheel1_rpm=0 wheel_delta=0 projectile_speed=12.80
[DEBUG] armors=1, targets=1
[2026-09-05 12:54:19.734] [info] [PERF] 总耗时=15.1ms (检测=12.4ms, 跟踪=0.4ms), FPS=66.0
[2026-09-05 12:54:19.734] [info] 📊 [CAMERA FPS] 瞬时帧率=65.9fps, 平均帧率=64.6fps, 总帧数=2450, 运行时间=37.9s
[DEBUG] armors=1, targets=1
[DEBUG] armors=1, targets=1
[DEBUG] armors=1, targets=1
[DEBUG] armors=1, targets=1
[DEBUG] armors=1, targets=1
[DEBUG] armors=1, targets=1
[DEBUG] armors=1, targets=1
[DEBUG] armors=1, targets=1
[DEBUG] armors=1, targets=1
[DEBUG] armors=1, targets=1
[2026-09-05 12:54:19.885] [info] [DRYRUN] measured_gimbal=(2.842,-0.074,0.093) measured_world=(2.837,0.168,-0.117) tracked_world=(2.778,0.164,-0.114) target_gimbal_deg=(-1.49,1.87) target_world_deg=(3.38,-2.36) gimbal_deg=(4.87,4.24) armor_y_px=508.6 pixel_error_deg=(2.22,-0.77) ballistic=(range=2.843m holdover=0.546m comp=10.66deg residual=-11.43deg) q_wxyz=(0.998414,0.001571,0.036941,-0.042454) cmd_deg=(3.37,-14.53) packed_pitch_deg=-14.53 control=true shoot=false
[DEBUG] armors=1, targets=1
[DEBUG] armors=1, targets=1
[DEBUG] armors=1, targets=1
[DEBUG] armors=1, targets=1
[DEBUG] armors=1, targets=1
[DEBUG] armors=1, targets=1
[DEBUG] armors=1, targets=1
[DEBUG] armors=1, targets=1
[DEBUG] armors=0, targets=1
[DEBUG] armors=1, targets=1
[DEBUG] armors=1, targets=1
[DEBUG] armors=1, targets=1
[DEBUG] armors=1, targets=1
[DEBUG] armors=1, targets=1
[DEBUG] armors=1, targets=1
[DEBUG] armors=1, targets=1
[DEBUG] armors=1, targets=1
[DEBUG] armors=1, targets=1
[DEBUG] armors=1, targets=1
[DEBUG] armors=1, targets=1
[2026-09-05 12:54:20.188] [info] [DRYRUN] measured_gimbal=(2.808,-0.073,0.093) measured_world=(2.803,0.165,-0.115) tracked_world=(2.780,0.164,-0.114) target_gimbal_deg=(-1.49,1.89) target_world_deg=(3.38,-2.35) gimbal_deg=(4.87,4.24) armor_y_px=508.6 pixel_error_deg=(2.21,-0.77) ballistic=(range=2.809m holdover=0.537m comp=10.61deg residual=-11.38deg) q_wxyz=(0.998414,0.001571,0.036941,-0.042454) cmd_deg=(3.37,-14.49) packed_pitch_deg=-14.49 control=true shoot=false
[DEBUG] armors=1, targets=1
[DEBUG] armors=1, targets=1
[DEBUG] armors=1, targets=1
[DEBUG] armors=1, targets=1
[DEBUG] armors=0, targets=1
[DEBUG] armors=1, targets=1
[DEBUG] armors=0, targets=1
[DEBUG] armors=1, targets=1
[DEBUG] armors=1, targets=1
[DEBUG] armors=1, targets=1
[DEBUG] armors=1, targets=1
[DEBUG] armors=0, targets=1
[DEBUG] armors=1, targets=1
[DEBUG] armors=1, targets=1
[DEBUG] armors=1, targets=1
[DEBUG] armors=1, targets=1
[DEBUG] armors=1, targets=1
[DEBUG] armors=1, targets=1
[DEBUG] armors=1, targets=1
[2026-09-05 12:54:20.483] [info] [SYNC][XUC] mode=0 yaw=-4.87 deg pitch=4.24 deg feeder_rpm=0.00 wheel0_rpm=0 wheel1_rpm=0 wheel_delta=0 projectile_speed=12.80
[DEBUG] armors=1, targets=1
[2026-09-05 12:54:20.496] [info] [DRYRUN] measured_gimbal=(2.786,-0.073,0.093) measured_world=(2.781,0.164,-0.114) tracked_world=(2.790,0.164,-0.115) target_gimbal_deg=(-1.50,1.90) target_world_deg=(3.37,-2.34) gimbal_deg=(4.87,4.24) armor_y_px=508.4 pixel_error_deg=(2.22,-0.77) ballistic=(range=2.787m holdover=0.532m comp=10.58deg residual=-11.36deg) q_wxyz=(0.998414,0.001571,0.036941,-0.042454) cmd_deg=(3.38,-14.54) packed_pitch_deg=-14.54 control=true shoot=false
[2026-09-05 12:54:20.498] [info] [PERF] 总耗时=15.4ms (检测=12.5ms, 跟踪=0.5ms), FPS=65.1
[2026-09-05 12:54:20.498] [info] 📊 [CAMERA FPS] 瞬时帧率=64.9fps, 平均帧率=64.6fps, 总帧数=2500, 运行时间=38.7s
[DEBUG] armors=1, targets=1
[DEBUG] armors=1, targets=1
[DEBUG] armors=1, targets=1
[DEBUG] armors=1, targets=1
[DEBUG] armors=1, targets=1
[DEBUG] armors=1, targets=1
[DEBUG] armors=1, targets=1
[DEBUG] armors=1, targets=1
[DEBUG] armors=1, targets=1
[DEBUG] armors=1, targets=1
[DEBUG] armors=1, targets=1
[DEBUG] armors=1, targets=1
[DEBUG] armors=1, targets=1
[DEBUG] armors=1, targets=1
[DEBUG] armors=1, targets=1
[DEBUG] armors=1, targets=1
[DEBUG] armors=1, targets=1
[DEBUG] armors=1, targets=1
[DEBUG] armors=1, targets=1
[DEBUG] armors=1, targets=1
[2026-09-05 12:54:20.804] [info] [DRYRUN] measured_gimbal=(2.786,-0.073,0.092) measured_world=(2.782,0.164,-0.114) tracked_world=(2.789,0.164,-0.114) target_gimbal_deg=(-1.50,1.90) target_world_deg=(3.37,-2.34) gimbal_deg=(4.87,4.24) armor_y_px=508.6 pixel_error_deg=(2.21,-0.77) ballistic=(range=2.787m holdover=0.532m comp=10.58deg residual=-11.35deg) q_wxyz=(0.998414,0.001571,0.036941,-0.042454) cmd_deg=(3.36,-14.52) packed_pitch_deg=-14.52 control=true shoot=false
[DEBUG] armors=1, targets=1
[DEBUG] armors=1, targets=1
[DEBUG] armors=1, targets=1
[DEBUG] armors=1, targets=1
[DEBUG] armors=1, targets=1
[DEBUG] armors=1, targets=1
[DEBUG] armors=1, targets=1
[DEBUG] armors=1, targets=1
[DEBUG] armors=1, targets=1
[DEBUG] armors=1, targets=1
[DEBUG] armors=1, targets=1
[DEBUG] armors=1, targets=1
[DEBUG] armors=1, targets=1
[DEBUG] armors=1, targets=1
[DEBUG] armors=1, targets=1
[DEBUG] armors=1, targets=1
[DEBUG] armors=1, targets=1
[DEBUG] armors=1, targets=1
[DEBUG] armors=1, targets=1
[DEBUG] armors=1, targets=1
[2026-09-05 12:54:21.118] [info] [DRYRUN] measured_gimbal=(2.760,-0.073,0.092) measured_world=(2.755,0.162,-0.113) tracked_world=(2.787,0.164,-0.114) target_gimbal_deg=(-1.51,1.90) target_world_deg=(3.36,-2.34) gimbal_deg=(4.87,4.24) armor_y_px=509.0 pixel_error_deg=(2.22,-0.76) ballistic=(range=2.761m holdover=0.525m comp=10.54deg residual=-11.31deg) q_wxyz=(0.998414,0.001571,0.036941,-0.042454) cmd_deg=(3.37,-14.47) packed_pitch_deg=-14.47 control=true shoot=false
[DEBUG] armors=1, targets=1
[DEBUG] armors=1, targets=1
[DEBUG] armors=1, targets=1
[DEBUG] armors=1, targets=1
[DEBUG] armors=1, targets=1
[DEBUG] armors=1, targets=1
[DEBUG] armors=1, targets=1
[DEBUG] armors=1, targets=1
[DEBUG] armors=1, targets=1
[2026-09-05 12:54:21.261] [info] [SYNC][XUC] mode=0 yaw=-4.87 deg pitch=4.24 deg feeder_rpm=0.00 wheel0_rpm=0 wheel1_rpm=0 wheel_delta=0 projectile_speed=12.80
[DEBUG] armors=1, targets=1
[2026-09-05 12:54:21.277] [info] [PERF] 总耗时=15.6ms (检测=12.8ms, 跟踪=0.5ms), FPS=64.2
[2026-09-05 12:54:21.277] [info] 📊 [CAMERA FPS] 瞬时帧率=64.0fps, 平均帧率=64.6fps, 总帧数=2550, 运行时间=39.5s
[DEBUG] armors=1, targets=1
[DEBUG] armors=1, targets=1
[DEBUG] armors=1, targets=1
[DEBUG] armors=1, targets=1
[DEBUG] armors=1, targets=1
[DEBUG] armors=1, targets=1
[DEBUG] armors=1, targets=1
[DEBUG] armors=1, targets=1
[DEBUG] armors=1, targets=1
[DEBUG] armors=1, targets=1
[2026-09-05 12:54:21.427] [info] [DRYRUN] measured_gimbal=(2.714,-0.074,0.091) measured_world=(2.710,0.156,-0.110) tracked_world=(2.785,0.164,-0.114) target_gimbal_deg=(-1.57,1.91) target_world_deg=(3.30,-2.32) gimbal_deg=(4.87,4.24) armor_y_px=509.4 pixel_error_deg=(2.23,-0.75) ballistic=(range=2.715m holdover=0.513m comp=10.48deg residual=-11.23deg) q_wxyz=(0.998414,0.001571,0.036941,-0.042454) cmd_deg=(3.40,-14.44) packed_pitch_deg=-14.44 control=true shoot=false
[DEBUG] armors=1, targets=1
[DEBUG] armors=1, targets=1
[DEBUG] armors=1, targets=1
[DEBUG] armors=1, targets=1
[DEBUG] armors=1, targets=1
[DEBUG] armors=1, targets=1
[DEBUG] armors=1, targets=1
[DEBUG] armors=1, targets=1
[DEBUG] armors=1, targets=1
[DEBUG] armors=1, targets=1
[DEBUG] armors=1, targets=1
[DEBUG] armors=1, targets=1
[DEBUG] armors=1, targets=1
[DEBUG] armors=1, targets=1
[DEBUG] armors=1, targets=1
[DEBUG] armors=1, targets=1
[DEBUG] armors=1, targets=1
[DEBUG] armors=1, targets=1
[DEBUG] armors=1, targets=1
[DEBUG] armors=1, targets=1
[2026-09-05 12:54:21.738] [info] [DRYRUN] measured_gimbal=(2.823,-0.074,0.093) measured_world=(2.818,0.166,-0.116) tracked_world=(2.786,0.164,-0.114) target_gimbal_deg=(-1.49,1.88) target_world_deg=(3.37,-2.35) gimbal_deg=(4.87,4.24) armor_y_px=508.5 pixel_error_deg=(2.22,-0.77) ballistic=(range=2.824m holdover=0.541m comp=10.63deg residual=-11.41deg) q_wxyz=(0.998414,0.001571,0.036941,-0.042454) cmd_deg=(3.36,-14.48) packed_pitch_deg=-14.48 control=true shoot=false
[DEBUG] armors=1, targets=1
[DEBUG] armors=1, targets=1
[DEBUG] armors=1, targets=1
[DEBUG] armors=1, targets=1
[DEBUG] armors=1, targets=1
[DEBUG] armors=1, targets=1
[DEBUG] armors=1, targets=1
[DEBUG] armors=1, targets=1
[DEBUG] armors=1, targets=1
[DEBUG] armors=1, targets=1
[DEBUG] armors=1, targets=1
[DEBUG] armors=1, targets=1
[DEBUG] armors=1, targets=1
[DEBUG] armors=1, targets=1
[DEBUG] armors=1, targets=1
[DEBUG] armors=0, targets=1
[DEBUG] armors=1, targets=1
[DEBUG] armors=1, targets=1
[DEBUG] armors=1, targets=1
[2026-09-05 12:54:22.040] [info] [SYNC][XUC] mode=0 yaw=-4.87 deg pitch=4.24 deg feeder_rpm=0.00 wheel0_rpm=0 wheel1_rpm=0 wheel_delta=0 projectile_speed=12.80
[DEBUG] armors=1, targets=1
[2026-09-05 12:54:22.053] [info] [DRYRUN] measured_gimbal=(2.803,-0.073,0.093) measured_world=(2.798,0.165,-0.115) tracked_world=(2.789,0.164,-0.114) target_gimbal_deg=(-1.50,1.89) target_world_deg=(3.37,-2.35) gimbal_deg=(4.87,4.24) armor_y_px=508.5 pixel_error_deg=(2.22,-0.77) ballistic=(range=2.804m holdover=0.536m comp=10.61deg residual=-11.38deg) q_wxyz=(0.998414,0.001571,0.036941,-0.042454) cmd_deg=(3.37,-14.53) packed_pitch_deg=-14.53 control=true shoot=false
[2026-09-05 12:54:22.055] [info] [PERF] 总耗时=15.7ms (检测=12.9ms, 跟踪=0.5ms), FPS=63.6
[2026-09-05 12:54:22.055] [info] 📊 [CAMERA FPS] 瞬时帧率=63.5fps, 平均帧率=64.6fps, 总帧数=2600, 运行时间=40.2s
[DEBUG] armors=1, targets=1
[DEBUG] armors=1, targets=1
[DEBUG] armors=1, targets=1
[DEBUG] armors=1, targets=1
[DEBUG] armors=1, targets=1
[DEBUG] armors=1, targets=1
[DEBUG] armors=1, targets=1
[DEBUG] armors=1, targets=1
[DEBUG] armors=1, targets=1
[DEBUG] armors=1, targets=1
[DEBUG] armors=1, targets=1
[DEBUG] armors=1, targets=1
[DEBUG] armors=1, targets=1
[DEBUG] armors=1, targets=1
[DEBUG] armors=1, targets=1
[DEBUG] armors=1, targets=1
[DEBUG] armors=1, targets=1
[DEBUG] armors=1, targets=1
[DEBUG] armors=1, targets=1
[DEBUG] armors=1, targets=1
[2026-09-05 12:54:22.366] [info] [DRYRUN] measured_gimbal=(2.751,-0.072,0.092) measured_world=(2.746,0.161,-0.112) tracked_world=(2.783,0.163,-0.114) target_gimbal_deg=(-1.51,1.91) target_world_deg=(3.36,-2.33) gimbal_deg=(4.87,4.24) armor_y_px=508.9 pixel_error_deg=(2.22,-0.76) ballistic=(range=2.752m holdover=0.523m comp=10.53deg residual=-11.29deg) q_wxyz=(0.998414,0.001571,0.036941,-0.042454) cmd_deg=(3.35,-14.42) packed_pitch_deg=-14.42 control=true shoot=false
[DEBUG] armors=1, targets=1
[DEBUG] armors=1, targets=1
[DEBUG] armors=1, targets=1
[DEBUG] armors=1, targets=1
[DEBUG] armors=1, targets=1
[DEBUG] armors=1, targets=1
[DEBUG] armors=1, targets=1
[DEBUG] armors=1, targets=1
[DEBUG] armors=1, targets=1
[DEBUG] armors=1, targets=1
[DEBUG] armors=1, targets=1
[DEBUG] armors=1, targets=1
[DEBUG] armors=1, targets=1
[DEBUG] armors=1, targets=1
[DEBUG] armors=1, targets=1
[DEBUG] armors=1, targets=1
[DEBUG] armors=1, targets=1
[DEBUG] armors=1, targets=1
[DEBUG] armors=1, targets=1
[DEBUG] armors=1, targets=1
[2026-09-05 12:54:22.682] [info] [DRYRUN] measured_gimbal=(2.736,-0.073,0.091) measured_world=(2.731,0.160,-0.111) tracked_world=(2.782,0.164,-0.114) target_gimbal_deg=(-1.52,1.91) target_world_deg=(3.35,-2.33) gimbal_deg=(4.87,4.24) armor_y_px=509.1 pixel_error_deg=(2.22,-0.76) ballistic=(range=2.737m holdover=0.519m comp=10.51deg residual=-11.27deg) q_wxyz=(0.998414,0.001571,0.036941,-0.042454) cmd_deg=(3.38,-14.39) packed_pitch_deg=-14.39 control=true shoot=false
[DEBUG] armors=1, targets=1
[DEBUG] armors=1, targets=1
[DEBUG] armors=1, targets=1
[DEBUG] armors=0, targets=1
[DEBUG] armors=1, targets=1
[DEBUG] armors=1, targets=1
[DEBUG] armors=1, targets=1
[DEBUG] armors=1, targets=1
[DEBUG] armors=0, targets=1
[2026-09-05 12:54:22.827] [info] [SYNC][XUC] mode=0 yaw=-4.87 deg pitch=4.24 deg feeder_rpm=0.00 wheel0_rpm=0 wheel1_rpm=0 wheel_delta=0 projectile_speed=12.80
[DEBUG] armors=1, targets=1
[2026-09-05 12:54:22.843] [info] [PERF] 总耗时=15.5ms (检测=12.8ms, 跟踪=0.5ms), FPS=64.6
[2026-09-05 12:54:22.843] [info] 📊 [CAMERA FPS] 瞬时帧率=64.5fps, 平均帧率=64.6fps, 总帧数=2650, 运行时间=41.0s
[DEBUG] armors=1, targets=1
[DEBUG] armors=1, targets=1
[DEBUG] armors=1, targets=1
[DEBUG] armors=1, targets=1
[DEBUG] armors=1, targets=1
[DEBUG] armors=1, targets=1
[DEBUG] armors=1, targets=1
[DEBUG] armors=1, targets=1
[DEBUG] armors=1, targets=1
[DEBUG] armors=1, targets=1
[2026-09-05 12:54:22.997] [info] [DRYRUN] measured_gimbal=(2.805,-0.074,0.092) measured_world=(2.800,0.165,-0.115) tracked_world=(2.786,0.164,-0.114) target_gimbal_deg=(-1.50,1.89) target_world_deg=(3.37,-2.35) gimbal_deg=(4.87,4.24) armor_y_px=508.6 pixel_error_deg=(2.22,-0.77) ballistic=(range=2.806m holdover=0.537m comp=10.61deg residual=-11.38deg) q_wxyz=(0.998414,0.001571,0.036941,-0.042454) cmd_deg=(3.36,-14.51) packed_pitch_deg=-14.51 control=true shoot=false
[DEBUG] armors=1, targets=1
[DEBUG] armors=1, targets=1
[DEBUG] armors=1, targets=1
[DEBUG] armors=1, targets=1
[DEBUG] armors=1, targets=1
[DEBUG] armors=1, targets=1
[DEBUG] armors=1, targets=1
[DEBUG] armors=1, targets=1
[DEBUG] armors=1, targets=1
[DEBUG] armors=1, targets=1
[DEBUG] armors=1, targets=1
[DEBUG] armors=1, targets=1
[DEBUG] armors=1, targets=1
[DEBUG] armors=1, targets=1
[DEBUG] armors=1, targets=1
[DEBUG] armors=1, targets=1
[DEBUG] armors=1, targets=1
[DEBUG] armors=1, targets=1
[DEBUG] armors=1, targets=1
[DEBUG] armors=1, targets=1
[2026-09-05 12:54:23.307] [info] [DRYRUN] measured_gimbal=(2.721,-0.072,0.091) measured_world=(2.717,0.159,-0.110) tracked_world=(2.788,0.164,-0.114) target_gimbal_deg=(-1.51,1.92) target_world_deg=(3.36,-2.31) gimbal_deg=(4.87,4.24) armor_y_px=508.7 pixel_error_deg=(2.21,-0.77) ballistic=(range=2.722m holdover=0.515m comp=10.49deg residual=-11.26deg) q_wxyz=(0.998414,0.001571,0.036941,-0.042454) cmd_deg=(3.38,-14.46) packed_pitch_deg=-14.46 control=true shoot=false
[DEBUG] armors=0, targets=1
[DEBUG] armors=1, targets=1
[DEBUG] armors=1, targets=1
[DEBUG] armors=1, targets=1
[DEBUG] armors=1, targets=1
[DEBUG] armors=1, targets=1
[DEBUG] armors=1, targets=1
[DEBUG] armors=1, targets=1
[DEBUG] armors=1, targets=1
[DEBUG] armors=1, targets=1
[DEBUG] armors=1, targets=1
[DEBUG] armors=1, targets=1
[DEBUG] armors=1, targets=1
[DEBUG] armors=1, targets=1
[DEBUG] armors=1, targets=1
[DEBUG] armors=1, targets=1
[DEBUG] armors=1, targets=1
[DEBUG] armors=1, targets=1
[DEBUG] armors=1, targets=1
[2026-09-05 12:54:23.606] [info] [SYNC][XUC] mode=0 yaw=-4.87 deg pitch=4.24 deg feeder_rpm=0.00 wheel0_rpm=0 wheel1_rpm=0 wheel_delta=0 projectile_speed=12.80
[DEBUG] armors=1, targets=1
[2026-09-05 12:54:23.619] [info] [DRYRUN] measured_gimbal=(2.838,-0.074,0.093) measured_world=(2.833,0.168,-0.117) tracked_world=(2.784,0.164,-0.114) target_gimbal_deg=(-1.49,1.88) target_world_deg=(3.38,-2.36) gimbal_deg=(4.87,4.24) armor_y_px=508.4 pixel_error_deg=(2.21,-0.77) ballistic=(range=2.839m holdover=0.546m comp=10.66deg residual=-11.43deg) q_wxyz=(0.998414,0.001571,0.036941,-0.042454) cmd_deg=(3.35,-14.52) packed_pitch_deg=-14.52 control=true shoot=false
[2026-09-05 12:54:23.622] [info] [PERF] 总耗时=15.4ms (检测=12.6ms, 跟踪=0.5ms), FPS=64.8
[2026-09-05 12:54:23.622] [info] 📊 [CAMERA FPS] 瞬时帧率=64.7fps, 平均帧率=64.6fps, 总帧数=2700, 运行时间=41.8s
[DEBUG] armors=1, targets=1
[DEBUG] armors=1, targets=1
[DEBUG] armors=1, targets=1
[DEBUG] armors=1, targets=1
[DEBUG] armors=1, targets=1
[DEBUG] armors=1, targets=1
[DEBUG] armors=1, targets=1
[DEBUG] armors=1, targets=1
[DEBUG] armors=1, targets=1
[DEBUG] armors=1, targets=1
[DEBUG] armors=1, targets=1
[DEBUG] armors=1, targets=1
[DEBUG] armors=1, targets=1
[DEBUG] armors=1, targets=1
[DEBUG] armors=1, targets=1
[DEBUG] armors=1, targets=1
[DEBUG] armors=1, targets=1
[DEBUG] armors=1, targets=1
[DEBUG] armors=1, targets=1
[DEBUG] armors=1, targets=1
[2026-09-05 12:54:23.927] [info] [DRYRUN] measured_gimbal=(2.738,-0.073,0.091) measured_world=(2.734,0.160,-0.112) tracked_world=(2.780,0.163,-0.114) target_gimbal_deg=(-1.52,1.90) target_world_deg=(3.35,-2.34) gimbal_deg=(4.87,4.24) armor_y_px=509.5 pixel_error_deg=(2.22,-0.75) ballistic=(range=2.739m holdover=0.519m comp=10.51deg residual=-11.26deg) q_wxyz=(0.998414,0.001571,0.036941,-0.042454) cmd_deg=(3.37,-14.43) packed_pitch_deg=-14.43 control=true shoot=false
[DEBUG] armors=1, targets=1
[DEBUG] armors=1, targets=1
[DEBUG] armors=1, targets=1
[DEBUG] armors=1, targets=1
[DEBUG] armors=1, targets=1
[DEBUG] armors=1, targets=1
[DEBUG] armors=1, targets=1
[DEBUG] armors=1, targets=1
[DEBUG] armors=1, targets=1
[DEBUG] armors=1, targets=1
[DEBUG] armors=1, targets=1
[DEBUG] armors=1, targets=1
[DEBUG] armors=1, targets=1
[DEBUG] armors=1, targets=1
[DEBUG] armors=1, targets=1
[DEBUG] armors=1, targets=1
[DEBUG] armors=1, targets=1
[DEBUG] armors=1, targets=1
[DEBUG] armors=1, targets=1
[DEBUG] armors=1, targets=1
[2026-09-05 12:54:24.238] [info] [DRYRUN] measured_gimbal=(2.785,-0.073,0.092) measured_world=(2.780,0.164,-0.114) tracked_world=(2.777,0.163,-0.114) target_gimbal_deg=(-1.50,1.90) target_world_deg=(3.37,-2.34) gimbal_deg=(4.87,4.24) armor_y_px=508.6 pixel_error_deg=(2.21,-0.77) ballistic=(range=2.786m holdover=0.532m comp=10.58deg residual=-11.35deg) q_wxyz=(0.998414,0.001571,0.036941,-0.042454) cmd_deg=(3.37,-14.47) packed_pitch_deg=-14.47 control=true shoot=false
[DEBUG] armors=1, targets=1
[DEBUG] armors=1, targets=1
[DEBUG] armors=1, targets=1
[DEBUG] armors=1, targets=1
[DEBUG] armors=1, targets=1
[DEBUG] armors=1, targets=1
[DEBUG] armors=1, targets=1
[DEBUG] armors=1, targets=1
[DEBUG] armors=1, targets=1
[2026-09-05 12:54:24.382] [info] [SYNC][XUC] mode=0 yaw=-4.87 deg pitch=4.24 deg feeder_rpm=0.00 wheel0_rpm=0 wheel1_rpm=0 wheel_delta=0 projectile_speed=12.80
[DEBUG] armors=1, targets=1
[2026-09-05 12:54:24.397] [info] [PERF] 总耗时=15.8ms (检测=13.0ms, 跟踪=0.5ms), FPS=63.3
[2026-09-05 12:54:24.397] [info] 📊 [CAMERA FPS] 瞬时帧率=63.1fps, 平均帧率=64.6fps, 总帧数=2750, 运行时间=42.6s
[DEBUG] armors=1, targets=1
[DEBUG] armors=1, targets=1
[DEBUG] armors=1, targets=1
[DEBUG] armors=1, targets=1
[DEBUG] armors=0, targets=1
[DEBUG] armors=1, targets=1
[DEBUG] armors=1, targets=1
[DEBUG] armors=1, targets=1
[DEBUG] armors=1, targets=1
[DEBUG] armors=1, targets=1
[2026-09-05 12:54:24.554] [info] [DRYRUN] measured_gimbal=(2.749,-0.072,0.091) measured_world=(2.744,0.161,-0.112) tracked_world=(2.779,0.164,-0.114) target_gimbal_deg=(-1.51,1.90) target_world_deg=(3.36,-2.34) gimbal_deg=(4.87,4.24) armor_y_px=509.1 pixel_error_deg=(2.22,-0.76) ballistic=(range=2.750m holdover=0.522m comp=10.53deg residual=-11.29deg) q_wxyz=(0.998414,0.001571,0.036941,-0.042454) cmd_deg=(3.38,-14.42) packed_pitch_deg=-14.42 control=true shoot=false
[DEBUG] armors=1, targets=1
[DEBUG] armors=1, targets=1
[DEBUG] armors=1, targets=1
[DEBUG] armors=1, targets=1
[DEBUG] armors=1, targets=1
[DEBUG] armors=1, targets=1
[DEBUG] armors=1, targets=1
[DEBUG] armors=1, targets=1
[DEBUG] armors=0, targets=1
[DEBUG] armors=1, targets=1
[DEBUG] armors=1, targets=1
[DEBUG] armors=1, targets=1
[DEBUG] armors=1, targets=1
[DEBUG] armors=1, targets=1
[DEBUG] armors=1, targets=1
[DEBUG] armors=1, targets=1
[DEBUG] armors=1, targets=1
[DEBUG] armors=1, targets=1
[DEBUG] armors=1, targets=1
[DEBUG] armors=1, targets=1
[2026-09-05 12:54:24.862] [info] [DRYRUN] measured_gimbal=(2.816,-0.073,0.093) measured_world=(2.811,0.166,-0.116) tracked_world=(2.785,0.164,-0.114) target_gimbal_deg=(-1.49,1.88) target_world_deg=(3.37,-2.35) gimbal_deg=(4.87,4.24) armor_y_px=508.6 pixel_error_deg=(2.22,-0.77) ballistic=(range=2.817m holdover=0.540m comp=10.62deg residual=-11.40deg) q_wxyz=(0.998414,0.001571,0.036941,-0.042454) cmd_deg=(3.36,-14.52) packed_pitch_deg=-14.52 control=true shoot=false
[DEBUG] armors=1, targets=1
[DEBUG] armors=1, targets=1
[DEBUG] armors=1, targets=1
[DEBUG] armors=1, targets=1
[DEBUG] armors=1, targets=1
[DEBUG] armors=1, targets=1
[DEBUG] armors=1, targets=1
[DEBUG] armors=1, targets=1
[DEBUG] armors=1, targets=1
[DEBUG] armors=1, targets=1
[DEBUG] armors=0, targets=1
[DEBUG] armors=0, targets=1
[DEBUG] armors=1, targets=1
[DEBUG] armors=1, targets=1
[DEBUG] armors=1, targets=1
[DEBUG] armors=1, targets=1
[DEBUG] armors=0, targets=1
[DEBUG] armors=1, targets=1
[DEBUG] armors=1, targets=1
[2026-09-05 12:54:25.162] [info] [SYNC][XUC] mode=0 yaw=-4.87 deg pitch=4.24 deg feeder_rpm=0.00 wheel0_rpm=0 wheel1_rpm=0 wheel_delta=0 projectile_speed=12.80
[DEBUG] armors=1, targets=1
[2026-09-05 12:54:25.175] [info] [DRYRUN] measured_gimbal=(2.833,-0.073,0.093) measured_world=(2.828,0.167,-0.117) tracked_world=(2.791,0.165,-0.115) target_gimbal_deg=(-1.49,1.88) target_world_deg=(3.38,-2.36) gimbal_deg=(4.87,4.24) armor_y_px=508.5 pixel_error_deg=(2.21,-0.77) ballistic=(range=2.834m holdover=0.544m comp=10.65deg residual=-11.42deg) q_wxyz=(0.998414,0.001571,0.036941,-0.042454) cmd_deg=(3.37,-14.58) packed_pitch_deg=-14.58 control=true shoot=false
[2026-09-05 12:54:25.178] [info] [PERF] 总耗时=15.9ms (检测=13.1ms, 跟踪=0.4ms), FPS=63.1
[2026-09-05 12:54:25.178] [info] 📊 [CAMERA FPS] 瞬时帧率=63.0fps, 平均帧率=64.6fps, 总帧数=2800, 运行时间=43.4s
[DEBUG] armors=1, targets=1
[DEBUG] armors=1, targets=1
[DEBUG] armors=1, targets=1
[DEBUG] armors=1, targets=1
[DEBUG] armors=1, targets=1
[DEBUG] armors=1, targets=1
[DEBUG] armors=1, targets=1
[DEBUG] armors=1, targets=1
[DEBUG] armors=1, targets=1
[DEBUG] armors=1, targets=1
[DEBUG] armors=1, targets=1
[DEBUG] armors=1, targets=1
[DEBUG] armors=1, targets=1
[DEBUG] armors=1, targets=1
[DEBUG] armors=1, targets=1
[DEBUG] armors=1, targets=1
[DEBUG] armors=1, targets=1
[DEBUG] armors=1, targets=1
[DEBUG] armors=1, targets=1
[DEBUG] armors=1, targets=1
[2026-09-05 12:54:25.488] [info] [DRYRUN] measured_gimbal=(2.711,-0.074,0.091) measured_world=(2.707,0.156,-0.110) tracked_world=(2.781,0.163,-0.114) target_gimbal_deg=(-1.57,1.91) target_world_deg=(3.30,-2.32) gimbal_deg=(4.87,4.24) armor_y_px=509.3 pixel_error_deg=(2.24,-0.75) ballistic=(range=2.712m holdover=0.513m comp=10.48deg residual=-11.23deg) q_wxyz=(0.998414,0.001571,0.036941,-0.042454) cmd_deg=(3.39,-14.40) packed_pitch_deg=-14.40 control=true shoot=false
[DEBUG] armors=1, targets=1
[DEBUG] armors=1, targets=1
[DEBUG] armors=1, targets=1
[DEBUG] armors=1, targets=1
[DEBUG] armors=1, targets=1
[DEBUG] armors=1, targets=1
[DEBUG] armors=1, targets=1
[DEBUG] armors=1, targets=1
[DEBUG] armors=0, targets=1
[DEBUG] armors=1, targets=1
[DEBUG] armors=1, targets=1
[DEBUG] armors=1, targets=1
[DEBUG] armors=1, targets=1
[DEBUG] armors=1, targets=1
[DEBUG] armors=1, targets=1
[DEBUG] armors=1, targets=1
[DEBUG] armors=1, targets=1
[DEBUG] armors=1, targets=1
[DEBUG] armors=1, targets=1
[DEBUG] armors=1, targets=1
[2026-09-05 12:54:25.802] [info] [DRYRUN] measured_gimbal=(2.816,-0.073,0.093) measured_world=(2.811,0.166,-0.116) tracked_world=(2.783,0.164,-0.114) target_gimbal_deg=(-1.49,1.89) target_world_deg=(3.38,-2.35) gimbal_deg=(4.87,4.24) armor_y_px=508.5 pixel_error_deg=(2.21,-0.77) ballistic=(range=2.817m holdover=0.540m comp=10.62deg residual=-11.40deg) q_wxyz=(0.998414,0.001571,0.036941,-0.042454) cmd_deg=(3.37,-14.53) packed_pitch_deg=-14.53 control=true shoot=false
[DEBUG] armors=1, targets=1
[DEBUG] armors=1, targets=1
[DEBUG] armors=1, targets=1
[DEBUG] armors=1, targets=1
[DEBUG] armors=1, targets=1
[DEBUG] armors=1, targets=1
[DEBUG] armors=1, targets=1
[DEBUG] armors=1, targets=1
[DEBUG] armors=1, targets=1
[2026-09-05 12:54:25.945] [info] [SYNC][XUC] mode=0 yaw=-4.87 deg pitch=4.24 deg feeder_rpm=0.00 wheel0_rpm=0 wheel1_rpm=0 wheel_delta=0 projectile_speed=12.80
[DEBUG] armors=1, targets=1
[2026-09-05 12:54:25.960] [info] [PERF] 总耗时=15.8ms (检测=12.9ms, 跟踪=0.5ms), FPS=63.4
[2026-09-05 12:54:25.960] [info] 📊 [CAMERA FPS] 瞬时帧率=63.3fps, 平均帧率=64.6fps, 总帧数=2850, 运行时间=44.2s
[DEBUG] armors=1, targets=1
[DEBUG] armors=1, targets=1
[DEBUG] armors=1, targets=1
[DEBUG] armors=1, targets=1
[DEBUG] armors=1, targets=1
[DEBUG] armors=1, targets=1
[DEBUG] armors=1, targets=1
[DEBUG] armors=1, targets=1
[DEBUG] armors=1, targets=1
[DEBUG] armors=1, targets=1
[2026-09-05 12:54:26.115] [info] [DRYRUN] measured_gimbal=(2.750,-0.073,0.091) measured_world=(2.745,0.161,-0.112) tracked_world=(2.779,0.163,-0.114) target_gimbal_deg=(-1.52,1.90) target_world_deg=(3.35,-2.34) gimbal_deg=(4.87,4.24) armor_y_px=509.3 pixel_error_deg=(2.23,-0.75) ballistic=(range=2.751m holdover=0.522m comp=10.53deg residual=-11.28deg) q_wxyz=(0.998414,0.001571,0.036941,-0.042454) cmd_deg=(3.38,-14.45) packed_pitch_deg=-14.45 control=true shoot=false
[DEBUG] armors=1, targets=1
[DEBUG] armors=1, targets=1
[DEBUG] armors=1, targets=1
[DEBUG] armors=1, targets=1
[DEBUG] armors=1, targets=1
[DEBUG] armors=1, targets=1
[DEBUG] armors=1, targets=1
[DEBUG] armors=1, targets=1
[DEBUG] armors=1, targets=1
[DEBUG] armors=1, targets=1
[DEBUG] armors=1, targets=1
[DEBUG] armors=1, targets=1
[DEBUG] armors=1, targets=1
[DEBUG] armors=1, targets=1
[DEBUG] armors=1, targets=1
[DEBUG] armors=1, targets=1
[DEBUG] armors=1, targets=1
[DEBUG] armors=1, targets=1
[DEBUG] armors=1, targets=1
[DEBUG] armors=1, targets=1
[2026-09-05 12:54:26.425] [info] [DRYRUN] measured_gimbal=(2.771,-0.073,0.092) measured_world=(2.766,0.163,-0.113) tracked_world=(2.783,0.164,-0.114) target_gimbal_deg=(-1.50,1.90) target_world_deg=(3.37,-2.33) gimbal_deg=(4.87,4.24) armor_y_px=508.7 pixel_error_deg=(2.21,-0.77) ballistic=(range=2.771m holdover=0.528m comp=10.56deg residual=-11.33deg) q_wxyz=(0.998414,0.001571,0.036941,-0.042454) cmd_deg=(3.36,-14.50) packed_pitch_deg=-14.50 control=true shoot=false
[DEBUG] armors=1, targets=1
[DEBUG] armors=1, targets=1
[DEBUG] armors=1, targets=1
[DEBUG] armors=1, targets=1
[DEBUG] armors=0, targets=1
[DEBUG] armors=1, targets=1
[DEBUG] armors=1, targets=1
[DEBUG] armors=1, targets=1
[DEBUG] armors=1, targets=1
[DEBUG] armors=1, targets=1
[DEBUG] armors=1, targets=1
[DEBUG] armors=1, targets=1
[DEBUG] armors=1, targets=1
[DEBUG] armors=1, targets=1
[DEBUG] armors=1, targets=1
[DEBUG] armors=1, targets=1
[DEBUG] armors=1, targets=1
[DEBUG] armors=1, targets=1
[DEBUG] armors=1, targets=1
[2026-09-05 12:54:26.722] [info] [SYNC][XUC] mode=0 yaw=-4.87 deg pitch=4.24 deg feeder_rpm=0.00 wheel0_rpm=0 wheel1_rpm=0 wheel_delta=0 projectile_speed=12.80
[DEBUG] armors=0, targets=1
[2026-09-05 12:54:26.737] [info] [PERF] 总耗时=14.9ms (检测=12.7ms, 跟踪=0.0ms), FPS=67.1
[2026-09-05 12:54:26.737] [info] 📊 [CAMERA FPS] 瞬时帧率=67.0fps, 平均帧率=64.5fps, 总帧数=2900, 运行时间=44.9s
[DEBUG] armors=1, targets=1
[DEBUG] armors=1, targets=1
[DEBUG] armors=1, targets=1
[DEBUG] armors=1, targets=1
[DEBUG] armors=1, targets=1
[DEBUG] armors=1, targets=1
[DEBUG] armors=1, targets=1
[DEBUG] armors=1, targets=1
[DEBUG] armors=1, targets=1
[DEBUG] armors=1, targets=1
[DEBUG] armors=1, targets=1
[DEBUG] armors=1, targets=1
[DEBUG] armors=1, targets=1
[DEBUG] armors=1, targets=1
[DEBUG] armors=1, targets=1
[DEBUG] armors=1, targets=1
[DEBUG] armors=1, targets=1
[DEBUG] armors=1, targets=1
[DEBUG] armors=1, targets=1
[DEBUG] armors=1, targets=1
[2026-09-05 12:54:27.053] [info] [DRYRUN] measured_gimbal=(2.806,-0.073,0.093) measured_world=(2.801,0.165,-0.115) tracked_world=(2.781,0.164,-0.114) target_gimbal_deg=(-1.49,1.89) target_world_deg=(3.38,-2.35) gimbal_deg=(4.87,4.24) armor_y_px=508.5 pixel_error_deg=(2.21,-0.77) ballistic=(range=2.807m holdover=0.537m comp=10.61deg residual=-11.38deg) q_wxyz=(0.998414,0.001571,0.036941,-0.042454) cmd_deg=(3.36,-14.49) packed_pitch_deg=-14.49 control=true shoot=false
[DEBUG] armors=1, targets=1
[DEBUG] armors=0, targets=1
[DEBUG] armors=1, targets=1
[DEBUG] armors=1, targets=1
[DEBUG] armors=1, targets=1
[DEBUG] armors=1, targets=1
[DEBUG] armors=1, targets=1
[DEBUG] armors=1, targets=1
[DEBUG] armors=1, targets=1
[DEBUG] armors=1, targets=1
[DEBUG] armors=1, targets=1
[DEBUG] armors=1, targets=1
[DEBUG] armors=1, targets=1
[DEBUG] armors=0, targets=1
[DEBUG] armors=1, targets=1
[DEBUG] armors=1, targets=1
[DEBUG] armors=1, targets=1
[DEBUG] armors=1, targets=1
[DEBUG] armors=1, targets=1
[DEBUG] armors=1, targets=1
[2026-09-05 12:54:27.364] [info] [DRYRUN] measured_gimbal=(2.791,-0.073,0.092) measured_world=(2.786,0.164,-0.114) tracked_world=(2.780,0.164,-0.114) target_gimbal_deg=(-1.50,1.89) target_world_deg=(3.37,-2.34) gimbal_deg=(4.87,4.24) armor_y_px=508.6 pixel_error_deg=(2.21,-0.77) ballistic=(range=2.791m holdover=0.533m comp=10.59deg residual=-11.36deg) q_wxyz=(0.998414,0.001571,0.036941,-0.042454) cmd_deg=(3.37,-14.49) packed_pitch_deg=-14.49 control=true shoot=false
[DEBUG] armors=1, targets=1
[DEBUG] armors=1, targets=1
[DEBUG] armors=1, targets=1
[DEBUG] armors=1, targets=1
[DEBUG] armors=0, targets=1
[DEBUG] armors=1, targets=1
[DEBUG] armors=1, targets=1
[DEBUG] armors=1, targets=1
[DEBUG] armors=1, targets=1
[2026-09-05 12:54:27.508] [info] [SYNC][XUC] mode=0 yaw=-4.87 deg pitch=4.24 deg feeder_rpm=0.00 wheel0_rpm=0 wheel1_rpm=0 wheel_delta=0 projectile_speed=12.80
[DEBUG] armors=1, targets=1
[2026-09-05 12:54:27.525] [info] [PERF] 总耗时=16.8ms (检测=13.7ms, 跟踪=0.5ms), FPS=59.4
[2026-09-05 12:54:27.525] [info] 📊 [CAMERA FPS] 瞬时帧率=59.3fps, 平均帧率=64.5fps, 总帧数=2950, 运行时间=45.7s
[DEBUG] armors=1, targets=1
[DEBUG] armors=1, targets=1
[DEBUG] armors=1, targets=1
[DEBUG] armors=1, targets=1
[DEBUG] armors=1, targets=1
[DEBUG] armors=1, targets=1
[DEBUG] armors=1, targets=1
[DEBUG] armors=1, targets=1
[DEBUG] armors=0, targets=1
[DEBUG] armors=1, targets=1
[2026-09-05 12:54:27.679] [info] [DRYRUN] measured_gimbal=(2.774,-0.073,0.092) measured_world=(2.770,0.163,-0.113) tracked_world=(2.783,0.164,-0.114) target_gimbal_deg=(-1.50,1.90) target_world_deg=(3.37,-2.34) gimbal_deg=(4.87,4.24) armor_y_px=508.7 pixel_error_deg=(2.21,-0.77) ballistic=(range=2.775m holdover=0.529m comp=10.56deg residual=-11.33deg) q_wxyz=(0.998414,0.001571,0.036941,-0.042454) cmd_deg=(3.37,-14.46) packed_pitch_deg=-14.46 control=true shoot=false
[DEBUG] armors=1, targets=1
[DEBUG] armors=1, targets=1
[DEBUG] armors=1, targets=1
[DEBUG] armors=1, targets=1
[DEBUG] armors=1, targets=1
[DEBUG] armors=1, targets=1
[DEBUG] armors=1, targets=1
[DEBUG] armors=1, targets=1
[DEBUG] armors=1, targets=1
[DEBUG] armors=1, targets=1
[DEBUG] armors=1, targets=1
[DEBUG] armors=1, targets=1
[DEBUG] armors=1, targets=1
[DEBUG] armors=1, targets=1
[DEBUG] armors=1, targets=1
[DEBUG] armors=1, targets=1
[DEBUG] armors=1, targets=1
[DEBUG] armors=0, targets=1
[DEBUG] armors=1, targets=1
[DEBUG] armors=1, targets=1
[2026-09-05 12:54:27.995] [info] [DRYRUN] measured_gimbal=(2.747,-0.072,0.091) measured_world=(2.743,0.161,-0.112) tracked_world=(2.789,0.164,-0.115) target_gimbal_deg=(-1.51,1.89) target_world_deg=(3.36,-2.34) gimbal_deg=(4.87,4.24) armor_y_px=509.4 pixel_error_deg=(2.21,-0.75) ballistic=(range=2.748m holdover=0.522m comp=10.53deg residual=-11.28deg) q_wxyz=(0.998414,0.001571,0.036941,-0.042454) cmd_deg=(3.38,-14.48) packed_pitch_deg=-14.48 control=true shoot=false
[DEBUG] armors=1, targets=1
[DEBUG] armors=1, targets=1
[DEBUG] armors=1, targets=1
[DEBUG] armors=1, targets=1
[DEBUG] armors=1, targets=1
[DEBUG] armors=1, targets=1
[DEBUG] armors=1, targets=1
[DEBUG] armors=1, targets=1
[DEBUG] armors=1, targets=1
[DEBUG] armors=1, targets=1
[DEBUG] armors=1, targets=1
[DEBUG] armors=1, targets=1
[DEBUG] armors=1, targets=1
[DEBUG] armors=1, targets=1
[DEBUG] armors=1, targets=1
[DEBUG] armors=1, targets=1
[DEBUG] armors=0, targets=1
[DEBUG] armors=1, targets=1
[DEBUG] armors=1, targets=1
[2026-09-05 12:54:28.292] [info] [SYNC][XUC] mode=0 yaw=-4.87 deg pitch=4.24 deg feeder_rpm=0.00 wheel0_rpm=0 wheel1_rpm=0 wheel_delta=0 projectile_speed=12.80
[DEBUG] armors=1, targets=1
[2026-09-05 12:54:28.306] [info] [DRYRUN] measured_gimbal=(2.737,-0.072,0.091) measured_world=(2.733,0.160,-0.111) tracked_world=(2.786,0.164,-0.114) target_gimbal_deg=(-1.51,1.91) target_world_deg=(3.36,-2.33) gimbal_deg=(4.87,4.24) armor_y_px=508.9 pixel_error_deg=(2.22,-0.76) ballistic=(range=2.738m holdover=0.519m comp=10.51deg residual=-11.27deg) q_wxyz=(0.998414,0.001571,0.036941,-0.042454) cmd_deg=(3.37,-14.43) packed_pitch_deg=-14.43 control=true shoot=false
[2026-09-05 12:54:28.308] [info] [PERF] 总耗时=16.1ms (检测=13.0ms, 跟踪=0.4ms), FPS=62.0
[2026-09-05 12:54:28.308] [info] 📊 [CAMERA FPS] 瞬时帧率=61.9fps, 平均帧率=64.5fps, 总帧数=3000, 运行时间=46.5s
[DEBUG] armors=1, targets=1
[DEBUG] armors=1, targets=1
[DEBUG] armors=1, targets=1
[DEBUG] armors=1, targets=1
[DEBUG] armors=1, targets=1
[2026-09-05 12:54:28.386] [info] Switch to auto_aim
[DEBUG] armors=1, targets=1
[DEBUG] armors=1, targets=1
[DEBUG] armors=1, targets=1
[DEBUG] armors=1, targets=1
[2026-09-05 12:54:28.448] [info] [SYNC][XUC] mode=1 yaw=-4.49 deg pitch=3.97 deg feeder_rpm=0.00 wheel0_rpm=1660 wheel1_rpm=1820 wheel_delta=-160 projectile_speed=12.80
[DEBUG] armors=1, targets=1
[DEBUG] armors=1, targets=1
[DEBUG] armors=1, targets=1
[DEBUG] armors=1, targets=1
[DEBUG] armors=1, targets=1
[2026-09-05 12:54:28.525] [info] [SYNC][XUC] mode=1 yaw=-4.24 deg pitch=1.75 deg feeder_rpm=0.00 wheel0_rpm=2740 wheel1_rpm=2860 wheel_delta=-120 projectile_speed=12.80
[DEBUG] armors=1, targets=1
[DEBUG] armors=1, targets=1
[DEBUG] armors=1, targets=1
[DEBUG] armors=1, targets=1
[DEBUG] armors=0, targets=1
[2026-09-05 12:54:28.603] [info] [SYNC][XUC] mode=1 yaw=-4.29 deg pitch=-1.95 deg feeder_rpm=0.00 wheel0_rpm=3080 wheel1_rpm=3100 wheel_delta=-20 projectile_speed=12.80
[DEBUG] armors=0, targets=1
[DEBUG] armors=0, targets=1
[DEBUG] armors=1, targets=1
[DEBUG] armors=1, targets=1
[DEBUG] armors=1, targets=1
[2026-09-05 12:54:28.684] [info] [SYNC][XUC] mode=1 yaw=-4.32 deg pitch=-5.68 deg feeder_rpm=0.00 wheel0_rpm=3160 wheel1_rpm=3120 wheel_delta=40 projectile_speed=12.80
[DEBUG] armors=1, targets=1
[2026-09-05 12:54:28.698] [info] [XUC][FIRE] stable-window candidate started
[DEBUG] armors=1, targets=1
[DEBUG] armors=0, targets=1
[2026-09-05 12:54:28.729] [info] [XUC][FIRE] stable window reset
[DEBUG] armors=1, targets=1
[2026-09-05 12:54:28.745] [info] [XUC][FIRE] stable-window candidate started
[DEBUG] armors=0, targets=1
[2026-09-05 12:54:28.760] [info] [XUC][FIRE] stable window reset
[2026-09-05 12:54:28.762] [info] [SYNC][XUC] mode=1 yaw=-4.33 deg pitch=-6.91 deg feeder_rpm=0.00 wheel0_rpm=3140 wheel1_rpm=3140 wheel_delta=0 projectile_speed=12.80
[DEBUG] armors=0, targets=1
[DEBUG] armors=0, targets=1
[DEBUG] armors=1, targets=1
[2026-09-05 12:54:28.805] [info] [XUC][FIRE] stable-window candidate started
[DEBUG] armors=1, targets=1
[DEBUG] armors=0, targets=1
[2026-09-05 12:54:28.835] [info] [XUC][FIRE] stable window reset
[2026-09-05 12:54:28.837] [info] [SYNC][XUC] mode=1 yaw=-4.33 deg pitch=-7.06 deg feeder_rpm=0.00 wheel0_rpm=3200 wheel1_rpm=3120 wheel_delta=80 projectile_speed=12.80
[DEBUG] armors=1, targets=1
[2026-09-05 12:54:28.851] [info] [XUC][FIRE] stable-window candidate started
[DEBUG] armors=1, targets=1
[DEBUG] armors=1, targets=1
[DEBUG] armors=1, targets=1
[DEBUG] armors=1, targets=1
[2026-09-05 12:54:28.916] [info] [SYNC][XUC] mode=1 yaw=-4.32 deg pitch=-7.00 deg feeder_rpm=0.00 wheel0_rpm=3140 wheel1_rpm=3160 wheel_delta=-20 projectile_speed=12.80
[DEBUG] armors=0, targets=1
[2026-09-05 12:54:28.929] [info] [XUC][FIRE] stable window reset
[DEBUG] armors=0, targets=1
[DEBUG] armors=0, targets=1
[DEBUG] armors=0, targets=1
[DEBUG] armors=0, targets=1
[2026-09-05 12:54:28.992] [info] [SYNC][XUC] mode=1 yaw=-4.32 deg pitch=-6.85 deg feeder_rpm=0.00 wheel0_rpm=3180 wheel1_rpm=3180 wheel_delta=0 projectile_speed=12.80
[DEBUG] armors=0, targets=1
[DEBUG] armors=0, targets=1
[DEBUG] armors=1, targets=1
[2026-09-05 12:54:29.036] [info] [XUC][FIRE] stable-window candidate started
[DEBUG] armors=1, targets=1
[DEBUG] armors=1, targets=1
[2026-09-05 12:54:29.070] [info] [SYNC][XUC] mode=1 yaw=-4.32 deg pitch=-6.72 deg feeder_rpm=0.00 wheel0_rpm=3100 wheel1_rpm=3140 wheel_delta=-40 projectile_speed=12.80
[DEBUG] armors=1, targets=1
[2026-09-05 12:54:29.086] [info] [PERF] 总耗时=15.9ms (检测=13.0ms, 跟踪=0.4ms), FPS=62.8
[2026-09-05 12:54:29.086] [info] 📊 [CAMERA FPS] 瞬时帧率=62.6fps, 平均帧率=64.5fps, 总帧数=3050, 运行时间=47.3s
[DEBUG] armors=0, targets=1
[2026-09-05 12:54:29.098] [info] [XUC][FIRE] stable window reset
[DEBUG] armors=1, targets=1
[2026-09-05 12:54:29.114] [info] [XUC][FIRE] stable-window candidate started
[DEBUG] armors=1, targets=1
[DEBUG] armors=1, targets=1
[2026-09-05 12:54:29.148] [info] [SYNC][XUC] mode=1 yaw=-4.32 deg pitch=-6.64 deg feeder_rpm=0.00 wheel0_rpm=3160 wheel1_rpm=3160 wheel_delta=0 projectile_speed=12.80
[DEBUG] armors=1, targets=1
[DEBUG] armors=1, targets=1
[DEBUG] armors=1, targets=1
[DEBUG] armors=1, targets=1
[DEBUG] armors=1, targets=1
[2026-09-05 12:54:29.227] [info] [SYNC][XUC] mode=1 yaw=-4.32 deg pitch=-6.61 deg feeder_rpm=0.00 wheel0_rpm=3160 wheel1_rpm=3140 wheel_delta=20 projectile_speed=12.80
[DEBUG] armors=1, targets=1
[2026-09-05 12:54:29.241] [info] [DRYRUN] measured_gimbal=(2.791,-0.041,-0.458) measured_world=(2.821,0.172,-0.134) tracked_world=(2.845,0.175,-0.138) target_gimbal_deg=(-0.84,-9.33) target_world_deg=(3.49,-2.72) gimbal_deg=(4.32,-6.61) armor_y_px=970.7 pixel_error_deg=(1.56,10.45) ballistic=(range=2.792m holdover=0.524m comp=10.42deg residual=0.03deg) q_wxyz=(0.997627,-0.002173,-0.057627,-0.037618) cmd_deg=(3.57,-6.64) packed_pitch_deg=-6.64 control=true shoot=false
[DEBUG] armors=1, targets=1
[DEBUG] armors=1, targets=1
[DEBUG] armors=1, targets=1
[DEBUG] armors=1, targets=1
[2026-09-05 12:54:29.307] [info] [SYNC][XUC] mode=1 yaw=-4.32 deg pitch=-6.59 deg feeder_rpm=0.00 wheel0_rpm=3200 wheel1_rpm=3180 wheel_delta=20 projectile_speed=12.80
[DEBUG] armors=1, targets=1
[2026-09-05 12:54:29.319] [info] [XUC][FIRE] qualified after 207 ms, pixel error deg=(1.55,-0.04)
[DEBUG] armors=1, targets=1
[DEBUG] armors=1, targets=1
[DEBUG] armors=1, targets=1
[DEBUG] armors=1, targets=1
[2026-09-05 12:54:29.383] [info] [SYNC][XUC] mode=1 yaw=-4.32 deg pitch=-6.59 deg feeder_rpm=2116.00 wheel0_rpm=3140 wheel1_rpm=3140 wheel_delta=0 projectile_speed=12.80
[DEBUG] armors=1, targets=1
[DEBUG] armors=0, targets=1
[2026-09-05 12:54:29.412] [info] [XUC][FIRE] stable window reset
[DEBUG] armors=1, targets=1
[2026-09-05 12:54:29.427] [info] [XUC][FIRE] stable-window candidate started
[DEBUG] armors=1, targets=1
[DEBUG] armors=1, targets=1
[2026-09-05 12:54:29.461] [info] [SYNC][XUC] mode=1 yaw=-4.32 deg pitch=-6.59 deg feeder_rpm=2145.00 wheel0_rpm=3140 wheel1_rpm=3180 wheel_delta=-40 projectile_speed=12.80
[DEBUG] armors=1, targets=1
[DEBUG] armors=0, targets=1
[2026-09-05 12:54:29.488] [info] [XUC][FIRE] stable window reset
[DEBUG] armors=0, targets=1
[DEBUG] armors=1, targets=1
[2026-09-05 12:54:29.518] [info] [XUC][FIRE] stable-window candidate started
[DEBUG] armors=1, targets=1
[2026-09-05 12:54:29.537] [info] [SYNC][XUC] mode=1 yaw=-4.32 deg pitch=-6.60 deg feeder_rpm=7.00 wheel0_rpm=3180 wheel1_rpm=3140 wheel_delta=40 projectile_speed=12.80
[DEBUG] armors=1, targets=1
[2026-09-05 12:54:29.550] [info] [DRYRUN] measured_gimbal=(2.798,-0.040,-0.459) measured_world=(2.827,0.173,-0.135) tracked_world=(2.854,0.175,-0.138) target_gimbal_deg=(-0.82,-9.32) target_world_deg=(3.51,-2.72) gimbal_deg=(4.32,-6.60) armor_y_px=970.1 pixel_error_deg=(1.54,10.43) ballistic=(range=2.798m holdover=0.526m comp=10.43deg residual=0.00deg) q_wxyz=(0.997636,-0.002166,-0.057494,-0.037586) cmd_deg=(3.51,-6.59) packed_pitch_deg=-6.59 control=true shoot=false
[DEBUG] armors=1, targets=1
[DEBUG] armors=0, targets=1
[2026-09-05 12:54:29.580] [info] [XUC][FIRE] stable window reset
[DEBUG] armors=0, targets=1
[DEBUG] armors=1, targets=1
[2026-09-05 12:54:29.610] [info] [XUC][FIRE] stable-window candidate started
[2026-09-05 12:54:29.613] [info] [SYNC][XUC] mode=1 yaw=-4.32 deg pitch=-6.58 deg feeder_rpm=0.00 wheel0_rpm=3120 wheel1_rpm=3180 wheel_delta=-60 projectile_speed=12.80
[DEBUG] armors=1, targets=1
[DEBUG] armors=1, targets=1
[DEBUG] armors=1, targets=1
[DEBUG] armors=0, targets=1
[2026-09-05 12:54:29.671] [info] [XUC][FIRE] stable window reset
[DEBUG] armors=1, targets=1
[2026-09-05 12:54:29.687] [info] [XUC][FIRE] stable-window candidate started
[2026-09-05 12:54:29.689] [info] [SYNC][XUC] mode=1 yaw=-4.31 deg pitch=-6.57 deg feeder_rpm=0.00 wheel0_rpm=3160 wheel1_rpm=3160 wheel_delta=0 projectile_speed=12.80
[DEBUG] armors=0, targets=1
[2026-09-05 12:54:29.702] [info] [XUC][FIRE] stable window reset
[DEBUG] armors=0, targets=1
[DEBUG] armors=0, targets=1
[DEBUG] armors=1, targets=1
[2026-09-05 12:54:29.749] [info] [XUC][FIRE] stable-window candidate started
[DEBUG] armors=0, targets=1
[2026-09-05 12:54:29.764] [info] [XUC][FIRE] stable window reset
[2026-09-05 12:54:29.767] [info] [SYNC][XUC] mode=1 yaw=-4.31 deg pitch=-6.57 deg feeder_rpm=0.00 wheel0_rpm=3120 wheel1_rpm=3160 wheel_delta=-40 projectile_speed=12.80
[DEBUG] armors=1, targets=1
[2026-09-05 12:54:29.780] [info] [XUC][FIRE] stable-window candidate started
[DEBUG] armors=0, targets=1
[2026-09-05 12:54:29.795] [info] [XUC][FIRE] stable window reset
[DEBUG] armors=0, targets=1
[DEBUG] armors=1, targets=1
[2026-09-05 12:54:29.827] [info] [XUC][FIRE] stable-window candidate started
[DEBUG] armors=0, targets=1
[2026-09-05 12:54:29.842] [info] [XUC][FIRE] stable window reset
[2026-09-05 12:54:29.844] [info] [SYNC][XUC] mode=1 yaw=-4.31 deg pitch=-6.57 deg feeder_rpm=0.00 wheel0_rpm=3200 wheel1_rpm=3140 wheel_delta=60 projectile_speed=12.80
[DEBUG] armors=0, targets=1
[2026-09-05 12:54:29.860] [info] [PERF] 总耗时=15.4ms (检测=12.9ms, 跟踪=0.0ms), FPS=64.7
[2026-09-05 12:54:29.860] [info] 📊 [CAMERA FPS] 瞬时帧率=64.6fps, 平均帧率=64.5fps, 总帧数=3100, 运行时间=48.1s
[DEBUG] armors=0, targets=1
[DEBUG] armors=0, targets=1
[DEBUG] armors=0, targets=1
[DEBUG] armors=0, targets=1
[2026-09-05 12:54:29.920] [info] [SYNC][XUC] mode=1 yaw=-4.31 deg pitch=-6.55 deg feeder_rpm=0.00 wheel0_rpm=3200 wheel1_rpm=3160 wheel_delta=40 projectile_speed=12.80
[DEBUG] armors=0, targets=1
[DEBUG] armors=1, targets=1
[2026-09-05 12:54:29.949] [info] [XUC][FIRE] stable-window candidate started
[DEBUG] armors=0, targets=1
[2026-09-05 12:54:29.963] [info] [XUC][FIRE] stable window reset
[DEBUG] armors=0, targets=1
[DEBUG] armors=0, targets=1
[2026-09-05 12:54:29.995] [info] [SYNC][XUC] mode=1 yaw=-4.31 deg pitch=-6.55 deg feeder_rpm=0.00 wheel0_rpm=3180 wheel1_rpm=3140 wheel_delta=40 projectile_speed=12.80
[DEBUG] armors=0, targets=1
[DEBUG] armors=1, targets=1
[2026-09-05 12:54:30.023] [info] [XUC][FIRE] stable-window candidate started
[DEBUG] armors=0, targets=1
[2026-09-05 12:54:30.039] [info] [XUC][FIRE] stable window reset
[DEBUG] armors=0, targets=1
[DEBUG] armors=1, targets=1
[2026-09-05 12:54:30.070] [info] [XUC][FIRE] stable-window candidate started
[2026-09-05 12:54:30.073] [info] [SYNC][XUC] mode=1 yaw=-4.31 deg pitch=-6.54 deg feeder_rpm=0.00 wheel0_rpm=3160 wheel1_rpm=3160 wheel_delta=0 projectile_speed=12.80
[DEBUG] armors=0, targets=1
[2026-09-05 12:54:30.085] [info] [XUC][FIRE] stable window reset
[DEBUG] armors=1, targets=1
[2026-09-05 12:54:30.100] [info] [XUC][FIRE] stable-window candidate started
[DEBUG] armors=1, targets=1
[DEBUG] armors=0, targets=1
[2026-09-05 12:54:30.130] [info] [XUC][FIRE] stable window reset
[DEBUG] armors=1, targets=1
[2026-09-05 12:54:30.146] [info] [XUC][FIRE] stable-window candidate started
[2026-09-05 12:54:30.149] [info] [SYNC][XUC] mode=1 yaw=-4.31 deg pitch=-6.55 deg feeder_rpm=0.00 wheel0_rpm=3200 wheel1_rpm=3160 wheel_delta=40 projectile_speed=12.80
[DEBUG] armors=0, targets=1
[2026-09-05 12:54:30.162] [info] [XUC][FIRE] stable window reset
[DEBUG] armors=0, targets=1
[DEBUG] armors=1, targets=1
[2026-09-05 12:54:30.195] [info] [XUC][FIRE] stable-window candidate started
[DEBUG] armors=0, targets=1
[2026-09-05 12:54:30.210] [info] [XUC][FIRE] stable window reset
[DEBUG] armors=1, targets=1
[2026-09-05 12:54:30.225] [info] [XUC][FIRE] stable-window candidate started
[2026-09-05 12:54:30.228] [info] [SYNC][XUC] mode=1 yaw=-4.30 deg pitch=-6.56 deg feeder_rpm=-4.00 wheel0_rpm=3140 wheel1_rpm=3160 wheel_delta=-20 projectile_speed=12.80
[DEBUG] armors=0, targets=1
[2026-09-05 12:54:30.240] [info] [XUC][FIRE] stable window reset
[DEBUG] armors=0, targets=1
[DEBUG] armors=1, targets=1
[2026-09-05 12:54:30.270] [info] [XUC][FIRE] stable-window candidate started
[DEBUG] armors=1, targets=1
[DEBUG] armors=0, targets=1
[2026-09-05 12:54:30.300] [info] [XUC][FIRE] stable window reset
[2026-09-05 12:54:30.302] [info] [SYNC][XUC] mode=1 yaw=-4.30 deg pitch=-6.57 deg feeder_rpm=0.00 wheel0_rpm=3200 wheel1_rpm=3160 wheel_delta=40 projectile_speed=12.80
[DEBUG] armors=1, targets=1
[2026-09-05 12:54:30.315] [info] [XUC][FIRE] stable-window candidate started
[DEBUG] armors=0, targets=1
[2026-09-05 12:54:30.330] [info] [XUC][FIRE] stable window reset
[DEBUG] armors=1, targets=1
[2026-09-05 12:54:30.345] [info] [XUC][FIRE] stable-window candidate started
[DEBUG] armors=1, targets=1
[DEBUG] armors=1, targets=1
[2026-09-05 12:54:30.379] [info] [SYNC][XUC] mode=1 yaw=-4.30 deg pitch=-6.58 deg feeder_rpm=0.00 wheel0_rpm=3160 wheel1_rpm=3180 wheel_delta=-20 projectile_speed=12.80
[DEBUG] armors=0, targets=1
[2026-09-05 12:54:30.392] [info] [XUC][FIRE] stable window reset
[DEBUG] armors=1, targets=1
[2026-09-05 12:54:30.408] [info] [XUC][FIRE] stable-window candidate started
[DEBUG] armors=1, targets=1
[DEBUG] armors=0, targets=1
[2026-09-05 12:54:30.438] [info] [XUC][FIRE] stable window reset
[DEBUG] armors=1, targets=1
[2026-09-05 12:54:30.453] [info] [XUC][FIRE] stable-window candidate started
[2026-09-05 12:54:30.456] [info] [SYNC][XUC] mode=1 yaw=-4.31 deg pitch=-6.57 deg feeder_rpm=-8.00 wheel0_rpm=3140 wheel1_rpm=3180 wheel_delta=-40 projectile_speed=12.80
[DEBUG] armors=0, targets=1
[2026-09-05 12:54:30.468] [info] [XUC][FIRE] stable window reset
[DEBUG] armors=0, targets=1
[DEBUG] armors=0, targets=1
[DEBUG] armors=1, targets=1
[2026-09-05 12:54:30.514] [info] [XUC][FIRE] stable-window candidate started
[DEBUG] armors=1, targets=1
[2026-09-05 12:54:30.533] [info] [SYNC][XUC] mode=1 yaw=-4.30 deg pitch=-6.58 deg feeder_rpm=0.00 wheel0_rpm=3180 wheel1_rpm=3140 wheel_delta=40 projectile_speed=12.80
[DEBUG] armors=1, targets=1
[DEBUG] armors=0, targets=1
[2026-09-05 12:54:30.562] [info] [XUC][FIRE] stable window reset
[DEBUG] armors=0, targets=1
[DEBUG] armors=1, targets=1
[2026-09-05 12:54:30.592] [info] [XUC][FIRE] stable-window candidate started
[DEBUG] armors=1, targets=1
[2026-09-05 12:54:30.610] [info] [SYNC][XUC] mode=1 yaw=-4.30 deg pitch=-6.58 deg feeder_rpm=-4.00 wheel0_rpm=3180 wheel1_rpm=3160 wheel_delta=20 projectile_speed=12.80
[DEBUG] armors=1, targets=1
[2026-09-05 12:54:30.626] [info] [PERF] 总耗时=16.0ms (检测=13.0ms, 跟踪=0.5ms), FPS=62.4
[2026-09-05 12:54:30.626] [info] 📊 [CAMERA FPS] 瞬时帧率=62.2fps, 平均帧率=64.5fps, 总帧数=3150, 运行时间=48.8s
[DEBUG] armors=0, targets=1
[2026-09-05 12:54:30.639] [info] [XUC][FIRE] stable window reset
[DEBUG] armors=1, targets=1
[2026-09-05 12:54:30.656] [info] [XUC][FIRE] stable-window candidate started
[DEBUG] armors=0, targets=1
[2026-09-05 12:54:30.671] [info] [XUC][FIRE] stable window reset
[DEBUG] armors=0, targets=1
[2026-09-05 12:54:30.689] [info] [SYNC][XUC] mode=1 yaw=-4.30 deg pitch=-6.56 deg feeder_rpm=0.00 wheel0_rpm=3120 wheel1_rpm=3160 wheel_delta=-40 projectile_speed=12.80
[DEBUG] armors=1, targets=1
[2026-09-05 12:54:30.703] [info] [XUC][FIRE] stable-window candidate started
[DEBUG] armors=1, targets=1
[DEBUG] armors=0, targets=1
[2026-09-05 12:54:30.734] [info] [XUC][FIRE] stable window reset
[DEBUG] armors=0, targets=1
[DEBUG] armors=0, targets=1
[2026-09-05 12:54:30.767] [info] [SYNC][XUC] mode=1 yaw=-4.29 deg pitch=-6.55 deg feeder_rpm=0.00 wheel0_rpm=3160 wheel1_rpm=3140 wheel_delta=20 projectile_speed=12.80
[DEBUG] armors=1, targets=1
[2026-09-05 12:54:30.781] [info] [XUC][FIRE] stable-window candidate started
[2026-09-05 12:54:30.781] [info] [DRYRUN] measured_gimbal=(2.808,-0.041,-0.461) measured_world=(2.837,0.172,-0.138) tracked_world=(2.854,0.174,-0.138) target_gimbal_deg=(-0.83,-9.32) target_world_deg=(3.48,-2.77) gimbal_deg=(4.29,-6.55) armor_y_px=970.1 pixel_error_deg=(1.55,10.43) ballistic=(range=2.808m holdover=0.529m comp=10.44deg residual=-0.01deg) q_wxyz=(0.997666,-0.002140,-0.057088,-0.037402) cmd_deg=(3.50,-6.64) packed_pitch_deg=-6.64 control=true shoot=false
[DEBUG] armors=1, targets=1
[DEBUG] armors=1, targets=1
[DEBUG] armors=0, targets=1
[2026-09-05 12:54:30.829] [info] [XUC][FIRE] stable window reset
[DEBUG] armors=0, targets=1
[2026-09-05 12:54:30.846] [info] [SYNC][XUC] mode=1 yaw=-4.30 deg pitch=-6.56 deg feeder_rpm=0.00 wheel0_rpm=3160 wheel1_rpm=3140 wheel_delta=20 projectile_speed=12.80
[DEBUG] armors=1, targets=1
[2026-09-05 12:54:30.860] [info] [XUC][FIRE] stable-window candidate started
[DEBUG] armors=1, targets=1
[DEBUG] armors=1, targets=1
[DEBUG] armors=1, targets=1
[DEBUG] armors=0, targets=1
[2026-09-05 12:54:30.922] [info] [XUC][FIRE] stable window reset
[2026-09-05 12:54:30.925] [info] [SYNC][XUC] mode=1 yaw=-4.30 deg pitch=-6.57 deg feeder_rpm=0.00 wheel0_rpm=3180 wheel1_rpm=3180 wheel_delta=0 projectile_speed=12.80
[DEBUG] armors=0, targets=1
[DEBUG] armors=0, targets=1
[DEBUG] armors=1, targets=1
[2026-09-05 12:54:30.968] [info] [XUC][FIRE] stable-window candidate started
[DEBUG] armors=1, targets=1
[DEBUG] armors=1, targets=1
[2026-09-05 12:54:31.003] [info] [SYNC][XUC] mode=1 yaw=-4.30 deg pitch=-6.57 deg feeder_rpm=0.00 wheel0_rpm=3160 wheel1_rpm=3140 wheel_delta=20 projectile_speed=12.80
[DEBUG] armors=0, targets=1
[2026-09-05 12:54:31.015] [info] [XUC][FIRE] stable window reset
[DEBUG] armors=1, targets=1
[2026-09-05 12:54:31.031] [info] [XUC][FIRE] stable-window candidate started
[DEBUG] armors=1, targets=1
[DEBUG] armors=1, targets=1
[DEBUG] armors=1, targets=1
[2026-09-05 12:54:31.079] [info] [SYNC][XUC] mode=1 yaw=-4.30 deg pitch=-6.57 deg feeder_rpm=0.00 wheel0_rpm=3120 wheel1_rpm=3160 wheel_delta=-40 projectile_speed=12.80
[DEBUG] armors=0, targets=1
[2026-09-05 12:54:31.091] [info] [XUC][FIRE] stable window reset
[DEBUG] armors=0, targets=1
[DEBUG] armors=0, targets=1
[DEBUG] armors=1, targets=1
[2026-09-05 12:54:31.137] [info] [XUC][FIRE] stable-window candidate started
[DEBUG] armors=1, targets=1
[2026-09-05 12:54:31.156] [info] [SYNC][XUC] mode=1 yaw=-4.30 deg pitch=-6.57 deg feeder_rpm=-4.00 wheel0_rpm=3180 wheel1_rpm=3160 wheel_delta=20 projectile_speed=12.80
[DEBUG] armors=0, targets=1
[2026-09-05 12:54:31.168] [info] [XUC][FIRE] stable window reset
[DEBUG] armors=0, targets=1
[DEBUG] armors=1, targets=1
[2026-09-05 12:54:31.198] [info] [XUC][FIRE] stable-window candidate started
[DEBUG] armors=0, targets=1
[2026-09-05 12:54:31.213] [info] [XUC][FIRE] stable window reset
[DEBUG] armors=1, targets=1
[2026-09-05 12:54:31.228] [info] [XUC][FIRE] stable-window candidate started
[2026-09-05 12:54:31.230] [info] [SYNC][XUC] mode=1 yaw=-4.30 deg pitch=-6.57 deg feeder_rpm=0.00 wheel0_rpm=3140 wheel1_rpm=3180 wheel_delta=-40 projectile_speed=12.80
[DEBUG] armors=1, targets=1
[DEBUG] armors=1, targets=1
[DEBUG] armors=1, targets=1
[DEBUG] armors=1, targets=1
[DEBUG] armors=1, targets=1
[2026-09-05 12:54:31.308] [info] [SYNC][XUC] mode=1 yaw=-4.29 deg pitch=-6.59 deg feeder_rpm=-4.00 wheel0_rpm=3200 wheel1_rpm=3160 wheel_delta=40 projectile_speed=12.80
[DEBUG] armors=0, targets=1
[2026-09-05 12:54:31.321] [info] [XUC][FIRE] stable window reset
[DEBUG] armors=0, targets=1
[DEBUG] armors=1, targets=1
[2026-09-05 12:54:31.352] [info] [XUC][FIRE] stable-window candidate started
[DEBUG] armors=1, targets=1
[DEBUG] armors=1, targets=1
[2026-09-05 12:54:31.386] [info] [SYNC][XUC] mode=1 yaw=-4.29 deg pitch=-6.59 deg feeder_rpm=3.00 wheel0_rpm=3120 wheel1_rpm=3160 wheel_delta=-40 projectile_speed=12.80
[DEBUG] armors=1, targets=1
[2026-09-05 12:54:31.399] [info] [DRYRUN] measured_gimbal=(2.847,-0.041,-0.470) measured_world=(2.877,0.175,-0.140) tracked_world=(2.869,0.175,-0.139) target_gimbal_deg=(-0.82,-9.37) target_world_deg=(3.49,-2.78) gimbal_deg=(4.29,-6.59) armor_y_px=971.3 pixel_error_deg=(1.55,10.46) ballistic=(range=2.847m holdover=0.539m comp=10.51deg residual=-0.05deg) q_wxyz=(0.997647,-0.002152,-0.057431,-0.037385) cmd_deg=(3.48,-6.68) packed_pitch_deg=-6.68 control=true shoot=false
[2026-09-05 12:54:31.401] [info] [PERF] 总耗时=15.5ms (检测=12.5ms, 跟踪=0.5ms), FPS=64.6
[2026-09-05 12:54:31.401] [info] 📊 [CAMERA FPS] 瞬时帧率=64.5fps, 平均帧率=64.5fps, 总帧数=3200, 运行时间=49.6s
[DEBUG] armors=1, targets=1
[DEBUG] armors=0, targets=1
[2026-09-05 12:54:31.431] [info] [XUC][FIRE] stable window reset
[DEBUG] armors=1, targets=1
[2026-09-05 12:54:31.447] [info] [XUC][FIRE] stable-window candidate started
[DEBUG] armors=1, targets=1
[2026-09-05 12:54:31.465] [info] [SYNC][XUC] mode=1 yaw=-4.29 deg pitch=-6.59 deg feeder_rpm=0.00 wheel0_rpm=3200 wheel1_rpm=3140 wheel_delta=60 projectile_speed=12.80
[DEBUG] armors=1, targets=1
[DEBUG] armors=1, targets=1
[DEBUG] armors=1, targets=1
[DEBUG] armors=1, targets=1
[DEBUG] armors=1, targets=1
[2026-09-05 12:54:31.543] [info] [SYNC][XUC] mode=1 yaw=-4.29 deg pitch=-6.60 deg feeder_rpm=-4.00 wheel0_rpm=3180 wheel1_rpm=3140 wheel_delta=40 projectile_speed=12.80
[DEBUG] armors=1, targets=1
[DEBUG] armors=1, targets=1
[DEBUG] armors=0, targets=1
[2026-09-05 12:54:31.588] [info] [XUC][FIRE] stable window reset
[DEBUG] armors=0, targets=1
[DEBUG] armors=1, targets=1
[2026-09-05 12:54:31.619] [info] [XUC][FIRE] stable-window candidate started
[2026-09-05 12:54:31.621] [info] [SYNC][XUC] mode=1 yaw=-4.29 deg pitch=-6.60 deg feeder_rpm=-4.00 wheel0_rpm=3140 wheel1_rpm=3120 wheel_delta=20 projectile_speed=12.80
[DEBUG] armors=1, targets=1
[DEBUG] armors=1, targets=1
[DEBUG] armors=1, targets=1
[DEBUG] armors=1, targets=1
[DEBUG] armors=1, targets=1
[2026-09-05 12:54:31.700] [info] [SYNC][XUC] mode=1 yaw=-4.29 deg pitch=-6.61 deg feeder_rpm=0.00 wheel0_rpm=3200 wheel1_rpm=3160 wheel_delta=40 projectile_speed=12.80
[DEBUG] armors=1, targets=1
[2026-09-05 12:54:31.713] [info] [DRYRUN] measured_gimbal=(2.822,-0.041,-0.464) measured_world=(2.852,0.173,-0.136) tracked_world=(2.868,0.174,-0.138) target_gimbal_deg=(-0.82,-9.33) target_world_deg=(3.48,-2.72) gimbal_deg=(4.29,-6.61) armor_y_px=970.3 pixel_error_deg=(1.55,10.44) ballistic=(range=2.823m holdover=0.533m comp=10.47deg residual=-0.03deg) q_wxyz=(0.997636,-0.002160,-0.057619,-0.037394) cmd_deg=(3.48,-6.66) packed_pitch_deg=-6.66 control=true shoot=false
[DEBUG] armors=1, targets=1
[DEBUG] armors=1, targets=1
[DEBUG] armors=1, targets=1
[DEBUG] armors=1, targets=1
[2026-09-05 12:54:31.777] [info] [SYNC][XUC] mode=1 yaw=-4.29 deg pitch=-6.61 deg feeder_rpm=-4.00 wheel0_rpm=3140 wheel1_rpm=3160 wheel_delta=-20 projectile_speed=12.80
[DEBUG] armors=0, targets=1
[2026-09-05 12:54:31.791] [info] [XUC][FIRE] stable window reset
[DEBUG] armors=1, targets=1
[2026-09-05 12:54:31.807] [info] [XUC][FIRE] stable-window candidate started
[DEBUG] armors=1, targets=1
[DEBUG] armors=0, targets=1
[2026-09-05 12:54:31.837] [info] [XUC][FIRE] stable window reset
[DEBUG] armors=1, targets=1
[2026-09-05 12:54:31.853] [info] [XUC][FIRE] stable-window candidate started
[2026-09-05 12:54:31.855] [info] [SYNC][XUC] mode=1 yaw=-4.29 deg pitch=-6.60 deg feeder_rpm=-4.00 wheel0_rpm=3200 wheel1_rpm=3180 wheel_delta=20 projectile_speed=12.80
[DEBUG] armors=0, targets=1
[2026-09-05 12:54:31.868] [info] [XUC][FIRE] stable window reset
[DEBUG] armors=0, targets=1
[DEBUG] armors=1, targets=1
[2026-09-05 12:54:31.901] [info] [XUC][FIRE] stable-window candidate started
[DEBUG] armors=1, targets=1
[DEBUG] armors=0, targets=1
[2026-09-05 12:54:31.932] [info] [XUC][FIRE] stable window reset
[2026-09-05 12:54:31.934] [info] [SYNC][XUC] mode=1 yaw=-4.30 deg pitch=-6.61 deg feeder_rpm=0.00 wheel0_rpm=3120 wheel1_rpm=3140 wheel_delta=-20 projectile_speed=12.80
[DEBUG] armors=1, targets=1
[2026-09-05 12:54:31.947] [info] [XUC][FIRE] stable-window candidate started
[DEBUG] armors=1, targets=1
[DEBUG] armors=1, targets=1
[DEBUG] armors=1, targets=1
[DEBUG] armors=0, targets=1
[2026-09-05 12:54:32.010] [info] [XUC][FIRE] stable window reset
[2026-09-05 12:54:32.012] [info] [SYNC][XUC] mode=1 yaw=-4.29 deg pitch=-6.60 deg feeder_rpm=0.00 wheel0_rpm=3160 wheel1_rpm=3160 wheel_delta=0 projectile_speed=12.80
[DEBUG] armors=1, targets=1
[2026-09-05 12:54:32.026] [info] [XUC][FIRE] stable-window candidate started
[2026-09-05 12:54:32.026] [info] [DRYRUN] measured_gimbal=(2.813,-0.041,-0.464) measured_world=(2.843,0.172,-0.137) tracked_world=(2.867,0.174,-0.138) target_gimbal_deg=(-0.83,-9.35) target_world_deg=(3.47,-2.76) gimbal_deg=(4.29,-6.60) armor_y_px=971.4 pixel_error_deg=(1.55,10.46) ballistic=(range=2.814m holdover=0.530m comp=10.45deg residual=0.01deg) q_wxyz=(0.997643,-0.002154,-0.057512,-0.037365) cmd_deg=(3.48,-6.61) packed_pitch_deg=-6.61 control=true shoot=false
[DEBUG] armors=1, targets=1
[DEBUG] armors=1, targets=1
[DEBUG] armors=1, targets=1
[DEBUG] armors=1, targets=1
[2026-09-05 12:54:32.091] [info] [SYNC][XUC] mode=1 yaw=-4.29 deg pitch=-6.60 deg feeder_rpm=0.00 wheel0_rpm=3160 wheel1_rpm=3140 wheel_delta=20 projectile_speed=12.80
[DEBUG] armors=1, targets=1
[DEBUG] armors=1, targets=1
[DEBUG] armors=1, targets=1
[DEBUG] armors=1, targets=1
[DEBUG] armors=1, targets=1
[2026-09-05 12:54:32.168] [info] [SYNC][XUC] mode=1 yaw=-4.29 deg pitch=-6.59 deg feeder_rpm=0.00 wheel0_rpm=3120 wheel1_rpm=3160 wheel_delta=-40 projectile_speed=12.80
[DEBUG] armors=1, targets=1
[2026-09-05 12:54:32.184] [info] [PERF] 总耗时=15.8ms (检测=13.0ms, 跟踪=0.4ms), FPS=63.2
[2026-09-05 12:54:32.184] [info] 📊 [CAMERA FPS] 瞬时帧率=63.1fps, 平均帧率=64.5fps, 总帧数=3250, 运行时间=50.4s
[DEBUG] armors=1, targets=1
[DEBUG] armors=1, targets=1
[DEBUG] armors=0, targets=1
[2026-09-05 12:54:32.229] [info] [XUC][FIRE] stable window reset
[DEBUG] armors=1, targets=1
[2026-09-05 12:54:32.244] [info] [XUC][FIRE] stable-window candidate started
[2026-09-05 12:54:32.246] [info] [SYNC][XUC] mode=1 yaw=-4.29 deg pitch=-6.60 deg feeder_rpm=0.00 wheel0_rpm=3180 wheel1_rpm=3140 wheel_delta=40 projectile_speed=12.80
[DEBUG] armors=1, targets=1
[DEBUG] armors=1, targets=1
[DEBUG] armors=1, targets=1
[DEBUG] armors=1, targets=1
[DEBUG] armors=1, targets=1
[2026-09-05 12:54:32.325] [info] [SYNC][XUC] mode=1 yaw=-4.28 deg pitch=-6.59 deg feeder_rpm=0.00 wheel0_rpm=3120 wheel1_rpm=3140 wheel_delta=-20 projectile_speed=12.80
[DEBUG] armors=1, targets=1
[2026-09-05 12:54:32.339] [info] [DRYRUN] measured_gimbal=(2.834,-0.041,-0.466) measured_world=(2.864,0.174,-0.138) tracked_world=(2.861,0.174,-0.137) target_gimbal_deg=(-0.82,-9.34) target_world_deg=(3.47,-2.75) gimbal_deg=(4.28,-6.59) armor_y_px=970.3 pixel_error_deg=(1.55,10.44) ballistic=(range=2.835m holdover=0.536m comp=10.49deg residual=-0.05deg) q_wxyz=(0.997650,-0.002148,-0.057423,-0.037314) cmd_deg=(3.48,-6.66) packed_pitch_deg=-6.66 control=true shoot=false
[DEBUG] armors=1, targets=1
[DEBUG] armors=0, targets=1
[2026-09-05 12:54:32.370] [info] [XUC][FIRE] stable window reset
[DEBUG] armors=1, targets=1
[2026-09-05 12:54:32.385] [info] [XUC][FIRE] stable-window candidate started
[DEBUG] armors=1, targets=1
[2026-09-05 12:54:32.403] [info] [SYNC][XUC] mode=1 yaw=-4.29 deg pitch=-6.58 deg feeder_rpm=0.00 wheel0_rpm=3140 wheel1_rpm=3160 wheel_delta=-20 projectile_speed=12.80
[DEBUG] armors=0, targets=1
[2026-09-05 12:54:32.417] [info] [XUC][FIRE] stable window reset
[DEBUG] armors=0, targets=1
[DEBUG] armors=1, targets=1
[2026-09-05 12:54:32.448] [info] [XUC][FIRE] stable-window candidate started
[DEBUG] armors=1, targets=1
[DEBUG] armors=1, targets=1
[2026-09-05 12:54:32.481] [info] [SYNC][XUC] mode=1 yaw=-4.29 deg pitch=-6.58 deg feeder_rpm=0.00 wheel0_rpm=3180 wheel1_rpm=3100 wheel_delta=80 projectile_speed=12.80
[DEBUG] armors=1, targets=1
[DEBUG] armors=1, targets=1
[DEBUG] armors=0, targets=1
[2026-09-05 12:54:32.525] [info] [XUC][FIRE] stable window reset
[DEBUG] armors=1, targets=1
[2026-09-05 12:54:32.541] [info] [XUC][FIRE] stable-window candidate started
[DEBUG] armors=1, targets=1
[2026-09-05 12:54:32.559] [info] [SYNC][XUC] mode=1 yaw=-4.29 deg pitch=-6.57 deg feeder_rpm=0.00 wheel0_rpm=3140 wheel1_rpm=3140 wheel_delta=0 projectile_speed=12.80
[DEBUG] armors=1, targets=1
[DEBUG] armors=1, targets=1
[DEBUG] armors=1, targets=1
[DEBUG] armors=1, targets=1
[DEBUG] armors=1, targets=1
[2026-09-05 12:54:32.637] [info] [SYNC][XUC] mode=1 yaw=-4.30 deg pitch=-6.57 deg feeder_rpm=0.00 wheel0_rpm=3160 wheel1_rpm=3120 wheel_delta=40 projectile_speed=12.80
[DEBUG] armors=1, targets=1
[2026-09-05 12:54:32.650] [info] [DRYRUN] measured_gimbal=(2.821,-0.041,-0.464) measured_world=(2.850,0.173,-0.138) tracked_world=(2.858,0.174,-0.138) target_gimbal_deg=(-0.82,-9.33) target_world_deg=(3.48,-2.77) gimbal_deg=(4.30,-6.57) armor_y_px=970.4 pixel_error_deg=(1.55,10.44) ballistic=(range=2.821m holdover=0.532m comp=10.47deg residual=-0.03deg) q_wxyz=(0.997657,-0.002147,-0.057236,-0.037421) cmd_deg=(3.48,-6.61) packed_pitch_deg=-6.61 control=true shoot=false
[DEBUG] armors=1, targets=1
[DEBUG] armors=1, targets=1
[DEBUG] armors=1, targets=1
[DEBUG] armors=1, targets=1
[2026-09-05 12:54:32.715] [info] [SYNC][XUC] mode=1 yaw=-4.29 deg pitch=-6.57 deg feeder_rpm=-4.00 wheel0_rpm=3120 wheel1_rpm=3160 wheel_delta=-40 projectile_speed=12.80
[DEBUG] armors=1, targets=1
[DEBUG] armors=1, targets=1
[2026-09-05 12:54:32.743] [info] [XUC][FIRE] qualified after 207 ms, pixel error deg=(1.55,-0.01)
[DEBUG] armors=0, targets=1
[2026-09-05 12:54:32.759] [info] [XUC][FIRE] stable window reset
[DEBUG] armors=1, targets=1
[2026-09-05 12:54:32.774] [info] [XUC][FIRE] stable-window candidate started
[DEBUG] armors=1, targets=1
[2026-09-05 12:54:32.793] [info] [SYNC][XUC] mode=1 yaw=-4.29 deg pitch=-6.56 deg feeder_rpm=1948.00 wheel0_rpm=3200 wheel1_rpm=3160 wheel_delta=40 projectile_speed=12.80
[DEBUG] armors=1, targets=1
[DEBUG] armors=0, targets=1
[2026-09-05 12:54:32.822] [info] [XUC][FIRE] stable window reset
[DEBUG] armors=1, targets=1
[2026-09-05 12:54:32.837] [info] [XUC][FIRE] stable-window candidate started
[DEBUG] armors=1, targets=1
[DEBUG] armors=0, targets=1
[2026-09-05 12:54:32.867] [info] [XUC][FIRE] stable window reset
[2026-09-05 12:54:32.870] [info] [SYNC][XUC] mode=1 yaw=-4.28 deg pitch=-6.56 deg feeder_rpm=1823.00 wheel0_rpm=3180 wheel1_rpm=3120 wheel_delta=60 projectile_speed=12.80
[DEBUG] armors=1, targets=1
[2026-09-05 12:54:32.883] [info] [XUC][FIRE] stable-window candidate started
[DEBUG] armors=1, targets=1
[DEBUG] armors=0, targets=1
[2026-09-05 12:54:32.912] [info] [XUC][FIRE] stable window reset
[2026-09-05 12:54:32.995] [warning] MV_CC_GetImageBuffer failed: 0x80000007
[2026-09-05 12:54:32.995] [info] HikRobot's capture thread stopped.
[2026-09-05 12:54:36.026] [info] Reset usb successfully :)
[2026-09-05 12:54:36.280] [info] [HikRobot][READBACK] image=1440x1080, pixel_format=0x1080009
[2026-09-05 12:54:36.281] [info] [HikRobot][READBACK] exposure_us=2000.0 auto=0, gain=10.02 auto=0, white_balance_auto=0
[2026-09-05 12:54:36.281] [info] [HikRobot][READBACK] trigger=off (continuous acquisition)
[2026-09-05 12:54:36.281] [info] [HikRobot][READBACK] acquisition_fps=150.00
[2026-09-05 12:54:36.293] [info] HikRobot's capture thread started.
[2026-09-05 12:54:36.314] [warning] [Tracker] Large dt: 3.416s
[DEBUG] armors=0, targets=0
[2026-09-05 12:54:36.314] [warning] [XUC][YAW] visual loss: control stopped, yaw state retained
[2026-09-05 12:54:36.314] [warning] [XUC][PITCH] visual loss: control stopped, pitch state retained
[DEBUG] armors=0, targets=0
[2026-09-05 12:54:36.329] [info] [SYNC][XUC] mode=1 yaw=-4.25 deg pitch=-6.58 deg feeder_rpm=0.00 wheel0_rpm=0 wheel1_rpm=0 wheel_delta=0 projectile_speed=12.80
[DEBUG] armors=0, targets=0
[2026-09-05 12:54:36.339] [info] [DRYRUN] target=none gimbal_deg=(4.25,-6.58) control=false shoot=false
[2026-09-05 12:54:36.341] [info] [PERF] 总耗时=12.8ms (检测=10.8ms, 跟踪=0.0ms), FPS=78.3
[2026-09-05 12:54:36.341] [info] 📊 [CAMERA FPS] 瞬时帧率=78.1fps, 平均帧率=60.5fps, 总帧数=3300, 运行时间=54.5s
[DEBUG] armors=0, targets=0
[DEBUG] armors=0, targets=0
[DEBUG] armors=0, targets=0
[DEBUG] armors=0, targets=0
[2026-09-05 12:54:36.393] [info] [SYNC][XUC] mode=1 yaw=-4.25 deg pitch=-6.58 deg feeder_rpm=0.00 wheel0_rpm=1920 wheel1_rpm=2080 wheel_delta=-160 projectile_speed=12.80
[DEBUG] armors=0, targets=0
[DEBUG] armors=0, targets=0
[DEBUG] armors=0, targets=0
[DEBUG] armors=0, targets=0
[DEBUG] armors=0, targets=0
[2026-09-05 12:54:36.463] [info] [SYNC][XUC] mode=1 yaw=-4.25 deg pitch=-6.58 deg feeder_rpm=0.00 wheel0_rpm=2780 wheel1_rpm=2880 wheel_delta=-100 projectile_speed=12.80
[DEBUG] armors=0, targets=0
[DEBUG] armors=0, targets=0
[DEBUG] armors=0, targets=0
[DEBUG] armors=1, targets=1
[2026-09-05 12:54:36.521] [info] [XUC][YAW] measurement reacquired with continuous slew
[2026-09-05 12:54:36.521] [info] [XUC][PITCH] measurement reacquired with continuous slew
[2026-09-05 12:54:36.521] [info] [XUC][FIRE] stable-window candidate started
[DEBUG] armors=0, targets=0
[2026-09-05 12:54:36.537] [info] [XUC][FIRE] stable window reset
[2026-09-05 12:54:36.539] [info] [SYNC][XUC] mode=1 yaw=-4.25 deg pitch=-6.58 deg feeder_rpm=0.00 wheel0_rpm=3060 wheel1_rpm=3100 wheel_delta=-40 projectile_speed=12.80
[DEBUG] armors=0, targets=0
[DEBUG] armors=0, targets=0
[DEBUG] armors=1, targets=1
[2026-09-05 12:54:36.581] [info] [XUC][FIRE] stable-window candidate started
[DEBUG] armors=0, targets=0
[2026-09-05 12:54:36.596] [info] [XUC][FIRE] stable window reset
[DEBUG] armors=0, targets=0
[2026-09-05 12:54:36.613] [info] [SYNC][XUC] mode=1 yaw=-4.25 deg pitch=-6.59 deg feeder_rpm=0.00 wheel0_rpm=3100 wheel1_rpm=3160 wheel_delta=-60 projectile_speed=12.80
[DEBUG] armors=0, targets=0
[2026-09-05 12:54:36.626] [info] [DRYRUN] target=none gimbal_deg=(4.25,-6.59) control=true shoot=false
[DEBUG] armors=0, targets=0
[DEBUG] armors=0, targets=0
[DEBUG] armors=0, targets=0
[DEBUG] armors=0, targets=0
[2026-09-05 12:54:36.689] [info] [SYNC][XUC] mode=1 yaw=-4.25 deg pitch=-6.59 deg feeder_rpm=-4.00 wheel0_rpm=3140 wheel1_rpm=3120 wheel_delta=20 projectile_speed=12.80
[DEBUG] armors=1, targets=1
[2026-09-05 12:54:36.702] [info] [XUC][FIRE] stable-window candidate started
[DEBUG] armors=0, targets=0
[2026-09-05 12:54:36.716] [info] [XUC][FIRE] stable window reset
[DEBUG] armors=0, targets=0
[DEBUG] armors=1, targets=1
[2026-09-05 12:54:36.746] [info] [XUC][FIRE] stable-window candidate started
[DEBUG] armors=0, targets=0
[2026-09-05 12:54:36.760] [info] [XUC][FIRE] stable window reset
[2026-09-05 12:54:36.763] [info] [SYNC][XUC] mode=1 yaw=-4.25 deg pitch=-6.59 deg feeder_rpm=0.00 wheel0_rpm=3180 wheel1_rpm=3160 wheel_delta=20 projectile_speed=12.80
[DEBUG] armors=0, targets=0
[DEBUG] armors=0, targets=0
[DEBUG] armors=1, targets=1
[2026-09-05 12:54:36.806] [info] [XUC][FIRE] stable-window candidate started
[DEBUG] armors=0, targets=0
[2026-09-05 12:54:36.821] [info] [XUC][FIRE] stable window reset
[DEBUG] armors=0, targets=0
[2026-09-05 12:54:36.837] [info] [SYNC][XUC] mode=1 yaw=-4.25 deg pitch=-6.58 deg feeder_rpm=0.00 wheel0_rpm=3140 wheel1_rpm=3140 wheel_delta=0 projectile_speed=12.80
[DEBUG] armors=0, targets=0
[DEBUG] armors=1, targets=1
[2026-09-05 12:54:36.866] [info] [XUC][FIRE] stable-window candidate started
[DEBUG] armors=1, targets=1
[DEBUG] armors=0, targets=0
[2026-09-05 12:54:36.896] [info] [XUC][FIRE] stable window reset
[DEBUG] armors=0, targets=0
[2026-09-05 12:54:36.913] [info] [SYNC][XUC] mode=1 yaw=-4.25 deg pitch=-6.57 deg feeder_rpm=0.00 wheel0_rpm=3180 wheel1_rpm=3140 wheel_delta=40 projectile_speed=12.80
[DEBUG] armors=0, targets=0
[2026-09-05 12:54:36.925] [info] [DRYRUN] target=none gimbal_deg=(4.25,-6.57) control=true shoot=false
[DEBUG] armors=1, targets=1
[2026-09-05 12:54:36.941] [info] [XUC][FIRE] stable-window candidate started
[DEBUG] armors=0, targets=0
[2026-09-05 12:54:36.956] [info] [XUC][FIRE] stable window reset
[DEBUG] armors=0, targets=0
[DEBUG] armors=0, targets=0
[2026-09-05 12:54:36.987] [info] [SYNC][XUC] mode=1 yaw=-4.25 deg pitch=-6.57 deg feeder_rpm=0.00 wheel0_rpm=3160 wheel1_rpm=3160 wheel_delta=0 projectile_speed=12.80
[DEBUG] armors=0, targets=0
[DEBUG] armors=1, targets=1
[2026-09-05 12:54:37.014] [info] [XUC][FIRE] stable-window candidate started
[DEBUG] armors=0, targets=0
[2026-09-05 12:54:37.030] [info] [XUC][FIRE] stable window reset
[DEBUG] armors=1, targets=1
[2026-09-05 12:54:37.046] [info] [XUC][FIRE] stable-window candidate started
[DEBUG] armors=1, targets=1
[2026-09-05 12:54:37.063] [info] [SYNC][XUC] mode=1 yaw=-4.25 deg pitch=-6.57 deg feeder_rpm=0.00 wheel0_rpm=3140 wheel1_rpm=3140 wheel_delta=0 projectile_speed=12.80
[DEBUG] armors=0, targets=0
[2026-09-05 12:54:37.076] [info] [XUC][FIRE] stable window reset
[2026-09-05 12:54:37.078] [info] [PERF] 总耗时=15.0ms (检测=13.0ms, 跟踪=0.0ms), FPS=66.5
[2026-09-05 12:54:37.078] [info] 📊 [CAMERA FPS] 瞬时帧率=66.3fps, 平均帧率=60.6fps, 总帧数=3350, 运行时间=55.3s
[DEBUG] armors=0, targets=0
[DEBUG] armors=0, targets=0
[DEBUG] armors=0, targets=0
[DEBUG] armors=0, targets=0
[2026-09-05 12:54:37.138] [info] [SYNC][XUC] mode=1 yaw=-4.25 deg pitch=-6.58 deg feeder_rpm=0.00 wheel0_rpm=3180 wheel1_rpm=3160 wheel_delta=20 projectile_speed=12.80
[DEBUG] armors=0, targets=0
[DEBUG] armors=0, targets=0
[DEBUG] armors=0, targets=0
[DEBUG] armors=0, targets=0
[DEBUG] armors=0, targets=0
[2026-09-05 12:54:37.213] [info] [SYNC][XUC] mode=1 yaw=-4.24 deg pitch=-6.58 deg feeder_rpm=0.00 wheel0_rpm=3160 wheel1_rpm=3140 wheel_delta=20 projectile_speed=12.80
[DEBUG] armors=0, targets=0
[2026-09-05 12:54:37.226] [info] [DRYRUN] target=none gimbal_deg=(4.24,-6.58) control=true shoot=false
[DEBUG] armors=1, targets=1
[2026-09-05 12:54:37.241] [info] [XUC][FIRE] stable-window candidate started
[DEBUG] armors=0, targets=0
[2026-09-05 12:54:37.257] [info] [XUC][FIRE] stable window reset
[DEBUG] armors=0, targets=0
[DEBUG] armors=0, targets=0
[2026-09-05 12:54:37.289] [info] [SYNC][XUC] mode=1 yaw=-4.24 deg pitch=-6.59 deg feeder_rpm=0.00 wheel0_rpm=3120 wheel1_rpm=3160 wheel_delta=-40 projectile_speed=12.80
[DEBUG] armors=0, targets=0
[DEBUG] armors=1, targets=1
[2026-09-05 12:54:37.317] [info] [XUC][FIRE] stable-window candidate started
[DEBUG] armors=1, targets=1
[DEBUG] armors=0, targets=0
[2026-09-05 12:54:37.347] [info] [XUC][FIRE] stable window reset
[DEBUG] armors=0, targets=0
[2026-09-05 12:54:37.365] [info] [SYNC][XUC] mode=1 yaw=-4.24 deg pitch=-6.59 deg feeder_rpm=0.00 wheel0_rpm=3200 wheel1_rpm=3120 wheel_delta=80 projectile_speed=12.80
[DEBUG] armors=0, targets=0
[DEBUG] armors=1, targets=1
[2026-09-05 12:54:37.392] [info] [XUC][FIRE] stable-window candidate started
[DEBUG] armors=0, targets=0
[2026-09-05 12:54:37.407] [info] [XUC][FIRE] stable window reset
[DEBUG] armors=0, targets=0
[DEBUG] armors=0, targets=0
[2026-09-05 12:54:37.440] [info] [SYNC][XUC] mode=1 yaw=-4.24 deg pitch=-6.59 deg feeder_rpm=0.00 wheel0_rpm=3180 wheel1_rpm=3160 wheel_delta=20 projectile_speed=12.80
[DEBUG] armors=0, targets=0
[DEBUG] armors=0, targets=0
[DEBUG] armors=0, targets=0
[DEBUG] armors=0, targets=0
[DEBUG] armors=0, targets=0
[2026-09-05 12:54:37.516] [info] [SYNC][XUC] mode=1 yaw=-4.24 deg pitch=-6.60 deg feeder_rpm=0.00 wheel0_rpm=3120 wheel1_rpm=3140 wheel_delta=-20 projectile_speed=12.80
[DEBUG] armors=0, targets=0
[2026-09-05 12:54:37.529] [info] [DRYRUN] target=none gimbal_deg=(4.24,-6.60) control=true shoot=false
[DEBUG] armors=0, targets=0
[DEBUG] armors=0, targets=0
[DEBUG] armors=0, targets=0
[2026-09-05 12:54:37.573] [warning] [XUC][PITCH] visual loss: control stopped, pitch state retained
[DEBUG] armors=0, targets=0
[2026-09-05 12:54:37.590] [info] [SYNC][XUC] mode=1 yaw=-4.24 deg pitch=-6.64 deg feeder_rpm=0.00 wheel0_rpm=3220 wheel1_rpm=3140 wheel_delta=80 projectile_speed=12.80
[DEBUG] armors=1, targets=1
[2026-09-05 12:54:37.604] [info] [XUC][PITCH] measurement reacquired with continuous slew
[2026-09-05 12:54:37.604] [info] [XUC][FIRE] stable-window candidate started
[DEBUG] armors=0, targets=0
[2026-09-05 12:54:37.618] [info] [XUC][FIRE] stable window reset
[DEBUG] armors=0, targets=0
[DEBUG] armors=0, targets=0
[DEBUG] armors=0, targets=0
[2026-09-05 12:54:37.665] [info] [SYNC][XUC] mode=1 yaw=-4.24 deg pitch=-6.65 deg feeder_rpm=0.00 wheel0_rpm=3140 wheel1_rpm=3140 wheel_delta=0 projectile_speed=12.80
[DEBUG] armors=1, targets=1
[2026-09-05 12:54:37.678] [info] [XUC][FIRE] stable-window candidate started
[DEBUG] armors=1, targets=1
[DEBUG] armors=1, targets=1
[DEBUG] armors=1, targets=1
[DEBUG] armors=0, targets=0
[2026-09-05 12:54:37.739] [info] [XUC][FIRE] stable window reset
[2026-09-05 12:54:37.741] [info] [SYNC][XUC] mode=1 yaw=-4.26 deg pitch=-6.64 deg feeder_rpm=0.00 wheel0_rpm=3140 wheel1_rpm=3120 wheel_delta=20 projectile_speed=12.80
[DEBUG] armors=1, targets=1
[2026-09-05 12:54:37.754] [info] [XUC][FIRE] stable-window candidate started
[DEBUG] armors=1, targets=1
[DEBUG] armors=1, targets=1
[DEBUG] armors=0, targets=0
[2026-09-05 12:54:37.800] [info] [XUC][FIRE] stable window reset
[DEBUG] armors=1, targets=1
[2026-09-05 12:54:37.815] [info] [XUC][FIRE] stable-window candidate started
[2026-09-05 12:54:37.817] [info] [SYNC][XUC] mode=1 yaw=-4.23 deg pitch=-6.59 deg feeder_rpm=0.00 wheel0_rpm=3160 wheel1_rpm=3140 wheel_delta=20 projectile_speed=12.80
[DEBUG] armors=0, targets=0
[2026-09-05 12:54:37.830] [info] [XUC][FIRE] stable window reset
[2026-09-05 12:54:37.830] [info] [DRYRUN] target=none gimbal_deg=(4.23,-6.59) control=true shoot=false
[2026-09-05 12:54:37.832] [info] [PERF] 总耗时=15.1ms (检测=12.9ms, 跟踪=0.0ms), FPS=66.4
[2026-09-05 12:54:37.832] [info] 📊 [CAMERA FPS] 瞬时帧率=66.3fps, 平均帧率=60.7fps, 总帧数=3400, 运行时间=56.0s
[DEBUG] armors=0, targets=0
[DEBUG] armors=0, targets=0
[DEBUG] armors=0, targets=0
[DEBUG] armors=1, targets=1
[2026-09-05 12:54:37.890] [info] [XUC][FIRE] stable-window candidate started
[2026-09-05 12:54:37.892] [info] [SYNC][XUC] mode=1 yaw=-4.23 deg pitch=-6.55 deg feeder_rpm=0.00 wheel0_rpm=3140 wheel1_rpm=3140 wheel_delta=0 projectile_speed=12.80
[DEBUG] armors=0, targets=0
[2026-09-05 12:54:37.905] [info] [XUC][FIRE] stable window reset
[DEBUG] armors=1, targets=1
[2026-09-05 12:54:37.919] [info] [XUC][FIRE] stable-window candidate started
[DEBUG] armors=1, targets=1
[DEBUG] armors=0, targets=0
[2026-09-05 12:54:37.949] [info] [XUC][FIRE] stable window reset
[DEBUG] armors=0, targets=0
[2026-09-05 12:54:37.967] [info] [SYNC][XUC] mode=1 yaw=-4.23 deg pitch=-6.53 deg feeder_rpm=-4.00 wheel0_rpm=3140 wheel1_rpm=3160 wheel_delta=-20 projectile_speed=12.80
[DEBUG] armors=0, targets=0
[DEBUG] armors=1, targets=1
[2026-09-05 12:54:37.994] [info] [XUC][FIRE] stable-window candidate started
[DEBUG] armors=0, targets=0
[2026-09-05 12:54:38.009] [info] [XUC][FIRE] stable window reset
[DEBUG] armors=1, targets=1
[2026-09-05 12:54:38.025] [info] [XUC][FIRE] stable-window candidate started
[DEBUG] armors=0, targets=0
[2026-09-05 12:54:38.040] [info] [XUC][FIRE] stable window reset
[2026-09-05 12:54:38.042] [info] [SYNC][XUC] mode=1 yaw=-4.23 deg pitch=-6.53 deg feeder_rpm=0.00 wheel0_rpm=3160 wheel1_rpm=3140 wheel_delta=20 projectile_speed=12.80
[DEBUG] armors=1, targets=1
[2026-09-05 12:54:38.055] [info] [XUC][FIRE] stable-window candidate started
[DEBUG] armors=0, targets=0
[2026-09-05 12:54:38.070] [info] [XUC][FIRE] stable window reset
[DEBUG] armors=1, targets=1
[2026-09-05 12:54:38.085] [info] [XUC][FIRE] stable-window candidate started
[DEBUG] armors=1, targets=1
[DEBUG] armors=0, targets=0
[2026-09-05 12:54:38.116] [info] [XUC][FIRE] stable window reset
[2026-09-05 12:54:38.118] [info] [SYNC][XUC] mode=1 yaw=-4.23 deg pitch=-6.53 deg feeder_rpm=0.00 wheel0_rpm=3120 wheel1_rpm=3180 wheel_delta=-60 projectile_speed=12.80
[DEBUG] armors=0, targets=0
[2026-09-05 12:54:38.130] [info] [DRYRUN] target=none gimbal_deg=(4.23,-6.53) control=true shoot=false
[DEBUG] armors=0, targets=0
[DEBUG] armors=0, targets=0
[DEBUG] armors=1, targets=1
[2026-09-05 12:54:38.176] [info] [XUC][FIRE] stable-window candidate started
[DEBUG] armors=1, targets=1
[2026-09-05 12:54:38.194] [info] [SYNC][XUC] mode=1 yaw=-4.23 deg pitch=-6.56 deg feeder_rpm=-4.00 wheel0_rpm=3160 wheel1_rpm=3160 wheel_delta=0 projectile_speed=12.80
[DEBUG] armors=0, targets=0
[2026-09-05 12:54:38.207] [info] [XUC][FIRE] stable window reset
[DEBUG] armors=0, targets=0
[DEBUG] armors=0, targets=0
[DEBUG] armors=0, targets=0
[DEBUG] armors=0, targets=0
[2026-09-05 12:54:38.269] [info] [SYNC][XUC] mode=1 yaw=-4.21 deg pitch=-6.59 deg feeder_rpm=0.00 wheel0_rpm=3160 wheel1_rpm=3180 wheel_delta=-20 projectile_speed=12.80
[DEBUG] armors=0, targets=0
[DEBUG] armors=0, targets=0
[DEBUG] armors=0, targets=0
[DEBUG] armors=0, targets=0
[DEBUG] armors=0, targets=0
[2026-09-05 12:54:38.343] [info] [SYNC][XUC] mode=1 yaw=-4.21 deg pitch=-6.64 deg feeder_rpm=0.00 wheel0_rpm=3160 wheel1_rpm=3120 wheel_delta=40 projectile_speed=12.80
[DEBUG] armors=0, targets=0
[DEBUG] armors=0, targets=0
[DEBUG] armors=0, targets=0
[2026-09-05 12:54:38.385] [warning] [XUC][PITCH] visual loss: control stopped, pitch state retained
[DEBUG] armors=0, targets=0
[DEBUG] armors=0, targets=0
[2026-09-05 12:54:38.416] [info] [SYNC][XUC] mode=1 yaw=-4.21 deg pitch=-6.66 deg feeder_rpm=0.00 wheel0_rpm=3120 wheel1_rpm=3160 wheel_delta=-40 projectile_speed=12.80
[DEBUG] armors=0, targets=0
[2026-09-05 12:54:38.428] [info] [DRYRUN] target=none gimbal_deg=(4.21,-6.66) control=false shoot=false
[DEBUG] armors=0, targets=0
[DEBUG] armors=0, targets=0
[DEBUG] armors=0, targets=0
[DEBUG] armors=0, targets=0
[2026-09-05 12:54:38.490] [info] [SYNC][XUC] mode=1 yaw=-4.21 deg pitch=-6.67 deg feeder_rpm=0.00 wheel0_rpm=3180 wheel1_rpm=3160 wheel_delta=20 projectile_speed=12.80
[DEBUG] armors=0, targets=0
[2026-09-05 12:54:38.502] [warning] [XUC][YAW] visual loss: control stopped, yaw state retained
[DEBUG] armors=0, targets=0
[DEBUG] armors=0, targets=0
[DEBUG] armors=0, targets=0
[DEBUG] armors=0, targets=0
[2026-09-05 12:54:38.563] [info] [SYNC][XUC] mode=1 yaw=-4.21 deg pitch=-6.67 deg feeder_rpm=0.00 wheel0_rpm=3160 wheel1_rpm=3160 wheel_delta=0 projectile_speed=12.80
[DEBUG] armors=0, targets=0
[2026-09-05 12:54:38.578] [info] [PERF] 总耗时=14.6ms (检测=12.5ms, 跟踪=0.0ms), FPS=68.4
[2026-09-05 12:54:38.578] [info] 📊 [CAMERA FPS] 瞬时帧率=68.2fps, 平均帧率=60.8fps, 总帧数=3450, 运行时间=56.8s
[DEBUG] armors=0, targets=0
[DEBUG] armors=0, targets=0
[DEBUG] armors=0, targets=0
[DEBUG] armors=0, targets=0
[2026-09-05 12:54:38.638] [info] [SYNC][XUC] mode=1 yaw=-4.21 deg pitch=-6.66 deg feeder_rpm=0.00 wheel0_rpm=3160 wheel1_rpm=3140 wheel_delta=20 projectile_speed=12.80
[DEBUG] armors=0, targets=0
[DEBUG] armors=0, targets=0
[DEBUG] armors=0, targets=0
[DEBUG] armors=0, targets=0
[DEBUG] armors=0, targets=0
[2026-09-05 12:54:38.713] [info] [SYNC][XUC] mode=1 yaw=-4.22 deg pitch=-6.68 deg feeder_rpm=0.00 wheel0_rpm=3140 wheel1_rpm=3160 wheel_delta=-20 projectile_speed=12.80
[DEBUG] armors=0, targets=0
[2026-09-05 12:54:38.726] [info] [DRYRUN] target=none gimbal_deg=(4.22,-6.68) control=false shoot=false
[DEBUG] armors=0, targets=0
[DEBUG] armors=0, targets=0
[DEBUG] armors=0, targets=0
[DEBUG] armors=0, targets=0
[2026-09-05 12:54:38.788] [info] [SYNC][XUC] mode=1 yaw=-4.22 deg pitch=-6.68 deg feeder_rpm=0.00 wheel0_rpm=3180 wheel1_rpm=3160 wheel_delta=20 projectile_speed=12.80
[DEBUG] armors=0, targets=0
[DEBUG] armors=0, targets=0
[DEBUG] armors=0, targets=0
[DEBUG] armors=0, targets=0
[DEBUG] armors=0, targets=0
[2026-09-05 12:54:38.864] [info] [SYNC][XUC] mode=1 yaw=-4.22 deg pitch=-6.68 deg feeder_rpm=0.00 wheel0_rpm=3140 wheel1_rpm=3160 wheel_delta=-20 projectile_speed=12.80
[DEBUG] armors=0, targets=0
[DEBUG] armors=0, targets=0
[DEBUG] armors=0, targets=0
[DEBUG] armors=0, targets=0
[DEBUG] armors=0, targets=0
[2026-09-05 12:54:38.937] [info] [SYNC][XUC] mode=1 yaw=-4.22 deg pitch=-6.69 deg feeder_rpm=0.00 wheel0_rpm=3140 wheel1_rpm=3120 wheel_delta=20 projectile_speed=12.80
[DEBUG] armors=0, targets=0
[DEBUG] armors=0, targets=0
[DEBUG] armors=0, targets=0
[DEBUG] armors=0, targets=0
[DEBUG] armors=0, targets=0
[2026-09-05 12:54:39.011] [info] [SYNC][XUC] mode=1 yaw=-4.22 deg pitch=-6.69 deg feeder_rpm=0.00 wheel0_rpm=3160 wheel1_rpm=3140 wheel_delta=20 projectile_speed=12.80
[DEBUG] armors=0, targets=0
[2026-09-05 12:54:39.024] [info] [DRYRUN] target=none gimbal_deg=(4.22,-6.69) control=false shoot=false
[DEBUG] armors=0, targets=0
[DEBUG] armors=0, targets=0
[DEBUG] armors=0, targets=0
[DEBUG] armors=0, targets=0
[2026-09-05 12:54:39.087] [info] [SYNC][XUC] mode=1 yaw=-4.22 deg pitch=-6.70 deg feeder_rpm=0.00 wheel0_rpm=3180 wheel1_rpm=3140 wheel_delta=40 projectile_speed=12.80
[DEBUG] armors=0, targets=0
[DEBUG] armors=0, targets=0
[DEBUG] armors=0, targets=0
[DEBUG] armors=0, targets=0
[DEBUG] armors=0, targets=0
[2026-09-05 12:54:39.164] [info] [SYNC][XUC] mode=1 yaw=-4.22 deg pitch=-6.70 deg feeder_rpm=0.00 wheel0_rpm=3120 wheel1_rpm=3140 wheel_delta=-20 projectile_speed=12.80
[DEBUG] armors=1, targets=1
[2026-09-05 12:54:39.178] [info] [XUC][YAW] measurement reacquired with continuous slew
[2026-09-05 12:54:39.178] [info] [XUC][PITCH] measurement reacquired with continuous slew
[2026-09-05 12:54:39.178] [info] [XUC][FIRE] stable-window candidate started
[DEBUG] armors=0, targets=0
[2026-09-05 12:54:39.193] [info] [XUC][FIRE] stable window reset
[DEBUG] armors=0, targets=0
[DEBUG] armors=0, targets=0
[DEBUG] armors=0, targets=0
[2026-09-05 12:54:39.241] [info] [SYNC][XUC] mode=1 yaw=-4.21 deg pitch=-6.71 deg feeder_rpm=0.00 wheel0_rpm=3180 wheel1_rpm=3140 wheel_delta=40 projectile_speed=12.80
[DEBUG] armors=0, targets=0
[DEBUG] armors=0, targets=0
[DEBUG] armors=0, targets=0
[DEBUG] armors=0, targets=0
[DEBUG] armors=0, targets=0
[2026-09-05 12:54:39.315] [info] [SYNC][XUC] mode=1 yaw=-4.20 deg pitch=-6.71 deg feeder_rpm=0.00 wheel0_rpm=3160 wheel1_rpm=3140 wheel_delta=20 projectile_speed=12.80
[DEBUG] armors=0, targets=0
[2026-09-05 12:54:39.328] [info] [DRYRUN] target=none gimbal_deg=(4.20,-6.71) control=true shoot=false
[2026-09-05 12:54:39.330] [info] [PERF] 总耗时=14.9ms (检测=12.5ms, 跟踪=0.0ms), FPS=67.3
[2026-09-05 12:54:39.330] [info] 📊 [CAMERA FPS] 瞬时帧率=67.2fps, 平均帧率=60.8fps, 总帧数=3500, 运行时间=57.5s
[DEBUG] armors=0, targets=0
[DEBUG] armors=0, targets=0
[2026-09-05 12:54:39.358] [warning] [XUC][PITCH] visual loss: control stopped, pitch state retained
[DEBUG] armors=0, targets=0
[DEBUG] armors=0, targets=0
[2026-09-05 12:54:39.390] [info] [SYNC][XUC] mode=1 yaw=-4.21 deg pitch=-6.71 deg feeder_rpm=0.00 wheel0_rpm=3140 wheel1_rpm=3160 wheel_delta=-20 projectile_speed=12.80
[DEBUG] armors=0, targets=0
[DEBUG] armors=0, targets=0
[DEBUG] armors=0, targets=0
[DEBUG] armors=0, targets=0
[DEBUG] armors=0, targets=0
[2026-09-05 12:54:39.465] [info] [SYNC][XUC] mode=1 yaw=-4.21 deg pitch=-6.70 deg feeder_rpm=0.00 wheel0_rpm=3180 wheel1_rpm=3140 wheel_delta=40 projectile_speed=12.80
[DEBUG] armors=0, targets=0
[2026-09-05 12:54:39.477] [warning] [XUC][YAW] visual loss: control stopped, yaw state retained
[DEBUG] armors=0, targets=0
[DEBUG] armors=0, targets=0
[DEBUG] armors=0, targets=0
[DEBUG] armors=0, targets=0
[2026-09-05 12:54:39.540] [info] [SYNC][XUC] mode=1 yaw=-4.21 deg pitch=-6.68 deg feeder_rpm=0.00 wheel0_rpm=3200 wheel1_rpm=3160 wheel_delta=40 projectile_speed=12.80
[DEBUG] armors=0, targets=0
[DEBUG] armors=0, targets=0
[DEBUG] armors=0, targets=0
[DEBUG] armors=0, targets=0
[DEBUG] armors=0, targets=0
[2026-09-05 12:54:39.615] [info] [SYNC][XUC] mode=1 yaw=-4.27 deg pitch=-6.66 deg feeder_rpm=0.00 wheel0_rpm=3140 wheel1_rpm=3120 wheel_delta=20 projectile_speed=12.80
[DEBUG] armors=1, targets=1
[2026-09-05 12:54:39.628] [info] [XUC][YAW] measurement reacquired with continuous slew
[2026-09-05 12:54:39.628] [info] [XUC][PITCH] measurement reacquired with continuous slew
[2026-09-05 12:54:39.628] [info] [XUC][FIRE] stable-window candidate started
[2026-09-05 12:54:39.628] [info] [DRYRUN] measured_gimbal=(2.781,-0.040,-0.462) measured_world=(2.811,0.169,-0.136) tracked_world=(2.811,0.169,-0.136) target_gimbal_deg=(-0.83,-9.44) target_world_deg=(3.45,-2.78) gimbal_deg=(4.27,-6.66) armor_y_px=975.5 pixel_error_deg=(1.55,10.56) ballistic=(range=2.781m holdover=0.521m comp=10.40deg residual=0.16deg) q_wxyz=(0.997618,-0.002164,-0.058067,-0.037174) cmd_deg=(3.46,-6.54) packed_pitch_deg=-6.54 control=true shoot=false
[DEBUG] armors=1, targets=1
[DEBUG] armors=1, targets=1
[DEBUG] armors=1, targets=1
[DEBUG] armors=0, targets=0
[2026-09-05 12:54:39.690] [info] [XUC][FIRE] stable window reset
[2026-09-05 12:54:39.692] [info] [SYNC][XUC] mode=1 yaw=-4.20 deg pitch=-6.68 deg feeder_rpm=-4.00 wheel0_rpm=3120 wheel1_rpm=3120 wheel_delta=0 projectile_speed=12.80
[DEBUG] armors=0, targets=0
[DEBUG] armors=0, targets=0
[DEBUG] armors=1, targets=1
[2026-09-05 12:54:39.734] [info] [XUC][FIRE] stable-window candidate started
[DEBUG] armors=1, targets=1
[DEBUG] armors=1, targets=1
[2026-09-05 12:54:39.768] [info] [SYNC][XUC] mode=1 yaw=-4.00 deg pitch=-6.62 deg feeder_rpm=0.00 wheel0_rpm=3160 wheel1_rpm=3160 wheel_delta=0 projectile_speed=12.80
[DEBUG] armors=1, targets=1
[DEBUG] armors=0, targets=0
[2026-09-05 12:54:39.797] [info] [XUC][FIRE] stable window reset
[DEBUG] armors=1, targets=1
[2026-09-05 12:54:39.812] [info] [XUC][FIRE] stable-window candidate started
[DEBUG] armors=1, targets=1
[DEBUG] armors=1, targets=1
[2026-09-05 12:54:39.845] [info] [SYNC][XUC] mode=1 yaw=-3.99 deg pitch=-6.56 deg feeder_rpm=-8.00 wheel0_rpm=3160 wheel1_rpm=3140 wheel_delta=20 projectile_speed=12.80
[DEBUG] armors=1, targets=1
[DEBUG] armors=1, targets=1
[DEBUG] armors=1, targets=1
[DEBUG] armors=0, targets=1
[2026-09-05 12:54:39.905] [info] [XUC][FIRE] stable window reset
[DEBUG] armors=1, targets=1
[2026-09-05 12:54:39.921] [info] [XUC][FIRE] stable-window candidate started
[2026-09-05 12:54:39.923] [info] [SYNC][XUC] mode=1 yaw=-4.11 deg pitch=-6.57 deg feeder_rpm=-8.00 wheel0_rpm=3180 wheel1_rpm=3180 wheel_delta=0 projectile_speed=12.80
[DEBUG] armors=0, targets=1
[2026-09-05 12:54:39.936] [info] [XUC][FIRE] stable window reset
[DEBUG] armors=1, targets=1
[2026-09-05 12:54:39.951] [info] [XUC][FIRE] stable-window candidate started
[DEBUG] armors=1, targets=1
[DEBUG] armors=1, targets=1
[DEBUG] armors=1, targets=1
[2026-09-05 12:54:40.000] [info] [SYNC][XUC] mode=1 yaw=-3.95 deg pitch=-6.59 deg feeder_rpm=0.00 wheel0_rpm=3180 wheel1_rpm=3140 wheel_delta=40 projectile_speed=12.80
[DEBUG] armors=1, targets=1
[DEBUG] armors=1, targets=1
[DEBUG] armors=0, targets=1
[2026-09-05 12:54:40.044] [info] [XUC][FIRE] stable window reset
[DEBUG] armors=1, targets=1
[2026-09-05 12:54:40.059] [info] [XUC][FIRE] stable-window candidate started
[DEBUG] armors=1, targets=1
[2026-09-05 12:54:40.077] [info] [SYNC][XUC] mode=1 yaw=-3.93 deg pitch=-6.55 deg feeder_rpm=0.00 wheel0_rpm=3120 wheel1_rpm=3140 wheel_delta=-20 projectile_speed=12.80
[DEBUG] armors=1, targets=1
[2026-09-05 12:54:40.093] [info] [PERF] 总耗时=15.6ms (检测=13.0ms, 跟踪=0.5ms), FPS=64.2
[2026-09-05 12:54:40.093] [info] 📊 [CAMERA FPS] 瞬时帧率=64.0fps, 平均帧率=60.9fps, 总帧数=3550, 运行时间=58.3s
[DEBUG] armors=1, targets=1
[DEBUG] armors=0, targets=1
[2026-09-05 12:54:40.121] [info] [XUC][FIRE] stable window reset
[DEBUG] armors=1, targets=1
[2026-09-05 12:54:40.136] [info] [XUC][FIRE] stable-window candidate started
[DEBUG] armors=1, targets=1
[2026-09-05 12:54:40.153] [info] [SYNC][XUC] mode=1 yaw=-3.93 deg pitch=-6.59 deg feeder_rpm=0.00 wheel0_rpm=3180 wheel1_rpm=3160 wheel_delta=20 projectile_speed=12.80
[DEBUG] armors=0, targets=1
[2026-09-05 12:54:40.166] [info] [XUC][FIRE] stable window reset
[DEBUG] armors=1, targets=1
[2026-09-05 12:54:40.181] [info] [XUC][FIRE] stable-window candidate started
[DEBUG] armors=1, targets=1
[DEBUG] armors=0, targets=1
[2026-09-05 12:54:40.212] [info] [XUC][FIRE] stable window reset
[DEBUG] armors=1, targets=1
[2026-09-05 12:54:40.227] [info] [XUC][FIRE] stable-window candidate started
[2026-09-05 12:54:40.229] [info] [SYNC][XUC] mode=1 yaw=-3.92 deg pitch=-6.61 deg feeder_rpm=0.00 wheel0_rpm=3120 wheel1_rpm=3180 wheel_delta=-60 projectile_speed=12.80
[DEBUG] armors=1, targets=1
[2026-09-05 12:54:40.242] [info] [DRYRUN] measured_gimbal=(2.814,-0.023,-0.466) measured_world=(2.844,0.172,-0.139) tracked_world=(2.874,0.176,-0.141) target_gimbal_deg=(-0.47,-9.41) target_world_deg=(3.46,-2.79) gimbal_deg=(3.92,-6.61) armor_y_px=973.6 pixel_error_deg=(1.19,10.52) ballistic=(range=2.814m holdover=0.530m comp=10.45deg residual=0.06deg) q_wxyz=(0.997751,-0.001972,-0.057653,-0.034136) cmd_deg=(3.61,-6.56) packed_pitch_deg=-6.56 control=true shoot=false
[DEBUG] armors=1, targets=1
[DEBUG] armors=1, targets=1
[DEBUG] armors=1, targets=1
[DEBUG] armors=1, targets=1
[2026-09-05 12:54:40.306] [info] [SYNC][XUC] mode=1 yaw=-3.92 deg pitch=-6.61 deg feeder_rpm=-4.00 wheel0_rpm=3200 wheel1_rpm=3160 wheel_delta=40 projectile_speed=12.80
[DEBUG] armors=1, targets=1
[DEBUG] armors=1, targets=1
[DEBUG] armors=0, targets=1
[2026-09-05 12:54:40.351] [info] [XUC][FIRE] stable window reset
[DEBUG] armors=1, targets=1
[2026-09-05 12:54:40.366] [info] [XUC][FIRE] stable-window candidate started
[DEBUG] armors=1, targets=1
[2026-09-05 12:54:40.384] [info] [SYNC][XUC] mode=1 yaw=-3.93 deg pitch=-6.61 deg feeder_rpm=0.00 wheel0_rpm=3180 wheel1_rpm=3160 wheel_delta=20 projectile_speed=12.80
[DEBUG] armors=1, targets=1
[DEBUG] armors=1, targets=1
[DEBUG] armors=1, targets=1
[DEBUG] armors=0, targets=1
[2026-09-05 12:54:40.443] [info] [XUC][FIRE] stable window reset
[DEBUG] armors=1, targets=1
[2026-09-05 12:54:40.459] [info] [XUC][FIRE] stable-window candidate started
[2026-09-05 12:54:40.461] [info] [SYNC][XUC] mode=1 yaw=-3.93 deg pitch=-6.63 deg feeder_rpm=0.00 wheel0_rpm=3120 wheel1_rpm=3140 wheel_delta=-20 projectile_speed=12.80
[DEBUG] armors=1, targets=1
[DEBUG] armors=1, targets=1
[DEBUG] armors=1, targets=1
[DEBUG] armors=1, targets=1
[DEBUG] armors=0, targets=1
[2026-09-05 12:54:40.536] [info] [XUC][FIRE] stable window reset
[2026-09-05 12:54:40.538] [info] [SYNC][XUC] mode=1 yaw=-3.93 deg pitch=-6.61 deg feeder_rpm=0.00 wheel0_rpm=3160 wheel1_rpm=3120 wheel_delta=40 projectile_speed=12.80
[DEBUG] armors=1, targets=1
[2026-09-05 12:54:40.552] [info] [XUC][FIRE] stable-window candidate started
[2026-09-05 12:54:40.552] [info] [DRYRUN] measured_gimbal=(2.879,-0.023,-0.479) measured_world=(2.909,0.177,-0.145) tracked_world=(2.874,0.176,-0.141) target_gimbal_deg=(-0.46,-9.45) target_world_deg=(3.48,-2.84) gimbal_deg=(3.93,-6.61) armor_y_px=974.1 pixel_error_deg=(1.18,10.53) ballistic=(range=2.879m holdover=0.548m comp=10.56deg residual=-0.03deg) q_wxyz=(0.997750,-0.001977,-0.057601,-0.034246) cmd_deg=(3.58,-6.62) packed_pitch_deg=-6.62 control=true shoot=false
[DEBUG] armors=1, targets=1
[DEBUG] armors=1, targets=1
[DEBUG] armors=1, targets=1
[DEBUG] armors=0, targets=1
[2026-09-05 12:54:40.614] [info] [XUC][FIRE] stable window reset
[2026-09-05 12:54:40.616] [info] [SYNC][XUC] mode=1 yaw=-3.93 deg pitch=-6.61 deg feeder_rpm=0.00 wheel0_rpm=3120 wheel1_rpm=3160 wheel_delta=-40 projectile_speed=12.80
[DEBUG] armors=0, targets=1
[DEBUG] armors=1, targets=1
[2026-09-05 12:54:40.645] [info] [XUC][FIRE] stable-window candidate started
[DEBUG] armors=1, targets=1
[DEBUG] armors=1, targets=1
[DEBUG] armors=0, targets=1
[2026-09-05 12:54:40.691] [info] [XUC][FIRE] stable window reset
[2026-09-05 12:54:40.694] [info] [SYNC][XUC] mode=1 yaw=-3.92 deg pitch=-6.61 deg feeder_rpm=0.00 wheel0_rpm=3200 wheel1_rpm=3140 wheel_delta=60 projectile_speed=12.80
[DEBUG] armors=1, targets=1
[2026-09-05 12:54:40.707] [info] [XUC][FIRE] stable-window candidate started
[DEBUG] armors=1, targets=1
[DEBUG] armors=1, targets=1
[DEBUG] armors=0, targets=1
[2026-09-05 12:54:40.753] [info] [XUC][FIRE] stable window reset
[DEBUG] armors=0, targets=1
[2026-09-05 12:54:40.770] [info] [SYNC][XUC] mode=1 yaw=-3.93 deg pitch=-6.60 deg feeder_rpm=0.00 wheel0_rpm=3180 wheel1_rpm=3180 wheel_delta=0 projectile_speed=12.80
[DEBUG] armors=1, targets=1
[2026-09-05 12:54:40.783] [info] [XUC][FIRE] stable-window candidate started
[DEBUG] armors=1, targets=1
[DEBUG] armors=1, targets=1
[DEBUG] armors=1, targets=1
[DEBUG] armors=1, targets=1
[2026-09-05 12:54:40.847] [info] [SYNC][XUC] mode=1 yaw=-3.93 deg pitch=-6.61 deg feeder_rpm=0.00 wheel0_rpm=3180 wheel1_rpm=3140 wheel_delta=40 projectile_speed=12.80
[DEBUG] armors=1, targets=1
[2026-09-05 12:54:40.860] [info] [DRYRUN] measured_gimbal=(2.807,-0.023,-0.464) measured_world=(2.837,0.172,-0.138) tracked_world=(2.874,0.175,-0.140) target_gimbal_deg=(-0.47,-9.39) target_world_deg=(3.47,-2.78) gimbal_deg=(3.93,-6.61) armor_y_px=973.0 pixel_error_deg=(1.19,10.50) ballistic=(range=2.807m holdover=0.528m comp=10.44deg residual=0.06deg) q_wxyz=(0.997749,-0.001978,-0.057631,-0.034241) cmd_deg=(3.51,-6.57) packed_pitch_deg=-6.57 control=true shoot=false
[2026-09-05 12:54:40.862] [info] [PERF] 总耗时=15.6ms (检测=12.8ms, 跟踪=0.5ms), FPS=64.3
[2026-09-05 12:54:40.862] [info] 📊 [CAMERA FPS] 瞬时帧率=64.2fps, 平均帧率=61.0fps, 总帧数=3600, 运行时间=59.1s
[DEBUG] armors=0, targets=1
[2026-09-05 12:54:40.875] [info] [XUC][FIRE] stable window reset
[DEBUG] armors=1, targets=1
[2026-09-05 12:54:40.891] [info] [XUC][FIRE] stable-window candidate started
[DEBUG] armors=1, targets=1
[DEBUG] armors=1, targets=1
[2026-09-05 12:54:40.925] [info] [SYNC][XUC] mode=1 yaw=-3.93 deg pitch=-6.63 deg feeder_rpm=0.00 wheel0_rpm=3160 wheel1_rpm=3180 wheel_delta=-20 projectile_speed=12.80
[DEBUG] armors=1, targets=1
[DEBUG] armors=1, targets=1
[DEBUG] armors=1, targets=1
[DEBUG] armors=1, targets=1
[DEBUG] armors=1, targets=1
[2026-09-05 12:54:41.004] [info] [SYNC][XUC] mode=1 yaw=-3.93 deg pitch=-6.62 deg feeder_rpm=0.00 wheel0_rpm=3200 wheel1_rpm=3160 wheel_delta=40 projectile_speed=12.80
[DEBUG] armors=1, targets=1
[DEBUG] armors=0, targets=1
[2026-09-05 12:54:41.032] [info] [XUC][FIRE] stable window reset
[DEBUG] armors=1, targets=1
[2026-09-05 12:54:41.047] [info] [XUC][FIRE] stable-window candidate started
[DEBUG] armors=1, targets=1
[DEBUG] armors=0, targets=1
[2026-09-05 12:54:41.078] [info] [XUC][FIRE] stable window reset
[2026-09-05 12:54:41.080] [info] [SYNC][XUC] mode=1 yaw=-3.94 deg pitch=-6.62 deg feeder_rpm=0.00 wheel0_rpm=3180 wheel1_rpm=3160 wheel_delta=20 projectile_speed=12.80
[DEBUG] armors=1, targets=1
[2026-09-05 12:54:41.094] [info] [XUC][FIRE] stable-window candidate started
[DEBUG] armors=1, targets=1
[DEBUG] armors=1, targets=1
[DEBUG] armors=1, targets=1
[DEBUG] armors=1, targets=1
[2026-09-05 12:54:41.159] [info] [SYNC][XUC] mode=1 yaw=-3.93 deg pitch=-6.62 deg feeder_rpm=0.00 wheel0_rpm=3180 wheel1_rpm=3160 wheel_delta=20 projectile_speed=12.80
[DEBUG] armors=1, targets=1
[2026-09-05 12:54:41.173] [info] [DRYRUN] measured_gimbal=(2.831,-0.023,-0.469) measured_world=(2.861,0.173,-0.139) tracked_world=(2.871,0.175,-0.140) target_gimbal_deg=(-0.47,-9.41) target_world_deg=(3.47,-2.78) gimbal_deg=(3.93,-6.62) armor_y_px=973.2 pixel_error_deg=(1.20,10.51) ballistic=(range=2.831m holdover=0.535m comp=10.48deg residual=0.03deg) q_wxyz=(0.997742,-0.001982,-0.057744,-0.034249) cmd_deg=(3.49,-6.60) packed_pitch_deg=-6.60 control=true shoot=false
[DEBUG] armors=1, targets=1
[DEBUG] armors=1, targets=1
[DEBUG] armors=1, targets=1
[DEBUG] armors=1, targets=1
[2026-09-05 12:54:41.238] [info] [SYNC][XUC] mode=1 yaw=-3.93 deg pitch=-6.63 deg feeder_rpm=0.00 wheel0_rpm=3180 wheel1_rpm=3180 wheel_delta=0 projectile_speed=12.80
[DEBUG] armors=1, targets=1
[DEBUG] armors=1, targets=1
[DEBUG] armors=0, targets=1
[2026-09-05 12:54:41.282] [info] [XUC][FIRE] stable window reset
[DEBUG] armors=1, targets=1
[2026-09-05 12:54:41.298] [info] [XUC][FIRE] stable-window candidate started
[DEBUG] armors=1, targets=1
[2026-09-05 12:54:41.315] [info] [SYNC][XUC] mode=1 yaw=-3.93 deg pitch=-6.62 deg feeder_rpm=0.00 wheel0_rpm=3180 wheel1_rpm=3140 wheel_delta=40 projectile_speed=12.80
[DEBUG] armors=1, targets=1
[DEBUG] armors=1, targets=1
[DEBUG] armors=1, targets=1
[DEBUG] armors=0, targets=1
[2026-09-05 12:54:41.376] [info] [XUC][FIRE] stable window reset
[DEBUG] armors=1, targets=1
[2026-09-05 12:54:41.392] [info] [XUC][FIRE] stable-window candidate started
[2026-09-05 12:54:41.394] [info] [SYNC][XUC] mode=1 yaw=-3.93 deg pitch=-6.62 deg feeder_rpm=0.00 wheel0_rpm=3180 wheel1_rpm=3160 wheel_delta=20 projectile_speed=12.80
[DEBUG] armors=1, targets=1
[DEBUG] armors=1, targets=1
[DEBUG] armors=1, targets=1
[DEBUG] armors=1, targets=1
[DEBUG] armors=0, targets=1
[2026-09-05 12:54:41.470] [info] [XUC][FIRE] stable window reset
[2026-09-05 12:54:41.472] [info] [SYNC][XUC] mode=1 yaw=-3.93 deg pitch=-6.61 deg feeder_rpm=-4.00 wheel0_rpm=3120 wheel1_rpm=3120 wheel_delta=0 projectile_speed=12.80
[DEBUG] armors=1, targets=1
[2026-09-05 12:54:41.485] [info] [XUC][FIRE] stable-window candidate started
[2026-09-05 12:54:41.485] [info] [DRYRUN] measured_gimbal=(2.850,-0.023,-0.472) measured_world=(2.880,0.175,-0.141) tracked_world=(2.866,0.174,-0.140) target_gimbal_deg=(-0.46,-9.41) target_world_deg=(3.48,-2.80) gimbal_deg=(3.93,-6.61) armor_y_px=972.8 pixel_error_deg=(1.18,10.50) ballistic=(range=2.850m holdover=0.540m comp=10.51deg residual=-0.01deg) q_wxyz=(0.997750,-0.001978,-0.057599,-0.034265) cmd_deg=(3.46,-6.58) packed_pitch_deg=-6.58 control=true shoot=false
[DEBUG] armors=1, targets=1
[DEBUG] armors=1, targets=1
[DEBUG] armors=1, targets=1
[DEBUG] armors=1, targets=1
[2026-09-05 12:54:41.549] [info] [SYNC][XUC] mode=1 yaw=-3.93 deg pitch=-6.61 deg feeder_rpm=-4.00 wheel0_rpm=3200 wheel1_rpm=3180 wheel_delta=20 projectile_speed=12.80
[DEBUG] armors=0, targets=1
[2026-09-05 12:54:41.561] [info] [XUC][FIRE] stable window reset
[DEBUG] armors=1, targets=1
[2026-09-05 12:54:41.577] [info] [XUC][FIRE] stable-window candidate started
[DEBUG] armors=1, targets=1
[DEBUG] armors=0, targets=1
[2026-09-05 12:54:41.608] [info] [XUC][FIRE] stable window reset
[DEBUG] armors=1, targets=1
[2026-09-05 12:54:41.623] [info] [XUC][FIRE] stable-window candidate started
[2026-09-05 12:54:41.625] [info] [SYNC][XUC] mode=1 yaw=-3.93 deg pitch=-6.61 deg feeder_rpm=0.00 wheel0_rpm=3180 wheel1_rpm=3140 wheel_delta=40 projectile_speed=12.80
[DEBUG] armors=1, targets=1
[2026-09-05 12:54:41.641] [info] [PERF] 总耗时=16.0ms (检测=13.4ms, 跟踪=0.5ms), FPS=62.3
[2026-09-05 12:54:41.641] [info] 📊 [CAMERA FPS] 瞬时帧率=62.2fps, 平均帧率=61.0fps, 总帧数=3650, 运行时间=59.8s
[DEBUG] armors=1, targets=1
[DEBUG] armors=1, targets=1
[DEBUG] armors=1, targets=1
[DEBUG] armors=1, targets=1
[2026-09-05 12:54:41.703] [info] [SYNC][XUC] mode=1 yaw=-3.93 deg pitch=-6.61 deg feeder_rpm=0.00 wheel0_rpm=3120 wheel1_rpm=3160 wheel_delta=-40 projectile_speed=12.80
[DEBUG] armors=0, targets=1
[2026-09-05 12:54:41.716] [info] [XUC][FIRE] stable window reset
[DEBUG] armors=0, targets=1
[DEBUG] armors=1, targets=1
[2026-09-05 12:54:41.747] [info] [XUC][FIRE] stable-window candidate started
[DEBUG] armors=0, targets=1
[2026-09-05 12:54:41.763] [info] [XUC][FIRE] stable window reset
[DEBUG] armors=1, targets=1
[2026-09-05 12:54:41.779] [info] [XUC][FIRE] stable-window candidate started
[2026-09-05 12:54:41.781] [info] [SYNC][XUC] mode=1 yaw=-3.93 deg pitch=-6.63 deg feeder_rpm=0.00 wheel0_rpm=3200 wheel1_rpm=3140 wheel_delta=60 projectile_speed=12.80
[DEBUG] armors=0, targets=1
[2026-09-05 12:54:41.793] [info] [XUC][FIRE] stable window reset
[DEBUG] armors=0, targets=1
[DEBUG] armors=1, targets=1
[2026-09-05 12:54:41.824] [info] [XUC][FIRE] stable-window candidate started
[DEBUG] armors=1, targets=1
[DEBUG] armors=1, targets=1
[2026-09-05 12:54:41.858] [info] [SYNC][XUC] mode=1 yaw=-3.93 deg pitch=-6.65 deg feeder_rpm=0.00 wheel0_rpm=3140 wheel1_rpm=3160 wheel_delta=-20 projectile_speed=12.80
[DEBUG] armors=1, targets=1
[DEBUG] armors=1, targets=1
[DEBUG] armors=1, targets=1
[DEBUG] armors=1, targets=1
[DEBUG] armors=1, targets=1
[2026-09-05 12:54:41.935] [info] [SYNC][XUC] mode=1 yaw=-3.93 deg pitch=-6.66 deg feeder_rpm=0.00 wheel0_rpm=3160 wheel1_rpm=3140 wheel_delta=20 projectile_speed=12.80
[DEBUG] armors=0, targets=1
[2026-09-05 12:54:41.948] [info] [XUC][FIRE] stable window reset
[DEBUG] armors=0, targets=1
[DEBUG] armors=0, targets=1
[DEBUG] armors=1, targets=1
[2026-09-05 12:54:41.992] [info] [XUC][FIRE] stable-window candidate started
[DEBUG] armors=1, targets=1
[2026-09-05 12:54:42.010] [info] [SYNC][XUC] mode=1 yaw=-3.93 deg pitch=-6.67 deg feeder_rpm=0.00 wheel0_rpm=3140 wheel1_rpm=3140 wheel_delta=0 projectile_speed=12.80
[DEBUG] armors=1, targets=1
[DEBUG] armors=1, targets=1
[DEBUG] armors=1, targets=1
[DEBUG] armors=1, targets=1
[DEBUG] armors=1, targets=1
[2026-09-05 12:54:42.087] [info] [SYNC][XUC] mode=1 yaw=-3.93 deg pitch=-6.67 deg feeder_rpm=0.00 wheel0_rpm=3120 wheel1_rpm=3160 wheel_delta=-40 projectile_speed=12.80
[DEBUG] armors=1, targets=1
[2026-09-05 12:54:42.100] [info] [DRYRUN] measured_gimbal=(2.816,-0.024,-0.467) measured_world=(2.846,0.172,-0.137) tracked_world=(2.865,0.174,-0.138) target_gimbal_deg=(-0.48,-9.41) target_world_deg=(3.46,-2.74) gimbal_deg=(3.93,-6.67) armor_y_px=973.8 pixel_error_deg=(1.19,10.52) ballistic=(range=2.816m holdover=0.531m comp=10.46deg residual=0.07deg) q_wxyz=(0.997717,-0.001997,-0.058152,-0.034267) cmd_deg=(3.47,-6.58) packed_pitch_deg=-6.58 control=true shoot=false
[DEBUG] armors=1, targets=1
[DEBUG] armors=1, targets=1
[DEBUG] armors=1, targets=1
[DEBUG] armors=1, targets=1
[2026-09-05 12:54:42.164] [info] [SYNC][XUC] mode=1 yaw=-3.93 deg pitch=-6.68 deg feeder_rpm=0.00 wheel0_rpm=3160 wheel1_rpm=3160 wheel_delta=0 projectile_speed=12.80
[DEBUG] armors=1, targets=1
[DEBUG] armors=1, targets=1
[2026-09-05 12:54:42.192] [info] [XUC][FIRE] qualified after 200 ms, pixel error deg=(1.20,0.02)
[DEBUG] armors=1, targets=1
[DEBUG] armors=1, targets=1
[DEBUG] armors=1, targets=1
[2026-09-05 12:54:42.241] [info] [SYNC][XUC] mode=1 yaw=-3.93 deg pitch=-6.68 deg feeder_rpm=1827.00 wheel0_rpm=3120 wheel1_rpm=3160 wheel_delta=-40 projectile_speed=12.80
[DEBUG] armors=1, targets=1
[DEBUG] armors=1, targets=1
[DEBUG] armors=1, targets=1
[DEBUG] armors=1, targets=1
[DEBUG] armors=1, targets=1
[2026-09-05 12:54:42.317] [info] [SYNC][XUC] mode=1 yaw=-3.94 deg pitch=-6.67 deg feeder_rpm=2036.00 wheel0_rpm=3180 wheel1_rpm=3140 wheel_delta=40 projectile_speed=12.80
[DEBUG] armors=1, targets=1
[DEBUG] armors=1, targets=1
[DEBUG] armors=1, targets=1
[DEBUG] armors=1, targets=1
[2026-09-05 12:54:42.458] [warning] MV_CC_GetImageBuffer failed: 0x80000007
[2026-09-05 12:54:42.458] [info] HikRobot's capture thread stopped.
[2026-09-05 12:54:43.008] [info] Reset usb successfully :)
[2026-09-05 12:54:43.229] [info] [HikRobot][READBACK] image=1440x1080, pixel_format=0x1080009
[2026-09-05 12:54:43.230] [info] [HikRobot][READBACK] exposure_us=2000.0 auto=0, gain=10.02 auto=0, white_balance_auto=0
[2026-09-05 12:54:43.231] [info] [HikRobot][READBACK] trigger=off (continuous acquisition)
[2026-09-05 12:54:43.231] [info] [HikRobot][READBACK] acquisition_fps=150.00
[2026-09-05 12:54:43.243] [info] HikRobot's capture thread started.
[2026-09-05 12:54:43.263] [warning] [Tracker] Large dt: 0.903s
[DEBUG] armors=1, targets=1
[2026-09-05 12:54:43.265] [info] [SYNC][XUC] mode=1 yaw=-3.92 deg pitch=-6.69 deg feeder_rpm=0.00 wheel0_rpm=0 wheel1_rpm=0 wheel_delta=0 projectile_speed=12.80
[DEBUG] armors=1, targets=1
[2026-09-05 12:54:43.276] [info] [DRYRUN] measured_gimbal=(2.841,-0.022,-0.472) measured_world=(2.872,0.175,-0.138) tracked_world=(2.872,0.175,-0.138) target_gimbal_deg=(-0.44,-9.44) target_world_deg=(3.48,-2.75) gimbal_deg=(3.92,-6.69) armor_y_px=974.4 pixel_error_deg=(1.17,10.54) ballistic=(range=2.841m holdover=0.537m comp=10.50deg residual=0.04deg) q_wxyz=(0.997714,-0.001994,-0.058293,-0.034137) cmd_deg=(3.56,-6.62) packed_pitch_deg=-6.62 control=true shoot=true
[2026-09-05 12:54:43.278] [info] [PERF] 总耗时=12.8ms (检测=10.2ms, 跟踪=0.4ms), FPS=77.9
[2026-09-05 12:54:43.278] [info] 📊 [CAMERA FPS] 瞬时帧率=77.7fps, 平均帧率=60.2fps, 总帧数=3700, 运行时间=61.5s
[DEBUG] armors=1, targets=1
[DEBUG] armors=1, targets=1
[DEBUG] armors=1, targets=1
[DEBUG] armors=1, targets=1
[2026-09-05 12:54:43.331] [info] [SYNC][XUC] mode=1 yaw=-3.89 deg pitch=-6.67 deg feeder_rpm=0.00 wheel0_rpm=1720 wheel1_rpm=1940 wheel_delta=-220 projectile_speed=12.80
[DEBUG] armors=1, targets=1
[DEBUG] armors=1, targets=1
[DEBUG] armors=1, targets=1
[DEBUG] armors=1, targets=1
[DEBUG] armors=0, targets=1
[2026-09-05 12:54:43.401] [info] [XUC][FIRE] stable window reset
[2026-09-05 12:54:43.403] [info] [SYNC][XUC] mode=1 yaw=-4.03 deg pitch=-6.65 deg feeder_rpm=0.00 wheel0_rpm=2700 wheel1_rpm=2780 wheel_delta=-80 projectile_speed=12.80
[DEBUG] armors=1, targets=1
[2026-09-05 12:54:43.419] [info] [XUC][FIRE] stable-window candidate started
[DEBUG] armors=1, targets=1
[DEBUG] armors=1, targets=1
[DEBUG] armors=0, targets=1
[2026-09-05 12:54:43.465] [info] [XUC][FIRE] stable window reset
[DEBUG] armors=1, targets=1
[2026-09-05 12:54:43.480] [info] [XUC][FIRE] stable-window candidate started
[2026-09-05 12:54:43.482] [info] [SYNC][XUC] mode=1 yaw=-4.01 deg pitch=-6.63 deg feeder_rpm=0.00 wheel0_rpm=3020 wheel1_rpm=3060 wheel_delta=-40 projectile_speed=12.80
[DEBUG] armors=0, targets=1
[2026-09-05 12:54:43.495] [info] [XUC][FIRE] stable window reset
[DEBUG] armors=0, targets=1
[DEBUG] armors=1, targets=1
[2026-09-05 12:54:43.525] [info] [XUC][FIRE] stable-window candidate started
[DEBUG] armors=1, targets=1
[DEBUG] armors=0, targets=1
[2026-09-05 12:54:43.554] [info] [XUC][FIRE] stable window reset
[2026-09-05 12:54:43.557] [info] [SYNC][XUC] mode=1 yaw=-4.00 deg pitch=-6.63 deg feeder_rpm=0.00 wheel0_rpm=3100 wheel1_rpm=3160 wheel_delta=-60 projectile_speed=12.80
[DEBUG] armors=0, targets=1
[DEBUG] armors=0, targets=1
[DEBUG] armors=1, targets=1
[2026-09-05 12:54:43.599] [info] [XUC][FIRE] stable-window candidate started
[DEBUG] armors=1, targets=1
[DEBUG] armors=1, targets=1
[2026-09-05 12:54:43.632] [info] [SYNC][XUC] mode=1 yaw=-4.00 deg pitch=-6.65 deg feeder_rpm=-4.00 wheel0_rpm=3160 wheel1_rpm=3120 wheel_delta=40 projectile_speed=12.80
[DEBUG] armors=0, targets=1
[2026-09-05 12:54:43.645] [info] [XUC][FIRE] stable window reset
[DEBUG] armors=1, targets=1
[2026-09-05 12:54:43.660] [info] [XUC][FIRE] stable-window candidate started
[DEBUG] armors=0, targets=1
[2026-09-05 12:54:43.674] [info] [XUC][FIRE] stable window reset
[DEBUG] armors=1, targets=1
[2026-09-05 12:54:43.690] [info] [XUC][FIRE] stable-window candidate started
[DEBUG] armors=1, targets=1
[2026-09-05 12:54:43.708] [info] [SYNC][XUC] mode=1 yaw=-3.99 deg pitch=-6.66 deg feeder_rpm=0.00 wheel0_rpm=3180 wheel1_rpm=3160 wheel_delta=20 projectile_speed=12.80
[DEBUG] armors=1, targets=1
[DEBUG] armors=1, targets=1
[DEBUG] armors=1, targets=1
[DEBUG] armors=1, targets=1
[DEBUG] armors=1, targets=1
[2026-09-05 12:54:43.784] [info] [SYNC][XUC] mode=1 yaw=-3.99 deg pitch=-6.66 deg feeder_rpm=0.00 wheel0_rpm=3120 wheel1_rpm=3140 wheel_delta=-20 projectile_speed=12.80
[DEBUG] armors=0, targets=1
[2026-09-05 12:54:43.797] [info] [XUC][FIRE] stable window reset
[DEBUG] armors=1, targets=1
[2026-09-05 12:54:43.812] [info] [XUC][FIRE] stable-window candidate started
[DEBUG] armors=1, targets=1
[DEBUG] armors=1, targets=1
[DEBUG] armors=0, targets=1
[2026-09-05 12:54:43.858] [info] [XUC][FIRE] stable window reset
[2026-09-05 12:54:43.860] [info] [SYNC][XUC] mode=1 yaw=-4.00 deg pitch=-6.63 deg feeder_rpm=0.00 wheel0_rpm=3120 wheel1_rpm=3140 wheel_delta=-20 projectile_speed=12.80
[DEBUG] armors=1, targets=1
[2026-09-05 12:54:43.873] [info] [XUC][FIRE] stable-window candidate started
[2026-09-05 12:54:43.873] [info] [DRYRUN] measured_gimbal=(2.885,-0.027,-0.478) measured_world=(2.916,0.178,-0.142) tracked_world=(2.913,0.197,-0.143) target_gimbal_deg=(-0.53,-9.41) target_world_deg=(3.48,-2.78) gimbal_deg=(4.00,-6.63) armor_y_px=972.3 pixel_error_deg=(1.27,10.49) ballistic=(range=2.885m holdover=0.549m comp=10.57deg residual=-0.08deg) q_wxyz=(0.997720,-0.002019,-0.057752,-0.034877) cmd_deg=(4.09,-6.72) packed_pitch_deg=-6.72 control=true shoot=false
[DEBUG] armors=1, targets=1
[DEBUG] armors=0, targets=1
[2026-09-05 12:54:43.904] [info] [XUC][FIRE] stable window reset
[DEBUG] armors=1, targets=1
[2026-09-05 12:54:43.919] [info] [XUC][FIRE] stable-window candidate started
[DEBUG] armors=1, targets=1
[2026-09-05 12:54:43.937] [info] [SYNC][XUC] mode=1 yaw=-4.01 deg pitch=-6.64 deg feeder_rpm=0.00 wheel0_rpm=3180 wheel1_rpm=3140 wheel_delta=40 projectile_speed=12.80
[DEBUG] armors=0, targets=1
[2026-09-05 12:54:43.950] [info] [XUC][FIRE] stable window reset
[DEBUG] armors=1, targets=1
[2026-09-05 12:54:43.966] [info] [XUC][FIRE] stable-window candidate started
[DEBUG] armors=1, targets=1
[DEBUG] armors=1, targets=1
[DEBUG] armors=1, targets=1
[2026-09-05 12:54:44.015] [info] [SYNC][XUC] mode=1 yaw=-4.00 deg pitch=-6.63 deg feeder_rpm=0.00 wheel0_rpm=3200 wheel1_rpm=3160 wheel_delta=40 projectile_speed=12.80
[DEBUG] armors=1, targets=1
[2026-09-05 12:54:44.029] [info] [PERF] 总耗时=14.5ms (检测=11.8ms, 跟踪=0.5ms), FPS=68.9
[2026-09-05 12:54:44.029] [info] 📊 [CAMERA FPS] 瞬时帧率=68.7fps, 平均帧率=60.3fps, 总帧数=3750, 运行时间=62.2s
[DEBUG] armors=0, targets=1
[2026-09-05 12:54:44.042] [info] [XUC][FIRE] stable window reset
[DEBUG] armors=0, targets=1
[DEBUG] armors=1, targets=1
[2026-09-05 12:54:44.072] [info] [XUC][FIRE] stable-window candidate started
[DEBUG] armors=1, targets=1
[2026-09-05 12:54:44.089] [info] [SYNC][XUC] mode=1 yaw=-4.00 deg pitch=-6.64 deg feeder_rpm=-8.00 wheel0_rpm=3140 wheel1_rpm=3140 wheel_delta=0 projectile_speed=12.80
[DEBUG] armors=1, targets=1
[DEBUG] armors=1, targets=1
[DEBUG] armors=0, targets=1
[2026-09-05 12:54:44.132] [info] [XUC][FIRE] stable window reset
[DEBUG] armors=0, targets=1
[DEBUG] armors=1, targets=1
[2026-09-05 12:54:44.163] [info] [XUC][FIRE] stable-window candidate started
[2026-09-05 12:54:44.165] [info] [SYNC][XUC] mode=1 yaw=-4.00 deg pitch=-6.62 deg feeder_rpm=0.00 wheel0_rpm=3180 wheel1_rpm=3140 wheel_delta=40 projectile_speed=12.80
[DEBUG] armors=0, targets=1
[2026-09-05 12:54:44.178] [info] [XUC][FIRE] stable window reset
[DEBUG] armors=1, targets=1
[2026-09-05 12:54:44.194] [info] [XUC][FIRE] stable-window candidate started
[DEBUG] armors=1, targets=1
[DEBUG] armors=1, targets=1
[DEBUG] armors=1, targets=1
[2026-09-05 12:54:44.242] [info] [SYNC][XUC] mode=1 yaw=-4.00 deg pitch=-6.63 deg feeder_rpm=0.00 wheel0_rpm=3160 wheel1_rpm=3160 wheel_delta=0 projectile_speed=12.80
[DEBUG] armors=1, targets=1
[DEBUG] armors=1, targets=1
[DEBUG] armors=1, targets=1
[DEBUG] armors=1, targets=1
[DEBUG] armors=1, targets=1
[2026-09-05 12:54:44.319] [info] [SYNC][XUC] mode=1 yaw=-4.00 deg pitch=-6.62 deg feeder_rpm=0.00 wheel0_rpm=3140 wheel1_rpm=3160 wheel_delta=-20 projectile_speed=12.80
[DEBUG] armors=1, targets=1
[DEBUG] armors=1, targets=1
[DEBUG] armors=0, targets=1
[2026-09-05 12:54:44.362] [info] [XUC][FIRE] stable window reset
[DEBUG] armors=0, targets=1
[DEBUG] armors=1, targets=1
[2026-09-05 12:54:44.392] [info] [XUC][FIRE] stable-window candidate started
[2026-09-05 12:54:44.394] [info] [SYNC][XUC] mode=1 yaw=-4.00 deg pitch=-6.63 deg feeder_rpm=-4.00 wheel0_rpm=3180 wheel1_rpm=3180 wheel_delta=0 projectile_speed=12.80
[DEBUG] armors=1, targets=1
[DEBUG] armors=1, targets=1
[DEBUG] armors=1, targets=1
[DEBUG] armors=1, targets=1
[DEBUG] armors=1, targets=1
[2026-09-05 12:54:44.472] [info] [SYNC][XUC] mode=1 yaw=-4.01 deg pitch=-6.64 deg feeder_rpm=0.00 wheel0_rpm=3120 wheel1_rpm=3120 wheel_delta=0 projectile_speed=12.80
[DEBUG] armors=1, targets=1
[2026-09-05 12:54:44.485] [info] [DRYRUN] measured_gimbal=(2.806,-0.026,-0.467) measured_world=(2.836,0.173,-0.140) tracked_world=(2.910,0.178,-0.143) target_gimbal_deg=(-0.53,-9.46) target_world_deg=(3.49,-2.82) gimbal_deg=(4.01,-6.64) armor_y_px=975.7 pixel_error_deg=(1.23,10.57) ballistic=(range=2.806m holdover=0.528m comp=10.44deg residual=0.13deg) q_wxyz=(0.997713,-0.002024,-0.057843,-0.034919) cmd_deg=(3.48,-6.58) packed_pitch_deg=-6.58 control=true shoot=false
[DEBUG] armors=1, targets=1
[DEBUG] armors=1, targets=1
[DEBUG] armors=1, targets=1
[DEBUG] armors=1, targets=1
[2026-09-05 12:54:44.547] [info] [SYNC][XUC] mode=1 yaw=-4.01 deg pitch=-6.63 deg feeder_rpm=0.00 wheel0_rpm=3100 wheel1_rpm=3140 wheel_delta=-40 projectile_speed=12.80
[DEBUG] armors=1, targets=1
[DEBUG] armors=1, targets=1
[DEBUG] armors=1, targets=1
[DEBUG] armors=1, targets=1
[2026-09-05 12:54:44.605] [info] [XUC][FIRE] qualified after 213 ms, pixel error deg=(1.22,0.01)
[DEBUG] armors=1, targets=1
[2026-09-05 12:54:44.623] [info] [SYNC][XUC] mode=1 yaw=-4.00 deg pitch=-6.63 deg feeder_rpm=-4.00 wheel0_rpm=3160 wheel1_rpm=3160 wheel_delta=0 projectile_speed=12.80
[DEBUG] armors=1, targets=1
[DEBUG] armors=1, targets=1
[DEBUG] armors=0, targets=1
[2026-09-05 12:54:44.666] [info] [XUC][FIRE] stable window reset
[DEBUG] armors=1, targets=1
[2026-09-05 12:54:44.681] [info] [XUC][FIRE] stable-window candidate started
[DEBUG] armors=0, targets=1
[2026-09-05 12:54:44.695] [info] [XUC][FIRE] stable window reset
[2026-09-05 12:54:44.697] [info] [SYNC][XUC] mode=1 yaw=-4.01 deg pitch=-6.60 deg feeder_rpm=2142.00 wheel0_rpm=3180 wheel1_rpm=3180 wheel_delta=0 projectile_speed=12.80
[DEBUG] armors=1, targets=1
[2026-09-05 12:54:44.711] [info] [XUC][FIRE] stable-window candidate started
[DEBUG] armors=0, targets=1
[2026-09-05 12:54:44.725] [info] [XUC][FIRE] stable window reset
[DEBUG] armors=0, targets=1
[DEBUG] armors=1, targets=1
[2026-09-05 12:54:44.755] [info] [XUC][FIRE] stable-window candidate started
[DEBUG] armors=1, targets=1
[2026-09-05 12:54:44.773] [info] [SYNC][XUC] mode=1 yaw=-3.99 deg pitch=-6.61 deg feeder_rpm=2058.00 wheel0_rpm=3160 wheel1_rpm=3140 wheel_delta=20 projectile_speed=12.80
[DEBUG] armors=1, targets=1
[2026-09-05 12:54:44.785] [info] [DRYRUN] measured_gimbal=(2.826,-0.025,-0.468) measured_world=(2.856,0.175,-0.140) tracked_world=(2.902,0.177,-0.143) target_gimbal_deg=(-0.50,-9.40) target_world_deg=(3.50,-2.80) gimbal_deg=(3.99,-6.61) armor_y_px=973.1 pixel_error_deg=(1.22,10.50) ballistic=(range=2.826m holdover=0.533m comp=10.47deg residual=0.03deg) q_wxyz=(0.997734,-0.002005,-0.057583,-0.034748) cmd_deg=(3.50,-6.66) packed_pitch_deg=-6.66 control=true shoot=false
[2026-09-05 12:54:44.787] [info] [PERF] 总耗时=14.4ms (检测=11.8ms, 跟踪=0.4ms), FPS=69.4
[2026-09-05 12:54:44.867] [warning] MV_CC_GetImageBuffer failed: 0x80000007
[2026-09-05 12:54:44.867] [info] HikRobot's capture thread stopped.
[2026-09-05 12:54:47.964] [info] Reset usb successfully :)
[2026-09-05 12:54:48.213] [info] [HikRobot][READBACK] image=1440x1080, pixel_format=0x1080009
[2026-09-05 12:54:48.214] [info] [HikRobot][READBACK] exposure_us=2000.0 auto=0, gain=10.02 auto=0, white_balance_auto=0
[2026-09-05 12:54:48.214] [info] [HikRobot][READBACK] trigger=off (continuous acquisition)
[2026-09-05 12:54:48.214] [info] [HikRobot][READBACK] acquisition_fps=150.00
[2026-09-05 12:54:48.227] [info] HikRobot's capture thread started.
[2026-09-05 12:54:48.237] [info] 📊 [CAMERA FPS] 瞬时帧率=0.3fps, 平均帧率=57.2fps, 总帧数=3800, 运行时间=66.4s
[2026-09-05 12:54:48.246] [warning] [Tracker] Large dt: 3.477s
[DEBUG] armors=1, targets=1
[2026-09-05 12:54:48.247] [info] [XUC][FIRE] qualified after 3504 ms, pixel error deg=(1.23,0.13)
[DEBUG] armors=1, targets=1
[DEBUG] armors=1, targets=1
[DEBUG] armors=1, targets=1
[2026-09-05 12:54:48.289] [info] [SYNC][XUC] mode=1 yaw=-4.01 deg pitch=-6.70 deg feeder_rpm=0.00 wheel0_rpm=520 wheel1_rpm=520 wheel_delta=0 projectile_speed=12.80
[DEBUG] armors=1, targets=1
[DEBUG] armors=1, targets=1
[DEBUG] armors=1, targets=1
[DEBUG] armors=1, targets=1
[DEBUG] armors=1, targets=1
[2026-09-05 12:54:48.357] [info] [SYNC][XUC] mode=1 yaw=-3.98 deg pitch=-6.67 deg feeder_rpm=0.00 wheel0_rpm=2260 wheel1_rpm=2480 wheel_delta=-220 projectile_speed=12.80
[DEBUG] armors=1, targets=1
[DEBUG] armors=1, targets=1
[DEBUG] armors=1, targets=1
[DEBUG] armors=1, targets=1
[DEBUG] armors=1, targets=1
[2026-09-05 12:54:48.432] [info] [SYNC][XUC] mode=1 yaw=-3.99 deg pitch=-6.62 deg feeder_rpm=0.00 wheel0_rpm=2920 wheel1_rpm=3020 wheel_delta=-100 projectile_speed=12.80
[DEBUG] armors=1, targets=1
[DEBUG] armors=1, targets=1
[DEBUG] armors=1, targets=1
[DEBUG] armors=1, targets=1
[DEBUG] armors=0, targets=1
[2026-09-05 12:54:48.504] [info] [XUC][FIRE] stable window reset
[2026-09-05 12:54:48.506] [info] [SYNC][XUC] mode=1 yaw=-3.97 deg pitch=-6.60 deg feeder_rpm=0.00 wheel0_rpm=3120 wheel1_rpm=3100 wheel_delta=20 projectile_speed=12.80
[DEBUG] armors=0, targets=1
[DEBUG] armors=1, targets=1
[2026-09-05 12:54:48.535] [info] [XUC][FIRE] stable-window candidate started
[DEBUG] armors=1, targets=1
[DEBUG] armors=0, targets=1
[2026-09-05 12:54:48.566] [info] [XUC][FIRE] stable window reset
[DEBUG] armors=0, targets=1
[2026-09-05 12:54:48.584] [info] [SYNC][XUC] mode=1 yaw=-2.92 deg pitch=-6.62 deg feeder_rpm=-4.00 wheel0_rpm=3120 wheel1_rpm=3140 wheel_delta=-20 projectile_speed=12.80
[DEBUG] armors=0, targets=1
[DEBUG] armors=1, targets=1
[2026-09-05 12:54:48.612] [info] [XUC][FIRE] stable-window candidate started
[DEBUG] armors=1, targets=1
[DEBUG] armors=1, targets=1
[DEBUG] armors=1, targets=1
[2026-09-05 12:54:48.660] [info] [SYNC][XUC] mode=1 yaw=-2.67 deg pitch=-6.61 deg feeder_rpm=0.00 wheel0_rpm=3180 wheel1_rpm=3160 wheel_delta=20 projectile_speed=12.80
[DEBUG] armors=1, targets=1
[DEBUG] armors=1, targets=1
[DEBUG] armors=1, targets=1
[DEBUG] armors=1, targets=1
[DEBUG] armors=1, targets=1
[2026-09-05 12:54:48.738] [info] [SYNC][XUC] mode=1 yaw=-2.66 deg pitch=-6.62 deg feeder_rpm=0.00 wheel0_rpm=3140 wheel1_rpm=3140 wheel_delta=0 projectile_speed=12.80
[DEBUG] armors=1, targets=1
[DEBUG] armors=1, targets=1
[DEBUG] armors=1, targets=1
[DEBUG] armors=1, targets=1
[DEBUG] armors=1, targets=1
[2026-09-05 12:54:48.813] [info] [XUC][FIRE] qualified after 200 ms, pixel error deg=(-0.14,-0.01)
[2026-09-05 12:54:48.815] [info] [SYNC][XUC] mode=1 yaw=-2.66 deg pitch=-6.61 deg feeder_rpm=0.00 wheel0_rpm=3140 wheel1_rpm=3160 wheel_delta=-20 projectile_speed=12.80
[DEBUG] armors=1, targets=1
[2026-09-05 12:54:48.828] [info] [DRYRUN] measured_gimbal=(2.803,0.042,-0.464) measured_world=(2.833,0.174,-0.138) tracked_world=(2.886,0.159,-0.141) target_gimbal_deg=(0.86,-9.39) target_world_deg=(3.52,-2.78) gimbal_deg=(2.66,-6.61) armor_y_px=973.0 pixel_error_deg=(-0.15,10.50) ballistic=(range=2.803m holdover=0.527m comp=10.44deg residual=0.07deg) q_wxyz=(0.998066,-0.001341,-0.057649,-0.023209) cmd_deg=(2.44,-6.58) packed_pitch_deg=-6.58 control=true shoot=true
[DEBUG] armors=1, targets=1
[DEBUG] armors=1, targets=1
[DEBUG] armors=1, targets=1
[DEBUG] armors=1, targets=1
[2026-09-05 12:54:48.892] [info] [SYNC][XUC] mode=1 yaw=-2.66 deg pitch=-6.60 deg feeder_rpm=2039.00 wheel0_rpm=3180 wheel1_rpm=3120 wheel_delta=60 projectile_speed=12.80
[DEBUG] armors=1, targets=1
[DEBUG] armors=1, targets=1
[DEBUG] armors=1, targets=1
[DEBUG] armors=1, targets=1
[DEBUG] armors=1, targets=1
[2026-09-05 12:54:48.970] [info] [SYNC][XUC] mode=1 yaw=-2.66 deg pitch=-6.61 deg feeder_rpm=2127.00 wheel0_rpm=3120 wheel1_rpm=3140 wheel_delta=-20 projectile_speed=12.80
[DEBUG] armors=1, targets=1
[2026-09-05 12:54:48.986] [info] [PERF] 总耗时=15.8ms (检测=13.1ms, 跟踪=0.4ms), FPS=63.5
[2026-09-05 12:54:48.986] [info] 📊 [CAMERA FPS] 瞬时帧率=63.4fps, 平均帧率=57.3fps, 总帧数=3850, 运行时间=67.2s
[DEBUG] armors=1, targets=1
[DEBUG] armors=1, targets=1
[DEBUG] armors=1, targets=1
[2026-09-05 12:54:49.104] [warning] MV_CC_GetImageBuffer failed: 0x80000007
[2026-09-05 12:54:49.104] [info] HikRobot's capture thread stopped.
[2026-09-05 12:54:50.147] [info] Reset usb successfully :)
[2026-09-05 12:54:50.370] [info] [HikRobot][READBACK] image=1440x1080, pixel_format=0x1080009
[2026-09-05 12:54:50.372] [info] [HikRobot][READBACK] exposure_us=2000.0 auto=0, gain=10.02 auto=0, white_balance_auto=0
[2026-09-05 12:54:50.372] [info] [HikRobot][READBACK] trigger=off (continuous acquisition)
[2026-09-05 12:54:50.372] [info] [HikRobot][READBACK] acquisition_fps=150.00
[2026-09-05 12:54:50.384] [info] HikRobot's capture thread started.
[2026-09-05 12:54:50.403] [warning] [Tracker] Large dt: 1.390s
[DEBUG] armors=1, targets=1
[2026-09-05 12:54:50.405] [info] [SYNC][XUC] mode=1 yaw=-2.69 deg pitch=-6.63 deg feeder_rpm=0.00 wheel0_rpm=0 wheel1_rpm=0 wheel_delta=0 projectile_speed=12.80
[DEBUG] armors=1, targets=1
[DEBUG] armors=1, targets=1
[DEBUG] armors=1, targets=1
[DEBUG] armors=1, targets=1
[DEBUG] armors=0, targets=1
[2026-09-05 12:54:50.469] [info] [XUC][FIRE] stable window reset
[2026-09-05 12:54:50.471] [info] [SYNC][XUC] mode=1 yaw=-2.91 deg pitch=-6.61 deg feeder_rpm=0.00 wheel0_rpm=1620 wheel1_rpm=1820 wheel_delta=-200 projectile_speed=12.80
[DEBUG] armors=1, targets=1
[2026-09-05 12:54:50.482] [info] [XUC][FIRE] stable-window candidate started
[2026-09-05 12:54:50.482] [info] [DRYRUN] measured_gimbal=(2.912,0.034,-0.485) measured_world=(2.943,0.184,-0.146) tracked_world=(2.894,0.183,-0.143) target_gimbal_deg=(0.68,-9.45) target_world_deg=(3.58,-2.84) gimbal_deg=(2.91,-6.61) armor_y_px=973.6 pixel_error_deg=(0.07,10.52) ballistic=(range=2.912m holdover=0.557m comp=10.61deg residual=-0.09deg) q_wxyz=(0.998014,-0.001464,-0.057655,-0.025348) cmd_deg=(4.16,-6.69) packed_pitch_deg=-6.69 control=true shoot=false
[DEBUG] armors=1, targets=1
[DEBUG] armors=1, targets=1
[DEBUG] armors=1, targets=1
[DEBUG] armors=1, targets=1
[2026-09-05 12:54:50.543] [info] [SYNC][XUC] mode=1 yaw=-3.11 deg pitch=-6.61 deg feeder_rpm=-4.00 wheel0_rpm=2680 wheel1_rpm=2820 wheel_delta=-140 projectile_speed=12.80
[DEBUG] armors=1, targets=1
[DEBUG] armors=1, targets=1
[DEBUG] armors=1, targets=1
[DEBUG] armors=1, targets=1
[DEBUG] armors=1, targets=1
[2026-09-05 12:54:50.620] [info] [SYNC][XUC] mode=1 yaw=-3.11 deg pitch=-6.60 deg feeder_rpm=0.00 wheel0_rpm=3020 wheel1_rpm=3080 wheel_delta=-60 projectile_speed=12.80
[DEBUG] armors=0, targets=1
[2026-09-05 12:54:50.632] [info] [XUC][FIRE] stable window reset
[DEBUG] armors=0, targets=1
[DEBUG] armors=0, targets=1
[DEBUG] armors=0, targets=1
[DEBUG] armors=1, targets=1
[2026-09-05 12:54:50.692] [info] [XUC][FIRE] stable-window candidate started
[2026-09-05 12:54:50.694] [info] [SYNC][XUC] mode=1 yaw=-3.11 deg pitch=-6.60 deg feeder_rpm=-4.00 wheel0_rpm=3160 wheel1_rpm=3140 wheel_delta=20 projectile_speed=12.80
[DEBUG] armors=1, targets=1
[DEBUG] armors=0, targets=1
[2026-09-05 12:54:50.722] [info] [XUC][FIRE] stable window reset
[DEBUG] armors=1, targets=1
[2026-09-05 12:54:50.738] [info] [XUC][FIRE] stable-window candidate started
[DEBUG] armors=1, targets=1
[DEBUG] armors=1, targets=1
[2026-09-05 12:54:50.771] [info] [SYNC][XUC] mode=1 yaw=-3.10 deg pitch=-6.59 deg feeder_rpm=0.00 wheel0_rpm=3140 wheel1_rpm=3160 wheel_delta=-20 projectile_speed=12.80
[DEBUG] armors=0, targets=1
[2026-09-05 12:54:50.783] [info] [XUC][FIRE] stable window reset
[DEBUG] armors=0, targets=1
[DEBUG] armors=1, targets=1
[2026-09-05 12:54:50.814] [info] [XUC][FIRE] stable-window candidate started
[DEBUG] armors=1, targets=1
[DEBUG] armors=1, targets=1
[2026-09-05 12:54:50.848] [info] [SYNC][XUC] mode=1 yaw=-3.10 deg pitch=-6.59 deg feeder_rpm=0.00 wheel0_rpm=3160 wheel1_rpm=3120 wheel_delta=40 projectile_speed=12.80
[DEBUG] armors=1, targets=1
[DEBUG] armors=1, targets=1
[DEBUG] armors=1, targets=1
[DEBUG] armors=1, targets=1
[DEBUG] armors=0, targets=1
[2026-09-05 12:54:50.922] [info] [XUC][FIRE] stable window reset
[2026-09-05 12:54:50.924] [info] [SYNC][XUC] mode=1 yaw=-3.10 deg pitch=-6.60 deg feeder_rpm=3.00 wheel0_rpm=3180 wheel1_rpm=3180 wheel_delta=0 projectile_speed=12.80
[DEBUG] armors=1, targets=1
[2026-09-05 12:54:50.938] [info] [XUC][FIRE] stable-window candidate started
[DEBUG] armors=1, targets=1
[DEBUG] armors=0, targets=1
[2026-09-05 12:54:50.969] [info] [XUC][FIRE] stable window reset
[DEBUG] armors=0, targets=1
[DEBUG] armors=0, targets=1
[2026-09-05 12:54:51.001] [info] [SYNC][XUC] mode=1 yaw=-3.11 deg pitch=-6.59 deg feeder_rpm=0.00 wheel0_rpm=3140 wheel1_rpm=3140 wheel_delta=0 projectile_speed=12.80
[DEBUG] armors=0, targets=1
[DEBUG] armors=0, targets=1
[DEBUG] armors=0, targets=1
[DEBUG] armors=1, targets=1
[2026-09-05 12:54:51.059] [info] [XUC][FIRE] stable-window candidate started
[DEBUG] armors=0, targets=1
[2026-09-05 12:54:51.074] [info] [XUC][FIRE] stable window reset
[2026-09-05 12:54:51.076] [info] [SYNC][XUC] mode=1 yaw=-3.11 deg pitch=-6.60 deg feeder_rpm=0.00 wheel0_rpm=3160 wheel1_rpm=3160 wheel_delta=0 projectile_speed=12.80
[DEBUG] armors=1, targets=1
[2026-09-05 12:54:51.089] [info] [XUC][FIRE] stable-window candidate started
[2026-09-05 12:54:51.089] [info] [DRYRUN] measured_gimbal=(2.833,0.022,-0.469) measured_world=(2.863,0.178,-0.140) tracked_world=(2.906,0.180,-0.145) target_gimbal_deg=(0.45,-9.40) target_world_deg=(3.55,-2.79) gimbal_deg=(3.11,-6.60) armor_y_px=972.7 pixel_error_deg=(0.27,10.49) ballistic=(range=2.833m holdover=0.535m comp=10.48deg residual=0.01deg) q_wxyz=(0.997974,-0.001562,-0.057553,-0.027086) cmd_deg=(3.55,-6.63) packed_pitch_deg=-6.63 control=true shoot=false
[2026-09-05 12:54:51.091] [info] [PERF] 总耗时=15.4ms (检测=12.6ms, 跟踪=0.5ms), FPS=64.7
[2026-09-05 12:54:51.091] [info] 📊 [CAMERA FPS] 瞬时帧率=64.6fps, 平均帧率=56.3fps, 总帧数=3900, 运行时间=69.3s
[DEBUG] armors=1, targets=1
[DEBUG] armors=1, targets=1
[DEBUG] armors=1, targets=1
[DEBUG] armors=1, targets=1
[2026-09-05 12:54:51.154] [info] [SYNC][XUC] mode=1 yaw=-3.11 deg pitch=-6.61 deg feeder_rpm=0.00 wheel0_rpm=3140 wheel1_rpm=3140 wheel_delta=0 projectile_speed=12.80
[DEBUG] armors=1, targets=1
[DEBUG] armors=1, targets=1
[DEBUG] armors=1, targets=1
[DEBUG] armors=0, targets=1
[2026-09-05 12:54:51.213] [info] [XUC][FIRE] stable window reset
[DEBUG] armors=1, targets=1
[2026-09-05 12:54:51.228] [info] [XUC][FIRE] stable-window candidate started
[2026-09-05 12:54:51.230] [info] [SYNC][XUC] mode=1 yaw=-3.11 deg pitch=-6.60 deg feeder_rpm=-4.00 wheel0_rpm=3120 wheel1_rpm=3160 wheel_delta=-40 projectile_speed=12.80
[DEBUG] armors=1, targets=1
[DEBUG] armors=1, targets=1
[DEBUG] armors=1, targets=1
[DEBUG] armors=1, targets=1
[DEBUG] armors=0, targets=1
[2026-09-05 12:54:51.306] [info] [XUC][FIRE] stable window reset
[2026-09-05 12:54:51.308] [info] [SYNC][XUC] mode=1 yaw=-3.11 deg pitch=-6.58 deg feeder_rpm=0.00 wheel0_rpm=3180 wheel1_rpm=3160 wheel_delta=20 projectile_speed=12.80
[DEBUG] armors=1, targets=1
[2026-09-05 12:54:51.321] [info] [XUC][FIRE] stable-window candidate started
[DEBUG] armors=1, targets=1
[DEBUG] armors=1, targets=1
[DEBUG] armors=1, targets=1
[DEBUG] armors=0, targets=1
[2026-09-05 12:54:51.382] [info] [XUC][FIRE] stable window reset
[2026-09-05 12:54:51.384] [info] [SYNC][XUC] mode=1 yaw=-3.12 deg pitch=-6.58 deg feeder_rpm=0.00 wheel0_rpm=3160 wheel1_rpm=3180 wheel_delta=-20 projectile_speed=12.80
[DEBUG] armors=1, targets=1
[2026-09-05 12:54:51.397] [info] [XUC][FIRE] stable-window candidate started
[2026-09-05 12:54:51.397] [info] [DRYRUN] measured_gimbal=(2.864,0.022,-0.475) measured_world=(2.894,0.180,-0.144) tracked_world=(2.905,0.159,-0.145) target_gimbal_deg=(0.44,-9.42) target_world_deg=(3.55,-2.84) gimbal_deg=(3.12,-6.58) armor_y_px=973.0 pixel_error_deg=(0.28,10.50) ballistic=(range=2.864m holdover=0.544m comp=10.53deg residual=-0.03deg) q_wxyz=(0.997983,-0.001560,-0.057361,-0.027140) cmd_deg=(2.87,-6.58) packed_pitch_deg=-6.58 control=true shoot=false
[DEBUG] armors=0, targets=1
[2026-09-05 12:54:51.412] [info] [XUC][FIRE] stable window reset
[DEBUG] armors=1, targets=1
[2026-09-05 12:54:51.427] [info] [XUC][FIRE] stable-window candidate started
[DEBUG] armors=0, targets=1
[2026-09-05 12:54:51.442] [info] [XUC][FIRE] stable window reset
[DEBUG] armors=0, targets=1
[2026-09-05 12:54:51.460] [info] [SYNC][XUC] mode=1 yaw=-3.08 deg pitch=-6.59 deg feeder_rpm=0.00 wheel0_rpm=3160 wheel1_rpm=3180 wheel_delta=-20 projectile_speed=12.80
[DEBUG] armors=0, targets=1
[DEBUG] armors=0, targets=1
[DEBUG] armors=0, targets=1
[DEBUG] armors=1, targets=1
[2026-09-05 12:54:51.518] [info] [XUC][FIRE] stable-window candidate started
[DEBUG] armors=1, targets=1
[2026-09-05 12:54:51.537] [info] [SYNC][XUC] mode=1 yaw=-3.07 deg pitch=-6.58 deg feeder_rpm=0.00 wheel0_rpm=3120 wheel1_rpm=3180 wheel_delta=-60 projectile_speed=12.80
[DEBUG] armors=1, targets=1
[DEBUG] armors=0, targets=1
[2026-09-05 12:54:51.565] [info] [XUC][FIRE] stable window reset
[DEBUG] armors=1, targets=1
[2026-09-05 12:54:51.581] [info] [XUC][FIRE] stable-window candidate started
[DEBUG] armors=0, targets=1
[2026-09-05 12:54:51.596] [info] [XUC][FIRE] stable window reset
[DEBUG] armors=1, targets=1
[2026-09-05 12:54:51.612] [info] [XUC][FIRE] stable-window candidate started
[2026-09-05 12:54:51.614] [info] [SYNC][XUC] mode=1 yaw=-3.07 deg pitch=-6.56 deg feeder_rpm=0.00 wheel0_rpm=3120 wheel1_rpm=3160 wheel_delta=-40 projectile_speed=12.80
[DEBUG] armors=1, targets=1
[DEBUG] armors=1, targets=1
[DEBUG] armors=1, targets=1
[DEBUG] armors=1, targets=1
[DEBUG] armors=1, targets=1
[2026-09-05 12:54:51.692] [info] [SYNC][XUC] mode=1 yaw=-3.12 deg pitch=-6.53 deg feeder_rpm=0.00 wheel0_rpm=3160 wheel1_rpm=3180 wheel_delta=-20 projectile_speed=12.80
[DEBUG] armors=1, targets=1
[2026-09-05 12:54:51.705] [info] [DRYRUN] measured_gimbal=(2.805,0.020,-0.462) measured_world=(2.834,0.175,-0.140) tracked_world=(2.886,0.187,-0.145) target_gimbal_deg=(0.41,-9.34) target_world_deg=(3.53,-2.82) gimbal_deg=(3.12,-6.53) armor_y_px=971.0 pixel_error_deg=(0.31,10.45) ballistic=(range=2.805m holdover=0.528m comp=10.44deg residual=0.02deg) q_wxyz=(0.998008,-0.001552,-0.056893,-0.027222) cmd_deg=(3.88,-6.52) packed_pitch_deg=-6.52 control=true shoot=false
[DEBUG] armors=1, targets=1
[DEBUG] armors=1, targets=1
[DEBUG] armors=1, targets=1
[DEBUG] armors=1, targets=1
[2026-09-05 12:54:51.770] [info] [SYNC][XUC] mode=1 yaw=-3.12 deg pitch=-6.53 deg feeder_rpm=-4.00 wheel0_rpm=3160 wheel1_rpm=3140 wheel_delta=20 projectile_speed=12.80
[DEBUG] armors=1, targets=1
[DEBUG] armors=1, targets=1
[DEBUG] armors=1, targets=1
[2026-09-05 12:54:51.814] [info] [XUC][FIRE] qualified after 200 ms, pixel error deg=(0.30,-0.06)
[DEBUG] armors=1, targets=1
[DEBUG] armors=1, targets=1
[2026-09-05 12:54:51.847] [info] [SYNC][XUC] mode=1 yaw=-3.12 deg pitch=-6.53 deg feeder_rpm=1428.00 wheel0_rpm=3180 wheel1_rpm=3160 wheel_delta=20 projectile_speed=12.80
[DEBUG] armors=1, targets=1
[2026-09-05 12:54:51.863] [info] [PERF] 总耗时=15.4ms (检测=12.8ms, 跟踪=0.4ms), FPS=64.9
[2026-09-05 12:54:51.863] [info] 📊 [CAMERA FPS] 瞬时帧率=64.7fps, 平均帧率=56.4fps, 总帧数=3950, 运行时间=70.1s
[DEBUG] armors=1, targets=1
[DEBUG] armors=1, targets=1
[DEBUG] armors=1, targets=1
[DEBUG] armors=1, targets=1
[2026-09-05 12:54:51.924] [info] [SYNC][XUC] mode=1 yaw=-3.12 deg pitch=-6.52 deg feeder_rpm=2149.00 wheel0_rpm=3120 wheel1_rpm=3140 wheel_delta=-20 projectile_speed=12.80
[DEBUG] armors=1, targets=1
[DEBUG] armors=1, targets=1
[DEBUG] armors=1, targets=1
[DEBUG] armors=1, targets=1
[DEBUG] armors=1, targets=1
[2026-09-05 12:54:52.001] [info] [SYNC][XUC] mode=1 yaw=-3.13 deg pitch=-6.53 deg feeder_rpm=593.00 wheel0_rpm=3140 wheel1_rpm=3160 wheel_delta=-20 projectile_speed=12.80
[DEBUG] armors=1, targets=1
[2026-09-05 12:54:52.014] [info] [DRYRUN] measured_gimbal=(2.864,0.021,-0.472) measured_world=(2.894,0.179,-0.143) tracked_world=(2.877,0.180,-0.143) target_gimbal_deg=(0.41,-9.35) target_world_deg=(3.53,-2.83) gimbal_deg=(3.13,-6.53) armor_y_px=970.4 pixel_error_deg=(0.32,10.44) ballistic=(range=2.864m holdover=0.544m comp=10.53deg residual=-0.09deg) q_wxyz=(0.998005,-0.001554,-0.056923,-0.027247) cmd_deg=(3.59,-6.62) packed_pitch_deg=-6.62 control=true shoot=true
[2026-09-05 12:54:52.101] [warning] MV_CC_GetImageBuffer failed: 0x80000007
[2026-09-05 12:54:52.101] [info] HikRobot's capture thread stopped.
[2026-09-05 12:54:53.520] [info] Reset usb successfully :)
[2026-09-05 12:54:53.770] [info] [HikRobot][READBACK] image=1440x1080, pixel_format=0x1080009
[2026-09-05 12:54:53.771] [info] [HikRobot][READBACK] exposure_us=2000.0 auto=0, gain=10.02 auto=0, white_balance_auto=0
[2026-09-05 12:54:53.771] [info] [HikRobot][READBACK] trigger=off (continuous acquisition)
[2026-09-05 12:54:53.771] [info] [HikRobot][READBACK] acquisition_fps=150.00
[2026-09-05 12:54:53.784] [info] HikRobot's capture thread started.
[2026-09-05 12:54:53.804] [warning] [Tracker] Large dt: 1.806s
[DEBUG] armors=1, targets=1
[DEBUG] armors=1, targets=1
[DEBUG] armors=1, targets=1
[DEBUG] armors=1, targets=1
[2026-09-05 12:54:53.845] [info] [SYNC][XUC] mode=1 yaw=-3.12 deg pitch=-6.62 deg feeder_rpm=0.00 wheel0_rpm=900 wheel1_rpm=880 wheel_delta=20 projectile_speed=12.80
[DEBUG] armors=1, targets=1
[DEBUG] armors=1, targets=1
[DEBUG] armors=1, targets=1
[DEBUG] armors=0, targets=1
[2026-09-05 12:54:53.896] [info] [XUC][FIRE] stable window reset
[2026-09-05 12:54:53.974] [warning] MV_CC_GetImageBuffer failed: 0x80000007
[2026-09-05 12:54:53.974] [info] HikRobot's capture thread stopped.
[2026-09-05 12:54:54.364] [warning] Unable to reset usb!
[2026-09-05 12:54:54.365] [warning] Not found camera!
[2026-09-05 12:54:54.465] [warning] Unable to open usb!
[2026-09-05 12:54:54.465] [warning] Not found camera!
[2026-09-05 12:54:54.565] [warning] Unable to open usb!
[2026-09-05 12:54:54.565] [warning] Not found camera!
[2026-09-05 12:54:54.794] [info] Reset usb successfully :)
[2026-09-05 12:54:55.029] [info] [HikRobot][READBACK] image=1440x1080, pixel_format=0x1080009
[2026-09-05 12:54:55.030] [info] [HikRobot][READBACK] exposure_us=2000.0 auto=0, gain=10.02 auto=0, white_balance_auto=0
[2026-09-05 12:54:55.031] [info] [HikRobot][READBACK] trigger=off (continuous acquisition)
[2026-09-05 12:54:55.031] [info] [HikRobot][READBACK] acquisition_fps=150.00
[2026-09-05 12:54:55.043] [info] HikRobot's capture thread started.
[2026-09-05 12:54:55.061] [warning] [Tracker] Large dt: 1.177s
[DEBUG] armors=0, targets=0
[2026-09-05 12:54:55.061] [warning] [XUC][YAW] visual loss: control stopped, yaw state retained
[2026-09-05 12:54:55.061] [warning] [XUC][PITCH] visual loss: control stopped, pitch state retained
[2026-09-05 12:54:55.063] [info] [SYNC][XUC] mode=1 yaw=1.91 deg pitch=-6.55 deg feeder_rpm=-4.00 wheel0_rpm=0 wheel1_rpm=0 wheel_delta=0 projectile_speed=12.80
[DEBUG] armors=0, targets=0
[DEBUG] armors=0, targets=0
[DEBUG] armors=0, targets=0
[DEBUG] armors=1, targets=1
[2026-09-05 12:54:55.113] [info] [XUC][YAW] measurement reacquired with continuous slew
[2026-09-05 12:54:55.113] [info] [XUC][PITCH] measurement reacquired with continuous slew
[DEBUG] armors=0, targets=0
[2026-09-05 12:54:55.128] [info] [SYNC][XUC] mode=1 yaw=1.92 deg pitch=-6.55 deg feeder_rpm=0.00 wheel0_rpm=1380 wheel1_rpm=1640 wheel_delta=-260 projectile_speed=12.80
[DEBUG] armors=0, targets=0
[DEBUG] armors=0, targets=0
[DEBUG] armors=1, targets=1
[DEBUG] armors=1, targets=1
[DEBUG] armors=0, targets=0
[2026-09-05 12:54:55.197] [info] [SYNC][XUC] mode=1 yaw=-0.78 deg pitch=-6.57 deg feeder_rpm=0.00 wheel0_rpm=2580 wheel1_rpm=2760 wheel_delta=-180 projectile_speed=12.80
[DEBUG] armors=1, targets=1
[2026-09-05 12:54:55.209] [info] [XUC][FIRE] stable-window candidate started
[2026-09-05 12:54:55.209] [info] [DRYRUN] measured_gimbal=(2.892,0.132,-0.480) measured_world=(2.926,0.172,-0.146) tracked_world=(2.926,0.172,-0.146) target_gimbal_deg=(2.62,-9.42) target_world_deg=(3.36,-2.85) gimbal_deg=(0.78,-6.57) armor_y_px=972.6 pixel_error_deg=(-1.88,10.49) ballistic=(range=2.895m holdover=0.552m comp=10.58deg residual=-0.09deg) q_wxyz=(0.998335,-0.000389,-0.057282,-0.006775) cmd_deg=(3.39,-6.63) packed_pitch_deg=-6.63 control=true shoot=false
[2026-09-05 12:54:55.298] [warning] MV_CC_GetImageBuffer failed: 0x80000007
[2026-09-05 12:54:55.298] [info] HikRobot's capture thread stopped.
[2026-09-05 12:54:55.709] [warning] Unable to reset usb!
[2026-09-05 12:54:55.709] [warning] Not found camera!
[2026-09-05 12:54:55.809] [warning] Unable to open usb!
[2026-09-05 12:54:55.810] [warning] Not found camera!
[2026-09-05 12:54:55.910] [warning] Unable to open usb!
[2026-09-05 12:54:55.910] [warning] Not found camera!
[2026-09-05 12:54:56.010] [warning] Unable to open usb!
[2026-09-05 12:54:56.010] [warning] Not found camera!
[2026-09-05 12:54:56.110] [warning] Unable to open usb!
[2026-09-05 12:54:56.110] [warning] Not found camera!
[2026-09-05 12:54:56.211] [warning] Unable to open usb!
[2026-09-05 12:54:56.211] [warning] Not found camera!
[2026-09-05 12:54:56.311] [warning] Unable to open usb!
[2026-09-05 12:54:56.311] [warning] Not found camera!
[2026-09-05 12:54:56.411] [warning] Unable to open usb!
[2026-09-05 12:54:56.411] [warning] Not found camera!
[2026-09-05 12:54:56.511] [warning] Unable to open usb!
[2026-09-05 12:54:56.512] [warning] Not found camera!
[2026-09-05 12:54:56.612] [warning] Unable to open usb!
[2026-09-05 12:54:56.612] [warning] Not found camera!
[2026-09-05 12:54:56.842] [info] Reset usb successfully :)
[2026-09-05 12:54:57.099] [info] [HikRobot][READBACK] image=1440x1080, pixel_format=0x1080009
[2026-09-05 12:54:57.101] [info] [HikRobot][READBACK] exposure_us=2000.0 auto=0, gain=10.02 auto=0, white_balance_auto=0
[2026-09-05 12:54:57.101] [info] [HikRobot][READBACK] trigger=off (continuous acquisition)
[2026-09-05 12:54:57.101] [info] [HikRobot][READBACK] acquisition_fps=150.00
[2026-09-05 12:54:57.112] [info] HikRobot's capture thread started.
[2026-09-05 12:54:57.129] [warning] [Tracker] Large dt: 1.936s
[DEBUG] armors=1, targets=1
[2026-09-05 12:54:57.129] [info] [XUC][FIRE] qualified after 1936 ms, pixel error deg=(0.19,0.36)
[DEBUG] armors=1, targets=1
[DEBUG] armors=1, targets=1
[DEBUG] armors=1, targets=1
[2026-09-05 12:54:57.171] [info] [SYNC][XUC] mode=1 yaw=-3.03 deg pitch=-6.62 deg feeder_rpm=-4.00 wheel0_rpm=880 wheel1_rpm=980 wheel_delta=-100 projectile_speed=12.80
[DEBUG] armors=1, targets=1
[DEBUG] armors=1, targets=1
[2026-09-05 12:54:57.280] [warning] MV_CC_GetImageBuffer failed: 0x80000007
[2026-09-05 12:54:57.280] [info] HikRobot's capture thread stopped.
[2026-09-05 12:54:57.684] [warning] Unable to reset usb!
[2026-09-05 12:54:57.685] [warning] Not found camera!
[2026-09-05 12:54:57.785] [warning] Unable to open usb!
[2026-09-05 12:54:57.785] [warning] Not found camera!
[2026-09-05 12:54:57.885] [warning] Unable to open usb!
[2026-09-05 12:54:57.885] [warning] Not found camera!
[2026-09-05 12:54:58.114] [info] Reset usb successfully :)
[2026-09-05 12:54:58.341] [info] [HikRobot][READBACK] image=1440x1080, pixel_format=0x1080009
[2026-09-05 12:54:58.342] [info] [HikRobot][READBACK] exposure_us=2000.0 auto=0, gain=10.02 auto=0, white_balance_auto=0
[2026-09-05 12:54:58.342] [info] [HikRobot][READBACK] trigger=off (continuous acquisition)
[2026-09-05 12:54:58.342] [info] [HikRobot][READBACK] acquisition_fps=150.00
[2026-09-05 12:54:58.354] [info] HikRobot's capture thread started.
[2026-09-05 12:54:58.370] [warning] [Tracker] Large dt: 1.188s
[DEBUG] armors=1, targets=1
[DEBUG] armors=1, targets=1
[DEBUG] armors=1, targets=1
[2026-09-05 12:54:58.398] [info] [SYNC][XUC] mode=1 yaw=-1.42 deg pitch=-6.43 deg feeder_rpm=0.00 wheel0_rpm=40 wheel1_rpm=60 wheel_delta=-20 projectile_speed=12.80
[DEBUG] armors=1, targets=1
[DEBUG] armors=1, targets=1
[DEBUG] armors=1, targets=1
[DEBUG] armors=1, targets=1
[DEBUG] armors=1, targets=1
[2026-09-05 12:54:58.465] [info] [SYNC][XUC] mode=1 yaw=-2.32 deg pitch=-6.44 deg feeder_rpm=0.00 wheel0_rpm=2100 wheel1_rpm=2300 wheel_delta=-200 projectile_speed=12.80
[DEBUG] armors=1, targets=1
[DEBUG] armors=1, targets=1
[DEBUG] armors=1, targets=1
[DEBUG] armors=1, targets=1
[DEBUG] armors=1, targets=1
[2026-09-05 12:54:58.538] [info] [SYNC][XUC] mode=1 yaw=-2.34 deg pitch=-6.52 deg feeder_rpm=-4.00 wheel0_rpm=2840 wheel1_rpm=2960 wheel_delta=-120 projectile_speed=12.80
[DEBUG] armors=1, targets=1
[2026-09-05 12:54:58.551] [info] [DRYRUN] measured_gimbal=(2.870,0.059,-0.474) measured_world=(2.901,0.178,-0.145) tracked_world=(2.887,0.177,-0.144) target_gimbal_deg=(1.18,-9.38) target_world_deg=(3.51,-2.86) gimbal_deg=(2.34,-6.52) armor_y_px=971.1 pixel_error_deg=(-0.45,10.46) ballistic=(range=2.871m holdover=0.546m comp=10.54deg residual=-0.09deg) q_wxyz=(0.998175,-0.001160,-0.056845,-0.020364) cmd_deg=(3.49,-6.64) packed_pitch_deg=-6.64 control=true shoot=true
[2026-09-05 12:54:58.553] [info] [PERF] 总耗时=15.1ms (检测=12.2ms, 跟踪=0.4ms), FPS=66.3
[2026-09-05 12:54:58.553] [info] 📊 [CAMERA FPS] 瞬时帧率=66.1fps, 平均帧率=52.1fps, 总帧数=4000, 运行时间=76.7s
[DEBUG] armors=1, targets=1
[DEBUG] armors=1, targets=1
[DEBUG] armors=1, targets=1
[DEBUG] armors=1, targets=1
[2026-09-05 12:54:58.615] [info] [SYNC][XUC] mode=1 yaw=-2.33 deg pitch=-6.52 deg feeder_rpm=0.00 wheel0_rpm=3100 wheel1_rpm=3100 wheel_delta=0 projectile_speed=12.80
[DEBUG] armors=1, targets=1
[DEBUG] armors=0, targets=1
[2026-09-05 12:54:58.644] [info] [XUC][FIRE] stable window reset
[DEBUG] armors=0, targets=1
[DEBUG] armors=1, targets=1
[2026-09-05 12:54:58.674] [info] [XUC][FIRE] stable-window candidate started
[DEBUG] armors=0, targets=1
[2026-09-05 12:54:58.689] [info] [XUC][FIRE] stable window reset
[2026-09-05 12:54:58.692] [info] [SYNC][XUC] mode=1 yaw=-2.33 deg pitch=-6.54 deg feeder_rpm=0.00 wheel0_rpm=3120 wheel1_rpm=3120 wheel_delta=0 projectile_speed=12.80
[DEBUG] armors=1, targets=1
[2026-09-05 12:54:58.704] [info] [XUC][FIRE] stable-window candidate started
[DEBUG] armors=1, targets=1
[DEBUG] armors=1, targets=1
[DEBUG] armors=1, targets=1
[DEBUG] armors=1, targets=1
[2026-09-05 12:54:58.769] [info] [SYNC][XUC] mode=1 yaw=-2.32 deg pitch=-6.57 deg feeder_rpm=0.00 wheel0_rpm=3140 wheel1_rpm=3160 wheel_delta=-20 projectile_speed=12.80
[DEBUG] armors=1, targets=1
[DEBUG] armors=0, targets=1
[2026-09-05 12:54:58.798] [info] [XUC][FIRE] stable window reset
[DEBUG] armors=0, targets=1
[DEBUG] armors=1, targets=1
[2026-09-05 12:54:58.829] [info] [XUC][FIRE] stable-window candidate started
[DEBUG] armors=1, targets=1
[2026-09-05 12:54:58.846] [info] [SYNC][XUC] mode=1 yaw=-2.33 deg pitch=-6.54 deg feeder_rpm=0.00 wheel0_rpm=3180 wheel1_rpm=3140 wheel_delta=40 projectile_speed=12.80
[DEBUG] armors=1, targets=1
[2026-09-05 12:54:58.858] [info] [DRYRUN] measured_gimbal=(2.806,0.058,-0.465) measured_world=(2.836,0.173,-0.143) tracked_world=(2.858,0.175,-0.142) target_gimbal_deg=(1.18,-9.42) target_world_deg=(3.50,-2.87) gimbal_deg=(2.33,-6.54) armor_y_px=974.0 pixel_error_deg=(-0.46,10.53) ballistic=(range=2.806m holdover=0.528m comp=10.44deg residual=0.09deg) q_wxyz=(0.998164,-0.001160,-0.057051,-0.020292) cmd_deg=(3.51,-6.50) packed_pitch_deg=-6.50 control=true shoot=false
[DEBUG] armors=0, targets=1
[2026-09-05 12:54:58.873] [info] [XUC][FIRE] stable window reset
[DEBUG] armors=0, targets=1
[DEBUG] armors=1, targets=1
[2026-09-05 12:54:58.904] [info] [XUC][FIRE] stable-window candidate started
[DEBUG] armors=0, targets=1
[2026-09-05 12:54:58.919] [info] [XUC][FIRE] stable window reset
[2026-09-05 12:54:58.921] [info] [SYNC][XUC] mode=1 yaw=-2.33 deg pitch=-6.54 deg feeder_rpm=0.00 wheel0_rpm=3140 wheel1_rpm=3180 wheel_delta=-40 projectile_speed=12.80
[DEBUG] armors=0, targets=1
[DEBUG] armors=0, targets=1
[DEBUG] armors=1, targets=1
[2026-09-05 12:54:58.964] [info] [XUC][FIRE] stable-window candidate started
[DEBUG] armors=1, targets=1
[DEBUG] armors=1, targets=1
[2026-09-05 12:54:58.997] [info] [SYNC][XUC] mode=1 yaw=-2.34 deg pitch=-6.53 deg feeder_rpm=0.00 wheel0_rpm=3140 wheel1_rpm=3160 wheel_delta=-20 projectile_speed=12.80
[DEBUG] armors=0, targets=1
[2026-09-05 12:54:59.009] [info] [XUC][FIRE] stable window reset
[DEBUG] armors=0, targets=1
[DEBUG] armors=1, targets=1
[2026-09-05 12:54:59.039] [info] [XUC][FIRE] stable-window candidate started
[DEBUG] armors=0, targets=1
[2026-09-05 12:54:59.055] [info] [XUC][FIRE] stable window reset
[DEBUG] armors=1, targets=1
[2026-09-05 12:54:59.070] [info] [XUC][FIRE] stable-window candidate started
[2026-09-05 12:54:59.072] [info] [SYNC][XUC] mode=1 yaw=-2.34 deg pitch=-6.53 deg feeder_rpm=0.00 wheel0_rpm=3160 wheel1_rpm=3140 wheel_delta=20 projectile_speed=12.80
[DEBUG] armors=0, targets=1
[2026-09-05 12:54:59.085] [info] [XUC][FIRE] stable window reset
[DEBUG] armors=0, targets=1
[DEBUG] armors=0, targets=1
[DEBUG] armors=1, targets=1
[2026-09-05 12:54:59.130] [info] [XUC][FIRE] stable-window candidate started
[DEBUG] armors=1, targets=1
[2026-09-05 12:54:59.147] [info] [SYNC][XUC] mode=1 yaw=-2.34 deg pitch=-6.53 deg feeder_rpm=0.00 wheel0_rpm=3180 wheel1_rpm=3180 wheel_delta=0 projectile_speed=12.80
[DEBUG] armors=0, targets=1
[2026-09-05 12:54:59.160] [info] [XUC][FIRE] stable window reset
[DEBUG] armors=1, targets=1
[2026-09-05 12:54:59.175] [info] [XUC][FIRE] stable-window candidate started
[DEBUG] armors=0, targets=1
[2026-09-05 12:54:59.189] [info] [XUC][FIRE] stable window reset
[DEBUG] armors=1, targets=1
[2026-09-05 12:54:59.205] [info] [XUC][FIRE] stable-window candidate started
[DEBUG] armors=1, targets=1
[2026-09-05 12:54:59.223] [info] [SYNC][XUC] mode=1 yaw=-2.34 deg pitch=-6.54 deg feeder_rpm=0.00 wheel0_rpm=3140 wheel1_rpm=3160 wheel_delta=-20 projectile_speed=12.80
[DEBUG] armors=0, targets=1
[2026-09-05 12:54:59.235] [info] [XUC][FIRE] stable window reset
[DEBUG] armors=0, targets=1
[DEBUG] armors=1, targets=1
[2026-09-05 12:54:59.265] [info] [XUC][FIRE] stable-window candidate started
[DEBUG] armors=1, targets=1
[DEBUG] armors=1, targets=1
[2026-09-05 12:54:59.299] [info] [SYNC][XUC] mode=1 yaw=-2.34 deg pitch=-6.51 deg feeder_rpm=0.00 wheel0_rpm=3180 wheel1_rpm=3140 wheel_delta=40 projectile_speed=12.80
[DEBUG] armors=1, targets=1
[2026-09-05 12:54:59.314] [info] [PERF] 总耗时=15.2ms (检测=12.4ms, 跟踪=0.4ms), FPS=66.0
[2026-09-05 12:54:59.314] [info] 📊 [CAMERA FPS] 瞬时帧率=65.8fps, 平均帧率=52.3fps, 总帧数=4050, 运行时间=77.5s
[DEBUG] armors=1, targets=1
[DEBUG] armors=1, targets=1
[DEBUG] armors=1, targets=1
[DEBUG] armors=1, targets=1
[2026-09-05 12:54:59.375] [info] [SYNC][XUC] mode=1 yaw=-2.35 deg pitch=-6.51 deg feeder_rpm=0.00 wheel0_rpm=3120 wheel1_rpm=3140 wheel_delta=-20 projectile_speed=12.80
[DEBUG] armors=1, targets=1
[DEBUG] armors=1, targets=1
[DEBUG] armors=1, targets=1
[DEBUG] armors=1, targets=1
[DEBUG] armors=1, targets=1
[2026-09-05 12:54:59.451] [info] [SYNC][XUC] mode=1 yaw=-2.35 deg pitch=-6.51 deg feeder_rpm=0.00 wheel0_rpm=3200 wheel1_rpm=3160 wheel_delta=40 projectile_speed=12.80
[DEBUG] armors=1, targets=1
[2026-09-05 12:54:59.464] [info] [DRYRUN] measured_gimbal=(2.837,0.057,-0.469) measured_world=(2.867,0.175,-0.144) tracked_world=(2.855,0.174,-0.143) target_gimbal_deg=(1.16,-9.38) target_world_deg=(3.49,-2.86) gimbal_deg=(2.35,-6.51) armor_y_px=971.8 pixel_error_deg=(-0.43,10.47) ballistic=(range=2.837m holdover=0.536m comp=10.49deg residual=-0.02deg) q_wxyz=(0.998175,-0.001164,-0.056804,-0.020459) cmd_deg=(3.51,-6.50) packed_pitch_deg=-6.50 control=true shoot=false
[DEBUG] armors=1, targets=1
[2026-09-05 12:54:59.479] [info] [XUC][FIRE] qualified after 213 ms, pixel error deg=(-0.44,0.03)
[DEBUG] armors=1, targets=1
[DEBUG] armors=1, targets=1
[DEBUG] armors=1, targets=1
[2026-09-05 12:54:59.527] [info] [SYNC][XUC] mode=1 yaw=-2.35 deg pitch=-6.52 deg feeder_rpm=1761.00 wheel0_rpm=3180 wheel1_rpm=3140 wheel_delta=40 projectile_speed=12.80
[DEBUG] armors=1, targets=1
[DEBUG] armors=1, targets=1
[DEBUG] armors=1, targets=1
[DEBUG] armors=1, targets=1
[DEBUG] armors=1, targets=1
[2026-09-05 12:54:59.602] [info] [SYNC][XUC] mode=1 yaw=-2.35 deg pitch=-6.51 deg feeder_rpm=2047.00 wheel0_rpm=3140 wheel1_rpm=3140 wheel_delta=0 projectile_speed=12.80
[DEBUG] armors=1, targets=1
[DEBUG] armors=1, targets=1
[DEBUG] armors=1, targets=1
[DEBUG] armors=1, targets=1
[DEBUG] armors=1, targets=1
[2026-09-05 12:54:59.678] [info] [SYNC][XUC] mode=1 yaw=-2.37 deg pitch=-6.49 deg feeder_rpm=113.00 wheel0_rpm=3140 wheel1_rpm=3140 wheel_delta=0 projectile_speed=12.80
[DEBUG] armors=1, targets=1
[DEBUG] armors=1, targets=1
[DEBUG] armors=1, targets=1
[DEBUG] armors=1, targets=1
[DEBUG] armors=1, targets=1
[2026-09-05 12:54:59.756] [info] [SYNC][XUC] mode=1 yaw=-2.36 deg pitch=-6.50 deg feeder_rpm=-4.00 wheel0_rpm=3180 wheel1_rpm=3160 wheel_delta=20 projectile_speed=12.80
[DEBUG] armors=1, targets=1
[2026-09-05 12:54:59.769] [info] [DRYRUN] measured_gimbal=(2.817,0.056,-0.464) measured_world=(2.847,0.174,-0.142) tracked_world=(2.846,0.174,-0.143) target_gimbal_deg=(1.14,-9.35) target_world_deg=(3.49,-2.85) gimbal_deg=(2.36,-6.50) armor_y_px=971.1 pixel_error_deg=(-0.42,10.46) ballistic=(range=2.818m holdover=0.531m comp=10.46deg residual=-0.00deg) q_wxyz=(0.998180,-0.001169,-0.056674,-0.020595) cmd_deg=(3.51,-6.50) packed_pitch_deg=-6.50 control=true shoot=true
[DEBUG] armors=1, targets=1
[DEBUG] armors=1, targets=1
[DEBUG] armors=1, targets=1
[DEBUG] armors=1, targets=1
[2026-09-05 12:54:59.835] [info] [SYNC][XUC] mode=1 yaw=-2.36 deg pitch=-6.50 deg feeder_rpm=0.00 wheel0_rpm=3120 wheel1_rpm=3160 wheel_delta=-40 projectile_speed=12.80
[DEBUG] armors=1, targets=1
[DEBUG] armors=1, targets=1
[DEBUG] armors=0, targets=1
[2026-09-05 12:54:59.878] [info] [XUC][FIRE] stable window reset
[DEBUG] armors=1, targets=1
[2026-09-05 12:54:59.894] [info] [XUC][FIRE] stable-window candidate started
[DEBUG] armors=1, targets=1
[2026-09-05 12:54:59.911] [info] [SYNC][XUC] mode=1 yaw=-2.36 deg pitch=-6.49 deg feeder_rpm=0.00 wheel0_rpm=3200 wheel1_rpm=3160 wheel_delta=40 projectile_speed=12.80
[DEBUG] armors=1, targets=1
[DEBUG] armors=0, targets=1
[2026-09-05 12:54:59.938] [info] [XUC][FIRE] stable window reset
[DEBUG] armors=0, targets=1
[DEBUG] armors=1, targets=1
[2026-09-05 12:54:59.969] [info] [XUC][FIRE] stable-window candidate started
[DEBUG] armors=1, targets=1
[2026-09-05 12:54:59.986] [info] [SYNC][XUC] mode=1 yaw=-2.36 deg pitch=-6.50 deg feeder_rpm=0.00 wheel0_rpm=3120 wheel1_rpm=3180 wheel_delta=-60 projectile_speed=12.80
[DEBUG] armors=1, targets=1
[DEBUG] armors=1, targets=1
[DEBUG] armors=1, targets=1
[DEBUG] armors=1, targets=1
[DEBUG] armors=1, targets=1
[2026-09-05 12:55:00.063] [info] [SYNC][XUC] mode=1 yaw=-2.36 deg pitch=-6.51 deg feeder_rpm=3.00 wheel0_rpm=3140 wheel1_rpm=3160 wheel_delta=-20 projectile_speed=12.80
[DEBUG] armors=1, targets=1
[2026-09-05 12:55:00.076] [info] [DRYRUN] measured_gimbal=(2.750,0.053,-0.452) measured_world=(2.779,0.168,-0.137) tracked_world=(2.882,0.150,-0.145) target_gimbal_deg=(1.10,-9.34) target_world_deg=(3.45,-2.83) gimbal_deg=(2.36,-6.51) armor_y_px=971.7 pixel_error_deg=(-0.43,10.47) ballistic=(range=2.750m holdover=0.513m comp=10.35deg residual=0.12deg) q_wxyz=(0.998175,-0.001171,-0.056761,-0.020586) cmd_deg=(2.66,-6.42) packed_pitch_deg=-6.42 control=true shoot=false
[2026-09-05 12:55:00.078] [info] [PERF] 总耗时=15.1ms (检测=12.3ms, 跟踪=0.4ms), FPS=66.3
[2026-09-05 12:55:00.078] [info] 📊 [CAMERA FPS] 瞬时帧率=66.2fps, 平均帧率=52.4fps, 总帧数=4100, 运行时间=78.3s
[DEBUG] armors=1, targets=1
[DEBUG] armors=1, targets=1
[DEBUG] armors=1, targets=1
[DEBUG] armors=1, targets=1
[2026-09-05 12:55:00.138] [info] [SYNC][XUC] mode=1 yaw=-2.27 deg pitch=-6.54 deg feeder_rpm=0.00 wheel0_rpm=3180 wheel1_rpm=3140 wheel_delta=40 projectile_speed=12.80
[DEBUG] armors=1, targets=1
[DEBUG] armors=1, targets=1
[DEBUG] armors=1, targets=1
[2026-09-05 12:55:00.183] [info] [XUC][FIRE] qualified after 213 ms, pixel error deg=(-0.49,-0.06)
[DEBUG] armors=1, targets=1
[DEBUG] armors=1, targets=1
[2026-09-05 12:55:00.217] [info] [SYNC][XUC] mode=1 yaw=-2.29 deg pitch=-6.54 deg feeder_rpm=-8.00 wheel0_rpm=3120 wheel1_rpm=3140 wheel_delta=-20 projectile_speed=12.80
[DEBUG] armors=1, targets=1
[DEBUG] armors=1, targets=1
[DEBUG] armors=1, targets=1
[DEBUG] armors=1, targets=1
[DEBUG] armors=0, targets=1
[2026-09-05 12:55:00.290] [info] [XUC][FIRE] stable window reset
[2026-09-05 12:55:00.292] [info] [SYNC][XUC] mode=1 yaw=-2.31 deg pitch=-6.59 deg feeder_rpm=2061.00 wheel0_rpm=3160 wheel1_rpm=3140 wheel_delta=20 projectile_speed=12.80
[DEBUG] armors=0, targets=1
[DEBUG] armors=0, targets=1
[DEBUG] armors=0, targets=1
[DEBUG] armors=0, targets=1
[DEBUG] armors=1, targets=1
[2026-09-05 12:55:00.369] [info] [XUC][FIRE] stable-window candidate started
[2026-09-05 12:55:00.371] [info] [SYNC][XUC] mode=1 yaw=-2.31 deg pitch=-6.63 deg feeder_rpm=2098.00 wheel0_rpm=3200 wheel1_rpm=3180 wheel_delta=20 projectile_speed=12.80
[DEBUG] armors=0, targets=1
[2026-09-05 12:55:00.384] [info] [XUC][FIRE] stable window reset
[DEBUG] armors=0, targets=1
[DEBUG] armors=0, targets=1
[DEBUG] armors=0, targets=1
[DEBUG] armors=0, targets=1
[2026-09-05 12:55:00.446] [info] [SYNC][XUC] mode=1 yaw=-2.33 deg pitch=-6.65 deg feeder_rpm=-41.00 wheel0_rpm=3140 wheel1_rpm=3140 wheel_delta=0 projectile_speed=12.80
[DEBUG] armors=0, targets=1
[DEBUG] armors=0, targets=1
[DEBUG] armors=1, targets=1
[2026-09-05 12:55:00.490] [info] [XUC][FIRE] stable-window candidate started
[DEBUG] armors=1, targets=1
[DEBUG] armors=0, targets=1
[2026-09-05 12:55:00.520] [info] [XUC][FIRE] stable window reset
[2026-09-05 12:55:00.522] [info] [SYNC][XUC] mode=1 yaw=-2.33 deg pitch=-6.63 deg feeder_rpm=-4.00 wheel0_rpm=3160 wheel1_rpm=3160 wheel_delta=0 projectile_speed=12.80
[DEBUG] armors=0, targets=1
[DEBUG] armors=0, targets=1
[DEBUG] armors=0, targets=1
[DEBUG] armors=0, targets=1
[DEBUG] armors=0, targets=1
[2026-09-05 12:55:00.597] [info] [SYNC][XUC] mode=1 yaw=-2.33 deg pitch=-6.63 deg feeder_rpm=0.00 wheel0_rpm=3120 wheel1_rpm=3180 wheel_delta=-60 projectile_speed=12.80
[DEBUG] armors=0, targets=1
[DEBUG] armors=0, targets=1
[DEBUG] armors=0, targets=1
[DEBUG] armors=0, targets=1
[DEBUG] armors=0, targets=1
[2026-09-05 12:55:00.671] [info] [SYNC][XUC] mode=1 yaw=-2.34 deg pitch=-6.62 deg feeder_rpm=0.00 wheel0_rpm=3160 wheel1_rpm=3160 wheel_delta=0 projectile_speed=12.80
[DEBUG] armors=0, targets=1
[2026-09-05 12:55:00.684] [warning] [XUC][PITCH] visual loss: control stopped, pitch state retained
[DEBUG] armors=0, targets=1
[DEBUG] armors=0, targets=1
[DEBUG] armors=0, targets=1
[DEBUG] armors=1, targets=1
[2026-09-05 12:55:00.746] [info] [XUC][PITCH] measurement reacquired with continuous slew
[2026-09-05 12:55:00.746] [info] [XUC][FIRE] stable-window candidate started
[2026-09-05 12:55:00.748] [info] [SYNC][XUC] mode=1 yaw=-2.34 deg pitch=-6.60 deg feeder_rpm=0.00 wheel0_rpm=3160 wheel1_rpm=3160 wheel_delta=0 projectile_speed=12.80
[DEBUG] armors=0, targets=1
[2026-09-05 12:55:00.761] [info] [XUC][FIRE] stable window reset
[DEBUG] armors=0, targets=1
[DEBUG] armors=0, targets=1
[DEBUG] armors=0, targets=1
[DEBUG] armors=1, targets=1
[2026-09-05 12:55:00.822] [info] [XUC][FIRE] stable-window candidate started
[2026-09-05 12:55:00.824] [info] [SYNC][XUC] mode=1 yaw=-2.34 deg pitch=-6.58 deg feeder_rpm=0.00 wheel0_rpm=3140 wheel1_rpm=3180 wheel_delta=-40 projectile_speed=12.80
[DEBUG] armors=1, targets=1
[2026-09-05 12:55:00.839] [info] [PERF] 总耗时=14.8ms (检测=11.9ms, 跟踪=0.4ms), FPS=67.4
[2026-09-05 12:55:00.839] [info] 📊 [CAMERA FPS] 瞬时帧率=67.2fps, 平均帧率=52.5fps, 总帧数=4150, 运行时间=79.0s
[DEBUG] armors=0, targets=1
[2026-09-05 12:55:00.851] [info] [XUC][FIRE] stable window reset
[DEBUG] armors=1, targets=1
[2026-09-05 12:55:00.866] [info] [XUC][FIRE] stable-window candidate started
[DEBUG] armors=1, targets=1
[DEBUG] armors=1, targets=1
[2026-09-05 12:55:00.900] [info] [SYNC][XUC] mode=1 yaw=-2.35 deg pitch=-6.56 deg feeder_rpm=-4.00 wheel0_rpm=3180 wheel1_rpm=3140 wheel_delta=40 projectile_speed=12.80
[DEBUG] armors=1, targets=1
[DEBUG] armors=1, targets=1
[DEBUG] armors=1, targets=1
[DEBUG] armors=1, targets=1
[DEBUG] armors=1, targets=1
[2026-09-05 12:55:00.976] [info] [SYNC][XUC] mode=1 yaw=-2.35 deg pitch=-6.56 deg feeder_rpm=-4.00 wheel0_rpm=3200 wheel1_rpm=3140 wheel_delta=60 projectile_speed=12.80
[DEBUG] armors=1, targets=1
[2026-09-05 12:55:00.989] [info] [DRYRUN] measured_gimbal=(2.774,0.055,-0.457) measured_world=(2.804,0.170,-0.137) tracked_world=(2.860,0.174,-0.141) target_gimbal_deg=(1.13,-9.35) target_world_deg=(3.46,-2.80) gimbal_deg=(2.35,-6.56) armor_y_px=971.9 pixel_error_deg=(-0.42,10.48) ballistic=(range=2.775m holdover=0.520m comp=10.39deg residual=0.08deg) q_wxyz=(0.998155,-0.001171,-0.057163,-0.020440) cmd_deg=(3.54,-6.45) packed_pitch_deg=-6.45 control=true shoot=false
[DEBUG] armors=1, targets=1
[DEBUG] armors=1, targets=1
[DEBUG] armors=1, targets=1
[DEBUG] armors=1, targets=1
[2026-09-05 12:55:01.052] [info] [SYNC][XUC] mode=1 yaw=-2.35 deg pitch=-6.54 deg feeder_rpm=0.00 wheel0_rpm=3140 wheel1_rpm=3180 wheel_delta=-40 projectile_speed=12.80
[DEBUG] armors=1, targets=1
[2026-09-05 12:55:01.066] [info] [XUC][FIRE] qualified after 200 ms, pixel error deg=(-0.42,0.08)
[DEBUG] armors=1, targets=1
[DEBUG] armors=1, targets=1
[DEBUG] armors=1, targets=1
[DEBUG] armors=1, targets=1
[2026-09-05 12:55:01.129] [info] [SYNC][XUC] mode=1 yaw=-2.34 deg pitch=-6.51 deg feeder_rpm=1955.00 wheel0_rpm=3180 wheel1_rpm=3140 wheel_delta=40 projectile_speed=12.80
[DEBUG] armors=1, targets=1
[DEBUG] armors=1, targets=1
[DEBUG] armors=1, targets=1
[DEBUG] armors=1, targets=1
[DEBUG] armors=1, targets=1
[2026-09-05 12:55:01.206] [info] [SYNC][XUC] mode=1 yaw=-2.35 deg pitch=-6.54 deg feeder_rpm=2061.00 wheel0_rpm=3180 wheel1_rpm=3120 wheel_delta=60 projectile_speed=12.80
[DEBUG] armors=1, targets=1
[DEBUG] armors=1, targets=1
[DEBUG] armors=1, targets=1
[DEBUG] armors=1, targets=1
[DEBUG] armors=1, targets=1
[2026-09-05 12:55:01.283] [info] [SYNC][XUC] mode=1 yaw=-2.37 deg pitch=-6.55 deg feeder_rpm=0.00 wheel0_rpm=3140 wheel1_rpm=3140 wheel_delta=0 projectile_speed=12.80
[DEBUG] armors=1, targets=1
[2026-09-05 12:55:01.296] [info] [DRYRUN] measured_gimbal=(2.850,0.057,-0.470) measured_world=(2.880,0.176,-0.142) tracked_world=(2.852,0.175,-0.141) target_gimbal_deg=(1.14,-9.36) target_world_deg=(3.50,-2.81) gimbal_deg=(2.37,-6.55) armor_y_px=971.0 pixel_error_deg=(-0.42,10.46) ballistic=(range=2.850m holdover=0.540m comp=10.51deg residual=-0.06deg) q_wxyz=(0.998153,-0.001181,-0.057129,-0.020638) cmd_deg=(3.53,-6.58) packed_pitch_deg=-6.58 control=true shoot=true
[DEBUG] armors=1, targets=1
[DEBUG] armors=0, targets=1
[2026-09-05 12:55:01.326] [info] [XUC][FIRE] stable window reset
[DEBUG] armors=1, targets=1
[2026-09-05 12:55:01.341] [info] [XUC][FIRE] stable-window candidate started
[DEBUG] armors=1, targets=1
[2026-09-05 12:55:01.358] [info] [SYNC][XUC] mode=1 yaw=-2.37 deg pitch=-6.55 deg feeder_rpm=0.00 wheel0_rpm=3180 wheel1_rpm=3140 wheel_delta=40 projectile_speed=12.80
[DEBUG] armors=1, targets=1
[DEBUG] armors=1, targets=1
[DEBUG] armors=1, targets=1
[DEBUG] armors=1, targets=1
[DEBUG] armors=0, targets=1
[2026-09-05 12:55:01.433] [info] [XUC][FIRE] stable window reset
[2026-09-05 12:55:01.436] [info] [SYNC][XUC] mode=1 yaw=-2.37 deg pitch=-6.57 deg feeder_rpm=0.00 wheel0_rpm=3140 wheel1_rpm=3160 wheel_delta=-20 projectile_speed=12.80
[DEBUG] armors=0, targets=1
[2026-09-05 12:55:01.464] [debug] [Target] Bad Converge Found! recent_rate=0.400 last_nis=0.720 nees=-nan resid=(yaw=-0.000,pitch=-0.000,dist=0.034,ang=-0.268)
[DEBUG] armors=1, targets=0
[2026-09-05 12:55:01.464] [info] [XUC][FIRE] stable-window candidate started
[DEBUG] armors=1, targets=1
[DEBUG] armors=0, targets=0
[2026-09-05 12:55:01.494] [info] [XUC][FIRE] stable window reset
[DEBUG] armors=1, targets=1
[2026-09-05 12:55:01.510] [info] [XUC][FIRE] stable-window candidate started
[2026-09-05 12:55:01.512] [info] [SYNC][XUC] mode=1 yaw=-2.37 deg pitch=-6.61 deg feeder_rpm=0.00 wheel0_rpm=3180 wheel1_rpm=3160 wheel_delta=20 projectile_speed=12.80
[DEBUG] armors=0, targets=0
[2026-09-05 12:55:01.525] [info] [XUC][FIRE] stable window reset
[DEBUG] armors=0, targets=0
[DEBUG] armors=0, targets=0
[DEBUG] armors=0, targets=0
[DEBUG] armors=1, targets=1
[2026-09-05 12:55:01.584] [info] [XUC][FIRE] stable-window candidate started
[2026-09-05 12:55:01.586] [info] [SYNC][XUC] mode=1 yaw=-2.37 deg pitch=-6.61 deg feeder_rpm=0.00 wheel0_rpm=3180 wheel1_rpm=3140 wheel_delta=40 projectile_speed=12.80
[DEBUG] armors=0, targets=0
[2026-09-05 12:55:01.599] [info] [XUC][FIRE] stable window reset
[2026-09-05 12:55:01.600] [info] [DRYRUN] target=none gimbal_deg=(2.37,-6.61) control=true shoot=false
[2026-09-05 12:55:01.602] [info] [PERF] 总耗时=15.6ms (检测=13.4ms, 跟踪=0.0ms), FPS=64.1
[2026-09-05 12:55:01.602] [info] 📊 [CAMERA FPS] 瞬时帧率=64.0fps, 平均帧率=52.6fps, 总帧数=4200, 运行时间=79.8s
[DEBUG] armors=0, targets=0
[DEBUG] armors=0, targets=0
[DEBUG] armors=0, targets=0
[DEBUG] armors=0, targets=0
[2026-09-05 12:55:01.660] [info] [SYNC][XUC] mode=1 yaw=-2.37 deg pitch=-6.63 deg feeder_rpm=0.00 wheel0_rpm=3180 wheel1_rpm=3160 wheel_delta=20 projectile_speed=12.80
[DEBUG] armors=0, targets=0
[DEBUG] armors=0, targets=0
[DEBUG] armors=0, targets=0
[DEBUG] armors=0, targets=0
[DEBUG] armors=1, targets=1
[2026-09-05 12:55:01.730] [info] [XUC][FIRE] stable-window candidate started
[2026-09-05 12:55:01.732] [info] [SYNC][XUC] mode=1 yaw=-2.37 deg pitch=-6.63 deg feeder_rpm=0.00 wheel0_rpm=3160 wheel1_rpm=3160 wheel_delta=0 projectile_speed=12.80
[DEBUG] armors=0, targets=0
[2026-09-05 12:55:01.745] [info] [XUC][FIRE] stable window reset
[DEBUG] armors=0, targets=0
[DEBUG] armors=1, targets=1
[2026-09-05 12:55:01.776] [info] [XUC][FIRE] stable-window candidate started
[DEBUG] armors=1, targets=1
[DEBUG] armors=0, targets=0
[2026-09-05 12:55:01.806] [info] [XUC][FIRE] stable window reset
[2026-09-05 12:55:01.809] [info] [SYNC][XUC] mode=1 yaw=-2.37 deg pitch=-6.61 deg feeder_rpm=-4.00 wheel0_rpm=3180 wheel1_rpm=3160 wheel_delta=20 projectile_speed=12.80
[DEBUG] armors=1, targets=1
[2026-09-05 12:55:01.821] [info] [XUC][FIRE] stable-window candidate started
[DEBUG] armors=0, targets=0
[2026-09-05 12:55:01.836] [info] [XUC][FIRE] stable window reset
[DEBUG] armors=0, targets=0
[DEBUG] armors=0, targets=0
[DEBUG] armors=0, targets=0
[2026-09-05 12:55:01.883] [info] [SYNC][XUC] mode=1 yaw=-2.37 deg pitch=-6.62 deg feeder_rpm=2043.00 wheel0_rpm=3160 wheel1_rpm=3120 wheel_delta=40 projectile_speed=12.80
[DEBUG] armors=0, targets=0
[2026-09-05 12:55:01.896] [info] [DRYRUN] target=none gimbal_deg=(2.37,-6.62) control=true shoot=false
[DEBUG] armors=0, targets=0
[DEBUG] armors=1, targets=1
[2026-09-05 12:55:01.926] [info] [XUC][FIRE] stable-window candidate started
[DEBUG] armors=0, targets=0
[2026-09-05 12:55:01.942] [info] [XUC][FIRE] stable window reset
[DEBUG] armors=0, targets=0
[2026-09-05 12:55:01.958] [info] [SYNC][XUC] mode=1 yaw=-2.37 deg pitch=-6.63 deg feeder_rpm=2083.00 wheel0_rpm=3180 wheel1_rpm=3140 wheel_delta=40 projectile_speed=12.80
[DEBUG] armors=0, targets=0
[DEBUG] armors=1, targets=1
[2026-09-05 12:55:01.987] [info] [XUC][FIRE] stable-window candidate started
[DEBUG] armors=1, targets=1
[DEBUG] armors=1, targets=1
[DEBUG] armors=0, targets=0
[2026-09-05 12:55:02.031] [info] [XUC][FIRE] stable window reset
[2026-09-05 12:55:02.034] [info] [SYNC][XUC] mode=1 yaw=-2.38 deg pitch=-6.60 deg feeder_rpm=10.00 wheel0_rpm=3200 wheel1_rpm=3180 wheel_delta=20 projectile_speed=12.80
[DEBUG] armors=0, targets=0
[DEBUG] armors=0, targets=0
[DEBUG] armors=0, targets=0
[DEBUG] armors=0, targets=0
[DEBUG] armors=1, targets=1
[2026-09-05 12:55:02.107] [info] [XUC][FIRE] stable-window candidate started
[2026-09-05 12:55:02.109] [info] [SYNC][XUC] mode=1 yaw=-2.37 deg pitch=-6.59 deg feeder_rpm=-4.00 wheel0_rpm=3160 wheel1_rpm=3160 wheel_delta=0 projectile_speed=12.80
[DEBUG] armors=0, targets=0
[2026-09-05 12:55:02.123] [info] [XUC][FIRE] stable window reset
[DEBUG] armors=0, targets=0
[DEBUG] armors=0, targets=0
[DEBUG] armors=1, targets=1
[2026-09-05 12:55:02.170] [info] [XUC][FIRE] stable-window candidate started
[DEBUG] armors=1, targets=1
[2026-09-05 12:55:02.188] [info] [SYNC][XUC] mode=1 yaw=-2.38 deg pitch=-6.56 deg feeder_rpm=0.00 wheel0_rpm=3160 wheel1_rpm=3140 wheel_delta=20 projectile_speed=12.80
[DEBUG] armors=0, targets=0
[2026-09-05 12:55:02.200] [info] [XUC][FIRE] stable window reset
[2026-09-05 12:55:02.200] [info] [DRYRUN] target=none gimbal_deg=(2.38,-6.56) control=true shoot=false
[DEBUG] armors=1, targets=1
[2026-09-05 12:55:02.216] [info] [XUC][FIRE] stable-window candidate started
[DEBUG] armors=0, targets=0
[2026-09-05 12:55:02.232] [info] [XUC][FIRE] stable window reset
[DEBUG] armors=0, targets=0
[DEBUG] armors=1, targets=1
[2026-09-05 12:55:02.262] [info] [XUC][FIRE] stable-window candidate started
[2026-09-05 12:55:02.265] [info] [SYNC][XUC] mode=1 yaw=-2.38 deg pitch=-6.58 deg feeder_rpm=0.00 wheel0_rpm=3160 wheel1_rpm=3120 wheel_delta=40 projectile_speed=12.80
[DEBUG] armors=1, targets=1
[DEBUG] armors=1, targets=1
[DEBUG] armors=1, targets=1
[DEBUG] armors=1, targets=1
[DEBUG] armors=0, targets=1
[2026-09-05 12:55:02.341] [info] [XUC][FIRE] stable window reset
[2026-09-05 12:55:02.343] [info] [SYNC][XUC] mode=1 yaw=-2.45 deg pitch=-6.60 deg feeder_rpm=0.00 wheel0_rpm=3160 wheel1_rpm=3160 wheel_delta=0 projectile_speed=12.80
[DEBUG] armors=1, targets=1
[2026-09-05 12:55:02.356] [info] [XUC][FIRE] stable-window candidate started
[2026-09-05 12:55:02.359] [info] [PERF] 总耗时=15.6ms (检测=12.7ms, 跟踪=0.5ms), FPS=64.1
[2026-09-05 12:55:02.359] [info] 📊 [CAMERA FPS] 瞬时帧率=63.9fps, 平均帧率=52.8fps, 总帧数=4250, 运行时间=80.5s
[DEBUG] armors=1, targets=1
[DEBUG] armors=1, targets=1
[DEBUG] armors=1, targets=1
[DEBUG] armors=1, targets=1
[2026-09-05 12:55:02.421] [info] [SYNC][XUC] mode=1 yaw=-3.41 deg pitch=-6.57 deg feeder_rpm=0.00 wheel0_rpm=3120 wheel1_rpm=3140 wheel_delta=-20 projectile_speed=12.80
[DEBUG] armors=0, targets=1
[2026-09-05 12:55:02.434] [info] [XUC][FIRE] stable window reset
[DEBUG] armors=0, targets=1
[DEBUG] armors=0, targets=1
[DEBUG] armors=0, targets=1
[DEBUG] armors=0, targets=1
[2026-09-05 12:55:02.498] [info] [SYNC][XUC] mode=1 yaw=-3.38 deg pitch=-6.60 deg feeder_rpm=0.00 wheel0_rpm=3200 wheel1_rpm=3160 wheel_delta=40 projectile_speed=12.80
[DEBUG] armors=0, targets=1
[DEBUG] armors=0, targets=1
[DEBUG] armors=1, targets=1
[2026-09-05 12:55:02.544] [info] [XUC][FIRE] stable-window candidate started
[DEBUG] armors=0, targets=1
[2026-09-05 12:55:02.558] [info] [XUC][FIRE] stable window reset
[DEBUG] armors=0, targets=1
[2026-09-05 12:55:02.575] [info] [SYNC][XUC] mode=1 yaw=-3.39 deg pitch=-6.62 deg feeder_rpm=0.00 wheel0_rpm=3140 wheel1_rpm=3180 wheel_delta=-40 projectile_speed=12.80
[DEBUG] armors=0, targets=1
[DEBUG] armors=1, targets=1
[2026-09-05 12:55:02.604] [info] [XUC][FIRE] stable-window candidate started
[DEBUG] armors=0, targets=1
[2026-09-05 12:55:02.619] [info] [XUC][FIRE] stable window reset
[DEBUG] armors=1, targets=1
[2026-09-05 12:55:02.634] [info] [XUC][FIRE] stable-window candidate started
[DEBUG] armors=0, targets=1
[2026-09-05 12:55:02.649] [info] [XUC][FIRE] stable window reset
[2026-09-05 12:55:02.651] [info] [SYNC][XUC] mode=1 yaw=-3.38 deg pitch=-6.60 deg feeder_rpm=0.00 wheel0_rpm=3140 wheel1_rpm=3140 wheel_delta=0 projectile_speed=12.80
[DEBUG] armors=0, targets=1
[DEBUG] armors=0, targets=1
[DEBUG] armors=0, targets=1
[DEBUG] armors=0, targets=1
[DEBUG] armors=0, targets=1
[2026-09-05 12:55:02.727] [info] [SYNC][XUC] mode=1 yaw=-3.39 deg pitch=-6.60 deg feeder_rpm=0.00 wheel0_rpm=3160 wheel1_rpm=3160 wheel_delta=0 projectile_speed=12.80
[DEBUG] armors=1, targets=1
[2026-09-05 12:55:02.739] [info] [XUC][FIRE] stable-window candidate started
[DEBUG] armors=0, targets=1
[2026-09-05 12:55:02.754] [info] [XUC][FIRE] stable window reset
[DEBUG] armors=0, targets=1
[DEBUG] armors=0, targets=1
[DEBUG] armors=0, targets=1
[2026-09-05 12:55:02.802] [info] [SYNC][XUC] mode=1 yaw=-3.39 deg pitch=-6.59 deg feeder_rpm=0.00 wheel0_rpm=3160 wheel1_rpm=3160 wheel_delta=0 projectile_speed=12.80
[DEBUG] armors=1, targets=1
[2026-09-05 12:55:02.816] [info] [XUC][FIRE] stable-window candidate started
[2026-09-05 12:55:02.816] [info] [DRYRUN] measured_gimbal=(2.836,0.005,-0.471) measured_world=(2.866,0.175,-0.142) tracked_world=(2.838,0.173,-0.139) target_gimbal_deg=(0.11,-9.42) target_world_deg=(3.50,-2.83) gimbal_deg=(3.39,-6.59) armor_y_px=973.6 pixel_error_deg=(0.62,10.52) ballistic=(range=2.836m holdover=0.536m comp=10.49deg residual=0.03deg) q_wxyz=(0.997907,-0.001703,-0.057480,-0.029568) cmd_deg=(3.51,-6.49) packed_pitch_deg=-6.49 control=true shoot=false
[DEBUG] armors=0, targets=1
[2026-09-05 12:55:02.831] [info] [XUC][FIRE] stable window reset
[DEBUG] armors=1, targets=1
[2026-09-05 12:55:02.847] [info] [XUC][FIRE] stable-window candidate started
[DEBUG] armors=1, targets=1
[DEBUG] armors=0, targets=1
[2026-09-05 12:55:02.877] [info] [XUC][FIRE] stable window reset
[2026-09-05 12:55:02.880] [info] [SYNC][XUC] mode=1 yaw=-3.39 deg pitch=-6.57 deg feeder_rpm=0.00 wheel0_rpm=3140 wheel1_rpm=3160 wheel_delta=-20 projectile_speed=12.80
[DEBUG] armors=0, targets=1
[DEBUG] armors=1, targets=1
[2026-09-05 12:55:02.908] [info] [XUC][FIRE] stable-window candidate started
[DEBUG] armors=1, targets=1
[DEBUG] armors=1, targets=1
[DEBUG] armors=0, targets=1
[2026-09-05 12:55:02.954] [info] [XUC][FIRE] stable window reset
[2026-09-05 12:55:02.957] [info] [SYNC][XUC] mode=1 yaw=-3.39 deg pitch=-6.57 deg feeder_rpm=0.00 wheel0_rpm=3120 wheel1_rpm=3160 wheel_delta=-40 projectile_speed=12.80
[DEBUG] armors=0, targets=1
[DEBUG] armors=1, targets=1
[2026-09-05 12:55:02.986] [info] [XUC][FIRE] stable-window candidate started
[DEBUG] armors=1, targets=1
[DEBUG] armors=0, targets=1
[2026-09-05 12:55:03.017] [info] [XUC][FIRE] stable window reset
[DEBUG] armors=0, targets=1
[2026-09-05 12:55:03.034] [info] [SYNC][XUC] mode=1 yaw=-3.39 deg pitch=-6.58 deg feeder_rpm=0.00 wheel0_rpm=3140 wheel1_rpm=3140 wheel_delta=0 projectile_speed=12.80
[DEBUG] armors=0, targets=1
[DEBUG] armors=0, targets=1
[DEBUG] armors=0, targets=1
[DEBUG] armors=1, targets=1
[2026-09-05 12:55:03.094] [info] [XUC][FIRE] stable-window candidate started
[DEBUG] armors=0, targets=1
[2026-09-05 12:55:03.110] [info] [XUC][FIRE] stable window reset
[2026-09-05 12:55:03.112] [info] [SYNC][XUC] mode=1 yaw=-3.40 deg pitch=-6.60 deg feeder_rpm=0.00 wheel0_rpm=3180 wheel1_rpm=3140 wheel_delta=40 projectile_speed=12.80
[DEBUG] armors=0, targets=1
[2026-09-05 12:55:03.128] [info] [PERF] 总耗时=15.5ms (检测=13.2ms, 跟踪=0.0ms), FPS=64.4
[2026-09-05 12:55:03.128] [info] 📊 [CAMERA FPS] 瞬时帧率=64.3fps, 平均帧率=52.9fps, 总帧数=4300, 运行时间=81.3s
[DEBUG] armors=1, targets=1
[2026-09-05 12:55:03.141] [info] [XUC][FIRE] stable-window candidate started
[DEBUG] armors=0, targets=1
[2026-09-05 12:55:03.156] [info] [XUC][FIRE] stable window reset
[DEBUG] armors=0, targets=1
[DEBUG] armors=0, targets=1
[2026-09-05 12:55:03.190] [info] [SYNC][XUC] mode=1 yaw=-3.38 deg pitch=-6.62 deg feeder_rpm=0.00 wheel0_rpm=3160 wheel1_rpm=3160 wheel_delta=0 projectile_speed=12.80
[DEBUG] armors=0, targets=1
[DEBUG] armors=0, targets=1
[DEBUG] armors=0, targets=1
[DEBUG] armors=0, targets=1
[DEBUG] armors=0, targets=1
[2026-09-05 12:55:03.266] [info] [SYNC][XUC] mode=1 yaw=-3.39 deg pitch=-6.63 deg feeder_rpm=0.00 wheel0_rpm=3160 wheel1_rpm=3160 wheel_delta=0 projectile_speed=12.80
[DEBUG] armors=0, targets=1
[DEBUG] armors=0, targets=1
[DEBUG] armors=0, targets=1
[DEBUG] armors=1, targets=1
[2026-09-05 12:55:03.325] [info] [XUC][FIRE] stable-window candidate started
[DEBUG] armors=1, targets=1
[2026-09-05 12:55:03.343] [info] [SYNC][XUC] mode=1 yaw=-3.38 deg pitch=-6.63 deg feeder_rpm=0.00 wheel0_rpm=3140 wheel1_rpm=3140 wheel_delta=0 projectile_speed=12.80
[DEBUG] armors=0, targets=1
[2026-09-05 12:55:03.356] [info] [XUC][FIRE] stable window reset
[DEBUG] armors=0, targets=1
[DEBUG] armors=1, targets=1
[2026-09-05 12:55:03.386] [info] [XUC][FIRE] stable-window candidate started
[DEBUG] armors=0, targets=1
[2026-09-05 12:55:03.401] [info] [XUC][FIRE] stable window reset
[DEBUG] armors=0, targets=1
[2026-09-05 12:55:03.419] [info] [SYNC][XUC] mode=1 yaw=-3.38 deg pitch=-6.63 deg feeder_rpm=0.00 wheel0_rpm=3140 wheel1_rpm=3180 wheel_delta=-40 projectile_speed=12.80
[DEBUG] armors=0, targets=1
[DEBUG] armors=0, targets=1
[DEBUG] armors=1, targets=1
[2026-09-05 12:55:03.462] [info] [XUC][FIRE] stable-window candidate started
[DEBUG] armors=0, targets=1
[2026-09-05 12:55:03.477] [info] [XUC][FIRE] stable window reset
[DEBUG] armors=0, targets=1
[2026-09-05 12:55:03.494] [info] [SYNC][XUC] mode=1 yaw=-2.68 deg pitch=-6.63 deg feeder_rpm=0.00 wheel0_rpm=3160 wheel1_rpm=3160 wheel_delta=0 projectile_speed=12.80
[DEBUG] armors=1, targets=1
[2026-09-05 12:55:03.508] [info] [XUC][FIRE] stable-window candidate started
[DEBUG] armors=1, targets=1
[DEBUG] armors=1, targets=1
[DEBUG] armors=1, targets=1
[DEBUG] armors=1, targets=1
[2026-09-05 12:55:03.573] [info] [SYNC][XUC] mode=1 yaw=-2.58 deg pitch=-6.61 deg feeder_rpm=-4.00 wheel0_rpm=3140 wheel1_rpm=3120 wheel_delta=20 projectile_speed=12.80
[DEBUG] armors=1, targets=1
[DEBUG] armors=1, targets=1
[DEBUG] armors=1, targets=1
[DEBUG] armors=1, targets=1
[DEBUG] armors=1, targets=1
[2026-09-05 12:55:03.649] [info] [SYNC][XUC] mode=1 yaw=-2.62 deg pitch=-6.62 deg feeder_rpm=0.00 wheel0_rpm=3200 wheel1_rpm=3180 wheel_delta=20 projectile_speed=12.80
[DEBUG] armors=1, targets=1
[DEBUG] armors=1, targets=1
[DEBUG] armors=1, targets=1
[DEBUG] armors=1, targets=1
[DEBUG] armors=1, targets=1
[2026-09-05 12:55:03.722] [info] [XUC][FIRE] qualified after 220 ms, pixel error deg=(-0.13,-0.05)
[2026-09-05 12:55:03.724] [info] [SYNC][XUC] mode=1 yaw=-2.63 deg pitch=-6.63 deg feeder_rpm=0.00 wheel0_rpm=3140 wheel1_rpm=3140 wheel_delta=0 projectile_speed=12.80
[DEBUG] armors=1, targets=1
[2026-09-05 12:55:03.738] [info] [DRYRUN] measured_gimbal=(2.876,0.043,-0.478) measured_world=(2.907,0.177,-0.143) tracked_world=(2.894,0.172,-0.141) target_gimbal_deg=(0.86,-9.43) target_world_deg=(3.48,-2.81) gimbal_deg=(2.63,-6.63) armor_y_px=973.3 pixel_error_deg=(-0.13,10.51) ballistic=(range=2.876m holdover=0.547m comp=10.55deg residual=-0.04deg) q_wxyz=(0.998066,-0.001327,-0.057771,-0.022919) cmd_deg=(3.50,-6.70) packed_pitch_deg=-6.70 control=true shoot=true
[DEBUG] armors=1, targets=1
[DEBUG] armors=1, targets=1
[DEBUG] armors=1, targets=1
[DEBUG] armors=1, targets=1
[2026-09-05 12:55:03.801] [info] [SYNC][XUC] mode=1 yaw=-2.65 deg pitch=-6.65 deg feeder_rpm=2032.00 wheel0_rpm=3180 wheel1_rpm=3160 wheel_delta=20 projectile_speed=12.80
[DEBUG] armors=1, targets=1
[DEBUG] armors=1, targets=1
[DEBUG] armors=1, targets=1
[DEBUG] armors=1, targets=1
[DEBUG] armors=1, targets=1
[2026-09-05 12:55:03.879] [info] [SYNC][XUC] mode=1 yaw=-2.65 deg pitch=-6.65 deg feeder_rpm=2047.00 wheel0_rpm=3140 wheel1_rpm=3140 wheel_delta=0 projectile_speed=12.80
[DEBUG] armors=1, targets=1
[2026-09-05 12:55:03.895] [info] [PERF] 总耗时=15.6ms (检测=12.8ms, 跟踪=0.5ms), FPS=64.0
[2026-09-05 12:55:03.895] [info] 📊 [CAMERA FPS] 瞬时帧率=63.9fps, 平均帧率=53.0fps, 总帧数=4350, 运行时间=82.1s
[DEBUG] armors=1, targets=1
[DEBUG] armors=1, targets=1
[DEBUG] armors=1, targets=1
[DEBUG] armors=1, targets=1
[2026-09-05 12:55:03.958] [info] [SYNC][XUC] mode=1 yaw=-2.66 deg pitch=-6.68 deg feeder_rpm=-8.00 wheel0_rpm=3180 wheel1_rpm=3180 wheel_delta=0 projectile_speed=12.80
[DEBUG] armors=1, targets=1
[DEBUG] armors=1, targets=1
[DEBUG] armors=1, targets=1
[DEBUG] armors=1, targets=1
[DEBUG] armors=1, targets=1
[2026-09-05 12:55:04.038] [info] [SYNC][XUC] mode=1 yaw=-2.67 deg pitch=-6.68 deg feeder_rpm=0.00 wheel0_rpm=3180 wheel1_rpm=3120 wheel_delta=60 projectile_speed=12.80
[DEBUG] armors=1, targets=1
[2026-09-05 12:55:04.051] [info] [DRYRUN] measured_gimbal=(2.871,0.042,-0.479) measured_world=(2.902,0.177,-0.142) tracked_world=(2.885,0.178,-0.140) target_gimbal_deg=(0.83,-9.46) target_world_deg=(3.49,-2.79) gimbal_deg=(2.67,-6.68) armor_y_px=974.8 pixel_error_deg=(-0.10,10.54) ballistic=(range=2.871m holdover=0.546m comp=10.54deg residual=0.00deg) q_wxyz=(0.998033,-0.001356,-0.058212,-0.023244) cmd_deg=(3.62,-6.65) packed_pitch_deg=-6.65 control=true shoot=true
[DEBUG] armors=1, targets=1
[DEBUG] armors=1, targets=1
[DEBUG] armors=1, targets=1
[DEBUG] armors=1, targets=1
[2026-09-05 12:55:04.116] [info] [SYNC][XUC] mode=1 yaw=-2.67 deg pitch=-6.68 deg feeder_rpm=0.00 wheel0_rpm=3140 wheel1_rpm=3140 wheel_delta=0 projectile_speed=12.80
[DEBUG] armors=1, targets=1
[DEBUG] armors=1, targets=1
[DEBUG] armors=1, targets=1
[DEBUG] armors=1, targets=1
[DEBUG] armors=1, targets=1
[2026-09-05 12:55:04.195] [info] [SYNC][XUC] mode=1 yaw=-2.67 deg pitch=-6.68 deg feeder_rpm=0.00 wheel0_rpm=3180 wheel1_rpm=3160 wheel_delta=20 projectile_speed=12.80
[DEBUG] armors=1, targets=1
[DEBUG] armors=1, targets=1
[DEBUG] armors=1, targets=1
[DEBUG] armors=1, targets=1
[DEBUG] armors=1, targets=1
[2026-09-05 12:55:04.277] [info] [SYNC][XUC] mode=1 yaw=-2.67 deg pitch=-6.68 deg feeder_rpm=-4.00 wheel0_rpm=3120 wheel1_rpm=3140 wheel_delta=-20 projectile_speed=12.80
[DEBUG] armors=1, targets=1
[DEBUG] armors=1, targets=1
[DEBUG] armors=1, targets=1
[DEBUG] armors=1, targets=1
[DEBUG] armors=1, targets=1
[2026-09-05 12:55:04.359] [info] [SYNC][XUC] mode=1 yaw=-2.66 deg pitch=-6.66 deg feeder_rpm=0.00 wheel0_rpm=3120 wheel1_rpm=3160 wheel_delta=-40 projectile_speed=12.80
[DEBUG] armors=1, targets=1
[2026-09-05 12:55:04.373] [info] [DRYRUN] measured_gimbal=(2.838,0.041,-0.472) measured_world=(2.869,0.174,-0.140) tracked_world=(2.881,0.177,-0.140) target_gimbal_deg=(0.82,-9.44) target_world_deg=(3.48,-2.78) gimbal_deg=(2.66,-6.66) armor_y_px=974.6 pixel_error_deg=(-0.10,10.54) ballistic=(range=2.839m holdover=0.537m comp=10.49deg residual=0.05deg) q_wxyz=(0.998042,-0.001350,-0.058072,-0.023203) cmd_deg=(3.54,-6.59) packed_pitch_deg=-6.59 control=true shoot=true
[DEBUG] armors=1, targets=1
[DEBUG] armors=1, targets=1
[DEBUG] armors=1, targets=1
[DEBUG] armors=1, targets=1
[2026-09-05 12:55:04.438] [info] [SYNC][XUC] mode=1 yaw=-2.67 deg pitch=-6.67 deg feeder_rpm=0.00 wheel0_rpm=3160 wheel1_rpm=3160 wheel_delta=0 projectile_speed=12.80
[DEBUG] armors=1, targets=1
[DEBUG] armors=1, targets=1
[DEBUG] armors=1, targets=1
[DEBUG] armors=1, targets=1
[DEBUG] armors=1, targets=1
[2026-09-05 12:55:04.516] [info] [SYNC][XUC] mode=1 yaw=-2.66 deg pitch=-6.66 deg feeder_rpm=1929.00 wheel0_rpm=3160 wheel1_rpm=3160 wheel_delta=0 projectile_speed=12.80
[DEBUG] armors=1, targets=1
[DEBUG] armors=1, targets=1
[DEBUG] armors=1, targets=1
[DEBUG] armors=1, targets=1
[DEBUG] armors=1, targets=1
[2026-09-05 12:55:04.593] [info] [SYNC][XUC] mode=1 yaw=-2.66 deg pitch=-6.66 deg feeder_rpm=2061.00 wheel0_rpm=3160 wheel1_rpm=3140 wheel_delta=20 projectile_speed=12.80
[DEBUG] armors=1, targets=1
[DEBUG] armors=1, targets=1
[DEBUG] armors=1, targets=1
[DEBUG] armors=1, targets=1
[DEBUG] armors=1, targets=1
[2026-09-05 12:55:04.670] [info] [SYNC][XUC] mode=1 yaw=-2.67 deg pitch=-6.65 deg feeder_rpm=62.00 wheel0_rpm=3160 wheel1_rpm=3160 wheel_delta=0 projectile_speed=12.80
[DEBUG] armors=1, targets=1
[2026-09-05 12:55:04.682] [info] [DRYRUN] measured_gimbal=(2.873,0.042,-0.479) measured_world=(2.904,0.177,-0.143) tracked_world=(2.877,0.175,-0.141) target_gimbal_deg=(0.83,-9.47) target_world_deg=(3.48,-2.82) gimbal_deg=(2.67,-6.65) armor_y_px=975.0 pixel_error_deg=(-0.09,10.55) ballistic=(range=2.873m holdover=0.546m comp=10.55deg residual=0.00deg) q_wxyz=(0.998046,-0.001350,-0.057986,-0.023235) cmd_deg=(3.47,-6.61) packed_pitch_deg=-6.61 control=true shoot=true
[2026-09-05 12:55:04.684] [info] [PERF] 总耗时=14.3ms (检测=11.7ms, 跟踪=0.4ms), FPS=69.7
[2026-09-05 12:55:04.768] [warning] MV_CC_GetImageBuffer failed: 0x80000007
[2026-09-05 12:55:04.768] [info] HikRobot's capture thread stopped.
[2026-09-05 12:55:07.878] [info] Reset usb successfully :)
[2026-09-05 12:55:08.127] [info] [HikRobot][READBACK] image=1440x1080, pixel_format=0x1080009
[2026-09-05 12:55:08.128] [info] [HikRobot][READBACK] exposure_us=2000.0 auto=0, gain=10.02 auto=0, white_balance_auto=0
[2026-09-05 12:55:08.129] [info] [HikRobot][READBACK] trigger=off (continuous acquisition)
[2026-09-05 12:55:08.129] [info] [HikRobot][READBACK] acquisition_fps=150.00
[2026-09-05 12:55:08.141] [info] HikRobot's capture thread started.
[2026-09-05 12:55:08.151] [info] 📊 [CAMERA FPS] 瞬时帧率=0.3fps, 平均帧率=51.0fps, 总帧数=4400, 运行时间=86.3s
[2026-09-05 12:55:08.161] [warning] [Tracker] Large dt: 3.490s
[DEBUG] armors=1, targets=1
[DEBUG] armors=1, targets=1
[DEBUG] armors=1, targets=1
[DEBUG] armors=1, targets=1
[2026-09-05 12:55:08.203] [info] [SYNC][XUC] mode=1 yaw=-2.71 deg pitch=-6.71 deg feeder_rpm=-4.00 wheel0_rpm=720 wheel1_rpm=860 wheel_delta=-140 projectile_speed=12.80
[DEBUG] armors=1, targets=1
[DEBUG] armors=1, targets=1
[DEBUG] armors=1, targets=1
[DEBUG] armors=1, targets=1
[DEBUG] armors=1, targets=1
[2026-09-05 12:55:08.271] [info] [SYNC][XUC] mode=1 yaw=-2.65 deg pitch=-6.67 deg feeder_rpm=0.00 wheel0_rpm=2340 wheel1_rpm=2540 wheel_delta=-200 projectile_speed=12.80
[DEBUG] armors=1, targets=1
[DEBUG] armors=1, targets=1
[DEBUG] armors=1, targets=1
[DEBUG] armors=1, targets=1
[DEBUG] armors=1, targets=1
[2026-09-05 12:55:08.347] [info] [SYNC][XUC] mode=1 yaw=-2.71 deg pitch=-6.62 deg feeder_rpm=-4.00 wheel0_rpm=2980 wheel1_rpm=3040 wheel_delta=-60 projectile_speed=12.80
[DEBUG] armors=0, targets=1
[2026-09-05 12:55:08.360] [info] [XUC][FIRE] stable window reset
[DEBUG] armors=0, targets=1
[DEBUG] armors=1, targets=1
[2026-09-05 12:55:08.390] [info] [XUC][FIRE] stable-window candidate started
[DEBUG] armors=0, targets=1
[2026-09-05 12:55:08.405] [info] [XUC][FIRE] stable window reset
[DEBUG] armors=1, targets=1
[2026-09-05 12:55:08.421] [info] [XUC][FIRE] stable-window candidate started
[2026-09-05 12:55:08.423] [info] [SYNC][XUC] mode=1 yaw=-2.71 deg pitch=-6.60 deg feeder_rpm=-4.00 wheel0_rpm=3060 wheel1_rpm=3120 wheel_delta=-60 projectile_speed=12.80
[DEBUG] armors=0, targets=1
[2026-09-05 12:55:08.436] [info] [XUC][FIRE] stable window reset
[DEBUG] armors=0, targets=1
[DEBUG] armors=1, targets=1
[2026-09-05 12:55:08.466] [info] [XUC][FIRE] stable-window candidate started
[DEBUG] armors=1, targets=1
[DEBUG] armors=0, targets=1
[2026-09-05 12:55:08.495] [info] [XUC][FIRE] stable window reset
[2026-09-05 12:55:08.498] [info] [SYNC][XUC] mode=1 yaw=-2.72 deg pitch=-6.56 deg feeder_rpm=0.00 wheel0_rpm=3180 wheel1_rpm=3140 wheel_delta=40 projectile_speed=12.80
[DEBUG] armors=0, targets=1
[DEBUG] armors=0, targets=1
[DEBUG] armors=1, targets=1
[2026-09-05 12:55:08.542] [info] [XUC][FIRE] stable-window candidate started
[DEBUG] armors=1, targets=1
[DEBUG] armors=1, targets=1
[2026-09-05 12:55:08.575] [info] [SYNC][XUC] mode=1 yaw=-2.72 deg pitch=-6.55 deg feeder_rpm=0.00 wheel0_rpm=3160 wheel1_rpm=3140 wheel_delta=20 projectile_speed=12.80
[DEBUG] armors=0, targets=1
[2026-09-05 12:55:08.588] [info] [XUC][FIRE] stable window reset
[DEBUG] armors=1, targets=1
[2026-09-05 12:55:08.603] [info] [XUC][FIRE] stable-window candidate started
[DEBUG] armors=1, targets=1
[DEBUG] armors=1, targets=1
[DEBUG] armors=0, targets=1
[2026-09-05 12:55:08.648] [info] [XUC][FIRE] stable window reset
[2026-09-05 12:55:08.651] [info] [SYNC][XUC] mode=1 yaw=-2.72 deg pitch=-6.56 deg feeder_rpm=0.00 wheel0_rpm=3120 wheel1_rpm=3160 wheel_delta=-40 projectile_speed=12.80
[DEBUG] armors=0, targets=1
[DEBUG] armors=0, targets=1
[DEBUG] armors=1, targets=1
[2026-09-05 12:55:08.693] [info] [XUC][FIRE] stable-window candidate started
[DEBUG] armors=1, targets=1
[DEBUG] armors=0, targets=1
[2026-09-05 12:55:08.724] [info] [XUC][FIRE] stable window reset
[2026-09-05 12:55:08.726] [info] [SYNC][XUC] mode=1 yaw=-2.72 deg pitch=-6.55 deg feeder_rpm=0.00 wheel0_rpm=3160 wheel1_rpm=3160 wheel_delta=0 projectile_speed=12.80
[DEBUG] armors=0, targets=1
[DEBUG] armors=1, targets=1
[2026-09-05 12:55:08.754] [info] [XUC][FIRE] stable-window candidate started
[DEBUG] armors=1, targets=1
[DEBUG] armors=0, targets=1
[2026-09-05 12:55:08.785] [info] [XUC][FIRE] stable window reset
[DEBUG] armors=1, targets=1
[2026-09-05 12:55:08.801] [info] [XUC][FIRE] stable-window candidate started
[2026-09-05 12:55:08.803] [info] [SYNC][XUC] mode=1 yaw=-2.72 deg pitch=-6.55 deg feeder_rpm=0.00 wheel0_rpm=3160 wheel1_rpm=3160 wheel_delta=0 projectile_speed=12.80
[DEBUG] armors=1, targets=1
[DEBUG] armors=1, targets=1
[DEBUG] armors=0, targets=1
[2026-09-05 12:55:08.846] [info] [XUC][FIRE] stable window reset
[DEBUG] armors=1, targets=1
[2026-09-05 12:55:08.861] [info] [XUC][FIRE] stable-window candidate started
[DEBUG] armors=1, targets=1
[2026-09-05 12:55:08.878] [info] [SYNC][XUC] mode=1 yaw=-2.72 deg pitch=-6.57 deg feeder_rpm=0.00 wheel0_rpm=3160 wheel1_rpm=3140 wheel_delta=20 projectile_speed=12.80
[DEBUG] armors=1, targets=1
[2026-09-05 12:55:08.893] [info] [PERF] 总耗时=15.1ms (检测=12.5ms, 跟踪=0.5ms), FPS=66.4
[2026-09-05 12:55:08.893] [info] 📊 [CAMERA FPS] 瞬时帧率=66.3fps, 平均帧率=51.1fps, 总帧数=4450, 运行时间=87.1s
[DEBUG] armors=1, targets=1
[DEBUG] armors=1, targets=1
[DEBUG] armors=0, targets=1
[2026-09-05 12:55:08.937] [info] [XUC][FIRE] stable window reset
[DEBUG] armors=0, targets=1
[2026-09-05 12:55:08.954] [info] [SYNC][XUC] mode=1 yaw=-2.71 deg pitch=-6.56 deg feeder_rpm=-4.00 wheel0_rpm=3140 wheel1_rpm=3180 wheel_delta=-40 projectile_speed=12.80
[DEBUG] armors=1, targets=1
[2026-09-05 12:55:08.966] [info] [XUC][FIRE] stable-window candidate started
[DEBUG] armors=1, targets=1
[DEBUG] armors=1, targets=1
[DEBUG] armors=1, targets=1
[DEBUG] armors=0, targets=1
[2026-09-05 12:55:09.026] [info] [XUC][FIRE] stable window reset
[2026-09-05 12:55:09.028] [info] [SYNC][XUC] mode=1 yaw=-2.71 deg pitch=-6.57 deg feeder_rpm=0.00 wheel0_rpm=3140 wheel1_rpm=3160 wheel_delta=-20 projectile_speed=12.80
[DEBUG] armors=1, targets=1
[2026-09-05 12:55:09.041] [info] [XUC][FIRE] stable-window candidate started
[2026-09-05 12:55:09.041] [info] [DRYRUN] measured_gimbal=(2.820,0.036,-0.468) measured_world=(2.850,0.171,-0.142) tracked_world=(2.894,0.175,-0.145) target_gimbal_deg=(0.74,-9.42) target_world_deg=(3.44,-2.85) gimbal_deg=(2.71,-6.57) armor_y_px=974.0 pixel_error_deg=(-0.02,10.52) ballistic=(range=2.820m holdover=0.532m comp=10.46deg residual=0.06deg) q_wxyz=(0.998078,-0.001356,-0.057263,-0.023639) cmd_deg=(3.45,-6.55) packed_pitch_deg=-6.55 control=true shoot=false
[DEBUG] armors=0, targets=1
[2026-09-05 12:55:09.056] [info] [XUC][FIRE] stable window reset
[DEBUG] armors=0, targets=1
[DEBUG] armors=1, targets=1
[2026-09-05 12:55:09.087] [info] [XUC][FIRE] stable-window candidate started
[DEBUG] armors=1, targets=1
[2026-09-05 12:55:09.105] [info] [SYNC][XUC] mode=1 yaw=-2.72 deg pitch=-6.57 deg feeder_rpm=0.00 wheel0_rpm=3200 wheel1_rpm=3180 wheel_delta=20 projectile_speed=12.80
[DEBUG] armors=1, targets=1
[DEBUG] armors=1, targets=1
[DEBUG] armors=1, targets=1
[DEBUG] armors=0, targets=1
[2026-09-05 12:55:09.163] [info] [XUC][FIRE] stable window reset
[DEBUG] armors=0, targets=1
[2026-09-05 12:55:09.181] [info] [SYNC][XUC] mode=1 yaw=-2.72 deg pitch=-6.57 deg feeder_rpm=0.00 wheel0_rpm=3100 wheel1_rpm=3160 wheel_delta=-60 projectile_speed=12.80
[DEBUG] armors=0, targets=1
[DEBUG] armors=0, targets=1
[DEBUG] armors=1, targets=1
[2026-09-05 12:55:09.225] [info] [XUC][FIRE] stable-window candidate started
[DEBUG] armors=1, targets=1
[DEBUG] armors=0, targets=1
[2026-09-05 12:55:09.256] [info] [XUC][FIRE] stable window reset
[2026-09-05 12:55:09.258] [info] [SYNC][XUC] mode=1 yaw=-2.71 deg pitch=-6.56 deg feeder_rpm=0.00 wheel0_rpm=3180 wheel1_rpm=3180 wheel_delta=0 projectile_speed=12.80
[DEBUG] armors=1, targets=1
[2026-09-05 12:55:09.272] [info] [XUC][FIRE] stable-window candidate started
[DEBUG] armors=0, targets=1
[2026-09-05 12:55:09.287] [info] [XUC][FIRE] stable window reset
[DEBUG] armors=0, targets=1
[DEBUG] armors=1, targets=1
[2026-09-05 12:55:09.317] [info] [XUC][FIRE] stable-window candidate started
[DEBUG] armors=0, targets=1
[2026-09-05 12:55:09.332] [info] [XUC][FIRE] stable window reset
[2026-09-05 12:55:09.334] [info] [SYNC][XUC] mode=1 yaw=-2.72 deg pitch=-6.57 deg feeder_rpm=0.00 wheel0_rpm=3180 wheel1_rpm=3160 wheel_delta=20 projectile_speed=12.80
[DEBUG] armors=1, targets=1
[2026-09-05 12:55:09.347] [info] [XUC][FIRE] stable-window candidate started
[2026-09-05 12:55:09.347] [info] [DRYRUN] measured_gimbal=(2.852,0.037,-0.474) measured_world=(2.883,0.174,-0.144) tracked_world=(2.899,0.175,-0.145) target_gimbal_deg=(0.75,-9.43) target_world_deg=(3.45,-2.86) gimbal_deg=(2.72,-6.57) armor_y_px=973.7 pixel_error_deg=(-0.01,10.52) ballistic=(range=2.852m holdover=0.541m comp=10.51deg residual=0.00deg) q_wxyz=(0.998075,-0.001358,-0.057307,-0.023652) cmd_deg=(3.45,-6.59) packed_pitch_deg=-6.59 control=true shoot=false
[DEBUG] armors=0, targets=1
[2026-09-05 12:55:09.362] [info] [XUC][FIRE] stable window reset
[DEBUG] armors=0, targets=1
[DEBUG] armors=0, targets=1
[DEBUG] armors=0, targets=1
[2026-09-05 12:55:09.410] [info] [SYNC][XUC] mode=1 yaw=-2.72 deg pitch=-6.58 deg feeder_rpm=-4.00 wheel0_rpm=3140 wheel1_rpm=3160 wheel_delta=-20 projectile_speed=12.80
[DEBUG] armors=1, targets=1
[2026-09-05 12:55:09.423] [info] [XUC][FIRE] stable-window candidate started
[DEBUG] armors=0, targets=1
[2026-09-05 12:55:09.438] [info] [XUC][FIRE] stable window reset
[DEBUG] armors=1, targets=1
[2026-09-05 12:55:09.454] [info] [XUC][FIRE] stable-window candidate started
[DEBUG] armors=1, targets=1
[DEBUG] armors=0, targets=1
[2026-09-05 12:55:09.485] [info] [XUC][FIRE] stable window reset
[2026-09-05 12:55:09.487] [info] [SYNC][XUC] mode=1 yaw=-2.72 deg pitch=-6.58 deg feeder_rpm=0.00 wheel0_rpm=3180 wheel1_rpm=3160 wheel_delta=20 projectile_speed=12.80
[DEBUG] armors=0, targets=1
[DEBUG] armors=1, targets=1
[2026-09-05 12:55:09.514] [info] [XUC][FIRE] stable-window candidate started
[DEBUG] armors=0, targets=1
[2026-09-05 12:55:09.529] [info] [XUC][FIRE] stable window reset
[DEBUG] armors=1, targets=1
[2026-09-05 12:55:09.544] [info] [XUC][FIRE] stable-window candidate started
[DEBUG] armors=1, targets=1
[2026-09-05 12:55:09.562] [info] [SYNC][XUC] mode=1 yaw=-2.72 deg pitch=-6.57 deg feeder_rpm=0.00 wheel0_rpm=3180 wheel1_rpm=3140 wheel_delta=40 projectile_speed=12.80
[DEBUG] armors=1, targets=1
[DEBUG] armors=1, targets=1
[DEBUG] armors=0, targets=1
[2026-09-05 12:55:09.605] [info] [XUC][FIRE] stable window reset
[DEBUG] armors=0, targets=1
[DEBUG] armors=1, targets=1
[2026-09-05 12:55:09.635] [info] [XUC][FIRE] stable-window candidate started
[2026-09-05 12:55:09.638] [info] [SYNC][XUC] mode=1 yaw=-2.72 deg pitch=-6.57 deg feeder_rpm=0.00 wheel0_rpm=3160 wheel1_rpm=3140 wheel_delta=20 projectile_speed=12.80
[DEBUG] armors=1, targets=1
[2026-09-05 12:55:09.651] [info] [DRYRUN] measured_gimbal=(2.810,0.036,-0.466) measured_world=(2.840,0.171,-0.141) tracked_world=(2.892,0.175,-0.144) target_gimbal_deg=(0.74,-9.41) target_world_deg=(3.45,-2.84) gimbal_deg=(2.72,-6.57) armor_y_px=973.6 pixel_error_deg=(-0.02,10.52) ballistic=(range=2.810m holdover=0.529m comp=10.45deg residual=0.07deg) q_wxyz=(0.998078,-0.001358,-0.057265,-0.023663) cmd_deg=(3.46,-6.54) packed_pitch_deg=-6.54 control=true shoot=false
[2026-09-05 12:55:09.653] [info] [PERF] 总耗时=15.4ms (检测=12.7ms, 跟踪=0.5ms), FPS=64.8
[2026-09-05 12:55:09.653] [info] 📊 [CAMERA FPS] 瞬时帧率=64.7fps, 平均帧率=51.2fps, 总帧数=4500, 运行时间=87.8s
[DEBUG] armors=1, targets=1
[DEBUG] armors=0, targets=1
[2026-09-05 12:55:09.681] [info] [XUC][FIRE] stable window reset
[DEBUG] armors=1, targets=1
[2026-09-05 12:55:09.696] [info] [XUC][FIRE] stable-window candidate started
[DEBUG] armors=0, targets=1
[2026-09-05 12:55:09.711] [info] [XUC][FIRE] stable window reset
[2026-09-05 12:55:09.713] [info] [SYNC][XUC] mode=1 yaw=-2.72 deg pitch=-6.57 deg feeder_rpm=0.00 wheel0_rpm=3180 wheel1_rpm=3160 wheel_delta=20 projectile_speed=12.80
[DEBUG] armors=0, targets=1
[DEBUG] armors=0, targets=1
[DEBUG] armors=0, targets=1
[DEBUG] armors=1, targets=1
[2026-09-05 12:55:09.771] [info] [XUC][FIRE] stable-window candidate started
[DEBUG] armors=0, targets=1
[2026-09-05 12:55:09.786] [info] [XUC][FIRE] stable window reset
[2026-09-05 12:55:09.789] [info] [SYNC][XUC] mode=1 yaw=-2.72 deg pitch=-6.57 deg feeder_rpm=0.00 wheel0_rpm=3140 wheel1_rpm=3160 wheel_delta=-20 projectile_speed=12.80
[DEBUG] armors=1, targets=1
[2026-09-05 12:55:09.802] [info] [XUC][FIRE] stable-window candidate started
[DEBUG] armors=0, targets=1
[2026-09-05 12:55:09.817] [info] [XUC][FIRE] stable window reset
[DEBUG] armors=0, targets=1
[DEBUG] armors=0, targets=1
[DEBUG] armors=0, targets=1
[2026-09-05 12:55:09.863] [info] [SYNC][XUC] mode=1 yaw=-2.72 deg pitch=-6.58 deg feeder_rpm=0.00 wheel0_rpm=3140 wheel1_rpm=3140 wheel_delta=0 projectile_speed=12.80
[DEBUG] armors=0, targets=1
[DEBUG] armors=0, targets=1
[DEBUG] armors=0, targets=1
[DEBUG] armors=1, targets=1
[2026-09-05 12:55:09.921] [info] [XUC][FIRE] stable-window candidate started
[DEBUG] armors=0, targets=1
[2026-09-05 12:55:09.936] [info] [XUC][FIRE] stable window reset
[2026-09-05 12:55:09.938] [info] [SYNC][XUC] mode=1 yaw=-2.71 deg pitch=-6.58 deg feeder_rpm=0.00 wheel0_rpm=3160 wheel1_rpm=3160 wheel_delta=0 projectile_speed=12.80
[DEBUG] armors=0, targets=1
[DEBUG] armors=1, targets=1
[2026-09-05 12:55:09.968] [info] [XUC][FIRE] stable-window candidate started
[DEBUG] armors=0, targets=1
[2026-09-05 12:55:09.984] [info] [XUC][FIRE] stable window reset
[DEBUG] armors=1, targets=1
[2026-09-05 12:55:09.999] [info] [XUC][FIRE] stable-window candidate started
[DEBUG] armors=0, targets=1
[2026-09-05 12:55:10.014] [info] [XUC][FIRE] stable window reset
[2026-09-05 12:55:10.016] [info] [SYNC][XUC] mode=1 yaw=-2.72 deg pitch=-6.57 deg feeder_rpm=0.00 wheel0_rpm=3160 wheel1_rpm=3140 wheel_delta=20 projectile_speed=12.80
[DEBUG] armors=1, targets=1
[2026-09-05 12:55:10.029] [info] [XUC][FIRE] stable-window candidate started
[DEBUG] armors=0, targets=1
[2026-09-05 12:55:10.044] [info] [XUC][FIRE] stable window reset
[DEBUG] armors=0, targets=1
[DEBUG] armors=1, targets=1
[2026-09-05 12:55:10.075] [info] [XUC][FIRE] stable-window candidate started
[DEBUG] armors=0, targets=1
[2026-09-05 12:55:10.090] [info] [XUC][FIRE] stable window reset
[2026-09-05 12:55:10.092] [info] [SYNC][XUC] mode=1 yaw=-2.72 deg pitch=-6.57 deg feeder_rpm=0.00 wheel0_rpm=3160 wheel1_rpm=3140 wheel_delta=20 projectile_speed=12.80
[DEBUG] armors=0, targets=1
[DEBUG] armors=0, targets=1
[DEBUG] armors=0, targets=1
[DEBUG] armors=0, targets=1
[DEBUG] armors=0, targets=1
[2026-09-05 12:55:10.168] [info] [SYNC][XUC] mode=1 yaw=-2.72 deg pitch=-6.57 deg feeder_rpm=0.00 wheel0_rpm=3180 wheel1_rpm=3140 wheel_delta=40 projectile_speed=12.80
[DEBUG] armors=1, targets=1
[2026-09-05 12:55:10.181] [info] [XUC][FIRE] stable-window candidate started
[DEBUG] armors=1, targets=1
[DEBUG] armors=1, targets=1
[DEBUG] armors=0, targets=1
[2026-09-05 12:55:10.226] [info] [XUC][FIRE] stable window reset
[DEBUG] armors=0, targets=1
[2026-09-05 12:55:10.243] [info] [SYNC][XUC] mode=1 yaw=-2.72 deg pitch=-6.57 deg feeder_rpm=0.00 wheel0_rpm=3180 wheel1_rpm=3160 wheel_delta=20 projectile_speed=12.80
[DEBUG] armors=1, targets=1
[2026-09-05 12:55:10.256] [info] [XUC][FIRE] stable-window candidate started
[2026-09-05 12:55:10.256] [info] [DRYRUN] measured_gimbal=(2.863,0.037,-0.476) measured_world=(2.894,0.175,-0.145) tracked_world=(2.897,0.175,-0.145) target_gimbal_deg=(0.75,-9.43) target_world_deg=(3.45,-2.86) gimbal_deg=(2.72,-6.57) armor_y_px=973.7 pixel_error_deg=(-0.01,10.52) ballistic=(range=2.863m holdover=0.543m comp=10.53deg residual=-0.01deg) q_wxyz=(0.998076,-0.001359,-0.057296,-0.023673) cmd_deg=(3.46,-6.59) packed_pitch_deg=-6.59 control=true shoot=false
[DEBUG] armors=1, targets=1
[DEBUG] armors=1, targets=1
[DEBUG] armors=0, targets=1
[2026-09-05 12:55:10.302] [info] [XUC][FIRE] stable window reset
[DEBUG] armors=1, targets=1
[2026-09-05 12:55:10.318] [info] [XUC][FIRE] stable-window candidate started
[2026-09-05 12:55:10.321] [info] [SYNC][XUC] mode=1 yaw=-2.72 deg pitch=-6.57 deg feeder_rpm=0.00 wheel0_rpm=3140 wheel1_rpm=3140 wheel_delta=0 projectile_speed=12.80
[DEBUG] armors=1, targets=1
[DEBUG] armors=0, targets=1
[2026-09-05 12:55:10.348] [info] [XUC][FIRE] stable window reset
[DEBUG] armors=0, targets=1
[DEBUG] armors=0, targets=1
[DEBUG] armors=0, targets=1
[2026-09-05 12:55:10.395] [info] [SYNC][XUC] mode=1 yaw=-2.72 deg pitch=-6.57 deg feeder_rpm=0.00 wheel0_rpm=3180 wheel1_rpm=3140 wheel_delta=40 projectile_speed=12.80
[DEBUG] armors=1, targets=1
[2026-09-05 12:55:10.408] [info] [XUC][FIRE] stable-window candidate started
[2026-09-05 12:55:10.410] [info] [PERF] 总耗时=15.4ms (检测=12.6ms, 跟踪=0.5ms), FPS=65.1
[2026-09-05 12:55:10.410] [info] 📊 [CAMERA FPS] 瞬时帧率=65.0fps, 平均帧率=51.4fps, 总帧数=4550, 运行时间=88.6s
[DEBUG] armors=0, targets=1
[2026-09-05 12:55:10.423] [info] [XUC][FIRE] stable window reset
[DEBUG] armors=0, targets=1
[DEBUG] armors=1, targets=1
[2026-09-05 12:55:10.453] [info] [XUC][FIRE] stable-window candidate started
[DEBUG] armors=1, targets=1
[2026-09-05 12:55:10.470] [info] [SYNC][XUC] mode=1 yaw=-2.72 deg pitch=-6.57 deg feeder_rpm=-4.00 wheel0_rpm=3100 wheel1_rpm=3140 wheel_delta=-40 projectile_speed=12.80
[DEBUG] armors=0, targets=1
[2026-09-05 12:55:10.483] [info] [XUC][FIRE] stable window reset
[DEBUG] armors=0, targets=1
[DEBUG] armors=1, targets=1
[2026-09-05 12:55:10.514] [info] [XUC][FIRE] stable-window candidate started
[DEBUG] armors=0, targets=1
[2026-09-05 12:55:10.530] [info] [XUC][FIRE] stable window reset
[DEBUG] armors=1, targets=1
[2026-09-05 12:55:10.545] [info] [XUC][FIRE] stable-window candidate started
[2026-09-05 12:55:10.548] [info] [SYNC][XUC] mode=1 yaw=-2.71 deg pitch=-6.57 deg feeder_rpm=0.00 wheel0_rpm=3200 wheel1_rpm=3140 wheel_delta=60 projectile_speed=12.80
[DEBUG] armors=1, targets=1
[2026-09-05 12:55:10.561] [info] [DRYRUN] measured_gimbal=(2.847,0.037,-0.473) measured_world=(2.878,0.173,-0.144) tracked_world=(2.904,0.175,-0.146) target_gimbal_deg=(0.74,-9.42) target_world_deg=(3.44,-2.85) gimbal_deg=(2.71,-6.57) armor_y_px=973.6 pixel_error_deg=(-0.01,10.52) ballistic=(range=2.848m holdover=0.539m comp=10.51deg residual=0.01deg) q_wxyz=(0.998076,-0.001357,-0.057306,-0.023628) cmd_deg=(3.47,-6.60) packed_pitch_deg=-6.60 control=true shoot=false
[DEBUG] armors=0, targets=1
[2026-09-05 12:55:10.576] [info] [XUC][FIRE] stable window reset
[DEBUG] armors=0, targets=1
[DEBUG] armors=1, targets=1
[2026-09-05 12:55:10.607] [info] [XUC][FIRE] stable-window candidate started
[DEBUG] armors=0, targets=1
[2026-09-05 12:55:10.622] [info] [XUC][FIRE] stable window reset
[2026-09-05 12:55:10.625] [info] [SYNC][XUC] mode=1 yaw=-2.72 deg pitch=-6.58 deg feeder_rpm=-4.00 wheel0_rpm=3180 wheel1_rpm=3120 wheel_delta=60 projectile_speed=12.80
[DEBUG] armors=1, targets=1
[2026-09-05 12:55:10.638] [info] [XUC][FIRE] stable-window candidate started
[DEBUG] armors=1, targets=1
[DEBUG] armors=0, targets=1
[2026-09-05 12:55:10.668] [info] [XUC][FIRE] stable window reset
[DEBUG] armors=1, targets=1
[2026-09-05 12:55:10.684] [info] [XUC][FIRE] stable-window candidate started
[DEBUG] armors=1, targets=1
[2026-09-05 12:55:10.702] [info] [SYNC][XUC] mode=1 yaw=-2.72 deg pitch=-6.58 deg feeder_rpm=0.00 wheel0_rpm=3160 wheel1_rpm=3160 wheel_delta=0 projectile_speed=12.80
[DEBUG] armors=1, targets=1
[DEBUG] armors=1, targets=1
[DEBUG] armors=1, targets=1
[DEBUG] armors=1, targets=1
[DEBUG] armors=1, targets=1
[2026-09-05 12:55:10.778] [info] [SYNC][XUC] mode=1 yaw=-2.71 deg pitch=-6.58 deg feeder_rpm=0.00 wheel0_rpm=3160 wheel1_rpm=3180 wheel_delta=-20 projectile_speed=12.80
[DEBUG] armors=1, targets=1
[DEBUG] armors=1, targets=1
[DEBUG] armors=1, targets=1
[DEBUG] armors=0, targets=1
[2026-09-05 12:55:10.839] [info] [XUC][FIRE] stable window reset
[DEBUG] armors=1, targets=1
[2026-09-05 12:55:10.854] [info] [XUC][FIRE] stable-window candidate started
[2026-09-05 12:55:10.857] [info] [SYNC][XUC] mode=1 yaw=-2.72 deg pitch=-6.58 deg feeder_rpm=0.00 wheel0_rpm=3180 wheel1_rpm=3160 wheel_delta=20 projectile_speed=12.80
[DEBUG] armors=0, targets=1
[2026-09-05 12:55:10.869] [info] [XUC][FIRE] stable window reset
[DEBUG] armors=0, targets=1
[DEBUG] armors=0, targets=1
[DEBUG] armors=1, targets=1
[2026-09-05 12:55:10.914] [info] [XUC][FIRE] stable-window candidate started
[DEBUG] armors=0, targets=1
[2026-09-05 12:55:10.929] [info] [XUC][FIRE] stable window reset
[2026-09-05 12:55:10.932] [info] [SYNC][XUC] mode=1 yaw=-2.72 deg pitch=-6.58 deg feeder_rpm=0.00 wheel0_rpm=3140 wheel1_rpm=3120 wheel_delta=20 projectile_speed=12.80
[DEBUG] armors=0, targets=1
[DEBUG] armors=1, targets=1
[2026-09-05 12:55:10.960] [info] [XUC][FIRE] stable-window candidate started
[DEBUG] armors=1, targets=1
[DEBUG] armors=1, targets=1
[DEBUG] armors=1, targets=1
[2026-09-05 12:55:11.008] [info] [SYNC][XUC] mode=1 yaw=-2.72 deg pitch=-6.58 deg feeder_rpm=-4.00 wheel0_rpm=3160 wheel1_rpm=3140 wheel_delta=20 projectile_speed=12.80
[DEBUG] armors=0, targets=1
[2026-09-05 12:55:11.021] [info] [XUC][FIRE] stable window reset
[DEBUG] armors=0, targets=1
[DEBUG] armors=1, targets=1
[2026-09-05 12:55:11.052] [info] [XUC][FIRE] stable-window candidate started
[DEBUG] armors=1, targets=1
[DEBUG] armors=1, targets=1
[2026-09-05 12:55:11.084] [info] [SYNC][XUC] mode=1 yaw=-2.71 deg pitch=-6.58 deg feeder_rpm=0.00 wheel0_rpm=3140 wheel1_rpm=3160 wheel_delta=-20 projectile_speed=12.80
[DEBUG] armors=1, targets=1
[DEBUG] armors=1, targets=1
[DEBUG] armors=1, targets=1
[DEBUG] armors=1, targets=1
[DEBUG] armors=1, targets=1
[2026-09-05 12:55:11.161] [info] [SYNC][XUC] mode=1 yaw=-2.71 deg pitch=-6.59 deg feeder_rpm=0.00 wheel0_rpm=3160 wheel1_rpm=3180 wheel_delta=-20 projectile_speed=12.80
[DEBUG] armors=0, targets=1
[2026-09-05 12:55:11.173] [info] [XUC][FIRE] stable window reset
[2026-09-05 12:55:11.175] [info] [PERF] 总耗时=14.6ms (检测=12.4ms, 跟踪=0.0ms), FPS=68.3
[2026-09-05 12:55:11.175] [info] 📊 [CAMERA FPS] 瞬时帧率=68.2fps, 平均帧率=51.5fps, 总帧数=4600, 运行时间=89.4s
[DEBUG] armors=1, targets=1
[2026-09-05 12:55:11.188] [info] [XUC][FIRE] stable-window candidate started
[DEBUG] armors=1, targets=1
[DEBUG] armors=1, targets=1
[DEBUG] armors=1, targets=1
[2026-09-05 12:55:11.236] [info] [SYNC][XUC] mode=1 yaw=-2.72 deg pitch=-6.58 deg feeder_rpm=0.00 wheel0_rpm=3160 wheel1_rpm=3140 wheel_delta=20 projectile_speed=12.80
[DEBUG] armors=1, targets=1
[DEBUG] armors=1, targets=1
[DEBUG] armors=1, targets=1
[DEBUG] armors=1, targets=1
[DEBUG] armors=1, targets=1
[2026-09-05 12:55:11.313] [info] [SYNC][XUC] mode=1 yaw=-2.72 deg pitch=-6.59 deg feeder_rpm=0.00 wheel0_rpm=3140 wheel1_rpm=3180 wheel_delta=-40 projectile_speed=12.80
[DEBUG] armors=1, targets=1
[DEBUG] armors=1, targets=1
[DEBUG] armors=1, targets=1
[DEBUG] armors=1, targets=1
[DEBUG] armors=1, targets=1
[2026-09-05 12:55:11.388] [info] [XUC][FIRE] qualified after 200 ms, pixel error deg=(-0.01,-0.01)
[2026-09-05 12:55:11.390] [info] [SYNC][XUC] mode=1 yaw=-2.72 deg pitch=-6.58 deg feeder_rpm=0.00 wheel0_rpm=3120 wheel1_rpm=3180 wheel_delta=-60 projectile_speed=12.80
[DEBUG] armors=0, targets=1
[2026-09-05 12:55:11.403] [info] [XUC][FIRE] stable window reset
[DEBUG] armors=1, targets=1
[2026-09-05 12:55:11.419] [info] [XUC][FIRE] stable-window candidate started
[DEBUG] armors=1, targets=1
[DEBUG] armors=0, targets=1
[2026-09-05 12:55:11.449] [info] [XUC][FIRE] stable window reset
[DEBUG] armors=1, targets=1
[2026-09-05 12:55:11.465] [info] [XUC][FIRE] stable-window candidate started
[2026-09-05 12:55:11.467] [info] [SYNC][XUC] mode=1 yaw=-2.72 deg pitch=-6.58 deg feeder_rpm=1995.00 wheel0_rpm=3200 wheel1_rpm=3140 wheel_delta=60 projectile_speed=12.80
[DEBUG] armors=1, targets=1
[2026-09-05 12:55:11.480] [info] [DRYRUN] measured_gimbal=(2.883,0.037,-0.479) measured_world=(2.914,0.176,-0.146) tracked_world=(2.889,0.174,-0.144) target_gimbal_deg=(0.74,-9.44) target_world_deg=(3.46,-2.86) gimbal_deg=(2.72,-6.58) armor_y_px=973.6 pixel_error_deg=(-0.00,10.52) ballistic=(range=2.883m holdover=0.549m comp=10.56deg residual=-0.05deg) q_wxyz=(0.998070,-0.001363,-0.057368,-0.023716) cmd_deg=(3.46,-6.61) packed_pitch_deg=-6.61 control=true shoot=false
[DEBUG] armors=1, targets=1
[DEBUG] armors=0, targets=1
[2026-09-05 12:55:11.511] [info] [XUC][FIRE] stable window reset
[DEBUG] armors=1, targets=1
[2026-09-05 12:55:11.526] [info] [XUC][FIRE] stable-window candidate started
[DEBUG] armors=1, targets=1
[2026-09-05 12:55:11.544] [info] [SYNC][XUC] mode=1 yaw=-2.72 deg pitch=-6.58 deg feeder_rpm=2076.00 wheel0_rpm=3140 wheel1_rpm=3140 wheel_delta=0 projectile_speed=12.80
[DEBUG] armors=1, targets=1
[DEBUG] armors=1, targets=1
[DEBUG] armors=0, targets=1
[2026-09-05 12:55:11.589] [info] [XUC][FIRE] stable window reset
[DEBUG] armors=0, targets=1
[DEBUG] armors=1, targets=1
[2026-09-05 12:55:11.620] [info] [XUC][FIRE] stable-window candidate started
[2026-09-05 12:55:11.622] [info] [SYNC][XUC] mode=1 yaw=-2.72 deg pitch=-6.60 deg feeder_rpm=3.00 wheel0_rpm=3160 wheel1_rpm=3160 wheel_delta=0 projectile_speed=12.80
[DEBUG] armors=1, targets=1
[DEBUG] armors=1, targets=1
[DEBUG] armors=1, targets=1
[DEBUG] armors=1, targets=1
[DEBUG] armors=1, targets=1
[2026-09-05 12:55:11.699] [info] [SYNC][XUC] mode=1 yaw=-2.72 deg pitch=-6.59 deg feeder_rpm=0.00 wheel0_rpm=3140 wheel1_rpm=3140 wheel_delta=0 projectile_speed=12.80
[DEBUG] armors=1, targets=1
[DEBUG] armors=1, targets=1
[DEBUG] armors=1, targets=1
[DEBUG] armors=1, targets=1
[DEBUG] armors=1, targets=1
[2026-09-05 12:55:11.776] [info] [SYNC][XUC] mode=1 yaw=-2.72 deg pitch=-6.60 deg feeder_rpm=0.00 wheel0_rpm=3120 wheel1_rpm=3120 wheel_delta=0 projectile_speed=12.80
[DEBUG] armors=1, targets=1
[2026-09-05 12:55:11.789] [info] [DRYRUN] measured_gimbal=(2.855,0.037,-0.475) measured_world=(2.886,0.174,-0.144) tracked_world=(2.891,0.174,-0.144) target_gimbal_deg=(0.74,-9.44) target_world_deg=(3.45,-2.85) gimbal_deg=(2.72,-6.60) armor_y_px=974.1 pixel_error_deg=(-0.01,10.53) ballistic=(range=2.855m holdover=0.541m comp=10.52deg residual=0.01deg) q_wxyz=(0.998063,-0.001365,-0.057508,-0.023691) cmd_deg=(3.45,-6.53) packed_pitch_deg=-6.53 control=true shoot=false
[DEBUG] armors=1, targets=1
[DEBUG] armors=1, targets=1
[2026-09-05 12:55:11.819] [info] [XUC][FIRE] qualified after 200 ms, pixel error deg=(-0.01,-0.03)
[DEBUG] armors=1, targets=1
[DEBUG] armors=1, targets=1
[2026-09-05 12:55:11.852] [info] [SYNC][XUC] mode=1 yaw=-2.72 deg pitch=-6.58 deg feeder_rpm=0.00 wheel0_rpm=3160 wheel1_rpm=3160 wheel_delta=0 projectile_speed=12.80
[DEBUG] armors=0, targets=1
[2026-09-05 12:55:11.864] [info] [XUC][FIRE] stable window reset
[DEBUG] armors=0, targets=1
[DEBUG] armors=0, targets=1
[DEBUG] armors=1, targets=1
[2026-09-05 12:55:11.908] [info] [XUC][FIRE] stable-window candidate started
[DEBUG] armors=0, targets=1
[2026-09-05 12:55:11.923] [info] [XUC][FIRE] stable window reset
[2026-09-05 12:55:11.926] [info] [SYNC][XUC] mode=1 yaw=-2.72 deg pitch=-6.59 deg feeder_rpm=0.00 wheel0_rpm=3140 wheel1_rpm=3140 wheel_delta=0 projectile_speed=12.80
[DEBUG] armors=1, targets=1
[2026-09-05 12:55:11.939] [info] [XUC][FIRE] stable-window candidate started
[2026-09-05 12:55:11.941] [info] [PERF] 总耗时=15.6ms (检测=12.6ms, 跟踪=0.5ms), FPS=64.3
[2026-09-05 12:55:11.941] [info] 📊 [CAMERA FPS] 瞬时帧率=64.2fps, 平均帧率=51.6fps, 总帧数=4650, 运行时间=90.1s
[DEBUG] armors=1, targets=1
[DEBUG] armors=0, targets=1
[2026-09-05 12:55:11.968] [info] [XUC][FIRE] stable window reset
[DEBUG] armors=1, targets=1
[2026-09-05 12:55:11.984] [info] [XUC][FIRE] stable-window candidate started
[DEBUG] armors=1, targets=1
[2026-09-05 12:55:12.001] [info] [SYNC][XUC] mode=1 yaw=-2.71 deg pitch=-6.59 deg feeder_rpm=0.00 wheel0_rpm=3180 wheel1_rpm=3140 wheel_delta=40 projectile_speed=12.80
[DEBUG] armors=0, targets=1
[2026-09-05 12:55:12.014] [info] [XUC][FIRE] stable window reset
[DEBUG] armors=1, targets=1
[2026-09-05 12:55:12.029] [info] [XUC][FIRE] stable-window candidate started
[DEBUG] armors=1, targets=1
[DEBUG] armors=1, targets=1
[DEBUG] armors=1, targets=1
[2026-09-05 12:55:12.079] [info] [SYNC][XUC] mode=1 yaw=-2.71 deg pitch=-6.58 deg feeder_rpm=0.00 wheel0_rpm=3120 wheel1_rpm=3140 wheel_delta=-20 projectile_speed=12.80
[DEBUG] armors=1, targets=1
[2026-09-05 12:55:12.093] [info] [DRYRUN] measured_gimbal=(2.907,0.038,-0.484) measured_world=(2.938,0.177,-0.147) tracked_world=(2.890,0.174,-0.144) target_gimbal_deg=(0.75,-9.44) target_world_deg=(3.45,-2.86) gimbal_deg=(2.71,-6.58) armor_y_px=973.4 pixel_error_deg=(-0.01,10.51) ballistic=(range=2.907m holdover=0.555m comp=10.60deg residual=-0.09deg) q_wxyz=(0.998072,-0.001359,-0.057383,-0.023632) cmd_deg=(3.43,-6.61) packed_pitch_deg=-6.61 control=true shoot=false
[DEBUG] armors=1, targets=1
[DEBUG] armors=0, targets=1
[2026-09-05 12:55:12.124] [info] [XUC][FIRE] stable window reset
[DEBUG] armors=1, targets=1
[2026-09-05 12:55:12.139] [info] [XUC][FIRE] stable-window candidate started
[DEBUG] armors=0, targets=1
[2026-09-05 12:55:12.154] [info] [XUC][FIRE] stable window reset
[2026-09-05 12:55:12.156] [info] [SYNC][XUC] mode=1 yaw=-2.72 deg pitch=-6.59 deg feeder_rpm=611.00 wheel0_rpm=3160 wheel1_rpm=3160 wheel_delta=0 projectile_speed=12.80
[DEBUG] armors=0, targets=1
[DEBUG] armors=1, targets=1
[2026-09-05 12:55:12.186] [info] [XUC][FIRE] stable-window candidate started
[DEBUG] armors=1, targets=1
[DEBUG] armors=1, targets=1
[DEBUG] armors=0, targets=1
[2026-09-05 12:55:12.231] [info] [XUC][FIRE] stable window reset
[2026-09-05 12:55:12.234] [info] [SYNC][XUC] mode=1 yaw=-2.71 deg pitch=-6.60 deg feeder_rpm=2050.00 wheel0_rpm=3180 wheel1_rpm=3120 wheel_delta=60 projectile_speed=12.80
[DEBUG] armors=1, targets=1
[2026-09-05 12:55:12.246] [info] [XUC][FIRE] stable-window candidate started
[DEBUG] armors=0, targets=1
[2026-09-05 12:55:12.261] [info] [XUC][FIRE] stable window reset
[DEBUG] armors=0, targets=1
[DEBUG] armors=1, targets=1
[2026-09-05 12:55:12.292] [info] [XUC][FIRE] stable-window candidate started
[DEBUG] armors=1, targets=1
[2026-09-05 12:55:12.311] [info] [SYNC][XUC] mode=1 yaw=-2.71 deg pitch=-6.61 deg feeder_rpm=809.00 wheel0_rpm=3200 wheel1_rpm=3160 wheel_delta=40 projectile_speed=12.80
[DEBUG] armors=0, targets=1
[2026-09-05 12:55:12.323] [info] [XUC][FIRE] stable window reset
[DEBUG] armors=0, targets=1
[DEBUG] armors=0, targets=1
[2026-09-05 12:55:12.438] [warning] MV_CC_GetImageBuffer failed: 0x80000007
[2026-09-05 12:55:12.438] [info] HikRobot's capture thread stopped.
[2026-09-05 12:55:14.049] [warning] Unable to reset usb!
[2026-09-05 12:55:14.049] [warning] Not found camera!
[2026-09-05 12:55:14.150] [warning] Unable to open usb!
[2026-09-05 12:55:14.150] [warning] Not found camera!
[2026-09-05 12:55:14.250] [warning] Unable to open usb!
[2026-09-05 12:55:14.250] [warning] Not found camera!
[2026-09-05 12:55:14.350] [warning] Unable to open usb!
[2026-09-05 12:55:14.350] [warning] Not found camera!
[2026-09-05 12:55:14.450] [warning] Unable to open usb!
[2026-09-05 12:55:14.450] [warning] Not found camera!
[2026-09-05 12:55:14.550] [warning] Unable to open usb!
[2026-09-05 12:55:14.550] [warning] Not found camera!
[2026-09-05 12:55:14.650] [warning] Unable to open usb!
[2026-09-05 12:55:14.650] [warning] Not found camera!
[2026-09-05 12:55:14.751] [warning] Unable to open usb!
[2026-09-05 12:55:14.751] [warning] Not found camera!
[2026-09-05 12:55:14.851] [warning] Unable to open usb!
[2026-09-05 12:55:14.851] [warning] Not found camera!
[2026-09-05 12:55:14.951] [warning] Unable to open usb!
[2026-09-05 12:55:14.951] [warning] Not found camera!
[2026-09-05 12:55:15.051] [warning] Unable to open usb!
[2026-09-05 12:55:15.051] [warning] Not found camera!
[2026-09-05 12:55:15.151] [warning] Unable to open usb!
[2026-09-05 12:55:15.151] [warning] Not found camera!
[2026-09-05 12:55:15.251] [warning] Unable to open usb!
[2026-09-05 12:55:15.251] [warning] Not found camera!
[2026-09-05 12:55:15.351] [warning] Unable to open usb!
[2026-09-05 12:55:15.352] [warning] Not found camera!
[2026-09-05 12:55:15.452] [warning] Unable to open usb!
[2026-09-05 12:55:15.452] [warning] Not found camera!
[2026-09-05 12:55:15.552] [warning] Unable to open usb!
[2026-09-05 12:55:15.552] [warning] Not found camera!
[2026-09-05 12:55:15.652] [warning] Unable to open usb!
[2026-09-05 12:55:15.652] [warning] Not found camera!
[2026-09-05 12:55:15.752] [warning] Unable to open usb!
[2026-09-05 12:55:15.752] [warning] Not found camera!
[2026-09-05 12:55:15.852] [warning] Unable to open usb!
[2026-09-05 12:55:15.852] [warning] Not found camera!
[2026-09-05 12:55:15.953] [warning] Unable to open usb!
[2026-09-05 12:55:15.953] [warning] Not found camera!
[2026-09-05 12:55:16.053] [warning] Unable to open usb!
[2026-09-05 12:55:16.053] [warning] Not found camera!
[2026-09-05 12:55:16.153] [warning] Unable to open usb!
[2026-09-05 12:55:16.153] [warning] Not found camera!
[2026-09-05 12:55:16.253] [warning] Unable to open usb!
[2026-09-05 12:55:16.253] [warning] Not found camera!
[2026-09-05 12:55:16.353] [warning] Unable to open usb!
[2026-09-05 12:55:16.353] [warning] Not found camera!
[2026-09-05 12:55:16.454] [warning] Unable to open usb!
[2026-09-05 12:55:16.454] [warning] Not found camera!
[2026-09-05 12:55:16.554] [warning] Unable to open usb!
[2026-09-05 12:55:16.554] [warning] Not found camera!
[2026-09-05 12:55:16.654] [warning] Unable to open usb!
[2026-09-05 12:55:16.654] [warning] Not found camera!
[2026-09-05 12:55:16.754] [warning] Unable to open usb!
[2026-09-05 12:55:16.754] [warning] Not found camera!
[2026-09-05 12:55:16.854] [warning] Unable to open usb!
[2026-09-05 12:55:16.854] [warning] Not found camera!
[2026-09-05 12:55:16.954] [warning] Unable to open usb!
[2026-09-05 12:55:16.954] [warning] Not found camera!
[2026-09-05 12:55:17.054] [warning] Unable to open usb!
[2026-09-05 12:55:17.055] [warning] Not found camera!
[2026-09-05 12:55:17.155] [warning] Unable to open usb!
[2026-09-05 12:55:17.155] [warning] Not found camera!
[2026-09-05 12:55:17.255] [warning] Unable to open usb!
[2026-09-05 12:55:17.255] [warning] Not found camera!
[2026-09-05 12:55:17.355] [warning] Unable to open usb!
[2026-09-05 12:55:17.355] [warning] Not found camera!
[2026-09-05 12:55:17.455] [warning] Unable to open usb!
[2026-09-05 12:55:17.455] [warning] Not found camera!
[2026-09-05 12:55:17.555] [warning] Unable to open usb!
[2026-09-05 12:55:17.555] [warning] Not found camera!
[2026-09-05 12:55:17.655] [warning] Unable to open usb!
[2026-09-05 12:55:17.655] [warning] Not found camera!
[2026-09-05 12:55:17.756] [warning] Unable to open usb!
[2026-09-05 12:55:17.756] [warning] Not found camera!
[2026-09-05 12:55:17.856] [warning] Unable to open usb!
[2026-09-05 12:55:17.856] [warning] Not found camera!
[2026-09-05 12:55:17.956] [warning] Unable to open usb!
[2026-09-05 12:55:17.956] [warning] Not found camera!
[2026-09-05 12:55:18.056] [warning] Unable to open usb!
[2026-09-05 12:55:18.056] [warning] Not found camera!
[2026-09-05 12:55:18.157] [warning] Unable to open usb!
[2026-09-05 12:55:18.157] [warning] Not found camera!
[2026-09-05 12:55:18.257] [warning] Unable to open usb!
[2026-09-05 12:55:18.257] [warning] Not found camera!
[2026-09-05 12:55:18.357] [warning] Unable to open usb!
[2026-09-05 12:55:18.357] [warning] Not found camera!
[2026-09-05 12:55:18.457] [warning] Unable to open usb!
[2026-09-05 12:55:18.457] [warning] Not found camera!
[2026-09-05 12:55:18.557] [warning] Unable to open usb!
[2026-09-05 12:55:18.557] [warning] Not found camera!
[2026-09-05 12:55:18.657] [warning] Unable to open usb!
[2026-09-05 12:55:18.658] [warning] Not found camera!
[2026-09-05 12:55:18.758] [warning] Unable to open usb!
[2026-09-05 12:55:18.758] [warning] Not found camera!
[2026-09-05 12:55:18.858] [warning] Unable to open usb!
[2026-09-05 12:55:18.858] [warning] Not found camera!
[2026-09-05 12:55:18.958] [warning] Unable to open usb!
[2026-09-05 12:55:18.958] [warning] Not found camera!
[2026-09-05 12:55:19.058] [warning] Unable to open usb!
[2026-09-05 12:55:19.058] [warning] Not found camera!
[2026-09-05 12:55:19.158] [warning] Unable to open usb!
[2026-09-05 12:55:19.159] [warning] Not found camera!
[2026-09-05 12:55:19.259] [warning] Unable to open usb!
[2026-09-05 12:55:19.259] [warning] Not found camera!
[2026-09-05 12:55:19.359] [warning] Unable to open usb!
[2026-09-05 12:55:19.359] [warning] Not found camera!
[2026-09-05 12:55:19.459] [warning] Unable to open usb!
[2026-09-05 12:55:19.459] [warning] Not found camera!
[2026-09-05 12:55:19.560] [warning] Unable to open usb!
[2026-09-05 12:55:19.560] [warning] Not found camera!
[2026-09-05 12:55:19.660] [warning] Unable to open usb!
[2026-09-05 12:55:19.660] [warning] Not found camera!
[2026-09-05 12:55:19.760] [warning] Unable to open usb!
[2026-09-05 12:55:19.761] [warning] Not found camera!
[2026-09-05 12:55:19.861] [warning] Unable to open usb!
[2026-09-05 12:55:19.861] [warning] Not found camera!
[2026-09-05 12:55:19.961] [warning] Unable to open usb!
[2026-09-05 12:55:19.961] [warning] Not found camera!
[2026-09-05 12:55:20.061] [warning] Unable to open usb!
[2026-09-05 12:55:20.061] [warning] Not found camera!
[2026-09-05 12:55:20.162] [warning] Unable to open usb!
[2026-09-05 12:55:20.162] [warning] Not found camera!
[2026-09-05 12:55:20.262] [warning] Unable to open usb!
[2026-09-05 12:55:20.262] [warning] Not found camera!
[2026-09-05 12:55:20.362] [warning] Unable to open usb!
[2026-09-05 12:55:20.362] [warning] Not found camera!
[2026-09-05 12:55:20.462] [warning] Unable to open usb!
[2026-09-05 12:55:20.462] [warning] Not found camera!
[2026-09-05 12:55:20.563] [warning] Unable to open usb!
[2026-09-05 12:55:20.563] [warning] Not found camera!
[2026-09-05 12:55:20.663] [warning] Unable to open usb!
[2026-09-05 12:55:20.663] [warning] Not found camera!
[2026-09-05 12:55:20.763] [warning] Unable to open usb!
[2026-09-05 12:55:20.763] [warning] Not found camera!
[2026-09-05 12:55:20.863] [warning] Unable to open usb!
[2026-09-05 12:55:20.864] [warning] Not found camera!
[2026-09-05 12:55:20.964] [warning] Unable to open usb!
[2026-09-05 12:55:20.964] [warning] Not found camera!
[2026-09-05 12:55:21.064] [warning] Unable to open usb!
[2026-09-05 12:55:21.064] [warning] Not found camera!
[2026-09-05 12:55:21.164] [warning] Unable to open usb!
[2026-09-05 12:55:21.164] [warning] Not found camera!
[2026-09-05 12:55:21.264] [warning] Unable to open usb!
[2026-09-05 12:55:21.265] [warning] Not found camera!
[2026-09-05 12:55:21.365] [warning] Unable to open usb!
[2026-09-05 12:55:21.365] [warning] Not found camera!
[2026-09-05 12:55:21.465] [warning] Unable to open usb!
[2026-09-05 12:55:21.465] [warning] Not found camera!
[2026-09-05 12:55:21.565] [warning] Unable to open usb!
[2026-09-05 12:55:21.565] [warning] Not found camera!
[2026-09-05 12:55:21.665] [warning] Unable to open usb!
[2026-09-05 12:55:21.665] [warning] Not found camera!
[2026-09-05 12:55:21.765] [warning] Unable to open usb!
[2026-09-05 12:55:21.766] [warning] Not found camera!
[2026-09-05 12:55:21.866] [warning] Unable to open usb!
[2026-09-05 12:55:21.866] [warning] Not found camera!
[2026-09-05 12:55:21.966] [warning] Unable to open usb!
[2026-09-05 12:55:21.966] [warning] Not found camera!
[2026-09-05 12:55:22.066] [warning] Unable to open usb!
[2026-09-05 12:55:22.066] [warning] Not found camera!
[2026-09-05 12:55:22.169] [warning] Unable to open usb!
[2026-09-05 12:55:22.170] [warning] Not found camera!
[2026-09-05 12:55:22.270] [warning] Unable to open usb!
[2026-09-05 12:55:22.270] [warning] Not found camera!
[2026-09-05 12:55:22.370] [warning] Unable to open usb!
[2026-09-05 12:55:22.370] [warning] Not found camera!
[2026-09-05 12:55:22.470] [warning] Unable to open usb!
[2026-09-05 12:55:22.471] [warning] Not found camera!
[2026-09-05 12:55:22.571] [warning] Unable to open usb!
[2026-09-05 12:55:22.571] [warning] Not found camera!
[2026-09-05 12:55:22.671] [warning] Unable to open usb!
[2026-09-05 12:55:22.671] [warning] Not found camera!
[2026-09-05 12:55:22.771] [warning] Unable to open usb!
[2026-09-05 12:55:22.771] [warning] Not found camera!
[2026-09-05 12:55:22.872] [warning] Unable to open usb!
[2026-09-05 12:55:22.872] [warning] Not found camera!
[2026-09-05 12:55:22.972] [warning] Unable to open usb!
[2026-09-05 12:55:22.972] [warning] Not found camera!
[2026-09-05 12:55:23.072] [warning] Unable to open usb!
[2026-09-05 12:55:23.072] [warning] Not found camera!
[2026-09-05 12:55:23.172] [warning] Unable to open usb!
[2026-09-05 12:55:23.173] [warning] Not found camera!
[2026-09-05 12:55:23.273] [warning] Unable to open usb!
[2026-09-05 12:55:23.273] [warning] Not found camera!
[2026-09-05 12:55:23.373] [warning] Unable to open usb!
[2026-09-05 12:55:23.373] [warning] Not found camera!
[2026-09-05 12:55:23.473] [warning] Unable to open usb!
[2026-09-05 12:55:23.473] [warning] Not found camera!
[2026-09-05 12:55:23.574] [warning] Unable to open usb!
[2026-09-05 12:55:23.574] [warning] Not found camera!
[2026-09-05 12:55:23.674] [warning] Unable to open usb!
[2026-09-05 12:55:23.674] [warning] Not found camera!
[2026-09-05 12:55:23.774] [warning] Unable to open usb!
[2026-09-05 12:55:23.775] [warning] Not found camera!
[2026-09-05 12:55:23.875] [warning] Unable to open usb!
[2026-09-05 12:55:23.875] [warning] Not found camera!
[2026-09-05 12:55:23.975] [warning] Unable to open usb!
[2026-09-05 12:55:23.975] [warning] Not found camera!
[2026-09-05 12:55:24.075] [warning] Unable to open usb!
[2026-09-05 12:55:24.076] [warning] Not found camera!
[2026-09-05 12:55:24.176] [warning] Unable to open usb!
[2026-09-05 12:55:24.176] [warning] Not found camera!
[2026-09-05 12:55:24.276] [warning] Unable to open usb!
[2026-09-05 12:55:24.276] [warning] Not found camera!
[2026-09-05 12:55:24.376] [warning] Unable to open usb!
[2026-09-05 12:55:24.376] [warning] Not found camera!
[2026-09-05 12:55:24.476] [warning] Unable to open usb!
[2026-09-05 12:55:24.477] [warning] Not found camera!
[2026-09-05 12:55:24.577] [warning] Unable to open usb!
[2026-09-05 12:55:24.577] [warning] Not found camera!
[2026-09-05 12:55:24.677] [warning] Unable to open usb!
[2026-09-05 12:55:24.677] [warning] Not found camera!
[2026-09-05 12:55:24.777] [warning] Unable to open usb!
[2026-09-05 12:55:24.778] [warning] Not found camera!
[2026-09-05 12:55:24.878] [warning] Unable to open usb!
[2026-09-05 12:55:24.878] [warning] Not found camera!
[2026-09-05 12:55:24.978] [warning] Unable to open usb!
[2026-09-05 12:55:24.978] [warning] Not found camera!
[2026-09-05 12:55:25.078] [warning] Unable to open usb!
[2026-09-05 12:55:25.078] [warning] Not found camera!
[2026-09-05 12:55:25.179] [warning] Unable to open usb!
[2026-09-05 12:55:25.179] [warning] Not found camera!
[2026-09-05 12:55:25.279] [warning] Unable to open usb!
[2026-09-05 12:55:25.279] [warning] Not found camera!
[2026-09-05 12:55:25.379] [warning] Unable to open usb!
[2026-09-05 12:55:25.379] [warning] Not found camera!
[2026-09-05 12:55:25.479] [warning] Unable to open usb!
[2026-09-05 12:55:25.479] [warning] Not found camera!
[2026-09-05 12:55:25.580] [warning] Unable to open usb!
[2026-09-05 12:55:25.580] [warning] Not found camera!
[2026-09-05 12:55:25.680] [warning] Unable to open usb!
[2026-09-05 12:55:25.680] [warning] Not found camera!
[2026-09-05 12:55:25.780] [warning] Unable to open usb!
[2026-09-05 12:55:25.780] [warning] Not found camera!
[2026-09-05 12:55:25.880] [warning] Unable to open usb!
[2026-09-05 12:55:25.881] [warning] Not found camera!
[2026-09-05 12:55:25.981] [warning] Unable to open usb!
[2026-09-05 12:55:25.981] [warning] Not found camera!
[2026-09-05 12:55:26.081] [warning] Unable to open usb!
[2026-09-05 12:55:26.081] [warning] Not found camera!
[2026-09-05 12:55:26.181] [warning] Unable to open usb!
[2026-09-05 12:55:26.181] [warning] Not found camera!
[2026-09-05 12:55:26.281] [warning] Unable to open usb!
[2026-09-05 12:55:26.281] [warning] Not found camera!
[2026-09-05 12:55:26.382] [warning] Unable to open usb!
[2026-09-05 12:55:26.382] [warning] Not found camera!
[2026-09-05 12:55:26.482] [warning] Unable to open usb!
[2026-09-05 12:55:26.482] [warning] Not found camera!
[2026-09-05 12:55:26.582] [warning] Unable to open usb!
[2026-09-05 12:55:26.582] [warning] Not found camera!
[2026-09-05 12:55:26.682] [warning] Unable to open usb!
[2026-09-05 12:55:26.683] [warning] Not found camera!
[2026-09-05 12:55:26.783] [warning] Unable to open usb!
[2026-09-05 12:55:26.783] [warning] Not found camera!
[2026-09-05 12:55:26.883] [warning] Unable to open usb!
[2026-09-05 12:55:26.883] [warning] Not found camera!
[2026-09-05 12:55:26.983] [warning] Unable to open usb!
[2026-09-05 12:55:26.983] [warning] Not found camera!
[2026-09-05 12:55:27.083] [warning] Unable to open usb!
[2026-09-05 12:55:27.084] [warning] Not found camera!
[2026-09-05 12:55:27.184] [warning] Unable to open usb!
[2026-09-05 12:55:27.184] [warning] Not found camera!
[2026-09-05 12:55:27.284] [warning] Unable to open usb!
[2026-09-05 12:55:27.284] [warning] Not found camera!
[2026-09-05 12:55:27.384] [warning] Unable to open usb!
[2026-09-05 12:55:27.384] [warning] Not found camera!
[2026-09-05 12:55:27.484] [warning] Unable to open usb!
[2026-09-05 12:55:27.485] [warning] Not found camera!
[2026-09-05 12:55:27.585] [warning] Unable to open usb!
[2026-09-05 12:55:27.585] [warning] Not found camera!
[2026-09-05 12:55:27.685] [warning] Unable to open usb!
[2026-09-05 12:55:27.685] [warning] Not found camera!
[2026-09-05 12:55:27.785] [warning] Unable to open usb!
[2026-09-05 12:55:27.785] [warning] Not found camera!
[2026-09-05 12:55:27.886] [warning] Unable to open usb!
[2026-09-05 12:55:27.886] [warning] Not found camera!
[2026-09-05 12:55:27.986] [warning] Unable to open usb!
[2026-09-05 12:55:27.986] [warning] Not found camera!
[2026-09-05 12:55:28.086] [warning] Unable to open usb!
[2026-09-05 12:55:28.086] [warning] Not found camera!
[2026-09-05 12:55:28.186] [warning] Unable to open usb!
[2026-09-05 12:55:28.186] [warning] Not found camera!
[2026-09-05 12:55:28.287] [warning] Unable to open usb!
[2026-09-05 12:55:28.287] [warning] Not found camera!
[2026-09-05 12:55:28.387] [warning] Unable to open usb!
[2026-09-05 12:55:28.387] [warning] Not found camera!
[2026-09-05 12:55:28.487] [warning] Unable to open usb!
[2026-09-05 12:55:28.487] [warning] Not found camera!
[2026-09-05 12:55:28.587] [warning] Unable to open usb!
[2026-09-05 12:55:28.587] [warning] Not found camera!
[2026-09-05 12:55:28.687] [warning] Unable to open usb!
[2026-09-05 12:55:28.688] [warning] Not found camera!
[2026-09-05 12:55:28.788] [warning] Unable to open usb!
[2026-09-05 12:55:28.788] [warning] Not found camera!
[2026-09-05 12:55:28.888] [warning] Unable to open usb!
[2026-09-05 12:55:28.888] [warning] Not found camera!
[2026-09-05 12:55:28.988] [warning] Unable to open usb!
[2026-09-05 12:55:28.988] [warning] Not found camera!
[2026-09-05 12:55:29.089] [warning] Unable to open usb!
[2026-09-05 12:55:29.089] [warning] Not found camera!
[2026-09-05 12:55:29.189] [warning] Unable to open usb!
[2026-09-05 12:55:29.189] [warning] Not found camera!
[2026-09-05 12:55:29.289] [warning] Unable to open usb!
[2026-09-05 12:55:29.289] [warning] Not found camera!
[2026-09-05 12:55:29.389] [warning] Unable to open usb!
[2026-09-05 12:55:29.390] [warning] Not found camera!
[2026-09-05 12:55:29.490] [warning] Unable to open usb!
[2026-09-05 12:55:29.490] [warning] Not found camera!
[2026-09-05 12:55:29.590] [warning] Unable to open usb!
[2026-09-05 12:55:29.590] [warning] Not found camera!
[2026-09-05 12:55:29.690] [warning] Unable to open usb!
[2026-09-05 12:55:29.691] [warning] Not found camera!
[2026-09-05 12:55:29.791] [warning] Unable to open usb!
[2026-09-05 12:55:29.791] [warning] Not found camera!
[2026-09-05 12:55:29.891] [warning] Unable to open usb!
[2026-09-05 12:55:29.891] [warning] Not found camera!
[2026-09-05 12:55:29.991] [warning] Unable to open usb!
[2026-09-05 12:55:29.991] [warning] Not found camera!
[2026-09-05 12:55:30.091] [warning] Unable to open usb!
[2026-09-05 12:55:30.092] [warning] Not found camera!
[2026-09-05 12:55:30.192] [warning] Unable to open usb!
[2026-09-05 12:55:30.192] [warning] Not found camera!
[2026-09-05 12:55:30.292] [warning] Unable to open usb!
[2026-09-05 12:55:30.292] [warning] Not found camera!
[2026-09-05 12:55:30.392] [warning] Unable to open usb!
[2026-09-05 12:55:30.392] [warning] Not found camera!
[2026-09-05 12:55:30.493] [warning] Unable to open usb!
[2026-09-05 12:55:30.493] [warning] Not found camera!
[2026-09-05 12:55:30.593] [warning] Unable to open usb!
[2026-09-05 12:55:30.593] [warning] Not found camera!
[2026-09-05 12:55:30.693] [warning] Unable to open usb!
[2026-09-05 12:55:30.693] [warning] Not found camera!
[2026-09-05 12:55:30.793] [warning] Unable to open usb!
[2026-09-05 12:55:30.793] [warning] Not found camera!
[2026-09-05 12:55:30.894] [warning] Unable to open usb!
[2026-09-05 12:55:30.894] [warning] Not found camera!
[2026-09-05 12:55:30.994] [warning] Unable to open usb!
[2026-09-05 12:55:30.994] [warning] Not found camera!
[2026-09-05 12:55:31.094] [warning] Unable to open usb!
[2026-09-05 12:55:31.094] [warning] Not found camera!
[2026-09-05 12:55:31.194] [warning] Unable to open usb!
[2026-09-05 12:55:31.194] [warning] Not found camera!
[2026-09-05 12:55:31.295] [warning] Unable to open usb!
[2026-09-05 12:55:31.295] [warning] Not found camera!
[2026-09-05 12:55:31.395] [warning] Unable to open usb!
[2026-09-05 12:55:31.395] [warning] Not found camera!
[2026-09-05 12:55:31.495] [warning] Unable to open usb!
[2026-09-05 12:55:31.495] [warning] Not found camera!
[2026-09-05 12:55:31.595] [warning] Unable to open usb!
[2026-09-05 12:55:31.596] [warning] Not found camera!
[2026-09-05 12:55:31.696] [warning] Unable to open usb!
[2026-09-05 12:55:31.696] [warning] Not found camera!
[2026-09-05 12:55:31.796] [warning] Unable to open usb!
[2026-09-05 12:55:31.796] [warning] Not found camera!
[2026-09-05 12:55:31.896] [warning] Unable to open usb!
[2026-09-05 12:55:31.896] [warning] Not found camera!
[2026-09-05 12:55:31.997] [warning] Unable to open usb!
[2026-09-05 12:55:31.997] [warning] Not found camera!
[2026-09-05 12:55:32.097] [warning] Unable to open usb!
[2026-09-05 12:55:32.097] [warning] Not found camera!
[2026-09-05 12:55:32.197] [warning] Unable to open usb!
[2026-09-05 12:55:32.197] [warning] Not found camera!
[2026-09-05 12:55:32.297] [warning] Unable to open usb!
[2026-09-05 12:55:32.298] [warning] Not found camera!
[2026-09-05 12:55:32.398] [warning] Unable to open usb!
[2026-09-05 12:55:32.398] [warning] Not found camera!
[2026-09-05 12:55:32.498] [warning] Unable to open usb!
[2026-09-05 12:55:32.498] [warning] Not found camera!
[2026-09-05 12:55:32.598] [warning] Unable to open usb!
[2026-09-05 12:55:32.598] [warning] Not found camera!
[2026-09-05 12:55:32.698] [warning] Unable to open usb!
[2026-09-05 12:55:32.699] [warning] Not found camera!
[2026-09-05 12:55:32.799] [warning] Unable to open usb!
[2026-09-05 12:55:32.799] [warning] Not found camera!
[2026-09-05 12:55:32.899] [warning] Unable to open usb!
[2026-09-05 12:55:32.899] [warning] Not found camera!
[2026-09-05 12:55:32.999] [warning] Unable to open usb!
[2026-09-05 12:55:32.999] [warning] Not found camera!
[2026-09-05 12:55:33.099] [warning] Unable to open usb!
[2026-09-05 12:55:33.100] [warning] Not found camera!
[2026-09-05 12:55:33.200] [warning] Unable to open usb!
[2026-09-05 12:55:33.200] [warning] Not found camera!
[2026-09-05 12:55:33.300] [warning] Unable to open usb!
[2026-09-05 12:55:33.300] [warning] Not found camera!
[2026-09-05 12:55:33.400] [warning] Unable to open usb!
[2026-09-05 12:55:33.400] [warning] Not found camera!
[2026-09-05 12:55:33.500] [warning] Unable to open usb!
[2026-09-05 12:55:33.501] [warning] Not found camera!
[2026-09-05 12:55:33.601] [warning] Unable to open usb!
[2026-09-05 12:55:33.601] [warning] Not found camera!
[2026-09-05 12:55:33.701] [warning] Unable to open usb!
[2026-09-05 12:55:33.701] [warning] Not found camera!
[2026-09-05 12:55:33.801] [warning] Unable to open usb!
[2026-09-05 12:55:33.801] [warning] Not found camera!
[2026-09-05 12:55:33.902] [warning] Unable to open usb!
[2026-09-05 12:55:33.902] [warning] Not found camera!
[2026-09-05 12:55:34.002] [warning] Unable to open usb!
[2026-09-05 12:55:34.002] [warning] Not found camera!
[2026-09-05 12:55:34.102] [warning] Unable to open usb!
[2026-09-05 12:55:34.102] [warning] Not found camera!
[2026-09-05 12:55:34.202] [warning] Unable to open usb!
[2026-09-05 12:55:34.203] [warning] Not found camera!
[2026-09-05 12:55:34.303] [warning] Unable to open usb!
[2026-09-05 12:55:34.303] [warning] Not found camera!
[2026-09-05 12:55:34.403] [warning] Unable to open usb!
[2026-09-05 12:55:34.403] [warning] Not found camera!
[2026-09-05 12:55:34.503] [warning] Unable to open usb!
[2026-09-05 12:55:34.503] [warning] Not found camera!
[2026-09-05 12:55:34.603] [warning] Unable to open usb!
[2026-09-05 12:55:34.604] [warning] Not found camera!
[2026-09-05 12:55:34.704] [warning] Unable to open usb!
[2026-09-05 12:55:34.704] [warning] Not found camera!
[2026-09-05 12:55:34.804] [warning] Unable to open usb!
[2026-09-05 12:55:34.804] [warning] Not found camera!
[2026-09-05 12:55:34.904] [warning] Unable to open usb!
[2026-09-05 12:55:34.904] [warning] Not found camera!
[2026-09-05 12:55:35.004] [warning] Unable to open usb!
[2026-09-05 12:55:35.005] [warning] Not found camera!
[2026-09-05 12:55:35.105] [warning] Unable to open usb!
[2026-09-05 12:55:35.105] [warning] Not found camera!
[2026-09-05 12:55:35.205] [warning] Unable to open usb!
[2026-09-05 12:55:35.205] [warning] Not found camera!
[2026-09-05 12:55:35.305] [warning] Unable to open usb!
[2026-09-05 12:55:35.305] [warning] Not found camera!
[2026-09-05 12:55:35.405] [warning] Unable to open usb!
[2026-09-05 12:55:35.406] [warning] Not found camera!
[2026-09-05 12:55:35.506] [warning] Unable to open usb!
[2026-09-05 12:55:35.506] [warning] Not found camera!
[2026-09-05 12:55:35.606] [warning] Unable to open usb!
[2026-09-05 12:55:35.606] [warning] Not found camera!
[2026-09-05 12:55:35.706] [warning] Unable to open usb!
[2026-09-05 12:55:35.706] [warning] Not found camera!
[2026-09-05 12:55:35.806] [warning] Unable to open usb!
[2026-09-05 12:55:35.807] [warning] Not found camera!
[2026-09-05 12:55:35.907] [warning] Unable to open usb!
[2026-09-05 12:55:35.907] [warning] Not found camera!
[2026-09-05 12:55:36.007] [warning] Unable to open usb!
[2026-09-05 12:55:36.007] [warning] Not found camera!
[2026-09-05 12:55:36.107] [warning] Unable to open usb!
[2026-09-05 12:55:36.107] [warning] Not found camera!
[2026-09-05 12:55:36.207] [warning] Unable to open usb!
[2026-09-05 12:55:36.208] [warning] Not found camera!
[2026-09-05 12:55:36.308] [warning] Unable to open usb!
[2026-09-05 12:55:36.308] [warning] Not found camera!
[2026-09-05 12:55:36.408] [warning] Unable to open usb!
[2026-09-05 12:55:36.408] [warning] Not found camera!
[2026-09-05 12:55:36.508] [warning] Unable to open usb!
[2026-09-05 12:55:36.508] [warning] Not found camera!
[2026-09-05 12:55:36.609] [warning] Unable to open usb!
[2026-09-05 12:55:36.609] [warning] Not found camera!
[2026-09-05 12:55:36.709] [warning] Unable to open usb!
[2026-09-05 12:55:36.709] [warning] Not found camera!
[2026-09-05 12:55:36.809] [warning] Unable to open usb!
[2026-09-05 12:55:36.809] [warning] Not found camera!
[2026-09-05 12:55:36.909] [warning] Unable to open usb!
[2026-09-05 12:55:36.910] [warning] Not found camera!
[2026-09-05 12:55:37.010] [warning] Unable to open usb!
[2026-09-05 12:55:37.010] [warning] Not found camera!
[2026-09-05 12:55:37.110] [warning] Unable to open usb!
[2026-09-05 12:55:37.110] [warning] Not found camera!
[2026-09-05 12:55:37.210] [warning] Unable to open usb!
[2026-09-05 12:55:37.210] [warning] Not found camera!
[2026-09-05 12:55:37.311] [warning] Unable to open usb!
[2026-09-05 12:55:37.311] [warning] Not found camera!
[2026-09-05 12:55:37.414] [warning] Unable to open usb!
[2026-09-05 12:55:37.414] [warning] Not found camera!
[2026-09-05 12:55:37.514] [warning] Unable to open usb!
[2026-09-05 12:55:37.514] [warning] Not found camera!
[2026-09-05 12:55:37.614] [warning] Unable to open usb!
[2026-09-05 12:55:37.614] [warning] Not found camera!
[2026-09-05 12:55:37.714] [warning] Unable to open usb!
[2026-09-05 12:55:37.715] [warning] Not found camera!
[2026-09-05 12:55:37.815] [warning] Unable to open usb!
[2026-09-05 12:55:37.815] [warning] Not found camera!
[2026-09-05 12:55:37.915] [warning] Unable to open usb!
[2026-09-05 12:55:37.915] [warning] Not found camera!
[2026-09-05 12:55:38.015] [warning] Unable to open usb!
[2026-09-05 12:55:38.016] [warning] Not found camera!
[2026-09-05 12:55:38.116] [warning] Unable to open usb!
[2026-09-05 12:55:38.116] [warning] Not found camera!
[2026-09-05 12:55:38.216] [warning] Unable to open usb!
[2026-09-05 12:55:38.216] [warning] Not found camera!
[2026-09-05 12:55:38.316] [warning] Unable to open usb!
[2026-09-05 12:55:38.316] [warning] Not found camera!
[2026-09-05 12:55:38.416] [warning] Unable to open usb!
[2026-09-05 12:55:38.417] [warning] Not found camera!
[2026-09-05 12:55:38.517] [warning] Unable to open usb!
[2026-09-05 12:55:38.517] [warning] Not found camera!
[2026-09-05 12:55:38.617] [warning] Unable to open usb!
[2026-09-05 12:55:38.617] [warning] Not found camera!
[2026-09-05 12:55:38.717] [warning] Unable to open usb!
[2026-09-05 12:55:38.718] [warning] Not found camera!
[2026-09-05 12:55:38.818] [warning] Unable to open usb!
[2026-09-05 12:55:38.818] [warning] Not found camera!
[2026-09-05 12:55:38.918] [warning] Unable to open usb!
[2026-09-05 12:55:38.918] [warning] Not found camera!
[2026-09-05 12:55:39.018] [warning] Unable to open usb!
[2026-09-05 12:55:39.018] [warning] Not found camera!
[2026-09-05 12:55:39.118] [warning] Unable to open usb!
[2026-09-05 12:55:39.119] [warning] Not found camera!
[2026-09-05 12:55:39.219] [warning] Unable to open usb!
[2026-09-05 12:55:39.219] [warning] Not found camera!
[2026-09-05 12:55:39.319] [warning] Unable to open usb!
[2026-09-05 12:55:39.319] [warning] Not found camera!
[2026-09-05 12:55:39.419] [warning] Unable to open usb!
[2026-09-05 12:55:39.419] [warning] Not found camera!
[2026-09-05 12:55:39.519] [warning] Unable to open usb!
[2026-09-05 12:55:39.520] [warning] Not found camera!
[2026-09-05 12:55:39.620] [warning] Unable to open usb!
[2026-09-05 12:55:39.620] [warning] Not found camera!
[2026-09-05 12:55:39.720] [warning] Unable to open usb!
[2026-09-05 12:55:39.720] [warning] Not found camera!
[2026-09-05 12:55:39.820] [warning] Unable to open usb!
[2026-09-05 12:55:39.820] [warning] Not found camera!
[2026-09-05 12:55:39.920] [warning] Unable to open usb!
[2026-09-05 12:55:39.921] [warning] Not found camera!
[2026-09-05 12:55:40.021] [warning] Unable to open usb!
[2026-09-05 12:55:40.021] [warning] Not found camera!
[2026-09-05 12:55:40.121] [warning] Unable to open usb!
[2026-09-05 12:55:40.121] [warning] Not found camera!
[2026-09-05 12:55:40.221] [warning] Unable to open usb!
[2026-09-05 12:55:40.222] [warning] Not found camera!
[2026-09-05 12:55:40.322] [warning] Unable to open usb!
[2026-09-05 12:55:40.322] [warning] Not found camera!
[2026-09-05 12:55:40.422] [warning] Unable to open usb!
[2026-09-05 12:55:40.422] [warning] Not found camera!
[2026-09-05 12:55:40.522] [warning] Unable to open usb!
[2026-09-05 12:55:40.522] [warning] Not found camera!
[2026-09-05 12:55:40.623] [warning] Unable to open usb!
[2026-09-05 12:55:40.623] [warning] Not found camera!
[2026-09-05 12:55:40.723] [warning] Unable to open usb!
[2026-09-05 12:55:40.723] [warning] Not found camera!
[2026-09-05 12:55:40.823] [warning] Unable to open usb!
[2026-09-05 12:55:40.823] [warning] Not found camera!
[2026-09-05 12:55:40.923] [warning] Unable to open usb!
[2026-09-05 12:55:40.924] [warning] Not found camera!
[2026-09-05 12:55:41.024] [warning] Unable to open usb!
[2026-09-05 12:55:41.024] [warning] Not found camera!
[2026-09-05 12:55:41.124] [warning] Unable to open usb!
[2026-09-05 12:55:41.124] [warning] Not found camera!
[2026-09-05 12:55:41.224] [warning] Unable to open usb!
[2026-09-05 12:55:41.224] [warning] Not found camera!
[2026-09-05 12:55:41.325] [warning] Unable to open usb!
[2026-09-05 12:55:41.325] [warning] Not found camera!
[2026-09-05 12:55:41.425] [warning] Unable to open usb!
[2026-09-05 12:55:41.425] [warning] Not found camera!
[2026-09-05 12:55:41.525] [warning] Unable to open usb!
[2026-09-05 12:55:41.525] [warning] Not found camera!
[2026-09-05 12:55:41.625] [warning] Unable to open usb!
[2026-09-05 12:55:41.626] [warning] Not found camera!
[2026-09-05 12:55:41.726] [warning] Unable to open usb!
[2026-09-05 12:55:41.726] [warning] Not found camera!
[2026-09-05 12:55:41.826] [warning] Unable to open usb!
[2026-09-05 12:55:41.826] [warning] Not found camera!
[2026-09-05 12:55:41.926] [warning] Unable to open usb!
[2026-09-05 12:55:41.926] [warning] Not found camera!
[2026-09-05 12:55:42.027] [warning] Unable to open usb!
[2026-09-05 12:55:42.027] [warning] Not found camera!
[2026-09-05 12:55:42.127] [warning] Unable to open usb!
[2026-09-05 12:55:42.127] [warning] Not found camera!
[2026-09-05 12:55:42.227] [warning] Unable to open usb!
[2026-09-05 12:55:42.227] [warning] Not found camera!
[2026-09-05 12:55:42.327] [warning] Unable to open usb!
[2026-09-05 12:55:42.327] [warning] Not found camera!
[2026-09-05 12:55:42.428] [warning] Unable to open usb!
[2026-09-05 12:55:42.428] [warning] Not found camera!
[2026-09-05 12:55:42.528] [warning] Unable to open usb!
[2026-09-05 12:55:42.528] [warning] Not found camera!
[2026-09-05 12:55:42.628] [warning] Unable to open usb!
[2026-09-05 12:55:42.628] [warning] Not found camera!
[2026-09-05 12:55:42.729] [warning] Unable to open usb!
[2026-09-05 12:55:42.729] [warning] Not found camera!
[2026-09-05 12:55:42.829] [warning] Unable to open usb!
[2026-09-05 12:55:42.829] [warning] Not found camera!
[2026-09-05 12:55:42.929] [warning] Unable to open usb!
[2026-09-05 12:55:42.929] [warning] Not found camera!
[2026-09-05 12:55:43.029] [warning] Unable to open usb!
[2026-09-05 12:55:43.030] [warning] Not found camera!
[2026-09-05 12:55:43.130] [warning] Unable to open usb!
[2026-09-05 12:55:43.130] [warning] Not found camera!
[2026-09-05 12:55:43.230] [warning] Unable to open usb!
[2026-09-05 12:55:43.230] [warning] Not found camera!
[2026-09-05 12:55:43.330] [warning] Unable to open usb!
[2026-09-05 12:55:43.330] [warning] Not found camera!
[2026-09-05 12:55:43.430] [warning] Unable to open usb!
[2026-09-05 12:55:43.431] [warning] Not found camera!
[2026-09-05 12:55:43.531] [warning] Unable to open usb!
[2026-09-05 12:55:43.531] [warning] Not found camera!
[2026-09-05 12:55:43.631] [warning] Unable to open usb!
[2026-09-05 12:55:43.631] [warning] Not found camera!
[2026-09-05 12:55:43.731] [warning] Unable to open usb!
[2026-09-05 12:55:43.732] [warning] Not found camera!
[2026-09-05 12:55:43.832] [warning] Unable to open usb!
[2026-09-05 12:55:43.832] [warning] Not found camera!
[2026-09-05 12:55:43.932] [warning] Unable to open usb!
[2026-09-05 12:55:43.932] [warning] Not found camera!
[2026-09-05 12:55:44.032] [warning] Unable to open usb!
[2026-09-05 12:55:44.032] [warning] Not found camera!
[2026-09-05 12:55:44.132] [warning] Unable to open usb!
[2026-09-05 12:55:44.133] [warning] Not found camera!
[2026-09-05 12:55:44.233] [warning] Unable to open usb!
[2026-09-05 12:55:44.233] [warning] Not found camera!
[2026-09-05 12:55:44.333] [warning] Unable to open usb!
[2026-09-05 12:55:44.333] [warning] Not found camera!
[2026-09-05 12:55:44.433] [warning] Unable to open usb!
[2026-09-05 12:55:44.433] [warning] Not found camera!
[2026-09-05 12:55:44.533] [warning] Unable to open usb!
[2026-09-05 12:55:44.534] [warning] Not found camera!
[2026-09-05 12:55:44.634] [warning] Unable to open usb!
[2026-09-05 12:55:44.634] [warning] Not found camera!
[2026-09-05 12:55:44.734] [warning] Unable to open usb!
[2026-09-05 12:55:44.734] [warning] Not found camera!
[2026-09-05 12:55:44.834] [warning] Unable to open usb!
[2026-09-05 12:55:44.834] [warning] Not found camera!
[2026-09-05 12:55:44.934] [warning] Unable to open usb!
[2026-09-05 12:55:44.935] [warning] Not found camera!
[2026-09-05 12:55:45.035] [warning] Unable to open usb!
[2026-09-05 12:55:45.035] [warning] Not found camera!
[2026-09-05 12:55:45.135] [warning] Unable to open usb!
[2026-09-05 12:55:45.135] [warning] Not found camera!
[2026-09-05 12:55:45.235] [warning] Unable to open usb!
[2026-09-05 12:55:45.236] [warning] Not found camera!
[2026-09-05 12:55:45.336] [warning] Unable to open usb!
[2026-09-05 12:55:45.336] [warning] Not found camera!
[2026-09-05 12:55:45.436] [warning] Unable to open usb!
[2026-09-05 12:55:45.436] [warning] Not found camera!
[2026-09-05 12:55:45.536] [warning] Unable to open usb!
[2026-09-05 12:55:45.536] [warning] Not found camera!
[2026-09-05 12:55:45.637] [warning] Unable to open usb!
[2026-09-05 12:55:45.637] [warning] Not found camera!
[2026-09-05 12:55:45.737] [warning] Unable to open usb!
[2026-09-05 12:55:45.737] [warning] Not found camera!
[2026-09-05 12:55:45.837] [warning] Unable to open usb!
[2026-09-05 12:55:45.837] [warning] Not found camera!
[2026-09-05 12:55:45.937] [warning] Unable to open usb!
[2026-09-05 12:55:45.938] [warning] Not found camera!
[2026-09-05 12:55:46.038] [warning] Unable to open usb!
[2026-09-05 12:55:46.038] [warning] Not found camera!
[2026-09-05 12:55:46.138] [warning] Unable to open usb!
[2026-09-05 12:55:46.138] [warning] Not found camera!
[2026-09-05 12:55:46.238] [warning] Unable to open usb!
[2026-09-05 12:55:46.238] [warning] Not found camera!
[2026-09-05 12:55:46.339] [warning] Unable to open usb!
[2026-09-05 12:55:46.339] [warning] Not found camera!
[2026-09-05 12:55:46.439] [warning] Unable to open usb!
[2026-09-05 12:55:46.439] [warning] Not found camera!
[2026-09-05 12:55:46.539] [warning] Unable to open usb!
[2026-09-05 12:55:46.539] [warning] Not found camera!
[2026-09-05 12:55:46.639] [warning] Unable to open usb!
[2026-09-05 12:55:46.640] [warning] Not found camera!
[2026-09-05 12:55:46.740] [warning] Unable to open usb!
[2026-09-05 12:55:46.740] [warning] Not found camera!
[2026-09-05 12:55:46.840] [warning] Unable to open usb!
[2026-09-05 12:55:46.840] [warning] Not found camera!
[2026-09-05 12:55:46.940] [warning] Unable to open usb!
[2026-09-05 12:55:46.940] [warning] Not found camera!
[2026-09-05 12:55:47.040] [warning] Unable to open usb!
[2026-09-05 12:55:47.041] [warning] Not found camera!
[2026-09-05 12:55:47.141] [warning] Unable to open usb!
[2026-09-05 12:55:47.141] [warning] Not found camera!
[2026-09-05 12:55:47.241] [warning] Unable to open usb!
[2026-09-05 12:55:47.241] [warning] Not found camera!
[2026-09-05 12:55:47.341] [warning] Unable to open usb!
[2026-09-05 12:55:47.341] [warning] Not found camera!
[2026-09-05 12:55:47.441] [warning] Unable to open usb!
[2026-09-05 12:55:47.442] [warning] Not found camera!
[2026-09-05 12:55:47.542] [warning] Unable to open usb!
[2026-09-05 12:55:47.542] [warning] Not found camera!
[2026-09-05 12:55:47.642] [warning] Unable to open usb!
[2026-09-05 12:55:47.642] [warning] Not found camera!
[2026-09-05 12:55:47.742] [warning] Unable to open usb!
[2026-09-05 12:55:47.742] [warning] Not found camera!
[2026-09-05 12:55:47.842] [warning] Unable to open usb!
[2026-09-05 12:55:47.843] [warning] Not found camera!
[2026-09-05 12:55:47.943] [warning] Unable to open usb!
[2026-09-05 12:55:47.943] [warning] Not found camera!
[2026-09-05 12:55:48.043] [warning] Unable to open usb!
[2026-09-05 12:55:48.043] [warning] Not found camera!
[2026-09-05 12:55:48.143] [warning] Unable to open usb!
[2026-09-05 12:55:48.143] [warning] Not found camera!
[2026-09-05 12:55:48.243] [warning] Unable to open usb!
[2026-09-05 12:55:48.244] [warning] Not found camera!
[2026-09-05 12:55:48.344] [warning] Unable to open usb!
[2026-09-05 12:55:48.344] [warning] Not found camera!
[2026-09-05 12:55:48.444] [warning] Unable to open usb!
[2026-09-05 12:55:48.444] [warning] Not found camera!
[2026-09-05 12:55:48.544] [warning] Unable to open usb!
[2026-09-05 12:55:48.544] [warning] Not found camera!
[2026-09-05 12:55:48.644] [warning] Unable to open usb!
[2026-09-05 12:55:48.645] [warning] Not found camera!
[2026-09-05 12:55:48.745] [warning] Unable to open usb!
[2026-09-05 12:55:48.745] [warning] Not found camera!
[2026-09-05 12:55:48.845] [warning] Unable to open usb!
[2026-09-05 12:55:48.845] [warning] Not found camera!
[2026-09-05 12:55:48.945] [warning] Unable to open usb!
[2026-09-05 12:55:48.946] [warning] Not found camera!
[2026-09-05 12:55:49.046] [warning] Unable to open usb!
[2026-09-05 12:55:49.046] [warning] Not found camera!
[2026-09-05 12:55:49.146] [warning] Unable to open usb!
[2026-09-05 12:55:49.146] [warning] Not found camera!
[2026-09-05 12:55:49.246] [warning] Unable to open usb!
[2026-09-05 12:55:49.246] [warning] Not found camera!
[2026-09-05 12:55:49.347] [warning] Unable to open usb!
[2026-09-05 12:55:49.347] [warning] Not found camera!
[2026-09-05 12:55:49.447] [warning] Unable to open usb!
[2026-09-05 12:55:49.447] [warning] Not found camera!
[2026-09-05 12:55:49.547] [warning] Unable to open usb!
[2026-09-05 12:55:49.547] [warning] Not found camera!
[2026-09-05 12:55:49.647] [warning] Unable to open usb!
[2026-09-05 12:55:49.648] [warning] Not found camera!
[2026-09-05 12:55:49.748] [warning] Unable to open usb!
[2026-09-05 12:55:49.748] [warning] Not found camera!
[2026-09-05 12:55:49.848] [warning] Unable to open usb!
[2026-09-05 12:55:49.848] [warning] Not found camera!
[2026-09-05 12:55:49.948] [warning] Unable to open usb!
[2026-09-05 12:55:49.948] [warning] Not found camera!
[2026-09-05 12:55:50.048] [warning] Unable to open usb!
[2026-09-05 12:55:50.049] [warning] Not found camera!
[2026-09-05 12:55:50.149] [warning] Unable to open usb!
[2026-09-05 12:55:50.149] [warning] Not found camera!
[2026-09-05 12:55:50.249] [warning] Unable to open usb!
[2026-09-05 12:55:50.249] [warning] Not found camera!
[2026-09-05 12:55:50.349] [warning] Unable to open usb!
[2026-09-05 12:55:50.349] [warning] Not found camera!
[2026-09-05 12:55:50.449] [warning] Unable to open usb!
[2026-09-05 12:55:50.450] [warning] Not found camera!
[2026-09-05 12:55:50.550] [warning] Unable to open usb!
[2026-09-05 12:55:50.550] [warning] Not found camera!
[2026-09-05 12:55:50.650] [warning] Unable to open usb!
[2026-09-05 12:55:50.650] [warning] Not found camera!
[2026-09-05 12:55:50.750] [warning] Unable to open usb!
[2026-09-05 12:55:50.750] [warning] Not found camera!
[2026-09-05 12:55:50.851] [warning] Unable to open usb!
[2026-09-05 12:55:50.851] [warning] Not found camera!
[2026-09-05 12:55:50.951] [warning] Unable to open usb!
[2026-09-05 12:55:50.951] [warning] Not found camera!
[2026-09-05 12:55:51.051] [warning] Unable to open usb!
[2026-09-05 12:55:51.051] [warning] Not found camera!
[2026-09-05 12:55:51.151] [warning] Unable to open usb!
[2026-09-05 12:55:51.152] [warning] Not found camera!
[2026-09-05 12:55:51.252] [warning] Unable to open usb!
[2026-09-05 12:55:51.252] [warning] Not found camera!
[2026-09-05 12:55:51.352] [warning] Unable to open usb!
[2026-09-05 12:55:51.352] [warning] Not found camera!
[2026-09-05 12:55:51.452] [warning] Unable to open usb!
[2026-09-05 12:55:51.452] [warning] Not found camera!
[2026-09-05 12:55:51.555] [warning] Unable to open usb!
[2026-09-05 12:55:51.555] [warning] Not found camera!
[2026-09-05 12:55:51.655] [warning] Unable to open usb!
[2026-09-05 12:55:51.656] [warning] Not found camera!
[2026-09-05 12:55:51.756] [warning] Unable to open usb!
[2026-09-05 12:55:51.756] [warning] Not found camera!
[2026-09-05 12:55:51.856] [warning] Unable to open usb!
[2026-09-05 12:55:51.856] [warning] Not found camera!
[2026-09-05 12:55:51.956] [warning] Unable to open usb!
[2026-09-05 12:55:51.956] [warning] Not found camera!
[2026-09-05 12:55:52.057] [warning] Unable to open usb!
[2026-09-05 12:55:52.057] [warning] Not found camera!
[2026-09-05 12:55:52.157] [warning] Unable to open usb!
[2026-09-05 12:55:52.157] [warning] Not found camera!
[2026-09-05 12:55:52.257] [warning] Unable to open usb!
[2026-09-05 12:55:52.257] [warning] Not found camera!
[2026-09-05 12:55:52.357] [warning] Unable to open usb!
[2026-09-05 12:55:52.358] [warning] Not found camera!
[2026-09-05 12:55:52.458] [warning] Unable to open usb!
[2026-09-05 12:55:52.458] [warning] Not found camera!
[2026-09-05 12:55:52.558] [warning] Unable to open usb!
[2026-09-05 12:55:52.558] [warning] Not found camera!
[2026-09-05 12:55:52.658] [warning] Unable to open usb!
[2026-09-05 12:55:52.658] [warning] Not found camera!
[2026-09-05 12:55:52.758] [warning] Unable to open usb!
[2026-09-05 12:55:52.759] [warning] Not found camera!
[2026-09-05 12:55:52.859] [warning] Unable to open usb!
[2026-09-05 12:55:52.859] [warning] Not found camera!
[2026-09-05 12:55:52.959] [warning] Unable to open usb!
[2026-09-05 12:55:52.959] [warning] Not found camera!
[2026-09-05 12:55:53.059] [warning] Unable to open usb!
[2026-09-05 12:55:53.059] [warning] Not found camera!
[2026-09-05 12:55:53.159] [warning] Unable to open usb!
[2026-09-05 12:55:53.159] [warning] Not found camera!
[2026-09-05 12:55:53.260] [warning] Unable to open usb!
[2026-09-05 12:55:53.260] [warning] Not found camera!
[2026-09-05 12:55:53.360] [warning] Unable to open usb!
[2026-09-05 12:55:53.360] [warning] Not found camera!
[2026-09-05 12:55:53.460] [warning] Unable to open usb!
[2026-09-05 12:55:53.460] [warning] Not found camera!
[2026-09-05 12:55:53.560] [warning] Unable to open usb!
[2026-09-05 12:55:53.561] [warning] Not found camera!
[2026-09-05 12:55:53.661] [warning] Unable to open usb!
[2026-09-05 12:55:53.661] [warning] Not found camera!
[2026-09-05 12:55:53.761] [warning] Unable to open usb!
[2026-09-05 12:55:53.761] [warning] Not found camera!
[2026-09-05 12:55:53.861] [warning] Unable to open usb!
[2026-09-05 12:55:53.861] [warning] Not found camera!
[2026-09-05 12:55:53.961] [warning] Unable to open usb!
[2026-09-05 12:55:53.962] [warning] Not found camera!
[2026-09-05 12:55:54.062] [warning] Unable to open usb!
[2026-09-05 12:55:54.062] [warning] Not found camera!
[2026-09-05 12:55:54.162] [warning] Unable to open usb!
[2026-09-05 12:55:54.162] [warning] Not found camera!
[2026-09-05 12:55:54.262] [warning] Unable to open usb!
[2026-09-05 12:55:54.263] [warning] Not found camera!
[2026-09-05 12:55:54.363] [warning] Unable to open usb!
[2026-09-05 12:55:54.363] [warning] Not found camera!
[2026-09-05 12:55:54.463] [warning] Unable to open usb!
[2026-09-05 12:55:54.463] [warning] Not found camera!
[2026-09-05 12:55:54.563] [warning] Unable to open usb!
[2026-09-05 12:55:54.563] [warning] Not found camera!
[2026-09-05 12:55:54.664] [warning] Unable to open usb!
[2026-09-05 12:55:54.664] [warning] Not found camera!
[2026-09-05 12:55:54.764] [warning] Unable to open usb!
[2026-09-05 12:55:54.764] [warning] Not found camera!
[2026-09-05 12:55:54.864] [warning] Unable to open usb!
[2026-09-05 12:55:54.864] [warning] Not found camera!
[2026-09-05 12:55:54.964] [warning] Unable to open usb!
[2026-09-05 12:55:54.965] [warning] Not found camera!
[2026-09-05 12:55:55.065] [warning] Unable to open usb!
[2026-09-05 12:55:55.065] [warning] Not found camera!
[2026-09-05 12:55:55.165] [warning] Unable to open usb!
[2026-09-05 12:55:55.165] [warning] Not found camera!
[2026-09-05 12:55:55.265] [warning] Unable to open usb!
[2026-09-05 12:55:55.265] [warning] Not found camera!
[2026-09-05 12:55:55.365] [warning] Unable to open usb!
[2026-09-05 12:55:55.366] [warning] Not found camera!
[2026-09-05 12:55:55.466] [warning] Unable to open usb!
[2026-09-05 12:55:55.466] [warning] Not found camera!
[2026-09-05 12:55:55.566] [warning] Unable to open usb!
[2026-09-05 12:55:55.566] [warning] Not found camera!
[2026-09-05 12:55:55.666] [warning] Unable to open usb!
[2026-09-05 12:55:55.667] [warning] Not found camera!
[2026-09-05 12:55:55.767] [warning] Unable to open usb!
[2026-09-05 12:55:55.767] [warning] Not found camera!
[2026-09-05 12:55:55.867] [warning] Unable to open usb!
[2026-09-05 12:55:55.867] [warning] Not found camera!
[2026-09-05 12:55:55.967] [warning] Unable to open usb!
[2026-09-05 12:55:55.967] [warning] Not found camera!
[2026-09-05 12:55:56.067] [warning] Unable to open usb!
[2026-09-05 12:55:56.068] [warning] Not found camera!
[2026-09-05 12:55:56.168] [warning] Unable to open usb!
[2026-09-05 12:55:56.168] [warning] Not found camera!
[2026-09-05 12:55:56.268] [warning] Unable to open usb!
[2026-09-05 12:55:56.268] [warning] Not found camera!
[2026-09-05 12:55:56.368] [warning] Unable to open usb!
[2026-09-05 12:55:56.368] [warning] Not found camera!
[2026-09-05 12:55:56.468] [warning] Unable to open usb!
[2026-09-05 12:55:56.469] [warning] Not found camera!
[2026-09-05 12:55:56.569] [warning] Unable to open usb!
[2026-09-05 12:55:56.569] [warning] Not found camera!
[2026-09-05 12:55:56.669] [warning] Unable to open usb!
[2026-09-05 12:55:56.669] [warning] Not found camera!
[2026-09-05 12:55:56.769] [warning] Unable to open usb!
[2026-09-05 12:55:56.769] [warning] Not found camera!
[2026-09-05 12:55:56.869] [warning] Unable to open usb!
[2026-09-05 12:55:56.870] [warning] Not found camera!
[2026-09-05 12:55:56.970] [warning] Unable to open usb!
[2026-09-05 12:55:56.970] [warning] Not found camera!
[2026-09-05 12:55:57.070] [warning] Unable to open usb!
[2026-09-05 12:55:57.070] [warning] Not found camera!
[2026-09-05 12:55:57.170] [warning] Unable to open usb!
[2026-09-05 12:55:57.170] [warning] Not found camera!
[2026-09-05 12:55:57.270] [warning] Unable to open usb!
[2026-09-05 12:55:57.271] [warning] Not found camera!
[2026-09-05 12:55:57.371] [warning] Unable to open usb!
[2026-09-05 12:55:57.371] [warning] Not found camera!
[2026-09-05 12:55:57.471] [warning] Unable to open usb!
[2026-09-05 12:55:57.471] [warning] Not found camera!
[2026-09-05 12:55:57.571] [warning] Unable to open usb!
[2026-09-05 12:55:57.571] [warning] Not found camera!
[2026-09-05 12:55:57.671] [warning] Unable to open usb!
[2026-09-05 12:55:57.672] [warning] Not found camera!
[2026-09-05 12:55:57.772] [warning] Unable to open usb!
[2026-09-05 12:55:57.772] [warning] Not found camera!
[2026-09-05 12:55:57.872] [warning] Unable to open usb!
[2026-09-05 12:55:57.872] [warning] Not found camera!
[2026-09-05 12:55:57.972] [warning] Unable to open usb!
[2026-09-05 12:55:57.972] [warning] Not found camera!
[2026-09-05 12:55:58.072] [warning] Unable to open usb!
[2026-09-05 12:55:58.073] [warning] Not found camera!
[2026-09-05 12:55:58.173] [warning] Unable to open usb!
[2026-09-05 12:55:58.173] [warning] Not found camera!
[2026-09-05 12:55:58.273] [warning] Unable to open usb!
[2026-09-05 12:55:58.273] [warning] Not found camera!
[2026-09-05 12:55:58.373] [warning] Unable to open usb!
[2026-09-05 12:55:58.373] [warning] Not found camera!
[2026-09-05 12:55:58.473] [warning] Unable to open usb!
[2026-09-05 12:55:58.473] [warning] Not found camera!
[2026-09-05 12:55:58.573] [warning] Unable to open usb!
[2026-09-05 12:55:58.574] [warning] Not found camera!
[2026-09-05 12:55:58.674] [warning] Unable to open usb!
[2026-09-05 12:55:58.674] [warning] Not found camera!
[2026-09-05 12:55:58.774] [warning] Unable to open usb!
[2026-09-05 12:55:58.774] [warning] Not found camera!
[2026-09-05 12:55:58.874] [warning] Unable to open usb!
[2026-09-05 12:55:58.874] [warning] Not found camera!
[2026-09-05 12:55:58.974] [warning] Unable to open usb!
[2026-09-05 12:55:58.974] [warning] Not found camera!
[2026-09-05 12:55:59.074] [warning] Unable to open usb!
[2026-09-05 12:55:59.074] [warning] Not found camera!
[2026-09-05 12:55:59.175] [warning] Unable to open usb!
[2026-09-05 12:55:59.175] [warning] Not found camera!
[2026-09-05 12:55:59.275] [warning] Unable to open usb!
[2026-09-05 12:55:59.275] [warning] Not found camera!
[2026-09-05 12:55:59.375] [warning] Unable to open usb!
[2026-09-05 12:55:59.375] [warning] Not found camera!
[2026-09-05 12:55:59.475] [warning] Unable to open usb!
[2026-09-05 12:55:59.475] [warning] Not found camera!
[2026-09-05 12:55:59.575] [warning] Unable to open usb!
[2026-09-05 12:55:59.575] [warning] Not found camera!
[2026-09-05 12:55:59.675] [warning] Unable to open usb!
[2026-09-05 12:55:59.676] [warning] Not found camera!
[2026-09-05 12:55:59.776] [warning] Unable to open usb!
[2026-09-05 12:55:59.776] [warning] Not found camera!
[2026-09-05 12:55:59.876] [warning] Unable to open usb!
[2026-09-05 12:55:59.876] [warning] Not found camera!
[2026-09-05 12:55:59.976] [warning] Unable to open usb!
[2026-09-05 12:55:59.976] [warning] Not found camera!
[2026-09-05 12:56:00.076] [warning] Unable to open usb!
[2026-09-05 12:56:00.076] [warning] Not found camera!
[2026-09-05 12:56:00.177] [warning] Unable to open usb!
[2026-09-05 12:56:00.177] [warning] Not found camera!
[2026-09-05 12:56:00.277] [warning] Unable to open usb!
[2026-09-05 12:56:00.277] [warning] Not found camera!
[2026-09-05 12:56:00.377] [warning] Unable to open usb!
[2026-09-05 12:56:00.377] [warning] Not found camera!
[2026-09-05 12:56:00.477] [warning] Unable to open usb!
[2026-09-05 12:56:00.478] [warning] Not found camera!
[2026-09-05 12:56:00.578] [warning] Unable to open usb!
[2026-09-05 12:56:00.578] [warning] Not found camera!
[2026-09-05 12:56:00.678] [warning] Unable to open usb!
[2026-09-05 12:56:00.678] [warning] Not found camera!
[2026-09-05 12:56:00.778] [warning] Unable to open usb!
[2026-09-05 12:56:00.778] [warning] Not found camera!
[2026-09-05 12:56:00.878] [warning] Unable to open usb!
[2026-09-05 12:56:00.879] [warning] Not found camera!
[2026-09-05 12:56:00.979] [warning] Unable to open usb!
[2026-09-05 12:56:00.979] [warning] Not found camera!
[2026-09-05 12:56:01.079] [warning] Unable to open usb!
[2026-09-05 12:56:01.079] [warning] Not found camera!
[2026-09-05 12:56:01.179] [warning] Unable to open usb!
[2026-09-05 12:56:01.180] [warning] Not found camera!
[2026-09-05 12:56:01.280] [warning] Unable to open usb!
[2026-09-05 12:56:01.280] [warning] Not found camera!
[2026-09-05 12:56:01.380] [warning] Unable to open usb!
[2026-09-05 12:56:01.380] [warning] Not found camera!
[2026-09-05 12:56:01.480] [warning] Unable to open usb!
[2026-09-05 12:56:01.480] [warning] Not found camera!
[2026-09-05 12:56:01.581] [warning] Unable to open usb!
[2026-09-05 12:56:01.581] [warning] Not found camera!
[2026-09-05 12:56:01.684] [warning] Unable to open usb!
[2026-09-05 12:56:01.684] [warning] Not found camera!
[2026-09-05 12:56:01.784] [warning] Unable to open usb!
[2026-09-05 12:56:01.784] [warning] Not found camera!
[2026-09-05 12:56:01.884] [warning] Unable to open usb!
[2026-09-05 12:56:01.884] [warning] Not found camera!
[2026-09-05 12:56:01.984] [warning] Unable to open usb!
[2026-09-05 12:56:01.985] [warning] Not found camera!
[2026-09-05 12:56:02.085] [warning] Unable to open usb!
[2026-09-05 12:56:02.085] [warning] Not found camera!
[2026-09-05 12:56:02.185] [warning] Unable to open usb!
[2026-09-05 12:56:02.185] [warning] Not found camera!
[2026-09-05 12:56:02.285] [warning] Unable to open usb!
[2026-09-05 12:56:02.285] [warning] Not found camera!
[2026-09-05 12:56:02.386] [warning] Unable to open usb!
[2026-09-05 12:56:02.386] [warning] Not found camera!
[2026-09-05 12:56:02.486] [warning] Unable to open usb!
[2026-09-05 12:56:02.486] [warning] Not found camera!
[2026-09-05 12:56:02.586] [warning] Unable to open usb!
[2026-09-05 12:56:02.586] [warning] Not found camera!
[2026-09-05 12:56:02.686] [warning] Unable to open usb!
[2026-09-05 12:56:02.687] [warning] Not found camera!
[2026-09-05 12:56:02.787] [warning] Unable to open usb!
[2026-09-05 12:56:02.787] [warning] Not found camera!
[2026-09-05 12:56:02.887] [warning] Unable to open usb!
[2026-09-05 12:56:02.887] [warning] Not found camera!
[2026-09-05 12:56:02.987] [warning] Unable to open usb!
[2026-09-05 12:56:02.987] [warning] Not found camera!
[2026-09-05 12:56:03.087] [warning] Unable to open usb!
[2026-09-05 12:56:03.088] [warning] Not found camera!
[2026-09-05 12:56:03.188] [warning] Unable to open usb!
[2026-09-05 12:56:03.188] [warning] Not found camera!
[2026-09-05 12:56:03.288] [warning] Unable to open usb!
[2026-09-05 12:56:03.288] [warning] Not found camera!
[2026-09-05 12:56:03.388] [warning] Unable to open usb!
[2026-09-05 12:56:03.388] [warning] Not found camera!
[2026-09-05 12:56:03.489] [warning] Unable to open usb!
[2026-09-05 12:56:03.489] [warning] Not found camera!
[2026-09-05 12:56:03.589] [warning] Unable to open usb!
[2026-09-05 12:56:03.589] [warning] Not found camera!
[2026-09-05 12:56:03.689] [warning] Unable to open usb!
[2026-09-05 12:56:03.689] [warning] Not found camera!
[2026-09-05 12:56:03.789] [warning] Unable to open usb!
[2026-09-05 12:56:03.790] [warning] Not found camera!
[2026-09-05 12:56:03.890] [warning] Unable to open usb!
[2026-09-05 12:56:03.890] [warning] Not found camera!
[2026-09-05 12:56:03.990] [warning] Unable to open usb!
[2026-09-05 12:56:03.990] [warning] Not found camera!
[2026-09-05 12:56:04.090] [warning] Unable to open usb!
[2026-09-05 12:56:04.090] [warning] Not found camera!
[2026-09-05 12:56:04.190] [warning] Unable to open usb!
[2026-09-05 12:56:04.191] [warning] Not found camera!
[2026-09-05 12:56:04.291] [warning] Unable to open usb!
[2026-09-05 12:56:04.291] [warning] Not found camera!
[2026-09-05 12:56:04.391] [warning] Unable to open usb!
[2026-09-05 12:56:04.391] [warning] Not found camera!
[2026-09-05 12:56:04.491] [warning] Unable to open usb!
[2026-09-05 12:56:04.491] [warning] Not found camera!
[2026-09-05 12:56:04.591] [warning] Unable to open usb!
[2026-09-05 12:56:04.592] [warning] Not found camera!
[2026-09-05 12:56:04.692] [warning] Unable to open usb!
[2026-09-05 12:56:04.692] [warning] Not found camera!
[2026-09-05 12:56:04.792] [warning] Unable to open usb!
[2026-09-05 12:56:04.792] [warning] Not found camera!
[2026-09-05 12:56:04.892] [warning] Unable to open usb!
[2026-09-05 12:56:04.892] [warning] Not found camera!
[2026-09-05 12:56:04.992] [warning] Unable to open usb!
[2026-09-05 12:56:04.993] [warning] Not found camera!
[2026-09-05 12:56:05.093] [warning] Unable to open usb!
[2026-09-05 12:56:05.093] [warning] Not found camera!
[2026-09-05 12:56:05.193] [warning] Unable to open usb!
[2026-09-05 12:56:05.193] [warning] Not found camera!
[2026-09-05 12:56:05.293] [warning] Unable to open usb!
[2026-09-05 12:56:05.293] [warning] Not found camera!
[2026-09-05 12:56:05.393] [warning] Unable to open usb!
[2026-09-05 12:56:05.394] [warning] Not found camera!
[2026-09-05 12:56:05.494] [warning] Unable to open usb!
[2026-09-05 12:56:05.494] [warning] Not found camera!
[2026-09-05 12:56:05.594] [warning] Unable to open usb!
[2026-09-05 12:56:05.594] [warning] Not found camera!
[2026-09-05 12:56:05.694] [warning] Unable to open usb!
[2026-09-05 12:56:05.695] [warning] Not found camera!
[2026-09-05 12:56:05.795] [warning] Unable to open usb!
[2026-09-05 12:56:05.795] [warning] Not found camera!
[2026-09-05 12:56:05.895] [warning] Unable to open usb!
[2026-09-05 12:56:05.895] [warning] Not found camera!
[2026-09-05 12:56:05.995] [warning] Unable to open usb!
[2026-09-05 12:56:05.995] [warning] Not found camera!
[2026-09-05 12:56:06.095] [warning] Unable to open usb!
[2026-09-05 12:56:06.096] [warning] Not found camera!
[2026-09-05 12:56:06.196] [warning] Unable to open usb!
[2026-09-05 12:56:06.196] [warning] Not found camera!
[2026-09-05 12:56:06.296] [warning] Unable to open usb!
[2026-09-05 12:56:06.296] [warning] Not found camera!
[2026-09-05 12:56:06.396] [warning] Unable to open usb!
[2026-09-05 12:56:06.396] [warning] Not found camera!
[2026-09-05 12:56:06.497] [warning] Unable to open usb!
[2026-09-05 12:56:06.497] [warning] Not found camera!
[2026-09-05 12:56:06.597] [warning] Unable to open usb!
[2026-09-05 12:56:06.597] [warning] Not found camera!
[2026-09-05 12:56:06.700] [warning] Unable to open usb!
[2026-09-05 12:56:06.700] [warning] Not found camera!
[2026-09-05 12:56:06.800] [warning] Unable to open usb!
[2026-09-05 12:56:06.800] [warning] Not found camera!
[2026-09-05 12:56:06.900] [warning] Unable to open usb!
[2026-09-05 12:56:06.901] [warning] Not found camera!
[2026-09-05 12:56:07.001] [warning] Unable to open usb!
[2026-09-05 12:56:07.001] [warning] Not found camera!
[2026-09-05 12:56:07.101] [warning] Unable to open usb!
[2026-09-05 12:56:07.101] [warning] Not found camera!
[2026-09-05 12:56:07.201] [warning] Unable to open usb!
[2026-09-05 12:56:07.201] [warning] Not found camera!
[2026-09-05 12:56:07.301] [warning] Unable to open usb!
[2026-09-05 12:56:07.301] [warning] Not found camera!
[2026-09-05 12:56:07.402] [warning] Unable to open usb!
[2026-09-05 12:56:07.402] [warning] Not found camera!
[2026-09-05 12:56:07.502] [warning] Unable to open usb!
[2026-09-05 12:56:07.502] [warning] Not found camera!
[2026-09-05 12:56:07.602] [warning] Unable to open usb!
[2026-09-05 12:56:07.602] [warning] Not found camera!
[2026-09-05 12:56:07.702] [warning] Unable to open usb!
[2026-09-05 12:56:07.702] [warning] Not found camera!
[2026-09-05 12:56:07.803] [warning] Unable to open usb!
[2026-09-05 12:56:07.803] [warning] Not found camera!
[2026-09-05 12:56:07.903] [warning] Unable to open usb!
[2026-09-05 12:56:07.903] [warning] Not found camera!
[2026-09-05 12:56:08.003] [warning] Unable to open usb!
[2026-09-05 12:56:08.003] [warning] Not found camera!
[2026-09-05 12:56:08.103] [warning] Unable to open usb!
[2026-09-05 12:56:08.103] [warning] Not found camera!
[2026-09-05 12:56:08.203] [warning] Unable to open usb!
[2026-09-05 12:56:08.204] [warning] Not found camera!
[2026-09-05 12:56:08.304] [warning] Unable to open usb!
[2026-09-05 12:56:08.304] [warning] Not found camera!
[2026-09-05 12:56:08.404] [warning] Unable to open usb!
[2026-09-05 12:56:08.404] [warning] Not found camera!
[2026-09-05 12:56:08.504] [warning] Unable to open usb!
[2026-09-05 12:56:08.504] [warning] Not found camera!
[2026-09-05 12:56:08.604] [warning] Unable to open usb!
[2026-09-05 12:56:08.605] [warning] Not found camera!
[2026-09-05 12:56:08.705] [warning] Unable to open usb!
[2026-09-05 12:56:08.705] [warning] Not found camera!
[2026-09-05 12:56:08.805] [warning] Unable to open usb!
[2026-09-05 12:56:08.805] [warning] Not found camera!
[2026-09-05 12:56:08.905] [warning] Unable to open usb!
[2026-09-05 12:56:08.905] [warning] Not found camera!
[2026-09-05 12:56:09.005] [warning] Unable to open usb!
[2026-09-05 12:56:09.006] [warning] Not found camera!
[2026-09-05 12:56:09.106] [warning] Unable to open usb!
[2026-09-05 12:56:09.106] [warning] Not found camera!
[2026-09-05 12:56:09.206] [warning] Unable to open usb!
[2026-09-05 12:56:09.206] [warning] Not found camera!
[2026-09-05 12:56:09.306] [warning] Unable to open usb!
[2026-09-05 12:56:09.306] [warning] Not found camera!
[2026-09-05 12:56:09.407] [warning] Unable to open usb!
[2026-09-05 12:56:09.407] [warning] Not found camera!
[2026-09-05 12:56:09.507] [warning] Unable to open usb!
[2026-09-05 12:56:09.507] [warning] Not found camera!
[2026-09-05 12:56:09.607] [warning] Unable to open usb!
[2026-09-05 12:56:09.607] [warning] Not found camera!
[2026-09-05 12:56:09.707] [warning] Unable to open usb!
[2026-09-05 12:56:09.707] [warning] Not found camera!
[2026-09-05 12:56:09.808] [warning] Unable to open usb!
[2026-09-05 12:56:09.808] [warning] Not found camera!
[2026-09-05 12:56:09.908] [warning] Unable to open usb!
[2026-09-05 12:56:09.908] [warning] Not found camera!
[2026-09-05 12:56:10.008] [warning] Unable to open usb!
[2026-09-05 12:56:10.008] [warning] Not found camera!
[2026-09-05 12:56:10.108] [warning] Unable to open usb!
[2026-09-05 12:56:10.108] [warning] Not found camera!
[2026-09-05 12:56:10.208] [warning] Unable to open usb!
[2026-09-05 12:56:10.209] [warning] Not found camera!
[2026-09-05 12:56:10.309] [warning] Unable to open usb!
[2026-09-05 12:56:10.309] [warning] Not found camera!
[2026-09-05 12:56:10.409] [warning] Unable to open usb!
[2026-09-05 12:56:10.409] [warning] Not found camera!
[2026-09-05 12:56:10.509] [warning] Unable to open usb!
[2026-09-05 12:56:10.509] [warning] Not found camera!
[2026-09-05 12:56:10.609] [warning] Unable to open usb!
[2026-09-05 12:56:10.610] [warning] Not found camera!
[2026-09-05 12:56:10.710] [warning] Unable to open usb!
[2026-09-05 12:56:10.710] [warning] Not found camera!
[2026-09-05 12:56:10.810] [warning] Unable to open usb!
[2026-09-05 12:56:10.810] [warning] Not found camera!
[2026-09-05 12:56:10.910] [warning] Unable to open usb!
[2026-09-05 12:56:10.910] [warning] Not found camera!
[2026-09-05 12:56:11.011] [warning] Unable to open usb!
[2026-09-05 12:56:11.011] [warning] Not found camera!
[2026-09-05 12:56:11.111] [warning] Unable to open usb!
[2026-09-05 12:56:11.111] [warning] Not found camera!
[2026-09-05 12:56:11.211] [warning] Unable to open usb!
[2026-09-05 12:56:11.211] [warning] Not found camera!
[2026-09-05 12:56:11.311] [warning] Unable to open usb!
[2026-09-05 12:56:11.311] [warning] Not found camera!
[2026-09-05 12:56:11.412] [warning] Unable to open usb!
[2026-09-05 12:56:11.412] [warning] Not found camera!
[2026-09-05 12:56:11.512] [warning] Unable to open usb!
[2026-09-05 12:56:11.512] [warning] Not found camera!
[2026-09-05 12:56:11.612] [warning] Unable to open usb!
[2026-09-05 12:56:11.612] [warning] Not found camera!
[2026-09-05 12:56:11.712] [warning] Unable to open usb!
[2026-09-05 12:56:11.713] [warning] Not found camera!
[2026-09-05 12:56:11.813] [warning] Unable to open usb!
[2026-09-05 12:56:11.813] [warning] Not found camera!
[2026-09-05 12:56:11.913] [warning] Unable to open usb!
[2026-09-05 12:56:11.913] [warning] Not found camera!
[2026-09-05 12:56:12.013] [warning] Unable to open usb!
[2026-09-05 12:56:12.014] [warning] Not found camera!
[2026-09-05 12:56:12.114] [warning] Unable to open usb!
[2026-09-05 12:56:12.114] [warning] Not found camera!
[2026-09-05 12:56:12.214] [warning] Unable to open usb!
[2026-09-05 12:56:12.214] [warning] Not found camera!
[2026-09-05 12:56:12.314] [warning] Unable to open usb!
[2026-09-05 12:56:12.314] [warning] Not found camera!
[2026-09-05 12:56:12.414] [warning] Unable to open usb!
[2026-09-05 12:56:12.415] [warning] Not found camera!
[2026-09-05 12:56:12.515] [warning] Unable to open usb!
[2026-09-05 12:56:12.515] [warning] Not found camera!
[2026-09-05 12:56:12.615] [warning] Unable to open usb!
[2026-09-05 12:56:12.615] [warning] Not found camera!
[2026-09-05 12:56:12.715] [warning] Unable to open usb!
[2026-09-05 12:56:12.715] [warning] Not found camera!
[2026-09-05 12:56:12.815] [warning] Unable to open usb!
[2026-09-05 12:56:12.816] [warning] Not found camera!
[2026-09-05 12:56:12.916] [warning] Unable to open usb!
[2026-09-05 12:56:12.916] [warning] Not found camera!
[2026-09-05 12:56:13.016] [warning] Unable to open usb!
[2026-09-05 12:56:13.016] [warning] Not found camera!
[2026-09-05 12:56:13.116] [warning] Unable to open usb!
[2026-09-05 12:56:13.116] [warning] Not found camera!
[2026-09-05 12:56:13.216] [warning] Unable to open usb!
[2026-09-05 12:56:13.217] [warning] Not found camera!
[2026-09-05 12:56:13.317] [warning] Unable to open usb!
[2026-09-05 12:56:13.317] [warning] Not found camera!
[2026-09-05 12:56:13.417] [warning] Unable to open usb!
[2026-09-05 12:56:13.417] [warning] Not found camera!
[2026-09-05 12:56:13.517] [warning] Unable to open usb!
[2026-09-05 12:56:13.518] [warning] Not found camera!
[2026-09-05 12:56:13.618] [warning] Unable to open usb!
[2026-09-05 12:56:13.618] [warning] Not found camera!
[2026-09-05 12:56:13.718] [warning] Unable to open usb!
[2026-09-05 12:56:13.718] [warning] Not found camera!
[2026-09-05 12:56:13.818] [warning] Unable to open usb!
[2026-09-05 12:56:13.818] [warning] Not found camera!
[2026-09-05 12:56:13.918] [warning] Unable to open usb!
[2026-09-05 12:56:13.919] [warning] Not found camera!
[2026-09-05 12:56:14.019] [warning] Unable to open usb!
[2026-09-05 12:56:14.019] [warning] Not found camera!
[2026-09-05 12:56:14.119] [warning] Unable to open usb!
[2026-09-05 12:56:14.119] [warning] Not found camera!
[2026-09-05 12:56:14.219] [warning] Unable to open usb!
[2026-09-05 12:56:14.220] [warning] Not found camera!
[2026-09-05 12:56:14.320] [warning] Unable to open usb!
[2026-09-05 12:56:14.320] [warning] Not found camera!
[2026-09-05 12:56:14.420] [warning] Unable to open usb!
[2026-09-05 12:56:14.420] [warning] Not found camera!
[2026-09-05 12:56:14.520] [warning] Unable to open usb!
[2026-09-05 12:56:14.520] [warning] Not found camera!
[2026-09-05 12:56:14.620] [warning] Unable to open usb!
[2026-09-05 12:56:14.621] [warning] Not found camera!
[2026-09-05 12:56:14.721] [warning] Unable to open usb!
[2026-09-05 12:56:14.721] [warning] Not found camera!
[2026-09-05 12:56:14.821] [warning] Unable to open usb!
[2026-09-05 12:56:14.821] [warning] Not found camera!
[2026-09-05 12:56:14.921] [warning] Unable to open usb!
[2026-09-05 12:56:14.922] [warning] Not found camera!
[2026-09-05 12:56:15.022] [warning] Unable to open usb!
[2026-09-05 12:56:15.022] [warning] Not found camera!
[2026-09-05 12:56:15.122] [warning] Unable to open usb!
[2026-09-05 12:56:15.122] [warning] Not found camera!
[2026-09-05 12:56:15.222] [warning] Unable to open usb!
[2026-09-05 12:56:15.222] [warning] Not found camera!
[2026-09-05 12:56:15.322] [warning] Unable to open usb!
[2026-09-05 12:56:15.323] [warning] Not found camera!
[2026-09-05 12:56:15.423] [warning] Unable to open usb!
[2026-09-05 12:56:15.423] [warning] Not found camera!
[2026-09-05 12:56:15.523] [warning] Unable to open usb!
[2026-09-05 12:56:15.523] [warning] Not found camera!
[2026-09-05 12:56:15.623] [warning] Unable to open usb!
[2026-09-05 12:56:15.623] [warning] Not found camera!
[2026-09-05 12:56:15.723] [warning] Unable to open usb!
[2026-09-05 12:56:15.724] [warning] Not found camera!
[2026-09-05 12:56:15.824] [warning] Unable to open usb!
[2026-09-05 12:56:15.824] [warning] Not found camera!
[2026-09-05 12:56:15.924] [warning] Unable to open usb!
[2026-09-05 12:56:15.924] [warning] Not found camera!
[2026-09-05 12:56:16.024] [warning] Unable to open usb!
[2026-09-05 12:56:16.024] [warning] Not found camera!
[2026-09-05 12:56:16.125] [warning] Unable to open usb!
[2026-09-05 12:56:16.125] [warning] Not found camera!
[2026-09-05 12:56:16.225] [warning] Unable to open usb!
[2026-09-05 12:56:16.225] [warning] Not found camera!
[2026-09-05 12:56:16.325] [warning] Unable to open usb!
[2026-09-05 12:56:16.325] [warning] Not found camera!
[2026-09-05 12:56:16.425] [warning] Unable to open usb!
[2026-09-05 12:56:16.426] [warning] Not found camera!
[2026-09-05 12:56:16.526] [warning] Unable to open usb!
[2026-09-05 12:56:16.526] [warning] Not found camera!
[2026-09-05 12:56:16.626] [warning] Unable to open usb!
[2026-09-05 12:56:16.626] [warning] Not found camera!
[2026-09-05 12:56:16.726] [warning] Unable to open usb!
[2026-09-05 12:56:16.726] [warning] Not found camera!
[2026-09-05 12:56:16.829] [warning] Unable to open usb!
[2026-09-05 12:56:16.829] [warning] Not found camera!
[2026-09-05 12:56:16.929] [warning] Unable to open usb!
[2026-09-05 12:56:16.929] [warning] Not found camera!
[2026-09-05 12:56:17.030] [warning] Unable to open usb!
[2026-09-05 12:56:17.030] [warning] Not found camera!
[2026-09-05 12:56:17.130] [warning] Unable to open usb!
[2026-09-05 12:56:17.130] [warning] Not found camera!
[2026-09-05 12:56:17.230] [warning] Unable to open usb!
[2026-09-05 12:56:17.230] [warning] Not found camera!
[2026-09-05 12:56:17.330] [warning] Unable to open usb!
[2026-09-05 12:56:17.330] [warning] Not found camera!
[2026-09-05 12:56:17.431] [warning] Unable to open usb!
[2026-09-05 12:56:17.431] [warning] Not found camera!
[2026-09-05 12:56:17.531] [warning] Unable to open usb!
[2026-09-05 12:56:17.531] [warning] Not found camera!
[2026-09-05 12:56:17.631] [warning] Unable to open usb!
[2026-09-05 12:56:17.631] [warning] Not found camera!
[2026-09-05 12:56:17.731] [warning] Unable to open usb!
[2026-09-05 12:56:17.731] [warning] Not found camera!
[2026-09-05 12:56:17.832] [warning] Unable to open usb!
[2026-09-05 12:56:17.832] [warning] Not found camera!
[2026-09-05 12:56:17.932] [warning] Unable to open usb!
[2026-09-05 12:56:17.932] [warning] Not found camera!
[2026-09-05 12:56:18.032] [warning] Unable to open usb!
[2026-09-05 12:56:18.032] [warning] Not found camera!
[2026-09-05 12:56:18.132] [warning] Unable to open usb!
[2026-09-05 12:56:18.132] [warning] Not found camera!
[2026-09-05 12:56:18.233] [warning] Unable to open usb!
[2026-09-05 12:56:18.233] [warning] Not found camera!
[2026-09-05 12:56:18.333] [warning] Unable to open usb!
[2026-09-05 12:56:18.333] [warning] Not found camera!
[2026-09-05 12:56:18.433] [warning] Unable to open usb!
[2026-09-05 12:56:18.433] [warning] Not found camera!
[2026-09-05 12:56:18.533] [warning] Unable to open usb!
[2026-09-05 12:56:18.534] [warning] Not found camera!
[2026-09-05 12:56:18.634] [warning] Unable to open usb!
[2026-09-05 12:56:18.634] [warning] Not found camera!
[2026-09-05 12:56:18.734] [warning] Unable to open usb!
[2026-09-05 12:56:18.734] [warning] Not found camera!
[2026-09-05 12:56:18.834] [warning] Unable to open usb!
[2026-09-05 12:56:18.834] [warning] Not found camera!
[2026-09-05 12:56:18.934] [warning] Unable to open usb!
[2026-09-05 12:56:18.935] [warning] Not found camera!
[2026-09-05 12:56:19.035] [warning] Unable to open usb!
[2026-09-05 12:56:19.035] [warning] Not found camera!
[2026-09-05 12:56:19.135] [warning] Unable to open usb!
[2026-09-05 12:56:19.135] [warning] Not found camera!
[2026-09-05 12:56:19.235] [warning] Unable to open usb!
[2026-09-05 12:56:19.235] [warning] Not found camera!
[2026-09-05 12:56:19.335] [warning] Unable to open usb!
[2026-09-05 12:56:19.335] [warning] Not found camera!
[2026-09-05 12:56:19.436] [warning] Unable to open usb!
[2026-09-05 12:56:19.436] [warning] Not found camera!
[2026-09-05 12:56:19.536] [warning] Unable to open usb!
[2026-09-05 12:56:19.536] [warning] Not found camera!
[2026-09-05 12:56:19.636] [warning] Unable to open usb!
[2026-09-05 12:56:19.636] [warning] Not found camera!
[2026-09-05 12:56:19.736] [warning] Unable to open usb!
[2026-09-05 12:56:19.737] [warning] Not found camera!
[2026-09-05 12:56:19.837] [warning] Unable to open usb!
[2026-09-05 12:56:19.837] [warning] Not found camera!
[2026-09-05 12:56:19.937] [warning] Unable to open usb!
[2026-09-05 12:56:19.937] [warning] Not found camera!
[2026-09-05 12:56:20.037] [warning] Unable to open usb!
[2026-09-05 12:56:20.037] [warning] Not found camera!
[2026-09-05 12:56:20.137] [warning] Unable to open usb!
[2026-09-05 12:56:20.137] [warning] Not found camera!
[2026-09-05 12:56:20.238] [warning] Unable to open usb!
[2026-09-05 12:56:20.238] [warning] Not found camera!
[2026-09-05 12:56:20.338] [warning] Unable to open usb!
[2026-09-05 12:56:20.338] [warning] Not found camera!
[2026-09-05 12:56:20.438] [warning] Unable to open usb!
[2026-09-05 12:56:20.438] [warning] Not found camera!
[2026-09-05 12:56:20.538] [warning] Unable to open usb!
[2026-09-05 12:56:20.539] [warning] Not found camera!
[2026-09-05 12:56:20.639] [warning] Unable to open usb!
[2026-09-05 12:56:20.639] [warning] Not found camera!
[2026-09-05 12:56:20.739] [warning] Unable to open usb!
[2026-09-05 12:56:20.739] [warning] Not found camera!
[2026-09-05 12:56:20.839] [warning] Unable to open usb!
[2026-09-05 12:56:20.839] [warning] Not found camera!
[2026-09-05 12:56:20.939] [warning] Unable to open usb!
[2026-09-05 12:56:20.940] [warning] Not found camera!
[2026-09-05 12:56:21.040] [warning] Unable to open usb!
[2026-09-05 12:56:21.040] [warning] Not found camera!
[2026-09-05 12:56:21.140] [warning] Unable to open usb!
[2026-09-05 12:56:21.140] [warning] Not found camera!
[2026-09-05 12:56:21.240] [warning] Unable to open usb!
[2026-09-05 12:56:21.240] [warning] Not found camera!
[2026-09-05 12:56:21.340] [warning] Unable to open usb!
[2026-09-05 12:56:21.341] [warning] Not found camera!
[2026-09-05 12:56:21.441] [warning] Unable to open usb!
[2026-09-05 12:56:21.441] [warning] Not found camera!
[2026-09-05 12:56:21.541] [warning] Unable to open usb!
[2026-09-05 12:56:21.541] [warning] Not found camera!
[2026-09-05 12:56:21.641] [warning] Unable to open usb!
[2026-09-05 12:56:21.641] [warning] Not found camera!
[2026-09-05 12:56:21.741] [warning] Unable to open usb!
[2026-09-05 12:56:21.742] [warning] Not found camera!
[2026-09-05 12:56:21.844] [warning] Unable to open usb!
[2026-09-05 12:56:21.845] [warning] Not found camera!
[2026-09-05 12:56:21.945] [warning] Unable to open usb!
[2026-09-05 12:56:21.945] [warning] Not found camera!
[2026-09-05 12:56:22.045] [warning] Unable to open usb!
[2026-09-05 12:56:22.045] [warning] Not found camera!
[2026-09-05 12:56:22.145] [warning] Unable to open usb!
[2026-09-05 12:56:22.145] [warning] Not found camera!
[2026-09-05 12:56:22.245] [warning] Unable to open usb!
[2026-09-05 12:56:22.246] [warning] Not found camera!
[2026-09-05 12:56:22.346] [warning] Unable to open usb!
[2026-09-05 12:56:22.346] [warning] Not found camera!
[INFO] [1788584182.372166864] [rclcpp]: signal_handler(signum=2)
[2026-09-05 12:56:22.372] [info] [ROS2Visualizer] Spin thread stopped
[2026-09-05 12:56:22.446] [warning] Unable to open usb!
[2026-09-05 12:56:22.446] [warning] Not found camera!
[2026-09-05 12:56:22.546] [warning] Unable to open usb!
[2026-09-05 12:56:22.546] [warning] Not found camera!
[2026-09-05 12:56:22.646] [warning] Unable to open usb!
[2026-09-05 12:56:22.647] [warning] Not found camera!
[2026-09-05 12:56:22.747] [warning] Unable to open usb!
[2026-09-05 12:56:22.747] [warning] Not found camera!
[2026-09-05 12:56:22.847] [warning] Unable to open usb!
[2026-09-05 12:56:22.847] [warning] Not found camera!
[2026-09-05 12:56:22.947] [warning] Unable to open usb!
[2026-09-05 12:56:22.947] [warning] Not found camera!
[2026-09-05 12:56:23.047] [warning] Unable to open usb!
[2026-09-05 12:56:23.048] [warning] Not found camera!
[2026-09-05 12:56:23.148] [warning] Unable to open usb!
[2026-09-05 12:56:23.148] [warning] Not found camera!
[2026-09-05 12:56:23.248] [warning] Unable to open usb!
[2026-09-05 12:56:23.248] [warning] Not found camera!
[2026-09-05 12:56:23.348] [warning] Unable to open usb!
[2026-09-05 12:56:23.348] [warning] Not found camera!
[2026-09-05 12:56:23.448] [warning] Unable to open usb!
[2026-09-05 12:56:23.449] [warning] Not found camera!
[2026-09-05 12:56:23.549] [warning] Unable to open usb!
[2026-09-05 12:56:23.549] [warning] Not found camera!
[2026-09-05 12:56:23.649] [warning] Unable to open usb!
[2026-09-05 12:56:23.649] [warning] Not found camera!
[2026-09-05 12:56:23.749] [warning] Unable to open usb!
[2026-09-05 12:56:23.750] [warning] Not found camera!
[2026-09-05 12:56:23.850] [warning] Unable to open usb!
[2026-09-05 12:56:23.850] [warning] Not found camera!
[2026-09-05 12:56:23.950] [warning] Unable to open usb!
[2026-09-05 12:56:23.950] [warning] Not found camera!
[2026-09-05 12:56:24.050] [warning] Unable to open usb!
[2026-09-05 12:56:24.050] [warning] Not found camera!
[2026-09-05 12:56:24.150] [warning] Unable to open usb!
[2026-09-05 12:56:24.151] [warning] Not found camera!
[2026-09-05 12:56:24.251] [warning] Unable to open usb!
[2026-09-05 12:56:24.251] [warning] Not found camera!
[2026-09-05 12:56:24.351] [warning] Unable to open usb!
[2026-09-05 12:56:24.351] [warning] Not found camera!
[2026-09-05 12:56:24.451] [warning] Unable to open usb!
[2026-09-05 12:56:24.451] [warning] Not found camera!
[2026-09-05 12:56:24.551] [warning] Unable to open usb!
[2026-09-05 12:56:24.552] [warning] Not found camera!
[2026-09-05 12:56:24.652] [warning] Unable to open usb!
[2026-09-05 12:56:24.652] [warning] Not found camera!
[2026-09-05 12:56:24.752] [warning] Unable to open usb!
[2026-09-05 12:56:24.752] [warning] Not found camera!
[2026-09-05 12:56:24.852] [warning] Unable to open usb!
[2026-09-05 12:56:24.852] [warning] Not found camera!
[2026-09-05 12:56:24.952] [warning] Unable to open usb!
[2026-09-05 12:56:24.952] [warning] Not found camera!
[2026-09-05 12:56:25.052] [warning] Unable to open usb!
[2026-09-05 12:56:25.053] [warning] Not found camera!
[2026-09-05 12:56:25.153] [warning] Unable to open usb!
[2026-09-05 12:56:25.153] [warning] Not found camera!
[2026-09-05 12:56:25.253] [warning] Unable to open usb!
[2026-09-05 12:56:25.253] [warning] Not found camera!
[2026-09-05 12:56:25.353] [warning] Unable to open usb!
[2026-09-05 12:56:25.353] [warning] Not found camera!
[2026-09-05 12:56:25.453] [warning] Unable to open usb!
[2026-09-05 12:56:25.454] [warning] Not found camera!
[2026-09-05 12:56:25.554] [warning] Unable to open usb!
[2026-09-05 12:56:25.554] [warning] Not found camera!
[2026-09-05 12:56:25.654] [warning] Unable to open usb!
[2026-09-05 12:56:25.654] [warning] Not found camera!
[2026-09-05 12:56:25.754] [warning] Unable to open usb!
[2026-09-05 12:56:25.754] [warning] Not found camera!
[2026-09-05 12:56:25.854] [warning] Unable to open usb!
[2026-09-05 12:56:25.855] [warning] Not found camera!
[2026-09-05 12:56:25.955] [warning] Unable to open usb!
[2026-09-05 12:56:25.955] [warning] Not found camera!
[2026-09-05 12:56:26.055] [warning] Unable to open usb!
[2026-09-05 12:56:26.055] [warning] Not found camera!
[2026-09-05 12:56:26.155] [warning] Unable to open usb!
[2026-09-05 12:56:26.155] [warning] Not found camera!
[2026-09-05 12:56:26.256] [warning] Unable to open usb!
[2026-09-05 12:56:26.256] [warning] Not found camera!
[2026-09-05 12:56:26.356] [warning] Unable to open usb!
[2026-09-05 12:56:26.356] [warning] Not found camera!
[2026-09-05 12:56:26.456] [warning] Unable to open usb!
[2026-09-05 12:56:26.456] [warning] Not found camera!
[2026-09-05 12:56:26.556] [warning] Unable to open usb!
[2026-09-05 12:56:26.557] [warning] Not found camera!
[2026-09-05 12:56:26.657] [warning] Unable to open usb!
[2026-09-05 12:56:26.657] [warning] Not found camera!
[2026-09-05 12:56:26.757] [warning] Unable to open usb!
[2026-09-05 12:56:26.757] [warning] Not found camera!
[2026-09-05 12:56:26.857] [warning] Unable to open usb!
[2026-09-05 12:56:26.857] [warning] Not found camera!
[2026-09-05 12:56:26.958] [warning] Unable to open usb!
[2026-09-05 12:56:26.958] [warning] Not found camera!
[2026-09-05 12:56:27.058] [warning] Unable to open usb!
[2026-09-05 12:56:27.058] [warning] Not found camera!
[2026-09-05 12:56:27.158] [warning] Unable to open usb!
[2026-09-05 12:56:27.158] [warning] Not found camera!
[2026-09-05 12:56:27.258] [warning] Unable to open usb!
[2026-09-05 12:56:27.259] [warning] Not found camera!
[2026-09-05 12:56:27.359] [warning] Unable to open usb!
[2026-09-05 12:56:27.359] [warning] Not found camera!
[2026-09-05 12:56:27.459] [warning] Unable to open usb!
[2026-09-05 12:56:27.459] [warning] Not found camera!
[2026-09-05 12:56:27.559] [warning] Unable to open usb!
[2026-09-05 12:56:27.559] [warning] Not found camera!
[2026-09-05 12:56:27.659] [warning] Unable to open usb!
[2026-09-05 12:56:27.660] [warning] Not found camera!
[2026-09-05 12:56:27.760] [warning] Unable to open usb!
[2026-09-05 12:56:27.760] [warning] Not found camera!
[2026-09-05 12:56:27.860] [warning] Unable to open usb!
[2026-09-05 12:56:27.860] [warning] Not found camera!
[2026-09-05 12:56:27.960] [warning] Unable to open usb!
[2026-09-05 12:56:27.960] [warning] Not found camera!
[2026-09-05 12:56:28.060] [warning] Unable to open usb!
[2026-09-05 12:56:28.061] [warning] Not found camera!
[2026-09-05 12:56:28.161] [warning] Unable to open usb!
[2026-09-05 12:56:28.161] [warning] Not found camera!
[2026-09-05 12:56:28.261] [warning] Unable to open usb!
[2026-09-05 12:56:28.261] [warning] Not found camera!
[2026-09-05 12:56:28.361] [warning] Unable to open usb!
[2026-09-05 12:56:28.361] [warning] Not found camera!
[2026-09-05 12:56:28.462] [warning] Unable to open usb!
[2026-09-05 12:56:28.462] [warning] Not found camera!
[2026-09-05 12:56:28.562] [warning] Unable to open usb!
[2026-09-05 12:56:28.562] [warning] Not found camera!
[2026-09-05 12:56:28.662] [warning] Unable to open usb!
[2026-09-05 12:56:28.662] [warning] Not found camera!
[2026-09-05 12:56:28.762] [warning] Unable to open usb!
[2026-09-05 12:56:28.762] [warning] Not found camera!
[2026-09-05 12:56:28.862] [warning] Unable to open usb!
[2026-09-05 12:56:28.863] [warning] Not found camera!
[2026-09-05 12:56:28.963] [warning] Unable to open usb!
[2026-09-05 12:56:28.963] [warning] Not found camera!
[2026-09-05 12:56:29.063] [warning] Unable to open usb!
[2026-09-05 12:56:29.063] [warning] Not found camera!
[2026-09-05 12:56:29.163] [warning] Unable to open usb!
[2026-09-05 12:56:29.163] [warning] Not found camera!
[2026-09-05 12:56:29.264] [warning] Unable to open usb!
[2026-09-05 12:56:29.264] [warning] Not found camera!
[2026-09-05 12:56:29.364] [warning] Unable to open usb!
[2026-09-05 12:56:29.364] [warning] Not found camera!
[2026-09-05 12:56:29.464] [warning] Unable to open usb!
[2026-09-05 12:56:29.464] [warning] Not found camera!
[2026-09-05 12:56:29.564] [warning] Unable to open usb!
[2026-09-05 12:56:29.564] [warning] Not found camera!
[2026-09-05 12:56:29.664] [warning] Unable to open usb!
[2026-09-05 12:56:29.665] [warning] Not found camera!
[2026-09-05 12:56:29.765] [warning] Unable to open usb!
[2026-09-05 12:56:29.765] [warning] Not found camera!
[2026-09-05 12:56:29.865] [warning] Unable to open usb!
[2026-09-05 12:56:29.865] [warning] Not found camera!
[2026-09-05 12:56:29.965] [warning] Unable to open usb!
[2026-09-05 12:56:29.965] [warning] Not found camera!
[2026-09-05 12:56:30.065] [warning] Unable to open usb!
[2026-09-05 12:56:30.066] [warning] Not found camera!
[2026-09-05 12:56:30.166] [warning] Unable to open usb!
[2026-09-05 12:56:30.166] [warning] Not found camera!
[2026-09-05 12:56:30.266] [warning] Unable to open usb!
[2026-09-05 12:56:30.266] [warning] Not found camera!
[2026-09-05 12:56:30.366] [warning] Unable to open usb!
[2026-09-05 12:56:30.366] [warning] Not found camera!
[2026-09-05 12:56:30.466] [warning] Unable to open usb!
[2026-09-05 12:56:30.467] [warning] Not found camera!
[2026-09-05 12:56:30.567] [warning] Unable to open usb!
[2026-09-05 12:56:30.567] [warning] Not found camera!
[2026-09-05 12:56:30.667] [warning] Unable to open usb!
[2026-09-05 12:56:30.667] [warning] Not found camera!
[2026-09-05 12:56:30.767] [warning] Unable to open usb!
[2026-09-05 12:56:30.767] [warning] Not found camera!
[2026-09-05 12:56:30.867] [warning] Unable to open usb!
[2026-09-05 12:56:30.868] [warning] Not found camera!
[2026-09-05 12:56:30.968] [warning] Unable to open usb!
[2026-09-05 12:56:30.968] [warning] Not found camera!
[2026-09-05 12:56:31.068] [warning] Unable to open usb!
[2026-09-05 12:56:31.068] [warning] Not found camera!
[2026-09-05 12:56:31.168] [warning] Unable to open usb!
[2026-09-05 12:56:31.168] [warning] Not found camera!
[2026-09-05 12:56:31.268] [warning] Unable to open usb!
[2026-09-05 12:56:31.269] [warning] Not found camera!
[2026-09-05 12:56:31.369] [warning] Unable to open usb!
[2026-09-05 12:56:31.369] [warning] Not found camera!
[2026-09-05 12:56:31.469] [warning] Unable to open usb!
[2026-09-05 12:56:31.469] [warning] Not found camera!
[2026-09-05 12:56:31.569] [warning] Unable to open usb!
[2026-09-05 12:56:31.569] [warning] Not found camera!
[2026-09-05 12:56:31.670] [warning] Unable to open usb!
[2026-09-05 12:56:31.670] [warning] Not found camera!
[2026-09-05 12:56:31.770] [warning] Unable to open usb!
[2026-09-05 12:56:31.770] [warning] Not found camera!
[2026-09-05 12:56:31.870] [warning] Unable to open usb!
[2026-09-05 12:56:31.870] [warning] Not found camera!
[2026-09-05 12:56:31.973] [warning] Unable to open usb!
[2026-09-05 12:56:31.973] [warning] Not found camera!
[2026-09-05 12:56:32.073] [warning] Unable to open usb!
[2026-09-05 12:56:32.073] [warning] Not found camera!
[2026-09-05 12:56:32.173] [warning] Unable to open usb!
[2026-09-05 12:56:32.174] [warning] Not found camera!
[2026-09-05 12:56:32.274] [warning] Unable to open usb!
[2026-09-05 12:56:32.274] [warning] Not found camera!
[2026-09-05 12:56:32.374] [warning] Unable to open usb!
[2026-09-05 12:56:32.374] [warning] Not found camera!
[2026-09-05 12:56:32.474] [warning] Unable to open usb!
[2026-09-05 12:56:32.474] [warning] Not found camera!
[2026-09-05 12:56:32.575] [warning] Unable to open usb!
[2026-09-05 12:56:32.575] [warning] Not found camera!
[2026-09-05 12:56:32.675] [warning] Unable to open usb!
[2026-09-05 12:56:32.675] [warning] Not found camera!
[2026-09-05 12:56:32.775] [warning] Unable to open usb!
[2026-09-05 12:56:32.775] [warning] Not found camera!
[2026-09-05 12:56:32.875] [warning] Unable to open usb!
[2026-09-05 12:56:32.876] [warning] Not found camera!
[2026-09-05 12:56:32.976] [warning] Unable to open usb!
[2026-09-05 12:56:32.976] [warning] Not found camera!
[2026-09-05 12:56:33.076] [warning] Unable to open usb!
[2026-09-05 12:56:33.076] [warning] Not found camera!
[2026-09-05 12:56:33.176] [warning] Unable to open usb!
[2026-09-05 12:56:33.176] [warning] Not found camera!
[2026-09-05 12:56:33.277] [warning] Unable to open usb!
[2026-09-05 12:56:33.277] [warning] Not found camera!
[2026-09-05 12:56:33.377] [warning] Unable to open usb!
[2026-09-05 12:56:33.377] [warning] Not found camera!
[2026-09-05 12:56:33.477] [warning] Unable to open usb!
[2026-09-05 12:56:33.477] [warning] Not found camera!
[2026-09-05 12:56:33.577] [warning] Unable to open usb!
[2026-09-05 12:56:33.578] [warning] Not found camera!
[2026-09-05 12:56:33.678] [warning] Unable to open usb!
[2026-09-05 12:56:33.678] [warning] Not found camera!
[2026-09-05 12:56:33.778] [warning] Unable to open usb!
[2026-09-05 12:56:33.778] [warning] Not found camera!
[2026-09-05 12:56:33.878] [warning] Unable to open usb!
[2026-09-05 12:56:33.878] [warning] Not found camera!
[2026-09-05 12:56:33.978] [warning] Unable to open usb!
[2026-09-05 12:56:33.979] [warning] Not found camera!
[2026-09-05 12:56:34.079] [warning] Unable to open usb!
[2026-09-05 12:56:34.079] [warning] Not found camera!
[2026-09-05 12:56:34.179] [warning] Unable to open usb!
[2026-09-05 12:56:34.179] [warning] Not found camera!
[2026-09-05 12:56:34.279] [warning] Unable to open usb!
[2026-09-05 12:56:34.279] [warning] Not found camera!
[2026-09-05 12:56:34.379] [warning] Unable to open usb!
[2026-09-05 12:56:34.380] [warning] Not found camera!
[2026-09-05 12:56:34.480] [warning] Unable to open usb!
[2026-09-05 12:56:34.480] [warning] Not found camera!
[2026-09-05 12:56:34.580] [warning] Unable to open usb!
[2026-09-05 12:56:34.580] [warning] Not found camera!
[2026-09-05 12:56:34.680] [warning] Unable to open usb!
[2026-09-05 12:56:34.680] [warning] Not found camera!
[2026-09-05 12:56:34.781] [warning] Unable to open usb!
[2026-09-05 12:56:34.781] [warning] Not found camera!
[2026-09-05 12:56:34.881] [warning] Unable to open usb!
[2026-09-05 12:56:34.881] [warning] Not found camera!
[2026-09-05 12:56:34.981] [warning] Unable to open usb!
[2026-09-05 12:56:34.981] [warning] Not found camera!
[2026-09-05 12:56:35.081] [warning] Unable to open usb!
[2026-09-05 12:56:35.081] [warning] Not found camera!
[2026-09-05 12:56:35.182] [warning] Unable to open usb!
[2026-09-05 12:56:35.182] [warning] Not found camera!
[2026-09-05 12:56:35.282] [warning] Unable to open usb!
[2026-09-05 12:56:35.282] [warning] Not found camera!
[2026-09-05 12:56:35.382] [warning] Unable to open usb!
[2026-09-05 12:56:35.382] [warning] Not found camera!
[2026-09-05 12:56:35.482] [warning] Unable to open usb!
[2026-09-05 12:56:35.482] [warning] Not found camera!
[2026-09-05 12:56:35.583] [warning] Unable to open usb!
[2026-09-05 12:56:35.583] [warning] Not found camera!
[2026-09-05 12:56:35.683] [warning] Unable to open usb!
[2026-09-05 12:56:35.683] [warning] Not found camera!
[2026-09-05 12:56:35.783] [warning] Unable to open usb!
[2026-09-05 12:56:35.783] [warning] Not found camera!
[2026-09-05 12:56:35.883] [warning] Unable to open usb!
[2026-09-05 12:56:35.884] [warning] Not found camera!
[2026-09-05 12:56:35.984] [warning] Unable to open usb!
[2026-09-05 12:56:35.984] [warning] Not found camera!
[2026-09-05 12:56:36.084] [warning] Unable to open usb!
[2026-09-05 12:56:36.084] [warning] Not found camera!
[2026-09-05 12:56:36.184] [warning] Unable to open usb!
[2026-09-05 12:56:36.184] [warning] Not found camera!
[2026-09-05 12:56:36.284] [warning] Unable to open usb!
[2026-09-05 12:56:36.285] [warning] Not found camera!
[2026-09-05 12:56:36.385] [warning] Unable to open usb!
[2026-09-05 12:56:36.385] [warning] Not found camera!
[2026-09-05 12:56:36.485] [warning] Unable to open usb!
[2026-09-05 12:56:36.485] [warning] Not found camera!
[2026-09-05 12:56:36.585] [warning] Unable to open usb!
[2026-09-05 12:56:36.585] [warning] Not found camera!
[2026-09-05 12:56:36.685] [warning] Unable to open usb!
[2026-09-05 12:56:36.686] [warning] Not found camera!
[2026-09-05 12:56:36.786] [warning] Unable to open usb!
[2026-09-05 12:56:36.786] [warning] Not found camera!
[2026-09-05 12:56:36.886] [warning] Unable to open usb!
[2026-09-05 12:56:36.886] [warning] Not found camera!
[2026-09-05 12:56:36.989] [warning] Unable to open usb!
[2026-09-05 12:56:36.989] [warning] Not found camera!
[2026-09-05 12:56:37.089] [warning] Unable to open usb!
[2026-09-05 12:56:37.089] [warning] Not found camera!
[2026-09-05 12:56:37.189] [warning] Unable to open usb!
[2026-09-05 12:56:37.190] [warning] Not found camera!
[2026-09-05 12:56:37.290] [warning] Unable to open usb!
[2026-09-05 12:56:37.290] [warning] Not found camera!
[2026-09-05 12:56:37.390] [warning] Unable to open usb!
[2026-09-05 12:56:37.390] [warning] Not found camera!
[2026-09-05 12:56:37.490] [warning] Unable to open usb!
[2026-09-05 12:56:37.490] [warning] Not found camera!
[2026-09-05 12:56:37.590] [warning] Unable to open usb!
[2026-09-05 12:56:37.591] [warning] Not found camera!
[2026-09-05 12:56:37.691] [warning] Unable to open usb!
[2026-09-05 12:56:37.691] [warning] Not found camera!
[2026-09-05 12:56:37.791] [warning] Unable to open usb!
[2026-09-05 12:56:37.791] [warning] Not found camera!
[2026-09-05 12:56:37.891] [warning] Unable to open usb!
[2026-09-05 12:56:37.891] [warning] Not found camera!
[2026-09-05 12:56:37.991] [warning] Unable to open usb!
[2026-09-05 12:56:37.992] [warning] Not found camera!
[2026-09-05 12:56:38.092] [warning] Unable to open usb!
[2026-09-05 12:56:38.092] [warning] Not found camera!
[2026-09-05 12:56:38.192] [warning] Unable to open usb!
[2026-09-05 12:56:38.192] [warning] Not found camera!
[2026-09-05 12:56:38.292] [warning] Unable to open usb!
[2026-09-05 12:56:38.292] [warning] Not found camera!
[2026-09-05 12:56:38.392] [warning] Unable to open usb!
[2026-09-05 12:56:38.393] [warning] Not found camera!
[2026-09-05 12:56:38.493] [warning] Unable to open usb!
[2026-09-05 12:56:38.493] [warning] Not found camera!
[2026-09-05 12:56:38.593] [warning] Unable to open usb!
[2026-09-05 12:56:38.593] [warning] Not found camera!
[2026-09-05 12:56:38.693] [warning] Unable to open usb!
[2026-09-05 12:56:38.693] [warning] Not found camera!
[2026-09-05 12:56:38.793] [warning] Unable to open usb!
[2026-09-05 12:56:38.794] [warning] Not found camera!
[2026-09-05 12:56:38.894] [warning] Unable to open usb!
[2026-09-05 12:56:38.894] [warning] Not found camera!
[2026-09-05 12:56:38.994] [warning] Unable to open usb!
[2026-09-05 12:56:38.994] [warning] Not found camera!
[2026-09-05 12:56:39.094] [warning] Unable to open usb!
[2026-09-05 12:56:39.095] [warning] Not found camera!
[2026-09-05 12:56:39.195] [warning] Unable to open usb!
[2026-09-05 12:56:39.195] [warning] Not found camera!
[2026-09-05 12:56:39.295] [warning] Unable to open usb!
[2026-09-05 12:56:39.295] [warning] Not found camera!
[2026-09-05 12:56:39.395] [warning] Unable to open usb!
[2026-09-05 12:56:39.395] [warning] Not found camera!
[2026-09-05 12:56:39.496] [warning] Unable to open usb!
[2026-09-05 12:56:39.496] [warning] Not found camera!
[2026-09-05 12:56:39.596] [warning] Unable to open usb!
[2026-09-05 12:56:39.596] [warning] Not found camera!
[2026-09-05 12:56:39.696] [warning] Unable to open usb!
[2026-09-05 12:56:39.696] [warning] Not found camera!
[2026-09-05 12:56:39.796] [warning] Unable to open usb!
[2026-09-05 12:56:39.797] [warning] Not found camera!
[2026-09-05 12:56:39.897] [warning] Unable to open usb!
[2026-09-05 12:56:39.897] [warning] Not found camera!
[2026-09-05 12:56:39.997] [warning] Unable to open usb!
[2026-09-05 12:56:39.997] [warning] Not found camera!
[2026-09-05 12:56:40.097] [warning] Unable to open usb!
[2026-09-05 12:56:40.097] [warning] Not found camera!
[2026-09-05 12:56:40.198] [warning] Unable to open usb!
[2026-09-05 12:56:40.198] [warning] Not found camera!
[2026-09-05 12:56:40.298] [warning] Unable to open usb!
[2026-09-05 12:56:40.298] [warning] Not found camera!
[2026-09-05 12:56:40.398] [warning] Unable to open usb!
[2026-09-05 12:56:40.398] [warning] Not found camera!
[2026-09-05 12:56:40.498] [warning] Unable to open usb!
[2026-09-05 12:56:40.499] [warning] Not found camera!
[2026-09-05 12:56:40.599] [warning] Unable to open usb!
[2026-09-05 12:56:40.599] [warning] Not found camera!
[2026-09-05 12:56:40.699] [warning] Unable to open usb!
[2026-09-05 12:56:40.699] [warning] Not found camera!
[2026-09-05 12:56:40.799] [warning] Unable to open usb!
[2026-09-05 12:56:40.799] [warning] Not found camera!
[2026-09-05 12:56:40.900] [warning] Unable to open usb!
[2026-09-05 12:56:40.900] [warning] Not found camera!
[2026-09-05 12:56:41.000] [warning] Unable to open usb!
[2026-09-05 12:56:41.000] [warning] Not found camera!
[2026-09-05 12:56:41.100] [warning] Unable to open usb!
[2026-09-05 12:56:41.100] [warning] Not found camera!
[2026-09-05 12:56:41.200] [warning] Unable to open usb!
[2026-09-05 12:56:41.201] [warning] Not found camera!
[2026-09-05 12:56:41.301] [warning] Unable to open usb!
[2026-09-05 12:56:41.301] [warning] Not found camera!
[2026-09-05 12:56:41.401] [warning] Unable to open usb!
[2026-09-05 12:56:41.401] [warning] Not found camera!
[2026-09-05 12:56:41.501] [warning] Unable to open usb!
[2026-09-05 12:56:41.501] [warning] Not found camera!
[2026-09-05 12:56:41.602] [warning] Unable to open usb!
[2026-09-05 12:56:41.602] [warning] Not found camera!
[2026-09-05 12:56:41.702] [warning] Unable to open usb!
[2026-09-05 12:56:41.702] [warning] Not found camera!
[2026-09-05 12:56:41.802] [warning] Unable to open usb!
[2026-09-05 12:56:41.802] [warning] Not found camera!
[2026-09-05 12:56:41.902] [warning] Unable to open usb!
[2026-09-05 12:56:41.903] [warning] Not found camera!
[2026-09-05 12:56:42.005] [warning] Unable to open usb!
[2026-09-05 12:56:42.006] [warning] Not found camera!
[2026-09-05 12:56:42.106] [warning] Unable to open usb!
[2026-09-05 12:56:42.106] [warning] Not found camera!
[2026-09-05 12:56:42.206] [warning] Unable to open usb!
[2026-09-05 12:56:42.206] [warning] Not found camera!
[2026-09-05 12:56:42.306] [warning] Unable to open usb!
[2026-09-05 12:56:42.306] [warning] Not found camera!
[2026-09-05 12:56:42.406] [warning] Unable to open usb!
[2026-09-05 12:56:42.407] [warning] Not found camera!
[2026-09-05 12:56:42.507] [warning] Unable to open usb!
[2026-09-05 12:56:42.507] [warning] Not found camera!
[2026-09-05 12:56:42.607] [warning] Unable to open usb!
[2026-09-05 12:56:42.607] [warning] Not found camera!
[2026-09-05 12:56:42.707] [warning] Unable to open usb!
[2026-09-05 12:56:42.707] [warning] Not found camera!
[2026-09-05 12:56:42.807] [warning] Unable to open usb!
[2026-09-05 12:56:42.808] [warning] Not found camera!
[2026-09-05 12:56:42.908] [warning] Unable to open usb!
[2026-09-05 12:56:42.908] [warning] Not found camera!
[2026-09-05 12:56:43.008] [warning] Unable to open usb!
[2026-09-05 12:56:43.008] [warning] Not found camera!
[2026-09-05 12:56:43.108] [warning] Unable to open usb!
[2026-09-05 12:56:43.108] [warning] Not found camera!
[2026-09-05 12:56:43.208] [warning] Unable to open usb!
[2026-09-05 12:56:43.209] [warning] Not found camera!
[2026-09-05 12:56:43.309] [warning] Unable to open usb!
[2026-09-05 12:56:43.309] [warning] Not found camera!
[2026-09-05 12:56:43.409] [warning] Unable to open usb!
[2026-09-05 12:56:43.409] [warning] Not found camera!
[2026-09-05 12:56:43.509] [warning] Unable to open usb!
[2026-09-05 12:56:43.510] [warning] Not found camera!
[2026-09-05 12:56:43.610] [warning] Unable to open usb!
[2026-09-05 12:56:43.610] [warning] Not found camera!
[2026-09-05 12:56:43.710] [warning] Unable to open usb!
[2026-09-05 12:56:43.710] [warning] Not found camera!
[2026-09-05 12:56:43.810] [warning] Unable to open usb!
[2026-09-05 12:56:43.811] [warning] Not found camera!
[2026-09-05 12:56:43.911] [warning] Unable to open usb!
[2026-09-05 12:56:43.911] [warning] Not found camera!
[2026-09-05 12:56:44.011] [warning] Unable to open usb!
[2026-09-05 12:56:44.011] [warning] Not found camera!
[2026-09-05 12:56:44.111] [warning] Unable to open usb!
[2026-09-05 12:56:44.111] [warning] Not found camera!
[2026-09-05 12:56:44.211] [warning] Unable to open usb!
[2026-09-05 12:56:44.212] [warning] Not found camera!
[2026-09-05 12:56:44.312] [warning] Unable to open usb!
[2026-09-05 12:56:44.312] [warning] Not found camera!
[2026-09-05 12:56:44.412] [warning] Unable to open usb!
[2026-09-05 12:56:44.412] [warning] Not found camera!
[2026-09-05 12:56:44.512] [warning] Unable to open usb!
[2026-09-05 12:56:44.512] [warning] Not found camera!
[2026-09-05 12:56:44.613] [warning] Unable to open usb!
[2026-09-05 12:56:44.613] [warning] Not found camera!
[2026-09-05 12:56:44.713] [warning] Unable to open usb!
[2026-09-05 12:56:44.713] [warning] Not found camera!
[2026-09-05 12:56:44.813] [warning] Unable to open usb!
[2026-09-05 12:56:44.813] [warning] Not found camera!
[2026-09-05 12:56:44.913] [warning] Unable to open usb!
[2026-09-05 12:56:44.914] [warning] Not found camera!
[2026-09-05 12:56:45.014] [warning] Unable to open usb!
[2026-09-05 12:56:45.014] [warning] Not found camera!
[2026-09-05 12:56:45.114] [warning] Unable to open usb!
[2026-09-05 12:56:45.114] [warning] Not found camera!
[2026-09-05 12:56:45.214] [warning] Unable to open usb!
[2026-09-05 12:56:45.214] [warning] Not found camera!
[2026-09-05 12:56:45.314] [warning] Unable to open usb!
[2026-09-05 12:56:45.315] [warning] Not found camera!
[2026-09-05 12:56:45.415] [warning] Unable to open usb!
[2026-09-05 12:56:45.415] [warning] Not found camera!
[2026-09-05 12:56:45.515] [warning] Unable to open usb!
[2026-09-05 12:56:45.515] [warning] Not found camera!
[2026-09-05 12:56:45.615] [warning] Unable to open usb!
[2026-09-05 12:56:45.616] [warning] Not found camera!
[2026-09-05 12:56:45.716] [warning] Unable to open usb!
[2026-09-05 12:56:45.716] [warning] Not found camera!
[2026-09-05 12:56:45.816] [warning] Unable to open usb!
[2026-09-05 12:56:45.816] [warning] Not found camera!
[2026-09-05 12:56:45.916] [warning] Unable to open usb!
[2026-09-05 12:56:45.916] [warning] Not found camera!
[2026-09-05 12:56:46.016] [warning] Unable to open usb!
[2026-09-05 12:56:46.017] [warning] Not found camera!
[2026-09-05 12:56:46.117] [warning] Unable to open usb!
[2026-09-05 12:56:46.117] [warning] Not found camera!
[2026-09-05 12:56:46.217] [warning] Unable to open usb!
[2026-09-05 12:56:46.217] [warning] Not found camera!
[2026-09-05 12:56:46.317] [warning] Unable to open usb!
[2026-09-05 12:56:46.317] [warning] Not found camera!
[2026-09-05 12:56:46.418] [warning] Unable to open usb!
[2026-09-05 12:56:46.418] [warning] Not found camera!
[2026-09-05 12:56:46.518] [warning] Unable to open usb!
[2026-09-05 12:56:46.518] [warning] Not found camera!
[2026-09-05 12:56:46.618] [warning] Unable to open usb!
[2026-09-05 12:56:46.619] [warning] Not found camera!
[2026-09-05 12:56:46.719] [warning] Unable to open usb!
[2026-09-05 12:56:46.719] [warning] Not found camera!
[2026-09-05 12:56:46.819] [warning] Unable to open usb!
[2026-09-05 12:56:46.819] [warning] Not found camera!
[2026-09-05 12:56:46.919] [warning] Unable to open usb!
[2026-09-05 12:56:46.920] [warning] Not found camera!
[2026-09-05 12:56:47.020] [warning] Unable to open usb!
[2026-09-05 12:56:47.020] [warning] Not found camera!
[2026-09-05 12:56:47.120] [warning] Unable to open usb!
[2026-09-05 12:56:47.120] [warning] Not found camera!
[2026-09-05 12:56:47.220] [warning] Unable to open usb!
[2026-09-05 12:56:47.220] [warning] Not found camera!
[2026-09-05 12:56:47.321] [warning] Unable to open usb!
[2026-09-05 12:56:47.321] [warning] Not found camera!
[2026-09-05 12:56:47.421] [warning] Unable to open usb!
[2026-09-05 12:56:47.421] [warning] Not found camera!
[2026-09-05 12:56:47.521] [warning] Unable to open usb!
[2026-09-05 12:56:47.521] [warning] Not found camera!
[2026-09-05 12:56:47.621] [warning] Unable to open usb!
[2026-09-05 12:56:47.622] [warning] Not found camera!
[2026-09-05 12:56:47.722] [warning] Unable to open usb!
[2026-09-05 12:56:47.722] [warning] Not found camera!
[INFO] [1788584207.807962486] [rclcpp]: signal_handler(signum=15)
[2026-09-05 12:56:47.822] [warning] Unable to open usb!
[2026-09-05 12:56:47.822] [warning] Not found camera!
[2026-09-05 12:56:47.922] [warning] Unable to open usb!
[2026-09-05 12:56:47.922] [warning] Not found camera!
[2026-09-05 12:56:48.023] [warning] Unable to open usb!
[2026-09-05 12:56:48.023] [warning] Not found camera!
[2026-09-05 12:56:48.123] [warning] Unable to open usb!
[2026-09-05 12:56:48.123] [warning] Not found camera!
[2026-09-05 12:56:48.223] [warning] Unable to open usb!
[2026-09-05 12:56:48.223] [warning] Not found camera!
[2026-09-05 12:56:48.323] [warning] Unable to open usb!
[2026-09-05 12:56:48.324] [warning] Not found camera!
[2026-09-05 12:56:48.424] [warning] Unable to open usb!
[2026-09-05 12:56:48.424] [warning] Not found camera!
[2026-09-05 12:56:48.524] [warning] Unable to open usb!
[2026-09-05 12:56:48.524] [warning] Not found camera!
[2026-09-05 12:56:48.624] [warning] Unable to open usb!
[2026-09-05 12:56:48.624] [warning] Not found camera!
[2026-09-05 12:56:48.725] [warning] Unable to open usb!
[2026-09-05 12:56:48.725] [warning] Not found camera!
[2026-09-05 12:56:48.825] [warning] Unable to open usb!
[2026-09-05 12:56:48.825] [warning] Not found camera!
[2026-09-05 12:56:48.925] [warning] Unable to open usb!
[2026-09-05 12:56:48.925] [warning] Not found camera!
[2026-09-05 12:56:49.025] [warning] Unable to open usb!
[2026-09-05 12:56:49.026] [warning] Not found camera!
[2026-09-05 12:56:49.126] [warning] Unable to open usb!
[2026-09-05 12:56:49.126] [warning] Not found camera!
[2026-09-05 12:56:49.226] [warning] Unable to open usb!
[2026-09-05 12:56:49.226] [warning] Not found camera!
[2026-09-05 12:56:49.326] [warning] Unable to open usb!
[2026-09-05 12:56:49.326] [warning] Not found camera!
[2026-09-05 12:56:49.426] [warning] Unable to open usb!
[2026-09-05 12:56:49.427] [warning] Not found camera!
[2026-09-05 12:56:49.527] [warning] Unable to open usb!
[2026-09-05 12:56:49.527] [warning] Not found camera!
[2026-09-05 12:56:49.627] [warning] Unable to open usb!
[2026-09-05 12:56:49.627] [warning] Not found camera!
[2026-09-05 12:56:49.727] [warning] Unable to open usb!
[2026-09-05 12:56:49.727] [warning] Not found camera!
[2026-09-05 12:56:49.828] [warning] Unable to open usb!
[2026-09-05 12:56:49.828] [warning] Not found camera!
[2026-09-05 12:56:49.931] [warning] Unable to open usb!
[2026-09-05 12:56:49.931] [warning] Not found camera!
[2026-09-05 12:56:50.031] [warning] Unable to open usb!
[2026-09-05 12:56:50.031] [warning] Not found camera!
[2026-09-05 12:56:50.131] [warning] Unable to open usb!
[2026-09-05 12:56:50.131] [warning] Not found camera!
[2026-09-05 12:56:50.232] [warning] Unable to open usb!
[2026-09-05 12:56:50.232] [warning] Not found camera!
[2026-09-05 12:56:50.332] [warning] Unable to open usb!
[2026-09-05 12:56:50.332] [warning] Not found camera!
[2026-09-05 12:56:50.432] [warning] Unable to open usb!
[2026-09-05 12:56:50.432] [warning] Not found camera!
[2026-09-05 12:56:50.532] [warning] Unable to open usb!
[2026-09-05 12:56:50.533] [warning] Not found camera!
[2026-09-05 12:56:50.633] [warning] Unable to open usb!
[2026-09-05 12:56:50.633] [warning] Not found camera!
[2026-09-05 12:56:50.733] [warning] Unable to open usb!
[2026-09-05 12:56:50.733] [warning] Not found camera!
[2026-09-05 12:56:50.833] [warning] Unable to open usb!
[2026-09-05 12:56:50.833] [warning] Not found camera!
[2026-09-05 12:56:50.933] [warning] Unable to open usb!
[2026-09-05 12:56:50.934] [warning] Not found camera!
[2026-09-05 12:56:51.034] [warning] Unable to open usb!
[2026-09-05 12:56:51.034] [warning] Not found camera!
[2026-09-05 12:56:51.134] [warning] Unable to open usb!
[2026-09-05 12:56:51.134] [warning] Not found camera!
[2026-09-05 12:56:51.235] [warning] Unable to open usb!
[2026-09-05 12:56:51.235] [warning] Not found camera!
[2026-09-05 12:56:51.335] [warning] Unable to open usb!
[2026-09-05 12:56:51.335] [warning] Not found camera!
[2026-09-05 12:56:51.435] [warning] Unable to open usb!
[2026-09-05 12:56:51.435] [warning] Not found camera!
[2026-09-05 12:56:51.536] [warning] Unable to open usb!
[2026-09-05 12:56:51.536] [warning] Not found camera!
[2026-09-05 12:56:51.636] [warning] Unable to open usb!
[2026-09-05 12:56:51.636] [warning] Not found camera!
[2026-09-05 12:56:51.737] [warning] Unable to open usb!
[2026-09-05 12:56:51.737] [warning] Not found camera!
[2026-09-05 12:56:51.837] [warning] Unable to open usb!
[2026-09-05 12:56:51.837] [warning] Not found camera!
[2026-09-05 12:56:51.937] [warning] Unable to open usb!
[2026-09-05 12:56:51.937] [warning] Not found camera!
[2026-09-05 12:56:52.037] [warning] Unable to open usb!
[2026-09-05 12:56:52.038] [warning] Not found camera!
[2026-09-05 12:56:52.138] [warning] Unable to open usb!
[2026-09-05 12:56:52.138] [warning] Not found camera!
[2026-09-05 12:56:52.238] [warning] Unable to open usb!
[2026-09-05 12:56:52.239] [warning] Not found camera!
[2026-09-05 12:56:52.339] [warning] Unable to open usb!
[2026-09-05 12:56:52.339] [warning] Not found camera!
[2026-09-05 12:56:52.439] [warning] Unable to open usb!
[2026-09-05 12:56:52.439] [warning] Not found camera!
[2026-09-05 12:56:52.539] [warning] Unable to open usb!
[2026-09-05 12:56:52.540] [warning] Not found camera!
[2026-09-05 12:56:52.640] [warning] Unable to open usb!
[2026-09-05 12:56:52.640] [warning] Not found camera!
[2026-09-05 12:56:52.740] [warning] Unable to open usb!
[2026-09-05 12:56:52.740] [warning] Not found camera!
[2026-09-05 12:56:52.840] [warning] Unable to open usb!
[2026-09-05 12:56:52.840] [warning] Not found camera!
[2026-09-05 12:56:52.941] [warning] Unable to open usb!
[2026-09-05 12:56:52.941] [warning] Not found camera!
[2026-09-05 12:56:53.041] [warning] Unable to open usb!
[2026-09-05 12:56:53.041] [warning] Not found camera!
[2026-09-05 12:56:53.141] [warning] Unable to open usb!
[2026-09-05 12:56:53.141] [warning] Not found camera!
[2026-09-05 12:56:53.241] [warning] Unable to open usb!
[2026-09-05 12:56:53.242] [warning] Not found camera!
[2026-09-05 12:56:53.342] [warning] Unable to open usb!
[2026-09-05 12:56:53.342] [warning] Not found camera!
[2026-09-05 12:56:53.442] [warning] Unable to open usb!
[2026-09-05 12:56:53.442] [warning] Not found camera!
[2026-09-05 12:56:53.542] [warning] Unable to open usb!
[2026-09-05 12:56:53.543] [warning] Not found camera!
[2026-09-05 12:56:53.643] [warning] Unable to open usb!
[2026-09-05 12:56:53.643] [warning] Not found camera!
[2026-09-05 12:56:53.743] [warning] Unable to open usb!
[2026-09-05 12:56:53.743] [warning] Not found camera!
[2026-09-05 12:56:53.843] [warning] Unable to open usb!
[2026-09-05 12:56:53.843] [warning] Not found camera!
[2026-09-05 12:56:53.943] [warning] Unable to open usb!
[2026-09-05 12:56:53.944] [warning] Not found camera!
[2026-09-05 12:56:54.044] [warning] Unable to open usb!
[2026-09-05 12:56:54.044] [warning] Not found camera!
[2026-09-05 12:56:54.144] [warning] Unable to open usb!
[2026-09-05 12:56:54.144] [warning] Not found camera!
[2026-09-05 12:56:54.244] [warning] Unable to open usb!
[2026-09-05 12:56:54.244] [warning] Not found camera!
[2026-09-05 12:56:54.345] [warning] Unable to open usb!
[2026-09-05 12:56:54.345] [warning] Not found camera!
[2026-09-05 12:56:54.445] [warning] Unable to open usb!
[2026-09-05 12:56:54.445] [warning] Not found camera!
[2026-09-05 12:56:54.545] [warning] Unable to open usb!
[2026-09-05 12:56:54.546] [warning] Not found camera!
[2026-09-05 12:56:54.646] [warning] Unable to open usb!
[2026-09-05 12:56:54.646] [warning] Not found camera!
[2026-09-05 12:56:54.746] [warning] Unable to open usb!
[2026-09-05 12:56:54.746] [warning] Not found camera!
[2026-09-05 12:56:54.846] [warning] Unable to open usb!
[2026-09-05 12:56:54.846] [warning] Not found camera!
[2026-09-05 12:56:54.946] [warning] Unable to open usb!
[2026-09-05 12:56:54.947] [warning] Not found camera!
[2026-09-05 12:56:55.047] [warning] Unable to open usb!
[2026-09-05 12:56:55.047] [warning] Not found camera!
[2026-09-05 12:56:55.147] [warning] Unable to open usb!
[2026-09-05 12:56:55.147] [warning] Not found camera!
[2026-09-05 12:56:55.247] [warning] Unable to open usb!
[2026-09-05 12:56:55.247] [warning] Not found camera!
[2026-09-05 12:56:55.348] [warning] Unable to open usb!
[2026-09-05 12:56:55.348] [warning] Not found camera!
[2026-09-05 12:56:55.448] [warning] Unable to open usb!
[2026-09-05 12:56:55.448] [warning] Not found camera!
[2026-09-05 12:56:55.548] [warning] Unable to open usb!
[2026-09-05 12:56:55.549] [warning] Not found camera!
[2026-09-05 12:56:55.649] [warning] Unable to open usb!
[2026-09-05 12:56:55.649] [warning] Not found camera!
[2026-09-05 12:56:55.749] [warning] Unable to open usb!
[2026-09-05 12:56:55.749] [warning] Not found camera!
[2026-09-05 12:56:55.849] [warning] Unable to open usb!
[2026-09-05 12:56:55.850] [warning] Not found camera!
[2026-09-05 12:56:55.950] [warning] Unable to open usb!
[2026-09-05 12:56:55.950] [warning] Not found camera!
[2026-09-05 12:56:56.050] [warning] Unable to open usb!
[2026-09-05 12:56:56.050] [warning] Not found camera!
[2026-09-05 12:56:56.150] [warning] Unable to open usb!
[2026-09-05 12:56:56.150] [warning] Not found camera!
[2026-09-05 12:56:56.250] [warning] Unable to open usb!
[2026-09-05 12:56:56.251] [warning] Not found camera!
[2026-09-05 12:56:56.351] [warning] Unable to open usb!
[2026-09-05 12:56:56.351] [warning] Not found camera!
[2026-09-05 12:56:56.451] [warning] Unable to open usb!
[2026-09-05 12:56:56.451] [warning] Not found camera!
[2026-09-05 12:56:56.551] [warning] Unable to open usb!
[2026-09-05 12:56:56.551] [warning] Not found camera!
[2026-09-05 12:56:56.651] [warning] Unable to open usb!
[2026-09-05 12:56:56.652] [warning] Not found camera!
[2026-09-05 12:56:56.752] [warning] Unable to open usb!
[2026-09-05 12:56:56.752] [warning] Not found camera!
[2026-09-05 12:56:56.852] [warning] Unable to open usb!
[2026-09-05 12:56:56.852] [warning] Not found camera!
[2026-09-05 12:56:56.952] [warning] Unable to open usb!
[2026-09-05 12:56:56.952] [warning] Not found camera!
[2026-09-05 12:56:57.053] [warning] Unable to open usb!
[2026-09-05 12:56:57.053] [warning] Not found camera!
[2026-09-05 12:56:57.153] [warning] Unable to open usb!
[2026-09-05 12:56:57.153] [warning] Not found camera!
[2026-09-05 12:56:57.253] [warning] Unable to open usb!
[2026-09-05 12:56:57.253] [warning] Not found camera!
[2026-09-05 12:56:57.353] [warning] Unable to open usb!
[2026-09-05 12:56:57.353] [warning] Not found camera!
[2026-09-05 12:56:57.454] [warning] Unable to open usb!
[2026-09-05 12:56:57.454] [warning] Not found camera!
[2026-09-05 12:56:57.554] [warning] Unable to open usb!
[2026-09-05 12:56:57.554] [warning] Not found camera!
[2026-09-05 12:56:57.654] [warning] Unable to open usb!
[2026-09-05 12:56:57.654] [warning] Not found camera!
[2026-09-05 12:56:57.754] [warning] Unable to open usb!
[2026-09-05 12:56:57.754] [warning] Not found camera!
[2026-09-05 12:56:57.855] [warning] Unable to open usb!
[2026-09-05 12:56:57.855] [warning] Not found camera!
[2026-09-05 12:56:57.955] [warning] Unable to open usb!
[2026-09-05 12:56:57.955] [warning] Not found camera!
[2026-09-05 12:56:58.055] [warning] Unable to open usb!
[2026-09-05 12:56:58.055] [warning] Not found camera!
[2026-09-05 12:56:58.155] [warning] Unable to open usb!
[2026-09-05 12:56:58.156] [warning] Not found camera!
[2026-09-05 12:56:58.256] [warning] Unable to open usb!
[2026-09-05 12:56:58.256] [warning] Not found camera!
[2026-09-05 12:56:58.356] [warning] Unable to open usb!
[2026-09-05 12:56:58.356] [warning] Not found camera!
[2026-09-05 12:56:58.456] [warning] Unable to open usb!
[2026-09-05 12:56:58.456] [warning] Not found camera!
[2026-09-05 12:56:58.557] [warning] Unable to open usb!
[2026-09-05 12:56:58.557] [warning] Not found camera!
[2026-09-05 12:56:58.657] [warning] Unable to open usb!
[2026-09-05 12:56:58.657] [warning] Not found camera!
[2026-09-05 12:56:58.757] [warning] Unable to open usb!
[2026-09-05 12:56:58.757] [warning] Not found camera!
[2026-09-05 12:56:58.857] [warning] Unable to open usb!
[2026-09-05 12:56:58.857] [warning] Not found camera!
[2026-09-05 12:56:58.958] [warning] Unable to open usb!
[2026-09-05 12:56:58.958] [warning] Not found camera!
[2026-09-05 12:56:59.058] [warning] Unable to open usb!
[2026-09-05 12:56:59.058] [warning] Not found camera!
[2026-09-05 12:56:59.158] [warning] Unable to open usb!
[2026-09-05 12:56:59.158] [warning] Not found camera!
[2026-09-05 12:56:59.258] [warning] Unable to open usb!
[2026-09-05 12:56:59.259] [warning] Not found camera!
[2026-09-05 12:56:59.359] [warning] Unable to open usb!
[2026-09-05 12:56:59.359] [warning] Not found camera!
[2026-09-05 12:56:59.462] [warning] Unable to open usb!
[2026-09-05 12:56:59.462] [warning] Not found camera!
[2026-09-05 12:56:59.562] [warning] Unable to open usb!
[2026-09-05 12:56:59.562] [warning] Not found camera!
[2026-09-05 12:56:59.662] [warning] Unable to open usb!
[2026-09-05 12:56:59.663] [warning] Not found camera!
[2026-09-05 12:56:59.763] [warning] Unable to open usb!
[2026-09-05 12:56:59.763] [warning] Not found camera!
[2026-09-05 12:56:59.863] [warning] Unable to open usb!
[2026-09-05 12:56:59.863] [warning] Not found camera!
[2026-09-05 12:56:59.963] [warning] Unable to open usb!
[2026-09-05 12:56:59.963] [warning] Not found camera!
[2026-09-05 12:57:00.063] [warning] Unable to open usb!
[2026-09-05 12:57:00.064] [warning] Not found camera!
[2026-09-05 12:57:00.164] [warning] Unable to open usb!
[2026-09-05 12:57:00.164] [warning] Not found camera!
[2026-09-05 12:57:00.264] [warning] Unable to open usb!
[2026-09-05 12:57:00.264] [warning] Not found camera!
[2026-09-05 12:57:00.364] [warning] Unable to open usb!
[2026-09-05 12:57:00.364] [warning] Not found camera!
[2026-09-05 12:57:00.464] [warning] Unable to open usb!
[2026-09-05 12:57:00.465] [warning] Not found camera!
[2026-09-05 12:57:00.565] [warning] Unable to open usb!
[2026-09-05 12:57:00.565] [warning] Not found camera!
[2026-09-05 12:57:00.665] [warning] Unable to open usb!
[2026-09-05 12:57:00.665] [warning] Not found camera!
[2026-09-05 12:57:00.765] [warning] Unable to open usb!
[2026-09-05 12:57:00.766] [warning] Not found camera!
[2026-09-05 12:57:00.866] [warning] Unable to open usb!
[2026-09-05 12:57:00.866] [warning] Not found camera!
[2026-09-05 12:57:00.966] [warning] Unable to open usb!
[2026-09-05 12:57:00.966] [warning] Not found camera!
[2026-09-05 12:57:01.066] [warning] Unable to open usb!
[2026-09-05 12:57:01.066] [warning] Not found camera!
[2026-09-05 12:57:01.167] [warning] Unable to open usb!
[2026-09-05 12:57:01.167] [warning] Not found camera!
[2026-09-05 12:57:01.267] [warning] Unable to open usb!
[2026-09-05 12:57:01.267] [warning] Not found camera!
[2026-09-05 12:57:01.367] [warning] Unable to open usb!
[2026-09-05 12:57:01.367] [warning] Not found camera!
[2026-09-05 12:57:01.467] [warning] Unable to open usb!
[2026-09-05 12:57:01.468] [warning] Not found camera!
[2026-09-05 12:57:01.568] [warning] Unable to open usb!
[2026-09-05 12:57:01.568] [warning] Not found camera!
[2026-09-05 12:57:01.668] [warning] Unable to open usb!
[2026-09-05 12:57:01.668] [warning] Not found camera!
[2026-09-05 12:57:01.768] [warning] Unable to open usb!
[2026-09-05 12:57:01.768] [warning] Not found camera!
[2026-09-05 12:57:01.869] [warning] Unable to open usb!
[2026-09-05 12:57:01.869] [warning] Not found camera!
[2026-09-05 12:57:01.969] [warning] Unable to open usb!
[2026-09-05 12:57:01.969] [warning] Not found camera!
[2026-09-05 12:57:02.069] [warning] Unable to open usb!
[2026-09-05 12:57:02.069] [warning] Not found camera!
[2026-09-05 12:57:02.169] [warning] Unable to open usb!
[2026-09-05 12:57:02.170] [warning] Not found camera!
[2026-09-05 12:57:02.270] [warning] Unable to open usb!
[2026-09-05 12:57:02.270] [warning] Not found camera!
[2026-09-05 12:57:02.370] [warning] Unable to open usb!
[2026-09-05 12:57:02.370] [warning] Not found camera!
[2026-09-05 12:57:02.470] [warning] Unable to open usb!
[2026-09-05 12:57:02.470] [warning] Not found camera!
[2026-09-05 12:57:02.571] [warning] Unable to open usb!
[2026-09-05 12:57:02.571] [warning] Not found camera!
[2026-09-05 12:57:02.671] [warning] Unable to open usb!
[2026-09-05 12:57:02.671] [warning] Not found camera!
[2026-09-05 12:57:02.771] [warning] Unable to open usb!
[2026-09-05 12:57:02.771] [warning] Not found camera!
[2026-09-05 12:57:02.871] [warning] Unable to open usb!
[2026-09-05 12:57:02.871] [warning] Not found camera!
[2026-09-05 12:57:02.972] [warning] Unable to open usb!
[2026-09-05 12:57:02.972] [warning] Not found camera!
[2026-09-05 12:57:03.072] [warning] Unable to open usb!
[2026-09-05 12:57:03.072] [warning] Not found camera!
[2026-09-05 12:57:03.172] [warning] Unable to open usb!
[2026-09-05 12:57:03.172] [warning] Not found camera!
[2026-09-05 12:57:03.272] [warning] Unable to open usb!
[2026-09-05 12:57:03.272] [warning] Not found camera!
[2026-09-05 12:57:03.373] [warning] Unable to open usb!
[2026-09-05 12:57:03.373] [warning] Not found camera!
[2026-09-05 12:57:03.473] [warning] Unable to open usb!
[2026-09-05 12:57:03.473] [warning] Not found camera!
[2026-09-05 12:57:03.573] [warning] Unable to open usb!
[2026-09-05 12:57:03.573] [warning] Not found camera!
[2026-09-05 12:57:03.673] [warning] Unable to open usb!
[2026-09-05 12:57:03.673] [warning] Not found camera!
[2026-09-05 12:57:03.774] [warning] Unable to open usb!
[2026-09-05 12:57:03.774] [warning] Not found camera!
[2026-09-05 12:57:03.874] [warning] Unable to open usb!
[2026-09-05 12:57:03.874] [warning] Not found camera!
[2026-09-05 12:57:03.974] [warning] Unable to open usb!
[2026-09-05 12:57:03.974] [warning] Not found camera!
[2026-09-05 12:57:04.074] [warning] Unable to open usb!
[2026-09-05 12:57:04.075] [warning] Not found camera!
[2026-09-05 12:57:04.175] [warning] Unable to open usb!
[2026-09-05 12:57:04.175] [warning] Not found camera!
[2026-09-05 12:57:04.275] [warning] Unable to open usb!
[2026-09-05 12:57:04.275] [warning] Not found camera!
[2026-09-05 12:57:04.375] [warning] Unable to open usb!
[2026-09-05 12:57:04.375] [warning] Not found camera!
[2026-09-05 12:57:04.475] [warning] Unable to open usb!
[2026-09-05 12:57:04.476] [warning] Not found camera!
[2026-09-05 12:57:04.576] [warning] Unable to open usb!
[2026-09-05 12:57:04.576] [warning] Not found camera!
[2026-09-05 12:57:04.676] [warning] Unable to open usb!
[2026-09-05 12:57:04.676] [warning] Not found camera!
[2026-09-05 12:57:04.776] [warning] Unable to open usb!
[2026-09-05 12:57:04.776] [warning] Not found camera!
[2026-09-05 12:57:04.877] [warning] Unable to open usb!
[2026-09-05 12:57:04.877] [warning] Not found camera!
[2026-09-05 12:57:04.977] [warning] Unable to open usb!
[2026-09-05 12:57:04.977] [warning] Not found camera!
[2026-09-05 12:57:05.077] [warning] Unable to open usb!
[2026-09-05 12:57:05.077] [warning] Not found camera!
[2026-09-05 12:57:05.177] [warning] Unable to open usb!
[2026-09-05 12:57:05.178] [warning] Not found camera!
[2026-09-05 12:57:05.278] [warning] Unable to open usb!
[2026-09-05 12:57:05.278] [warning] Not found camera!
[2026-09-05 12:57:05.378] [warning] Unable to open usb!
[2026-09-05 12:57:05.378] [warning] Not found camera!
[2026-09-05 12:57:05.478] [warning] Unable to open usb!
[2026-09-05 12:57:05.478] [warning] Not found camera!
[2026-09-05 12:57:05.578] [warning] Unable to open usb!
[2026-09-05 12:57:05.579] [warning] Not found camera!
[2026-09-05 12:57:05.679] [warning] Unable to open usb!
[2026-09-05 12:57:05.679] [warning] Not found camera!
[2026-09-05 12:57:05.779] [warning] Unable to open usb!
[2026-09-05 12:57:05.779] [warning] Not found camera!
[2026-09-05 12:57:05.879] [warning] Unable to open usb!
[2026-09-05 12:57:05.879] [warning] Not found camera!
[2026-09-05 12:57:05.979] [warning] Unable to open usb!
[2026-09-05 12:57:05.980] [warning] Not found camera!
[2026-09-05 12:57:06.080] [warning] Unable to open usb!
[2026-09-05 12:57:06.080] [warning] Not found camera!
[2026-09-05 12:57:06.180] [warning] Unable to open usb!
[2026-09-05 12:57:06.180] [warning] Not found camera!
[2026-09-05 12:57:06.280] [warning] Unable to open usb!
[2026-09-05 12:57:06.281] [warning] Not found camera!
[2026-09-05 12:57:06.381] [warning] Unable to open usb!
[2026-09-05 12:57:06.381] [warning] Not found camera!
[2026-09-05 12:57:06.481] [warning] Unable to open usb!
[2026-09-05 12:57:06.481] [warning] Not found camera!
[2026-09-05 12:57:06.581] [warning] Unable to open usb!
[2026-09-05 12:57:06.581] [warning] Not found camera!
[2026-09-05 12:57:06.682] [warning] Unable to open usb!
[2026-09-05 12:57:06.682] [warning] Not found camera!
[2026-09-05 12:57:06.782] [warning] Unable to open usb!
[2026-09-05 12:57:06.782] [warning] Not found camera!
[2026-09-05 12:57:06.882] [warning] Unable to open usb!
[2026-09-05 12:57:06.882] [warning] Not found camera!
[2026-09-05 12:57:06.982] [warning] Unable to open usb!
[2026-09-05 12:57:06.983] [warning] Not found camera!
[2026-09-05 12:57:07.083] [warning] Unable to open usb!
[2026-09-05 12:57:07.083] [warning] Not found camera!
[2026-09-05 12:57:07.183] [warning] Unable to open usb!
[2026-09-05 12:57:07.183] [warning] Not found camera!
[2026-09-05 12:57:07.283] [warning] Unable to open usb!
[2026-09-05 12:57:07.283] [warning] Not found camera!
[2026-09-05 12:57:07.383] [warning] Unable to open usb!
[2026-09-05 12:57:07.384] [warning] Not found camera!
[2026-09-05 12:57:07.484] [warning] Unable to open usb!
[2026-09-05 12:57:07.484] [warning] Not found camera!
[2026-09-05 12:57:07.584] [warning] Unable to open usb!
[2026-09-05 12:57:07.584] [warning] Not found camera!
[2026-09-05 12:57:07.684] [warning] Unable to open usb!
[2026-09-05 12:57:07.684] [warning] Not found camera!
[2026-09-05 12:57:07.784] [warning] Unable to open usb!
[2026-09-05 12:57:07.785] [warning] Not found camera!
[2026-09-05 12:57:07.885] [warning] Unable to open usb!
[2026-09-05 12:57:07.885] [warning] Not found camera!
[2026-09-05 12:57:07.985] [warning] Unable to open usb!
[2026-09-05 12:57:07.985] [warning] Not found camera!
[2026-09-05 12:57:08.085] [warning] Unable to open usb!
[2026-09-05 12:57:08.085] [warning] Not found camera!
[2026-09-05 12:57:08.186] [warning] Unable to open usb!
[2026-09-05 12:57:08.186] [warning] Not found camera!
