[2026-09-05 14:05:02.900] [info] [Performance] Thread limits: OpenCV=1, TBB=4, OMP=4
[2026-09-05 14:05:02.919] [info] [ROS2Visualizer] Initialized: node=standard_node, marker_topic=standard_markers
[2026-09-05 14:05:02.919] [info] [ROS2Visualizer] Spin thread started
[2026-09-05 14:05:02.919] [info] [ROS2] Visualizer initialized
[2026-09-05 14:05:02.919] [info] [CBoard] disabled (cboard_enable=false); XUC is expected to provide IMU
[2026-09-05 14:05:02.920] [info] Camera constructor: config_path=configs/standard_hikrobot_phase2d5_fire_dryrun.yaml, camera_name=hikrobot
[2026-09-05 14:05:02.920] [info] Creating HikRobot camera
[2026-09-05 14:05:02.921] [info] HikRobot's daemon thread started.
[2026-09-05 14:05:02.921] [info] Camera constructor completed
[2026-09-05 14:05:02.922] [info] [XUC] serial opened /dev/serial/by-id/usb-1a86_USB_Serial-if00-port0 @ 460800 baud, angles=rad, yaw_sign=0.94074425, pitch_sign=1, imu_yaw_sign=-1.06298816, imu_pitch_sign=1, allow_control=true, allow_shoot=false, require_feedback=true, require_auto_mode=false, max_yaw_excursion_deg=0.00, lock_pitch=false
[2026-09-05 14:05:02.922] [warning] [XUC][SAFE] shoot output is forced to zero
[2026-09-05 14:05:02.969] [info] [YOLO26] CPU cores: 16, big cores found: 4, core_type: unavailable, max_freq: 4900000
[2026-09-05 14:05:02.969] [info] [YOLO26] Big core ids: [4,5,6,7]
[2026-09-05 14:05:02.969] [info] [YOLO26] Successfully bound to 4 big cores
[2026-09-05 14:05:02.969] [info] [YOLO26] Disabled OpenCV threading to avoid CPU contention
[2026-09-05 14:05:02.985] [info] [YOLO26] Compiling model with 4 threads (LATENCY mode)
[2026-09-05 14:05:03.248] [info] [YOLO26] Initialization complete - SYNC mode optimized
[2026-09-05 14:05:03.248] [info] [YOLO26] Config: threads=4, streams=1, requests=1, letterbox=114, min_confidence=0.45, min_keypoint_confidence=0.00, swap_rb=false, refine_color=true, color_delta=12.0, color_hold_frames=12, save_samples=false, debug=false
[2026-09-05 14:05:03.253] [info] === All modules initialized ===
[2026-09-05 14:05:03.253] [info] [ROS2Visualizer] Published static TF: gimbal -> camera
[2026-09-05 14:05:03.253] [info] [ROS2] Published static TF: gimbal -> camera
[2026-09-05 14:05:03.253] [info] === Entering main loop ===
[2026-09-05 14:05:03.253] [info] [SYNC] 发送默认命令，等待相机触发
[2026-09-05 14:05:04.098] [info] [HikRobot][READBACK] image=1440x1080, pixel_format=0x1080009
[2026-09-05 14:05:04.100] [info] [HikRobot][READBACK] exposure_us=2000.0 auto=0, gain=10.02 auto=0, white_balance_auto=0
[2026-09-05 14:05:04.100] [info] [HikRobot][READBACK] trigger=off (continuous acquisition)
[2026-09-05 14:05:04.100] [info] [HikRobot][READBACK] acquisition_fps=150.00
[2026-09-05 14:05:04.113] [info] HikRobot's capture thread started.
[2026-09-05 14:05:04.120] [info] [HikRobot] first frame: 1440x1080, pixel_type=0x1080009, frame_len=1555200
[DEBUG] armors=0, targets=0
[DEBUG] armors=0, targets=0
[DEBUG] armors=0, targets=0
[DEBUG] armors=0, targets=0
[DEBUG] armors=0, targets=0
[DEBUG] armors=0, targets=0
[DEBUG] armors=0, targets=0
[DEBUG] armors=0, targets=0
[DEBUG] armors=0, targets=0
[DEBUG] armors=0, targets=0
[DEBUG] armors=0, targets=0
[DEBUG] armors=0, targets=0
[DEBUG] armors=0, targets=0
[DEBUG] armors=0, targets=0
[DEBUG] armors=0, targets=0
[DEBUG] armors=0, targets=0
[DEBUG] armors=0, targets=0
[DEBUG] armors=0, targets=0
[DEBUG] armors=0, targets=0
[DEBUG] armors=0, targets=0
[2026-09-05 14:05:04.505] [info] [DRYRUN] target=none gimbal_deg=(30.83,1.34) control=false shoot=false
[DEBUG] armors=0, targets=0
[DEBUG] armors=0, targets=0
[DEBUG] armors=0, targets=0
[DEBUG] armors=0, targets=0
[DEBUG] armors=0, targets=0
[DEBUG] armors=0, targets=0
[DEBUG] armors=0, targets=0
[DEBUG] armors=0, targets=0
[DEBUG] armors=0, targets=0
[DEBUG] armors=0, targets=0
[DEBUG] armors=0, targets=0
[DEBUG] armors=0, targets=0
[DEBUG] armors=0, targets=0
[DEBUG] armors=0, targets=0
[DEBUG] armors=0, targets=0
[DEBUG] armors=0, targets=0
[DEBUG] armors=0, targets=0
[DEBUG] armors=0, targets=0
[DEBUG] armors=0, targets=0
[DEBUG] armors=0, targets=0
[2026-09-05 14:05:04.801] [info] [DRYRUN] target=none gimbal_deg=(30.83,1.34) control=false shoot=false
[DEBUG] armors=0, targets=0
[DEBUG] armors=0, targets=0
[DEBUG] armors=0, targets=0
[DEBUG] armors=0, targets=0
[DEBUG] armors=0, targets=0
[DEBUG] armors=0, targets=0
[DEBUG] armors=0, targets=0
[DEBUG] armors=0, targets=0
[DEBUG] armors=0, targets=0
[2026-09-05 14:05:04.936] [info] [SYNC][XUC] mode=0 yaw=-30.83 deg pitch=1.34 deg feeder_rpm=0.00 wheel0_rpm=0 wheel1_rpm=0 wheel_delta=0 projectile_speed=9.50
[DEBUG] armors=0, targets=0
[2026-09-05 14:05:04.952] [info] [PERF] 总耗时=15.3ms (检测=13.2ms, 跟踪=0.0ms), FPS=65.3
[2026-09-05 14:05:04.952] [info] 📊 [CAMERA FPS] 瞬时帧率=65.2fps, 平均帧率=60.3fps, 总帧数=50, 运行时间=0.8s
[DEBUG] armors=0, targets=0
[DEBUG] armors=0, targets=0
[DEBUG] armors=0, targets=0
[DEBUG] armors=0, targets=0
[DEBUG] armors=0, targets=0
[DEBUG] armors=0, targets=0
[DEBUG] armors=0, targets=0
[DEBUG] armors=0, targets=0
[DEBUG] armors=0, targets=0
[DEBUG] armors=0, targets=0
[2026-09-05 14:05:05.094] [info] [DRYRUN] target=none gimbal_deg=(30.83,1.34) control=false shoot=false
[DEBUG] armors=0, targets=0
[DEBUG] armors=0, targets=0
[DEBUG] armors=0, targets=0
[DEBUG] armors=0, targets=0
[DEBUG] armors=0, targets=0
[DEBUG] armors=0, targets=0
[DEBUG] armors=0, targets=0
[DEBUG] armors=0, targets=0
[DEBUG] armors=0, targets=0
[DEBUG] armors=0, targets=0
[DEBUG] armors=0, targets=0
[DEBUG] armors=0, targets=0
[DEBUG] armors=0, targets=0
[DEBUG] armors=0, targets=0
[DEBUG] armors=0, targets=0
[DEBUG] armors=0, targets=0
[DEBUG] armors=0, targets=0
[DEBUG] armors=0, targets=0
[DEBUG] armors=0, targets=0
[DEBUG] armors=0, targets=0
[2026-09-05 14:05:05.385] [info] [DRYRUN] target=none gimbal_deg=(30.83,1.34) control=false shoot=false
[DEBUG] armors=0, targets=0
[DEBUG] armors=0, targets=0
[DEBUG] armors=0, targets=0
[DEBUG] armors=0, targets=0
[DEBUG] armors=0, targets=0
[DEBUG] armors=0, targets=0
[DEBUG] armors=0, targets=0
[DEBUG] armors=0, targets=0
[DEBUG] armors=0, targets=0
[DEBUG] armors=0, targets=0
[DEBUG] armors=0, targets=0
[DEBUG] armors=0, targets=0
[DEBUG] armors=0, targets=0
[DEBUG] armors=0, targets=0
[DEBUG] armors=0, targets=0
[DEBUG] armors=0, targets=0
[DEBUG] armors=0, targets=0
[DEBUG] armors=0, targets=0
[DEBUG] armors=0, targets=0
[2026-09-05 14:05:05.663] [info] [SYNC][XUC] mode=0 yaw=-30.83 deg pitch=1.34 deg feeder_rpm=-4.00 wheel0_rpm=0 wheel1_rpm=0 wheel_delta=0 projectile_speed=9.50
[DEBUG] armors=0, targets=0
[2026-09-05 14:05:05.676] [info] [DRYRUN] target=none gimbal_deg=(30.83,1.34) control=false shoot=false
[2026-09-05 14:05:05.677] [info] [PERF] 总耗时=14.5ms (检测=12.5ms, 跟踪=0.0ms), FPS=68.9
[2026-09-05 14:05:05.678] [info] 📊 [CAMERA FPS] 瞬时帧率=68.8fps, 平均帧率=64.3fps, 总帧数=100, 运行时间=1.6s
[DEBUG] armors=0, targets=0
[DEBUG] armors=0, targets=0
[DEBUG] armors=0, targets=0
[DEBUG] armors=0, targets=0
[DEBUG] armors=0, targets=0
[DEBUG] armors=0, targets=0
[DEBUG] armors=0, targets=0
[DEBUG] armors=0, targets=0
[DEBUG] armors=0, targets=0
[DEBUG] armors=0, targets=0
[DEBUG] armors=0, targets=0
[DEBUG] armors=0, targets=0
[DEBUG] armors=0, targets=0
[DEBUG] armors=0, targets=0
[DEBUG] armors=0, targets=0
[DEBUG] armors=0, targets=0
[DEBUG] armors=0, targets=0
[DEBUG] armors=0, targets=0
[DEBUG] armors=0, targets=0
[DEBUG] armors=0, targets=0
[2026-09-05 14:05:05.969] [info] [DRYRUN] target=none gimbal_deg=(30.83,1.34) control=false shoot=false
[DEBUG] armors=0, targets=0
[DEBUG] armors=0, targets=0
[DEBUG] armors=0, targets=0
[DEBUG] armors=0, targets=0
[DEBUG] armors=0, targets=0
[DEBUG] armors=0, targets=0
[DEBUG] armors=0, targets=0
[DEBUG] armors=0, targets=0
[DEBUG] armors=0, targets=0
[DEBUG] armors=0, targets=0
[DEBUG] armors=0, targets=0
[DEBUG] armors=0, targets=0
[DEBUG] armors=0, targets=0
[DEBUG] armors=0, targets=0
[DEBUG] armors=0, targets=0
[DEBUG] armors=0, targets=0
[DEBUG] armors=0, targets=0
[DEBUG] armors=0, targets=0
[DEBUG] armors=0, targets=0
[DEBUG] armors=0, targets=0
[2026-09-05 14:05:06.261] [info] [DRYRUN] target=none gimbal_deg=(30.83,1.34) control=false shoot=false
[DEBUG] armors=0, targets=0
[DEBUG] armors=0, targets=0
[DEBUG] armors=0, targets=0
[DEBUG] armors=0, targets=0
[DEBUG] armors=0, targets=0
[DEBUG] armors=0, targets=0
[DEBUG] armors=0, targets=0
[DEBUG] armors=0, targets=0
[DEBUG] armors=0, targets=0
[2026-09-05 14:05:06.397] [info] [SYNC][XUC] mode=0 yaw=-30.83 deg pitch=1.34 deg feeder_rpm=0.00 wheel0_rpm=0 wheel1_rpm=0 wheel_delta=0 projectile_speed=9.50
[DEBUG] armors=0, targets=0
[2026-09-05 14:05:06.411] [info] [PERF] 总耗时=14.7ms (检测=12.6ms, 跟踪=0.0ms), FPS=68.2
[2026-09-05 14:05:06.411] [info] 📊 [CAMERA FPS] 瞬时帧率=68.1fps, 平均帧率=65.5fps, 总帧数=150, 运行时间=2.3s
[DEBUG] armors=0, targets=0
[DEBUG] armors=0, targets=0
[DEBUG] armors=0, targets=0
[DEBUG] armors=0, targets=0
[DEBUG] armors=0, targets=0
[DEBUG] armors=0, targets=0
[DEBUG] armors=0, targets=0
[DEBUG] armors=0, targets=0
[DEBUG] armors=0, targets=0
[DEBUG] armors=0, targets=0
[2026-09-05 14:05:06.555] [info] [DRYRUN] target=none gimbal_deg=(30.83,1.34) control=false shoot=false
[DEBUG] armors=0, targets=0
[DEBUG] armors=0, targets=0
[DEBUG] armors=0, targets=0
[DEBUG] armors=0, targets=0
[DEBUG] armors=0, targets=0
[DEBUG] armors=0, targets=0
[DEBUG] armors=0, targets=0
[DEBUG] armors=0, targets=0
[DEBUG] armors=0, targets=0
[DEBUG] armors=0, targets=0
[DEBUG] armors=0, targets=0
[DEBUG] armors=0, targets=0
[DEBUG] armors=0, targets=0
[DEBUG] armors=0, targets=0
[DEBUG] armors=0, targets=0
[DEBUG] armors=0, targets=0
[DEBUG] armors=0, targets=0
[DEBUG] armors=0, targets=0
[DEBUG] armors=0, targets=0
[DEBUG] armors=0, targets=0
[2026-09-05 14:05:06.846] [info] [DRYRUN] target=none gimbal_deg=(30.83,1.34) control=false shoot=false
[DEBUG] armors=0, targets=0
[DEBUG] armors=0, targets=0
[DEBUG] armors=0, targets=0
[DEBUG] armors=0, targets=0
[DEBUG] armors=0, targets=0
[DEBUG] armors=0, targets=0
[DEBUG] armors=0, targets=0
[DEBUG] armors=0, targets=0
[DEBUG] armors=0, targets=0
[DEBUG] armors=0, targets=0
[DEBUG] armors=0, targets=0
[DEBUG] armors=0, targets=0
[DEBUG] armors=0, targets=0
[DEBUG] armors=0, targets=0
[DEBUG] armors=0, targets=0
[DEBUG] armors=0, targets=0
[DEBUG] armors=0, targets=0
[DEBUG] armors=0, targets=0
[DEBUG] armors=0, targets=0
[2026-09-05 14:05:07.127] [info] [SYNC][XUC] mode=0 yaw=-30.83 deg pitch=1.34 deg feeder_rpm=0.00 wheel0_rpm=0 wheel1_rpm=0 wheel_delta=0 projectile_speed=9.50
[DEBUG] armors=0, targets=0
[2026-09-05 14:05:07.140] [info] [DRYRUN] target=none gimbal_deg=(30.83,1.34) control=false shoot=false
[2026-09-05 14:05:07.142] [info] [PERF] 总耗时=14.6ms (检测=12.3ms, 跟踪=0.0ms), FPS=68.4
[2026-09-05 14:05:07.142] [info] 📊 [CAMERA FPS] 瞬时帧率=68.3fps, 平均帧率=66.2fps, 总帧数=200, 运行时间=3.0s
[DEBUG] armors=0, targets=0
[DEBUG] armors=0, targets=0
[DEBUG] armors=0, targets=0
[DEBUG] armors=0, targets=0
[DEBUG] armors=0, targets=0
[DEBUG] armors=0, targets=0
[DEBUG] armors=0, targets=0
[DEBUG] armors=0, targets=0
[DEBUG] armors=0, targets=0
[DEBUG] armors=0, targets=0
[DEBUG] armors=0, targets=0
[DEBUG] armors=0, targets=0
[DEBUG] armors=0, targets=0
[DEBUG] armors=0, targets=0
[DEBUG] armors=0, targets=0
[DEBUG] armors=0, targets=0
[DEBUG] armors=0, targets=0
[DEBUG] armors=0, targets=0
[DEBUG] armors=0, targets=0
[DEBUG] armors=0, targets=0
[2026-09-05 14:05:07.432] [info] [DRYRUN] target=none gimbal_deg=(30.83,1.34) control=false shoot=false
[DEBUG] armors=0, targets=0
[DEBUG] armors=0, targets=0
[DEBUG] armors=0, targets=0
[DEBUG] armors=0, targets=0
[DEBUG] armors=0, targets=0
[DEBUG] armors=0, targets=0
[DEBUG] armors=0, targets=0
[DEBUG] armors=0, targets=0
[DEBUG] armors=0, targets=0
[DEBUG] armors=0, targets=0
[DEBUG] armors=0, targets=0
[DEBUG] armors=0, targets=0
[DEBUG] armors=0, targets=0
[DEBUG] armors=0, targets=0
[DEBUG] armors=0, targets=0
[DEBUG] armors=0, targets=0
[DEBUG] armors=0, targets=0
[DEBUG] armors=0, targets=0
[DEBUG] armors=0, targets=0
[DEBUG] armors=0, targets=0
[2026-09-05 14:05:07.723] [info] [DRYRUN] target=none gimbal_deg=(30.83,1.34) control=false shoot=false
[DEBUG] armors=0, targets=0
[DEBUG] armors=0, targets=0
[DEBUG] armors=0, targets=0
[DEBUG] armors=0, targets=0
[DEBUG] armors=0, targets=0
[DEBUG] armors=0, targets=0
[DEBUG] armors=0, targets=0
[DEBUG] armors=0, targets=0
[DEBUG] armors=0, targets=0
[2026-09-05 14:05:07.854] [info] [SYNC][XUC] mode=0 yaw=-30.83 deg pitch=1.34 deg feeder_rpm=0.00 wheel0_rpm=0 wheel1_rpm=0 wheel_delta=0 projectile_speed=9.50
[DEBUG] armors=0, targets=0
[2026-09-05 14:05:07.868] [info] [PERF] 总耗时=14.4ms (检测=12.3ms, 跟踪=0.0ms), FPS=69.3
[2026-09-05 14:05:07.868] [info] 📊 [CAMERA FPS] 瞬时帧率=69.2fps, 平均帧率=66.7fps, 总帧数=250, 运行时间=3.7s
[DEBUG] armors=0, targets=0
[DEBUG] armors=0, targets=0
[DEBUG] armors=0, targets=0
[DEBUG] armors=0, targets=0
[DEBUG] armors=0, targets=0
[DEBUG] armors=0, targets=0
[DEBUG] armors=0, targets=0
[DEBUG] armors=0, targets=0
[DEBUG] armors=0, targets=0
[DEBUG] armors=0, targets=0
[2026-09-05 14:05:08.013] [info] [DRYRUN] target=none gimbal_deg=(30.83,1.34) control=false shoot=false
[DEBUG] armors=0, targets=0
[DEBUG] armors=0, targets=0
[DEBUG] armors=0, targets=0
[DEBUG] armors=0, targets=0
[DEBUG] armors=0, targets=0
[DEBUG] armors=0, targets=0
[DEBUG] armors=0, targets=0
[DEBUG] armors=0, targets=0
[DEBUG] armors=0, targets=0
[DEBUG] armors=0, targets=0
[DEBUG] armors=0, targets=0
[DEBUG] armors=0, targets=0
[DEBUG] armors=0, targets=0
[DEBUG] armors=0, targets=0
[DEBUG] armors=0, targets=0
[DEBUG] armors=0, targets=0
[DEBUG] armors=0, targets=0
[DEBUG] armors=0, targets=0
[DEBUG] armors=0, targets=0
[DEBUG] armors=0, targets=0
[2026-09-05 14:05:08.309] [info] [DRYRUN] target=none gimbal_deg=(30.83,1.34) control=false shoot=false
[DEBUG] armors=0, targets=0
[DEBUG] armors=0, targets=0
[DEBUG] armors=0, targets=0
[DEBUG] armors=0, targets=0
[DEBUG] armors=0, targets=0
[DEBUG] armors=0, targets=0
[DEBUG] armors=0, targets=0
[DEBUG] armors=0, targets=0
[DEBUG] armors=0, targets=0
[DEBUG] armors=0, targets=0
[DEBUG] armors=0, targets=0
[DEBUG] armors=0, targets=0
[DEBUG] armors=0, targets=0
[DEBUG] armors=0, targets=0
[DEBUG] armors=0, targets=0
[DEBUG] armors=0, targets=0
[DEBUG] armors=0, targets=0
[DEBUG] armors=0, targets=0
[DEBUG] armors=0, targets=0
[2026-09-05 14:05:08.594] [info] [SYNC][XUC] mode=0 yaw=-30.83 deg pitch=1.34 deg feeder_rpm=0.00 wheel0_rpm=0 wheel1_rpm=0 wheel_delta=0 projectile_speed=9.50
[DEBUG] armors=0, targets=0
[2026-09-05 14:05:08.606] [info] [DRYRUN] target=none gimbal_deg=(30.83,1.34) control=false shoot=false
[2026-09-05 14:05:08.609] [info] [PERF] 总耗时=15.1ms (检测=12.7ms, 跟踪=0.0ms), FPS=66.4
[2026-09-05 14:05:08.609] [info] 📊 [CAMERA FPS] 瞬时帧率=66.3fps, 平均帧率=66.9fps, 总帧数=300, 运行时间=4.5s
[DEBUG] armors=0, targets=0
[DEBUG] armors=0, targets=0
[DEBUG] armors=0, targets=0
[DEBUG] armors=0, targets=0
[DEBUG] armors=0, targets=0
[DEBUG] armors=0, targets=0
[DEBUG] armors=0, targets=0
[DEBUG] armors=0, targets=0
[DEBUG] armors=0, targets=0
[DEBUG] armors=0, targets=0
[DEBUG] armors=0, targets=0
[DEBUG] armors=0, targets=0
[DEBUG] armors=0, targets=0
[DEBUG] armors=0, targets=0
[DEBUG] armors=0, targets=0
[DEBUG] armors=0, targets=0
[DEBUG] armors=0, targets=0
[DEBUG] armors=0, targets=0
[DEBUG] armors=0, targets=0
[DEBUG] armors=0, targets=0
[2026-09-05 14:05:08.905] [info] [DRYRUN] target=none gimbal_deg=(30.83,1.34) control=false shoot=false
[DEBUG] armors=0, targets=0
[DEBUG] armors=0, targets=0
[DEBUG] armors=0, targets=0
[DEBUG] armors=0, targets=0
[DEBUG] armors=0, targets=0
[DEBUG] armors=0, targets=0
[DEBUG] armors=0, targets=0
[DEBUG] armors=0, targets=0
[DEBUG] armors=0, targets=0
[DEBUG] armors=0, targets=0
[DEBUG] armors=0, targets=0
[DEBUG] armors=0, targets=0
[DEBUG] armors=0, targets=0
[DEBUG] armors=0, targets=0
[DEBUG] armors=0, targets=0
[DEBUG] armors=0, targets=0
[DEBUG] armors=0, targets=0
[DEBUG] armors=0, targets=0
[DEBUG] armors=0, targets=0
[DEBUG] armors=0, targets=0
[2026-09-05 14:05:09.200] [info] [DRYRUN] target=none gimbal_deg=(30.83,1.34) control=false shoot=false
[DEBUG] armors=0, targets=0
[DEBUG] armors=0, targets=0
[DEBUG] armors=0, targets=0
[DEBUG] armors=0, targets=0
[DEBUG] armors=0, targets=0
[DEBUG] armors=0, targets=0
[DEBUG] armors=0, targets=0
[DEBUG] armors=0, targets=0
[DEBUG] armors=0, targets=0
[2026-09-05 14:05:09.336] [info] [SYNC][XUC] mode=0 yaw=-30.83 deg pitch=1.34 deg feeder_rpm=0.00 wheel0_rpm=0 wheel1_rpm=0 wheel_delta=0 projectile_speed=9.50
[DEBUG] armors=0, targets=0
[2026-09-05 14:05:09.351] [info] [PERF] 总耗时=15.4ms (检测=13.1ms, 跟踪=0.0ms), FPS=65.1
[2026-09-05 14:05:09.351] [info] 📊 [CAMERA FPS] 瞬时帧率=65.0fps, 平均帧率=66.9fps, 总帧数=350, 运行时间=5.2s
[DEBUG] armors=0, targets=0
[DEBUG] armors=0, targets=0
[DEBUG] armors=0, targets=0
[DEBUG] armors=0, targets=0
[DEBUG] armors=0, targets=0
[DEBUG] armors=0, targets=0
[DEBUG] armors=0, targets=0
[DEBUG] armors=0, targets=0
[DEBUG] armors=0, targets=0
[DEBUG] armors=0, targets=0
[2026-09-05 14:05:09.497] [info] [DRYRUN] target=none gimbal_deg=(30.83,1.34) control=false shoot=false
[DEBUG] armors=0, targets=0
[DEBUG] armors=0, targets=0
[DEBUG] armors=0, targets=0
[DEBUG] armors=0, targets=0
[DEBUG] armors=0, targets=0
[DEBUG] armors=0, targets=0
[DEBUG] armors=0, targets=0
[DEBUG] armors=0, targets=0
[DEBUG] armors=0, targets=0
[DEBUG] armors=0, targets=0
[DEBUG] armors=0, targets=0
[DEBUG] armors=0, targets=0
[DEBUG] armors=0, targets=0
[DEBUG] armors=0, targets=0
[DEBUG] armors=0, targets=0
[DEBUG] armors=0, targets=0
[DEBUG] armors=0, targets=0
[DEBUG] armors=0, targets=0
[DEBUG] armors=0, targets=0
[DEBUG] armors=0, targets=0
[2026-09-05 14:05:09.794] [info] [DRYRUN] target=none gimbal_deg=(30.83,1.34) control=false shoot=false
[DEBUG] armors=0, targets=0
[DEBUG] armors=0, targets=0
[DEBUG] armors=0, targets=0
[DEBUG] armors=0, targets=0
[DEBUG] armors=0, targets=0
[DEBUG] armors=0, targets=0
[DEBUG] armors=0, targets=0
[DEBUG] armors=0, targets=0
[DEBUG] armors=0, targets=0
[DEBUG] armors=0, targets=0
[DEBUG] armors=0, targets=0
[DEBUG] armors=0, targets=0
[DEBUG] armors=0, targets=0
[DEBUG] armors=0, targets=0
[DEBUG] armors=0, targets=0
[DEBUG] armors=0, targets=0
[DEBUG] armors=0, targets=0
[DEBUG] armors=0, targets=0
[DEBUG] armors=0, targets=0
[2026-09-05 14:05:10.078] [info] [SYNC][XUC] mode=0 yaw=-30.83 deg pitch=1.34 deg feeder_rpm=-4.00 wheel0_rpm=0 wheel1_rpm=0 wheel_delta=0 projectile_speed=9.50
[DEBUG] armors=0, targets=0
[2026-09-05 14:05:10.092] [info] [DRYRUN] target=none gimbal_deg=(30.83,1.34) control=false shoot=false
[2026-09-05 14:05:10.094] [info] [PERF] 总耗时=15.3ms (检测=13.0ms, 跟踪=0.0ms), FPS=65.2
[2026-09-05 14:05:10.094] [info] 📊 [CAMERA FPS] 瞬时帧率=65.1fps, 平均帧率=67.0fps, 总帧数=400, 运行时间=6.0s
[DEBUG] armors=0, targets=0
[DEBUG] armors=0, targets=0
[DEBUG] armors=0, targets=0
[DEBUG] armors=0, targets=0
[DEBUG] armors=0, targets=0
[DEBUG] armors=0, targets=0
[DEBUG] armors=0, targets=0
[DEBUG] armors=0, targets=0
[DEBUG] armors=0, targets=0
[DEBUG] armors=0, targets=0
[DEBUG] armors=0, targets=0
[DEBUG] armors=0, targets=0
[DEBUG] armors=0, targets=0
[DEBUG] armors=0, targets=0
[DEBUG] armors=0, targets=0
[DEBUG] armors=0, targets=0
[DEBUG] armors=0, targets=0
[DEBUG] armors=0, targets=0
[DEBUG] armors=0, targets=0
[DEBUG] armors=0, targets=0
[2026-09-05 14:05:10.387] [info] [DRYRUN] target=none gimbal_deg=(30.83,1.34) control=false shoot=false
[DEBUG] armors=0, targets=0
[DEBUG] armors=0, targets=0
[DEBUG] armors=0, targets=0
[DEBUG] armors=0, targets=0
[DEBUG] armors=0, targets=0
[DEBUG] armors=0, targets=0
[DEBUG] armors=0, targets=0
[DEBUG] armors=0, targets=0
[DEBUG] armors=0, targets=0
[DEBUG] armors=0, targets=0
[DEBUG] armors=0, targets=0
[DEBUG] armors=0, targets=0
[DEBUG] armors=0, targets=0
[DEBUG] armors=0, targets=0
[DEBUG] armors=0, targets=0
[DEBUG] armors=0, targets=0
[DEBUG] armors=0, targets=0
[DEBUG] armors=0, targets=0
[DEBUG] armors=0, targets=0
[DEBUG] armors=0, targets=0
[2026-09-05 14:05:10.683] [info] [DRYRUN] target=none gimbal_deg=(30.83,1.34) control=false shoot=false
[DEBUG] armors=0, targets=0
[DEBUG] armors=0, targets=0
[DEBUG] armors=0, targets=0
[DEBUG] armors=0, targets=0
[DEBUG] armors=0, targets=0
[DEBUG] armors=0, targets=0
[DEBUG] armors=0, targets=0
[DEBUG] armors=0, targets=0
[DEBUG] armors=0, targets=0
[2026-09-05 14:05:10.817] [info] [SYNC][XUC] mode=0 yaw=-30.83 deg pitch=1.34 deg feeder_rpm=0.00 wheel0_rpm=0 wheel1_rpm=0 wheel_delta=0 projectile_speed=9.50
[DEBUG] armors=0, targets=0
[2026-09-05 14:05:10.831] [info] [PERF] 总耗时=14.5ms (检测=12.4ms, 跟踪=0.0ms), FPS=69.0
[2026-09-05 14:05:10.831] [info] 📊 [CAMERA FPS] 瞬时帧率=68.9fps, 平均帧率=67.1fps, 总帧数=450, 运行时间=6.7s
[DEBUG] armors=0, targets=0
[DEBUG] armors=0, targets=0
[DEBUG] armors=0, targets=0
[DEBUG] armors=0, targets=0
[DEBUG] armors=0, targets=0
[DEBUG] armors=0, targets=0
[DEBUG] armors=0, targets=0
[DEBUG] armors=0, targets=0
[DEBUG] armors=0, targets=0
[DEBUG] armors=0, targets=0
[2026-09-05 14:05:10.977] [info] [DRYRUN] target=none gimbal_deg=(30.83,1.34) control=false shoot=false
[DEBUG] armors=0, targets=0
[DEBUG] armors=0, targets=0
[DEBUG] armors=0, targets=0
[DEBUG] armors=0, targets=0
[DEBUG] armors=0, targets=0
[DEBUG] armors=0, targets=0
[DEBUG] armors=0, targets=0
[DEBUG] armors=0, targets=0
[DEBUG] armors=0, targets=0
[DEBUG] armors=0, targets=0
[DEBUG] armors=0, targets=0
[DEBUG] armors=0, targets=0
[DEBUG] armors=0, targets=0
[DEBUG] armors=0, targets=0
[DEBUG] armors=0, targets=0
[DEBUG] armors=0, targets=0
[DEBUG] armors=0, targets=0
[DEBUG] armors=0, targets=0
[DEBUG] armors=0, targets=0
[DEBUG] armors=0, targets=0
[2026-09-05 14:05:11.278] [info] [DRYRUN] target=none gimbal_deg=(30.83,1.34) control=false shoot=false
[DEBUG] armors=0, targets=0
[DEBUG] armors=0, targets=0
[DEBUG] armors=0, targets=0
[DEBUG] armors=0, targets=0
[DEBUG] armors=0, targets=0
[DEBUG] armors=0, targets=0
[DEBUG] armors=0, targets=0
[DEBUG] armors=0, targets=0
[DEBUG] armors=0, targets=0
[DEBUG] armors=0, targets=0
[DEBUG] armors=0, targets=0
[DEBUG] armors=0, targets=0
[DEBUG] armors=0, targets=0
[DEBUG] armors=0, targets=0
[DEBUG] armors=0, targets=0
[DEBUG] armors=0, targets=0
[DEBUG] armors=0, targets=0
[DEBUG] armors=0, targets=0
[DEBUG] armors=0, targets=0
[2026-09-05 14:05:11.564] [info] [SYNC][XUC] mode=0 yaw=-30.83 deg pitch=1.34 deg feeder_rpm=-4.00 wheel0_rpm=0 wheel1_rpm=0 wheel_delta=0 projectile_speed=9.50
[DEBUG] armors=0, targets=0
[2026-09-05 14:05:11.576] [info] [DRYRUN] target=none gimbal_deg=(30.83,1.34) control=false shoot=false
[2026-09-05 14:05:11.578] [info] [PERF] 总耗时=14.4ms (检测=12.3ms, 跟踪=0.0ms), FPS=69.5
[2026-09-05 14:05:11.578] [info] 📊 [CAMERA FPS] 瞬时帧率=69.5fps, 平均帧率=67.1fps, 总帧数=500, 运行时间=7.5s
[DEBUG] armors=0, targets=0
[DEBUG] armors=0, targets=0
[DEBUG] armors=0, targets=0
[DEBUG] armors=0, targets=0
[DEBUG] armors=0, targets=0
[DEBUG] armors=0, targets=0
[DEBUG] armors=0, targets=0
[DEBUG] armors=0, targets=0
[DEBUG] armors=0, targets=0
[DEBUG] armors=0, targets=0
[DEBUG] armors=0, targets=0
[DEBUG] armors=0, targets=0
[DEBUG] armors=0, targets=0
[DEBUG] armors=0, targets=0
[DEBUG] armors=0, targets=0
[DEBUG] armors=0, targets=0
[DEBUG] armors=0, targets=0
[DEBUG] armors=0, targets=0
[DEBUG] armors=0, targets=0
[DEBUG] armors=0, targets=0
[2026-09-05 14:05:11.871] [info] [DRYRUN] target=none gimbal_deg=(30.83,1.34) control=false shoot=false
[DEBUG] armors=0, targets=0
[DEBUG] armors=0, targets=0
[DEBUG] armors=0, targets=0
[DEBUG] armors=0, targets=0
[DEBUG] armors=0, targets=0
[DEBUG] armors=0, targets=0
[DEBUG] armors=0, targets=0
[DEBUG] armors=0, targets=0
[DEBUG] armors=0, targets=0
[DEBUG] armors=0, targets=0
[DEBUG] armors=0, targets=0
[DEBUG] armors=0, targets=0
[DEBUG] armors=0, targets=0
[DEBUG] armors=0, targets=0
[DEBUG] armors=0, targets=0
[DEBUG] armors=0, targets=0
[DEBUG] armors=0, targets=0
[DEBUG] armors=0, targets=0
[DEBUG] armors=0, targets=0
[DEBUG] armors=0, targets=0
[2026-09-05 14:05:12.167] [info] [DRYRUN] target=none gimbal_deg=(30.83,1.34) control=false shoot=false
[DEBUG] armors=0, targets=0
[DEBUG] armors=0, targets=0
[DEBUG] armors=0, targets=0
[DEBUG] armors=0, targets=0
[DEBUG] armors=0, targets=0
[DEBUG] armors=0, targets=0
[DEBUG] armors=0, targets=0
[DEBUG] armors=0, targets=0
[DEBUG] armors=0, targets=0
[2026-09-05 14:05:12.303] [info] [SYNC][XUC] mode=0 yaw=-30.83 deg pitch=1.34 deg feeder_rpm=0.00 wheel0_rpm=0 wheel1_rpm=0 wheel_delta=0 projectile_speed=9.50
[DEBUG] armors=0, targets=0
[2026-09-05 14:05:12.317] [info] [PERF] 总耗时=14.5ms (检测=12.3ms, 跟踪=0.0ms), FPS=68.7
[2026-09-05 14:05:12.317] [info] 📊 [CAMERA FPS] 瞬时帧率=68.6fps, 平均帧率=67.1fps, 总帧数=550, 运行时间=8.2s
[DEBUG] armors=0, targets=0
[DEBUG] armors=0, targets=0
[DEBUG] armors=0, targets=0
[DEBUG] armors=0, targets=0
[DEBUG] armors=0, targets=0
[DEBUG] armors=0, targets=0
[DEBUG] armors=0, targets=0
[DEBUG] armors=0, targets=0
[DEBUG] armors=0, targets=0
[DEBUG] armors=0, targets=0
[2026-09-05 14:05:12.463] [info] [DRYRUN] target=none gimbal_deg=(30.83,1.34) control=false shoot=false
[DEBUG] armors=0, targets=0
[DEBUG] armors=0, targets=0
[DEBUG] armors=0, targets=0
[DEBUG] armors=0, targets=0
[DEBUG] armors=0, targets=0
[DEBUG] armors=0, targets=0
[DEBUG] armors=0, targets=0
[DEBUG] armors=0, targets=0
[DEBUG] armors=0, targets=0
[DEBUG] armors=0, targets=0
[DEBUG] armors=0, targets=0
[DEBUG] armors=0, targets=0
[DEBUG] armors=0, targets=0
[DEBUG] armors=0, targets=0
[DEBUG] armors=0, targets=0
[DEBUG] armors=0, targets=0
[DEBUG] armors=0, targets=0
[DEBUG] armors=0, targets=0
[DEBUG] armors=0, targets=0
[DEBUG] armors=0, targets=0
[2026-09-05 14:05:12.763] [info] [DRYRUN] target=none gimbal_deg=(30.83,1.34) control=false shoot=false
[DEBUG] armors=0, targets=0
[DEBUG] armors=0, targets=0
[DEBUG] armors=0, targets=0
[DEBUG] armors=0, targets=0
[DEBUG] armors=0, targets=0
[DEBUG] armors=0, targets=0
[DEBUG] armors=0, targets=0
[DEBUG] armors=0, targets=0
[DEBUG] armors=0, targets=0
[DEBUG] armors=0, targets=0
[DEBUG] armors=0, targets=0
[DEBUG] armors=0, targets=0
[DEBUG] armors=0, targets=0
[DEBUG] armors=0, targets=0
[DEBUG] armors=0, targets=0
[DEBUG] armors=0, targets=0
[DEBUG] armors=0, targets=0
[DEBUG] armors=0, targets=0
[DEBUG] armors=0, targets=0
[2026-09-05 14:05:13.050] [info] [SYNC][XUC] mode=0 yaw=-30.83 deg pitch=1.34 deg feeder_rpm=0.00 wheel0_rpm=0 wheel1_rpm=0 wheel_delta=0 projectile_speed=9.50
[DEBUG] armors=0, targets=0
[2026-09-05 14:05:13.063] [info] [DRYRUN] target=none gimbal_deg=(30.83,1.34) control=false shoot=false
[2026-09-05 14:05:13.065] [info] [PERF] 总耗时=14.8ms (检测=12.7ms, 跟踪=0.0ms), FPS=67.4
[2026-09-05 14:05:13.065] [info] 📊 [CAMERA FPS] 瞬时帧率=67.4fps, 平均帧率=67.1fps, 总帧数=600, 运行时间=8.9s
[DEBUG] armors=0, targets=0
[DEBUG] armors=0, targets=0
[DEBUG] armors=0, targets=0
[DEBUG] armors=0, targets=0
[DEBUG] armors=0, targets=0
[DEBUG] armors=0, targets=0
[DEBUG] armors=0, targets=0
[DEBUG] armors=0, targets=0
[DEBUG] armors=0, targets=0
[DEBUG] armors=0, targets=0
[DEBUG] armors=0, targets=0
[DEBUG] armors=0, targets=0
[DEBUG] armors=0, targets=0
[DEBUG] armors=0, targets=0
[DEBUG] armors=0, targets=0
[DEBUG] armors=0, targets=0
[DEBUG] armors=0, targets=0
[DEBUG] armors=0, targets=0
[DEBUG] armors=0, targets=0
[DEBUG] armors=0, targets=0
[2026-09-05 14:05:13.361] [info] [DRYRUN] target=none gimbal_deg=(30.83,1.34) control=false shoot=false
[DEBUG] armors=0, targets=0
[DEBUG] armors=0, targets=0
[DEBUG] armors=0, targets=0
[DEBUG] armors=0, targets=0
[DEBUG] armors=0, targets=0
[DEBUG] armors=0, targets=0
[DEBUG] armors=0, targets=0
[DEBUG] armors=0, targets=0
[DEBUG] armors=0, targets=0
[DEBUG] armors=0, targets=0
[DEBUG] armors=0, targets=0
[DEBUG] armors=0, targets=0
[DEBUG] armors=0, targets=0
[DEBUG] armors=0, targets=0
[DEBUG] armors=0, targets=0
[DEBUG] armors=0, targets=0
[DEBUG] armors=0, targets=0
[DEBUG] armors=0, targets=0
[DEBUG] armors=0, targets=0
[DEBUG] armors=0, targets=0
[2026-09-05 14:05:13.658] [info] [DRYRUN] target=none gimbal_deg=(30.83,1.34) control=false shoot=false
[DEBUG] armors=0, targets=0
[DEBUG] armors=0, targets=0
[DEBUG] armors=0, targets=0
[DEBUG] armors=0, targets=0
[DEBUG] armors=0, targets=0
[DEBUG] armors=0, targets=0
[DEBUG] armors=0, targets=0
[DEBUG] armors=0, targets=0
[DEBUG] armors=0, targets=0
[2026-09-05 14:05:13.797] [info] [SYNC][XUC] mode=0 yaw=-30.83 deg pitch=1.34 deg feeder_rpm=-4.00 wheel0_rpm=0 wheel1_rpm=0 wheel_delta=0 projectile_speed=9.50
[DEBUG] armors=0, targets=0
[2026-09-05 14:05:13.811] [info] [PERF] 总耗时=14.6ms (检测=12.4ms, 跟踪=0.0ms), FPS=68.6
[2026-09-05 14:05:13.811] [info] 📊 [CAMERA FPS] 瞬时帧率=68.5fps, 平均帧率=67.1fps, 总帧数=650, 运行时间=9.7s
[DEBUG] armors=0, targets=0
[DEBUG] armors=0, targets=0
[DEBUG] armors=0, targets=0
[DEBUG] armors=0, targets=0
[DEBUG] armors=0, targets=0
[DEBUG] armors=0, targets=0
[DEBUG] armors=0, targets=0
[DEBUG] armors=0, targets=0
[DEBUG] armors=0, targets=0
[DEBUG] armors=0, targets=0
[2026-09-05 14:05:13.956] [info] [DRYRUN] target=none gimbal_deg=(30.83,1.34) control=false shoot=false
[DEBUG] armors=0, targets=0
[DEBUG] armors=0, targets=0
[DEBUG] armors=0, targets=0
[DEBUG] armors=0, targets=0
[DEBUG] armors=0, targets=0
[DEBUG] armors=0, targets=0
[DEBUG] armors=0, targets=0
[DEBUG] armors=0, targets=0
[DEBUG] armors=0, targets=0
[DEBUG] armors=0, targets=0
[DEBUG] armors=0, targets=0
[DEBUG] armors=0, targets=0
[DEBUG] armors=0, targets=0
[DEBUG] armors=0, targets=0
[DEBUG] armors=0, targets=0
[DEBUG] armors=0, targets=0
[DEBUG] armors=0, targets=0
[DEBUG] armors=0, targets=0
[DEBUG] armors=0, targets=0
[DEBUG] armors=0, targets=0
[2026-09-05 14:05:14.252] [info] [DRYRUN] target=none gimbal_deg=(30.01,1.48) control=false shoot=false
[DEBUG] armors=0, targets=0
[DEBUG] armors=0, targets=0
[DEBUG] armors=0, targets=0
[DEBUG] armors=0, targets=0
[DEBUG] armors=0, targets=0
[DEBUG] armors=0, targets=0
[DEBUG] armors=0, targets=0
[DEBUG] armors=0, targets=0
[DEBUG] armors=0, targets=0
[DEBUG] armors=0, targets=0
[DEBUG] armors=0, targets=0
[DEBUG] armors=0, targets=0
[DEBUG] armors=0, targets=0
[DEBUG] armors=0, targets=0
[DEBUG] armors=0, targets=0
[DEBUG] armors=0, targets=0
[DEBUG] armors=0, targets=0
[DEBUG] armors=0, targets=0
[DEBUG] armors=0, targets=0
[2026-09-05 14:05:14.546] [info] [SYNC][XUC] mode=0 yaw=-23.08 deg pitch=1.41 deg feeder_rpm=0.00 wheel0_rpm=0 wheel1_rpm=0 wheel_delta=0 projectile_speed=9.50
[DEBUG] armors=0, targets=0
[2026-09-05 14:05:14.559] [info] [DRYRUN] target=none gimbal_deg=(23.08,1.41) control=false shoot=false
[2026-09-05 14:05:14.562] [info] [PERF] 总耗时=15.6ms (检测=13.4ms, 跟踪=0.0ms), FPS=64.3
[2026-09-05 14:05:14.562] [info] 📊 [CAMERA FPS] 瞬时帧率=64.2fps, 平均帧率=67.1fps, 总帧数=700, 运行时间=10.4s
[DEBUG] armors=0, targets=0
[DEBUG] armors=0, targets=0
[DEBUG] armors=0, targets=0
[DEBUG] armors=0, targets=0
[DEBUG] armors=1, targets=1
[DEBUG] armors=1, targets=1
[DEBUG] armors=1, targets=1
[DEBUG] armors=1, targets=1
[DEBUG] armors=1, targets=1
[DEBUG] armors=0, targets=1
[DEBUG] armors=1, targets=1
[DEBUG] armors=1, targets=1
[DEBUG] armors=0, targets=1
[DEBUG] armors=1, targets=1
[DEBUG] armors=1, targets=1
[DEBUG] armors=1, targets=1
[DEBUG] armors=1, targets=1
[DEBUG] armors=1, targets=1
[DEBUG] armors=1, targets=1
[DEBUG] armors=1, targets=1
[2026-09-05 14:05:14.868] [info] [DRYRUN] measured_gimbal=(2.865,-0.467,-0.055) measured_world=(2.882,0.327,-0.126) tracked_world=(2.873,0.324,-0.126) target_gimbal_deg=(-9.25,-1.09) target_world_deg=(6.48,-2.49) gimbal_deg=(15.73,1.42) armor_y_px=630.2 pixel_error_deg=(12.12,2.21) ballistic=(range=2.902m holdover=0.795m comp=15.02deg residual=-12.81deg) q_wxyz=(0.990513,0.001695,0.012264,-0.136860) cmd_deg=(8.30,-19.63) packed_pitch_deg=-19.63 control=true shoot=false
[DEBUG] armors=1, targets=1
[DEBUG] armors=1, targets=1
[DEBUG] armors=1, targets=1
[DEBUG] armors=1, targets=1
[DEBUG] armors=1, targets=1
[DEBUG] armors=1, targets=1
[DEBUG] armors=1, targets=1
[DEBUG] armors=1, targets=1
[DEBUG] armors=1, targets=1
[DEBUG] armors=0, targets=1
[DEBUG] armors=1, targets=1
[DEBUG] armors=1, targets=1
[DEBUG] armors=1, targets=1
[DEBUG] armors=0, targets=1
[DEBUG] armors=0, targets=1
[DEBUG] armors=0, targets=1
[DEBUG] armors=1, targets=1
[DEBUG] armors=1, targets=1
[DEBUG] armors=1, targets=1
[DEBUG] armors=1, targets=1
[2026-09-05 14:05:15.172] [info] [DRYRUN] measured_gimbal=(2.810,-0.124,-0.056) measured_world=(2.792,0.318,-0.125) tracked_world=(2.845,0.319,-0.127) target_gimbal_deg=(-2.52,-1.15) target_world_deg=(6.50,-2.54) gimbal_deg=(9.03,1.39) armor_y_px=632.9 pixel_error_deg=(5.37,2.28) ballistic=(range=2.813m holdover=0.756m comp=14.75deg residual=-12.47deg) q_wxyz=(0.996826,0.000957,0.012125,-0.078681) cmd_deg=(8.41,-19.30) packed_pitch_deg=-19.30 control=true shoot=false
[DEBUG] armors=1, targets=1
[DEBUG] armors=1, targets=1
[DEBUG] armors=1, targets=1
[DEBUG] armors=1, targets=1
[DEBUG] armors=0, targets=1
[DEBUG] armors=1, targets=1
[DEBUG] armors=1, targets=1
[DEBUG] armors=0, targets=1
[DEBUG] armors=0, targets=1
[2026-09-05 14:05:15.311] [info] [SYNC][XUC] mode=0 yaw=-7.36 deg pitch=1.42 deg feeder_rpm=-4.00 wheel0_rpm=0 wheel1_rpm=0 wheel_delta=0 projectile_speed=9.50
[DEBUG] armors=0, targets=1
[2026-09-05 14:05:15.327] [info] [PERF] 总耗时=15.6ms (检测=13.1ms, 跟踪=0.0ms), FPS=64.3
[2026-09-05 14:05:15.327] [info] 📊 [CAMERA FPS] 瞬时帧率=64.2fps, 平均帧率=66.9fps, 总帧数=750, 运行时间=11.2s
[DEBUG] armors=0, targets=1
[DEBUG] armors=1, targets=1
[DEBUG] armors=1, targets=1
[DEBUG] armors=1, targets=1
[DEBUG] armors=1, targets=1
[DEBUG] armors=1, targets=1
[DEBUG] armors=1, targets=1
[DEBUG] armors=1, targets=1
[DEBUG] armors=1, targets=1
[DEBUG] armors=1, targets=1
[2026-09-05 14:05:15.477] [info] [DRYRUN] measured_gimbal=(2.896,-0.012,-0.060) measured_world=(2.875,0.325,-0.131) tracked_world=(2.841,0.339,-0.130) target_gimbal_deg=(-0.23,-1.19) target_world_deg=(6.45,-2.59) gimbal_deg=(6.68,1.39) armor_y_px=633.1 pixel_error_deg=(3.09,2.28) ballistic=(range=2.896m holdover=0.792m comp=15.00deg residual=-12.72deg) q_wxyz=(0.998229,0.000709,0.012145,-0.058235) cmd_deg=(9.24,-19.52) packed_pitch_deg=-19.52 control=true shoot=false
[DEBUG] armors=1, targets=1
[DEBUG] armors=1, targets=1
[DEBUG] armors=1, targets=1
[DEBUG] armors=1, targets=1
[DEBUG] armors=1, targets=1
[DEBUG] armors=1, targets=1
[DEBUG] armors=1, targets=1
[DEBUG] armors=1, targets=1
[DEBUG] armors=1, targets=1
[DEBUG] armors=1, targets=1
[DEBUG] armors=1, targets=1
[DEBUG] armors=1, targets=1
[DEBUG] armors=1, targets=1
[DEBUG] armors=1, targets=1
[DEBUG] armors=1, targets=1
[DEBUG] armors=1, targets=1
[DEBUG] armors=1, targets=1
[DEBUG] armors=1, targets=1
[DEBUG] armors=1, targets=1
[DEBUG] armors=1, targets=1
[2026-09-05 14:05:15.792] [info] [DRYRUN] measured_gimbal=(2.806,-0.017,-0.061) measured_world=(2.786,0.312,-0.125) tracked_world=(2.795,0.317,-0.125) target_gimbal_deg=(-0.34,-1.24) target_world_deg=(6.39,-2.55) gimbal_deg=(6.74,1.31) armor_y_px=636.8 pixel_error_deg=(3.18,2.37) ballistic=(range=2.806m holdover=0.753m comp=14.73deg residual=-12.35deg) q_wxyz=(0.998206,0.000673,0.011430,-0.058772) cmd_deg=(8.45,-18.99) packed_pitch_deg=-18.99 control=true shoot=false
[DEBUG] armors=1, targets=1
[DEBUG] armors=1, targets=1
[DEBUG] armors=1, targets=1
[DEBUG] armors=1, targets=1
[DEBUG] armors=1, targets=1
[DEBUG] armors=1, targets=1
[DEBUG] armors=1, targets=1
[DEBUG] armors=1, targets=1
[DEBUG] armors=1, targets=1
[DEBUG] armors=1, targets=1
[DEBUG] armors=1, targets=1
[DEBUG] armors=1, targets=1
[DEBUG] armors=1, targets=1
[DEBUG] armors=1, targets=1
[DEBUG] armors=1, targets=1
[DEBUG] armors=1, targets=1
[DEBUG] armors=1, targets=1
[DEBUG] armors=1, targets=1
[DEBUG] armors=1, targets=1
[2026-09-05 14:05:16.089] [info] [SYNC][XUC] mode=0 yaw=-6.74 deg pitch=1.35 deg feeder_rpm=0.00 wheel0_rpm=0 wheel1_rpm=0 wheel_delta=0 projectile_speed=9.50
[DEBUG] armors=1, targets=1
[2026-09-05 14:05:16.102] [info] [DRYRUN] measured_gimbal=(2.776,-0.017,-0.058) measured_world=(2.757,0.308,-0.123) tracked_world=(2.754,0.306,-0.122) target_gimbal_deg=(-0.36,-1.19) target_world_deg=(6.38,-2.55) gimbal_deg=(6.74,1.35) armor_y_px=635.4 pixel_error_deg=(3.18,2.34) ballistic=(range=2.776m holdover=0.741m comp=14.64deg residual=-12.30deg) q_wxyz=(0.998201,0.000694,0.011778,-0.058780) cmd_deg=(8.29,-18.92) packed_pitch_deg=-18.92 control=true shoot=false
[2026-09-05 14:05:16.104] [info] [PERF] 总耗时=15.2ms (检测=12.3ms, 跟踪=0.4ms), FPS=66.0
[2026-09-05 14:05:16.104] [info] 📊 [CAMERA FPS] 瞬时帧率=65.9fps, 平均帧率=66.8fps, 总帧数=800, 运行时间=12.0s
[DEBUG] armors=1, targets=1
[DEBUG] armors=1, targets=1
[DEBUG] armors=1, targets=1
[DEBUG] armors=1, targets=1
[DEBUG] armors=1, targets=1
[DEBUG] armors=1, targets=1
[DEBUG] armors=1, targets=1
[DEBUG] armors=1, targets=1
[DEBUG] armors=1, targets=1
[DEBUG] armors=1, targets=1
[DEBUG] armors=1, targets=1
[DEBUG] armors=1, targets=1
[DEBUG] armors=1, targets=1
[DEBUG] armors=1, targets=1
[DEBUG] armors=1, targets=1
[DEBUG] armors=1, targets=1
[DEBUG] armors=1, targets=1
[DEBUG] armors=1, targets=1
[DEBUG] armors=1, targets=1
[DEBUG] armors=1, targets=1
[2026-09-05 14:05:16.411] [info] [DRYRUN] measured_gimbal=(2.780,-0.017,-0.057) measured_world=(2.761,0.309,-0.124) tracked_world=(2.742,0.305,-0.122) target_gimbal_deg=(-0.35,-1.18) target_world_deg=(6.39,-2.55) gimbal_deg=(6.74,1.37) armor_y_px=634.9 pixel_error_deg=(3.18,2.33) ballistic=(range=2.780m holdover=0.742m comp=14.65deg residual=-12.32deg) q_wxyz=(0.998199,0.000702,0.011927,-0.058780) cmd_deg=(8.38,-18.94) packed_pitch_deg=-18.94 control=true shoot=false
[DEBUG] armors=1, targets=1
[DEBUG] armors=1, targets=1
[DEBUG] armors=1, targets=1
[DEBUG] armors=1, targets=1
[DEBUG] armors=1, targets=1
[DEBUG] armors=1, targets=1
[DEBUG] armors=1, targets=1
[DEBUG] armors=1, targets=1
[DEBUG] armors=1, targets=1
[DEBUG] armors=1, targets=1
[DEBUG] armors=1, targets=1
[DEBUG] armors=1, targets=1
[DEBUG] armors=1, targets=1
[DEBUG] armors=1, targets=1
[DEBUG] armors=1, targets=1
[DEBUG] armors=1, targets=1
[DEBUG] armors=1, targets=1
[DEBUG] armors=1, targets=1
[DEBUG] armors=1, targets=1
[DEBUG] armors=1, targets=1
[2026-09-05 14:05:16.723] [info] [DRYRUN] measured_gimbal=(2.749,-0.017,-0.056) measured_world=(2.730,0.305,-0.121) tracked_world=(2.731,0.304,-0.122) target_gimbal_deg=(-0.36,-1.17) target_world_deg=(6.38,-2.53) gimbal_deg=(6.73,1.36) armor_y_px=634.9 pixel_error_deg=(3.18,2.33) ballistic=(range=2.749m holdover=0.729m comp=14.56deg residual=-12.23deg) q_wxyz=(0.998203,0.000698,0.011857,-0.058731) cmd_deg=(8.45,-18.86) packed_pitch_deg=-18.86 control=true shoot=false
[DEBUG] armors=1, targets=1
[DEBUG] armors=1, targets=1
[DEBUG] armors=1, targets=1
[DEBUG] armors=1, targets=1
[DEBUG] armors=1, targets=1
[DEBUG] armors=1, targets=1
[DEBUG] armors=1, targets=1
[DEBUG] armors=1, targets=1
[DEBUG] armors=1, targets=1
[2026-09-05 14:05:16.866] [info] [SYNC][XUC] mode=0 yaw=-6.74 deg pitch=1.36 deg feeder_rpm=-4.00 wheel0_rpm=0 wheel1_rpm=0 wheel_delta=0 projectile_speed=9.50
[DEBUG] armors=1, targets=1
[2026-09-05 14:05:16.882] [info] [PERF] 总耗时=15.9ms (检测=13.0ms, 跟踪=0.4ms), FPS=63.0
[2026-09-05 14:05:16.882] [info] 📊 [CAMERA FPS] 瞬时帧率=62.9fps, 平均帧率=66.6fps, 总帧数=850, 运行时间=12.8s
[DEBUG] armors=1, targets=1
[DEBUG] armors=1, targets=1
[DEBUG] armors=1, targets=1
[DEBUG] armors=1, targets=1
[DEBUG] armors=1, targets=1
[DEBUG] armors=1, targets=1
[DEBUG] armors=1, targets=1
[DEBUG] armors=1, targets=1
[DEBUG] armors=1, targets=1
[DEBUG] armors=1, targets=1
[2026-09-05 14:05:17.035] [info] [DRYRUN] measured_gimbal=(2.774,-0.017,-0.057) measured_world=(2.754,0.308,-0.122) tracked_world=(2.731,0.305,-0.121) target_gimbal_deg=(-0.35,-1.17) target_world_deg=(6.39,-2.52) gimbal_deg=(6.74,1.34) armor_y_px=634.6 pixel_error_deg=(3.18,2.32) ballistic=(range=2.774m holdover=0.740m comp=14.63deg residual=-12.31deg) q_wxyz=(0.998204,0.000689,0.011705,-0.058741) cmd_deg=(8.48,-18.88) packed_pitch_deg=-18.88 control=true shoot=false
[DEBUG] armors=1, targets=1
[DEBUG] armors=1, targets=1
[DEBUG] armors=1, targets=1
[DEBUG] armors=1, targets=1
[DEBUG] armors=1, targets=1
[DEBUG] armors=1, targets=1
[DEBUG] armors=1, targets=1
[DEBUG] armors=1, targets=1
[DEBUG] armors=1, targets=1
[DEBUG] armors=1, targets=1
[DEBUG] armors=1, targets=1
[DEBUG] armors=1, targets=1
[DEBUG] armors=1, targets=1
[DEBUG] armors=1, targets=1
[DEBUG] armors=1, targets=1
[DEBUG] armors=1, targets=1
[DEBUG] armors=1, targets=1
[DEBUG] armors=1, targets=1
[DEBUG] armors=1, targets=1
[DEBUG] armors=1, targets=1
[2026-09-05 14:05:17.345] [info] [DRYRUN] measured_gimbal=(2.778,-0.017,-0.057) measured_world=(2.759,0.309,-0.122) tracked_world=(2.734,0.306,-0.121) target_gimbal_deg=(-0.35,-1.17) target_world_deg=(6.39,-2.51) gimbal_deg=(6.74,1.34) armor_y_px=634.5 pixel_error_deg=(3.18,2.32) ballistic=(range=2.778m holdover=0.742m comp=14.64deg residual=-12.33deg) q_wxyz=(0.998203,0.000687,0.011665,-0.058773) cmd_deg=(8.50,-18.98) packed_pitch_deg=-18.98 control=true shoot=false
[DEBUG] armors=1, targets=1
[DEBUG] armors=1, targets=1
[DEBUG] armors=1, targets=1
[DEBUG] armors=1, targets=1
[DEBUG] armors=1, targets=1
[DEBUG] armors=1, targets=1
[DEBUG] armors=1, targets=1
[DEBUG] armors=1, targets=1
[DEBUG] armors=1, targets=1
[DEBUG] armors=1, targets=1
[DEBUG] armors=1, targets=1
[DEBUG] armors=1, targets=1
[DEBUG] armors=1, targets=1
[DEBUG] armors=1, targets=1
[DEBUG] armors=1, targets=1
[DEBUG] armors=1, targets=1
[DEBUG] armors=1, targets=1
[DEBUG] armors=1, targets=1
[DEBUG] armors=1, targets=1
[2026-09-05 14:05:17.638] [info] [SYNC][XUC] mode=0 yaw=-6.74 deg pitch=1.34 deg feeder_rpm=0.00 wheel0_rpm=0 wheel1_rpm=0 wheel_delta=0 projectile_speed=9.50
[DEBUG] armors=1, targets=1
[2026-09-05 14:05:17.651] [info] [DRYRUN] measured_gimbal=(2.775,-0.017,-0.057) measured_world=(2.756,0.308,-0.122) tracked_world=(2.739,0.306,-0.121) target_gimbal_deg=(-0.35,-1.18) target_world_deg=(6.38,-2.52) gimbal_deg=(6.74,1.34) armor_y_px=634.7 pixel_error_deg=(3.18,2.32) ballistic=(range=2.775m holdover=0.740m comp=14.63deg residual=-12.31deg) q_wxyz=(0.998204,0.000688,0.011684,-0.058754) cmd_deg=(8.50,-18.92) packed_pitch_deg=-18.92 control=true shoot=false
[2026-09-05 14:05:17.653] [info] [PERF] 总耗时=15.4ms (检测=12.7ms, 跟踪=0.5ms), FPS=65.1
[2026-09-05 14:05:17.653] [info] 📊 [CAMERA FPS] 瞬时帧率=64.9fps, 平均帧率=66.5fps, 总帧数=900, 运行时间=13.5s
[DEBUG] armors=1, targets=1
[DEBUG] armors=1, targets=1
[DEBUG] armors=1, targets=1
[DEBUG] armors=1, targets=1
[DEBUG] armors=1, targets=1
[DEBUG] armors=1, targets=1
[DEBUG] armors=1, targets=1
[DEBUG] armors=1, targets=1
[DEBUG] armors=1, targets=1
[DEBUG] armors=1, targets=1
[DEBUG] armors=1, targets=1
[DEBUG] armors=1, targets=1
[DEBUG] armors=1, targets=1
[DEBUG] armors=1, targets=1
[DEBUG] armors=1, targets=1
[DEBUG] armors=1, targets=1
[DEBUG] armors=1, targets=1
[DEBUG] armors=1, targets=1
[DEBUG] armors=1, targets=1
[DEBUG] armors=1, targets=1
[2026-09-05 14:05:17.963] [info] [DRYRUN] measured_gimbal=(2.782,-0.017,-0.057) measured_world=(2.763,0.309,-0.122) tracked_world=(2.742,0.307,-0.121) target_gimbal_deg=(-0.35,-1.18) target_world_deg=(6.39,-2.52) gimbal_deg=(6.74,1.34) armor_y_px=634.7 pixel_error_deg=(3.17,2.32) ballistic=(range=2.782m holdover=0.743m comp=14.65deg residual=-12.33deg) q_wxyz=(0.998204,0.000688,0.011695,-0.058755) cmd_deg=(8.50,-18.96) packed_pitch_deg=-18.96 control=true shoot=false
[DEBUG] armors=1, targets=1
[DEBUG] armors=1, targets=1
[DEBUG] armors=1, targets=1
[DEBUG] armors=1, targets=1
[DEBUG] armors=1, targets=1
[DEBUG] armors=1, targets=1
[DEBUG] armors=1, targets=1
[DEBUG] armors=1, targets=1
[DEBUG] armors=1, targets=1
[DEBUG] armors=1, targets=1
[DEBUG] armors=1, targets=1
[DEBUG] armors=1, targets=1
[DEBUG] armors=1, targets=1
[DEBUG] armors=1, targets=1
[DEBUG] armors=1, targets=1
[DEBUG] armors=1, targets=1
[DEBUG] armors=1, targets=1
[DEBUG] armors=1, targets=1
[DEBUG] armors=1, targets=1
[DEBUG] armors=1, targets=1
[2026-09-05 14:05:18.271] [info] [DRYRUN] measured_gimbal=(2.757,-0.017,-0.056) measured_world=(2.738,0.306,-0.121) tracked_world=(2.745,0.307,-0.121) target_gimbal_deg=(-0.36,-1.17) target_world_deg=(6.38,-2.51) gimbal_deg=(6.74,1.34) armor_y_px=634.7 pixel_error_deg=(3.18,2.32) ballistic=(range=2.758m holdover=0.733m comp=14.58deg residual=-12.26deg) q_wxyz=(0.998203,0.000690,0.011713,-0.058769) cmd_deg=(8.51,-18.91) packed_pitch_deg=-18.91 control=true shoot=false
[DEBUG] armors=1, targets=1
[DEBUG] armors=1, targets=1
[DEBUG] armors=1, targets=1
[DEBUG] armors=1, targets=1
[DEBUG] armors=1, targets=1
[DEBUG] armors=1, targets=1
[DEBUG] armors=1, targets=1
[DEBUG] armors=1, targets=1
[DEBUG] armors=1, targets=1
[2026-09-05 14:05:18.414] [info] [SYNC][XUC] mode=0 yaw=-6.74 deg pitch=1.34 deg feeder_rpm=0.00 wheel0_rpm=0 wheel1_rpm=0 wheel_delta=0 projectile_speed=9.50
[DEBUG] armors=1, targets=1
[2026-09-05 14:05:18.430] [info] [PERF] 总耗时=15.5ms (检测=12.6ms, 跟踪=0.5ms), FPS=64.3
[2026-09-05 14:05:18.430] [info] 📊 [CAMERA FPS] 瞬时帧率=64.2fps, 平均帧率=66.4fps, 总帧数=950, 运行时间=14.3s
[DEBUG] armors=1, targets=1
[DEBUG] armors=1, targets=1
[DEBUG] armors=1, targets=1
[DEBUG] armors=1, targets=1
[DEBUG] armors=1, targets=1
[DEBUG] armors=1, targets=1
[DEBUG] armors=1, targets=1
[DEBUG] armors=1, targets=1
[DEBUG] armors=1, targets=1
[DEBUG] armors=1, targets=1
[2026-09-05 14:05:18.586] [info] [DRYRUN] measured_gimbal=(2.757,-0.017,-0.056) measured_world=(2.738,0.307,-0.121) tracked_world=(2.748,0.308,-0.121) target_gimbal_deg=(-0.35,-1.17) target_world_deg=(6.39,-2.51) gimbal_deg=(6.74,1.34) armor_y_px=634.7 pixel_error_deg=(3.17,2.32) ballistic=(range=2.757m holdover=0.733m comp=14.58deg residual=-12.26deg) q_wxyz=(0.998203,0.000687,0.011660,-0.058775) cmd_deg=(8.52,-18.92) packed_pitch_deg=-18.92 control=true shoot=false
[DEBUG] armors=1, targets=1
[DEBUG] armors=1, targets=1
[DEBUG] armors=1, targets=1
[DEBUG] armors=1, targets=1
[DEBUG] armors=1, targets=1
[DEBUG] armors=1, targets=1
[DEBUG] armors=1, targets=1
[DEBUG] armors=1, targets=1
[DEBUG] armors=1, targets=1
[DEBUG] armors=1, targets=1
[DEBUG] armors=1, targets=1
[DEBUG] armors=1, targets=1
[DEBUG] armors=1, targets=1
[DEBUG] armors=1, targets=1
[DEBUG] armors=1, targets=1
[DEBUG] armors=1, targets=1
[DEBUG] armors=1, targets=1
[DEBUG] armors=1, targets=1
[DEBUG] armors=1, targets=1
[DEBUG] armors=1, targets=1
[2026-09-05 14:05:18.895] [info] [DRYRUN] measured_gimbal=(2.763,-0.017,-0.057) measured_world=(2.744,0.307,-0.121) tracked_world=(2.745,0.307,-0.121) target_gimbal_deg=(-0.35,-1.17) target_world_deg=(6.39,-2.50) gimbal_deg=(6.74,1.33) armor_y_px=634.8 pixel_error_deg=(3.18,2.32) ballistic=(range=2.763m holdover=0.735m comp=14.60deg residual=-12.27deg) q_wxyz=(0.998202,0.000684,0.011608,-0.058798) cmd_deg=(8.51,-18.90) packed_pitch_deg=-18.90 control=true shoot=false
[DEBUG] armors=1, targets=1
[DEBUG] armors=1, targets=1
[DEBUG] armors=1, targets=1
[DEBUG] armors=1, targets=1
[DEBUG] armors=1, targets=1
[DEBUG] armors=1, targets=1
[DEBUG] armors=1, targets=1
[DEBUG] armors=1, targets=1
[DEBUG] armors=1, targets=1
[DEBUG] armors=1, targets=1
[DEBUG] armors=1, targets=1
[DEBUG] armors=1, targets=1
[DEBUG] armors=1, targets=1
[DEBUG] armors=1, targets=1
[DEBUG] armors=1, targets=1
[DEBUG] armors=1, targets=1
[DEBUG] armors=1, targets=1
[DEBUG] armors=1, targets=1
[DEBUG] armors=1, targets=1
[2026-09-05 14:05:19.187] [info] [SYNC][XUC] mode=0 yaw=-6.74 deg pitch=1.33 deg feeder_rpm=0.00 wheel0_rpm=0 wheel1_rpm=0 wheel_delta=0 projectile_speed=9.50
[DEBUG] armors=1, targets=1
[2026-09-05 14:05:19.200] [info] [DRYRUN] measured_gimbal=(2.779,-0.017,-0.057) measured_world=(2.760,0.309,-0.122) tracked_world=(2.744,0.307,-0.121) target_gimbal_deg=(-0.35,-1.18) target_world_deg=(6.39,-2.51) gimbal_deg=(6.74,1.33) armor_y_px=634.8 pixel_error_deg=(3.18,2.32) ballistic=(range=2.779m holdover=0.742m comp=14.65deg residual=-12.32deg) q_wxyz=(0.998201,0.000681,0.011565,-0.058823) cmd_deg=(8.51,-18.91) packed_pitch_deg=-18.91 control=true shoot=false
[2026-09-05 14:05:19.202] [info] [PERF] 总耗时=15.0ms (检测=12.4ms, 跟踪=0.5ms), FPS=66.5
[2026-09-05 14:05:19.202] [info] 📊 [CAMERA FPS] 瞬时帧率=66.2fps, 平均帧率=66.3fps, 总帧数=1000, 运行时间=15.1s
[DEBUG] armors=1, targets=1
[DEBUG] armors=1, targets=1
[DEBUG] armors=1, targets=1
[DEBUG] armors=1, targets=1
[DEBUG] armors=1, targets=1
[DEBUG] armors=1, targets=1
[DEBUG] armors=1, targets=1
[DEBUG] armors=1, targets=1
[DEBUG] armors=1, targets=1
[DEBUG] armors=1, targets=1
[DEBUG] armors=1, targets=1
[DEBUG] armors=1, targets=1
[DEBUG] armors=1, targets=1
[DEBUG] armors=1, targets=1
[DEBUG] armors=1, targets=1
[DEBUG] armors=1, targets=1
[DEBUG] armors=1, targets=1
[DEBUG] armors=1, targets=1
[DEBUG] armors=1, targets=1
[DEBUG] armors=1, targets=1
[2026-09-05 14:05:19.504] [info] [DRYRUN] measured_gimbal=(2.764,-0.017,-0.057) measured_world=(2.745,0.307,-0.121) tracked_world=(2.745,0.307,-0.121) target_gimbal_deg=(-0.35,-1.17) target_world_deg=(6.39,-2.51) gimbal_deg=(6.74,1.34) armor_y_px=634.8 pixel_error_deg=(3.18,2.32) ballistic=(range=2.764m holdover=0.736m comp=14.60deg residual=-12.28deg) q_wxyz=(0.998201,0.000687,0.011660,-0.058807) cmd_deg=(8.51,-18.90) packed_pitch_deg=-18.90 control=true shoot=false
[DEBUG] armors=1, targets=1
[DEBUG] armors=1, targets=1
[DEBUG] armors=1, targets=1
[DEBUG] armors=1, targets=1
[DEBUG] armors=1, targets=1
[DEBUG] armors=1, targets=1
[DEBUG] armors=1, targets=1
[DEBUG] armors=1, targets=1
[DEBUG] armors=1, targets=1
[DEBUG] armors=1, targets=1
[DEBUG] armors=1, targets=1
[DEBUG] armors=1, targets=1
[DEBUG] armors=1, targets=1
[DEBUG] armors=1, targets=1
[DEBUG] armors=1, targets=1
[DEBUG] armors=1, targets=1
[DEBUG] armors=1, targets=1
[DEBUG] armors=1, targets=1
[DEBUG] armors=1, targets=1
[DEBUG] armors=1, targets=1
[2026-09-05 14:05:19.809] [info] [DRYRUN] measured_gimbal=(2.769,-0.017,-0.057) measured_world=(2.750,0.308,-0.121) tracked_world=(2.748,0.308,-0.121) target_gimbal_deg=(-0.36,-1.17) target_world_deg=(6.38,-2.50) gimbal_deg=(6.74,1.33) armor_y_px=634.7 pixel_error_deg=(3.19,2.32) ballistic=(range=2.769m holdover=0.738m comp=14.61deg residual=-12.29deg) q_wxyz=(0.998202,0.000682,0.011574,-0.058812) cmd_deg=(8.51,-18.93) packed_pitch_deg=-18.93 control=true shoot=false
[DEBUG] armors=1, targets=1
[DEBUG] armors=1, targets=1
[DEBUG] armors=1, targets=1
[DEBUG] armors=1, targets=1
[DEBUG] armors=1, targets=1
[DEBUG] armors=1, targets=1
[DEBUG] armors=1, targets=1
[DEBUG] armors=1, targets=1
[DEBUG] armors=1, targets=1
[2026-09-05 14:05:19.949] [info] [SYNC][XUC] mode=0 yaw=-6.74 deg pitch=1.32 deg feeder_rpm=-4.00 wheel0_rpm=0 wheel1_rpm=0 wheel_delta=0 projectile_speed=9.50
[DEBUG] armors=1, targets=1
[2026-09-05 14:05:19.964] [info] [PERF] 总耗时=15.1ms (检测=12.1ms, 跟踪=0.4ms), FPS=66.2
[2026-09-05 14:05:19.964] [info] 📊 [CAMERA FPS] 瞬时帧率=66.0fps, 平均帧率=66.3fps, 总帧数=1050, 运行时间=15.8s
[DEBUG] armors=1, targets=1
[DEBUG] armors=1, targets=1
[DEBUG] armors=1, targets=1
[DEBUG] armors=1, targets=1
[DEBUG] armors=1, targets=1
[DEBUG] armors=1, targets=1
[DEBUG] armors=1, targets=1
[DEBUG] armors=1, targets=1
[DEBUG] armors=1, targets=1
[DEBUG] armors=1, targets=1
[2026-09-05 14:05:20.115] [info] [DRYRUN] measured_gimbal=(2.763,-0.017,-0.057) measured_world=(2.744,0.307,-0.121) tracked_world=(2.747,0.307,-0.120) target_gimbal_deg=(-0.35,-1.18) target_world_deg=(6.39,-2.50) gimbal_deg=(6.74,1.32) armor_y_px=635.0 pixel_error_deg=(3.18,2.33) ballistic=(range=2.764m holdover=0.735m comp=14.60deg residual=-12.27deg) q_wxyz=(0.998206,0.000678,0.011518,-0.058756) cmd_deg=(8.50,-18.87) packed_pitch_deg=-18.87 control=true shoot=false
[DEBUG] armors=1, targets=1
[DEBUG] armors=1, targets=1
[DEBUG] armors=1, targets=1
[DEBUG] armors=1, targets=1
[DEBUG] armors=1, targets=1
[DEBUG] armors=1, targets=1
[DEBUG] armors=1, targets=1
[DEBUG] armors=1, targets=1
[DEBUG] armors=1, targets=1
[DEBUG] armors=1, targets=1
[DEBUG] armors=1, targets=1
[DEBUG] armors=1, targets=1
[DEBUG] armors=1, targets=1
[DEBUG] armors=1, targets=1
[DEBUG] armors=1, targets=1
[DEBUG] armors=1, targets=1
[DEBUG] armors=1, targets=1
[DEBUG] armors=1, targets=1
[DEBUG] armors=1, targets=1
[DEBUG] armors=1, targets=1
[2026-09-05 14:05:20.423] [info] [DRYRUN] measured_gimbal=(2.773,-0.017,-0.057) measured_world=(2.754,0.308,-0.121) tracked_world=(2.748,0.308,-0.121) target_gimbal_deg=(-0.35,-1.18) target_world_deg=(6.39,-2.51) gimbal_deg=(6.74,1.33) armor_y_px=635.0 pixel_error_deg=(3.18,2.33) ballistic=(range=2.773m holdover=0.740m comp=14.63deg residual=-12.30deg) q_wxyz=(0.998206,0.000679,0.011545,-0.058738) cmd_deg=(8.51,-19.01) packed_pitch_deg=-19.01 control=true shoot=false
[DEBUG] armors=1, targets=1
[DEBUG] armors=1, targets=1
[DEBUG] armors=1, targets=1
[DEBUG] armors=1, targets=1
[DEBUG] armors=1, targets=1
[DEBUG] armors=1, targets=1
[DEBUG] armors=1, targets=1
[DEBUG] armors=1, targets=1
[DEBUG] armors=1, targets=1
[DEBUG] armors=1, targets=1
[DEBUG] armors=1, targets=1
[DEBUG] armors=1, targets=1
[DEBUG] armors=1, targets=1
[DEBUG] armors=1, targets=1
[DEBUG] armors=1, targets=1
[DEBUG] armors=1, targets=1
[DEBUG] armors=1, targets=1
[DEBUG] armors=1, targets=1
[DEBUG] armors=1, targets=1
[2026-09-05 14:05:20.719] [info] [SYNC][XUC] mode=0 yaw=-6.72 deg pitch=1.32 deg feeder_rpm=0.00 wheel0_rpm=0 wheel1_rpm=0 wheel_delta=0 projectile_speed=9.50
[DEBUG] armors=1, targets=1
[2026-09-05 14:05:20.733] [info] [DRYRUN] measured_gimbal=(2.759,-0.017,-0.056) measured_world=(2.740,0.306,-0.120) tracked_world=(2.748,0.307,-0.121) target_gimbal_deg=(-0.36,-1.17) target_world_deg=(6.37,-2.49) gimbal_deg=(6.72,1.32) armor_y_px=634.8 pixel_error_deg=(3.18,2.32) ballistic=(range=2.759m holdover=0.734m comp=14.59deg residual=-12.26deg) q_wxyz=(0.998213,0.000673,0.011460,-0.058643) cmd_deg=(8.49,-18.95) packed_pitch_deg=-18.95 control=true shoot=false
[2026-09-05 14:05:20.735] [info] [PERF] 总耗时=16.0ms (检测=13.1ms, 跟踪=0.4ms), FPS=62.4
[2026-09-05 14:05:20.735] [info] 📊 [CAMERA FPS] 瞬时帧率=62.3fps, 平均帧率=66.2fps, 总帧数=1100, 运行时间=16.6s
[DEBUG] armors=1, targets=1
[DEBUG] armors=1, targets=1
[DEBUG] armors=1, targets=1
[DEBUG] armors=1, targets=1
[DEBUG] armors=1, targets=1
[DEBUG] armors=1, targets=1
[DEBUG] armors=1, targets=1
[DEBUG] armors=1, targets=1
[DEBUG] armors=1, targets=1
[DEBUG] armors=1, targets=1
[DEBUG] armors=1, targets=1
[DEBUG] armors=1, targets=1
[DEBUG] armors=1, targets=1
[DEBUG] armors=1, targets=1
[DEBUG] armors=1, targets=1
[DEBUG] armors=1, targets=1
[DEBUG] armors=1, targets=1
[DEBUG] armors=1, targets=1
[DEBUG] armors=1, targets=1
[DEBUG] armors=1, targets=1
[2026-09-05 14:05:21.041] [info] [DRYRUN] measured_gimbal=(2.765,-0.017,-0.057) measured_world=(2.746,0.307,-0.120) tracked_world=(2.747,0.307,-0.120) target_gimbal_deg=(-0.35,-1.17) target_world_deg=(6.37,-2.48) gimbal_deg=(6.73,1.31) armor_y_px=634.8 pixel_error_deg=(3.18,2.32) ballistic=(range=2.765m holdover=0.736m comp=14.60deg residual=-12.28deg) q_wxyz=(0.998212,0.000671,0.011411,-0.058677) cmd_deg=(8.48,-18.95) packed_pitch_deg=-18.95 control=true shoot=false
[DEBUG] armors=1, targets=1
[DEBUG] armors=1, targets=1
[DEBUG] armors=1, targets=1
[DEBUG] armors=1, targets=1
[DEBUG] armors=1, targets=1
[DEBUG] armors=1, targets=1
[DEBUG] armors=1, targets=1
[DEBUG] armors=1, targets=1
[DEBUG] armors=1, targets=1
[DEBUG] armors=1, targets=1
[DEBUG] armors=1, targets=1
[DEBUG] armors=1, targets=1
[DEBUG] armors=1, targets=1
[DEBUG] armors=1, targets=1
[DEBUG] armors=1, targets=1
[DEBUG] armors=1, targets=1
[DEBUG] armors=1, targets=1
[DEBUG] armors=1, targets=1
[DEBUG] armors=1, targets=1
[DEBUG] armors=1, targets=1
[2026-09-05 14:05:21.346] [info] [DRYRUN] measured_gimbal=(2.760,-0.017,-0.056) measured_world=(2.741,0.306,-0.120) tracked_world=(2.744,0.306,-0.120) target_gimbal_deg=(-0.36,-1.17) target_world_deg=(6.37,-2.48) gimbal_deg=(6.73,1.31) armor_y_px=634.8 pixel_error_deg=(3.18,2.32) ballistic=(range=2.760m holdover=0.734m comp=14.59deg residual=-12.26deg) q_wxyz=(0.998213,0.000671,0.011416,-0.058659) cmd_deg=(8.49,-18.94) packed_pitch_deg=-18.94 control=true shoot=false
[DEBUG] armors=1, targets=1
[DEBUG] armors=1, targets=1
[DEBUG] armors=1, targets=1
[DEBUG] armors=1, targets=1
[DEBUG] armors=1, targets=1
[DEBUG] armors=1, targets=1
[DEBUG] armors=1, targets=1
[DEBUG] armors=1, targets=1
[DEBUG] armors=1, targets=1
[2026-09-05 14:05:21.486] [info] [SYNC][XUC] mode=0 yaw=-6.73 deg pitch=1.31 deg feeder_rpm=0.00 wheel0_rpm=0 wheel1_rpm=0 wheel_delta=0 projectile_speed=9.50
[DEBUG] armors=1, targets=1
[2026-09-05 14:05:21.501] [info] [PERF] 总耗时=14.7ms (检测=11.9ms, 跟踪=0.5ms), FPS=68.2
[2026-09-05 14:05:21.501] [info] 📊 [CAMERA FPS] 瞬时帧率=68.1fps, 平均帧率=66.2fps, 总帧数=1150, 运行时间=17.4s
[DEBUG] armors=1, targets=1
[DEBUG] armors=1, targets=1
[DEBUG] armors=1, targets=1
[DEBUG] armors=1, targets=1
[DEBUG] armors=1, targets=1
[DEBUG] armors=1, targets=1
[DEBUG] armors=1, targets=1
[DEBUG] armors=1, targets=1
[DEBUG] armors=1, targets=1
[DEBUG] armors=1, targets=1
[2026-09-05 14:05:21.651] [info] [DRYRUN] measured_gimbal=(2.764,-0.017,-0.057) measured_world=(2.745,0.307,-0.120) tracked_world=(2.746,0.307,-0.120) target_gimbal_deg=(-0.35,-1.17) target_world_deg=(6.37,-2.49) gimbal_deg=(6.73,1.32) armor_y_px=634.8 pixel_error_deg=(3.18,2.32) ballistic=(range=2.764m holdover=0.735m comp=14.60deg residual=-12.28deg) q_wxyz=(0.998210,0.000675,0.011480,-0.058682) cmd_deg=(8.50,-18.95) packed_pitch_deg=-18.95 control=true shoot=false
[DEBUG] armors=1, targets=1
[DEBUG] armors=1, targets=1
[DEBUG] armors=1, targets=1
[DEBUG] armors=1, targets=1
[DEBUG] armors=1, targets=1
[DEBUG] armors=1, targets=1
[DEBUG] armors=1, targets=1
[DEBUG] armors=1, targets=1
[DEBUG] armors=1, targets=1
[DEBUG] armors=1, targets=1
[DEBUG] armors=1, targets=1
[DEBUG] armors=1, targets=1
[DEBUG] armors=1, targets=1
[DEBUG] armors=1, targets=1
[DEBUG] armors=1, targets=1
[DEBUG] armors=1, targets=1
[DEBUG] armors=1, targets=1
[DEBUG] armors=1, targets=1
[DEBUG] armors=1, targets=1
[DEBUG] armors=1, targets=1
[2026-09-05 14:05:21.956] [info] [DRYRUN] measured_gimbal=(2.765,-0.017,-0.057) measured_world=(2.746,0.307,-0.121) tracked_world=(2.742,0.306,-0.121) target_gimbal_deg=(-0.35,-1.17) target_world_deg=(6.38,-2.52) gimbal_deg=(6.73,1.34) armor_y_px=634.8 pixel_error_deg=(3.18,2.32) ballistic=(range=2.765m holdover=0.736m comp=14.60deg residual=-12.28deg) q_wxyz=(0.998208,0.000687,0.011692,-0.058681) cmd_deg=(8.50,-18.93) packed_pitch_deg=-18.93 control=true shoot=false
[DEBUG] armors=1, targets=1
[DEBUG] armors=1, targets=1
[DEBUG] armors=1, targets=1
[DEBUG] armors=1, targets=1
[DEBUG] armors=1, targets=1
[DEBUG] armors=1, targets=1
[DEBUG] armors=1, targets=1
[DEBUG] armors=1, targets=1
[DEBUG] armors=1, targets=1
[DEBUG] armors=1, targets=1
[DEBUG] armors=1, targets=1
[DEBUG] armors=1, targets=1
[DEBUG] armors=1, targets=1
[DEBUG] armors=1, targets=1
[DEBUG] armors=1, targets=1
[DEBUG] armors=1, targets=1
[DEBUG] armors=1, targets=1
[DEBUG] armors=1, targets=1
[DEBUG] armors=1, targets=1
[2026-09-05 14:05:22.252] [info] [SYNC][XUC] mode=0 yaw=-6.73 deg pitch=1.36 deg feeder_rpm=0.00 wheel0_rpm=0 wheel1_rpm=0 wheel_delta=0 projectile_speed=9.50
[DEBUG] armors=1, targets=1
[2026-09-05 14:05:22.265] [info] [DRYRUN] measured_gimbal=(2.773,-0.017,-0.057) measured_world=(2.754,0.308,-0.123) tracked_world=(2.745,0.307,-0.122) target_gimbal_deg=(-0.35,-1.18) target_world_deg=(6.38,-2.54) gimbal_deg=(6.73,1.36) armor_y_px=634.9 pixel_error_deg=(3.18,2.33) ballistic=(range=2.773m holdover=0.739m comp=14.63deg residual=-12.30deg) q_wxyz=(0.998205,0.000695,0.011816,-0.058703) cmd_deg=(8.50,-18.95) packed_pitch_deg=-18.95 control=true shoot=false
[2026-09-05 14:05:22.268] [info] [PERF] 总耗时=15.6ms (检测=12.9ms, 跟踪=0.4ms), FPS=64.0
[2026-09-05 14:05:22.268] [info] 📊 [CAMERA FPS] 瞬时帧率=63.9fps, 平均帧率=66.1fps, 总帧数=1200, 运行时间=18.1s
[DEBUG] armors=1, targets=1
[DEBUG] armors=1, targets=1
[DEBUG] armors=1, targets=1
[DEBUG] armors=1, targets=1
[DEBUG] armors=1, targets=1
[DEBUG] armors=1, targets=1
[DEBUG] armors=1, targets=1
[DEBUG] armors=1, targets=1
[DEBUG] armors=1, targets=1
[DEBUG] armors=1, targets=1
[DEBUG] armors=1, targets=1
[DEBUG] armors=1, targets=1
[DEBUG] armors=1, targets=1
[DEBUG] armors=1, targets=1
[DEBUG] armors=1, targets=1
[DEBUG] armors=1, targets=1
[DEBUG] armors=1, targets=1
[DEBUG] armors=1, targets=1
[DEBUG] armors=1, targets=1
[DEBUG] armors=1, targets=1
[2026-09-05 14:05:22.574] [info] [DRYRUN] measured_gimbal=(2.759,-0.017,-0.056) measured_world=(2.740,0.306,-0.122) tracked_world=(2.744,0.307,-0.122) target_gimbal_deg=(-0.36,-1.17) target_world_deg=(6.38,-2.53) gimbal_deg=(6.74,1.36) armor_y_px=634.6 pixel_error_deg=(3.18,2.32) ballistic=(range=2.759m holdover=0.734m comp=14.59deg residual=-12.27deg) q_wxyz=(0.998203,0.000698,0.011863,-0.058740) cmd_deg=(8.51,-18.86) packed_pitch_deg=-18.86 control=true shoot=false
[DEBUG] armors=1, targets=1
[DEBUG] armors=1, targets=1
[DEBUG] armors=1, targets=1
[DEBUG] armors=1, targets=1
[DEBUG] armors=1, targets=1
[DEBUG] armors=1, targets=1
[DEBUG] armors=1, targets=1
[DEBUG] armors=1, targets=1
[DEBUG] armors=1, targets=1
[DEBUG] armors=1, targets=1
[DEBUG] armors=1, targets=1
[DEBUG] armors=1, targets=1
[DEBUG] armors=1, targets=1
[DEBUG] armors=1, targets=1
[DEBUG] armors=1, targets=1
[DEBUG] armors=1, targets=1
[DEBUG] armors=1, targets=1
[DEBUG] armors=1, targets=1
[DEBUG] armors=1, targets=1
[DEBUG] armors=1, targets=1
[2026-09-05 14:05:22.879] [info] [DRYRUN] measured_gimbal=(2.752,-0.017,-0.056) measured_world=(2.733,0.305,-0.122) tracked_world=(2.742,0.306,-0.122) target_gimbal_deg=(-0.36,-1.17) target_world_deg=(6.37,-2.53) gimbal_deg=(6.74,1.36) armor_y_px=634.8 pixel_error_deg=(3.18,2.32) ballistic=(range=2.752m holdover=0.731m comp=14.56deg residual=-12.24deg) q_wxyz=(0.998203,0.000698,0.011863,-0.058740) cmd_deg=(8.50,-18.85) packed_pitch_deg=-18.85 control=true shoot=false
[DEBUG] armors=1, targets=1
[DEBUG] armors=1, targets=1
[DEBUG] armors=1, targets=1
[DEBUG] armors=1, targets=1
[DEBUG] armors=1, targets=1
[DEBUG] armors=1, targets=1
[DEBUG] armors=1, targets=1
[DEBUG] armors=1, targets=1
[DEBUG] armors=1, targets=1
[2026-09-05 14:05:23.021] [info] [SYNC][XUC] mode=0 yaw=-6.74 deg pitch=1.36 deg feeder_rpm=-4.00 wheel0_rpm=0 wheel1_rpm=0 wheel_delta=0 projectile_speed=9.50
[DEBUG] armors=1, targets=1
[2026-09-05 14:05:23.037] [info] [PERF] 总耗时=16.0ms (检测=13.1ms, 跟踪=0.4ms), FPS=62.6
[2026-09-05 14:05:23.037] [info] 📊 [CAMERA FPS] 瞬时帧率=62.5fps, 平均帧率=66.1fps, 总帧数=1250, 运行时间=18.9s
[DEBUG] armors=1, targets=1
[DEBUG] armors=1, targets=1
[DEBUG] armors=1, targets=1
[DEBUG] armors=1, targets=1
[DEBUG] armors=1, targets=1
[DEBUG] armors=1, targets=1
[DEBUG] armors=1, targets=1
[DEBUG] armors=1, targets=1
[DEBUG] armors=1, targets=1
[DEBUG] armors=1, targets=1
[2026-09-05 14:05:23.190] [info] [DRYRUN] measured_gimbal=(2.758,-0.017,-0.056) measured_world=(2.739,0.306,-0.122) tracked_world=(2.745,0.307,-0.122) target_gimbal_deg=(-0.36,-1.17) target_world_deg=(6.38,-2.53) gimbal_deg=(6.74,1.36) armor_y_px=634.6 pixel_error_deg=(3.18,2.32) ballistic=(range=2.758m holdover=0.733m comp=14.58deg residual=-12.26deg) q_wxyz=(0.998203,0.000698,0.011863,-0.058740) cmd_deg=(8.50,-18.89) packed_pitch_deg=-18.89 control=true shoot=false
[DEBUG] armors=1, targets=1
[DEBUG] armors=1, targets=1
[DEBUG] armors=1, targets=1
[DEBUG] armors=1, targets=1
[DEBUG] armors=1, targets=1
[DEBUG] armors=1, targets=1
[DEBUG] armors=1, targets=1
[DEBUG] armors=1, targets=1
[DEBUG] armors=1, targets=1
[DEBUG] armors=1, targets=1
[DEBUG] armors=1, targets=1
[DEBUG] armors=1, targets=1
[DEBUG] armors=1, targets=1
[DEBUG] armors=1, targets=1
[DEBUG] armors=1, targets=1
[DEBUG] armors=1, targets=1
[DEBUG] armors=1, targets=1
[DEBUG] armors=1, targets=1
[DEBUG] armors=1, targets=1
[DEBUG] armors=1, targets=1
[2026-09-05 14:05:23.500] [info] [DRYRUN] measured_gimbal=(2.764,-0.017,-0.056) measured_world=(2.745,0.307,-0.122) tracked_world=(2.742,0.307,-0.122) target_gimbal_deg=(-0.35,-1.17) target_world_deg=(6.38,-2.53) gimbal_deg=(6.74,1.36) armor_y_px=634.6 pixel_error_deg=(3.18,2.32) ballistic=(range=2.764m holdover=0.736m comp=14.60deg residual=-12.28deg) q_wxyz=(0.998203,0.000698,0.011863,-0.058740) cmd_deg=(8.50,-18.95) packed_pitch_deg=-18.95 control=true shoot=false
[DEBUG] armors=1, targets=1
[DEBUG] armors=1, targets=1
[DEBUG] armors=1, targets=1
[DEBUG] armors=1, targets=1
[DEBUG] armors=1, targets=1
[DEBUG] armors=1, targets=1
[DEBUG] armors=1, targets=1
[DEBUG] armors=1, targets=1
[DEBUG] armors=1, targets=1
[DEBUG] armors=1, targets=1
[DEBUG] armors=1, targets=1
[DEBUG] armors=1, targets=1
[DEBUG] armors=1, targets=1
[DEBUG] armors=1, targets=1
[DEBUG] armors=1, targets=1
[DEBUG] armors=1, targets=1
[DEBUG] armors=1, targets=1
[DEBUG] armors=1, targets=1
[DEBUG] armors=1, targets=1
[2026-09-05 14:05:23.802] [info] [SYNC][XUC] mode=0 yaw=-6.74 deg pitch=1.36 deg feeder_rpm=0.00 wheel0_rpm=0 wheel1_rpm=0 wheel_delta=0 projectile_speed=9.50
[DEBUG] armors=1, targets=1
[2026-09-05 14:05:23.815] [info] [DRYRUN] measured_gimbal=(2.753,-0.017,-0.056) measured_world=(2.734,0.306,-0.121) tracked_world=(2.743,0.307,-0.122) target_gimbal_deg=(-0.36,-1.17) target_world_deg=(6.38,-2.53) gimbal_deg=(6.74,1.36) armor_y_px=634.8 pixel_error_deg=(3.18,2.32) ballistic=(range=2.753m holdover=0.731m comp=14.57deg residual=-12.24deg) q_wxyz=(0.998203,0.000698,0.011863,-0.058740) cmd_deg=(8.51,-18.89) packed_pitch_deg=-18.89 control=true shoot=false
[2026-09-05 14:05:23.818] [info] [PERF] 总耗时=15.2ms (检测=12.3ms, 跟踪=0.5ms), FPS=65.8
[2026-09-05 14:05:23.818] [info] 📊 [CAMERA FPS] 瞬时帧率=65.7fps, 平均帧率=66.0fps, 总帧数=1300, 运行时间=19.7s
[DEBUG] armors=1, targets=1
[DEBUG] armors=1, targets=1
[DEBUG] armors=1, targets=1
[DEBUG] armors=1, targets=1
[DEBUG] armors=1, targets=1
[DEBUG] armors=1, targets=1
[DEBUG] armors=1, targets=1
[DEBUG] armors=1, targets=1
[DEBUG] armors=1, targets=1
[DEBUG] armors=1, targets=1
[DEBUG] armors=1, targets=1
[DEBUG] armors=1, targets=1
[DEBUG] armors=1, targets=1
[DEBUG] armors=1, targets=1
[DEBUG] armors=1, targets=1
[DEBUG] armors=1, targets=1
[DEBUG] armors=1, targets=1
[DEBUG] armors=1, targets=1
[DEBUG] armors=1, targets=1
[DEBUG] armors=1, targets=1
[2026-09-05 14:05:24.125] [info] [DRYRUN] measured_gimbal=(2.773,-0.017,-0.057) measured_world=(2.754,0.308,-0.123) tracked_world=(2.746,0.307,-0.122) target_gimbal_deg=(-0.35,-1.17) target_world_deg=(6.38,-2.54) gimbal_deg=(6.74,1.36) armor_y_px=634.7 pixel_error_deg=(3.18,2.32) ballistic=(range=2.773m holdover=0.740m comp=14.63deg residual=-12.31deg) q_wxyz=(0.998203,0.000698,0.011863,-0.058740) cmd_deg=(8.51,-18.94) packed_pitch_deg=-18.94 control=true shoot=false
[DEBUG] armors=1, targets=1
[DEBUG] armors=1, targets=1
[DEBUG] armors=1, targets=1
[DEBUG] armors=1, targets=1
[DEBUG] armors=1, targets=1
[DEBUG] armors=1, targets=1
[DEBUG] armors=1, targets=1
[DEBUG] armors=1, targets=1
[DEBUG] armors=1, targets=1
[DEBUG] armors=1, targets=1
[DEBUG] armors=1, targets=1
[DEBUG] armors=1, targets=1
[DEBUG] armors=1, targets=1
[DEBUG] armors=1, targets=1
[DEBUG] armors=1, targets=1
[DEBUG] armors=1, targets=1
[DEBUG] armors=1, targets=1
[DEBUG] armors=1, targets=1
[DEBUG] armors=1, targets=1
[DEBUG] armors=1, targets=1
[2026-09-05 14:05:24.430] [info] [DRYRUN] measured_gimbal=(2.777,-0.017,-0.057) measured_world=(2.757,0.309,-0.123) tracked_world=(2.750,0.308,-0.122) target_gimbal_deg=(-0.35,-1.18) target_world_deg=(6.39,-2.54) gimbal_deg=(6.74,1.36) armor_y_px=634.7 pixel_error_deg=(3.18,2.32) ballistic=(range=2.777m holdover=0.741m comp=14.64deg residual=-12.32deg) q_wxyz=(0.998203,0.000698,0.011863,-0.058740) cmd_deg=(8.50,-18.93) packed_pitch_deg=-18.93 control=true shoot=false
[DEBUG] armors=1, targets=1
[DEBUG] armors=1, targets=1
[DEBUG] armors=1, targets=1
[DEBUG] armors=1, targets=1
[DEBUG] armors=1, targets=1
[DEBUG] armors=1, targets=1
[DEBUG] armors=1, targets=1
[DEBUG] armors=1, targets=1
[DEBUG] armors=1, targets=1
[2026-09-05 14:05:24.568] [info] [SYNC][XUC] mode=0 yaw=-6.74 deg pitch=1.36 deg feeder_rpm=0.00 wheel0_rpm=0 wheel1_rpm=0 wheel_delta=0 projectile_speed=9.50
[DEBUG] armors=1, targets=1
[2026-09-05 14:05:24.584] [info] [PERF] 总耗时=15.5ms (检测=12.5ms, 跟踪=0.5ms), FPS=64.4
[2026-09-05 14:05:24.584] [info] 📊 [CAMERA FPS] 瞬时帧率=64.2fps, 平均帧率=66.0fps, 总帧数=1350, 运行时间=20.5s
[DEBUG] armors=1, targets=1
[DEBUG] armors=1, targets=1
[DEBUG] armors=1, targets=1
[DEBUG] armors=1, targets=1
[DEBUG] armors=1, targets=1
[DEBUG] armors=1, targets=1
[DEBUG] armors=1, targets=1
[DEBUG] armors=1, targets=1
[DEBUG] armors=1, targets=1
[DEBUG] armors=1, targets=1
[2026-09-05 14:05:24.736] [info] [DRYRUN] measured_gimbal=(2.750,-0.017,-0.056) measured_world=(2.731,0.305,-0.121) tracked_world=(2.749,0.307,-0.122) target_gimbal_deg=(-0.36,-1.16) target_world_deg=(6.38,-2.52) gimbal_deg=(6.74,1.36) armor_y_px=634.6 pixel_error_deg=(3.18,2.32) ballistic=(range=2.750m holdover=0.730m comp=14.56deg residual=-12.24deg) q_wxyz=(0.998203,0.000698,0.011863,-0.058740) cmd_deg=(8.51,-18.86) packed_pitch_deg=-18.86 control=true shoot=false
[DEBUG] armors=1, targets=1
[DEBUG] armors=1, targets=1
[DEBUG] armors=1, targets=1
[DEBUG] armors=1, targets=1
[DEBUG] armors=1, targets=1
[DEBUG] armors=1, targets=1
[DEBUG] armors=1, targets=1
[DEBUG] armors=1, targets=1
[DEBUG] armors=1, targets=1
[DEBUG] armors=1, targets=1
[DEBUG] armors=1, targets=1
[DEBUG] armors=1, targets=1
[DEBUG] armors=1, targets=1
[DEBUG] armors=1, targets=1
[DEBUG] armors=1, targets=1
[DEBUG] armors=1, targets=1
[DEBUG] armors=1, targets=1
[DEBUG] armors=1, targets=1
[DEBUG] armors=1, targets=1
[DEBUG] armors=1, targets=1
[2026-09-05 14:05:25.047] [info] [DRYRUN] measured_gimbal=(2.766,-0.017,-0.056) measured_world=(2.746,0.307,-0.122) tracked_world=(2.748,0.307,-0.122) target_gimbal_deg=(-0.35,-1.17) target_world_deg=(6.38,-2.53) gimbal_deg=(6.74,1.36) armor_y_px=634.6 pixel_error_deg=(3.18,2.32) ballistic=(range=2.766m holdover=0.736m comp=14.60deg residual=-12.28deg) q_wxyz=(0.998203,0.000698,0.011863,-0.058740) cmd_deg=(8.50,-18.90) packed_pitch_deg=-18.90 control=true shoot=false
[DEBUG] armors=1, targets=1
[DEBUG] armors=1, targets=1
[DEBUG] armors=1, targets=1
[DEBUG] armors=1, targets=1
[DEBUG] armors=1, targets=1
[DEBUG] armors=1, targets=1
[DEBUG] armors=1, targets=1
[DEBUG] armors=1, targets=1
[DEBUG] armors=1, targets=1
[DEBUG] armors=1, targets=1
[DEBUG] armors=1, targets=1
[DEBUG] armors=1, targets=1
[DEBUG] armors=1, targets=1
[DEBUG] armors=1, targets=1
[DEBUG] armors=1, targets=1
[DEBUG] armors=1, targets=1
[DEBUG] armors=1, targets=1
[DEBUG] armors=1, targets=1
[DEBUG] armors=1, targets=1
[2026-09-05 14:05:25.339] [info] [SYNC][XUC] mode=0 yaw=-6.74 deg pitch=1.36 deg feeder_rpm=0.00 wheel0_rpm=0 wheel1_rpm=0 wheel_delta=0 projectile_speed=9.50
[DEBUG] armors=1, targets=1
[2026-09-05 14:05:25.352] [info] [DRYRUN] measured_gimbal=(2.758,-0.017,-0.056) measured_world=(2.739,0.306,-0.122) tracked_world=(2.748,0.307,-0.122) target_gimbal_deg=(-0.35,-1.16) target_world_deg=(6.38,-2.53) gimbal_deg=(6.74,1.36) armor_y_px=634.5 pixel_error_deg=(3.18,2.32) ballistic=(range=2.758m holdover=0.733m comp=14.58deg residual=-12.26deg) q_wxyz=(0.998203,0.000698,0.011863,-0.058740) cmd_deg=(8.50,-18.88) packed_pitch_deg=-18.88 control=true shoot=false
[2026-09-05 14:05:25.354] [info] [PERF] 总耗时=14.8ms (检测=12.2ms, 跟踪=0.4ms), FPS=67.4
[2026-09-05 14:05:25.354] [info] 📊 [CAMERA FPS] 瞬时帧率=67.3fps, 平均帧率=65.9fps, 总帧数=1400, 运行时间=21.2s
[DEBUG] armors=1, targets=1
[DEBUG] armors=1, targets=1
[DEBUG] armors=1, targets=1
[DEBUG] armors=1, targets=1
[DEBUG] armors=1, targets=1
[DEBUG] armors=1, targets=1
[DEBUG] armors=1, targets=1
[DEBUG] armors=1, targets=1
[DEBUG] armors=1, targets=1
[DEBUG] armors=1, targets=1
[DEBUG] armors=1, targets=1
[DEBUG] armors=1, targets=1
[DEBUG] armors=1, targets=1
[DEBUG] armors=1, targets=1
[DEBUG] armors=1, targets=1
[DEBUG] armors=1, targets=1
[DEBUG] armors=1, targets=1
[DEBUG] armors=1, targets=1
[DEBUG] armors=1, targets=1
[DEBUG] armors=1, targets=1
[2026-09-05 14:05:25.656] [info] [DRYRUN] measured_gimbal=(2.774,-0.017,-0.057) measured_world=(2.755,0.308,-0.123) tracked_world=(2.772,0.318,-0.124) target_gimbal_deg=(-0.35,-1.18) target_world_deg=(6.38,-2.54) gimbal_deg=(6.74,1.36) armor_y_px=634.7 pixel_error_deg=(3.18,2.32) ballistic=(range=2.774m holdover=0.740m comp=14.63deg residual=-12.31deg) q_wxyz=(0.998203,0.000698,0.011863,-0.058740) cmd_deg=(8.64,-18.91) packed_pitch_deg=-18.91 control=true shoot=false
[DEBUG] armors=1, targets=1
[DEBUG] armors=1, targets=1
[DEBUG] armors=1, targets=1
[DEBUG] armors=1, targets=1
[DEBUG] armors=1, targets=1
[DEBUG] armors=1, targets=1
[DEBUG] armors=1, targets=1
[DEBUG] armors=1, targets=1
[DEBUG] armors=1, targets=1
[DEBUG] armors=1, targets=1
[DEBUG] armors=1, targets=1
[DEBUG] armors=1, targets=1
[DEBUG] armors=1, targets=1
[DEBUG] armors=1, targets=1
[DEBUG] armors=1, targets=1
[DEBUG] armors=1, targets=1
[DEBUG] armors=1, targets=1
[DEBUG] armors=1, targets=1
[DEBUG] armors=1, targets=1
[DEBUG] armors=1, targets=1
[2026-09-05 14:05:25.964] [info] [DRYRUN] measured_gimbal=(2.764,-0.017,-0.057) measured_world=(2.745,0.307,-0.122) tracked_world=(2.766,0.309,-0.123) target_gimbal_deg=(-0.35,-1.17) target_world_deg=(6.38,-2.54) gimbal_deg=(6.74,1.36) armor_y_px=634.8 pixel_error_deg=(3.18,2.32) ballistic=(range=2.764m holdover=0.736m comp=14.60deg residual=-12.28deg) q_wxyz=(0.998203,0.000698,0.011863,-0.058740) cmd_deg=(8.38,-18.96) packed_pitch_deg=-18.96 control=true shoot=false
[DEBUG] armors=1, targets=1
[DEBUG] armors=1, targets=1
[DEBUG] armors=1, targets=1
[DEBUG] armors=1, targets=1
[DEBUG] armors=1, targets=1
[DEBUG] armors=1, targets=1
[DEBUG] armors=1, targets=1
[DEBUG] armors=1, targets=1
[DEBUG] armors=1, targets=1
[2026-09-05 14:05:26.106] [info] [SYNC][XUC] mode=0 yaw=-6.74 deg pitch=1.36 deg feeder_rpm=0.00 wheel0_rpm=0 wheel1_rpm=0 wheel_delta=0 projectile_speed=9.50
[DEBUG] armors=1, targets=1
[2026-09-05 14:05:26.122] [info] [PERF] 总耗时=15.4ms (检测=12.7ms, 跟踪=0.4ms), FPS=64.7
[2026-09-05 14:05:26.122] [info] 📊 [CAMERA FPS] 瞬时帧率=64.6fps, 平均帧率=65.9fps, 总帧数=1450, 运行时间=22.0s
[DEBUG] armors=1, targets=1
[DEBUG] armors=1, targets=1
[DEBUG] armors=1, targets=1
[DEBUG] armors=1, targets=1
[DEBUG] armors=1, targets=1
[DEBUG] armors=1, targets=1
[DEBUG] armors=1, targets=1
[DEBUG] armors=1, targets=1
[DEBUG] armors=1, targets=1
[DEBUG] armors=1, targets=1
[2026-09-05 14:05:26.276] [info] [DRYRUN] measured_gimbal=(2.785,-0.017,-0.058) measured_world=(2.766,0.310,-0.124) tracked_world=(2.756,0.307,-0.123) target_gimbal_deg=(-0.35,-1.19) target_world_deg=(6.39,-2.55) gimbal_deg=(6.74,1.36) armor_y_px=634.9 pixel_error_deg=(3.18,2.33) ballistic=(range=2.786m holdover=0.745m comp=14.67deg residual=-12.34deg) q_wxyz=(0.998203,0.000698,0.011863,-0.058740) cmd_deg=(8.42,-18.92) packed_pitch_deg=-18.92 control=true shoot=false
[DEBUG] armors=1, targets=1
[DEBUG] armors=1, targets=1
[DEBUG] armors=1, targets=1
[DEBUG] armors=1, targets=1
[DEBUG] armors=1, targets=1
[DEBUG] armors=1, targets=1
[DEBUG] armors=1, targets=1
[DEBUG] armors=1, targets=1
[DEBUG] armors=1, targets=1
[DEBUG] armors=1, targets=1
[DEBUG] armors=1, targets=1
[DEBUG] armors=1, targets=1
[DEBUG] armors=1, targets=1
[DEBUG] armors=1, targets=1
[DEBUG] armors=1, targets=1
[DEBUG] armors=1, targets=1
[DEBUG] armors=1, targets=1
[DEBUG] armors=1, targets=1
[DEBUG] armors=1, targets=1
[DEBUG] armors=1, targets=1
[2026-09-05 14:05:26.582] [info] [DRYRUN] measured_gimbal=(2.768,-0.017,-0.057) measured_world=(2.749,0.307,-0.123) tracked_world=(2.748,0.307,-0.122) target_gimbal_deg=(-0.35,-1.18) target_world_deg=(6.38,-2.54) gimbal_deg=(6.74,1.36) armor_y_px=634.8 pixel_error_deg=(3.18,2.32) ballistic=(range=2.768m holdover=0.737m comp=14.61deg residual=-12.29deg) q_wxyz=(0.998203,0.000698,0.011863,-0.058740) cmd_deg=(8.49,-18.92) packed_pitch_deg=-18.92 control=true shoot=false
[DEBUG] armors=1, targets=1
[DEBUG] armors=1, targets=1
[DEBUG] armors=1, targets=1
[DEBUG] armors=1, targets=1
[DEBUG] armors=1, targets=1
[DEBUG] armors=1, targets=1
[DEBUG] armors=1, targets=1
[DEBUG] armors=1, targets=1
[DEBUG] armors=1, targets=1
[DEBUG] armors=1, targets=1
[DEBUG] armors=1, targets=1
[DEBUG] armors=1, targets=1
[DEBUG] armors=1, targets=1
[DEBUG] armors=1, targets=1
[DEBUG] armors=1, targets=1
[DEBUG] armors=1, targets=1
[DEBUG] armors=1, targets=1
[DEBUG] armors=1, targets=1
[DEBUG] armors=1, targets=1
[2026-09-05 14:05:26.884] [info] [SYNC][XUC] mode=0 yaw=-6.74 deg pitch=1.36 deg feeder_rpm=0.00 wheel0_rpm=0 wheel1_rpm=0 wheel_delta=0 projectile_speed=9.50
[DEBUG] armors=1, targets=1
[2026-09-05 14:05:26.897] [info] [DRYRUN] measured_gimbal=(2.765,-0.017,-0.056) measured_world=(2.746,0.307,-0.122) tracked_world=(2.744,0.307,-0.122) target_gimbal_deg=(-0.36,-1.17) target_world_deg=(6.38,-2.53) gimbal_deg=(6.74,1.36) armor_y_px=634.6 pixel_error_deg=(3.18,2.32) ballistic=(range=2.765m holdover=0.736m comp=14.60deg residual=-12.28deg) q_wxyz=(0.998203,0.000698,0.011863,-0.058740) cmd_deg=(8.51,-18.92) packed_pitch_deg=-18.92 control=true shoot=false
[2026-09-05 14:05:26.899] [info] [PERF] 总耗时=15.5ms (检测=12.3ms, 跟踪=0.5ms), FPS=64.5
[2026-09-05 14:05:26.899] [info] 📊 [CAMERA FPS] 瞬时帧率=64.4fps, 平均帧率=65.9fps, 总帧数=1500, 运行时间=22.8s
[DEBUG] armors=1, targets=1
[DEBUG] armors=1, targets=1
[DEBUG] armors=1, targets=1
[DEBUG] armors=1, targets=1
[DEBUG] armors=1, targets=1
[DEBUG] armors=1, targets=1
[DEBUG] armors=1, targets=1
[DEBUG] armors=1, targets=1
[DEBUG] armors=1, targets=1
[DEBUG] armors=1, targets=1
[DEBUG] armors=1, targets=1
[DEBUG] armors=1, targets=1
[DEBUG] armors=1, targets=1
[DEBUG] armors=1, targets=1
[DEBUG] armors=1, targets=1
[DEBUG] armors=1, targets=1
[DEBUG] armors=1, targets=1
[DEBUG] armors=1, targets=1
[DEBUG] armors=1, targets=1
[DEBUG] armors=1, targets=1
[2026-09-05 14:05:27.207] [info] [DRYRUN] measured_gimbal=(2.790,-0.017,-0.058) measured_world=(2.771,0.310,-0.124) tracked_world=(2.744,0.307,-0.122) target_gimbal_deg=(-0.34,-1.19) target_world_deg=(6.39,-2.55) gimbal_deg=(6.74,1.36) armor_y_px=634.9 pixel_error_deg=(3.18,2.33) ballistic=(range=2.790m holdover=0.747m comp=14.68deg residual=-12.35deg) q_wxyz=(0.998203,0.000698,0.011863,-0.058740) cmd_deg=(8.50,-18.96) packed_pitch_deg=-18.96 control=true shoot=false
[DEBUG] armors=1, targets=1
[DEBUG] armors=1, targets=1
[DEBUG] armors=1, targets=1
[DEBUG] armors=1, targets=1
[DEBUG] armors=1, targets=1
[DEBUG] armors=1, targets=1
[DEBUG] armors=1, targets=1
[DEBUG] armors=1, targets=1
[DEBUG] armors=1, targets=1
[DEBUG] armors=1, targets=1
[DEBUG] armors=1, targets=1
[DEBUG] armors=1, targets=1
[DEBUG] armors=1, targets=1
[DEBUG] armors=1, targets=1
[DEBUG] armors=1, targets=1
[DEBUG] armors=1, targets=1
[DEBUG] armors=1, targets=1
[DEBUG] armors=1, targets=1
[DEBUG] armors=1, targets=1
[DEBUG] armors=1, targets=1
[2026-09-05 14:05:27.519] [info] [DRYRUN] measured_gimbal=(2.792,-0.016,-0.058) measured_world=(2.772,0.311,-0.125) tracked_world=(2.745,0.307,-0.123) target_gimbal_deg=(-0.34,-1.19) target_world_deg=(6.40,-2.56) gimbal_deg=(6.74,1.36) armor_y_px=635.2 pixel_error_deg=(3.18,2.33) ballistic=(range=2.792m holdover=0.747m comp=14.68deg residual=-12.35deg) q_wxyz=(0.998203,0.000698,0.011863,-0.058740) cmd_deg=(8.49,-18.89) packed_pitch_deg=-18.89 control=true shoot=false
[DEBUG] armors=1, targets=1
[DEBUG] armors=1, targets=1
[DEBUG] armors=1, targets=1
[DEBUG] armors=1, targets=1
[DEBUG] armors=1, targets=1
[DEBUG] armors=1, targets=1
[DEBUG] armors=1, targets=1
[DEBUG] armors=1, targets=1
[DEBUG] armors=1, targets=1
[2026-09-05 14:05:27.661] [info] [SYNC][XUC] mode=0 yaw=-6.74 deg pitch=1.36 deg feeder_rpm=0.00 wheel0_rpm=0 wheel1_rpm=0 wheel_delta=0 projectile_speed=9.50
[DEBUG] armors=1, targets=1
[2026-09-05 14:05:27.677] [info] [PERF] 总耗时=15.9ms (检测=13.2ms, 跟踪=0.4ms), FPS=62.9
[2026-09-05 14:05:27.677] [info] 📊 [CAMERA FPS] 瞬时帧率=62.8fps, 平均帧率=65.8fps, 总帧数=1550, 运行时间=23.6s
[DEBUG] armors=1, targets=1
[DEBUG] armors=1, targets=1
[DEBUG] armors=1, targets=1
[DEBUG] armors=1, targets=1
[DEBUG] armors=1, targets=1
[DEBUG] armors=1, targets=1
[DEBUG] armors=1, targets=1
[DEBUG] armors=1, targets=1
[DEBUG] armors=1, targets=1
[DEBUG] armors=1, targets=1
[2026-09-05 14:05:27.831] [info] [DRYRUN] measured_gimbal=(2.779,-0.017,-0.057) measured_world=(2.760,0.309,-0.123) tracked_world=(2.751,0.308,-0.123) target_gimbal_deg=(-0.35,-1.18) target_world_deg=(6.39,-2.54) gimbal_deg=(6.74,1.36) armor_y_px=634.9 pixel_error_deg=(3.18,2.33) ballistic=(range=2.779m holdover=0.742m comp=14.65deg residual=-12.32deg) q_wxyz=(0.998203,0.000698,0.011863,-0.058740) cmd_deg=(8.51,-19.00) packed_pitch_deg=-19.00 control=true shoot=false
[DEBUG] armors=1, targets=1
[DEBUG] armors=1, targets=1
[DEBUG] armors=1, targets=1
[DEBUG] armors=1, targets=1
[DEBUG] armors=1, targets=1
[DEBUG] armors=1, targets=1
[DEBUG] armors=1, targets=1
[DEBUG] armors=1, targets=1
[DEBUG] armors=1, targets=1
[DEBUG] armors=1, targets=1
[DEBUG] armors=1, targets=1
[DEBUG] armors=1, targets=1
[DEBUG] armors=1, targets=1
[DEBUG] armors=1, targets=1
[DEBUG] armors=1, targets=1
[DEBUG] armors=1, targets=1
[DEBUG] armors=1, targets=1
[DEBUG] armors=1, targets=1
[DEBUG] armors=1, targets=1
[DEBUG] armors=1, targets=1
[2026-09-05 14:05:28.140] [info] [DRYRUN] measured_gimbal=(2.773,-0.017,-0.057) measured_world=(2.754,0.308,-0.123) tracked_world=(2.749,0.307,-0.122) target_gimbal_deg=(-0.35,-1.18) target_world_deg=(6.38,-2.54) gimbal_deg=(6.74,1.36) armor_y_px=634.9 pixel_error_deg=(3.18,2.33) ballistic=(range=2.773m holdover=0.739m comp=14.63deg residual=-12.30deg) q_wxyz=(0.998203,0.000698,0.011863,-0.058740) cmd_deg=(8.50,-18.90) packed_pitch_deg=-18.90 control=true shoot=false
[DEBUG] armors=1, targets=1
[DEBUG] armors=1, targets=1
[DEBUG] armors=1, targets=1
[DEBUG] armors=1, targets=1
[DEBUG] armors=1, targets=1
[DEBUG] armors=1, targets=1
[DEBUG] armors=1, targets=1
[DEBUG] armors=1, targets=1
[DEBUG] armors=1, targets=1
[DEBUG] armors=1, targets=1
[DEBUG] armors=1, targets=1
[DEBUG] armors=1, targets=1
[DEBUG] armors=1, targets=1
[DEBUG] armors=1, targets=1
[DEBUG] armors=1, targets=1
[DEBUG] armors=1, targets=1
[DEBUG] armors=1, targets=1
[DEBUG] armors=1, targets=1
[DEBUG] armors=1, targets=1
[2026-09-05 14:05:28.440] [info] [SYNC][XUC] mode=0 yaw=-6.74 deg pitch=1.36 deg feeder_rpm=0.00 wheel0_rpm=0 wheel1_rpm=0 wheel_delta=0 projectile_speed=9.50
[DEBUG] armors=1, targets=1
[2026-09-05 14:05:28.453] [info] [DRYRUN] measured_gimbal=(2.754,-0.017,-0.056) measured_world=(2.735,0.306,-0.122) tracked_world=(2.749,0.307,-0.122) target_gimbal_deg=(-0.36,-1.17) target_world_deg=(6.38,-2.53) gimbal_deg=(6.74,1.36) armor_y_px=634.7 pixel_error_deg=(3.18,2.32) ballistic=(range=2.754m holdover=0.731m comp=14.57deg residual=-12.25deg) q_wxyz=(0.998203,0.000698,0.011863,-0.058740) cmd_deg=(8.50,-18.87) packed_pitch_deg=-18.87 control=true shoot=false
[2026-09-05 14:05:28.455] [info] [PERF] 总耗时=15.3ms (检测=12.5ms, 跟踪=0.5ms), FPS=65.4
[2026-09-05 14:05:28.455] [info] 📊 [CAMERA FPS] 瞬时帧率=65.3fps, 平均帧率=65.8fps, 总帧数=1600, 运行时间=24.3s
[DEBUG] armors=1, targets=1
[DEBUG] armors=1, targets=1
[DEBUG] armors=1, targets=1
[DEBUG] armors=1, targets=1
[DEBUG] armors=1, targets=1
[DEBUG] armors=1, targets=1
[DEBUG] armors=1, targets=1
[DEBUG] armors=1, targets=1
[DEBUG] armors=1, targets=1
[DEBUG] armors=1, targets=1
[DEBUG] armors=1, targets=1
[DEBUG] armors=1, targets=1
[DEBUG] armors=1, targets=1
[DEBUG] armors=1, targets=1
[DEBUG] armors=1, targets=1
[DEBUG] armors=1, targets=1
[DEBUG] armors=1, targets=1
[DEBUG] armors=1, targets=1
[DEBUG] armors=1, targets=1
[DEBUG] armors=1, targets=1
[2026-09-05 14:05:28.761] [info] [DRYRUN] measured_gimbal=(2.764,-0.017,-0.057) measured_world=(2.745,0.307,-0.122) tracked_world=(2.750,0.308,-0.123) target_gimbal_deg=(-0.36,-1.17) target_world_deg=(6.38,-2.53) gimbal_deg=(6.74,1.36) armor_y_px=634.8 pixel_error_deg=(3.18,2.32) ballistic=(range=2.764m holdover=0.735m comp=14.60deg residual=-12.28deg) q_wxyz=(0.998203,0.000698,0.011863,-0.058740) cmd_deg=(8.50,-18.90) packed_pitch_deg=-18.90 control=true shoot=false
[DEBUG] armors=1, targets=1
[DEBUG] armors=1, targets=1
[DEBUG] armors=1, targets=1
[DEBUG] armors=1, targets=1
[DEBUG] armors=1, targets=1
[DEBUG] armors=1, targets=1
[DEBUG] armors=1, targets=1
[DEBUG] armors=1, targets=1
[DEBUG] armors=1, targets=1
[DEBUG] armors=1, targets=1
[DEBUG] armors=1, targets=1
[DEBUG] armors=1, targets=1
[DEBUG] armors=1, targets=1
[DEBUG] armors=1, targets=1
[DEBUG] armors=1, targets=1
[DEBUG] armors=1, targets=1
[DEBUG] armors=1, targets=1
[DEBUG] armors=1, targets=1
[DEBUG] armors=1, targets=1
[DEBUG] armors=1, targets=1
[2026-09-05 14:05:29.068] [info] [DRYRUN] measured_gimbal=(2.758,-0.017,-0.056) measured_world=(2.739,0.306,-0.122) tracked_world=(2.748,0.307,-0.123) target_gimbal_deg=(-0.36,-1.17) target_world_deg=(6.38,-2.53) gimbal_deg=(6.74,1.36) armor_y_px=634.8 pixel_error_deg=(3.18,2.32) ballistic=(range=2.758m holdover=0.733m comp=14.58deg residual=-12.26deg) q_wxyz=(0.998203,0.000698,0.011863,-0.058740) cmd_deg=(8.50,-18.87) packed_pitch_deg=-18.87 control=true shoot=false
[DEBUG] armors=1, targets=1
[DEBUG] armors=1, targets=1
[DEBUG] armors=1, targets=1
[DEBUG] armors=1, targets=1
[DEBUG] armors=1, targets=1
[DEBUG] armors=1, targets=1
[DEBUG] armors=1, targets=1
[DEBUG] armors=1, targets=1
[DEBUG] armors=1, targets=1
[2026-09-05 14:05:29.210] [info] [SYNC][XUC] mode=0 yaw=-6.74 deg pitch=1.36 deg feeder_rpm=-4.00 wheel0_rpm=0 wheel1_rpm=0 wheel_delta=0 projectile_speed=9.50
[DEBUG] armors=1, targets=1
[2026-09-05 14:05:29.225] [info] [PERF] 总耗时=15.0ms (检测=12.3ms, 跟踪=0.5ms), FPS=66.6
[2026-09-05 14:05:29.225] [info] 📊 [CAMERA FPS] 瞬时帧率=66.5fps, 平均帧率=65.7fps, 总帧数=1650, 运行时间=25.1s
[DEBUG] armors=1, targets=1
[DEBUG] armors=1, targets=1
[DEBUG] armors=1, targets=1
[DEBUG] armors=1, targets=1
[DEBUG] armors=1, targets=1
[DEBUG] armors=1, targets=1
[DEBUG] armors=1, targets=1
[DEBUG] armors=1, targets=1
[DEBUG] armors=1, targets=1
[DEBUG] armors=1, targets=1
[2026-09-05 14:05:29.379] [info] [DRYRUN] measured_gimbal=(2.759,-0.017,-0.056) measured_world=(2.740,0.306,-0.122) tracked_world=(2.751,0.308,-0.123) target_gimbal_deg=(-0.36,-1.17) target_world_deg=(6.38,-2.53) gimbal_deg=(6.74,1.36) armor_y_px=634.8 pixel_error_deg=(3.18,2.32) ballistic=(range=2.759m holdover=0.734m comp=14.59deg residual=-12.26deg) q_wxyz=(0.998203,0.000698,0.011863,-0.058740) cmd_deg=(8.51,-18.94) packed_pitch_deg=-18.94 control=true shoot=false
[DEBUG] armors=1, targets=1
[DEBUG] armors=1, targets=1
[DEBUG] armors=1, targets=1
[DEBUG] armors=1, targets=1
[DEBUG] armors=1, targets=1
[DEBUG] armors=1, targets=1
[DEBUG] armors=1, targets=1
[DEBUG] armors=1, targets=1
[DEBUG] armors=1, targets=1
[DEBUG] armors=1, targets=1
[DEBUG] armors=1, targets=1
[DEBUG] armors=1, targets=1
[DEBUG] armors=1, targets=1
[DEBUG] armors=1, targets=1
[DEBUG] armors=1, targets=1
[DEBUG] armors=1, targets=1
[DEBUG] armors=1, targets=1
[DEBUG] armors=1, targets=1
[DEBUG] armors=1, targets=1
[DEBUG] armors=1, targets=1
[2026-09-05 14:05:29.690] [info] [DRYRUN] measured_gimbal=(2.758,-0.017,-0.056) measured_world=(2.739,0.306,-0.122) tracked_world=(2.752,0.308,-0.123) target_gimbal_deg=(-0.36,-1.17) target_world_deg=(6.38,-2.53) gimbal_deg=(6.74,1.36) armor_y_px=634.8 pixel_error_deg=(3.18,2.32) ballistic=(range=2.758m holdover=0.733m comp=14.58deg residual=-12.26deg) q_wxyz=(0.998203,0.000698,0.011863,-0.058740) cmd_deg=(8.51,-18.95) packed_pitch_deg=-18.95 control=true shoot=false
[DEBUG] armors=1, targets=1
[DEBUG] armors=1, targets=1
[DEBUG] armors=1, targets=1
[DEBUG] armors=1, targets=1
[DEBUG] armors=1, targets=1
[DEBUG] armors=1, targets=1
[DEBUG] armors=1, targets=1
[DEBUG] armors=1, targets=1
[DEBUG] armors=1, targets=1
[DEBUG] armors=1, targets=1
[DEBUG] armors=1, targets=1
[DEBUG] armors=1, targets=1
[DEBUG] armors=1, targets=1
[DEBUG] armors=1, targets=1
[DEBUG] armors=1, targets=1
[DEBUG] armors=1, targets=1
[DEBUG] armors=1, targets=1
[DEBUG] armors=1, targets=1
[DEBUG] armors=1, targets=1
[2026-09-05 14:05:29.989] [info] [SYNC][XUC] mode=0 yaw=-6.74 deg pitch=1.36 deg feeder_rpm=0.00 wheel0_rpm=0 wheel1_rpm=0 wheel_delta=0 projectile_speed=9.50
[DEBUG] armors=1, targets=1
[2026-09-05 14:05:30.002] [info] [DRYRUN] measured_gimbal=(2.780,-0.017,-0.057) measured_world=(2.760,0.309,-0.123) tracked_world=(2.747,0.307,-0.122) target_gimbal_deg=(-0.35,-1.18) target_world_deg=(6.38,-2.54) gimbal_deg=(6.74,1.36) armor_y_px=634.7 pixel_error_deg=(3.18,2.32) ballistic=(range=2.780m holdover=0.742m comp=14.65deg residual=-12.33deg) q_wxyz=(0.998203,0.000698,0.011863,-0.058740) cmd_deg=(8.50,-18.95) packed_pitch_deg=-18.95 control=true shoot=false
[2026-09-05 14:05:30.004] [info] [PERF] 总耗时=15.3ms (检测=12.4ms, 跟踪=0.5ms), FPS=65.3
[2026-09-05 14:05:30.004] [info] 📊 [CAMERA FPS] 瞬时帧率=65.2fps, 平均帧率=65.7fps, 总帧数=1700, 运行时间=25.9s
[DEBUG] armors=1, targets=1
[DEBUG] armors=1, targets=1
[DEBUG] armors=1, targets=1
[DEBUG] armors=1, targets=1
[DEBUG] armors=1, targets=1
[DEBUG] armors=1, targets=1
[DEBUG] armors=1, targets=1
[DEBUG] armors=1, targets=1
[DEBUG] armors=1, targets=1
[DEBUG] armors=1, targets=1
[DEBUG] armors=1, targets=1
[DEBUG] armors=1, targets=1
[DEBUG] armors=1, targets=1
[DEBUG] armors=1, targets=1
[DEBUG] armors=1, targets=1
[DEBUG] armors=1, targets=1
[DEBUG] armors=1, targets=1
[DEBUG] armors=1, targets=1
[DEBUG] armors=1, targets=1
[DEBUG] armors=1, targets=1
[2026-09-05 14:05:30.313] [info] [DRYRUN] measured_gimbal=(2.770,-0.017,-0.057) measured_world=(2.750,0.308,-0.123) tracked_world=(2.745,0.307,-0.122) target_gimbal_deg=(-0.35,-1.18) target_world_deg=(6.38,-2.54) gimbal_deg=(6.74,1.36) armor_y_px=634.9 pixel_error_deg=(3.18,2.33) ballistic=(range=2.770m holdover=0.738m comp=14.62deg residual=-12.29deg) q_wxyz=(0.998203,0.000698,0.011863,-0.058740) cmd_deg=(8.50,-18.87) packed_pitch_deg=-18.87 control=true shoot=false
[DEBUG] armors=1, targets=1
[DEBUG] armors=1, targets=1
[DEBUG] armors=1, targets=1
[DEBUG] armors=1, targets=1
[DEBUG] armors=1, targets=1
[DEBUG] armors=1, targets=1
[DEBUG] armors=1, targets=1
[DEBUG] armors=1, targets=1
[DEBUG] armors=1, targets=1
[DEBUG] armors=1, targets=1
[DEBUG] armors=1, targets=1
[DEBUG] armors=1, targets=1
[DEBUG] armors=1, targets=1
[DEBUG] armors=1, targets=1
[DEBUG] armors=1, targets=1
[DEBUG] armors=1, targets=1
[DEBUG] armors=1, targets=1
[DEBUG] armors=1, targets=1
[DEBUG] armors=1, targets=1
[DEBUG] armors=1, targets=1
[2026-09-05 14:05:30.626] [info] [DRYRUN] measured_gimbal=(2.732,-0.017,-0.055) measured_world=(2.713,0.303,-0.120) tracked_world=(2.743,0.307,-0.122) target_gimbal_deg=(-0.36,-1.16) target_world_deg=(6.37,-2.52) gimbal_deg=(6.74,1.36) armor_y_px=634.8 pixel_error_deg=(3.18,2.32) ballistic=(range=2.732m holdover=0.722m comp=14.50deg residual=-12.18deg) q_wxyz=(0.998203,0.000698,0.011863,-0.058740) cmd_deg=(8.51,-18.85) packed_pitch_deg=-18.85 control=true shoot=false
[DEBUG] armors=1, targets=1
[DEBUG] armors=1, targets=1
[DEBUG] armors=1, targets=1
[DEBUG] armors=1, targets=1
[DEBUG] armors=1, targets=1
[DEBUG] armors=1, targets=1
[DEBUG] armors=1, targets=1
[DEBUG] armors=1, targets=1
[DEBUG] armors=1, targets=1
[2026-09-05 14:05:30.768] [info] [SYNC][XUC] mode=0 yaw=-6.74 deg pitch=1.36 deg feeder_rpm=-4.00 wheel0_rpm=0 wheel1_rpm=0 wheel_delta=0 projectile_speed=9.50
[DEBUG] armors=1, targets=1
[2026-09-05 14:05:30.784] [info] [PERF] 总耗时=16.0ms (检测=13.0ms, 跟踪=0.5ms), FPS=62.5
[2026-09-05 14:05:30.784] [info] 📊 [CAMERA FPS] 瞬时帧率=62.4fps, 平均帧率=65.6fps, 总帧数=1750, 运行时间=26.7s
[DEBUG] armors=1, targets=1
[DEBUG] armors=1, targets=1
[DEBUG] armors=1, targets=1
[DEBUG] armors=1, targets=1
[DEBUG] armors=1, targets=1
[DEBUG] armors=1, targets=1
[DEBUG] armors=1, targets=1
[DEBUG] armors=1, targets=1
[DEBUG] armors=1, targets=1
[DEBUG] armors=1, targets=1
[2026-09-05 14:05:30.938] [info] [DRYRUN] measured_gimbal=(2.758,-0.017,-0.056) measured_world=(2.739,0.306,-0.122) tracked_world=(2.742,0.307,-0.122) target_gimbal_deg=(-0.36,-1.17) target_world_deg=(6.38,-2.53) gimbal_deg=(6.74,1.36) armor_y_px=634.7 pixel_error_deg=(3.18,2.32) ballistic=(range=2.758m holdover=0.733m comp=14.58deg residual=-12.26deg) q_wxyz=(0.998203,0.000698,0.011863,-0.058740) cmd_deg=(8.50,-18.89) packed_pitch_deg=-18.89 control=true shoot=false
[DEBUG] armors=1, targets=1
[DEBUG] armors=1, targets=1
[DEBUG] armors=1, targets=1
[DEBUG] armors=1, targets=1
[DEBUG] armors=1, targets=1
[DEBUG] armors=1, targets=1
[DEBUG] armors=1, targets=1
[DEBUG] armors=1, targets=1
[DEBUG] armors=1, targets=1
[DEBUG] armors=1, targets=1
[DEBUG] armors=1, targets=1
[DEBUG] armors=1, targets=1
[DEBUG] armors=1, targets=1
[DEBUG] armors=1, targets=1
[DEBUG] armors=1, targets=1
[DEBUG] armors=1, targets=1
[DEBUG] armors=1, targets=1
[DEBUG] armors=1, targets=1
[DEBUG] armors=1, targets=1
[DEBUG] armors=1, targets=1
[2026-09-05 14:05:31.255] [info] [DRYRUN] measured_gimbal=(2.764,-0.017,-0.057) measured_world=(2.745,0.307,-0.122) tracked_world=(2.747,0.307,-0.122) target_gimbal_deg=(-0.35,-1.17) target_world_deg=(6.38,-2.54) gimbal_deg=(6.74,1.36) armor_y_px=634.8 pixel_error_deg=(3.18,2.33) ballistic=(range=2.764m holdover=0.736m comp=14.60deg residual=-12.27deg) q_wxyz=(0.998203,0.000698,0.011863,-0.058740) cmd_deg=(8.51,-18.94) packed_pitch_deg=-18.94 control=true shoot=false
[DEBUG] armors=1, targets=1
[DEBUG] armors=1, targets=1
[DEBUG] armors=1, targets=1
[DEBUG] armors=1, targets=1
[DEBUG] armors=1, targets=1
[DEBUG] armors=1, targets=1
[DEBUG] armors=1, targets=1
[DEBUG] armors=1, targets=1
[DEBUG] armors=1, targets=1
[DEBUG] armors=1, targets=1
[DEBUG] armors=1, targets=1
[DEBUG] armors=1, targets=1
[DEBUG] armors=1, targets=1
[DEBUG] armors=1, targets=1
[DEBUG] armors=1, targets=1
[DEBUG] armors=1, targets=1
[DEBUG] armors=1, targets=1
[DEBUG] armors=1, targets=1
[DEBUG] armors=1, targets=1
[2026-09-05 14:05:31.553] [info] [SYNC][XUC] mode=0 yaw=-6.74 deg pitch=1.36 deg feeder_rpm=0.00 wheel0_rpm=0 wheel1_rpm=0 wheel_delta=0 projectile_speed=9.50
[DEBUG] armors=1, targets=1
[2026-09-05 14:05:31.566] [info] [DRYRUN] measured_gimbal=(2.773,-0.017,-0.057) measured_world=(2.754,0.308,-0.123) tracked_world=(2.746,0.307,-0.122) target_gimbal_deg=(-0.35,-1.18) target_world_deg=(6.38,-2.54) gimbal_deg=(6.74,1.36) armor_y_px=634.9 pixel_error_deg=(3.18,2.33) ballistic=(range=2.773m holdover=0.739m comp=14.63deg residual=-12.30deg) q_wxyz=(0.998203,0.000698,0.011863,-0.058740) cmd_deg=(8.50,-18.90) packed_pitch_deg=-18.90 control=true shoot=false
[2026-09-05 14:05:31.568] [info] [PERF] 总耗时=15.3ms (检测=12.5ms, 跟踪=0.4ms), FPS=65.4
[2026-09-05 14:05:31.568] [info] 📊 [CAMERA FPS] 瞬时帧率=65.3fps, 平均帧率=65.6fps, 总帧数=1800, 运行时间=27.4s
[DEBUG] armors=1, targets=1
[DEBUG] armors=1, targets=1
[DEBUG] armors=1, targets=1
[DEBUG] armors=1, targets=1
[DEBUG] armors=1, targets=1
[DEBUG] armors=1, targets=1
[DEBUG] armors=1, targets=1
[DEBUG] armors=1, targets=1
[DEBUG] armors=1, targets=1
[DEBUG] armors=1, targets=1
[DEBUG] armors=1, targets=1
[DEBUG] armors=1, targets=1
[DEBUG] armors=1, targets=1
[DEBUG] armors=1, targets=1
[DEBUG] armors=1, targets=1
[DEBUG] armors=1, targets=1
[DEBUG] armors=1, targets=1
[DEBUG] armors=1, targets=1
[DEBUG] armors=1, targets=1
[DEBUG] armors=1, targets=1
[2026-09-05 14:05:31.876] [info] [DRYRUN] measured_gimbal=(2.765,-0.017,-0.056) measured_world=(2.746,0.307,-0.122) tracked_world=(2.746,0.307,-0.122) target_gimbal_deg=(-0.36,-1.17) target_world_deg=(6.38,-2.53) gimbal_deg=(6.74,1.36) armor_y_px=634.6 pixel_error_deg=(3.18,2.32) ballistic=(range=2.765m holdover=0.736m comp=14.60deg residual=-12.28deg) q_wxyz=(0.998203,0.000698,0.011863,-0.058740) cmd_deg=(8.51,-18.94) packed_pitch_deg=-18.94 control=true shoot=false
[DEBUG] armors=1, targets=1
[DEBUG] armors=1, targets=1
[DEBUG] armors=1, targets=1
[DEBUG] armors=1, targets=1
[DEBUG] armors=1, targets=1
[DEBUG] armors=1, targets=1
[DEBUG] armors=1, targets=1
[DEBUG] armors=1, targets=1
[DEBUG] armors=1, targets=1
[DEBUG] armors=1, targets=1
[DEBUG] armors=1, targets=1
[DEBUG] armors=1, targets=1
[DEBUG] armors=1, targets=1
[DEBUG] armors=1, targets=1
[DEBUG] armors=1, targets=1
[DEBUG] armors=1, targets=1
[DEBUG] armors=1, targets=1
[DEBUG] armors=1, targets=1
[DEBUG] armors=1, targets=1
[DEBUG] armors=1, targets=1
[2026-09-05 14:05:32.182] [info] [DRYRUN] measured_gimbal=(2.757,-0.017,-0.056) measured_world=(2.738,0.306,-0.122) tracked_world=(2.745,0.307,-0.122) target_gimbal_deg=(-0.36,-1.17) target_world_deg=(6.38,-2.53) gimbal_deg=(6.74,1.36) armor_y_px=634.7 pixel_error_deg=(3.18,2.32) ballistic=(range=2.758m holdover=0.733m comp=14.58deg residual=-12.26deg) q_wxyz=(0.998203,0.000698,0.011863,-0.058740) cmd_deg=(8.50,-18.89) packed_pitch_deg=-18.89 control=true shoot=false
[DEBUG] armors=1, targets=1
[DEBUG] armors=1, targets=1
[DEBUG] armors=1, targets=1
[DEBUG] armors=1, targets=1
[DEBUG] armors=1, targets=1
[DEBUG] armors=1, targets=1
[DEBUG] armors=1, targets=1
[DEBUG] armors=1, targets=1
[DEBUG] armors=1, targets=1
[2026-09-05 14:05:32.324] [info] [SYNC][XUC] mode=0 yaw=-6.74 deg pitch=1.36 deg feeder_rpm=0.00 wheel0_rpm=0 wheel1_rpm=0 wheel_delta=0 projectile_speed=9.50
[DEBUG] armors=1, targets=1
[2026-09-05 14:05:32.340] [info] [PERF] 总耗时=15.4ms (检测=12.4ms, 跟踪=0.5ms), FPS=65.0
[2026-09-05 14:05:32.340] [info] 📊 [CAMERA FPS] 瞬时帧率=64.9fps, 平均帧率=65.6fps, 总帧数=1850, 运行时间=28.2s
[DEBUG] armors=1, targets=1
[DEBUG] armors=1, targets=1
[DEBUG] armors=1, targets=1
[DEBUG] armors=1, targets=1
[DEBUG] armors=1, targets=1
[DEBUG] armors=1, targets=1
[DEBUG] armors=1, targets=1
[DEBUG] armors=1, targets=1
[DEBUG] armors=1, targets=1
[DEBUG] armors=1, targets=1
[2026-09-05 14:05:32.492] [info] [DRYRUN] measured_gimbal=(2.780,-0.017,-0.057) measured_world=(2.760,0.309,-0.123) tracked_world=(2.747,0.307,-0.122) target_gimbal_deg=(-0.35,-1.18) target_world_deg=(6.39,-2.54) gimbal_deg=(6.74,1.36) armor_y_px=634.7 pixel_error_deg=(3.18,2.32) ballistic=(range=2.780m holdover=0.742m comp=14.65deg residual=-12.33deg) q_wxyz=(0.998203,0.000698,0.011863,-0.058740) cmd_deg=(8.50,-18.97) packed_pitch_deg=-18.97 control=true shoot=false
[DEBUG] armors=1, targets=1
[DEBUG] armors=1, targets=1
[DEBUG] armors=1, targets=1
[DEBUG] armors=1, targets=1
[DEBUG] armors=1, targets=1
[DEBUG] armors=1, targets=1
[DEBUG] armors=1, targets=1
[DEBUG] armors=1, targets=1
[DEBUG] armors=1, targets=1
[DEBUG] armors=1, targets=1
[DEBUG] armors=1, targets=1
[DEBUG] armors=1, targets=1
[DEBUG] armors=1, targets=1
[DEBUG] armors=1, targets=1
[DEBUG] armors=1, targets=1
[DEBUG] armors=1, targets=1
[DEBUG] armors=1, targets=1
[DEBUG] armors=1, targets=1
[DEBUG] armors=1, targets=1
[DEBUG] armors=1, targets=1
[2026-09-05 14:05:32.798] [info] [DRYRUN] measured_gimbal=(2.780,-0.017,-0.057) measured_world=(2.760,0.309,-0.123) tracked_world=(2.749,0.308,-0.123) target_gimbal_deg=(-0.35,-1.18) target_world_deg=(6.38,-2.54) gimbal_deg=(6.74,1.36) armor_y_px=634.7 pixel_error_deg=(3.18,2.32) ballistic=(range=2.780m holdover=0.742m comp=14.65deg residual=-12.33deg) q_wxyz=(0.998203,0.000698,0.011863,-0.058740) cmd_deg=(8.50,-18.96) packed_pitch_deg=-18.96 control=true shoot=false
[DEBUG] armors=1, targets=1
[DEBUG] armors=1, targets=1
[DEBUG] armors=1, targets=1
[DEBUG] armors=1, targets=1
[DEBUG] armors=1, targets=1
[DEBUG] armors=1, targets=1
[DEBUG] armors=1, targets=1
[DEBUG] armors=1, targets=1
[DEBUG] armors=1, targets=1
[DEBUG] armors=1, targets=1
[DEBUG] armors=1, targets=1
[DEBUG] armors=1, targets=1
[DEBUG] armors=1, targets=1
[DEBUG] armors=1, targets=1
[DEBUG] armors=1, targets=1
[DEBUG] armors=1, targets=1
[DEBUG] armors=1, targets=1
[DEBUG] armors=1, targets=1
[DEBUG] armors=1, targets=1
[2026-09-05 14:05:33.095] [info] [SYNC][XUC] mode=0 yaw=-6.74 deg pitch=1.36 deg feeder_rpm=-4.00 wheel0_rpm=0 wheel1_rpm=0 wheel_delta=0 projectile_speed=9.50
[DEBUG] armors=1, targets=1
[2026-09-05 14:05:33.109] [info] [DRYRUN] measured_gimbal=(2.775,-0.017,-0.057) measured_world=(2.756,0.308,-0.123) tracked_world=(2.753,0.308,-0.123) target_gimbal_deg=(-0.35,-1.18) target_world_deg=(6.38,-2.54) gimbal_deg=(6.74,1.36) armor_y_px=634.7 pixel_error_deg=(3.18,2.32) ballistic=(range=2.775m holdover=0.740m comp=14.63deg residual=-12.31deg) q_wxyz=(0.998203,0.000698,0.011863,-0.058740) cmd_deg=(8.50,-18.96) packed_pitch_deg=-18.96 control=true shoot=false
[2026-09-05 14:05:33.111] [info] [PERF] 总耗时=15.7ms (检测=12.9ms, 跟踪=0.5ms), FPS=63.7
[2026-09-05 14:05:33.111] [info] 📊 [CAMERA FPS] 瞬时帧率=63.6fps, 平均帧率=65.5fps, 总帧数=1900, 运行时间=29.0s
[DEBUG] armors=1, targets=1
[DEBUG] armors=1, targets=1
[DEBUG] armors=1, targets=1
[DEBUG] armors=1, targets=1
[DEBUG] armors=1, targets=1
[DEBUG] armors=1, targets=1
[DEBUG] armors=1, targets=1
[DEBUG] armors=1, targets=1
[DEBUG] armors=1, targets=1
[DEBUG] armors=1, targets=1
[DEBUG] armors=1, targets=1
[DEBUG] armors=1, targets=1
[DEBUG] armors=1, targets=1
[DEBUG] armors=1, targets=1
[DEBUG] armors=1, targets=1
[DEBUG] armors=1, targets=1
[DEBUG] armors=1, targets=1
[DEBUG] armors=1, targets=1
[DEBUG] armors=1, targets=1
[DEBUG] armors=1, targets=1
[2026-09-05 14:05:33.420] [info] [DRYRUN] measured_gimbal=(2.729,-0.017,-0.055) measured_world=(2.710,0.303,-0.120) tracked_world=(2.747,0.307,-0.122) target_gimbal_deg=(-0.37,-1.15) target_world_deg=(6.37,-2.51) gimbal_deg=(6.74,1.36) armor_y_px=634.6 pixel_error_deg=(3.18,2.32) ballistic=(range=2.729m holdover=0.721m comp=14.49deg residual=-12.18deg) q_wxyz=(0.998203,0.000698,0.011863,-0.058740) cmd_deg=(8.50,-18.84) packed_pitch_deg=-18.84 control=true shoot=false
[DEBUG] armors=1, targets=1
[DEBUG] armors=1, targets=1
[DEBUG] armors=1, targets=1
[DEBUG] armors=1, targets=1
[DEBUG] armors=1, targets=1
[DEBUG] armors=1, targets=1
[DEBUG] armors=1, targets=1
[DEBUG] armors=1, targets=1
[DEBUG] armors=1, targets=1
[DEBUG] armors=1, targets=1
[DEBUG] armors=1, targets=1
[DEBUG] armors=1, targets=1
[DEBUG] armors=1, targets=1
[DEBUG] armors=1, targets=1
[DEBUG] armors=1, targets=1
[DEBUG] armors=1, targets=1
[DEBUG] armors=1, targets=1
[DEBUG] armors=1, targets=1
[DEBUG] armors=1, targets=1
[DEBUG] armors=1, targets=1
[2026-09-05 14:05:33.730] [info] [DRYRUN] measured_gimbal=(2.765,-0.017,-0.057) measured_world=(2.746,0.307,-0.122) tracked_world=(2.746,0.307,-0.122) target_gimbal_deg=(-0.35,-1.17) target_world_deg=(6.38,-2.53) gimbal_deg=(6.74,1.36) armor_y_px=634.8 pixel_error_deg=(3.18,2.32) ballistic=(range=2.765m holdover=0.736m comp=14.60deg residual=-12.28deg) q_wxyz=(0.998203,0.000698,0.011863,-0.058740) cmd_deg=(8.50,-18.91) packed_pitch_deg=-18.91 control=true shoot=false
[DEBUG] armors=1, targets=1
[DEBUG] armors=1, targets=1
[DEBUG] armors=1, targets=1
[DEBUG] armors=1, targets=1
[DEBUG] armors=1, targets=1
[DEBUG] armors=1, targets=1
[DEBUG] armors=1, targets=1
[DEBUG] armors=1, targets=1
[DEBUG] armors=1, targets=1
[2026-09-05 14:05:33.876] [info] [SYNC][XUC] mode=0 yaw=-6.74 deg pitch=1.36 deg feeder_rpm=-4.00 wheel0_rpm=0 wheel1_rpm=0 wheel_delta=0 projectile_speed=9.50
[DEBUG] armors=1, targets=1
[2026-09-05 14:05:33.891] [info] [PERF] 总耗时=15.4ms (检测=12.5ms, 跟踪=0.5ms), FPS=64.9
[2026-09-05 14:05:33.891] [info] 📊 [CAMERA FPS] 瞬时帧率=64.8fps, 平均帧率=65.5fps, 总帧数=1950, 运行时间=29.8s
[DEBUG] armors=1, targets=1
[DEBUG] armors=1, targets=1
[DEBUG] armors=1, targets=1
[DEBUG] armors=1, targets=1
[DEBUG] armors=1, targets=1
[DEBUG] armors=1, targets=1
[DEBUG] armors=1, targets=1
[DEBUG] armors=1, targets=1
[DEBUG] armors=1, targets=1
[DEBUG] armors=1, targets=1
[2026-09-05 14:05:34.042] [info] [DRYRUN] measured_gimbal=(2.753,-0.017,-0.056) measured_world=(2.734,0.306,-0.121) tracked_world=(2.750,0.308,-0.123) target_gimbal_deg=(-0.36,-1.16) target_world_deg=(6.38,-2.52) gimbal_deg=(6.74,1.36) armor_y_px=634.5 pixel_error_deg=(3.18,2.32) ballistic=(range=2.753m holdover=0.731m comp=14.57deg residual=-12.25deg) q_wxyz=(0.998203,0.000698,0.011863,-0.058740) cmd_deg=(8.50,-18.89) packed_pitch_deg=-18.89 control=true shoot=false
[DEBUG] armors=1, targets=1
[DEBUG] armors=1, targets=1
[DEBUG] armors=1, targets=1
[DEBUG] armors=1, targets=1
[DEBUG] armors=1, targets=1
[DEBUG] armors=1, targets=1
[DEBUG] armors=1, targets=1
[DEBUG] armors=1, targets=1
[DEBUG] armors=1, targets=1
[DEBUG] armors=1, targets=1
[DEBUG] armors=1, targets=1
[DEBUG] armors=1, targets=1
[DEBUG] armors=1, targets=1
[DEBUG] armors=1, targets=1
[DEBUG] armors=1, targets=1
[DEBUG] armors=1, targets=1
[DEBUG] armors=1, targets=1
[DEBUG] armors=1, targets=1
[DEBUG] armors=1, targets=1
[DEBUG] armors=1, targets=1
[2026-09-05 14:05:34.351] [info] [DRYRUN] measured_gimbal=(2.774,-0.017,-0.057) measured_world=(2.755,0.308,-0.123) tracked_world=(2.750,0.308,-0.122) target_gimbal_deg=(-0.35,-1.17) target_world_deg=(6.38,-2.54) gimbal_deg=(6.74,1.36) armor_y_px=634.7 pixel_error_deg=(3.18,2.32) ballistic=(range=2.774m holdover=0.740m comp=14.63deg residual=-12.31deg) q_wxyz=(0.998203,0.000698,0.011863,-0.058740) cmd_deg=(8.50,-18.94) packed_pitch_deg=-18.94 control=true shoot=false
[DEBUG] armors=1, targets=1
[DEBUG] armors=1, targets=1
[DEBUG] armors=1, targets=1
[DEBUG] armors=1, targets=1
[DEBUG] armors=1, targets=1
[DEBUG] armors=1, targets=1
[DEBUG] armors=1, targets=1
[DEBUG] armors=1, targets=1
[DEBUG] armors=1, targets=1
[DEBUG] armors=1, targets=1
[DEBUG] armors=1, targets=1
[DEBUG] armors=1, targets=1
[DEBUG] armors=1, targets=1
[DEBUG] armors=1, targets=1
[DEBUG] armors=1, targets=1
[DEBUG] armors=1, targets=1
[DEBUG] armors=1, targets=1
[DEBUG] armors=1, targets=1
[DEBUG] armors=1, targets=1
[2026-09-05 14:05:34.648] [info] [SYNC][XUC] mode=0 yaw=-6.74 deg pitch=1.36 deg feeder_rpm=0.00 wheel0_rpm=0 wheel1_rpm=0 wheel_delta=0 projectile_speed=9.50
[DEBUG] armors=1, targets=1
[2026-09-05 14:05:34.661] [info] [DRYRUN] measured_gimbal=(2.747,-0.017,-0.056) measured_world=(2.728,0.305,-0.121) tracked_world=(2.748,0.307,-0.122) target_gimbal_deg=(-0.36,-1.16) target_world_deg=(6.38,-2.53) gimbal_deg=(6.74,1.36) armor_y_px=634.8 pixel_error_deg=(3.18,2.32) ballistic=(range=2.747m holdover=0.729m comp=14.55deg residual=-12.23deg) q_wxyz=(0.998203,0.000698,0.011863,-0.058740) cmd_deg=(8.51,-18.89) packed_pitch_deg=-18.89 control=true shoot=false
[2026-09-05 14:05:34.663] [info] [PERF] 总耗时=15.6ms (检测=13.0ms, 跟踪=0.5ms), FPS=64.0
[2026-09-05 14:05:34.663] [info] 📊 [CAMERA FPS] 瞬时帧率=63.9fps, 平均帧率=65.5fps, 总帧数=2000, 运行时间=30.5s
[DEBUG] armors=1, targets=1
[DEBUG] armors=1, targets=1
[DEBUG] armors=1, targets=1
[DEBUG] armors=1, targets=1
[DEBUG] armors=1, targets=1
[DEBUG] armors=1, targets=1
[DEBUG] armors=1, targets=1
[DEBUG] armors=1, targets=1
[DEBUG] armors=1, targets=1
[DEBUG] armors=1, targets=1
[DEBUG] armors=1, targets=1
[DEBUG] armors=1, targets=1
[DEBUG] armors=1, targets=1
[DEBUG] armors=1, targets=1
[DEBUG] armors=1, targets=1
[DEBUG] armors=1, targets=1
[DEBUG] armors=1, targets=1
[DEBUG] armors=1, targets=1
[DEBUG] armors=1, targets=1
[DEBUG] armors=1, targets=1
[2026-09-05 14:05:34.975] [info] [DRYRUN] measured_gimbal=(2.745,-0.017,-0.056) measured_world=(2.726,0.305,-0.121) tracked_world=(2.746,0.307,-0.122) target_gimbal_deg=(-0.36,-1.17) target_world_deg=(6.38,-2.53) gimbal_deg=(6.74,1.36) armor_y_px=634.9 pixel_error_deg=(3.18,2.33) ballistic=(range=2.745m holdover=0.727m comp=14.54deg residual=-12.22deg) q_wxyz=(0.998203,0.000698,0.011863,-0.058740) cmd_deg=(8.50,-18.84) packed_pitch_deg=-18.84 control=true shoot=false
[DEBUG] armors=1, targets=1
[DEBUG] armors=1, targets=1
[DEBUG] armors=1, targets=1
[DEBUG] armors=1, targets=1
[DEBUG] armors=1, targets=1
[DEBUG] armors=1, targets=1
[DEBUG] armors=1, targets=1
[DEBUG] armors=1, targets=1
[DEBUG] armors=1, targets=1
[DEBUG] armors=1, targets=1
[DEBUG] armors=1, targets=1
[DEBUG] armors=1, targets=1
[DEBUG] armors=1, targets=1
[DEBUG] armors=1, targets=1
[DEBUG] armors=1, targets=1
[DEBUG] armors=1, targets=1
[DEBUG] armors=1, targets=1
[DEBUG] armors=1, targets=1
[DEBUG] armors=1, targets=1
[DEBUG] armors=1, targets=1
[2026-09-05 14:05:35.285] [info] [DRYRUN] measured_gimbal=(2.778,-0.017,-0.057) measured_world=(2.759,0.309,-0.123) tracked_world=(2.744,0.307,-0.122) target_gimbal_deg=(-0.35,-1.18) target_world_deg=(6.38,-2.54) gimbal_deg=(6.74,1.36) armor_y_px=634.8 pixel_error_deg=(3.18,2.32) ballistic=(range=2.778m holdover=0.742m comp=14.64deg residual=-12.32deg) q_wxyz=(0.998203,0.000698,0.011863,-0.058740) cmd_deg=(8.50,-18.92) packed_pitch_deg=-18.92 control=true shoot=false
[DEBUG] armors=1, targets=1
[DEBUG] armors=1, targets=1
[DEBUG] armors=1, targets=1
[DEBUG] armors=1, targets=1
[DEBUG] armors=1, targets=1
[DEBUG] armors=1, targets=1
[DEBUG] armors=1, targets=1
[DEBUG] armors=1, targets=1
[DEBUG] armors=1, targets=1
[2026-09-05 14:05:35.425] [info] [SYNC][XUC] mode=0 yaw=-6.74 deg pitch=1.36 deg feeder_rpm=0.00 wheel0_rpm=0 wheel1_rpm=0 wheel_delta=0 projectile_speed=9.50
[DEBUG] armors=1, targets=1
[2026-09-05 14:05:35.440] [info] [PERF] 总耗时=15.2ms (检测=12.5ms, 跟踪=0.5ms), FPS=65.7
[2026-09-05 14:05:35.440] [info] 📊 [CAMERA FPS] 瞬时帧率=65.5fps, 平均帧率=65.5fps, 总帧数=2050, 运行时间=31.3s
[DEBUG] armors=1, targets=1
[DEBUG] armors=1, targets=1
[DEBUG] armors=1, targets=1
[DEBUG] armors=1, targets=1
[DEBUG] armors=1, targets=1
[DEBUG] armors=1, targets=1
[DEBUG] armors=1, targets=1
[DEBUG] armors=1, targets=1
[DEBUG] armors=1, targets=1
[DEBUG] armors=1, targets=1
[2026-09-05 14:05:35.596] [info] [DRYRUN] measured_gimbal=(2.766,-0.017,-0.056) measured_world=(2.747,0.307,-0.122) tracked_world=(2.743,0.307,-0.122) target_gimbal_deg=(-0.35,-1.17) target_world_deg=(6.38,-2.53) gimbal_deg=(6.74,1.36) armor_y_px=634.6 pixel_error_deg=(3.18,2.32) ballistic=(range=2.766m holdover=0.737m comp=14.61deg residual=-12.29deg) q_wxyz=(0.998203,0.000698,0.011863,-0.058740) cmd_deg=(8.50,-18.91) packed_pitch_deg=-18.91 control=true shoot=false
[DEBUG] armors=1, targets=1
[DEBUG] armors=1, targets=1
[DEBUG] armors=1, targets=1
[DEBUG] armors=1, targets=1
[DEBUG] armors=1, targets=1
[DEBUG] armors=1, targets=1
[DEBUG] armors=1, targets=1
[DEBUG] armors=1, targets=1
[DEBUG] armors=1, targets=1
[DEBUG] armors=1, targets=1
[DEBUG] armors=1, targets=1
[DEBUG] armors=1, targets=1
[DEBUG] armors=1, targets=1
[DEBUG] armors=1, targets=1
[DEBUG] armors=1, targets=1
[DEBUG] armors=1, targets=1
[DEBUG] armors=1, targets=1
[DEBUG] armors=1, targets=1
[DEBUG] armors=1, targets=1
[DEBUG] armors=1, targets=1
[2026-09-05 14:05:35.909] [info] [DRYRUN] measured_gimbal=(2.759,-0.017,-0.056) measured_world=(2.740,0.306,-0.122) tracked_world=(2.745,0.307,-0.122) target_gimbal_deg=(-0.36,-1.17) target_world_deg=(6.38,-2.53) gimbal_deg=(6.74,1.36) armor_y_px=634.6 pixel_error_deg=(3.18,2.32) ballistic=(range=2.759m holdover=0.734m comp=14.59deg residual=-12.27deg) q_wxyz=(0.998203,0.000698,0.011863,-0.058740) cmd_deg=(8.50,-18.89) packed_pitch_deg=-18.89 control=true shoot=false
[DEBUG] armors=1, targets=1
[DEBUG] armors=1, targets=1
[DEBUG] armors=1, targets=1
[DEBUG] armors=1, targets=1
[DEBUG] armors=1, targets=1
[DEBUG] armors=1, targets=1
[DEBUG] armors=1, targets=1
[DEBUG] armors=1, targets=1
[DEBUG] armors=1, targets=1
[DEBUG] armors=1, targets=1
[DEBUG] armors=1, targets=1
[DEBUG] armors=1, targets=1
[DEBUG] armors=1, targets=1
[DEBUG] armors=1, targets=1
[DEBUG] armors=1, targets=1
[DEBUG] armors=1, targets=1
[DEBUG] armors=1, targets=1
[DEBUG] armors=1, targets=1
[DEBUG] armors=1, targets=1
[2026-09-05 14:05:36.210] [info] [SYNC][XUC] mode=0 yaw=-6.74 deg pitch=1.36 deg feeder_rpm=0.00 wheel0_rpm=0 wheel1_rpm=0 wheel_delta=0 projectile_speed=9.50
[DEBUG] armors=1, targets=1
[2026-09-05 14:05:36.223] [info] [DRYRUN] measured_gimbal=(2.779,-0.017,-0.057) measured_world=(2.759,0.309,-0.123) tracked_world=(2.743,0.307,-0.122) target_gimbal_deg=(-0.35,-1.18) target_world_deg=(6.38,-2.54) gimbal_deg=(6.74,1.36) armor_y_px=634.8 pixel_error_deg=(3.18,2.32) ballistic=(range=2.779m holdover=0.742m comp=14.64deg residual=-12.32deg) q_wxyz=(0.998203,0.000698,0.011863,-0.058740) cmd_deg=(8.50,-18.91) packed_pitch_deg=-18.91 control=true shoot=false
[2026-09-05 14:05:36.225] [info] [PERF] 总耗时=15.5ms (检测=12.7ms, 跟踪=0.5ms), FPS=64.5
[2026-09-05 14:05:36.225] [info] 📊 [CAMERA FPS] 瞬时帧率=64.4fps, 平均帧率=65.4fps, 总帧数=2100, 运行时间=32.1s
[DEBUG] armors=1, targets=1
[DEBUG] armors=1, targets=1
[DEBUG] armors=1, targets=1
[DEBUG] armors=1, targets=1
[DEBUG] armors=1, targets=1
[DEBUG] armors=1, targets=1
[DEBUG] armors=1, targets=1
[DEBUG] armors=1, targets=1
[DEBUG] armors=1, targets=1
[DEBUG] armors=1, targets=1
[DEBUG] armors=1, targets=1
[DEBUG] armors=1, targets=1
[DEBUG] armors=1, targets=1
[DEBUG] armors=1, targets=1
[DEBUG] armors=1, targets=1
[DEBUG] armors=1, targets=1
[DEBUG] armors=1, targets=1
[DEBUG] armors=1, targets=1
[DEBUG] armors=1, targets=1
[DEBUG] armors=1, targets=1
[2026-09-05 14:05:36.529] [info] [DRYRUN] measured_gimbal=(2.803,-0.017,-0.058) measured_world=(2.783,0.312,-0.125) tracked_world=(2.781,0.329,-0.125) target_gimbal_deg=(-0.35,-1.19) target_world_deg=(6.39,-2.55) gimbal_deg=(6.74,1.36) armor_y_px=634.7 pixel_error_deg=(3.18,2.32) ballistic=(range=2.803m holdover=0.752m comp=14.72deg residual=-12.40deg) q_wxyz=(0.998203,0.000698,0.011863,-0.058740) cmd_deg=(9.10,-18.94) packed_pitch_deg=-18.94 control=true shoot=false
[DEBUG] armors=1, targets=1
[DEBUG] armors=1, targets=1
[DEBUG] armors=1, targets=1
[DEBUG] armors=1, targets=1
[DEBUG] armors=1, targets=1
[DEBUG] armors=1, targets=1
[DEBUG] armors=1, targets=1
[DEBUG] armors=1, targets=1
[DEBUG] armors=1, targets=1
[DEBUG] armors=1, targets=1
[DEBUG] armors=1, targets=1
[DEBUG] armors=1, targets=1
[DEBUG] armors=1, targets=1
[DEBUG] armors=1, targets=1
[DEBUG] armors=1, targets=1
[DEBUG] armors=1, targets=1
[DEBUG] armors=1, targets=1
[DEBUG] armors=1, targets=1
[DEBUG] armors=1, targets=1
[DEBUG] armors=1, targets=1
[2026-09-05 14:05:36.841] [info] [DRYRUN] measured_gimbal=(2.745,-0.017,-0.056) measured_world=(2.726,0.305,-0.121) tracked_world=(2.769,0.312,-0.123) target_gimbal_deg=(-0.36,-1.16) target_world_deg=(6.37,-2.52) gimbal_deg=(6.74,1.36) armor_y_px=634.7 pixel_error_deg=(3.18,2.32) ballistic=(range=2.745m holdover=0.728m comp=14.54deg residual=-12.22deg) q_wxyz=(0.998203,0.000698,0.011863,-0.058740) cmd_deg=(8.45,-18.89) packed_pitch_deg=-18.89 control=true shoot=false
[DEBUG] armors=1, targets=1
[DEBUG] armors=1, targets=1
[DEBUG] armors=1, targets=1
[DEBUG] armors=1, targets=1
[DEBUG] armors=1, targets=1
[DEBUG] armors=1, targets=1
[DEBUG] armors=1, targets=1
[DEBUG] armors=1, targets=1
[DEBUG] armors=1, targets=1
[2026-09-05 14:05:36.982] [info] [SYNC][XUC] mode=0 yaw=-6.74 deg pitch=1.36 deg feeder_rpm=-4.00 wheel0_rpm=0 wheel1_rpm=0 wheel_delta=0 projectile_speed=9.50
[DEBUG] armors=1, targets=1
[2026-09-05 14:05:36.998] [info] [PERF] 总耗时=15.5ms (检测=12.9ms, 跟踪=0.5ms), FPS=64.6
[2026-09-05 14:05:36.998] [info] 📊 [CAMERA FPS] 瞬时帧率=64.5fps, 平均帧率=65.4fps, 总帧数=2150, 运行时间=32.9s
[DEBUG] armors=1, targets=1
[DEBUG] armors=1, targets=1
[DEBUG] armors=1, targets=1
[DEBUG] armors=1, targets=1
[DEBUG] armors=1, targets=1
[DEBUG] armors=1, targets=1
[DEBUG] armors=1, targets=1
[DEBUG] armors=1, targets=1
[DEBUG] armors=1, targets=1
[DEBUG] armors=1, targets=1
[2026-09-05 14:05:37.154] [info] [DRYRUN] measured_gimbal=(2.758,-0.017,-0.056) measured_world=(2.739,0.306,-0.122) tracked_world=(2.762,0.307,-0.123) target_gimbal_deg=(-0.36,-1.17) target_world_deg=(6.38,-2.53) gimbal_deg=(6.74,1.36) armor_y_px=634.8 pixel_error_deg=(3.18,2.32) ballistic=(range=2.758m holdover=0.733m comp=14.58deg residual=-12.26deg) q_wxyz=(0.998203,0.000698,0.011863,-0.058740) cmd_deg=(8.39,-18.94) packed_pitch_deg=-18.94 control=true shoot=false
[DEBUG] armors=1, targets=1
[DEBUG] armors=1, targets=1
[DEBUG] armors=1, targets=1
[DEBUG] armors=1, targets=1
[DEBUG] armors=1, targets=1
[DEBUG] armors=1, targets=1
[DEBUG] armors=1, targets=1
[DEBUG] armors=1, targets=1
[DEBUG] armors=1, targets=1
[DEBUG] armors=1, targets=1
[DEBUG] armors=1, targets=1
[DEBUG] armors=1, targets=1
[DEBUG] armors=1, targets=1
[DEBUG] armors=1, targets=1
[DEBUG] armors=1, targets=1
[DEBUG] armors=1, targets=1
[DEBUG] armors=1, targets=1
[DEBUG] armors=1, targets=1
[DEBUG] armors=1, targets=1
[DEBUG] armors=1, targets=1
[2026-09-05 14:05:37.457] [info] [DRYRUN] measured_gimbal=(2.773,-0.017,-0.057) measured_world=(2.754,0.308,-0.123) tracked_world=(2.753,0.307,-0.123) target_gimbal_deg=(-0.35,-1.17) target_world_deg=(6.38,-2.54) gimbal_deg=(6.74,1.36) armor_y_px=634.6 pixel_error_deg=(3.18,2.32) ballistic=(range=2.773m holdover=0.739m comp=14.63deg residual=-12.31deg) q_wxyz=(0.998203,0.000698,0.011863,-0.058740) cmd_deg=(8.46,-18.92) packed_pitch_deg=-18.92 control=true shoot=false
[DEBUG] armors=1, targets=1
[DEBUG] armors=1, targets=1
[DEBUG] armors=1, targets=1
[DEBUG] armors=1, targets=1
[DEBUG] armors=1, targets=1
[DEBUG] armors=1, targets=1
[DEBUG] armors=1, targets=1
[DEBUG] armors=1, targets=1
[DEBUG] armors=1, targets=1
[DEBUG] armors=1, targets=1
[DEBUG] armors=1, targets=1
[DEBUG] armors=1, targets=1
[DEBUG] armors=1, targets=1
[DEBUG] armors=1, targets=1
[DEBUG] armors=1, targets=1
[DEBUG] armors=1, targets=1
[DEBUG] armors=1, targets=1
[DEBUG] armors=1, targets=1
[DEBUG] armors=1, targets=1
[2026-09-05 14:05:37.758] [info] [SYNC][XUC] mode=0 yaw=-6.74 deg pitch=1.36 deg feeder_rpm=3.00 wheel0_rpm=0 wheel1_rpm=0 wheel_delta=0 projectile_speed=9.50
[DEBUG] armors=1, targets=1
[2026-09-05 14:05:37.771] [info] [DRYRUN] measured_gimbal=(2.731,-0.017,-0.055) measured_world=(2.713,0.303,-0.120) tracked_world=(2.746,0.307,-0.122) target_gimbal_deg=(-0.37,-1.15) target_world_deg=(6.37,-2.52) gimbal_deg=(6.74,1.36) armor_y_px=634.6 pixel_error_deg=(3.18,2.32) ballistic=(range=2.732m holdover=0.722m comp=14.50deg residual=-12.18deg) q_wxyz=(0.998203,0.000698,0.011863,-0.058740) cmd_deg=(8.50,-18.84) packed_pitch_deg=-18.84 control=true shoot=false
[2026-09-05 14:05:37.773] [info] [PERF] 总耗时=15.5ms (检测=12.7ms, 跟踪=0.5ms), FPS=64.3
[2026-09-05 14:05:37.773] [info] 📊 [CAMERA FPS] 瞬时帧率=64.2fps, 平均帧率=65.4fps, 总帧数=2200, 运行时间=33.7s
[DEBUG] armors=1, targets=1
[DEBUG] armors=1, targets=1
[DEBUG] armors=1, targets=1
[DEBUG] armors=1, targets=1
[DEBUG] armors=1, targets=1
[DEBUG] armors=1, targets=1
[DEBUG] armors=1, targets=1
[DEBUG] armors=1, targets=1
[DEBUG] armors=1, targets=1
[DEBUG] armors=1, targets=1
[DEBUG] armors=1, targets=1
[DEBUG] armors=1, targets=1
[DEBUG] armors=1, targets=1
[DEBUG] armors=1, targets=1
[DEBUG] armors=1, targets=1
[DEBUG] armors=1, targets=1
[DEBUG] armors=1, targets=1
[DEBUG] armors=1, targets=1
[DEBUG] armors=1, targets=1
[DEBUG] armors=1, targets=1
[2026-09-05 14:05:38.080] [info] [DRYRUN] measured_gimbal=(2.801,-0.017,-0.058) measured_world=(2.782,0.311,-0.125) tracked_world=(2.741,0.307,-0.122) target_gimbal_deg=(-0.35,-1.19) target_world_deg=(6.39,-2.55) gimbal_deg=(6.74,1.36) armor_y_px=634.8 pixel_error_deg=(3.18,2.32) ballistic=(range=2.802m holdover=0.751m comp=14.71deg residual=-12.39deg) q_wxyz=(0.998203,0.000698,0.011863,-0.058740) cmd_deg=(8.50,-19.01) packed_pitch_deg=-19.01 control=true shoot=false
[DEBUG] armors=1, targets=1
[DEBUG] armors=1, targets=1
[DEBUG] armors=1, targets=1
[DEBUG] armors=1, targets=1
[DEBUG] armors=1, targets=1
[DEBUG] armors=1, targets=1
[DEBUG] armors=1, targets=1
[DEBUG] armors=1, targets=1
[DEBUG] armors=1, targets=1
[DEBUG] armors=1, targets=1
[DEBUG] armors=1, targets=1
[DEBUG] armors=1, targets=1
[DEBUG] armors=1, targets=1
[DEBUG] armors=1, targets=1
[DEBUG] armors=1, targets=1
[DEBUG] armors=1, targets=1
[DEBUG] armors=1, targets=1
[DEBUG] armors=1, targets=1
[DEBUG] armors=1, targets=1
[DEBUG] armors=1, targets=1
[2026-09-05 14:05:38.386] [info] [DRYRUN] measured_gimbal=(2.765,-0.017,-0.057) measured_world=(2.746,0.307,-0.122) tracked_world=(2.741,0.307,-0.122) target_gimbal_deg=(-0.35,-1.17) target_world_deg=(6.38,-2.54) gimbal_deg=(6.74,1.36) armor_y_px=634.8 pixel_error_deg=(3.18,2.32) ballistic=(range=2.765m holdover=0.736m comp=14.60deg residual=-12.28deg) q_wxyz=(0.998203,0.000698,0.011863,-0.058740) cmd_deg=(8.50,-18.84) packed_pitch_deg=-18.84 control=true shoot=false
[DEBUG] armors=1, targets=1
[DEBUG] armors=1, targets=1
[DEBUG] armors=1, targets=1
[DEBUG] armors=1, targets=1
[DEBUG] armors=1, targets=1
[DEBUG] armors=1, targets=1
[DEBUG] armors=1, targets=1
[DEBUG] armors=1, targets=1
[DEBUG] armors=1, targets=1
[2026-09-05 14:05:38.528] [info] [SYNC][XUC] mode=0 yaw=-6.74 deg pitch=1.36 deg feeder_rpm=0.00 wheel0_rpm=0 wheel1_rpm=0 wheel_delta=0 projectile_speed=9.50
[DEBUG] armors=1, targets=1
[2026-09-05 14:05:38.543] [info] [PERF] 总耗时=15.5ms (检测=12.8ms, 跟踪=0.5ms), FPS=64.4
[2026-09-05 14:05:38.543] [info] 📊 [CAMERA FPS] 瞬时帧率=64.3fps, 平均帧率=65.4fps, 总帧数=2250, 运行时间=34.4s
[DEBUG] armors=1, targets=1
[DEBUG] armors=1, targets=1
[DEBUG] armors=1, targets=1
[DEBUG] armors=1, targets=1
[DEBUG] armors=1, targets=1
[DEBUG] armors=1, targets=1
[DEBUG] armors=1, targets=1
[DEBUG] armors=1, targets=1
[DEBUG] armors=1, targets=1
[DEBUG] armors=1, targets=1
[2026-09-05 14:05:38.694] [info] [DRYRUN] measured_gimbal=(2.759,-0.017,-0.056) measured_world=(2.740,0.306,-0.122) tracked_world=(2.741,0.307,-0.122) target_gimbal_deg=(-0.36,-1.17) target_world_deg=(6.38,-2.53) gimbal_deg=(6.74,1.36) armor_y_px=634.8 pixel_error_deg=(3.18,2.32) ballistic=(range=2.759m holdover=0.733m comp=14.58deg residual=-12.26deg) q_wxyz=(0.998203,0.000698,0.011863,-0.058740) cmd_deg=(8.50,-18.88) packed_pitch_deg=-18.88 control=true shoot=false
[DEBUG] armors=1, targets=1
[DEBUG] armors=1, targets=1
[DEBUG] armors=1, targets=1
[DEBUG] armors=1, targets=1
[DEBUG] armors=1, targets=1
[DEBUG] armors=1, targets=1
[DEBUG] armors=1, targets=1
[DEBUG] armors=1, targets=1
[DEBUG] armors=1, targets=1
[DEBUG] armors=1, targets=1
[DEBUG] armors=1, targets=1
[DEBUG] armors=1, targets=1
[DEBUG] armors=1, targets=1
[DEBUG] armors=1, targets=1
[DEBUG] armors=1, targets=1
[DEBUG] armors=1, targets=1
[DEBUG] armors=1, targets=1
[DEBUG] armors=1, targets=1
[DEBUG] armors=1, targets=1
[DEBUG] armors=1, targets=1
[2026-09-05 14:05:39.001] [info] [DRYRUN] measured_gimbal=(2.765,-0.017,-0.057) measured_world=(2.746,0.307,-0.122) tracked_world=(2.743,0.307,-0.122) target_gimbal_deg=(-0.35,-1.17) target_world_deg=(6.38,-2.54) gimbal_deg=(6.74,1.36) armor_y_px=634.8 pixel_error_deg=(3.18,2.32) ballistic=(range=2.765m holdover=0.736m comp=14.60deg residual=-12.28deg) q_wxyz=(0.998203,0.000698,0.011863,-0.058740) cmd_deg=(8.50,-18.92) packed_pitch_deg=-18.92 control=true shoot=false
[DEBUG] armors=1, targets=1
[DEBUG] armors=1, targets=1
[DEBUG] armors=1, targets=1
[DEBUG] armors=1, targets=1
[DEBUG] armors=1, targets=1
[DEBUG] armors=1, targets=1
[DEBUG] armors=1, targets=1
[DEBUG] armors=1, targets=1
[DEBUG] armors=1, targets=1
[DEBUG] armors=1, targets=1
[DEBUG] armors=1, targets=1
[DEBUG] armors=1, targets=1
[DEBUG] armors=1, targets=1
[DEBUG] armors=1, targets=1
[DEBUG] armors=1, targets=1
[DEBUG] armors=1, targets=1
[DEBUG] armors=1, targets=1
[DEBUG] armors=1, targets=1
[DEBUG] armors=1, targets=1
[2026-09-05 14:05:39.299] [info] [SYNC][XUC] mode=0 yaw=-6.74 deg pitch=1.36 deg feeder_rpm=0.00 wheel0_rpm=0 wheel1_rpm=0 wheel_delta=0 projectile_speed=9.50
[DEBUG] armors=1, targets=1
[2026-09-05 14:05:39.313] [info] [DRYRUN] measured_gimbal=(2.732,-0.017,-0.055) measured_world=(2.713,0.303,-0.120) tracked_world=(2.746,0.307,-0.122) target_gimbal_deg=(-0.37,-1.16) target_world_deg=(6.37,-2.52) gimbal_deg=(6.74,1.36) armor_y_px=634.9 pixel_error_deg=(3.18,2.33) ballistic=(range=2.732m holdover=0.722m comp=14.50deg residual=-12.18deg) q_wxyz=(0.998203,0.000698,0.011863,-0.058740) cmd_deg=(8.51,-18.82) packed_pitch_deg=-18.82 control=true shoot=false
[2026-09-05 14:05:39.315] [info] [PERF] 总耗时=15.4ms (检测=12.8ms, 跟踪=0.5ms), FPS=64.9
[2026-09-05 14:05:39.315] [info] 📊 [CAMERA FPS] 瞬时帧率=64.8fps, 平均帧率=65.4fps, 总帧数=2300, 运行时间=35.2s
[DEBUG] armors=1, targets=1
[DEBUG] armors=1, targets=1
[DEBUG] armors=1, targets=1
[DEBUG] armors=1, targets=1
[DEBUG] armors=1, targets=1
[DEBUG] armors=1, targets=1
[DEBUG] armors=1, targets=1
[DEBUG] armors=1, targets=1
[DEBUG] armors=1, targets=1
[DEBUG] armors=1, targets=1
[DEBUG] armors=1, targets=1
[DEBUG] armors=1, targets=1
[DEBUG] armors=1, targets=1
[DEBUG] armors=1, targets=1
[DEBUG] armors=1, targets=1
[DEBUG] armors=1, targets=1
[DEBUG] armors=1, targets=1
[DEBUG] armors=1, targets=1
[DEBUG] armors=1, targets=1
[DEBUG] armors=1, targets=1
[2026-09-05 14:05:39.621] [info] [DRYRUN] measured_gimbal=(2.745,-0.017,-0.056) measured_world=(2.726,0.305,-0.121) tracked_world=(2.742,0.307,-0.122) target_gimbal_deg=(-0.36,-1.17) target_world_deg=(6.38,-2.53) gimbal_deg=(6.74,1.36) armor_y_px=634.9 pixel_error_deg=(3.18,2.33) ballistic=(range=2.745m holdover=0.727m comp=14.54deg residual=-12.22deg) q_wxyz=(0.998203,0.000698,0.011863,-0.058740) cmd_deg=(8.50,-18.80) packed_pitch_deg=-18.80 control=true shoot=false
[DEBUG] armors=1, targets=1
[DEBUG] armors=1, targets=1
[DEBUG] armors=1, targets=1
[DEBUG] armors=1, targets=1
[DEBUG] armors=1, targets=1
[DEBUG] armors=1, targets=1
[DEBUG] armors=1, targets=1
[DEBUG] armors=1, targets=1
[DEBUG] armors=1, targets=1
[DEBUG] armors=1, targets=1
[DEBUG] armors=1, targets=1
[DEBUG] armors=1, targets=1
[DEBUG] armors=1, targets=1
[DEBUG] armors=1, targets=1
[DEBUG] armors=1, targets=1
[DEBUG] armors=1, targets=1
[DEBUG] armors=1, targets=1
[DEBUG] armors=1, targets=1
[DEBUG] armors=1, targets=1
[DEBUG] armors=1, targets=1
[2026-09-05 14:05:39.930] [info] [DRYRUN] measured_gimbal=(2.739,-0.018,-0.056) measured_world=(2.720,0.303,-0.121) tracked_world=(2.769,0.323,-0.124) target_gimbal_deg=(-0.37,-1.17) target_world_deg=(6.36,-2.53) gimbal_deg=(6.74,1.36) armor_y_px=635.2 pixel_error_deg=(3.17,2.33) ballistic=(range=2.739m holdover=0.725m comp=14.53deg residual=-12.19deg) q_wxyz=(0.998203,0.000698,0.011863,-0.058740) cmd_deg=(8.90,-18.78) packed_pitch_deg=-18.78 control=true shoot=false
[DEBUG] armors=1, targets=1
[DEBUG] armors=1, targets=1
[DEBUG] armors=1, targets=1
[DEBUG] armors=1, targets=1
[DEBUG] armors=1, targets=1
[DEBUG] armors=1, targets=1
[DEBUG] armors=1, targets=1
[DEBUG] armors=1, targets=1
[DEBUG] armors=1, targets=1
[2026-09-05 14:05:40.072] [info] [SYNC][XUC] mode=0 yaw=-6.74 deg pitch=1.36 deg feeder_rpm=0.00 wheel0_rpm=0 wheel1_rpm=0 wheel_delta=0 projectile_speed=9.50
[DEBUG] armors=1, targets=1
[2026-09-05 14:05:40.088] [info] [PERF] 总耗时=15.5ms (检测=12.6ms, 跟踪=0.5ms), FPS=64.7
[2026-09-05 14:05:40.088] [info] 📊 [CAMERA FPS] 瞬时帧率=64.5fps, 平均帧率=65.3fps, 总帧数=2350, 运行时间=36.0s
[DEBUG] armors=1, targets=1
[DEBUG] armors=1, targets=1
[DEBUG] armors=1, targets=1
[DEBUG] armors=1, targets=1
[DEBUG] armors=1, targets=1
[DEBUG] armors=1, targets=1
[DEBUG] armors=1, targets=1
[DEBUG] armors=1, targets=1
[DEBUG] armors=1, targets=1
[DEBUG] armors=1, targets=1
[2026-09-05 14:05:40.237] [info] [DRYRUN] measured_gimbal=(2.779,-0.017,-0.057) measured_world=(2.760,0.309,-0.123) tracked_world=(2.760,0.309,-0.123) target_gimbal_deg=(-0.35,-1.18) target_world_deg=(6.38,-2.54) gimbal_deg=(6.74,1.36) armor_y_px=634.8 pixel_error_deg=(3.18,2.32) ballistic=(range=2.779m holdover=0.742m comp=14.65deg residual=-12.32deg) q_wxyz=(0.998203,0.000698,0.011863,-0.058740) cmd_deg=(8.40,-18.96) packed_pitch_deg=-18.96 control=true shoot=false
[DEBUG] armors=1, targets=1
[DEBUG] armors=1, targets=1
[DEBUG] armors=1, targets=1
[DEBUG] armors=1, targets=1
[DEBUG] armors=1, targets=1
[DEBUG] armors=1, targets=1
[DEBUG] armors=1, targets=1
[DEBUG] armors=1, targets=1
[DEBUG] armors=1, targets=1
[DEBUG] armors=1, targets=1
[DEBUG] armors=1, targets=1
[DEBUG] armors=1, targets=1
[DEBUG] armors=1, targets=1
[DEBUG] armors=1, targets=1
[DEBUG] armors=1, targets=1
[DEBUG] armors=1, targets=1
[DEBUG] armors=1, targets=1
[DEBUG] armors=1, targets=1
[DEBUG] armors=1, targets=1
[DEBUG] armors=1, targets=1
[2026-09-05 14:05:40.541] [info] [DRYRUN] measured_gimbal=(2.757,-0.017,-0.056) measured_world=(2.738,0.306,-0.122) tracked_world=(2.755,0.306,-0.123) target_gimbal_deg=(-0.35,-1.17) target_world_deg=(6.38,-2.53) gimbal_deg=(6.74,1.36) armor_y_px=634.9 pixel_error_deg=(3.18,2.33) ballistic=(range=2.757m holdover=0.733m comp=14.58deg residual=-12.25deg) q_wxyz=(0.998203,0.000698,0.011863,-0.058740) cmd_deg=(8.40,-18.91) packed_pitch_deg=-18.91 control=true shoot=false
[DEBUG] armors=1, targets=1
[DEBUG] armors=1, targets=1
[DEBUG] armors=1, targets=1
[DEBUG] armors=1, targets=1
[DEBUG] armors=1, targets=1
[DEBUG] armors=1, targets=1
[DEBUG] armors=1, targets=1
[DEBUG] armors=1, targets=1
[DEBUG] armors=1, targets=1
[DEBUG] armors=1, targets=1
[DEBUG] armors=1, targets=1
[DEBUG] armors=1, targets=1
[DEBUG] armors=1, targets=1
[DEBUG] armors=1, targets=1
[DEBUG] armors=1, targets=1
[DEBUG] armors=1, targets=1
[DEBUG] armors=1, targets=1
[DEBUG] armors=1, targets=1
[DEBUG] armors=1, targets=1
[2026-09-05 14:05:40.838] [info] [SYNC][XUC] mode=0 yaw=-6.74 deg pitch=1.36 deg feeder_rpm=0.00 wheel0_rpm=0 wheel1_rpm=0 wheel_delta=0 projectile_speed=9.50
[DEBUG] armors=1, targets=1
[2026-09-05 14:05:40.851] [info] [DRYRUN] measured_gimbal=(2.778,-0.017,-0.058) measured_world=(2.759,0.309,-0.124) tracked_world=(2.748,0.306,-0.123) target_gimbal_deg=(-0.35,-1.19) target_world_deg=(6.38,-2.55) gimbal_deg=(6.74,1.36) armor_y_px=635.1 pixel_error_deg=(3.18,2.33) ballistic=(range=2.778m holdover=0.742m comp=14.64deg residual=-12.31deg) q_wxyz=(0.998203,0.000698,0.011863,-0.058740) cmd_deg=(8.46,-18.88) packed_pitch_deg=-18.88 control=true shoot=false
[2026-09-05 14:05:40.853] [info] [PERF] 总耗时=15.0ms (检测=12.1ms, 跟踪=0.5ms), FPS=66.7
[2026-09-05 14:05:40.853] [info] 📊 [CAMERA FPS] 瞬时帧率=66.5fps, 平均帧率=65.3fps, 总帧数=2400, 运行时间=36.7s
[DEBUG] armors=1, targets=1
[DEBUG] armors=1, targets=1
[DEBUG] armors=1, targets=1
[DEBUG] armors=1, targets=1
[DEBUG] armors=1, targets=1
[DEBUG] armors=1, targets=1
[DEBUG] armors=1, targets=1
[DEBUG] armors=1, targets=1
[DEBUG] armors=1, targets=1
[DEBUG] armors=1, targets=1
[DEBUG] armors=1, targets=1
[DEBUG] armors=1, targets=1
[DEBUG] armors=1, targets=1
[DEBUG] armors=1, targets=1
[DEBUG] armors=1, targets=1
[DEBUG] armors=1, targets=1
[DEBUG] armors=1, targets=1
[DEBUG] armors=1, targets=1
[DEBUG] armors=1, targets=1
[DEBUG] armors=1, targets=1
[2026-09-05 14:05:41.157] [info] [DRYRUN] measured_gimbal=(2.774,-0.017,-0.057) measured_world=(2.754,0.308,-0.123) tracked_world=(2.746,0.307,-0.123) target_gimbal_deg=(-0.35,-1.18) target_world_deg=(6.38,-2.54) gimbal_deg=(6.74,1.36) armor_y_px=634.9 pixel_error_deg=(3.18,2.33) ballistic=(range=2.774m holdover=0.740m comp=14.63deg residual=-12.30deg) q_wxyz=(0.998203,0.000698,0.011863,-0.058740) cmd_deg=(8.50,-18.92) packed_pitch_deg=-18.92 control=true shoot=false
[DEBUG] armors=1, targets=1
[DEBUG] armors=1, targets=1
[DEBUG] armors=1, targets=1
[DEBUG] armors=1, targets=1
[DEBUG] armors=1, targets=1
[DEBUG] armors=1, targets=1
[DEBUG] armors=1, targets=1
[DEBUG] armors=1, targets=1
[DEBUG] armors=1, targets=1
[DEBUG] armors=1, targets=1
[DEBUG] armors=1, targets=1
[DEBUG] armors=1, targets=1
[DEBUG] armors=1, targets=1
[DEBUG] armors=1, targets=1
[DEBUG] armors=1, targets=1
[DEBUG] armors=1, targets=1
[DEBUG] armors=1, targets=1
[DEBUG] armors=1, targets=1
[DEBUG] armors=1, targets=1
[DEBUG] armors=1, targets=1
[2026-09-05 14:05:41.468] [info] [DRYRUN] measured_gimbal=(2.743,-0.017,-0.056) measured_world=(2.724,0.304,-0.121) tracked_world=(2.745,0.307,-0.122) target_gimbal_deg=(-0.36,-1.16) target_world_deg=(6.38,-2.53) gimbal_deg=(6.74,1.36) armor_y_px=634.8 pixel_error_deg=(3.18,2.33) ballistic=(range=2.743m holdover=0.727m comp=14.54deg residual=-12.21deg) q_wxyz=(0.998203,0.000698,0.011863,-0.058740) cmd_deg=(8.51,-18.85) packed_pitch_deg=-18.85 control=true shoot=false
[DEBUG] armors=1, targets=1
[DEBUG] armors=1, targets=1
[DEBUG] armors=1, targets=1
[DEBUG] armors=1, targets=1
[DEBUG] armors=1, targets=1
[DEBUG] armors=1, targets=1
[DEBUG] armors=1, targets=1
[DEBUG] armors=1, targets=1
[DEBUG] armors=1, targets=1
[2026-09-05 14:05:41.606] [info] [SYNC][XUC] mode=0 yaw=-6.74 deg pitch=1.36 deg feeder_rpm=0.00 wheel0_rpm=0 wheel1_rpm=0 wheel_delta=0 projectile_speed=9.50
[DEBUG] armors=1, targets=1
[2026-09-05 14:05:41.620] [info] [PERF] 总耗时=14.7ms (检测=11.8ms, 跟踪=0.4ms), FPS=68.2
[2026-09-05 14:05:41.620] [info] 📊 [CAMERA FPS] 瞬时帧率=68.1fps, 平均帧率=65.3fps, 总帧数=2450, 运行时间=37.5s
[DEBUG] armors=1, targets=1
[DEBUG] armors=1, targets=1
[DEBUG] armors=1, targets=1
[DEBUG] armors=1, targets=1
[DEBUG] armors=1, targets=1
[DEBUG] armors=1, targets=1
[DEBUG] armors=1, targets=1
[DEBUG] armors=1, targets=1
[DEBUG] armors=1, targets=1
[DEBUG] armors=1, targets=1
[2026-09-05 14:05:41.767] [info] [DRYRUN] measured_gimbal=(2.743,-0.017,-0.056) measured_world=(2.724,0.305,-0.121) tracked_world=(2.744,0.307,-0.122) target_gimbal_deg=(-0.36,-1.17) target_world_deg=(6.38,-2.53) gimbal_deg=(6.74,1.36) armor_y_px=634.9 pixel_error_deg=(3.18,2.33) ballistic=(range=2.744m holdover=0.727m comp=14.54deg residual=-12.21deg) q_wxyz=(0.998203,0.000698,0.011863,-0.058740) cmd_deg=(8.51,-18.89) packed_pitch_deg=-18.89 control=true shoot=false
[DEBUG] armors=1, targets=1
[DEBUG] armors=1, targets=1
[DEBUG] armors=1, targets=1
[DEBUG] armors=1, targets=1
[DEBUG] armors=1, targets=1
[DEBUG] armors=1, targets=1
[DEBUG] armors=1, targets=1
[DEBUG] armors=1, targets=1
[DEBUG] armors=1, targets=1
[DEBUG] armors=1, targets=1
[DEBUG] armors=1, targets=1
[DEBUG] armors=1, targets=1
[DEBUG] armors=1, targets=1
[DEBUG] armors=1, targets=1
[DEBUG] armors=1, targets=1
[DEBUG] armors=1, targets=1
[DEBUG] armors=1, targets=1
[DEBUG] armors=1, targets=1
[DEBUG] armors=1, targets=1
[DEBUG] armors=1, targets=1
[2026-09-05 14:05:42.074] [info] [DRYRUN] measured_gimbal=(2.751,-0.017,-0.056) measured_world=(2.732,0.305,-0.122) tracked_world=(2.747,0.307,-0.123) target_gimbal_deg=(-0.36,-1.17) target_world_deg=(6.38,-2.53) gimbal_deg=(6.74,1.36) armor_y_px=634.9 pixel_error_deg=(3.18,2.33) ballistic=(range=2.751m holdover=0.730m comp=14.56deg residual=-12.23deg) q_wxyz=(0.998203,0.000698,0.011863,-0.058740) cmd_deg=(8.51,-18.87) packed_pitch_deg=-18.87 control=true shoot=false
[DEBUG] armors=1, targets=1
[DEBUG] armors=1, targets=1
[DEBUG] armors=1, targets=1
[DEBUG] armors=1, targets=1
[DEBUG] armors=1, targets=1
[DEBUG] armors=1, targets=1
[DEBUG] armors=1, targets=1
[DEBUG] armors=1, targets=1
[DEBUG] armors=1, targets=1
[DEBUG] armors=1, targets=1
[DEBUG] armors=1, targets=1
[DEBUG] armors=1, targets=1
[DEBUG] armors=1, targets=1
[DEBUG] armors=1, targets=1
[DEBUG] armors=1, targets=1
[DEBUG] armors=1, targets=1
[DEBUG] armors=1, targets=1
[DEBUG] armors=1, targets=1
[DEBUG] armors=1, targets=1
[2026-09-05 14:05:42.375] [info] [SYNC][XUC] mode=0 yaw=-6.74 deg pitch=1.36 deg feeder_rpm=-4.00 wheel0_rpm=0 wheel1_rpm=0 wheel_delta=0 projectile_speed=9.50
[DEBUG] armors=1, targets=1
[2026-09-05 14:05:42.388] [info] [DRYRUN] measured_gimbal=(2.727,-0.018,-0.055) measured_world=(2.708,0.302,-0.120) tracked_world=(2.745,0.307,-0.122) target_gimbal_deg=(-0.37,-1.16) target_world_deg=(6.37,-2.52) gimbal_deg=(6.74,1.36) armor_y_px=634.9 pixel_error_deg=(3.18,2.33) ballistic=(range=2.727m holdover=0.720m comp=14.49deg residual=-12.16deg) q_wxyz=(0.998203,0.000698,0.011863,-0.058740) cmd_deg=(8.51,-18.81) packed_pitch_deg=-18.81 control=true shoot=false
[2026-09-05 14:05:42.390] [info] [PERF] 总耗时=15.8ms (检测=13.0ms, 跟踪=0.5ms), FPS=63.3
[2026-09-05 14:05:42.390] [info] 📊 [CAMERA FPS] 瞬时帧率=63.2fps, 平均帧率=65.3fps, 总帧数=2500, 运行时间=38.3s
[DEBUG] armors=1, targets=1
[DEBUG] armors=1, targets=1
[DEBUG] armors=1, targets=1
[DEBUG] armors=1, targets=1
[DEBUG] armors=1, targets=1
[DEBUG] armors=1, targets=1
[DEBUG] armors=1, targets=1
[DEBUG] armors=1, targets=1
[DEBUG] armors=1, targets=1
[DEBUG] armors=1, targets=1
[DEBUG] armors=1, targets=1
[DEBUG] armors=1, targets=1
[DEBUG] armors=1, targets=1
[DEBUG] armors=1, targets=1
[DEBUG] armors=1, targets=1
[DEBUG] armors=1, targets=1
[DEBUG] armors=1, targets=1
[DEBUG] armors=1, targets=1
[DEBUG] armors=1, targets=1
[DEBUG] armors=1, targets=1
[2026-09-05 14:05:42.698] [info] [DRYRUN] measured_gimbal=(2.769,-0.017,-0.057) measured_world=(2.750,0.308,-0.123) tracked_world=(2.746,0.307,-0.122) target_gimbal_deg=(-0.35,-1.18) target_world_deg=(6.38,-2.54) gimbal_deg=(6.74,1.36) armor_y_px=634.9 pixel_error_deg=(3.18,2.33) ballistic=(range=2.769m holdover=0.738m comp=14.62deg residual=-12.29deg) q_wxyz=(0.998203,0.000698,0.011863,-0.058740) cmd_deg=(8.50,-18.91) packed_pitch_deg=-18.91 control=true shoot=false
[DEBUG] armors=1, targets=1
[DEBUG] armors=1, targets=1
[DEBUG] armors=1, targets=1
[DEBUG] armors=1, targets=1
[DEBUG] armors=1, targets=1
[DEBUG] armors=1, targets=1
[DEBUG] armors=1, targets=1
[DEBUG] armors=1, targets=1
[DEBUG] armors=1, targets=1
[DEBUG] armors=1, targets=1
[DEBUG] armors=1, targets=1
[DEBUG] armors=1, targets=1
[DEBUG] armors=1, targets=1
[DEBUG] armors=1, targets=1
[DEBUG] armors=1, targets=1
[DEBUG] armors=1, targets=1
[DEBUG] armors=1, targets=1
[DEBUG] armors=1, targets=1
[DEBUG] armors=1, targets=1
[DEBUG] armors=1, targets=1
[2026-09-05 14:05:43.010] [info] [DRYRUN] measured_gimbal=(2.745,-0.017,-0.055) measured_world=(2.726,0.304,-0.121) tracked_world=(2.748,0.307,-0.122) target_gimbal_deg=(-0.36,-1.16) target_world_deg=(6.37,-2.52) gimbal_deg=(6.74,1.36) armor_y_px=634.5 pixel_error_deg=(3.18,2.32) ballistic=(range=2.745m holdover=0.728m comp=14.54deg residual=-12.23deg) q_wxyz=(0.998203,0.000698,0.011863,-0.058740) cmd_deg=(8.51,-18.87) packed_pitch_deg=-18.87 control=true shoot=false
[DEBUG] armors=1, targets=1
[DEBUG] armors=1, targets=1
[DEBUG] armors=1, targets=1
[DEBUG] armors=1, targets=1
[DEBUG] armors=1, targets=1
[DEBUG] armors=1, targets=1
[DEBUG] armors=1, targets=1
[DEBUG] armors=1, targets=1
[DEBUG] armors=1, targets=1
[2026-09-05 14:05:43.152] [info] [SYNC][XUC] mode=0 yaw=-6.74 deg pitch=1.36 deg feeder_rpm=0.00 wheel0_rpm=0 wheel1_rpm=0 wheel_delta=0 projectile_speed=9.50
[DEBUG] armors=1, targets=1
[2026-09-05 14:05:43.168] [info] [PERF] 总耗时=15.6ms (检测=12.7ms, 跟踪=0.5ms), FPS=63.9
[2026-09-05 14:05:43.168] [info] 📊 [CAMERA FPS] 瞬时帧率=63.8fps, 平均帧率=65.3fps, 总帧数=2550, 运行时间=39.0s
[DEBUG] armors=1, targets=1
[DEBUG] armors=1, targets=1
[DEBUG] armors=1, targets=1
[DEBUG] armors=1, targets=1
[DEBUG] armors=1, targets=1
[DEBUG] armors=1, targets=1
[DEBUG] armors=1, targets=1
[DEBUG] armors=1, targets=1
[DEBUG] armors=1, targets=1
[DEBUG] armors=1, targets=1
[2026-09-05 14:05:43.318] [info] [DRYRUN] measured_gimbal=(2.774,-0.017,-0.057) measured_world=(2.755,0.308,-0.123) tracked_world=(2.748,0.307,-0.122) target_gimbal_deg=(-0.35,-1.17) target_world_deg=(6.38,-2.53) gimbal_deg=(6.74,1.36) armor_y_px=634.5 pixel_error_deg=(3.18,2.32) ballistic=(range=2.774m holdover=0.740m comp=14.63deg residual=-12.31deg) q_wxyz=(0.998203,0.000698,0.011863,-0.058740) cmd_deg=(8.50,-18.87) packed_pitch_deg=-18.87 control=true shoot=false
[DEBUG] armors=1, targets=1
[DEBUG] armors=1, targets=1
[DEBUG] armors=1, targets=1
[DEBUG] armors=1, targets=1
[DEBUG] armors=1, targets=1
[DEBUG] armors=1, targets=1
[DEBUG] armors=1, targets=1
[DEBUG] armors=1, targets=1
[DEBUG] armors=1, targets=1
[DEBUG] armors=1, targets=1
[DEBUG] armors=1, targets=1
[DEBUG] armors=1, targets=1
[DEBUG] armors=1, targets=1
[DEBUG] armors=1, targets=1
[DEBUG] armors=1, targets=1
[DEBUG] armors=1, targets=1
[DEBUG] armors=1, targets=1
[DEBUG] armors=1, targets=1
[DEBUG] armors=1, targets=1
[DEBUG] armors=1, targets=1
[2026-09-05 14:05:43.625] [info] [DRYRUN] measured_gimbal=(2.785,-0.017,-0.058) measured_world=(2.765,0.310,-0.124) tracked_world=(2.746,0.307,-0.122) target_gimbal_deg=(-0.34,-1.19) target_world_deg=(6.39,-2.55) gimbal_deg=(6.74,1.36) armor_y_px=634.9 pixel_error_deg=(3.18,2.33) ballistic=(range=2.785m holdover=0.744m comp=14.66deg residual=-12.34deg) q_wxyz=(0.998203,0.000698,0.011863,-0.058740) cmd_deg=(8.50,-18.95) packed_pitch_deg=-18.95 control=true shoot=false
[DEBUG] armors=1, targets=1
[DEBUG] armors=1, targets=1
[DEBUG] armors=1, targets=1
[DEBUG] armors=1, targets=1
[DEBUG] armors=1, targets=1
[DEBUG] armors=1, targets=1
[DEBUG] armors=1, targets=1
[DEBUG] armors=1, targets=1
[DEBUG] armors=1, targets=1
[DEBUG] armors=1, targets=1
[DEBUG] armors=1, targets=1
[DEBUG] armors=1, targets=1
[DEBUG] armors=1, targets=1
[DEBUG] armors=1, targets=1
[DEBUG] armors=1, targets=1
[DEBUG] armors=1, targets=1
[DEBUG] armors=1, targets=1
[DEBUG] armors=1, targets=1
[DEBUG] armors=1, targets=1
[2026-09-05 14:05:43.916] [info] [SYNC][XUC] mode=0 yaw=-6.74 deg pitch=1.36 deg feeder_rpm=0.00 wheel0_rpm=0 wheel1_rpm=0 wheel_delta=0 projectile_speed=9.50
[DEBUG] armors=1, targets=1
[2026-09-05 14:05:43.928] [info] [DRYRUN] measured_gimbal=(2.748,-0.017,-0.056) measured_world=(2.729,0.305,-0.121) tracked_world=(2.749,0.307,-0.123) target_gimbal_deg=(-0.36,-1.17) target_world_deg=(6.37,-2.53) gimbal_deg=(6.74,1.36) armor_y_px=635.0 pixel_error_deg=(3.18,2.33) ballistic=(range=2.748m holdover=0.729m comp=14.55deg residual=-12.22deg) q_wxyz=(0.998203,0.000698,0.011863,-0.058740) cmd_deg=(8.51,-18.91) packed_pitch_deg=-18.91 control=true shoot=false
[2026-09-05 14:05:43.931] [info] [PERF] 总耗时=15.1ms (检测=12.4ms, 跟踪=0.5ms), FPS=66.2
[2026-09-05 14:05:43.931] [info] 📊 [CAMERA FPS] 瞬时帧率=66.0fps, 平均帧率=65.3fps, 总帧数=2600, 运行时间=39.8s
[DEBUG] armors=1, targets=1
[DEBUG] armors=1, targets=1
[DEBUG] armors=1, targets=1
[DEBUG] armors=1, targets=1
[DEBUG] armors=1, targets=1
[DEBUG] armors=1, targets=1
[DEBUG] armors=1, targets=1
[DEBUG] armors=1, targets=1
[DEBUG] armors=1, targets=1
[DEBUG] armors=1, targets=1
[DEBUG] armors=1, targets=1
[DEBUG] armors=1, targets=1
[DEBUG] armors=1, targets=1
[DEBUG] armors=1, targets=1
[DEBUG] armors=1, targets=1
[DEBUG] armors=1, targets=1
[DEBUG] armors=1, targets=1
[DEBUG] armors=1, targets=1
[DEBUG] armors=1, targets=1
[DEBUG] armors=1, targets=1
[2026-09-05 14:05:44.236] [info] [DRYRUN] measured_gimbal=(2.787,-0.017,-0.057) measured_world=(2.768,0.310,-0.124) tracked_world=(2.746,0.307,-0.122) target_gimbal_deg=(-0.34,-1.18) target_world_deg=(6.39,-2.54) gimbal_deg=(6.74,1.36) armor_y_px=634.7 pixel_error_deg=(3.17,2.32) ballistic=(range=2.787m holdover=0.745m comp=14.67deg residual=-12.35deg) q_wxyz=(0.998203,0.000698,0.011863,-0.058740) cmd_deg=(8.50,-18.98) packed_pitch_deg=-18.98 control=true shoot=false
[DEBUG] armors=1, targets=1
[DEBUG] armors=1, targets=1
[DEBUG] armors=1, targets=1
[DEBUG] armors=1, targets=1
[DEBUG] armors=1, targets=1
[DEBUG] armors=1, targets=1
[DEBUG] armors=1, targets=1
[DEBUG] armors=1, targets=1
[DEBUG] armors=1, targets=1
[DEBUG] armors=1, targets=1
[DEBUG] armors=1, targets=1
[DEBUG] armors=1, targets=1
[DEBUG] armors=1, targets=1
[DEBUG] armors=1, targets=1
[DEBUG] armors=1, targets=1
[DEBUG] armors=1, targets=1
[DEBUG] armors=1, targets=1
[DEBUG] armors=1, targets=1
[DEBUG] armors=1, targets=1
[DEBUG] armors=1, targets=1
[2026-09-05 14:05:44.549] [info] [DRYRUN] measured_gimbal=(2.753,-0.017,-0.056) measured_world=(2.734,0.305,-0.122) tracked_world=(2.747,0.307,-0.122) target_gimbal_deg=(-0.36,-1.17) target_world_deg=(6.37,-2.53) gimbal_deg=(6.74,1.36) armor_y_px=634.9 pixel_error_deg=(3.18,2.33) ballistic=(range=2.753m holdover=0.731m comp=14.57deg residual=-12.24deg) q_wxyz=(0.998203,0.000698,0.011863,-0.058740) cmd_deg=(8.51,-18.84) packed_pitch_deg=-18.84 control=true shoot=false
[DEBUG] armors=1, targets=1
[DEBUG] armors=1, targets=1
[DEBUG] armors=1, targets=1
[DEBUG] armors=1, targets=1
[DEBUG] armors=1, targets=1
[DEBUG] armors=1, targets=1
[DEBUG] armors=1, targets=1
[DEBUG] armors=1, targets=1
[DEBUG] armors=1, targets=1
[2026-09-05 14:05:44.688] [info] [SYNC][XUC] mode=0 yaw=-6.74 deg pitch=1.36 deg feeder_rpm=0.00 wheel0_rpm=0 wheel1_rpm=0 wheel_delta=0 projectile_speed=9.50
[DEBUG] armors=1, targets=1
[2026-09-05 14:05:44.703] [info] [PERF] 总耗时=14.7ms (检测=12.0ms, 跟踪=0.4ms), FPS=68.1
[2026-09-05 14:05:44.703] [info] 📊 [CAMERA FPS] 瞬时帧率=68.0fps, 平均帧率=65.3fps, 总帧数=2650, 运行时间=40.6s
[DEBUG] armors=1, targets=1
[DEBUG] armors=1, targets=1
[DEBUG] armors=1, targets=1
[DEBUG] armors=1, targets=1
[DEBUG] armors=1, targets=1
[DEBUG] armors=1, targets=1
[DEBUG] armors=1, targets=1
[DEBUG] armors=1, targets=1
[DEBUG] armors=1, targets=1
[DEBUG] armors=1, targets=1
[2026-09-05 14:05:44.853] [info] [DRYRUN] measured_gimbal=(2.792,-0.017,-0.058) measured_world=(2.772,0.310,-0.124) tracked_world=(2.752,0.308,-0.123) target_gimbal_deg=(-0.35,-1.19) target_world_deg=(6.39,-2.55) gimbal_deg=(6.74,1.36) armor_y_px=634.8 pixel_error_deg=(3.18,2.32) ballistic=(range=2.792m holdover=0.747m comp=14.68deg residual=-12.36deg) q_wxyz=(0.998203,0.000698,0.011863,-0.058740) cmd_deg=(8.50,-18.95) packed_pitch_deg=-18.95 control=true shoot=false
[DEBUG] armors=1, targets=1
[DEBUG] armors=1, targets=1
[DEBUG] armors=1, targets=1
[DEBUG] armors=1, targets=1
[DEBUG] armors=1, targets=1
[DEBUG] armors=1, targets=1
[DEBUG] armors=1, targets=1
[DEBUG] armors=1, targets=1
[DEBUG] armors=1, targets=1
[DEBUG] armors=1, targets=1
[DEBUG] armors=1, targets=1
[DEBUG] armors=1, targets=1
[DEBUG] armors=1, targets=1
[DEBUG] armors=1, targets=1
[DEBUG] armors=1, targets=1
[DEBUG] armors=1, targets=1
[DEBUG] armors=1, targets=1
[DEBUG] armors=1, targets=1
[DEBUG] armors=1, targets=1
[DEBUG] armors=1, targets=1
[2026-09-05 14:05:45.161] [info] [DRYRUN] measured_gimbal=(2.770,-0.017,-0.057) measured_world=(2.751,0.308,-0.123) tracked_world=(2.753,0.308,-0.123) target_gimbal_deg=(-0.35,-1.18) target_world_deg=(6.39,-2.54) gimbal_deg=(6.74,1.36) armor_y_px=634.8 pixel_error_deg=(3.17,2.32) ballistic=(range=2.770m holdover=0.738m comp=14.62deg residual=-12.29deg) q_wxyz=(0.998203,0.000698,0.011863,-0.058740) cmd_deg=(8.50,-18.94) packed_pitch_deg=-18.94 control=true shoot=false
[DEBUG] armors=1, targets=1
[DEBUG] armors=1, targets=1
[DEBUG] armors=1, targets=1
[DEBUG] armors=1, targets=1
[DEBUG] armors=1, targets=1
[DEBUG] armors=1, targets=1
[DEBUG] armors=1, targets=1
[DEBUG] armors=1, targets=1
[DEBUG] armors=1, targets=1
[DEBUG] armors=1, targets=1
[DEBUG] armors=1, targets=1
[DEBUG] armors=1, targets=1
[DEBUG] armors=1, targets=1
[DEBUG] armors=1, targets=1
[DEBUG] armors=1, targets=1
[DEBUG] armors=1, targets=1
[DEBUG] armors=1, targets=1
[DEBUG] armors=1, targets=1
[DEBUG] armors=1, targets=1
[2026-09-05 14:05:45.457] [info] [SYNC][XUC] mode=0 yaw=-6.74 deg pitch=1.36 deg feeder_rpm=0.00 wheel0_rpm=0 wheel1_rpm=0 wheel_delta=0 projectile_speed=9.50
[DEBUG] armors=1, targets=1
[2026-09-05 14:05:45.470] [info] [DRYRUN] measured_gimbal=(2.748,-0.017,-0.056) measured_world=(2.729,0.305,-0.121) tracked_world=(2.750,0.308,-0.122) target_gimbal_deg=(-0.36,-1.16) target_world_deg=(6.37,-2.52) gimbal_deg=(6.74,1.36) armor_y_px=634.6 pixel_error_deg=(3.18,2.32) ballistic=(range=2.748m holdover=0.729m comp=14.55deg residual=-12.23deg) q_wxyz=(0.998203,0.000698,0.011863,-0.058740) cmd_deg=(8.51,-18.85) packed_pitch_deg=-18.85 control=true shoot=false
[2026-09-05 14:05:45.473] [info] [PERF] 总耗时=15.4ms (检测=12.4ms, 跟踪=0.4ms), FPS=65.0
[2026-09-05 14:05:45.473] [info] 📊 [CAMERA FPS] 瞬时帧率=64.9fps, 平均帧率=65.3fps, 总帧数=2700, 运行时间=41.4s
[DEBUG] armors=1, targets=1
[DEBUG] armors=1, targets=1
[DEBUG] armors=1, targets=1
[DEBUG] armors=1, targets=1
[DEBUG] armors=1, targets=1
[DEBUG] armors=1, targets=1
[DEBUG] armors=1, targets=1
[DEBUG] armors=1, targets=1
[DEBUG] armors=1, targets=1
[DEBUG] armors=1, targets=1
[DEBUG] armors=1, targets=1
[DEBUG] armors=1, targets=1
[DEBUG] armors=1, targets=1
[DEBUG] armors=1, targets=1
[DEBUG] armors=1, targets=1
[DEBUG] armors=1, targets=1
[DEBUG] armors=1, targets=1
[DEBUG] armors=1, targets=1
[DEBUG] armors=1, targets=1
[DEBUG] armors=1, targets=1
[2026-09-05 14:05:45.790] [info] [DRYRUN] measured_gimbal=(2.774,-0.017,-0.057) measured_world=(2.755,0.308,-0.123) tracked_world=(2.745,0.307,-0.122) target_gimbal_deg=(-0.36,-1.18) target_world_deg=(6.38,-2.54) gimbal_deg=(6.74,1.36) armor_y_px=634.7 pixel_error_deg=(3.18,2.32) ballistic=(range=2.774m holdover=0.740m comp=14.63deg residual=-12.31deg) q_wxyz=(0.998203,0.000698,0.011863,-0.058740) cmd_deg=(8.50,-18.90) packed_pitch_deg=-18.90 control=true shoot=false
[DEBUG] armors=1, targets=1
[DEBUG] armors=1, targets=1
[DEBUG] armors=1, targets=1
[DEBUG] armors=1, targets=1
[DEBUG] armors=1, targets=1
[DEBUG] armors=1, targets=1
[DEBUG] armors=1, targets=1
[DEBUG] armors=1, targets=1
[DEBUG] armors=1, targets=1
[DEBUG] armors=1, targets=1
[DEBUG] armors=1, targets=1
[DEBUG] armors=1, targets=1
[DEBUG] armors=1, targets=1
[DEBUG] armors=1, targets=1
[DEBUG] armors=1, targets=1
[DEBUG] armors=1, targets=1
[DEBUG] armors=1, targets=1
[DEBUG] armors=1, targets=1
[DEBUG] armors=1, targets=1
[DEBUG] armors=1, targets=1
[2026-09-05 14:05:46.099] [info] [DRYRUN] measured_gimbal=(2.764,-0.017,-0.057) measured_world=(2.745,0.307,-0.122) tracked_world=(2.744,0.307,-0.122) target_gimbal_deg=(-0.35,-1.17) target_world_deg=(6.38,-2.54) gimbal_deg=(6.74,1.36) armor_y_px=634.8 pixel_error_deg=(3.18,2.33) ballistic=(range=2.764m holdover=0.736m comp=14.60deg residual=-12.27deg) q_wxyz=(0.998203,0.000698,0.011863,-0.058740) cmd_deg=(8.50,-18.89) packed_pitch_deg=-18.89 control=true shoot=false
[DEBUG] armors=1, targets=1
[DEBUG] armors=1, targets=1
[DEBUG] armors=1, targets=1
[DEBUG] armors=1, targets=1
[DEBUG] armors=1, targets=1
[DEBUG] armors=1, targets=1
[DEBUG] armors=1, targets=1
[DEBUG] armors=1, targets=1
[DEBUG] armors=1, targets=1
[2026-09-05 14:05:46.241] [info] [SYNC][XUC] mode=0 yaw=-6.74 deg pitch=1.36 deg feeder_rpm=0.00 wheel0_rpm=0 wheel1_rpm=0 wheel_delta=0 projectile_speed=9.50
[DEBUG] armors=1, targets=1
[2026-09-05 14:05:46.256] [info] [PERF] 总耗时=15.2ms (检测=12.5ms, 跟踪=0.5ms), FPS=65.8
[2026-09-05 14:05:46.256] [info] 📊 [CAMERA FPS] 瞬时帧率=65.7fps, 平均帧率=65.3fps, 总帧数=2750, 运行时间=42.1s
[DEBUG] armors=1, targets=1
[DEBUG] armors=1, targets=1
[DEBUG] armors=1, targets=1
[DEBUG] armors=1, targets=1
[DEBUG] armors=1, targets=1
[DEBUG] armors=1, targets=1
[DEBUG] armors=1, targets=1
[DEBUG] armors=1, targets=1
[DEBUG] armors=1, targets=1
[DEBUG] armors=1, targets=1
[2026-09-05 14:05:46.408] [info] [DRYRUN] measured_gimbal=(2.767,-0.017,-0.057) measured_world=(2.748,0.307,-0.123) tracked_world=(2.745,0.307,-0.122) target_gimbal_deg=(-0.35,-1.18) target_world_deg=(6.38,-2.54) gimbal_deg=(6.74,1.36) armor_y_px=634.8 pixel_error_deg=(3.18,2.32) ballistic=(range=2.767m holdover=0.737m comp=14.61deg residual=-12.29deg) q_wxyz=(0.998203,0.000698,0.011863,-0.058740) cmd_deg=(8.49,-18.84) packed_pitch_deg=-18.84 control=true shoot=false
[DEBUG] armors=1, targets=1
[DEBUG] armors=1, targets=1
[DEBUG] armors=1, targets=1
[DEBUG] armors=1, targets=1
[DEBUG] armors=1, targets=1
[DEBUG] armors=1, targets=1
[DEBUG] armors=1, targets=1
[DEBUG] armors=1, targets=1
[DEBUG] armors=1, targets=1
[DEBUG] armors=1, targets=1
[DEBUG] armors=1, targets=1
[DEBUG] armors=1, targets=1
[DEBUG] armors=1, targets=1
[DEBUG] armors=1, targets=1
[DEBUG] armors=1, targets=1
[DEBUG] armors=1, targets=1
[DEBUG] armors=1, targets=1
[DEBUG] armors=1, targets=1
[DEBUG] armors=1, targets=1
[DEBUG] armors=1, targets=1
[2026-09-05 14:05:46.719] [info] [DRYRUN] measured_gimbal=(2.765,-0.017,-0.056) measured_world=(2.746,0.307,-0.122) tracked_world=(2.749,0.307,-0.123) target_gimbal_deg=(-0.36,-1.17) target_world_deg=(6.38,-2.53) gimbal_deg=(6.74,1.36) armor_y_px=634.6 pixel_error_deg=(3.18,2.32) ballistic=(range=2.765m holdover=0.736m comp=14.60deg residual=-12.28deg) q_wxyz=(0.998203,0.000698,0.011863,-0.058740) cmd_deg=(8.50,-18.93) packed_pitch_deg=-18.93 control=true shoot=false
[DEBUG] armors=1, targets=1
[DEBUG] armors=1, targets=1
[DEBUG] armors=1, targets=1
[DEBUG] armors=1, targets=1
[DEBUG] armors=1, targets=1
[DEBUG] armors=1, targets=1
[DEBUG] armors=1, targets=1
[DEBUG] armors=1, targets=1
[DEBUG] armors=1, targets=1
[DEBUG] armors=1, targets=1
[DEBUG] armors=1, targets=1
[DEBUG] armors=1, targets=1
[DEBUG] armors=1, targets=1
[DEBUG] armors=1, targets=1
[DEBUG] armors=1, targets=1
[DEBUG] armors=1, targets=1
[DEBUG] armors=1, targets=1
[DEBUG] armors=1, targets=1
[DEBUG] armors=1, targets=1
[2026-09-05 14:05:47.018] [info] [SYNC][XUC] mode=0 yaw=-6.74 deg pitch=1.36 deg feeder_rpm=-4.00 wheel0_rpm=0 wheel1_rpm=0 wheel_delta=0 projectile_speed=9.50
[DEBUG] armors=1, targets=1
[2026-09-05 14:05:47.031] [info] [DRYRUN] measured_gimbal=(2.729,-0.017,-0.055) measured_world=(2.710,0.303,-0.120) tracked_world=(2.750,0.308,-0.122) target_gimbal_deg=(-0.37,-1.15) target_world_deg=(6.37,-2.51) gimbal_deg=(6.74,1.36) armor_y_px=634.6 pixel_error_deg=(3.18,2.32) ballistic=(range=2.729m holdover=0.721m comp=14.49deg residual=-12.17deg) q_wxyz=(0.998203,0.000698,0.011863,-0.058740) cmd_deg=(8.51,-18.86) packed_pitch_deg=-18.86 control=true shoot=false
[2026-09-05 14:05:47.033] [info] [PERF] 总耗时=15.0ms (检测=12.3ms, 跟踪=0.5ms), FPS=66.6
[2026-09-05 14:05:47.033] [info] 📊 [CAMERA FPS] 瞬时帧率=66.5fps, 平均帧率=65.3fps, 总帧数=2800, 运行时间=42.9s
[DEBUG] armors=1, targets=1
[DEBUG] armors=1, targets=1
[DEBUG] armors=1, targets=1
[DEBUG] armors=1, targets=1
[DEBUG] armors=1, targets=1
[DEBUG] armors=1, targets=1
[DEBUG] armors=1, targets=1
[DEBUG] armors=1, targets=1
[DEBUG] armors=1, targets=1
[DEBUG] armors=1, targets=1
[DEBUG] armors=1, targets=1
[DEBUG] armors=1, targets=1
[DEBUG] armors=1, targets=1
[DEBUG] armors=1, targets=1
[DEBUG] armors=1, targets=1
[DEBUG] armors=1, targets=1
[DEBUG] armors=1, targets=1
[DEBUG] armors=1, targets=1
[DEBUG] armors=1, targets=1
[DEBUG] armors=1, targets=1
[2026-09-05 14:05:47.339] [info] [DRYRUN] measured_gimbal=(2.798,-0.017,-0.058) measured_world=(2.778,0.311,-0.124) tracked_world=(2.749,0.307,-0.122) target_gimbal_deg=(-0.35,-1.18) target_world_deg=(6.39,-2.55) gimbal_deg=(6.74,1.36) armor_y_px=634.6 pixel_error_deg=(3.18,2.32) ballistic=(range=2.798m holdover=0.750m comp=14.70deg residual=-12.38deg) q_wxyz=(0.998203,0.000698,0.011863,-0.058740) cmd_deg=(8.49,-18.94) packed_pitch_deg=-18.94 control=true shoot=false
[DEBUG] armors=1, targets=1
[DEBUG] armors=1, targets=1
[DEBUG] armors=1, targets=1
[DEBUG] armors=1, targets=1
[DEBUG] armors=1, targets=1
[DEBUG] armors=1, targets=1
[DEBUG] armors=1, targets=1
[DEBUG] armors=1, targets=1
[DEBUG] armors=1, targets=1
[DEBUG] armors=1, targets=1
[DEBUG] armors=1, targets=1
[DEBUG] armors=1, targets=1
[DEBUG] armors=1, targets=1
[DEBUG] armors=1, targets=1
[DEBUG] armors=1, targets=1
[DEBUG] armors=1, targets=1
[DEBUG] armors=1, targets=1
[DEBUG] armors=1, targets=1
[DEBUG] armors=1, targets=1
[DEBUG] armors=1, targets=1
[2026-09-05 14:05:47.650] [info] [DRYRUN] measured_gimbal=(2.774,-0.017,-0.057) measured_world=(2.755,0.308,-0.123) tracked_world=(2.745,0.307,-0.122) target_gimbal_deg=(-0.35,-1.18) target_world_deg=(6.38,-2.54) gimbal_deg=(6.74,1.36) armor_y_px=634.7 pixel_error_deg=(3.18,2.32) ballistic=(range=2.774m holdover=0.740m comp=14.63deg residual=-12.31deg) q_wxyz=(0.998203,0.000698,0.011863,-0.058740) cmd_deg=(8.50,-18.92) packed_pitch_deg=-18.92 control=true shoot=false
[DEBUG] armors=1, targets=1
[DEBUG] armors=1, targets=1
[DEBUG] armors=1, targets=1
[DEBUG] armors=1, targets=1
[DEBUG] armors=1, targets=1
[DEBUG] armors=1, targets=1
[DEBUG] armors=1, targets=1
[DEBUG] armors=1, targets=1
[DEBUG] armors=1, targets=1
[2026-09-05 14:05:47.792] [info] [SYNC][XUC] mode=0 yaw=-6.74 deg pitch=1.36 deg feeder_rpm=-4.00 wheel0_rpm=0 wheel1_rpm=0 wheel_delta=0 projectile_speed=9.50
[DEBUG] armors=1, targets=1
[2026-09-05 14:05:47.807] [info] [PERF] 总耗时=15.6ms (检测=12.9ms, 跟踪=0.4ms), FPS=64.1
[2026-09-05 14:05:47.807] [info] 📊 [CAMERA FPS] 瞬时帧率=64.0fps, 平均帧率=65.2fps, 总帧数=2850, 运行时间=43.7s
[DEBUG] armors=1, targets=1
[DEBUG] armors=1, targets=1
[DEBUG] armors=1, targets=1
[DEBUG] armors=1, targets=1
[DEBUG] armors=1, targets=1
[DEBUG] armors=1, targets=1
[DEBUG] armors=1, targets=1
[DEBUG] armors=1, targets=1
[DEBUG] armors=1, targets=1
[DEBUG] armors=1, targets=1
[2026-09-05 14:05:47.959] [info] [DRYRUN] measured_gimbal=(2.764,-0.017,-0.057) measured_world=(2.744,0.307,-0.122) tracked_world=(2.743,0.307,-0.122) target_gimbal_deg=(-0.35,-1.17) target_world_deg=(6.38,-2.54) gimbal_deg=(6.74,1.36) armor_y_px=634.8 pixel_error_deg=(3.18,2.32) ballistic=(range=2.764m holdover=0.735m comp=14.60deg residual=-12.27deg) q_wxyz=(0.998203,0.000698,0.011863,-0.058740) cmd_deg=(8.50,-18.86) packed_pitch_deg=-18.86 control=true shoot=false
[DEBUG] armors=1, targets=1
[DEBUG] armors=1, targets=1
[DEBUG] armors=1, targets=1
[DEBUG] armors=1, targets=1
[DEBUG] armors=1, targets=1
[DEBUG] armors=1, targets=1
[DEBUG] armors=1, targets=1
[DEBUG] armors=1, targets=1
[DEBUG] armors=1, targets=1
[DEBUG] armors=1, targets=1
[DEBUG] armors=1, targets=1
[DEBUG] armors=1, targets=1
[DEBUG] armors=1, targets=1
[DEBUG] armors=1, targets=1
[DEBUG] armors=1, targets=1
[DEBUG] armors=1, targets=1
[DEBUG] armors=1, targets=1
[DEBUG] armors=1, targets=1
[DEBUG] armors=1, targets=1
[DEBUG] armors=1, targets=1
[2026-09-05 14:05:48.272] [info] [DRYRUN] measured_gimbal=(2.774,-0.017,-0.057) measured_world=(2.755,0.308,-0.123) tracked_world=(2.746,0.307,-0.122) target_gimbal_deg=(-0.35,-1.18) target_world_deg=(6.38,-2.54) gimbal_deg=(6.74,1.36) armor_y_px=634.7 pixel_error_deg=(3.18,2.32) ballistic=(range=2.774m holdover=0.740m comp=14.63deg residual=-12.31deg) q_wxyz=(0.998203,0.000698,0.011863,-0.058740) cmd_deg=(8.51,-18.94) packed_pitch_deg=-18.94 control=true shoot=false
[DEBUG] armors=1, targets=1
[DEBUG] armors=1, targets=1
[DEBUG] armors=1, targets=1
[DEBUG] armors=1, targets=1
[DEBUG] armors=1, targets=1
[DEBUG] armors=1, targets=1
[DEBUG] armors=1, targets=1
[DEBUG] armors=1, targets=1
[DEBUG] armors=1, targets=1
[DEBUG] armors=1, targets=1
[DEBUG] armors=1, targets=1
[DEBUG] armors=1, targets=1
[DEBUG] armors=1, targets=1
[DEBUG] armors=1, targets=1
[DEBUG] armors=1, targets=1
[DEBUG] armors=1, targets=1
[DEBUG] armors=1, targets=1
[DEBUG] armors=1, targets=1
[DEBUG] armors=1, targets=1
[2026-09-05 14:05:48.571] [info] [SYNC][XUC] mode=0 yaw=-6.74 deg pitch=1.36 deg feeder_rpm=0.00 wheel0_rpm=0 wheel1_rpm=0 wheel_delta=0 projectile_speed=9.50
[DEBUG] armors=1, targets=1
[2026-09-05 14:05:48.585] [info] [DRYRUN] measured_gimbal=(2.780,-0.017,-0.057) measured_world=(2.760,0.309,-0.123) tracked_world=(2.746,0.307,-0.122) target_gimbal_deg=(-0.35,-1.18) target_world_deg=(6.38,-2.54) gimbal_deg=(6.74,1.36) armor_y_px=634.7 pixel_error_deg=(3.18,2.32) ballistic=(range=2.780m holdover=0.742m comp=14.65deg residual=-12.33deg) q_wxyz=(0.998203,0.000698,0.011863,-0.058740) cmd_deg=(8.50,-18.90) packed_pitch_deg=-18.90 control=true shoot=false
[2026-09-05 14:05:48.587] [info] [PERF] 总耗时=15.5ms (检测=12.8ms, 跟踪=0.5ms), FPS=64.6
[2026-09-05 14:05:48.587] [info] 📊 [CAMERA FPS] 瞬时帧率=64.5fps, 平均帧率=65.2fps, 总帧数=2900, 运行时间=44.5s
[DEBUG] armors=1, targets=1
[DEBUG] armors=1, targets=1
[DEBUG] armors=1, targets=1
[DEBUG] armors=1, targets=1
[DEBUG] armors=1, targets=1
[DEBUG] armors=1, targets=1
[DEBUG] armors=1, targets=1
[DEBUG] armors=1, targets=1
[DEBUG] armors=1, targets=1
[DEBUG] armors=1, targets=1
[DEBUG] armors=1, targets=1
[DEBUG] armors=1, targets=1
[DEBUG] armors=1, targets=1
[DEBUG] armors=1, targets=1
[DEBUG] armors=1, targets=1
[DEBUG] armors=1, targets=1
[DEBUG] armors=1, targets=1
[DEBUG] armors=1, targets=1
[DEBUG] armors=1, targets=1
[DEBUG] armors=1, targets=1
[2026-09-05 14:05:48.899] [info] [DRYRUN] measured_gimbal=(2.769,-0.017,-0.057) measured_world=(2.750,0.308,-0.123) tracked_world=(2.748,0.307,-0.123) target_gimbal_deg=(-0.35,-1.18) target_world_deg=(6.38,-2.54) gimbal_deg=(6.74,1.36) armor_y_px=634.9 pixel_error_deg=(3.18,2.33) ballistic=(range=2.769m holdover=0.738m comp=14.62deg residual=-12.29deg) q_wxyz=(0.998203,0.000698,0.011863,-0.058740) cmd_deg=(8.50,-18.95) packed_pitch_deg=-18.95 control=true shoot=false
[DEBUG] armors=1, targets=1
[DEBUG] armors=1, targets=1
[DEBUG] armors=1, targets=1
[DEBUG] armors=1, targets=1
[DEBUG] armors=1, targets=1
[DEBUG] armors=1, targets=1
[DEBUG] armors=1, targets=1
[DEBUG] armors=1, targets=1
[DEBUG] armors=1, targets=1
[DEBUG] armors=1, targets=1
[DEBUG] armors=1, targets=1
[DEBUG] armors=1, targets=1
[DEBUG] armors=1, targets=1
[DEBUG] armors=1, targets=1
[DEBUG] armors=1, targets=1
[DEBUG] armors=1, targets=1
[DEBUG] armors=1, targets=1
[DEBUG] armors=1, targets=1
[DEBUG] armors=1, targets=1
[DEBUG] armors=1, targets=1
[2026-09-05 14:05:49.210] [info] [DRYRUN] measured_gimbal=(2.761,-0.017,-0.056) measured_world=(2.742,0.306,-0.122) tracked_world=(2.750,0.308,-0.123) target_gimbal_deg=(-0.36,-1.17) target_world_deg=(6.37,-2.53) gimbal_deg=(6.74,1.36) armor_y_px=634.8 pixel_error_deg=(3.18,2.32) ballistic=(range=2.761m holdover=0.734m comp=14.59deg residual=-12.27deg) q_wxyz=(0.998203,0.000698,0.011863,-0.058740) cmd_deg=(8.51,-18.89) packed_pitch_deg=-18.89 control=true shoot=false
[DEBUG] armors=1, targets=1
[DEBUG] armors=1, targets=1
[DEBUG] armors=1, targets=1
[DEBUG] armors=1, targets=1
[DEBUG] armors=1, targets=1
[DEBUG] armors=1, targets=1
[DEBUG] armors=1, targets=1
[DEBUG] armors=1, targets=1
[DEBUG] armors=1, targets=1
[2026-09-05 14:05:49.349] [info] [SYNC][XUC] mode=0 yaw=-6.74 deg pitch=1.36 deg feeder_rpm=-4.00 wheel0_rpm=0 wheel1_rpm=0 wheel_delta=0 projectile_speed=9.50
[DEBUG] armors=1, targets=1
[2026-09-05 14:05:49.365] [info] [PERF] 总耗时=15.6ms (检测=13.0ms, 跟踪=0.5ms), FPS=64.3
[2026-09-05 14:05:49.365] [info] 📊 [CAMERA FPS] 瞬时帧率=64.2fps, 平均帧率=65.2fps, 总帧数=2950, 运行时间=45.2s
[DEBUG] armors=1, targets=1
[DEBUG] armors=1, targets=1
[DEBUG] armors=1, targets=1
[DEBUG] armors=1, targets=1
[DEBUG] armors=1, targets=1
[DEBUG] armors=1, targets=1
[DEBUG] armors=1, targets=1
[DEBUG] armors=1, targets=1
[DEBUG] armors=1, targets=1
[DEBUG] armors=1, targets=1
[2026-09-05 14:05:49.517] [info] [DRYRUN] measured_gimbal=(2.758,-0.017,-0.056) measured_world=(2.739,0.306,-0.122) tracked_world=(2.751,0.308,-0.123) target_gimbal_deg=(-0.36,-1.17) target_world_deg=(6.38,-2.53) gimbal_deg=(6.74,1.36) armor_y_px=634.8 pixel_error_deg=(3.18,2.32) ballistic=(range=2.758m holdover=0.733m comp=14.58deg residual=-12.26deg) q_wxyz=(0.998203,0.000698,0.011863,-0.058740) cmd_deg=(8.50,-18.87) packed_pitch_deg=-18.87 control=true shoot=false
[DEBUG] armors=1, targets=1
[DEBUG] armors=1, targets=1
[DEBUG] armors=1, targets=1
[DEBUG] armors=1, targets=1
[DEBUG] armors=1, targets=1
[DEBUG] armors=1, targets=1
[DEBUG] armors=1, targets=1
[DEBUG] armors=1, targets=1
[DEBUG] armors=1, targets=1
[DEBUG] armors=1, targets=1
[DEBUG] armors=1, targets=1
[DEBUG] armors=1, targets=1
[DEBUG] armors=1, targets=1
[DEBUG] armors=1, targets=1
[DEBUG] armors=1, targets=1
[DEBUG] armors=1, targets=1
[DEBUG] armors=1, targets=1
[DEBUG] armors=1, targets=1
[DEBUG] armors=1, targets=1
[DEBUG] armors=1, targets=1
[2026-09-05 14:05:49.831] [info] [DRYRUN] measured_gimbal=(2.808,-0.017,-0.058) measured_world=(2.789,0.312,-0.125) tracked_world=(2.752,0.308,-0.123) target_gimbal_deg=(-0.34,-1.19) target_world_deg=(6.39,-2.55) gimbal_deg=(6.74,1.36) armor_y_px=634.7 pixel_error_deg=(3.18,2.32) ballistic=(range=2.808m holdover=0.754m comp=14.73deg residual=-12.41deg) q_wxyz=(0.998203,0.000698,0.011863,-0.058740) cmd_deg=(8.50,-19.01) packed_pitch_deg=-19.01 control=true shoot=false
[DEBUG] armors=1, targets=1
[DEBUG] armors=1, targets=1
[DEBUG] armors=1, targets=1
[DEBUG] armors=1, targets=1
[DEBUG] armors=1, targets=1
[DEBUG] armors=1, targets=1
[DEBUG] armors=1, targets=1
[DEBUG] armors=1, targets=1
[DEBUG] armors=1, targets=1
[DEBUG] armors=1, targets=1
[DEBUG] armors=1, targets=1
[DEBUG] armors=1, targets=1
[DEBUG] armors=1, targets=1
[DEBUG] armors=1, targets=1
[DEBUG] armors=1, targets=1
[DEBUG] armors=1, targets=1
[DEBUG] armors=1, targets=1
[DEBUG] armors=1, targets=1
[DEBUG] armors=1, targets=1
[2026-09-05 14:05:50.133] [info] [SYNC][XUC] mode=0 yaw=-6.74 deg pitch=1.36 deg feeder_rpm=0.00 wheel0_rpm=0 wheel1_rpm=0 wheel_delta=0 projectile_speed=9.50
[DEBUG] armors=1, targets=1
[2026-09-05 14:05:50.147] [info] [DRYRUN] measured_gimbal=(2.777,-0.017,-0.057) measured_world=(2.758,0.309,-0.123) tracked_world=(2.752,0.308,-0.123) target_gimbal_deg=(-0.35,-1.18) target_world_deg=(6.39,-2.54) gimbal_deg=(6.74,1.36) armor_y_px=634.6 pixel_error_deg=(3.17,2.32) ballistic=(range=2.777m holdover=0.741m comp=14.64deg residual=-12.32deg) q_wxyz=(0.998203,0.000698,0.011863,-0.058740) cmd_deg=(8.50,-18.94) packed_pitch_deg=-18.94 control=true shoot=false
[2026-09-05 14:05:50.149] [info] [PERF] 总耗时=15.8ms (检测=12.9ms, 跟踪=0.5ms), FPS=63.1
[2026-09-05 14:05:50.149] [info] 📊 [CAMERA FPS] 瞬时帧率=63.0fps, 平均帧率=65.2fps, 总帧数=3000, 运行时间=46.0s
[DEBUG] armors=1, targets=1
[DEBUG] armors=1, targets=1
[DEBUG] armors=1, targets=1
[DEBUG] armors=1, targets=1
[DEBUG] armors=1, targets=1
[DEBUG] armors=1, targets=1
[DEBUG] armors=1, targets=1
[DEBUG] armors=1, targets=1
[DEBUG] armors=1, targets=1
[DEBUG] armors=1, targets=1
[DEBUG] armors=1, targets=1
[DEBUG] armors=1, targets=1
[DEBUG] armors=1, targets=1
[DEBUG] armors=1, targets=1
[DEBUG] armors=1, targets=1
[DEBUG] armors=1, targets=1
[DEBUG] armors=1, targets=1
[DEBUG] armors=1, targets=1
[DEBUG] armors=1, targets=1
[DEBUG] armors=1, targets=1
[2026-09-05 14:05:50.459] [info] [DRYRUN] measured_gimbal=(2.745,-0.017,-0.056) measured_world=(2.726,0.305,-0.121) tracked_world=(2.751,0.308,-0.123) target_gimbal_deg=(-0.36,-1.17) target_world_deg=(6.38,-2.53) gimbal_deg=(6.74,1.36) armor_y_px=634.9 pixel_error_deg=(3.18,2.33) ballistic=(range=2.745m holdover=0.727m comp=14.54deg residual=-12.22deg) q_wxyz=(0.998203,0.000698,0.011863,-0.058740) cmd_deg=(8.51,-18.91) packed_pitch_deg=-18.91 control=true shoot=false
[DEBUG] armors=1, targets=1
[DEBUG] armors=1, targets=1
[DEBUG] armors=1, targets=1
[DEBUG] armors=1, targets=1
[DEBUG] armors=1, targets=1
[DEBUG] armors=1, targets=1
[DEBUG] armors=1, targets=1
[DEBUG] armors=1, targets=1
[DEBUG] armors=1, targets=1
[DEBUG] armors=1, targets=1
[DEBUG] armors=1, targets=1
[DEBUG] armors=1, targets=1
[DEBUG] armors=1, targets=1
[DEBUG] armors=1, targets=1
[DEBUG] armors=1, targets=1
[DEBUG] armors=1, targets=1
[DEBUG] armors=1, targets=1
[DEBUG] armors=1, targets=1
[DEBUG] armors=1, targets=1
[DEBUG] armors=1, targets=1
[2026-09-05 14:05:50.771] [info] [DRYRUN] measured_gimbal=(2.759,-0.017,-0.056) measured_world=(2.740,0.306,-0.122) tracked_world=(2.753,0.308,-0.123) target_gimbal_deg=(-0.36,-1.17) target_world_deg=(6.38,-2.53) gimbal_deg=(6.74,1.36) armor_y_px=634.8 pixel_error_deg=(3.18,2.32) ballistic=(range=2.759m holdover=0.734m comp=14.59deg residual=-12.26deg) q_wxyz=(0.998203,0.000698,0.011863,-0.058740) cmd_deg=(8.51,-18.92) packed_pitch_deg=-18.92 control=true shoot=false
[DEBUG] armors=1, targets=1
[DEBUG] armors=1, targets=1
[DEBUG] armors=1, targets=1
[DEBUG] armors=1, targets=1
[DEBUG] armors=1, targets=1
[DEBUG] armors=1, targets=1
[DEBUG] armors=1, targets=1
[DEBUG] armors=1, targets=1
[DEBUG] armors=1, targets=1
[2026-09-05 14:05:50.913] [info] [SYNC][XUC] mode=0 yaw=-6.74 deg pitch=1.36 deg feeder_rpm=0.00 wheel0_rpm=0 wheel1_rpm=0 wheel_delta=0 projectile_speed=9.50
[DEBUG] armors=1, targets=1
[2026-09-05 14:05:50.929] [info] [PERF] 总耗时=15.7ms (检测=12.8ms, 跟踪=0.5ms), FPS=63.9
[2026-09-05 14:05:50.929] [info] 📊 [CAMERA FPS] 瞬时帧率=63.8fps, 平均帧率=65.2fps, 总帧数=3050, 运行时间=46.8s
[DEBUG] armors=1, targets=1
[DEBUG] armors=1, targets=1
[DEBUG] armors=1, targets=1
[DEBUG] armors=1, targets=1
[DEBUG] armors=1, targets=1
[DEBUG] armors=1, targets=1
[DEBUG] armors=1, targets=1
[DEBUG] armors=1, targets=1
[DEBUG] armors=1, targets=1
[DEBUG] armors=1, targets=1
[2026-09-05 14:05:51.084] [info] [DRYRUN] measured_gimbal=(2.766,-0.017,-0.057) measured_world=(2.746,0.307,-0.122) tracked_world=(2.750,0.307,-0.122) target_gimbal_deg=(-0.36,-1.17) target_world_deg=(6.38,-2.53) gimbal_deg=(6.74,1.36) armor_y_px=634.7 pixel_error_deg=(3.18,2.32) ballistic=(range=2.766m holdover=0.736m comp=14.61deg residual=-12.28deg) q_wxyz=(0.998203,0.000698,0.011863,-0.058740) cmd_deg=(8.50,-18.94) packed_pitch_deg=-18.94 control=true shoot=false
[DEBUG] armors=1, targets=1
[DEBUG] armors=1, targets=1
[DEBUG] armors=1, targets=1
[DEBUG] armors=1, targets=1
[DEBUG] armors=1, targets=1
[DEBUG] armors=1, targets=1
[DEBUG] armors=1, targets=1
[DEBUG] armors=1, targets=1
[DEBUG] armors=1, targets=1
[DEBUG] armors=1, targets=1
[DEBUG] armors=1, targets=1
[DEBUG] armors=1, targets=1
[DEBUG] armors=1, targets=1
[DEBUG] armors=1, targets=1
[DEBUG] armors=1, targets=1
[DEBUG] armors=1, targets=1
[DEBUG] armors=1, targets=1
[DEBUG] armors=1, targets=1
[DEBUG] armors=1, targets=1
[DEBUG] armors=1, targets=1
[2026-09-05 14:05:51.395] [info] [DRYRUN] measured_gimbal=(2.765,-0.017,-0.056) measured_world=(2.746,0.307,-0.122) tracked_world=(2.749,0.307,-0.123) target_gimbal_deg=(-0.36,-1.17) target_world_deg=(6.38,-2.53) gimbal_deg=(6.74,1.36) armor_y_px=634.6 pixel_error_deg=(3.18,2.32) ballistic=(range=2.765m holdover=0.736m comp=14.60deg residual=-12.28deg) q_wxyz=(0.998203,0.000698,0.011863,-0.058740) cmd_deg=(8.51,-18.93) packed_pitch_deg=-18.93 control=true shoot=false
[DEBUG] armors=1, targets=1
[DEBUG] armors=1, targets=1
[DEBUG] armors=1, targets=1
[DEBUG] armors=1, targets=1
[DEBUG] armors=1, targets=1
[DEBUG] armors=1, targets=1
[DEBUG] armors=1, targets=1
[DEBUG] armors=1, targets=1
[DEBUG] armors=1, targets=1
[DEBUG] armors=1, targets=1
[DEBUG] armors=1, targets=1
[DEBUG] armors=1, targets=1
[DEBUG] armors=1, targets=1
[DEBUG] armors=1, targets=1
[DEBUG] armors=1, targets=1
[DEBUG] armors=1, targets=1
[DEBUG] armors=1, targets=1
[DEBUG] armors=1, targets=1
[DEBUG] armors=1, targets=1
[2026-09-05 14:05:51.696] [info] [SYNC][XUC] mode=0 yaw=-6.74 deg pitch=1.36 deg feeder_rpm=0.00 wheel0_rpm=0 wheel1_rpm=0 wheel_delta=0 projectile_speed=9.50
[DEBUG] armors=1, targets=1
[2026-09-05 14:05:51.709] [info] [DRYRUN] measured_gimbal=(2.756,-0.017,-0.056) measured_world=(2.737,0.306,-0.122) tracked_world=(2.746,0.307,-0.122) target_gimbal_deg=(-0.35,-1.17) target_world_deg=(6.38,-2.53) gimbal_deg=(6.74,1.36) armor_y_px=634.6 pixel_error_deg=(3.17,2.32) ballistic=(range=2.756m holdover=0.732m comp=14.58deg residual=-12.26deg) q_wxyz=(0.998203,0.000698,0.011863,-0.058740) cmd_deg=(8.50,-18.89) packed_pitch_deg=-18.89 control=true shoot=false
[2026-09-05 14:05:51.711] [info] [PERF] 总耗时=15.4ms (检测=12.7ms, 跟踪=0.4ms), FPS=64.9
[2026-09-05 14:05:51.711] [info] 📊 [CAMERA FPS] 瞬时帧率=64.8fps, 平均帧率=65.1fps, 总帧数=3100, 运行时间=47.6s
[DEBUG] armors=1, targets=1
[DEBUG] armors=1, targets=1
[DEBUG] armors=1, targets=1
[DEBUG] armors=1, targets=1
[DEBUG] armors=1, targets=1
[DEBUG] armors=1, targets=1
[DEBUG] armors=1, targets=1
[DEBUG] armors=1, targets=1
[DEBUG] armors=1, targets=1
[DEBUG] armors=1, targets=1
[DEBUG] armors=1, targets=1
[DEBUG] armors=1, targets=1
[DEBUG] armors=1, targets=1
[DEBUG] armors=1, targets=1
[DEBUG] armors=1, targets=1
[DEBUG] armors=1, targets=1
[DEBUG] armors=1, targets=1
[DEBUG] armors=1, targets=1
[DEBUG] armors=1, targets=1
[DEBUG] armors=1, targets=1
[2026-09-05 14:05:52.024] [info] [DRYRUN] measured_gimbal=(2.769,-0.017,-0.057) measured_world=(2.750,0.307,-0.122) tracked_world=(2.751,0.308,-0.123) target_gimbal_deg=(-0.36,-1.17) target_world_deg=(6.38,-2.53) gimbal_deg=(6.74,1.36) armor_y_px=634.7 pixel_error_deg=(3.18,2.32) ballistic=(range=2.769m holdover=0.738m comp=14.61deg residual=-12.29deg) q_wxyz=(0.998203,0.000698,0.011863,-0.058740) cmd_deg=(8.51,-18.93) packed_pitch_deg=-18.93 control=true shoot=false
[DEBUG] armors=1, targets=1
[DEBUG] armors=1, targets=1
[DEBUG] armors=1, targets=1
[DEBUG] armors=1, targets=1
[DEBUG] armors=1, targets=1
[DEBUG] armors=1, targets=1
[DEBUG] armors=1, targets=1
[DEBUG] armors=1, targets=1
[DEBUG] armors=1, targets=1
[DEBUG] armors=1, targets=1
[DEBUG] armors=1, targets=1
[DEBUG] armors=1, targets=1
[DEBUG] armors=1, targets=1
[DEBUG] armors=1, targets=1
[DEBUG] armors=1, targets=1
[DEBUG] armors=1, targets=1
[DEBUG] armors=1, targets=1
[DEBUG] armors=1, targets=1
[DEBUG] armors=1, targets=1
[DEBUG] armors=1, targets=1
[2026-09-05 14:05:52.333] [info] [DRYRUN] measured_gimbal=(2.779,-0.017,-0.057) measured_world=(2.760,0.309,-0.123) tracked_world=(2.747,0.307,-0.122) target_gimbal_deg=(-0.35,-1.18) target_world_deg=(6.39,-2.54) gimbal_deg=(6.74,1.36) armor_y_px=634.7 pixel_error_deg=(3.18,2.32) ballistic=(range=2.779m holdover=0.742m comp=14.65deg residual=-12.32deg) q_wxyz=(0.998203,0.000698,0.011863,-0.058740) cmd_deg=(8.49,-18.92) packed_pitch_deg=-18.92 control=true shoot=false
[DEBUG] armors=1, targets=1
[DEBUG] armors=1, targets=1
[DEBUG] armors=1, targets=1
[DEBUG] armors=1, targets=1
[DEBUG] armors=1, targets=1
[DEBUG] armors=1, targets=1
[DEBUG] armors=1, targets=1
[DEBUG] armors=1, targets=1
[DEBUG] armors=1, targets=1
[2026-09-05 14:05:52.476] [info] [SYNC][XUC] mode=0 yaw=-6.74 deg pitch=1.36 deg feeder_rpm=0.00 wheel0_rpm=0 wheel1_rpm=0 wheel_delta=0 projectile_speed=9.50
[DEBUG] armors=1, targets=1
[2026-09-05 14:05:52.493] [info] [PERF] 总耗时=16.3ms (检测=13.5ms, 跟踪=0.4ms), FPS=61.2
[2026-09-05 14:05:52.493] [info] 📊 [CAMERA FPS] 瞬时帧率=61.1fps, 平均帧率=65.1fps, 总帧数=3150, 运行时间=48.4s
[DEBUG] armors=1, targets=1
[DEBUG] armors=1, targets=1
[DEBUG] armors=1, targets=1
[DEBUG] armors=1, targets=1
[DEBUG] armors=1, targets=1
[DEBUG] armors=1, targets=1
[DEBUG] armors=1, targets=1
[DEBUG] armors=1, targets=1
[DEBUG] armors=1, targets=1
[DEBUG] armors=1, targets=1
[2026-09-05 14:05:52.648] [info] [DRYRUN] measured_gimbal=(2.774,-0.017,-0.057) measured_world=(2.755,0.308,-0.123) tracked_world=(2.746,0.307,-0.122) target_gimbal_deg=(-0.35,-1.18) target_world_deg=(6.38,-2.54) gimbal_deg=(6.74,1.36) armor_y_px=634.9 pixel_error_deg=(3.18,2.33) ballistic=(range=2.774m holdover=0.740m comp=14.63deg residual=-12.31deg) q_wxyz=(0.998203,0.000698,0.011863,-0.058740) cmd_deg=(8.50,-18.89) packed_pitch_deg=-18.89 control=true shoot=false
[DEBUG] armors=1, targets=1
[DEBUG] armors=1, targets=1
[DEBUG] armors=1, targets=1
[DEBUG] armors=1, targets=1
[DEBUG] armors=1, targets=1
[DEBUG] armors=1, targets=1
[DEBUG] armors=1, targets=1
[DEBUG] armors=1, targets=1
[DEBUG] armors=1, targets=1
[DEBUG] armors=1, targets=1
[DEBUG] armors=1, targets=1
[DEBUG] armors=1, targets=1
[DEBUG] armors=1, targets=1
[DEBUG] armors=1, targets=1
[DEBUG] armors=1, targets=1
[DEBUG] armors=1, targets=1
[DEBUG] armors=1, targets=1
[DEBUG] armors=1, targets=1
[DEBUG] armors=1, targets=1
[DEBUG] armors=1, targets=1
[2026-09-05 14:05:52.959] [info] [DRYRUN] measured_gimbal=(2.769,-0.017,-0.057) measured_world=(2.749,0.307,-0.123) tracked_world=(2.742,0.307,-0.122) target_gimbal_deg=(-0.35,-1.18) target_world_deg=(6.38,-2.54) gimbal_deg=(6.74,1.36) armor_y_px=634.8 pixel_error_deg=(3.18,2.33) ballistic=(range=2.769m holdover=0.738m comp=14.61deg residual=-12.29deg) q_wxyz=(0.998203,0.000698,0.011863,-0.058740) cmd_deg=(8.50,-18.88) packed_pitch_deg=-18.88 control=true shoot=false
[DEBUG] armors=1, targets=1
[DEBUG] armors=1, targets=1
[DEBUG] armors=1, targets=1
[DEBUG] armors=1, targets=1
[DEBUG] armors=1, targets=1
[DEBUG] armors=1, targets=1
[DEBUG] armors=1, targets=1
[DEBUG] armors=1, targets=1
[DEBUG] armors=1, targets=1
[DEBUG] armors=1, targets=1
[DEBUG] armors=1, targets=1
[DEBUG] armors=1, targets=1
[DEBUG] armors=1, targets=1
[DEBUG] armors=1, targets=1
[DEBUG] armors=1, targets=1
[DEBUG] armors=1, targets=1
[DEBUG] armors=1, targets=1
[DEBUG] armors=1, targets=1
[DEBUG] armors=1, targets=1
[2026-09-05 14:05:53.255] [info] [SYNC][XUC] mode=0 yaw=-6.74 deg pitch=1.36 deg feeder_rpm=0.00 wheel0_rpm=0 wheel1_rpm=0 wheel_delta=0 projectile_speed=9.50
[DEBUG] armors=1, targets=1
[2026-09-05 14:05:53.267] [info] [DRYRUN] measured_gimbal=(2.759,-0.017,-0.056) measured_world=(2.740,0.306,-0.122) tracked_world=(2.742,0.307,-0.122) target_gimbal_deg=(-0.36,-1.17) target_world_deg=(6.38,-2.53) gimbal_deg=(6.74,1.36) armor_y_px=634.6 pixel_error_deg=(3.18,2.32) ballistic=(range=2.759m holdover=0.734m comp=14.59deg residual=-12.27deg) q_wxyz=(0.998203,0.000698,0.011863,-0.058740) cmd_deg=(8.50,-18.87) packed_pitch_deg=-18.87 control=true shoot=false
[2026-09-05 14:05:53.270] [info] [PERF] 总耗时=15.0ms (检测=12.1ms, 跟踪=0.5ms), FPS=66.9
[2026-09-05 14:05:53.270] [info] 📊 [CAMERA FPS] 瞬时帧率=66.7fps, 平均帧率=65.1fps, 总帧数=3200, 运行时间=49.1s
[DEBUG] armors=1, targets=1
[DEBUG] armors=1, targets=1
[DEBUG] armors=1, targets=1
[DEBUG] armors=1, targets=1
[DEBUG] armors=1, targets=1
[DEBUG] armors=1, targets=1
[DEBUG] armors=1, targets=1
[DEBUG] armors=1, targets=1
[DEBUG] armors=1, targets=1
[DEBUG] armors=1, targets=1
[DEBUG] armors=1, targets=1
[DEBUG] armors=1, targets=1
[DEBUG] armors=1, targets=1
[DEBUG] armors=1, targets=1
[DEBUG] armors=1, targets=1
[DEBUG] armors=1, targets=1
[DEBUG] armors=1, targets=1
[DEBUG] armors=1, targets=1
[DEBUG] armors=1, targets=1
[DEBUG] armors=1, targets=1
[2026-09-05 14:05:53.578] [info] [DRYRUN] measured_gimbal=(2.775,-0.017,-0.057) measured_world=(2.756,0.308,-0.123) tracked_world=(2.745,0.307,-0.122) target_gimbal_deg=(-0.35,-1.18) target_world_deg=(6.38,-2.54) gimbal_deg=(6.74,1.36) armor_y_px=634.7 pixel_error_deg=(3.18,2.32) ballistic=(range=2.775m holdover=0.740m comp=14.63deg residual=-12.31deg) q_wxyz=(0.998203,0.000698,0.011863,-0.058740) cmd_deg=(8.50,-18.92) packed_pitch_deg=-18.92 control=true shoot=false
[DEBUG] armors=1, targets=1
[DEBUG] armors=1, targets=1
[DEBUG] armors=1, targets=1
[DEBUG] armors=1, targets=1
[DEBUG] armors=1, targets=1
[DEBUG] armors=1, targets=1
[DEBUG] armors=1, targets=1
[DEBUG] armors=1, targets=1
[DEBUG] armors=1, targets=1
[DEBUG] armors=1, targets=1
[DEBUG] armors=1, targets=1
[DEBUG] armors=1, targets=1
[DEBUG] armors=1, targets=1
[DEBUG] armors=1, targets=1
[DEBUG] armors=1, targets=1
[DEBUG] armors=1, targets=1
[DEBUG] armors=1, targets=1
[DEBUG] armors=1, targets=1
[DEBUG] armors=1, targets=1
[DEBUG] armors=1, targets=1
[2026-09-05 14:05:53.890] [info] [DRYRUN] measured_gimbal=(2.768,-0.017,-0.057) measured_world=(2.749,0.307,-0.122) tracked_world=(2.746,0.307,-0.122) target_gimbal_deg=(-0.35,-1.17) target_world_deg=(6.38,-2.53) gimbal_deg=(6.74,1.36) armor_y_px=634.6 pixel_error_deg=(3.18,2.32) ballistic=(range=2.769m holdover=0.738m comp=14.61deg residual=-12.29deg) q_wxyz=(0.998203,0.000698,0.011863,-0.058740) cmd_deg=(8.51,-18.92) packed_pitch_deg=-18.92 control=true shoot=false
[DEBUG] armors=1, targets=1
[DEBUG] armors=1, targets=1
[DEBUG] armors=1, targets=1
[DEBUG] armors=1, targets=1
[DEBUG] armors=1, targets=1
[DEBUG] armors=1, targets=1
[DEBUG] armors=1, targets=1
[DEBUG] armors=1, targets=1
[DEBUG] armors=1, targets=1
[2026-09-05 14:05:54.031] [info] [SYNC][XUC] mode=0 yaw=-6.74 deg pitch=1.36 deg feeder_rpm=0.00 wheel0_rpm=0 wheel1_rpm=0 wheel_delta=0 projectile_speed=9.50
[DEBUG] armors=1, targets=1
[2026-09-05 14:05:54.046] [info] [PERF] 总耗时=15.0ms (检测=12.3ms, 跟踪=0.5ms), FPS=66.5
[2026-09-05 14:05:54.046] [info] 📊 [CAMERA FPS] 瞬时帧率=66.4fps, 平均帧率=65.1fps, 总帧数=3250, 运行时间=49.9s
[DEBUG] armors=1, targets=1
[DEBUG] armors=1, targets=1
[DEBUG] armors=1, targets=1
[DEBUG] armors=1, targets=1
[DEBUG] armors=1, targets=1
[DEBUG] armors=1, targets=1
[DEBUG] armors=1, targets=1
[DEBUG] armors=1, targets=1
[DEBUG] armors=1, targets=1
[DEBUG] armors=1, targets=1
[2026-09-05 14:05:54.194] [info] [DRYRUN] measured_gimbal=(2.756,-0.017,-0.056) measured_world=(2.737,0.306,-0.122) tracked_world=(2.747,0.307,-0.122) target_gimbal_deg=(-0.35,-1.17) target_world_deg=(6.38,-2.53) gimbal_deg=(6.74,1.36) armor_y_px=634.7 pixel_error_deg=(3.17,2.32) ballistic=(range=2.756m holdover=0.732m comp=14.58deg residual=-12.26deg) q_wxyz=(0.998203,0.000698,0.011863,-0.058740) cmd_deg=(8.50,-18.89) packed_pitch_deg=-18.89 control=true shoot=false
[DEBUG] armors=1, targets=1
[DEBUG] armors=1, targets=1
[DEBUG] armors=1, targets=1
[DEBUG] armors=1, targets=1
[DEBUG] armors=1, targets=1
[DEBUG] armors=1, targets=1
[DEBUG] armors=1, targets=1
[DEBUG] armors=1, targets=1
[DEBUG] armors=1, targets=1
[DEBUG] armors=1, targets=1
[DEBUG] armors=1, targets=1
[DEBUG] armors=1, targets=1
[DEBUG] armors=1, targets=1
[DEBUG] armors=1, targets=1
[DEBUG] armors=1, targets=1
[DEBUG] armors=1, targets=1
[DEBUG] armors=1, targets=1
[DEBUG] armors=1, targets=1
[DEBUG] armors=1, targets=1
[DEBUG] armors=1, targets=1
[2026-09-05 14:05:54.509] [info] [DRYRUN] measured_gimbal=(2.759,-0.017,-0.056) measured_world=(2.740,0.306,-0.122) tracked_world=(2.747,0.307,-0.122) target_gimbal_deg=(-0.36,-1.17) target_world_deg=(6.38,-2.53) gimbal_deg=(6.74,1.36) armor_y_px=634.8 pixel_error_deg=(3.18,2.32) ballistic=(range=2.759m holdover=0.733m comp=14.58deg residual=-12.26deg) q_wxyz=(0.998203,0.000698,0.011863,-0.058740) cmd_deg=(8.50,-18.90) packed_pitch_deg=-18.90 control=true shoot=false
[DEBUG] armors=1, targets=1
[DEBUG] armors=1, targets=1
[DEBUG] armors=1, targets=1
[DEBUG] armors=1, targets=1
[DEBUG] armors=1, targets=1
[DEBUG] armors=1, targets=1
[DEBUG] armors=1, targets=1
[DEBUG] armors=1, targets=1
[DEBUG] armors=1, targets=1
[DEBUG] armors=1, targets=1
[DEBUG] armors=1, targets=1
[DEBUG] armors=1, targets=1
[DEBUG] armors=1, targets=1
[DEBUG] armors=1, targets=1
[DEBUG] armors=1, targets=1
[DEBUG] armors=1, targets=1
[DEBUG] armors=1, targets=1
[DEBUG] armors=1, targets=1
[DEBUG] armors=1, targets=1
[2026-09-05 14:05:54.804] [info] [SYNC][XUC] mode=0 yaw=-6.74 deg pitch=1.36 deg feeder_rpm=0.00 wheel0_rpm=0 wheel1_rpm=0 wheel_delta=0 projectile_speed=9.50
[DEBUG] armors=1, targets=1
[2026-09-05 14:05:54.817] [info] [DRYRUN] measured_gimbal=(2.774,-0.017,-0.057) measured_world=(2.754,0.308,-0.123) tracked_world=(2.748,0.307,-0.122) target_gimbal_deg=(-0.35,-1.17) target_world_deg=(6.38,-2.54) gimbal_deg=(6.74,1.36) armor_y_px=634.7 pixel_error_deg=(3.18,2.32) ballistic=(range=2.774m holdover=0.740m comp=14.63deg residual=-12.31deg) q_wxyz=(0.998203,0.000698,0.011863,-0.058740) cmd_deg=(8.50,-18.93) packed_pitch_deg=-18.93 control=true shoot=false
[2026-09-05 14:05:54.819] [info] [PERF] 总耗时=15.1ms (检测=12.3ms, 跟踪=0.5ms), FPS=66.1
[2026-09-05 14:05:54.819] [info] 📊 [CAMERA FPS] 瞬时帧率=66.0fps, 平均帧率=65.1fps, 总帧数=3300, 运行时间=50.7s
[DEBUG] armors=1, targets=1
[DEBUG] armors=1, targets=1
[DEBUG] armors=1, targets=1
[DEBUG] armors=1, targets=1
[DEBUG] armors=1, targets=1
[DEBUG] armors=1, targets=1
[DEBUG] armors=1, targets=1
[DEBUG] armors=1, targets=1
[DEBUG] armors=1, targets=1
[DEBUG] armors=1, targets=1
[DEBUG] armors=1, targets=1
[DEBUG] armors=1, targets=1
[DEBUG] armors=1, targets=1
[DEBUG] armors=1, targets=1
[DEBUG] armors=1, targets=1
[DEBUG] armors=1, targets=1
[DEBUG] armors=1, targets=1
[DEBUG] armors=1, targets=1
[DEBUG] armors=1, targets=1
[DEBUG] armors=1, targets=1
[2026-09-05 14:05:55.131] [info] [DRYRUN] measured_gimbal=(2.762,-0.017,-0.056) measured_world=(2.743,0.307,-0.122) tracked_world=(2.748,0.307,-0.122) target_gimbal_deg=(-0.35,-1.17) target_world_deg=(6.38,-2.53) gimbal_deg=(6.74,1.36) armor_y_px=634.5 pixel_error_deg=(3.18,2.32) ballistic=(range=2.762m holdover=0.735m comp=14.59deg residual=-12.28deg) q_wxyz=(0.998203,0.000698,0.011863,-0.058740) cmd_deg=(8.50,-18.90) packed_pitch_deg=-18.90 control=true shoot=false
[DEBUG] armors=1, targets=1
[DEBUG] armors=1, targets=1
[DEBUG] armors=1, targets=1
[DEBUG] armors=1, targets=1
[DEBUG] armors=1, targets=1
[DEBUG] armors=1, targets=1
[DEBUG] armors=1, targets=1
[DEBUG] armors=1, targets=1
[DEBUG] armors=1, targets=1
[DEBUG] armors=1, targets=1
[DEBUG] armors=1, targets=1
[DEBUG] armors=1, targets=1
[DEBUG] armors=1, targets=1
[DEBUG] armors=1, targets=1
[DEBUG] armors=1, targets=1
[DEBUG] armors=1, targets=1
[DEBUG] armors=1, targets=1
[DEBUG] armors=1, targets=1
[DEBUG] armors=1, targets=1
[DEBUG] armors=1, targets=1
[2026-09-05 14:05:55.439] [info] [DRYRUN] measured_gimbal=(2.726,-0.017,-0.055) measured_world=(2.707,0.302,-0.119) tracked_world=(2.744,0.307,-0.122) target_gimbal_deg=(-0.37,-1.15) target_world_deg=(6.37,-2.51) gimbal_deg=(6.74,1.36) armor_y_px=634.6 pixel_error_deg=(3.18,2.32) ballistic=(range=2.726m holdover=0.720m comp=14.49deg residual=-12.17deg) q_wxyz=(0.998203,0.000698,0.011863,-0.058740) cmd_deg=(8.50,-18.79) packed_pitch_deg=-18.79 control=true shoot=false
[DEBUG] armors=1, targets=1
[DEBUG] armors=1, targets=1
[DEBUG] armors=1, targets=1
[DEBUG] armors=1, targets=1
[DEBUG] armors=1, targets=1
[DEBUG] armors=1, targets=1
[DEBUG] armors=1, targets=1
[DEBUG] armors=1, targets=1
[DEBUG] armors=1, targets=1
[2026-09-05 14:05:55.581] [info] [SYNC][XUC] mode=0 yaw=-6.74 deg pitch=1.36 deg feeder_rpm=0.00 wheel0_rpm=0 wheel1_rpm=0 wheel_delta=0 projectile_speed=9.50
[DEBUG] armors=1, targets=1
[2026-09-05 14:05:55.597] [info] [PERF] 总耗时=16.1ms (检测=13.2ms, 跟踪=0.5ms), FPS=62.0
[2026-09-05 14:05:55.597] [info] 📊 [CAMERA FPS] 瞬时帧率=61.9fps, 平均帧率=65.1fps, 总帧数=3350, 运行时间=51.5s
[DEBUG] armors=1, targets=1
[DEBUG] armors=1, targets=1
[DEBUG] armors=1, targets=1
[DEBUG] armors=1, targets=1
[DEBUG] armors=1, targets=1
[DEBUG] armors=1, targets=1
[DEBUG] armors=1, targets=1
[DEBUG] armors=1, targets=1
[DEBUG] armors=1, targets=1
[DEBUG] armors=1, targets=1
[2026-09-05 14:05:55.752] [info] [DRYRUN] measured_gimbal=(2.775,-0.017,-0.057) measured_world=(2.756,0.308,-0.123) tracked_world=(2.750,0.308,-0.123) target_gimbal_deg=(-0.35,-1.18) target_world_deg=(6.38,-2.54) gimbal_deg=(6.74,1.36) armor_y_px=634.7 pixel_error_deg=(3.18,2.32) ballistic=(range=2.775m holdover=0.740m comp=14.63deg residual=-12.31deg) q_wxyz=(0.998203,0.000698,0.011863,-0.058740) cmd_deg=(8.50,-18.91) packed_pitch_deg=-18.91 control=true shoot=false
[DEBUG] armors=1, targets=1
[DEBUG] armors=1, targets=1
[DEBUG] armors=1, targets=1
[DEBUG] armors=1, targets=1
[DEBUG] armors=1, targets=1
[DEBUG] armors=1, targets=1
[DEBUG] armors=1, targets=1
[DEBUG] armors=1, targets=1
[DEBUG] armors=1, targets=1
[DEBUG] armors=1, targets=1
[DEBUG] armors=1, targets=1
[DEBUG] armors=1, targets=1
[DEBUG] armors=1, targets=1
[DEBUG] armors=1, targets=1
[DEBUG] armors=1, targets=1
[DEBUG] armors=1, targets=1
[DEBUG] armors=1, targets=1
[DEBUG] armors=1, targets=1
[DEBUG] armors=1, targets=1
[DEBUG] armors=1, targets=1
[2026-09-05 14:05:56.066] [info] [DRYRUN] measured_gimbal=(2.765,-0.017,-0.057) measured_world=(2.746,0.307,-0.122) tracked_world=(2.749,0.307,-0.123) target_gimbal_deg=(-0.35,-1.17) target_world_deg=(6.38,-2.54) gimbal_deg=(6.74,1.36) armor_y_px=634.8 pixel_error_deg=(3.18,2.33) ballistic=(range=2.765m holdover=0.736m comp=14.60deg residual=-12.28deg) q_wxyz=(0.998203,0.000698,0.011863,-0.058740) cmd_deg=(8.50,-18.92) packed_pitch_deg=-18.92 control=true shoot=false
[DEBUG] armors=1, targets=1
[DEBUG] armors=1, targets=1
[DEBUG] armors=1, targets=1
[DEBUG] armors=1, targets=1
[DEBUG] armors=1, targets=1
[DEBUG] armors=1, targets=1
[DEBUG] armors=1, targets=1
[DEBUG] armors=1, targets=1
[DEBUG] armors=1, targets=1
[DEBUG] armors=1, targets=1
[DEBUG] armors=1, targets=1
[DEBUG] armors=1, targets=1
[DEBUG] armors=1, targets=1
[DEBUG] armors=1, targets=1
[DEBUG] armors=1, targets=1
[DEBUG] armors=1, targets=1
[DEBUG] armors=1, targets=1
[DEBUG] armors=1, targets=1
[DEBUG] armors=1, targets=1
[2026-09-05 14:05:56.364] [info] [SYNC][XUC] mode=0 yaw=-6.74 deg pitch=1.36 deg feeder_rpm=0.00 wheel0_rpm=0 wheel1_rpm=0 wheel_delta=0 projectile_speed=9.50
[DEBUG] armors=1, targets=1
[2026-09-05 14:05:56.377] [info] [DRYRUN] measured_gimbal=(2.770,-0.017,-0.057) measured_world=(2.751,0.308,-0.123) tracked_world=(2.748,0.307,-0.123) target_gimbal_deg=(-0.35,-1.18) target_world_deg=(6.38,-2.54) gimbal_deg=(6.74,1.36) armor_y_px=634.9 pixel_error_deg=(3.18,2.33) ballistic=(range=2.770m holdover=0.738m comp=14.62deg residual=-12.29deg) q_wxyz=(0.998203,0.000698,0.011863,-0.058740) cmd_deg=(8.50,-18.90) packed_pitch_deg=-18.90 control=true shoot=false
[2026-09-05 14:05:56.379] [info] [PERF] 总耗时=15.5ms (检测=12.8ms, 跟踪=0.4ms), FPS=64.6
[2026-09-05 14:05:56.379] [info] 📊 [CAMERA FPS] 瞬时帧率=64.5fps, 平均帧率=65.1fps, 总帧数=3400, 运行时间=52.3s
[DEBUG] armors=1, targets=1
[DEBUG] armors=1, targets=1
[DEBUG] armors=1, targets=1
[DEBUG] armors=1, targets=1
[DEBUG] armors=1, targets=1
[DEBUG] armors=1, targets=1
[DEBUG] armors=1, targets=1
[DEBUG] armors=1, targets=1
[DEBUG] armors=1, targets=1
[DEBUG] armors=1, targets=1
[DEBUG] armors=1, targets=1
[DEBUG] armors=1, targets=1
[DEBUG] armors=1, targets=1
[DEBUG] armors=1, targets=1
[DEBUG] armors=1, targets=1
[DEBUG] armors=1, targets=1
[DEBUG] armors=1, targets=1
[DEBUG] armors=1, targets=1
[DEBUG] armors=1, targets=1
[DEBUG] armors=1, targets=1
[2026-09-05 14:05:56.688] [info] [DRYRUN] measured_gimbal=(2.751,-0.017,-0.056) measured_world=(2.732,0.305,-0.121) tracked_world=(2.748,0.307,-0.122) target_gimbal_deg=(-0.36,-1.17) target_world_deg=(6.38,-2.53) gimbal_deg=(6.74,1.36) armor_y_px=634.9 pixel_error_deg=(3.18,2.33) ballistic=(range=2.751m holdover=0.730m comp=14.56deg residual=-12.23deg) q_wxyz=(0.998203,0.000698,0.011863,-0.058740) cmd_deg=(8.50,-18.89) packed_pitch_deg=-18.89 control=true shoot=false
[DEBUG] armors=1, targets=1
[DEBUG] armors=1, targets=1
[DEBUG] armors=1, targets=1
[DEBUG] armors=1, targets=1
[DEBUG] armors=1, targets=1
[DEBUG] armors=1, targets=1
[DEBUG] armors=1, targets=1
[DEBUG] armors=1, targets=1
[DEBUG] armors=1, targets=1
[DEBUG] armors=1, targets=1
[DEBUG] armors=1, targets=1
[DEBUG] armors=1, targets=1
[DEBUG] armors=1, targets=1
[DEBUG] armors=1, targets=1
[DEBUG] armors=1, targets=1
[DEBUG] armors=1, targets=1
[DEBUG] armors=1, targets=1
[DEBUG] armors=1, targets=1
[DEBUG] armors=1, targets=1
[DEBUG] armors=1, targets=1
[2026-09-05 14:05:56.996] [info] [DRYRUN] measured_gimbal=(2.758,-0.018,-0.057) measured_world=(2.739,0.306,-0.122) tracked_world=(2.747,0.307,-0.123) target_gimbal_deg=(-0.37,-1.18) target_world_deg=(6.37,-2.54) gimbal_deg=(6.74,1.36) armor_y_px=635.1 pixel_error_deg=(3.19,2.33) ballistic=(range=2.758m holdover=0.733m comp=14.58deg residual=-12.25deg) q_wxyz=(0.998203,0.000698,0.011863,-0.058740) cmd_deg=(8.51,-18.88) packed_pitch_deg=-18.88 control=true shoot=false
[DEBUG] armors=1, targets=1
[DEBUG] armors=1, targets=1
[DEBUG] armors=1, targets=1
[DEBUG] armors=1, targets=1
[DEBUG] armors=1, targets=1
[DEBUG] armors=1, targets=1
[DEBUG] armors=1, targets=1
[DEBUG] armors=1, targets=1
[DEBUG] armors=1, targets=1
[2026-09-05 14:05:57.140] [info] [SYNC][XUC] mode=0 yaw=-6.74 deg pitch=1.36 deg feeder_rpm=0.00 wheel0_rpm=0 wheel1_rpm=0 wheel_delta=0 projectile_speed=9.50
[DEBUG] armors=1, targets=1
[2026-09-05 14:05:57.155] [info] [PERF] 总耗时=15.1ms (检测=12.2ms, 跟踪=0.4ms), FPS=66.3
[2026-09-05 14:05:57.155] [info] 📊 [CAMERA FPS] 瞬时帧率=66.2fps, 平均帧率=65.1fps, 总帧数=3450, 运行时间=53.0s
[DEBUG] armors=1, targets=1
[DEBUG] armors=1, targets=1
[DEBUG] armors=1, targets=1
[DEBUG] armors=1, targets=1
[DEBUG] armors=1, targets=1
[DEBUG] armors=1, targets=1
[DEBUG] armors=1, targets=1
[DEBUG] armors=1, targets=1
[DEBUG] armors=1, targets=1
[DEBUG] armors=1, targets=1
[2026-09-05 14:05:57.306] [info] [DRYRUN] measured_gimbal=(2.726,-0.018,-0.055) measured_world=(2.707,0.302,-0.120) tracked_world=(2.745,0.307,-0.122) target_gimbal_deg=(-0.37,-1.16) target_world_deg=(6.37,-2.52) gimbal_deg=(6.74,1.36) armor_y_px=635.1 pixel_error_deg=(3.18,2.33) ballistic=(range=2.726m holdover=0.720m comp=14.49deg residual=-12.16deg) q_wxyz=(0.998203,0.000698,0.011863,-0.058740) cmd_deg=(8.51,-18.79) packed_pitch_deg=-18.79 control=true shoot=false
[DEBUG] armors=1, targets=1
[DEBUG] armors=1, targets=1
[DEBUG] armors=1, targets=1
[DEBUG] armors=1, targets=1
[DEBUG] armors=1, targets=1
[DEBUG] armors=1, targets=1
[DEBUG] armors=1, targets=1
[DEBUG] armors=1, targets=1
[DEBUG] armors=1, targets=1
[DEBUG] armors=1, targets=1
[DEBUG] armors=1, targets=1
[DEBUG] armors=1, targets=1
[DEBUG] armors=1, targets=1
[DEBUG] armors=1, targets=1
[DEBUG] armors=1, targets=1
[DEBUG] armors=1, targets=1
[DEBUG] armors=1, targets=1
[DEBUG] armors=1, targets=1
[DEBUG] armors=1, targets=1
[DEBUG] armors=1, targets=1
[2026-09-05 14:05:57.620] [info] [DRYRUN] measured_gimbal=(2.706,-0.018,-0.054) measured_world=(2.687,0.300,-0.119) tracked_world=(2.743,0.307,-0.122) target_gimbal_deg=(-0.37,-1.15) target_world_deg=(6.36,-2.51) gimbal_deg=(6.74,1.36) armor_y_px=634.9 pixel_error_deg=(3.18,2.33) ballistic=(range=2.706m holdover=0.711m comp=14.42deg residual=-12.10deg) q_wxyz=(0.998203,0.000698,0.011863,-0.058740) cmd_deg=(8.51,-18.79) packed_pitch_deg=-18.79 control=true shoot=false
[DEBUG] armors=1, targets=1
[DEBUG] armors=1, targets=1
[DEBUG] armors=1, targets=1
[DEBUG] armors=1, targets=1
[DEBUG] armors=1, targets=1
[DEBUG] armors=1, targets=1
[DEBUG] armors=1, targets=1
[DEBUG] armors=1, targets=1
[DEBUG] armors=1, targets=1
[DEBUG] armors=1, targets=1
[DEBUG] armors=1, targets=1
[DEBUG] armors=1, targets=1
[DEBUG] armors=1, targets=1
[DEBUG] armors=1, targets=1
[DEBUG] armors=1, targets=1
[DEBUG] armors=1, targets=1
[DEBUG] armors=1, targets=1
[DEBUG] armors=1, targets=1
[DEBUG] armors=1, targets=1
[2026-09-05 14:05:57.918] [info] [SYNC][XUC] mode=0 yaw=-6.74 deg pitch=1.36 deg feeder_rpm=0.00 wheel0_rpm=0 wheel1_rpm=0 wheel_delta=0 projectile_speed=9.50
[DEBUG] armors=1, targets=1
[2026-09-05 14:05:57.931] [info] [DRYRUN] measured_gimbal=(2.774,-0.017,-0.057) measured_world=(2.755,0.308,-0.123) tracked_world=(2.744,0.307,-0.123) target_gimbal_deg=(-0.35,-1.18) target_world_deg=(6.38,-2.54) gimbal_deg=(6.74,1.36) armor_y_px=634.9 pixel_error_deg=(3.18,2.33) ballistic=(range=2.774m holdover=0.740m comp=14.63deg residual=-12.31deg) q_wxyz=(0.998203,0.000698,0.011863,-0.058740) cmd_deg=(8.50,-18.94) packed_pitch_deg=-18.94 control=true shoot=false
[2026-09-05 14:05:57.933] [info] [PERF] 总耗时=14.9ms (检测=12.3ms, 跟踪=0.4ms), FPS=67.3
[2026-09-05 14:05:57.933] [info] 📊 [CAMERA FPS] 瞬时帧率=67.2fps, 平均帧率=65.0fps, 总帧数=3500, 运行时间=53.8s
[DEBUG] armors=1, targets=1
[DEBUG] armors=1, targets=1
[DEBUG] armors=1, targets=1
[DEBUG] armors=1, targets=1
[DEBUG] armors=1, targets=1
[DEBUG] armors=1, targets=1
[DEBUG] armors=1, targets=1
[DEBUG] armors=1, targets=1
[DEBUG] armors=1, targets=1
[DEBUG] armors=1, targets=1
[DEBUG] armors=1, targets=1
[DEBUG] armors=1, targets=1
[DEBUG] armors=1, targets=1
[DEBUG] armors=1, targets=1
[DEBUG] armors=1, targets=1
[DEBUG] armors=1, targets=1
[DEBUG] armors=1, targets=1
[DEBUG] armors=1, targets=1
[DEBUG] armors=1, targets=1
[DEBUG] armors=1, targets=1
[2026-09-05 14:05:58.234] [info] [DRYRUN] measured_gimbal=(2.774,-0.017,-0.057) measured_world=(2.754,0.308,-0.123) tracked_world=(2.743,0.307,-0.122) target_gimbal_deg=(-0.35,-1.18) target_world_deg=(6.38,-2.54) gimbal_deg=(6.74,1.36) armor_y_px=634.9 pixel_error_deg=(3.18,2.33) ballistic=(range=2.774m holdover=0.740m comp=14.63deg residual=-12.30deg) q_wxyz=(0.998203,0.000698,0.011863,-0.058740) cmd_deg=(8.50,-18.87) packed_pitch_deg=-18.87 control=true shoot=false
[DEBUG] armors=1, targets=1
[DEBUG] armors=1, targets=1
[DEBUG] armors=1, targets=1
[DEBUG] armors=1, targets=1
[DEBUG] armors=1, targets=1
[DEBUG] armors=1, targets=1
[DEBUG] armors=1, targets=1
[DEBUG] armors=1, targets=1
[DEBUG] armors=1, targets=1
[DEBUG] armors=1, targets=1
[DEBUG] armors=1, targets=1
[DEBUG] armors=1, targets=1
[DEBUG] armors=1, targets=1
[DEBUG] armors=1, targets=1
[DEBUG] armors=1, targets=1
[DEBUG] armors=1, targets=1
[DEBUG] armors=1, targets=1
[DEBUG] armors=1, targets=1
[DEBUG] armors=1, targets=1
[DEBUG] armors=1, targets=1
[2026-09-05 14:05:58.544] [info] [DRYRUN] measured_gimbal=(2.780,-0.017,-0.057) measured_world=(2.761,0.309,-0.123) tracked_world=(2.748,0.307,-0.123) target_gimbal_deg=(-0.35,-1.18) target_world_deg=(6.38,-2.54) gimbal_deg=(6.74,1.36) armor_y_px=634.7 pixel_error_deg=(3.18,2.32) ballistic=(range=2.780m holdover=0.743m comp=14.65deg residual=-12.33deg) q_wxyz=(0.998203,0.000698,0.011863,-0.058740) cmd_deg=(8.51,-18.96) packed_pitch_deg=-18.96 control=true shoot=false
[DEBUG] armors=1, targets=1
[DEBUG] armors=1, targets=1
[DEBUG] armors=1, targets=1
[DEBUG] armors=1, targets=1
[DEBUG] armors=1, targets=1
[DEBUG] armors=1, targets=1
[DEBUG] armors=1, targets=1
[DEBUG] armors=1, targets=1
[DEBUG] armors=1, targets=1
[2026-09-05 14:05:58.686] [info] [SYNC][XUC] mode=0 yaw=-6.74 deg pitch=1.36 deg feeder_rpm=0.00 wheel0_rpm=0 wheel1_rpm=0 wheel_delta=0 projectile_speed=9.50
[DEBUG] armors=1, targets=1
[2026-09-05 14:05:58.701] [info] [PERF] 总耗时=15.2ms (检测=12.3ms, 跟踪=0.5ms), FPS=65.8
[2026-09-05 14:05:58.701] [info] 📊 [CAMERA FPS] 瞬时帧率=65.6fps, 平均帧率=65.0fps, 总帧数=3550, 运行时间=54.6s
[DEBUG] armors=1, targets=1
[DEBUG] armors=1, targets=1
[DEBUG] armors=1, targets=1
[DEBUG] armors=1, targets=1
[DEBUG] armors=1, targets=1
[DEBUG] armors=1, targets=1
[DEBUG] armors=1, targets=1
[DEBUG] armors=1, targets=1
[DEBUG] armors=1, targets=1
[DEBUG] armors=1, targets=1
[2026-09-05 14:05:58.856] [info] [DRYRUN] measured_gimbal=(2.778,-0.017,-0.057) measured_world=(2.759,0.309,-0.123) tracked_world=(2.752,0.308,-0.123) target_gimbal_deg=(-0.35,-1.18) target_world_deg=(6.38,-2.54) gimbal_deg=(6.74,1.36) armor_y_px=634.8 pixel_error_deg=(3.18,2.32) ballistic=(range=2.778m holdover=0.742m comp=14.64deg residual=-12.32deg) q_wxyz=(0.998203,0.000698,0.011863,-0.058740) cmd_deg=(8.51,-18.97) packed_pitch_deg=-18.97 control=true shoot=false
[DEBUG] armors=1, targets=1
[DEBUG] armors=1, targets=1
[DEBUG] armors=1, targets=1
[DEBUG] armors=1, targets=1
[DEBUG] armors=1, targets=1
[DEBUG] armors=1, targets=1
[DEBUG] armors=1, targets=1
[DEBUG] armors=1, targets=1
[DEBUG] armors=1, targets=1
[DEBUG] armors=1, targets=1
[DEBUG] armors=1, targets=1
[DEBUG] armors=1, targets=1
[DEBUG] armors=1, targets=1
[DEBUG] armors=1, targets=1
[DEBUG] armors=1, targets=1
[DEBUG] armors=1, targets=1
[DEBUG] armors=1, targets=1
[DEBUG] armors=1, targets=1
[DEBUG] armors=1, targets=1
[DEBUG] armors=1, targets=1
[2026-09-05 14:05:59.164] [info] [DRYRUN] measured_gimbal=(2.780,-0.017,-0.057) measured_world=(2.760,0.309,-0.123) tracked_world=(2.749,0.307,-0.122) target_gimbal_deg=(-0.35,-1.18) target_world_deg=(6.38,-2.54) gimbal_deg=(6.74,1.36) armor_y_px=634.7 pixel_error_deg=(3.18,2.32) ballistic=(range=2.780m holdover=0.742m comp=14.65deg residual=-12.33deg) q_wxyz=(0.998203,0.000698,0.011863,-0.058740) cmd_deg=(8.49,-18.88) packed_pitch_deg=-18.88 control=true shoot=false
[DEBUG] armors=1, targets=1
[DEBUG] armors=1, targets=1
[DEBUG] armors=1, targets=1
[DEBUG] armors=1, targets=1
[DEBUG] armors=1, targets=1
[DEBUG] armors=1, targets=1
[DEBUG] armors=1, targets=1
[DEBUG] armors=1, targets=1
[DEBUG] armors=1, targets=1
[DEBUG] armors=1, targets=1
[DEBUG] armors=1, targets=1
[DEBUG] armors=1, targets=1
[DEBUG] armors=1, targets=1
[DEBUG] armors=1, targets=1
[DEBUG] armors=1, targets=1
[DEBUG] armors=1, targets=1
[DEBUG] armors=1, targets=1
[DEBUG] armors=1, targets=1
[DEBUG] armors=1, targets=1
[2026-09-05 14:05:59.462] [info] [SYNC][XUC] mode=0 yaw=-6.74 deg pitch=1.36 deg feeder_rpm=-4.00 wheel0_rpm=0 wheel1_rpm=0 wheel_delta=0 projectile_speed=9.50
[DEBUG] armors=1, targets=1
[2026-09-05 14:05:59.477] [info] [DRYRUN] measured_gimbal=(2.770,-0.017,-0.057) measured_world=(2.751,0.308,-0.123) tracked_world=(2.747,0.307,-0.122) target_gimbal_deg=(-0.35,-1.17) target_world_deg=(6.38,-2.53) gimbal_deg=(6.74,1.36) armor_y_px=634.7 pixel_error_deg=(3.18,2.32) ballistic=(range=2.770m holdover=0.738m comp=14.62deg residual=-12.30deg) q_wxyz=(0.998203,0.000698,0.011863,-0.058740) cmd_deg=(8.49,-18.84) packed_pitch_deg=-18.84 control=true shoot=false
[2026-09-05 14:05:59.480] [info] [PERF] 总耗时=17.2ms (检测=14.3ms, 跟踪=0.5ms), FPS=58.1
[2026-09-05 14:05:59.480] [info] 📊 [CAMERA FPS] 瞬时帧率=58.0fps, 平均帧率=65.0fps, 总帧数=3600, 运行时间=55.4s
[DEBUG] armors=1, targets=1
[DEBUG] armors=1, targets=1
[DEBUG] armors=1, targets=1
[DEBUG] armors=1, targets=1
[DEBUG] armors=1, targets=1
[DEBUG] armors=1, targets=1
[DEBUG] armors=1, targets=1
[DEBUG] armors=1, targets=1
[DEBUG] armors=1, targets=1
[DEBUG] armors=1, targets=1
[DEBUG] armors=1, targets=1
[DEBUG] armors=1, targets=1
[DEBUG] armors=1, targets=1
[DEBUG] armors=1, targets=1
[DEBUG] armors=1, targets=1
[DEBUG] armors=1, targets=1
[DEBUG] armors=1, targets=1
[DEBUG] armors=1, targets=1
[DEBUG] armors=1, targets=1
[DEBUG] armors=1, targets=1
[2026-09-05 14:05:59.791] [info] [DRYRUN] measured_gimbal=(2.778,-0.017,-0.057) measured_world=(2.759,0.309,-0.123) tracked_world=(2.746,0.307,-0.122) target_gimbal_deg=(-0.35,-1.17) target_world_deg=(6.39,-2.53) gimbal_deg=(6.74,1.36) armor_y_px=634.5 pixel_error_deg=(3.18,2.32) ballistic=(range=2.779m holdover=0.742m comp=14.64deg residual=-12.33deg) q_wxyz=(0.998203,0.000698,0.011863,-0.058740) cmd_deg=(8.50,-18.96) packed_pitch_deg=-18.96 control=true shoot=false
[DEBUG] armors=1, targets=1
[DEBUG] armors=1, targets=1
[DEBUG] armors=1, targets=1
[DEBUG] armors=1, targets=1
[DEBUG] armors=1, targets=1
[DEBUG] armors=1, targets=1
[DEBUG] armors=1, targets=1
[DEBUG] armors=1, targets=1
[DEBUG] armors=1, targets=1
[DEBUG] armors=1, targets=1
[DEBUG] armors=1, targets=1
[DEBUG] armors=1, targets=1
[DEBUG] armors=1, targets=1
[DEBUG] armors=1, targets=1
[DEBUG] armors=1, targets=1
[DEBUG] armors=1, targets=1
[DEBUG] armors=1, targets=1
[DEBUG] armors=1, targets=1
[DEBUG] armors=1, targets=1
[DEBUG] armors=1, targets=1
[2026-09-05 14:06:00.107] [info] [DRYRUN] measured_gimbal=(2.803,-0.017,-0.058) measured_world=(2.783,0.311,-0.125) tracked_world=(2.751,0.308,-0.123) target_gimbal_deg=(-0.35,-1.19) target_world_deg=(6.39,-2.55) gimbal_deg=(6.74,1.36) armor_y_px=634.7 pixel_error_deg=(3.18,2.32) ballistic=(range=2.803m holdover=0.752m comp=14.72deg residual=-12.40deg) q_wxyz=(0.998203,0.000698,0.011863,-0.058740) cmd_deg=(8.51,-19.05) packed_pitch_deg=-19.05 control=true shoot=false
[DEBUG] armors=1, targets=1
[DEBUG] armors=1, targets=1
[DEBUG] armors=1, targets=1
[DEBUG] armors=1, targets=1
[DEBUG] armors=1, targets=1
[DEBUG] armors=1, targets=1
[DEBUG] armors=1, targets=1
[DEBUG] armors=1, targets=1
[DEBUG] armors=1, targets=1
[2026-09-05 14:06:00.252] [info] [SYNC][XUC] mode=0 yaw=-6.74 deg pitch=1.36 deg feeder_rpm=-4.00 wheel0_rpm=0 wheel1_rpm=0 wheel_delta=0 projectile_speed=9.50
[DEBUG] armors=1, targets=1
[2026-09-05 14:06:00.268] [info] [PERF] 总耗时=15.8ms (检测=13.1ms, 跟踪=0.5ms), FPS=63.1
[2026-09-05 14:06:00.268] [info] 📊 [CAMERA FPS] 瞬时帧率=63.0fps, 平均帧率=65.0fps, 总帧数=3650, 运行时间=56.1s
[DEBUG] armors=1, targets=1
[DEBUG] armors=1, targets=1
[DEBUG] armors=1, targets=1
[DEBUG] armors=1, targets=1
[DEBUG] armors=1, targets=1
[DEBUG] armors=1, targets=1
[DEBUG] armors=1, targets=1
[DEBUG] armors=1, targets=1
[DEBUG] armors=1, targets=1
[DEBUG] armors=1, targets=1
[2026-09-05 14:06:00.422] [info] [DRYRUN] measured_gimbal=(2.774,-0.017,-0.057) measured_world=(2.755,0.308,-0.123) tracked_world=(2.746,0.307,-0.122) target_gimbal_deg=(-0.35,-1.18) target_world_deg=(6.38,-2.54) gimbal_deg=(6.74,1.36) armor_y_px=634.9 pixel_error_deg=(3.18,2.33) ballistic=(range=2.774m holdover=0.740m comp=14.63deg residual=-12.31deg) q_wxyz=(0.998203,0.000698,0.011863,-0.058740) cmd_deg=(8.50,-18.93) packed_pitch_deg=-18.93 control=true shoot=false
[DEBUG] armors=1, targets=1
[DEBUG] armors=1, targets=1
[DEBUG] armors=1, targets=1
[DEBUG] armors=1, targets=1
[DEBUG] armors=1, targets=1
[DEBUG] armors=1, targets=1
[DEBUG] armors=1, targets=1
[DEBUG] armors=1, targets=1
[DEBUG] armors=1, targets=1
[DEBUG] armors=1, targets=1
[DEBUG] armors=1, targets=1
[DEBUG] armors=1, targets=1
[DEBUG] armors=1, targets=1
[DEBUG] armors=1, targets=1
[DEBUG] armors=1, targets=1
[DEBUG] armors=1, targets=1
[DEBUG] armors=1, targets=1
[DEBUG] armors=1, targets=1
[DEBUG] armors=1, targets=1
[DEBUG] armors=1, targets=1
[2026-09-05 14:06:00.738] [info] [DRYRUN] measured_gimbal=(2.753,-0.017,-0.056) measured_world=(2.734,0.305,-0.122) tracked_world=(2.741,0.306,-0.122) target_gimbal_deg=(-0.36,-1.17) target_world_deg=(6.37,-2.53) gimbal_deg=(6.74,1.36) armor_y_px=634.9 pixel_error_deg=(3.18,2.33) ballistic=(range=2.753m holdover=0.731m comp=14.57deg residual=-12.24deg) q_wxyz=(0.998203,0.000698,0.011863,-0.058740) cmd_deg=(8.50,-18.83) packed_pitch_deg=-18.83 control=true shoot=false
[DEBUG] armors=1, targets=1
[DEBUG] armors=1, targets=1
[DEBUG] armors=1, targets=1
[DEBUG] armors=1, targets=1
[DEBUG] armors=1, targets=1
[DEBUG] armors=1, targets=1
[DEBUG] armors=1, targets=1
[DEBUG] armors=1, targets=1
[DEBUG] armors=1, targets=1
[DEBUG] armors=1, targets=1
[DEBUG] armors=1, targets=1
[DEBUG] armors=1, targets=1
[DEBUG] armors=1, targets=1
[DEBUG] armors=1, targets=1
[DEBUG] armors=1, targets=1
[DEBUG] armors=1, targets=1
[DEBUG] armors=1, targets=1
[DEBUG] armors=1, targets=1
[DEBUG] armors=1, targets=1
[2026-09-05 14:06:01.035] [info] [SYNC][XUC] mode=0 yaw=-6.74 deg pitch=1.36 deg feeder_rpm=0.00 wheel0_rpm=0 wheel1_rpm=0 wheel_delta=0 projectile_speed=9.50
[DEBUG] armors=1, targets=1
[2026-09-05 14:06:01.047] [info] [DRYRUN] measured_gimbal=(2.738,-0.017,-0.056) measured_world=(2.719,0.304,-0.121) tracked_world=(2.744,0.307,-0.122) target_gimbal_deg=(-0.36,-1.16) target_world_deg=(6.38,-2.52) gimbal_deg=(6.74,1.36) armor_y_px=634.8 pixel_error_deg=(3.18,2.32) ballistic=(range=2.738m holdover=0.725m comp=14.52deg residual=-12.20deg) q_wxyz=(0.998203,0.000698,0.011863,-0.058740) cmd_deg=(8.51,-18.86) packed_pitch_deg=-18.86 control=true shoot=false
[2026-09-05 14:06:01.050] [info] [PERF] 总耗时=15.6ms (检测=12.1ms, 跟踪=0.5ms), FPS=64.2
[2026-09-05 14:06:01.050] [info] 📊 [CAMERA FPS] 瞬时帧率=64.1fps, 平均帧率=65.0fps, 总帧数=3700, 运行时间=56.9s
[DEBUG] armors=1, targets=1
[DEBUG] armors=1, targets=1
[DEBUG] armors=1, targets=1
[DEBUG] armors=1, targets=1
[DEBUG] armors=1, targets=1
[DEBUG] armors=1, targets=1
[DEBUG] armors=1, targets=1
[DEBUG] armors=1, targets=1
[DEBUG] armors=1, targets=1
[DEBUG] armors=1, targets=1
[DEBUG] armors=1, targets=1
[DEBUG] armors=1, targets=1
[DEBUG] armors=1, targets=1
[DEBUG] armors=1, targets=1
[DEBUG] armors=1, targets=1
[DEBUG] armors=1, targets=1
[DEBUG] armors=1, targets=1
[DEBUG] armors=1, targets=1
[DEBUG] armors=1, targets=1
[DEBUG] armors=1, targets=1
[2026-09-05 14:06:01.355] [info] [DRYRUN] measured_gimbal=(2.801,-0.017,-0.058) measured_world=(2.781,0.311,-0.125) tracked_world=(2.747,0.307,-0.122) target_gimbal_deg=(-0.35,-1.19) target_world_deg=(6.39,-2.55) gimbal_deg=(6.74,1.36) armor_y_px=634.6 pixel_error_deg=(3.18,2.32) ballistic=(range=2.801m holdover=0.751m comp=14.71deg residual=-12.39deg) q_wxyz=(0.998203,0.000698,0.011863,-0.058740) cmd_deg=(8.50,-18.99) packed_pitch_deg=-18.99 control=true shoot=false
[DEBUG] armors=1, targets=1
[DEBUG] armors=1, targets=1
[DEBUG] armors=1, targets=1
[DEBUG] armors=1, targets=1
[DEBUG] armors=1, targets=1
[DEBUG] armors=1, targets=1
[DEBUG] armors=1, targets=1
[DEBUG] armors=1, targets=1
[DEBUG] armors=1, targets=1
[DEBUG] armors=1, targets=1
[DEBUG] armors=1, targets=1
[DEBUG] armors=1, targets=1
[DEBUG] armors=1, targets=1
[DEBUG] armors=1, targets=1
[DEBUG] armors=1, targets=1
[DEBUG] armors=1, targets=1
[DEBUG] armors=1, targets=1
[DEBUG] armors=1, targets=1
[DEBUG] armors=1, targets=1
[DEBUG] armors=1, targets=1
[2026-09-05 14:06:01.664] [info] [DRYRUN] measured_gimbal=(2.751,-0.017,-0.056) measured_world=(2.732,0.305,-0.121) tracked_world=(2.747,0.307,-0.122) target_gimbal_deg=(-0.36,-1.17) target_world_deg=(6.37,-2.53) gimbal_deg=(6.74,1.36) armor_y_px=634.8 pixel_error_deg=(3.18,2.33) ballistic=(range=2.751m holdover=0.730m comp=14.56deg residual=-12.24deg) q_wxyz=(0.998203,0.000698,0.011863,-0.058740) cmd_deg=(8.51,-18.87) packed_pitch_deg=-18.87 control=true shoot=false
[DEBUG] armors=1, targets=1
[DEBUG] armors=1, targets=1
[DEBUG] armors=1, targets=1
[DEBUG] armors=1, targets=1
[DEBUG] armors=1, targets=1
[DEBUG] armors=1, targets=1
[DEBUG] armors=1, targets=1
[DEBUG] armors=1, targets=1
[DEBUG] armors=1, targets=1
[2026-09-05 14:06:01.804] [info] [SYNC][XUC] mode=0 yaw=-6.74 deg pitch=1.36 deg feeder_rpm=0.00 wheel0_rpm=0 wheel1_rpm=0 wheel_delta=0 projectile_speed=9.50
[DEBUG] armors=1, targets=1
[2026-09-05 14:06:01.819] [info] [PERF] 总耗时=15.6ms (检测=12.9ms, 跟踪=0.5ms), FPS=64.2
[2026-09-05 14:06:01.819] [info] 📊 [CAMERA FPS] 瞬时帧率=64.1fps, 平均帧率=65.0fps, 总帧数=3750, 运行时间=57.7s
[DEBUG] armors=1, targets=1
[DEBUG] armors=1, targets=1
[DEBUG] armors=1, targets=1
[DEBUG] armors=1, targets=1
[DEBUG] armors=1, targets=1
[DEBUG] armors=1, targets=1
[DEBUG] armors=1, targets=1
[DEBUG] armors=1, targets=1
[DEBUG] armors=1, targets=1
[DEBUG] armors=1, targets=1
[2026-09-05 14:06:01.971] [info] [DRYRUN] measured_gimbal=(2.774,-0.017,-0.057) measured_world=(2.755,0.308,-0.123) tracked_world=(2.746,0.307,-0.122) target_gimbal_deg=(-0.35,-1.18) target_world_deg=(6.38,-2.54) gimbal_deg=(6.74,1.36) armor_y_px=634.9 pixel_error_deg=(3.18,2.33) ballistic=(range=2.774m holdover=0.740m comp=14.63deg residual=-12.30deg) q_wxyz=(0.998203,0.000698,0.011863,-0.058740) cmd_deg=(8.50,-18.89) packed_pitch_deg=-18.89 control=true shoot=false
[DEBUG] armors=1, targets=1
[DEBUG] armors=1, targets=1
[DEBUG] armors=1, targets=1
[DEBUG] armors=1, targets=1
[DEBUG] armors=1, targets=1
[DEBUG] armors=1, targets=1
[DEBUG] armors=1, targets=1
[DEBUG] armors=1, targets=1
[DEBUG] armors=1, targets=1
[DEBUG] armors=1, targets=1
[DEBUG] armors=1, targets=1
[DEBUG] armors=1, targets=1
[DEBUG] armors=1, targets=1
[DEBUG] armors=1, targets=1
[DEBUG] armors=1, targets=1
[DEBUG] armors=1, targets=1
[DEBUG] armors=1, targets=1
[DEBUG] armors=1, targets=1
[DEBUG] armors=1, targets=1
[DEBUG] armors=1, targets=1
[2026-09-05 14:06:02.279] [info] [DRYRUN] measured_gimbal=(2.774,-0.017,-0.057) measured_world=(2.755,0.308,-0.123) tracked_world=(2.743,0.307,-0.122) target_gimbal_deg=(-0.35,-1.17) target_world_deg=(6.38,-2.54) gimbal_deg=(6.74,1.36) armor_y_px=634.7 pixel_error_deg=(3.18,2.32) ballistic=(range=2.775m holdover=0.740m comp=14.63deg residual=-12.31deg) q_wxyz=(0.998203,0.000698,0.011863,-0.058740) cmd_deg=(8.50,-18.95) packed_pitch_deg=-18.95 control=true shoot=false
[DEBUG] armors=1, targets=1
[DEBUG] armors=1, targets=1
[DEBUG] armors=1, targets=1
[DEBUG] armors=1, targets=1
[DEBUG] armors=1, targets=1
[DEBUG] armors=1, targets=1
[DEBUG] armors=1, targets=1
[DEBUG] armors=1, targets=1
[DEBUG] armors=1, targets=1
[DEBUG] armors=1, targets=1
[DEBUG] armors=1, targets=1
[DEBUG] armors=1, targets=1
[DEBUG] armors=1, targets=1
[DEBUG] armors=1, targets=1
[DEBUG] armors=1, targets=1
[DEBUG] armors=1, targets=1
[DEBUG] armors=1, targets=1
[DEBUG] armors=1, targets=1
[DEBUG] armors=1, targets=1
[2026-09-05 14:06:02.572] [info] [SYNC][XUC] mode=0 yaw=-6.74 deg pitch=1.36 deg feeder_rpm=0.00 wheel0_rpm=0 wheel1_rpm=0 wheel_delta=0 projectile_speed=9.50
[DEBUG] armors=1, targets=1
[2026-09-05 14:06:02.585] [info] [DRYRUN] measured_gimbal=(2.773,-0.017,-0.057) measured_world=(2.754,0.308,-0.123) tracked_world=(2.744,0.307,-0.122) target_gimbal_deg=(-0.35,-1.18) target_world_deg=(6.39,-2.54) gimbal_deg=(6.74,1.36) armor_y_px=634.9 pixel_error_deg=(3.18,2.33) ballistic=(range=2.773m holdover=0.740m comp=14.63deg residual=-12.30deg) q_wxyz=(0.998203,0.000698,0.011863,-0.058740) cmd_deg=(8.50,-18.87) packed_pitch_deg=-18.87 control=true shoot=false
[2026-09-05 14:06:02.588] [info] [PERF] 总耗时=15.3ms (检测=12.5ms, 跟踪=0.5ms), FPS=65.2
[2026-09-05 14:06:02.588] [info] 📊 [CAMERA FPS] 瞬时帧率=65.0fps, 平均帧率=65.0fps, 总帧数=3800, 运行时间=58.5s
[DEBUG] armors=1, targets=1
[DEBUG] armors=1, targets=1
[DEBUG] armors=1, targets=1
[DEBUG] armors=1, targets=1
[DEBUG] armors=1, targets=1
[DEBUG] armors=1, targets=1
[DEBUG] armors=1, targets=1
[DEBUG] armors=1, targets=1
[DEBUG] armors=1, targets=1
[DEBUG] armors=1, targets=1
[DEBUG] armors=1, targets=1
[DEBUG] armors=1, targets=1
[DEBUG] armors=1, targets=1
[DEBUG] armors=1, targets=1
[DEBUG] armors=1, targets=1
[DEBUG] armors=1, targets=1
[DEBUG] armors=1, targets=1
[DEBUG] armors=1, targets=1
[DEBUG] armors=1, targets=1
[DEBUG] armors=1, targets=1
[2026-09-05 14:06:02.899] [info] [DRYRUN] measured_gimbal=(2.769,-0.017,-0.057) measured_world=(2.750,0.308,-0.123) tracked_world=(2.774,0.318,-0.124) target_gimbal_deg=(-0.35,-1.18) target_world_deg=(6.38,-2.54) gimbal_deg=(6.74,1.36) armor_y_px=634.9 pixel_error_deg=(3.18,2.33) ballistic=(range=2.769m holdover=0.738m comp=14.62deg residual=-12.29deg) q_wxyz=(0.998203,0.000698,0.011863,-0.058740) cmd_deg=(8.65,-18.88) packed_pitch_deg=-18.88 control=true shoot=false
[DEBUG] armors=1, targets=1
[DEBUG] armors=1, targets=1
[DEBUG] armors=1, targets=1
[DEBUG] armors=1, targets=1
[DEBUG] armors=1, targets=1
[DEBUG] armors=1, targets=1
[DEBUG] armors=1, targets=1
[DEBUG] armors=1, targets=1
[DEBUG] armors=1, targets=1
[DEBUG] armors=1, targets=1
[DEBUG] armors=1, targets=1
[DEBUG] armors=1, targets=1
[DEBUG] armors=1, targets=1
[DEBUG] armors=1, targets=1
[DEBUG] armors=1, targets=1
[DEBUG] armors=1, targets=1
[DEBUG] armors=1, targets=1
[DEBUG] armors=1, targets=1
[DEBUG] armors=1, targets=1
[DEBUG] armors=1, targets=1
[2026-09-05 14:06:03.209] [info] [DRYRUN] measured_gimbal=(2.780,-0.017,-0.057) measured_world=(2.760,0.309,-0.123) tracked_world=(2.765,0.309,-0.123) target_gimbal_deg=(-0.35,-1.18) target_world_deg=(6.39,-2.55) gimbal_deg=(6.74,1.36) armor_y_px=634.9 pixel_error_deg=(3.18,2.33) ballistic=(range=2.780m holdover=0.742m comp=14.65deg residual=-12.32deg) q_wxyz=(0.998203,0.000698,0.011863,-0.058740) cmd_deg=(8.38,-18.96) packed_pitch_deg=-18.96 control=true shoot=false
[DEBUG] armors=1, targets=1
[DEBUG] armors=1, targets=1
[DEBUG] armors=1, targets=1
[DEBUG] armors=1, targets=1
[DEBUG] armors=1, targets=1
[DEBUG] armors=1, targets=1
[DEBUG] armors=1, targets=1
[DEBUG] armors=1, targets=1
[DEBUG] armors=1, targets=1
[2026-09-05 14:06:03.349] [info] [SYNC][XUC] mode=0 yaw=-6.74 deg pitch=1.36 deg feeder_rpm=0.00 wheel0_rpm=0 wheel1_rpm=0 wheel_delta=0 projectile_speed=9.50
[DEBUG] armors=1, targets=1
[2026-09-05 14:06:03.364] [info] [PERF] 总耗时=15.2ms (检测=12.4ms, 跟踪=0.4ms), FPS=65.8
[2026-09-05 14:06:03.364] [info] 📊 [CAMERA FPS] 瞬时帧率=65.7fps, 平均帧率=65.0fps, 总帧数=3850, 运行时间=59.2s
[DEBUG] armors=1, targets=1
[DEBUG] armors=1, targets=1
[DEBUG] armors=1, targets=1
[DEBUG] armors=1, targets=1
[DEBUG] armors=1, targets=1
[DEBUG] armors=1, targets=1
[DEBUG] armors=1, targets=1
[DEBUG] armors=1, targets=1
[DEBUG] armors=1, targets=1
[DEBUG] armors=1, targets=1
[2026-09-05 14:06:03.517] [info] [DRYRUN] measured_gimbal=(2.765,-0.017,-0.057) measured_world=(2.746,0.307,-0.122) tracked_world=(2.758,0.307,-0.123) target_gimbal_deg=(-0.35,-1.17) target_world_deg=(6.38,-2.53) gimbal_deg=(6.74,1.36) armor_y_px=634.8 pixel_error_deg=(3.18,2.32) ballistic=(range=2.765m holdover=0.736m comp=14.60deg residual=-12.28deg) q_wxyz=(0.998203,0.000698,0.011863,-0.058740) cmd_deg=(8.42,-18.90) packed_pitch_deg=-18.90 control=true shoot=false
[DEBUG] armors=1, targets=1
[DEBUG] armors=1, targets=1
[DEBUG] armors=1, targets=1
[DEBUG] armors=1, targets=1
[DEBUG] armors=1, targets=1
[DEBUG] armors=1, targets=1
[DEBUG] armors=1, targets=1
[DEBUG] armors=1, targets=1
[DEBUG] armors=1, targets=1
[DEBUG] armors=1, targets=1
[DEBUG] armors=1, targets=1
[DEBUG] armors=1, targets=1
[DEBUG] armors=1, targets=1
[DEBUG] armors=1, targets=1
[DEBUG] armors=1, targets=1
[DEBUG] armors=1, targets=1
[DEBUG] armors=1, targets=1
[DEBUG] armors=1, targets=1
[DEBUG] armors=1, targets=1
[DEBUG] armors=1, targets=1
[2026-09-05 14:06:03.826] [info] [DRYRUN] measured_gimbal=(2.778,-0.017,-0.057) measured_world=(2.759,0.309,-0.123) tracked_world=(2.753,0.307,-0.123) target_gimbal_deg=(-0.35,-1.18) target_world_deg=(6.39,-2.54) gimbal_deg=(6.74,1.36) armor_y_px=634.9 pixel_error_deg=(3.18,2.33) ballistic=(range=2.778m holdover=0.742m comp=14.64deg residual=-12.32deg) q_wxyz=(0.998203,0.000698,0.011863,-0.058740) cmd_deg=(8.48,-18.92) packed_pitch_deg=-18.92 control=true shoot=false
[DEBUG] armors=1, targets=1
[DEBUG] armors=1, targets=1
[DEBUG] armors=1, targets=1
[DEBUG] armors=1, targets=1
[DEBUG] armors=1, targets=1
[DEBUG] armors=1, targets=1
[DEBUG] armors=1, targets=1
[DEBUG] armors=1, targets=1
[DEBUG] armors=1, targets=1
[DEBUG] armors=1, targets=1
[DEBUG] armors=1, targets=1
[DEBUG] armors=1, targets=1
[DEBUG] armors=1, targets=1
[DEBUG] armors=1, targets=1
[DEBUG] armors=1, targets=1
[DEBUG] armors=1, targets=1
[DEBUG] armors=1, targets=1
[DEBUG] armors=1, targets=1
[DEBUG] armors=1, targets=1
[2026-09-05 14:06:04.125] [info] [SYNC][XUC] mode=0 yaw=-6.74 deg pitch=1.36 deg feeder_rpm=0.00 wheel0_rpm=0 wheel1_rpm=0 wheel_delta=0 projectile_speed=9.50
[DEBUG] armors=1, targets=1
[2026-09-05 14:06:04.138] [info] [DRYRUN] measured_gimbal=(2.759,-0.017,-0.056) measured_world=(2.740,0.306,-0.122) tracked_world=(2.744,0.307,-0.122) target_gimbal_deg=(-0.35,-1.16) target_world_deg=(6.38,-2.53) gimbal_deg=(6.74,1.36) armor_y_px=634.5 pixel_error_deg=(3.18,2.32) ballistic=(range=2.759m holdover=0.733m comp=14.58deg residual=-12.27deg) q_wxyz=(0.998203,0.000698,0.011863,-0.058740) cmd_deg=(8.50,-18.89) packed_pitch_deg=-18.89 control=true shoot=false
[2026-09-05 14:06:04.140] [info] [PERF] 总耗时=15.4ms (检测=12.6ms, 跟踪=0.5ms), FPS=65.1
[2026-09-05 14:06:04.140] [info] 📊 [CAMERA FPS] 瞬时帧率=64.9fps, 平均帧率=65.0fps, 总帧数=3900, 运行时间=60.0s
[DEBUG] armors=1, targets=1
[DEBUG] armors=1, targets=1
[DEBUG] armors=1, targets=1
[DEBUG] armors=1, targets=1
[DEBUG] armors=1, targets=1
[DEBUG] armors=1, targets=1
[DEBUG] armors=1, targets=1
[DEBUG] armors=1, targets=1
[DEBUG] armors=1, targets=1
[DEBUG] armors=1, targets=1
[DEBUG] armors=1, targets=1
[DEBUG] armors=1, targets=1
[DEBUG] armors=1, targets=1
[DEBUG] armors=1, targets=1
[DEBUG] armors=1, targets=1
[DEBUG] armors=1, targets=1
[DEBUG] armors=1, targets=1
[DEBUG] armors=1, targets=1
[DEBUG] armors=1, targets=1
[DEBUG] armors=1, targets=1
[2026-09-05 14:06:04.447] [info] [DRYRUN] measured_gimbal=(2.763,-0.017,-0.056) measured_world=(2.743,0.307,-0.122) tracked_world=(2.747,0.307,-0.122) target_gimbal_deg=(-0.35,-1.17) target_world_deg=(6.38,-2.53) gimbal_deg=(6.74,1.36) armor_y_px=634.5 pixel_error_deg=(3.18,2.32) ballistic=(range=2.763m holdover=0.735m comp=14.60deg residual=-12.28deg) q_wxyz=(0.998203,0.000698,0.011863,-0.058740) cmd_deg=(8.51,-18.94) packed_pitch_deg=-18.94 control=true shoot=false
[DEBUG] armors=1, targets=1
[DEBUG] armors=1, targets=1
[DEBUG] armors=1, targets=1
[DEBUG] armors=1, targets=1
[DEBUG] armors=1, targets=1
[DEBUG] armors=1, targets=1
[DEBUG] armors=1, targets=1
[DEBUG] armors=1, targets=1
[DEBUG] armors=1, targets=1
[DEBUG] armors=1, targets=1
[DEBUG] armors=1, targets=1
[DEBUG] armors=1, targets=1
[DEBUG] armors=1, targets=1
[DEBUG] armors=1, targets=1
[DEBUG] armors=1, targets=1
[DEBUG] armors=1, targets=1
[DEBUG] armors=1, targets=1
[DEBUG] armors=1, targets=1
[DEBUG] armors=1, targets=1
[DEBUG] armors=1, targets=1
[2026-09-05 14:06:04.760] [info] [DRYRUN] measured_gimbal=(2.731,-0.017,-0.055) measured_world=(2.712,0.303,-0.120) tracked_world=(2.744,0.307,-0.122) target_gimbal_deg=(-0.36,-1.16) target_world_deg=(6.37,-2.52) gimbal_deg=(6.74,1.36) armor_y_px=634.8 pixel_error_deg=(3.18,2.32) ballistic=(range=2.731m holdover=0.722m comp=14.50deg residual=-12.18deg) q_wxyz=(0.998203,0.000698,0.011863,-0.058740) cmd_deg=(8.51,-18.83) packed_pitch_deg=-18.83 control=true shoot=false
[DEBUG] armors=1, targets=1
[DEBUG] armors=1, targets=1
[DEBUG] armors=1, targets=1
[DEBUG] armors=1, targets=1
[DEBUG] armors=1, targets=1
[DEBUG] armors=1, targets=1
[DEBUG] armors=1, targets=1
[DEBUG] armors=1, targets=1
[DEBUG] armors=1, targets=1
[2026-09-05 14:06:04.901] [info] [SYNC][XUC] mode=0 yaw=-6.74 deg pitch=1.36 deg feeder_rpm=0.00 wheel0_rpm=0 wheel1_rpm=0 wheel_delta=0 projectile_speed=9.50
[DEBUG] armors=1, targets=1
[2026-09-05 14:06:04.916] [info] [PERF] 总耗时=15.5ms (检测=12.8ms, 跟踪=0.5ms), FPS=64.6
[2026-09-05 14:06:04.916] [info] 📊 [CAMERA FPS] 瞬时帧率=64.4fps, 平均帧率=65.0fps, 总帧数=3950, 运行时间=60.8s
[DEBUG] armors=1, targets=1
[DEBUG] armors=1, targets=1
[DEBUG] armors=1, targets=1
[DEBUG] armors=1, targets=1
[DEBUG] armors=1, targets=1
[DEBUG] armors=1, targets=1
[DEBUG] armors=1, targets=1
[DEBUG] armors=1, targets=1
[DEBUG] armors=1, targets=1
[DEBUG] armors=1, targets=1
[2026-09-05 14:06:05.071] [info] [DRYRUN] measured_gimbal=(2.780,-0.017,-0.057) measured_world=(2.760,0.309,-0.123) tracked_world=(2.746,0.307,-0.122) target_gimbal_deg=(-0.35,-1.18) target_world_deg=(6.38,-2.54) gimbal_deg=(6.74,1.36) armor_y_px=634.7 pixel_error_deg=(3.18,2.32) ballistic=(range=2.780m holdover=0.742m comp=14.65deg residual=-12.33deg) q_wxyz=(0.998203,0.000698,0.011863,-0.058740) cmd_deg=(8.50,-18.93) packed_pitch_deg=-18.93 control=true shoot=false
[DEBUG] armors=1, targets=1
[DEBUG] armors=1, targets=1
[DEBUG] armors=1, targets=1
[DEBUG] armors=1, targets=1
[DEBUG] armors=1, targets=1
[DEBUG] armors=1, targets=1
[DEBUG] armors=1, targets=1
[DEBUG] armors=1, targets=1
[DEBUG] armors=1, targets=1
[DEBUG] armors=1, targets=1
[DEBUG] armors=1, targets=1
[DEBUG] armors=1, targets=1
[DEBUG] armors=1, targets=1
[DEBUG] armors=1, targets=1
[DEBUG] armors=1, targets=1
[DEBUG] armors=1, targets=1
[DEBUG] armors=1, targets=1
[DEBUG] armors=1, targets=1
[DEBUG] armors=1, targets=1
[DEBUG] armors=1, targets=1
[2026-09-05 14:06:05.384] [info] [DRYRUN] measured_gimbal=(2.773,-0.017,-0.057) measured_world=(2.754,0.308,-0.123) tracked_world=(2.748,0.307,-0.123) target_gimbal_deg=(-0.36,-1.18) target_world_deg=(6.38,-2.54) gimbal_deg=(6.74,1.36) armor_y_px=634.7 pixel_error_deg=(3.18,2.32) ballistic=(range=2.773m holdover=0.740m comp=14.63deg residual=-12.31deg) q_wxyz=(0.998203,0.000698,0.011863,-0.058740) cmd_deg=(8.51,-18.98) packed_pitch_deg=-18.98 control=true shoot=false
[DEBUG] armors=1, targets=1
[DEBUG] armors=1, targets=1
[DEBUG] armors=1, targets=1
[DEBUG] armors=1, targets=1
[DEBUG] armors=1, targets=1
[DEBUG] armors=1, targets=1
[DEBUG] armors=1, targets=1
[DEBUG] armors=1, targets=1
[DEBUG] armors=1, targets=1
[DEBUG] armors=1, targets=1
[DEBUG] armors=1, targets=1
[DEBUG] armors=1, targets=1
[DEBUG] armors=1, targets=1
[DEBUG] armors=1, targets=1
[DEBUG] armors=1, targets=1
[DEBUG] armors=1, targets=1
[DEBUG] armors=1, targets=1
[DEBUG] armors=1, targets=1
[DEBUG] armors=1, targets=1
[2026-09-05 14:06:05.682] [info] [SYNC][XUC] mode=0 yaw=-6.74 deg pitch=1.36 deg feeder_rpm=-4.00 wheel0_rpm=0 wheel1_rpm=0 wheel_delta=0 projectile_speed=9.50
[DEBUG] armors=1, targets=1
[2026-09-05 14:06:05.695] [info] [DRYRUN] measured_gimbal=(2.766,-0.017,-0.056) measured_world=(2.747,0.307,-0.122) tracked_world=(2.749,0.308,-0.122) target_gimbal_deg=(-0.35,-1.17) target_world_deg=(6.38,-2.53) gimbal_deg=(6.74,1.36) armor_y_px=634.6 pixel_error_deg=(3.18,2.32) ballistic=(range=2.766m holdover=0.737m comp=14.61deg residual=-12.29deg) q_wxyz=(0.998203,0.000698,0.011863,-0.058740) cmd_deg=(8.50,-18.92) packed_pitch_deg=-18.92 control=true shoot=false
[2026-09-05 14:06:05.697] [info] [PERF] 总耗时=15.3ms (检测=12.4ms, 跟踪=0.5ms), FPS=65.5
[2026-09-05 14:06:05.698] [info] 📊 [CAMERA FPS] 瞬时帧率=65.4fps, 平均帧率=65.0fps, 总帧数=4000, 运行时间=61.6s
[DEBUG] armors=1, targets=1
[DEBUG] armors=1, targets=1
[DEBUG] armors=1, targets=1
[DEBUG] armors=1, targets=1
[DEBUG] armors=1, targets=1
[DEBUG] armors=1, targets=1
[DEBUG] armors=1, targets=1
[DEBUG] armors=1, targets=1
[DEBUG] armors=1, targets=1
[DEBUG] armors=1, targets=1
[DEBUG] armors=1, targets=1
[DEBUG] armors=1, targets=1
[DEBUG] armors=1, targets=1
[DEBUG] armors=1, targets=1
[DEBUG] armors=1, targets=1
[DEBUG] armors=1, targets=1
[DEBUG] armors=1, targets=1
[DEBUG] armors=1, targets=1
[DEBUG] armors=1, targets=1
[DEBUG] armors=1, targets=1
[2026-09-05 14:06:06.003] [info] [DRYRUN] measured_gimbal=(2.781,-0.017,-0.057) measured_world=(2.762,0.309,-0.123) tracked_world=(2.749,0.307,-0.122) target_gimbal_deg=(-0.35,-1.18) target_world_deg=(6.38,-2.54) gimbal_deg=(6.74,1.36) armor_y_px=634.7 pixel_error_deg=(3.18,2.32) ballistic=(range=2.781m holdover=0.743m comp=14.65deg residual=-12.33deg) q_wxyz=(0.998203,0.000698,0.011863,-0.058740) cmd_deg=(8.50,-18.98) packed_pitch_deg=-18.98 control=true shoot=false
[DEBUG] armors=1, targets=1
[DEBUG] armors=1, targets=1
[DEBUG] armors=1, targets=1
[DEBUG] armors=1, targets=1
[DEBUG] armors=1, targets=1
[DEBUG] armors=1, targets=1
[DEBUG] armors=1, targets=1
[DEBUG] armors=1, targets=1
[DEBUG] armors=1, targets=1
[DEBUG] armors=1, targets=1
[DEBUG] armors=1, targets=1
[DEBUG] armors=1, targets=1
[DEBUG] armors=1, targets=1
[DEBUG] armors=1, targets=1
[DEBUG] armors=1, targets=1
[DEBUG] armors=1, targets=1
[DEBUG] armors=1, targets=1
[DEBUG] armors=1, targets=1
[DEBUG] armors=1, targets=1
[DEBUG] armors=1, targets=1
[2026-09-05 14:06:06.314] [info] [DRYRUN] measured_gimbal=(2.785,-0.017,-0.057) measured_world=(2.766,0.310,-0.124) tracked_world=(2.746,0.307,-0.122) target_gimbal_deg=(-0.35,-1.18) target_world_deg=(6.39,-2.54) gimbal_deg=(6.74,1.36) armor_y_px=634.8 pixel_error_deg=(3.18,2.32) ballistic=(range=2.785m holdover=0.744m comp=14.66deg residual=-12.34deg) q_wxyz=(0.998203,0.000698,0.011863,-0.058740) cmd_deg=(8.50,-18.94) packed_pitch_deg=-18.94 control=true shoot=false
[DEBUG] armors=1, targets=1
[DEBUG] armors=1, targets=1
[DEBUG] armors=1, targets=1
[DEBUG] armors=1, targets=1
[DEBUG] armors=1, targets=1
[DEBUG] armors=1, targets=1
[DEBUG] armors=1, targets=1
[DEBUG] armors=1, targets=1
[DEBUG] armors=1, targets=1
[2026-09-05 14:06:06.457] [info] [SYNC][XUC] mode=0 yaw=-6.74 deg pitch=1.36 deg feeder_rpm=0.00 wheel0_rpm=0 wheel1_rpm=0 wheel_delta=0 projectile_speed=9.50
[DEBUG] armors=1, targets=1
[2026-09-05 14:06:06.472] [info] [PERF] 总耗时=15.2ms (检测=12.4ms, 跟踪=0.5ms), FPS=65.8
[2026-09-05 14:06:06.472] [info] 📊 [CAMERA FPS] 瞬时帧率=65.7fps, 平均帧率=65.0fps, 总帧数=4050, 运行时间=62.3s
[DEBUG] armors=1, targets=1
[DEBUG] armors=1, targets=1
[DEBUG] armors=1, targets=1
[DEBUG] armors=1, targets=1
[DEBUG] armors=1, targets=1
[DEBUG] armors=1, targets=1
[DEBUG] armors=1, targets=1
[DEBUG] armors=1, targets=1
[DEBUG] armors=1, targets=1
[DEBUG] armors=1, targets=1
[2026-09-05 14:06:06.625] [info] [DRYRUN] measured_gimbal=(2.764,-0.017,-0.056) measured_world=(2.745,0.307,-0.122) tracked_world=(2.744,0.307,-0.122) target_gimbal_deg=(-0.35,-1.17) target_world_deg=(6.38,-2.53) gimbal_deg=(6.74,1.36) armor_y_px=634.6 pixel_error_deg=(3.18,2.32) ballistic=(range=2.764m holdover=0.736m comp=14.60deg residual=-12.28deg) q_wxyz=(0.998203,0.000698,0.011863,-0.058740) cmd_deg=(8.50,-18.87) packed_pitch_deg=-18.87 control=true shoot=false
[DEBUG] armors=1, targets=1
[DEBUG] armors=1, targets=1
[DEBUG] armors=1, targets=1
[DEBUG] armors=1, targets=1
[DEBUG] armors=1, targets=1
[DEBUG] armors=1, targets=1
[DEBUG] armors=1, targets=1
[DEBUG] armors=1, targets=1
[DEBUG] armors=1, targets=1
[DEBUG] armors=1, targets=1
[DEBUG] armors=1, targets=1
[DEBUG] armors=1, targets=1
[DEBUG] armors=1, targets=1
[DEBUG] armors=1, targets=1
[DEBUG] armors=1, targets=1
[DEBUG] armors=1, targets=1
[DEBUG] armors=1, targets=1
[DEBUG] armors=1, targets=1
[DEBUG] armors=1, targets=1
[DEBUG] armors=1, targets=1
[2026-09-05 14:06:06.936] [info] [DRYRUN] measured_gimbal=(2.763,-0.017,-0.056) measured_world=(2.743,0.307,-0.122) tracked_world=(2.743,0.307,-0.122) target_gimbal_deg=(-0.35,-1.17) target_world_deg=(6.38,-2.53) gimbal_deg=(6.74,1.36) armor_y_px=634.5 pixel_error_deg=(3.18,2.32) ballistic=(range=2.763m holdover=0.735m comp=14.60deg residual=-12.28deg) q_wxyz=(0.998203,0.000698,0.011863,-0.058740) cmd_deg=(8.50,-18.92) packed_pitch_deg=-18.92 control=true shoot=false
[DEBUG] armors=1, targets=1
[DEBUG] armors=1, targets=1
[DEBUG] armors=1, targets=1
[DEBUG] armors=1, targets=1
[DEBUG] armors=1, targets=1
[DEBUG] armors=1, targets=1
[DEBUG] armors=1, targets=1
[DEBUG] armors=1, targets=1
[DEBUG] armors=1, targets=1
[DEBUG] armors=1, targets=1
[DEBUG] armors=1, targets=1
[DEBUG] armors=1, targets=1
[DEBUG] armors=1, targets=1
[DEBUG] armors=1, targets=1
[DEBUG] armors=1, targets=1
[DEBUG] armors=1, targets=1
[DEBUG] armors=1, targets=1
[DEBUG] armors=1, targets=1
[DEBUG] armors=1, targets=1
[2026-09-05 14:06:07.233] [info] [SYNC][XUC] mode=0 yaw=-6.74 deg pitch=1.36 deg feeder_rpm=0.00 wheel0_rpm=0 wheel1_rpm=0 wheel_delta=0 projectile_speed=9.50
[DEBUG] armors=1, targets=1
[2026-09-05 14:06:07.246] [info] [DRYRUN] measured_gimbal=(2.731,-0.017,-0.055) measured_world=(2.712,0.303,-0.120) tracked_world=(2.745,0.307,-0.122) target_gimbal_deg=(-0.36,-1.16) target_world_deg=(6.37,-2.52) gimbal_deg=(6.74,1.36) armor_y_px=634.8 pixel_error_deg=(3.18,2.32) ballistic=(range=2.731m holdover=0.722m comp=14.50deg residual=-12.18deg) q_wxyz=(0.998203,0.000698,0.011863,-0.058740) cmd_deg=(8.51,-18.83) packed_pitch_deg=-18.83 control=true shoot=false
[2026-09-05 14:06:07.248] [info] [PERF] 总耗时=15.3ms (检测=12.5ms, 跟踪=0.5ms), FPS=65.4
[2026-09-05 14:06:07.248] [info] 📊 [CAMERA FPS] 瞬时帧率=65.3fps, 平均帧率=64.9fps, 总帧数=4100, 运行时间=63.1s
[DEBUG] armors=1, targets=1
[DEBUG] armors=1, targets=1
[DEBUG] armors=1, targets=1
[DEBUG] armors=1, targets=1
[DEBUG] armors=1, targets=1
[DEBUG] armors=1, targets=1
[DEBUG] armors=1, targets=1
[DEBUG] armors=1, targets=1
[DEBUG] armors=1, targets=1
[DEBUG] armors=1, targets=1
[DEBUG] armors=1, targets=1
[DEBUG] armors=1, targets=1
[DEBUG] armors=1, targets=1
[DEBUG] armors=1, targets=1
[DEBUG] armors=1, targets=1
[DEBUG] armors=1, targets=1
[DEBUG] armors=1, targets=1
[DEBUG] armors=1, targets=1
[DEBUG] armors=1, targets=1
[DEBUG] armors=1, targets=1
[2026-09-05 14:06:07.558] [info] [DRYRUN] measured_gimbal=(2.779,-0.017,-0.057) measured_world=(2.760,0.309,-0.123) tracked_world=(2.750,0.308,-0.123) target_gimbal_deg=(-0.35,-1.18) target_world_deg=(6.39,-2.54) gimbal_deg=(6.74,1.36) armor_y_px=634.7 pixel_error_deg=(3.18,2.32) ballistic=(range=2.779m holdover=0.742m comp=14.65deg residual=-12.32deg) q_wxyz=(0.998203,0.000698,0.011863,-0.058740) cmd_deg=(8.51,-18.97) packed_pitch_deg=-18.97 control=true shoot=false
[DEBUG] armors=1, targets=1
[DEBUG] armors=1, targets=1
[DEBUG] armors=1, targets=1
[DEBUG] armors=1, targets=1
[DEBUG] armors=1, targets=1
[DEBUG] armors=1, targets=1
[DEBUG] armors=1, targets=1
[DEBUG] armors=1, targets=1
[DEBUG] armors=1, targets=1
[DEBUG] armors=1, targets=1
[DEBUG] armors=1, targets=1
[DEBUG] armors=1, targets=1
[DEBUG] armors=1, targets=1
[DEBUG] armors=1, targets=1
[DEBUG] armors=1, targets=1
[DEBUG] armors=1, targets=1
[DEBUG] armors=1, targets=1
[DEBUG] armors=1, targets=1
[DEBUG] armors=1, targets=1
[DEBUG] armors=1, targets=1
[2026-09-05 14:06:07.866] [info] [DRYRUN] measured_gimbal=(2.753,-0.017,-0.056) measured_world=(2.734,0.306,-0.121) tracked_world=(2.747,0.307,-0.122) target_gimbal_deg=(-0.36,-1.16) target_world_deg=(6.38,-2.53) gimbal_deg=(6.74,1.36) armor_y_px=634.6 pixel_error_deg=(3.18,2.32) ballistic=(range=2.753m holdover=0.731m comp=14.57deg residual=-12.25deg) q_wxyz=(0.998203,0.000698,0.011863,-0.058740) cmd_deg=(8.51,-18.88) packed_pitch_deg=-18.88 control=true shoot=false
[DEBUG] armors=1, targets=1
[DEBUG] armors=1, targets=1
[DEBUG] armors=1, targets=1
[DEBUG] armors=1, targets=1
[DEBUG] armors=1, targets=1
[DEBUG] armors=1, targets=1
[DEBUG] armors=1, targets=1
[DEBUG] armors=1, targets=1
[DEBUG] armors=1, targets=1
[2026-09-05 14:06:08.011] [info] [SYNC][XUC] mode=0 yaw=-6.74 deg pitch=1.36 deg feeder_rpm=0.00 wheel0_rpm=0 wheel1_rpm=0 wheel_delta=0 projectile_speed=9.50
[DEBUG] armors=1, targets=1
[2026-09-05 14:06:08.027] [info] [PERF] 总耗时=15.7ms (检测=12.8ms, 跟踪=0.5ms), FPS=63.5
[2026-09-05 14:06:08.027] [info] 📊 [CAMERA FPS] 瞬时帧率=63.4fps, 平均帧率=64.9fps, 总帧数=4150, 运行时间=63.9s
[DEBUG] armors=1, targets=1
[DEBUG] armors=1, targets=1
[DEBUG] armors=1, targets=1
[DEBUG] armors=1, targets=1
[DEBUG] armors=1, targets=1
[DEBUG] armors=1, targets=1
[DEBUG] armors=1, targets=1
[DEBUG] armors=1, targets=1
[DEBUG] armors=1, targets=1
[DEBUG] armors=1, targets=1
[2026-09-05 14:06:08.182] [info] [DRYRUN] measured_gimbal=(2.766,-0.017,-0.057) measured_world=(2.747,0.307,-0.122) tracked_world=(2.747,0.307,-0.122) target_gimbal_deg=(-0.35,-1.17) target_world_deg=(6.39,-2.53) gimbal_deg=(6.74,1.36) armor_y_px=634.7 pixel_error_deg=(3.17,2.32) ballistic=(range=2.766m holdover=0.736m comp=14.61deg residual=-12.28deg) q_wxyz=(0.998203,0.000698,0.011863,-0.058740) cmd_deg=(8.50,-18.87) packed_pitch_deg=-18.87 control=true shoot=false
[DEBUG] armors=1, targets=1
[DEBUG] armors=1, targets=1
[DEBUG] armors=1, targets=1
[DEBUG] armors=1, targets=1
[DEBUG] armors=1, targets=1
[DEBUG] armors=1, targets=1
[DEBUG] armors=1, targets=1
[DEBUG] armors=1, targets=1
[DEBUG] armors=1, targets=1
[DEBUG] armors=1, targets=1
[DEBUG] armors=1, targets=1
[DEBUG] armors=1, targets=1
[DEBUG] armors=1, targets=1
[DEBUG] armors=1, targets=1
[DEBUG] armors=1, targets=1
[DEBUG] armors=1, targets=1
[DEBUG] armors=1, targets=1
[DEBUG] armors=1, targets=1
[DEBUG] armors=1, targets=1
[DEBUG] armors=1, targets=1
[2026-09-05 14:06:08.494] [info] [DRYRUN] measured_gimbal=(2.775,-0.017,-0.057) measured_world=(2.756,0.308,-0.123) tracked_world=(2.745,0.307,-0.122) target_gimbal_deg=(-0.35,-1.18) target_world_deg=(6.38,-2.54) gimbal_deg=(6.74,1.36) armor_y_px=634.7 pixel_error_deg=(3.18,2.32) ballistic=(range=2.775m holdover=0.740m comp=14.63deg residual=-12.31deg) q_wxyz=(0.998203,0.000698,0.011863,-0.058740) cmd_deg=(8.49,-18.92) packed_pitch_deg=-18.92 control=true shoot=false
[DEBUG] armors=1, targets=1
[DEBUG] armors=1, targets=1
[DEBUG] armors=1, targets=1
[DEBUG] armors=1, targets=1
[DEBUG] armors=1, targets=1
[DEBUG] armors=1, targets=1
[DEBUG] armors=1, targets=1
[DEBUG] armors=1, targets=1
[DEBUG] armors=1, targets=1
[DEBUG] armors=1, targets=1
[DEBUG] armors=1, targets=1
[DEBUG] armors=1, targets=1
[DEBUG] armors=1, targets=1
[DEBUG] armors=1, targets=1
[DEBUG] armors=1, targets=1
[DEBUG] armors=1, targets=1
[DEBUG] armors=1, targets=1
[DEBUG] armors=1, targets=1
[DEBUG] armors=1, targets=1
[2026-09-05 14:06:08.792] [info] [SYNC][XUC] mode=0 yaw=-6.74 deg pitch=1.36 deg feeder_rpm=0.00 wheel0_rpm=0 wheel1_rpm=0 wheel_delta=0 projectile_speed=9.50
[DEBUG] armors=1, targets=1
[2026-09-05 14:06:08.805] [info] [DRYRUN] measured_gimbal=(2.740,-0.017,-0.056) measured_world=(2.721,0.304,-0.121) tracked_world=(2.749,0.307,-0.123) target_gimbal_deg=(-0.37,-1.16) target_world_deg=(6.37,-2.52) gimbal_deg=(6.74,1.36) armor_y_px=634.8 pixel_error_deg=(3.18,2.32) ballistic=(range=2.740m holdover=0.726m comp=14.53deg residual=-12.21deg) q_wxyz=(0.998203,0.000698,0.011863,-0.058740) cmd_deg=(8.51,-18.88) packed_pitch_deg=-18.88 control=true shoot=false
[2026-09-05 14:06:08.808] [info] [PERF] 总耗时=15.3ms (检测=12.5ms, 跟踪=0.4ms), FPS=65.3
[2026-09-05 14:06:08.808] [info] 📊 [CAMERA FPS] 瞬时帧率=65.2fps, 平均帧率=64.9fps, 总帧数=4200, 运行时间=64.7s
[DEBUG] armors=1, targets=1
[DEBUG] armors=1, targets=1
[DEBUG] armors=1, targets=1
[DEBUG] armors=1, targets=1
[DEBUG] armors=1, targets=1
[DEBUG] armors=1, targets=1
[DEBUG] armors=1, targets=1
[DEBUG] armors=1, targets=1
[DEBUG] armors=1, targets=1
[DEBUG] armors=1, targets=1
[DEBUG] armors=1, targets=1
[DEBUG] armors=1, targets=1
[DEBUG] armors=1, targets=1
[DEBUG] armors=1, targets=1
[DEBUG] armors=1, targets=1
[DEBUG] armors=1, targets=1
[DEBUG] armors=1, targets=1
[DEBUG] armors=1, targets=1
[DEBUG] armors=1, targets=1
[DEBUG] armors=1, targets=1
[2026-09-05 14:06:09.114] [info] [DRYRUN] measured_gimbal=(2.765,-0.017,-0.056) measured_world=(2.746,0.307,-0.122) tracked_world=(2.750,0.308,-0.122) target_gimbal_deg=(-0.36,-1.17) target_world_deg=(6.38,-2.53) gimbal_deg=(6.74,1.36) armor_y_px=634.7 pixel_error_deg=(3.18,2.32) ballistic=(range=2.765m holdover=0.736m comp=14.60deg residual=-12.28deg) q_wxyz=(0.998203,0.000698,0.011863,-0.058740) cmd_deg=(8.50,-18.88) packed_pitch_deg=-18.88 control=true shoot=false
[DEBUG] armors=1, targets=1
[DEBUG] armors=1, targets=1
[DEBUG] armors=1, targets=1
[DEBUG] armors=1, targets=1
[DEBUG] armors=1, targets=1
[DEBUG] armors=1, targets=1
[DEBUG] armors=1, targets=1
[DEBUG] armors=1, targets=1
[DEBUG] armors=1, targets=1
[DEBUG] armors=1, targets=1
[DEBUG] armors=1, targets=1
[DEBUG] armors=1, targets=1
[DEBUG] armors=1, targets=1
[DEBUG] armors=1, targets=1
[DEBUG] armors=1, targets=1
[DEBUG] armors=1, targets=1
[DEBUG] armors=1, targets=1
[DEBUG] armors=1, targets=1
[DEBUG] armors=1, targets=1
[DEBUG] armors=1, targets=1
[2026-09-05 14:06:09.427] [info] [DRYRUN] measured_gimbal=(2.773,-0.017,-0.057) measured_world=(2.754,0.308,-0.123) tracked_world=(2.747,0.307,-0.122) target_gimbal_deg=(-0.35,-1.18) target_world_deg=(6.39,-2.54) gimbal_deg=(6.74,1.36) armor_y_px=634.8 pixel_error_deg=(3.17,2.32) ballistic=(range=2.773m holdover=0.739m comp=14.63deg residual=-12.30deg) q_wxyz=(0.998203,0.000698,0.011863,-0.058740) cmd_deg=(8.49,-18.87) packed_pitch_deg=-18.87 control=true shoot=false
[DEBUG] armors=1, targets=1
[DEBUG] armors=1, targets=1
[DEBUG] armors=1, targets=1
[DEBUG] armors=1, targets=1
[DEBUG] armors=1, targets=1
[DEBUG] armors=1, targets=1
[DEBUG] armors=1, targets=1
[DEBUG] armors=1, targets=1
[DEBUG] armors=1, targets=1
[2026-09-05 14:06:09.570] [info] [SYNC][XUC] mode=0 yaw=-6.74 deg pitch=1.36 deg feeder_rpm=0.00 wheel0_rpm=0 wheel1_rpm=0 wheel_delta=0 projectile_speed=9.50
[DEBUG] armors=1, targets=1
[2026-09-05 14:06:09.585] [info] [PERF] 总耗时=15.2ms (检测=12.4ms, 跟踪=0.5ms), FPS=66.0
[2026-09-05 14:06:09.585] [info] 📊 [CAMERA FPS] 瞬时帧率=65.9fps, 平均帧率=64.9fps, 总帧数=4250, 运行时间=65.5s
[DEBUG] armors=1, targets=1
[DEBUG] armors=1, targets=1
[DEBUG] armors=1, targets=1
[DEBUG] armors=1, targets=1
[DEBUG] armors=1, targets=1
[DEBUG] armors=1, targets=1
[DEBUG] armors=1, targets=1
[DEBUG] armors=1, targets=1
[DEBUG] armors=1, targets=1
[DEBUG] armors=1, targets=1
[2026-09-05 14:06:09.738] [info] [DRYRUN] measured_gimbal=(2.804,-0.017,-0.058) measured_world=(2.784,0.312,-0.125) tracked_world=(2.746,0.307,-0.122) target_gimbal_deg=(-0.35,-1.18) target_world_deg=(6.39,-2.55) gimbal_deg=(6.74,1.36) armor_y_px=634.5 pixel_error_deg=(3.18,2.32) ballistic=(range=2.804m holdover=0.752m comp=14.72deg residual=-12.40deg) q_wxyz=(0.998203,0.000698,0.011863,-0.058740) cmd_deg=(8.50,-18.96) packed_pitch_deg=-18.96 control=true shoot=false
[DEBUG] armors=1, targets=1
[DEBUG] armors=1, targets=1
[DEBUG] armors=1, targets=1
[DEBUG] armors=1, targets=1
[DEBUG] armors=1, targets=1
[DEBUG] armors=1, targets=1
[DEBUG] armors=1, targets=1
[DEBUG] armors=1, targets=1
[DEBUG] armors=1, targets=1
[DEBUG] armors=1, targets=1
[DEBUG] armors=1, targets=1
[DEBUG] armors=1, targets=1
[DEBUG] armors=1, targets=1
[DEBUG] armors=1, targets=1
[DEBUG] armors=1, targets=1
[DEBUG] armors=1, targets=1
[DEBUG] armors=1, targets=1
[DEBUG] armors=1, targets=1
[DEBUG] armors=1, targets=1
[DEBUG] armors=1, targets=1
[2026-09-05 14:06:10.047] [info] [DRYRUN] measured_gimbal=(2.750,-0.017,-0.056) measured_world=(2.731,0.305,-0.121) tracked_world=(2.747,0.307,-0.122) target_gimbal_deg=(-0.36,-1.16) target_world_deg=(6.38,-2.52) gimbal_deg=(6.74,1.36) armor_y_px=634.6 pixel_error_deg=(3.18,2.32) ballistic=(range=2.750m holdover=0.730m comp=14.56deg residual=-12.24deg) q_wxyz=(0.998203,0.000698,0.011863,-0.058740) cmd_deg=(8.50,-18.88) packed_pitch_deg=-18.88 control=true shoot=false
[DEBUG] armors=1, targets=1
[DEBUG] armors=1, targets=1
[DEBUG] armors=1, targets=1
[DEBUG] armors=1, targets=1
[DEBUG] armors=1, targets=1
[DEBUG] armors=1, targets=1
[DEBUG] armors=1, targets=1
[DEBUG] armors=1, targets=1
[DEBUG] armors=1, targets=1
[DEBUG] armors=1, targets=1
[DEBUG] armors=1, targets=1
[DEBUG] armors=1, targets=1
[DEBUG] armors=1, targets=1
[DEBUG] armors=1, targets=1
[DEBUG] armors=1, targets=1
[DEBUG] armors=1, targets=1
[DEBUG] armors=1, targets=1
[DEBUG] armors=1, targets=1
[DEBUG] armors=1, targets=1
[2026-09-05 14:06:10.348] [info] [SYNC][XUC] mode=0 yaw=-6.74 deg pitch=1.36 deg feeder_rpm=0.00 wheel0_rpm=0 wheel1_rpm=0 wheel_delta=0 projectile_speed=9.50
[DEBUG] armors=1, targets=1
[2026-09-05 14:06:10.361] [info] [DRYRUN] measured_gimbal=(2.780,-0.017,-0.057) measured_world=(2.761,0.309,-0.123) tracked_world=(2.749,0.307,-0.122) target_gimbal_deg=(-0.35,-1.18) target_world_deg=(6.38,-2.54) gimbal_deg=(6.74,1.36) armor_y_px=634.7 pixel_error_deg=(3.18,2.32) ballistic=(range=2.780m holdover=0.742m comp=14.65deg residual=-12.33deg) q_wxyz=(0.998203,0.000698,0.011863,-0.058740) cmd_deg=(8.50,-18.92) packed_pitch_deg=-18.92 control=true shoot=false
[2026-09-05 14:06:10.363] [info] [PERF] 总耗时=15.1ms (检测=12.3ms, 跟踪=0.5ms), FPS=66.3
[2026-09-05 14:06:10.363] [info] 📊 [CAMERA FPS] 瞬时帧率=66.1fps, 平均帧率=64.9fps, 总帧数=4300, 运行时间=66.2s
[DEBUG] armors=1, targets=1
[DEBUG] armors=1, targets=1
[DEBUG] armors=1, targets=1
[DEBUG] armors=1, targets=1
[DEBUG] armors=1, targets=1
[DEBUG] armors=1, targets=1
[DEBUG] armors=1, targets=1
[DEBUG] armors=1, targets=1
[DEBUG] armors=1, targets=1
[DEBUG] armors=1, targets=1
[DEBUG] armors=1, targets=1
[DEBUG] armors=1, targets=1
[DEBUG] armors=1, targets=1
[DEBUG] armors=1, targets=1
[DEBUG] armors=1, targets=1
[DEBUG] armors=1, targets=1
[DEBUG] armors=1, targets=1
[DEBUG] armors=1, targets=1
[DEBUG] armors=1, targets=1
[DEBUG] armors=1, targets=1
[2026-09-05 14:06:10.675] [info] [DRYRUN] measured_gimbal=(2.745,-0.017,-0.056) measured_world=(2.725,0.305,-0.121) tracked_world=(2.749,0.308,-0.123) target_gimbal_deg=(-0.36,-1.17) target_world_deg=(6.38,-2.53) gimbal_deg=(6.74,1.36) armor_y_px=634.9 pixel_error_deg=(3.18,2.33) ballistic=(range=2.745m holdover=0.727m comp=14.54deg residual=-12.22deg) q_wxyz=(0.998203,0.000698,0.011863,-0.058740) cmd_deg=(8.51,-18.88) packed_pitch_deg=-18.88 control=true shoot=false
[DEBUG] armors=1, targets=1
[DEBUG] armors=1, targets=1
[DEBUG] armors=1, targets=1
[DEBUG] armors=1, targets=1
[DEBUG] armors=1, targets=1
[DEBUG] armors=1, targets=1
[DEBUG] armors=1, targets=1
[DEBUG] armors=1, targets=1
[DEBUG] armors=1, targets=1
[DEBUG] armors=1, targets=1
[DEBUG] armors=1, targets=1
[DEBUG] armors=1, targets=1
[DEBUG] armors=1, targets=1
[DEBUG] armors=1, targets=1
[DEBUG] armors=1, targets=1
[DEBUG] armors=1, targets=1
[DEBUG] armors=1, targets=1
[DEBUG] armors=1, targets=1
[DEBUG] armors=1, targets=1
[DEBUG] armors=1, targets=1
[2026-09-05 14:06:10.993] [info] [DRYRUN] measured_gimbal=(2.792,-0.017,-0.058) measured_world=(2.772,0.310,-0.124) tracked_world=(2.748,0.307,-0.122) target_gimbal_deg=(-0.35,-1.19) target_world_deg=(6.39,-2.55) gimbal_deg=(6.74,1.36) armor_y_px=634.8 pixel_error_deg=(3.18,2.32) ballistic=(range=2.792m holdover=0.747m comp=14.68deg residual=-12.36deg) q_wxyz=(0.998203,0.000698,0.011863,-0.058740) cmd_deg=(8.50,-18.96) packed_pitch_deg=-18.96 control=true shoot=false
[DEBUG] armors=1, targets=1
[DEBUG] armors=1, targets=1
[DEBUG] armors=1, targets=1
[DEBUG] armors=1, targets=1
[DEBUG] armors=1, targets=1
[DEBUG] armors=1, targets=1
[DEBUG] armors=1, targets=1
[DEBUG] armors=1, targets=1
[DEBUG] armors=1, targets=1
[2026-09-05 14:06:11.136] [info] [SYNC][XUC] mode=0 yaw=-6.74 deg pitch=1.36 deg feeder_rpm=0.00 wheel0_rpm=0 wheel1_rpm=0 wheel_delta=0 projectile_speed=9.50
[DEBUG] armors=1, targets=1
[2026-09-05 14:06:11.151] [info] [PERF] 总耗时=15.7ms (检测=12.7ms, 跟踪=0.5ms), FPS=63.7
[2026-09-05 14:06:11.152] [info] 📊 [CAMERA FPS] 瞬时帧率=63.5fps, 平均帧率=64.9fps, 总帧数=4350, 运行时间=67.0s
[DEBUG] armors=1, targets=1
[DEBUG] armors=1, targets=1
[DEBUG] armors=1, targets=1
[DEBUG] armors=1, targets=1
[DEBUG] armors=1, targets=1
[DEBUG] armors=1, targets=1
[DEBUG] armors=1, targets=1
[DEBUG] armors=1, targets=1
[DEBUG] armors=1, targets=1
[DEBUG] armors=1, targets=1
[2026-09-05 14:06:11.309] [info] [DRYRUN] measured_gimbal=(2.779,-0.017,-0.057) measured_world=(2.760,0.309,-0.123) tracked_world=(2.748,0.307,-0.122) target_gimbal_deg=(-0.35,-1.18) target_world_deg=(6.38,-2.54) gimbal_deg=(6.74,1.36) armor_y_px=634.8 pixel_error_deg=(3.18,2.32) ballistic=(range=2.779m holdover=0.742m comp=14.65deg residual=-12.32deg) q_wxyz=(0.998203,0.000698,0.011863,-0.058740) cmd_deg=(8.50,-18.90) packed_pitch_deg=-18.90 control=true shoot=false
[DEBUG] armors=1, targets=1
[DEBUG] armors=1, targets=1
[DEBUG] armors=1, targets=1
[DEBUG] armors=1, targets=1
[DEBUG] armors=1, targets=1
[DEBUG] armors=1, targets=1
[DEBUG] armors=1, targets=1
[DEBUG] armors=1, targets=1
[DEBUG] armors=1, targets=1
[DEBUG] armors=1, targets=1
[DEBUG] armors=1, targets=1
[DEBUG] armors=1, targets=1
[DEBUG] armors=1, targets=1
[DEBUG] armors=1, targets=1
[DEBUG] armors=1, targets=1
[DEBUG] armors=1, targets=1
[DEBUG] armors=1, targets=1
[DEBUG] armors=1, targets=1
[DEBUG] armors=1, targets=1
[DEBUG] armors=1, targets=1
[2026-09-05 14:06:11.625] [info] [DRYRUN] measured_gimbal=(2.773,-0.017,-0.057) measured_world=(2.753,0.308,-0.123) tracked_world=(2.748,0.307,-0.122) target_gimbal_deg=(-0.35,-1.17) target_world_deg=(6.38,-2.54) gimbal_deg=(6.74,1.36) armor_y_px=634.7 pixel_error_deg=(3.18,2.32) ballistic=(range=2.773m holdover=0.739m comp=14.63deg residual=-12.31deg) q_wxyz=(0.998203,0.000698,0.011863,-0.058740) cmd_deg=(8.50,-18.94) packed_pitch_deg=-18.94 control=true shoot=false
[DEBUG] armors=1, targets=1
[DEBUG] armors=1, targets=1
[DEBUG] armors=1, targets=1
[DEBUG] armors=1, targets=1
[DEBUG] armors=1, targets=1
[DEBUG] armors=1, targets=1
[DEBUG] armors=1, targets=1
[DEBUG] armors=1, targets=1
[DEBUG] armors=1, targets=1
[DEBUG] armors=1, targets=1
[DEBUG] armors=1, targets=1
[DEBUG] armors=1, targets=1
[DEBUG] armors=1, targets=1
[DEBUG] armors=1, targets=1
[DEBUG] armors=1, targets=1
[DEBUG] armors=1, targets=1
[DEBUG] armors=1, targets=1
[DEBUG] armors=1, targets=1
[DEBUG] armors=1, targets=1
[2026-09-05 14:06:11.928] [info] [SYNC][XUC] mode=0 yaw=-6.74 deg pitch=1.36 deg feeder_rpm=0.00 wheel0_rpm=0 wheel1_rpm=0 wheel_delta=0 projectile_speed=9.50
[DEBUG] armors=1, targets=1
[2026-09-05 14:06:11.942] [info] [DRYRUN] measured_gimbal=(2.786,-0.017,-0.058) measured_world=(2.767,0.310,-0.124) tracked_world=(2.746,0.307,-0.122) target_gimbal_deg=(-0.35,-1.18) target_world_deg=(6.39,-2.54) gimbal_deg=(6.74,1.36) armor_y_px=634.8 pixel_error_deg=(3.18,2.32) ballistic=(range=2.786m holdover=0.745m comp=14.67deg residual=-12.34deg) q_wxyz=(0.998203,0.000698,0.011863,-0.058740) cmd_deg=(8.50,-18.93) packed_pitch_deg=-18.93 control=true shoot=false
[2026-09-05 14:06:11.944] [info] [PERF] 总耗时=16.1ms (检测=13.1ms, 跟踪=0.4ms), FPS=62.3
[2026-09-05 14:06:11.944] [info] 📊 [CAMERA FPS] 瞬时帧率=62.2fps, 平均帧率=64.9fps, 总帧数=4400, 运行时间=67.8s
[DEBUG] armors=1, targets=1
[DEBUG] armors=1, targets=1
[DEBUG] armors=1, targets=1
[DEBUG] armors=1, targets=1
[DEBUG] armors=1, targets=1
[DEBUG] armors=1, targets=1
[DEBUG] armors=1, targets=1
[DEBUG] armors=1, targets=1
[DEBUG] armors=1, targets=1
[DEBUG] armors=1, targets=1
[DEBUG] armors=1, targets=1
[DEBUG] armors=1, targets=1
[DEBUG] armors=1, targets=1
[DEBUG] armors=1, targets=1
[DEBUG] armors=1, targets=1
[DEBUG] armors=1, targets=1
[DEBUG] armors=1, targets=1
[DEBUG] armors=1, targets=1
[DEBUG] armors=1, targets=1
[DEBUG] armors=1, targets=1
[2026-09-05 14:06:12.255] [info] [DRYRUN] measured_gimbal=(2.764,-0.017,-0.057) measured_world=(2.745,0.307,-0.122) tracked_world=(2.751,0.308,-0.123) target_gimbal_deg=(-0.35,-1.17) target_world_deg=(6.38,-2.54) gimbal_deg=(6.74,1.36) armor_y_px=634.8 pixel_error_deg=(3.18,2.33) ballistic=(range=2.764m holdover=0.736m comp=14.60deg residual=-12.27deg) q_wxyz=(0.998203,0.000698,0.011863,-0.058740) cmd_deg=(8.51,-18.95) packed_pitch_deg=-18.95 control=true shoot=false
[DEBUG] armors=1, targets=1
[DEBUG] armors=1, targets=1
[DEBUG] armors=1, targets=1
[DEBUG] armors=1, targets=1
[DEBUG] armors=1, targets=1
[DEBUG] armors=1, targets=1
[DEBUG] armors=1, targets=1
[DEBUG] armors=1, targets=1
[DEBUG] armors=1, targets=1
[DEBUG] armors=1, targets=1
[DEBUG] armors=1, targets=1
[DEBUG] armors=1, targets=1
[DEBUG] armors=1, targets=1
[DEBUG] armors=1, targets=1
[DEBUG] armors=1, targets=1
[DEBUG] armors=1, targets=1
[DEBUG] armors=1, targets=1
[DEBUG] armors=1, targets=1
[DEBUG] armors=1, targets=1
[DEBUG] armors=1, targets=1
[2026-09-05 14:06:12.569] [info] [DRYRUN] measured_gimbal=(2.792,-0.017,-0.058) measured_world=(2.773,0.310,-0.124) tracked_world=(2.749,0.307,-0.123) target_gimbal_deg=(-0.35,-1.18) target_world_deg=(6.39,-2.54) gimbal_deg=(6.74,1.36) armor_y_px=634.6 pixel_error_deg=(3.18,2.32) ballistic=(range=2.792m holdover=0.747m comp=14.68deg residual=-12.37deg) q_wxyz=(0.998203,0.000698,0.011863,-0.058740) cmd_deg=(8.50,-18.96) packed_pitch_deg=-18.96 control=true shoot=false
[DEBUG] armors=1, targets=1
[DEBUG] armors=1, targets=1
[DEBUG] armors=1, targets=1
[DEBUG] armors=1, targets=1
[DEBUG] armors=1, targets=1
[DEBUG] armors=1, targets=1
[DEBUG] armors=1, targets=1
[DEBUG] armors=1, targets=1
[DEBUG] armors=1, targets=1
[2026-09-05 14:06:12.713] [info] [SYNC][XUC] mode=0 yaw=-6.74 deg pitch=1.36 deg feeder_rpm=0.00 wheel0_rpm=0 wheel1_rpm=0 wheel_delta=0 projectile_speed=9.50
[DEBUG] armors=1, targets=1
[2026-09-05 14:06:12.728] [info] [PERF] 总耗时=15.3ms (检测=12.6ms, 跟踪=0.5ms), FPS=65.4
[2026-09-05 14:06:12.728] [info] 📊 [CAMERA FPS] 瞬时帧率=65.2fps, 平均帧率=64.9fps, 总帧数=4450, 运行时间=68.6s
[DEBUG] armors=1, targets=1
[DEBUG] armors=1, targets=1
[DEBUG] armors=1, targets=1
[DEBUG] armors=1, targets=1
[DEBUG] armors=1, targets=1
[DEBUG] armors=1, targets=1
[DEBUG] armors=1, targets=1
[DEBUG] armors=1, targets=1
[DEBUG] armors=1, targets=1
[DEBUG] armors=1, targets=1
[2026-09-05 14:06:12.884] [info] [DRYRUN] measured_gimbal=(2.768,-0.017,-0.057) measured_world=(2.749,0.307,-0.123) tracked_world=(2.748,0.307,-0.122) target_gimbal_deg=(-0.35,-1.18) target_world_deg=(6.38,-2.54) gimbal_deg=(6.74,1.36) armor_y_px=634.8 pixel_error_deg=(3.18,2.32) ballistic=(range=2.768m holdover=0.737m comp=14.61deg residual=-12.29deg) q_wxyz=(0.998203,0.000698,0.011863,-0.058740) cmd_deg=(8.50,-18.92) packed_pitch_deg=-18.92 control=true shoot=false
[DEBUG] armors=1, targets=1
[DEBUG] armors=1, targets=1
[DEBUG] armors=1, targets=1
[DEBUG] armors=1, targets=1
[DEBUG] armors=1, targets=1
[DEBUG] armors=1, targets=1
[DEBUG] armors=1, targets=1
[DEBUG] armors=1, targets=1
[DEBUG] armors=1, targets=1
[DEBUG] armors=1, targets=1
[DEBUG] armors=1, targets=1
[DEBUG] armors=1, targets=1
[DEBUG] armors=1, targets=1
[DEBUG] armors=1, targets=1
[DEBUG] armors=1, targets=1
[DEBUG] armors=1, targets=1
[DEBUG] armors=1, targets=1
[DEBUG] armors=1, targets=1
[DEBUG] armors=1, targets=1
[DEBUG] armors=1, targets=1
[2026-09-05 14:06:13.198] [info] [DRYRUN] measured_gimbal=(2.743,-0.017,-0.056) measured_world=(2.724,0.304,-0.121) tracked_world=(2.741,0.307,-0.122) target_gimbal_deg=(-0.36,-1.16) target_world_deg=(6.37,-2.52) gimbal_deg=(6.74,1.36) armor_y_px=634.7 pixel_error_deg=(3.18,2.32) ballistic=(range=2.743m holdover=0.727m comp=14.54deg residual=-12.21deg) q_wxyz=(0.998203,0.000698,0.011863,-0.058740) cmd_deg=(8.51,-18.87) packed_pitch_deg=-18.87 control=true shoot=false
[DEBUG] armors=1, targets=1
[DEBUG] armors=1, targets=1
[DEBUG] armors=1, targets=1
[DEBUG] armors=1, targets=1
[DEBUG] armors=1, targets=1
[DEBUG] armors=1, targets=1
[DEBUG] armors=1, targets=1
[DEBUG] armors=1, targets=1
[DEBUG] armors=1, targets=1
[DEBUG] armors=1, targets=1
[DEBUG] armors=1, targets=1
[DEBUG] armors=1, targets=1
[DEBUG] armors=1, targets=1
[DEBUG] armors=1, targets=1
[DEBUG] armors=1, targets=1
[DEBUG] armors=1, targets=1
[DEBUG] armors=1, targets=1
[DEBUG] armors=1, targets=1
[DEBUG] armors=1, targets=1
[2026-09-05 14:06:13.502] [info] [SYNC][XUC] mode=0 yaw=-6.74 deg pitch=1.36 deg feeder_rpm=-4.00 wheel0_rpm=0 wheel1_rpm=0 wheel_delta=0 projectile_speed=9.50
[DEBUG] armors=1, targets=1
[2026-09-05 14:06:13.515] [info] [DRYRUN] measured_gimbal=(2.758,-0.017,-0.056) measured_world=(2.739,0.306,-0.122) tracked_world=(2.744,0.307,-0.122) target_gimbal_deg=(-0.36,-1.17) target_world_deg=(6.38,-2.53) gimbal_deg=(6.74,1.36) armor_y_px=634.6 pixel_error_deg=(3.18,2.32) ballistic=(range=2.758m holdover=0.733m comp=14.58deg residual=-12.26deg) q_wxyz=(0.998203,0.000698,0.011863,-0.058740) cmd_deg=(8.51,-18.96) packed_pitch_deg=-18.96 control=true shoot=false
[2026-09-05 14:06:13.517] [info] [PERF] 总耗时=15.5ms (检测=12.8ms, 跟踪=0.5ms), FPS=64.4
[2026-09-05 14:06:13.517] [info] 📊 [CAMERA FPS] 瞬时帧率=64.3fps, 平均帧率=64.8fps, 总帧数=4500, 运行时间=69.4s
[DEBUG] armors=1, targets=1
[DEBUG] armors=1, targets=1
[DEBUG] armors=1, targets=1
[DEBUG] armors=1, targets=1
[DEBUG] armors=1, targets=1
[DEBUG] armors=1, targets=1
[DEBUG] armors=1, targets=1
[DEBUG] armors=1, targets=1
[DEBUG] armors=1, targets=1
[DEBUG] armors=1, targets=1
[DEBUG] armors=1, targets=1
[DEBUG] armors=1, targets=1
[DEBUG] armors=1, targets=1
[DEBUG] armors=1, targets=1
[DEBUG] armors=1, targets=1
[DEBUG] armors=1, targets=1
[DEBUG] armors=1, targets=1
[DEBUG] armors=1, targets=1
[DEBUG] armors=1, targets=1
[DEBUG] armors=1, targets=1
[2026-09-05 14:06:13.829] [info] [DRYRUN] measured_gimbal=(2.758,-0.017,-0.056) measured_world=(2.739,0.306,-0.122) tracked_world=(2.743,0.307,-0.122) target_gimbal_deg=(-0.36,-1.17) target_world_deg=(6.38,-2.53) gimbal_deg=(6.74,1.36) armor_y_px=634.7 pixel_error_deg=(3.18,2.32) ballistic=(range=2.758m holdover=0.733m comp=14.58deg residual=-12.26deg) q_wxyz=(0.998203,0.000698,0.011863,-0.058740) cmd_deg=(8.50,-18.89) packed_pitch_deg=-18.89 control=true shoot=false
[DEBUG] armors=1, targets=1
[DEBUG] armors=1, targets=1
[DEBUG] armors=1, targets=1
[DEBUG] armors=1, targets=1
[DEBUG] armors=1, targets=1
[DEBUG] armors=1, targets=1
[DEBUG] armors=1, targets=1
[DEBUG] armors=1, targets=1
[DEBUG] armors=1, targets=1
[DEBUG] armors=1, targets=1
[DEBUG] armors=1, targets=1
[DEBUG] armors=1, targets=1
[DEBUG] armors=1, targets=1
[DEBUG] armors=1, targets=1
[DEBUG] armors=1, targets=1
[DEBUG] armors=1, targets=1
[DEBUG] armors=1, targets=1
[DEBUG] armors=1, targets=1
[DEBUG] armors=1, targets=1
[DEBUG] armors=1, targets=1
[2026-09-05 14:06:14.134] [info] [DRYRUN] measured_gimbal=(2.764,-0.017,-0.056) measured_world=(2.745,0.307,-0.122) tracked_world=(2.750,0.308,-0.123) target_gimbal_deg=(-0.36,-1.17) target_world_deg=(6.38,-2.53) gimbal_deg=(6.74,1.36) armor_y_px=634.6 pixel_error_deg=(3.18,2.32) ballistic=(range=2.764m holdover=0.736m comp=14.60deg residual=-12.28deg) q_wxyz=(0.998203,0.000698,0.011863,-0.058740) cmd_deg=(8.51,-18.97) packed_pitch_deg=-18.97 control=true shoot=false
[DEBUG] armors=1, targets=1
[DEBUG] armors=1, targets=1
[DEBUG] armors=1, targets=1
[DEBUG] armors=1, targets=1
[DEBUG] armors=1, targets=1
[DEBUG] armors=1, targets=1
[DEBUG] armors=1, targets=1
[DEBUG] armors=1, targets=1
[DEBUG] armors=1, targets=1
[2026-09-05 14:06:14.279] [info] [SYNC][XUC] mode=0 yaw=-6.74 deg pitch=1.36 deg feeder_rpm=0.00 wheel0_rpm=0 wheel1_rpm=0 wheel_delta=0 projectile_speed=9.50
[DEBUG] armors=1, targets=1
[2026-09-05 14:06:14.295] [info] [PERF] 总耗时=16.0ms (检测=13.3ms, 跟踪=0.4ms), FPS=62.7
[2026-09-05 14:06:14.295] [info] 📊 [CAMERA FPS] 瞬时帧率=62.6fps, 平均帧率=64.8fps, 总帧数=4550, 运行时间=70.2s
[DEBUG] armors=1, targets=1
[DEBUG] armors=1, targets=1
[DEBUG] armors=1, targets=1
[DEBUG] armors=1, targets=1
[DEBUG] armors=1, targets=1
[DEBUG] armors=1, targets=1
[DEBUG] armors=1, targets=1
[DEBUG] armors=1, targets=1
[DEBUG] armors=1, targets=1
[DEBUG] armors=1, targets=1
[2026-09-05 14:06:14.450] [info] [DRYRUN] measured_gimbal=(2.768,-0.017,-0.057) measured_world=(2.749,0.307,-0.123) tracked_world=(2.750,0.308,-0.123) target_gimbal_deg=(-0.35,-1.18) target_world_deg=(6.38,-2.54) gimbal_deg=(6.74,1.36) armor_y_px=634.8 pixel_error_deg=(3.18,2.32) ballistic=(range=2.768m holdover=0.737m comp=14.61deg residual=-12.29deg) q_wxyz=(0.998203,0.000698,0.011863,-0.058740) cmd_deg=(8.51,-18.95) packed_pitch_deg=-18.95 control=true shoot=false
[DEBUG] armors=1, targets=1
[DEBUG] armors=1, targets=1
[DEBUG] armors=1, targets=1
[DEBUG] armors=1, targets=1
[DEBUG] armors=1, targets=1
[DEBUG] armors=1, targets=1
[DEBUG] armors=1, targets=1
[DEBUG] armors=1, targets=1
[DEBUG] armors=1, targets=1
[DEBUG] armors=1, targets=1
[DEBUG] armors=1, targets=1
[DEBUG] armors=1, targets=1
[DEBUG] armors=1, targets=1
[DEBUG] armors=1, targets=1
[DEBUG] armors=1, targets=1
[DEBUG] armors=1, targets=1
[DEBUG] armors=1, targets=1
[DEBUG] armors=1, targets=1
[DEBUG] armors=1, targets=1
[DEBUG] armors=1, targets=1
[2026-09-05 14:06:14.760] [info] [DRYRUN] measured_gimbal=(2.769,-0.017,-0.057) measured_world=(2.749,0.307,-0.122) tracked_world=(2.746,0.307,-0.122) target_gimbal_deg=(-0.36,-1.17) target_world_deg=(6.38,-2.53) gimbal_deg=(6.74,1.36) armor_y_px=634.7 pixel_error_deg=(3.19,2.32) ballistic=(range=2.769m holdover=0.738m comp=14.61deg residual=-12.29deg) q_wxyz=(0.998203,0.000698,0.011863,-0.058740) cmd_deg=(8.50,-18.89) packed_pitch_deg=-18.89 control=true shoot=false
[DEBUG] armors=1, targets=1
[DEBUG] armors=1, targets=1
[DEBUG] armors=1, targets=1
[DEBUG] armors=1, targets=1
[DEBUG] armors=1, targets=1
[DEBUG] armors=1, targets=1
[DEBUG] armors=1, targets=1
[DEBUG] armors=1, targets=1
[DEBUG] armors=1, targets=1
[DEBUG] armors=1, targets=1
[DEBUG] armors=1, targets=1
[DEBUG] armors=1, targets=1
[DEBUG] armors=1, targets=1
[DEBUG] armors=1, targets=1
[DEBUG] armors=1, targets=1
[DEBUG] armors=1, targets=1
[DEBUG] armors=1, targets=1
[DEBUG] armors=1, targets=1
[DEBUG] armors=1, targets=1
[2026-09-05 14:06:15.059] [info] [SYNC][XUC] mode=0 yaw=-6.74 deg pitch=1.36 deg feeder_rpm=0.00 wheel0_rpm=0 wheel1_rpm=0 wheel_delta=0 projectile_speed=9.50
[DEBUG] armors=1, targets=1
[2026-09-05 14:06:15.072] [info] [DRYRUN] measured_gimbal=(2.757,-0.017,-0.056) measured_world=(2.738,0.306,-0.122) tracked_world=(2.748,0.307,-0.122) target_gimbal_deg=(-0.35,-1.17) target_world_deg=(6.38,-2.53) gimbal_deg=(6.74,1.36) armor_y_px=634.7 pixel_error_deg=(3.17,2.32) ballistic=(range=2.757m holdover=0.733m comp=14.58deg residual=-12.26deg) q_wxyz=(0.998203,0.000698,0.011863,-0.058740) cmd_deg=(8.50,-18.88) packed_pitch_deg=-18.88 control=true shoot=false
[2026-09-05 14:06:15.074] [info] [PERF] 总耗时=15.0ms (检测=12.3ms, 跟踪=0.4ms), FPS=66.9
[2026-09-05 14:06:15.074] [info] 📊 [CAMERA FPS] 瞬时帧率=66.7fps, 平均帧率=64.8fps, 总帧数=4600, 运行时间=71.0s
[DEBUG] armors=1, targets=1
[DEBUG] armors=1, targets=1
[DEBUG] armors=1, targets=1
[DEBUG] armors=1, targets=1
[DEBUG] armors=1, targets=1
[DEBUG] armors=1, targets=1
[DEBUG] armors=1, targets=1
[DEBUG] armors=1, targets=1
[DEBUG] armors=1, targets=1
[DEBUG] armors=1, targets=1
[DEBUG] armors=1, targets=1
[DEBUG] armors=1, targets=1
[DEBUG] armors=1, targets=1
[DEBUG] armors=1, targets=1
[DEBUG] armors=1, targets=1
[DEBUG] armors=1, targets=1
[DEBUG] armors=1, targets=1
[DEBUG] armors=1, targets=1
[DEBUG] armors=1, targets=1
[DEBUG] armors=1, targets=1
[2026-09-05 14:06:15.389] [info] [DRYRUN] measured_gimbal=(2.780,-0.017,-0.057) measured_world=(2.761,0.309,-0.123) tracked_world=(2.754,0.308,-0.123) target_gimbal_deg=(-0.35,-1.18) target_world_deg=(6.38,-2.54) gimbal_deg=(6.74,1.36) armor_y_px=634.6 pixel_error_deg=(3.18,2.32) ballistic=(range=2.780m holdover=0.742m comp=14.65deg residual=-12.33deg) q_wxyz=(0.998203,0.000698,0.011863,-0.058740) cmd_deg=(8.51,-19.00) packed_pitch_deg=-19.00 control=true shoot=false
[DEBUG] armors=1, targets=1
[DEBUG] armors=1, targets=1
[DEBUG] armors=1, targets=1
[DEBUG] armors=1, targets=1
[DEBUG] armors=1, targets=1
[DEBUG] armors=1, targets=1
[DEBUG] armors=1, targets=1
[DEBUG] armors=1, targets=1
[DEBUG] armors=1, targets=1
[DEBUG] armors=1, targets=1
[DEBUG] armors=1, targets=1
[DEBUG] armors=1, targets=1
[DEBUG] armors=1, targets=1
[DEBUG] armors=1, targets=1
[DEBUG] armors=1, targets=1
[DEBUG] armors=1, targets=1
[DEBUG] armors=1, targets=1
[DEBUG] armors=1, targets=1
[DEBUG] armors=1, targets=1
[DEBUG] armors=1, targets=1
[2026-09-05 14:06:15.702] [info] [DRYRUN] measured_gimbal=(2.764,-0.017,-0.057) measured_world=(2.745,0.307,-0.122) tracked_world=(2.755,0.308,-0.123) target_gimbal_deg=(-0.35,-1.17) target_world_deg=(6.38,-2.54) gimbal_deg=(6.74,1.36) armor_y_px=634.9 pixel_error_deg=(3.18,2.33) ballistic=(range=2.764m holdover=0.736m comp=14.60deg residual=-12.28deg) q_wxyz=(0.998203,0.000698,0.011863,-0.058740) cmd_deg=(8.51,-18.90) packed_pitch_deg=-18.90 control=true shoot=false
[DEBUG] armors=1, targets=1
[DEBUG] armors=1, targets=1
[DEBUG] armors=1, targets=1
[DEBUG] armors=1, targets=1
[DEBUG] armors=1, targets=1
[DEBUG] armors=1, targets=1
[DEBUG] armors=1, targets=1
[DEBUG] armors=1, targets=1
[DEBUG] armors=1, targets=1
[2026-09-05 14:06:15.846] [info] [SYNC][XUC] mode=0 yaw=-6.74 deg pitch=1.36 deg feeder_rpm=0.00 wheel0_rpm=0 wheel1_rpm=0 wheel_delta=0 projectile_speed=9.50
[DEBUG] armors=1, targets=1
[2026-09-05 14:06:15.862] [info] [PERF] 总耗时=15.7ms (检测=12.9ms, 跟踪=0.4ms), FPS=63.7
[2026-09-05 14:06:15.862] [info] 📊 [CAMERA FPS] 瞬时帧率=63.6fps, 平均帧率=64.8fps, 总帧数=4650, 运行时间=71.7s
[DEBUG] armors=1, targets=1
[DEBUG] armors=1, targets=1
[DEBUG] armors=1, targets=1
[DEBUG] armors=1, targets=1
[DEBUG] armors=1, targets=1
[DEBUG] armors=1, targets=1
[DEBUG] armors=1, targets=1
[DEBUG] armors=1, targets=1
[DEBUG] armors=1, targets=1
[DEBUG] armors=1, targets=1
[2026-09-05 14:06:16.016] [info] [DRYRUN] measured_gimbal=(2.778,-0.017,-0.057) measured_world=(2.759,0.309,-0.123) tracked_world=(2.752,0.308,-0.123) target_gimbal_deg=(-0.35,-1.18) target_world_deg=(6.39,-2.54) gimbal_deg=(6.74,1.36) armor_y_px=634.6 pixel_error_deg=(3.18,2.32) ballistic=(range=2.779m holdover=0.742m comp=14.64deg residual=-12.32deg) q_wxyz=(0.998203,0.000698,0.011863,-0.058740) cmd_deg=(8.50,-18.96) packed_pitch_deg=-18.96 control=true shoot=false
[DEBUG] armors=1, targets=1
[DEBUG] armors=1, targets=1
[DEBUG] armors=1, targets=1
[DEBUG] armors=1, targets=1
[DEBUG] armors=1, targets=1
[DEBUG] armors=1, targets=1
[DEBUG] armors=1, targets=1
[DEBUG] armors=1, targets=1
[DEBUG] armors=1, targets=1
[DEBUG] armors=1, targets=1
[DEBUG] armors=1, targets=1
[DEBUG] armors=1, targets=1
[DEBUG] armors=1, targets=1
[DEBUG] armors=1, targets=1
[DEBUG] armors=1, targets=1
[DEBUG] armors=1, targets=1
[DEBUG] armors=1, targets=1
[DEBUG] armors=1, targets=1
[DEBUG] armors=1, targets=1
[DEBUG] armors=1, targets=1
[2026-09-05 14:06:16.333] [info] [DRYRUN] measured_gimbal=(2.775,-0.017,-0.057) measured_world=(2.755,0.308,-0.123) tracked_world=(2.752,0.308,-0.123) target_gimbal_deg=(-0.36,-1.18) target_world_deg=(6.38,-2.54) gimbal_deg=(6.74,1.36) armor_y_px=634.7 pixel_error_deg=(3.19,2.32) ballistic=(range=2.775m holdover=0.740m comp=14.63deg residual=-12.31deg) q_wxyz=(0.998203,0.000698,0.011863,-0.058740) cmd_deg=(8.50,-18.92) packed_pitch_deg=-18.92 control=true shoot=false
[DEBUG] armors=1, targets=1
[DEBUG] armors=1, targets=1
[DEBUG] armors=1, targets=1
[DEBUG] armors=1, targets=1
[DEBUG] armors=1, targets=1
[DEBUG] armors=1, targets=1
[DEBUG] armors=1, targets=1
[DEBUG] armors=1, targets=1
[DEBUG] armors=1, targets=1
[DEBUG] armors=1, targets=1
[DEBUG] armors=1, targets=1
[DEBUG] armors=1, targets=1
[DEBUG] armors=1, targets=1
[DEBUG] armors=1, targets=1
[DEBUG] armors=1, targets=1
[DEBUG] armors=1, targets=1
[DEBUG] armors=1, targets=1
[DEBUG] armors=1, targets=1
[DEBUG] armors=1, targets=1
[2026-09-05 14:06:16.636] [info] [SYNC][XUC] mode=0 yaw=-6.74 deg pitch=1.36 deg feeder_rpm=0.00 wheel0_rpm=0 wheel1_rpm=0 wheel_delta=0 projectile_speed=9.50
[DEBUG] armors=1, targets=1
[2026-09-05 14:06:16.649] [info] [DRYRUN] measured_gimbal=(2.764,-0.017,-0.057) measured_world=(2.745,0.307,-0.122) tracked_world=(2.748,0.307,-0.122) target_gimbal_deg=(-0.35,-1.17) target_world_deg=(6.38,-2.53) gimbal_deg=(6.74,1.36) armor_y_px=634.8 pixel_error_deg=(3.18,2.32) ballistic=(range=2.764m holdover=0.736m comp=14.60deg residual=-12.28deg) q_wxyz=(0.998203,0.000698,0.011863,-0.058740) cmd_deg=(8.51,-18.94) packed_pitch_deg=-18.94 control=true shoot=false
[2026-09-05 14:06:16.652] [info] [PERF] 总耗时=15.5ms (检测=12.4ms, 跟踪=0.4ms), FPS=64.3
[2026-09-05 14:06:16.652] [info] 📊 [CAMERA FPS] 瞬时帧率=64.2fps, 平均帧率=64.8fps, 总帧数=4700, 运行时间=72.5s
[DEBUG] armors=1, targets=1
[DEBUG] armors=1, targets=1
[DEBUG] armors=1, targets=1
[DEBUG] armors=1, targets=1
[DEBUG] armors=1, targets=1
[DEBUG] armors=1, targets=1
[DEBUG] armors=1, targets=1
[DEBUG] armors=1, targets=1
[DEBUG] armors=1, targets=1
[DEBUG] armors=1, targets=1
[DEBUG] armors=1, targets=1
[DEBUG] armors=1, targets=1
[DEBUG] armors=1, targets=1
[DEBUG] armors=1, targets=1
[DEBUG] armors=1, targets=1
[DEBUG] armors=1, targets=1
[DEBUG] armors=1, targets=1
[DEBUG] armors=1, targets=1
[DEBUG] armors=1, targets=1
[DEBUG] armors=1, targets=1
[2026-09-05 14:06:16.969] [info] [DRYRUN] measured_gimbal=(2.772,-0.017,-0.057) measured_world=(2.753,0.308,-0.123) tracked_world=(2.751,0.308,-0.123) target_gimbal_deg=(-0.35,-1.17) target_world_deg=(6.39,-2.53) gimbal_deg=(6.74,1.36) armor_y_px=634.6 pixel_error_deg=(3.17,2.32) ballistic=(range=2.772m holdover=0.739m comp=14.62deg residual=-12.31deg) q_wxyz=(0.998203,0.000698,0.011863,-0.058740) cmd_deg=(8.51,-18.95) packed_pitch_deg=-18.95 control=true shoot=false
[DEBUG] armors=1, targets=1
[DEBUG] armors=1, targets=1
[DEBUG] armors=1, targets=1
[DEBUG] armors=1, targets=1
[DEBUG] armors=1, targets=1
[DEBUG] armors=1, targets=1
[DEBUG] armors=1, targets=1
[DEBUG] armors=1, targets=1
[DEBUG] armors=1, targets=1
[DEBUG] armors=1, targets=1
[DEBUG] armors=1, targets=1
[DEBUG] armors=1, targets=1
[DEBUG] armors=1, targets=1
[DEBUG] armors=1, targets=1
[DEBUG] armors=1, targets=1
[DEBUG] armors=1, targets=1
[DEBUG] armors=1, targets=1
[DEBUG] armors=1, targets=1
[DEBUG] armors=1, targets=1
[DEBUG] armors=1, targets=1
[2026-09-05 14:06:17.279] [info] [DRYRUN] measured_gimbal=(2.765,-0.017,-0.056) measured_world=(2.746,0.307,-0.122) tracked_world=(2.754,0.308,-0.123) target_gimbal_deg=(-0.36,-1.17) target_world_deg=(6.38,-2.53) gimbal_deg=(6.74,1.36) armor_y_px=634.6 pixel_error_deg=(3.18,2.32) ballistic=(range=2.765m holdover=0.736m comp=14.60deg residual=-12.28deg) q_wxyz=(0.998203,0.000698,0.011863,-0.058740) cmd_deg=(8.51,-18.93) packed_pitch_deg=-18.93 control=true shoot=false
[DEBUG] armors=1, targets=1
[DEBUG] armors=1, targets=1
[DEBUG] armors=1, targets=1
[DEBUG] armors=1, targets=1
[DEBUG] armors=1, targets=1
[DEBUG] armors=1, targets=1
[DEBUG] armors=1, targets=1
[DEBUG] armors=1, targets=1
[DEBUG] armors=1, targets=1
[2026-09-05 14:06:17.419] [info] [SYNC][XUC] mode=0 yaw=-6.74 deg pitch=1.36 deg feeder_rpm=0.00 wheel0_rpm=0 wheel1_rpm=0 wheel_delta=0 projectile_speed=9.50
[DEBUG] armors=1, targets=1
[2026-09-05 14:06:17.435] [info] [PERF] 总耗时=15.3ms (检测=12.6ms, 跟踪=0.4ms), FPS=65.6
[2026-09-05 14:06:17.435] [info] 📊 [CAMERA FPS] 瞬时帧率=65.4fps, 平均帧率=64.8fps, 总帧数=4750, 运行时间=73.3s
[DEBUG] armors=1, targets=1
[DEBUG] armors=1, targets=1
[DEBUG] armors=1, targets=1
[DEBUG] armors=1, targets=1
[DEBUG] armors=1, targets=1
[DEBUG] armors=1, targets=1
[DEBUG] armors=1, targets=1
[DEBUG] armors=1, targets=1
[DEBUG] armors=1, targets=1
[DEBUG] armors=1, targets=1
[2026-09-05 14:06:17.584] [info] [DRYRUN] measured_gimbal=(2.780,-0.017,-0.057) measured_world=(2.761,0.309,-0.123) tracked_world=(2.749,0.307,-0.122) target_gimbal_deg=(-0.35,-1.18) target_world_deg=(6.38,-2.54) gimbal_deg=(6.74,1.36) armor_y_px=634.6 pixel_error_deg=(3.18,2.32) ballistic=(range=2.780m holdover=0.742m comp=14.65deg residual=-12.33deg) q_wxyz=(0.998203,0.000698,0.011863,-0.058740) cmd_deg=(8.49,-18.92) packed_pitch_deg=-18.92 control=true shoot=false
[DEBUG] armors=1, targets=1
[DEBUG] armors=1, targets=1
[DEBUG] armors=1, targets=1
[DEBUG] armors=1, targets=1
[DEBUG] armors=1, targets=1
[DEBUG] armors=1, targets=1
[DEBUG] armors=1, targets=1
[DEBUG] armors=1, targets=1
[DEBUG] armors=1, targets=1
[DEBUG] armors=1, targets=1
[DEBUG] armors=1, targets=1
[DEBUG] armors=1, targets=1
[DEBUG] armors=1, targets=1
[DEBUG] armors=1, targets=1
[DEBUG] armors=1, targets=1
[DEBUG] armors=1, targets=1
[DEBUG] armors=1, targets=1
[DEBUG] armors=1, targets=1
[DEBUG] armors=1, targets=1
[DEBUG] armors=1, targets=1
[2026-09-05 14:06:17.905] [info] [DRYRUN] measured_gimbal=(2.764,-0.017,-0.056) measured_world=(2.745,0.307,-0.122) tracked_world=(2.744,0.307,-0.122) target_gimbal_deg=(-0.36,-1.17) target_world_deg=(6.38,-2.53) gimbal_deg=(6.74,1.36) armor_y_px=634.7 pixel_error_deg=(3.18,2.32) ballistic=(range=2.764m holdover=0.736m comp=14.60deg residual=-12.28deg) q_wxyz=(0.998203,0.000698,0.011863,-0.058740) cmd_deg=(8.50,-18.89) packed_pitch_deg=-18.89 control=true shoot=false
[DEBUG] armors=1, targets=1
[DEBUG] armors=1, targets=1
[DEBUG] armors=1, targets=1
[DEBUG] armors=1, targets=1
[DEBUG] armors=1, targets=1
[DEBUG] armors=1, targets=1
[DEBUG] armors=1, targets=1
[DEBUG] armors=1, targets=1
[DEBUG] armors=1, targets=1
[DEBUG] armors=1, targets=1
[DEBUG] armors=1, targets=1
[DEBUG] armors=1, targets=1
[DEBUG] armors=1, targets=1
[DEBUG] armors=1, targets=1
[DEBUG] armors=1, targets=1
[DEBUG] armors=1, targets=1
[DEBUG] armors=1, targets=1
[DEBUG] armors=1, targets=1
[DEBUG] armors=1, targets=1
[2026-09-05 14:06:18.208] [info] [SYNC][XUC] mode=0 yaw=-6.74 deg pitch=1.36 deg feeder_rpm=0.00 wheel0_rpm=0 wheel1_rpm=0 wheel_delta=0 projectile_speed=9.50
[DEBUG] armors=1, targets=1
[2026-09-05 14:06:18.221] [info] [DRYRUN] measured_gimbal=(2.769,-0.017,-0.057) measured_world=(2.750,0.307,-0.122) tracked_world=(2.745,0.307,-0.122) target_gimbal_deg=(-0.36,-1.17) target_world_deg=(6.38,-2.53) gimbal_deg=(6.74,1.36) armor_y_px=634.7 pixel_error_deg=(3.18,2.32) ballistic=(range=2.769m holdover=0.738m comp=14.61deg residual=-12.29deg) q_wxyz=(0.998203,0.000698,0.011863,-0.058740) cmd_deg=(8.50,-18.89) packed_pitch_deg=-18.89 control=true shoot=false
[2026-09-05 14:06:18.223] [info] [PERF] 总耗时=15.7ms (检测=12.8ms, 跟踪=0.5ms), FPS=63.7
[2026-09-05 14:06:18.223] [info] 📊 [CAMERA FPS] 瞬时帧率=63.5fps, 平均帧率=64.8fps, 总帧数=4800, 运行时间=74.1s
[DEBUG] armors=1, targets=1
[DEBUG] armors=1, targets=1
[DEBUG] armors=1, targets=1
[DEBUG] armors=1, targets=1
[DEBUG] armors=1, targets=1
[DEBUG] armors=1, targets=1
[DEBUG] armors=1, targets=1
[DEBUG] armors=1, targets=1
[DEBUG] armors=1, targets=1
[DEBUG] armors=1, targets=1
[DEBUG] armors=1, targets=1
[DEBUG] armors=1, targets=1
[DEBUG] armors=1, targets=1
[DEBUG] armors=1, targets=1
[DEBUG] armors=1, targets=1
[DEBUG] armors=1, targets=1
[DEBUG] armors=1, targets=1
[DEBUG] armors=1, targets=1
[DEBUG] armors=1, targets=1
[DEBUG] armors=1, targets=1
[2026-09-05 14:06:18.538] [info] [DRYRUN] measured_gimbal=(2.762,-0.017,-0.057) measured_world=(2.743,0.307,-0.122) tracked_world=(2.746,0.307,-0.122) target_gimbal_deg=(-0.35,-1.17) target_world_deg=(6.38,-2.53) gimbal_deg=(6.74,1.36) armor_y_px=634.8 pixel_error_deg=(3.18,2.32) ballistic=(range=2.763m holdover=0.735m comp=14.60deg residual=-12.27deg) q_wxyz=(0.998203,0.000698,0.011863,-0.058740) cmd_deg=(8.50,-18.91) packed_pitch_deg=-18.91 control=true shoot=false
[DEBUG] armors=1, targets=1
[DEBUG] armors=1, targets=1
[DEBUG] armors=1, targets=1
[DEBUG] armors=1, targets=1
[DEBUG] armors=1, targets=1
[DEBUG] armors=1, targets=1
[DEBUG] armors=1, targets=1
[DEBUG] armors=1, targets=1
[DEBUG] armors=1, targets=1
[DEBUG] armors=1, targets=1
[DEBUG] armors=1, targets=1
[DEBUG] armors=1, targets=1
[DEBUG] armors=1, targets=1
[DEBUG] armors=1, targets=1
[DEBUG] armors=1, targets=1
[DEBUG] armors=1, targets=1
[DEBUG] armors=1, targets=1
[DEBUG] armors=1, targets=1
[DEBUG] armors=1, targets=1
[DEBUG] armors=1, targets=1
[2026-09-05 14:06:18.855] [info] [DRYRUN] measured_gimbal=(2.725,-0.017,-0.055) measured_world=(2.706,0.302,-0.120) tracked_world=(2.750,0.308,-0.122) target_gimbal_deg=(-0.36,-1.15) target_world_deg=(6.37,-2.52) gimbal_deg=(6.74,1.36) armor_y_px=634.8 pixel_error_deg=(3.18,2.32) ballistic=(range=2.725m holdover=0.719m comp=14.48deg residual=-12.16deg) q_wxyz=(0.998203,0.000698,0.011863,-0.058740) cmd_deg=(8.51,-18.84) packed_pitch_deg=-18.84 control=true shoot=false
[DEBUG] armors=1, targets=1
[DEBUG] armors=1, targets=1
[DEBUG] armors=1, targets=1
[DEBUG] armors=1, targets=1
[DEBUG] armors=1, targets=1
[DEBUG] armors=1, targets=1
[DEBUG] armors=1, targets=1
[DEBUG] armors=1, targets=1
[DEBUG] armors=1, targets=1
[2026-09-05 14:06:18.997] [info] [SYNC][XUC] mode=0 yaw=-6.74 deg pitch=1.36 deg feeder_rpm=0.00 wheel0_rpm=0 wheel1_rpm=0 wheel_delta=0 projectile_speed=9.50
[DEBUG] armors=1, targets=1
[2026-09-05 14:06:19.012] [info] [PERF] 总耗时=15.3ms (检测=12.4ms, 跟踪=0.4ms), FPS=65.2
[2026-09-05 14:06:19.012] [info] 📊 [CAMERA FPS] 瞬时帧率=65.1fps, 平均帧率=64.8fps, 总帧数=4850, 运行时间=74.9s
[DEBUG] armors=1, targets=1
[DEBUG] armors=1, targets=1
[DEBUG] armors=1, targets=1
[DEBUG] armors=1, targets=1
[DEBUG] armors=1, targets=1
[DEBUG] armors=1, targets=1
[DEBUG] armors=1, targets=1
[DEBUG] armors=1, targets=1
[DEBUG] armors=1, targets=1
[DEBUG] armors=1, targets=1
[2026-09-05 14:06:19.166] [info] [DRYRUN] measured_gimbal=(2.786,-0.017,-0.057) measured_world=(2.766,0.310,-0.124) tracked_world=(2.754,0.308,-0.123) target_gimbal_deg=(-0.34,-1.18) target_world_deg=(6.39,-2.54) gimbal_deg=(6.74,1.36) armor_y_px=634.7 pixel_error_deg=(3.17,2.32) ballistic=(range=2.786m holdover=0.745m comp=14.67deg residual=-12.35deg) q_wxyz=(0.998203,0.000698,0.011863,-0.058740) cmd_deg=(8.50,-18.98) packed_pitch_deg=-18.98 control=true shoot=false
[DEBUG] armors=1, targets=1
[DEBUG] armors=1, targets=1
[DEBUG] armors=1, targets=1
[DEBUG] armors=1, targets=1
[DEBUG] armors=1, targets=1
[DEBUG] armors=1, targets=1
[DEBUG] armors=1, targets=1
[DEBUG] armors=1, targets=1
[DEBUG] armors=1, targets=1
[DEBUG] armors=1, targets=1
[DEBUG] armors=1, targets=1
[DEBUG] armors=1, targets=1
[DEBUG] armors=1, targets=1
[DEBUG] armors=1, targets=1
[DEBUG] armors=1, targets=1
[DEBUG] armors=1, targets=1
[DEBUG] armors=1, targets=1
[DEBUG] armors=1, targets=1
[DEBUG] armors=1, targets=1
[DEBUG] armors=1, targets=1
[2026-09-05 14:06:19.478] [info] [DRYRUN] measured_gimbal=(2.801,-0.017,-0.058) measured_world=(2.782,0.312,-0.125) tracked_world=(2.754,0.308,-0.123) target_gimbal_deg=(-0.34,-1.19) target_world_deg=(6.39,-2.55) gimbal_deg=(6.74,1.36) armor_y_px=634.6 pixel_error_deg=(3.18,2.32) ballistic=(range=2.802m holdover=0.751m comp=14.71deg residual=-12.39deg) q_wxyz=(0.998203,0.000698,0.011863,-0.058740) cmd_deg=(8.50,-18.96) packed_pitch_deg=-18.96 control=true shoot=false
[DEBUG] armors=1, targets=1
[DEBUG] armors=1, targets=1
[DEBUG] armors=1, targets=1
[DEBUG] armors=1, targets=1
[DEBUG] armors=1, targets=1
[DEBUG] armors=1, targets=1
[DEBUG] armors=1, targets=1
[DEBUG] armors=1, targets=1
[DEBUG] armors=1, targets=1
[DEBUG] armors=1, targets=1
[DEBUG] armors=1, targets=1
[DEBUG] armors=1, targets=1
[DEBUG] armors=1, targets=1
[DEBUG] armors=1, targets=1
[DEBUG] armors=1, targets=1
[DEBUG] armors=1, targets=1
[DEBUG] armors=1, targets=1
[DEBUG] armors=1, targets=1
[DEBUG] armors=1, targets=1
[2026-09-05 14:06:19.777] [info] [SYNC][XUC] mode=0 yaw=-6.74 deg pitch=1.36 deg feeder_rpm=0.00 wheel0_rpm=0 wheel1_rpm=0 wheel_delta=0 projectile_speed=9.50
[DEBUG] armors=1, targets=1
[2026-09-05 14:06:19.790] [info] [DRYRUN] measured_gimbal=(2.769,-0.017,-0.057) measured_world=(2.750,0.307,-0.122) tracked_world=(2.748,0.307,-0.122) target_gimbal_deg=(-0.36,-1.17) target_world_deg=(6.38,-2.53) gimbal_deg=(6.74,1.36) armor_y_px=634.7 pixel_error_deg=(3.19,2.32) ballistic=(range=2.769m holdover=0.738m comp=14.61deg residual=-12.29deg) q_wxyz=(0.998203,0.000698,0.011863,-0.058740) cmd_deg=(8.50,-18.89) packed_pitch_deg=-18.89 control=true shoot=false
[2026-09-05 14:06:19.792] [info] [PERF] 总耗时=15.5ms (检测=12.6ms, 跟踪=0.5ms), FPS=64.6
[2026-09-05 14:06:19.792] [info] 📊 [CAMERA FPS] 瞬时帧率=64.5fps, 平均帧率=64.8fps, 总帧数=4900, 运行时间=75.7s
[DEBUG] armors=1, targets=1
[DEBUG] armors=1, targets=1
[DEBUG] armors=1, targets=1
[DEBUG] armors=1, targets=1
[DEBUG] armors=1, targets=1
[DEBUG] armors=1, targets=1
[DEBUG] armors=1, targets=1
[DEBUG] armors=1, targets=1
[DEBUG] armors=1, targets=1
[DEBUG] armors=1, targets=1
[DEBUG] armors=1, targets=1
[DEBUG] armors=1, targets=1
[DEBUG] armors=1, targets=1
[DEBUG] armors=1, targets=1
[DEBUG] armors=1, targets=1
[DEBUG] armors=1, targets=1
[DEBUG] armors=1, targets=1
[DEBUG] armors=1, targets=1
[DEBUG] armors=1, targets=1
[DEBUG] armors=1, targets=1
[2026-09-05 14:06:20.100] [info] [DRYRUN] measured_gimbal=(2.733,-0.018,-0.055) measured_world=(2.714,0.303,-0.120) tracked_world=(2.745,0.307,-0.122) target_gimbal_deg=(-0.37,-1.16) target_world_deg=(6.37,-2.52) gimbal_deg=(6.74,1.36) armor_y_px=634.7 pixel_error_deg=(3.18,2.32) ballistic=(range=2.733m holdover=0.723m comp=14.51deg residual=-12.18deg) q_wxyz=(0.998203,0.000698,0.011863,-0.058740) cmd_deg=(8.50,-18.83) packed_pitch_deg=-18.83 control=true shoot=false
[DEBUG] armors=1, targets=1
[DEBUG] armors=1, targets=1
[DEBUG] armors=1, targets=1
[DEBUG] armors=1, targets=1
[DEBUG] armors=1, targets=1
[DEBUG] armors=1, targets=1
[DEBUG] armors=1, targets=1
[DEBUG] armors=1, targets=1
[DEBUG] armors=1, targets=1
[DEBUG] armors=1, targets=1
[DEBUG] armors=1, targets=1
[DEBUG] armors=1, targets=1
[DEBUG] armors=1, targets=1
[DEBUG] armors=1, targets=1
[DEBUG] armors=1, targets=1
[DEBUG] armors=1, targets=1
[DEBUG] armors=1, targets=1
[DEBUG] armors=1, targets=1
[DEBUG] armors=1, targets=1
[DEBUG] armors=1, targets=1
[2026-09-05 14:06:20.416] [info] [DRYRUN] measured_gimbal=(2.801,-0.017,-0.058) measured_world=(2.782,0.311,-0.125) tracked_world=(2.742,0.307,-0.122) target_gimbal_deg=(-0.35,-1.19) target_world_deg=(6.39,-2.55) gimbal_deg=(6.74,1.36) armor_y_px=634.7 pixel_error_deg=(3.18,2.32) ballistic=(range=2.802m holdover=0.751m comp=14.71deg residual=-12.39deg) q_wxyz=(0.998203,0.000698,0.011863,-0.058740) cmd_deg=(8.50,-18.97) packed_pitch_deg=-18.97 control=true shoot=false
[DEBUG] armors=1, targets=1
[DEBUG] armors=1, targets=1
[DEBUG] armors=1, targets=1
[DEBUG] armors=1, targets=1
[DEBUG] armors=1, targets=1
[DEBUG] armors=1, targets=1
[DEBUG] armors=1, targets=1
[DEBUG] armors=1, targets=1
[DEBUG] armors=1, targets=1
[2026-09-05 14:06:20.559] [info] [SYNC][XUC] mode=0 yaw=-6.74 deg pitch=1.36 deg feeder_rpm=0.00 wheel0_rpm=0 wheel1_rpm=0 wheel_delta=0 projectile_speed=9.50
[DEBUG] armors=1, targets=1
[2026-09-05 14:06:20.575] [info] [PERF] 总耗时=15.8ms (检测=13.1ms, 跟踪=0.4ms), FPS=63.4
[2026-09-05 14:06:20.575] [info] 📊 [CAMERA FPS] 瞬时帧率=63.3fps, 平均帧率=64.7fps, 总帧数=4950, 运行时间=76.5s
[DEBUG] armors=1, targets=1
[DEBUG] armors=1, targets=1
[DEBUG] armors=1, targets=1
[DEBUG] armors=1, targets=1
[DEBUG] armors=1, targets=1
[DEBUG] armors=1, targets=1
[DEBUG] armors=1, targets=1
[DEBUG] armors=1, targets=1
[DEBUG] armors=1, targets=1
[DEBUG] armors=1, targets=1
[2026-09-05 14:06:20.734] [info] [DRYRUN] measured_gimbal=(2.770,-0.017,-0.057) measured_world=(2.751,0.308,-0.123) tracked_world=(2.746,0.307,-0.122) target_gimbal_deg=(-0.35,-1.18) target_world_deg=(6.39,-2.54) gimbal_deg=(6.74,1.36) armor_y_px=634.8 pixel_error_deg=(3.17,2.32) ballistic=(range=2.770m holdover=0.738m comp=14.62deg residual=-12.29deg) q_wxyz=(0.998203,0.000698,0.011863,-0.058740) cmd_deg=(8.50,-18.92) packed_pitch_deg=-18.92 control=true shoot=false
[DEBUG] armors=1, targets=1
[DEBUG] armors=1, targets=1
[DEBUG] armors=1, targets=1
[DEBUG] armors=1, targets=1
[DEBUG] armors=1, targets=1
[DEBUG] armors=1, targets=1
[DEBUG] armors=1, targets=1
[DEBUG] armors=1, targets=1
[DEBUG] armors=1, targets=1
[DEBUG] armors=1, targets=1
[DEBUG] armors=1, targets=1
[DEBUG] armors=1, targets=1
[DEBUG] armors=1, targets=1
[DEBUG] armors=1, targets=1
[DEBUG] armors=1, targets=1
[DEBUG] armors=1, targets=1
[DEBUG] armors=1, targets=1
[DEBUG] armors=1, targets=1
[DEBUG] armors=1, targets=1
[DEBUG] armors=1, targets=1
[2026-09-05 14:06:21.049] [info] [DRYRUN] measured_gimbal=(2.771,-0.017,-0.057) measured_world=(2.751,0.308,-0.123) tracked_world=(2.746,0.307,-0.122) target_gimbal_deg=(-0.35,-1.18) target_world_deg=(6.39,-2.54) gimbal_deg=(6.74,1.36) armor_y_px=634.8 pixel_error_deg=(3.17,2.32) ballistic=(range=2.771m holdover=0.738m comp=14.62deg residual=-12.30deg) q_wxyz=(0.998203,0.000698,0.011863,-0.058740) cmd_deg=(8.50,-18.91) packed_pitch_deg=-18.91 control=true shoot=false
[DEBUG] armors=1, targets=1
[DEBUG] armors=1, targets=1
[DEBUG] armors=1, targets=1
[DEBUG] armors=1, targets=1
[DEBUG] armors=1, targets=1
[DEBUG] armors=1, targets=1
[DEBUG] armors=1, targets=1
[DEBUG] armors=1, targets=1
[DEBUG] armors=1, targets=1
[DEBUG] armors=1, targets=1
[DEBUG] armors=1, targets=1
[DEBUG] armors=1, targets=1
[DEBUG] armors=1, targets=1
[DEBUG] armors=1, targets=1
[DEBUG] armors=1, targets=1
[DEBUG] armors=1, targets=1
[DEBUG] armors=1, targets=1
[DEBUG] armors=1, targets=1
[DEBUG] armors=1, targets=1
[2026-09-05 14:06:21.345] [info] [SYNC][XUC] mode=0 yaw=-6.74 deg pitch=1.36 deg feeder_rpm=0.00 wheel0_rpm=0 wheel1_rpm=0 wheel_delta=0 projectile_speed=9.50
[DEBUG] armors=1, targets=1
[2026-09-05 14:06:21.359] [info] [DRYRUN] measured_gimbal=(2.787,-0.017,-0.058) measured_world=(2.768,0.310,-0.124) tracked_world=(2.746,0.307,-0.122) target_gimbal_deg=(-0.35,-1.18) target_world_deg=(6.38,-2.54) gimbal_deg=(6.74,1.36) armor_y_px=634.8 pixel_error_deg=(3.18,2.32) ballistic=(range=2.787m holdover=0.745m comp=14.67deg residual=-12.35deg) q_wxyz=(0.998203,0.000698,0.011863,-0.058740) cmd_deg=(8.50,-18.97) packed_pitch_deg=-18.97 control=true shoot=false
[2026-09-05 14:06:21.361] [info] [PERF] 总耗时=15.7ms (检测=12.8ms, 跟踪=0.5ms), FPS=63.9
[2026-09-05 14:06:21.361] [info] 📊 [CAMERA FPS] 瞬时帧率=63.8fps, 平均帧率=64.7fps, 总帧数=5000, 运行时间=77.2s
[DEBUG] armors=1, targets=1
[DEBUG] armors=1, targets=1
[DEBUG] armors=1, targets=1
[DEBUG] armors=1, targets=1
[DEBUG] armors=1, targets=1
[DEBUG] armors=1, targets=1
[DEBUG] armors=1, targets=1
[DEBUG] armors=1, targets=1
[DEBUG] armors=1, targets=1
[DEBUG] armors=1, targets=1
[DEBUG] armors=1, targets=1
[DEBUG] armors=1, targets=1
[DEBUG] armors=1, targets=1
[DEBUG] armors=1, targets=1
[DEBUG] armors=1, targets=1
[DEBUG] armors=1, targets=1
[DEBUG] armors=1, targets=1
[DEBUG] armors=1, targets=1
[DEBUG] armors=1, targets=1
[DEBUG] armors=1, targets=1
[2026-09-05 14:06:21.670] [info] [DRYRUN] measured_gimbal=(2.757,-0.017,-0.056) measured_world=(2.738,0.306,-0.122) tracked_world=(2.748,0.307,-0.122) target_gimbal_deg=(-0.36,-1.17) target_world_deg=(6.38,-2.53) gimbal_deg=(6.74,1.36) armor_y_px=634.7 pixel_error_deg=(3.18,2.32) ballistic=(range=2.758m holdover=0.733m comp=14.58deg residual=-12.26deg) q_wxyz=(0.998203,0.000698,0.011863,-0.058740) cmd_deg=(8.50,-18.89) packed_pitch_deg=-18.89 control=true shoot=false
[DEBUG] armors=1, targets=1
[DEBUG] armors=1, targets=1
[DEBUG] armors=1, targets=1
[DEBUG] armors=1, targets=1
[DEBUG] armors=1, targets=1
[DEBUG] armors=1, targets=1
[DEBUG] armors=1, targets=1
[DEBUG] armors=1, targets=1
[DEBUG] armors=1, targets=1
[DEBUG] armors=1, targets=1
[DEBUG] armors=1, targets=1
[DEBUG] armors=1, targets=1
[DEBUG] armors=1, targets=1
[DEBUG] armors=1, targets=1
[DEBUG] armors=1, targets=1
[DEBUG] armors=1, targets=1
[DEBUG] armors=1, targets=1
[DEBUG] armors=1, targets=1
[DEBUG] armors=1, targets=1
[DEBUG] armors=1, targets=1
[2026-09-05 14:06:21.983] [info] [DRYRUN] measured_gimbal=(2.754,-0.017,-0.056) measured_world=(2.734,0.306,-0.121) tracked_world=(2.751,0.308,-0.122) target_gimbal_deg=(-0.36,-1.16) target_world_deg=(6.38,-2.52) gimbal_deg=(6.74,1.36) armor_y_px=634.5 pixel_error_deg=(3.18,2.32) ballistic=(range=2.754m holdover=0.731m comp=14.57deg residual=-12.25deg) q_wxyz=(0.998203,0.000698,0.011863,-0.058740) cmd_deg=(8.51,-18.91) packed_pitch_deg=-18.91 control=true shoot=false
[DEBUG] armors=1, targets=1
[DEBUG] armors=1, targets=1
[DEBUG] armors=1, targets=1
[DEBUG] armors=1, targets=1
[DEBUG] armors=1, targets=1
[DEBUG] armors=1, targets=1
[DEBUG] armors=1, targets=1
[DEBUG] armors=1, targets=1
[DEBUG] armors=1, targets=1
[2026-09-05 14:06:22.128] [info] [SYNC][XUC] mode=0 yaw=-6.74 deg pitch=1.36 deg feeder_rpm=0.00 wheel0_rpm=0 wheel1_rpm=0 wheel_delta=0 projectile_speed=9.50
[DEBUG] armors=1, targets=1
[2026-09-05 14:06:22.144] [info] [PERF] 总耗时=16.1ms (检测=13.2ms, 跟踪=0.5ms), FPS=62.0
[2026-09-05 14:06:22.145] [info] 📊 [CAMERA FPS] 瞬时帧率=61.9fps, 平均帧率=64.7fps, 总帧数=5050, 运行时间=78.0s
[DEBUG] armors=1, targets=1
[DEBUG] armors=1, targets=1
[DEBUG] armors=1, targets=1
[DEBUG] armors=1, targets=1
[DEBUG] armors=1, targets=1
[DEBUG] armors=1, targets=1
[DEBUG] armors=1, targets=1
[DEBUG] armors=1, targets=1
[DEBUG] armors=1, targets=1
[DEBUG] armors=1, targets=1
[2026-09-05 14:06:22.299] [info] [DRYRUN] measured_gimbal=(2.791,-0.017,-0.057) measured_world=(2.771,0.310,-0.124) tracked_world=(2.755,0.308,-0.123) target_gimbal_deg=(-0.35,-1.18) target_world_deg=(6.39,-2.54) gimbal_deg=(6.74,1.36) armor_y_px=634.6 pixel_error_deg=(3.18,2.32) ballistic=(range=2.791m holdover=0.747m comp=14.68deg residual=-12.36deg) q_wxyz=(0.998203,0.000698,0.011863,-0.058740) cmd_deg=(8.50,-19.00) packed_pitch_deg=-19.00 control=true shoot=false
[DEBUG] armors=1, targets=1
[DEBUG] armors=1, targets=1
[DEBUG] armors=1, targets=1
[DEBUG] armors=1, targets=1
[DEBUG] armors=1, targets=1
[DEBUG] armors=1, targets=1
[DEBUG] armors=1, targets=1
[DEBUG] armors=1, targets=1
[DEBUG] armors=1, targets=1
[DEBUG] armors=1, targets=1
[DEBUG] armors=1, targets=1
[DEBUG] armors=1, targets=1
[DEBUG] armors=1, targets=1
[DEBUG] armors=1, targets=1
[DEBUG] armors=1, targets=1
[DEBUG] armors=1, targets=1
[DEBUG] armors=1, targets=1
[DEBUG] armors=1, targets=1
[DEBUG] armors=1, targets=1
[DEBUG] armors=1, targets=1
[2026-09-05 14:06:22.616] [info] [DRYRUN] measured_gimbal=(2.782,-0.017,-0.057) measured_world=(2.762,0.309,-0.123) tracked_world=(2.760,0.309,-0.123) target_gimbal_deg=(-0.35,-1.18) target_world_deg=(6.38,-2.54) gimbal_deg=(6.74,1.36) armor_y_px=634.7 pixel_error_deg=(3.18,2.32) ballistic=(range=2.782m holdover=0.743m comp=14.65deg residual=-12.33deg) q_wxyz=(0.998203,0.000698,0.011863,-0.058740) cmd_deg=(8.51,-18.98) packed_pitch_deg=-18.98 control=true shoot=false
[DEBUG] armors=1, targets=1
[DEBUG] armors=1, targets=1
[DEBUG] armors=1, targets=1
[DEBUG] armors=1, targets=1
[DEBUG] armors=1, targets=1
[DEBUG] armors=1, targets=1
[DEBUG] armors=1, targets=1
[DEBUG] armors=1, targets=1
[DEBUG] armors=1, targets=1
[DEBUG] armors=1, targets=1
[DEBUG] armors=1, targets=1
[DEBUG] armors=1, targets=1
[DEBUG] armors=1, targets=1
[DEBUG] armors=1, targets=1
[DEBUG] armors=1, targets=1
[DEBUG] armors=1, targets=1
[DEBUG] armors=1, targets=1
[DEBUG] armors=1, targets=1
[DEBUG] armors=1, targets=1
[2026-09-05 14:06:22.914] [info] [SYNC][XUC] mode=0 yaw=-6.74 deg pitch=1.36 deg feeder_rpm=0.00 wheel0_rpm=0 wheel1_rpm=0 wheel_delta=0 projectile_speed=9.50
[DEBUG] armors=1, targets=1
[2026-09-05 14:06:22.928] [info] [DRYRUN] measured_gimbal=(2.758,-0.017,-0.056) measured_world=(2.739,0.306,-0.122) tracked_world=(2.753,0.308,-0.123) target_gimbal_deg=(-0.36,-1.17) target_world_deg=(6.38,-2.53) gimbal_deg=(6.74,1.36) armor_y_px=634.7 pixel_error_deg=(3.18,2.32) ballistic=(range=2.759m holdover=0.733m comp=14.58deg residual=-12.26deg) q_wxyz=(0.998203,0.000698,0.011863,-0.058740) cmd_deg=(8.50,-18.89) packed_pitch_deg=-18.89 control=true shoot=false
[2026-09-05 14:06:22.931] [info] [PERF] 总耗时=16.2ms (检测=13.3ms, 跟踪=0.4ms), FPS=61.6
[2026-09-05 14:06:22.931] [info] 📊 [CAMERA FPS] 瞬时帧率=61.5fps, 平均帧率=64.7fps, 总帧数=5100, 运行时间=78.8s
[DEBUG] armors=1, targets=1
[DEBUG] armors=1, targets=1
[DEBUG] armors=1, targets=1
[DEBUG] armors=1, targets=1
[DEBUG] armors=1, targets=1
[DEBUG] armors=1, targets=1
[DEBUG] armors=1, targets=1
[DEBUG] armors=1, targets=1
[DEBUG] armors=1, targets=1
[DEBUG] armors=1, targets=1
[DEBUG] armors=1, targets=1
[DEBUG] armors=1, targets=1
[DEBUG] armors=1, targets=1
[DEBUG] armors=1, targets=1
[DEBUG] armors=1, targets=1
[DEBUG] armors=1, targets=1
[DEBUG] armors=1, targets=1
[DEBUG] armors=1, targets=1
[DEBUG] armors=1, targets=1
[DEBUG] armors=1, targets=1
[2026-09-05 14:06:23.242] [info] [DRYRUN] measured_gimbal=(2.764,-0.017,-0.056) measured_world=(2.745,0.307,-0.122) tracked_world=(2.753,0.308,-0.123) target_gimbal_deg=(-0.35,-1.17) target_world_deg=(6.38,-2.53) gimbal_deg=(6.74,1.36) armor_y_px=634.6 pixel_error_deg=(3.18,2.32) ballistic=(range=2.764m holdover=0.736m comp=14.60deg residual=-12.28deg) q_wxyz=(0.998203,0.000698,0.011863,-0.058740) cmd_deg=(8.51,-18.94) packed_pitch_deg=-18.94 control=true shoot=false
[DEBUG] armors=1, targets=1
[DEBUG] armors=1, targets=1
[DEBUG] armors=1, targets=1
[DEBUG] armors=1, targets=1
[DEBUG] armors=1, targets=1
[DEBUG] armors=1, targets=1
[DEBUG] armors=1, targets=1
[DEBUG] armors=1, targets=1
[DEBUG] armors=1, targets=1
[DEBUG] armors=1, targets=1
[DEBUG] armors=1, targets=1
[DEBUG] armors=1, targets=1
[DEBUG] armors=1, targets=1
[DEBUG] armors=1, targets=1
[DEBUG] armors=1, targets=1
[DEBUG] armors=1, targets=1
[DEBUG] armors=1, targets=1
[DEBUG] armors=1, targets=1
[DEBUG] armors=1, targets=1
[DEBUG] armors=1, targets=1
[2026-09-05 14:06:23.553] [info] [DRYRUN] measured_gimbal=(2.773,-0.017,-0.057) measured_world=(2.753,0.308,-0.123) tracked_world=(2.751,0.308,-0.123) target_gimbal_deg=(-0.35,-1.17) target_world_deg=(6.38,-2.54) gimbal_deg=(6.74,1.36) armor_y_px=634.7 pixel_error_deg=(3.18,2.32) ballistic=(range=2.773m holdover=0.739m comp=14.63deg residual=-12.31deg) q_wxyz=(0.998203,0.000698,0.011863,-0.058740) cmd_deg=(8.50,-18.93) packed_pitch_deg=-18.93 control=true shoot=false
[DEBUG] armors=1, targets=1
[DEBUG] armors=1, targets=1
[DEBUG] armors=1, targets=1
[DEBUG] armors=1, targets=1
[DEBUG] armors=1, targets=1
[DEBUG] armors=1, targets=1
[DEBUG] armors=1, targets=1
[DEBUG] armors=1, targets=1
[DEBUG] armors=1, targets=1
[2026-09-05 14:06:23.697] [info] [SYNC][XUC] mode=0 yaw=-6.74 deg pitch=1.36 deg feeder_rpm=0.00 wheel0_rpm=0 wheel1_rpm=0 wheel_delta=0 projectile_speed=9.50
[DEBUG] armors=1, targets=1
[2026-09-05 14:06:23.713] [info] [PERF] 总耗时=16.0ms (检测=13.2ms, 跟踪=0.5ms), FPS=62.3
[2026-09-05 14:06:23.713] [info] 📊 [CAMERA FPS] 瞬时帧率=62.2fps, 平均帧率=64.7fps, 总帧数=5150, 运行时间=79.6s
[DEBUG] armors=1, targets=1
[DEBUG] armors=1, targets=1
[DEBUG] armors=1, targets=1
[DEBUG] armors=1, targets=1
[DEBUG] armors=1, targets=1
[DEBUG] armors=1, targets=1
[DEBUG] armors=1, targets=1
[DEBUG] armors=1, targets=1
[DEBUG] armors=1, targets=1
[DEBUG] armors=1, targets=1
[2026-09-05 14:06:23.868] [info] [DRYRUN] measured_gimbal=(2.758,-0.017,-0.056) measured_world=(2.739,0.306,-0.122) tracked_world=(2.749,0.308,-0.123) target_gimbal_deg=(-0.36,-1.17) target_world_deg=(6.38,-2.53) gimbal_deg=(6.74,1.36) armor_y_px=634.8 pixel_error_deg=(3.18,2.32) ballistic=(range=2.758m holdover=0.733m comp=14.58deg residual=-12.26deg) q_wxyz=(0.998203,0.000698,0.011863,-0.058740) cmd_deg=(8.50,-18.91) packed_pitch_deg=-18.91 control=true shoot=false
[DEBUG] armors=1, targets=1
[DEBUG] armors=1, targets=1
[DEBUG] armors=1, targets=1
[DEBUG] armors=1, targets=1
[DEBUG] armors=1, targets=1
[DEBUG] armors=1, targets=1
[DEBUG] armors=1, targets=1
[DEBUG] armors=1, targets=1
[DEBUG] armors=1, targets=1
[DEBUG] armors=1, targets=1
[DEBUG] armors=1, targets=1
[DEBUG] armors=1, targets=1
[DEBUG] armors=1, targets=1
[DEBUG] armors=1, targets=1
[DEBUG] armors=1, targets=1
[DEBUG] armors=1, targets=1
[DEBUG] armors=1, targets=1
[DEBUG] armors=1, targets=1
[DEBUG] armors=1, targets=1
[DEBUG] armors=1, targets=1
[2026-09-05 14:06:24.179] [info] [DRYRUN] measured_gimbal=(2.807,-0.017,-0.059) measured_world=(2.787,0.312,-0.125) tracked_world=(2.751,0.308,-0.123) target_gimbal_deg=(-0.34,-1.19) target_world_deg=(6.39,-2.56) gimbal_deg=(6.74,1.36) armor_y_px=634.9 pixel_error_deg=(3.18,2.33) ballistic=(range=2.807m holdover=0.754m comp=14.73deg residual=-12.40deg) q_wxyz=(0.998203,0.000698,0.011863,-0.058740) cmd_deg=(8.49,-18.98) packed_pitch_deg=-18.98 control=true shoot=false
[DEBUG] armors=1, targets=1
[DEBUG] armors=1, targets=1
[DEBUG] armors=1, targets=1
[DEBUG] armors=1, targets=1
[DEBUG] armors=1, targets=1
[DEBUG] armors=1, targets=1
[DEBUG] armors=1, targets=1
[DEBUG] armors=1, targets=1
[DEBUG] armors=1, targets=1
[DEBUG] armors=1, targets=1
[DEBUG] armors=1, targets=1
[DEBUG] armors=1, targets=1
[DEBUG] armors=1, targets=1
[DEBUG] armors=1, targets=1
[DEBUG] armors=1, targets=1
[DEBUG] armors=1, targets=1
[DEBUG] armors=1, targets=1
[DEBUG] armors=1, targets=1
[DEBUG] armors=1, targets=1
[2026-09-05 14:06:24.474] [info] [SYNC][XUC] mode=0 yaw=-6.74 deg pitch=1.36 deg feeder_rpm=0.00 wheel0_rpm=0 wheel1_rpm=0 wheel_delta=0 projectile_speed=9.50
[DEBUG] armors=1, targets=1
[2026-09-05 14:06:24.487] [info] [DRYRUN] measured_gimbal=(2.807,-0.017,-0.058) measured_world=(2.787,0.312,-0.125) tracked_world=(2.752,0.308,-0.123) target_gimbal_deg=(-0.34,-1.19) target_world_deg=(6.39,-2.55) gimbal_deg=(6.74,1.36) armor_y_px=634.7 pixel_error_deg=(3.18,2.32) ballistic=(range=2.807m holdover=0.754m comp=14.73deg residual=-12.41deg) q_wxyz=(0.998203,0.000698,0.011863,-0.058740) cmd_deg=(8.50,-18.99) packed_pitch_deg=-18.99 control=true shoot=false
[2026-09-05 14:06:24.489] [info] [PERF] 总耗时=15.3ms (检测=12.7ms, 跟踪=0.5ms), FPS=65.2
[2026-09-05 14:06:24.489] [info] 📊 [CAMERA FPS] 瞬时帧率=65.0fps, 平均帧率=64.7fps, 总帧数=5200, 运行时间=80.4s
[DEBUG] armors=1, targets=1
[DEBUG] armors=1, targets=1
[DEBUG] armors=1, targets=1
[DEBUG] armors=1, targets=1
[DEBUG] armors=1, targets=1
[DEBUG] armors=1, targets=1
[DEBUG] armors=1, targets=1
[DEBUG] armors=1, targets=1
[DEBUG] armors=1, targets=1
[DEBUG] armors=1, targets=1
[DEBUG] armors=1, targets=1
[DEBUG] armors=1, targets=1
[DEBUG] armors=1, targets=1
[DEBUG] armors=1, targets=1
[DEBUG] armors=1, targets=1
[DEBUG] armors=1, targets=1
[DEBUG] armors=1, targets=1
[DEBUG] armors=1, targets=1
[DEBUG] armors=1, targets=1
[DEBUG] armors=1, targets=1
[2026-09-05 14:06:24.800] [info] [DRYRUN] measured_gimbal=(2.773,-0.017,-0.057) measured_world=(2.754,0.308,-0.123) tracked_world=(2.755,0.308,-0.123) target_gimbal_deg=(-0.35,-1.17) target_world_deg=(6.38,-2.54) gimbal_deg=(6.74,1.36) armor_y_px=634.7 pixel_error_deg=(3.18,2.32) ballistic=(range=2.773m holdover=0.740m comp=14.63deg residual=-12.31deg) q_wxyz=(0.998203,0.000698,0.011863,-0.058740) cmd_deg=(8.51,-18.98) packed_pitch_deg=-18.98 control=true shoot=false
[DEBUG] armors=1, targets=1
[DEBUG] armors=1, targets=1
[DEBUG] armors=1, targets=1
[DEBUG] armors=1, targets=1
[DEBUG] armors=1, targets=1
[DEBUG] armors=1, targets=1
[DEBUG] armors=1, targets=1
[DEBUG] armors=1, targets=1
[DEBUG] armors=1, targets=1
[DEBUG] armors=1, targets=1
[DEBUG] armors=1, targets=1
[DEBUG] armors=1, targets=1
[DEBUG] armors=1, targets=1
[DEBUG] armors=1, targets=1
[DEBUG] armors=1, targets=1
[DEBUG] armors=1, targets=1
[DEBUG] armors=1, targets=1
[DEBUG] armors=1, targets=1
[DEBUG] armors=1, targets=1
[DEBUG] armors=1, targets=1
[2026-09-05 14:06:25.111] [info] [DRYRUN] measured_gimbal=(2.759,-0.017,-0.056) measured_world=(2.740,0.306,-0.122) tracked_world=(2.752,0.308,-0.123) target_gimbal_deg=(-0.36,-1.17) target_world_deg=(6.38,-2.53) gimbal_deg=(6.74,1.36) armor_y_px=634.8 pixel_error_deg=(3.18,2.32) ballistic=(range=2.759m holdover=0.733m comp=14.58deg residual=-12.26deg) q_wxyz=(0.998203,0.000698,0.011863,-0.058740) cmd_deg=(8.51,-18.90) packed_pitch_deg=-18.90 control=true shoot=false
[DEBUG] armors=1, targets=1
[DEBUG] armors=1, targets=1
[DEBUG] armors=1, targets=1
[DEBUG] armors=1, targets=1
[DEBUG] armors=1, targets=1
[DEBUG] armors=1, targets=1
[DEBUG] armors=1, targets=1
[DEBUG] armors=1, targets=1
[DEBUG] armors=1, targets=1
[2026-09-05 14:06:25.255] [info] [SYNC][XUC] mode=0 yaw=-6.74 deg pitch=1.36 deg feeder_rpm=-4.00 wheel0_rpm=0 wheel1_rpm=0 wheel_delta=0 projectile_speed=9.50
[DEBUG] armors=1, targets=1
[2026-09-05 14:06:25.270] [info] [PERF] 总耗时=15.6ms (检测=12.9ms, 跟踪=0.5ms), FPS=64.3
[2026-09-05 14:06:25.271] [info] 📊 [CAMERA FPS] 瞬时帧率=64.2fps, 平均帧率=64.7fps, 总帧数=5250, 运行时间=81.1s
[DEBUG] armors=1, targets=1
[DEBUG] armors=1, targets=1
[DEBUG] armors=1, targets=1
[DEBUG] armors=1, targets=1
[DEBUG] armors=1, targets=1
[DEBUG] armors=1, targets=1
[DEBUG] armors=1, targets=1
[DEBUG] armors=1, targets=1
[DEBUG] armors=1, targets=1
[DEBUG] armors=1, targets=1
[2026-09-05 14:06:25.423] [info] [DRYRUN] measured_gimbal=(2.806,-0.017,-0.058) measured_world=(2.786,0.312,-0.125) tracked_world=(2.753,0.308,-0.123) target_gimbal_deg=(-0.34,-1.19) target_world_deg=(6.39,-2.55) gimbal_deg=(6.74,1.36) armor_y_px=634.6 pixel_error_deg=(3.18,2.32) ballistic=(range=2.806m holdover=0.753m comp=14.73deg residual=-12.41deg) q_wxyz=(0.998203,0.000698,0.011863,-0.058740) cmd_deg=(8.50,-19.00) packed_pitch_deg=-19.00 control=true shoot=false
[DEBUG] armors=1, targets=1
[DEBUG] armors=1, targets=1
[DEBUG] armors=1, targets=1
[DEBUG] armors=1, targets=1
[DEBUG] armors=1, targets=1
[DEBUG] armors=1, targets=1
[DEBUG] armors=1, targets=1
[DEBUG] armors=1, targets=1
[DEBUG] armors=1, targets=1
[DEBUG] armors=1, targets=1
[DEBUG] armors=1, targets=1
[DEBUG] armors=1, targets=1
[DEBUG] armors=1, targets=1
[DEBUG] armors=1, targets=1
[DEBUG] armors=1, targets=1
[DEBUG] armors=1, targets=1
[DEBUG] armors=1, targets=1
[DEBUG] armors=1, targets=1
[DEBUG] armors=1, targets=1
[DEBUG] armors=1, targets=1
[2026-09-05 14:06:25.738] [info] [DRYRUN] measured_gimbal=(2.773,-0.017,-0.057) measured_world=(2.754,0.308,-0.123) tracked_world=(2.754,0.308,-0.123) target_gimbal_deg=(-0.35,-1.18) target_world_deg=(6.38,-2.54) gimbal_deg=(6.74,1.36) armor_y_px=634.7 pixel_error_deg=(3.18,2.32) ballistic=(range=2.773m holdover=0.739m comp=14.63deg residual=-12.31deg) q_wxyz=(0.998203,0.000698,0.011863,-0.058740) cmd_deg=(8.51,-18.93) packed_pitch_deg=-18.93 control=true shoot=false
[DEBUG] armors=1, targets=1
[DEBUG] armors=1, targets=1
[DEBUG] armors=1, targets=1
[DEBUG] armors=1, targets=1
[DEBUG] armors=1, targets=1
[DEBUG] armors=1, targets=1
[DEBUG] armors=1, targets=1
[DEBUG] armors=1, targets=1
[DEBUG] armors=1, targets=1
[DEBUG] armors=1, targets=1
[DEBUG] armors=1, targets=1
[DEBUG] armors=1, targets=1
[DEBUG] armors=1, targets=1
[DEBUG] armors=1, targets=1
[DEBUG] armors=1, targets=1
[DEBUG] armors=1, targets=1
[DEBUG] armors=1, targets=1
[DEBUG] armors=1, targets=1
[DEBUG] armors=1, targets=1
[2026-09-05 14:06:26.038] [info] [SYNC][XUC] mode=0 yaw=-6.74 deg pitch=1.36 deg feeder_rpm=0.00 wheel0_rpm=0 wheel1_rpm=0 wheel_delta=0 projectile_speed=9.50
[DEBUG] armors=1, targets=1
[2026-09-05 14:06:26.051] [info] [DRYRUN] measured_gimbal=(2.768,-0.017,-0.057) measured_world=(2.749,0.308,-0.123) tracked_world=(2.749,0.307,-0.122) target_gimbal_deg=(-0.35,-1.18) target_world_deg=(6.38,-2.54) gimbal_deg=(6.74,1.36) armor_y_px=634.9 pixel_error_deg=(3.18,2.33) ballistic=(range=2.769m holdover=0.737m comp=14.61deg residual=-12.29deg) q_wxyz=(0.998203,0.000698,0.011863,-0.058740) cmd_deg=(8.50,-18.88) packed_pitch_deg=-18.88 control=true shoot=false
[2026-09-05 14:06:26.053] [info] [PERF] 总耗时=15.2ms (检测=12.3ms, 跟踪=0.4ms), FPS=65.7
[2026-09-05 14:06:26.053] [info] 📊 [CAMERA FPS] 瞬时帧率=65.6fps, 平均帧率=64.7fps, 总帧数=5300, 运行时间=81.9s
[DEBUG] armors=1, targets=1
[DEBUG] armors=1, targets=1
[DEBUG] armors=1, targets=1
[DEBUG] armors=1, targets=1
[DEBUG] armors=1, targets=1
[DEBUG] armors=1, targets=1
[DEBUG] armors=1, targets=1
[DEBUG] armors=1, targets=1
[DEBUG] armors=1, targets=1
[DEBUG] armors=1, targets=1
[DEBUG] armors=1, targets=1
[DEBUG] armors=1, targets=1
[DEBUG] armors=1, targets=1
[DEBUG] armors=1, targets=1
[DEBUG] armors=1, targets=1
[DEBUG] armors=1, targets=1
[DEBUG] armors=1, targets=1
[DEBUG] armors=1, targets=1
[DEBUG] armors=1, targets=1
[DEBUG] armors=1, targets=1
[2026-09-05 14:06:26.366] [info] [DRYRUN] measured_gimbal=(2.790,-0.017,-0.057) measured_world=(2.770,0.310,-0.124) tracked_world=(2.745,0.307,-0.122) target_gimbal_deg=(-0.34,-1.18) target_world_deg=(6.39,-2.54) gimbal_deg=(6.74,1.36) armor_y_px=634.5 pixel_error_deg=(3.17,2.32) ballistic=(range=2.790m holdover=0.747m comp=14.68deg residual=-12.36deg) q_wxyz=(0.998203,0.000698,0.011863,-0.058740) cmd_deg=(8.50,-18.96) packed_pitch_deg=-18.96 control=true shoot=false
[DEBUG] armors=1, targets=1
[DEBUG] armors=1, targets=1
[DEBUG] armors=1, targets=1
[DEBUG] armors=1, targets=1
[DEBUG] armors=1, targets=1
[DEBUG] armors=1, targets=1
[DEBUG] armors=1, targets=1
[DEBUG] armors=1, targets=1
[DEBUG] armors=1, targets=1
[DEBUG] armors=1, targets=1
[DEBUG] armors=1, targets=1
[DEBUG] armors=1, targets=1
[DEBUG] armors=1, targets=1
[DEBUG] armors=1, targets=1
[DEBUG] armors=1, targets=1
[DEBUG] armors=1, targets=1
[DEBUG] armors=1, targets=1
[DEBUG] armors=1, targets=1
[DEBUG] armors=1, targets=1
[DEBUG] armors=1, targets=1
[2026-09-05 14:06:26.678] [info] [DRYRUN] measured_gimbal=(2.763,-0.017,-0.056) measured_world=(2.743,0.307,-0.122) tracked_world=(2.748,0.307,-0.122) target_gimbal_deg=(-0.35,-1.17) target_world_deg=(6.38,-2.53) gimbal_deg=(6.74,1.36) armor_y_px=634.6 pixel_error_deg=(3.18,2.32) ballistic=(range=2.763m holdover=0.735m comp=14.60deg residual=-12.28deg) q_wxyz=(0.998203,0.000698,0.011863,-0.058740) cmd_deg=(8.50,-18.92) packed_pitch_deg=-18.92 control=true shoot=false
[DEBUG] armors=1, targets=1
[DEBUG] armors=1, targets=1
[DEBUG] armors=1, targets=1
[DEBUG] armors=1, targets=1
[DEBUG] armors=1, targets=1
[DEBUG] armors=1, targets=1
[DEBUG] armors=1, targets=1
[DEBUG] armors=1, targets=1
[DEBUG] armors=1, targets=1
[2026-09-05 14:06:26.819] [info] [SYNC][XUC] mode=0 yaw=-6.74 deg pitch=1.36 deg feeder_rpm=0.00 wheel0_rpm=0 wheel1_rpm=0 wheel_delta=0 projectile_speed=9.50
[DEBUG] armors=1, targets=1
[2026-09-05 14:06:26.834] [info] [PERF] 总耗时=15.4ms (检测=12.7ms, 跟踪=0.5ms), FPS=65.1
[2026-09-05 14:06:26.834] [info] 📊 [CAMERA FPS] 瞬时帧率=64.9fps, 平均帧率=64.7fps, 总帧数=5350, 运行时间=82.7s
[DEBUG] armors=1, targets=1
[DEBUG] armors=1, targets=1
[DEBUG] armors=1, targets=1
[DEBUG] armors=1, targets=1
[DEBUG] armors=1, targets=1
[DEBUG] armors=1, targets=1
[DEBUG] armors=1, targets=1
[DEBUG] armors=1, targets=1
[DEBUG] armors=1, targets=1
[DEBUG] armors=1, targets=1
[2026-09-05 14:06:26.983] [info] [DRYRUN] measured_gimbal=(2.797,-0.017,-0.058) measured_world=(2.778,0.311,-0.124) tracked_world=(2.752,0.308,-0.123) target_gimbal_deg=(-0.35,-1.19) target_world_deg=(6.38,-2.55) gimbal_deg=(6.74,1.36) armor_y_px=634.7 pixel_error_deg=(3.19,2.32) ballistic=(range=2.797m holdover=0.750m comp=14.70deg residual=-12.38deg) q_wxyz=(0.998203,0.000698,0.011863,-0.058740) cmd_deg=(8.51,-19.02) packed_pitch_deg=-19.02 control=true shoot=false
[DEBUG] armors=1, targets=1
[DEBUG] armors=1, targets=1
[DEBUG] armors=1, targets=1
[DEBUG] armors=1, targets=1
[DEBUG] armors=1, targets=1
[DEBUG] armors=1, targets=1
[DEBUG] armors=1, targets=1
[DEBUG] armors=1, targets=1
[DEBUG] armors=1, targets=1
[DEBUG] armors=1, targets=1
[DEBUG] armors=1, targets=1
[DEBUG] armors=1, targets=1
[DEBUG] armors=1, targets=1
[DEBUG] armors=1, targets=1
[DEBUG] armors=1, targets=1
[DEBUG] armors=1, targets=1
[DEBUG] armors=1, targets=1
[DEBUG] armors=1, targets=1
[DEBUG] armors=1, targets=1
[DEBUG] armors=1, targets=1
[2026-09-05 14:06:27.295] [info] [DRYRUN] measured_gimbal=(2.782,-0.017,-0.057) measured_world=(2.763,0.309,-0.123) tracked_world=(2.747,0.307,-0.122) target_gimbal_deg=(-0.35,-1.18) target_world_deg=(6.38,-2.54) gimbal_deg=(6.74,1.36) armor_y_px=634.8 pixel_error_deg=(3.18,2.32) ballistic=(range=2.782m holdover=0.743m comp=14.65deg residual=-12.33deg) q_wxyz=(0.998203,0.000698,0.011863,-0.058740) cmd_deg=(8.50,-18.92) packed_pitch_deg=-18.92 control=true shoot=false
[DEBUG] armors=1, targets=1
[DEBUG] armors=1, targets=1
[DEBUG] armors=1, targets=1
[DEBUG] armors=1, targets=1
[DEBUG] armors=1, targets=1
[DEBUG] armors=1, targets=1
[DEBUG] armors=1, targets=1
[DEBUG] armors=1, targets=1
[DEBUG] armors=1, targets=1
[DEBUG] armors=1, targets=1
[DEBUG] armors=1, targets=1
[DEBUG] armors=1, targets=1
[DEBUG] armors=1, targets=1
[DEBUG] armors=1, targets=1
[DEBUG] armors=1, targets=1
[DEBUG] armors=1, targets=1
[DEBUG] armors=1, targets=1
[DEBUG] armors=1, targets=1
[DEBUG] armors=1, targets=1
[2026-09-05 14:06:27.597] [info] [SYNC][XUC] mode=0 yaw=-6.74 deg pitch=1.36 deg feeder_rpm=0.00 wheel0_rpm=0 wheel1_rpm=0 wheel_delta=0 projectile_speed=9.50
[DEBUG] armors=1, targets=1
[2026-09-05 14:06:27.610] [info] [DRYRUN] measured_gimbal=(2.795,-0.017,-0.058) measured_world=(2.775,0.311,-0.124) tracked_world=(2.746,0.307,-0.122) target_gimbal_deg=(-0.35,-1.19) target_world_deg=(6.39,-2.55) gimbal_deg=(6.74,1.36) armor_y_px=634.9 pixel_error_deg=(3.18,2.33) ballistic=(range=2.795m holdover=0.749m comp=14.69deg residual=-12.37deg) q_wxyz=(0.998203,0.000698,0.011863,-0.058740) cmd_deg=(8.49,-18.92) packed_pitch_deg=-18.92 control=true shoot=false
[2026-09-05 14:06:27.612] [info] [PERF] 总耗时=15.1ms (检测=12.2ms, 跟踪=0.5ms), FPS=66.2
[2026-09-05 14:06:27.612] [info] 📊 [CAMERA FPS] 瞬时帧率=66.0fps, 平均帧率=64.7fps, 总帧数=5400, 运行时间=83.5s
[DEBUG] armors=1, targets=1
[DEBUG] armors=1, targets=1
[DEBUG] armors=1, targets=1
[DEBUG] armors=1, targets=1
[DEBUG] armors=1, targets=1
[DEBUG] armors=1, targets=1
[DEBUG] armors=1, targets=1
[DEBUG] armors=1, targets=1
[DEBUG] armors=1, targets=1
[DEBUG] armors=1, targets=1
[DEBUG] armors=1, targets=1
[DEBUG] armors=1, targets=1
[DEBUG] armors=1, targets=1
[DEBUG] armors=1, targets=1
[DEBUG] armors=1, targets=1
[DEBUG] armors=1, targets=1
[DEBUG] armors=1, targets=1
[DEBUG] armors=1, targets=1
[DEBUG] armors=1, targets=1
[DEBUG] armors=1, targets=1
[2026-09-05 14:06:27.917] [info] [DRYRUN] measured_gimbal=(2.783,-0.017,-0.057) measured_world=(2.764,0.310,-0.123) tracked_world=(2.748,0.307,-0.122) target_gimbal_deg=(-0.34,-1.18) target_world_deg=(6.39,-2.54) gimbal_deg=(6.74,1.36) armor_y_px=634.7 pixel_error_deg=(3.17,2.32) ballistic=(range=2.784m holdover=0.744m comp=14.66deg residual=-12.34deg) q_wxyz=(0.998203,0.000698,0.011863,-0.058740) cmd_deg=(8.50,-18.99) packed_pitch_deg=-18.99 control=true shoot=false
[DEBUG] armors=1, targets=1
[DEBUG] armors=1, targets=1
[DEBUG] armors=1, targets=1
[DEBUG] armors=1, targets=1
[DEBUG] armors=1, targets=1
[DEBUG] armors=1, targets=1
[DEBUG] armors=1, targets=1
[DEBUG] armors=1, targets=1
[DEBUG] armors=1, targets=1
[DEBUG] armors=1, targets=1
[DEBUG] armors=1, targets=1
[DEBUG] armors=1, targets=1
[DEBUG] armors=1, targets=1
[DEBUG] armors=1, targets=1
[DEBUG] armors=1, targets=1
[DEBUG] armors=1, targets=1
[DEBUG] armors=1, targets=1
[DEBUG] armors=1, targets=1
[DEBUG] armors=1, targets=1
[DEBUG] armors=1, targets=1
[2026-09-05 14:06:28.229] [info] [DRYRUN] measured_gimbal=(2.797,-0.017,-0.058) measured_world=(2.778,0.311,-0.124) tracked_world=(2.748,0.307,-0.122) target_gimbal_deg=(-0.34,-1.19) target_world_deg=(6.39,-2.55) gimbal_deg=(6.74,1.36) armor_y_px=634.7 pixel_error_deg=(3.18,2.32) ballistic=(range=2.798m holdover=0.750m comp=14.70deg residual=-12.38deg) q_wxyz=(0.998203,0.000698,0.011863,-0.058740) cmd_deg=(8.50,-18.97) packed_pitch_deg=-18.97 control=true shoot=false
[DEBUG] armors=1, targets=1
[DEBUG] armors=1, targets=1
[DEBUG] armors=1, targets=1
[DEBUG] armors=1, targets=1
[DEBUG] armors=1, targets=1
[DEBUG] armors=1, targets=1
[DEBUG] armors=1, targets=1
[DEBUG] armors=1, targets=1
[DEBUG] armors=1, targets=1
[2026-09-05 14:06:28.372] [info] [SYNC][XUC] mode=0 yaw=-6.74 deg pitch=1.36 deg feeder_rpm=0.00 wheel0_rpm=0 wheel1_rpm=0 wheel_delta=0 projectile_speed=9.50
[DEBUG] armors=1, targets=1
[2026-09-05 14:06:28.387] [info] [PERF] 总耗时=15.4ms (检测=12.4ms, 跟踪=0.5ms), FPS=64.9
[2026-09-05 14:06:28.387] [info] 📊 [CAMERA FPS] 瞬时帧率=64.8fps, 平均帧率=64.7fps, 总帧数=5450, 运行时间=84.3s
[DEBUG] armors=1, targets=1
[DEBUG] armors=1, targets=1
[DEBUG] armors=1, targets=1
[DEBUG] armors=1, targets=1
[DEBUG] armors=1, targets=1
[DEBUG] armors=1, targets=1
[DEBUG] armors=1, targets=1
[DEBUG] armors=1, targets=1
[DEBUG] armors=1, targets=1
[DEBUG] armors=1, targets=1
[2026-09-05 14:06:28.542] [info] [DRYRUN] measured_gimbal=(2.767,-0.017,-0.057) measured_world=(2.748,0.307,-0.122) tracked_world=(2.750,0.308,-0.123) target_gimbal_deg=(-0.36,-1.17) target_world_deg=(6.38,-2.53) gimbal_deg=(6.74,1.36) armor_y_px=634.7 pixel_error_deg=(3.18,2.32) ballistic=(range=2.767m holdover=0.737m comp=14.61deg residual=-12.29deg) q_wxyz=(0.998203,0.000698,0.011863,-0.058740) cmd_deg=(8.50,-18.89) packed_pitch_deg=-18.89 control=true shoot=false
[DEBUG] armors=1, targets=1
[DEBUG] armors=1, targets=1
[DEBUG] armors=1, targets=1
[DEBUG] armors=1, targets=1
[DEBUG] armors=1, targets=1
[DEBUG] armors=1, targets=1
[DEBUG] armors=1, targets=1
[DEBUG] armors=1, targets=1
[DEBUG] armors=1, targets=1
[DEBUG] armors=1, targets=1
[DEBUG] armors=1, targets=1
[DEBUG] armors=1, targets=1
[DEBUG] armors=1, targets=1
[DEBUG] armors=1, targets=1
[DEBUG] armors=1, targets=1
[DEBUG] armors=1, targets=1
[DEBUG] armors=1, targets=1
[DEBUG] armors=1, targets=1
[DEBUG] armors=1, targets=1
[DEBUG] armors=1, targets=1
[2026-09-05 14:06:28.851] [info] [DRYRUN] measured_gimbal=(2.769,-0.017,-0.057) measured_world=(2.750,0.308,-0.122) tracked_world=(2.751,0.308,-0.122) target_gimbal_deg=(-0.35,-1.17) target_world_deg=(6.39,-2.53) gimbal_deg=(6.74,1.36) armor_y_px=634.6 pixel_error_deg=(3.17,2.32) ballistic=(range=2.769m holdover=0.738m comp=14.62deg residual=-12.30deg) q_wxyz=(0.998203,0.000698,0.011863,-0.058740) cmd_deg=(8.50,-18.92) packed_pitch_deg=-18.92 control=true shoot=false
[DEBUG] armors=1, targets=1
[DEBUG] armors=1, targets=1
[DEBUG] armors=1, targets=1
[DEBUG] armors=1, targets=1
[DEBUG] armors=1, targets=1
[DEBUG] armors=1, targets=1
[DEBUG] armors=1, targets=1
[DEBUG] armors=1, targets=1
[DEBUG] armors=1, targets=1
[DEBUG] armors=1, targets=1
[DEBUG] armors=1, targets=1
[DEBUG] armors=1, targets=1
[DEBUG] armors=1, targets=1
[DEBUG] armors=1, targets=1
[DEBUG] armors=1, targets=1
[DEBUG] armors=1, targets=1
[DEBUG] armors=1, targets=1
[DEBUG] armors=1, targets=1
[DEBUG] armors=1, targets=1
[2026-09-05 14:06:29.148] [info] [SYNC][XUC] mode=0 yaw=-6.74 deg pitch=1.36 deg feeder_rpm=0.00 wheel0_rpm=0 wheel1_rpm=0 wheel_delta=0 projectile_speed=9.50
[DEBUG] armors=1, targets=1
[2026-09-05 14:06:29.161] [info] [DRYRUN] measured_gimbal=(2.754,-0.017,-0.056) measured_world=(2.735,0.306,-0.122) tracked_world=(2.751,0.308,-0.122) target_gimbal_deg=(-0.36,-1.17) target_world_deg=(6.38,-2.53) gimbal_deg=(6.74,1.36) armor_y_px=634.8 pixel_error_deg=(3.18,2.32) ballistic=(range=2.754m holdover=0.731m comp=14.57deg residual=-12.25deg) q_wxyz=(0.998203,0.000698,0.011863,-0.058740) cmd_deg=(8.51,-18.90) packed_pitch_deg=-18.90 control=true shoot=false
[2026-09-05 14:06:29.164] [info] [PERF] 总耗时=15.9ms (检测=13.1ms, 跟踪=0.4ms), FPS=62.7
[2026-09-05 14:06:29.164] [info] 📊 [CAMERA FPS] 瞬时帧率=62.6fps, 平均帧率=64.7fps, 总帧数=5500, 运行时间=85.0s
[DEBUG] armors=1, targets=1
[DEBUG] armors=1, targets=1
[DEBUG] armors=1, targets=1
[DEBUG] armors=1, targets=1
[DEBUG] armors=1, targets=1
[DEBUG] armors=1, targets=1
[DEBUG] armors=1, targets=1
[DEBUG] armors=1, targets=1
[DEBUG] armors=1, targets=1
[DEBUG] armors=1, targets=1
[DEBUG] armors=1, targets=1
[DEBUG] armors=1, targets=1
[DEBUG] armors=1, targets=1
[DEBUG] armors=1, targets=1
[DEBUG] armors=1, targets=1
[DEBUG] armors=1, targets=1
[DEBUG] armors=1, targets=1
[DEBUG] armors=1, targets=1
[DEBUG] armors=1, targets=1
[DEBUG] armors=1, targets=1
[2026-09-05 14:06:29.473] [info] [DRYRUN] measured_gimbal=(2.780,-0.017,-0.057) measured_world=(2.761,0.309,-0.123) tracked_world=(2.746,0.307,-0.122) target_gimbal_deg=(-0.35,-1.18) target_world_deg=(6.39,-2.54) gimbal_deg=(6.74,1.36) armor_y_px=634.7 pixel_error_deg=(3.18,2.32) ballistic=(range=2.781m holdover=0.743m comp=14.65deg residual=-12.33deg) q_wxyz=(0.998203,0.000698,0.011863,-0.058740) cmd_deg=(8.50,-18.91) packed_pitch_deg=-18.91 control=true shoot=false
[DEBUG] armors=1, targets=1
[DEBUG] armors=1, targets=1
[DEBUG] armors=1, targets=1
[DEBUG] armors=1, targets=1
[DEBUG] armors=1, targets=1
[DEBUG] armors=1, targets=1
[DEBUG] armors=1, targets=1
[DEBUG] armors=1, targets=1
[DEBUG] armors=1, targets=1
[DEBUG] armors=1, targets=1
[DEBUG] armors=1, targets=1
[DEBUG] armors=1, targets=1
[DEBUG] armors=1, targets=1
[DEBUG] armors=1, targets=1
[DEBUG] armors=1, targets=1
[DEBUG] armors=1, targets=1
[DEBUG] armors=1, targets=1
[DEBUG] armors=1, targets=1
[DEBUG] armors=1, targets=1
[DEBUG] armors=1, targets=1
[2026-09-05 14:06:29.782] [info] [DRYRUN] measured_gimbal=(2.757,-0.017,-0.056) measured_world=(2.738,0.306,-0.122) tracked_world=(2.745,0.307,-0.122) target_gimbal_deg=(-0.35,-1.17) target_world_deg=(6.38,-2.53) gimbal_deg=(6.74,1.36) armor_y_px=634.7 pixel_error_deg=(3.17,2.32) ballistic=(range=2.757m holdover=0.733m comp=14.58deg residual=-12.26deg) q_wxyz=(0.998203,0.000698,0.011863,-0.058740) cmd_deg=(8.50,-18.88) packed_pitch_deg=-18.88 control=true shoot=false
[DEBUG] armors=1, targets=1
[DEBUG] armors=1, targets=1
[DEBUG] armors=1, targets=1
[DEBUG] armors=1, targets=1
[DEBUG] armors=1, targets=1
[DEBUG] armors=1, targets=1
[DEBUG] armors=1, targets=1
[DEBUG] armors=1, targets=1
[DEBUG] armors=1, targets=1
[2026-09-05 14:06:29.925] [info] [SYNC][XUC] mode=0 yaw=-6.74 deg pitch=1.36 deg feeder_rpm=-4.00 wheel0_rpm=0 wheel1_rpm=0 wheel_delta=0 projectile_speed=9.50
[DEBUG] armors=1, targets=1
[2026-09-05 14:06:29.940] [info] [PERF] 总耗时=15.6ms (检测=12.7ms, 跟踪=0.5ms), FPS=64.1
[2026-09-05 14:06:29.940] [info] 📊 [CAMERA FPS] 瞬时帧率=64.0fps, 平均帧率=64.7fps, 总帧数=5550, 运行时间=85.8s
[DEBUG] armors=1, targets=1
[DEBUG] armors=1, targets=1
[DEBUG] armors=1, targets=1
[DEBUG] armors=1, targets=1
[DEBUG] armors=1, targets=1
[DEBUG] armors=1, targets=1
[DEBUG] armors=1, targets=1
[DEBUG] armors=1, targets=1
[DEBUG] armors=1, targets=1
[DEBUG] armors=1, targets=1
[2026-09-05 14:06:30.097] [info] [DRYRUN] measured_gimbal=(2.768,-0.017,-0.057) measured_world=(2.749,0.307,-0.123) tracked_world=(2.746,0.307,-0.122) target_gimbal_deg=(-0.35,-1.18) target_world_deg=(6.38,-2.54) gimbal_deg=(6.74,1.36) armor_y_px=634.8 pixel_error_deg=(3.18,2.32) ballistic=(range=2.768m holdover=0.737m comp=14.61deg residual=-12.29deg) q_wxyz=(0.998203,0.000698,0.011863,-0.058740) cmd_deg=(8.50,-18.91) packed_pitch_deg=-18.91 control=true shoot=false
[DEBUG] armors=1, targets=1
[DEBUG] armors=1, targets=1
[DEBUG] armors=1, targets=1
[DEBUG] armors=1, targets=1
[DEBUG] armors=1, targets=1
[DEBUG] armors=1, targets=1
[DEBUG] armors=1, targets=1
[DEBUG] armors=1, targets=1
[DEBUG] armors=1, targets=1
[DEBUG] armors=1, targets=1
[DEBUG] armors=1, targets=1
[DEBUG] armors=1, targets=1
[DEBUG] armors=1, targets=1
[DEBUG] armors=1, targets=1
[DEBUG] armors=1, targets=1
[DEBUG] armors=1, targets=1
[DEBUG] armors=1, targets=1
[DEBUG] armors=1, targets=1
[DEBUG] armors=1, targets=1
[DEBUG] armors=1, targets=1
[2026-09-05 14:06:30.407] [info] [DRYRUN] measured_gimbal=(2.778,-0.017,-0.057) measured_world=(2.758,0.309,-0.123) tracked_world=(2.751,0.308,-0.123) target_gimbal_deg=(-0.35,-1.18) target_world_deg=(6.39,-2.54) gimbal_deg=(6.74,1.36) armor_y_px=634.6 pixel_error_deg=(3.17,2.32) ballistic=(range=2.778m holdover=0.741m comp=14.64deg residual=-12.32deg) q_wxyz=(0.998203,0.000698,0.011863,-0.058740) cmd_deg=(8.50,-18.94) packed_pitch_deg=-18.94 control=true shoot=false
[DEBUG] armors=1, targets=1
[DEBUG] armors=1, targets=1
[DEBUG] armors=1, targets=1
[DEBUG] armors=1, targets=1
[DEBUG] armors=1, targets=1
[DEBUG] armors=1, targets=1
[DEBUG] armors=1, targets=1
[DEBUG] armors=1, targets=1
[DEBUG] armors=1, targets=1
[DEBUG] armors=1, targets=1
[DEBUG] armors=1, targets=1
[DEBUG] armors=1, targets=1
[DEBUG] armors=1, targets=1
[DEBUG] armors=1, targets=1
[DEBUG] armors=1, targets=1
[DEBUG] armors=1, targets=1
[DEBUG] armors=1, targets=1
[DEBUG] armors=1, targets=1
[DEBUG] armors=1, targets=1
[2026-09-05 14:06:30.706] [info] [SYNC][XUC] mode=0 yaw=-6.74 deg pitch=1.36 deg feeder_rpm=0.00 wheel0_rpm=0 wheel1_rpm=0 wheel_delta=0 projectile_speed=9.50
[DEBUG] armors=1, targets=1
[2026-09-05 14:06:30.719] [info] [DRYRUN] measured_gimbal=(2.771,-0.017,-0.057) measured_world=(2.752,0.308,-0.123) tracked_world=(2.750,0.308,-0.122) target_gimbal_deg=(-0.35,-1.17) target_world_deg=(6.39,-2.53) gimbal_deg=(6.74,1.36) armor_y_px=634.6 pixel_error_deg=(3.17,2.32) ballistic=(range=2.772m holdover=0.739m comp=14.62deg residual=-12.30deg) q_wxyz=(0.998203,0.000698,0.011863,-0.058740) cmd_deg=(8.50,-18.95) packed_pitch_deg=-18.95 control=true shoot=false
[2026-09-05 14:06:30.721] [info] [PERF] 总耗时=15.6ms (检测=13.0ms, 跟踪=0.4ms), FPS=64.2
[2026-09-05 14:06:30.721] [info] 📊 [CAMERA FPS] 瞬时帧率=64.1fps, 平均帧率=64.7fps, 总帧数=5600, 运行时间=86.6s
[DEBUG] armors=1, targets=1
[DEBUG] armors=1, targets=1
[DEBUG] armors=1, targets=1
[DEBUG] armors=1, targets=1
[DEBUG] armors=1, targets=1
[DEBUG] armors=1, targets=1
[DEBUG] armors=1, targets=1
[DEBUG] armors=1, targets=1
[DEBUG] armors=1, targets=1
[DEBUG] armors=1, targets=1
[DEBUG] armors=1, targets=1
[DEBUG] armors=1, targets=1
[DEBUG] armors=1, targets=1
[DEBUG] armors=1, targets=1
[DEBUG] armors=1, targets=1
[DEBUG] armors=1, targets=1
[DEBUG] armors=1, targets=1
[DEBUG] armors=1, targets=1
[DEBUG] armors=1, targets=1
[DEBUG] armors=1, targets=1
[2026-09-05 14:06:31.029] [info] [DRYRUN] measured_gimbal=(2.778,-0.017,-0.057) measured_world=(2.759,0.308,-0.123) tracked_world=(2.748,0.307,-0.122) target_gimbal_deg=(-0.36,-1.18) target_world_deg=(6.38,-2.54) gimbal_deg=(6.74,1.36) armor_y_px=634.7 pixel_error_deg=(3.18,2.32) ballistic=(range=2.778m holdover=0.742m comp=14.64deg residual=-12.32deg) q_wxyz=(0.998203,0.000698,0.011863,-0.058740) cmd_deg=(8.51,-18.95) packed_pitch_deg=-18.95 control=true shoot=false
[DEBUG] armors=1, targets=1
[DEBUG] armors=1, targets=1
[DEBUG] armors=1, targets=1
[DEBUG] armors=1, targets=1
[DEBUG] armors=1, targets=1
[DEBUG] armors=1, targets=1
[DEBUG] armors=1, targets=1
[DEBUG] armors=1, targets=1
[DEBUG] armors=1, targets=1
[DEBUG] armors=1, targets=1
[DEBUG] armors=1, targets=1
[DEBUG] armors=1, targets=1
[DEBUG] armors=1, targets=1
[DEBUG] armors=1, targets=1
[DEBUG] armors=1, targets=1
[DEBUG] armors=1, targets=1
[DEBUG] armors=1, targets=1
[DEBUG] armors=1, targets=1
[DEBUG] armors=1, targets=1
[DEBUG] armors=1, targets=1
[2026-09-05 14:06:31.342] [info] [DRYRUN] measured_gimbal=(2.744,-0.017,-0.056) measured_world=(2.725,0.305,-0.121) tracked_world=(2.743,0.307,-0.122) target_gimbal_deg=(-0.36,-1.17) target_world_deg=(6.38,-2.53) gimbal_deg=(6.74,1.36) armor_y_px=634.9 pixel_error_deg=(3.18,2.33) ballistic=(range=2.745m holdover=0.727m comp=14.54deg residual=-12.22deg) q_wxyz=(0.998203,0.000698,0.011863,-0.058740) cmd_deg=(8.50,-18.86) packed_pitch_deg=-18.86 control=true shoot=false
[DEBUG] armors=1, targets=1
[DEBUG] armors=1, targets=1
[DEBUG] armors=1, targets=1
[DEBUG] armors=1, targets=1
[DEBUG] armors=1, targets=1
[DEBUG] armors=1, targets=1
[DEBUG] armors=1, targets=1
[DEBUG] armors=1, targets=1
[DEBUG] armors=1, targets=1
[2026-09-05 14:06:31.484] [info] [SYNC][XUC] mode=0 yaw=-6.74 deg pitch=1.36 deg feeder_rpm=0.00 wheel0_rpm=0 wheel1_rpm=0 wheel_delta=0 projectile_speed=9.50
[DEBUG] armors=1, targets=1
[2026-09-05 14:06:31.499] [info] [PERF] 总耗时=15.7ms (检测=12.9ms, 跟踪=0.5ms), FPS=63.9
[2026-09-05 14:06:31.499] [info] 📊 [CAMERA FPS] 瞬时帧率=63.8fps, 平均帧率=64.7fps, 总帧数=5650, 运行时间=87.4s
[DEBUG] armors=1, targets=1
[DEBUG] armors=1, targets=1
[DEBUG] armors=1, targets=1
[DEBUG] armors=1, targets=1
[DEBUG] armors=1, targets=1
[DEBUG] armors=1, targets=1
[DEBUG] armors=1, targets=1
[DEBUG] armors=1, targets=1
[DEBUG] armors=1, targets=1
[DEBUG] armors=1, targets=1
[2026-09-05 14:06:31.652] [info] [DRYRUN] measured_gimbal=(2.753,-0.017,-0.056) measured_world=(2.734,0.306,-0.121) tracked_world=(2.747,0.307,-0.122) target_gimbal_deg=(-0.36,-1.17) target_world_deg=(6.38,-2.53) gimbal_deg=(6.74,1.36) armor_y_px=634.8 pixel_error_deg=(3.18,2.32) ballistic=(range=2.753m holdover=0.731m comp=14.57deg residual=-12.24deg) q_wxyz=(0.998203,0.000698,0.011863,-0.058740) cmd_deg=(8.50,-18.89) packed_pitch_deg=-18.89 control=true shoot=false
[DEBUG] armors=1, targets=1
[DEBUG] armors=1, targets=1
[DEBUG] armors=1, targets=1
[DEBUG] armors=1, targets=1
[DEBUG] armors=1, targets=1
[DEBUG] armors=1, targets=1
[DEBUG] armors=1, targets=1
[DEBUG] armors=1, targets=1
[DEBUG] armors=1, targets=1
[DEBUG] armors=1, targets=1
[DEBUG] armors=1, targets=1
[DEBUG] armors=1, targets=1
[DEBUG] armors=1, targets=1
[DEBUG] armors=1, targets=1
[DEBUG] armors=1, targets=1
[DEBUG] armors=1, targets=1
[DEBUG] armors=1, targets=1
[DEBUG] armors=1, targets=1
[DEBUG] armors=1, targets=1
[DEBUG] armors=1, targets=1
[2026-09-05 14:06:31.966] [info] [DRYRUN] measured_gimbal=(2.769,-0.017,-0.057) measured_world=(2.750,0.307,-0.122) tracked_world=(2.749,0.307,-0.122) target_gimbal_deg=(-0.36,-1.17) target_world_deg=(6.38,-2.53) gimbal_deg=(6.74,1.36) armor_y_px=634.7 pixel_error_deg=(3.18,2.32) ballistic=(range=2.769m holdover=0.738m comp=14.62deg residual=-12.29deg) q_wxyz=(0.998203,0.000698,0.011863,-0.058740) cmd_deg=(8.50,-18.90) packed_pitch_deg=-18.90 control=true shoot=false
[DEBUG] armors=1, targets=1
[DEBUG] armors=1, targets=1
[DEBUG] armors=1, targets=1
[DEBUG] armors=1, targets=1
[DEBUG] armors=1, targets=1
[DEBUG] armors=1, targets=1
[DEBUG] armors=1, targets=1
[DEBUG] armors=1, targets=1
[DEBUG] armors=1, targets=1
[DEBUG] armors=1, targets=1
[DEBUG] armors=1, targets=1
[DEBUG] armors=1, targets=1
[DEBUG] armors=1, targets=1
[DEBUG] armors=1, targets=1
[DEBUG] armors=1, targets=1
[DEBUG] armors=1, targets=1
[DEBUG] armors=1, targets=1
[DEBUG] armors=1, targets=1
[DEBUG] armors=1, targets=1
[2026-09-05 14:06:32.265] [info] [SYNC][XUC] mode=0 yaw=-6.74 deg pitch=1.36 deg feeder_rpm=0.00 wheel0_rpm=0 wheel1_rpm=0 wheel_delta=0 projectile_speed=9.50
[DEBUG] armors=1, targets=1
[2026-09-05 14:06:32.278] [info] [DRYRUN] measured_gimbal=(2.807,-0.017,-0.058) measured_world=(2.787,0.312,-0.125) tracked_world=(2.747,0.307,-0.122) target_gimbal_deg=(-0.34,-1.19) target_world_deg=(6.40,-2.55) gimbal_deg=(6.74,1.36) armor_y_px=634.7 pixel_error_deg=(3.18,2.32) ballistic=(range=2.807m holdover=0.754m comp=14.73deg residual=-12.41deg) q_wxyz=(0.998203,0.000698,0.011863,-0.058740) cmd_deg=(8.48,-18.89) packed_pitch_deg=-18.89 control=true shoot=false
[2026-09-05 14:06:32.281] [info] [PERF] 总耗时=15.2ms (检测=12.4ms, 跟踪=0.5ms), FPS=65.7
[2026-09-05 14:06:32.281] [info] 📊 [CAMERA FPS] 瞬时帧率=65.6fps, 平均帧率=64.7fps, 总帧数=5700, 运行时间=88.2s
[DEBUG] armors=1, targets=1
[DEBUG] armors=1, targets=1
[DEBUG] armors=1, targets=1
[DEBUG] armors=1, targets=1
[DEBUG] armors=1, targets=1
[DEBUG] armors=1, targets=1
[DEBUG] armors=1, targets=1
[DEBUG] armors=1, targets=1
[DEBUG] armors=1, targets=1
[DEBUG] armors=1, targets=1
[DEBUG] armors=1, targets=1
[DEBUG] armors=1, targets=1
[DEBUG] armors=1, targets=1
[DEBUG] armors=1, targets=1
[DEBUG] armors=1, targets=1
[DEBUG] armors=1, targets=1
[DEBUG] armors=1, targets=1
[DEBUG] armors=1, targets=1
[DEBUG] armors=1, targets=1
[DEBUG] armors=1, targets=1
[2026-09-05 14:06:32.587] [info] [DRYRUN] measured_gimbal=(2.769,-0.017,-0.057) measured_world=(2.750,0.308,-0.123) tracked_world=(2.747,0.307,-0.122) target_gimbal_deg=(-0.35,-1.18) target_world_deg=(6.38,-2.54) gimbal_deg=(6.74,1.36) armor_y_px=634.8 pixel_error_deg=(3.18,2.33) ballistic=(range=2.769m holdover=0.738m comp=14.62deg residual=-12.29deg) q_wxyz=(0.998203,0.000698,0.011863,-0.058740) cmd_deg=(8.50,-18.89) packed_pitch_deg=-18.89 control=true shoot=false
[DEBUG] armors=1, targets=1
[DEBUG] armors=1, targets=1
[DEBUG] armors=1, targets=1
[DEBUG] armors=1, targets=1
[DEBUG] armors=1, targets=1
[DEBUG] armors=1, targets=1
[DEBUG] armors=1, targets=1
[DEBUG] armors=1, targets=1
[DEBUG] armors=1, targets=1
[DEBUG] armors=1, targets=1
[DEBUG] armors=1, targets=1
[DEBUG] armors=1, targets=1
[DEBUG] armors=1, targets=1
[DEBUG] armors=1, targets=1
[DEBUG] armors=1, targets=1
[DEBUG] armors=1, targets=1
[DEBUG] armors=1, targets=1
[DEBUG] armors=1, targets=1
[DEBUG] armors=1, targets=1
[DEBUG] armors=1, targets=1
[2026-09-05 14:06:32.894] [info] [DRYRUN] measured_gimbal=(2.793,-0.017,-0.058) measured_world=(2.773,0.310,-0.124) tracked_world=(2.749,0.307,-0.122) target_gimbal_deg=(-0.35,-1.18) target_world_deg=(6.38,-2.54) gimbal_deg=(6.74,1.36) armor_y_px=634.6 pixel_error_deg=(3.18,2.32) ballistic=(range=2.793m holdover=0.748m comp=14.69deg residual=-12.37deg) q_wxyz=(0.998203,0.000698,0.011863,-0.058740) cmd_deg=(8.50,-18.96) packed_pitch_deg=-18.96 control=true shoot=false
[DEBUG] armors=1, targets=1
[DEBUG] armors=1, targets=1
[DEBUG] armors=1, targets=1
[DEBUG] armors=1, targets=1
[DEBUG] armors=1, targets=1
[DEBUG] armors=1, targets=1
[DEBUG] armors=1, targets=1
[DEBUG] armors=1, targets=1
[DEBUG] armors=1, targets=1
[2026-09-05 14:06:33.035] [info] [SYNC][XUC] mode=0 yaw=-6.74 deg pitch=1.36 deg feeder_rpm=0.00 wheel0_rpm=0 wheel1_rpm=0 wheel_delta=0 projectile_speed=9.50
[DEBUG] armors=1, targets=1
[2026-09-05 14:06:33.050] [info] [PERF] 总耗时=15.1ms (检测=12.5ms, 跟踪=0.4ms), FPS=66.2
[2026-09-05 14:06:33.050] [info] 📊 [CAMERA FPS] 瞬时帧率=66.0fps, 平均帧率=64.7fps, 总帧数=5750, 运行时间=88.9s
[DEBUG] armors=1, targets=1
[DEBUG] armors=1, targets=1
[DEBUG] armors=1, targets=1
[DEBUG] armors=1, targets=1
[DEBUG] armors=1, targets=1
[DEBUG] armors=1, targets=1
[DEBUG] armors=1, targets=1
[DEBUG] armors=1, targets=1
[DEBUG] armors=1, targets=1
[DEBUG] armors=1, targets=1
[2026-09-05 14:06:33.203] [info] [DRYRUN] measured_gimbal=(2.774,-0.017,-0.057) measured_world=(2.755,0.308,-0.123) tracked_world=(2.747,0.307,-0.122) target_gimbal_deg=(-0.36,-1.18) target_world_deg=(6.38,-2.54) gimbal_deg=(6.74,1.36) armor_y_px=634.7 pixel_error_deg=(3.18,2.32) ballistic=(range=2.774m holdover=0.740m comp=14.63deg residual=-12.31deg) q_wxyz=(0.998203,0.000698,0.011863,-0.058740) cmd_deg=(8.51,-18.94) packed_pitch_deg=-18.94 control=true shoot=false
[DEBUG] armors=1, targets=1
[DEBUG] armors=1, targets=1
[DEBUG] armors=1, targets=1
[DEBUG] armors=1, targets=1
[DEBUG] armors=1, targets=1
[DEBUG] armors=1, targets=1
[DEBUG] armors=1, targets=1
[DEBUG] armors=1, targets=1
[DEBUG] armors=1, targets=1
[DEBUG] armors=1, targets=1
[DEBUG] armors=1, targets=1
[DEBUG] armors=1, targets=1
[DEBUG] armors=1, targets=1
[DEBUG] armors=1, targets=1
[DEBUG] armors=1, targets=1
[DEBUG] armors=1, targets=1
[DEBUG] armors=1, targets=1
[DEBUG] armors=1, targets=1
[DEBUG] armors=1, targets=1
[DEBUG] armors=1, targets=1
[2026-09-05 14:06:33.511] [info] [DRYRUN] measured_gimbal=(2.746,-0.017,-0.056) measured_world=(2.727,0.305,-0.121) tracked_world=(2.748,0.307,-0.122) target_gimbal_deg=(-0.36,-1.16) target_world_deg=(6.38,-2.52) gimbal_deg=(6.74,1.36) armor_y_px=634.6 pixel_error_deg=(3.18,2.32) ballistic=(range=2.746m holdover=0.728m comp=14.55deg residual=-12.23deg) q_wxyz=(0.998203,0.000698,0.011863,-0.058740) cmd_deg=(8.51,-18.91) packed_pitch_deg=-18.91 control=true shoot=false
[DEBUG] armors=1, targets=1
[DEBUG] armors=1, targets=1
[DEBUG] armors=1, targets=1
[DEBUG] armors=1, targets=1
[DEBUG] armors=1, targets=1
[DEBUG] armors=1, targets=1
[DEBUG] armors=1, targets=1
[DEBUG] armors=1, targets=1
[DEBUG] armors=1, targets=1
[DEBUG] armors=1, targets=1
[DEBUG] armors=1, targets=1
[DEBUG] armors=1, targets=1
[DEBUG] armors=1, targets=1
[DEBUG] armors=1, targets=1
[DEBUG] armors=1, targets=1
[DEBUG] armors=1, targets=1
[DEBUG] armors=1, targets=1
[DEBUG] armors=1, targets=1
[DEBUG] armors=1, targets=1
[2026-09-05 14:06:33.806] [info] [SYNC][XUC] mode=0 yaw=-6.74 deg pitch=1.36 deg feeder_rpm=0.00 wheel0_rpm=0 wheel1_rpm=0 wheel_delta=0 projectile_speed=9.50
[DEBUG] armors=1, targets=1
[2026-09-05 14:06:33.819] [info] [DRYRUN] measured_gimbal=(2.753,-0.017,-0.056) measured_world=(2.734,0.306,-0.121) tracked_world=(2.748,0.307,-0.122) target_gimbal_deg=(-0.36,-1.17) target_world_deg=(6.38,-2.53) gimbal_deg=(6.74,1.36) armor_y_px=634.8 pixel_error_deg=(3.18,2.32) ballistic=(range=2.753m holdover=0.731m comp=14.57deg residual=-12.24deg) q_wxyz=(0.998203,0.000698,0.011863,-0.058740) cmd_deg=(8.51,-18.93) packed_pitch_deg=-18.93 control=true shoot=false
[2026-09-05 14:06:33.821] [info] [PERF] 总耗时=15.2ms (检测=12.1ms, 跟踪=0.5ms), FPS=65.7
[2026-09-05 14:06:33.821] [info] 📊 [CAMERA FPS] 瞬时帧率=65.5fps, 平均帧率=64.7fps, 总帧数=5800, 运行时间=89.7s
[DEBUG] armors=1, targets=1
[DEBUG] armors=1, targets=1
[DEBUG] armors=1, targets=1
[DEBUG] armors=1, targets=1
[DEBUG] armors=1, targets=1
[DEBUG] armors=1, targets=1
[DEBUG] armors=1, targets=1
[DEBUG] armors=1, targets=1
[DEBUG] armors=1, targets=1
[DEBUG] armors=1, targets=1
[DEBUG] armors=1, targets=1
[DEBUG] armors=1, targets=1
[DEBUG] armors=1, targets=1
[DEBUG] armors=1, targets=1
[DEBUG] armors=1, targets=1
[DEBUG] armors=1, targets=1
[DEBUG] armors=1, targets=1
[DEBUG] armors=1, targets=1
[DEBUG] armors=1, targets=1
[DEBUG] armors=1, targets=1
[2026-09-05 14:06:34.130] [info] [DRYRUN] measured_gimbal=(2.766,-0.017,-0.057) measured_world=(2.747,0.307,-0.122) tracked_world=(2.749,0.307,-0.122) target_gimbal_deg=(-0.35,-1.17) target_world_deg=(6.38,-2.54) gimbal_deg=(6.74,1.36) armor_y_px=634.8 pixel_error_deg=(3.18,2.32) ballistic=(range=2.766m holdover=0.736m comp=14.61deg residual=-12.28deg) q_wxyz=(0.998203,0.000698,0.011863,-0.058740) cmd_deg=(8.50,-18.91) packed_pitch_deg=-18.91 control=true shoot=false
[DEBUG] armors=1, targets=1
[DEBUG] armors=1, targets=1
[DEBUG] armors=1, targets=1
[DEBUG] armors=1, targets=1
[DEBUG] armors=1, targets=1
[DEBUG] armors=1, targets=1
[DEBUG] armors=1, targets=1
[DEBUG] armors=1, targets=1
[DEBUG] armors=1, targets=1
[DEBUG] armors=1, targets=1
[DEBUG] armors=1, targets=1
[DEBUG] armors=1, targets=1
[DEBUG] armors=1, targets=1
[DEBUG] armors=1, targets=1
[DEBUG] armors=1, targets=1
[DEBUG] armors=1, targets=1
[DEBUG] armors=1, targets=1
[DEBUG] armors=1, targets=1
[DEBUG] armors=1, targets=1
[DEBUG] armors=1, targets=1
[2026-09-05 14:06:34.439] [info] [DRYRUN] measured_gimbal=(2.791,-0.017,-0.057) measured_world=(2.771,0.310,-0.124) tracked_world=(2.749,0.308,-0.122) target_gimbal_deg=(-0.35,-1.18) target_world_deg=(6.39,-2.54) gimbal_deg=(6.74,1.36) armor_y_px=634.6 pixel_error_deg=(3.18,2.32) ballistic=(range=2.791m holdover=0.747m comp=14.68deg residual=-12.36deg) q_wxyz=(0.998203,0.000698,0.011863,-0.058740) cmd_deg=(8.51,-18.99) packed_pitch_deg=-18.99 control=true shoot=false
[DEBUG] armors=1, targets=1
[DEBUG] armors=1, targets=1
[DEBUG] armors=1, targets=1
[DEBUG] armors=1, targets=1
[DEBUG] armors=1, targets=1
[DEBUG] armors=1, targets=1
[DEBUG] armors=1, targets=1
[DEBUG] armors=1, targets=1
[DEBUG] armors=1, targets=1
[2026-09-05 14:06:34.582] [info] [SYNC][XUC] mode=0 yaw=-6.74 deg pitch=1.36 deg feeder_rpm=0.00 wheel0_rpm=0 wheel1_rpm=0 wheel_delta=0 projectile_speed=9.50
[DEBUG] armors=1, targets=1
[2026-09-05 14:06:34.597] [info] [PERF] 总耗时=15.6ms (检测=12.7ms, 跟踪=0.5ms), FPS=64.2
[2026-09-05 14:06:34.597] [info] 📊 [CAMERA FPS] 瞬时帧率=64.1fps, 平均帧率=64.7fps, 总帧数=5850, 运行时间=90.5s
[DEBUG] armors=1, targets=1
[DEBUG] armors=1, targets=1
[DEBUG] armors=1, targets=1
[DEBUG] armors=1, targets=1
[DEBUG] armors=1, targets=1
[DEBUG] armors=1, targets=1
[DEBUG] armors=1, targets=1
[DEBUG] armors=1, targets=1
[DEBUG] armors=1, targets=1
[DEBUG] armors=1, targets=1
[2026-09-05 14:06:34.749] [info] [DRYRUN] measured_gimbal=(2.801,-0.017,-0.058) measured_world=(2.782,0.312,-0.125) tracked_world=(2.755,0.308,-0.123) target_gimbal_deg=(-0.34,-1.19) target_world_deg=(6.39,-2.55) gimbal_deg=(6.74,1.36) armor_y_px=634.7 pixel_error_deg=(3.18,2.32) ballistic=(range=2.801m holdover=0.751m comp=14.71deg residual=-12.39deg) q_wxyz=(0.998203,0.000698,0.011863,-0.058740) cmd_deg=(8.50,-18.99) packed_pitch_deg=-18.99 control=true shoot=false
[DEBUG] armors=1, targets=1
[DEBUG] armors=1, targets=1
[DEBUG] armors=1, targets=1
[DEBUG] armors=1, targets=1
[DEBUG] armors=1, targets=1
[DEBUG] armors=1, targets=1
[DEBUG] armors=1, targets=1
[DEBUG] armors=1, targets=1
[DEBUG] armors=1, targets=1
[DEBUG] armors=1, targets=1
[DEBUG] armors=1, targets=1
[DEBUG] armors=1, targets=1
[DEBUG] armors=1, targets=1
[DEBUG] armors=1, targets=1
[DEBUG] armors=1, targets=1
[DEBUG] armors=1, targets=1
[DEBUG] armors=1, targets=1
[DEBUG] armors=1, targets=1
[DEBUG] armors=1, targets=1
[DEBUG] armors=1, targets=1
[2026-09-05 14:06:35.062] [info] [DRYRUN] measured_gimbal=(2.806,-0.017,-0.058) measured_world=(2.786,0.312,-0.125) tracked_world=(2.752,0.308,-0.122) target_gimbal_deg=(-0.34,-1.19) target_world_deg=(6.39,-2.55) gimbal_deg=(6.74,1.36) armor_y_px=634.6 pixel_error_deg=(3.18,2.32) ballistic=(range=2.806m holdover=0.753m comp=14.73deg residual=-12.41deg) q_wxyz=(0.998203,0.000698,0.011863,-0.058740) cmd_deg=(8.49,-18.97) packed_pitch_deg=-18.97 control=true shoot=false
[DEBUG] armors=1, targets=1
[DEBUG] armors=1, targets=1
[DEBUG] armors=1, targets=1
[DEBUG] armors=1, targets=1
[DEBUG] armors=1, targets=1
[DEBUG] armors=1, targets=1
[DEBUG] armors=1, targets=1
[DEBUG] armors=1, targets=1
[DEBUG] armors=1, targets=1
[DEBUG] armors=1, targets=1
[DEBUG] armors=1, targets=1
[DEBUG] armors=1, targets=1
[DEBUG] armors=1, targets=1
[DEBUG] armors=1, targets=1
[DEBUG] armors=1, targets=1
[DEBUG] armors=1, targets=1
[DEBUG] armors=1, targets=1
[DEBUG] armors=1, targets=1
[DEBUG] armors=1, targets=1
[2026-09-05 14:06:35.358] [info] [SYNC][XUC] mode=0 yaw=-6.74 deg pitch=1.36 deg feeder_rpm=0.00 wheel0_rpm=0 wheel1_rpm=0 wheel_delta=0 projectile_speed=9.50
[DEBUG] armors=1, targets=1
[2026-09-05 14:06:35.371] [info] [DRYRUN] measured_gimbal=(2.773,-0.017,-0.057) measured_world=(2.753,0.308,-0.122) tracked_world=(2.753,0.308,-0.123) target_gimbal_deg=(-0.35,-1.17) target_world_deg=(6.38,-2.53) gimbal_deg=(6.74,1.36) armor_y_px=634.5 pixel_error_deg=(3.18,2.32) ballistic=(range=2.773m holdover=0.739m comp=14.63deg residual=-12.31deg) q_wxyz=(0.998203,0.000698,0.011863,-0.058740) cmd_deg=(8.51,-18.95) packed_pitch_deg=-18.95 control=true shoot=false
[2026-09-05 14:06:35.374] [info] [PERF] 总耗时=15.6ms (检测=12.6ms, 跟踪=0.5ms), FPS=64.2
[2026-09-05 14:06:35.374] [info] 📊 [CAMERA FPS] 瞬时帧率=64.0fps, 平均帧率=64.7fps, 总帧数=5900, 运行时间=91.3s
[DEBUG] armors=1, targets=1
[DEBUG] armors=1, targets=1
[DEBUG] armors=1, targets=1
[DEBUG] armors=1, targets=1
[DEBUG] armors=1, targets=1
[DEBUG] armors=1, targets=1
[DEBUG] armors=1, targets=1
[DEBUG] armors=1, targets=1
[DEBUG] armors=1, targets=1
[DEBUG] armors=1, targets=1
[DEBUG] armors=1, targets=1
[DEBUG] armors=1, targets=1
[DEBUG] armors=1, targets=1
[DEBUG] armors=1, targets=1
[DEBUG] armors=1, targets=1
[DEBUG] armors=1, targets=1
[DEBUG] armors=1, targets=1
[DEBUG] armors=1, targets=1
[DEBUG] armors=1, targets=1
[DEBUG] armors=1, targets=1
[2026-09-05 14:06:35.681] [info] [DRYRUN] measured_gimbal=(2.738,-0.017,-0.055) measured_world=(2.719,0.304,-0.120) tracked_world=(2.748,0.307,-0.122) target_gimbal_deg=(-0.36,-1.16) target_world_deg=(6.37,-2.52) gimbal_deg=(6.74,1.36) armor_y_px=634.7 pixel_error_deg=(3.18,2.32) ballistic=(range=2.738m holdover=0.725m comp=14.52deg residual=-12.20deg) q_wxyz=(0.998203,0.000698,0.011863,-0.058740) cmd_deg=(8.51,-18.82) packed_pitch_deg=-18.82 control=true shoot=false
[DEBUG] armors=1, targets=1
[DEBUG] armors=1, targets=1
[DEBUG] armors=1, targets=1
[DEBUG] armors=1, targets=1
[DEBUG] armors=1, targets=1
[DEBUG] armors=1, targets=1
[DEBUG] armors=1, targets=1
[DEBUG] armors=1, targets=1
[DEBUG] armors=1, targets=1
[DEBUG] armors=1, targets=1
[DEBUG] armors=1, targets=1
[DEBUG] armors=1, targets=1
[DEBUG] armors=1, targets=1
[DEBUG] armors=1, targets=1
[DEBUG] armors=1, targets=1
[DEBUG] armors=1, targets=1
[DEBUG] armors=1, targets=1
[DEBUG] armors=1, targets=1
[DEBUG] armors=1, targets=1
[DEBUG] armors=1, targets=1
[2026-09-05 14:06:35.992] [info] [DRYRUN] measured_gimbal=(2.764,-0.017,-0.056) measured_world=(2.745,0.307,-0.122) tracked_world=(2.748,0.307,-0.122) target_gimbal_deg=(-0.35,-1.17) target_world_deg=(6.39,-2.53) gimbal_deg=(6.74,1.36) armor_y_px=634.7 pixel_error_deg=(3.17,2.32) ballistic=(range=2.764m holdover=0.736m comp=14.60deg residual=-12.28deg) q_wxyz=(0.998203,0.000698,0.011863,-0.058740) cmd_deg=(8.50,-18.92) packed_pitch_deg=-18.92 control=true shoot=false
[DEBUG] armors=1, targets=1
[DEBUG] armors=1, targets=1
[DEBUG] armors=1, targets=1
[DEBUG] armors=1, targets=1
[DEBUG] armors=1, targets=1
[DEBUG] armors=1, targets=1
[DEBUG] armors=1, targets=1
[DEBUG] armors=1, targets=1
[DEBUG] armors=1, targets=1
[2026-09-05 14:06:36.135] [info] [SYNC][XUC] mode=0 yaw=-6.74 deg pitch=1.36 deg feeder_rpm=-4.00 wheel0_rpm=0 wheel1_rpm=0 wheel_delta=0 projectile_speed=9.50
[DEBUG] armors=1, targets=1
[2026-09-05 14:06:36.150] [info] [PERF] 总耗时=15.3ms (检测=12.6ms, 跟踪=0.5ms), FPS=65.2
[2026-09-05 14:06:36.150] [info] 📊 [CAMERA FPS] 瞬时帧率=65.1fps, 平均帧率=64.7fps, 总帧数=5950, 运行时间=92.0s
[DEBUG] armors=1, targets=1
[DEBUG] armors=1, targets=1
[DEBUG] armors=1, targets=1
[DEBUG] armors=1, targets=1
[DEBUG] armors=1, targets=1
[DEBUG] armors=1, targets=1
[DEBUG] armors=1, targets=1
[DEBUG] armors=1, targets=1
[DEBUG] armors=1, targets=1
[DEBUG] armors=1, targets=1
[2026-09-05 14:06:36.302] [info] [DRYRUN] measured_gimbal=(2.751,-0.017,-0.056) measured_world=(2.732,0.305,-0.121) tracked_world=(2.747,0.307,-0.122) target_gimbal_deg=(-0.36,-1.16) target_world_deg=(6.38,-2.52) gimbal_deg=(6.74,1.36) armor_y_px=634.6 pixel_error_deg=(3.18,2.32) ballistic=(range=2.751m holdover=0.730m comp=14.56deg residual=-12.24deg) q_wxyz=(0.998203,0.000698,0.011863,-0.058740) cmd_deg=(8.51,-18.90) packed_pitch_deg=-18.90 control=true shoot=false
[DEBUG] armors=1, targets=1
[DEBUG] armors=1, targets=1
[DEBUG] armors=1, targets=1
[DEBUG] armors=1, targets=1
[DEBUG] armors=1, targets=1
[DEBUG] armors=1, targets=1
[DEBUG] armors=1, targets=1
[DEBUG] armors=1, targets=1
[DEBUG] armors=1, targets=1
[DEBUG] armors=1, targets=1
[DEBUG] armors=1, targets=1
[DEBUG] armors=1, targets=1
[DEBUG] armors=1, targets=1
[DEBUG] armors=1, targets=1
[DEBUG] armors=1, targets=1
[DEBUG] armors=1, targets=1
[DEBUG] armors=1, targets=1
[DEBUG] armors=1, targets=1
[DEBUG] armors=1, targets=1
[DEBUG] armors=1, targets=1
[2026-09-05 14:06:36.607] [info] [DRYRUN] measured_gimbal=(2.766,-0.017,-0.057) measured_world=(2.747,0.307,-0.122) tracked_world=(2.750,0.308,-0.123) target_gimbal_deg=(-0.36,-1.17) target_world_deg=(6.38,-2.53) gimbal_deg=(6.74,1.36) armor_y_px=634.7 pixel_error_deg=(3.18,2.32) ballistic=(range=2.766m holdover=0.736m comp=14.61deg residual=-12.29deg) q_wxyz=(0.998203,0.000698,0.011863,-0.058740) cmd_deg=(8.51,-18.96) packed_pitch_deg=-18.96 control=true shoot=false
[DEBUG] armors=1, targets=1
[DEBUG] armors=1, targets=1
[DEBUG] armors=1, targets=1
[DEBUG] armors=1, targets=1
[DEBUG] armors=1, targets=1
[DEBUG] armors=1, targets=1
[DEBUG] armors=1, targets=1
[DEBUG] armors=1, targets=1
[DEBUG] armors=1, targets=1
[DEBUG] armors=1, targets=1
[DEBUG] armors=1, targets=1
[DEBUG] armors=1, targets=1
[DEBUG] armors=1, targets=1
[DEBUG] armors=1, targets=1
[DEBUG] armors=1, targets=1
[DEBUG] armors=1, targets=1
[DEBUG] armors=1, targets=1
[DEBUG] armors=1, targets=1
[DEBUG] armors=1, targets=1
[2026-09-05 14:06:36.907] [info] [SYNC][XUC] mode=0 yaw=-6.74 deg pitch=1.36 deg feeder_rpm=0.00 wheel0_rpm=0 wheel1_rpm=0 wheel_delta=0 projectile_speed=9.50
[DEBUG] armors=1, targets=1
[2026-09-05 14:06:36.920] [info] [DRYRUN] measured_gimbal=(2.763,-0.017,-0.056) measured_world=(2.743,0.307,-0.122) tracked_world=(2.751,0.308,-0.123) target_gimbal_deg=(-0.36,-1.17) target_world_deg=(6.38,-2.53) gimbal_deg=(6.74,1.36) armor_y_px=634.6 pixel_error_deg=(3.18,2.32) ballistic=(range=2.763m holdover=0.735m comp=14.60deg residual=-12.28deg) q_wxyz=(0.998203,0.000698,0.011863,-0.058740) cmd_deg=(8.51,-18.92) packed_pitch_deg=-18.92 control=true shoot=false
[2026-09-05 14:06:36.922] [info] [PERF] 总耗时=15.2ms (检测=12.3ms, 跟踪=0.5ms), FPS=65.9
[2026-09-05 14:06:36.922] [info] 📊 [CAMERA FPS] 瞬时帧率=65.8fps, 平均帧率=64.7fps, 总帧数=6000, 运行时间=92.8s
[DEBUG] armors=1, targets=1
[DEBUG] armors=1, targets=1
[DEBUG] armors=1, targets=1
[DEBUG] armors=1, targets=1
[DEBUG] armors=1, targets=1
[DEBUG] armors=1, targets=1
[DEBUG] armors=1, targets=1
[DEBUG] armors=1, targets=1
[DEBUG] armors=1, targets=1
[DEBUG] armors=1, targets=1
[DEBUG] armors=1, targets=1
[DEBUG] armors=1, targets=1
[DEBUG] armors=1, targets=1
[DEBUG] armors=1, targets=1
[DEBUG] armors=1, targets=1
[DEBUG] armors=1, targets=1
[DEBUG] armors=1, targets=1
[DEBUG] armors=1, targets=1
[DEBUG] armors=1, targets=1
[DEBUG] armors=1, targets=1
[2026-09-05 14:06:37.233] [info] [DRYRUN] measured_gimbal=(2.778,-0.017,-0.057) measured_world=(2.759,0.309,-0.123) tracked_world=(2.749,0.307,-0.122) target_gimbal_deg=(-0.35,-1.17) target_world_deg=(6.38,-2.53) gimbal_deg=(6.74,1.36) armor_y_px=634.5 pixel_error_deg=(3.18,2.32) ballistic=(range=2.778m holdover=0.742m comp=14.64deg residual=-12.33deg) q_wxyz=(0.998203,0.000698,0.011863,-0.058740) cmd_deg=(8.50,-18.91) packed_pitch_deg=-18.91 control=true shoot=false
[DEBUG] armors=1, targets=1
[DEBUG] armors=1, targets=1
[DEBUG] armors=1, targets=1
[DEBUG] armors=1, targets=1
[DEBUG] armors=1, targets=1
[DEBUG] armors=1, targets=1
[DEBUG] armors=1, targets=1
[DEBUG] armors=1, targets=1
[DEBUG] armors=1, targets=1
[DEBUG] armors=1, targets=1
[DEBUG] armors=1, targets=1
[DEBUG] armors=1, targets=1
[DEBUG] armors=1, targets=1
[DEBUG] armors=1, targets=1
[DEBUG] armors=1, targets=1
[DEBUG] armors=1, targets=1
[DEBUG] armors=1, targets=1
[DEBUG] armors=1, targets=1
[DEBUG] armors=1, targets=1
[DEBUG] armors=1, targets=1
[2026-09-05 14:06:37.542] [info] [DRYRUN] measured_gimbal=(2.774,-0.017,-0.057) measured_world=(2.754,0.308,-0.123) tracked_world=(2.752,0.308,-0.123) target_gimbal_deg=(-0.35,-1.17) target_world_deg=(6.39,-2.53) gimbal_deg=(6.74,1.36) armor_y_px=634.6 pixel_error_deg=(3.18,2.32) ballistic=(range=2.774m holdover=0.740m comp=14.63deg residual=-12.31deg) q_wxyz=(0.998203,0.000698,0.011863,-0.058740) cmd_deg=(8.50,-18.93) packed_pitch_deg=-18.93 control=true shoot=false
[DEBUG] armors=1, targets=1
[DEBUG] armors=1, targets=1
[DEBUG] armors=1, targets=1
[DEBUG] armors=1, targets=1
[DEBUG] armors=1, targets=1
[DEBUG] armors=1, targets=1
[DEBUG] armors=1, targets=1
[DEBUG] armors=1, targets=1
[DEBUG] armors=1, targets=1
[2026-09-05 14:06:37.682] [info] [SYNC][XUC] mode=0 yaw=-6.74 deg pitch=1.36 deg feeder_rpm=0.00 wheel0_rpm=0 wheel1_rpm=0 wheel_delta=0 projectile_speed=9.50
[DEBUG] armors=1, targets=1
[2026-09-05 14:06:37.698] [info] [PERF] 总耗时=15.8ms (检测=13.0ms, 跟踪=0.4ms), FPS=63.2
[2026-09-05 14:06:37.698] [info] 📊 [CAMERA FPS] 瞬时帧率=63.1fps, 平均帧率=64.7fps, 总帧数=6050, 运行时间=93.6s
[DEBUG] armors=1, targets=1
[DEBUG] armors=1, targets=1
[DEBUG] armors=1, targets=1
[DEBUG] armors=1, targets=1
[DEBUG] armors=1, targets=1
[DEBUG] armors=1, targets=1
[DEBUG] armors=1, targets=1
[DEBUG] armors=1, targets=1
[DEBUG] armors=1, targets=1
[DEBUG] armors=1, targets=1
[2026-09-05 14:06:37.850] [info] [DRYRUN] measured_gimbal=(2.756,-0.017,-0.056) measured_world=(2.737,0.306,-0.122) tracked_world=(2.752,0.308,-0.123) target_gimbal_deg=(-0.35,-1.17) target_world_deg=(6.38,-2.53) gimbal_deg=(6.74,1.36) armor_y_px=634.6 pixel_error_deg=(3.17,2.32) ballistic=(range=2.756m holdover=0.732m comp=14.58deg residual=-12.26deg) q_wxyz=(0.998203,0.000698,0.011863,-0.058740) cmd_deg=(8.51,-18.90) packed_pitch_deg=-18.90 control=true shoot=false
[DEBUG] armors=1, targets=1
[DEBUG] armors=1, targets=1
[DEBUG] armors=1, targets=1
[DEBUG] armors=1, targets=1
[DEBUG] armors=1, targets=1
[DEBUG] armors=1, targets=1
[DEBUG] armors=1, targets=1
[DEBUG] armors=1, targets=1
[DEBUG] armors=1, targets=1
[DEBUG] armors=1, targets=1
[DEBUG] armors=1, targets=1
[DEBUG] armors=1, targets=1
[DEBUG] armors=1, targets=1
[DEBUG] armors=1, targets=1
[DEBUG] armors=1, targets=1
[DEBUG] armors=1, targets=1
[DEBUG] armors=1, targets=1
[DEBUG] armors=1, targets=1
[DEBUG] armors=1, targets=1
[DEBUG] armors=1, targets=1
[2026-09-05 14:06:38.160] [info] [DRYRUN] measured_gimbal=(2.757,-0.017,-0.056) measured_world=(2.738,0.306,-0.122) tracked_world=(2.751,0.308,-0.123) target_gimbal_deg=(-0.36,-1.17) target_world_deg=(6.38,-2.53) gimbal_deg=(6.74,1.36) armor_y_px=634.7 pixel_error_deg=(3.18,2.32) ballistic=(range=2.758m holdover=0.733m comp=14.58deg residual=-12.26deg) q_wxyz=(0.998203,0.000698,0.011863,-0.058740) cmd_deg=(8.50,-18.91) packed_pitch_deg=-18.91 control=true shoot=false
[DEBUG] armors=1, targets=1
[DEBUG] armors=1, targets=1
[DEBUG] armors=1, targets=1
[DEBUG] armors=1, targets=1
[DEBUG] armors=1, targets=1
[DEBUG] armors=1, targets=1
[DEBUG] armors=1, targets=1
[DEBUG] armors=1, targets=1
[DEBUG] armors=1, targets=1
[DEBUG] armors=1, targets=1
[DEBUG] armors=1, targets=1
[DEBUG] armors=1, targets=1
[DEBUG] armors=1, targets=1
[DEBUG] armors=1, targets=1
[DEBUG] armors=1, targets=1
[DEBUG] armors=1, targets=1
[DEBUG] armors=1, targets=1
[DEBUG] armors=1, targets=1
[DEBUG] armors=1, targets=1
[2026-09-05 14:06:38.456] [info] [SYNC][XUC] mode=0 yaw=-6.74 deg pitch=1.36 deg feeder_rpm=0.00 wheel0_rpm=0 wheel1_rpm=0 wheel_delta=0 projectile_speed=9.50
[DEBUG] armors=1, targets=1
[2026-09-05 14:06:38.469] [info] [DRYRUN] measured_gimbal=(2.760,-0.017,-0.056) measured_world=(2.741,0.306,-0.122) tracked_world=(2.752,0.308,-0.123) target_gimbal_deg=(-0.35,-1.17) target_world_deg=(6.38,-2.53) gimbal_deg=(6.74,1.36) armor_y_px=634.8 pixel_error_deg=(3.18,2.32) ballistic=(range=2.760m holdover=0.734m comp=14.59deg residual=-12.27deg) q_wxyz=(0.998203,0.000698,0.011863,-0.058740) cmd_deg=(8.51,-18.93) packed_pitch_deg=-18.93 control=true shoot=false
[2026-09-05 14:06:38.471] [info] [PERF] 总耗时=15.4ms (检测=12.5ms, 跟踪=0.5ms), FPS=64.9
[2026-09-05 14:06:38.471] [info] 📊 [CAMERA FPS] 瞬时帧率=64.8fps, 平均帧率=64.7fps, 总帧数=6100, 运行时间=94.3s
[DEBUG] armors=1, targets=1
[DEBUG] armors=1, targets=1
[DEBUG] armors=1, targets=1
[DEBUG] armors=1, targets=1
[DEBUG] armors=1, targets=1
[DEBUG] armors=1, targets=1
[DEBUG] armors=1, targets=1
[DEBUG] armors=1, targets=1
[DEBUG] armors=1, targets=1
[DEBUG] armors=1, targets=1
[DEBUG] armors=1, targets=1
[DEBUG] armors=1, targets=1
[DEBUG] armors=1, targets=1
[DEBUG] armors=1, targets=1
[DEBUG] armors=1, targets=1
[DEBUG] armors=1, targets=1
[DEBUG] armors=1, targets=1
[DEBUG] armors=1, targets=1
[DEBUG] armors=1, targets=1
[DEBUG] armors=1, targets=1
[2026-09-05 14:06:38.784] [info] [DRYRUN] measured_gimbal=(2.760,-0.017,-0.056) measured_world=(2.741,0.306,-0.122) tracked_world=(2.751,0.308,-0.123) target_gimbal_deg=(-0.36,-1.17) target_world_deg=(6.38,-2.53) gimbal_deg=(6.74,1.36) armor_y_px=634.8 pixel_error_deg=(3.18,2.32) ballistic=(range=2.760m holdover=0.734m comp=14.59deg residual=-12.27deg) q_wxyz=(0.998203,0.000698,0.011863,-0.058740) cmd_deg=(8.51,-18.90) packed_pitch_deg=-18.90 control=true shoot=false
[DEBUG] armors=1, targets=1
[DEBUG] armors=1, targets=1
[DEBUG] armors=1, targets=1
[DEBUG] armors=1, targets=1
[DEBUG] armors=1, targets=1
[DEBUG] armors=1, targets=1
[DEBUG] armors=1, targets=1
[DEBUG] armors=1, targets=1
[DEBUG] armors=1, targets=1
[DEBUG] armors=1, targets=1
[DEBUG] armors=1, targets=1
[DEBUG] armors=1, targets=1
[DEBUG] armors=1, targets=1
[DEBUG] armors=1, targets=1
[DEBUG] armors=1, targets=1
[DEBUG] armors=1, targets=1
[DEBUG] armors=1, targets=1
[DEBUG] armors=1, targets=1
[DEBUG] armors=1, targets=1
[DEBUG] armors=1, targets=1
[2026-09-05 14:06:39.095] [info] [DRYRUN] measured_gimbal=(2.777,-0.017,-0.057) measured_world=(2.757,0.309,-0.123) tracked_world=(2.747,0.307,-0.122) target_gimbal_deg=(-0.35,-1.18) target_world_deg=(6.38,-2.54) gimbal_deg=(6.74,1.36) armor_y_px=634.7 pixel_error_deg=(3.18,2.32) ballistic=(range=2.777m holdover=0.741m comp=14.64deg residual=-12.32deg) q_wxyz=(0.998203,0.000698,0.011863,-0.058740) cmd_deg=(8.50,-18.92) packed_pitch_deg=-18.92 control=true shoot=false
[DEBUG] armors=1, targets=1
[DEBUG] armors=1, targets=1
[DEBUG] armors=1, targets=1
[DEBUG] armors=1, targets=1
[DEBUG] armors=1, targets=1
[DEBUG] armors=1, targets=1
[DEBUG] armors=1, targets=1
[DEBUG] armors=1, targets=1
[DEBUG] armors=1, targets=1
[2026-09-05 14:06:39.238] [info] [SYNC][XUC] mode=0 yaw=-6.74 deg pitch=1.36 deg feeder_rpm=0.00 wheel0_rpm=0 wheel1_rpm=0 wheel_delta=0 projectile_speed=9.50
[DEBUG] armors=1, targets=1
[2026-09-05 14:06:39.254] [info] [PERF] 总耗时=15.8ms (检测=12.7ms, 跟踪=0.4ms), FPS=63.3
[2026-09-05 14:06:39.254] [info] 📊 [CAMERA FPS] 瞬时帧率=63.2fps, 平均帧率=64.6fps, 总帧数=6150, 运行时间=95.1s
[DEBUG] armors=1, targets=1
[DEBUG] armors=1, targets=1
[DEBUG] armors=1, targets=1
[DEBUG] armors=1, targets=1
[DEBUG] armors=1, targets=1
[DEBUG] armors=1, targets=1
[DEBUG] armors=1, targets=1
[DEBUG] armors=1, targets=1
[DEBUG] armors=1, targets=1
[DEBUG] armors=1, targets=1
[2026-09-05 14:06:39.411] [info] [DRYRUN] measured_gimbal=(2.759,-0.017,-0.056) measured_world=(2.740,0.306,-0.122) tracked_world=(2.745,0.307,-0.122) target_gimbal_deg=(-0.36,-1.17) target_world_deg=(6.38,-2.53) gimbal_deg=(6.74,1.36) armor_y_px=634.7 pixel_error_deg=(3.18,2.32) ballistic=(range=2.759m holdover=0.733m comp=14.58deg residual=-12.26deg) q_wxyz=(0.998203,0.000698,0.011863,-0.058740) cmd_deg=(8.50,-18.87) packed_pitch_deg=-18.87 control=true shoot=false
[DEBUG] armors=1, targets=1
[DEBUG] armors=1, targets=1
[DEBUG] armors=1, targets=1
[DEBUG] armors=1, targets=1
[DEBUG] armors=1, targets=1
[DEBUG] armors=1, targets=1
[DEBUG] armors=1, targets=1
[DEBUG] armors=1, targets=1
[DEBUG] armors=1, targets=1
[DEBUG] armors=1, targets=1
[DEBUG] armors=1, targets=1
[DEBUG] armors=1, targets=1
[DEBUG] armors=1, targets=1
[DEBUG] armors=1, targets=1
[DEBUG] armors=1, targets=1
[DEBUG] armors=1, targets=1
[DEBUG] armors=1, targets=1
[DEBUG] armors=1, targets=1
[DEBUG] armors=1, targets=1
[DEBUG] armors=1, targets=1
[2026-09-05 14:06:39.727] [info] [DRYRUN] measured_gimbal=(2.754,-0.017,-0.056) measured_world=(2.735,0.306,-0.122) tracked_world=(2.777,0.328,-0.124) target_gimbal_deg=(-0.36,-1.17) target_world_deg=(6.38,-2.53) gimbal_deg=(6.74,1.36) armor_y_px=634.8 pixel_error_deg=(3.18,2.32) ballistic=(range=2.754m holdover=0.731m comp=14.57deg residual=-12.25deg) q_wxyz=(0.998203,0.000698,0.011863,-0.058740) cmd_deg=(9.10,-18.87) packed_pitch_deg=-18.87 control=true shoot=false
[DEBUG] armors=1, targets=1
[DEBUG] armors=1, targets=1
[DEBUG] armors=1, targets=1
[DEBUG] armors=1, targets=1
[DEBUG] armors=1, targets=1
[DEBUG] armors=1, targets=1
[DEBUG] armors=1, targets=1
[DEBUG] armors=1, targets=1
[DEBUG] armors=1, targets=1
[DEBUG] armors=1, targets=1
[DEBUG] armors=1, targets=1
[DEBUG] armors=1, targets=1
[DEBUG] armors=1, targets=1
[DEBUG] armors=1, targets=1
[DEBUG] armors=1, targets=1
[DEBUG] armors=1, targets=1
[DEBUG] armors=1, targets=1
[DEBUG] armors=1, targets=1
[DEBUG] armors=1, targets=1
[2026-09-05 14:06:40.024] [info] [SYNC][XUC] mode=0 yaw=-6.74 deg pitch=1.36 deg feeder_rpm=0.00 wheel0_rpm=0 wheel1_rpm=0 wheel_delta=0 projectile_speed=9.50
[DEBUG] armors=1, targets=1
[2026-09-05 14:06:40.037] [info] [DRYRUN] measured_gimbal=(2.723,-0.017,-0.055) measured_world=(2.704,0.302,-0.120) tracked_world=(2.762,0.311,-0.123) target_gimbal_deg=(-0.36,-1.16) target_world_deg=(6.37,-2.52) gimbal_deg=(6.74,1.36) armor_y_px=634.9 pixel_error_deg=(3.18,2.33) ballistic=(range=2.723m holdover=0.718m comp=14.48deg residual=-12.15deg) q_wxyz=(0.998203,0.000698,0.011863,-0.058740) cmd_deg=(8.43,-18.78) packed_pitch_deg=-18.78 control=true shoot=false
[2026-09-05 14:06:40.039] [info] [PERF] 总耗时=15.0ms (检测=12.3ms, 跟踪=0.5ms), FPS=66.8
[2026-09-05 14:06:40.039] [info] 📊 [CAMERA FPS] 瞬时帧率=66.6fps, 平均帧率=64.6fps, 总帧数=6200, 运行时间=95.9s
[DEBUG] armors=1, targets=1
[DEBUG] armors=1, targets=1
[DEBUG] armors=1, targets=1
[DEBUG] armors=1, targets=1
[DEBUG] armors=1, targets=1
[DEBUG] armors=1, targets=1
[DEBUG] armors=1, targets=1
[DEBUG] armors=1, targets=1
[DEBUG] armors=1, targets=1
[DEBUG] armors=1, targets=1
[DEBUG] armors=1, targets=1
[DEBUG] armors=1, targets=1
[DEBUG] armors=1, targets=1
[DEBUG] armors=1, targets=1
[DEBUG] armors=1, targets=1
[DEBUG] armors=1, targets=1
[DEBUG] armors=1, targets=1
[DEBUG] armors=1, targets=1
[DEBUG] armors=1, targets=1
[DEBUG] armors=1, targets=1
[2026-09-05 14:06:40.346] [info] [DRYRUN] measured_gimbal=(2.776,-0.017,-0.057) measured_world=(2.757,0.309,-0.123) tracked_world=(2.748,0.305,-0.122) target_gimbal_deg=(-0.35,-1.18) target_world_deg=(6.39,-2.54) gimbal_deg=(6.74,1.36) armor_y_px=634.7 pixel_error_deg=(3.17,2.32) ballistic=(range=2.776m holdover=0.741m comp=14.64deg residual=-12.32deg) q_wxyz=(0.998203,0.000698,0.011863,-0.058740) cmd_deg=(8.37,-18.91) packed_pitch_deg=-18.91 control=true shoot=false
[DEBUG] armors=1, targets=1
[DEBUG] armors=1, targets=1
[DEBUG] armors=1, targets=1
[DEBUG] armors=1, targets=1
[DEBUG] armors=1, targets=1
[DEBUG] armors=1, targets=1
[DEBUG] armors=1, targets=1
[DEBUG] armors=1, targets=1
[DEBUG] armors=1, targets=1
[DEBUG] armors=1, targets=1
[DEBUG] armors=1, targets=1
[DEBUG] armors=1, targets=1
[DEBUG] armors=1, targets=1
[DEBUG] armors=1, targets=1
[DEBUG] armors=1, targets=1
[DEBUG] armors=1, targets=1
[DEBUG] armors=1, targets=1
[DEBUG] armors=1, targets=1
[DEBUG] armors=1, targets=1
[DEBUG] armors=1, targets=1
[2026-09-05 14:06:40.659] [info] [DRYRUN] measured_gimbal=(2.774,-0.017,-0.057) measured_world=(2.754,0.308,-0.123) tracked_world=(2.747,0.306,-0.122) target_gimbal_deg=(-0.35,-1.18) target_world_deg=(6.39,-2.54) gimbal_deg=(6.74,1.36) armor_y_px=634.9 pixel_error_deg=(3.18,2.33) ballistic=(range=2.774m holdover=0.740m comp=14.63deg residual=-12.30deg) q_wxyz=(0.998203,0.000698,0.011863,-0.058740) cmd_deg=(8.46,-18.92) packed_pitch_deg=-18.92 control=true shoot=false
[DEBUG] armors=1, targets=1
[DEBUG] armors=1, targets=1
[DEBUG] armors=1, targets=1
[DEBUG] armors=1, targets=1
[DEBUG] armors=1, targets=1
[DEBUG] armors=1, targets=1
[DEBUG] armors=1, targets=1
[DEBUG] armors=1, targets=1
[DEBUG] armors=1, targets=1
[2026-09-05 14:06:40.805] [info] [SYNC][XUC] mode=0 yaw=-6.74 deg pitch=1.36 deg feeder_rpm=0.00 wheel0_rpm=0 wheel1_rpm=0 wheel_delta=0 projectile_speed=9.50
[DEBUG] armors=1, targets=1
[2026-09-05 14:06:40.821] [info] [PERF] 总耗时=15.4ms (检测=12.5ms, 跟踪=0.4ms), FPS=65.1
[2026-09-05 14:06:40.821] [info] 📊 [CAMERA FPS] 瞬时帧率=65.0fps, 平均帧率=64.6fps, 总帧数=6250, 运行时间=96.7s
[DEBUG] armors=1, targets=1
[DEBUG] armors=1, targets=1
[DEBUG] armors=1, targets=1
[DEBUG] armors=1, targets=1
[DEBUG] armors=1, targets=1
[DEBUG] armors=1, targets=1
[DEBUG] armors=1, targets=1
[DEBUG] armors=1, targets=1
[DEBUG] armors=1, targets=1
[DEBUG] armors=1, targets=1
[2026-09-05 14:06:40.977] [info] [DRYRUN] measured_gimbal=(2.772,-0.017,-0.057) measured_world=(2.753,0.308,-0.123) tracked_world=(2.742,0.306,-0.122) target_gimbal_deg=(-0.35,-1.17) target_world_deg=(6.38,-2.53) gimbal_deg=(6.74,1.36) armor_y_px=634.6 pixel_error_deg=(3.18,2.32) ballistic=(range=2.772m holdover=0.739m comp=14.62deg residual=-12.30deg) q_wxyz=(0.998203,0.000698,0.011863,-0.058740) cmd_deg=(8.50,-18.92) packed_pitch_deg=-18.92 control=true shoot=false
[DEBUG] armors=1, targets=1
[DEBUG] armors=1, targets=1
[DEBUG] armors=1, targets=1
[DEBUG] armors=1, targets=1
[DEBUG] armors=1, targets=1
[DEBUG] armors=1, targets=1
[DEBUG] armors=1, targets=1
[DEBUG] armors=1, targets=1
[DEBUG] armors=1, targets=1
[DEBUG] armors=1, targets=1
[DEBUG] armors=1, targets=1
[DEBUG] armors=1, targets=1
[DEBUG] armors=1, targets=1
[DEBUG] armors=1, targets=1
[DEBUG] armors=1, targets=1
[DEBUG] armors=1, targets=1
[DEBUG] armors=1, targets=1
[DEBUG] armors=1, targets=1
[DEBUG] armors=1, targets=1
[DEBUG] armors=1, targets=1
[2026-09-05 14:06:41.297] [info] [DRYRUN] measured_gimbal=(2.758,-0.017,-0.056) measured_world=(2.739,0.306,-0.122) tracked_world=(2.747,0.307,-0.122) target_gimbal_deg=(-0.36,-1.17) target_world_deg=(6.38,-2.53) gimbal_deg=(6.74,1.36) armor_y_px=634.8 pixel_error_deg=(3.18,2.32) ballistic=(range=2.758m holdover=0.733m comp=14.58deg residual=-12.26deg) q_wxyz=(0.998203,0.000698,0.011863,-0.058740) cmd_deg=(8.52,-18.91) packed_pitch_deg=-18.91 control=true shoot=false
[DEBUG] armors=1, targets=1
[DEBUG] armors=1, targets=1
[DEBUG] armors=1, targets=1
[DEBUG] armors=1, targets=1
[DEBUG] armors=1, targets=1
[DEBUG] armors=1, targets=1
[DEBUG] armors=1, targets=1
[DEBUG] armors=1, targets=1
[DEBUG] armors=1, targets=1
[DEBUG] armors=1, targets=1
[DEBUG] armors=1, targets=1
[DEBUG] armors=1, targets=1
[DEBUG] armors=1, targets=1
[DEBUG] armors=1, targets=1
[DEBUG] armors=1, targets=1
[DEBUG] armors=1, targets=1
[DEBUG] armors=1, targets=1
[DEBUG] armors=1, targets=1
[DEBUG] armors=1, targets=1
[2026-09-05 14:06:41.594] [info] [SYNC][XUC] mode=0 yaw=-6.74 deg pitch=1.36 deg feeder_rpm=0.00 wheel0_rpm=0 wheel1_rpm=0 wheel_delta=0 projectile_speed=9.50
[DEBUG] armors=1, targets=1
[2026-09-05 14:06:41.607] [info] [DRYRUN] measured_gimbal=(2.764,-0.017,-0.056) measured_world=(2.745,0.307,-0.122) tracked_world=(2.745,0.307,-0.122) target_gimbal_deg=(-0.35,-1.17) target_world_deg=(6.38,-2.53) gimbal_deg=(6.74,1.36) armor_y_px=634.6 pixel_error_deg=(3.18,2.32) ballistic=(range=2.764m holdover=0.736m comp=14.60deg residual=-12.28deg) q_wxyz=(0.998203,0.000698,0.011863,-0.058740) cmd_deg=(8.50,-18.86) packed_pitch_deg=-18.86 control=true shoot=false
[2026-09-05 14:06:41.609] [info] [PERF] 总耗时=15.2ms (检测=12.3ms, 跟踪=0.5ms), FPS=65.9
[2026-09-05 14:06:41.609] [info] 📊 [CAMERA FPS] 瞬时帧率=65.7fps, 平均帧率=64.6fps, 总帧数=6300, 运行时间=97.5s
[DEBUG] armors=1, targets=1
[DEBUG] armors=1, targets=1
[DEBUG] armors=1, targets=1
[DEBUG] armors=1, targets=1
[DEBUG] armors=1, targets=1
[DEBUG] armors=1, targets=1
[DEBUG] armors=1, targets=1
[DEBUG] armors=1, targets=1
[DEBUG] armors=1, targets=1
[DEBUG] armors=1, targets=1
[DEBUG] armors=1, targets=1
[DEBUG] armors=1, targets=1
[DEBUG] armors=1, targets=1
[DEBUG] armors=1, targets=1
[DEBUG] armors=1, targets=1
[DEBUG] armors=1, targets=1
[DEBUG] armors=1, targets=1
[DEBUG] armors=1, targets=1
[DEBUG] armors=1, targets=1
[DEBUG] armors=1, targets=1
[2026-09-05 14:06:41.915] [info] [DRYRUN] measured_gimbal=(2.774,-0.017,-0.057) measured_world=(2.755,0.308,-0.123) tracked_world=(2.749,0.308,-0.122) target_gimbal_deg=(-0.35,-1.18) target_world_deg=(6.38,-2.54) gimbal_deg=(6.74,1.36) armor_y_px=634.7 pixel_error_deg=(3.18,2.32) ballistic=(range=2.774m holdover=0.740m comp=14.63deg residual=-12.31deg) q_wxyz=(0.998203,0.000698,0.011863,-0.058740) cmd_deg=(8.51,-18.95) packed_pitch_deg=-18.95 control=true shoot=false
[DEBUG] armors=1, targets=1
[DEBUG] armors=1, targets=1
[DEBUG] armors=1, targets=1
[DEBUG] armors=1, targets=1
[DEBUG] armors=1, targets=1
[DEBUG] armors=1, targets=1
[DEBUG] armors=1, targets=1
[DEBUG] armors=1, targets=1
[DEBUG] armors=1, targets=1
[DEBUG] armors=1, targets=1
[DEBUG] armors=1, targets=1
[DEBUG] armors=1, targets=1
[DEBUG] armors=1, targets=1
[DEBUG] armors=1, targets=1
[DEBUG] armors=1, targets=1
[DEBUG] armors=1, targets=1
[DEBUG] armors=1, targets=1
[DEBUG] armors=1, targets=1
[DEBUG] armors=1, targets=1
[DEBUG] armors=1, targets=1
[2026-09-05 14:06:42.230] [info] [DRYRUN] measured_gimbal=(2.758,-0.017,-0.056) measured_world=(2.739,0.306,-0.122) tracked_world=(2.744,0.307,-0.122) target_gimbal_deg=(-0.36,-1.17) target_world_deg=(6.38,-2.53) gimbal_deg=(6.74,1.36) armor_y_px=634.7 pixel_error_deg=(3.18,2.32) ballistic=(range=2.758m holdover=0.733m comp=14.58deg residual=-12.26deg) q_wxyz=(0.998203,0.000698,0.011863,-0.058740) cmd_deg=(8.49,-18.81) packed_pitch_deg=-18.81 control=true shoot=false
[DEBUG] armors=1, targets=1
[DEBUG] armors=1, targets=1
[DEBUG] armors=1, targets=1
[DEBUG] armors=1, targets=1
[DEBUG] armors=1, targets=1
[DEBUG] armors=1, targets=1
[DEBUG] armors=1, targets=1
[DEBUG] armors=1, targets=1
[DEBUG] armors=1, targets=1
[2026-09-05 14:06:42.374] [info] [SYNC][XUC] mode=0 yaw=-6.74 deg pitch=1.36 deg feeder_rpm=0.00 wheel0_rpm=0 wheel1_rpm=0 wheel_delta=0 projectile_speed=9.50
[DEBUG] armors=1, targets=1
[2026-09-05 14:06:42.390] [info] [PERF] 总耗时=15.7ms (检测=13.0ms, 跟踪=0.5ms), FPS=63.5
[2026-09-05 14:06:42.390] [info] 📊 [CAMERA FPS] 瞬时帧率=63.3fps, 平均帧率=64.6fps, 总帧数=6350, 运行时间=98.3s
[DEBUG] armors=1, targets=1
[DEBUG] armors=1, targets=1
[DEBUG] armors=1, targets=1
[DEBUG] armors=1, targets=1
[DEBUG] armors=1, targets=1
[DEBUG] armors=1, targets=1
[DEBUG] armors=1, targets=1
[DEBUG] armors=1, targets=1
[DEBUG] armors=1, targets=1
[DEBUG] armors=1, targets=1
[2026-09-05 14:06:42.543] [info] [DRYRUN] measured_gimbal=(2.785,-0.017,-0.057) measured_world=(2.766,0.310,-0.124) tracked_world=(2.744,0.307,-0.122) target_gimbal_deg=(-0.35,-1.18) target_world_deg=(6.39,-2.54) gimbal_deg=(6.74,1.36) armor_y_px=634.8 pixel_error_deg=(3.18,2.32) ballistic=(range=2.785m holdover=0.744m comp=14.66deg residual=-12.34deg) q_wxyz=(0.998203,0.000698,0.011863,-0.058740) cmd_deg=(8.50,-18.93) packed_pitch_deg=-18.93 control=true shoot=false
[DEBUG] armors=1, targets=1
[DEBUG] armors=1, targets=1
[DEBUG] armors=1, targets=1
[DEBUG] armors=1, targets=1
[DEBUG] armors=1, targets=1
[DEBUG] armors=1, targets=1
[DEBUG] armors=1, targets=1
[DEBUG] armors=1, targets=1
[DEBUG] armors=1, targets=1
[DEBUG] armors=1, targets=1
[DEBUG] armors=1, targets=1
[DEBUG] armors=1, targets=1
[DEBUG] armors=1, targets=1
[DEBUG] armors=1, targets=1
[DEBUG] armors=1, targets=1
[DEBUG] armors=1, targets=1
[DEBUG] armors=1, targets=1
[DEBUG] armors=1, targets=1
[DEBUG] armors=1, targets=1
[DEBUG] armors=1, targets=1
[2026-09-05 14:06:42.863] [info] [DRYRUN] measured_gimbal=(2.768,-0.017,-0.057) measured_world=(2.748,0.307,-0.122) tracked_world=(2.747,0.307,-0.122) target_gimbal_deg=(-0.35,-1.17) target_world_deg=(6.38,-2.53) gimbal_deg=(6.74,1.36) armor_y_px=634.7 pixel_error_deg=(3.18,2.32) ballistic=(range=2.768m holdover=0.737m comp=14.61deg residual=-12.29deg) q_wxyz=(0.998203,0.000698,0.011863,-0.058740) cmd_deg=(8.50,-18.90) packed_pitch_deg=-18.90 control=true shoot=false
[DEBUG] armors=1, targets=1
[DEBUG] armors=1, targets=1
[DEBUG] armors=1, targets=1
[DEBUG] armors=1, targets=1
[DEBUG] armors=1, targets=1
[DEBUG] armors=1, targets=1
[DEBUG] armors=1, targets=1
[DEBUG] armors=1, targets=1
[DEBUG] armors=1, targets=1
[DEBUG] armors=1, targets=1
[DEBUG] armors=1, targets=1
[DEBUG] armors=1, targets=1
[DEBUG] armors=1, targets=1
[DEBUG] armors=1, targets=1
[DEBUG] armors=1, targets=1
[DEBUG] armors=1, targets=1
[DEBUG] armors=1, targets=1
[DEBUG] armors=1, targets=1
[DEBUG] armors=1, targets=1
[2026-09-05 14:06:43.167] [info] [SYNC][XUC] mode=0 yaw=-6.74 deg pitch=1.36 deg feeder_rpm=0.00 wheel0_rpm=0 wheel1_rpm=0 wheel_delta=0 projectile_speed=9.50
[DEBUG] armors=1, targets=1
[2026-09-05 14:06:43.181] [info] [DRYRUN] measured_gimbal=(2.787,-0.017,-0.058) measured_world=(2.767,0.310,-0.124) tracked_world=(2.750,0.308,-0.123) target_gimbal_deg=(-0.35,-1.18) target_world_deg=(6.39,-2.55) gimbal_deg=(6.74,1.36) armor_y_px=634.8 pixel_error_deg=(3.18,2.32) ballistic=(range=2.787m holdover=0.745m comp=14.67deg residual=-12.34deg) q_wxyz=(0.998203,0.000698,0.011863,-0.058740) cmd_deg=(8.50,-18.94) packed_pitch_deg=-18.94 control=true shoot=false
[2026-09-05 14:06:43.183] [info] [PERF] 总耗时=16.0ms (检测=13.2ms, 跟踪=0.5ms), FPS=62.3
[2026-09-05 14:06:43.183] [info] 📊 [CAMERA FPS] 瞬时帧率=62.3fps, 平均帧率=64.6fps, 总帧数=6400, 运行时间=99.1s
[DEBUG] armors=1, targets=1
[DEBUG] armors=1, targets=1
[DEBUG] armors=1, targets=1
[DEBUG] armors=1, targets=1
[DEBUG] armors=1, targets=1
[DEBUG] armors=1, targets=1
[DEBUG] armors=1, targets=1
[DEBUG] armors=1, targets=1
[DEBUG] armors=1, targets=1
[DEBUG] armors=1, targets=1
[DEBUG] armors=1, targets=1
[DEBUG] armors=1, targets=1
[DEBUG] armors=1, targets=1
[DEBUG] armors=1, targets=1
[DEBUG] armors=1, targets=1
[DEBUG] armors=1, targets=1
[DEBUG] armors=1, targets=1
[DEBUG] armors=1, targets=1
[DEBUG] armors=1, targets=1
[DEBUG] armors=1, targets=1
[2026-09-05 14:06:43.505] [info] [DRYRUN] measured_gimbal=(2.747,-0.017,-0.056) measured_world=(2.728,0.305,-0.121) tracked_world=(2.750,0.308,-0.122) target_gimbal_deg=(-0.36,-1.16) target_world_deg=(6.37,-2.52) gimbal_deg=(6.74,1.36) armor_y_px=634.6 pixel_error_deg=(3.18,2.32) ballistic=(range=2.747m holdover=0.728m comp=14.55deg residual=-12.23deg) q_wxyz=(0.998203,0.000698,0.011863,-0.058740) cmd_deg=(8.51,-18.87) packed_pitch_deg=-18.87 control=true shoot=false
[DEBUG] armors=1, targets=1
[DEBUG] armors=1, targets=1
[DEBUG] armors=1, targets=1
[DEBUG] armors=1, targets=1
[DEBUG] armors=1, targets=1
[DEBUG] armors=1, targets=1
[DEBUG] armors=1, targets=1
[DEBUG] armors=1, targets=1
[DEBUG] armors=1, targets=1
[DEBUG] armors=1, targets=1
[DEBUG] armors=1, targets=1
[DEBUG] armors=1, targets=1
[DEBUG] armors=1, targets=1
[DEBUG] armors=1, targets=1
[DEBUG] armors=1, targets=1
[DEBUG] armors=1, targets=1
[DEBUG] armors=1, targets=1
[DEBUG] armors=1, targets=1
[DEBUG] armors=1, targets=1
[DEBUG] armors=1, targets=1
[2026-09-05 14:06:43.825] [info] [DRYRUN] measured_gimbal=(2.775,-0.017,-0.057) measured_world=(2.755,0.308,-0.123) tracked_world=(2.747,0.307,-0.122) target_gimbal_deg=(-0.35,-1.17) target_world_deg=(6.38,-2.54) gimbal_deg=(6.74,1.36) armor_y_px=634.7 pixel_error_deg=(3.18,2.32) ballistic=(range=2.775m holdover=0.740m comp=14.63deg residual=-12.31deg) q_wxyz=(0.998203,0.000698,0.011863,-0.058740) cmd_deg=(8.50,-18.92) packed_pitch_deg=-18.92 control=true shoot=false
[DEBUG] armors=1, targets=1
[DEBUG] armors=1, targets=1
[DEBUG] armors=1, targets=1
[DEBUG] armors=1, targets=1
[DEBUG] armors=1, targets=1
[DEBUG] armors=1, targets=1
[DEBUG] armors=1, targets=1
[DEBUG] armors=1, targets=1
[DEBUG] armors=1, targets=1
[2026-09-05 14:06:43.971] [info] [SYNC][XUC] mode=0 yaw=-6.74 deg pitch=1.36 deg feeder_rpm=0.00 wheel0_rpm=0 wheel1_rpm=0 wheel_delta=0 projectile_speed=9.50
[DEBUG] armors=1, targets=1
[2026-09-05 14:06:43.987] [info] [PERF] 总耗时=15.8ms (检测=12.5ms, 跟踪=0.4ms), FPS=63.4
[2026-09-05 14:06:43.987] [info] 📊 [CAMERA FPS] 瞬时帧率=63.3fps, 平均帧率=64.6fps, 总帧数=6450, 运行时间=99.9s
[DEBUG] armors=1, targets=1
[DEBUG] armors=1, targets=1
[DEBUG] armors=1, targets=1
[DEBUG] armors=1, targets=1
[DEBUG] armors=1, targets=1
[DEBUG] armors=1, targets=1
[DEBUG] armors=1, targets=1
[DEBUG] armors=1, targets=1
[DEBUG] armors=1, targets=1
[DEBUG] armors=1, targets=1
[2026-09-05 14:06:44.144] [info] [DRYRUN] measured_gimbal=(2.764,-0.017,-0.056) measured_world=(2.745,0.307,-0.122) tracked_world=(2.744,0.307,-0.122) target_gimbal_deg=(-0.35,-1.17) target_world_deg=(6.38,-2.53) gimbal_deg=(6.74,1.36) armor_y_px=634.6 pixel_error_deg=(3.18,2.32) ballistic=(range=2.764m holdover=0.736m comp=14.60deg residual=-12.28deg) q_wxyz=(0.998203,0.000698,0.011863,-0.058740) cmd_deg=(8.50,-18.88) packed_pitch_deg=-18.88 control=true shoot=false
[DEBUG] armors=1, targets=1
[DEBUG] armors=1, targets=1
[DEBUG] armors=1, targets=1
[DEBUG] armors=1, targets=1
[DEBUG] armors=1, targets=1
[DEBUG] armors=1, targets=1
[DEBUG] armors=1, targets=1
[DEBUG] armors=1, targets=1
[DEBUG] armors=1, targets=1
[DEBUG] armors=1, targets=1
[DEBUG] armors=1, targets=1
[DEBUG] armors=1, targets=1
[DEBUG] armors=1, targets=1
[DEBUG] armors=1, targets=1
[DEBUG] armors=1, targets=1
[DEBUG] armors=1, targets=1
[DEBUG] armors=1, targets=1
[DEBUG] armors=1, targets=1
[DEBUG] armors=1, targets=1
[DEBUG] armors=1, targets=1
[2026-09-05 14:06:44.455] [info] [DRYRUN] measured_gimbal=(2.744,-0.017,-0.056) measured_world=(2.725,0.304,-0.121) tracked_world=(2.746,0.307,-0.122) target_gimbal_deg=(-0.36,-1.16) target_world_deg=(6.38,-2.52) gimbal_deg=(6.74,1.36) armor_y_px=634.7 pixel_error_deg=(3.18,2.32) ballistic=(range=2.744m holdover=0.727m comp=14.54deg residual=-12.22deg) q_wxyz=(0.998203,0.000698,0.011863,-0.058740) cmd_deg=(8.51,-18.91) packed_pitch_deg=-18.91 control=true shoot=false
[DEBUG] armors=1, targets=1
[DEBUG] armors=1, targets=1
[DEBUG] armors=1, targets=1
[DEBUG] armors=1, targets=1
[DEBUG] armors=1, targets=1
[DEBUG] armors=1, targets=1
[DEBUG] armors=1, targets=1
[DEBUG] armors=1, targets=1
[DEBUG] armors=1, targets=1
[DEBUG] armors=1, targets=1
[DEBUG] armors=1, targets=1
[DEBUG] armors=1, targets=1
[DEBUG] armors=1, targets=1
[DEBUG] armors=1, targets=1
[DEBUG] armors=1, targets=1
[DEBUG] armors=1, targets=1
[DEBUG] armors=1, targets=1
[DEBUG] armors=1, targets=1
[DEBUG] armors=1, targets=1
[2026-09-05 14:06:44.759] [info] [SYNC][XUC] mode=0 yaw=-6.74 deg pitch=1.36 deg feeder_rpm=0.00 wheel0_rpm=0 wheel1_rpm=0 wheel_delta=0 projectile_speed=9.50
[DEBUG] armors=1, targets=1
[2026-09-05 14:06:44.772] [info] [DRYRUN] measured_gimbal=(2.759,-0.017,-0.056) measured_world=(2.740,0.306,-0.121) tracked_world=(2.748,0.307,-0.122) target_gimbal_deg=(-0.36,-1.16) target_world_deg=(6.38,-2.52) gimbal_deg=(6.74,1.36) armor_y_px=634.4 pixel_error_deg=(3.18,2.31) ballistic=(range=2.759m holdover=0.734m comp=14.59deg residual=-12.27deg) q_wxyz=(0.998203,0.000698,0.011863,-0.058740) cmd_deg=(8.51,-18.88) packed_pitch_deg=-18.88 control=true shoot=false
[2026-09-05 14:06:44.774] [info] [PERF] 总耗时=15.3ms (检测=12.4ms, 跟踪=0.4ms), FPS=65.2
[2026-09-05 14:06:44.774] [info] 📊 [CAMERA FPS] 瞬时帧率=65.1fps, 平均帧率=64.6fps, 总帧数=6500, 运行时间=100.7s
[DEBUG] armors=1, targets=1
[DEBUG] armors=1, targets=1
[DEBUG] armors=1, targets=1
[DEBUG] armors=1, targets=1
[DEBUG] armors=1, targets=1
[DEBUG] armors=1, targets=1
[DEBUG] armors=1, targets=1
[DEBUG] armors=1, targets=1
[DEBUG] armors=1, targets=1
[DEBUG] armors=1, targets=1
[DEBUG] armors=1, targets=1
[DEBUG] armors=1, targets=1
[DEBUG] armors=1, targets=1
[DEBUG] armors=1, targets=1
[DEBUG] armors=1, targets=1
[DEBUG] armors=1, targets=1
[DEBUG] armors=1, targets=1
[DEBUG] armors=1, targets=1
[DEBUG] armors=1, targets=1
[DEBUG] armors=1, targets=1
[2026-09-05 14:06:45.083] [info] [DRYRUN] measured_gimbal=(2.798,-0.017,-0.058) measured_world=(2.779,0.311,-0.124) tracked_world=(2.751,0.308,-0.123) target_gimbal_deg=(-0.35,-1.18) target_world_deg=(6.39,-2.55) gimbal_deg=(6.74,1.36) armor_y_px=634.6 pixel_error_deg=(3.18,2.32) ballistic=(range=2.798m holdover=0.750m comp=14.70deg residual=-12.38deg) q_wxyz=(0.998203,0.000698,0.011863,-0.058740) cmd_deg=(8.50,-18.99) packed_pitch_deg=-18.99 control=true shoot=false
[DEBUG] armors=1, targets=1
[DEBUG] armors=1, targets=1
[DEBUG] armors=1, targets=1
[DEBUG] armors=1, targets=1
[DEBUG] armors=1, targets=1
[DEBUG] armors=1, targets=1
[DEBUG] armors=1, targets=1
[DEBUG] armors=1, targets=1
[DEBUG] armors=1, targets=1
[DEBUG] armors=1, targets=1
[DEBUG] armors=1, targets=1
[DEBUG] armors=1, targets=1
[DEBUG] armors=1, targets=1
[DEBUG] armors=1, targets=1
[DEBUG] armors=1, targets=1
[DEBUG] armors=1, targets=1
[DEBUG] armors=1, targets=1
[DEBUG] armors=1, targets=1
[DEBUG] armors=1, targets=1
[DEBUG] armors=1, targets=1
[2026-09-05 14:06:45.394] [info] [DRYRUN] measured_gimbal=(2.759,-0.017,-0.056) measured_world=(2.739,0.306,-0.122) tracked_world=(2.749,0.307,-0.122) target_gimbal_deg=(-0.35,-1.16) target_world_deg=(6.38,-2.53) gimbal_deg=(6.74,1.36) armor_y_px=634.5 pixel_error_deg=(3.18,2.32) ballistic=(range=2.759m holdover=0.733m comp=14.58deg residual=-12.27deg) q_wxyz=(0.998203,0.000698,0.011863,-0.058740) cmd_deg=(8.50,-18.90) packed_pitch_deg=-18.90 control=true shoot=false
[DEBUG] armors=1, targets=1
[DEBUG] armors=1, targets=1
[DEBUG] armors=1, targets=1
[DEBUG] armors=1, targets=1
[DEBUG] armors=1, targets=1
[DEBUG] armors=1, targets=1
[DEBUG] armors=1, targets=1
[DEBUG] armors=1, targets=1
[DEBUG] armors=1, targets=1
[2026-09-05 14:06:45.540] [info] [SYNC][XUC] mode=0 yaw=-6.74 deg pitch=1.36 deg feeder_rpm=0.00 wheel0_rpm=0 wheel1_rpm=0 wheel_delta=0 projectile_speed=9.50
[DEBUG] armors=1, targets=1
[2026-09-05 14:06:45.556] [info] [PERF] 总耗时=15.4ms (检测=12.5ms, 跟踪=0.5ms), FPS=64.8
[2026-09-05 14:06:45.556] [info] 📊 [CAMERA FPS] 瞬时帧率=64.7fps, 平均帧率=64.6fps, 总帧数=6550, 运行时间=101.4s
[DEBUG] armors=1, targets=1
[DEBUG] armors=1, targets=1
[DEBUG] armors=1, targets=1
[DEBUG] armors=1, targets=1
[DEBUG] armors=1, targets=1
[DEBUG] armors=1, targets=1
[DEBUG] armors=1, targets=1
[DEBUG] armors=1, targets=1
[DEBUG] armors=1, targets=1
[DEBUG] armors=1, targets=1
[2026-09-05 14:06:45.712] [info] [DRYRUN] measured_gimbal=(2.763,-0.017,-0.057) measured_world=(2.743,0.307,-0.122) tracked_world=(2.750,0.308,-0.122) target_gimbal_deg=(-0.35,-1.17) target_world_deg=(6.38,-2.53) gimbal_deg=(6.74,1.36) armor_y_px=634.8 pixel_error_deg=(3.18,2.32) ballistic=(range=2.763m holdover=0.735m comp=14.60deg residual=-12.27deg) q_wxyz=(0.998203,0.000698,0.011863,-0.058740) cmd_deg=(8.50,-18.93) packed_pitch_deg=-18.93 control=true shoot=false
[DEBUG] armors=1, targets=1
[DEBUG] armors=1, targets=1
[DEBUG] armors=1, targets=1
[DEBUG] armors=1, targets=1
[DEBUG] armors=1, targets=1
[DEBUG] armors=1, targets=1
[DEBUG] armors=1, targets=1
[DEBUG] armors=1, targets=1
[DEBUG] armors=1, targets=1
[DEBUG] armors=1, targets=1
[DEBUG] armors=1, targets=1
[DEBUG] armors=1, targets=1
[DEBUG] armors=1, targets=1
[DEBUG] armors=1, targets=1
[DEBUG] armors=1, targets=1
[DEBUG] armors=1, targets=1
[DEBUG] armors=1, targets=1
[DEBUG] armors=1, targets=1
[DEBUG] armors=1, targets=1
[DEBUG] armors=1, targets=1
[2026-09-05 14:06:46.030] [info] [DRYRUN] measured_gimbal=(2.752,-0.017,-0.056) measured_world=(2.733,0.305,-0.121) tracked_world=(2.751,0.308,-0.122) target_gimbal_deg=(-0.36,-1.16) target_world_deg=(6.38,-2.52) gimbal_deg=(6.74,1.36) armor_y_px=634.5 pixel_error_deg=(3.18,2.32) ballistic=(range=2.752m holdover=0.730m comp=14.56deg residual=-12.25deg) q_wxyz=(0.998203,0.000698,0.011863,-0.058740) cmd_deg=(8.51,-18.90) packed_pitch_deg=-18.90 control=true shoot=false
[DEBUG] armors=1, targets=1
[DEBUG] armors=1, targets=1
[DEBUG] armors=1, targets=1
[DEBUG] armors=1, targets=1
[DEBUG] armors=1, targets=1
[DEBUG] armors=1, targets=1
[DEBUG] armors=1, targets=1
[DEBUG] armors=1, targets=1
[DEBUG] armors=1, targets=1
[DEBUG] armors=1, targets=1
[DEBUG] armors=1, targets=1
[DEBUG] armors=1, targets=1
[DEBUG] armors=1, targets=1
[DEBUG] armors=1, targets=1
[DEBUG] armors=1, targets=1
[DEBUG] armors=1, targets=1
[DEBUG] armors=1, targets=1
[DEBUG] armors=1, targets=1
[DEBUG] armors=1, targets=1
[2026-09-05 14:06:46.332] [info] [SYNC][XUC] mode=0 yaw=-6.74 deg pitch=1.36 deg feeder_rpm=0.00 wheel0_rpm=0 wheel1_rpm=0 wheel_delta=0 projectile_speed=9.50
[DEBUG] armors=1, targets=1
[2026-09-05 14:06:46.346] [info] [DRYRUN] measured_gimbal=(2.771,-0.017,-0.057) measured_world=(2.752,0.308,-0.123) tracked_world=(2.747,0.307,-0.122) target_gimbal_deg=(-0.35,-1.17) target_world_deg=(6.38,-2.54) gimbal_deg=(6.74,1.36) armor_y_px=634.7 pixel_error_deg=(3.18,2.32) ballistic=(range=2.771m holdover=0.739m comp=14.62deg residual=-12.30deg) q_wxyz=(0.998203,0.000698,0.011863,-0.058740) cmd_deg=(8.50,-18.90) packed_pitch_deg=-18.90 control=true shoot=false
[2026-09-05 14:06:46.348] [info] [PERF] 总耗时=16.5ms (检测=13.6ms, 跟踪=0.4ms), FPS=60.6
[2026-09-05 14:06:46.348] [info] 📊 [CAMERA FPS] 瞬时帧率=60.5fps, 平均帧率=64.6fps, 总帧数=6600, 运行时间=102.2s
[DEBUG] armors=1, targets=1
[DEBUG] armors=1, targets=1
[DEBUG] armors=1, targets=1
[DEBUG] armors=1, targets=1
[DEBUG] armors=1, targets=1
[DEBUG] armors=1, targets=1
[DEBUG] armors=1, targets=1
[DEBUG] armors=1, targets=1
[DEBUG] armors=1, targets=1
[DEBUG] armors=1, targets=1
[DEBUG] armors=1, targets=1
[DEBUG] armors=1, targets=1
[DEBUG] armors=1, targets=1
[DEBUG] armors=1, targets=1
[DEBUG] armors=1, targets=1
[DEBUG] armors=1, targets=1
[DEBUG] armors=1, targets=1
[DEBUG] armors=1, targets=1
[DEBUG] armors=1, targets=1
[DEBUG] armors=1, targets=1
[2026-09-05 14:06:46.665] [info] [DRYRUN] measured_gimbal=(2.764,-0.017,-0.056) measured_world=(2.744,0.307,-0.122) tracked_world=(2.742,0.307,-0.122) target_gimbal_deg=(-0.36,-1.17) target_world_deg=(6.38,-2.53) gimbal_deg=(6.74,1.36) armor_y_px=634.7 pixel_error_deg=(3.18,2.32) ballistic=(range=2.764m holdover=0.735m comp=14.60deg residual=-12.28deg) q_wxyz=(0.998203,0.000698,0.011863,-0.058740) cmd_deg=(8.50,-18.86) packed_pitch_deg=-18.86 control=true shoot=false
[DEBUG] armors=1, targets=1
[DEBUG] armors=1, targets=1
[DEBUG] armors=1, targets=1
[DEBUG] armors=1, targets=1
[DEBUG] armors=1, targets=1
[DEBUG] armors=1, targets=1
[DEBUG] armors=1, targets=1
[DEBUG] armors=1, targets=1
[DEBUG] armors=1, targets=1
[DEBUG] armors=1, targets=1
[DEBUG] armors=1, targets=1
[DEBUG] armors=1, targets=1
[DEBUG] armors=1, targets=1
[DEBUG] armors=1, targets=1
[DEBUG] armors=1, targets=1
[DEBUG] armors=1, targets=1
[DEBUG] armors=1, targets=1
[DEBUG] armors=1, targets=1
[DEBUG] armors=1, targets=1
[DEBUG] armors=1, targets=1
[2026-09-05 14:06:46.983] [info] [DRYRUN] measured_gimbal=(2.765,-0.017,-0.056) measured_world=(2.745,0.307,-0.122) tracked_world=(2.744,0.307,-0.122) target_gimbal_deg=(-0.36,-1.16) target_world_deg=(6.38,-2.53) gimbal_deg=(6.74,1.36) armor_y_px=634.5 pixel_error_deg=(3.18,2.32) ballistic=(range=2.765m holdover=0.736m comp=14.60deg residual=-12.29deg) q_wxyz=(0.998203,0.000698,0.011863,-0.058740) cmd_deg=(8.50,-18.91) packed_pitch_deg=-18.91 control=true shoot=false
[DEBUG] armors=1, targets=1
[DEBUG] armors=1, targets=1
[DEBUG] armors=1, targets=1
[DEBUG] armors=1, targets=1
[DEBUG] armors=1, targets=1
[DEBUG] armors=1, targets=1
[DEBUG] armors=1, targets=1
[DEBUG] armors=1, targets=1
[DEBUG] armors=1, targets=1
[2026-09-05 14:06:47.129] [info] [SYNC][XUC] mode=0 yaw=-6.74 deg pitch=1.36 deg feeder_rpm=0.00 wheel0_rpm=0 wheel1_rpm=0 wheel_delta=0 projectile_speed=9.50
[DEBUG] armors=1, targets=1
[2026-09-05 14:06:47.145] [info] [PERF] 总耗时=16.2ms (检测=13.5ms, 跟踪=0.4ms), FPS=61.6
[2026-09-05 14:06:47.145] [info] 📊 [CAMERA FPS] 瞬时帧率=61.5fps, 平均帧率=64.5fps, 总帧数=6650, 运行时间=103.0s
[DEBUG] armors=1, targets=1
[DEBUG] armors=1, targets=1
[DEBUG] armors=1, targets=1
[DEBUG] armors=1, targets=1
[DEBUG] armors=1, targets=1
[DEBUG] armors=1, targets=1
[DEBUG] armors=1, targets=1
[DEBUG] armors=1, targets=1
[DEBUG] armors=1, targets=1
[DEBUG] armors=1, targets=1
[2026-09-05 14:06:47.300] [info] [DRYRUN] measured_gimbal=(2.747,-0.017,-0.056) measured_world=(2.728,0.305,-0.121) tracked_world=(2.745,0.307,-0.122) target_gimbal_deg=(-0.36,-1.16) target_world_deg=(6.38,-2.53) gimbal_deg=(6.74,1.36) armor_y_px=634.8 pixel_error_deg=(3.18,2.32) ballistic=(range=2.747m holdover=0.729m comp=14.55deg residual=-12.23deg) q_wxyz=(0.998203,0.000698,0.011863,-0.058740) cmd_deg=(8.51,-18.88) packed_pitch_deg=-18.88 control=true shoot=false
[DEBUG] armors=1, targets=1
[DEBUG] armors=1, targets=1
[DEBUG] armors=1, targets=1
[DEBUG] armors=1, targets=1
[DEBUG] armors=1, targets=1
[DEBUG] armors=1, targets=1
[DEBUG] armors=1, targets=1
[DEBUG] armors=1, targets=1
[DEBUG] armors=1, targets=1
[DEBUG] armors=1, targets=1
[DEBUG] armors=1, targets=1
[DEBUG] armors=1, targets=1
[DEBUG] armors=1, targets=1
[DEBUG] armors=1, targets=1
[DEBUG] armors=1, targets=1
[DEBUG] armors=1, targets=1
[DEBUG] armors=1, targets=1
[DEBUG] armors=1, targets=1
[DEBUG] armors=1, targets=1
[DEBUG] armors=1, targets=1
[2026-09-05 14:06:47.622] [info] [DRYRUN] measured_gimbal=(2.773,-0.017,-0.057) measured_world=(2.754,0.308,-0.123) tracked_world=(2.748,0.307,-0.122) target_gimbal_deg=(-0.35,-1.17) target_world_deg=(6.38,-2.54) gimbal_deg=(6.74,1.36) armor_y_px=634.7 pixel_error_deg=(3.18,2.32) ballistic=(range=2.773m holdover=0.740m comp=14.63deg residual=-12.31deg) q_wxyz=(0.998203,0.000698,0.011863,-0.058740) cmd_deg=(8.50,-18.92) packed_pitch_deg=-18.92 control=true shoot=false
[DEBUG] armors=1, targets=1
[DEBUG] armors=1, targets=1
[DEBUG] armors=1, targets=1
[DEBUG] armors=1, targets=1
[DEBUG] armors=1, targets=1
[DEBUG] armors=1, targets=1
[DEBUG] armors=1, targets=1
[DEBUG] armors=1, targets=1
[DEBUG] armors=1, targets=1
[DEBUG] armors=1, targets=1
[DEBUG] armors=1, targets=1
[DEBUG] armors=1, targets=1
[DEBUG] armors=1, targets=1
[DEBUG] armors=1, targets=1
[DEBUG] armors=1, targets=1
[DEBUG] armors=1, targets=1
[DEBUG] armors=1, targets=1
[DEBUG] armors=1, targets=1
[DEBUG] armors=1, targets=1
[2026-09-05 14:06:47.923] [info] [SYNC][XUC] mode=0 yaw=-6.74 deg pitch=1.36 deg feeder_rpm=0.00 wheel0_rpm=0 wheel1_rpm=0 wheel_delta=0 projectile_speed=9.50
[DEBUG] armors=1, targets=1
[2026-09-05 14:06:47.937] [info] [DRYRUN] measured_gimbal=(2.783,-0.017,-0.057) measured_world=(2.764,0.309,-0.124) tracked_world=(2.752,0.308,-0.123) target_gimbal_deg=(-0.35,-1.18) target_world_deg=(6.38,-2.54) gimbal_deg=(6.74,1.36) armor_y_px=634.8 pixel_error_deg=(3.18,2.32) ballistic=(range=2.783m holdover=0.744m comp=14.66deg residual=-12.34deg) q_wxyz=(0.998203,0.000698,0.011863,-0.058740) cmd_deg=(8.50,-18.88) packed_pitch_deg=-18.88 control=true shoot=false
[2026-09-05 14:06:47.939] [info] [PERF] 总耗时=16.6ms (检测=13.6ms, 跟踪=0.5ms), FPS=60.2
[2026-09-05 14:06:47.939] [info] 📊 [CAMERA FPS] 瞬时帧率=60.1fps, 平均帧率=64.5fps, 总帧数=6700, 运行时间=103.8s
[DEBUG] armors=1, targets=1
[DEBUG] armors=1, targets=1
[DEBUG] armors=1, targets=1
[DEBUG] armors=1, targets=1
[DEBUG] armors=1, targets=1
[DEBUG] armors=1, targets=1
[DEBUG] armors=1, targets=1
[DEBUG] armors=1, targets=1
[DEBUG] armors=1, targets=1
[DEBUG] armors=1, targets=1
[DEBUG] armors=1, targets=1
[DEBUG] armors=1, targets=1
[DEBUG] armors=1, targets=1
[DEBUG] armors=1, targets=1
[DEBUG] armors=1, targets=1
[DEBUG] armors=1, targets=1
[DEBUG] armors=1, targets=1
[DEBUG] armors=1, targets=1
[DEBUG] armors=1, targets=1
[DEBUG] armors=1, targets=1
[2026-09-05 14:06:48.251] [info] [DRYRUN] measured_gimbal=(2.745,-0.017,-0.056) measured_world=(2.726,0.305,-0.121) tracked_world=(2.755,0.308,-0.123) target_gimbal_deg=(-0.36,-1.16) target_world_deg=(6.37,-2.52) gimbal_deg=(6.74,1.36) armor_y_px=634.7 pixel_error_deg=(3.18,2.32) ballistic=(range=2.745m holdover=0.728m comp=14.54deg residual=-12.22deg) q_wxyz=(0.998203,0.000698,0.011863,-0.058740) cmd_deg=(8.51,-18.91) packed_pitch_deg=-18.91 control=true shoot=false
[DEBUG] armors=1, targets=1
[DEBUG] armors=1, targets=1
[DEBUG] armors=1, targets=1
[DEBUG] armors=1, targets=1
[DEBUG] armors=1, targets=1
[DEBUG] armors=1, targets=1
[DEBUG] armors=1, targets=1
[DEBUG] armors=1, targets=1
[DEBUG] armors=1, targets=1
[DEBUG] armors=1, targets=1
[DEBUG] armors=1, targets=1
[DEBUG] armors=1, targets=1
[DEBUG] armors=1, targets=1
[DEBUG] armors=1, targets=1
[DEBUG] armors=1, targets=1
[DEBUG] armors=1, targets=1
[DEBUG] armors=1, targets=1
[DEBUG] armors=1, targets=1
[DEBUG] armors=1, targets=1
[DEBUG] armors=1, targets=1
[2026-09-05 14:06:48.559] [info] [DRYRUN] measured_gimbal=(2.785,-0.017,-0.057) measured_world=(2.766,0.310,-0.124) tracked_world=(2.752,0.308,-0.123) target_gimbal_deg=(-0.35,-1.18) target_world_deg=(6.39,-2.54) gimbal_deg=(6.74,1.36) armor_y_px=634.8 pixel_error_deg=(3.18,2.32) ballistic=(range=2.785m holdover=0.744m comp=14.66deg residual=-12.34deg) q_wxyz=(0.998203,0.000698,0.011863,-0.058740) cmd_deg=(8.50,-18.96) packed_pitch_deg=-18.96 control=true shoot=false
[DEBUG] armors=1, targets=1
[DEBUG] armors=1, targets=1
[DEBUG] armors=1, targets=1
[DEBUG] armors=1, targets=1
[DEBUG] armors=1, targets=1
[DEBUG] armors=1, targets=1
[DEBUG] armors=1, targets=1
[DEBUG] armors=1, targets=1
[DEBUG] armors=1, targets=1
[2026-09-05 14:06:48.701] [info] [SYNC][XUC] mode=0 yaw=-6.74 deg pitch=1.36 deg feeder_rpm=0.00 wheel0_rpm=0 wheel1_rpm=0 wheel_delta=0 projectile_speed=9.50
[DEBUG] armors=1, targets=1
[2026-09-05 14:06:48.716] [info] [PERF] 总耗时=15.2ms (检测=12.2ms, 跟踪=0.4ms), FPS=65.8
[2026-09-05 14:06:48.716] [info] 📊 [CAMERA FPS] 瞬时帧率=65.7fps, 平均帧率=64.5fps, 总帧数=6750, 运行时间=104.6s
[DEBUG] armors=1, targets=1
[DEBUG] armors=1, targets=1
[DEBUG] armors=1, targets=1
[DEBUG] armors=1, targets=1
[DEBUG] armors=1, targets=1
[DEBUG] armors=1, targets=1
[DEBUG] armors=1, targets=1
[DEBUG] armors=1, targets=1
[DEBUG] armors=1, targets=1
[DEBUG] armors=1, targets=1
[2026-09-05 14:06:48.865] [info] [DRYRUN] measured_gimbal=(2.726,-0.017,-0.055) measured_world=(2.707,0.302,-0.119) tracked_world=(2.754,0.308,-0.123) target_gimbal_deg=(-0.37,-1.15) target_world_deg=(6.37,-2.51) gimbal_deg=(6.74,1.36) armor_y_px=634.6 pixel_error_deg=(3.18,2.32) ballistic=(range=2.726m holdover=0.720m comp=14.49deg residual=-12.17deg) q_wxyz=(0.998203,0.000698,0.011863,-0.058740) cmd_deg=(8.51,-18.79) packed_pitch_deg=-18.79 control=true shoot=false
[DEBUG] armors=1, targets=1
[DEBUG] armors=1, targets=1
[DEBUG] armors=1, targets=1
[DEBUG] armors=1, targets=1
[DEBUG] armors=1, targets=1
[DEBUG] armors=1, targets=1
[DEBUG] armors=1, targets=1
[DEBUG] armors=1, targets=1
[DEBUG] armors=1, targets=1
[DEBUG] armors=1, targets=1
[DEBUG] armors=1, targets=1
[DEBUG] armors=1, targets=1
[DEBUG] armors=1, targets=1
[DEBUG] armors=1, targets=1
[DEBUG] armors=1, targets=1
[DEBUG] armors=1, targets=1
[DEBUG] armors=1, targets=1
[DEBUG] armors=1, targets=1
[DEBUG] armors=1, targets=1
[DEBUG] armors=1, targets=1
[2026-09-05 14:06:49.188] [info] [DRYRUN] measured_gimbal=(2.757,-0.017,-0.056) measured_world=(2.738,0.306,-0.122) tracked_world=(2.748,0.307,-0.122) target_gimbal_deg=(-0.35,-1.17) target_world_deg=(6.38,-2.53) gimbal_deg=(6.74,1.36) armor_y_px=634.7 pixel_error_deg=(3.17,2.32) ballistic=(range=2.757m holdover=0.733m comp=14.58deg residual=-12.26deg) q_wxyz=(0.998203,0.000698,0.011863,-0.058740) cmd_deg=(8.50,-18.91) packed_pitch_deg=-18.91 control=true shoot=false
[DEBUG] armors=1, targets=1
[DEBUG] armors=1, targets=1
[DEBUG] armors=1, targets=1
[DEBUG] armors=1, targets=1
[DEBUG] armors=1, targets=1
[DEBUG] armors=1, targets=1
[DEBUG] armors=1, targets=1
[DEBUG] armors=1, targets=1
[DEBUG] armors=1, targets=1
[DEBUG] armors=1, targets=1
[DEBUG] armors=1, targets=1
[DEBUG] armors=1, targets=1
[DEBUG] armors=1, targets=1
[DEBUG] armors=1, targets=1
[DEBUG] armors=1, targets=1
[DEBUG] armors=1, targets=1
[DEBUG] armors=1, targets=1
[DEBUG] armors=1, targets=1
[DEBUG] armors=1, targets=1
[2026-09-05 14:06:49.487] [info] [SYNC][XUC] mode=0 yaw=-6.74 deg pitch=1.36 deg feeder_rpm=-4.00 wheel0_rpm=0 wheel1_rpm=0 wheel_delta=0 projectile_speed=9.50
[DEBUG] armors=1, targets=1
[2026-09-05 14:06:49.501] [info] [DRYRUN] measured_gimbal=(2.781,-0.017,-0.057) measured_world=(2.762,0.309,-0.123) tracked_world=(2.744,0.307,-0.122) target_gimbal_deg=(-0.35,-1.17) target_world_deg=(6.39,-2.54) gimbal_deg=(6.74,1.36) armor_y_px=634.5 pixel_error_deg=(3.18,2.32) ballistic=(range=2.781m holdover=0.743m comp=14.65deg residual=-12.34deg) q_wxyz=(0.998203,0.000698,0.011863,-0.058740) cmd_deg=(8.50,-18.96) packed_pitch_deg=-18.96 control=true shoot=false
[2026-09-05 14:06:49.503] [info] [PERF] 总耗时=15.7ms (检测=12.9ms, 跟踪=0.5ms), FPS=63.9
[2026-09-05 14:06:49.503] [info] 📊 [CAMERA FPS] 瞬时帧率=63.6fps, 平均帧率=64.5fps, 总帧数=6800, 运行时间=105.4s
[DEBUG] armors=1, targets=1
[DEBUG] armors=1, targets=1
[DEBUG] armors=1, targets=1
[DEBUG] armors=1, targets=1
[DEBUG] armors=1, targets=1
[DEBUG] armors=1, targets=1
[DEBUG] armors=1, targets=1
[DEBUG] armors=1, targets=1
[DEBUG] armors=1, targets=1
[DEBUG] armors=1, targets=1
[DEBUG] armors=1, targets=1
[DEBUG] armors=1, targets=1
[DEBUG] armors=1, targets=1
[DEBUG] armors=1, targets=1
[DEBUG] armors=1, targets=1
[DEBUG] armors=1, targets=1
[DEBUG] armors=1, targets=1
[DEBUG] armors=1, targets=1
[DEBUG] armors=1, targets=1
[DEBUG] armors=1, targets=1
[2026-09-05 14:06:49.810] [info] [DRYRUN] measured_gimbal=(2.782,-0.017,-0.057) measured_world=(2.763,0.309,-0.123) tracked_world=(2.744,0.307,-0.122) target_gimbal_deg=(-0.35,-1.17) target_world_deg=(6.39,-2.54) gimbal_deg=(6.74,1.36) armor_y_px=634.5 pixel_error_deg=(3.18,2.32) ballistic=(range=2.782m holdover=0.743m comp=14.66deg residual=-12.34deg) q_wxyz=(0.998203,0.000698,0.011863,-0.058740) cmd_deg=(8.50,-18.95) packed_pitch_deg=-18.95 control=true shoot=false
[DEBUG] armors=1, targets=1
[DEBUG] armors=1, targets=1
[DEBUG] armors=1, targets=1
[DEBUG] armors=1, targets=1
[DEBUG] armors=1, targets=1
[DEBUG] armors=1, targets=1
[DEBUG] armors=1, targets=1
[DEBUG] armors=1, targets=1
[DEBUG] armors=1, targets=1
[DEBUG] armors=1, targets=1
[DEBUG] armors=1, targets=1
[DEBUG] armors=1, targets=1
[DEBUG] armors=1, targets=1
[DEBUG] armors=1, targets=1
[DEBUG] armors=1, targets=1
[DEBUG] armors=1, targets=1
[DEBUG] armors=1, targets=1
[DEBUG] armors=1, targets=1
[DEBUG] armors=1, targets=1
[DEBUG] armors=1, targets=1
[2026-09-05 14:06:50.116] [info] [DRYRUN] measured_gimbal=(2.766,-0.017,-0.057) measured_world=(2.747,0.307,-0.122) tracked_world=(2.744,0.307,-0.122) target_gimbal_deg=(-0.36,-1.17) target_world_deg=(6.38,-2.53) gimbal_deg=(6.74,1.36) armor_y_px=634.6 pixel_error_deg=(3.18,2.32) ballistic=(range=2.766m holdover=0.737m comp=14.61deg residual=-12.29deg) q_wxyz=(0.998203,0.000698,0.011863,-0.058740) cmd_deg=(8.50,-18.86) packed_pitch_deg=-18.86 control=true shoot=false
[DEBUG] armors=1, targets=1
[DEBUG] armors=1, targets=1
[DEBUG] armors=1, targets=1
[DEBUG] armors=1, targets=1
[DEBUG] armors=1, targets=1
[DEBUG] armors=1, targets=1
[DEBUG] armors=1, targets=1
[DEBUG] armors=1, targets=1
[DEBUG] armors=1, targets=1
[2026-09-05 14:06:50.259] [info] [SYNC][XUC] mode=0 yaw=-6.74 deg pitch=1.36 deg feeder_rpm=0.00 wheel0_rpm=0 wheel1_rpm=0 wheel_delta=0 projectile_speed=9.50
[DEBUG] armors=1, targets=1
[2026-09-05 14:06:50.274] [info] [PERF] 总耗时=14.9ms (检测=12.0ms, 跟踪=0.5ms), FPS=67.0
[2026-09-05 14:06:50.274] [info] 📊 [CAMERA FPS] 瞬时帧率=66.9fps, 平均帧率=64.5fps, 总帧数=6850, 运行时间=106.2s
[DEBUG] armors=1, targets=1
[DEBUG] armors=1, targets=1
[DEBUG] armors=1, targets=1
[DEBUG] armors=1, targets=1
[DEBUG] armors=1, targets=1
[DEBUG] armors=1, targets=1
[DEBUG] armors=1, targets=1
[DEBUG] armors=1, targets=1
[DEBUG] armors=1, targets=1
[DEBUG] armors=1, targets=1
[2026-09-05 14:06:50.426] [info] [DRYRUN] measured_gimbal=(2.773,-0.017,-0.057) measured_world=(2.754,0.308,-0.123) tracked_world=(2.777,0.335,-0.125) target_gimbal_deg=(-0.35,-1.17) target_world_deg=(6.38,-2.54) gimbal_deg=(6.74,1.36) armor_y_px=634.7 pixel_error_deg=(3.18,2.32) ballistic=(range=2.773m holdover=0.739m comp=14.63deg residual=-12.31deg) q_wxyz=(0.998203,0.000698,0.011863,-0.058740) cmd_deg=(9.47,-18.92) packed_pitch_deg=-18.92 control=true shoot=false
[DEBUG] armors=1, targets=1
[DEBUG] armors=1, targets=1
[DEBUG] armors=1, targets=1
[DEBUG] armors=1, targets=1
[DEBUG] armors=1, targets=1
[DEBUG] armors=1, targets=1
[DEBUG] armors=1, targets=1
[DEBUG] armors=1, targets=1
[DEBUG] armors=1, targets=1
[DEBUG] armors=1, targets=1
[DEBUG] armors=1, targets=1
[DEBUG] armors=1, targets=1
[DEBUG] armors=1, targets=1
[DEBUG] armors=1, targets=1
[DEBUG] armors=1, targets=1
[DEBUG] armors=1, targets=1
[DEBUG] armors=1, targets=1
[DEBUG] armors=1, targets=1
[DEBUG] armors=1, targets=1
[DEBUG] armors=1, targets=1
[2026-09-05 14:06:50.736] [info] [DRYRUN] measured_gimbal=(2.762,-0.017,-0.056) measured_world=(2.743,0.307,-0.122) tracked_world=(2.770,0.315,-0.123) target_gimbal_deg=(-0.35,-1.17) target_world_deg=(6.38,-2.53) gimbal_deg=(6.74,1.36) armor_y_px=634.8 pixel_error_deg=(3.18,2.32) ballistic=(range=2.762m holdover=0.735m comp=14.59deg residual=-12.27deg) q_wxyz=(0.998203,0.000698,0.011863,-0.058740) cmd_deg=(8.54,-18.88) packed_pitch_deg=-18.88 control=true shoot=false
[DEBUG] armors=1, targets=1
[DEBUG] armors=1, targets=1
[DEBUG] armors=1, targets=1
[DEBUG] armors=1, targets=1
[DEBUG] armors=1, targets=1
[DEBUG] armors=1, targets=1
[DEBUG] armors=1, targets=1
[DEBUG] armors=1, targets=1
[DEBUG] armors=1, targets=1
[DEBUG] armors=1, targets=1
[DEBUG] armors=1, targets=1
[DEBUG] armors=1, targets=1
[DEBUG] armors=1, targets=1
[DEBUG] armors=1, targets=1
[DEBUG] armors=1, targets=1
[DEBUG] armors=1, targets=1
[DEBUG] armors=1, targets=1
[DEBUG] armors=1, targets=1
[DEBUG] armors=1, targets=1
[2026-09-05 14:06:51.032] [info] [SYNC][XUC] mode=0 yaw=-6.74 deg pitch=1.36 deg feeder_rpm=0.00 wheel0_rpm=0 wheel1_rpm=0 wheel_delta=0 projectile_speed=9.50
[DEBUG] armors=1, targets=1
[2026-09-05 14:06:51.045] [info] [DRYRUN] measured_gimbal=(2.781,-0.017,-0.057) measured_world=(2.761,0.309,-0.123) tracked_world=(2.759,0.307,-0.123) target_gimbal_deg=(-0.35,-1.18) target_world_deg=(6.38,-2.54) gimbal_deg=(6.74,1.36) armor_y_px=634.7 pixel_error_deg=(3.18,2.32) ballistic=(range=2.781m holdover=0.743m comp=14.65deg residual=-12.33deg) q_wxyz=(0.998203,0.000698,0.011863,-0.058740) cmd_deg=(8.37,-18.93) packed_pitch_deg=-18.93 control=true shoot=false
[2026-09-05 14:06:51.047] [info] [PERF] 总耗时=15.7ms (检测=12.9ms, 跟踪=0.5ms), FPS=63.7
[2026-09-05 14:06:51.048] [info] 📊 [CAMERA FPS] 瞬时帧率=63.6fps, 平均帧率=64.5fps, 总帧数=6900, 运行时间=106.9s
[DEBUG] armors=1, targets=1
[DEBUG] armors=1, targets=1
[DEBUG] armors=1, targets=1
[DEBUG] armors=1, targets=1
[DEBUG] armors=1, targets=1
[DEBUG] armors=1, targets=1
[DEBUG] armors=1, targets=1
[DEBUG] armors=1, targets=1
[DEBUG] armors=1, targets=1
[DEBUG] armors=1, targets=1
[DEBUG] armors=1, targets=1
[DEBUG] armors=1, targets=1
[DEBUG] armors=1, targets=1
[DEBUG] armors=1, targets=1
[DEBUG] armors=1, targets=1
[DEBUG] armors=1, targets=1
[DEBUG] armors=1, targets=1
[DEBUG] armors=1, targets=1
[DEBUG] armors=1, targets=1
[DEBUG] armors=1, targets=1
[2026-09-05 14:06:51.357] [info] [DRYRUN] measured_gimbal=(2.768,-0.017,-0.057) measured_world=(2.748,0.307,-0.122) tracked_world=(2.747,0.306,-0.122) target_gimbal_deg=(-0.35,-1.17) target_world_deg=(6.38,-2.53) gimbal_deg=(6.74,1.36) armor_y_px=634.7 pixel_error_deg=(3.18,2.32) ballistic=(range=2.768m holdover=0.737m comp=14.61deg residual=-12.29deg) q_wxyz=(0.998203,0.000698,0.011863,-0.058740) cmd_deg=(8.42,-18.82) packed_pitch_deg=-18.82 control=true shoot=false
[DEBUG] armors=1, targets=1
[DEBUG] armors=1, targets=1
[DEBUG] armors=1, targets=1
[DEBUG] armors=1, targets=1
[DEBUG] armors=1, targets=1
[DEBUG] armors=1, targets=1
[DEBUG] armors=1, targets=1
[DEBUG] armors=1, targets=1
[DEBUG] armors=1, targets=1
[DEBUG] armors=1, targets=1
[DEBUG] armors=1, targets=1
[DEBUG] armors=1, targets=1
[DEBUG] armors=1, targets=1
[DEBUG] armors=1, targets=1
[DEBUG] armors=1, targets=1
[DEBUG] armors=1, targets=1
[DEBUG] armors=1, targets=1
[DEBUG] armors=1, targets=1
[DEBUG] armors=1, targets=1
[DEBUG] armors=1, targets=1
[2026-09-05 14:06:51.668] [info] [DRYRUN] measured_gimbal=(2.764,-0.017,-0.056) measured_world=(2.745,0.307,-0.122) tracked_world=(2.743,0.306,-0.122) target_gimbal_deg=(-0.35,-1.17) target_world_deg=(6.38,-2.53) gimbal_deg=(6.74,1.36) armor_y_px=634.6 pixel_error_deg=(3.18,2.32) ballistic=(range=2.764m holdover=0.736m comp=14.60deg residual=-12.28deg) q_wxyz=(0.998203,0.000698,0.011863,-0.058740) cmd_deg=(8.49,-18.90) packed_pitch_deg=-18.90 control=true shoot=false
[DEBUG] armors=1, targets=1
[DEBUG] armors=1, targets=1
[DEBUG] armors=1, targets=1
[DEBUG] armors=1, targets=1
[DEBUG] armors=1, targets=1
[DEBUG] armors=1, targets=1
[DEBUG] armors=1, targets=1
[DEBUG] armors=1, targets=1
[DEBUG] armors=1, targets=1
[2026-09-05 14:06:51.810] [info] [SYNC][XUC] mode=0 yaw=-6.74 deg pitch=1.36 deg feeder_rpm=0.00 wheel0_rpm=0 wheel1_rpm=0 wheel_delta=0 projectile_speed=9.50
[DEBUG] armors=1, targets=1
[2026-09-05 14:06:51.825] [info] [PERF] 总耗时=15.2ms (检测=12.5ms, 跟踪=0.5ms), FPS=65.9
[2026-09-05 14:06:51.825] [info] 📊 [CAMERA FPS] 瞬时帧率=65.7fps, 平均帧率=64.5fps, 总帧数=6950, 运行时间=107.7s
[DEBUG] armors=1, targets=1
[DEBUG] armors=1, targets=1
[DEBUG] armors=1, targets=1
[DEBUG] armors=1, targets=1
[DEBUG] armors=1, targets=1
[DEBUG] armors=1, targets=1
[DEBUG] armors=1, targets=1
[DEBUG] armors=1, targets=1
[DEBUG] armors=1, targets=1
[DEBUG] armors=1, targets=1
[2026-09-05 14:06:51.977] [info] [DRYRUN] measured_gimbal=(2.772,-0.017,-0.057) measured_world=(2.753,0.308,-0.122) tracked_world=(2.746,0.307,-0.122) target_gimbal_deg=(-0.35,-1.17) target_world_deg=(6.38,-2.53) gimbal_deg=(6.74,1.36) armor_y_px=634.4 pixel_error_deg=(3.18,2.32) ballistic=(range=2.772m holdover=0.739m comp=14.63deg residual=-12.31deg) q_wxyz=(0.998203,0.000698,0.011863,-0.058740) cmd_deg=(8.52,-18.93) packed_pitch_deg=-18.93 control=true shoot=false
[DEBUG] armors=1, targets=1
[DEBUG] armors=1, targets=1
[DEBUG] armors=1, targets=1
[DEBUG] armors=1, targets=1
[DEBUG] armors=1, targets=1
[DEBUG] armors=1, targets=1
[DEBUG] armors=1, targets=1
[DEBUG] armors=1, targets=1
[DEBUG] armors=1, targets=1
[DEBUG] armors=1, targets=1
[DEBUG] armors=1, targets=1
[DEBUG] armors=1, targets=1
[DEBUG] armors=1, targets=1
[DEBUG] armors=1, targets=1
[DEBUG] armors=1, targets=1
[DEBUG] armors=1, targets=1
[DEBUG] armors=1, targets=1
[DEBUG] armors=1, targets=1
[DEBUG] armors=1, targets=1
[DEBUG] armors=1, targets=1
[2026-09-05 14:06:52.290] [info] [DRYRUN] measured_gimbal=(2.767,-0.017,-0.057) measured_world=(2.748,0.307,-0.122) tracked_world=(2.749,0.308,-0.122) target_gimbal_deg=(-0.35,-1.17) target_world_deg=(6.38,-2.53) gimbal_deg=(6.74,1.36) armor_y_px=634.6 pixel_error_deg=(3.18,2.32) ballistic=(range=2.767m holdover=0.737m comp=14.61deg residual=-12.29deg) q_wxyz=(0.998203,0.000698,0.011863,-0.058740) cmd_deg=(8.51,-18.88) packed_pitch_deg=-18.88 control=true shoot=false
[DEBUG] armors=1, targets=1
[DEBUG] armors=1, targets=1
[DEBUG] armors=1, targets=1
[DEBUG] armors=1, targets=1
[DEBUG] armors=1, targets=1
[DEBUG] armors=1, targets=1
[DEBUG] armors=1, targets=1
[DEBUG] armors=1, targets=1
[DEBUG] armors=1, targets=1
[DEBUG] armors=1, targets=1
[DEBUG] armors=1, targets=1
[DEBUG] armors=1, targets=1
[DEBUG] armors=1, targets=1
[DEBUG] armors=1, targets=1
[DEBUG] armors=1, targets=1
[DEBUG] armors=1, targets=1
[DEBUG] armors=1, targets=1
[DEBUG] armors=1, targets=1
[DEBUG] armors=1, targets=1
[2026-09-05 14:06:52.596] [info] [SYNC][XUC] mode=0 yaw=-6.74 deg pitch=1.36 deg feeder_rpm=0.00 wheel0_rpm=0 wheel1_rpm=0 wheel_delta=0 projectile_speed=9.50
[DEBUG] armors=1, targets=1
[2026-09-05 14:06:52.609] [info] [DRYRUN] measured_gimbal=(2.807,-0.017,-0.058) measured_world=(2.787,0.312,-0.125) tracked_world=(2.751,0.308,-0.123) target_gimbal_deg=(-0.34,-1.19) target_world_deg=(6.39,-2.55) gimbal_deg=(6.74,1.36) armor_y_px=634.7 pixel_error_deg=(3.18,2.32) ballistic=(range=2.807m holdover=0.754m comp=14.73deg residual=-12.41deg) q_wxyz=(0.998203,0.000698,0.011863,-0.058740) cmd_deg=(8.50,-18.97) packed_pitch_deg=-18.97 control=true shoot=false
[2026-09-05 14:06:52.611] [info] [PERF] 总耗时=15.6ms (检测=12.8ms, 跟踪=0.5ms), FPS=64.3
[2026-09-05 14:06:52.611] [info] 📊 [CAMERA FPS] 瞬时帧率=64.1fps, 平均帧率=64.5fps, 总帧数=7000, 运行时间=108.5s
[DEBUG] armors=1, targets=1
[DEBUG] armors=1, targets=1
[DEBUG] armors=1, targets=1
[DEBUG] armors=1, targets=1
[DEBUG] armors=1, targets=1
[DEBUG] armors=1, targets=1
[DEBUG] armors=1, targets=1
[DEBUG] armors=1, targets=1
[DEBUG] armors=1, targets=1
[DEBUG] armors=1, targets=1
[DEBUG] armors=1, targets=1
[DEBUG] armors=1, targets=1
[DEBUG] armors=1, targets=1
[DEBUG] armors=1, targets=1
[DEBUG] armors=1, targets=1
[DEBUG] armors=1, targets=1
[DEBUG] armors=1, targets=1
[DEBUG] armors=1, targets=1
[DEBUG] armors=1, targets=1
[DEBUG] armors=1, targets=1
[2026-09-05 14:06:52.928] [info] [DRYRUN] measured_gimbal=(2.772,-0.017,-0.057) measured_world=(2.753,0.308,-0.123) tracked_world=(2.751,0.308,-0.122) target_gimbal_deg=(-0.35,-1.17) target_world_deg=(6.39,-2.53) gimbal_deg=(6.74,1.36) armor_y_px=634.6 pixel_error_deg=(3.18,2.32) ballistic=(range=2.772m holdover=0.739m comp=14.63deg residual=-12.31deg) q_wxyz=(0.998203,0.000698,0.011863,-0.058740) cmd_deg=(8.51,-18.94) packed_pitch_deg=-18.94 control=true shoot=false
[DEBUG] armors=1, targets=1
[DEBUG] armors=1, targets=1
[DEBUG] armors=1, targets=1
[DEBUG] armors=1, targets=1
[DEBUG] armors=1, targets=1
[DEBUG] armors=1, targets=1
[DEBUG] armors=1, targets=1
[DEBUG] armors=1, targets=1
[DEBUG] armors=1, targets=1
[DEBUG] armors=1, targets=1
[DEBUG] armors=1, targets=1
[DEBUG] armors=1, targets=1
[DEBUG] armors=1, targets=1
[DEBUG] armors=1, targets=1
[DEBUG] armors=1, targets=1
[DEBUG] armors=1, targets=1
[DEBUG] armors=1, targets=1
[DEBUG] armors=1, targets=1
[DEBUG] armors=1, targets=1
[DEBUG] armors=1, targets=1
[2026-09-05 14:06:53.245] [info] [DRYRUN] measured_gimbal=(2.774,-0.017,-0.057) measured_world=(2.755,0.308,-0.123) tracked_world=(2.749,0.307,-0.122) target_gimbal_deg=(-0.35,-1.18) target_world_deg=(6.38,-2.54) gimbal_deg=(6.74,1.36) armor_y_px=634.7 pixel_error_deg=(3.18,2.32) ballistic=(range=2.774m holdover=0.740m comp=14.63deg residual=-12.31deg) q_wxyz=(0.998203,0.000698,0.011863,-0.058740) cmd_deg=(8.50,-18.91) packed_pitch_deg=-18.91 control=true shoot=false
[DEBUG] armors=1, targets=1
[DEBUG] armors=1, targets=1
[DEBUG] armors=1, targets=1
[DEBUG] armors=1, targets=1
[DEBUG] armors=1, targets=1
[DEBUG] armors=1, targets=1
[DEBUG] armors=1, targets=1
[DEBUG] armors=1, targets=1
[DEBUG] armors=1, targets=1
[2026-09-05 14:06:53.388] [info] [SYNC][XUC] mode=0 yaw=-6.74 deg pitch=1.36 deg feeder_rpm=0.00 wheel0_rpm=0 wheel1_rpm=0 wheel_delta=0 projectile_speed=9.50
[DEBUG] armors=1, targets=1
[2026-09-05 14:06:53.404] [info] [PERF] 总耗时=15.8ms (检测=13.1ms, 跟踪=0.5ms), FPS=63.1
[2026-09-05 14:06:53.404] [info] 📊 [CAMERA FPS] 瞬时帧率=63.0fps, 平均帧率=64.5fps, 总帧数=7050, 运行时间=109.3s
[DEBUG] armors=1, targets=1
[DEBUG] armors=1, targets=1
[DEBUG] armors=1, targets=1
[DEBUG] armors=1, targets=1
[DEBUG] armors=1, targets=1
[DEBUG] armors=1, targets=1
[DEBUG] armors=1, targets=1
[DEBUG] armors=1, targets=1
[DEBUG] armors=1, targets=1
[DEBUG] armors=1, targets=1
[2026-09-05 14:06:53.558] [info] [DRYRUN] measured_gimbal=(2.758,-0.017,-0.056) measured_world=(2.739,0.306,-0.122) tracked_world=(2.745,0.307,-0.122) target_gimbal_deg=(-0.36,-1.17) target_world_deg=(6.38,-2.53) gimbal_deg=(6.74,1.36) armor_y_px=634.8 pixel_error_deg=(3.18,2.32) ballistic=(range=2.758m holdover=0.733m comp=14.58deg residual=-12.26deg) q_wxyz=(0.998203,0.000698,0.011863,-0.058740) cmd_deg=(8.50,-18.87) packed_pitch_deg=-18.87 control=true shoot=false
[DEBUG] armors=1, targets=1
[DEBUG] armors=1, targets=1
[DEBUG] armors=1, targets=1
[DEBUG] armors=1, targets=1
[DEBUG] armors=1, targets=1
[DEBUG] armors=1, targets=1
[DEBUG] armors=1, targets=1
[DEBUG] armors=1, targets=1
[DEBUG] armors=1, targets=1
[DEBUG] armors=1, targets=1
[DEBUG] armors=1, targets=1
[DEBUG] armors=1, targets=1
[DEBUG] armors=1, targets=1
[DEBUG] armors=1, targets=1
[DEBUG] armors=1, targets=1
[DEBUG] armors=1, targets=1
[DEBUG] armors=1, targets=1
[DEBUG] armors=1, targets=1
[DEBUG] armors=1, targets=1
[DEBUG] armors=1, targets=1
[2026-09-05 14:06:53.869] [info] [DRYRUN] measured_gimbal=(2.772,-0.017,-0.057) measured_world=(2.752,0.308,-0.123) tracked_world=(2.748,0.307,-0.122) target_gimbal_deg=(-0.35,-1.18) target_world_deg=(6.38,-2.54) gimbal_deg=(6.74,1.36) armor_y_px=634.8 pixel_error_deg=(3.18,2.32) ballistic=(range=2.772m holdover=0.739m comp=14.62deg residual=-12.30deg) q_wxyz=(0.998203,0.000698,0.011863,-0.058740) cmd_deg=(8.51,-18.96) packed_pitch_deg=-18.96 control=true shoot=false
[DEBUG] armors=1, targets=1
[DEBUG] armors=1, targets=1
[DEBUG] armors=1, targets=1
[DEBUG] armors=1, targets=1
[DEBUG] armors=1, targets=1
[DEBUG] armors=1, targets=1
[DEBUG] armors=1, targets=1
[DEBUG] armors=1, targets=1
[DEBUG] armors=1, targets=1
[DEBUG] armors=1, targets=1
[DEBUG] armors=1, targets=1
[DEBUG] armors=1, targets=1
[DEBUG] armors=1, targets=1
[DEBUG] armors=1, targets=1
[DEBUG] armors=1, targets=1
[DEBUG] armors=1, targets=1
[DEBUG] armors=1, targets=1
[DEBUG] armors=1, targets=1
[DEBUG] armors=1, targets=1
[2026-09-05 14:06:54.172] [info] [SYNC][XUC] mode=0 yaw=-6.74 deg pitch=1.36 deg feeder_rpm=0.00 wheel0_rpm=0 wheel1_rpm=0 wheel_delta=0 projectile_speed=9.50
[DEBUG] armors=1, targets=1
[2026-09-05 14:06:54.186] [info] [DRYRUN] measured_gimbal=(2.769,-0.017,-0.057) measured_world=(2.750,0.307,-0.122) tracked_world=(2.749,0.307,-0.122) target_gimbal_deg=(-0.36,-1.17) target_world_deg=(6.38,-2.53) gimbal_deg=(6.74,1.36) armor_y_px=634.7 pixel_error_deg=(3.18,2.32) ballistic=(range=2.769m holdover=0.738m comp=14.61deg residual=-12.29deg) q_wxyz=(0.998203,0.000698,0.011863,-0.058740) cmd_deg=(8.50,-18.91) packed_pitch_deg=-18.91 control=true shoot=false
[2026-09-05 14:06:54.189] [info] [PERF] 总耗时=16.7ms (检测=13.5ms, 跟踪=0.5ms), FPS=59.9
[2026-09-05 14:06:54.189] [info] 📊 [CAMERA FPS] 瞬时帧率=59.8fps, 平均帧率=64.5fps, 总帧数=7100, 运行时间=110.1s
[DEBUG] armors=1, targets=1
[DEBUG] armors=1, targets=1
[DEBUG] armors=1, targets=1
[DEBUG] armors=1, targets=1
[DEBUG] armors=1, targets=1
[DEBUG] armors=1, targets=1
[DEBUG] armors=1, targets=1
[DEBUG] armors=1, targets=1
[DEBUG] armors=1, targets=1
[DEBUG] armors=1, targets=1
[DEBUG] armors=1, targets=1
[DEBUG] armors=1, targets=1
[DEBUG] armors=1, targets=1
[DEBUG] armors=1, targets=1
[DEBUG] armors=1, targets=1
[DEBUG] armors=1, targets=1
[DEBUG] armors=1, targets=1
[DEBUG] armors=1, targets=1
[DEBUG] armors=1, targets=1
[DEBUG] armors=1, targets=1
[2026-09-05 14:06:54.501] [info] [DRYRUN] measured_gimbal=(2.792,-0.017,-0.058) measured_world=(2.772,0.310,-0.124) tracked_world=(2.748,0.307,-0.122) target_gimbal_deg=(-0.35,-1.19) target_world_deg=(6.39,-2.55) gimbal_deg=(6.74,1.36) armor_y_px=634.8 pixel_error_deg=(3.18,2.32) ballistic=(range=2.792m holdover=0.747m comp=14.68deg residual=-12.36deg) q_wxyz=(0.998203,0.000698,0.011863,-0.058740) cmd_deg=(8.49,-18.93) packed_pitch_deg=-18.93 control=true shoot=false
[DEBUG] armors=1, targets=1
[DEBUG] armors=1, targets=1
[DEBUG] armors=1, targets=1
[DEBUG] armors=1, targets=1
[DEBUG] armors=1, targets=1
[DEBUG] armors=1, targets=1
[DEBUG] armors=1, targets=1
[DEBUG] armors=1, targets=1
[DEBUG] armors=1, targets=1
[DEBUG] armors=1, targets=1
[DEBUG] armors=1, targets=1
[DEBUG] armors=1, targets=1
[DEBUG] armors=1, targets=1
[DEBUG] armors=1, targets=1
[DEBUG] armors=1, targets=1
[DEBUG] armors=1, targets=1
[DEBUG] armors=1, targets=1
[DEBUG] armors=1, targets=1
[DEBUG] armors=1, targets=1
[DEBUG] armors=1, targets=1
[2026-09-05 14:06:54.812] [info] [DRYRUN] measured_gimbal=(2.737,-0.017,-0.055) measured_world=(2.718,0.304,-0.120) tracked_world=(2.743,0.307,-0.122) target_gimbal_deg=(-0.36,-1.16) target_world_deg=(6.37,-2.52) gimbal_deg=(6.74,1.36) armor_y_px=634.8 pixel_error_deg=(3.18,2.32) ballistic=(range=2.737m holdover=0.724m comp=14.52deg residual=-12.19deg) q_wxyz=(0.998203,0.000698,0.011863,-0.058740) cmd_deg=(8.51,-18.84) packed_pitch_deg=-18.84 control=true shoot=false
[DEBUG] armors=1, targets=1
[DEBUG] armors=1, targets=1
[DEBUG] armors=1, targets=1
[DEBUG] armors=1, targets=1
[DEBUG] armors=1, targets=1
[DEBUG] armors=1, targets=1
[DEBUG] armors=1, targets=1
[DEBUG] armors=1, targets=1
[DEBUG] armors=1, targets=1
[2026-09-05 14:06:54.956] [info] [SYNC][XUC] mode=0 yaw=-6.74 deg pitch=1.36 deg feeder_rpm=0.00 wheel0_rpm=0 wheel1_rpm=0 wheel_delta=0 projectile_speed=9.50
[DEBUG] armors=1, targets=1
[2026-09-05 14:06:54.972] [info] [PERF] 总耗时=16.2ms (检测=12.8ms, 跟踪=0.5ms), FPS=61.9
[2026-09-05 14:06:54.972] [info] 📊 [CAMERA FPS] 瞬时帧率=61.8fps, 平均帧率=64.5fps, 总帧数=7150, 运行时间=110.8s
[DEBUG] armors=1, targets=1
[DEBUG] armors=1, targets=1
[DEBUG] armors=1, targets=1
[DEBUG] armors=1, targets=1
[DEBUG] armors=1, targets=1
[DEBUG] armors=1, targets=1
[DEBUG] armors=1, targets=1
[DEBUG] armors=1, targets=1
[DEBUG] armors=1, targets=1
[DEBUG] armors=1, targets=1
[2026-09-05 14:06:55.126] [info] [DRYRUN] measured_gimbal=(2.758,-0.017,-0.056) measured_world=(2.739,0.306,-0.122) tracked_world=(2.744,0.307,-0.122) target_gimbal_deg=(-0.36,-1.17) target_world_deg=(6.38,-2.53) gimbal_deg=(6.74,1.36) armor_y_px=634.7 pixel_error_deg=(3.18,2.32) ballistic=(range=2.759m holdover=0.733m comp=14.58deg residual=-12.26deg) q_wxyz=(0.998203,0.000698,0.011863,-0.058740) cmd_deg=(8.50,-18.85) packed_pitch_deg=-18.85 control=true shoot=false
[DEBUG] armors=1, targets=1
[DEBUG] armors=1, targets=1
[DEBUG] armors=1, targets=1
[DEBUG] armors=1, targets=1
[DEBUG] armors=1, targets=1
[DEBUG] armors=1, targets=1
[DEBUG] armors=1, targets=1
[DEBUG] armors=1, targets=1
[DEBUG] armors=1, targets=1
[DEBUG] armors=1, targets=1
[DEBUG] armors=1, targets=1
[DEBUG] armors=1, targets=1
[DEBUG] armors=1, targets=1
[DEBUG] armors=1, targets=1
[DEBUG] armors=1, targets=1
[DEBUG] armors=1, targets=1
[DEBUG] armors=1, targets=1
[DEBUG] armors=1, targets=1
[DEBUG] armors=1, targets=1
[DEBUG] armors=1, targets=1
[2026-09-05 14:06:55.437] [info] [DRYRUN] measured_gimbal=(2.758,-0.017,-0.056) measured_world=(2.739,0.306,-0.122) tracked_world=(2.745,0.307,-0.122) target_gimbal_deg=(-0.36,-1.17) target_world_deg=(6.38,-2.53) gimbal_deg=(6.74,1.36) armor_y_px=634.8 pixel_error_deg=(3.18,2.32) ballistic=(range=2.758m holdover=0.733m comp=14.58deg residual=-12.26deg) q_wxyz=(0.998203,0.000698,0.011863,-0.058740) cmd_deg=(8.50,-18.89) packed_pitch_deg=-18.89 control=true shoot=false
[DEBUG] armors=1, targets=1
[DEBUG] armors=1, targets=1
[DEBUG] armors=1, targets=1
[DEBUG] armors=1, targets=1
[DEBUG] armors=1, targets=1
[DEBUG] armors=1, targets=1
[DEBUG] armors=1, targets=1
[DEBUG] armors=1, targets=1
[DEBUG] armors=1, targets=1
[DEBUG] armors=1, targets=1
[DEBUG] armors=1, targets=1
[DEBUG] armors=1, targets=1
[DEBUG] armors=1, targets=1
[DEBUG] armors=1, targets=1
[DEBUG] armors=1, targets=1
[DEBUG] armors=1, targets=1
[DEBUG] armors=1, targets=1
[DEBUG] armors=1, targets=1
[DEBUG] armors=1, targets=1
[2026-09-05 14:06:55.738] [info] [SYNC][XUC] mode=0 yaw=-6.74 deg pitch=1.36 deg feeder_rpm=0.00 wheel0_rpm=0 wheel1_rpm=0 wheel_delta=0 projectile_speed=9.50
[DEBUG] armors=1, targets=1
[2026-09-05 14:06:55.752] [info] [DRYRUN] measured_gimbal=(2.731,-0.017,-0.055) measured_world=(2.712,0.303,-0.120) tracked_world=(2.748,0.307,-0.123) target_gimbal_deg=(-0.36,-1.16) target_world_deg=(6.37,-2.52) gimbal_deg=(6.74,1.36) armor_y_px=634.8 pixel_error_deg=(3.18,2.32) ballistic=(range=2.731m holdover=0.722m comp=14.50deg residual=-12.18deg) q_wxyz=(0.998203,0.000698,0.011863,-0.058740) cmd_deg=(8.51,-18.87) packed_pitch_deg=-18.87 control=true shoot=false
[2026-09-05 14:06:55.755] [info] [PERF] 总耗时=16.3ms (检测=13.4ms, 跟踪=0.4ms), FPS=61.4
[2026-09-05 14:06:55.755] [info] 📊 [CAMERA FPS] 瞬时帧率=61.3fps, 平均帧率=64.5fps, 总帧数=7200, 运行时间=111.6s
[DEBUG] armors=1, targets=1
[DEBUG] armors=1, targets=1
[DEBUG] armors=1, targets=1
[DEBUG] armors=1, targets=1
[DEBUG] armors=1, targets=1
[DEBUG] armors=1, targets=1
[DEBUG] armors=1, targets=1
[DEBUG] armors=1, targets=1
[DEBUG] armors=1, targets=1
[DEBUG] armors=1, targets=1
[DEBUG] armors=1, targets=1
[DEBUG] armors=1, targets=1
[DEBUG] armors=1, targets=1
[DEBUG] armors=1, targets=1
[DEBUG] armors=1, targets=1
[DEBUG] armors=1, targets=1
[DEBUG] armors=1, targets=1
[DEBUG] armors=1, targets=1
[DEBUG] armors=1, targets=1
[DEBUG] armors=1, targets=1
[2026-09-05 14:06:56.064] [info] [DRYRUN] measured_gimbal=(2.773,-0.017,-0.057) measured_world=(2.753,0.308,-0.123) tracked_world=(2.748,0.307,-0.122) target_gimbal_deg=(-0.35,-1.18) target_world_deg=(6.38,-2.54) gimbal_deg=(6.74,1.36) armor_y_px=634.7 pixel_error_deg=(3.18,2.32) ballistic=(range=2.773m holdover=0.739m comp=14.63deg residual=-12.30deg) q_wxyz=(0.998203,0.000698,0.011863,-0.058740) cmd_deg=(8.50,-18.92) packed_pitch_deg=-18.92 control=true shoot=false
[DEBUG] armors=1, targets=1
[DEBUG] armors=1, targets=1
[DEBUG] armors=1, targets=1
[DEBUG] armors=1, targets=1
[DEBUG] armors=1, targets=1
[DEBUG] armors=1, targets=1
[DEBUG] armors=1, targets=1
[DEBUG] armors=1, targets=1
[DEBUG] armors=1, targets=1
[DEBUG] armors=1, targets=1
[DEBUG] armors=1, targets=1
[DEBUG] armors=1, targets=1
[DEBUG] armors=1, targets=1
[DEBUG] armors=1, targets=1
[DEBUG] armors=1, targets=1
[DEBUG] armors=1, targets=1
[DEBUG] armors=1, targets=1
[DEBUG] armors=1, targets=1
[DEBUG] armors=1, targets=1
[DEBUG] armors=1, targets=1
[2026-09-05 14:06:56.385] [info] [DRYRUN] measured_gimbal=(2.759,-0.017,-0.056) measured_world=(2.740,0.306,-0.122) tracked_world=(2.748,0.307,-0.122) target_gimbal_deg=(-0.36,-1.17) target_world_deg=(6.38,-2.53) gimbal_deg=(6.74,1.36) armor_y_px=634.8 pixel_error_deg=(3.18,2.32) ballistic=(range=2.759m holdover=0.733m comp=14.58deg residual=-12.26deg) q_wxyz=(0.998203,0.000698,0.011863,-0.058740) cmd_deg=(8.50,-18.92) packed_pitch_deg=-18.92 control=true shoot=false
[DEBUG] armors=1, targets=1
[DEBUG] armors=1, targets=1
[DEBUG] armors=1, targets=1
[DEBUG] armors=1, targets=1
[DEBUG] armors=1, targets=1
[DEBUG] armors=1, targets=1
[DEBUG] armors=1, targets=1
[DEBUG] armors=1, targets=1
[DEBUG] armors=1, targets=1
[2026-09-05 14:06:56.530] [info] [SYNC][XUC] mode=0 yaw=-6.74 deg pitch=1.36 deg feeder_rpm=0.00 wheel0_rpm=0 wheel1_rpm=0 wheel_delta=0 projectile_speed=9.50
[DEBUG] armors=1, targets=1
[2026-09-05 14:06:56.547] [info] [PERF] 总耗时=16.1ms (检测=13.3ms, 跟踪=0.4ms), FPS=62.2
[2026-09-05 14:06:56.547] [info] 📊 [CAMERA FPS] 瞬时帧率=62.1fps, 平均帧率=64.5fps, 总帧数=7250, 运行时间=112.4s
[DEBUG] armors=1, targets=1
[DEBUG] armors=1, targets=1
[DEBUG] armors=1, targets=1
[DEBUG] armors=1, targets=1
[DEBUG] armors=1, targets=1
[DEBUG] armors=1, targets=1
[DEBUG] armors=1, targets=1
[DEBUG] armors=1, targets=1
[DEBUG] armors=1, targets=1
[DEBUG] armors=1, targets=1
[2026-09-05 14:06:56.702] [info] [DRYRUN] measured_gimbal=(2.774,-0.017,-0.057) measured_world=(2.754,0.308,-0.123) tracked_world=(2.747,0.307,-0.122) target_gimbal_deg=(-0.35,-1.18) target_world_deg=(6.38,-2.54) gimbal_deg=(6.74,1.36) armor_y_px=634.9 pixel_error_deg=(3.18,2.33) ballistic=(range=2.774m holdover=0.740m comp=14.63deg residual=-12.30deg) q_wxyz=(0.998203,0.000698,0.011863,-0.058740) cmd_deg=(8.50,-18.91) packed_pitch_deg=-18.91 control=true shoot=false
[DEBUG] armors=1, targets=1
[DEBUG] armors=1, targets=1
[DEBUG] armors=1, targets=1
[DEBUG] armors=1, targets=1
[DEBUG] armors=1, targets=1
[DEBUG] armors=1, targets=1
[DEBUG] armors=1, targets=1
[DEBUG] armors=1, targets=1
[DEBUG] armors=1, targets=1
[DEBUG] armors=1, targets=1
[DEBUG] armors=1, targets=1
[DEBUG] armors=1, targets=1
[DEBUG] armors=1, targets=1
[DEBUG] armors=1, targets=1
[DEBUG] armors=1, targets=1
[DEBUG] armors=1, targets=1
[DEBUG] armors=1, targets=1
[DEBUG] armors=1, targets=1
[DEBUG] armors=1, targets=1
[DEBUG] armors=1, targets=1
[2026-09-05 14:06:57.024] [info] [DRYRUN] measured_gimbal=(2.766,-0.017,-0.057) measured_world=(2.747,0.307,-0.122) tracked_world=(2.749,0.307,-0.122) target_gimbal_deg=(-0.35,-1.17) target_world_deg=(6.38,-2.54) gimbal_deg=(6.74,1.36) armor_y_px=634.8 pixel_error_deg=(3.18,2.32) ballistic=(range=2.766m holdover=0.736m comp=14.61deg residual=-12.28deg) q_wxyz=(0.998203,0.000698,0.011863,-0.058740) cmd_deg=(8.50,-18.92) packed_pitch_deg=-18.92 control=true shoot=false
[DEBUG] armors=1, targets=1
[DEBUG] armors=1, targets=1
[DEBUG] armors=1, targets=1
[DEBUG] armors=1, targets=1
[DEBUG] armors=1, targets=1
[DEBUG] armors=1, targets=1
[DEBUG] armors=1, targets=1
[DEBUG] armors=1, targets=1
[DEBUG] armors=1, targets=1
[DEBUG] armors=1, targets=1
[DEBUG] armors=1, targets=1
[DEBUG] armors=1, targets=1
[DEBUG] armors=1, targets=1
[DEBUG] armors=1, targets=1
[DEBUG] armors=1, targets=1
[DEBUG] armors=1, targets=1
[DEBUG] armors=1, targets=1
[DEBUG] armors=1, targets=1
[DEBUG] armors=1, targets=1
[2026-09-05 14:06:57.326] [info] [SYNC][XUC] mode=0 yaw=-6.74 deg pitch=1.36 deg feeder_rpm=0.00 wheel0_rpm=0 wheel1_rpm=0 wheel_delta=0 projectile_speed=9.50
[DEBUG] armors=1, targets=1
[2026-09-05 14:06:57.340] [info] [DRYRUN] measured_gimbal=(2.777,-0.017,-0.057) measured_world=(2.758,0.309,-0.123) tracked_world=(2.751,0.308,-0.123) target_gimbal_deg=(-0.35,-1.18) target_world_deg=(6.39,-2.54) gimbal_deg=(6.74,1.36) armor_y_px=634.7 pixel_error_deg=(3.18,2.32) ballistic=(range=2.777m holdover=0.741m comp=14.64deg residual=-12.32deg) q_wxyz=(0.998203,0.000698,0.011863,-0.058740) cmd_deg=(8.51,-18.95) packed_pitch_deg=-18.95 control=true shoot=false
[2026-09-05 14:06:57.342] [info] [PERF] 总耗时=16.2ms (检测=13.4ms, 跟踪=0.4ms), FPS=61.5
[2026-09-05 14:06:57.342] [info] 📊 [CAMERA FPS] 瞬时帧率=61.4fps, 平均帧率=64.5fps, 总帧数=7300, 运行时间=113.2s
[DEBUG] armors=1, targets=1
[DEBUG] armors=1, targets=1
[DEBUG] armors=1, targets=1
[DEBUG] armors=1, targets=1
[DEBUG] armors=1, targets=1
[DEBUG] armors=1, targets=1
[DEBUG] armors=1, targets=1
[DEBUG] armors=1, targets=1
[DEBUG] armors=1, targets=1
[DEBUG] armors=1, targets=1
[DEBUG] armors=1, targets=1
[DEBUG] armors=1, targets=1
[DEBUG] armors=1, targets=1
[DEBUG] armors=1, targets=1
[DEBUG] armors=1, targets=1
[DEBUG] armors=1, targets=1
[DEBUG] armors=1, targets=1
[DEBUG] armors=1, targets=1
[DEBUG] armors=1, targets=1
[DEBUG] armors=1, targets=1
[2026-09-05 14:06:57.652] [info] [DRYRUN] measured_gimbal=(2.758,-0.017,-0.056) measured_world=(2.739,0.306,-0.122) tracked_world=(2.748,0.307,-0.122) target_gimbal_deg=(-0.35,-1.16) target_world_deg=(6.38,-2.53) gimbal_deg=(6.74,1.36) armor_y_px=634.5 pixel_error_deg=(3.18,2.32) ballistic=(range=2.758m holdover=0.733m comp=14.58deg residual=-12.26deg) q_wxyz=(0.998203,0.000698,0.011863,-0.058740) cmd_deg=(8.50,-18.89) packed_pitch_deg=-18.89 control=true shoot=false
[DEBUG] armors=1, targets=1
[DEBUG] armors=1, targets=1
[DEBUG] armors=1, targets=1
[DEBUG] armors=1, targets=1
[DEBUG] armors=1, targets=1
[DEBUG] armors=1, targets=1
[DEBUG] armors=1, targets=1
[DEBUG] armors=1, targets=1
[DEBUG] armors=1, targets=1
[DEBUG] armors=1, targets=1
[DEBUG] armors=1, targets=1
[DEBUG] armors=1, targets=1
[DEBUG] armors=1, targets=1
[DEBUG] armors=1, targets=1
[DEBUG] armors=1, targets=1
[DEBUG] armors=1, targets=1
[DEBUG] armors=1, targets=1
[DEBUG] armors=1, targets=1
[DEBUG] armors=1, targets=1
[DEBUG] armors=1, targets=1
[2026-09-05 14:06:57.969] [info] [DRYRUN] measured_gimbal=(2.770,-0.017,-0.057) measured_world=(2.751,0.308,-0.123) tracked_world=(2.748,0.307,-0.122) target_gimbal_deg=(-0.35,-1.18) target_world_deg=(6.39,-2.54) gimbal_deg=(6.74,1.36) armor_y_px=634.8 pixel_error_deg=(3.18,2.32) ballistic=(range=2.770m holdover=0.738m comp=14.62deg residual=-12.29deg) q_wxyz=(0.998203,0.000698,0.011863,-0.058740) cmd_deg=(8.50,-18.90) packed_pitch_deg=-18.90 control=true shoot=false
[DEBUG] armors=1, targets=1
[DEBUG] armors=1, targets=1
[DEBUG] armors=1, targets=1
[DEBUG] armors=1, targets=1
[DEBUG] armors=1, targets=1
[DEBUG] armors=1, targets=1
[DEBUG] armors=1, targets=1
[DEBUG] armors=1, targets=1
[DEBUG] armors=1, targets=1
[2026-09-05 14:06:58.116] [info] [SYNC][XUC] mode=0 yaw=-6.74 deg pitch=1.36 deg feeder_rpm=0.00 wheel0_rpm=0 wheel1_rpm=0 wheel_delta=0 projectile_speed=9.50
[DEBUG] armors=1, targets=1
[2026-09-05 14:06:58.132] [info] [PERF] 总耗时=16.1ms (检测=13.3ms, 跟踪=0.5ms), FPS=62.1
[2026-09-05 14:06:58.132] [info] 📊 [CAMERA FPS] 瞬时帧率=62.0fps, 平均帧率=64.5fps, 总帧数=7350, 运行时间=114.0s
[DEBUG] armors=1, targets=1
[DEBUG] armors=1, targets=1
[DEBUG] armors=1, targets=1
[DEBUG] armors=1, targets=1
[DEBUG] armors=1, targets=1
[DEBUG] armors=1, targets=1
[DEBUG] armors=1, targets=1
[DEBUG] armors=1, targets=1
[DEBUG] armors=1, targets=1
[DEBUG] armors=1, targets=1
[2026-09-05 14:06:58.287] [info] [DRYRUN] measured_gimbal=(2.774,-0.017,-0.057) measured_world=(2.754,0.308,-0.123) tracked_world=(2.749,0.308,-0.123) target_gimbal_deg=(-0.35,-1.18) target_world_deg=(6.38,-2.54) gimbal_deg=(6.74,1.36) armor_y_px=634.9 pixel_error_deg=(3.18,2.33) ballistic=(range=2.774m holdover=0.740m comp=14.63deg residual=-12.30deg) q_wxyz=(0.998203,0.000698,0.011863,-0.058740) cmd_deg=(8.50,-18.92) packed_pitch_deg=-18.92 control=true shoot=false
[DEBUG] armors=1, targets=1
[DEBUG] armors=1, targets=1
[DEBUG] armors=1, targets=1
[DEBUG] armors=1, targets=1
[DEBUG] armors=1, targets=1
[DEBUG] armors=1, targets=1
[DEBUG] armors=1, targets=1
[DEBUG] armors=1, targets=1
[DEBUG] armors=1, targets=1
[DEBUG] armors=1, targets=1
[DEBUG] armors=1, targets=1
[DEBUG] armors=1, targets=1
[DEBUG] armors=1, targets=1
[DEBUG] armors=1, targets=1
[DEBUG] armors=1, targets=1
[DEBUG] armors=1, targets=1
[DEBUG] armors=1, targets=1
[DEBUG] armors=1, targets=1
[DEBUG] armors=1, targets=1
[DEBUG] armors=1, targets=1
[2026-09-05 14:06:58.600] [info] [DRYRUN] measured_gimbal=(2.772,-0.017,-0.057) measured_world=(2.753,0.308,-0.123) tracked_world=(2.752,0.308,-0.123) target_gimbal_deg=(-0.35,-1.17) target_world_deg=(6.38,-2.54) gimbal_deg=(6.74,1.36) armor_y_px=634.6 pixel_error_deg=(3.18,2.32) ballistic=(range=2.772m holdover=0.739m comp=14.63deg residual=-12.31deg) q_wxyz=(0.998203,0.000698,0.011863,-0.058740) cmd_deg=(8.50,-18.87) packed_pitch_deg=-18.87 control=true shoot=false
[DEBUG] armors=1, targets=1
[DEBUG] armors=1, targets=1
[DEBUG] armors=1, targets=1
[DEBUG] armors=1, targets=1
[DEBUG] armors=1, targets=1
[DEBUG] armors=1, targets=1
[DEBUG] armors=1, targets=1
[DEBUG] armors=1, targets=1
[DEBUG] armors=1, targets=1
[DEBUG] armors=1, targets=1
[DEBUG] armors=1, targets=1
[DEBUG] armors=1, targets=1
[DEBUG] armors=1, targets=1
[DEBUG] armors=1, targets=1
[DEBUG] armors=1, targets=1
[DEBUG] armors=1, targets=1
[DEBUG] armors=1, targets=1
[DEBUG] armors=1, targets=1
[DEBUG] armors=1, targets=1
[2026-09-05 14:06:58.902] [info] [SYNC][XUC] mode=0 yaw=-6.74 deg pitch=1.36 deg feeder_rpm=0.00 wheel0_rpm=0 wheel1_rpm=0 wheel_delta=0 projectile_speed=9.50
[DEBUG] armors=1, targets=1
[2026-09-05 14:06:58.915] [info] [DRYRUN] measured_gimbal=(2.758,-0.017,-0.056) measured_world=(2.738,0.306,-0.122) tracked_world=(2.750,0.308,-0.123) target_gimbal_deg=(-0.35,-1.17) target_world_deg=(6.38,-2.53) gimbal_deg=(6.74,1.36) armor_y_px=634.7 pixel_error_deg=(3.18,2.32) ballistic=(range=2.758m holdover=0.733m comp=14.58deg residual=-12.26deg) q_wxyz=(0.998203,0.000698,0.011863,-0.058740) cmd_deg=(8.50,-18.88) packed_pitch_deg=-18.88 control=true shoot=false
[2026-09-05 14:06:58.918] [info] [PERF] 总耗时=15.5ms (检测=12.5ms, 跟踪=0.5ms), FPS=64.4
[2026-09-05 14:06:58.918] [info] 📊 [CAMERA FPS] 瞬时帧率=64.2fps, 平均帧率=64.5fps, 总帧数=7400, 运行时间=114.8s
[DEBUG] armors=1, targets=1
[DEBUG] armors=1, targets=1
[DEBUG] armors=1, targets=1
[DEBUG] armors=1, targets=1
[DEBUG] armors=1, targets=1
[DEBUG] armors=1, targets=1
[DEBUG] armors=1, targets=1
[DEBUG] armors=1, targets=1
[DEBUG] armors=1, targets=1
[DEBUG] armors=1, targets=1
[DEBUG] armors=1, targets=1
[DEBUG] armors=1, targets=1
[DEBUG] armors=1, targets=1
[DEBUG] armors=1, targets=1
[DEBUG] armors=1, targets=1
[DEBUG] armors=1, targets=1
[DEBUG] armors=1, targets=1
[DEBUG] armors=1, targets=1
[DEBUG] armors=1, targets=1
[DEBUG] armors=1, targets=1
[2026-09-05 14:06:59.230] [info] [DRYRUN] measured_gimbal=(2.775,-0.017,-0.057) measured_world=(2.756,0.308,-0.123) tracked_world=(2.751,0.308,-0.123) target_gimbal_deg=(-0.35,-1.18) target_world_deg=(6.38,-2.54) gimbal_deg=(6.74,1.36) armor_y_px=634.7 pixel_error_deg=(3.18,2.32) ballistic=(range=2.775m holdover=0.740m comp=14.63deg residual=-12.31deg) q_wxyz=(0.998203,0.000698,0.011863,-0.058740) cmd_deg=(8.51,-18.98) packed_pitch_deg=-18.98 control=true shoot=false
[DEBUG] armors=1, targets=1
[DEBUG] armors=1, targets=1
[DEBUG] armors=1, targets=1
[DEBUG] armors=1, targets=1
[DEBUG] armors=1, targets=1
[DEBUG] armors=1, targets=1
[DEBUG] armors=1, targets=1
[DEBUG] armors=1, targets=1
[DEBUG] armors=1, targets=1
[DEBUG] armors=1, targets=1
[DEBUG] armors=1, targets=1
[DEBUG] armors=1, targets=1
[DEBUG] armors=1, targets=1
[DEBUG] armors=1, targets=1
[DEBUG] armors=1, targets=1
[DEBUG] armors=1, targets=1
[DEBUG] armors=1, targets=1
[DEBUG] armors=1, targets=1
[DEBUG] armors=1, targets=1
[DEBUG] armors=1, targets=1
[2026-09-05 14:06:59.545] [info] [DRYRUN] measured_gimbal=(2.757,-0.017,-0.056) measured_world=(2.738,0.306,-0.122) tracked_world=(2.751,0.308,-0.123) target_gimbal_deg=(-0.35,-1.17) target_world_deg=(6.38,-2.53) gimbal_deg=(6.74,1.36) armor_y_px=634.7 pixel_error_deg=(3.17,2.32) ballistic=(range=2.757m holdover=0.733m comp=14.58deg residual=-12.26deg) q_wxyz=(0.998203,0.000698,0.011863,-0.058740) cmd_deg=(8.51,-18.93) packed_pitch_deg=-18.93 control=true shoot=false
[DEBUG] armors=1, targets=1
[DEBUG] armors=1, targets=1
[DEBUG] armors=1, targets=1
[DEBUG] armors=1, targets=1
[DEBUG] armors=1, targets=1
[DEBUG] armors=1, targets=1
[DEBUG] armors=1, targets=1
[DEBUG] armors=1, targets=1
[DEBUG] armors=1, targets=1
[2026-09-05 14:06:59.690] [info] [SYNC][XUC] mode=0 yaw=-6.74 deg pitch=1.36 deg feeder_rpm=0.00 wheel0_rpm=0 wheel1_rpm=0 wheel_delta=0 projectile_speed=9.50
[DEBUG] armors=1, targets=1
[2026-09-05 14:06:59.706] [info] [PERF] 总耗时=16.0ms (检测=12.8ms, 跟踪=0.5ms), FPS=62.4
[2026-09-05 14:06:59.706] [info] 📊 [CAMERA FPS] 瞬时帧率=62.3fps, 平均帧率=64.5fps, 总帧数=7450, 运行时间=115.6s
[DEBUG] armors=1, targets=1
[DEBUG] armors=1, targets=1
[DEBUG] armors=1, targets=1
[DEBUG] armors=1, targets=1
[DEBUG] armors=1, targets=1
[DEBUG] armors=1, targets=1
[DEBUG] armors=1, targets=1
[DEBUG] armors=1, targets=1
[DEBUG] armors=1, targets=1
[DEBUG] armors=1, targets=1
[2026-09-05 14:06:59.858] [info] [DRYRUN] measured_gimbal=(2.761,-0.017,-0.056) measured_world=(2.742,0.307,-0.122) tracked_world=(2.753,0.308,-0.123) target_gimbal_deg=(-0.36,-1.17) target_world_deg=(6.38,-2.53) gimbal_deg=(6.74,1.36) armor_y_px=634.8 pixel_error_deg=(3.18,2.32) ballistic=(range=2.761m holdover=0.734m comp=14.59deg residual=-12.27deg) q_wxyz=(0.998203,0.000698,0.011863,-0.058740) cmd_deg=(8.50,-18.90) packed_pitch_deg=-18.90 control=true shoot=false
[DEBUG] armors=1, targets=1
[DEBUG] armors=1, targets=1
[DEBUG] armors=1, targets=1
[DEBUG] armors=1, targets=1
[DEBUG] armors=1, targets=1
[DEBUG] armors=1, targets=1
[DEBUG] armors=1, targets=1
[DEBUG] armors=1, targets=1
[DEBUG] armors=1, targets=1
[DEBUG] armors=1, targets=1
[DEBUG] armors=1, targets=1
[DEBUG] armors=1, targets=1
[DEBUG] armors=1, targets=1
[DEBUG] armors=1, targets=1
[DEBUG] armors=1, targets=1
[DEBUG] armors=1, targets=1
[DEBUG] armors=1, targets=1
[DEBUG] armors=1, targets=1
[DEBUG] armors=1, targets=1
[DEBUG] armors=1, targets=1
[2026-09-05 14:07:00.168] [info] [DRYRUN] measured_gimbal=(2.753,-0.017,-0.056) measured_world=(2.734,0.305,-0.121) tracked_world=(2.751,0.308,-0.122) target_gimbal_deg=(-0.36,-1.17) target_world_deg=(6.38,-2.53) gimbal_deg=(6.74,1.36) armor_y_px=634.7 pixel_error_deg=(3.18,2.32) ballistic=(range=2.753m holdover=0.731m comp=14.57deg residual=-12.24deg) q_wxyz=(0.998203,0.000698,0.011863,-0.058740) cmd_deg=(8.51,-18.91) packed_pitch_deg=-18.91 control=true shoot=false
[DEBUG] armors=1, targets=1
[DEBUG] armors=1, targets=1
[DEBUG] armors=1, targets=1
[DEBUG] armors=1, targets=1
[DEBUG] armors=1, targets=1
[DEBUG] armors=1, targets=1
[DEBUG] armors=1, targets=1
[DEBUG] armors=1, targets=1
[DEBUG] armors=1, targets=1
[DEBUG] armors=1, targets=1
[DEBUG] armors=1, targets=1
[DEBUG] armors=1, targets=1
[DEBUG] armors=1, targets=1
[DEBUG] armors=1, targets=1
[DEBUG] armors=1, targets=1
[DEBUG] armors=1, targets=1
[DEBUG] armors=1, targets=1
[DEBUG] armors=1, targets=1
[DEBUG] armors=1, targets=1
[2026-09-05 14:07:00.475] [info] [SYNC][XUC] mode=0 yaw=-6.74 deg pitch=1.36 deg feeder_rpm=0.00 wheel0_rpm=0 wheel1_rpm=0 wheel_delta=0 projectile_speed=9.50
[DEBUG] armors=1, targets=1
[2026-09-05 14:07:00.489] [info] [DRYRUN] measured_gimbal=(2.757,-0.017,-0.056) measured_world=(2.738,0.306,-0.122) tracked_world=(2.749,0.308,-0.122) target_gimbal_deg=(-0.35,-1.17) target_world_deg=(6.38,-2.53) gimbal_deg=(6.74,1.36) armor_y_px=634.7 pixel_error_deg=(3.17,2.32) ballistic=(range=2.757m holdover=0.733m comp=14.58deg residual=-12.26deg) q_wxyz=(0.998203,0.000698,0.011863,-0.058740) cmd_deg=(8.50,-18.89) packed_pitch_deg=-18.89 control=true shoot=false
[2026-09-05 14:07:00.491] [info] [PERF] 总耗时=15.6ms (检测=12.8ms, 跟踪=0.5ms), FPS=63.9
[2026-09-05 14:07:00.491] [info] 📊 [CAMERA FPS] 瞬时帧率=63.8fps, 平均帧率=64.5fps, 总帧数=7500, 运行时间=116.4s
[DEBUG] armors=1, targets=1
[DEBUG] armors=1, targets=1
[DEBUG] armors=1, targets=1
[DEBUG] armors=1, targets=1
[DEBUG] armors=1, targets=1
[DEBUG] armors=1, targets=1
[DEBUG] armors=1, targets=1
[DEBUG] armors=1, targets=1
[DEBUG] armors=1, targets=1
[DEBUG] armors=1, targets=1
[DEBUG] armors=1, targets=1
[DEBUG] armors=1, targets=1
[DEBUG] armors=1, targets=1
[DEBUG] armors=1, targets=1
[DEBUG] armors=1, targets=1
[DEBUG] armors=1, targets=1
[DEBUG] armors=1, targets=1
[DEBUG] armors=1, targets=1
[DEBUG] armors=1, targets=1
[DEBUG] armors=1, targets=1
[2026-09-05 14:07:00.800] [info] [DRYRUN] measured_gimbal=(2.774,-0.017,-0.057) measured_world=(2.754,0.308,-0.123) tracked_world=(2.750,0.308,-0.123) target_gimbal_deg=(-0.35,-1.17) target_world_deg=(6.39,-2.53) gimbal_deg=(6.74,1.36) armor_y_px=634.6 pixel_error_deg=(3.18,2.32) ballistic=(range=2.774m holdover=0.740m comp=14.63deg residual=-12.31deg) q_wxyz=(0.998203,0.000698,0.011863,-0.058740) cmd_deg=(8.50,-18.95) packed_pitch_deg=-18.95 control=true shoot=false
[DEBUG] armors=1, targets=1
[DEBUG] armors=1, targets=1
[DEBUG] armors=1, targets=1
[DEBUG] armors=1, targets=1
[DEBUG] armors=1, targets=1
[DEBUG] armors=1, targets=1
[DEBUG] armors=1, targets=1
[DEBUG] armors=1, targets=1
[DEBUG] armors=1, targets=1
[DEBUG] armors=1, targets=1
[DEBUG] armors=1, targets=1
[DEBUG] armors=1, targets=1
[DEBUG] armors=1, targets=1
[DEBUG] armors=1, targets=1
[DEBUG] armors=1, targets=1
[DEBUG] armors=1, targets=1
[DEBUG] armors=1, targets=1
[DEBUG] armors=1, targets=1
[DEBUG] armors=1, targets=1
[DEBUG] armors=1, targets=1
[2026-09-05 14:07:01.112] [info] [DRYRUN] measured_gimbal=(2.790,-0.017,-0.058) measured_world=(2.771,0.310,-0.124) tracked_world=(2.751,0.308,-0.123) target_gimbal_deg=(-0.34,-1.18) target_world_deg=(6.39,-2.54) gimbal_deg=(6.74,1.36) armor_y_px=634.7 pixel_error_deg=(3.18,2.32) ballistic=(range=2.790m holdover=0.747m comp=14.68deg residual=-12.36deg) q_wxyz=(0.998203,0.000698,0.011863,-0.058740) cmd_deg=(8.50,-18.97) packed_pitch_deg=-18.97 control=true shoot=false
[DEBUG] armors=1, targets=1
[DEBUG] armors=1, targets=1
[DEBUG] armors=1, targets=1
[DEBUG] armors=1, targets=1
[DEBUG] armors=1, targets=1
[DEBUG] armors=1, targets=1
[DEBUG] armors=1, targets=1
[DEBUG] armors=1, targets=1
[DEBUG] armors=1, targets=1
[2026-09-05 14:07:01.256] [info] [SYNC][XUC] mode=0 yaw=-6.74 deg pitch=1.36 deg feeder_rpm=0.00 wheel0_rpm=0 wheel1_rpm=0 wheel_delta=0 projectile_speed=9.50
[DEBUG] armors=1, targets=1
[2026-09-05 14:07:01.272] [info] [PERF] 总耗时=15.6ms (检测=13.0ms, 跟踪=0.5ms), FPS=64.3
[2026-09-05 14:07:01.272] [info] 📊 [CAMERA FPS] 瞬时帧率=64.1fps, 平均帧率=64.4fps, 总帧数=7550, 运行时间=117.1s
[DEBUG] armors=1, targets=1
[DEBUG] armors=1, targets=1
[DEBUG] armors=1, targets=1
[DEBUG] armors=1, targets=1
[DEBUG] armors=1, targets=1
[DEBUG] armors=1, targets=1
[DEBUG] armors=1, targets=1
[DEBUG] armors=1, targets=1
[DEBUG] armors=1, targets=1
[DEBUG] armors=1, targets=1
[2026-09-05 14:07:01.427] [info] [DRYRUN] measured_gimbal=(2.806,-0.017,-0.058) measured_world=(2.787,0.312,-0.125) tracked_world=(2.755,0.308,-0.123) target_gimbal_deg=(-0.34,-1.19) target_world_deg=(6.39,-2.55) gimbal_deg=(6.74,1.36) armor_y_px=634.6 pixel_error_deg=(3.18,2.32) ballistic=(range=2.806m holdover=0.753m comp=14.73deg residual=-12.41deg) q_wxyz=(0.998203,0.000698,0.011863,-0.058740) cmd_deg=(8.50,-19.02) packed_pitch_deg=-19.02 control=true shoot=false
[DEBUG] armors=1, targets=1
[DEBUG] armors=1, targets=1
[DEBUG] armors=1, targets=1
[DEBUG] armors=1, targets=1
[DEBUG] armors=1, targets=1
[DEBUG] armors=1, targets=1
[DEBUG] armors=1, targets=1
[DEBUG] armors=1, targets=1
[DEBUG] armors=1, targets=1
[DEBUG] armors=1, targets=1
[DEBUG] armors=1, targets=1
[DEBUG] armors=1, targets=1
[DEBUG] armors=1, targets=1
[DEBUG] armors=1, targets=1
[DEBUG] armors=1, targets=1
[DEBUG] armors=1, targets=1
[DEBUG] armors=1, targets=1
[DEBUG] armors=1, targets=1
[DEBUG] armors=1, targets=1
[DEBUG] armors=1, targets=1
[2026-09-05 14:07:01.743] [info] [DRYRUN] measured_gimbal=(2.773,-0.017,-0.057) measured_world=(2.753,0.308,-0.122) tracked_world=(2.754,0.308,-0.123) target_gimbal_deg=(-0.35,-1.17) target_world_deg=(6.38,-2.53) gimbal_deg=(6.74,1.36) armor_y_px=634.5 pixel_error_deg=(3.18,2.32) ballistic=(range=2.773m holdover=0.739m comp=14.63deg residual=-12.31deg) q_wxyz=(0.998203,0.000698,0.011863,-0.058740) cmd_deg=(8.50,-18.93) packed_pitch_deg=-18.93 control=true shoot=false
[DEBUG] armors=1, targets=1
[DEBUG] armors=1, targets=1
[DEBUG] armors=1, targets=1
[DEBUG] armors=1, targets=1
[DEBUG] armors=1, targets=1
[DEBUG] armors=1, targets=1
[DEBUG] armors=1, targets=1
[DEBUG] armors=1, targets=1
[DEBUG] armors=1, targets=1
[DEBUG] armors=1, targets=1
[DEBUG] armors=1, targets=1
[DEBUG] armors=1, targets=1
[DEBUG] armors=1, targets=1
[DEBUG] armors=1, targets=1
[DEBUG] armors=1, targets=1
[DEBUG] armors=1, targets=1
[DEBUG] armors=1, targets=1
[DEBUG] armors=1, targets=1
[DEBUG] armors=1, targets=1
[2026-09-05 14:07:02.046] [info] [SYNC][XUC] mode=0 yaw=-6.74 deg pitch=1.36 deg feeder_rpm=0.00 wheel0_rpm=0 wheel1_rpm=0 wheel_delta=0 projectile_speed=9.50
[DEBUG] armors=1, targets=1
[2026-09-05 14:07:02.059] [info] [DRYRUN] measured_gimbal=(2.804,-0.017,-0.058) measured_world=(2.784,0.312,-0.125) tracked_world=(2.756,0.309,-0.123) target_gimbal_deg=(-0.34,-1.19) target_world_deg=(6.40,-2.55) gimbal_deg=(6.74,1.36) armor_y_px=634.6 pixel_error_deg=(3.17,2.32) ballistic=(range=2.804m holdover=0.752m comp=14.72deg residual=-12.40deg) q_wxyz=(0.998203,0.000698,0.011863,-0.058740) cmd_deg=(8.50,-19.04) packed_pitch_deg=-19.04 control=true shoot=false
[2026-09-05 14:07:02.061] [info] [PERF] 总耗时=15.7ms (检测=12.8ms, 跟踪=0.5ms), FPS=63.7
[2026-09-05 14:07:02.061] [info] 📊 [CAMERA FPS] 瞬时帧率=63.6fps, 平均帧率=64.4fps, 总帧数=7600, 运行时间=117.9s
[DEBUG] armors=1, targets=1
[DEBUG] armors=1, targets=1
[DEBUG] armors=1, targets=1
[DEBUG] armors=1, targets=1
[DEBUG] armors=1, targets=1
[DEBUG] armors=1, targets=1
[DEBUG] armors=1, targets=1
[DEBUG] armors=1, targets=1
[DEBUG] armors=1, targets=1
[DEBUG] armors=1, targets=1
[DEBUG] armors=1, targets=1
[DEBUG] armors=1, targets=1
[DEBUG] armors=1, targets=1
[DEBUG] armors=1, targets=1
[DEBUG] armors=1, targets=1
[DEBUG] armors=1, targets=1
[DEBUG] armors=1, targets=1
[DEBUG] armors=1, targets=1
[DEBUG] armors=1, targets=1
[DEBUG] armors=1, targets=1
[2026-09-05 14:07:02.369] [info] [DRYRUN] measured_gimbal=(2.726,-0.017,-0.055) measured_world=(2.707,0.302,-0.119) tracked_world=(2.756,0.308,-0.123) target_gimbal_deg=(-0.37,-1.15) target_world_deg=(6.37,-2.51) gimbal_deg=(6.74,1.36) armor_y_px=634.6 pixel_error_deg=(3.18,2.32) ballistic=(range=2.726m holdover=0.720m comp=14.49deg residual=-12.17deg) q_wxyz=(0.998203,0.000698,0.011863,-0.058740) cmd_deg=(8.49,-18.79) packed_pitch_deg=-18.79 control=true shoot=false
[DEBUG] armors=1, targets=1
[DEBUG] armors=1, targets=1
[DEBUG] armors=1, targets=1
[DEBUG] armors=1, targets=1
[DEBUG] armors=1, targets=1
[DEBUG] armors=1, targets=1
[DEBUG] armors=1, targets=1
[DEBUG] armors=1, targets=1
[DEBUG] armors=1, targets=1
[DEBUG] armors=1, targets=1
[DEBUG] armors=1, targets=1
[DEBUG] armors=1, targets=1
[DEBUG] armors=1, targets=1
[DEBUG] armors=1, targets=1
[DEBUG] armors=1, targets=1
[DEBUG] armors=1, targets=1
[DEBUG] armors=1, targets=1
[DEBUG] armors=1, targets=1
[DEBUG] armors=1, targets=1
[DEBUG] armors=1, targets=1
[2026-09-05 14:07:02.682] [info] [DRYRUN] measured_gimbal=(2.764,-0.017,-0.056) measured_world=(2.745,0.307,-0.122) tracked_world=(2.755,0.308,-0.123) target_gimbal_deg=(-0.35,-1.16) target_world_deg=(6.38,-2.52) gimbal_deg=(6.74,1.36) armor_y_px=634.4 pixel_error_deg=(3.18,2.31) ballistic=(range=2.764m holdover=0.736m comp=14.60deg residual=-12.29deg) q_wxyz=(0.998203,0.000698,0.011863,-0.058740) cmd_deg=(8.51,-18.91) packed_pitch_deg=-18.91 control=true shoot=false
[DEBUG] armors=1, targets=1
[DEBUG] armors=1, targets=1
[DEBUG] armors=1, targets=1
[DEBUG] armors=1, targets=1
[DEBUG] armors=1, targets=1
[DEBUG] armors=1, targets=1
[DEBUG] armors=1, targets=1
[DEBUG] armors=1, targets=1
[DEBUG] armors=1, targets=1
[2026-09-05 14:07:02.824] [info] [SYNC][XUC] mode=0 yaw=-6.74 deg pitch=1.36 deg feeder_rpm=-4.00 wheel0_rpm=0 wheel1_rpm=0 wheel_delta=0 projectile_speed=9.50
[DEBUG] armors=1, targets=1
[2026-09-05 14:07:02.841] [info] [PERF] 总耗时=17.0ms (检测=14.2ms, 跟踪=0.5ms), FPS=58.9
[2026-09-05 14:07:02.841] [info] 📊 [CAMERA FPS] 瞬时帧率=58.8fps, 平均帧率=64.4fps, 总帧数=7650, 运行时间=118.7s
[DEBUG] armors=1, targets=1
[DEBUG] armors=1, targets=1
[DEBUG] armors=1, targets=1
[DEBUG] armors=1, targets=1
[DEBUG] armors=1, targets=1
[DEBUG] armors=1, targets=1
[DEBUG] armors=1, targets=1
[DEBUG] armors=1, targets=1
[DEBUG] armors=1, targets=1
[DEBUG] armors=1, targets=1
[2026-09-05 14:07:02.998] [info] [DRYRUN] measured_gimbal=(2.773,-0.017,-0.057) measured_world=(2.754,0.308,-0.123) tracked_world=(2.751,0.308,-0.122) target_gimbal_deg=(-0.36,-1.18) target_world_deg=(6.38,-2.54) gimbal_deg=(6.74,1.36) armor_y_px=634.7 pixel_error_deg=(3.18,2.32) ballistic=(range=2.773m holdover=0.739m comp=14.63deg residual=-12.31deg) q_wxyz=(0.998203,0.000698,0.011863,-0.058740) cmd_deg=(8.50,-18.92) packed_pitch_deg=-18.92 control=true shoot=false
[DEBUG] armors=1, targets=1
[DEBUG] armors=1, targets=1
[DEBUG] armors=1, targets=1
[DEBUG] armors=1, targets=1
[DEBUG] armors=1, targets=1
[DEBUG] armors=1, targets=1
[DEBUG] armors=1, targets=1
[DEBUG] armors=1, targets=1
[DEBUG] armors=1, targets=1
[DEBUG] armors=1, targets=1
[DEBUG] armors=1, targets=1
[DEBUG] armors=1, targets=1
[DEBUG] armors=1, targets=1
[DEBUG] armors=1, targets=1
[DEBUG] armors=1, targets=1
[DEBUG] armors=1, targets=1
[DEBUG] armors=1, targets=1
[DEBUG] armors=1, targets=1
[DEBUG] armors=1, targets=1
[DEBUG] armors=1, targets=1
[2026-09-05 14:07:03.314] [info] [DRYRUN] measured_gimbal=(2.752,-0.017,-0.056) measured_world=(2.732,0.305,-0.121) tracked_world=(2.753,0.308,-0.123) target_gimbal_deg=(-0.36,-1.16) target_world_deg=(6.38,-2.52) gimbal_deg=(6.74,1.36) armor_y_px=634.6 pixel_error_deg=(3.18,2.32) ballistic=(range=2.752m holdover=0.730m comp=14.56deg residual=-12.24deg) q_wxyz=(0.998203,0.000698,0.011863,-0.058740) cmd_deg=(8.51,-18.90) packed_pitch_deg=-18.90 control=true shoot=false
[DEBUG] armors=1, targets=1
[DEBUG] armors=1, targets=1
[DEBUG] armors=1, targets=1
[DEBUG] armors=1, targets=1
[DEBUG] armors=1, targets=1
[DEBUG] armors=1, targets=1
[DEBUG] armors=1, targets=1
[DEBUG] armors=1, targets=1
[DEBUG] armors=1, targets=1
[DEBUG] armors=1, targets=1
[DEBUG] armors=1, targets=1
[DEBUG] armors=1, targets=1
[DEBUG] armors=1, targets=1
[DEBUG] armors=1, targets=1
[DEBUG] armors=1, targets=1
[DEBUG] armors=1, targets=1
[DEBUG] armors=1, targets=1
[DEBUG] armors=1, targets=1
[DEBUG] armors=1, targets=1
[2026-09-05 14:07:03.616] [info] [SYNC][XUC] mode=0 yaw=-6.74 deg pitch=1.36 deg feeder_rpm=0.00 wheel0_rpm=0 wheel1_rpm=0 wheel_delta=0 projectile_speed=9.50
[DEBUG] armors=1, targets=1
[2026-09-05 14:07:03.629] [info] [DRYRUN] measured_gimbal=(2.795,-0.017,-0.058) measured_world=(2.775,0.311,-0.124) tracked_world=(2.753,0.308,-0.123) target_gimbal_deg=(-0.34,-1.18) target_world_deg=(6.39,-2.54) gimbal_deg=(6.74,1.36) armor_y_px=634.6 pixel_error_deg=(3.18,2.32) ballistic=(range=2.795m holdover=0.749m comp=14.69deg residual=-12.37deg) q_wxyz=(0.998203,0.000698,0.011863,-0.058740) cmd_deg=(8.49,-18.90) packed_pitch_deg=-18.90 control=true shoot=false
[2026-09-05 14:07:03.631] [info] [PERF] 总耗时=15.7ms (检测=12.9ms, 跟踪=0.5ms), FPS=63.7
[2026-09-05 14:07:03.631] [info] 📊 [CAMERA FPS] 瞬时帧率=63.6fps, 平均帧率=64.4fps, 总帧数=7700, 运行时间=119.5s
[DEBUG] armors=1, targets=1
[DEBUG] armors=1, targets=1
[DEBUG] armors=1, targets=1
[DEBUG] armors=1, targets=1
[DEBUG] armors=1, targets=1
[DEBUG] armors=1, targets=1
[DEBUG] armors=1, targets=1
[DEBUG] armors=1, targets=1
[DEBUG] armors=1, targets=1
[DEBUG] armors=1, targets=1
[DEBUG] armors=1, targets=1
[DEBUG] armors=1, targets=1
[DEBUG] armors=1, targets=1
[DEBUG] armors=1, targets=1
[DEBUG] armors=1, targets=1
[DEBUG] armors=1, targets=1
[DEBUG] armors=1, targets=1
[DEBUG] armors=1, targets=1
[DEBUG] armors=1, targets=1
[DEBUG] armors=1, targets=1
[2026-09-05 14:07:03.941] [info] [DRYRUN] measured_gimbal=(2.788,-0.017,-0.058) measured_world=(2.769,0.310,-0.124) tracked_world=(2.750,0.308,-0.122) target_gimbal_deg=(-0.35,-1.18) target_world_deg=(6.39,-2.55) gimbal_deg=(6.74,1.36) armor_y_px=634.8 pixel_error_deg=(3.18,2.32) ballistic=(range=2.788m holdover=0.746m comp=14.67deg residual=-12.35deg) q_wxyz=(0.998203,0.000698,0.011863,-0.058740) cmd_deg=(8.50,-18.96) packed_pitch_deg=-18.96 control=true shoot=false
[DEBUG] armors=1, targets=1
[DEBUG] armors=1, targets=1
[DEBUG] armors=1, targets=1
[DEBUG] armors=1, targets=1
[DEBUG] armors=1, targets=1
[DEBUG] armors=1, targets=1
[DEBUG] armors=1, targets=1
[DEBUG] armors=1, targets=1
[DEBUG] armors=1, targets=1
[DEBUG] armors=1, targets=1
[DEBUG] armors=1, targets=1
[DEBUG] armors=1, targets=1
[DEBUG] armors=1, targets=1
[DEBUG] armors=1, targets=1
[DEBUG] armors=1, targets=1
[DEBUG] armors=1, targets=1
[DEBUG] armors=1, targets=1
[DEBUG] armors=1, targets=1
[DEBUG] armors=1, targets=1
[DEBUG] armors=1, targets=1
[2026-09-05 14:07:04.256] [info] [DRYRUN] measured_gimbal=(2.764,-0.017,-0.056) measured_world=(2.745,0.307,-0.122) tracked_world=(2.747,0.307,-0.122) target_gimbal_deg=(-0.36,-1.17) target_world_deg=(6.38,-2.53) gimbal_deg=(6.74,1.36) armor_y_px=634.6 pixel_error_deg=(3.18,2.32) ballistic=(range=2.764m holdover=0.736m comp=14.60deg residual=-12.28deg) q_wxyz=(0.998203,0.000698,0.011863,-0.058740) cmd_deg=(8.50,-18.91) packed_pitch_deg=-18.91 control=true shoot=false
[DEBUG] armors=1, targets=1
[DEBUG] armors=1, targets=1
[DEBUG] armors=1, targets=1
[DEBUG] armors=1, targets=1
[DEBUG] armors=1, targets=1
[DEBUG] armors=1, targets=1
[DEBUG] armors=1, targets=1
[DEBUG] armors=1, targets=1
[DEBUG] armors=1, targets=1
[2026-09-05 14:07:04.395] [info] [SYNC][XUC] mode=0 yaw=-6.74 deg pitch=1.36 deg feeder_rpm=0.00 wheel0_rpm=0 wheel1_rpm=0 wheel_delta=0 projectile_speed=9.50
[DEBUG] armors=1, targets=1
[2026-09-05 14:07:04.410] [info] [PERF] 总耗时=15.2ms (检测=12.4ms, 跟踪=0.5ms), FPS=65.9
[2026-09-05 14:07:04.410] [info] 📊 [CAMERA FPS] 瞬时帧率=65.8fps, 平均帧率=64.4fps, 总帧数=7750, 运行时间=120.3s
[DEBUG] armors=1, targets=1
[DEBUG] armors=1, targets=1
[DEBUG] armors=1, targets=1
[DEBUG] armors=1, targets=1
[DEBUG] armors=1, targets=1
[DEBUG] armors=1, targets=1
[DEBUG] armors=1, targets=1
[DEBUG] armors=1, targets=1
[DEBUG] armors=1, targets=1
[DEBUG] armors=1, targets=1
[2026-09-05 14:07:04.560] [info] [DRYRUN] measured_gimbal=(2.767,-0.017,-0.057) measured_world=(2.748,0.308,-0.123) tracked_world=(2.745,0.307,-0.122) target_gimbal_deg=(-0.35,-1.18) target_world_deg=(6.39,-2.54) gimbal_deg=(6.74,1.36) armor_y_px=635.0 pixel_error_deg=(3.18,2.33) ballistic=(range=2.767m holdover=0.737m comp=14.61deg residual=-12.28deg) q_wxyz=(0.998203,0.000698,0.011863,-0.058740) cmd_deg=(8.50,-18.90) packed_pitch_deg=-18.90 control=true shoot=false
[DEBUG] armors=1, targets=1
[DEBUG] armors=1, targets=1
[DEBUG] armors=1, targets=1
[DEBUG] armors=1, targets=1
[DEBUG] armors=1, targets=1
[DEBUG] armors=1, targets=1
[DEBUG] armors=1, targets=1
[DEBUG] armors=1, targets=1
[DEBUG] armors=1, targets=1
[DEBUG] armors=1, targets=1
[DEBUG] armors=1, targets=1
[DEBUG] armors=1, targets=1
[DEBUG] armors=1, targets=1
[DEBUG] armors=1, targets=1
[DEBUG] armors=1, targets=1
[DEBUG] armors=1, targets=1
[DEBUG] armors=1, targets=1
[DEBUG] armors=1, targets=1
[DEBUG] armors=1, targets=1
[DEBUG] armors=1, targets=1
[2026-09-05 14:07:04.869] [info] [DRYRUN] measured_gimbal=(2.768,-0.017,-0.057) measured_world=(2.749,0.307,-0.122) tracked_world=(2.746,0.307,-0.122) target_gimbal_deg=(-0.35,-1.17) target_world_deg=(6.38,-2.53) gimbal_deg=(6.74,1.36) armor_y_px=634.6 pixel_error_deg=(3.18,2.32) ballistic=(range=2.769m holdover=0.738m comp=14.61deg residual=-12.29deg) q_wxyz=(0.998203,0.000698,0.011863,-0.058740) cmd_deg=(8.51,-18.92) packed_pitch_deg=-18.92 control=true shoot=false
[DEBUG] armors=1, targets=1
[DEBUG] armors=1, targets=1
[DEBUG] armors=1, targets=1
[DEBUG] armors=1, targets=1
[DEBUG] armors=1, targets=1
[DEBUG] armors=1, targets=1
[DEBUG] armors=1, targets=1
[DEBUG] armors=1, targets=1
[DEBUG] armors=1, targets=1
[DEBUG] armors=1, targets=1
[DEBUG] armors=1, targets=1
[DEBUG] armors=1, targets=1
[DEBUG] armors=1, targets=1
[DEBUG] armors=1, targets=1
[DEBUG] armors=1, targets=1
[DEBUG] armors=1, targets=1
[DEBUG] armors=1, targets=1
[DEBUG] armors=1, targets=1
[DEBUG] armors=1, targets=1
[2026-09-05 14:07:05.168] [info] [SYNC][XUC] mode=0 yaw=-6.74 deg pitch=1.36 deg feeder_rpm=0.00 wheel0_rpm=0 wheel1_rpm=0 wheel_delta=0 projectile_speed=9.50
[DEBUG] armors=1, targets=1
[2026-09-05 14:07:05.182] [info] [DRYRUN] measured_gimbal=(2.733,-0.017,-0.055) measured_world=(2.714,0.303,-0.120) tracked_world=(2.743,0.307,-0.122) target_gimbal_deg=(-0.37,-1.16) target_world_deg=(6.37,-2.52) gimbal_deg=(6.74,1.36) armor_y_px=634.9 pixel_error_deg=(3.18,2.33) ballistic=(range=2.733m holdover=0.723m comp=14.51deg residual=-12.18deg) q_wxyz=(0.998203,0.000698,0.011863,-0.058740) cmd_deg=(8.50,-18.82) packed_pitch_deg=-18.82 control=true shoot=false
[2026-09-05 14:07:05.184] [info] [PERF] 总耗时=15.8ms (检测=12.9ms, 跟踪=0.5ms), FPS=63.1
[2026-09-05 14:07:05.184] [info] 📊 [CAMERA FPS] 瞬时帧率=63.0fps, 平均帧率=64.4fps, 总帧数=7800, 运行时间=121.1s
[DEBUG] armors=1, targets=1
[DEBUG] armors=1, targets=1
[DEBUG] armors=1, targets=1
[DEBUG] armors=1, targets=1
[DEBUG] armors=1, targets=1
[DEBUG] armors=1, targets=1
[DEBUG] armors=1, targets=1
[DEBUG] armors=1, targets=1
[DEBUG] armors=1, targets=1
[DEBUG] armors=1, targets=1
[DEBUG] armors=1, targets=1
[DEBUG] armors=1, targets=1
[DEBUG] armors=1, targets=1
[DEBUG] armors=1, targets=1
[DEBUG] armors=1, targets=1
[DEBUG] armors=1, targets=1
[DEBUG] armors=1, targets=1
[DEBUG] armors=1, targets=1
[DEBUG] armors=1, targets=1
[DEBUG] armors=1, targets=1
[2026-09-05 14:07:05.493] [info] [DRYRUN] measured_gimbal=(2.784,-0.017,-0.057) measured_world=(2.764,0.309,-0.124) tracked_world=(2.748,0.307,-0.123) target_gimbal_deg=(-0.35,-1.18) target_world_deg=(6.38,-2.54) gimbal_deg=(6.74,1.36) armor_y_px=634.8 pixel_error_deg=(3.18,2.32) ballistic=(range=2.784m holdover=0.744m comp=14.66deg residual=-12.34deg) q_wxyz=(0.998203,0.000698,0.011863,-0.058740) cmd_deg=(8.51,-18.95) packed_pitch_deg=-18.95 control=true shoot=false
[DEBUG] armors=1, targets=1
[DEBUG] armors=1, targets=1
[DEBUG] armors=1, targets=1
[DEBUG] armors=1, targets=1
[DEBUG] armors=1, targets=1
[DEBUG] armors=1, targets=1
[DEBUG] armors=1, targets=1
[DEBUG] armors=1, targets=1
[DEBUG] armors=1, targets=1
[DEBUG] armors=1, targets=1
[DEBUG] armors=1, targets=1
[DEBUG] armors=1, targets=1
[DEBUG] armors=1, targets=1
[DEBUG] armors=1, targets=1
[DEBUG] armors=1, targets=1
[DEBUG] armors=1, targets=1
[DEBUG] armors=1, targets=1
[DEBUG] armors=1, targets=1
[DEBUG] armors=1, targets=1
[DEBUG] armors=1, targets=1
[2026-09-05 14:07:05.805] [info] [DRYRUN] measured_gimbal=(2.777,-0.017,-0.057) measured_world=(2.758,0.309,-0.123) tracked_world=(2.754,0.308,-0.123) target_gimbal_deg=(-0.35,-1.18) target_world_deg=(6.39,-2.54) gimbal_deg=(6.74,1.36) armor_y_px=634.7 pixel_error_deg=(3.18,2.32) ballistic=(range=2.777m holdover=0.741m comp=14.64deg residual=-12.32deg) q_wxyz=(0.998203,0.000698,0.011863,-0.058740) cmd_deg=(8.50,-18.95) packed_pitch_deg=-18.95 control=true shoot=false
[DEBUG] armors=1, targets=1
[DEBUG] armors=1, targets=1
[DEBUG] armors=1, targets=1
[DEBUG] armors=1, targets=1
[DEBUG] armors=1, targets=1
[DEBUG] armors=1, targets=1
[DEBUG] armors=1, targets=1
[DEBUG] armors=1, targets=1
[DEBUG] armors=1, targets=1
[2026-09-05 14:07:05.945] [info] [SYNC][XUC] mode=0 yaw=-6.74 deg pitch=1.36 deg feeder_rpm=0.00 wheel0_rpm=0 wheel1_rpm=0 wheel_delta=0 projectile_speed=9.50
[DEBUG] armors=1, targets=1
[2026-09-05 14:07:05.960] [info] [PERF] 总耗时=15.2ms (检测=12.5ms, 跟踪=0.5ms), FPS=65.9
[2026-09-05 14:07:05.960] [info] 📊 [CAMERA FPS] 瞬时帧率=65.8fps, 平均帧率=64.4fps, 总帧数=7850, 运行时间=121.8s
[DEBUG] armors=1, targets=1
[DEBUG] armors=1, targets=1
[DEBUG] armors=1, targets=1
[DEBUG] armors=1, targets=1
[DEBUG] armors=1, targets=1
[2026-09-05 14:07:06.038] [info] Switch to auto_aim
[DEBUG] armors=1, targets=1
[DEBUG] armors=1, targets=1
[DEBUG] armors=1, targets=1
[DEBUG] armors=1, targets=1
[2026-09-05 14:07:06.100] [info] [SYNC][XUC] mode=1 yaw=-7.34 deg pitch=1.22 deg feeder_rpm=0.00 wheel0_rpm=1820 wheel1_rpm=1920 wheel_delta=-100 projectile_speed=9.50
[DEBUG] armors=0, targets=1
[DEBUG] armors=1, targets=1
[DEBUG] armors=1, targets=1
[DEBUG] armors=1, targets=1
[DEBUG] armors=1, targets=1
[2026-09-05 14:07:06.177] [info] [SYNC][XUC] mode=1 yaw=-7.63 deg pitch=-1.17 deg feeder_rpm=0.00 wheel0_rpm=2760 wheel1_rpm=2920 wheel_delta=-160 projectile_speed=9.50
[DEBUG] armors=0, targets=1
[DEBUG] armors=1, targets=1
[DEBUG] armors=1, targets=1
[DEBUG] armors=1, targets=1
[DEBUG] armors=1, targets=1
[2026-09-05 14:07:06.257] [info] [SYNC][XUC] mode=1 yaw=-7.73 deg pitch=-5.47 deg feeder_rpm=-4.00 wheel0_rpm=2980 wheel1_rpm=3140 wheel_delta=-160 projectile_speed=9.50
[DEBUG] armors=0, targets=1
[DEBUG] armors=0, targets=1
[DEBUG] armors=1, targets=1
[DEBUG] armors=0, targets=1
[DEBUG] armors=0, targets=1
[2026-09-05 14:07:06.331] [info] [SYNC][XUC] mode=1 yaw=-7.78 deg pitch=-8.48 deg feeder_rpm=0.00 wheel0_rpm=3040 wheel1_rpm=3140 wheel_delta=-100 projectile_speed=9.50
[DEBUG] armors=0, targets=1
[DEBUG] armors=0, targets=1
[DEBUG] armors=0, targets=1
[DEBUG] armors=0, targets=1
[DEBUG] armors=0, targets=1
[2026-09-05 14:07:06.408] [info] [SYNC][XUC] mode=1 yaw=-7.81 deg pitch=-10.70 deg feeder_rpm=0.00 wheel0_rpm=3060 wheel1_rpm=3140 wheel_delta=-80 projectile_speed=9.50
[DEBUG] armors=0, targets=1
[DEBUG] armors=0, targets=1
[DEBUG] armors=0, targets=1
[DEBUG] armors=0, targets=1
[DEBUG] armors=0, targets=1
[2026-09-05 14:07:06.481] [warning] [XUC][PITCH] visual loss: control stopped, pitch state retained
[2026-09-05 14:07:06.484] [info] [SYNC][XUC] mode=1 yaw=-7.83 deg pitch=-12.12 deg feeder_rpm=0.00 wheel0_rpm=3080 wheel1_rpm=3180 wheel_delta=-100 projectile_speed=9.50
[DEBUG] armors=0, targets=1
[DEBUG] armors=0, targets=1
[DEBUG] armors=0, targets=1
[DEBUG] armors=0, targets=1
[DEBUG] armors=0, targets=1
[2026-09-05 14:07:06.558] [info] [SYNC][XUC] mode=1 yaw=-7.84 deg pitch=-12.96 deg feeder_rpm=0.00 wheel0_rpm=3120 wheel1_rpm=3160 wheel_delta=-40 projectile_speed=9.50
[DEBUG] armors=0, targets=1
[DEBUG] armors=0, targets=1
[DEBUG] armors=0, targets=1
[2026-09-05 14:07:06.601] [warning] [XUC][YAW] visual loss: control stopped, yaw state retained
[DEBUG] armors=0, targets=1
[DEBUG] armors=0, targets=1
[2026-09-05 14:07:06.636] [info] [SYNC][XUC] mode=1 yaw=-7.84 deg pitch=-13.49 deg feeder_rpm=0.00 wheel0_rpm=3080 wheel1_rpm=3160 wheel_delta=-80 projectile_speed=9.50
[DEBUG] armors=0, targets=1
[DEBUG] armors=0, targets=1
[DEBUG] armors=0, targets=1
[DEBUG] armors=0, targets=1
[DEBUG] armors=0, targets=1
[2026-09-05 14:07:06.714] [info] [SYNC][XUC] mode=1 yaw=-7.85 deg pitch=-13.87 deg feeder_rpm=0.00 wheel0_rpm=3080 wheel1_rpm=3140 wheel_delta=-60 projectile_speed=9.50
[DEBUG] armors=0, targets=1
[2026-09-05 14:07:06.730] [info] [PERF] 总耗时=15.3ms (检测=13.0ms, 跟踪=0.0ms), FPS=65.2
[2026-09-05 14:07:06.730] [info] 📊 [CAMERA FPS] 瞬时帧率=65.1fps, 平均帧率=64.4fps, 总帧数=7900, 运行时间=122.6s
[DEBUG] armors=0, targets=1
[DEBUG] armors=0, targets=1
[DEBUG] armors=0, targets=1
[DEBUG] armors=0, targets=1
[2026-09-05 14:07:06.791] [info] [SYNC][XUC] mode=1 yaw=-7.84 deg pitch=-13.89 deg feeder_rpm=0.00 wheel0_rpm=3060 wheel1_rpm=3160 wheel_delta=-100 projectile_speed=9.50
[DEBUG] armors=0, targets=1
[DEBUG] armors=0, targets=1
[DEBUG] armors=0, targets=1
[DEBUG] armors=0, targets=1
[DEBUG] armors=0, targets=1
[2026-09-05 14:07:06.867] [info] [SYNC][XUC] mode=1 yaw=-7.83 deg pitch=-13.90 deg feeder_rpm=0.00 wheel0_rpm=3080 wheel1_rpm=3140 wheel_delta=-60 projectile_speed=9.50
[DEBUG] armors=0, targets=1
[DEBUG] armors=0, targets=1
[DEBUG] armors=0, targets=1
[DEBUG] armors=0, targets=1
[DEBUG] armors=0, targets=1
[2026-09-05 14:07:06.942] [info] [SYNC][XUC] mode=1 yaw=-7.83 deg pitch=-13.90 deg feeder_rpm=0.00 wheel0_rpm=3120 wheel1_rpm=3140 wheel_delta=-20 projectile_speed=9.50
[DEBUG] armors=0, targets=1
[DEBUG] armors=0, targets=1
[DEBUG] armors=0, targets=1
[DEBUG] armors=0, targets=1
[DEBUG] armors=0, targets=1
[2026-09-05 14:07:07.017] [info] [SYNC][XUC] mode=1 yaw=-7.83 deg pitch=-13.90 deg feeder_rpm=0.00 wheel0_rpm=3020 wheel1_rpm=3180 wheel_delta=-160 projectile_speed=9.50
[DEBUG] armors=0, targets=1
[DEBUG] armors=0, targets=1
[DEBUG] armors=0, targets=1
[DEBUG] armors=0, targets=1
[DEBUG] armors=0, targets=1
[2026-09-05 14:07:07.094] [info] [SYNC][XUC] mode=1 yaw=-7.84 deg pitch=-13.91 deg feeder_rpm=0.00 wheel0_rpm=3080 wheel1_rpm=3140 wheel_delta=-60 projectile_speed=9.50
[DEBUG] armors=0, targets=1
[DEBUG] armors=0, targets=1
[DEBUG] armors=0, targets=1
[DEBUG] armors=0, targets=1
[DEBUG] armors=0, targets=1
[2026-09-05 14:07:07.171] [info] [SYNC][XUC] mode=1 yaw=-7.83 deg pitch=-13.91 deg feeder_rpm=-4.00 wheel0_rpm=3080 wheel1_rpm=3120 wheel_delta=-40 projectile_speed=9.50
[DEBUG] armors=0, targets=1
[DEBUG] armors=0, targets=1
[DEBUG] armors=0, targets=1
[DEBUG] armors=0, targets=1
[DEBUG] armors=0, targets=1
[2026-09-05 14:07:07.246] [info] [SYNC][XUC] mode=1 yaw=-7.83 deg pitch=-13.92 deg feeder_rpm=0.00 wheel0_rpm=3060 wheel1_rpm=3160 wheel_delta=-100 projectile_speed=9.50
[DEBUG] armors=0, targets=1
[DEBUG] armors=0, targets=1
[DEBUG] armors=0, targets=1
[DEBUG] armors=0, targets=1
[DEBUG] armors=0, targets=1
[2026-09-05 14:07:07.322] [info] [SYNC][XUC] mode=1 yaw=-7.84 deg pitch=-13.91 deg feeder_rpm=0.00 wheel0_rpm=3020 wheel1_rpm=3120 wheel_delta=-100 projectile_speed=9.50
[DEBUG] armors=0, targets=1
[DEBUG] armors=0, targets=1
[DEBUG] armors=0, targets=1
[DEBUG] armors=0, targets=1
[DEBUG] armors=0, targets=1
[2026-09-05 14:07:07.397] [info] [SYNC][XUC] mode=1 yaw=-7.83 deg pitch=-13.91 deg feeder_rpm=0.00 wheel0_rpm=3000 wheel1_rpm=3140 wheel_delta=-140 projectile_speed=9.50
[DEBUG] armors=0, targets=1
[DEBUG] armors=0, targets=1
[DEBUG] armors=0, targets=1
[DEBUG] armors=0, targets=0
[DEBUG] armors=0, targets=0
[2026-09-05 14:07:07.473] [info] [SYNC][XUC] mode=1 yaw=-7.83 deg pitch=-13.91 deg feeder_rpm=0.00 wheel0_rpm=3060 wheel1_rpm=3140 wheel_delta=-80 projectile_speed=9.50
[DEBUG] armors=0, targets=0
[2026-09-05 14:07:07.489] [info] [PERF] 总耗时=15.4ms (检测=13.4ms, 跟踪=0.0ms), FPS=64.7
[2026-09-05 14:07:07.489] [info] 📊 [CAMERA FPS] 瞬时帧率=64.6fps, 平均帧率=64.4fps, 总帧数=7950, 运行时间=123.4s
[DEBUG] armors=0, targets=0
[DEBUG] armors=0, targets=0
[DEBUG] armors=0, targets=0
[DEBUG] armors=0, targets=0
[2026-09-05 14:07:07.550] [info] [SYNC][XUC] mode=1 yaw=-7.83 deg pitch=-13.93 deg feeder_rpm=0.00 wheel0_rpm=3020 wheel1_rpm=3160 wheel_delta=-140 projectile_speed=9.50
[DEBUG] armors=0, targets=0
[DEBUG] armors=0, targets=0
[DEBUG] armors=0, targets=0
[DEBUG] armors=0, targets=0
[DEBUG] armors=0, targets=0
[2026-09-05 14:07:07.626] [info] [SYNC][XUC] mode=1 yaw=-7.83 deg pitch=-13.94 deg feeder_rpm=0.00 wheel0_rpm=3020 wheel1_rpm=3120 wheel_delta=-100 projectile_speed=9.50
[DEBUG] armors=0, targets=0
[2026-09-05 14:07:07.639] [info] [DRYRUN] target=none gimbal_deg=(7.83,-13.94) control=false shoot=false
[DEBUG] armors=0, targets=0
[DEBUG] armors=0, targets=0
[DEBUG] armors=0, targets=0
[DEBUG] armors=0, targets=0
[2026-09-05 14:07:07.703] [info] [SYNC][XUC] mode=1 yaw=-7.83 deg pitch=-13.94 deg feeder_rpm=0.00 wheel0_rpm=3020 wheel1_rpm=3160 wheel_delta=-140 projectile_speed=9.50
[DEBUG] armors=0, targets=0
[DEBUG] armors=0, targets=0
[DEBUG] armors=0, targets=0
[DEBUG] armors=0, targets=0
[DEBUG] armors=0, targets=0
[2026-09-05 14:07:07.780] [info] [SYNC][XUC] mode=1 yaw=-7.84 deg pitch=-13.95 deg feeder_rpm=0.00 wheel0_rpm=3020 wheel1_rpm=3160 wheel_delta=-140 projectile_speed=9.50
[DEBUG] armors=0, targets=0
[DEBUG] armors=0, targets=0
[DEBUG] armors=0, targets=0
[DEBUG] armors=0, targets=0
[DEBUG] armors=0, targets=0
[2026-09-05 14:07:07.854] [info] [SYNC][XUC] mode=1 yaw=-7.84 deg pitch=-13.95 deg feeder_rpm=0.00 wheel0_rpm=3120 wheel1_rpm=3140 wheel_delta=-20 projectile_speed=9.50
[DEBUG] armors=0, targets=0
[DEBUG] armors=0, targets=0
[DEBUG] armors=0, targets=0
[DEBUG] armors=0, targets=0
[DEBUG] armors=0, targets=0
[2026-09-05 14:07:07.933] [info] [SYNC][XUC] mode=1 yaw=-7.84 deg pitch=-13.96 deg feeder_rpm=-4.00 wheel0_rpm=3100 wheel1_rpm=3160 wheel_delta=-60 projectile_speed=9.50
[DEBUG] armors=0, targets=0
[2026-09-05 14:07:07.946] [info] [DRYRUN] target=none gimbal_deg=(7.84,-13.96) control=false shoot=false
[DEBUG] armors=0, targets=0
[DEBUG] armors=0, targets=0
[DEBUG] armors=0, targets=0
[DEBUG] armors=0, targets=0
[2026-09-05 14:07:08.009] [info] [SYNC][XUC] mode=1 yaw=-7.83 deg pitch=-13.95 deg feeder_rpm=0.00 wheel0_rpm=3020 wheel1_rpm=3140 wheel_delta=-120 projectile_speed=9.50
[DEBUG] armors=0, targets=0
[DEBUG] armors=0, targets=0
[DEBUG] armors=0, targets=0
[DEBUG] armors=0, targets=0
[DEBUG] armors=0, targets=0
[2026-09-05 14:07:08.085] [info] [SYNC][XUC] mode=1 yaw=-7.83 deg pitch=-13.96 deg feeder_rpm=0.00 wheel0_rpm=3080 wheel1_rpm=3140 wheel_delta=-60 projectile_speed=9.50
[DEBUG] armors=0, targets=0
[DEBUG] armors=0, targets=0
[DEBUG] armors=0, targets=0
[DEBUG] armors=0, targets=0
[DEBUG] armors=0, targets=0
[2026-09-05 14:07:08.161] [info] [SYNC][XUC] mode=1 yaw=-7.83 deg pitch=-13.96 deg feeder_rpm=0.00 wheel0_rpm=3040 wheel1_rpm=3120 wheel_delta=-80 projectile_speed=9.50
[DEBUG] armors=0, targets=0
[DEBUG] armors=0, targets=0
[DEBUG] armors=0, targets=0
[DEBUG] armors=0, targets=0
[DEBUG] armors=0, targets=0
[2026-09-05 14:07:08.236] [info] [SYNC][XUC] mode=1 yaw=-7.82 deg pitch=-13.97 deg feeder_rpm=0.00 wheel0_rpm=3020 wheel1_rpm=3140 wheel_delta=-120 projectile_speed=9.50
[DEBUG] armors=0, targets=0
[2026-09-05 14:07:08.248] [info] [DRYRUN] target=none gimbal_deg=(7.82,-13.97) control=false shoot=false
[2026-09-05 14:07:08.251] [info] [PERF] 总耗时=14.5ms (检测=12.2ms, 跟踪=0.0ms), FPS=69.1
[2026-09-05 14:07:08.251] [info] 📊 [CAMERA FPS] 瞬时帧率=69.0fps, 平均帧率=64.4fps, 总帧数=8000, 运行时间=124.1s
[DEBUG] armors=0, targets=0
[DEBUG] armors=0, targets=0
[DEBUG] armors=0, targets=0
[DEBUG] armors=0, targets=0
[2026-09-05 14:07:08.310] [info] [SYNC][XUC] mode=1 yaw=-7.83 deg pitch=-13.96 deg feeder_rpm=-4.00 wheel0_rpm=3060 wheel1_rpm=3140 wheel_delta=-80 projectile_speed=9.50
[DEBUG] armors=0, targets=0
[DEBUG] armors=0, targets=0
[DEBUG] armors=0, targets=0
[DEBUG] armors=0, targets=0
[DEBUG] armors=0, targets=0
[2026-09-05 14:07:08.386] [info] [SYNC][XUC] mode=1 yaw=-7.83 deg pitch=-13.97 deg feeder_rpm=0.00 wheel0_rpm=3100 wheel1_rpm=3180 wheel_delta=-80 projectile_speed=9.50
[DEBUG] armors=0, targets=0
[DEBUG] armors=0, targets=0
[DEBUG] armors=0, targets=0
[DEBUG] armors=0, targets=0
[DEBUG] armors=0, targets=0
[2026-09-05 14:07:08.462] [info] [SYNC][XUC] mode=1 yaw=-7.82 deg pitch=-13.96 deg feeder_rpm=0.00 wheel0_rpm=3060 wheel1_rpm=3140 wheel_delta=-80 projectile_speed=9.50
[DEBUG] armors=0, targets=0
[DEBUG] armors=0, targets=0
[DEBUG] armors=0, targets=0
[DEBUG] armors=0, targets=0
[DEBUG] armors=0, targets=0
[2026-09-05 14:07:08.537] [info] [SYNC][XUC] mode=1 yaw=-7.82 deg pitch=-13.97 deg feeder_rpm=0.00 wheel0_rpm=3080 wheel1_rpm=3160 wheel_delta=-80 projectile_speed=9.50
[DEBUG] armors=0, targets=0
[2026-09-05 14:07:08.549] [info] [DRYRUN] target=none gimbal_deg=(7.82,-13.97) control=false shoot=false
[DEBUG] armors=0, targets=0
[DEBUG] armors=0, targets=0
[DEBUG] armors=0, targets=0
[DEBUG] armors=0, targets=0
[2026-09-05 14:07:08.612] [info] [SYNC][XUC] mode=1 yaw=-7.82 deg pitch=-13.97 deg feeder_rpm=0.00 wheel0_rpm=3040 wheel1_rpm=3140 wheel_delta=-100 projectile_speed=9.50
[DEBUG] armors=0, targets=0
[DEBUG] armors=0, targets=0
[DEBUG] armors=0, targets=0
[DEBUG] armors=0, targets=0
[DEBUG] armors=0, targets=0
[2026-09-05 14:07:08.686] [info] [SYNC][XUC] mode=1 yaw=-7.82 deg pitch=-13.97 deg feeder_rpm=-4.00 wheel0_rpm=3080 wheel1_rpm=3140 wheel_delta=-60 projectile_speed=9.50
[DEBUG] armors=0, targets=0
[DEBUG] armors=0, targets=0
[DEBUG] armors=0, targets=0
[DEBUG] armors=0, targets=0
[DEBUG] armors=0, targets=0
[2026-09-05 14:07:08.761] [info] [SYNC][XUC] mode=1 yaw=-7.83 deg pitch=-13.97 deg feeder_rpm=0.00 wheel0_rpm=3120 wheel1_rpm=3140 wheel_delta=-20 projectile_speed=9.50
[DEBUG] armors=0, targets=0
[DEBUG] armors=0, targets=0
[DEBUG] armors=0, targets=0
[DEBUG] armors=0, targets=0
[DEBUG] armors=0, targets=0
[2026-09-05 14:07:08.837] [info] [SYNC][XUC] mode=1 yaw=-7.83 deg pitch=-13.98 deg feeder_rpm=0.00 wheel0_rpm=3060 wheel1_rpm=3160 wheel_delta=-100 projectile_speed=9.50
[DEBUG] armors=0, targets=0
[2026-09-05 14:07:08.849] [info] [DRYRUN] target=none gimbal_deg=(7.83,-13.98) control=false shoot=false
[DEBUG] armors=0, targets=0
[DEBUG] armors=0, targets=0
[DEBUG] armors=0, targets=0
[DEBUG] armors=0, targets=0
[2026-09-05 14:07:08.912] [info] [SYNC][XUC] mode=1 yaw=-7.82 deg pitch=-13.97 deg feeder_rpm=0.00 wheel0_rpm=3040 wheel1_rpm=3140 wheel_delta=-100 projectile_speed=9.50
[DEBUG] armors=0, targets=0
[DEBUG] armors=0, targets=0
[DEBUG] armors=0, targets=0
[DEBUG] armors=0, targets=0
[DEBUG] armors=0, targets=0
[2026-09-05 14:07:08.987] [info] [SYNC][XUC] mode=1 yaw=-7.83 deg pitch=-13.97 deg feeder_rpm=0.00 wheel0_rpm=3040 wheel1_rpm=3160 wheel_delta=-120 projectile_speed=9.50
[DEBUG] armors=0, targets=0
[2026-09-05 14:07:09.002] [info] [PERF] 总耗时=14.9ms (检测=12.5ms, 跟踪=0.0ms), FPS=67.3
[2026-09-05 14:07:09.002] [info] 📊 [CAMERA FPS] 瞬时帧率=67.1fps, 平均帧率=64.5fps, 总帧数=8050, 运行时间=124.9s
[DEBUG] armors=0, targets=0
[DEBUG] armors=0, targets=0
[DEBUG] armors=0, targets=0
[DEBUG] armors=0, targets=0
[2026-09-05 14:07:09.062] [info] [SYNC][XUC] mode=1 yaw=-7.83 deg pitch=-13.97 deg feeder_rpm=0.00 wheel0_rpm=3100 wheel1_rpm=3160 wheel_delta=-60 projectile_speed=9.50
[DEBUG] armors=0, targets=0
[DEBUG] armors=0, targets=0
[DEBUG] armors=0, targets=0
[DEBUG] armors=0, targets=0
[DEBUG] armors=0, targets=0
[2026-09-05 14:07:09.138] [info] [SYNC][XUC] mode=1 yaw=-7.83 deg pitch=-13.96 deg feeder_rpm=0.00 wheel0_rpm=3060 wheel1_rpm=3140 wheel_delta=-80 projectile_speed=9.50
[DEBUG] armors=0, targets=0
[2026-09-05 14:07:09.150] [info] [DRYRUN] target=none gimbal_deg=(7.83,-13.96) control=false shoot=false
[DEBUG] armors=0, targets=0
[DEBUG] armors=0, targets=0
[DEBUG] armors=0, targets=0
[DEBUG] armors=0, targets=0
[2026-09-05 14:07:09.215] [info] [SYNC][XUC] mode=1 yaw=-7.83 deg pitch=-13.96 deg feeder_rpm=0.00 wheel0_rpm=3060 wheel1_rpm=3120 wheel_delta=-60 projectile_speed=9.50
[DEBUG] armors=0, targets=0
[DEBUG] armors=0, targets=0
[DEBUG] armors=0, targets=0
[DEBUG] armors=0, targets=0
[DEBUG] armors=0, targets=0
[2026-09-05 14:07:09.293] [info] [SYNC][XUC] mode=1 yaw=-7.83 deg pitch=-13.96 deg feeder_rpm=0.00 wheel0_rpm=3100 wheel1_rpm=3140 wheel_delta=-40 projectile_speed=9.50
[DEBUG] armors=0, targets=0
[DEBUG] armors=0, targets=0
[DEBUG] armors=0, targets=0
[DEBUG] armors=0, targets=0
[DEBUG] armors=0, targets=0
[2026-09-05 14:07:09.369] [info] [SYNC][XUC] mode=1 yaw=-7.83 deg pitch=-13.96 deg feeder_rpm=0.00 wheel0_rpm=3080 wheel1_rpm=3180 wheel_delta=-100 projectile_speed=9.50
[DEBUG] armors=0, targets=0
[DEBUG] armors=0, targets=0
[DEBUG] armors=0, targets=0
[DEBUG] armors=0, targets=0
[DEBUG] armors=0, targets=0
[2026-09-05 14:07:09.446] [info] [SYNC][XUC] mode=1 yaw=-7.83 deg pitch=-13.96 deg feeder_rpm=-4.00 wheel0_rpm=3080 wheel1_rpm=3140 wheel_delta=-60 projectile_speed=9.50
[DEBUG] armors=0, targets=0
[2026-09-05 14:07:09.458] [info] [DRYRUN] target=none gimbal_deg=(7.83,-13.96) control=false shoot=false
[DEBUG] armors=0, targets=0
[DEBUG] armors=0, targets=0
[DEBUG] armors=0, targets=0
[DEBUG] armors=0, targets=0
[2026-09-05 14:07:09.521] [info] [SYNC][XUC] mode=1 yaw=-7.83 deg pitch=-13.96 deg feeder_rpm=0.00 wheel0_rpm=3100 wheel1_rpm=3180 wheel_delta=-80 projectile_speed=9.50
[DEBUG] armors=0, targets=0
[DEBUG] armors=0, targets=0
[DEBUG] armors=0, targets=0
[DEBUG] armors=0, targets=0
[DEBUG] armors=0, targets=0
[2026-09-05 14:07:09.597] [info] [SYNC][XUC] mode=1 yaw=-7.83 deg pitch=-13.95 deg feeder_rpm=0.00 wheel0_rpm=3080 wheel1_rpm=3160 wheel_delta=-80 projectile_speed=9.50
[DEBUG] armors=0, targets=0
[DEBUG] armors=0, targets=0
[DEBUG] armors=0, targets=0
[DEBUG] armors=0, targets=0
[DEBUG] armors=0, targets=0
[2026-09-05 14:07:09.671] [info] [SYNC][XUC] mode=1 yaw=-7.83 deg pitch=-13.96 deg feeder_rpm=0.00 wheel0_rpm=3060 wheel1_rpm=3140 wheel_delta=-80 projectile_speed=9.50
[DEBUG] armors=0, targets=0
[DEBUG] armors=0, targets=0
[DEBUG] armors=0, targets=0
[DEBUG] armors=0, targets=0
[DEBUG] armors=0, targets=0
[2026-09-05 14:07:09.747] [info] [SYNC][XUC] mode=1 yaw=-7.83 deg pitch=-13.96 deg feeder_rpm=-4.00 wheel0_rpm=3120 wheel1_rpm=3140 wheel_delta=-20 projectile_speed=9.50
[DEBUG] armors=0, targets=0
[2026-09-05 14:07:09.760] [info] [DRYRUN] target=none gimbal_deg=(7.83,-13.96) control=false shoot=false
[2026-09-05 14:07:09.763] [info] [PERF] 总耗时=15.4ms (检测=13.1ms, 跟踪=0.0ms), FPS=64.8
[2026-09-05 14:07:09.763] [info] 📊 [CAMERA FPS] 瞬时帧率=64.7fps, 平均帧率=64.5fps, 总帧数=8100, 运行时间=125.6s
[DEBUG] armors=0, targets=0
[DEBUG] armors=0, targets=0
[DEBUG] armors=0, targets=0
[DEBUG] armors=0, targets=0
[2026-09-05 14:07:09.823] [info] [SYNC][XUC] mode=1 yaw=-7.83 deg pitch=-13.97 deg feeder_rpm=0.00 wheel0_rpm=3080 wheel1_rpm=3180 wheel_delta=-100 projectile_speed=9.50
[DEBUG] armors=0, targets=0
[DEBUG] armors=0, targets=0
[DEBUG] armors=0, targets=0
[DEBUG] armors=0, targets=0
[DEBUG] armors=0, targets=0
[2026-09-05 14:07:09.898] [info] [SYNC][XUC] mode=1 yaw=-7.83 deg pitch=-13.97 deg feeder_rpm=0.00 wheel0_rpm=3040 wheel1_rpm=3100 wheel_delta=-60 projectile_speed=9.50
[DEBUG] armors=0, targets=0
[DEBUG] armors=0, targets=0
[DEBUG] armors=0, targets=0
[DEBUG] armors=0, targets=0
[DEBUG] armors=0, targets=0
[2026-09-05 14:07:09.975] [info] [SYNC][XUC] mode=1 yaw=-7.83 deg pitch=-13.97 deg feeder_rpm=-4.00 wheel0_rpm=3120 wheel1_rpm=3180 wheel_delta=-60 projectile_speed=9.50
[DEBUG] armors=0, targets=0
[DEBUG] armors=0, targets=0
[DEBUG] armors=0, targets=0
[DEBUG] armors=0, targets=0
[DEBUG] armors=0, targets=0
[2026-09-05 14:07:10.051] [info] [SYNC][XUC] mode=1 yaw=-7.83 deg pitch=-13.99 deg feeder_rpm=0.00 wheel0_rpm=3100 wheel1_rpm=3120 wheel_delta=-20 projectile_speed=9.50
[DEBUG] armors=0, targets=0
[2026-09-05 14:07:10.065] [info] [DRYRUN] target=none gimbal_deg=(7.83,-13.99) control=false shoot=false
[DEBUG] armors=0, targets=0
[DEBUG] armors=0, targets=0
[DEBUG] armors=0, targets=0
[DEBUG] armors=0, targets=0
[2026-09-05 14:07:10.130] [info] [SYNC][XUC] mode=1 yaw=-7.83 deg pitch=-13.99 deg feeder_rpm=0.00 wheel0_rpm=3120 wheel1_rpm=3140 wheel_delta=-20 projectile_speed=9.50
[DEBUG] armors=0, targets=0
[DEBUG] armors=0, targets=0
[DEBUG] armors=0, targets=0
[DEBUG] armors=0, targets=0
[DEBUG] armors=0, targets=0
[2026-09-05 14:07:10.206] [info] [SYNC][XUC] mode=1 yaw=-7.83 deg pitch=-14.00 deg feeder_rpm=-4.00 wheel0_rpm=3100 wheel1_rpm=3140 wheel_delta=-40 projectile_speed=9.50
[DEBUG] armors=0, targets=0
[DEBUG] armors=0, targets=0
[DEBUG] armors=0, targets=0
[DEBUG] armors=0, targets=0
[DEBUG] armors=0, targets=0
[2026-09-05 14:07:10.283] [info] [SYNC][XUC] mode=1 yaw=-7.83 deg pitch=-14.00 deg feeder_rpm=0.00 wheel0_rpm=3080 wheel1_rpm=3160 wheel_delta=-80 projectile_speed=9.50
[DEBUG] armors=0, targets=0
[DEBUG] armors=0, targets=0
[DEBUG] armors=0, targets=0
[DEBUG] armors=0, targets=0
[DEBUG] armors=0, targets=0
[2026-09-05 14:07:10.358] [info] [SYNC][XUC] mode=1 yaw=-7.83 deg pitch=-14.00 deg feeder_rpm=0.00 wheel0_rpm=3060 wheel1_rpm=3120 wheel_delta=-60 projectile_speed=9.50
[DEBUG] armors=0, targets=0
[2026-09-05 14:07:10.370] [info] [DRYRUN] target=none gimbal_deg=(7.83,-14.00) control=false shoot=false
[DEBUG] armors=0, targets=0
[DEBUG] armors=0, targets=0
[DEBUG] armors=0, targets=0
[DEBUG] armors=0, targets=0
[2026-09-05 14:07:10.432] [info] [SYNC][XUC] mode=1 yaw=-7.83 deg pitch=-14.00 deg feeder_rpm=0.00 wheel0_rpm=3060 wheel1_rpm=3120 wheel_delta=-60 projectile_speed=9.50
[DEBUG] armors=0, targets=0
[DEBUG] armors=0, targets=0
[DEBUG] armors=0, targets=0
[DEBUG] armors=0, targets=0
[DEBUG] armors=0, targets=0
[2026-09-05 14:07:10.507] [info] [SYNC][XUC] mode=1 yaw=-7.82 deg pitch=-14.00 deg feeder_rpm=-4.00 wheel0_rpm=3060 wheel1_rpm=3160 wheel_delta=-100 projectile_speed=9.50
[DEBUG] armors=0, targets=0
[2026-09-05 14:07:10.521] [info] [PERF] 总耗时=14.9ms (检测=12.9ms, 跟踪=0.0ms), FPS=67.2
[2026-09-05 14:07:10.521] [info] 📊 [CAMERA FPS] 瞬时帧率=67.1fps, 平均帧率=64.5fps, 总帧数=8150, 运行时间=126.4s
[DEBUG] armors=0, targets=0
[DEBUG] armors=0, targets=0
[DEBUG] armors=0, targets=0
[DEBUG] armors=0, targets=0
[2026-09-05 14:07:10.583] [info] [SYNC][XUC] mode=1 yaw=-7.82 deg pitch=-14.00 deg feeder_rpm=0.00 wheel0_rpm=3100 wheel1_rpm=3160 wheel_delta=-60 projectile_speed=9.50
[DEBUG] armors=0, targets=0
[DEBUG] armors=0, targets=0
[DEBUG] armors=0, targets=0
[DEBUG] armors=0, targets=0
[DEBUG] armors=0, targets=0
[2026-09-05 14:07:10.659] [info] [SYNC][XUC] mode=1 yaw=-7.82 deg pitch=-14.01 deg feeder_rpm=0.00 wheel0_rpm=3060 wheel1_rpm=3160 wheel_delta=-100 projectile_speed=9.50
[DEBUG] armors=0, targets=0
[2026-09-05 14:07:10.672] [info] [DRYRUN] target=none gimbal_deg=(7.82,-14.01) control=false shoot=false
[DEBUG] armors=0, targets=0
[DEBUG] armors=0, targets=0
[DEBUG] armors=0, targets=0
[DEBUG] armors=0, targets=0
[2026-09-05 14:07:10.734] [info] [SYNC][XUC] mode=1 yaw=-7.82 deg pitch=-14.01 deg feeder_rpm=0.00 wheel0_rpm=3060 wheel1_rpm=3180 wheel_delta=-120 projectile_speed=9.50
[DEBUG] armors=0, targets=0
[DEBUG] armors=0, targets=0
[DEBUG] armors=0, targets=0
[DEBUG] armors=0, targets=0
[DEBUG] armors=0, targets=0
[2026-09-05 14:07:10.809] [info] [SYNC][XUC] mode=1 yaw=-7.82 deg pitch=-14.01 deg feeder_rpm=0.00 wheel0_rpm=3080 wheel1_rpm=3120 wheel_delta=-40 projectile_speed=9.50
[DEBUG] armors=0, targets=0
[DEBUG] armors=0, targets=0
[DEBUG] armors=0, targets=0
[DEBUG] armors=0, targets=0
[DEBUG] armors=0, targets=0
[2026-09-05 14:07:10.885] [info] [SYNC][XUC] mode=1 yaw=-7.82 deg pitch=-14.00 deg feeder_rpm=0.00 wheel0_rpm=3100 wheel1_rpm=3140 wheel_delta=-40 projectile_speed=9.50
[DEBUG] armors=0, targets=0
[DEBUG] armors=0, targets=0
[DEBUG] armors=0, targets=0
[DEBUG] armors=0, targets=0
[DEBUG] armors=0, targets=0
[2026-09-05 14:07:10.961] [info] [SYNC][XUC] mode=1 yaw=-7.82 deg pitch=-14.01 deg feeder_rpm=0.00 wheel0_rpm=3100 wheel1_rpm=3120 wheel_delta=-20 projectile_speed=9.50
[DEBUG] armors=0, targets=0
[2026-09-05 14:07:10.974] [info] [DRYRUN] target=none gimbal_deg=(7.82,-14.01) control=false shoot=false
[DEBUG] armors=0, targets=0
[DEBUG] armors=0, targets=0
[DEBUG] armors=0, targets=0
[DEBUG] armors=0, targets=0
[2026-09-05 14:07:11.036] [info] [SYNC][XUC] mode=1 yaw=-7.82 deg pitch=-14.02 deg feeder_rpm=0.00 wheel0_rpm=3100 wheel1_rpm=3180 wheel_delta=-80 projectile_speed=9.50
[DEBUG] armors=0, targets=0
[DEBUG] armors=0, targets=0
[DEBUG] armors=0, targets=0
[DEBUG] armors=0, targets=0
[DEBUG] armors=0, targets=0
[2026-09-05 14:07:11.113] [info] [SYNC][XUC] mode=1 yaw=-7.83 deg pitch=-14.03 deg feeder_rpm=0.00 wheel0_rpm=3120 wheel1_rpm=3120 wheel_delta=0 projectile_speed=9.50
[DEBUG] armors=0, targets=0
[DEBUG] armors=0, targets=0
[DEBUG] armors=0, targets=0
[DEBUG] armors=0, targets=0
[DEBUG] armors=0, targets=0
[2026-09-05 14:07:11.189] [info] [SYNC][XUC] mode=1 yaw=-7.83 deg pitch=-14.03 deg feeder_rpm=0.00 wheel0_rpm=3020 wheel1_rpm=3120 wheel_delta=-100 projectile_speed=9.50
[DEBUG] armors=0, targets=0
[DEBUG] armors=0, targets=0
[DEBUG] armors=0, targets=0
[DEBUG] armors=0, targets=0
[DEBUG] armors=0, targets=0
[2026-09-05 14:07:11.265] [info] [SYNC][XUC] mode=1 yaw=-7.82 deg pitch=-14.04 deg feeder_rpm=0.00 wheel0_rpm=3120 wheel1_rpm=3160 wheel_delta=-40 projectile_speed=9.50
[DEBUG] armors=0, targets=0
[2026-09-05 14:07:11.278] [info] [DRYRUN] target=none gimbal_deg=(7.82,-14.04) control=false shoot=false
[2026-09-05 14:07:11.280] [info] [PERF] 总耗时=15.1ms (检测=12.9ms, 跟踪=0.0ms), FPS=66.0
[2026-09-05 14:07:11.280] [info] 📊 [CAMERA FPS] 瞬时帧率=65.9fps, 平均帧率=64.5fps, 总帧数=8200, 运行时间=127.2s
[DEBUG] armors=0, targets=0
[DEBUG] armors=0, targets=0
[DEBUG] armors=0, targets=0
[DEBUG] armors=0, targets=0
[2026-09-05 14:07:11.340] [info] [SYNC][XUC] mode=1 yaw=-7.83 deg pitch=-14.04 deg feeder_rpm=0.00 wheel0_rpm=3080 wheel1_rpm=3180 wheel_delta=-100 projectile_speed=9.50
[DEBUG] armors=0, targets=0
[DEBUG] armors=0, targets=0
[DEBUG] armors=0, targets=0
[DEBUG] armors=0, targets=0
[DEBUG] armors=0, targets=0
[2026-09-05 14:07:11.415] [info] [SYNC][XUC] mode=1 yaw=-7.82 deg pitch=-14.05 deg feeder_rpm=0.00 wheel0_rpm=3060 wheel1_rpm=3160 wheel_delta=-100 projectile_speed=9.50
[DEBUG] armors=0, targets=0
[DEBUG] armors=0, targets=0
[DEBUG] armors=0, targets=0
[DEBUG] armors=0, targets=0
[DEBUG] armors=0, targets=0
[2026-09-05 14:07:11.491] [info] [SYNC][XUC] mode=1 yaw=-7.83 deg pitch=-14.06 deg feeder_rpm=0.00 wheel0_rpm=3040 wheel1_rpm=3140 wheel_delta=-100 projectile_speed=9.50
[DEBUG] armors=0, targets=0
[DEBUG] armors=0, targets=0
[DEBUG] armors=0, targets=0
[DEBUG] armors=0, targets=0
[DEBUG] armors=0, targets=0
[2026-09-05 14:07:11.567] [info] [SYNC][XUC] mode=1 yaw=-7.82 deg pitch=-14.06 deg feeder_rpm=-4.00 wheel0_rpm=3080 wheel1_rpm=3180 wheel_delta=-100 projectile_speed=9.50
[DEBUG] armors=0, targets=0
[2026-09-05 14:07:11.579] [info] [DRYRUN] target=none gimbal_deg=(7.82,-14.06) control=false shoot=false
[DEBUG] armors=0, targets=0
[DEBUG] armors=0, targets=0
[DEBUG] armors=0, targets=0
[DEBUG] armors=0, targets=0
[2026-09-05 14:07:11.641] [info] [SYNC][XUC] mode=1 yaw=-7.82 deg pitch=-14.06 deg feeder_rpm=0.00 wheel0_rpm=3100 wheel1_rpm=3180 wheel_delta=-80 projectile_speed=9.50
[DEBUG] armors=0, targets=0
[DEBUG] armors=0, targets=0
[DEBUG] armors=0, targets=0
[DEBUG] armors=0, targets=0
[DEBUG] armors=0, targets=0
[2026-09-05 14:07:11.716] [info] [SYNC][XUC] mode=1 yaw=-7.82 deg pitch=-14.07 deg feeder_rpm=-4.00 wheel0_rpm=3100 wheel1_rpm=3160 wheel_delta=-60 projectile_speed=9.50
[DEBUG] armors=0, targets=0
[DEBUG] armors=0, targets=0
[DEBUG] armors=0, targets=0
[DEBUG] armors=0, targets=0
[DEBUG] armors=0, targets=0
[2026-09-05 14:07:11.791] [info] [SYNC][XUC] mode=1 yaw=-7.82 deg pitch=-14.06 deg feeder_rpm=0.00 wheel0_rpm=3080 wheel1_rpm=3180 wheel_delta=-100 projectile_speed=9.50
[DEBUG] armors=0, targets=0
[DEBUG] armors=0, targets=0
[DEBUG] armors=0, targets=0
[DEBUG] armors=0, targets=0
[DEBUG] armors=0, targets=0
[2026-09-05 14:07:11.866] [info] [SYNC][XUC] mode=1 yaw=-7.81 deg pitch=-14.06 deg feeder_rpm=0.00 wheel0_rpm=3100 wheel1_rpm=3140 wheel_delta=-40 projectile_speed=9.50
[DEBUG] armors=0, targets=0
[2026-09-05 14:07:11.880] [info] [DRYRUN] target=none gimbal_deg=(7.81,-14.06) control=false shoot=false
[DEBUG] armors=0, targets=0
[DEBUG] armors=0, targets=0
[DEBUG] armors=0, targets=0
[DEBUG] armors=0, targets=0
[2026-09-05 14:07:11.941] [info] [SYNC][XUC] mode=1 yaw=-7.82 deg pitch=-14.08 deg feeder_rpm=0.00 wheel0_rpm=3100 wheel1_rpm=3160 wheel_delta=-60 projectile_speed=9.50
[DEBUG] armors=0, targets=0
[DEBUG] armors=0, targets=0
[DEBUG] armors=0, targets=0
[DEBUG] armors=0, targets=0
[DEBUG] armors=0, targets=0
[2026-09-05 14:07:12.016] [info] [SYNC][XUC] mode=1 yaw=-7.82 deg pitch=-14.07 deg feeder_rpm=0.00 wheel0_rpm=3140 wheel1_rpm=3160 wheel_delta=-20 projectile_speed=9.50
[DEBUG] armors=0, targets=0
[2026-09-05 14:07:12.030] [info] [PERF] 总耗时=14.8ms (检测=12.7ms, 跟踪=0.0ms), FPS=67.4
[2026-09-05 14:07:12.030] [info] 📊 [CAMERA FPS] 瞬时帧率=67.3fps, 平均帧率=64.5fps, 总帧数=8250, 运行时间=127.9s
[DEBUG] armors=0, targets=0
[DEBUG] armors=0, targets=0
[DEBUG] armors=0, targets=0
[DEBUG] armors=0, targets=0
[2026-09-05 14:07:12.090] [info] [SYNC][XUC] mode=1 yaw=-7.82 deg pitch=-14.08 deg feeder_rpm=0.00 wheel0_rpm=3100 wheel1_rpm=3160 wheel_delta=-60 projectile_speed=9.50
[DEBUG] armors=0, targets=0
[DEBUG] armors=0, targets=0
[DEBUG] armors=0, targets=0
[DEBUG] armors=0, targets=0
[DEBUG] armors=0, targets=0
[2026-09-05 14:07:12.164] [info] [SYNC][XUC] mode=1 yaw=-7.82 deg pitch=-14.08 deg feeder_rpm=0.00 wheel0_rpm=3060 wheel1_rpm=3180 wheel_delta=-120 projectile_speed=9.50
[DEBUG] armors=0, targets=0
[2026-09-05 14:07:12.176] [info] [DRYRUN] target=none gimbal_deg=(7.82,-14.08) control=false shoot=false
[DEBUG] armors=0, targets=0
[DEBUG] armors=0, targets=0
[DEBUG] armors=0, targets=0
[DEBUG] armors=0, targets=0
[2026-09-05 14:07:12.238] [info] [SYNC][XUC] mode=1 yaw=-7.81 deg pitch=-14.08 deg feeder_rpm=0.00 wheel0_rpm=3040 wheel1_rpm=3140 wheel_delta=-100 projectile_speed=9.50
[DEBUG] armors=0, targets=0
[DEBUG] armors=0, targets=0
[DEBUG] armors=0, targets=0
[DEBUG] armors=0, targets=0
[DEBUG] armors=0, targets=0
[2026-09-05 14:07:12.313] [info] [SYNC][XUC] mode=1 yaw=-7.81 deg pitch=-14.09 deg feeder_rpm=-4.00 wheel0_rpm=3060 wheel1_rpm=3160 wheel_delta=-100 projectile_speed=9.50
[DEBUG] armors=0, targets=0
[DEBUG] armors=0, targets=0
[DEBUG] armors=0, targets=0
[DEBUG] armors=0, targets=0
[DEBUG] armors=0, targets=0
[2026-09-05 14:07:12.390] [info] [SYNC][XUC] mode=1 yaw=-7.81 deg pitch=-14.09 deg feeder_rpm=0.00 wheel0_rpm=3120 wheel1_rpm=3160 wheel_delta=-40 projectile_speed=9.50
[DEBUG] armors=0, targets=0
[DEBUG] armors=0, targets=0
[DEBUG] armors=0, targets=0
[DEBUG] armors=0, targets=0
[DEBUG] armors=0, targets=0
[2026-09-05 14:07:12.467] [info] [SYNC][XUC] mode=1 yaw=-7.80 deg pitch=-14.08 deg feeder_rpm=-4.00 wheel0_rpm=3080 wheel1_rpm=3140 wheel_delta=-60 projectile_speed=9.50
[DEBUG] armors=0, targets=0
[2026-09-05 14:07:12.480] [info] [DRYRUN] target=none gimbal_deg=(7.80,-14.08) control=false shoot=false
[DEBUG] armors=0, targets=0
[DEBUG] armors=0, targets=0
[DEBUG] armors=0, targets=0
[DEBUG] armors=0, targets=0
[2026-09-05 14:07:12.542] [info] [SYNC][XUC] mode=1 yaw=-7.80 deg pitch=-14.09 deg feeder_rpm=0.00 wheel0_rpm=3080 wheel1_rpm=3180 wheel_delta=-100 projectile_speed=9.50
[DEBUG] armors=0, targets=0
[DEBUG] armors=0, targets=0
[DEBUG] armors=0, targets=0
[DEBUG] armors=0, targets=0
[DEBUG] armors=0, targets=0
[2026-09-05 14:07:12.618] [info] [SYNC][XUC] mode=1 yaw=-7.81 deg pitch=-14.09 deg feeder_rpm=-4.00 wheel0_rpm=3160 wheel1_rpm=3160 wheel_delta=0 projectile_speed=9.50
[DEBUG] armors=0, targets=0
[DEBUG] armors=0, targets=0
[DEBUG] armors=0, targets=0
[DEBUG] armors=0, targets=0
[DEBUG] armors=0, targets=0
[2026-09-05 14:07:12.694] [info] [SYNC][XUC] mode=1 yaw=-7.80 deg pitch=-14.10 deg feeder_rpm=0.00 wheel0_rpm=3100 wheel1_rpm=3160 wheel_delta=-60 projectile_speed=9.50
[DEBUG] armors=0, targets=0
[DEBUG] armors=0, targets=0
[DEBUG] armors=0, targets=0
[DEBUG] armors=0, targets=0
[DEBUG] armors=0, targets=0
[2026-09-05 14:07:12.770] [info] [SYNC][XUC] mode=1 yaw=-7.81 deg pitch=-14.10 deg feeder_rpm=0.00 wheel0_rpm=3100 wheel1_rpm=3140 wheel_delta=-40 projectile_speed=9.50
[DEBUG] armors=0, targets=0
[2026-09-05 14:07:12.783] [info] [DRYRUN] target=none gimbal_deg=(7.81,-14.10) control=false shoot=false
[2026-09-05 14:07:12.785] [info] [PERF] 总耗时=15.7ms (检测=13.2ms, 跟踪=0.0ms), FPS=63.8
[2026-09-05 14:07:12.785] [info] 📊 [CAMERA FPS] 瞬时帧率=63.7fps, 平均帧率=64.5fps, 总帧数=8300, 运行时间=128.7s
[DEBUG] armors=0, targets=0
[DEBUG] armors=0, targets=0
[DEBUG] armors=0, targets=0
[DEBUG] armors=0, targets=0
[2026-09-05 14:07:12.846] [info] [SYNC][XUC] mode=1 yaw=-7.81 deg pitch=-14.10 deg feeder_rpm=0.00 wheel0_rpm=3140 wheel1_rpm=3160 wheel_delta=-20 projectile_speed=9.50
[DEBUG] armors=0, targets=0
[DEBUG] armors=0, targets=0
[DEBUG] armors=0, targets=0
[DEBUG] armors=0, targets=0
[DEBUG] armors=0, targets=0
[2026-09-05 14:07:12.922] [info] [SYNC][XUC] mode=1 yaw=-7.81 deg pitch=-14.10 deg feeder_rpm=0.00 wheel0_rpm=3140 wheel1_rpm=3140 wheel_delta=0 projectile_speed=9.50
[DEBUG] armors=0, targets=0
[DEBUG] armors=0, targets=0
[DEBUG] armors=0, targets=0
[DEBUG] armors=0, targets=0
[DEBUG] armors=0, targets=0
[2026-09-05 14:07:12.997] [info] [SYNC][XUC] mode=1 yaw=-7.82 deg pitch=-14.10 deg feeder_rpm=0.00 wheel0_rpm=3040 wheel1_rpm=3160 wheel_delta=-120 projectile_speed=9.50
[DEBUG] armors=0, targets=0
[DEBUG] armors=0, targets=0
[DEBUG] armors=0, targets=0
[DEBUG] armors=0, targets=0
[DEBUG] armors=0, targets=0
[2026-09-05 14:07:13.074] [info] [SYNC][XUC] mode=1 yaw=-7.82 deg pitch=-14.10 deg feeder_rpm=0.00 wheel0_rpm=3080 wheel1_rpm=3140 wheel_delta=-60 projectile_speed=9.50
[DEBUG] armors=0, targets=0
[2026-09-05 14:07:13.087] [info] [DRYRUN] target=none gimbal_deg=(7.82,-14.10) control=false shoot=false
[DEBUG] armors=0, targets=0
[DEBUG] armors=0, targets=0
[DEBUG] armors=0, targets=0
[DEBUG] armors=0, targets=0
[2026-09-05 14:07:13.148] [info] [SYNC][XUC] mode=1 yaw=-7.81 deg pitch=-14.10 deg feeder_rpm=0.00 wheel0_rpm=3040 wheel1_rpm=3160 wheel_delta=-120 projectile_speed=9.50
[DEBUG] armors=0, targets=0
[DEBUG] armors=0, targets=0
[DEBUG] armors=0, targets=0
[DEBUG] armors=0, targets=0
[DEBUG] armors=0, targets=0
[2026-09-05 14:07:13.222] [info] [SYNC][XUC] mode=1 yaw=-7.81 deg pitch=-14.10 deg feeder_rpm=-4.00 wheel0_rpm=3060 wheel1_rpm=3160 wheel_delta=-100 projectile_speed=9.50
[DEBUG] armors=0, targets=0
[DEBUG] armors=0, targets=0
[DEBUG] armors=0, targets=0
[DEBUG] armors=0, targets=0
[DEBUG] armors=0, targets=0
[2026-09-05 14:07:13.297] [info] [SYNC][XUC] mode=1 yaw=-7.80 deg pitch=-14.10 deg feeder_rpm=0.00 wheel0_rpm=3120 wheel1_rpm=3140 wheel_delta=-20 projectile_speed=9.50
[DEBUG] armors=0, targets=0
[DEBUG] armors=0, targets=0
[DEBUG] armors=0, targets=0
[DEBUG] armors=0, targets=0
[DEBUG] armors=0, targets=0
[2026-09-05 14:07:13.370] [info] [SYNC][XUC] mode=1 yaw=-7.81 deg pitch=-14.11 deg feeder_rpm=-4.00 wheel0_rpm=3140 wheel1_rpm=3140 wheel_delta=0 projectile_speed=9.50
[DEBUG] armors=0, targets=0
[2026-09-05 14:07:13.382] [info] [DRYRUN] target=none gimbal_deg=(7.81,-14.11) control=false shoot=false
[DEBUG] armors=0, targets=0
[DEBUG] armors=0, targets=0
[DEBUG] armors=0, targets=0
[DEBUG] armors=0, targets=0
[2026-09-05 14:07:13.444] [info] [SYNC][XUC] mode=1 yaw=-7.81 deg pitch=-14.12 deg feeder_rpm=0.00 wheel0_rpm=3060 wheel1_rpm=3160 wheel_delta=-100 projectile_speed=9.50
[DEBUG] armors=0, targets=0
[DEBUG] armors=0, targets=0
[DEBUG] armors=0, targets=0
[DEBUG] armors=0, targets=0
[DEBUG] armors=0, targets=0
[2026-09-05 14:07:13.518] [info] [SYNC][XUC] mode=1 yaw=-7.81 deg pitch=-14.12 deg feeder_rpm=0.00 wheel0_rpm=3080 wheel1_rpm=3140 wheel_delta=-60 projectile_speed=9.50
[DEBUG] armors=0, targets=0
[2026-09-05 14:07:13.533] [info] [PERF] 总耗时=15.0ms (检测=12.8ms, 跟踪=0.0ms), FPS=66.5
[2026-09-05 14:07:13.533] [info] 📊 [CAMERA FPS] 瞬时帧率=66.4fps, 平均帧率=64.5fps, 总帧数=8350, 运行时间=129.4s
[DEBUG] armors=0, targets=0
[DEBUG] armors=0, targets=0
[DEBUG] armors=0, targets=0
[DEBUG] armors=0, targets=0
[2026-09-05 14:07:13.593] [info] [SYNC][XUC] mode=1 yaw=-7.82 deg pitch=-14.11 deg feeder_rpm=0.00 wheel0_rpm=3040 wheel1_rpm=3160 wheel_delta=-120 projectile_speed=9.50
[DEBUG] armors=0, targets=0
[DEBUG] armors=0, targets=0
[DEBUG] armors=0, targets=0
[DEBUG] armors=0, targets=0
[DEBUG] armors=0, targets=0
[2026-09-05 14:07:13.668] [info] [SYNC][XUC] mode=1 yaw=-7.81 deg pitch=-14.11 deg feeder_rpm=-4.00 wheel0_rpm=3100 wheel1_rpm=3140 wheel_delta=-40 projectile_speed=9.50
[DEBUG] armors=0, targets=0
[2026-09-05 14:07:13.681] [info] [DRYRUN] target=none gimbal_deg=(7.81,-14.11) control=false shoot=false
[DEBUG] armors=0, targets=0
[DEBUG] armors=0, targets=0
[DEBUG] armors=0, targets=0
[DEBUG] armors=0, targets=0
[2026-09-05 14:07:13.743] [info] [SYNC][XUC] mode=1 yaw=-7.81 deg pitch=-14.11 deg feeder_rpm=0.00 wheel0_rpm=3060 wheel1_rpm=3160 wheel_delta=-100 projectile_speed=9.50
[DEBUG] armors=0, targets=0
[DEBUG] armors=0, targets=0
[DEBUG] armors=0, targets=0
[DEBUG] armors=0, targets=0
[DEBUG] armors=0, targets=0
[2026-09-05 14:07:13.820] [info] [SYNC][XUC] mode=1 yaw=-7.82 deg pitch=-14.12 deg feeder_rpm=0.00 wheel0_rpm=3100 wheel1_rpm=3140 wheel_delta=-40 projectile_speed=9.50
[DEBUG] armors=0, targets=0
[DEBUG] armors=0, targets=0
[DEBUG] armors=0, targets=0
[DEBUG] armors=0, targets=0
[DEBUG] armors=0, targets=0
[2026-09-05 14:07:13.896] [info] [SYNC][XUC] mode=1 yaw=-7.81 deg pitch=-14.12 deg feeder_rpm=-4.00 wheel0_rpm=3100 wheel1_rpm=3140 wheel_delta=-40 projectile_speed=9.50
[DEBUG] armors=0, targets=0
[DEBUG] armors=0, targets=0
[DEBUG] armors=0, targets=0
[DEBUG] armors=0, targets=0
[DEBUG] armors=0, targets=0
[2026-09-05 14:07:13.974] [info] [SYNC][XUC] mode=1 yaw=-7.81 deg pitch=-14.12 deg feeder_rpm=0.00 wheel0_rpm=3080 wheel1_rpm=3160 wheel_delta=-80 projectile_speed=9.50
[DEBUG] armors=0, targets=0
[2026-09-05 14:07:13.988] [info] [DRYRUN] target=none gimbal_deg=(7.81,-14.12) control=false shoot=false
[DEBUG] armors=0, targets=0
[DEBUG] armors=0, targets=0
[DEBUG] armors=0, targets=0
[DEBUG] armors=0, targets=0
[2026-09-05 14:07:14.050] [info] [SYNC][XUC] mode=1 yaw=-7.81 deg pitch=-14.14 deg feeder_rpm=0.00 wheel0_rpm=3100 wheel1_rpm=3160 wheel_delta=-60 projectile_speed=9.50
[DEBUG] armors=0, targets=0
[DEBUG] armors=0, targets=0
[DEBUG] armors=0, targets=0
[DEBUG] armors=0, targets=0
[DEBUG] armors=0, targets=0
[2026-09-05 14:07:14.126] [info] [SYNC][XUC] mode=1 yaw=-7.81 deg pitch=-14.13 deg feeder_rpm=-4.00 wheel0_rpm=3160 wheel1_rpm=3140 wheel_delta=20 projectile_speed=9.50
[DEBUG] armors=0, targets=0
[DEBUG] armors=0, targets=0
[DEBUG] armors=0, targets=0
[DEBUG] armors=0, targets=0
[DEBUG] armors=0, targets=0
[2026-09-05 14:07:14.202] [info] [SYNC][XUC] mode=1 yaw=-7.80 deg pitch=-14.13 deg feeder_rpm=0.00 wheel0_rpm=3100 wheel1_rpm=3140 wheel_delta=-40 projectile_speed=9.50
[DEBUG] armors=0, targets=0
[DEBUG] armors=0, targets=0
[DEBUG] armors=0, targets=0
[DEBUG] armors=0, targets=0
[DEBUG] armors=0, targets=0
[2026-09-05 14:07:14.278] [info] [SYNC][XUC] mode=1 yaw=-7.82 deg pitch=-14.13 deg feeder_rpm=0.00 wheel0_rpm=3060 wheel1_rpm=3160 wheel_delta=-100 projectile_speed=9.50
[DEBUG] armors=0, targets=0
[2026-09-05 14:07:14.291] [info] [DRYRUN] target=none gimbal_deg=(7.82,-14.13) control=false shoot=false
[2026-09-05 14:07:14.293] [info] [PERF] 总耗时=14.9ms (检测=12.5ms, 跟踪=0.0ms), FPS=67.2
[2026-09-05 14:07:14.293] [info] 📊 [CAMERA FPS] 瞬时帧率=67.1fps, 平均帧率=64.5fps, 总帧数=8400, 运行时间=130.2s
[DEBUG] armors=0, targets=0
[DEBUG] armors=0, targets=0
[DEBUG] armors=0, targets=0
[DEBUG] armors=0, targets=0
[2026-09-05 14:07:14.353] [info] [SYNC][XUC] mode=1 yaw=-7.81 deg pitch=-14.13 deg feeder_rpm=0.00 wheel0_rpm=3100 wheel1_rpm=3160 wheel_delta=-60 projectile_speed=9.50
[DEBUG] armors=0, targets=0
[DEBUG] armors=0, targets=0
[DEBUG] armors=0, targets=0
[DEBUG] armors=0, targets=0
[DEBUG] armors=0, targets=0
[2026-09-05 14:07:14.428] [info] [SYNC][XUC] mode=1 yaw=-7.81 deg pitch=-14.14 deg feeder_rpm=-4.00 wheel0_rpm=3060 wheel1_rpm=3120 wheel_delta=-60 projectile_speed=9.50
[DEBUG] armors=0, targets=0
[DEBUG] armors=0, targets=0
[DEBUG] armors=0, targets=0
[DEBUG] armors=0, targets=0
[DEBUG] armors=0, targets=0
[2026-09-05 14:07:14.504] [info] [SYNC][XUC] mode=1 yaw=-7.81 deg pitch=-14.14 deg feeder_rpm=-4.00 wheel0_rpm=3100 wheel1_rpm=3140 wheel_delta=-40 projectile_speed=9.50
[DEBUG] armors=0, targets=0
[DEBUG] armors=0, targets=0
[DEBUG] armors=0, targets=0
[DEBUG] armors=0, targets=0
[DEBUG] armors=0, targets=0
[2026-09-05 14:07:14.578] [info] [SYNC][XUC] mode=1 yaw=-7.81 deg pitch=-14.14 deg feeder_rpm=0.00 wheel0_rpm=3060 wheel1_rpm=3120 wheel_delta=-60 projectile_speed=9.50
[DEBUG] armors=0, targets=0
[2026-09-05 14:07:14.590] [info] [DRYRUN] target=none gimbal_deg=(7.81,-14.14) control=false shoot=false
[DEBUG] armors=0, targets=0
[DEBUG] armors=0, targets=0
[DEBUG] armors=0, targets=0
[DEBUG] armors=0, targets=0
[2026-09-05 14:07:14.651] [info] [SYNC][XUC] mode=1 yaw=-7.81 deg pitch=-14.13 deg feeder_rpm=0.00 wheel0_rpm=3060 wheel1_rpm=3180 wheel_delta=-120 projectile_speed=9.50
[DEBUG] armors=0, targets=0
[DEBUG] armors=0, targets=0
[DEBUG] armors=0, targets=0
[DEBUG] armors=0, targets=0
[DEBUG] armors=0, targets=0
[2026-09-05 14:07:14.724] [info] [SYNC][XUC] mode=1 yaw=-7.81 deg pitch=-14.14 deg feeder_rpm=0.00 wheel0_rpm=3080 wheel1_rpm=3140 wheel_delta=-60 projectile_speed=9.50
[DEBUG] armors=0, targets=0
[DEBUG] armors=0, targets=0
[DEBUG] armors=0, targets=0
[DEBUG] armors=0, targets=0
[DEBUG] armors=0, targets=0
[2026-09-05 14:07:14.798] [info] [SYNC][XUC] mode=1 yaw=-7.81 deg pitch=-14.14 deg feeder_rpm=0.00 wheel0_rpm=3120 wheel1_rpm=3180 wheel_delta=-60 projectile_speed=9.50
[DEBUG] armors=0, targets=0
[DEBUG] armors=0, targets=0
[DEBUG] armors=0, targets=0
[DEBUG] armors=0, targets=0
[DEBUG] armors=0, targets=0
[2026-09-05 14:07:14.872] [info] [SYNC][XUC] mode=1 yaw=-7.82 deg pitch=-14.14 deg feeder_rpm=0.00 wheel0_rpm=3100 wheel1_rpm=3140 wheel_delta=-40 projectile_speed=9.50
[DEBUG] armors=0, targets=0
[2026-09-05 14:07:14.884] [info] [DRYRUN] target=none gimbal_deg=(7.82,-14.14) control=false shoot=false
[DEBUG] armors=0, targets=0
[DEBUG] armors=0, targets=0
[DEBUG] armors=0, targets=0
[DEBUG] armors=0, targets=0
[2026-09-05 14:07:14.947] [info] [SYNC][XUC] mode=1 yaw=-7.81 deg pitch=-14.14 deg feeder_rpm=0.00 wheel0_rpm=3100 wheel1_rpm=3180 wheel_delta=-80 projectile_speed=9.50
[DEBUG] armors=0, targets=0
[DEBUG] armors=0, targets=0
[DEBUG] armors=0, targets=0
[DEBUG] armors=0, targets=0
[DEBUG] armors=0, targets=0
[2026-09-05 14:07:15.021] [info] [SYNC][XUC] mode=1 yaw=-7.80 deg pitch=-14.15 deg feeder_rpm=0.00 wheel0_rpm=3120 wheel1_rpm=3160 wheel_delta=-40 projectile_speed=9.50
[DEBUG] armors=0, targets=0
[2026-09-05 14:07:15.037] [info] [PERF] 总耗时=15.6ms (检测=13.4ms, 跟踪=0.0ms), FPS=64.0
[2026-09-05 14:07:15.037] [info] 📊 [CAMERA FPS] 瞬时帧率=63.9fps, 平均帧率=64.5fps, 总帧数=8450, 运行时间=130.9s
[DEBUG] armors=0, targets=0
[DEBUG] armors=0, targets=0
[DEBUG] armors=0, targets=0
[DEBUG] armors=0, targets=0
[2026-09-05 14:07:15.096] [info] [SYNC][XUC] mode=1 yaw=-7.80 deg pitch=-14.15 deg feeder_rpm=0.00 wheel0_rpm=3120 wheel1_rpm=3140 wheel_delta=-20 projectile_speed=9.50
[DEBUG] armors=0, targets=0
[DEBUG] armors=0, targets=0
[DEBUG] armors=0, targets=0
[DEBUG] armors=0, targets=0
[DEBUG] armors=0, targets=0
[2026-09-05 14:07:15.170] [info] [SYNC][XUC] mode=1 yaw=-7.80 deg pitch=-14.15 deg feeder_rpm=0.00 wheel0_rpm=3100 wheel1_rpm=3140 wheel_delta=-40 projectile_speed=9.50
[DEBUG] armors=0, targets=0
[2026-09-05 14:07:15.183] [info] [DRYRUN] target=none gimbal_deg=(7.80,-14.15) control=false shoot=false
[DEBUG] armors=0, targets=0
[DEBUG] armors=0, targets=0
[DEBUG] armors=0, targets=0
[DEBUG] armors=0, targets=0
[2026-09-05 14:07:15.246] [info] [SYNC][XUC] mode=1 yaw=-7.80 deg pitch=-14.16 deg feeder_rpm=0.00 wheel0_rpm=3060 wheel1_rpm=3160 wheel_delta=-100 projectile_speed=9.50
[DEBUG] armors=0, targets=0
[DEBUG] armors=0, targets=0
[DEBUG] armors=0, targets=0
[DEBUG] armors=0, targets=0
[DEBUG] armors=0, targets=0
[2026-09-05 14:07:15.323] [info] [SYNC][XUC] mode=1 yaw=-7.80 deg pitch=-14.16 deg feeder_rpm=0.00 wheel0_rpm=3080 wheel1_rpm=3160 wheel_delta=-80 projectile_speed=9.50
[DEBUG] armors=0, targets=0
[DEBUG] armors=0, targets=0
[DEBUG] armors=0, targets=0
[DEBUG] armors=0, targets=0
[DEBUG] armors=0, targets=0
[2026-09-05 14:07:15.397] [info] [SYNC][XUC] mode=1 yaw=-7.80 deg pitch=-14.15 deg feeder_rpm=0.00 wheel0_rpm=3140 wheel1_rpm=3120 wheel_delta=20 projectile_speed=9.50
[DEBUG] armors=0, targets=0
[DEBUG] armors=0, targets=0
[DEBUG] armors=0, targets=0
[DEBUG] armors=0, targets=0
[DEBUG] armors=0, targets=0
[2026-09-05 14:07:15.472] [info] [SYNC][XUC] mode=1 yaw=-7.80 deg pitch=-14.15 deg feeder_rpm=0.00 wheel0_rpm=3060 wheel1_rpm=3140 wheel_delta=-80 projectile_speed=9.50
[DEBUG] armors=0, targets=0
[2026-09-05 14:07:15.485] [info] [DRYRUN] target=none gimbal_deg=(7.80,-14.15) control=false shoot=false
[DEBUG] armors=0, targets=0
[DEBUG] armors=0, targets=0
[DEBUG] armors=0, targets=0
[DEBUG] armors=0, targets=0
[2026-09-05 14:07:15.548] [info] [SYNC][XUC] mode=1 yaw=-7.79 deg pitch=-14.15 deg feeder_rpm=0.00 wheel0_rpm=3100 wheel1_rpm=3180 wheel_delta=-80 projectile_speed=9.50
[DEBUG] armors=0, targets=0
[DEBUG] armors=0, targets=0
[DEBUG] armors=0, targets=0
[DEBUG] armors=0, targets=0
[DEBUG] armors=0, targets=0
[2026-09-05 14:07:15.625] [info] [SYNC][XUC] mode=1 yaw=-7.80 deg pitch=-14.16 deg feeder_rpm=0.00 wheel0_rpm=3040 wheel1_rpm=3160 wheel_delta=-120 projectile_speed=9.50
[DEBUG] armors=0, targets=0
[DEBUG] armors=0, targets=0
[DEBUG] armors=0, targets=0
[DEBUG] armors=0, targets=0
[DEBUG] armors=0, targets=0
[2026-09-05 14:07:15.700] [info] [SYNC][XUC] mode=1 yaw=-7.80 deg pitch=-14.15 deg feeder_rpm=0.00 wheel0_rpm=3100 wheel1_rpm=3140 wheel_delta=-40 projectile_speed=9.50
[DEBUG] armors=0, targets=0
[DEBUG] armors=0, targets=0
[DEBUG] armors=0, targets=0
[DEBUG] armors=0, targets=0
[DEBUG] armors=0, targets=0
[2026-09-05 14:07:15.778] [info] [SYNC][XUC] mode=1 yaw=-7.80 deg pitch=-14.15 deg feeder_rpm=0.00 wheel0_rpm=3060 wheel1_rpm=3160 wheel_delta=-100 projectile_speed=9.50
[DEBUG] armors=0, targets=0
[2026-09-05 14:07:15.792] [info] [DRYRUN] target=none gimbal_deg=(7.80,-14.15) control=false shoot=false
[2026-09-05 14:07:15.794] [info] [PERF] 总耗时=15.3ms (检测=13.1ms, 跟踪=0.0ms), FPS=65.2
[2026-09-05 14:07:15.794] [info] 📊 [CAMERA FPS] 瞬时帧率=65.1fps, 平均帧率=64.6fps, 总帧数=8500, 运行时间=131.7s
[DEBUG] armors=0, targets=0
[DEBUG] armors=0, targets=0
[DEBUG] armors=0, targets=0
[DEBUG] armors=0, targets=0
[2026-09-05 14:07:15.853] [info] [SYNC][XUC] mode=1 yaw=-7.80 deg pitch=-14.15 deg feeder_rpm=0.00 wheel0_rpm=3080 wheel1_rpm=3140 wheel_delta=-60 projectile_speed=9.50
[DEBUG] armors=0, targets=0
[DEBUG] armors=0, targets=0
[DEBUG] armors=0, targets=0
[DEBUG] armors=0, targets=0
[DEBUG] armors=0, targets=0
[2026-09-05 14:07:15.930] [info] [SYNC][XUC] mode=1 yaw=-7.80 deg pitch=-14.15 deg feeder_rpm=0.00 wheel0_rpm=3100 wheel1_rpm=3160 wheel_delta=-60 projectile_speed=9.50
[DEBUG] armors=0, targets=0
[DEBUG] armors=0, targets=0
[DEBUG] armors=0, targets=0
[DEBUG] armors=0, targets=0
[DEBUG] armors=0, targets=0
[2026-09-05 14:07:16.005] [info] [SYNC][XUC] mode=1 yaw=-7.80 deg pitch=-14.16 deg feeder_rpm=0.00 wheel0_rpm=3080 wheel1_rpm=3140 wheel_delta=-60 projectile_speed=9.50
[DEBUG] armors=0, targets=0
[DEBUG] armors=0, targets=0
[DEBUG] armors=0, targets=0
[DEBUG] armors=0, targets=0
[DEBUG] armors=0, targets=0
[2026-09-05 14:07:16.082] [info] [SYNC][XUC] mode=1 yaw=-7.80 deg pitch=-14.16 deg feeder_rpm=0.00 wheel0_rpm=3100 wheel1_rpm=3160 wheel_delta=-60 projectile_speed=9.50
[DEBUG] armors=0, targets=0
[2026-09-05 14:07:16.094] [info] [DRYRUN] target=none gimbal_deg=(7.80,-14.16) control=false shoot=false
[DEBUG] armors=0, targets=0
[DEBUG] armors=0, targets=0
[DEBUG] armors=0, targets=0
[DEBUG] armors=0, targets=0
[2026-09-05 14:07:16.157] [info] [SYNC][XUC] mode=1 yaw=-7.80 deg pitch=-14.16 deg feeder_rpm=-4.00 wheel0_rpm=3040 wheel1_rpm=3160 wheel_delta=-120 projectile_speed=9.50
[DEBUG] armors=0, targets=0
[DEBUG] armors=0, targets=0
[DEBUG] armors=0, targets=0
[DEBUG] armors=0, targets=0
[DEBUG] armors=0, targets=0
[2026-09-05 14:07:16.233] [info] [SYNC][XUC] mode=1 yaw=-7.80 deg pitch=-14.16 deg feeder_rpm=0.00 wheel0_rpm=3080 wheel1_rpm=3140 wheel_delta=-60 projectile_speed=9.50
[DEBUG] armors=0, targets=0
[DEBUG] armors=0, targets=0
[DEBUG] armors=0, targets=0
[DEBUG] armors=0, targets=0
[DEBUG] armors=0, targets=0
[2026-09-05 14:07:16.310] [info] [SYNC][XUC] mode=1 yaw=-7.80 deg pitch=-14.16 deg feeder_rpm=0.00 wheel0_rpm=3060 wheel1_rpm=3160 wheel_delta=-100 projectile_speed=9.50
[DEBUG] armors=0, targets=0
[DEBUG] armors=0, targets=0
[DEBUG] armors=0, targets=0
[DEBUG] armors=0, targets=0
[DEBUG] armors=0, targets=0
[2026-09-05 14:07:16.386] [info] [SYNC][XUC] mode=1 yaw=-7.80 deg pitch=-14.16 deg feeder_rpm=0.00 wheel0_rpm=3040 wheel1_rpm=3120 wheel_delta=-80 projectile_speed=9.50
[DEBUG] armors=0, targets=0
[2026-09-05 14:07:16.399] [info] [DRYRUN] target=none gimbal_deg=(7.80,-14.16) control=false shoot=false
[DEBUG] armors=0, targets=0
[DEBUG] armors=0, targets=0
[DEBUG] armors=0, targets=0
[DEBUG] armors=0, targets=0
[2026-09-05 14:07:16.461] [info] [SYNC][XUC] mode=1 yaw=-7.80 deg pitch=-14.16 deg feeder_rpm=0.00 wheel0_rpm=3060 wheel1_rpm=3160 wheel_delta=-100 projectile_speed=9.50
[DEBUG] armors=0, targets=0
[DEBUG] armors=0, targets=0
[DEBUG] armors=0, targets=0
[DEBUG] armors=0, targets=0
[DEBUG] armors=0, targets=0
[2026-09-05 14:07:16.534] [info] [SYNC][XUC] mode=1 yaw=-7.80 deg pitch=-14.16 deg feeder_rpm=0.00 wheel0_rpm=3120 wheel1_rpm=3160 wheel_delta=-40 projectile_speed=9.50
[DEBUG] armors=0, targets=0
[2026-09-05 14:07:16.549] [info] [PERF] 总耗时=15.1ms (检测=12.8ms, 跟踪=0.0ms), FPS=66.4
[2026-09-05 14:07:16.549] [info] 📊 [CAMERA FPS] 瞬时帧率=66.3fps, 平均帧率=64.6fps, 总帧数=8550, 运行时间=132.4s
[DEBUG] armors=0, targets=0
[DEBUG] armors=0, targets=0
[DEBUG] armors=0, targets=0
[DEBUG] armors=0, targets=0
[2026-09-05 14:07:16.610] [info] [SYNC][XUC] mode=1 yaw=-7.80 deg pitch=-14.16 deg feeder_rpm=0.00 wheel0_rpm=3080 wheel1_rpm=3160 wheel_delta=-80 projectile_speed=9.50
[DEBUG] armors=0, targets=0
[DEBUG] armors=0, targets=0
[DEBUG] armors=0, targets=0
[DEBUG] armors=0, targets=0
[DEBUG] armors=0, targets=0
[2026-09-05 14:07:16.687] [info] [SYNC][XUC] mode=1 yaw=-7.80 deg pitch=-14.16 deg feeder_rpm=0.00 wheel0_rpm=3080 wheel1_rpm=3160 wheel_delta=-80 projectile_speed=9.50
[DEBUG] armors=0, targets=0
[2026-09-05 14:07:16.700] [info] [DRYRUN] target=none gimbal_deg=(7.80,-14.16) control=false shoot=false
[DEBUG] armors=0, targets=0
[DEBUG] armors=0, targets=0
[DEBUG] armors=0, targets=0
[DEBUG] armors=0, targets=0
[2026-09-05 14:07:16.764] [info] [SYNC][XUC] mode=1 yaw=-7.80 deg pitch=-14.16 deg feeder_rpm=0.00 wheel0_rpm=3120 wheel1_rpm=3120 wheel_delta=0 projectile_speed=9.50
[DEBUG] armors=0, targets=0
[DEBUG] armors=0, targets=0
[DEBUG] armors=0, targets=0
[DEBUG] armors=0, targets=0
[DEBUG] armors=0, targets=0
[2026-09-05 14:07:16.838] [info] [SYNC][XUC] mode=1 yaw=-7.80 deg pitch=-14.16 deg feeder_rpm=-4.00 wheel0_rpm=3100 wheel1_rpm=3120 wheel_delta=-20 projectile_speed=9.50
[DEBUG] armors=0, targets=0
[DEBUG] armors=0, targets=0
[DEBUG] armors=0, targets=0
[DEBUG] armors=0, targets=0
[DEBUG] armors=0, targets=0
[2026-09-05 14:07:16.914] [info] [SYNC][XUC] mode=1 yaw=-7.80 deg pitch=-14.16 deg feeder_rpm=0.00 wheel0_rpm=3100 wheel1_rpm=3160 wheel_delta=-60 projectile_speed=9.50
[DEBUG] armors=0, targets=0
[DEBUG] armors=0, targets=0
[DEBUG] armors=0, targets=0
[DEBUG] armors=0, targets=0
[DEBUG] armors=0, targets=0
[2026-09-05 14:07:16.990] [info] [SYNC][XUC] mode=1 yaw=-7.80 deg pitch=-14.16 deg feeder_rpm=0.00 wheel0_rpm=3040 wheel1_rpm=3160 wheel_delta=-120 projectile_speed=9.50
[DEBUG] armors=0, targets=0
[2026-09-05 14:07:17.003] [info] [DRYRUN] target=none gimbal_deg=(7.80,-14.16) control=false shoot=false
[DEBUG] armors=0, targets=0
[DEBUG] armors=0, targets=0
[DEBUG] armors=0, targets=0
[DEBUG] armors=0, targets=0
[2026-09-05 14:07:17.066] [info] [SYNC][XUC] mode=1 yaw=-7.80 deg pitch=-14.16 deg feeder_rpm=-4.00 wheel0_rpm=3060 wheel1_rpm=3180 wheel_delta=-120 projectile_speed=9.50
[DEBUG] armors=0, targets=0
[DEBUG] armors=0, targets=0
[DEBUG] armors=0, targets=0
[DEBUG] armors=0, targets=0
[DEBUG] armors=0, targets=0
[2026-09-05 14:07:17.140] [info] [SYNC][XUC] mode=1 yaw=-7.80 deg pitch=-14.16 deg feeder_rpm=0.00 wheel0_rpm=3120 wheel1_rpm=3140 wheel_delta=-20 projectile_speed=9.50
[DEBUG] armors=0, targets=0
[DEBUG] armors=0, targets=0
[DEBUG] armors=0, targets=0
[DEBUG] armors=0, targets=0
[DEBUG] armors=0, targets=0
[2026-09-05 14:07:17.216] [info] [SYNC][XUC] mode=1 yaw=-7.80 deg pitch=-14.16 deg feeder_rpm=0.00 wheel0_rpm=3060 wheel1_rpm=3160 wheel_delta=-100 projectile_speed=9.50
[DEBUG] armors=0, targets=0
[DEBUG] armors=0, targets=0
[DEBUG] armors=0, targets=0
[DEBUG] armors=0, targets=0
[DEBUG] armors=0, targets=0
[2026-09-05 14:07:17.292] [info] [SYNC][XUC] mode=1 yaw=-7.80 deg pitch=-14.16 deg feeder_rpm=0.00 wheel0_rpm=3080 wheel1_rpm=3160 wheel_delta=-80 projectile_speed=9.50
[DEBUG] armors=0, targets=0
[2026-09-05 14:07:17.305] [info] [DRYRUN] target=none gimbal_deg=(7.80,-14.16) control=false shoot=false
[2026-09-05 14:07:17.307] [info] [PERF] 总耗时=14.9ms (检测=12.6ms, 跟踪=0.0ms), FPS=67.1
[2026-09-05 14:07:17.307] [info] 📊 [CAMERA FPS] 瞬时帧率=67.0fps, 平均帧率=64.6fps, 总帧数=8600, 运行时间=133.2s
[DEBUG] armors=0, targets=0
[DEBUG] armors=0, targets=0
[DEBUG] armors=0, targets=0
[DEBUG] armors=0, targets=0
[2026-09-05 14:07:17.367] [info] [SYNC][XUC] mode=1 yaw=-7.80 deg pitch=-14.16 deg feeder_rpm=-4.00 wheel0_rpm=3120 wheel1_rpm=3140 wheel_delta=-20 projectile_speed=9.50
[DEBUG] armors=0, targets=0
[DEBUG] armors=0, targets=0
[DEBUG] armors=0, targets=0
[DEBUG] armors=0, targets=0
[DEBUG] armors=0, targets=0
[2026-09-05 14:07:17.443] [info] [SYNC][XUC] mode=1 yaw=-7.80 deg pitch=-14.16 deg feeder_rpm=0.00 wheel0_rpm=3100 wheel1_rpm=3120 wheel_delta=-20 projectile_speed=9.50
[DEBUG] armors=0, targets=0
[DEBUG] armors=0, targets=0
[DEBUG] armors=0, targets=0
[DEBUG] armors=0, targets=0
[DEBUG] armors=0, targets=0
[2026-09-05 14:07:17.517] [info] [SYNC][XUC] mode=1 yaw=-7.80 deg pitch=-14.16 deg feeder_rpm=0.00 wheel0_rpm=3140 wheel1_rpm=3140 wheel_delta=0 projectile_speed=9.50
[DEBUG] armors=0, targets=0
[DEBUG] armors=0, targets=0
[DEBUG] armors=0, targets=0
[DEBUG] armors=0, targets=0
[DEBUG] armors=0, targets=0
[2026-09-05 14:07:17.594] [info] [SYNC][XUC] mode=1 yaw=-7.80 deg pitch=-14.16 deg feeder_rpm=0.00 wheel0_rpm=3120 wheel1_rpm=3160 wheel_delta=-40 projectile_speed=9.50
[DEBUG] armors=0, targets=0
[2026-09-05 14:07:17.606] [info] [DRYRUN] target=none gimbal_deg=(7.80,-14.16) control=false shoot=false
[DEBUG] armors=0, targets=0
[DEBUG] armors=0, targets=0
[DEBUG] armors=0, targets=0
[DEBUG] armors=0, targets=0
[2026-09-05 14:07:17.670] [info] [SYNC][XUC] mode=1 yaw=-7.80 deg pitch=-14.16 deg feeder_rpm=0.00 wheel0_rpm=3120 wheel1_rpm=3180 wheel_delta=-60 projectile_speed=9.50
[DEBUG] armors=0, targets=0
[DEBUG] armors=0, targets=0
[DEBUG] armors=0, targets=0
[DEBUG] armors=0, targets=0
[DEBUG] armors=0, targets=0
[2026-09-05 14:07:17.747] [info] [SYNC][XUC] mode=1 yaw=-7.80 deg pitch=-14.16 deg feeder_rpm=0.00 wheel0_rpm=3120 wheel1_rpm=3180 wheel_delta=-60 projectile_speed=9.50
[DEBUG] armors=0, targets=0
[DEBUG] armors=0, targets=0
[DEBUG] armors=0, targets=0
[DEBUG] armors=0, targets=0
[DEBUG] armors=0, targets=0
[2026-09-05 14:07:17.822] [info] [SYNC][XUC] mode=1 yaw=-7.80 deg pitch=-14.16 deg feeder_rpm=0.00 wheel0_rpm=3080 wheel1_rpm=3140 wheel_delta=-60 projectile_speed=9.50
[DEBUG] armors=0, targets=0
[DEBUG] armors=0, targets=0
[DEBUG] armors=0, targets=0
[DEBUG] armors=0, targets=0
[DEBUG] armors=0, targets=0
[2026-09-05 14:07:17.898] [info] [SYNC][XUC] mode=1 yaw=-7.80 deg pitch=-14.16 deg feeder_rpm=0.00 wheel0_rpm=3120 wheel1_rpm=3140 wheel_delta=-20 projectile_speed=9.50
[DEBUG] armors=0, targets=0
[2026-09-05 14:07:17.910] [info] [DRYRUN] target=none gimbal_deg=(7.80,-14.16) control=false shoot=false
[DEBUG] armors=0, targets=0
[DEBUG] armors=0, targets=0
[DEBUG] armors=0, targets=0
[DEBUG] armors=0, targets=0
[2026-09-05 14:07:17.974] [info] [SYNC][XUC] mode=1 yaw=-7.80 deg pitch=-14.16 deg feeder_rpm=-4.00 wheel0_rpm=3060 wheel1_rpm=3160 wheel_delta=-100 projectile_speed=9.50
[DEBUG] armors=0, targets=0
[DEBUG] armors=0, targets=0
[DEBUG] armors=0, targets=0
[DEBUG] armors=0, targets=0
[DEBUG] armors=0, targets=0
[2026-09-05 14:07:18.051] [info] [SYNC][XUC] mode=1 yaw=-7.80 deg pitch=-14.16 deg feeder_rpm=0.00 wheel0_rpm=3100 wheel1_rpm=3140 wheel_delta=-40 projectile_speed=9.50
[DEBUG] armors=0, targets=0
[2026-09-05 14:07:18.066] [info] [PERF] 总耗时=15.0ms (检测=12.7ms, 跟踪=0.0ms), FPS=66.7
[2026-09-05 14:07:18.066] [info] 📊 [CAMERA FPS] 瞬时帧率=66.5fps, 平均帧率=64.6fps, 总帧数=8650, 运行时间=133.9s
[DEBUG] armors=0, targets=0
[DEBUG] armors=0, targets=0
[DEBUG] armors=0, targets=0
[DEBUG] armors=0, targets=0
[2026-09-05 14:07:18.127] [info] [SYNC][XUC] mode=1 yaw=-7.80 deg pitch=-14.16 deg feeder_rpm=-4.00 wheel0_rpm=3060 wheel1_rpm=3180 wheel_delta=-120 projectile_speed=9.50
[DEBUG] armors=0, targets=0
[DEBUG] armors=0, targets=0
[DEBUG] armors=0, targets=0
[DEBUG] armors=0, targets=0
[DEBUG] armors=0, targets=0
[2026-09-05 14:07:18.202] [info] [SYNC][XUC] mode=1 yaw=-7.80 deg pitch=-14.16 deg feeder_rpm=0.00 wheel0_rpm=3120 wheel1_rpm=3140 wheel_delta=-20 projectile_speed=9.50
[DEBUG] armors=0, targets=0
[2026-09-05 14:07:18.214] [info] [DRYRUN] target=none gimbal_deg=(7.80,-14.16) control=false shoot=false
[DEBUG] armors=0, targets=0
[DEBUG] armors=0, targets=0
[DEBUG] armors=0, targets=0
[DEBUG] armors=0, targets=0
[2026-09-05 14:07:18.277] [info] [SYNC][XUC] mode=1 yaw=-7.80 deg pitch=-14.16 deg feeder_rpm=0.00 wheel0_rpm=3120 wheel1_rpm=3160 wheel_delta=-40 projectile_speed=9.50
[DEBUG] armors=0, targets=0
[DEBUG] armors=0, targets=0
[DEBUG] armors=0, targets=0
[DEBUG] armors=0, targets=0
[DEBUG] armors=0, targets=0
[2026-09-05 14:07:18.352] [info] [SYNC][XUC] mode=1 yaw=-7.80 deg pitch=-14.16 deg feeder_rpm=0.00 wheel0_rpm=3100 wheel1_rpm=3160 wheel_delta=-60 projectile_speed=9.50
[DEBUG] armors=0, targets=0
[DEBUG] armors=0, targets=0
[DEBUG] armors=0, targets=0
[DEBUG] armors=0, targets=0
[DEBUG] armors=0, targets=0
[2026-09-05 14:07:18.426] [info] [SYNC][XUC] mode=1 yaw=-7.80 deg pitch=-14.16 deg feeder_rpm=0.00 wheel0_rpm=3060 wheel1_rpm=3120 wheel_delta=-60 projectile_speed=9.50
[DEBUG] armors=0, targets=0
[DEBUG] armors=0, targets=0
[DEBUG] armors=0, targets=0
[DEBUG] armors=0, targets=0
[DEBUG] armors=0, targets=0
[2026-09-05 14:07:18.501] [info] [SYNC][XUC] mode=1 yaw=-7.80 deg pitch=-14.16 deg feeder_rpm=0.00 wheel0_rpm=3080 wheel1_rpm=3160 wheel_delta=-80 projectile_speed=9.50
[DEBUG] armors=0, targets=0
[2026-09-05 14:07:18.514] [info] [DRYRUN] target=none gimbal_deg=(7.80,-14.16) control=false shoot=false
[DEBUG] armors=0, targets=0
[DEBUG] armors=0, targets=0
[DEBUG] armors=0, targets=0
[DEBUG] armors=0, targets=0
[2026-09-05 14:07:18.576] [info] [SYNC][XUC] mode=1 yaw=-7.80 deg pitch=-14.16 deg feeder_rpm=0.00 wheel0_rpm=3060 wheel1_rpm=3140 wheel_delta=-80 projectile_speed=9.50
[DEBUG] armors=0, targets=0
[DEBUG] armors=0, targets=0
[DEBUG] armors=0, targets=0
[DEBUG] armors=0, targets=0
[DEBUG] armors=0, targets=0
[2026-09-05 14:07:18.651] [info] [SYNC][XUC] mode=1 yaw=-7.80 deg pitch=-14.16 deg feeder_rpm=-4.00 wheel0_rpm=3140 wheel1_rpm=3160 wheel_delta=-20 projectile_speed=9.50
[DEBUG] armors=0, targets=0
[DEBUG] armors=0, targets=0
[DEBUG] armors=0, targets=0
[DEBUG] armors=0, targets=0
[DEBUG] armors=0, targets=0
[2026-09-05 14:07:18.726] [info] [SYNC][XUC] mode=1 yaw=-7.80 deg pitch=-14.16 deg feeder_rpm=0.00 wheel0_rpm=3140 wheel1_rpm=3140 wheel_delta=0 projectile_speed=9.50
[DEBUG] armors=0, targets=0
[DEBUG] armors=0, targets=0
[DEBUG] armors=0, targets=0
[DEBUG] armors=0, targets=0
[DEBUG] armors=0, targets=0
[2026-09-05 14:07:18.803] [info] [SYNC][XUC] mode=1 yaw=-7.80 deg pitch=-14.16 deg feeder_rpm=0.00 wheel0_rpm=3100 wheel1_rpm=3160 wheel_delta=-60 projectile_speed=9.50
[DEBUG] armors=0, targets=0
[2026-09-05 14:07:18.816] [info] [DRYRUN] target=none gimbal_deg=(7.80,-14.16) control=false shoot=false
[2026-09-05 14:07:18.819] [info] [PERF] 总耗时=16.0ms (检测=13.6ms, 跟踪=0.0ms), FPS=62.4
[2026-09-05 14:07:18.819] [info] 📊 [CAMERA FPS] 瞬时帧率=62.3fps, 平均帧率=64.6fps, 总帧数=8700, 运行时间=134.7s
[DEBUG] armors=0, targets=0
[DEBUG] armors=0, targets=0
[DEBUG] armors=0, targets=0
[DEBUG] armors=0, targets=0
[2026-09-05 14:07:18.882] [info] [SYNC][XUC] mode=1 yaw=-7.80 deg pitch=-14.16 deg feeder_rpm=-4.00 wheel0_rpm=3140 wheel1_rpm=3140 wheel_delta=0 projectile_speed=9.50
[DEBUG] armors=0, targets=0
[DEBUG] armors=0, targets=0
[DEBUG] armors=0, targets=0
[DEBUG] armors=0, targets=0
[DEBUG] armors=0, targets=0
[2026-09-05 14:07:18.958] [info] [SYNC][XUC] mode=1 yaw=-7.80 deg pitch=-14.16 deg feeder_rpm=0.00 wheel0_rpm=3140 wheel1_rpm=3140 wheel_delta=0 projectile_speed=9.50
[DEBUG] armors=0, targets=0
[DEBUG] armors=0, targets=0
[DEBUG] armors=0, targets=0
[DEBUG] armors=0, targets=0
[DEBUG] armors=0, targets=0
[2026-09-05 14:07:19.035] [info] [SYNC][XUC] mode=1 yaw=-7.80 deg pitch=-14.16 deg feeder_rpm=0.00 wheel0_rpm=3140 wheel1_rpm=3140 wheel_delta=0 projectile_speed=9.50
[DEBUG] armors=0, targets=0
[DEBUG] armors=0, targets=0
[DEBUG] armors=0, targets=0
[DEBUG] armors=0, targets=0
[DEBUG] armors=0, targets=0
[2026-09-05 14:07:19.116] [info] [SYNC][XUC] mode=1 yaw=-7.80 deg pitch=-14.16 deg feeder_rpm=-4.00 wheel0_rpm=3060 wheel1_rpm=3160 wheel_delta=-100 projectile_speed=9.50
[DEBUG] armors=0, targets=0
[2026-09-05 14:07:19.132] [info] [DRYRUN] target=none gimbal_deg=(7.80,-14.16) control=false shoot=false
[DEBUG] armors=0, targets=0
[DEBUG] armors=0, targets=0
[DEBUG] armors=0, targets=0
[DEBUG] armors=0, targets=0
[2026-09-05 14:07:19.196] [info] [SYNC][XUC] mode=1 yaw=-7.80 deg pitch=-14.16 deg feeder_rpm=0.00 wheel0_rpm=3080 wheel1_rpm=3140 wheel_delta=-60 projectile_speed=9.50
[DEBUG] armors=0, targets=0
[DEBUG] armors=0, targets=0
[DEBUG] armors=0, targets=0
[DEBUG] armors=0, targets=0
[DEBUG] armors=0, targets=0
[2026-09-05 14:07:19.272] [info] [SYNC][XUC] mode=1 yaw=-7.80 deg pitch=-14.16 deg feeder_rpm=0.00 wheel0_rpm=3080 wheel1_rpm=3140 wheel_delta=-60 projectile_speed=9.50
[DEBUG] armors=0, targets=0
[DEBUG] armors=0, targets=0
[DEBUG] armors=0, targets=0
[DEBUG] armors=0, targets=0
[DEBUG] armors=0, targets=0
[2026-09-05 14:07:19.348] [info] [SYNC][XUC] mode=1 yaw=-7.80 deg pitch=-14.16 deg feeder_rpm=0.00 wheel0_rpm=3080 wheel1_rpm=3120 wheel_delta=-40 projectile_speed=9.50
[DEBUG] armors=0, targets=0
[DEBUG] armors=0, targets=0
[DEBUG] armors=0, targets=0
[DEBUG] armors=0, targets=0
[DEBUG] armors=0, targets=0
[2026-09-05 14:07:19.425] [info] [SYNC][XUC] mode=1 yaw=-7.80 deg pitch=-14.16 deg feeder_rpm=0.00 wheel0_rpm=3120 wheel1_rpm=3160 wheel_delta=-40 projectile_speed=9.50
[DEBUG] armors=0, targets=0
[2026-09-05 14:07:19.439] [info] [DRYRUN] target=none gimbal_deg=(7.80,-14.16) control=false shoot=false
[DEBUG] armors=0, targets=0
[DEBUG] armors=0, targets=0
[DEBUG] armors=0, targets=0
[DEBUG] armors=0, targets=0
[2026-09-05 14:07:19.502] [info] [SYNC][XUC] mode=1 yaw=-7.80 deg pitch=-14.16 deg feeder_rpm=0.00 wheel0_rpm=3140 wheel1_rpm=3140 wheel_delta=0 projectile_speed=9.50
[DEBUG] armors=0, targets=0
[DEBUG] armors=0, targets=0
[DEBUG] armors=0, targets=0
[DEBUG] armors=0, targets=0
[DEBUG] armors=0, targets=0
[2026-09-05 14:07:19.579] [info] [SYNC][XUC] mode=1 yaw=-7.80 deg pitch=-14.16 deg feeder_rpm=0.00 wheel0_rpm=3100 wheel1_rpm=3140 wheel_delta=-40 projectile_speed=9.50
[DEBUG] armors=0, targets=0
[2026-09-05 14:07:19.594] [info] [PERF] 总耗时=15.3ms (检测=13.0ms, 跟踪=0.0ms), FPS=65.6
[2026-09-05 14:07:19.594] [info] 📊 [CAMERA FPS] 瞬时帧率=65.4fps, 平均帧率=64.6fps, 总帧数=8750, 运行时间=135.5s
[DEBUG] armors=0, targets=0
[DEBUG] armors=0, targets=0
[DEBUG] armors=0, targets=0
[DEBUG] armors=0, targets=0
[2026-09-05 14:07:19.653] [info] [SYNC][XUC] mode=1 yaw=-7.80 deg pitch=-14.16 deg feeder_rpm=0.00 wheel0_rpm=3060 wheel1_rpm=3160 wheel_delta=-100 projectile_speed=9.50
[DEBUG] armors=0, targets=0
[DEBUG] armors=0, targets=0
[DEBUG] armors=0, targets=0
[DEBUG] armors=0, targets=0
[DEBUG] armors=0, targets=0
[2026-09-05 14:07:19.729] [info] [SYNC][XUC] mode=1 yaw=-7.80 deg pitch=-14.16 deg feeder_rpm=-4.00 wheel0_rpm=3100 wheel1_rpm=3140 wheel_delta=-40 projectile_speed=9.50
[DEBUG] armors=0, targets=0
[2026-09-05 14:07:19.742] [info] [DRYRUN] target=none gimbal_deg=(7.80,-14.16) control=false shoot=false
[DEBUG] armors=0, targets=0
[DEBUG] armors=0, targets=0
[DEBUG] armors=0, targets=0
[DEBUG] armors=0, targets=0
[2026-09-05 14:07:19.803] [info] [SYNC][XUC] mode=1 yaw=-7.80 deg pitch=-14.16 deg feeder_rpm=0.00 wheel0_rpm=3100 wheel1_rpm=3140 wheel_delta=-40 projectile_speed=9.50
[DEBUG] armors=0, targets=0
[DEBUG] armors=0, targets=0
[DEBUG] armors=0, targets=0
[DEBUG] armors=0, targets=0
[DEBUG] armors=0, targets=0
[2026-09-05 14:07:19.878] [info] [SYNC][XUC] mode=1 yaw=-7.80 deg pitch=-14.16 deg feeder_rpm=-4.00 wheel0_rpm=3120 wheel1_rpm=3120 wheel_delta=0 projectile_speed=9.50
[DEBUG] armors=0, targets=0
[DEBUG] armors=0, targets=0
[DEBUG] armors=0, targets=0
[DEBUG] armors=0, targets=0
[DEBUG] armors=0, targets=0
[2026-09-05 14:07:19.952] [info] [SYNC][XUC] mode=1 yaw=-7.80 deg pitch=-14.16 deg feeder_rpm=0.00 wheel0_rpm=3100 wheel1_rpm=3160 wheel_delta=-60 projectile_speed=9.50
[DEBUG] armors=0, targets=0
[DEBUG] armors=0, targets=0
[DEBUG] armors=0, targets=0
[DEBUG] armors=0, targets=0
[DEBUG] armors=0, targets=0
[2026-09-05 14:07:20.027] [info] [SYNC][XUC] mode=1 yaw=-7.80 deg pitch=-14.16 deg feeder_rpm=0.00 wheel0_rpm=3120 wheel1_rpm=3120 wheel_delta=0 projectile_speed=9.50
[DEBUG] armors=0, targets=0
[2026-09-05 14:07:20.039] [info] [DRYRUN] target=none gimbal_deg=(7.80,-14.16) control=false shoot=false
[DEBUG] armors=0, targets=0
[DEBUG] armors=0, targets=0
[DEBUG] armors=0, targets=0
[DEBUG] armors=0, targets=0
[2026-09-05 14:07:20.101] [info] [SYNC][XUC] mode=1 yaw=-7.80 deg pitch=-14.16 deg feeder_rpm=-4.00 wheel0_rpm=3080 wheel1_rpm=3180 wheel_delta=-100 projectile_speed=9.50
[DEBUG] armors=0, targets=0
[DEBUG] armors=0, targets=0
[DEBUG] armors=0, targets=0
[DEBUG] armors=0, targets=0
[DEBUG] armors=0, targets=0
[2026-09-05 14:07:20.178] [info] [SYNC][XUC] mode=1 yaw=-7.80 deg pitch=-14.16 deg feeder_rpm=0.00 wheel0_rpm=3080 wheel1_rpm=3120 wheel_delta=-40 projectile_speed=9.50
[DEBUG] armors=0, targets=0
[DEBUG] armors=0, targets=0
[DEBUG] armors=0, targets=0
[DEBUG] armors=0, targets=0
[DEBUG] armors=0, targets=0
[2026-09-05 14:07:20.259] [info] [SYNC][XUC] mode=1 yaw=-7.80 deg pitch=-14.16 deg feeder_rpm=0.00 wheel0_rpm=3140 wheel1_rpm=3160 wheel_delta=-20 projectile_speed=9.50
[DEBUG] armors=0, targets=0
[DEBUG] armors=0, targets=0
[DEBUG] armors=0, targets=0
[DEBUG] armors=0, targets=0
[DEBUG] armors=0, targets=0
[2026-09-05 14:07:20.335] [info] [SYNC][XUC] mode=1 yaw=-7.80 deg pitch=-14.16 deg feeder_rpm=0.00 wheel0_rpm=3120 wheel1_rpm=3100 wheel_delta=20 projectile_speed=9.50
[DEBUG] armors=0, targets=0
[2026-09-05 14:07:20.348] [info] [DRYRUN] target=none gimbal_deg=(7.80,-14.16) control=false shoot=false
[2026-09-05 14:07:20.350] [info] [PERF] 总耗时=15.0ms (检测=12.6ms, 跟踪=0.0ms), FPS=66.8
[2026-09-05 14:07:20.350] [info] 📊 [CAMERA FPS] 瞬时帧率=66.7fps, 平均帧率=64.6fps, 总帧数=8800, 运行时间=136.2s
[DEBUG] armors=0, targets=0
[DEBUG] armors=0, targets=0
[DEBUG] armors=0, targets=0
[DEBUG] armors=0, targets=0
[2026-09-05 14:07:20.411] [info] [SYNC][XUC] mode=1 yaw=-7.80 deg pitch=-14.16 deg feeder_rpm=0.00 wheel0_rpm=3120 wheel1_rpm=3140 wheel_delta=-20 projectile_speed=9.50
[DEBUG] armors=0, targets=0
[DEBUG] armors=0, targets=0
[DEBUG] armors=0, targets=0
[DEBUG] armors=0, targets=0
[DEBUG] armors=0, targets=0
[2026-09-05 14:07:20.487] [info] [SYNC][XUC] mode=1 yaw=-7.80 deg pitch=-14.16 deg feeder_rpm=0.00 wheel0_rpm=3120 wheel1_rpm=3180 wheel_delta=-60 projectile_speed=9.50
[DEBUG] armors=0, targets=0
[DEBUG] armors=0, targets=0
[DEBUG] armors=0, targets=0
[DEBUG] armors=0, targets=0
[DEBUG] armors=0, targets=0
[2026-09-05 14:07:20.565] [info] [SYNC][XUC] mode=1 yaw=-7.80 deg pitch=-14.16 deg feeder_rpm=0.00 wheel0_rpm=3120 wheel1_rpm=3140 wheel_delta=-20 projectile_speed=9.50
[DEBUG] armors=0, targets=0
[DEBUG] armors=0, targets=0
[DEBUG] armors=0, targets=0
[DEBUG] armors=0, targets=0
[DEBUG] armors=0, targets=0
[2026-09-05 14:07:20.642] [info] [SYNC][XUC] mode=1 yaw=-7.80 deg pitch=-14.16 deg feeder_rpm=0.00 wheel0_rpm=3120 wheel1_rpm=3160 wheel_delta=-40 projectile_speed=9.50
[DEBUG] armors=0, targets=0
[2026-09-05 14:07:20.655] [info] [DRYRUN] target=none gimbal_deg=(7.80,-14.16) control=false shoot=false
[DEBUG] armors=0, targets=0
[DEBUG] armors=0, targets=0
[DEBUG] armors=0, targets=0
[DEBUG] armors=0, targets=0
[2026-09-05 14:07:20.719] [info] [SYNC][XUC] mode=1 yaw=-7.80 deg pitch=-14.16 deg feeder_rpm=0.00 wheel0_rpm=3120 wheel1_rpm=3180 wheel_delta=-60 projectile_speed=9.50
[DEBUG] armors=0, targets=0
[DEBUG] armors=0, targets=0
[DEBUG] armors=0, targets=0
[DEBUG] armors=0, targets=0
[DEBUG] armors=0, targets=0
[2026-09-05 14:07:20.797] [info] [SYNC][XUC] mode=1 yaw=-7.80 deg pitch=-14.16 deg feeder_rpm=0.00 wheel0_rpm=3120 wheel1_rpm=3140 wheel_delta=-20 projectile_speed=9.50
[DEBUG] armors=0, targets=0
[DEBUG] armors=0, targets=0
[DEBUG] armors=0, targets=0
[DEBUG] armors=0, targets=0
[DEBUG] armors=0, targets=0
[2026-09-05 14:07:20.873] [info] [SYNC][XUC] mode=1 yaw=-7.80 deg pitch=-14.16 deg feeder_rpm=0.00 wheel0_rpm=3120 wheel1_rpm=3180 wheel_delta=-60 projectile_speed=9.50
[DEBUG] armors=0, targets=0
[DEBUG] armors=0, targets=0
[DEBUG] armors=0, targets=0
[DEBUG] armors=0, targets=0
[DEBUG] armors=0, targets=0
[2026-09-05 14:07:20.950] [info] [SYNC][XUC] mode=1 yaw=-7.80 deg pitch=-14.16 deg feeder_rpm=-4.00 wheel0_rpm=3140 wheel1_rpm=3160 wheel_delta=-20 projectile_speed=9.50
[DEBUG] armors=0, targets=0
[2026-09-05 14:07:20.962] [info] [DRYRUN] target=none gimbal_deg=(7.80,-14.16) control=false shoot=false
[DEBUG] armors=0, targets=0
[DEBUG] armors=0, targets=0
[DEBUG] armors=0, targets=0
[DEBUG] armors=0, targets=0
[2026-09-05 14:07:21.023] [info] [SYNC][XUC] mode=1 yaw=-7.80 deg pitch=-14.16 deg feeder_rpm=-8.00 wheel0_rpm=3060 wheel1_rpm=3160 wheel_delta=-100 projectile_speed=9.50
[DEBUG] armors=0, targets=0
[DEBUG] armors=0, targets=0
[DEBUG] armors=0, targets=0
[DEBUG] armors=0, targets=0
[DEBUG] armors=0, targets=0
[2026-09-05 14:07:21.098] [info] [SYNC][XUC] mode=1 yaw=-7.80 deg pitch=-14.16 deg feeder_rpm=0.00 wheel0_rpm=3060 wheel1_rpm=3140 wheel_delta=-80 projectile_speed=9.50
[DEBUG] armors=0, targets=0
[2026-09-05 14:07:21.112] [info] [PERF] 总耗时=14.5ms (检测=12.2ms, 跟踪=0.0ms), FPS=69.0
[2026-09-05 14:07:21.112] [info] 📊 [CAMERA FPS] 瞬时帧率=68.8fps, 平均帧率=64.6fps, 总帧数=8850, 运行时间=137.0s
[DEBUG] armors=0, targets=0
[DEBUG] armors=0, targets=0
[DEBUG] armors=0, targets=0
[DEBUG] armors=0, targets=0
[2026-09-05 14:07:21.172] [info] [SYNC][XUC] mode=1 yaw=-7.80 deg pitch=-14.16 deg feeder_rpm=0.00 wheel0_rpm=3080 wheel1_rpm=3180 wheel_delta=-100 projectile_speed=9.50
[DEBUG] armors=0, targets=0
[DEBUG] armors=0, targets=0
[DEBUG] armors=0, targets=0
[DEBUG] armors=0, targets=0
[DEBUG] armors=0, targets=0
[2026-09-05 14:07:21.249] [info] [SYNC][XUC] mode=1 yaw=-7.80 deg pitch=-14.16 deg feeder_rpm=-4.00 wheel0_rpm=3060 wheel1_rpm=3140 wheel_delta=-80 projectile_speed=9.50
[DEBUG] armors=0, targets=0
[2026-09-05 14:07:21.261] [info] [DRYRUN] target=none gimbal_deg=(7.80,-14.16) control=false shoot=false
[DEBUG] armors=0, targets=0
[DEBUG] armors=0, targets=0
[DEBUG] armors=0, targets=0
[DEBUG] armors=0, targets=0
[2026-09-05 14:07:21.325] [info] [SYNC][XUC] mode=1 yaw=-7.80 deg pitch=-14.16 deg feeder_rpm=0.00 wheel0_rpm=3080 wheel1_rpm=3180 wheel_delta=-100 projectile_speed=9.50
[DEBUG] armors=0, targets=0
[DEBUG] armors=0, targets=0
[DEBUG] armors=0, targets=0
[DEBUG] armors=0, targets=0
[DEBUG] armors=0, targets=0
[2026-09-05 14:07:21.400] [info] [SYNC][XUC] mode=1 yaw=-7.80 deg pitch=-14.16 deg feeder_rpm=0.00 wheel0_rpm=3120 wheel1_rpm=3160 wheel_delta=-40 projectile_speed=9.50
[DEBUG] armors=0, targets=0
[DEBUG] armors=0, targets=0
[DEBUG] armors=0, targets=0
[DEBUG] armors=0, targets=0
[DEBUG] armors=0, targets=0
[2026-09-05 14:07:21.474] [info] [SYNC][XUC] mode=1 yaw=-7.80 deg pitch=-14.16 deg feeder_rpm=0.00 wheel0_rpm=3120 wheel1_rpm=3160 wheel_delta=-40 projectile_speed=9.50
