:020000040800F2
:1000000000000220697A0008B97A0008B97A00086D
:10001000B97A0008B97A0008B97A0008000000002F
:1000200000000000000000000000000081760008D1
:10003000B97A00080000000011770008DB230008EF
:10004000B97A0008B97A0008B97A0008B97A0008C4
:10005000B97A0008B97A0008B97A0008B97A0008B4
:10006000B97A0008B97A0008B97A0008B97A0008A4
:10007000B97A0008B93D0008B97A0008BD3D00080A
:10008000B97A0008B97A0008B97A0008F1040008C2
:10009000FD040008B97A0008B97A0008B97A0008A6
:1000A000B97A0008B97A0008B97A0008B97A000864
:1000B000753300088533000895330008B97A0008C5
:1000C000B97A0008B97A0008B97A0008B97A000844
:1000D000B97A0008713D00087D3D0008893D00089F
:1000E000B97A0008B97A0008B97A0008B97A000824
:1000F000B97A0008B97A0008B97A0008B97A000814
:10010000B97A0008B97A0008B97A0008B97A000803
:10011000953D0008A13D0008B97A0008B97A0008A9
:10012000B97A0008B97A0008B97A0008B97A0008E3
:10013000B97A000800000000000000000105000876
:100140000D050008B97A0008B97A0008B97A0008E4
:10015000B97A0008B97A0008B97A0008AD3D0008FC
:10016000B97A0008B97A0008B97A0008B97A0008A3
:10017000B97A0008B97A0008000000000000000009
:08018000B97A0008B97A000801
:1001900010B5054C237833B9044B13B10448AFF3C1
:1001A00000800123237010BD7800002000000000B3
:1001B00080A3000808B5034B1BB103490348AFF304
:1001C000008008BD000000007C00002080A3000823
:1001D000D0F8F83010B50446E3B1F83004F0A4FDCF
:1001E000D4F8F820C4F840019369C4F84431516848
:1001F000C4F848119168C4F84C11D268C4F8502171
:10020000C3F3021284F864211A0C1B0E84F86621D1
:1002100084F8653110BD000010B5D0F8F830154AEB
:1002200093428AB0044620D1002305930023012283
:10023000694604F1F800CDE90632CDE90033CDE995
:100240000233CDE90823049304F06EFA84F86801C0
:100250002046FFF7BDFF04F5B673C4F8283104F556
:10026000C473C4F82C310AB010BD034A9342DDD1E7
:100270000E23DAE7006400400068004070B50623F2
:1002800000254FF48032C0E93F354FF44013C0E9F8
:1002900042230123C0E9453300F5B673C0F8283185
:1002A00000F1F80600F5C4730446C0F8F810C0F871
:1002B0002C31C0E94755C0F80451C0F81051C0F8BE
:1002C0002451304604F0ACFA84F867012046FFF769
:1002D0007FFF2046FFF7A0FF2946304604F0DAFBF7
:1002E0002046BDE87040FFF773BF000010B50368FB
:1002F000384A93428AB036D1374B002401941A6CA5
:1003000042F000721A641A6C02F000720192019AB3
:1003100002941A6B42F001021A631B6B079403F0FC
:1003200001030293029B4FF4C05002234FF0030CD1
:10033000CDE9050305A909232848CDE908C304F040
:1003400011FE22460721132004F002FD132004F0C1
:1003500031FD14202246062104F0FAFC142004F09A
:1003600029FD0AB010BD1E4A9342FAD11A4B1D480E
:10037000002403941A6C42F080621A641A6C02F032
:1003800080620392039A04941A6B42F002021A6389
:100390001B6B079403F0020304934FF44052049B39
:1003A0000223CDE9052303210923CDE9081305A97B
:1003B00004F0D8FD224607213F2004F0C9FC3F206D
:1003C00004F0F8FC40202246062104F0C1FC402045
:1003D000C5E700BF00640040003802400000024052
:1003E000006800400004024038B50446D0F82801F7
:1003F0000D4611461A460023C0E90233026105602A
:10040000143009F0E5FA0A21C4F8585104F1F80053
:1004100004F09CFA00280CBF01230023C4F83C31EF
:1004200008BFD4F8603184F8690108BF0133204661
:1004300008BFC4F86031FFF7CBFE94F8690138BDFE
:10044000204B984270B5044602D01F4B98421CD1F5
:10045000A4F1F800626B01211368C0F83811D0F8DC
:100460005C11C0F854310131C0F85C111749884261
:1004700019D1591E04290ED8DB00BD33516919501A
:100480001D1891696960FFF7A3FE2268536943F064
:100490000203536170BD6FF400752B440B2BF2D82F
:1004A000DB000133EAE76FF400710B440B2BEAD851
:1004B000DB00074D516901335E1959519169716033
:1004C000E1E700BFF401002008080020FC00002044
:1004D00010070020044B984202D1F838FFF778BE8D
:1004E000024B9842F9D07047F40100200808002020
:1004F000014804F067BB00BFF4010020FFF7F8BF1C
:10050000014804F05FBB00BF08080020FFF7F8BFF8
:1005100008B5044907F024FBBDE80840024907F08C
:1005200033BB00BF00A00CC600A00C462DE9FF4164
:100530000E4681610446016901923046154608F075
:10054000F7FE2946206109F0B7F900283ED104F1F1
:10055000100705F100403968039009F0ADF900B1CA
:1005600003AFD7F80080E769C4F8108039464FF030
:100570007E5008F0DBFEA16808F0E2FF61690546E5
:10058000304608F0D3FE0146284608F0D9FF216A1C
:100590000546384608F0D4FF0146284608F0C8FE54
:1005A000216820620546304608F0CAFF61680746A8
:1005B000404608F0C5FF0146384608F0B9FE294616
:1005C00008F0B6FE666104B0BDE8F08101AFC0E797
:1005D000F8B510220D460021044609F021FA002347
:1005E000C4E90433C4E90633D5E9006C18461D4656
:1005F0001946664526D056F8042B002AF9D092F801
:100600004570032FF5D8DFE807F002080D14032921
:10061000EFDC44F821200131EBE7002DE9D1226124
:100620000125E6E70128E4DC04EB800701307A616C
:10063000DFE7002BDDD1E26182F8B530A2F8463069
:100640000123D6E7094D0A48AB69A3676B69636765
:1006500001F086F8E067064801F090F82369C4F8D5
:10066000800013B1AA69C3F84C21F8BD78150020A9
:10067000B411002038B504460846154608F00CFFB2
:1006800009F024F908F008FFC4F89C00284608F097
:1006900003FFC4F8B40038BD30B589B0CDE90221FC
:1006A00001931D4B1A6A5B6A0592002BD8BF134653
:1006B000002A069317DD8A42B4BF05AC03AC514251
:1006C00025680791A942C8BF07AC24680394029C1F
:1006D0000791A242B4BF05AA02AA1468A142C8BFEA
:1006E00007AA12680292002B0CDD019A9342B4BF54
:1006F00006AA01AA5B42116807938B42C8BF07AAEA
:1007000013680193039B5B424365029B8365019BD6
:10071000C36509B030BD00BF781500200023C38732
:1007200080F84030836470472DE9F0410E4681EA3D
:10073000E17117460446A1EBE6711A461BB9C3875F
:10074000114641481CE0222990F83E5009DC012363
:1007500080F83F3065BB80F8405000231A46394688
:10076000EFE72DBB90F83F30002B6AD03648036985
:1007700001224BB984F8402084F83F301A461946CC
:10078000BDE8F041FFF788BF002EE287B4BF012229
:100790004FF0FF3284F841209B6E84F84050C4E94A
:1007A000113503F0BBFF94F83E30E064002B44D0D9
:1007B000254D2B6943B90023012284F83E3084F88B
:1007C00040201A461946BCE703F0A8FFE36CC01AA4
:1007D00041F657339842EED82B69626C9B6E9B1A98
:1007E000002BB8BF5B42C3F500522E2AA36406DC7F
:1007F000002384F83E301A4619462846C0E7134BBA
:100800005B6A5B00B3F5A96FC4BF032193FBF1F3EF
:1008100040F25451D8BF4FF4E1738A4208DCA3F58B
:10082000E173534340F25552B3FBF2F303F5E17326
:1008300094F941205343002282E794F83F30002B83
:100840008BD10023BDE700BF1410002078150020D5
:100850002DE9F0477D4F0446FD6903F05FFF7C4AB8
:10086000937906462BB19368C31A632B8CBF002380
:10087000012397F82020012A00D063B90023C4E99E
:1008800007336371A371A3732374E374A38284F8A1
:100890002C3084F83C307A692AB1637913B1B4F909
:1008A0000A305B425365BF6927B163790BB1B4F974
:1008B0000A307B65002D3CD0002A3CD0D06C08F07B
:1008C000EBFD20F00049002F38D0F86C08F0E4FD73
:1008D00020F00048B4F90A0008F0DEFD5D498246C8
:1008E00008F02EFE4946074608F0D2FF48B33846C6
:1008F000414608F0CDFF071E18BF01275649504654
:1009000008F01EFE4946824608F0C2FF30B141465B
:10091000504608F0BDFF003818BF0120637993B935
:100920006B6585F8B530C4E90733E374A38284F8B6
:100930002C30BDE8F0874FF00009C4E74FF0000805
:10094000C8E70027DAE7E37CABB9237D9BB994F8CD
:100950003C2082B9237C13B3012387EA0301C4E955
:100960000732E3743D4B61751A60AB6EA361C4E955
:10097000093684F82C20E27C237D12BB13BB6B6507
:1009800085F8B53094F83C30002BD2D0A37B002BF7
:10099000CFD1A379002BCCD184F83C30C9E7A27920
:1009A000002AE8D0012222757A4062752B4A136032
:1009B000AA6EA261C4E90733C4E9092684F82C3081
:1009C000D9E733B1A37923B96B6585F8B5302375C1
:1009D000AFE7637D5BB100236B6585F8B530002F11
:1009E000A7D06375AB6EA361C4E90936A1E794F89B
:1009F0002C302BB30AB394F91130B4F90C205B42BC
:100A00005343226B03EBD3735B10B21A6B65952AC9
:100A10004FF0000385F8B5308BD91049AA6E626299
:100A20000A6884F82C300132022AA6620A6080DD4E
:100A3000012284F83C20E374C9E794F91230DCE722
:100A400070B9686585F8B50073E700BF1410002021
:100A5000801600206666663F3333333F98000020DF
:100A6000002A51D094F91130B4F90C70626AA1696E
:100A7000E06913FB07F36B65012385F8B530AB6EB6
:100A80009A1A002AB8BF5242132AA3EB0102C8BF28
:100A9000C4E9093682EAE2730028A3EBE27336DD8B
:100AA0004FF4104242439A4207DC00236B6585F8FD
:100AB000B530E374A36B0344A363E86C08F0ECFC6B
:100AC00020F00048384608F0E7FC1B4908F038FDE4
:100AD0000146404608F0D2FE00283FF42AAFA36A40
:100AE000F31A4F2B7FF625AF636B144A266301334D
:100AF0006363136801331360012384F82C300023EF
:100B00006B6585F8B53014E794F91230ACE7B3F5AE
:100B1000104FD2DBA06B002AACBF01224FF0FF3296
:100B20004FF4104CB3FBFCF3184453430CFB03137A
:100B3000A063A361C1E700BF9A99993E9800002085
:100B400070B518460C46154608F0A2FC2946064624
:100B5000204608F0EBFB002108F0A4FE58B129461E
:100B6000304608F0E5FB2146054608F0A5FE00B931
:100B70002C46204670BD3146284608F0D7FB21465A
:100B8000054608F07BFEF2E72DE9F04F9346554A03
:100B9000D2F800A0054685B00E461846BAF1000FFF
:100BA00000F09C80D2F80490B9F1000F00F096801C
:100BB00093680093002B00F09180D3680193002B81
:100BC00000F08C8008F068FC0446304608F064FCB5
:100BD0000646584608F060FC804628F0004126F0A2
:100BE000004008F0A5FB24F0004108F047FE002873
:100BF000CBF1000014BFBE27962708F04DFC3A4900
:100C000008F09EFC38498346304608F099FC0646B9
:100C10000146584608F08AFB214608F089FBFFF799
:100C200077FC31460290584608F082FB214608F0D6
:100C30007FFBFFF76DFC2C498346404608F080FCA3
:100C400001460390304608F073FB214608F070FB24
:100C5000FFF75EFC039B80463146184608F066FBB2
:100C6000214608F065FBFFF753FC0446DAF8540010
:100C700008F012FC029902463B462846FFF760FF47
:100C800008F024FECAF85400D9F8540008F004FC17
:100C9000594602463B462846FFF752FF08F016FE2B
:100CA000C9F85400009B586D08F0F6FB4146024617
:100CB0003B462846FFF744FF08F008FE009B5865B6
:100CC000019B586D08F0E8FB3B460246214628464A
:100CD000FFF736FF08F0FAFD019B586505B0BDE847
:100CE000F08F00BF14100020F4FD343F10B50C4607
:100CF00020460A4908F0CCFD20B12046084908F0FA
:100D000017FB04460749204608F0D6FD20B12046CF
:100D1000034908F00BFB0446204610BD000034C315
:100D20000000B443000034432DE9F8432E4ED6F8BA
:100D300010800446B8F1000F4FD0006B08F0ACFBF8
:100D40000746606B08F0A8FB284B05469969D8F860
:100D5000540108F0EBFA264908F0F2FB4FF0645119
:100D600008F0EEFB01463046FFF7C0FF00F10040FF
:100D700007F096FF1AA3D3E9002307F0E9FF1D4B04
:100D8000002208F00FF908F07DFA064606F02AFF67
:100D90008046304606F0B2FE01460646384608F068
:100DA000CFFB41468146284608F0CAFB014648462B
:100DB00008F0BCFA08F08AFD41462063384608F086
:100DC000BFFB31460746284608F0BAFB01463846C5
:100DD00008F0AEFA08F07AFD6063BDE8F88300BF62
:100DE0004AD8124DFB21094014100020781500202C
:100DF0000000B44300806640134B90F83D2093F808
:100E0000203010B50446A2B91A1E18BF0122012BCA
:100E100084F83C2084F83D300DD10023C4E90C3324
:100E2000A363D4E90D23216B2046BDE81040FFF7F2
:100E3000ABBE0022EBE71BB103F0FB03032BF0D1A9
:100E40002046FFF771FFECE71410002082B02DE977
:100E5000F74304460D460B93002A40F03D818E4F28
:100E600097F82030062B0BA875D100F07BFC0146CB
:100E7000284608F05BFA01468748FFF737FF4FF036
:100E80008C4108F05DFB854908F00EFC844905465D
:100E900008F0FEFC002861D04FF08C41284608F095
:100EA00047FA054697F820603B692561002E69D115
:100EB000002B00F0DF804FF08043E361774B23622B
:100EC0000BA800F051FC774900F1004008F038FB16
:100ED0007549A061009108F0EFFC00284BD104F1A6
:100EE000180672493068019108F0C8FC00B101AEE3
:100EF0003368E169A36125F0004008F0D3FC0028C5
:100F00003BD029466A4A04F15400FFF70FFB6949B8
:100F100008F016FBA16908F00BFA256A6061294602
:100F200008F0CAFC58BB04F1140605F10040316812
:100F3000019008F0C1FC00B101AE3068606108F0BA
:100F4000C5FC3D69D5F854316865636003B0BDE800
:100F5000F04302B0704700F003FC88E74FF08B418C
:100F6000284608F09FFC00289CD04FF08C41284672
:100F700008F0DCF995E76E46B3E70020CAE704F114
:100F80002006D2E70BB100229A65022E0AD1A06A90
:100F9000494920F0004008F085FC40B1DFF81C8191
:100FA000012006E0062EF9D0002E63D00020DFF8E5
:100FB0001081C4F81C80002860D1002E60D0414B05
:100FC00023620023A361E6B9F86D08F065FA3E4993
:100FD00000F1004008F0B4FA3349A061009108F034
:100FE0006BFC00284ED104F118093049D9F80000F3
:100FF000019108F043FC08B10DF10409D9F8003063
:10100000A36125F00040414608F04CFC00283BD08D
:10101000062E06D02946264A04F15400FFF786FA28
:101020000546A169284608F083F9256A60612946CA
:1010300008F042FC50BB04F1140605F10040316891
:10104000019008F039FC00B101AE3B69356865617B
:10105000002B3FF47BAF25F000404FF07E51D3F8DA
:10106000546108F01FFCA0B13146284608F060F931
:1010700060606BE7DFF8548000209AE7144B9FE72D
:10108000144B9DE7E946B0E70025CAE704F12006C6
:10109000D3E766605AE700BF141000200000B44395
:1010A000000080C53333B33E00008243000082C39A
:1010B00000007A440000204000000C420000C040C4
:1010C0000000C841000034420AD7233E00004040DF
:1010D00000000C4300007043012A7FF437AF0BA8D7
:1010E00000F04CFB0146284608F020F9014636483E
:1010F000FFF7FCFD4FF08C4108F022FA334908F06D
:10110000D3FA3349054608F0C3FB00284FD04FF00F
:101110008C41284608F00CF905462E4925F0004080
:1011200008F0C0FB00283FF411AF2B49D4F8980019
:1011300008F006FA2849C4F894000746D4F89C0041
:1011400008F0FEF92549C4F898000646284608F03C
:10115000F7F93146C4F89C00054608F0E7F8D4F8E2
:10116000841008F0EDF9D4F888108046284608F07D
:10117000E7F90146404608F0DBF831468046304644
:1011800008F0D6F80146284608F0D0F8394608F0AD
:10119000CFF8D4F88C1008F0D3F90146404608F097
:1011A000C7F80146206808F0C3F82060CEE64FF08B
:1011B0008B41284608F076FB0028AED04FF08C41DA
:1011C000284608F0B3F8A7E7141000200000B44345
:1011D000000080C5000020411F856B3F713D8A3FA4
:1011E0002DE9F04F9A4E9B4F96F820203369DFF897
:1011F0006882012AB9B0044633D19849002B00F027
:101200006081C3F8AC2000225A65D3F85431636082
:101210004B6923600023FB619148C7F8248000F0EC
:101220009FFAA0608E4800F0A9FAE06065684FF070
:101230008C473946284608F035FB002840F00181EC
:101240004FF000084FF08C474146284608F016FB47
:10125000002800F015812846394608F069F805464F
:10126000F2E793B1062A14BF7E497F49C3F8E8101C
:101270004FF08241C3F8F010002A67D0D11F012936
:1012800094BF00210121C3F8AC10784B1B78934226
:101290001CD0734800F064FAA060714800F06EFA48
:1012A0003269E060002323616361A3616366A36622
:1012B000E3665AB1D2F8541161600021C2E91511F8
:1012C000C2F8C830C2F8CC30C2F8D03096F820301E
:1012D000DFF89CA1DA1F012A3CD8D6F81090B9F1AA
:1012E000000F31D0B9F96E0008F0D6F8D4F828B064
:1012F00036905946054608F023F95E4908F0D4F9BE
:1013000001466062284608F0B9FA08BB04F12403DC
:101310001968359305F10040379008F0CDFA359BF8
:1013200000B137AB1B68544963622BF0004008F0F2
:10133000A5FA08B100236362606A08F0C7FAD9F819
:101340005431C9F85400636000231CE011469AE749
:1013500036ABDDE7022B5CD1A56A474925F000409A
:1013600008F0A0FA002854D04449284608F0E8F8CC
:1013700001466062A06807F0D9FF01463448FFF7D4
:10138000B5FC0123A0608AF8003096F82030062BC7
:1013900014D84D22DA40D24312F001050ED1DFF805
:1013A000C090CC2209F10401684608F011FBD9F87D
:1013B0000030A1682A462046FFF748FD256C2E49DB
:1013C00025F0004008F06EFA002837D0216DD7F8DC
:1013D0001C90284608F0B4F8616CE06308F0B0F89F
:1013E000494607F0A5FFF861E56CD7F81C90284640
:1013F000494608F043FA00B94D46D4F848902946CA
:10140000484608F059FA00B14D46FD61C7F82480FE
:101410000CE79AF8003000256562002B94D0104844
:1014200000F09EF93369A060256165616566A56677
:10143000E566002B88D0D3F8543184E70023E363BA
:10144000D2E72846394607F071FF0546F1E600BFAE
:1014500014100020BC0000200000A04078150020DF
:10146000B41100209A99993F333333400000002093
:10147000940000200000254400000C423480373ADC
:10148000DFF84480D4F80090D8F8007065604946D1
:10149000384608F0F3F900B94F46D8F808803846C6
:1014A000414608F0EBF900B14746336927600BB1BC
:1014B000C3F84C5196F82020044B1A7039B0BDE89F
:1014C000F08F8B69A3E600BF781500200000002094
:1014D00084B038B5044605A8256880E80E00013DB3
:1014E000709BEDB203EBC505B5F8010040BA80B2C0
:1014F00007F0D2FF1A4908F023F81A4908F0D4F887
:10150000194907F013FFA0612B79E8781B0943EA1A
:10151000001007F0C1FF154908F012F8144908F04F
:10152000C3F8144907F002FF20622B7968791B0287
:1015300003F47063184307F0AFFF0F4908F000F899
:101540000B4908F0B1F80D4907F0F0FE0C49A06214
:1015500007F0F6FF20632046BDE8384004B070472E
:10156000DA0FC94100FF7F47DA0F49410000A0416F
:1015700000F07F45000020410000A0420000204212
:101580003333B33FCA0004488D320823024401F5C7
:101590008071FEF729BF00BFFC00002030B5EFB01E
:1015A00004681E494FF4D67203A808F011FA1C4AC9
:1015B0001068516801AB03C3FC2321468DF80B3042
:1015C00001AA082303A8FEF70FFF05F0F9FD012883
:1015D000144C0CD06368012B02D8012005F0CCFC20
:1015E00063680120B0FBF3F05843C0F101002368A9
:1015F0004FF0E02158434D698C694FF47A7358439A
:1016000000238A69A242FCD0234428BF5B199B1A9D
:10161000984201D86FB030BD1446F2E7FC000020BC
:10162000089D00080400002084B02DE9F84304461A
:1016300009A8E669769D80E80E00304607F030FB89
:1016400027A3D3E900238046894607F0FDFD002843
:1016500038D125A3D3E900234046494607F0FEFDD3
:10166000002831D1676A2249E661384608F010F94E
:1016700060BB2049384608F015F948BB6762676BC4
:101680001D49384608F004F920BB1C49384608F0CB
:1016900009F908BB67632E70637F6B70A37FAB7023
:1016A000E37FEB7094F824302B7194F825306B7144
:1016B00094F82630AB7194F82730EB71BDE8F8430D
:1016C00004B070470E4ECDE70E4ECBE7084FD5E77E
:1016D000084FD3E7084FDDE7084FDBE7AFF30080A3
:1016E0004AD8124DFB2129C04AD8124DFB2129406E
:1016F000000020C100002041000090C10000904186
:10170000DA0F49C1DA0F494130B50A4441F22105E7
:1017100091420FD011F8013B80EA032008234400D6
:10172000013B00044CBF84EA0500204613F0FF0390
:10173000F5D1EDE780B230BD38B50D46044611460F
:1017400028461A4601F05CFF6422002101F089FF5F
:101750009DF81030C4F8CC5084F86430E56038BD92
:10176000406B7047006C7047C06C7047806A20B156
:10177000081A90428CBF002001207047806B704790
:10178000406C7047F8B590F8645007460C461E460A
:101790006DB908460A44904204D010F8013B1D443C
:1017A000EDB2F8E7B54214BF00200120F8BD013DBD
:1017B000012D15D8A1B1052A12D94D88AB1D934230
:1017C0000ED104220020FFF79FFF2A46A11DFFF73C
:1017D0009BFFB6B2B885A7F86000FE858642E2E7B7
:1017E0000020E3E7C3682DE9F74F0446002B5DD0E6
:1017F000186800285AD004F165080022414604F018
:101800009DFF0128A06051D10023237494F8643017
:10181000002B40F0B980636E9B4A23F07F4323F096
:10182000FF03934242D194F86750012D41D194F8BF
:101830006820A318414693F8693004322046FFF728
:10184000A1FF002835D0B4F9690007F025FE8F49C3
:1018500007F076FE4FF0605107F072FE2063B4F996
:101860006B0007F019FE894907F06AFE4FF06051DE
:1018700007F066FEA063B4F96D0007F00DFE834922
:1018800007F05EFE4FF0605107F05AFE257460636A
:10189000A3690133A36102F041FF6062A06204F119
:1018A0003C03303494E8070083E8070003B0BDE848
:1018B000F08F94F86730032BF8D194F86820A318C0
:1018C000414693F8693004322046FFF75BFF002859
:1018D000ECD0B4F869002568B4F86BA0B4F86D904A
:1018E000B4F86F80B4F87170B4F87360C0B207F0E8
:1018F000CFFD4FF0605107F023FE294607F020FE90
:101900005FFA8AFA6065504607F0C2FD4FF06051F9
:1019100007F016FE294607F013FE5FFA89F9A06565
:10192000484607F0B5FD4FF0605107F009FE294623
:1019300007F006FE5FFA88F86568E065404607F044
:10194000A7FD4FF0605107F0FBFD294607F0F8FDB9
:10195000FFB2A064384607F09BFD4FF0605107F0DE
:10196000EFFD294607F0ECFDF6B22065304607F0A2
:101970008FFD4FF0605107F0E3FD294607F0E0FDD1
:101980000123E064237483E7013B012B8ED8D4F854
:10199000CC3013B3DE68731E632B1ED8B6B200279B
:1019A0003A46B9461FFA87FA5346991DB14264D8A0
:1019B000E11891F865005A280DD191F86610A52913
:1019C00009D108EB0A05E978AA7802EB012292B264
:1019D0003B2A04D801220137E4E76426DFE7063218
:1019E000642AF7D813449E42F4D369792B79A4F87A
:1019F000609003EB01231FFA82FB9BB25A462946F3
:101A00002046FFF7BFFEA4F86090034610B9E269D4
:101A10000132E261AA79912ADCD1D5F812206265FF
:101A2000D5F81620A265D5F81A20E265D5F81E2053
:101A30002265D5F82220A264D5F82620E264D5F8E4
:101A40003620A263D5F83A202263D5F83E2062639F
:101A5000002B14BF012202222274A269A4F812A052
:101A60000132A4F814B0A261019302F057FE019B69
:101A70006062002B3FF41AAF10E7002A7FF416AF24
:101A8000236A0133236211E70055550000003443F7
:101A9000002282604FF08C4202604FF08B42426124
:101AA000084A8261084A42604FF08342C2604FF4A4
:101AB0007A7140F6B832C0E9071242620222C0E9E8
:101AC0000A227047002099450000904110B5084A4D
:101AD000C26000210022C0E90422C0E9092201609D
:101AE000416081608261C1610162828510BD00BF79
:101AF00000007A44826B8A4208BFC36B10B5046C45
:101B00000CBF013300239C42C36308DCC46322B9C9
:101B1000012380F83430816310BD0223F9E70323E9
:101B2000F7E710B5D0F850110446D0F8540107F08B
:101B3000FDFB07F0CBFE03B2B3F5805F06DDA3F536
:101B400000531BB2A06E1844A06610BD13F5805F51
:101B5000F8DA03F50053F4E738B50E4D2B78042B73
:101B600098BF01330446806E98BF2B7007F094FC39
:101B7000094907F0E5FC094907F0E2FCD4F85C11DB
:101B800007F0D4FB2B78C4F85801022B98BFC4F897
:101B90005C0138BDB8000020DB0F493A8EE3A83F56
:101BA00040F6B833A0F86C3006291BD8DFE801F006
:101BB000040D141B1B2227004FF48043A0F8703043
:101BC00040F6D863A0F86E30704743F2C823A0F8FF
:101BD000703042F22833F5E70B4BC36643F2C8235B
:101BE000A0F87030704741F28833A0F870304FF49D
:101BF0009673E7E7054BC36647F23053F0E7044BB3
:101C0000C36642F21073EBE7E80328235000040197
:101C1000E803B80B2DE9F84F0DF1280A99465AF858
:101C2000043B0360044600254FF07E5300268B469C
:101C300036498362C1620362036345608561456220
:101C40008560C0E90E6680F8346004F1B80814209D
:101C5000C4F89830C4F89C10C4F89030C4F8A03090
:101C600020646567C4F88850C4F89450A567C4E937
:101C70001266C4E91466C4E91A6684F844B0A6651D
:101C8000A4F870604046C4F8AC2004F1E807A4F85A
:101C9000B460FFF71BFF3846FFF718FF04F58C70A0
:101CA000FFF714FF1A4BC4F848311A4BC4F84C51D3
:101CB000C4F85851C4F85C51C4F86051C4F8645178
:101CC000C4F86851C4E95466C4F8743159462046D2
:101CD000FFF766FF424617AD534603CBAB42106099
:101CE00051609A4602F10802F6D13A4623AE2B46DD
:101CF00003CBB342106051601D4602F10802F6D1D9
:101D000084F845902046BDE8F88F00BF00002042CF
:101D100062BE3C39F0FCA23B2DE9F0470DF12008F2
:101D2000044600259A4658F8043B036045608561E7
:101D300000264FF07E50304BE362894604F1B8072D
:101D400014212164C4F89C30A06220622063C4F88E
:101D50009800C4F89000C4F8A000C4E90E66C4E975
:101D60001266C4E91466C4E91A666562A56084F85F
:101D7000346084F84490A665A4F870606567C4F880
:101D80008850C4F89450A5673846C4F8AC20A4F82D
:101D9000B460FFF79BFE04F1E800FFF797FE04F53F
:101DA0008C70FFF793FE154BC4F84831144BC4F800
:101DB0007431C4E95466C4F84C51C4F85851C4F89D
:101DC0005C51C4F86051C4F86451C4F86851494684
:101DD0002046FFF7E5FE3A4615AB454603CD9D424A
:101DE00010605160A84602F10802F6D184F845A0BF
:101DF0002046BDE8F08700BF0000204262BE3C39AB
:101E0000F0FCA23B10F5805F03DC00F5005000B24F
:101E10007047B0F5805FFBDDA0F50050F7E784B0B8
:101E20008842CDE90010B4BF01AB6B4649421A6845
:101E300003919142C8BF03AB186804B0704700001B
:101E40002DE9F84307686FF400731F4401EBC708DE
:101E50000D4698F8053098F8041003EB012319B2E9
:101E6000C16504461646FFF745FE15F8373098F869
:101E7000010000EB032000B207F00EFBC4F8540190
:101E800098F80620C4F8A4200023462AC8BFC4E955
:101E90001533236694F84430032B81464CD1D4F893
:101EA000501107F043FA07F011FD00B2FFF7AAFF47
:101EB00007F0F2FA4C4907F0F7FB4FF0645107F0D6
:101EC0003FFB4A4907F03CFB07F000FD0546D4F80C
:101ED000AC30E564022B37D1606D054313D1D4F8E3
:101EE000508101232366404607F0F0FC606607F04E
:101EF000D3FA414607F01AFA3D4920F0004007F0B6
:101F0000BDFC00B1A5642046FFF70BFE2046FFF79D
:101F100023FED4F85431A06CB4F97010C4F85031D9
:101F2000FFF77DFFA064001206F8170006EB4706D6
:101F3000A36C7370BDE8F88398F8020098F803501A
:101F400005EB00252DB2C2E7012B34D14946D4F868
:101F50004C0107F0EBF907F0B9FC00B2FFF752FFB4
:101F60008046B4F96E0007F097FA0546404607F040
:101F700093FA2A46014604F1E800FEF7D7FAB4F9CD
:101F80006E5007F0A3FC2946FFF749FF0546606540
:101F9000B4F9700007F080FA8046E06C281A07F068
:101FA0007BFA4246014604F1B800FEF7BFFA07F09B
:101FB0008DFCA064A7E7002BA5D1B4F9700007F051
:101FC0006BFA8046606D401B07F066FA4246014698
:101FD00004F1B800FEF7AAFA0546A06D07F05CFA16
:101FE000294607F0A5F9E2E76F12833A0000704234
:101FF0000000484238B50C460546114620461A46B0
:1020000001F0FEFA6422002101F02BFB01F00BFB32
:10201000C5F8C840C5F8D44038BD0000D0F8C800A5
:1020200018B10249062201F0CFBE7047109D00088A
:10203000F8B5036B0446002B72D0186800286FD0E7
:10204000002204F1400104F079FB0128606303D110
:10205000A07102F063FBA06094F8413094F8402036
:1020600094F8427094F843C094F8446094F8451092
:102070001A433A434CEA020232430A4350D07801F1
:1020800040EAD300C0F30A00A0F58063B4F84050E2
:10209000E381B302C5F30A0543EA8C03A5F5806228
:1020A00043EA9713A5F57E75102DC3F30A03A0F537
:1020B0007E70A28198BF0025A3F58062228298BF1E
:1020C000A581CA011028A3F57E7342EA560298BF83
:1020D0000020C2F30A0298BFE081102B98BF0023B2
:1020E000A2F58066A2F57E7298BF2382102A98BF5F
:1020F0000023668298BF6382A38AE3838B092375DA
:10210000C1F301136375B4F846302384B4F8483042
:102110006384B4F84A30A384B4F84E305BBAE384E5
:10212000F8BD0000F8B583793A4C0546002B37D04E
:1021300002F0F4FAAB68C01A632831D8AB8AB3F561
:10214000817F29D1B5F910600123304684F86531CB
:1021500007F0A2F920F000472F49384607F0A2FB0C
:102160000546002851D12C49384607F09BFB003822
:1021700018BF012084F8705184F86E0135B1002E2B
:10218000B4BF01234FF0FF3384F87131002384F88A
:102190006F0184F866310EE040F2023293420BD0B8
:1021A00000234FF4807284F8653184F86631A4F816
:1021B0006E2184F87031F8BDB5F9107001263846EB
:1021C00084F8656107F068F94FF4807320F00045EA
:1021D0001149A4F86E312846002384F8703107F0C5
:1021E00061FB002803460C4918BF3346284684F893
:1021F000663107F057FB0028DDD0002FB4BF012364
:102200004FF0FF3384F87231D5E794F86F5185F0C1
:102210000105A8E71410002000000C422DE9F74F3B
:10222000614C0546236AB0F912000093584307F049
:1022300033F95E4907F038FA07F048FBB5F90C604E
:1022400095F806A0636AB5F91090B5F90E80AC8ACE
:10225000019307467642BAF1000F09D002F05EFA08
:10226000AB68C31A632B8CBF4FF0000A4FF0010A12
:1022700040F20312944202D04D48FEF74FFAB5F8EF
:1022800014B04C4C40F203318B450ED1012384F83D
:10229000203000231A4619462046FEF7FDF928464D
:1022A00003B0BDE8F04FFFF73DBF40F201318B4571
:1022B0002BD1082384F82030009B09FB03F007F0A2
:1022C000EBF83A4907F0F0F907F000FB002302466B
:1022D00039462046FEF7E0F9404607F0DDF84FF0BA
:1022E0007F5107F02DF907F0F1FA0746304607F065
:1022F000D3F84FF07F5107F023F907F0E7FA3A4699
:1023000001462046FEF7B6F9C9E7019BC9F1000076
:10231000584307F0C1F8254907F0C6F907F0D6FA87
:1023200040F201118B4506D1002684F82060034657
:102330000022394626E040F203118B450DD10322DD
:10234000B5F9101084F8202053463A4604F12400D1
:10235000FEF7EAF900221146D3E740F202239B453B
:1023600007D1042384F82030002312481A46194666
:1023700093E7BBF5817F0BD1022384F82030002343
:102380001A4619462046FEF787F942463146B8E715
:1023900040F202339B45EFD040F201239B45E0D150
:1023A000072384F82030C2E7781500200000254478
:1023B0003810002014100020FFF730BF38B50C464D
:1023C0000546114620461A4601F01AF964220021FA
:1023D00001F047F9EC632C6338BD08B502F096F9BB
:1023E00002F016FD04F0ECFE012813D04FF050036C
:1023F00083F31188BFF36F8FBFF34F8F04F06EFC30
:1024000028B14FF0E0234FF08052C3F8042D002391
:1024100083F3118808BD000030B595B0102200216B
:102420000AA807F0FDFA1422002103A807F0F8FA21
:102430000024264B01941A6C42F080521A641B6CE3
:1024400003F080530193019B214B02941A6842F4DC
:1024500080421A601B6803F4804302930122029BAE
:102460004FF48033CDE9082302254FF48003CDE9F2
:102470000E5319214FF4A873CDE9101308A80723B0
:102480001393129502F054FE0F23CDE903354FF458
:10249000A0504FF48053CDE90603052103A805940D
:1024A00003F01CF803F0CEF84FF47A73B0FBF3F0AE
:1024B00002F08EFC042002F09FFC224621464FF0E1
:1024C000FF3002F045FC15B030BD00BF00380240BF
:1024D0000070004010B542608360029A064BC360F2
:1024E000C26100230022C0E90433C0E9093301605E
:1024F00083610262838510BD00007A4410B53022EA
:1025000004460021953007F08BFA0023C4E94E33CE
:10251000C4E95033C4E95233C4E95433C4E95633EF
:10252000C4E95833A4F86831204610BD10B5002224
:1025300004466421012003F0C9FF00232060C4E9A0
:1025400002332371204610BD73B5102204460021CA
:1025500007F066FA424B23634FF480730025002690
:102560002366A4F864303F4B2661C4E90566C4E9DC
:102570000D66C4E91266C4E91566C4E91A66E66127
:102580006562A562E562E66325646564A4F850604F
:10259000E66526676567A567E567C4F88050C4F8F7
:1025A0008450C4F88850C4F88C50C4F89050C4F8D3
:1025B0009450C4F8B8302C4BC4F8BC302B4BC4F842
:1025C000C0302B4BC4F8C4302A462B462949C4F8E6
:1025D0009850C4F89C50C4F8A050C4F8A450C4F853
:1025E000A850C4F8AC50C4F8B050C4F8B45000952A
:1025F00004F1C800FFF76EFF2B462A461E490095DE
:1026000004F1F800FFF766FF2B462A46009529469D
:1026100004F59470FFF75EFF184B194AC4F858315F
:102620004FF40763C4E95A23164B84F85C612046D3
:10263000C4E95E66C4E96066C4E96466C4F86051D2
:10264000C4F86461C4F87031A4F87461C4F8886196
:1026500084F88C61C4F8986184F89C6102B070BD04
:1026600000007A44000080BF000080BECDCCCC3E8C
:10267000ACC5A7360AD7A33DCDCC4C3D00002040C9
:102680000000C409000101002DE9F04FB3B000259E
:102690004FF081474FF07F5A53462A4639460095FE
:1026A00026A826AEFFF716FF0FCE01AC0FC40FCE43
:1026B0000FC496E80F00DFF8E48284E80F0040F2D0
:1026C000012B00221146CDF800B002234046FFF74F
:1026D00023FB26AE53462A463946009526A8FFF727
:1026E000F9FE0FCE01AC0FC40FCE0FC496E80F0059
:1026F0004FF4017984E80F0000221146CDF80090D4
:10270000022308F5BC70FFF707FB26AE53462A46A6
:102710003946009526A8FFF7DDFE0FCE01AC0FC4A9
:102720000FCE0FC496E80F0084E80F0040F2052397
:10273000009300220323062108F53C70FFF7ECFA12
:1027400026AE53462A463946009526A8FFF7C2FE14
:102750000FCE01AC0FC40FCE0FC496E80F00DFF808
:10276000408284E80F0000231A461946CDF800B0D5
:102770004046FFF7D1FA26AE53462A463946009521
:1027800026A8FFF7A7FE0FCE01AC0FC40FCE0FC4D3
:1027900096E80F0084E80F0040F202230093002324
:1027A0001A46194608F5BC70FFF7B6FA26AE53462E
:1027B0002A463946009526A8FFF78CFE0FCE01ACBD
:1027C0000FC40FCE0FC496E80F0084E80F0040F24C
:1027D0000323009300231A46194608F53C70FFF7BF
:1027E0009BFA26AE53462A463946009526A8FFF79F
:1027F00071FE0FCE01AC0FC40FCE0FC496E80F00D0
:1028000084E80F0000231A461946CDF8009008F519
:102810008D60FFF781FA2A46624B6349009526A82E
:10282000FFF758FE1AAC2A46604900954FF08243E4
:102830001AA8FFF74FFE0FCC0DAE0FC60FCC0FC678
:1028400094E80F0086E80F0026AC0FCC01AE0FC64F
:102850000FCC0FC694E80F0086E80F004FF4027308
:10286000009301231A46052108F5BC60FFF7D2F951
:102870004F4B50481D61032140F20252C3E9001240
:102880004D4A9A6300244D4A5D61C3E902449D614B
:10289000DD61DA63FFF732FE49484A4EFFF72EFE4C
:1028A0004948FFF743FE4948FFF740FE4848FFF715
:1028B0003DFE4848FFF73AFE4748FFF737FE4748D6
:1028C000FFF734FE464B4748474A1F60C3E90244BE
:1028D000C3E90644C3E90844C3E90A445A601C74C6
:1028E0005C829C825D659D65DD6501236427838034
:1028F0004FF07E5383628471846080F82C400463BF
:102900003A462146403007F08BF83A462146304699
:1029100007F086F83A462146F01907F081F8334B64
:10292000C6F8C840C6E934441C70314E3148FFF740
:102930000BFE4FF48073C6E9033303F10073A3F178
:102940009713C6F808313A462146C6E90744346071
:10295000B560A6F8824006F5867007F061F821465A
:10296000962206F5B87007F05BF83A46214606F263
:10297000062007F055F806F26A233A462146184623
:1029800007F04EF8C6E9B644C6E9B400C6E9BA4451
:1029900086F8E04233B0BDE8F08F00BFA802002007
:1029A000BC0800200000A040000048429A99993FCE
:1029B000BC000020FC000020000020419A99193F33
:1029C00010070020A81500207417002028180020E8
:1029D000DC18002090190020441A0020F81A00206A
:1029E000B4110020801600200000FA4424170020B3
:1029F00088120020141000202DE9F84FD0E900982B
:102A000093466FF06043A8EB0902B3EBA20F0746B1
:102A10008A464FEAA20402D11D4805F064F8012C51
:102A2000224638BF0122A418A1EB09052BD264B3BA
:102A30009C4228BF1C46A00005F041F80646DBF882
:102A400000307351002D04DD2A464946304606F019
:102A5000CDFFA8EB0A080435B8F1000F354404DDBA
:102A600042465146284606F0B3FF4544B9F1000FEF
:102A700002D0484605F021F806EB8404C7E900655A
:102A8000BC60BDE8F88F1C46D5E72646D7E700BFF7
:102A9000179D000810B50A46D0E90114A14204D0E0
:102AA000126841F8042B416010BDFFF7A5FFFBE75A
:102AB00000B589B0FFF7B0FC042002F09DF9704C1E
:102AC000704B4FF0E021012565601A686E4BB2FB38
:102AD000F3F2226008694FF47A76724340F0020004
:102AE00008614A610A692A430A6101F0F5FD6749F4
:102AF0006748FDF7C3FB67496748FDF7BFFB3346EF
:102B0000664A6748002100F0CDFB00F04BFC654AA7
:102B10006549664800954FF46123FEF70DFE644B4E
:102B2000644A65496548664DFFF748FC654A664951
:102B300066484FF41653FFF75DFA654A65496648E3
:102B40004FF4E12301F046F96448FEF7A1FF0026A7
:102B500005A902A80595CDE902660496FFF79AFF3C
:102B600005F5BC7305A902A80593FFF793FF05F5CA
:102B70003C7305A902A80593FFF78CFF05F58D634B
:102B800005A902A805F5BC650593FFF783FF059528
:102B900005A9534D02A8FFF77DFF05A902A80595D9
:102BA000FFF778FF05F5BC7305A902A8059305F5A5
:102BB0003C75FFF76FFF05A902A80595FFF76AFFAF
:102BC000DDE90235ED1ACDE90566079651D0454B92
:102BD0009D4201D904F084FF284604F070FF0346AB
:102BE000DDE902121D4491420795CDE90533A2EBC0
:102BF000010504D018462A4606F0F8FE03463A4876
:102C00002B4405A90693FDF7E3FC059808B104F0F1
:102C100054FF04F0D5FA01282DD06368B3F57A7F0C
:102C200005D84FF47A70B0FBF3F004F0A5F96268B0
:102C30004FF47A73B3FBF2F35343C3F57A7322680C
:102C40004FF0E0205343456984694FF47A7253434F
:102C500000228169A142FCD0224428BF5219521A95
:102C600093420BD82148FEF799FC214800F004FB61
:102C7000FEE72B46B4E74FF47A73E0E70C46E8E74B
:102C8000040000200C00002040420F0000640040BF
:102C9000FC000020006800401007002000040040F5
:102CA0002C1700200044004028180020B4110020F8
:102CB000A086010000480040DC180020801600209B
:102CC000BC08002000500040441A0020A815002035
:102CD00000140140F81A00203C2000207815002044
:102CE000A8020020FCFFFF7F14100020BC00002081
:102CF00024170020FFF7C8BC0C4B1A68002142F0D3
:102D000001021A6099601A6822F0847222F48032FB
:102D10001A60074A5A601A6822F480221A60D96041
:102D2000044B4FF000629A60704700BF00380240C9
:102D30001030002400ED00E013B504F0B3FC224B8A
:102D4000019301230093214921480023802203F0AD
:102D500049FE204B0193032300931F491F48002382
:102D6000802203F03FFE02241D4B01931D49009475
:102D700000234FF480721C4803F034FE1B4B1C49A7
:102D80001C48CDE900434FF48072002303F02AFE73
:102D9000194B1A491A48CDE900438022002303F059
:102DA00021FE184B18491948CDE900434FF48072B1
:102DB000002303F017FE164B186803F0E7FE02B07D
:102DC000BDE8104004F08EBCA8000020319D000832
:102DD0007D2F0008A4000020399D0008592F00080D
:102DE000AC000020449D0008152E00089C00002027
:102DF000549D0008792E0008A0000020649D000862
:102E00003D300008B4000020709D0008952F000898
:102E1000B00000202DE9F341114D124F124E03F086
:102E200057FF00240190281910493A4604F5BC7454
:102E3000FFF706F8B4F58D6FF5D1DFF83480002484
:102E400030190C49424604F5BC74FEF7F9FFB4F59D
:102E5000EB6FF5D1022101A804F046F8DFE700BFCF
:102E6000A802002081010020BC080020FD000020F5
:102E7000950700201107002080B5314C314EEEB08F
:102E800004F10C0703F024FF2F4D6D904FF4D07226
:102E900039466846689506F09BFD94E80E0029487F
:102EA000FEF716FB336804EBC3038D336A93F36BB1
:102EB00069934FF4D072B36B68933946684606F055
:102EC00087FD94E80E001F48FEF7AEFB03211D4866
:102ED000FEF758FB1D4A536C591C51640322B3FB87
:102EE000F2F202EB42029B1A012B06D0022B16D003
:102EF00001216DA803F0F8FFC4E70823A5F138020B
:102F000040F2FF11A5F1C500FDF76EFA104A082343
:102F100040F2FF11A2F18D00FDF766FAE8E7082301
:102F2000A5F140024FF40071A5F1C500FDF75CFA70
:102F3000084A08234FF40071A2F18500ECE700BFB6
:102F4000FC000020BC000020C10100202C17002044
:102F50009D0700209507002008B5064D064C284621
:102F6000FFF766F82046FEF73DFC052004F004F864
:102F7000F5E700BF80160020B411002008B5044C0E
:102F80002046FFF74BF8642003F0F6FFF8E700BF98
:102F9000A81500202DE9F04186B003F099FEDFF876
:102FA00080800590002701F0B9FB642201461D488E
:102FB000FEF7DCFB00282DD01A48FEF7E1FB414666
:102FC00006F0BEFA04461748FEF7CCFB414606F071
:102FD000B7FA0546144B9E8A40F20321731A5E42EB
:102FE0005E41124B1B69C3B1D86C06F055FA03461B
:102FF0000F4A928B0AB90F4A928A009231460E48C4
:1030000002950194002200F050FF0A2105A803F068
:103010006BFFC8E73D463C46DCE73B46E8E700BFC0
:1030200035FA8E3CB41100208016002014100020C8
:10303000E8210020082200203C2000202DE98048C3
:10304000DFF8FC817F4E91B04FF00009DFF8F8B156
:10305000404601F064F85846FFF7AEF901F05EFB18
:10306000BBF814A040F20327AAEB07035F42044613
:1030700040465F4100F0D4FE10220546002107A81B
:1030800006F0CEFC9BF80630069433B1DBF808302E
:10309000E31A632B8CBF002301236C498DF81C308D
:1030A0008DF81D70042331F9022B323292B2642A5A
:1030B00070D8013B13F0FF03F5D1012364222146B0
:1030C00030468DF81E30FEF751FB21468DF81F006B
:1030D000404600F09BFE8DF82000AB788DF8213043
:1030E0003046FEF73FFB09906B6859490A9306AAE0
:1030F00001A801F0B9F89DF804B0102200210CA835
:1031000006F08EFC8DF831700B948DF830B0AB78F2
:103110008DF832303046FEF733FB4E4F0D90BB69D1
:103120000E93AB684C490F930BAA03A801F074F9F6
:10313000BBF1000F30D09DF80C306BB3474C062329
:1031400084F8203000231A4619462046FDF7A4FAD9
:10315000002211462046FDF78DFA0023A4F86431C1
:1031600084F8663184F86E3184F87031029BE3672D
:10317000049BC4F88030059BFB613948FEF730F8AA
:103180003848FDF739FE3848FDF762FB052003F0AB
:10319000F3FE5BE7002391E740F203239A45ECD16D
:1031A0002E4C042384F82030002300251A461946AB
:1031B0002046FDF771FAA4F86451304684F8665150
:1031C00084F86E5184F87051FEF7CAFA2369E067FB
:1031D000C4F89C90C4F8B4902BB1D3F85421A267E2
:1031E000C3F84C215D65D4F8BCA0BD691F490095AA
:1031F000504606F09BF80146284606F053FB00288F
:10320000BBD0D4F8C0B01949584606F091F8014631
:10321000284606F03DFB0028AFD05946284606F068
:103220004BFB58B9AB466C465946504606F044FB3A
:103230000F4B002818BF1C4623689DE70D4CF3E791
:103240003C200020B4110020801600208C160020A5
:1032500008220020BC000020E821002014100020DB
:10326000881000203810002074110020CDCCCC3DF7
:10327000D0100020D410002007B5074B0193012384
:103280000093064906480023802203F0ABFB03B0FD
:103290005DF804EB03F0D4BCB0000020789D00087A
:1032A000392D0008F8B504462D48B0FBF3F00E4662
:1032B000154606F0EDF82B49074606F0F3FA28B359
:1032C0002849384606F0F0F94FF07E5106F02EF806
:1032D00006F022FB41F28733E06063610023012E98
:1032E000A5602361A3611FD0022E22D01EB904F174
:1032F000080002F0A9FB63692360B5F1804F1DD17E
:10330000194A04F1080353602046F8BD5323E360D3
:103310001649384606F0C8F94FF07E5106F006F817
:1033200006F0FAFA6061D9E704F1080002F0A6FBA2
:10333000E1E704F1080002F0BBFBDCE70C4B9D4227
:1033400008D003F580639D42DED1074A04F10803EB
:10335000D360D9E7044A04F108039360D4E700BFBF
:1033600000BD010500409C45AC1B00200000A842A8
:1033700000040040024B586808B102F061BA70477F
:10338000AC1B0020024B986808B102F059BA704794
:10339000AC1B0020024BD86808B102F051BA70474C
:1033A000AC1B002010B500F1080486B04FF4805328
:1033B00002A92046029302F086F9002369462046BE
:1033C000CDE9003302F084FC204602F071F906B02A
:1033D00010BD000073B5044611482668056C06F15F
:1033E000404301229B0A02FA03F10D430564006C7D
:1033F0001C33014058B20B4B01919E42019908BF0A
:103400000022002101F0A4FC206800F14040800A65
:103410001C3040B202B0BDE8704001F0CBBC00BF30
:103420000038024000080040024A536C01335364E4
:10343000704700BF2C17002037B50168094C0023E6
:10344000019301F14043256C01229B0A02FA03F328
:103450002B432364236C890A8A401A400192019B02
:1034600003B030BD0038024013B504460D4923684F
:10347000086C9B0A01229A4010430864096C0A40B8
:103480000192019A1C33002258B2114601F060FCEF
:103490002068800A1C3040B202B0BDE8104001F044
:1034A00089BC00BF0038024070B502680E4B9A42DA
:1034B00086B0044615D1067E012E12D1002569463C
:1034C000CDE9005502F004FC02A9227E2046CDE998
:1034D0000256CDE9045502F03FFB217E204602F062
:1034E000D1FB06B070BD00BF000800400368344A3D
:1034F000934203D1334B3D229A607047324A934244
:1035000003D1304B4FF47462F6E7304A934203D153
:103510002C4B4FF47412EFE72D4A934203D1294B01
:103520004FF07462E8E72B4A934203D1254B3D22CA
:10353000DA607047284A934203D1224B4FF47462F9
:10354000F6E7264A934203D11E4B4FF47412EFE77D
:10355000234A934203D11B4B4FF07462E8E7214AA0
:103560009342A2F1100202D13D23936070471E499D
:103570008B4202D14FF47463F7E71C498B4202D1AE
:103580004FF47413F1E71A4A9342A2F1580202D1A0
:103590004FF07463E9E717498B4202D13D23D360B2
:1035A000704715498B4202D14FF47463F7E7134912
:1035B0008B420CBF4FF474134FF07463EFE700BFFE
:1035C00010600240006002402860024040600240FB
:1035D000586002407060024088600240A060024073
:1035E000B860024010640240286402404064024017
:1035F000586402407064024088640240A064024043
:1036000010B50023C0E91D120C22C0E91F33C0E928
:1036100022230446C0F88430C0F89030743002F0A1
:10362000DFFC204610BD10B50446D0F8A4000368A6
:103630001A6822F001021A60626F04329A60002256
:10364000DA60FFF753FFD4F8A4301A68136843F028
:1036500010031360626F536943F080035361204687
:1036600010BD37B50446D0F8A80003681D6825F0E2
:1036700001051D60656F04359D605A6009B904F14C
:103680001001D960FFF732FFD4F8A8301A68136828
:1036900043F001031360636F5A6942F040025A61BC
:1036A000002201921A6801925A680192019ADA681E
:1036B000204642F01002DA6003B030BD2DE9F04739
:1036C0000268C14B9A429CB004466ED10025BF4EA1
:1036D0000095736CBE4843F010037364736C03F081
:1036E00010030093009B0195336B43F00103336398
:1036F000336B03F001030193019B4FF4C068022375
:10370000CDE912834FF00109032312A9CDE91493E7
:103710000723169301F026FC0295336B43F48003D4
:103720003363336BAB4E03F480030293029BAA4BCB
:103730004FF000684FF480673046C6E90038C6E9AC
:103740000255C6E90475C6E90655C6E9085501F0F3
:1037500079FB6663A14BB463A14EC6E900383046DD
:103760004023C6E90235C6E90475C6E90655C6E92F
:10377000085501F067FB2A46062126632520B4631D
:1037800001F0E6FA252001F015FB2A4606213A2031
:1037900001F0DEFA3A2001F00DFB46202A46062110
:1037A00001F0D6FA462001F005FB22688D4B9A42C3
:1037B0006ED10025854E0395336C854843F4003364
:1037C0003364336C03F400330393039B0495336B2E
:1037D00043F001033363336B03F0010304934FF0B1
:1037E0000C0C049B0223CDE912C34FF0010E0323FE
:1037F000CDE914E312A90723169301F0B3FB059555
:10380000336B43F400133363336B774E03F40013CD
:103810000593059B754B4FF000684FF48067304669
:10382000C6E90038C6E90255C6E90475C6E9065579
:10383000C6E9085501F006FB66636D4BB4636D4E37
:10384000C6E9003830464023C6E90235C6E90475AA
:10385000C6E90655C6E9085501F0F4FA2A460621DC
:1038600026632620B46301F073FA262001F0A2FA41
:103870002A460621102001F06BFA102001F09AFA76
:1038800011202A46062101F063FA112001F092FA74
:103890002268594B9A426DD100254C4E0695336CE7
:1038A00043F480233364336C03F480230693069B34
:1038B0000795336B43F004033363336B03F0040366
:1038C0000793079B4FF440600223CDE912030127C1
:1038D000032312A9CDE9147348480723169301F076
:1038E00041FB0895336B43F400133363336B444E51
:1038F00003F400130893089B424B4FF000684FF409
:1039000080673046C6E90038C6E90255C6E9047545
:10391000C6E90655C6E9085501F094FA66633A4BC4
:10392000B4633A4EC6E9003830464023C6E9023552
:10393000C6E90475C6E90655C6E9085501F082FADC
:103940002A46062126632720B46301F001FA2720C6
:1039500001F030FA2A4606210C2001F0F9F90C207A
:1039600001F028FA0E202A46062101F0F1F90E2076
:1039700001F020FA2268264B9A4240F095800025FB
:10398000124E0995336C124843F400233364336CB0
:1039900003F400230993099B0A95336B43F0010359
:1039A0003363336B03F001030A930A9B0222032360
:1039B000CDE912320122CDE9142312A9082316936E
:1039C00001F0D0FA0B9525E00010014000380240CC
:1039D00000000240BC1B002040640240B86402406A
:1039E000FC1D0020004400401C1C00208860024098
:1039F000A06002405C1E0020004800400008024019
:103A00007C1C00202860024058600240BC1E002040
:103A1000004C0040336B43F400133363336BA14E0F
:103A200003F400130B930B9B9F4B4FF000694FF473
:103A300080684FF440373046C6E90039C6E9025580
:103A4000C6E90485C6E90655C6E9087501F0FAF924
:103A50006663964BB463964EC6E900393046402300
:103A6000C6E90235C6E90485C6E90655C6E9087502
:103A700001F0E8F92A46062126633420B46301F0F8
:103A800067F9342001F096F92A4606210D2001F04D
:103A90005FF90D2001F08EF90F202A46062101F072
:103AA00057F90F2001F086F92268824B9A4240F0C4
:103AB00085800025804E0C95336C804843F480133C
:103AC0003364336C03F480130C930C9B0D95336BB0
:103AD00043F004033363336B03F004030D930D9B36
:103AE0000E95336B43F008033363336B03F0080325
:103AF0000E934FF0030808270E9B16974FF4805340
:103B00004FF0020A4FF0010912A9CDE9123ACDE9AE
:103B1000149801F027FA17A9042369481B97CDE9E7
:103B2000173ACDE9199801F01DFA0F95336B43F45C
:103B300000133363336B634E03F400130F930F9B37
:103B4000614B4FF000684FF480673046C6E900389B
:103B5000C6E90255C6E90475C6E90655C6E9085521
:103B600001F070F96663594BB463594EC6E90038E9
:103B700030464023C6E90235C6E90475C6E9065554
:103B8000C6E9085501F05EF92A460621266335206C
:103B9000B46301F0DDF8352001F00CF92A46062166
:103BA0000B2001F0D5F80B2001F004F92F202A4654
:103BB000062101F0CDF82F2001F0FCF82268454BDA
:103BC0009A426CD100253C4E1095736C3B4843F0F3
:103BD00020037364736C03F020031093109B119502
:103BE000336B43F004033363336B03F0040311932B
:103BF000C022119B0223CDE9122301210323CDE929
:103C0000141312A90823169301F0ACF91795336B1E
:103C100043F480033363336B2F4E03F48003179315
:103C2000179B2E4B4FF020684FF480673046C6E953
:103C30000038C6E90255C6E90475C6E90655C6E965
:103C4000085501F0FFF86663254BB463254EC6E9BD
:103C5000003830464023C6E90235C6E90475C6E996
:103C60000655C6E9085501F0EDF82A4606212663F7
:103C70004720B46301F06CF8472001F09BF82A4616
:103C80000621392001F064F8392001F093F845202D
:103C90002A46062101F05CF8452001F08BF81CB0A3
:103CA000BDE8F087DC1C00204060024070600240EC
:103CB0001C1F002000500040003802400008024055
:103CC000000C02403C1D002010600240B860024021
:103CD0007C1F0020001401409C1D0020286402402D
:103CE000A0640240DC1F0020436F1A6813B5D106A0
:103CF000044628D5DA68D20625D500220192196833
:103D000001915B680193019BD0F8A8301B6859684A
:103D1000C1F16401C160196821F001011960022339
:103D200000F11001006802F0A8FCA060D4F8A8001F
:103D3000FFF7DCFBD4F8A8301B6864225A601A68CD
:103D400042F001021A6004F1740002B0BDE81040B4
:103D500002F008BA10B50446D0F8A400FFF7C6FB7D
:103D6000D4F8A4301A68136823F00103136010BD5F
:103D70000148FFF7B9BF00BF741700200148FFF7E3
:103D8000B3BF00BF281800200148FFF7ADBF00BF38
:103D9000DC1800200148FFF7A7BF00BF90190020E2
:103DA0000148FFF7A1BF00BF441A00200148FFF7F8
:103DB0009BBF00BFF81A0020704700000148FFF7C2
:103DC000C9BF00BF901900204FF6FF7392B2743044
:103DD00002F034B9F8B500240D4601601646A0F88B
:103DE0007C41847444610E22214604301F4605F054
:103DF00017FE55B13A4631462846FFF701FC2146E9
:103E00006422BDE8F840FFF72CBCF8BD0346807C77
:103E100028B15869091AC8298CBF002001207047B1
:103E20000430704710B5034668B1084C0144104691
:103E300099420AD013F8012B4240D2B234F8122032
:103E400082EA1020F4E74FF6FF7010BD849D000851
:103E500070B50D460446A0B1022912D98E1E4FF648
:103E6000FF723146FFF7DEFFA25DC3B29A4208D16E
:103E70002C44C0F3072014F8014C231A584258412F
:103E800070BD0020FCE770B50D46044660B1022904
:103E90000AD98E1E4FF6FF723146FFF7C3FFA055B9
:103EA0002C44000A04F8010C70BD70B50446059D51
:103EB00026680698002E3CD003F0FF46042928BF50
:103EC0000021B6F1FF4F05F0FF4608BF0023B6F111
:103ED000FF4F00F0FF4608BF0025C4F88231B6F15D
:103EE000FF4FBDF81030A4F886314FF0530608BFDD
:103EF0000020002384F87E61C4F88851502604F520
:103F0000BF75A4F8903184F8801184F88121C4F839
:103F10008C011421284684F87F61FFF7B4FF2068E4
:103F200014222946FFF750FFD4F8A8310133C4F812
:103F3000A83170BD38B5B0F87C418C42054603D835
:103F40000023A0F87C3138BD641AA4B27C3022462C
:103F5000014405F04BFDA5F87C41F4E770B504463B
:103F600015460E4679B372B3FF2A0CD90023A0F888
:103F70007C31D0F8A031A2F5807501332E44C0F811
:103F8000A0314FF48075B4F87C312B449BB2B3F56B
:103F9000807F0AD9A3F5807399B22046FFF7CAFF44
:103FA000D4F8A0310133C4F8A031B4F87C3104F165
:103FB0007C002A463146184405F00AFDB4F87C21FD
:103FC0001544A4F87C5170BD38B50378532B2DD11E
:103FD0004378502B2AD18378012B27D8C378012B23
:103FE00024D843681D4603F0FF43B3F1FF4F1DD0B3
:103FF00083681C4603F0FF43B3F1FF4F16D00C4912
:10400000284605F04FFC80B10A49284605F040FCDF
:1040100058B10749204605F045FC30B10549204616
:1040200005F036FC003818BF012038BD0020FCE741
:10403000DB0FC9C0DB0FC9402DE9FF41044600F189
:104040007C0800F18407B4F87C31012B64D900228C
:1040500091B2481C98420D4654D2254495F87C50A4
:10406000532D04D1204490F87C0050282DD00132EB
:10407000EEE700234EE06B4642461E46106851684C
:104080001D4603C50832BA422B46F7D1386828606E
:10409000BA88AA803046FFF797FF30B9D4F8A0312C
:1040A0000133C4F8A0310E2128E096E80F00251D49
:1040B00007C52B800123A37400F030FBD4F8A43192
:1040C00060610133C4F8A431EDE711B12046FFF778
:1040D00031FFB4F87C310D2B1ED9D4F8983101335F
:1040E000C4F898310E214046FFF7B2FE0028C2D135
:1040F000D4F89C310133C4F89C3101212046FFF7EC
:1041000019FFA0E7234493F87B30532BB1D184F8F7
:104110007C300123A4F87C3104B0BDE8F08138B5CF
:104120000368044623B300F11805236800221868C9
:10413000294602F003FB01281AD12368DA68642AB1
:1041400013D9D4F8A0310133C4F8A0316422D4F8D3
:10415000943113442046C4F8943192B22946FFF7B3
:10416000FDFE2046FFF768FFDFE7002ADDD0EEE71F
:1041700038BD000070B50E4E0E4D04463146204647
:1041800005F09AFB60B90C4E0A4D3146204605F009
:104190007FFB58B12046294605F0CAF80446F4E7EB
:1041A0002046294605F0C2F80446E7E7204670BDE0
:1041B000000034430000B443000034C338B5044663
:1041C000154600220846227003B1A38200F0FF4387
:1041D000B3F1FF4F03D0FFF7CDFF6060A060E56053
:1041E00038BD000038B50B790C464BB38B794BB317
:1041F000CB794BB30B7A4BB3CD6805F0FF43B3F1EA
:10420000FF4F25D01449284605F038FB00BB134961
:10421000284605F051FBD8B9246904F0FF43B3F1F7
:10422000FF4F17D00E49204605F028FB90B90D49E5
:10423000204605F041FB002814BF0720002038BDB0
:104240000220FCE70320FAE70420F8E70520F6E760
:104250000620F4E70720F2E7000034C400003444ED
:10426000DB0FC9C0DB0FC9402DE9F04792F805808C
:10427000D2F80C90166891F800A005460C46174637
:10428000B8F1000F0ED15346324649462046FFF79B
:1042900095FF84F80180A5F80080A3686B6028462C
:1042A000BDE8F08711462046FFF79CFF8046BAF133
:1042B000000F21D163783BB920B97B7A012B0CD058
:1042C0004FF00A08A4F814800023324649462046DD
:1042D000FFF774FF00232B80DFE723704846FFF7CA
:1042E00049FFC4E903666060A060A4F8148040F24E
:1042F00001132B806860D2E708B10346E5E7D4F8E4
:1043000004A04846514605F011F8FFF733FF244951
:1043100020F0004005F0D0FA40B10123637032462E
:10432000082349462046FFF749FFB4E77B7A012B73
:104330000FD02369F31AC82B08D94846FFF71AFF94
:104340000923A060E660A3820123D2E7E66001238F
:10435000C1E7A38A13492661092B08BFA082E66042
:10436000386905F0EDF8FFF705FF514604F0DEFF70
:10437000FFF700FF0C49064605F080FA68B90B49C3
:10438000304605F099FA00B1084E3146504604F027
:10439000CFFFFFF7EFFEA060D6E7034EF5E700BFC3
:1043A0000000E041E12E65420000C8C10000C841A4
:1043B000002370B503708B68CC6803F0FF42B2F144
:1043C000FF4F18BFC36004F0FF43B3F1FF4F054632
:1043D0000E4616D00D49204605F064FA88B14FF01C
:1043E0007C51204605F054FA58B10949204605F0A1
:1043F00045FA48B90749204605F05EFA00B1054C78
:104400002C6133686B6170BD014CF9E73333B3BE87
:10441000000080BECDCCCC3E2DE9F84F5679054644
:104420000C4617466EB94E708E8320461146FFF734
:10443000BFFF2E80E3686B602369AB602846BDE850
:10444000F88F13790BB14B7833B139462046FFF71B
:10445000AFFF00232B80EDE7D2F8088008F0FF4380
:10446000B3F1FF4F12D08349404605F007FA68B90F
:104470008149404605F020FA40B9D7F810B00BF05A
:10448000FF43B3F1FF4F04D10C2300E00B23A383C0
:10449000DBE77A49584605F0F1F90028F4D178496C
:1044A000584605F009FA0028EED1FE6806F0FF43F1
:1044B000B3F1FF4F04D10D23A38300232370C9E779
:1044C0007049304605F0DAF90028F4D14FF07C51FC
:1044D000304605F0F1F981460028ECD1237803BB82
:1044E000012369492370C4F80480A660C4F80C80D5
:1044F000304605F0C3F990B96449304605F0DCF95F
:1045000000B1624E3B682661C4E905330023A383F2
:1045100040F201132B80C5F80480AE608EE75A4E3E
:10452000F0E7D4F804A04046514604F0FFFE584995
:1045300020F0004005F0C0F950B1012363700E2354
:10454000A38339462046FFF733FFA5F8009071E7B3
:10455000BB79D7F80090012B1AD0A369A9EB03030C
:10456000C82B0FD94849C4F80C80304605F086F9AD
:1045700060B94649304605F09FF900B1434E2661C7
:104580000F23A383C4F81490012363E73E4EF6E79C
:10459000A38B4049C4F818900F2B08BFA08358463E
:1045A00004F0CEFF514604F0C1FE3B49064605F03B
:1045B00065F9002856D13949304605F07DF900B13A
:1045C000364E3146504604F0B3FE35490746304674
:1045D00004F0B6FFA16804F0ABFE2B49064605F0D7
:1045E0004DF9002840D12949304605F065F900B160
:1045F000264E6069A9EB0000322828BF322004F063
:1046000047FF284904F09CFF274905F04DF8D4F8EE
:1046100010B080465946304604F088FE08F1004646
:104620003146824605F02AF928B94146504605F040
:1046300043F9D8B146463146584604F079FE12494E
:10464000064605F01BF998B91049304605F034F9D3
:1046500000B10E4E26610123E760C4F814902B8050
:104660006F605AE70C4EACE7074EC2E75646E2E7EA
:10467000054EEFE7000034C300003443DB0FC9C030
:10468000DB0FC9403333B3BE000080BECDCCCC3E7F
:1046900000009041E12E6542000070C100007041B1
:1046A00035FA8E3CC2B8B23F00007A447047000031
:1046B00010B5084B044618684FF47A73B0FBF3F05A
:1046C00000F086FB002221464FF0FF3000F040FB57
:1046D000002010BD0C00002008B50B4B1A6842F4F6
:1046E00000721A601A6842F480621A601A6842F412
:1046F00080721A60032000F019FB0F20FFF7D8FF2B
:10470000FFF7D4FF002008BD003C0240024A1368B6
:1047100001331360704700BF20220020014B18684E
:10472000704700BF202200203C4B4A6930B5D3F8C7
:10473000004244F00104C3F80042D3F8004224F4DC
:104740007C54C3F80042D3F800424D6A44EA052481
:10475000C3F80042D3F81C520120904025EA00051E
:10476000C3F81C52CD69C443002D35D1D3F80C5287
:104770002540C3F80C52CB688D8845EA0345D30029
:1047800003F1804303F5C8430A88C3F840528D689B
:1047900042EA0542C3F844228A69204B8ABBD3F817
:1047A00004222240C3F804220A6972BBD3F81422FF
:1047B0001440C3F814420B6A012B184B02BFD3F804
:1047C0001C221043C3F81C02D3F8002222F001027D
:1047D000C3F80022002030BD012DDDD1D3F80C52EA
:1047E0000543C3F80C520B688D8845EA0345D30096
:1047F00003F1804303F5C8438A89C3F840528D68AA
:10480000C6E7D3F804220243CCE7012A01BF034ADA
:10481000D2F814320343C2F81432CCE700640040EB
:1048200070B50446002800F08F8090F8383003F00F
:10483000FF021BB980F83920FBF758FD022384F8EA
:10484000383023681A6822F002021A601A6842F0AF
:1048500001021A60FFF762FF064623685D6815F0E3
:10486000010557D05A68D1076BD5A269012A1A6889
:104870000CBF42F0800222F080021A60E269012A35
:104880001A680CBF42F0400222F040021A60226A0D
:10489000012A1A680CBF42F0200222F020021A609E
:1048A000626A012A1A680CBF42F0100222F010025C
:1048B0001A60A26A012A1A680CBF42F0080222F0AC
:1048C00008021A60E26A012A1A680CBF42F0040268
:1048D00022F004021A60D4E902210A4321690A4342
:1048E00061690A43616801390A43DA611A6822F092
:1048F00001021A60FFF712FF054623685A68D207C3
:1049000013D4586810F001001BD10123E06384F830
:10491000383009E0FFF702FF801B0A289DD90320E9
:1049200084F8380084F8395070BDFFF7F7FE401B5B
:104930000A28E2D90320002384F8380084F83930AB
:10494000F2E7042384F838300120EDE702682DE90E
:10495000F84393685B0104460F4606D493681D0133
:1049600003D49368D80040F1888094F83930012B43
:1049700000F08880012384F8393094F83830222BF5
:104980000CBF3223122384F838309368590152D473
:10499000936813F0006F14BF0126022602EB061382
:1049A000206BD3F88011D0E9025E01F00101C3F859
:1049B0008011D3F880114FEA061C002D3DD1056807
:1049C0004EEA45550D43C3F88051D3F8845101692F
:1049D000DFF8B480DFF8B49001F00F0125F00F0587
:1049E0000161C3F88451D3F884512943C3F8841179
:1049F00062444169C2F888118169C2F88C11D3F808
:104A0000802142F00102C3F88021FFF787FE0546AE
:104A100023681F499A6846BB31EA020214D194F810
:104A20003830322B0CBF22230123002084F8383089
:104A300084F8390011E00026B0E745EA0E05D0F809
:104A400004E045EACE05BDE77A1CE3D03FB9032078
:104A5000002384F8380084F83930BDE8F883FFF784
:104A60005DFE401BB842D3D9F1E7012E02D139EAED
:104A70000202D3E738EA0202D0E7042384F8383090
:104A80000120EAE70220E8E7000003100003000825
:104A90000300000410B50346084693F83820012AA5
:104AA000D1B201D0122922D193F83920012A1ED087
:104AB000012283F8392093F83820122A0CBF3222C1
:104AC000222283F8382000211A68D963546944F4FB
:104AD0000F44546183F83910536918B943F0020345
:104AE000536110BD43F0100353610846F9E70220FB
:104AF000F7E770470268436B70B502EB01140EB222
:104B0000D4F8B05105F004059D60002D4FD1D4F8C4
:104B1000B0516D0D1D60D4F8B051D4F8B441196294
:104B200004F00F041C6102EB061405F00205D4F832
:104B3000B441DD60C4F30724DC6102EB0114D4F856
:104B4000B8511D75D4F8B8512D0A5D75D4F8B85117
:104B50002D0C9D75D4F8B8512D0EDD75D4F8BC51CF
:104B60001D76D4F8BC512D0A5D76D4F8BC512D0CBD
:104B70009D76D4F8BC41240EDC762023E1B9D360C5
:104B8000536923F00203536190F83830222B02BF9F
:104B9000536923F40F43536190F83830322B0CBF24
:104BA0001223012380F83830FBF74AFC70BDD4F89B
:104BB000B051ED085D60AEE71361536923F0100357
:104BC000E1E7000003685A69D10770B5044624D5AF
:104BD0009E68524D9A6852499868B54302EA0102AC
:104BE00004D08A4202D04F4A824316D15A6922F039
:104BF00001025A6194F83820122A02BF5A6922F43D
:104C00000F425A6194F83830322B0CBF2223012313
:104C100084F838302046FFF76CFF2368DA685B6958
:104C2000920705D09B0703D500212046FFF762FFBE
:104C300023681A695B69960705D0DD0603D5012153
:104C40002046FFF757FF2368986959695A69C007DA
:104C500007D5CE0505D5150442BFE26B42F001022F
:104C6000E263986959695A69800707D5890505D5AE
:104C7000120442BFE26B42F00202E2639869596992
:104C80005A69460707D54D0505D5100442BFE26BAA
:104C900042F00402E263986959695A6910F0700F92
:104CA00013D0090511D512040FD59A6902F07002CC
:104CB000402A2AD014D8202A1FD0302A21D0102AE6
:104CC00016D09A6922F070029A61E26B3AB104221E
:104CD0005A60012384F838302046FBF7FBFB70BD97
:104CE000502A16D0602AECD1E26B42F4807202E0C6
:104CF000E26B42F00802E263E3E7E26B42F010028B
:104D0000F9E7E26B42F02002F5E7E26B42F0400285
:104D1000F1E7E26B42F08002EDE700BF0300000420
:104D20000003000800000310C06B70470749CA6801
:104D300022F4E0620302120403F4E063120C134352
:104D400043F0BF6343F40033CB60704700ED00E0F5
:104D5000164B30B5DC68C4F30224C4F10703251DEB
:104D6000042B28BF0423062D4FF0FF3505FA03F36B
:104D70008CBF033C002421EA0303A34005FA04F49A
:104D800022EA0402002843EA0203ACBF00F16040BB
:104D9000074A4FEA0313B8BF00F00F00DBB2AABF07
:104DA00000F56140135480F8003330BD00ED00E0A1
:104DB00014ED00E0002808DB4209012300F01F0089
:104DC00003FA00F0014B43F82200704700E100E0D5
:104DD0000138B0F1807F0BD24FF0E023054A5861D3
:104DE000F02182F823100020072298611A61704791
:104DF0000120704700ED00E04FF0E02304281A691D
:104E00000CBF42F0040222F004021A61704770479E
:104E100008B5FFF7FCFF08BD036810B5084C024653
:104E2000D9B210391820B1FBF0F0205CD06523F422
:104E30007F7020F003005F2988BF0430906510BDAB
:104E4000849F000870B50446FFF768FC0546002CF7
:104E500072D0002384F834302268022384F835307D
:104E6000136823F00103136021680B68DA072DD45F
:104E70000B68324DA0691D40D4E901231343E26859
:104E800013432269134362691343E26903431343E3
:104E9000226A13432B43656A042D02BFD4E90B2613
:104EA000324313430B604A69042D22F0070242EAA1
:104EB000050233D1A36A1A4398B9012B22D0022BE1
:104EC00000D05BBBE36ADB0128D51FE0FFF726FCBF
:104ED000401B0528C8D920236365032084F83500CA
:104EE00070BDB0F5005F15D1032B17D801A050F8A5
:104EF00023F000BF0D4F0008C54E00080D4F0008FD
:104F0000054F0008E36AB3F1C07F07D14023636512
:104F10000120E3E7022BF9D9032BD3D04A612046C5
:104F2000FFF77AFFE26D3F23934083600020012367
:104F3000606584F83530D3E70120D1E73F8010F079
:104F400090F83530022B03D0802343650120704751
:104F50000268052380F83530136823F001031360DD
:104F6000002070472DE9F74FDFF8B4816D4ADFF874
:104F7000B89100230C6801279F4007EA040537EA2F
:104F8000040440F0B9804C6824F0100ABAF1020F12
:104F900016D14FEAD30E00EB8E0E03F0070BDEF8AE
:104FA00020604FEA8B0B4FF00F0C0CFA0BFC26EA3B
:104FB0000C0C0E6906FA0BF646EA0C06CEF82060D9
:104FC000D0F800B04FEA430E4FF0030C0CFA0EFC81
:104FD0002BEA0C0B6FEA0C0604F0030C0CFA0EFC27
:104FE0000AF1FF3A4CEA0B0CBAF1010FC0F800C00D
:104FF00016D8D0F808C0D1F80CA006EA0C0C0AFAB2
:105000000EFA4AEA0C0CC0F808C0D0F804C02CEA2A
:105010000707C4F3001C0CFA03FC4CEA07074760BF
:10502000C76837408E6806FA0EF63E43C660E60053
:1050300062D500260196D8F8447047F48047C8F836
:105040004470D8F8447007F480470197019F23F01B
:10505000030707F1804707F59C3703F0030ED7F8E5
:1050600008A04FEA8E0E4FF00F0C0CFA0EFC2AEA45
:105070000C0CDFF8B8A050451DD006F1804606F5AF
:105080000136B0423FD006F58066B0423DD006F50D
:105090008066B0423BD006F58066B04239D04845C4
:1050A00039D006F50066B04237D006F58066B042CA
:1050B0000CBF0726082606FA0EF646EA0C06BE6066
:1050C0001668EF4314F4803F0CBF3E402E43166039
:1050D000566814F4003F0CBF3E402E43566096685D
:1050E00014F4801F0CBF3E402E439660D668A40285
:1050F00054BF3E402E43D6600133102B7FF43AAFAD
:1051000003B0BDE8F08F0126D5E70226D3E70326DA
:10511000D1E70426CFE70526CDE70626CBE700BF7B
:1051200000380240003C01400014024000000240F0
:105130000368F7B5DD0704463BD42368980700F100
:105140008D8023681E0700F1D88023685D072AD56B
:1051500000230193924B934D1A6C42F080521A64D3
:105160001B6C03F080530193019B2B6843F4807305
:105170002B60FFF7D3FA06462B68DA0540F1E18091
:10518000A368874D012B40F0E3802B6F43F00103B0
:105190002B67FFF7C3FA824E054641F28837336F1B
:1051A0009B0740F1F680A269002A40F0FF800020B2
:1051B00015E07B4B9A6802F00C02042A07D09A682B
:1051C00002F00C02082A0CD15A68510209D5744B1E
:1051D0001B689A03B1D56368002BAED1012003B0E0
:1051E000F0BD6268B2F5803F13D11A6842F4803294
:1051F0001A60FFF793FA6A4E054641F28837336822
:105200009B039AD4FFF78AFA401BB842F7D90320D0
:10521000E5E7634DB2F5A02F2B6807D143F4802357
:105220002B602B6843F480332B60E2E723F4803358
:105230002B602B6823F480232B60002AD9D1FFF741
:105240006DFA41F2883706462B6898037FF575AFF3
:10525000FFF764FA801BB842F6D9D8E7504B9A683A
:1052600012F00C0F07D09A6802F00C02082A16D12F
:105270005B68590213D44A490B689A0702D5E36860
:10528000012BABD10868F82393FAA3F3B3FA83F2A6
:105290002369934020F0F80213430B6051E7E26862
:1052A000414BDAB101221A60FFF738FA3C4D06464D
:1052B0002B689B070CD52968F82393FAA3F3B3FA5C
:1052C00083F22369934021F0F80213432B6038E7FF
:1052D000FFF724FA801B0228EAD998E71A60FFF743
:1052E0001DFA2F4E054633689F077FF52AAFFFF75B
:1052F00015FA401B0228F6D989E762692A4B82B168
:105300000122C3F8802EFFF709FA254E0546736F78
:1053100098073FF51AAFFFF701FA401B0228F6D9AC
:1053200075E7C3F8802EFFF7F9F91D4E0546736F38
:1053300099077FF50AAFFFF7F1F9401B0228F6D96C
:1053400065E7FFF7EBF9801B02287FF615AF5EE7F4
:10535000052B04D12B6F43F004032B6715E72A6F4D
:1053600022F001022A672A6F22F004022A67002B2A
:105370007FF40FAFFFF7D2F941F2883706462B6F63
:1053800098077FF510AFFFF7C9F9801BB842F6D92F
:105390003DE7FFF7C3F9401BB8427FF600AF36E7A1
:1053A0000038024000700040000047422C4DAB68BE
:1053B00003F00C03082B3FF411AF2A4B022A4FF0E5
:1053C00000021A663ED1FFF7A9F906462B6899013B
:1053D00032D447F6C07696FAA6F64FF44032B6FAC3
:1053E00086F692FAA2F24FF07061B2FA82F091FA68
:1053F000A1F1D4E907321343626AB2401343A26AAF
:105400005208013A82401343E26AB1FA81F102FA8A
:1054100001F10B436B60134B114D01221A66FFF72C
:105420007DF904462B689A013FF5C1AEFFF776F986
:10543000001B0228F6D9EAE6FFF770F9801B022864
:10544000C4D9E4E6FFF76AF904462B689B017FF5AF
:10545000AEAEFFF763F9001B0228F6D9D7E600BF0E
:105460000038024000004742194B9A6802F00C02D3
:10547000042A28D0082A28D15A685968586811F493
:10548000800F02F03F0247F6C07191FAA1F3B3FA20
:1054900083F300EA010020FA03F014BF0D4B0E4B1A
:1054A000B3FBF2F20A4B50435B684FF4403292FA7E
:1054B000A2F2B2FA82F203F44033D34001335B002C
:1054C000B0FBF3F07047034870470348704700BFD4
:1054D0000038024040787D010024F400554B1A68E2
:1054E00002F00F028A422DE9F04104460D462FD307
:1054F0002268960736D4D0073CD44E4B1A6802F087
:105500000F02AA4200F286802268510700F18A80C9
:10551000130707D5484A2169936823F4604343EA97
:10552000C1039360FFF7A0FF434BF0229B6892FA00
:10553000A2F2B2FA82F203F0F003D3403F4AD35C06
:10554000D8403F4B18600F20FFF7B2F8002007E06B
:10555000CAB21A701B6803F00F038B42C8D0012037
:10556000BDE8F0813449A0688B6823F0F003034361
:105570008B60C0E76268304B012A1DD11B6813F4B1
:10558000003FECD02C4EB36823F003031343B36009
:10559000FFF7C4F86368012B074641F2883815D13C
:1055A000B36803F00C03042BA7D0FFF7B7F8C01BB8
:1055B0004045F5D90320D3E7911E01291B6802D885
:1055C00013F0007FDDE713F0020FDAE7022B0AD1B8
:1055D000B36803F00C03082B8FD0FFF79FF8C01BB4
:1055E0004045F5D9E6E7032B0FD1B36803F00C0370
:1055F0000C2B82D0FFF792F8C01B4045F5D9D9E7B4
:10560000FFF78CF8C01B4045D4D8B36813F00C0FDB
:10561000F6D172E7EAB21A701B6803F00F03AB42CF
:105620009DD171E70449E0688B6823F4E05303439C
:105630008B606DE7003C0240003802408C9F000800
:105640000C000020014B1868704700BF0C000020C0
:10565000084B4FF4E0529B6892FAA2F2B2FA82F23F
:1056600003F4E053D340044AD35C044A1068D840A2
:10567000704700BF003802408C9F00080C000020DB
:10568000084B4FF460429B6892FAA2F2B2FA82F29F
:1056900003F46043D340044AD35C044A1068D84002
:1056A000704700BF003802408C9F00080C000020AB
:1056B0000368DA6842F00102DA601A6842F0010217
:1056C0001A600020704770B590F83830012B0446FE
:1056D0004FF002001FD0012384F83830236884F88B
:1056E00039009A6822F47F4222F077029A600A68B1
:1056F000502A5BD02CD8202A00F093800CD8002AA6
:1057000000F08380102A00F086800123002084F8B6
:10571000393084F8380070BD302A00F08880402A83
:10572000F3D14868CE68196A1D6A25F001051D622B
:105730009A6921F00A0122F0F00242EA06120143BE
:105740009A6119629A6822F0700242F047022BE0D7
:10575000B2F5805F25D012D8602A3ED0702AD4D10D
:10576000D1E901529868C9682A4320F47F4042EA8F
:10577000012202439A609A6842F0770214E0B2F57F
:10578000005FC2D1D1E901529868C9682A4320F468
:105790007F4042EA012202439A609A6842F48042C2
:1057A00002E09A6822F007029A60AEE74868CE6885
:1057B000196A1D6A25F001051D629A6921F00A0126
:1057C00022F0F00242EA061201439A6119629A68D5
:1057D00022F0700242F05702E6E7186A4D68CE6880
:1057E00020F01000186299691A6A21F4704122F0C1
:1057F000A00242EA051241EA063199611A629A68EA
:1058000022F0700242F06702CEE79A6822F070023E
:1058100042F00702C8E79A6822F0700242F01702CD
:10582000C2E79A6822F0700242F02702BCE79A6849
:1058300022F0700242F03702B6E7704770477047B7
:1058400003681A69910710B504460ED5DA68920705
:105850000BD56FF002021A61012202769B699B0749
:1058600077D0FDF721FE0023237623681A695007BD
:1058700010D5DA6851070DD56FF004021A610222C3
:1058800022769B6913F4407F204668D0FDF70CFE1A
:105890000023237623681A6912070FD5DA681007E8
:1058A0000CD56FF008021A6104222276DB69990791
:1058B00020465AD0FDF7F8FD0023237623681A69A5
:1058C000D20610D5DA68D0060DD56FF010021A6135
:1058D00008222276DB6913F4407F20464BD0FDF787
:1058E000E3FD0023237623681A69D10708D5DA6817
:1058F000D20705D56FF001021A612046FDF794FD2D
:1059000023681A69100608D5DA68110605D56FF004
:1059100080021A61204600F0FEF923681A695206D7
:1059200008D5DA68500605D56FF040021A612046A6
:10593000FFF785FF23681A69910622D5DA68920677
:105940001FD56FF0200220461A61BDE8104000F01C
:10595000E1B9FFF772FF2046FFF770FF83E7FFF71B
:105960006CFF2046FFF76AFF92E7FFF766FF2046CD
:10597000FFF764FFA0E7FFF760FF2046FFF75EFF39
:10598000AFE710BD2E4A0368904212D0B0F1804FAD
:105990000FD0A2F57C4290420BD002F5806290427B
:1059A00007D002F58062904203D002F5784290421F
:1059B00019D14A6823F070031343214A904229D039
:1059C000B0F1804F26D0A2F57C42904222D002F561
:1059D000806290421ED002F5806290421AD002F599
:1059E0007842904216D0174A904213D002F5806256
:1059F00090420FD002F5806290420BD0A2F598320F
:105A0000904207D002F58062904203D002F5806296
:105A1000904203D1CA6823F44073134303608B6838
:105A2000C3620B688362064B984203D003F5806320
:105A3000984201D10B69036301234361704700BFA2
:105A4000000001400040014010B50446A0B190F8AC
:105A5000393003F0FF021BB980F83820FDF7BAFC9B
:105A60000223206884F83930211DFFF78BFF0123C2
:105A700084F83930002010BD0120FCE710B5044641
:105A8000A0B190F8393003F0FF021BB980F838203C
:105A9000FDF7D2FC0223206884F83930211DFFF77E
:105AA00071FF012384F83930002010BD0120FCE78C
:105AB00010B50446A0B190F8393003F0FF021BB9CD
:105AC00080F83820FDF7D0FC0223206884F83930B4
:105AD000211DFFF757FF012384F83930002010BD46
:105AE0000120FCE770B5046A1A4E24F00104046238
:105AF0008469056AB04224F0030429D0B0F1804FD4
:105B000026D0A6F57C46B04222D006F58066B0428B
:105B10001ED006F58066B0421AD006F57846B0422F
:105B200016D006F57056B04212D0A6F59436B042A3
:105B30000ED044F001021B01DBB222F0F0021A4346
:105B400001F00A0125F00A0319438261016270BD68
:105B50002243F0E700000140F8B590F83830012BFF
:105B600004460E4615464FF002001AD0012384F871
:105B7000390084F83830D1E900122068F3688DB913
:105B8000FFF7B0FF2368B1689A6922F00C029A61AE
:105B90009A690A439A610123002084F8393084F815
:105BA0003800F8BD042DB66822D1056A25F010052D
:105BB00005628769D0F820E027F4407C1D034CEA99
:105BC000022C09012CF4704CADB22EF0A00E01F0A5
:105BD000A00145EA0C0541EA0E0185610162836975
:105BE00023F440638361836943EA06268661D2E732
:105BF000082D056A1CD125F480750562C769056A00
:105C000027F0030717431B010902DBB227F0F00757
:105C100025F4206501F420611F432943C761016217
:105C2000C36923F00C03C361C3691E43C661B2E7B5
:105C300025F480550562C569076A25F4407545EA73
:105C400002251B03090325F470459BB227F4204766
:105C500001F420412B433943C3610162C36923F43A
:105C60004063C361C36943EA0626DFE7036A10B5F0
:105C700001248C4023EA04030362036A8A401A4326
:105C8000026210BD082910B5044600681CD00CD86B
:105C900089B1042914D00122FFF7E8FF22681368B4
:105CA00043F001031360002010BD0C29F3D1C36839
:105CB00043F0100302E0C36843F00203C360EAE765
:105CC000C36843F00403F9E7C36843F00803F5E74A
:105CD00010B590F83830012B02464FF0020018D072
:105CE000136882F8390058680C68496820F0700021
:105CF0005860586820435860986820F08000986089
:105D00009868014399600020012382F8393082F8B5
:105D1000380010BD704770470368DA6822F490724B
:105D2000DA605A6922F001025A61202380F83A3081
:105D3000704700002DE9F8430368C1681A690446FA
:105D400022F440520A431A612569A268D968C069E1
:105D50002A43656921F416412A4321F00C010243CC
:105D60000A43DA605A69A16922F440720A43B0F525
:105D7000004F5A61844A40F08680934203D002F576
:105D8000806293424AD1FFF77BFC67684FF01909A4
:105D90004FF0640809FB00F37F00B3FBF7F3B3FB9C
:105DA000F8F31F01FFF76CFC656809FB00F06D005C
:105DB000B0FBF5F5FFF764FC636809FB00F65B00D8
:105DC000B6FBF3F6FFF75CFCB6FBF8F608FB1656DD
:105DD0006368F6003236B6FBF8F6760009FB00F58C
:105DE0005B0006F4F876B5FBF3F5FFF749FC09FB19
:105DF00000F3606822684FEA4009B3FBF9F3B3FB94
:105E0000F8F308FB1353DB003233B3FBF8F303F072
:105E100007033B4433449360BDE8F883FFF718FC65
:105E200067684FF019094FF0640809FB00F37F0021
:105E3000B3FBF7F3B3FBF8F31F01FFF709FC656849
:105E400009FB00F06D00B0FBF5F5FFF701FC63689E
:105E500009FB00F65B00B6FBF3F6FFF7F9FBB6FBB8
:105E6000F8F608FB16566368F6003236B6FBF8F60D
:105E7000760009FB00F55B0006F4F876B5FBF3F558
:105E8000FFF7E6FBB3E7934202D0404A934247D183
:105E9000FFF7F6FB67684FF019094FF0640809FB3C
:105EA00000F3BF00B3FBF7F3B3FBF8F31F01FFF7F9
:105EB000E7FB656809FB00F0AD00B0FBF5F5FFF707
:105EC000DFFB626809FB00F39200B3FBF2F3B3FB64
:105ED000F8F308FB13531B013233B3FBF8F303F061
:105EE000F006FFF7CDFB636809FB00F59B00B5FBEF
:105EF000F3F5FFF7C5FB09FB00F3606822684FEA82
:105F00008009B3FBF9F3B3FBF8F308FB13531B0150
:105F10003233B3FBF8F303F00F0333433B447AE728
:105F2000FFF796FB67684FF019094FF0640809FB0B
:105F300000F3BF00B3FBF7F3B3FBF8F31F01FFF768
:105F400087FB656809FB00F0AD00B0FBF5F5FFF7D6
:105F50007FFB626809FB00F39200B3FBF2F3B3FB33
:105F6000F8F308FB13531B013233B3FBF8F303F0D0
:105F7000F006FFF76DFB636809FB00F59B00B5FBBE
:105F8000F3F5FFF765FBB6E7001001400014014090
:105F9000F8B504460E4617461D462268136836EAD1
:105FA000030301D1002014E06B1CF7D095B92368DE
:105FB000DA6822F4D072DA605A6922F001025A617A
:105FC000202384F8393084F83A30002384F83830BC
:105FD0000320F8BDFEF7A2FBC01B8542DDD2E6E739
:105FE00010B5044640B390F8393003F0FF021BB9F6
:105FF00080F83820FDF762FB2268242384F83930CA
:10600000D36823F40053D3602046FFF793FE236840
:106010001A6922F490421A615A6922F02A025A61DE
:10602000DA6842F40052DA6000202023E06384F84A
:10603000393084F83A3010BD0120FCE72DE9F041F9
:106040001F4690F83930202B04460D4690464FD11C
:1060500000294BD0002A49D090F83830012B47D086
:10606000012380F838300023C363212380F83930BE
:10607000FEF754FBA4F824800646A4F82680E38C9F
:106080009BB263B93B46324640212046FFF780FF72
:10609000A8B9202384F8393084F8380010E0E38C64
:1060A000013B9BB2E384A368B3F5805F32463B4675
:1060B0004FF08001204610D1FFF76AFF10B1032096
:1060C000BDE8F0812B882268C3F30803536023697D
:1060D0000BB90235D3E70135D1E7FFF759FF0028A7
:1060E000EDD1236815F8012B5A60C8E70120E7E7D6
:1060F0000220E5E77047704790F83A30222B10B540
:1061000020D1816804690268836AB1F5805F1ED17D
:106110005268C4B9C2F3080223F8022B8362C38D0C
:10612000013B9BB2C3856BB90368DA6822F49072B5
:10613000DA605A6922F001025A61202380F83A306D
:10614000FFF7D9FF10BDD2B223F8012BE6E7591CA7
:10615000526881620CB91A70E1E702F07F02FAE737
:106160007047000003681A68D96870B516075D6942
:10617000044607D1960659D58D0657D5BDE870401F
:10618000FFF7BABF05F0010001F4907505434DD04B
:10619000D60705D5CD0542BFE36B43F00103E363AA
:1061A000530704D518B1E36B43F00203E36396078A
:1061B00004D518B1E36B43F00403E363150704D57A
:1061C00018B1E36B43F00803E363E36B4BB3900652
:1061D00004D5890602D52046FFF78EFF23685B6948
:1061E000E56B03F0400305F008051D43204619D078
:1061F000FFF792FD23685A6952060FD55A69606B02
:1062000022F040025A6148B1254B0365FEF798FE23
:1062100038B1606BBDE87040036D18472046FFF74A
:106220009FFF70BDFFF79CFFE563FAE7160628D5D0
:106230000D0626D594F83920212AF2D1A168226AC8
:10624000B1F5805F18D11188C1F308015960216947
:1062500081B902322262E28C013A92B2E284002ACF
:10626000DFD1DA6822F08002DA60DA6842F04002B8
:10627000DA60D6E70132EDE7511C216212785A60EC
:10628000E9E75006CDD54A06CBD5DA6822F04002C0
:10629000DA60202384F839302046FFF72BFFC0E76F
:1062A000A562000808B5806B0023C385C384FFF78F
:1062B00057FF08BD00F108034FF0FF32C0E9022389
:1062C000436003610023036070470023036170474C
:1062D00043684B609A688A609A6851609960036865
:1062E000086101330360704730B50C68631C0AD144
:1062F00003695A684A6091608B605960036808615D
:106300000133036030BD00F108021346526815687E
:10631000A542FAD9EDE7D0E9011203698A6051601C
:106320005968814208BF5A60002202611A68013A26
:106330001A601868704710B5044601F0B3F9A46BF1
:1063400001F0D0F9B4FA84F0400910BDF8B5154653
:10635000026C866B044652B9076847BB406800F080
:106360003FFF676005460136A6632846F8BD65B95C
:10637000806803F02DFBA368226C13446268A3605D
:106380009342F0D32368A360EDE7C06803F020FBDD
:10639000226CE36851429B1A2268E36093423EBF3D
:1063A00063685B18E360022D01D116B1013E002540
:1063B000D9E73546D7E7034610B41A6C084662B1F0
:1063C000DC68596814448C4228BF1968DC6028BF17
:1063D000D960D96810BC03F0FBBA10BC704770B527
:1063E000044601F05FF994F8455004F124066DB2BB
:1063F000002D14DCFF2384F8453001F073F901F01F
:1064000051F994F8445004F110066DB2002D12DCDD
:10641000FF2384F84430BDE8704001F063B9636A3B
:10642000002BE7D0304600F03DFE08B100F0C2FE80
:10643000013D6DB2DCE72369002BE9D0304600F066
:1064400031FE08B100F0B6FE013D6DB2DEE738B5B1
:106450000D46044640B94FF0500383F31188BFF353
:106460006F8FBFF34F8FFEE701F01CF9D4E90F31B6
:106470002268A2604B43D0185B1A13446060E3604B
:106480000020FF23A06384F8443084F84530A5B988
:10649000236973B104F1100000F004FE48B14FF01D
:1064A000E0234FF08052C3F8042DBFF34F8FBFF3AA
:1064B0006F8F01F017F9012038BD04F11000FFF7CC
:1064C000F9FE04F12400FFF7F5FEF2E7F8B50D46FA
:1064D0001746064640B94FF0500383F31188BFF3C7
:1064E0006F8FBFF34F8FFEE74843503001F0F2F952
:1064F000044658B165B100F15003C4E90F6523604B
:1065000001212046FFF7A3FF84F84C702046F8BD18
:106510000346F2E72DE9F04385B0884601921F4615
:10652000044640B94FF0500383F31188BFF36F8FD7
:10653000BFF34F8FFEE751B9036C43B14FF05003E7
:1065400083F31188BFF36F8FBFF34F8FFEE7022FE6
:106550000BD1E36B012B08D04FF0500383F311886C
:10656000BFF36F8FBFF34F8FFEE700F029FE0646A3
:1065700050B9019B4BB14FF0500383F31188BFF327
:106580006F8FBFF34F8FFEE700264FF0000937E013
:10659000019D1DB901F0A6F8002052E016B902A82D
:1065A00000F0C0FD01F09EF800F08AFB01F07AF8DF
:1065B00094F84430FF2B08BF84F8449094F8453099
:1065C000FF2B08BF84F8459001F08CF801A902A8C0
:1065D00000F0B4FD00284AD101F064F8A26BE36B2F
:1065E0009A4231D101F07EF8019904F1100000F0D7
:1065F00021FD2046FFF7F3FE00F002FC60B3012608
:1066000001F050F8A26BE36B9A4201D3022FBFD185
:106610003A4641462046FFF799FE636A1BB104F1F2
:10662000240000F03FFD48B14FF0E0234FF08052CE
:10663000C3F8042DBFF34F8FBFF36F8F01F052F8F3
:10664000012005B0BDE8F08301F04CF82046FFF7CB
:10665000C6FE00F0D5FBD2E74FF0E0234FF08052AA
:10666000C3F8042DBFF34F8FBFF36F8FC7E72046EA
:10667000FFF7B5FE00F0C4FB8EE72DE9F84389462D
:1066800090461F46044640B94FF0500383F31188EB
:10669000BFF36F8FBFF34F8FFEE751B9036C43B168
:1066A0004FF0500383F31188BFF36F8FBFF34F8F09
:1066B000FEE7022F0BD1E36B012B08D04FF0500304
:1066C00083F31188BFF36F8FBFF34F8FFEE701F0A5
:1066D000AFF8EFF311864FF0500383F31188BFF347
:1066E0006F8FBFF34F8FA26BE36B9A4201D3022FE0
:1066F00022D194F845503A466DB249462046FFF7FC
:1067000025FE6B1C13D1636A0BB901200BE004F169
:10671000240000F0C7FC0028F7D0B8F1000FF4D037
:106720000120C8F8000086F31188BDE8F883013520
:106730006DB284F84550E8E70020F4E72DE9FF4109
:106740000F460192044640B94FF0500383F311887D
:10675000BFF36F8FBFF34F8FFEE751B9036C43B1A7
:106760004FF0500383F31188BFF36F8FBFF34F8F48
:10677000FEE700F025FD064650B9019B4BB14FF0F6
:10678000500383F31188BFF36F8FBFF34F8FFEE782
:1067900000264FF000083DE0019D1DB900F0A2FF6A
:1067A000002056E016B902A800F0BCFC00F09AFFE9
:1067B00000F086FA00F076FF94F84430FF2B08BF13
:1067C00084F8448094F84530FF2B08BF84F8458056
:1067D00000F088FF01A902A800F0B0FC002841D118
:1067E0002046FFF7A8FDB8B3019904F1240000F09A
:1067F00021FC2046FFF7F3FD00F002FB48B94FF003
:10680000E0234FF08052C3F8042DBFF34F8FBFF346
:106810006F8F012600F046FFA56B002DBCD03946D6
:106820002046013DFFF7C7FDA563236973B104F15D
:10683000100000F037FC48B14FF0E0234FF08052D9
:10684000C3F8042DBFF34F8FBFF36F8F00F04AFFE3
:10685000012004B0BDE8F0812046FFF7C0FD00F044
:10686000CFFAD6E72046FFF7BAFD00F0C9FA204676
:10687000FFF761FD0028CCD092E7000010B5074A71
:10688000002352F833402CB942F8331002EBC30313
:10689000586010BD0133082BF3D1FAE72422002001
:1068A00070B504460D46164600F0FCFE94F84430E0
:1068B000FF2B04BF002384F8443094F84530FF2BAD
:1068C00004BF002384F8453000F00CFFA36B2BB904
:1068D0003246294604F1240000F0C6FB2046BDE8FC
:1068E0007040FFF77CBD0000F8B5154B154D1C68D6
:1068F0000646286804300F46FFF70DFD731C07D1CC
:1069000037B129681048BDE8F8400431FFF7E0BC12
:106910002B68A4195C6007D30C4B18682968BDE884
:10692000F8400431FFF7E0BC094B186829680431CE
:10693000FFF7DAFC074B1A68A24288BF1C60F8BD5B
:106940005C27002064220020342700206C220020D5
:106950006822002014270020064A13681968064B95
:1069600019B94FF0FF321A6070471268D268D268C6
:106970005268F8E7682200201427002080B5154CE3
:10698000154F164E236873B9154B1B68012BF8D9A8
:106990004FF0E0234FF08052C3F8042DBFF34F8F28
:1069A000BFF36F8FEDE700F07DFEFB68DD68281D0B
:1069B000FFF7B1FC3368013B33602368013B236080
:1069C00000F090FE286B01F017F8284601F014F84B
:1069D000D8E700BFD426002048270020D02600207A
:1069E000702200202DE9F84F9500074628460E46F4
:1069F000984600F06FFF8246002800F09D805C20E2
:106A000000F068FF0446002800F09380C0F830A032
:106A10002A46A521504603F003F8D4F830B0731E7F
:106A200004F134020F3613F8011F02F8011B09B1FB
:106A3000B342F8D10A9E372E28BF37264FF00009FF
:106A400004F1040AC4E91369E662504684F84390ED
:106A5000043DFFF73AFCC6F1380604F118005D4426
:106A6000FFF733FCC4F854902461A661646284F893
:106A700058904246394625F0070000F0EDFD0B9B8B
:106A8000206003B11C6000F00DFE334B334E1A68DA
:106A9000334F01321A603568002D51D134601B68C4
:106AA000012B1FD1B84640460135FFF703FC382DB6
:106AB00008F11408F7D1DFF8AC802B4D4046FFF702
:106AC000F9FB2846FFF7F6FB2848FFF7F3FB2848B9
:106AD000FFF7F0FB2748FFF7EDFB274BC3F80080DB
:106AE000264B1D60264A136801331360254A6364F0
:106AF0001168E36A14208B4200FB0370514688BF83
:106B00001360FFF7E5FB00F0EDFD1F4B1B6873B151
:106B10003368DA6AE36A9A4209D24FF0E0234FF011
:106B20008052C3F8042DBFF34F8FBFF36F8F012046
:106B300004E0504600F060FF4FF0FF30BDE8F88FF2
:106B4000114B1B68002BCDD13368DA6AE36A9A4295
:106B500098BF3460C6E700BFD02600206422002022
:106B600070220020E8260020FC2600201C270020A0
:106B70004827002034270020682200206C220020B3
:106B8000E0260020E42600203027002070B50446CF
:106B9000244D00F087FD04B92C68261D3046FFF710
:106BA000BAFBA36A1BB104F11800FFF7B4FB1E4A3D
:106BB0001368013313602B68A3421BD11B48314675
:106BC000FFF786FB1A4A13680133136000F08AFD51
:106BD000184B1B682BB32B68A34222D1164B1B68A2
:106BE000ABB14FF0500383F31188BFF36F8FBFF346
:106BF0004F8FFEE7114A206B1368013B136000F0D2
:106C0000FBFE204600F0F8FEFFF7A6FEDEE74FF0A1
:106C1000E0234FF08052C3F8042DBFF34F8FBFF332
:106C20006F8F70BD64220020E026002048270020DE
:106C3000D426002030270020DC260020D02600208B
:106C400013B5194B019300241849194800942346A1
:106C50008022FFF7C7FE012818D100F04DFB012864
:106C600014D14FF0500383F31188BFF36F8FBFF33C
:106C70004F8F104B4FF0FF321A600F4B18600F4BC5
:106C80001C6002B0BDE8104000F076BD013008D1B4
:106C90004FF0500383F31188BFF36F8FBFF34F8F13
:106CA000FEE702B010BD00BF102700209C9F000827
:106CB0007D69000814270020302700205C27002071
:106CC000024A136801331360704700BFDC260020BE
:106CD000014B1868704700BF5C2700202DE9F84F72
:106CE0003C4B1B68002B6ED13B4B1D6801351D6072
:106CF000BDB93A4B1A68126842B14FF0500383F3A2
:106D00001188BFF36F8FBFF34F8FFEE7344A1968C6
:106D1000106818601160334A136801331360FFF77D
:106D20001BFE314E314F3368AB424FF0000410D997
:106D30002F4B1B68DB6A14225343FB58022B28BFDE
:106D400001242C4B1B68002B0CBF20460120BDE802
:106D5000F88FDFF88890DFF8A0A0D9F800301B6822
:106D60001BB94FF0FF333360E2E7D9F80030DB683E
:106D7000D3F80CB0DBF80420954201D23260D7E79B
:106D80000BF104084046FFF7C6FADBF828201AB1D9
:106D90000BF11800FFF7BFFADBF82C00DAF800203F
:106DA0001423904288BFCAF80000414603FB0070DC
:106DB000FFF78EFA0E4BDBF82C201968CB6A9A424B
:106DC00028BF0124C9E70D4A13680133136000246A
:106DD000B7E700BFDC2600205C27002068220020E7
:106DE0006C22002018270020142700207022002089
:106DF0006422002060270020E4260020D8260020FE
:106E00002DE9F041304C236843B94FF0500383F330
:106E10001188BFF36F8FBFF34F8FFEE700F042FC86
:106E20002368013B236024682CB1002400F05AFC45
:106E30002046BDE8F081254B1B68002BF5D0244D82
:106E4000244EDFF894801DE0EB68DC68271D04F118
:106E50001800FFF760FA3846FFF75DFAE36A326818
:106E60001420934200FB0380394688BF3360FFF74C
:106E70002FFA1A4BE26A1B68DB6A9A4202D3184B5C
:106E800001221A602B68002BDED10CB1FFF764FDE4
:106E9000144D2C6844B1124E0127FFF71FFF00B1BB
:106EA0003760013CF9D12C600D4B1B68002BBCD026
:106EB0004FF0E0234FF08052C3F8042DBFF34F8F03
:106EC000BFF36F8F0124B1E7DC260020D02600201D
:106ED0001C270020E42600207022002064220020CD
:106EE00060270020D826002010B540B94FF050038D
:106EF00083F31188BFF36F8FBFF34F8FFEE741B964
:106F00004FF0500383F31188BFF36F8FBFF34F8FA0
:106F1000FEE7174B1B6843B14FF0500383F3118812
:106F2000BFF36F8FBFF34F8FFEE7FFF7C9FE114B23
:106F300004681A6863182CBF012100219442036081
:106F40000ED971B9FFF75CFF48B94FF0E0234FF05D
:106F50008052C3F8042DBFF34F8FBFF36F8F10BD66
:106F600009B99A42EED20021981AFFF7BDFCE9E771
:106F7000DC2600205C27002008B550B94FF0E02344
:106F80004FF08052C3F8042DBFF34F8FBFF36F8FC4
:106F900008BD0A4B196841B14FF0500383F31188C3
:106FA000BFF36F8FBFF34F8FFEE7FFF789FEFFF749
:106FB0009BFCFFF725FF0028E0D0E9E7DC26002056
:106FC000174B1A68174B70B512B101221A6070BDC9
:106FD000154D1A602A681549142606FB02F3C818D5
:106FE000CC588CB144680833646844600B449C42BC
:106FF00004BF63684360142303FB02114B68D96824
:107000000B4B19602A60E2E742B94FF0500383F35B
:107010001188BFF36F8FBFF34F8FFEE7013ADCE7B4
:10702000DC26002060270020E426002070220020BB
:107030006422002010B50C4640B94FF0500383F392
:107040001188BFF36F8FBFF34F8FFEE7054B1968B1
:107050001831FFF749F920460121BDE81040FFF73C
:1070600043BC00BF6422002038B50D46144640B929
:107070004FF0500383F31188BFF36F8FBFF34F8F2F
:10708000FEE7074B19681831FFF722F9002C21465B
:107090000CBF28464FF0FF30BDE83840FFF724BC56
:1070A0006422002038B5C368DC6844B94FF050034F
:1070B00083F31188BFF36F8FBFF34F8FFEE704F1A7
:1070C00018052846FFF727F9104B1B68DBB9251D6B
:1070D0002846FFF720F90E4AE36A11688B4288BF01
:1070E00013600C4A1420294600FB0320FFF7F0F838
:1070F000094BE26A1B68DB6A9A4283BF074B012097
:107100001860002038BD06482946EFE7DC2600203D
:10711000E426002070220020642200206027002046
:107120001C270020034B1B680360034B1B68436054
:10713000704700BF182700205C27002070B50C4660
:10714000054640B94FF0500383F31188BFF36F8FAA
:10715000BFF34F8FFEE741B94FF0500383F311881F
:10716000BFF36F8FBFF34F8FFEE700F09BFA0F4B1B
:10717000196823685A1C10D00D482E6800686A6888
:10718000864201D08A420FD9881A83420AD95B1AF3
:10719000134423602846FFF7C5FF002400F0A2FA3D
:1071A000204670BD002323600124F7E75C27002000
:1071B00018270020014B01221A6070476027002029
:1071C000054B1B6833B1054B1B68002B0CBF02201D
:1071D000002070470120704730270020DC26002067
:1071E00038B508B9002038BD1B4B1C68844208D054
:1071F0004FF0500383F31188BFF36F8FBFF34F8FAE
:10720000FEE7236D43B94FF0500383F31188BFF3BA
:107210006F8FBFF34F8FFEE7E16AE26C013B914253
:107220002365DFD0002BDDD1251D2846FFF773F83D
:10723000E36CE362C3F13802A261084A11688B4231
:1072400088BF1360064A142000FB03202946FFF77D
:107250003FF80120C7E700BF64220020E426002099
:1072600070220020F8B50F4C00F01CFA2568ADB96B
:107270000D4F0E4E3846FFF71DF83046FFF71AF84F
:107280000B4B1F600B4B2A4610210A201E60FFF794
:107290001DF9206010B10849FFF7F0FABDE8F84089
:1072A00000F020BA982700206C27002080270020BB
:1072B0006427002068270020A19F0008914208B59C
:1072C000416000610AD8D21A83699A420DD2084BF4
:1072D000011D1868FFF708F8002008BD9A4201D286
:1072E000994202D2034B011DF3E70120F5E700BFED
:1072F000682700206427002007B5FFF7B3FF0E4B77
:107300001B6843B94FF0500383F31188BFF36F8FAD
:10731000BFF34F8FFEE7094B019302230093084907
:10732000084800234FF48072FFF75CFB0028E9D087
:1073300003B05DF804FB00BF982700209C270020C5
:10734000A69F0008497400087FB5164604461A46F1
:1073500040B94FF0500383F31188BFF36F8FBFF331
:107360004F8FFEE70D4D286880B10529CDE9001645
:1073700002940DDCFFF724FF0023022808BF089ABF
:10738000286818BF1A466946FFF7C4F804B070BDF4
:1073900000236946FFF771F9F8E700BF982700203E
:1073A0002DE9F74FDFF894800646FFF791FCD8F8F7
:1073B0000030834205463ED9214F4FF000093B681B
:1073C0001A685AB91F4A11683960136001232846A8
:1073D0003360C8F8005003B0BDE8F08FDB68DC68AC
:1073E000D3F800A004F1040B5846FEF794FF636A3B
:1073F00020469847E369012BE1D1A36953449A459C
:1074000006D23868636024615946FEF76DFFD6E7FF
:107410000023CDF80090524619462046FFF794FF0E
:107420000028CCD14FF0500383F31188BFF36F8F46
:10743000BFF34F8FFEE70023C9E700BF942700206A
:1074400064270020682700202DE9F043674E684F2D
:1074500089B033681D68002D33D0DB68D3F8008015
:10746000FFF72EFC04A8FFF79BFF049C8146002C2D
:1074700075D1002D58D040455CD3FFF7C1FC33686F
:10748000DB68DD68281DFEF746FFEB69012B1AD18A
:10749000A96943464A4641442846FFF70FFF90B189
:1074A00000942346424621462846FFF74DFF50B937
:1074B0004FF0500383F31188BFF36F8FBFF34F8FEB
:1074C000FEE7A846CCE76B6A284698473868002252
:1074D00004A9FFF733F90028BBD0049B0698002BC2
:1074E00040DB069C6369002B43D103A8FFF758FFDC
:1074F000049B0246092BE9D801A151F823F000BFF3
:107500007B7500087B7500087B750008CD7400084A
:10751000BF750008E37500087B7500087B750008DF
:10752000CD740008BF750008324B1B681C68B4FAA4
:1075300084F4640938682246A8EB0901FFF7B0F922
:10754000FFF75EFC0028C1D14FF0E0234FF08052DE
:10755000C3F8042DBFF34F8FBFF36F8FB6E7FFF76C
:107560004FFCB3E7059B07999847049B002BADDBC5
:10757000B7E7201DFEF7CFFEB7E7A169059B2046C0
:107580001944FFF79BFE0028A0D0636A2046984765
:10759000E369012B9AD1A269059900230A4400935B
:1075A00019462046FFF7D0FE00288FD14FF0500338
:1075B00083F31188BFF36F8FBFF34F8FFEE70599F9
:1075C000A16141B94FF0500383F31188BFF36F8F6E
:1075D000BFF34F8FFEE7034601442046FFF76EFEE0
:1075E00074E7204600F008FA70E700BF6427002027
:1075F000982700206827002006480068006880F36C
:10760000088862B661B6BFF34F8FBFF36F8F00DF9C
:1076100000BF000008ED00E082B0002301930D4B95
:107620001B68013308D04FF0500383F31188BFF378
:107630006F8FBFF34F8FFEE74FF0500383F3118836
:10764000BFF36F8FBFF34F8F019B002BFCD002B0B5
:10765000704700BF100000204FF0807340F8043CDA
:1076600021F00101044B40F8081C40F80C3C40F8A4
:10767000202C4038704700BF197600080000000039
:10768000074B19680868B0E8F00F80F30988BFF36A
:107690006F8F4FF0000080F311884EF00D0E704791
:1076A000642200204FF0500383F31188BFF36F8FE3
:1076B000BFF34F8F0A4A13680133012B13600ED1B9
:1076C0004FF0E023D3F8043DDBB243B14FF0500359
:1076D00083F31188BFF36F8FBFF34F8FFEE77047BF
:1076E00010000020084A136843B94FF0500383F399
:1076F0001188BFF36F8FBFF34F8FFEE7013B13601D
:107700000BB983F3118870471000002000000000BF
:10771000EFF30980BFF36F8F0D4B1A6820E9F00F6C
:1077200010602DE908404FF0500080F31188FFF7FA
:1077300047FC4FF0000080F31188BDE8084019684D
:107740000868B0E8F00F80F30988BFF36F8F7047C7
:10775000642200204FF0E022002313619361054B67
:107760004FF47A711B68B3FBF1F3013B53610723BC
:10777000136170470C00002013B5294B1A78D2B260
:107780000192FF221A701B78264ADBB28DF8033073
:107790009DF8033003F050031370234A072313604E
:1077A00000219DF80300000603F1FF340CD411B151
:1077B000032B136011D04FF0500383F31188BFF3F4
:1077C0006F8FBFF34F8FFEE79DF803305B00DBB296
:1077D0008DF8033001212346E3E74FF44073136033
:1077E000019B0F4ADBB213704FF0E0230024D3F863
:1077F000202D42F47002C3F8202DD3F8202D42F042
:107800007042C3F8202DFFF7A5FF084B1C60FFF75F
:10781000F3FEFFF7D5FBFFF7FFFE204602B010BDD9
:1078200000E400E0A0270020A42700201000002092
:10783000EFF305830F2B0ED9114A9B5C114A127886
:107840009A4208D94FF0500383F31188BFF36F8F2A
:10785000BFF34F8FFEE74FF0E0230B4AD3F80C3D08
:10786000126803F4E063934208D94FF0500383F3A6
:107870001188BFF36F8FBFF34F8FFEE7704700BFD4
:10788000F0E300E0A0270020A427002010B50F4B54
:107890001A461B688342FBD354681119884201BF02
:1078A0004168104609195160446801198B4207D19B
:1078B000074909688B421FBF59681B680919416055
:1078C0009042036018BF106010BD00BFB863002075
:1078D000A82700202DE9F0410446FFF7F1F94048C0
:1078E000404D03680BBB40494E071FBFCB1D23F023
:1078F000070301F57052D21A14BF19464FF47052A3
:107900000A443A4E083A22F00702002373603160BD
:10791000C2E90033531AC1E900230260344A1360FC
:10792000344A13604FF000432B602F68274251D137
:10793000002C42D004F1080361071CBF23F00703A9
:107940000833002B46D02B4C26689E4242D3274A50
:1079500015686968994204D2D5F800C0BCF1000FDF
:1079600015D10068A84235D0C91A2868D2F800801D
:107970001060102912D9E81842070BD04FF05003BD
:1079800083F31188BFF36F8FBFF34F8FFEE72A4653
:107990006546DEE741606B60FFF778FF14496B686E
:1079A0000868F61A1F4386424FF00003266038BF6E
:1079B0000E6008F108046F602B60FFF721FA63077F
:1079C0000AD04FF0500383F31188BFF36F8FBFF3DA
:1079D0004F8FFEE70024F0E72046BDE8F08100BFAE
:1079E000A8270020AC630020AC270020B86300204B
:1079F000B4630020B063002010B5044670B3184A89
:107A000050F8043C1268134208D14FF0500383F33E
:107A10001188BFF36F8FBFF34F8FFEE750F8081C3C
:107A200041B14FF0500383F31188BFF36F8FBFF361
:107A30004F8FFEE723EA020340F8043CFFF740F9CA
:107A4000084A54F8043C1168A4F108000B44136080
:107A5000FFF71CFFBDE81040FFF7D2B910BD00BF13
:107A6000AC630020B0630020DFF834D0002103E0D5
:107A70000C4B5B58435004310B480C4B42189A4254
:107A8000F6D30B4A02E0002342F8043B094B9A422A
:107A9000F9D3FBF731F901F067FFFBF709F87047FD
:107AA000000002208CA300080000002078000020C5
:107AB00078000020D8630020FEE701F081BF012894
:107AC00038BF012010B50446204601F071FF30B9DF
:107AD00000F00CF808B901F03FFF8047F4E710BD53
:107AE00008B501F039FF08B501F036FF024B186800
:107AF000BFF35B8F704700BFC0630020174A20F0C0
:107B0000004393421ADD00B5B3F1FF4F83B005DBAC
:107B1000014601F00BFC03B05DF804FB694600F080
:107B200099F800F00302012A0199009809D0022A6D
:107B30000FD05AB1012200F037FEECE7002100F02F
:107B4000FDB900F031FE00F10040E4E700F0F6F985
:107B5000E1E700F0F3F900F10040DCE7D80F493F1E
:107B600038B505460C4600F023F808B9204638BD64
:107B7000204600F01DF828B12146284601F09CFE61
:107B80000028F3D0284638BD38B505460C4600F02D
:107B90000FF808B9204638BD204600F009F828B192
:107BA0002146284601F06AFE0028F3D0284638BD59
:107BB00030F000400ED0A0F50003B3F1FE4F0DD31E
:107BC000074B421E9A4207D9A0F1FF40B0FA80F05D
:107BD0004009704702207047032070470420704717
:107BE000FEFF7F001A4A20F0004393421BDD00B5E0
:107BF000B3F1FF4F83B005DB014601F097FB03B003
:107C00005DF804FB694600F025F800F00300012848
:107C100001990CD0022813D068B1009800F08EF9B9
:107C200000F10040EBE70021002200F0BDBD00980C
:107C300000F084F9E3E70098012200F0B5FDDEE7EB
:107C40000098012200F0B0FD00F10040D7E700BF2E
:107C5000D80F493F2DE9F04FAB4A20F00044944241
:107C600089B00D466CDDA94A944207461CDC002809
:107C7000A74940F31E8101F059FBA64B24F00F04E5
:107C80009C4206466BD0A44901F050FB0146286097
:107C9000304601F04BFBA04901F048FB012668602B
:107CA000304609B0BDE8F08F9C4A94426CDDB4F1D7
:107CB000FF4F4DDAE615863EA4EBC654204601F090
:107CC00005FE01F0E9FB01462046059101F02EFB7F
:107CD0004FF0874101F034FC804601F0F7FD01F0E0
:107CE000DBFB044621464046069401F01FFB4FF0A3
:107CF000874101F025FC0021079001F0B5FD002827
:107D000000F0B8800021204601F0AEFD002814BF2D
:107D100001230223824A019202220092294632461E
:107D200005A800F0D1F9002F0646B9DAD5E90023FD
:107D300002F1004203F100432A606B604642AFE764
:107D400000262860002230464A6009B0BDE8F08F66
:107D5000014601F0EBFA002668602860A0E771494F
:107D600001F0E4FA7049044601F0E0FA01462860A7
:107D7000204601F0DBFA6C4901F0D8FA0126686070
:107D8000304609B0BDE8F08F00F084FD67498046B9
:107D900001F0D6FB4FF07C5101F0CAFA01F096FDDC
:107DA000064601F079FB5A49834601F0C9FB0146BA
:107DB000404601F0BBFA58498246584601F0C0FBE4
:107DC0001F2E81460146504620DC721E584B53F848
:107DD000223024F0FF029A4218D001F0A7FA804620
:107DE000C5F800804146504601F0A0FA494601F02E
:107DF0009DFA002F6860BFF653AF08F1004800F10C
:107E00000040C5F800806860764249E701F08EFACC
:107E1000C0F3C753C3EBD453082B80464FEAE45258
:107E2000DEDD40490392584601F08AFB8046014658
:107E3000504601F07BFA04462146504601F076FA9E
:107E4000414601F073FA38498046584601F078FB04
:107E5000414601F06BFA01468146204601F066FA80
:107E6000039AC0F3C753D21A192A804604DC28604B
:107E7000A246B7E703234DE72E49584601F060FBC1
:107E800001468046204601F051FA8246514620467E
:107E900001F04CFA414601F049FA27490446584698
:107EA00001F04EFB214601F041FA81460146504661
:107EB00093E701F03DFA174B24F00F049C4206466D
:107EC0000ED0154901F034FA01462860304601F021
:107ED0002DFA114901F02CFA4FF0FF366860DFE609
:107EE000104901F025FA1049044601F021FA014633
:107EF0002860204601F01AFA0B4901F019FA4FF0F8
:107F0000FF366860CCE600BFD80F493FE3CB164090
:107F1000800FC93FD00FC93F43443537800F4943D5
:107F200030A000080044353708A3852E84F9223F8D
:107F3000B09F000800A3852E32318D242DE9F8432F
:107F400020F00045B5F1485F064688464ADA01F060
:107F5000BDFC002800F09F803146304601F0F0FA69
:107F60004F49044601F0ECFA4E4901F0E1F921468F
:107F700001F0E6FA4C4901F0D9F9214601F0E0FAA6
:107F80004A4901F0D5F9214601F0DAFA484901F0F1
:107F9000CDF9214601F0D4FA464901F0C9F921464C
:107FA00001F0CEFA07464FF07C51204601F0C8FAA6
:107FB0003946034620461C4601F0C2FA41460546B2
:107FC000304601F0BDFA0146284601F0AFF90146FE
:107FD000204601F0ABF901464FF07E5001F0A6F9C2
:107FE000BDE8F883014601F0ABFA2D49044601F0E3
:107FF000A7FA2C4901F09CF9214601F0A1FA2A497F
:1080000001F094F9214601F09BFA284901F090F91A
:10801000214601F095FA264901F088F9214601F040
:108020008FFA244901F084F9214601F089FA224BA4
:108030009D420746B7DD214B9D4228DC05F17F4577
:108040004FF07E50294601F071F981464FF07C5186
:10805000204601F075FA294601F068F939460346D1
:1080600020461C4601F06CFA41460546304601F0B8
:1080700067FA0146284601F059F90146204601F009
:1080800055F90146484601F051F9BDE8F883DFF89B
:1080900030900C4DDAE74FF07E50BDE8F88300BF1A
:1080A0004ED747ADF6740F317CF29334010DD037C3
:1080B000610BB63AABAA2A3D9999993E0000483F18
:1080C0000000383F0000903E2DE9F04FDDB01C4627
:1080D00006930991A64B66990B9253F821300393AE
:1080E000111D04F1FF3305460193C0F2EE82D31E49
:1080F00048BF131DDB1005930133DB000A93DDE954
:108100000A239B1A0493059A019BD61A039A12EB31
:10811000030818D408F10108DDF89C91B04400244C
:1081200020AF08E059F8260001F0B6F901364645BF
:1081300047F8040B07D0002EF4DA013620464645F6
:1081400047F8040BF7D1039B002BC0F21283069B68
:10815000019E20AA02EB83079A000092039A291F2E
:1081600002910DF5907802EB030901EB8305019B69
:10817000002BB8BF002410DBDDF808A0BB460024AC
:108180005BF8041D5AF8040F01F0DAF901462046A5
:1081900001F0CEF8AA450446F2D101364E4548F822
:1081A000044B07F10407E2D1029B009DDDF80C901F
:1081B0001D440BAB03EB890308930CAB03EB890362
:1081C000083B07935CAB03EB8903B9F1000F53F84D
:1081D00050AC4FEA890821DD48AF07EB89040CAEAB
:1081E0004FF06E51504601F0ABF901F06FFB01F01A
:1081F00053F94FF08741834601F0A2F901465046FA
:1082000001F094F801F062FB54F8041D46F8040BE9
:10821000584601F08DF8BC428246E1D1049E50469A
:10822000314600F07BFB4FF07851044601F088F9AD
:1082300000F034FB4FF0824101F082F90146204604
:1082400001F074F8044601F041FB824601F024F984
:108250000146204601F06AF8002E044640F38A8069
:1082600009F1FF300CAAC6F1080352F8202042FAA7
:1082700003F101FA03F3D31AC6F107060CAA43FA75
:1082800006F6002E42F820308A447DDC002120468C
:1082900001F0EAFA002800F0CE80039B09F1FF34D8
:1082A000A34210DC09F180430CAA013B089802EBC1
:1082B0008303002253F80419834242EA0102F9D1F0
:1082C000002A40F01081039B0CAA013B52F8233096
:1082D000002B40F00281079B012753F80429013746
:1082E000002AFAD009EB070309F1010A0093D046EE
:1082F000069B679A03EB0906059B534403F18043F1
:10830000013B02EB830920AB03EB860648AB03EB92
:108310008A0A59F8040F01F0BFF8019B3060002B66
:10832000344606F104061ADBDDF808B0043C0027E9
:1083300001E054F804095BF8041F01F001F901465B
:10834000384600F0F5FFAB450746F2D1009B4AF8EE
:10835000047B08F101089845DBDD994632E7009B74
:1083600008F10108002798454AF8047BD1DDF4E7BD
:1083700074A3000840F0998009F1FF330CAA52F869
:108380002360F611002E81DDB9F1000F0AF1010A18
:1083900040F3A0810C9F002F7FD1B9F1010F1BD0BA
:1083A0000CAB012253F8047F002F79D0531C0CA989
:1083B000C7F58077994541F822700CDD51F82320EC
:1083C000884401EB830300E01A68C2F1FF0243F81E
:1083D000042B4345F8D10127049B002B0EDD012B14
:1083E00000F06881022B09D109F1FF320CAB0CA916
:1083F00053F8223003F03F0341F82230022E7FF47D
:1084000045AF21464FF07E5000F090FF0446002F0C
:108410003FF43CAF04994FF07E5000F07FFA0146E4
:10842000204600F083FF04460021204601F01CFA9C
:1084300000287FF432AFDDE90A322046991A00960F
:1084400000F06CFA4FF08741044601F02BFA002847
:1084500000F06B81049B4FF06E510833204604936B
:1084600001F06EF801F032FA01F016F84FF0874192
:10847000054601F065F80146204600F057FF01F07F
:1084800025FA0CAB09F1010443F82900284601F054
:108490001DFA0CAB43F824003BE00123002286E7E1
:1084A00001324A457FF47EAF96E74FF07C5101F0F0
:1084B000F9F9064600283FF4E9AEB9F1000F0AF1D8
:1084C000010AC8BF02263FF765AF21464FF07E5034
:1084D00000F02CFF02260446D8E609F1010AD04636
:1084E000CDF800A004E7049B0096A3F108020CABB2
:1084F000049253F8243063B909F18043023B0CA97C
:1085000001EB830353F80419013C083A0029F9D020
:10851000049204994FF07E5000F000FA002C0746B8
:10852000C0F22D81A30048AA02EB03080193043393
:10853000029330334FF06E560DEB030908F104053A
:1085400059F8040D00F0A8FF394600F0F9FF314654
:1085500045F8040D384600F0F3FF0CAB994507468B
:10856000EED1DDF80C90CDF810A0A8F1040800279A
:10857000A346B9F1000FB8BF002515DB884C894828
:10858000C2460025002603E0B7420DDB54F8040F75
:108590005AF8041F00F0D4FF0146284600F0C8FE38
:1085A0000136B1450546EFDA5CAB03EB8703BB450B
:1085B00043F8A05CA8F1040807F1010301D01F46AD
:1085C000D7E7669ADDF810A0022A5C4618DC002A7C
:1085D00000F382800FD1029C34AD2C44002054F86B
:1085E000041D00F0A5FEA542F9D1009B0BB100F1DE
:1085F0000040099B18600AF007005DB0BDE8F08FED
:10860000669B032BF7D1002C00F0C680019A02F57F
:10861000B8736B4434AE53F8A05CB71857F8049C99
:108620002846494600F084FEA846054629464846A5
:1086300000F07CFE414600F07BFE386047F8045DA8
:10864000BE42EBD1012C40F3A780019A02F5B8732A
:108650006B44B71853F8A04C3D460DF1D40855F8BB
:1086600004BC2046594600F063FEA146044621465C
:10867000584600F05BFE494600F05AFE286045F877
:10868000044DA845EBD104370836002057F8041DE7
:1086900000F04EFEBE42F9D1009B002B4DD109994E
:1086A000349A359B88600AF007000A604B605DB021
:1086B000BDE8F08F09F1FF320CAB0CA953F8223062
:1086C00003F07F0341F8223098E608230A93002341
:1086D000059314E500277FE634AE06EB8305002002
:1086E00055F8041D00F024FEAE42F9D1009B002B8A
:1086F00034D1099B01461860349800F017FE002C15
:108700000CDD34AE012556F8041F013500F010FED3
:10871000AC42F8DA009B0BB100F10040099B5860B5
:108720000AF007005DB0BDE8F08F204601F0CEF8FA
:108730000CAB4C4643F82900EBE6DDE934230999FC
:1087400000F1004002F1004203F1004388600AF0AA
:1087500007000A604B605DB0BDE8F08F099A00F138
:10876000004301461360349800F0E0FD002CC8DCA3
:10877000D2E72B1F0293069B9B00009314E5669B98
:10878000022B05DC002B09DC7FF435AF00202CE741
:10879000669B032B7FF42FAF00207DE70020A5E729
:1087A00048A300080000C93F2DE9F84320F000432A
:1087B000B3F1485F04460E46904603DA01F086F8AE
:1087C000002858D02146204600F0BAFE0546014652
:1087D000204600F0B5FE29498146284600F0B0FE4B
:1087E000274900F0A3FD294600F0AAFE254900F024
:1087F0009FFD294600F0A4FE234900F097FD29467D
:1088000000F09EFE214900F093FD0746B8F1000FED
:1088100022D04FF07C51304600F092FE394680461F
:10882000484600F08DFE0146404600F07FFD294697
:1088300000F086FE314600F079FD154905464846B0
:1088400000F07EFE0146284600F072FD01462046FB
:1088500000F06CFDBDE8F8830146284600F070FE8C
:108860000B4900F063FD494600F06AFE214600F026
:108870005FFDBDE8F8832046BDE8F883D3C92E2FFD
:10888000342FD7321BEF3836010D50398988083C18
:10889000ABAA2A3E20F00040704700BFF8B5C0F3F5
:1088A000C7557F3D162D044620F0004724DC002DDF
:1088B000064614DB164F2F4138421BD0154900F0F5
:1088C00037FD002100F0F8FFA0B1002C04DA4FF4CE
:1088D000000343FA05F52E4426EA0700F8BD0D49CA
:1088E00000F026FD002100F0E7FF18B1002C0ADBA4
:1088F0000020F8BD2046F8BDB7F1FF4FFAD301467E
:1089000000F016FDF8BD002FF4D00348F8BD00BFFD
:10891000FFFF7F00CAF24971000080BF30F0004CB9
:10892000034625D0BCF1FF4F10B51DD210F0FF4F0C
:1089300002460C461DD14FF0984100F001FE234A3B
:108940009442034632DBC0F3C75C0246ACF1190027
:1089500000EB040CBCF1FE0F12DD1D49184661F35B
:108960001E0000F0EDFD10BD014600F0E1FC10BD61
:1089700070474FEADC5000EB040CBCF1FE0FECDC5E
:10898000BCF1000F0DDC1CF1160F13DA4CF2503263
:108990009442E2DC0F49184661F31E0000F0D0FD5E
:1089A00010BD22F0FF4040EACC5010BD094900F054
:1089B000C7FD10BD0CF1190022F0FF424FF04C51E1
:1089C00042EAC05000F0BCFD10BD00BFB03CFFFF4C
:1089D000CAF249716042A20D81F0004102E000BF7D
:1089E00083F0004330B54FEA41044FEA430594EA6F
:1089F000050F08BF90EA020F1FBF54EA000C55EAAA
:108A0000020C7FEA645C7FEA655C00F0E2804FEA7A
:108A10005454D4EB5555B8BF6D420CDD2C4480EA5C
:108A2000020281EA030382EA000083EA010180EA8C
:108A3000020281EA0303362D88BF30BD11F0004FDA
:108A40004FEA01314FF4801C4CEA113102D0404210
:108A500061EB410113F0004F4FEA03334CEA13334B
:108A600002D0524263EB430394EA050F00F0A78063
:108A7000A4F10104D5F1200E0DDB02FA0EFC22FA5E
:108A800005F2801841F1000103FA0EF2801843FA52
:108A900005F359410EE0A5F120050EF1200E012A43
:108AA00003FA0EFC28BF4CF0020C43FA05F3C01881
:108AB00051EBE37101F0004507D54FF0000EDCF1FA
:108AC000000C7EEB00006EEB0101B1F5801F1BD3A3
:108AD000B1F5001F0CD349085FEA30004FEA3C0CA7
:108AE00004F101044FEA445212F5800F80F09A809D
:108AF000BCF1004F08BF5FEA500C50F1000041EBA1
:108B0000045141EA050130BD5FEA4C0C404141EBA4
:108B10000101013C28BFB1F5801FE9D291F0000F9F
:108B200004BF01460020B1FA81F308BF2033A3F14E
:108B30000B03B3F120020CDA0C3208DD02F1140C45
:108B4000C2F10C0201FA0CF021FA02F10CE002F180
:108B50001402D8BFC2F1200C01FA02F120FA0CFC79
:108B6000DCBF41EA0C019040E41AA2BF01EB0451C2
:108B7000294330BD6FEA04041F3C1CDA0C340EDCC0
:108B800004F11404C4F1200220FA04F001FA02F303
:108B900040EA030021FA04F345EA030130BDC4F1C1
:108BA0000C04C4F1200220FA02F001FA04F340EAB6
:108BB0000300294630BD21FA04F0294630BD94F067
:108BC000000F83F4801306BF81F480110134013D4E
:108BD0004EE77FEA645C18BF7FEA655C29D094EABF
:108BE000050F08BF90EA020F05D054EA000C04BF3D
:108BF0001946104630BD91EA030F1EBF0021002028
:108C000030BD5FEA545C05D14000494128BF41F0C6
:108C1000004130BD14F580043CBF01F5801130BD2A
:108C200001F0004545F0FE4141F470014FF00000B5
:108C300030BD7FEA645C1ABF194610467FEA655C66
:108C40001CBF0B46024650EA013406BF52EA033508
:108C500091EA030F41F4002130BD00BF90F0000FF6
:108C600004BF0021704730B54FF4806404F1320432
:108C70004FF000054FF0000150E700BF90F0000FEB
:108C800004BF0021704730B54FF4806404F1320412
:108C900010F0004548BF40424FF000013EE700BFE2
:108CA00042004FEAE2014FEA31014FEA02701FBF72
:108CB00012F07F4393F07F4F81F06051704732F0A4
:108CC0007F4208BF704793F07F4F04BF41F40021FB
:108CD000704730B54FF4607401F0004521F0004159
:108CE0001CE700BF50EA010208BF704730B54FF0E3
:108CF00000050AE050EA010208BF704730B511F0E4
:108D0000004502D5404261EB41014FF4806404F11B
:108D100032045FEA915C3FF4D8AE4FF003025FEAA1
:108D2000DC0C18BF03325FEADC0C18BF033202EB25
:108D3000DC02C2F1200300FA03FC20FA02F001FA7F
:108D400003FE40EA0E0021FA02F11444BDE600BF22
:108D500070B54FF0FF0C4CF4E06C1CEA11541DBFD1
:108D60001CEA135594EA0C0F95EA0C0F00F0DEF89C
:108D70002C4481EA030621EA4C5123EA4C5350EA81
:108D8000013518BF52EA033541F4801143F48013D2
:108D900038D0A0FB02CE4FF00005E1FB02E506F063
:108DA0000042E0FB03E54FF00006E1FB03569CF0B8
:108DB000000F18BF4EF0010EA4F1FF04B6F5007FBE
:108DC00064F5407404D25FEA4E0E6D4146EB060630
:108DD00042EAC62141EA55514FEAC52040EA5E50B9
:108DE0004FEACE2EB4F1FD0C88BFBCF5E06F1ED863
:108DF000BEF1004F08BF5FEA500E50F1000041EB9A
:108E0000045170BD06F0004646EA010140EA020046
:108E100081EA0301B4EB5C04C2BFD4EB0C0541EA68
:108E2000045170BD41F480114FF0000E013C00F37D
:108E3000AB8014F1360FDEBF002001F0004170BDA1
:108E4000C4F10004203C35DA0C341BDC04F11404BA
:108E5000C4F1200500FA05F320FA04F001FA05F246
:108E600040EA020001F0004221F0004110EBD37013
:108E700021FA04F642EB06015EEA430E08BF20EA3F
:108E8000D37070BDC4F10C04C4F1200500FA04F3E2
:108E900020FA05F001FA04F240EA020001F0004174
:108EA00010EBD37041F100015EEA430E08BF20EAE7
:108EB000D37070BDC4F1200500FA05F24EEA020E2F
:108EC00020FA04F301FA05F243EA020321FA04F05E
:108ED00001F0004121FA04F220EA020000EBD37015
:108EE0005EEA430E08BF20EAD37070BD94F0000F15
:108EF0000FD101F00046400041EB010111F4801F49
:108F000008BF013CF7D041EA060195F0000F18BFF9
:108F1000704703F00046520043EB030313F4801F35
:108F200008BF013DF7D043EA0603704794EA0C0FEF
:108F30000CEA135518BF95EA0C0F0CD050EA410605
:108F400018BF52EA4306D1D181EA030101F0004182
:108F50004FF0000070BD50EA410606BF10461946AA
:108F600052EA430619D094EA0C0F02D150EA0136B6
:108F700013D195EA0C0F05D152EA03361CBF1046F7
:108F800019460AD181EA030101F0004141F0FE4196
:108F900041F470014FF0000070BD41F0FE4141F41A
:108FA000780170BD70B54FF0FF0C4CF4E06C1CEA1A
:108FB00011541DBF1CEA135594EA0C0F95EA0C0FCF
:108FC00000F0A7F8A4EB050481EA030E52EA03358A
:108FD0004FEA013100F088804FEA03334FF08055AB
:108FE00045EA131343EA12634FEA022245EA1115D8
:108FF00045EA10654FEA00260EF000419D4208BF89
:10900000964244F1FD0404F5407402D25B084FEA35
:109010003202B61A65EB03055B084FEA32024FF4E1
:1090200080104FF4002CB6EB020E75EB030E22BF3E
:10903000B61A754640EA0C005B084FEA3202B6EBFE
:10904000020E75EB030E22BFB61A754640EA5C00AD
:109050005B084FEA3202B6EB020E75EB030E22BF3D
:10906000B61A754640EA9C005B084FEA3202B6EB3E
:10907000020E75EB030E22BFB61A754640EADC00FD
:1090800055EA060E18D04FEA051545EA16754FEA5F
:1090900006164FEAC30343EA52734FEAC2025FEA7D
:1090A0001C1CC0D111F4801F0BD141EA00014FF00C
:1090B00000004FF0004CB6E711F4801F04BF0143DD
:1090C0000020B4F1FD0C88BFBCF5E06F3FF6AFAEF9
:1090D000B5EB030C04BFB6EB020C5FEA500C50F189
:1090E000000041EB045170BD0EF0004E4EEA11310C
:1090F00014EB5C04C2BFD4EB0C0541EA045170BD13
:1091000041F480114FF0000E013C90E645EA060E56
:109110008DE60CEA135594EA0C0F08BF95EA0C0F84
:109120003FF43BAF94EA0C0F0AD150EA01347FF4CC
:1091300034AF95EA0C0F7FF425AF104619462CE7A3
:1091400095EA0C0F06D152EA03353FF4FDAE104606
:10915000194622E750EA410618BF52EA43067FF457
:10916000C5AE50EA41047FF40DAF52EA43057FF4E7
:10917000EBAE12E74FF0FF3C06E000BF4FF0010CF2
:1091800002E000BF4FF0010C4DF804CD4FEA410C56
:109190007FEA6C5C4FEA430C18BF7FEA6C5C1BD023
:1091A00001B050EA410C0CBF52EA430C91EA030FA4
:1091B00002BF90EA020F0020704710F1000F91EA01
:1091C000030F58BF994208BF90422CBFD8176FEACF
:1091D000E37040F0010070474FEA410C7FEA6C5C9D
:1091E00002D150EA013C07D14FEA430C7FEA6C5CA4
:1091F000D6D152EA033CD3D05DF8040B704700BFD0
:109200008446104662468C461946634600E000BF1D
:1092100001B5FFF7B7FF002848BF10F1000F01BDEF
:109220004DF808EDFFF7F4FF0CBF012000205DF8BA
:1092300008FB00BF4DF808EDFFF7EAFF34BF01203F
:1092400000205DF808FB00BF4DF808EDFFF7E0FFD8
:1092500094BF012000205DF808FB00BF4DF808ED29
:10926000FFF7CEFF94BF012000205DF808FB00BF90
:109270004DF808EDFFF7C4FF34BF012000205DF872
:1092800008FB00BF4FEA4102B2F1E04324BFB3F54F
:10929000001CDCF1FE5C0DD901F0004C4FEAC0026D
:1092A0004CEA5070B2F1004F40EB830008BF20F051
:1092B0000100704711F0804F21D113F13872BCBF0B
:1092C00001F00040704741F480114FEA5252C2F160
:1092D0001802C2F1200C10FA0CF320FA02F018BFA9
:1092E00040F001004FEAC1234FEAD32303FA0CFCFC
:1092F00040EA0C0023FA02F34FEA4303CCE77FEA8B
:10930000625307D150EA01331EBF4FF0FE4040F4D4
:109310004000704701F0004040F0FE4040F4000083
:10932000704700BF80F0004002E000BF81F00041C4
:1093300042001FBF5FEA410392EA030F7FEA226CFB
:109340007FEA236C6AD04FEA1262D2EB1363C1BF8B
:10935000D218414048404140B8BF5B42192B88BFFA
:10936000704710F0004F40F4000020F07F4018BF1D
:10937000404211F0004F41F4000121F07F4118BF3D
:10938000494292EA030F3FD0A2F1010241FA03FCE5
:1093900010EB0C00C3F1200301FA03F100F00043CD
:1093A00002D5494260EB4000B0F5000F13D3B0F195
:1093B000807F06D340084FEA310102F10102FE2A04
:1093C00051D2B1F1004F40EBC25008BF20F0010074
:1093D00040EA03007047490040EB0000013A28BF13
:1093E000B0F5000FEDD2B0FA80FCACF1080CB2EB96
:1093F0000C0200FA0CF0AABF00EBC2505242184314
:10940000BCBFD0401843704792F0000F81F40001B8
:1094100006BF80F400000132013BB5E74FEA41038B
:109420007FEA226C18BF7FEA236C21D092EA030FF7
:1094300004D092F0000F08BF0846704790EA010F71
:109440001CBF0020704712F07F4F04D1400028BF9E
:1094500040F00040704712F100723CBF00F5000080
:10946000704700F0004343F0FE4040F400007047B6
:109470007FEA226216BF08467FEA23630146420262
:1094800006BF5FEA412390EA010F40F48000704775
:109490004FF0000304E000BF10F0004348BF40421B
:1094A0005FEA000C08BF704743F0964301464FF057
:1094B00000001CE050EA010208BF70474FF00003B3
:1094C0000AE000BF50EA010208BF704711F00043F4
:1094D00002D5404261EB41015FEA010C02BF8446C4
:1094E0000146002043F0B64308BFA3F18053A3F523
:1094F0000003BCFA8CF2083AA3EBC25310DB01FA6A
:1095000002FC634400FA02FCC2F12002BCF1004FED
:1095100020FA02F243EB020008BF20F0010070477E
:1095200002F1200201FA02FCC2F1200250EA4C00D2
:1095300021FA02F243EB020008BF20EADC70704718
:109540004FF0FF0C1CEAD0521EBF1CEAD15392EA26
:109550000C0F93EA0C0F6FD01A4480EA010C400202
:1095600018BF5FEA41211ED04FF0006343EA50105C
:1095700043EA5111A0FB01310CF00040B1F5000F9E
:109580003EBF490041EAD3715B0040EA010062F14D
:109590007F02FD2A1DD8B3F1004F40EBC25008BF37
:1095A00020F00100704790F0000F0CF0004C08BF55
:1095B00049024CEA502040EA51207F3AC2BFD2F122
:1095C000FF0340EAC250704740F400004FF0000330
:1095D000013A5DDC12F1190FDCBF00F0004070476A
:1095E000C2F10002410021FA02F1C2F1200200FAA8
:1095F00002FC5FEA310040F1000053EA4C0308BF6F
:1096000020EADC70704792F0000F00F0004C02BFBF
:10961000400010F4000F013AF9D040EA0C0093F03A
:10962000000F01F0004C02BF490011F4000F013B94
:10963000F9D041EA0C018FE70CEAD15392EA0C0F02
:1096400018BF93EA0C0F0AD030F0004C18BF31F06D
:10965000004CD8D180EA010000F00040704790F043
:10966000000F17BF90F0004F084691F0000F91F0E7
:10967000004F14D092EA0C0F01D142020FD193EAAD
:109680000C0F03D14B0218BF084608D180EA010035
:1096900000F0004040F0FE4040F40000704740F011
:1096A000FE4040F4400070474FF0FF0C1CEAD052DF
:1096B0001EBF1CEAD15392EA0C0F93EA0C0F69D03B
:1096C000A2EB030280EA010C49024FEA402037D0A6
:1096D0004FF0805343EA111143EA10130CF000409D
:1096E0008B4238BF5B0042F17D024FF4000C8B428D
:1096F00024BF5B1A40EA0C00B3EB510F24BFA3EB6D
:10970000510340EA5C00B3EB910F24BFA3EB91033C
:1097100040EA9C00B3EBD10F24BFA3EBD10340EA96
:10972000DC001B0118BF5FEA1C1CE0D1FD2A3FF6DC
:1097300050AF8B4240EBC25008BF20F00100704791
:109740000CF0004C4CEA50207F32C2BFD2F1FF0334
:1097500040EAC250704740F400004FF00003013A65
:1097600037E792F0000F00F0004C02BF400010F409
:10977000000F013AF9D040EA0C0093F0000F01F01D
:10978000004C02BF490011F4000F013BF9D041EA3F
:109790000C0195E70CEAD15392EA0C0F08D1420272
:1097A0007FF47DAF93EA0C0F7FF470AF084676E745
:1097B00093EA0C0F04D14B023FF44CAF08466EE71E
:1097C00030F0004C18BF31F0004CCAD130F00042EC
:1097D0007FF45CAF31F000437FF43CAF5FE700BF44
:1097E0004FF0FF3C06E000BF4FF0010C02E000BF6D
:1097F0004FF0010C4DF804CD4FEA40024FEA41030F
:109800007FEA226C18BF7FEA236C11D001B052EAC4
:10981000530C18BF90EA010F58BFB2EB030088BF8A
:10982000C81738BF6FEAE17018BF40F001007047F9
:109830007FEA226C02D15FEA402C05D17FEA236CDB
:10984000E4D15FEA412CE1D05DF8040B704700BF22
:10985000844608466146FFE70FB5FFF7C9FF0028B9
:1098600048BF10F1000F0FBD4DF808EDFFF7F4FFF2
:109870000CBF012000205DF808FB00BF4DF808ED8B
:10988000FFF7EAFF34BF012000205DF808FB00BFAE
:109890004DF808EDFFF7E0FF94BF012000205DF8D0
:1098A00008FB00BF4DF808EDFFF7D2FF94BF012081
:1098B00000205DF808FB00BF4DF808EDFFF7C8FF7A
:1098C00034BF012000205DF808FB00BF4FEA4002D2
:1098D000B2F1FE4F0FD34FF09E03B3EB12620DD9DE
:1098E0004FEA002343F0004310F0004F23FA02F048
:1098F00018BF404270474FF00000704712F1610FEF
:1099000001D1420205D110F0004008BF6FF00040C5
:1099100070474FF00000704742000ED2B2F1FE4F88
:109920000BD34FF09E03B3EB126209D44FEA00232E
:1099300043F0004323FA02F070474FF000007047F5
:1099400012F1610F01D1420202D14FF0FF30704796
:109950004FF00000704700BF08B5062000F07EF908
:10996000012000F0C3F9000070B50D4D0D4C641BD3
:10997000A4100026A64209D10B4D0C4C00F0B8F9FA
:10998000641BA4100026A64205D170BD55F8043B07
:1099900098470136EEE755F8043B98470136F2E761
:1099A00080A3000880A3000880A3000888A3000803
:1099B000024B0146186800F0A5B800BF1400002053
:1099C000024B0146186800F033B800BF14000020B5
:1099D0000A44914200F1FF3300D1704710B511F8ED
:1099E000014B03F8014F9142F9D110BD884210B5E7
:1099F00001EB020402D98442234607D8431EA14248
:109A000008D011F8012B03F8012FF8E702440146B2
:109A10008A4200D110BD13F8014D02F8014DF7E75D
:109A200002440346934200D1704703F8011BF9E753
:109A300038B50546002941D051F8043C0C1F002BD5
:109A4000B8BFE41800F026F91D4A136833B9636003
:109A500014602846BDE8384000F022B9A34208D976
:109A6000206821188B4201BF19685B6809182160C2
:109A7000EDE71A465B680BB1A342FAD9116850189A
:109A8000A0420BD120680144501883421160E0D1FC
:109A900018685B68536001441160DAE702D90C234F
:109AA0002B60D6E7206821188B4204BF19685B68D9
:109AB000636004BF091821605460CAE738BD00BF65
:109AC000C463002070B50E4E0C463168054611B9CE
:109AD00000F08CF830602146284600F087F8431CDF
:109AE0000AD0C41C24F00304A04207D0211A28463F
:109AF00000F07CF8013001D14FF0FF34204670BDFA
:109B0000C86300202DE9F041CD1C25F00305083580
:109B10000C2D38BF0C25002D074601DBA94205D9C5
:109B20000C233B6000263046BDE8F0812E4E00F04D
:109B3000B1F833681C4634BB29463846FFF7C2FFEC
:109B4000431C04464DD134682646002E40D123687C
:109B50003146384604EB030800F048F880453AD116
:109B6000216803356D1A25F0030508350C2D38BF23
:109B70000C2529463846FFF7A5FF01302BD0236876
:109B80002B4423600EE02268521B1ED40B2A16D9E8
:109B90006119A342256018BF5960636808BF31602E
:109BA00062514B60384604F10B0600F079F826F05C
:109BB0000706231DF21AB6D09B1BA350B3E76268B9
:109BC000A3420CBF32605A60ECE723466468B2E7F8
:109BD00034467668B9E70C233B60384600F060F8FD
:109BE000A1E72560DEE700BFC463002038B5064D5D
:109BF0000023044608462B6000F06AF8431C02D19B
:109C00002B6803B1236038BDCC6300201F2938B511
:109C100004460D4604D9162303604FF0FF3038BDCB
:109C2000426C12B152F821304BB9204600F030F8A6
:109C30002A4601462046BDE8384000F017B8012BFF
:109C40000AD0591C03D1162303600120E7E7002442
:109C500042F82540284698470020E0E7024B01469D
:109C60001868FFF7D3BF00BF1400002038B5074DB8
:109C700000230446084611462B6000F021F8431CDF
:109C800002D12B6803B1236038BD00BFCC63002034
:109C900000F00EB8014800F009B800BFD063002002
:109CA000014800F004B800BFD0630020704770473F
:109CB000024B58221A604FF0FF307047CC630020EF
:109CC000024B58221A604FF0FF307047CC630020DF
:109CD000044A05491368002B08BF0B46184410605E
:109CE00018467047D4630020D8630020FEE700BF09
:109CF000F8B500BFF8BC08BC9E467047F8B500BF79
:089D0000F8BC08BC9E46704748
:109D0800FFFFFFFFFFFFFF0041542B500D0A0076B5
:109D18006563746F723A3A5F4D5F7265616C6C6F20
:109D2800635F696E736572740041726D5461736B21
:109D3800004465636F64655461736B004D6F746FA5
:109D4800725570646174655461736B0043616E543D
:109D580072616E73696D745461736B00436F6E74D6
:109D6800726F6C5461736B005875635461736B0048
:109D780073746172745F7461736B00000000891101
:109D880012239B322446AD573665BF74488CC19D5B
:109D98005AAFD3BE6CCAE5DB7EE9F7F8811008013B
:109DA80093331A22A5562C47B7753E64C99C408D3B
:109DB800DBBF52AEEDDA64CBFFF976E802218B30D7
:109DC800100299132667AF763444BD554AADC3BC1B
:109DD800588ED19F6EEBE7FA7CC8F5D983310A20FB
:109DE80091121803A7772E66B5543C45CBBD42ACFB
:109DF800D99E508FEFFB66EAFDD874C904428D5393
:109E080016619F702004A9153227BB364CCEC5DFDA
:109E18005EEDD7FC6888E1997AABF3BA85520C43BA
:109E280097711E60A1142805B3373A26CDDE44CFBA
:109E3800DFFD56ECE9986089FBBB72AA06638F7256
:109E480014409D512225AB343006B9174EEFC7FE9A
:109E58005CCCD5DD6AA9E3B8788AF19B87730E627A
:109E680095501C41A3352A24B1163807CFFF46EE7A
:109E7800DDDC54CDEBB962A8F99A708B0884819522
:109E88001AA793B62CC2A5D33EE1B7F04008C9196A
:109E9800522BDB3A644EED5F766DFF7C899400852A
:109EA8009BB712A6ADD224C3BFF136E0C11848094A
:109EB800D33B5A2AE55E6C4FF77D7E6C0AA583B4C6
:109EC800188691972EE3A7F23CC0B5D14229CB382A
:109ED800500AD91B666FEF7E744CFD5D8BB502A4EA
:109EE80099961087AFF326E2BDD034C1C3394A280A
:109EF800D11A580BE77F6E6EF55C7C4D0CC685D782
:109F08001EE597F42880A1913AA3B3B2444ACD5BE9
:109F18005669DF78600CE91D722FFB3E8DD604C7A9
:109F28009FF516E4A9902081BBB332A2C55A4C4BC9
:109F3800D7795E68E11C680DF33F7A2E0EE787F645
:109F48001CC495D52AA1A3B03882B193466BCF7AA9
:109F58005448DD59622DEB3C700EF91F8FF706E669
:109F68009DD414C5ABB122A0B9923083C77B4E6A89
:109F7800D5585C49E33D6A2CF11E780F000610168F
:109F88000006101600000000010203040102030489
:109F98000607080949444C4500546D725100546D38
:109FA8007220537663000000000FC93F000F49403C
:109FB80000CB9640000FC9400053FB4000CB164130
:109FC80000ED2F41000F49410031624100537B41B0
:109FD800003A8A4100CB9641005CA34100EDAF41B5
:109FE800007EBC41000FC94100A0D5410031E241CB
:109FF80000C2EE410053FB4100F20342003A0A421C
:10A008000083104200CB164200141D42005C23421C
:10A0180000A5294200ED2F4200363642007E3C4220
:10A0280000C74242000F4942A2000000F9000000A8
:10A03800830000006E0000004E0000004400000095
:10A048001500000029000000FC00000027000000A7
:10A0580057000000D1000000F500000034000000A7
:10A06800DD000000C0000000DB000000620000000E
:10A0780095000000990000003C000000430000002B
:10A088009000000041000000FE00000051000000A8
:10A0980063000000AB000000DE000000BB00000011
:10A0A800C500000061000000B700000024000000A7
:10A0B8006E0000003A000000420000004D00000061
:10A0C800D2000000E0000000060000004900000087
:10A0D8002E000000EA00000009000000D100000086
:10A0E800920000001C000000FE0000001D0000009F
:10A0F800EB0000001C000000B10000002900000077
:10A10800A70000003E000000E800000082000000F8
:10A1180035000000F50000002E000000BB00000024
:10A128004400000084000000E90000009C000000DA
:10A138007000000026000000B40000005F0000006E
:10A148007E0000004100000039000000910000007E
:10A15800D600000039000000830000005300000012
:10A1680039000000F40000009C000000840000009A
:10A178005F0000008B000000BD000000F900000037
:10A18800280000003B0000001F000000F80000004D
:10A1980097000000FF000000DE000000050000003E
:10A1A800980000000F000000EF0000002F000000E2
:10A1B800110000008B0000005A0000000A00000097
:10A1C8006D0000001F0000006D0000003600000058
:10A1D8007E000000CF00000027000000CB00000038
:10A1E80009000000B70000004F0000004600000012
:10A1F8003F000000660000009E0000005F000000B5
:10A20800EA0000002D000000750000002700000093
:10A21800BA000000C7000000EB000000E5000000E5
:10A22800F10000007B0000003D0000000700000076
:10A2380039000000F70000008A000000520000000A
:10A2480092000000EA0000006B000000FB00000024
:10A258005F000000B10000001F0000008D0000003A
:10A268005D00000008000000560000000300000028
:10A278003000000046000000FC0000007B000000E9
:10A288006B000000AB000000F0000000CF000000F1
:10A29800BC000000200000009A000000F40000004C
:10A2A800360000001D000000A9000000E3000000C7
:10A2B80091000000610000005E000000E600000060
:10A2C8001B00000008000000650000009900000065
:10A2D800850000005F00000014000000A0000000DE
:10A2E80068000000400000008D000000FF00000032
:10A2F800D8000000800000004D000000730000003E
:10A3080027000000310000000600000006000000E1
:10A318001500000056000000CA000000730000008D
:10A32800A8000000C900000060000000E200000072
:10A338007B000000C00000008C0000006B000000E3
:10A348000000C93F0000F0390000DA370000A233EE
:10A358000000842E0000502B0000C2270000D022ED
:10A368000000C41F0000C61B0000441704000000C2
:08A378000700000009000000CD
:08A38000B5010008F52C0008EE
:04A388009101000837
:10A38C000100000000000000010000000024F400A7
:10A39C00AAAAAAAA180000200000000000000000D1
:10A3AC0000000000000000000000000000000000A1
:10A3BC000000000000000000000000000000000091
:10A3CC000000000000000000000000000000000081
:10A3DC000000000000000000000000000000000071
:10A3EC000000000000000000000000000000000061
:08A3FC00000000000000000059
:0400000508007A690C
:00000001FF
