[2026-09-09 20:26:11.434] [info] [Performance] Thread limits: OpenCV=1, TBB=4, OMP=4
[2026-09-09 20:26:11.459] [info] [ROS2Visualizer] Initialized: node=standard_node, marker_topic=standard_markers
[2026-09-09 20:26:11.459] [info] [ROS2Visualizer] Spin thread started
[2026-09-09 20:26:11.459] [info] [ROS2] Visualizer initialized
[2026-09-09 20:26:11.460] [info] [CBoard] disabled (cboard_enable=false); XUC is expected to provide IMU
[2026-09-09 20:26:11.461] [info] Camera constructor: config_path=/home/rm/sp_vision_25-xuc-board-20260901/logs/xuc-bringup/field_autoaim.runtime.yaml, camera_name=hikrobot
[2026-09-09 20:26:11.461] [info] Creating HikRobot camera
[2026-09-09 20:26:11.463] [info] HikRobot's daemon thread started.
[2026-09-09 20:26:11.463] [info] Camera constructor completed
[2026-09-09 20:26:11.465] [info] [XUC] serial opened /dev/serial/by-id/usb-1a86_USB_Serial-if00-port0 @ 460800 baud, angles=rad, yaw_sign=0.94074425, pitch_sign=1, imu_yaw_sign=-1.06298816, imu_pitch_sign=1, allow_control=true, allow_shoot=true, require_feedback=true, require_auto_mode=false, max_yaw_excursion_deg=0.00, lock_pitch=false
[2026-09-09 20:26:11.520] [info] [YOLO26] CPU cores: 16, big cores found: 4, core_type: unavailable, max_freq: 4900000
[2026-09-09 20:26:11.520] [info] [YOLO26] Big core ids: [4,5,6,7]
[2026-09-09 20:26:11.520] [info] [YOLO26] Successfully bound to 4 big cores
[2026-09-09 20:26:11.520] [info] [YOLO26] Disabled OpenCV threading to avoid CPU contention
[2026-09-09 20:26:11.539] [info] [YOLO26] Compiling model with 4 threads (LATENCY mode)
[2026-09-09 20:26:11.749] [info] [HikRobot][READBACK] image=1440x1080, pixel_format=0x1080009
[2026-09-09 20:26:11.751] [info] [HikRobot][READBACK] exposure_us=6000.0 auto=0, gain=16.01 auto=0, white_balance_auto=0
[2026-09-09 20:26:11.751] [info] [HikRobot][READBACK] trigger=off (continuous acquisition)
[2026-09-09 20:26:11.751] [info] [HikRobot][READBACK] acquisition_fps=150.00
[2026-09-09 20:26:11.763] [info] HikRobot's capture thread started.
[2026-09-09 20:26:11.775] [info] [HikRobot] first frame: 1440x1080, pixel_type=0x1080009, frame_len=1555200
[2026-09-09 20:26:11.826] [info] [YOLO26] Initialization complete - SYNC mode optimized
[2026-09-09 20:26:11.827] [info] [YOLO26] Config: threads=4, streams=1, requests=1, letterbox=114, min_confidence=0.10, candidate_confidence=0.04, direct/memory_confirmed=0.04/0.06, min_keypoint_confidence=0.00, swap_rb=false, refine_color=true, color_delta=8.0, single_bar_delta=12.0, color_min_pixels=6, color_hold_frames=20, save_samples=false, debug=false
[2026-09-09 20:26:11.832] [info] === All modules initialized ===
[2026-09-09 20:26:11.832] [info] [ROS2Visualizer] Published static TF: gimbal -> camera
[2026-09-09 20:26:11.832] [info] [ROS2] Published static TF: gimbal -> camera
[2026-09-09 20:26:11.832] [info] === Entering main loop ===
[2026-09-09 20:26:11.832] [info] [SYNC] 发送默认命令，等待相机触发
[DEBUG] armors=3, targets=1
[DEBUG] armors=1, targets=1
[2026-09-09 20:26:11.961] [warning] [Tracker] Large dt: 0.100s
[DEBUG] armors=1, targets=1
[DEBUG] armors=2, targets=1
[DEBUG] armors=2, targets=1
[DEBUG] armors=3, targets=1
[2026-09-09 20:26:12.029] [info] [XUC][GYRO] center_follow=true tracker=tracking omega=+3.322rad_s radius=0.169m
[DEBUG] armors=2, targets=1
[DEBUG] armors=2, targets=1
[DEBUG] armors=3, targets=1
[DEBUG] armors=4, targets=1
[DEBUG] armors=2, targets=1
[DEBUG] armors=3, targets=1
[DEBUG] armors=1, targets=1
[DEBUG] armors=1, targets=1
[DEBUG] armors=1, targets=1
[DEBUG] armors=1, targets=1
[DEBUG] armors=1, targets=1
[DEBUG] armors=1, targets=1
[DEBUG] armors=1, targets=1
[DEBUG] armors=1, targets=1
[2026-09-09 20:26:12.256] [info] [DRYRUN] measured_gimbal=(2.753,-0.001,-0.042) measured_world=(2.739,0.280,0.006) tracked_world=(3.190,0.147,-0.006) target_gimbal_deg=(-0.03,-0.87) target_world_deg=(5.84,0.12) gimbal_deg=(5.87,-0.99) armor_y_px=622.6 pixel_error_deg=(1.20,2.03) ballistic=(range=2.753m holdover=0.097m comp=1.98deg residual=0.04deg) q_wxyz=(0.998650,-0.000444,-0.008654,-0.051211) cmd_deg=(5.85,-1.01) packed_pitch_deg=-1.01 control=true shoot=false
[DEBUG] armors=1, targets=1
[DEBUG] armors=1, targets=1
[DEBUG] armors=1, targets=1
[DEBUG] armors=2, targets=1
[DEBUG] armors=2, targets=1
[DEBUG] armors=2, targets=1
[DEBUG] armors=3, targets=1
[DEBUG] armors=2, targets=1
[DEBUG] armors=2, targets=1
[DEBUG] armors=2, targets=1
[DEBUG] armors=3, targets=1
[DEBUG] armors=1, targets=1
[DEBUG] armors=1, targets=1
[DEBUG] armors=1, targets=1
[DEBUG] armors=1, targets=1
[DEBUG] armors=1, targets=1
[DEBUG] armors=1, targets=1
[2026-09-09 20:26:12.544] [info] [GYROPLL] phase_zero cycle=1 sample=333.1 ms periods=1 filtered=306.6 ms residual=+0.0 ms correction=+0.0 ms locks=1 locked=0 reacquired=0 rejects=0 omega=5.124 ekf_omega=+5.133
[DEBUG] armors=1, targets=1
[DEBUG] armors=1, targets=1
[DEBUG] armors=1, targets=1
[2026-09-09 20:26:12.592] [info] [DRYRUN] measured_gimbal=(2.818,-0.025,-0.044) measured_world=(2.807,0.263,0.005) tracked_world=(3.338,0.520,0.006) target_gimbal_deg=(-0.52,-0.89) target_world_deg=(5.35,0.10) gimbal_deg=(5.87,-0.99) armor_y_px=622.3 pixel_error_deg=(1.71,2.02) ballistic=(range=2.818m holdover=0.101m comp=2.01deg residual=0.00deg) q_wxyz=(0.998650,-0.000444,-0.008654,-0.051211) cmd_deg=(5.57,-0.99) packed_pitch_deg=-0.99 control=true shoot=false
[DEBUG] armors=2, targets=1
[DEBUG] armors=3, targets=1
[DEBUG] armors=3, targets=1
[DEBUG] armors=3, targets=1
[DEBUG] armors=2, targets=1
[DEBUG] armors=2, targets=1
[DEBUG] armors=3, targets=1
[DEBUG] armors=2, targets=1
[DEBUG] armors=2, targets=1
[2026-09-09 20:26:12.749] [info] [SYNC][XUC] mode=0 yaw=-5.87 deg pitch=-0.99 deg feeder_rpm=0.00 wheel0_rpm=0 wheel1_rpm=0 wheel_delta=0 projectile_speed=19.36 gate=0x3E switch=0 rc=1 sticks=1 imu=1 serial=1 control=1 yaw_armed=0 pitch_active=0
[DEBUG] armors=3, targets=1
[2026-09-09 20:26:12.767] [info] [PERF] 总耗时=17.6ms (检测=13.8ms, 跟踪=1.2ms), FPS=56.7
[2026-09-09 20:26:12.767] [info] 📊 [CAMERA FPS] 瞬时帧率=56.5fps, 平均帧率=53.5fps, 总帧数=50, 运行时间=0.9s
[DEBUG] armors=1, targets=1
[2026-09-09 20:26:12.797] [info] [ASSOC] selected_face=1 cost=-0.079 detections=1 confidence=0.90
[DEBUG] armors=1, targets=1
[DEBUG] armors=1, targets=1
[DEBUG] armors=1, targets=1
[DEBUG] armors=1, targets=1
[2026-09-09 20:26:12.850] [info] [GYROPLL] phase_zero cycle=2 sample=319.1 ms periods=1 filtered=308.1 ms residual=+12.5 ms correction=+1.9 ms locks=2 locked=0 reacquired=0 rejects=0 omega=5.098 ekf_omega=+5.060
[DEBUG] armors=1, targets=1
[2026-09-09 20:26:12.866] [info] [B2DIAG] auto=0 control=1 conv=1 oneface_gate=0 armed=1 motion=1 cadence=1 dyaw_fresh=1 dpitch_fresh=1 yawgate=0 event=0 safe=0 due_ms=+inf window_deg=nan worst_deg=nan yawerr_deg=-0.07 pitcherr_deg=0.07
[DEBUG] armors=1, targets=1
[DEBUG] armors=1, targets=1
[DEBUG] armors=1, targets=1
[DEBUG] armors=1, targets=1
[2026-09-09 20:26:12.937] [info] [DRYRUN] measured_gimbal=(2.806,-0.054,-0.047) measured_world=(2.797,0.234,0.001) tracked_world=(2.900,0.672,0.002) target_gimbal_deg=(-1.10,-0.97) target_world_deg=(4.77,0.03) gimbal_deg=(5.87,-0.99) armor_y_px=625.7 pixel_error_deg=(2.29,2.10) ballistic=(range=2.806m holdover=0.100m comp=2.01deg residual=0.09deg) q_wxyz=(0.998650,-0.000444,-0.008654,-0.051211) cmd_deg=(5.78,-0.96) packed_pitch_deg=-0.96 control=true shoot=false
[DEBUG] armors=1, targets=1
[DEBUG] armors=2, targets=1
[DEBUG] armors=2, targets=1
[DEBUG] armors=3, targets=1
[DEBUG] armors=3, targets=1
[DEBUG] armors=3, targets=1
[DEBUG] armors=2, targets=1
[DEBUG] armors=2, targets=1
[DEBUG] armors=3, targets=1
[DEBUG] armors=1, targets=1
[DEBUG] armors=1, targets=1
[DEBUG] armors=1, targets=1
[DEBUG] armors=1, targets=1
[DEBUG] armors=1, targets=1
[DEBUG] armors=1, targets=1
[2026-09-09 20:26:13.189] [info] [GYROPLL] phase_zero cycle=3 sample=330.5 ms periods=1 filtered=309.6 ms residual=+33.1 ms correction=+3.0 ms locks=3 locked=0 reacquired=0 rejects=0 omega=5.073 ekf_omega=+4.862
[DEBUG] armors=1, targets=1
[DEBUG] armors=1, targets=1
[DEBUG] armors=1, targets=1
[DEBUG] armors=1, targets=1
[DEBUG] armors=2, targets=1
[2026-09-09 20:26:13.270] [info] [DRYRUN] measured_gimbal=(2.917,-0.083,-0.047) measured_world=(2.910,0.216,0.003) tracked_world=(2.805,0.209,0.008) target_gimbal_deg=(-1.62,-0.93) target_world_deg=(4.25,0.06) gimbal_deg=(5.87,-0.99) armor_y_px=622.2 pixel_error_deg=(2.85,2.02) ballistic=(range=2.918m holdover=0.107m comp=2.06deg residual=-0.05deg) q_wxyz=(0.998650,-0.000444,-0.008654,-0.051211) cmd_deg=(5.16,-1.03) packed_pitch_deg=-1.03 control=true shoot=false
[DEBUG] armors=3, targets=1
[DEBUG] armors=2, targets=1
[DEBUG] armors=2, targets=1
[DEBUG] armors=3, targets=1
[DEBUG] armors=2, targets=1
[DEBUG] armors=2, targets=1
[DEBUG] armors=2, targets=1
[DEBUG] armors=3, targets=1
[DEBUG] armors=1, targets=1
[DEBUG] armors=1, targets=1
[DEBUG] armors=1, targets=1
[DEBUG] armors=1, targets=1
[DEBUG] armors=1, targets=1
[DEBUG] armors=1, targets=1
[2026-09-09 20:26:13.505] [info] [GYROPLL] phase_zero cycle=4 sample=320.5 ms periods=1 filtered=311.2 ms residual=+40.9 ms correction=+3.0 ms locks=4 locked=1 reacquired=0 rejects=0 omega=5.048 ekf_omega=+4.999
[DEBUG] armors=1, targets=1
[DEBUG] armors=1, targets=1
[DEBUG] armors=1, targets=1
[DEBUG] armors=1, targets=1
[DEBUG] armors=1, targets=1
[2026-09-09 20:26:13.590] [info] [SYNC][XUC] mode=0 yaw=-5.87 deg pitch=-0.99 deg feeder_rpm=0.00 wheel0_rpm=0 wheel1_rpm=0 wheel_delta=0 projectile_speed=19.36 gate=0x3E switch=0 rc=1 sticks=1 imu=1 serial=1 control=1 yaw_armed=0 pitch_active=0
[DEBUG] armors=2, targets=1
[2026-09-09 20:26:13.605] [info] [DRYRUN] measured_gimbal=(2.837,-0.084,-0.046) measured_world=(2.831,0.207,0.003) tracked_world=(3.261,0.129,0.007) target_gimbal_deg=(-1.70,-0.93) target_world_deg=(4.18,0.07) gimbal_deg=(5.87,-0.99) armor_y_px=623.4 pixel_error_deg=(2.89,2.05) ballistic=(range=2.839m holdover=0.102m comp=2.02deg residual=0.02deg) q_wxyz=(0.998650,-0.000444,-0.008654,-0.051211) cmd_deg=(5.31,-1.00) packed_pitch_deg=-1.00 control=true shoot=false
[2026-09-09 20:26:13.607] [info] [PERF] 总耗时=16.6ms (检测=13.4ms, 跟踪=0.9ms), FPS=60.3
[2026-09-09 20:26:13.607] [info] 📊 [CAMERA FPS] 瞬时帧率=60.1fps, 平均帧率=56.3fps, 总帧数=100, 运行时间=1.8s
[DEBUG] armors=2, targets=1
[2026-09-09 20:26:13.639] [info] [ASSOC] selected_face=3 cost=-0.014 detections=3 confidence=0.73
[DEBUG] armors=3, targets=1
[DEBUG] armors=2, targets=1
[2026-09-09 20:26:13.656] [info] [GYROSCHED] cycle=6 due_in=+87.1 ms hit_in=396.2 ms period=311.2 ms window=11.24deg worst=8.23deg safe=true
[DEBUG] armors=3, targets=1
[DEBUG] armors=3, targets=1
[DEBUG] armors=2, targets=1
[2026-09-09 20:26:13.707] [info] [B2DIAG] auto=0 control=1 conv=1 oneface_gate=1 armed=1 motion=1 cadence=1 dyaw_fresh=1 dpitch_fresh=1 yawgate=0 event=1 safe=1 due_ms=+58.1 window_deg=11.24 worst_deg=8.23 yawerr_deg=-3.71 pitcherr_deg=0.07
[DEBUG] armors=2, targets=1
[DEBUG] armors=1, targets=1
[DEBUG] armors=1, targets=1
[DEBUG] armors=1, targets=1
[DEBUG] armors=1, targets=1
[DEBUG] armors=1, targets=1
[DEBUG] armors=1, targets=1
[2026-09-09 20:26:13.823] [info] [GYROPLL] phase_zero cycle=5 sample=319.3 ms periods=1 filtered=312.7 ms residual=+46.0 ms correction=+3.0 ms locks=5 locked=1 reacquired=0 rejects=0 omega=5.023 ekf_omega=+5.068
[2026-09-09 20:26:13.823] [info] [GYROSCHED] cycle=7 due_in=+253.7 ms hit_in=546.0 ms period=312.7 ms window=11.22deg worst=8.19deg safe=true
[DEBUG] armors=1, targets=1
[DEBUG] armors=1, targets=1
[DEBUG] armors=1, targets=1
[DEBUG] armors=2, targets=1
[DEBUG] armors=2, targets=1
[DEBUG] armors=3, targets=1
[DEBUG] armors=3, targets=1
[2026-09-09 20:26:13.940] [info] [DRYRUN] measured_gimbal=(3.033,-0.116,-0.054) measured_world=(3.029,0.195,-0.002) tracked_world=(3.348,0.587,0.003) target_gimbal_deg=(-2.19,-1.02) target_world_deg=(3.68,-0.03) gimbal_deg=(5.87,-0.99) armor_y_px=624.1 pixel_error_deg=(3.44,2.06) ballistic=(range=3.035m holdover=0.115m comp=2.12deg residual=-0.06deg) q_wxyz=(0.998650,-0.000444,-0.008654,-0.051211) cmd_deg=(5.34,-0.99) packed_pitch_deg=-0.99 control=true shoot=false
[DEBUG] armors=2, targets=1
[DEBUG] armors=3, targets=1
[DEBUG] armors=2, targets=1
[2026-09-09 20:26:13.991] [info] [GYROSCHED] cycle=7 due_in=+54.4 ms hit_in=378.1 ms period=312.7 ms window=11.22deg worst=8.19deg safe=true
[DEBUG] armors=2, targets=1
[DEBUG] armors=2, targets=1
[DEBUG] armors=1, targets=1
[DEBUG] armors=1, targets=1
[DEBUG] armors=1, targets=1
[DEBUG] armors=1, targets=1
[DEBUG] armors=1, targets=1
[DEBUG] armors=1, targets=1
[DEBUG] armors=1, targets=1
[2026-09-09 20:26:14.139] [info] [GYROPLL] phase_zero cycle=6 sample=313.2 ms periods=1 filtered=313.8 ms residual=+43.5 ms correction=+3.0 ms locks=6 locked=1 reacquired=0 rejects=0 omega=5.005 ekf_omega=+5.093
[DEBUG] armors=1, targets=1
[2026-09-09 20:26:14.156] [info] [GYROSCHED] cycle=8 due_in=+240.2 ms hit_in=530.5 ms period=313.8 ms window=11.17deg worst=8.17deg safe=true
[DEBUG] armors=1, targets=1
[DEBUG] armors=1, targets=1
[DEBUG] armors=1, targets=1
[DEBUG] armors=1, targets=1
[DEBUG] armors=1, targets=1
[DEBUG] armors=3, targets=1
[DEBUG] armors=3, targets=1
[2026-09-09 20:26:14.274] [info] [DRYRUN] measured_gimbal=(2.975,-0.121,-0.055) measured_world=(2.972,0.184,-0.004) tracked_world=(2.841,0.623,0.003) target_gimbal_deg=(-2.32,-1.07) target_world_deg=(3.55,-0.07) gimbal_deg=(5.87,-0.99) armor_y_px=626.8 pixel_error_deg=(3.56,2.13) ballistic=(range=2.978m holdover=0.111m comp=2.09deg residual=0.04deg) q_wxyz=(0.998650,-0.000444,-0.008654,-0.051211) cmd_deg=(5.72,-0.95) packed_pitch_deg=-0.95 control=true shoot=false
[DEBUG] armors=3, targets=1
[DEBUG] armors=3, targets=1
[DEBUG] armors=2, targets=1
[2026-09-09 20:26:14.324] [info] [GYROSCHED] cycle=8 due_in=+56.2 ms hit_in=362.6 ms period=313.8 ms window=11.17deg worst=8.17deg safe=true
[DEBUG] armors=2, targets=1
[DEBUG] armors=2, targets=1
[DEBUG] armors=1, targets=1
[DEBUG] armors=1, targets=1
[DEBUG] armors=1, targets=1
[DEBUG] armors=1, targets=1
[2026-09-09 20:26:14.425] [info] [SYNC][XUC] mode=0 yaw=-5.87 deg pitch=-0.99 deg feeder_rpm=-4.00 wheel0_rpm=0 wheel1_rpm=0 wheel_delta=0 projectile_speed=19.36 gate=0x3E switch=0 rc=1 sticks=1 imu=1 serial=1 control=1 yaw_armed=0 pitch_active=0
[DEBUG] armors=1, targets=1
[2026-09-09 20:26:14.441] [info] [PERF] 总耗时=16.6ms (检测=13.7ms, 跟踪=0.5ms), FPS=60.2
[2026-09-09 20:26:14.441] [info] 📊 [CAMERA FPS] 瞬时帧率=60.1fps, 平均帧率=57.5fps, 总帧数=150, 运行时间=2.6s
[DEBUG] armors=1, targets=1
[2026-09-09 20:26:14.455] [info] [GYROPLL] phase_zero cycle=7 sample=316.3 ms periods=1 filtered=314.8 ms residual=+42.9 ms correction=+3.0 ms locks=7 locked=1 reacquired=0 rejects=0 omega=4.990 ekf_omega=+4.994
[2026-09-09 20:26:14.473] [info] [ASSOC] selected_face=0 cost=-0.048 detections=1 confidence=0.69
[DEBUG] armors=1, targets=1
[DEBUG] armors=1, targets=1
[2026-09-09 20:26:14.490] [info] [GYROSCHED] cycle=9 due_in=+217.6 ms hit_in=516.2 ms period=314.8 ms window=11.14deg worst=8.15deg safe=true
[DEBUG] armors=1, targets=1
[DEBUG] armors=1, targets=1
[DEBUG] armors=2, targets=1
[2026-09-09 20:26:14.538] [info] [B2DIAG] auto=0 control=1 conv=1 oneface_gate=1 armed=1 motion=1 cadence=1 dyaw_fresh=1 dpitch_fresh=1 yawgate=0 event=1 safe=1 due_ms=+164.2 window_deg=11.13 worst_deg=8.15 yawerr_deg=2.34 pitcherr_deg=-0.08
[DEBUG] armors=2, targets=1
[DEBUG] armors=2, targets=1
[DEBUG] armors=2, targets=1
[DEBUG] armors=2, targets=1
[2026-09-09 20:26:14.606] [info] [DRYRUN] measured_gimbal=(2.937,-0.145,-0.048) measured_world=(2.936,0.156,0.003) tracked_world=(2.851,0.151,0.008) target_gimbal_deg=(-2.83,-0.93) target_world_deg=(3.04,0.06) gimbal_deg=(5.87,-0.99) armor_y_px=622.1 pixel_error_deg=(4.06,2.01) ballistic=(range=2.940m holdover=0.109m comp=2.07deg residual=-0.06deg) q_wxyz=(0.998650,-0.000444,-0.008654,-0.051211) cmd_deg=(5.38,-1.02) packed_pitch_deg=-1.02 control=true shoot=false
[DEBUG] armors=3, targets=1
[DEBUG] armors=4, targets=1
[DEBUG] armors=2, targets=1
[2026-09-09 20:26:14.659] [info] [GYROSCHED] cycle=9 due_in=+41.9 ms hit_in=347.1 ms period=314.8 ms window=11.12deg worst=8.15deg safe=true
[DEBUG] armors=2, targets=1
[DEBUG] armors=3, targets=1
[DEBUG] armors=1, targets=1
[DEBUG] armors=1, targets=1
[DEBUG] armors=1, targets=1
[DEBUG] armors=1, targets=1
[DEBUG] armors=1, targets=1
[DEBUG] armors=1, targets=1
[2026-09-09 20:26:14.788] [info] [GYROPLL] phase_zero cycle=8 sample=327.3 ms periods=1 filtered=315.6 ms residual=+52.5 ms correction=+3.0 ms locks=8 locked=1 reacquired=0 rejects=0 omega=4.978 ekf_omega=+4.972
[DEBUG] armors=1, targets=1
[DEBUG] armors=1, targets=1
[2026-09-09 20:26:14.820] [info] [GYROSCHED] cycle=10 due_in=+207.8 ms hit_in=504.8 ms period=315.6 ms window=11.13deg worst=8.13deg safe=true
[DEBUG] armors=1, targets=1
[DEBUG] armors=1, targets=1
[DEBUG] armors=1, targets=1
[DEBUG] armors=2, targets=1
[DEBUG] armors=2, targets=1
[DEBUG] armors=2, targets=1
[DEBUG] armors=3, targets=1
[2026-09-09 20:26:14.940] [info] [DRYRUN] measured_gimbal=(2.884,-0.138,-0.050) measured_world=(2.883,0.158,0.000) tracked_world=(3.319,0.167,0.004) target_gimbal_deg=(-2.74,-0.99) target_world_deg=(3.13,0.01) gimbal_deg=(5.87,-0.99) armor_y_px=625.1 pixel_error_deg=(3.96,2.09) ballistic=(range=2.887m holdover=0.105m comp=2.05deg residual=0.04deg) q_wxyz=(0.998650,-0.000444,-0.008654,-0.051211) cmd_deg=(5.26,-1.00) packed_pitch_deg=-1.00 control=true shoot=false
[DEBUG] armors=2, targets=1
[DEBUG] armors=2, targets=1
[DEBUG] armors=2, targets=1
[2026-09-09 20:26:14.990] [info] [GYROSCHED] cycle=10 due_in=+52.2 ms hit_in=335.4 ms period=315.6 ms window=11.11deg worst=8.13deg safe=true
[DEBUG] armors=2, targets=1
[DEBUG] armors=1, targets=1
[DEBUG] armors=1, targets=1
[DEBUG] armors=1, targets=1
[DEBUG] armors=1, targets=1
[DEBUG] armors=1, targets=1
[DEBUG] armors=1, targets=1
[2026-09-09 20:26:15.109] [info] [GYROPLL] phase_zero cycle=9 sample=325.9 ms periods=1 filtered=316.3 ms residual=+59.8 ms correction=+3.0 ms locks=9 locked=1 reacquired=0 rejects=0 omega=4.966 ekf_omega=+5.015
[DEBUG] armors=1, targets=1
[DEBUG] armors=1, targets=1
[DEBUG] armors=1, targets=1
[2026-09-09 20:26:15.158] [info] [GYROSCHED] cycle=11 due_in=+187.9 ms hit_in=487.4 ms period=316.3 ms window=11.11deg worst=8.11deg safe=true
[DEBUG] armors=2, targets=1
[DEBUG] armors=3, targets=1
[DEBUG] armors=2, targets=1
[DEBUG] armors=2, targets=1
[DEBUG] armors=2, targets=1
[DEBUG] armors=3, targets=1
[2026-09-09 20:26:15.260] [info] [SYNC][XUC] mode=0 yaw=-5.87 deg pitch=-0.99 deg feeder_rpm=0.00 wheel0_rpm=0 wheel1_rpm=0 wheel_delta=0 projectile_speed=19.36 gate=0x3E switch=0 rc=1 sticks=1 imu=1 serial=1 control=1 yaw_armed=0 pitch_active=0
[DEBUG] armors=2, targets=1
[2026-09-09 20:26:15.275] [info] [DRYRUN] measured_gimbal=(3.315,-0.182,-0.068) measured_world=(3.317,0.158,-0.011) tracked_world=(3.352,0.639,-0.001) target_gimbal_deg=(-3.14,-1.18) target_world_deg=(2.73,-0.19) gimbal_deg=(5.87,-0.99) armor_y_px=626.6 pixel_error_deg=(4.46,2.12) ballistic=(range=3.320m holdover=0.134m comp=2.27deg residual=-0.15deg) q_wxyz=(0.998650,-0.000444,-0.008654,-0.051211) cmd_deg=(5.20,-1.02) packed_pitch_deg=-1.02 control=true shoot=false
[2026-09-09 20:26:15.277] [info] [PERF] 总耗时=16.7ms (检测=13.4ms, 跟踪=0.8ms), FPS=60.0
[2026-09-09 20:26:15.277] [info] 📊 [CAMERA FPS] 瞬时帧率=59.9fps, 平均帧率=58.1fps, 总帧数=200, 运行时间=3.4s
[DEBUG] armors=2, targets=1
[2026-09-09 20:26:15.307] [info] [ASSOC] selected_face=2 cost=0.001 detections=2 confidence=0.28
[DEBUG] armors=2, targets=1
[DEBUG] armors=1, targets=1
[2026-09-09 20:26:15.323] [info] [GYROSCHED] cycle=11 due_in=+20.6 ms hit_in=322.4 ms period=316.3 ms window=11.10deg worst=8.11deg safe=true
[DEBUG] armors=1, targets=1
[2026-09-09 20:26:15.342] [info] [SYNC][XUC] mode=1 yaw=-5.87 deg pitch=-0.99 deg feeder_rpm=0.00 wheel0_rpm=0 wheel1_rpm=0 wheel_delta=0 projectile_speed=19.36 gate=0xFF switch=1 rc=1 sticks=1 imu=1 serial=1 control=1 yaw_armed=1 pitch_active=1
[2026-09-09 20:26:15.342] [info] Switch to auto_aim
[DEBUG] armors=1, targets=1
[DEBUG] armors=1, targets=1
[2026-09-09 20:26:15.372] [info] [B2DIAG] auto=1 control=1 conv=1 oneface_gate=1 armed=1 motion=1 cadence=1 dyaw_fresh=1 dpitch_fresh=1 yawgate=0 event=1 safe=1 due_ms=+296.4 window_deg=11.08 worst_deg=8.11 yawerr_deg=-1.94 pitcherr_deg=0.06
[DEBUG] armors=1, targets=1
[DEBUG] armors=1, targets=1
[DEBUG] armors=1, targets=1
[2026-09-09 20:26:15.423] [info] [GYROPLL] phase_zero cycle=10 sample=320.6 ms periods=1 filtered=317.0 ms residual=+61.1 ms correction=+3.0 ms locks=10 locked=1 reacquired=0 rejects=0 omega=4.955 ekf_omega=+4.983
[2026-09-09 20:26:15.425] [info] [SYNC][XUC] mode=1 yaw=-5.87 deg pitch=-0.99 deg feeder_rpm=0.00 wheel0_rpm=4120 wheel1_rpm=4280 wheel_delta=-160 projectile_speed=19.36 gate=0xFF switch=1 rc=1 sticks=1 imu=1 serial=1 control=1 yaw_armed=1 pitch_active=1
[DEBUG] armors=1, targets=1
[DEBUG] armors=1, targets=1
[DEBUG] armors=1, targets=1
[DEBUG] armors=1, targets=1
[2026-09-09 20:26:15.490] [info] [GYROSCHED] cycle=12 due_in=+177.1 ms hit_in=475.7 ms period=317.0 ms window=11.12deg worst=8.10deg safe=true
[DEBUG] armors=1, targets=1
[2026-09-09 20:26:15.509] [info] [SYNC][XUC] mode=1 yaw=-5.87 deg pitch=-0.99 deg feeder_rpm=-4.00 wheel0_rpm=5800 wheel1_rpm=6080 wheel_delta=-280 projectile_speed=19.36 gate=0xFF switch=1 rc=1 sticks=1 imu=1 serial=1 control=1 yaw_armed=1 pitch_active=1
[DEBUG] armors=2, targets=1
[DEBUG] armors=2, targets=1
[DEBUG] armors=3, targets=1
[DEBUG] armors=3, targets=1
[DEBUG] armors=3, targets=1
[2026-09-09 20:26:15.595] [info] [SYNC][XUC] mode=1 yaw=-5.87 deg pitch=-0.99 deg feeder_rpm=0.00 wheel0_rpm=6240 wheel1_rpm=6400 wheel_delta=-160 projectile_speed=19.36 gate=0xFF switch=1 rc=1 sticks=1 imu=1 serial=1 control=1 yaw_armed=1 pitch_active=1
[DEBUG] armors=2, targets=1
[2026-09-09 20:26:15.609] [info] [DRYRUN] measured_gimbal=(2.927,0.276,-0.043) measured_world=(2.883,0.574,0.008) tracked_world=(2.869,0.559,-0.001) target_gimbal_deg=(5.39,-0.83) target_world_deg=(11.26,0.16) gimbal_deg=(5.87,-0.99) armor_y_px=618.0 pixel_error_deg=(-4.17,1.91) ballistic=(range=2.940m holdover=0.109m comp=2.07deg residual=-0.16deg) q_wxyz=(0.998650,-0.000444,-0.008654,-0.051211) cmd_deg=(5.29,-0.99) packed_pitch_deg=-0.99 control=true shoot=false
[DEBUG] armors=2, targets=1
[DEBUG] armors=2, targets=1
[2026-09-09 20:26:15.642] [info] [XUC][FIRE] stable-window candidate started
[2026-09-09 20:26:15.642] [info] [XUC][FIRE] qualified after 0 ms/1 frames, current_pixel_error_deg=(-3.29,-0.12) predicted_impact_yaw_error_deg=1.26 gyro_predict=true face_error=5.53deg omega=+4.740rad_s armed=true
[2026-09-09 20:26:15.665] [info] [SHOT] id=1 issue mode=1 gyro=1 event=1 cycle=12 processing_age_ms=49.4 due_error_ms=+0.06 period_ms=317.0 window_deg=11.12 worst_deg=8.10
[DEBUG] armors=3, targets=1
[2026-09-09 20:26:15.680] [info] [XUC][FIRE] gyro request inhibited during feeder recovery
[2026-09-09 20:26:15.680] [info] [GYROSCHED] cycle=13 due_in=+310.4 ms hit_in=602.6 ms period=317.0 ms window=11.12deg worst=8.10deg safe=true
[2026-09-09 20:26:15.680] [info] [XUC][FIRE] stable window reset
[DEBUG] armors=1, targets=1
[2026-09-09 20:26:15.697] [info] [SYNC][XUC] mode=1 yaw=-5.87 deg pitch=-0.99 deg feeder_rpm=-4.00 wheel0_rpm=6400 wheel1_rpm=6480 wheel_delta=-80 projectile_speed=19.36 gate=0xFF switch=1 rc=1 sticks=1 imu=1 serial=1 control=1 yaw_armed=1 pitch_active=1
[DEBUG] armors=1, targets=1
[DEBUG] armors=1, targets=1
[DEBUG] armors=1, targets=1
[DEBUG] armors=1, targets=1
[2026-09-09 20:26:15.759] [info] [GYROPLL] phase_zero cycle=11 sample=330.7 ms periods=1 filtered=317.8 ms residual=+71.7 ms correction=+3.0 ms locks=11 locked=1 reacquired=0 rejects=0 omega=4.943 ekf_omega=+4.874
[DEBUG] armors=1, targets=1
[2026-09-09 20:26:15.777] [info] [SYNC][XUC] mode=1 yaw=-5.87 deg pitch=-0.99 deg feeder_rpm=0.00 wheel0_rpm=6440 wheel1_rpm=6480 wheel_delta=-40 projectile_speed=19.36 gate=0xFF switch=1 rc=1 sticks=1 imu=1 serial=1 control=1 yaw_armed=1 pitch_active=1
[DEBUG] armors=1, targets=1
[DEBUG] armors=1, targets=1
[DEBUG] armors=1, targets=1
[DEBUG] armors=2, targets=1
[2026-09-09 20:26:15.839] [info] [GYROSCHED] cycle=13 due_in=+149.2 ms hit_in=448.3 ms period=317.8 ms window=11.10deg worst=8.08deg safe=true
[DEBUG] armors=3, targets=1
[2026-09-09 20:26:15.860] [info] [SYNC][XUC] mode=1 yaw=-5.87 deg pitch=-0.99 deg feeder_rpm=-4.00 wheel0_rpm=6440 wheel1_rpm=6480 wheel_delta=-40 projectile_speed=19.36 gate=0xFF switch=1 rc=1 sticks=1 imu=1 serial=1 control=1 yaw_armed=1 pitch_active=1
[DEBUG] armors=2, targets=1
[DEBUG] armors=3, targets=1
[DEBUG] armors=3, targets=1
[DEBUG] armors=2, targets=1
[DEBUG] armors=2, targets=1
[2026-09-09 20:26:15.944] [info] [SYNC][XUC] mode=1 yaw=-5.87 deg pitch=-0.99 deg feeder_rpm=0.00 wheel0_rpm=6440 wheel1_rpm=6480 wheel_delta=-40 projectile_speed=19.36 gate=0xFF switch=1 rc=1 sticks=1 imu=1 serial=1 control=1 yaw_armed=1 pitch_active=1
[DEBUG] armors=2, targets=1
[2026-09-09 20:26:15.958] [info] [DRYRUN] measured_gimbal=(2.749,0.207,-0.038) measured_world=(2.713,0.487,0.009) tracked_world=(2.968,0.085,0.003) target_gimbal_deg=(4.31,-0.80) target_world_deg=(10.18,0.19) gimbal_deg=(5.87,-0.99) armor_y_px=619.8 pixel_error_deg=(-3.14,1.96) ballistic=(range=2.757m holdover=0.098m comp=1.99deg residual=-0.03deg) q_wxyz=(0.998650,-0.000444,-0.008654,-0.051211) cmd_deg=(4.99,-1.03) packed_pitch_deg=-1.03 control=true shoot=false
[DEBUG] armors=1, targets=1
[DEBUG] armors=1, targets=1
[DEBUG] armors=1, targets=1
[2026-09-09 20:26:16.006] [info] [GYROSCHED] cycle=14 due_in=+301.9 ms hit_in=598.7 ms period=317.8 ms window=11.13deg worst=8.08deg safe=true
[DEBUG] armors=1, targets=1
[2026-09-09 20:26:16.026] [info] [SYNC][XUC] mode=1 yaw=-5.87 deg pitch=-0.99 deg feeder_rpm=0.00 wheel0_rpm=6440 wheel1_rpm=6520 wheel_delta=-80 projectile_speed=19.36 gate=0xFF switch=1 rc=1 sticks=1 imu=1 serial=1 control=1 yaw_armed=1 pitch_active=1
[DEBUG] armors=1, targets=1
[DEBUG] armors=1, targets=1
[DEBUG] armors=1, targets=1
[2026-09-09 20:26:16.073] [info] [GYROPLL] phase_zero cycle=12 sample=310.0 ms periods=1 filtered=318.0 ms residual=+61.0 ms correction=+3.0 ms locks=12 locked=1 reacquired=0 rejects=0 omega=4.940 ekf_omega=+5.074
[DEBUG] armors=1, targets=1
[DEBUG] armors=1, targets=1
[2026-09-09 20:26:16.110] [info] [SYNC][XUC] mode=1 yaw=-5.87 deg pitch=-0.99 deg feeder_rpm=0.00 wheel0_rpm=6440 wheel1_rpm=6480 wheel_delta=-40 projectile_speed=19.36 gate=0xFF switch=1 rc=1 sticks=1 imu=1 serial=1 control=1 yaw_armed=1 pitch_active=1
[DEBUG] armors=1, targets=1
[2026-09-09 20:26:16.127] [info] [PERF] 总耗时=17.3ms (检测=14.5ms, 跟踪=0.5ms), FPS=57.7
[2026-09-09 20:26:16.127] [info] 📊 [CAMERA FPS] 瞬时帧率=57.5fps, 平均帧率=58.2fps, 总帧数=250, 运行时间=4.3s
[DEBUG] armors=1, targets=1
[2026-09-09 20:26:16.159] [info] [ASSOC] selected_face=3 cost=-0.055 detections=2 confidence=0.88
[DEBUG] armors=2, targets=1
[DEBUG] armors=2, targets=1
[2026-09-09 20:26:16.177] [info] [GYROSCHED] cycle=14 due_in=+129.0 ms hit_in=431.5 ms period=318.0 ms window=11.13deg worst=8.08deg safe=true
[DEBUG] armors=2, targets=1
[2026-09-09 20:26:16.195] [info] [SYNC][XUC] mode=1 yaw=-5.87 deg pitch=-0.99 deg feeder_rpm=0.00 wheel0_rpm=6440 wheel1_rpm=6480 wheel_delta=-40 projectile_speed=19.36 gate=0xFF switch=1 rc=1 sticks=1 imu=1 serial=1 control=1 yaw_armed=1 pitch_active=1
[DEBUG] armors=2, targets=1
[DEBUG] armors=3, targets=1
[2026-09-09 20:26:16.226] [info] [B2DIAG] auto=1 control=1 conv=1 oneface_gate=1 armed=1 motion=1 cadence=0 dyaw_fresh=1 dpitch_fresh=1 yawgate=0 event=1 safe=1 due_ms=+79.9 window_deg=11.12 worst_deg=8.08 yawerr_deg=4.00 pitcherr_deg=0.09
[DEBUG] armors=2, targets=1
[DEBUG] armors=2, targets=1
[DEBUG] armors=2, targets=1
[2026-09-09 20:26:16.276] [info] [SYNC][XUC] mode=1 yaw=-5.87 deg pitch=-0.99 deg feeder_rpm=0.00 wheel0_rpm=6440 wheel1_rpm=6480 wheel_delta=-40 projectile_speed=19.36 gate=0xFF switch=1 rc=1 sticks=1 imu=1 serial=1 control=1 yaw_armed=1 pitch_active=1
[DEBUG] armors=2, targets=1
[2026-09-09 20:26:16.291] [info] [DRYRUN] measured_gimbal=(2.876,0.206,-0.044) measured_world=(2.840,0.499,0.006) tracked_world=(3.397,0.280,-0.000) target_gimbal_deg=(4.10,-0.87) target_world_deg=(9.97,0.12) gimbal_deg=(5.87,-0.99) armor_y_px=620.5 pixel_error_deg=(-2.90,1.97) ballistic=(range=2.883m holdover=0.105m comp=2.05deg residual=-0.07deg) q_wxyz=(0.998650,-0.000444,-0.008654,-0.051211) cmd_deg=(5.42,-1.00) packed_pitch_deg=-1.00 control=true shoot=false
[DEBUG] armors=2, targets=1
[DEBUG] armors=1, targets=1
[DEBUG] armors=1, targets=1
[2026-09-09 20:26:16.341] [info] [GYROSCHED] cycle=15 due_in=+285.6 ms hit_in=585.6 ms period=318.0 ms window=11.13deg worst=8.08deg safe=true
[DEBUG] armors=1, targets=1
[2026-09-09 20:26:16.359] [info] [SYNC][XUC] mode=1 yaw=-5.87 deg pitch=-0.99 deg feeder_rpm=0.00 wheel0_rpm=6440 wheel1_rpm=6480 wheel_delta=-40 projectile_speed=19.36 gate=0xFF switch=1 rc=1 sticks=1 imu=1 serial=1 control=1 yaw_armed=1 pitch_active=1
[DEBUG] armors=1, targets=1
[DEBUG] armors=1, targets=1
[2026-09-09 20:26:16.390] [info] [GYROPLL] phase_zero cycle=13 sample=320.2 ms periods=1 filtered=318.2 ms residual=+60.1 ms correction=+3.0 ms locks=13 locked=1 reacquired=0 rejects=0 omega=4.936 ekf_omega=+5.064
[DEBUG] armors=1, targets=1
[DEBUG] armors=1, targets=1
[DEBUG] armors=1, targets=1
[2026-09-09 20:26:16.441] [info] [SYNC][XUC] mode=1 yaw=-5.87 deg pitch=-0.99 deg feeder_rpm=-4.00 wheel0_rpm=6440 wheel1_rpm=6520 wheel_delta=-80 projectile_speed=19.36 gate=0xFF switch=1 rc=1 sticks=1 imu=1 serial=1 control=1 yaw_armed=1 pitch_active=1
[DEBUG] armors=2, targets=1
[DEBUG] armors=2, targets=1
[2026-09-09 20:26:16.477] [warning] [SHOT] id=1 no_feeder_feedback timeout_ms=800
[DEBUG] armors=3, targets=1
[2026-09-09 20:26:16.493] [info] [XUC][FIRE] feeder recovery complete; fresh gyro qualification required
[DEBUG] armors=3, targets=1
[2026-09-09 20:26:16.511] [info] [GYROSCHED] cycle=15 due_in=+105.0 ms hit_in=419.2 ms period=318.2 ms window=11.11deg worst=8.07deg safe=true
[DEBUG] armors=2, targets=1
[2026-09-09 20:26:16.530] [info] [SYNC][XUC] mode=1 yaw=-5.87 deg pitch=-0.99 deg feeder_rpm=0.00 wheel0_rpm=6440 wheel1_rpm=6480 wheel_delta=-40 projectile_speed=19.36 gate=0xFF switch=1 rc=1 sticks=1 imu=1 serial=1 control=1 yaw_armed=1 pitch_active=1
[DEBUG] armors=2, targets=1
[DEBUG] armors=2, targets=1
[DEBUG] armors=2, targets=1
[DEBUG] armors=2, targets=1
[DEBUG] armors=2, targets=1
[2026-09-09 20:26:16.614] [info] [XUC][FIRE] stable-window candidate started
[2026-09-09 20:26:16.614] [info] [XUC][FIRE] qualified after 0 ms/1 frames, current_pixel_error_deg=(-3.24,-0.05) predicted_impact_yaw_error_deg=0.94 gyro_predict=true face_error=1.06deg omega=+4.787rad_s armed=true
[2026-09-09 20:26:16.626] [info] [SHOT] id=2 issue mode=1 gyro=1 event=1 cycle=15 processing_age_ms=44.0 due_error_ms=+0.06 period_ms=318.2 window_deg=11.11 worst_deg=8.07
[2026-09-09 20:26:16.629] [info] [SYNC][XUC] mode=1 yaw=-5.87 deg pitch=-0.99 deg feeder_rpm=0.00 wheel0_rpm=6440 wheel1_rpm=6480 wheel_delta=-40 projectile_speed=19.36 gate=0xFF switch=1 rc=1 sticks=1 imu=1 serial=1 control=1 yaw_armed=1 pitch_active=1
[DEBUG] armors=1, targets=1
[2026-09-09 20:26:16.643] [info] [XUC][FIRE] gyro request inhibited during feeder recovery
[2026-09-09 20:26:16.643] [info] [XUC][FIRE] stable window reset
[2026-09-09 20:26:16.643] [info] [DRYRUN] measured_gimbal=(2.811,0.189,-0.044) measured_world=(2.778,0.475,0.005) tracked_world=(3.266,0.706,-0.005) target_gimbal_deg=(3.84,-0.89) target_world_deg=(9.71,0.10) gimbal_deg=(5.87,-0.99) armor_y_px=622.4 pixel_error_deg=(-2.65,2.02) ballistic=(range=2.818m holdover=0.101m comp=2.01deg residual=0.01deg) q_wxyz=(0.998650,-0.000444,-0.008654,-0.051211) cmd_deg=(5.25,-1.01) packed_pitch_deg=-1.01 control=true shoot=false
[DEBUG] armors=1, targets=1
[2026-09-09 20:26:16.661] [info] [SHOT] id=2 feeder_start command_to_feeder_ms=34.6 rpm=1801
[DEBUG] armors=1, targets=1
[DEBUG] armors=1, targets=1
[2026-09-09 20:26:16.691] [info] [GYROSCHED] cycle=16 due_in=+259.7 ms hit_in=557.0 ms period=318.2 ms window=11.10deg worst=8.07deg safe=true
[DEBUG] armors=1, targets=1
[2026-09-09 20:26:16.709] [info] [GYROPLL] phase_zero cycle=14 sample=323.2 ms periods=1 filtered=318.9 ms residual=+62.1 ms correction=+3.0 ms locks=14 locked=1 reacquired=0 rejects=0 omega=4.925 ekf_omega=+4.992
[2026-09-09 20:26:16.711] [info] [SYNC][XUC] mode=1 yaw=-5.87 deg pitch=-0.99 deg feeder_rpm=2080.00 wheel0_rpm=6440 wheel1_rpm=6480 wheel_delta=-40 projectile_speed=19.36 gate=0xFF switch=1 rc=1 sticks=1 imu=1 serial=1 control=1 yaw_armed=1 pitch_active=1
[DEBUG] armors=1, targets=1
[DEBUG] armors=1, targets=1
[DEBUG] armors=1, targets=1
[DEBUG] armors=1, targets=1
[DEBUG] armors=1, targets=1
[2026-09-09 20:26:16.793] [info] [SYNC][XUC] mode=1 yaw=-5.87 deg pitch=-0.99 deg feeder_rpm=2032.00 wheel0_rpm=6440 wheel1_rpm=6520 wheel_delta=-80 projectile_speed=19.36 gate=0xFF switch=1 rc=1 sticks=1 imu=1 serial=1 control=1 yaw_armed=1 pitch_active=1
[DEBUG] armors=2, targets=1
[2026-09-09 20:26:16.811] [info] [SHOT] id=2 feeder_stop feeder_motion_ms=149.9
[2026-09-09 20:26:16.811] [info] [XUC][FIRE] feeder stopped; gyro recovery hold started for 600 ms
[DEBUG] armors=3, targets=1
[DEBUG] armors=2, targets=1
[DEBUG] armors=2, targets=1
[2026-09-09 20:26:16.859] [info] [GYROSCHED] cycle=16 due_in=+92.3 ms hit_in=394.1 ms period=318.9 ms window=11.13deg worst=8.05deg safe=true
[DEBUG] armors=2, targets=1
[2026-09-09 20:26:16.877] [info] [SYNC][XUC] mode=1 yaw=-6.21 deg pitch=-0.96 deg feeder_rpm=0.00 wheel0_rpm=6280 wheel1_rpm=6360 wheel_delta=-80 projectile_speed=19.36 gate=0xFF switch=1 rc=1 sticks=1 imu=1 serial=1 control=1 yaw_armed=1 pitch_active=1
[DEBUG] armors=2, targets=1
[DEBUG] armors=2, targets=1
[DEBUG] armors=2, targets=1
[DEBUG] armors=2, targets=1
[DEBUG] armors=1, targets=1
[2026-09-09 20:26:16.963] [info] [SYNC][XUC] mode=1 yaw=-6.21 deg pitch=-0.92 deg feeder_rpm=-4.00 wheel0_rpm=6400 wheel1_rpm=6480 wheel_delta=-80 projectile_speed=19.36 gate=0xFF switch=1 rc=1 sticks=1 imu=1 serial=1 control=1 yaw_armed=1 pitch_active=1
[DEBUG] armors=1, targets=1
[2026-09-09 20:26:16.978] [info] [DRYRUN] measured_gimbal=(2.870,0.140,-0.039) measured_world=(2.838,0.450,0.007) tracked_world=(2.769,0.435,0.003) target_gimbal_deg=(2.80,-0.78) target_world_deg=(9.01,0.14) gimbal_deg=(6.21,-0.92) armor_y_px=616.9 pixel_error_deg=(-1.60,1.89) ballistic=(range=2.874m holdover=0.105m comp=2.04deg residual=-0.16deg) q_wxyz=(0.998501,-0.000437,-0.008053,-0.054142) cmd_deg=(5.73,-0.99) packed_pitch_deg=-0.99 control=true shoot=false
[2026-09-09 20:26:16.980] [info] [PERF] 总耗时=16.7ms (检测=13.8ms, 跟踪=0.5ms), FPS=59.8
[2026-09-09 20:26:16.980] [info] 📊 [CAMERA FPS] 瞬时帧率=59.6fps, 平均帧率=58.3fps, 总帧数=300, 运行时间=5.1s
[DEBUG] armors=1, targets=1
[2026-09-09 20:26:17.012] [info] [ASSOC] selected_face=0 cost=-0.057 detections=1 confidence=0.75
[DEBUG] armors=1, targets=1
[DEBUG] armors=1, targets=1
[2026-09-09 20:26:17.029] [info] [GYROPLL] phase_zero cycle=15 sample=318.7 ms periods=1 filtered=319.2 ms residual=+58.9 ms correction=+3.0 ms locks=15 locked=1 reacquired=0 rejects=0 omega=4.921 ekf_omega=+4.940
[2026-09-09 20:26:17.029] [info] [GYROSCHED] cycle=17 due_in=+254.5 ms hit_in=546.1 ms period=319.2 ms window=11.10deg worst=8.05deg safe=true
[DEBUG] armors=1, targets=1
[2026-09-09 20:26:17.049] [info] [SYNC][XUC] mode=1 yaw=-6.19 deg pitch=-0.93 deg feeder_rpm=0.00 wheel0_rpm=6440 wheel1_rpm=6480 wheel_delta=-40 projectile_speed=19.36 gate=0xFF switch=1 rc=1 sticks=1 imu=1 serial=1 control=1 yaw_armed=1 pitch_active=1
[DEBUG] armors=1, targets=1
[DEBUG] armors=1, targets=1
[2026-09-09 20:26:17.080] [info] [B2DIAG] auto=1 control=1 conv=1 oneface_gate=1 armed=1 motion=1 cadence=0 dyaw_fresh=1 dpitch_fresh=1 yawgate=0 event=1 safe=1 due_ms=+190.2 window_deg=11.10 worst_deg=8.05 yawerr_deg=1.54 pitcherr_deg=-0.12
[DEBUG] armors=1, targets=1
[DEBUG] armors=1, targets=1
[DEBUG] armors=2, targets=1
[2026-09-09 20:26:17.133] [info] [SYNC][XUC] mode=1 yaw=-6.21 deg pitch=-0.96 deg feeder_rpm=-4.00 wheel0_rpm=6440 wheel1_rpm=6480 wheel_delta=-40 projectile_speed=19.36 gate=0xFF switch=1 rc=1 sticks=1 imu=1 serial=1 control=1 yaw_armed=1 pitch_active=1
[DEBUG] armors=3, targets=1
[DEBUG] armors=2, targets=1
[DEBUG] armors=3, targets=1
[DEBUG] armors=3, targets=1
[2026-09-09 20:26:17.202] [info] [GYROSCHED] cycle=17 due_in=+52.9 ms hit_in=373.1 ms period=319.2 ms window=11.09deg worst=8.05deg safe=true
[DEBUG] armors=3, targets=1
[2026-09-09 20:26:17.223] [info] [SYNC][XUC] mode=1 yaw=-6.20 deg pitch=-0.96 deg feeder_rpm=0.00 wheel0_rpm=6440 wheel1_rpm=6480 wheel_delta=-40 projectile_speed=19.36 gate=0xFF switch=1 rc=1 sticks=1 imu=1 serial=1 control=1 yaw_armed=1 pitch_active=1
[DEBUG] armors=2, targets=1
[DEBUG] armors=3, targets=1
[DEBUG] armors=1, targets=1
[DEBUG] armors=1, targets=1
[DEBUG] armors=1, targets=1
[2026-09-09 20:26:17.308] [info] [SYNC][XUC] mode=1 yaw=-6.19 deg pitch=-0.97 deg feeder_rpm=0.00 wheel0_rpm=6440 wheel1_rpm=6480 wheel_delta=-40 projectile_speed=19.36 gate=0xFF switch=1 rc=1 sticks=1 imu=1 serial=1 control=1 yaw_armed=1 pitch_active=1
[DEBUG] armors=1, targets=1
[2026-09-09 20:26:17.323] [info] [DRYRUN] measured_gimbal=(2.802,0.092,-0.043) measured_world=(2.776,0.393,0.005) tracked_world=(3.091,0.085,0.005) target_gimbal_deg=(1.88,-0.87) target_world_deg=(8.07,0.10) gimbal_deg=(6.19,-0.97) armor_y_px=621.7 pixel_error_deg=(-0.69,2.00) ballistic=(range=2.803m holdover=0.100m comp=2.01deg residual=-0.00deg) q_wxyz=(0.998505,-0.000457,-0.008454,-0.053994) cmd_deg=(5.62,-1.00) packed_pitch_deg=-1.00 control=true shoot=false
[DEBUG] armors=1, targets=1
[DEBUG] armors=1, targets=1
[2026-09-09 20:26:17.357] [info] [GYROPLL] phase_zero cycle=16 sample=322.5 ms periods=1 filtered=319.2 ms residual=+59.2 ms correction=+3.0 ms locks=16 locked=1 reacquired=0 rejects=0 omega=4.922 ekf_omega=+5.062
[DEBUG] armors=1, targets=1
[2026-09-09 20:26:17.374] [info] [GYROSCHED] cycle=18 due_in=+226.6 ms hit_in=522.9 ms period=319.2 ms window=11.12deg worst=8.05deg safe=true
[DEBUG] armors=1, targets=1
[2026-09-09 20:26:17.394] [info] [SYNC][XUC] mode=1 yaw=-6.20 deg pitch=-0.97 deg feeder_rpm=-4.00 wheel0_rpm=6440 wheel1_rpm=6480 wheel_delta=-40 projectile_speed=19.36 gate=0xFF switch=1 rc=1 sticks=1 imu=1 serial=1 control=1 yaw_armed=1 pitch_active=1
[DEBUG] armors=1, targets=1
[DEBUG] armors=1, targets=1
[DEBUG] armors=2, targets=1
[DEBUG] armors=2, targets=1
[2026-09-09 20:26:17.458] [info] [XUC][FIRE] feeder recovery complete; fresh gyro qualification required
[DEBUG] armors=2, targets=1
[2026-09-09 20:26:17.477] [info] [SYNC][XUC] mode=1 yaw=-6.20 deg pitch=-0.98 deg feeder_rpm=0.00 wheel0_rpm=6440 wheel1_rpm=6480 wheel_delta=-40 projectile_speed=19.36 gate=0xFF switch=1 rc=1 sticks=1 imu=1 serial=1 control=1 yaw_armed=1 pitch_active=1
[DEBUG] armors=3, targets=1
[DEBUG] armors=3, targets=1
[DEBUG] armors=3, targets=1
[DEBUG] armors=3, targets=1
[2026-09-09 20:26:17.543] [info] [GYROSCHED] cycle=18 due_in=+45.7 ms hit_in=354.8 ms period=319.2 ms window=11.12deg worst=8.05deg safe=true
[DEBUG] armors=2, targets=1
[2026-09-09 20:26:17.563] [info] [SYNC][XUC] mode=1 yaw=-6.20 deg pitch=-0.99 deg feeder_rpm=0.00 wheel0_rpm=6440 wheel1_rpm=6480 wheel_delta=-40 projectile_speed=19.36 gate=0xFF switch=1 rc=1 sticks=1 imu=1 serial=1 control=1 yaw_armed=1 pitch_active=1
[DEBUG] armors=2, targets=1
[2026-09-09 20:26:17.578] [info] [XUC][FIRE] stable-window candidate started
[2026-09-09 20:26:17.578] [info] [XUC][FIRE] qualified after 0 ms/1 frames, current_pixel_error_deg=(-2.78,-0.07) predicted_impact_yaw_error_deg=1.59 gyro_predict=true face_error=0.72deg omega=+4.826rad_s armed=true
[2026-09-09 20:26:17.594] [info] [SHOT] id=3 issue mode=1 gyro=1 event=1 cycle=18 processing_age_ms=45.2 due_error_ms=+0.06 period_ms=319.2 window_deg=11.12 worst_deg=8.05
[DEBUG] armors=1, targets=1
[2026-09-09 20:26:17.610] [info] [XUC][FIRE] gyro request inhibited during feeder recovery
[2026-09-09 20:26:17.610] [info] [XUC][FIRE] stable window reset
[DEBUG] armors=1, targets=1
[2026-09-09 20:26:17.627] [info] [SHOT] id=3 feeder_start command_to_feeder_ms=33.3 rpm=941
[DEBUG] armors=1, targets=1
[DEBUG] armors=1, targets=1
[2026-09-09 20:26:17.660] [info] [SYNC][XUC] mode=1 yaw=-6.20 deg pitch=-0.99 deg feeder_rpm=2010.00 wheel0_rpm=6440 wheel1_rpm=6480 wheel_delta=-40 projectile_speed=19.36 gate=0xFF switch=1 rc=1 sticks=1 imu=1 serial=1 control=1 yaw_armed=1 pitch_active=1
[DEBUG] armors=1, targets=1
[2026-09-09 20:26:17.674] [info] [GYROPLL] phase_zero cycle=17 sample=317.4 ms periods=1 filtered=319.1 ms residual=+54.4 ms correction=+3.0 ms locks=17 locked=1 reacquired=0 rejects=0 omega=4.923 ekf_omega=+5.047
[2026-09-09 20:26:17.674] [info] [DRYRUN] measured_gimbal=(2.707,0.048,-0.039) measured_world=(2.687,0.340,0.008) tracked_world=(3.389,0.469,0.004) target_gimbal_deg=(1.02,-0.83) target_world_deg=(7.22,0.17) gimbal_deg=(6.20,-0.99) armor_y_px=621.8 pixel_error_deg=(0.14,2.01) ballistic=(range=2.708m holdover=0.095m comp=1.96deg residual=0.04deg) q_wxyz=(0.998501,-0.000468,-0.008655,-0.054036) cmd_deg=(5.82,-0.99) packed_pitch_deg=-0.99 control=true shoot=false
[DEBUG] armors=1, targets=1
[DEBUG] armors=1, targets=1
[DEBUG] armors=1, targets=1
[2026-09-09 20:26:17.724] [info] [GYROSCHED] cycle=19 due_in=+195.3 ms hit_in=495.0 ms period=319.1 ms window=11.12deg worst=8.05deg safe=true
[DEBUG] armors=2, targets=1
[2026-09-09 20:26:17.743] [info] [SYNC][XUC] mode=1 yaw=-6.20 deg pitch=-0.98 deg feeder_rpm=1988.00 wheel0_rpm=6440 wheel1_rpm=6480 wheel_delta=-40 projectile_speed=19.36 gate=0xFF switch=1 rc=1 sticks=1 imu=1 serial=1 control=1 yaw_armed=1 pitch_active=1
[DEBUG] armors=3, targets=1
[DEBUG] armors=2, targets=1
[2026-09-09 20:26:17.777] [info] [SHOT] id=3 feeder_stop feeder_motion_ms=149.6
[2026-09-09 20:26:17.777] [info] [XUC][FIRE] feeder stopped; gyro recovery hold started for 600 ms
[DEBUG] armors=3, targets=1
[DEBUG] armors=3, targets=1
[DEBUG] armors=2, targets=1
[2026-09-09 20:26:17.831] [info] [SYNC][XUC] mode=1 yaw=-6.20 deg pitch=-1.06 deg feeder_rpm=7.00 wheel0_rpm=6280 wheel1_rpm=6360 wheel_delta=-80 projectile_speed=19.36 gate=0xFF switch=1 rc=1 sticks=1 imu=1 serial=1 control=1 yaw_armed=1 pitch_active=1
[DEBUG] armors=3, targets=1
[2026-09-09 20:26:17.849] [info] [PERF] 总耗时=18.1ms (检测=14.2ms, 跟踪=1.2ms), FPS=55.4
[2026-09-09 20:26:17.849] [info] 📊 [CAMERA FPS] 瞬时帧率=55.3fps, 平均帧率=58.2fps, 总帧数=350, 运行时间=6.0s
[DEBUG] armors=2, targets=1
[2026-09-09 20:26:17.880] [info] [ASSOC] selected_face=2 cost=-0.006 detections=2 confidence=0.24
[DEBUG] armors=2, targets=1
[DEBUG] armors=1, targets=1
[2026-09-09 20:26:17.898] [info] [GYROSCHED] cycle=19 due_in=+20.3 ms hit_in=321.7 ms period=319.1 ms window=11.11deg worst=8.05deg safe=true
[DEBUG] armors=1, targets=1
[2026-09-09 20:26:17.916] [info] [SYNC][XUC] mode=1 yaw=-6.17 deg pitch=-0.98 deg feeder_rpm=0.00 wheel0_rpm=6400 wheel1_rpm=6440 wheel_delta=-40 projectile_speed=19.36 gate=0xFF switch=1 rc=1 sticks=1 imu=1 serial=1 control=1 yaw_armed=1 pitch_active=1
[DEBUG] armors=1, targets=1
[DEBUG] armors=1, targets=1
[2026-09-09 20:26:17.947] [info] [B2DIAG] auto=1 control=1 conv=1 oneface_gate=1 armed=1 motion=1 cadence=0 dyaw_fresh=1 dpitch_fresh=1 yawgate=0 event=1 safe=1 due_ms=+300.6 window_deg=11.10 worst_deg=8.05 yawerr_deg=-1.68 pitcherr_deg=0.05
[DEBUG] armors=1, targets=1
[DEBUG] armors=1, targets=1
[DEBUG] armors=1, targets=1
[2026-09-09 20:26:17.998] [info] [GYROPLL] phase_zero cycle=18 sample=320.3 ms periods=1 filtered=319.2 ms residual=+52.6 ms correction=+3.0 ms locks=18 locked=1 reacquired=0 rejects=0 omega=4.922 ekf_omega=+4.982
[2026-09-09 20:26:18.000] [info] [SYNC][XUC] mode=1 yaw=-6.19 deg pitch=-1.03 deg feeder_rpm=0.00 wheel0_rpm=6440 wheel1_rpm=6480 wheel_delta=-40 projectile_speed=19.36 gate=0xFF switch=1 rc=1 sticks=1 imu=1 serial=1 control=1 yaw_armed=1 pitch_active=1
[DEBUG] armors=1, targets=1
[2026-09-09 20:26:18.015] [info] [DRYRUN] measured_gimbal=(2.694,0.032,-0.043) measured_world=(2.675,0.322,0.006) tracked_world=(2.972,0.730,0.006) target_gimbal_deg=(0.67,-0.91) target_world_deg=(6.86,0.12) gimbal_deg=(6.19,-1.03) armor_y_px=625.5 pixel_error_deg=(0.48,2.10) ballistic=(range=2.694m holdover=0.094m comp=1.96deg residual=0.14deg) q_wxyz=(0.998501,-0.000485,-0.008974,-0.053985) cmd_deg=(6.07,-0.97) packed_pitch_deg=-0.97 control=true shoot=false
[DEBUG] armors=1, targets=1
[DEBUG] armors=1, targets=1
[DEBUG] armors=1, targets=1
[2026-09-09 20:26:18.066] [info] [GYROSCHED] cycle=20 due_in=+177.5 ms hit_in=475.9 ms period=319.2 ms window=11.11deg worst=8.05deg safe=true
[DEBUG] armors=2, targets=1
[2026-09-09 20:26:18.085] [info] [SYNC][XUC] mode=1 yaw=-6.22 deg pitch=-1.11 deg feeder_rpm=0.00 wheel0_rpm=6200 wheel1_rpm=6240 wheel_delta=-40 projectile_speed=19.36 gate=0xFF switch=1 rc=1 sticks=1 imu=1 serial=1 control=1 yaw_armed=1 pitch_active=1
[DEBUG] armors=2, targets=1
[DEBUG] armors=3, targets=1
[DEBUG] armors=2, targets=1
[DEBUG] armors=3, targets=1
[DEBUG] armors=3, targets=1
[2026-09-09 20:26:18.174] [info] [SYNC][XUC] mode=1 yaw=-6.19 deg pitch=-1.03 deg feeder_rpm=0.00 wheel0_rpm=6360 wheel1_rpm=6440 wheel_delta=-80 projectile_speed=19.36 gate=0xFF switch=1 rc=1 sticks=1 imu=1 serial=1 control=1 yaw_armed=1 pitch_active=1
[DEBUG] armors=2, targets=1
[DEBUG] armors=2, targets=1
[DEBUG] armors=3, targets=1
[DEBUG] armors=1, targets=1
[2026-09-09 20:26:18.242] [info] [GYROSCHED] cycle=20 due_in=+9.2 ms hit_in=300.0 ms period=319.2 ms window=11.11deg worst=8.05deg safe=true
[DEBUG] armors=1, targets=1
[2026-09-09 20:26:18.261] [info] [SYNC][XUC] mode=1 yaw=-6.19 deg pitch=-1.04 deg feeder_rpm=-4.00 wheel0_rpm=6400 wheel1_rpm=6480 wheel_delta=-80 projectile_speed=19.36 gate=0xFF switch=1 rc=1 sticks=1 imu=1 serial=1 control=1 yaw_armed=1 pitch_active=1
[DEBUG] armors=1, targets=1
[DEBUG] armors=1, targets=1
[DEBUG] armors=1, targets=1
[2026-09-09 20:26:18.309] [info] [GYROPLL] phase_zero cycle=19 sample=328.2 ms periods=1 filtered=319.5 ms residual=+58.6 ms correction=+3.0 ms locks=19 locked=1 reacquired=0 rejects=0 omega=4.916 ekf_omega=+4.849
[DEBUG] armors=1, targets=1
[DEBUG] armors=1, targets=1
[2026-09-09 20:26:18.343] [info] [SYNC][XUC] mode=1 yaw=-6.19 deg pitch=-1.00 deg feeder_rpm=0.00 wheel0_rpm=6440 wheel1_rpm=6480 wheel_delta=-40 projectile_speed=19.36 gate=0xFF switch=1 rc=1 sticks=1 imu=1 serial=1 control=1 yaw_armed=1 pitch_active=1
[DEBUG] armors=1, targets=1
[2026-09-09 20:26:18.356] [info] [DRYRUN] measured_gimbal=(2.789,-0.011,-0.040) measured_world=(2.774,0.290,0.009) tracked_world=(2.728,0.282,0.010) target_gimbal_deg=(-0.23,-0.83) target_world_deg=(5.97,0.18) gimbal_deg=(6.19,-1.00) armor_y_px=620.3 pixel_error_deg=(1.41,1.97) ballistic=(range=2.789m holdover=0.100m comp=2.00deg residual=-0.03deg) q_wxyz=(0.998502,-0.000473,-0.008748,-0.054002) cmd_deg=(5.59,-1.03) packed_pitch_deg=-1.03 control=true shoot=false
[DEBUG] armors=1, targets=1
[DEBUG] armors=1, targets=1
[DEBUG] armors=2, targets=1
[2026-09-09 20:26:18.407] [info] [GYROSCHED] cycle=21 due_in=+158.3 ms hit_in=457.1 ms period=319.5 ms window=11.12deg worst=8.04deg safe=true
[DEBUG] armors=3, targets=1
[2026-09-09 20:26:18.425] [info] [XUC][FIRE] feeder recovery complete; fresh gyro qualification required
[2026-09-09 20:26:18.427] [info] [SYNC][XUC] mode=1 yaw=-6.18 deg pitch=-1.05 deg feeder_rpm=0.00 wheel0_rpm=6440 wheel1_rpm=6480 wheel_delta=-40 projectile_speed=19.36 gate=0xFF switch=1 rc=1 sticks=1 imu=1 serial=1 control=1 yaw_armed=1 pitch_active=1
[DEBUG] armors=3, targets=1
[DEBUG] armors=3, targets=1
[DEBUG] armors=3, targets=1
[DEBUG] armors=2, targets=1
[DEBUG] armors=2, targets=1
[2026-09-09 20:26:18.516] [info] [SYNC][XUC] mode=1 yaw=-6.17 deg pitch=-1.06 deg feeder_rpm=0.00 wheel0_rpm=6440 wheel1_rpm=6480 wheel_delta=-40 projectile_speed=19.36 gate=0xFF switch=1 rc=1 sticks=1 imu=1 serial=1 control=1 yaw_armed=1 pitch_active=1
[DEBUG] armors=2, targets=1
[DEBUG] armors=1, targets=1
[2026-09-09 20:26:18.547] [info] [XUC][FIRE] stable-window candidate started
[2026-09-09 20:26:18.550] [info] [XUC][FIRE] qualified after 0 ms/1 frames, current_pixel_error_deg=(-2.57,-0.00) predicted_impact_yaw_error_deg=0.74 gyro_predict=true face_error=3.05deg omega=+4.883rad_s armed=true
[2026-09-09 20:26:18.565] [info] [SHOT] id=4 issue mode=1 gyro=1 event=1 cycle=21 processing_age_ms=49.6 due_error_ms=+0.10 period_ms=319.5 window_deg=11.13 worst_deg=8.04
[DEBUG] armors=1, targets=1
[2026-09-09 20:26:18.583] [info] [XUC][FIRE] gyro request inhibited during feeder recovery
[2026-09-09 20:26:18.583] [info] [XUC][FIRE] stable window reset
[DEBUG] armors=1, targets=1
[2026-09-09 20:26:18.599] [info] [GYROSCHED] cycle=22 due_in=+284.3 ms hit_in=584.7 ms period=319.5 ms window=11.13deg worst=8.04deg safe=true
[2026-09-09 20:26:18.602] [info] [SHOT] id=4 feeder_start command_to_feeder_ms=36.1 rpm=1102
[DEBUG] armors=1, targets=1
[2026-09-09 20:26:18.618] [info] [SYNC][XUC] mode=1 yaw=-6.15 deg pitch=-1.08 deg feeder_rpm=1853.00 wheel0_rpm=6440 wheel1_rpm=6480 wheel_delta=-40 projectile_speed=19.36 gate=0xFF switch=1 rc=1 sticks=1 imu=1 serial=1 control=1 yaw_armed=1 pitch_active=1
[DEBUG] armors=1, targets=1
[2026-09-09 20:26:18.631] [info] [GYROPLL] phase_zero cycle=20 sample=319.6 ms periods=1 filtered=319.6 ms residual=+55.7 ms correction=+3.0 ms locks=20 locked=1 reacquired=0 rejects=0 omega=4.916 ekf_omega=+4.962
[DEBUG] armors=1, targets=1
[DEBUG] armors=1, targets=1
[DEBUG] armors=1, targets=1
[DEBUG] armors=1, targets=1
[2026-09-09 20:26:18.699] [info] [SYNC][XUC] mode=1 yaw=-6.15 deg pitch=-1.10 deg feeder_rpm=2109.00 wheel0_rpm=6440 wheel1_rpm=6480 wheel_delta=-40 projectile_speed=19.36 gate=0xFF switch=1 rc=1 sticks=1 imu=1 serial=1 control=1 yaw_armed=1 pitch_active=1
[DEBUG] armors=1, targets=1
[2026-09-09 20:26:18.713] [info] [DRYRUN] measured_gimbal=(2.814,-0.053,-0.048) measured_world=(2.804,0.249,0.006) tracked_world=(3.200,0.119,0.010) target_gimbal_deg=(-1.07,-0.98) target_world_deg=(5.08,0.12) gimbal_deg=(6.15,-1.10) armor_y_px=625.9 pixel_error_deg=(2.26,2.11) ballistic=(range=2.814m holdover=0.101m comp=2.01deg residual=0.10deg) q_wxyz=(0.998515,-0.000514,-0.009569,-0.053626) cmd_deg=(5.64,-1.05) packed_pitch_deg=-1.05 control=true shoot=false
[2026-09-09 20:26:18.716] [info] [PERF] 总耗时=17.0ms (检测=13.6ms, 跟踪=0.5ms), FPS=59.0
[2026-09-09 20:26:18.716] [info] 📊 [CAMERA FPS] 瞬时帧率=58.9fps, 平均帧率=58.1fps, 总帧数=400, 运行时间=6.9s
[DEBUG] armors=2, targets=1
[2026-09-09 20:26:18.748] [info] [ASSOC] selected_face=3 cost=-0.074 detections=2 confidence=0.78
[DEBUG] armors=2, targets=1
[2026-09-09 20:26:18.751] [info] [SHOT] id=4 feeder_stop feeder_motion_ms=149.1
[2026-09-09 20:26:18.751] [info] [XUC][FIRE] feeder stopped; gyro recovery hold started for 600 ms
[DEBUG] armors=2, targets=1
[2026-09-09 20:26:18.765] [info] [GYROSCHED] cycle=22 due_in=+112.0 ms hit_in=422.0 ms period=319.6 ms window=11.13deg worst=8.04deg safe=true
[DEBUG] armors=3, targets=1
[2026-09-09 20:26:18.785] [info] [SYNC][XUC] mode=1 yaw=-6.15 deg pitch=-1.09 deg feeder_rpm=76.00 wheel0_rpm=6440 wheel1_rpm=6480 wheel_delta=-40 projectile_speed=19.36 gate=0xFF switch=1 rc=1 sticks=1 imu=1 serial=1 control=1 yaw_armed=1 pitch_active=1
[DEBUG] armors=3, targets=1
[DEBUG] armors=2, targets=1
[2026-09-09 20:26:18.817] [info] [B2DIAG] auto=1 control=1 conv=1 oneface_gate=1 armed=1 motion=1 cadence=0 dyaw_fresh=1 dpitch_fresh=1 yawgate=0 event=1 safe=1 due_ms=+67.9 window_deg=11.13 worst_deg=8.04 yawerr_deg=-3.95 pitcherr_deg=0.01
[DEBUG] armors=2, targets=1
[DEBUG] armors=2, targets=1
[DEBUG] armors=2, targets=1
[2026-09-09 20:26:18.872] [info] [SYNC][XUC] mode=1 yaw=-6.13 deg pitch=-1.08 deg feeder_rpm=0.00 wheel0_rpm=6440 wheel1_rpm=6480 wheel_delta=-40 projectile_speed=19.36 gate=0xFF switch=1 rc=1 sticks=1 imu=1 serial=1 control=1 yaw_armed=1 pitch_active=1
[DEBUG] armors=1, targets=1
[DEBUG] armors=1, targets=1
[DEBUG] armors=1, targets=1
[DEBUG] armors=1, targets=1
[2026-09-09 20:26:18.939] [info] [GYROSCHED] cycle=23 due_in=+273.9 ms hit_in=567.9 ms period=319.6 ms window=11.14deg worst=8.04deg safe=true
[DEBUG] armors=1, targets=1
[2026-09-09 20:26:18.955] [info] [GYROPLL] phase_zero cycle=21 sample=313.8 ms periods=1 filtered=319.1 ms residual=+47.0 ms correction=+3.0 ms locks=21 locked=1 reacquired=0 rejects=0 omega=4.923 ekf_omega=+5.180
[2026-09-09 20:26:18.957] [info] [SYNC][XUC] mode=1 yaw=-6.17 deg pitch=-1.06 deg feeder_rpm=0.00 wheel0_rpm=6280 wheel1_rpm=6360 wheel_delta=-80 projectile_speed=19.36 gate=0xFF switch=1 rc=1 sticks=1 imu=1 serial=1 control=1 yaw_armed=1 pitch_active=1
[DEBUG] armors=1, targets=1
[DEBUG] armors=1, targets=1
[DEBUG] armors=1, targets=1
[DEBUG] armors=2, targets=1
[DEBUG] armors=2, targets=1
[2026-09-09 20:26:19.045] [info] [SYNC][XUC] mode=1 yaw=-6.16 deg pitch=-1.01 deg feeder_rpm=-4.00 wheel0_rpm=6360 wheel1_rpm=6480 wheel_delta=-120 projectile_speed=19.36 gate=0xFF switch=1 rc=1 sticks=1 imu=1 serial=1 control=1 yaw_armed=1 pitch_active=1
[DEBUG] armors=3, targets=1
[2026-09-09 20:26:19.060] [info] [DRYRUN] measured_gimbal=(2.877,-0.097,-0.052) measured_world=(2.871,0.213,-0.001) tracked_world=(3.355,0.600,0.003) target_gimbal_deg=(-1.93,-1.03) target_world_deg=(4.24,-0.02) gimbal_deg=(6.16,-1.01) armor_y_px=627.0 pixel_error_deg=(3.14,2.13) ballistic=(range=2.878m holdover=0.105m comp=2.04deg residual=0.09deg) q_wxyz=(0.998514,-0.000475,-0.008827,-0.053772) cmd_deg=(5.66,-0.98) packed_pitch_deg=-0.98 control=true shoot=false
[DEBUG] armors=3, targets=1
[DEBUG] armors=2, targets=1
[DEBUG] armors=2, targets=1
[2026-09-09 20:26:19.111] [info] [GYROSCHED] cycle=23 due_in=+77.9 ms hit_in=397.2 ms period=319.1 ms window=11.14deg worst=8.05deg safe=true
[DEBUG] armors=2, targets=1
[2026-09-09 20:26:19.131] [info] [SYNC][XUC] mode=1 yaw=-6.15 deg pitch=-1.02 deg feeder_rpm=0.00 wheel0_rpm=6440 wheel1_rpm=6480 wheel_delta=-40 projectile_speed=19.36 gate=0xFF switch=1 rc=1 sticks=1 imu=1 serial=1 control=1 yaw_armed=1 pitch_active=1
[DEBUG] armors=2, targets=1
[DEBUG] armors=2, targets=1
[DEBUG] armors=2, targets=1
[DEBUG] armors=1, targets=1
[DEBUG] armors=1, targets=1
[2026-09-09 20:26:19.218] [info] [SYNC][XUC] mode=1 yaw=-6.16 deg pitch=-1.01 deg feeder_rpm=-4.00 wheel0_rpm=6440 wheel1_rpm=6480 wheel_delta=-40 projectile_speed=19.36 gate=0xFF switch=1 rc=1 sticks=1 imu=1 serial=1 control=1 yaw_armed=1 pitch_active=1
[DEBUG] armors=1, targets=1
[DEBUG] armors=1, targets=1
[DEBUG] armors=1, targets=1
[2026-09-09 20:26:19.265] [info] [GYROPLL] phase_zero cycle=22 sample=316.7 ms periods=1 filtered=318.9 ms residual=+41.6 ms correction=+3.0 ms locks=22 locked=1 reacquired=0 rejects=0 omega=4.926 ekf_omega=+5.081
[DEBUG] armors=1, targets=1
[2026-09-09 20:26:19.282] [info] [GYROSCHED] cycle=24 due_in=+252.1 ms hit_in=548.3 ms period=318.9 ms window=11.12deg worst=8.06deg safe=true
[DEBUG] armors=1, targets=1
[2026-09-09 20:26:19.300] [info] [SYNC][XUC] mode=1 yaw=-6.17 deg pitch=-0.97 deg feeder_rpm=-4.00 wheel0_rpm=6440 wheel1_rpm=6480 wheel_delta=-40 projectile_speed=19.36 gate=0xFF switch=1 rc=1 sticks=1 imu=1 serial=1 control=1 yaw_armed=1 pitch_active=1
[DEBUG] armors=1, targets=1
[DEBUG] armors=1, targets=1
[DEBUG] armors=1, targets=1
[DEBUG] armors=1, targets=1
[DEBUG] armors=2, targets=1
[2026-09-09 20:26:19.384] [info] [SYNC][XUC] mode=1 yaw=-6.17 deg pitch=-0.96 deg feeder_rpm=0.00 wheel0_rpm=6440 wheel1_rpm=6480 wheel_delta=-40 projectile_speed=19.36 gate=0xFF switch=1 rc=1 sticks=1 imu=1 serial=1 control=1 yaw_armed=1 pitch_active=1
[DEBUG] armors=2, targets=1
[2026-09-09 20:26:19.399] [info] [XUC][FIRE] feeder recovery complete; fresh gyro qualification required
[2026-09-09 20:26:19.399] [info] [DRYRUN] measured_gimbal=(3.039,-0.120,-0.059) measured_world=(3.035,0.207,-0.009) tracked_world=(2.885,0.645,-0.000) target_gimbal_deg=(-2.27,-1.12) target_world_deg=(3.91,-0.16) gimbal_deg=(6.17,-0.96) armor_y_px=628.0 pixel_error_deg=(3.52,2.16) ballistic=(range=3.041m holdover=0.115m comp=2.12deg residual=0.04deg) q_wxyz=(0.998515,-0.000450,-0.008350,-0.053824) cmd_deg=(5.96,-0.93) packed_pitch_deg=-0.93 control=true shoot=false
[DEBUG] armors=2, targets=1
[DEBUG] armors=3, targets=1
[DEBUG] armors=3, targets=1
[2026-09-09 20:26:19.452] [info] [GYROSCHED] cycle=24 due_in=+69.0 ms hit_in=378.3 ms period=318.9 ms window=11.14deg worst=8.06deg safe=true
[DEBUG] armors=2, targets=1
[2026-09-09 20:26:19.471] [info] [SYNC][XUC] mode=1 yaw=-6.15 deg pitch=-0.93 deg feeder_rpm=0.00 wheel0_rpm=6440 wheel1_rpm=6520 wheel_delta=-80 projectile_speed=19.36 gate=0xFF switch=1 rc=1 sticks=1 imu=1 serial=1 control=1 yaw_armed=1 pitch_active=1
[DEBUG] armors=2, targets=1
[DEBUG] armors=2, targets=1
[DEBUG] armors=1, targets=1
[2026-09-09 20:26:19.520] [info] [XUC][FIRE] stable-window candidate started
[2026-09-09 20:26:19.520] [info] [XUC][FIRE] qualified after 0 ms/1 frames, current_pixel_error_deg=(-2.46,-0.08) predicted_impact_yaw_error_deg=-0.00 gyro_predict=true face_error=11.51deg omega=+4.937rad_s armed=true
[2026-09-09 20:26:19.536] [info] [SHOT] id=5 issue mode=1 gyro=1 event=1 cycle=24 processing_age_ms=46.8 due_error_ms=+0.18 period_ms=318.9 window_deg=11.13 worst_deg=8.06
[DEBUG] armors=1, targets=1
[2026-09-09 20:26:19.551] [info] [XUC][FIRE] gyro request inhibited during feeder recovery
[2026-09-09 20:26:19.551] [info] [XUC][FIRE] stable window reset
[DEBUG] armors=1, targets=1
[2026-09-09 20:26:19.570] [info] [SHOT] id=5 feeder_start command_to_feeder_ms=33.8 rpm=1816
[2026-09-09 20:26:19.570] [info] [SYNC][XUC] mode=1 yaw=-6.15 deg pitch=-0.94 deg feeder_rpm=1816.00 wheel0_rpm=6440 wheel1_rpm=6520 wheel_delta=-80 projectile_speed=19.36 gate=0xFF switch=1 rc=1 sticks=1 imu=1 serial=1 control=1 yaw_armed=1 pitch_active=1
[DEBUG] armors=1, targets=1
[2026-09-09 20:26:19.584] [info] [GYROPLL] phase_zero cycle=23 sample=324.5 ms periods=1 filtered=319.0 ms residual=+44.2 ms correction=+3.0 ms locks=23 locked=1 reacquired=0 rejects=0 omega=4.925 ekf_omega=+4.936
[2026-09-09 20:26:19.586] [info] [PERF] 总耗时=16.2ms (检测=13.4ms, 跟踪=0.5ms), FPS=61.9
[2026-09-09 20:26:19.586] [info] 📊 [CAMERA FPS] 瞬时帧率=61.8fps, 平均帧率=58.0fps, 总帧数=450, 运行时间=7.8s
[DEBUG] armors=1, targets=1
[2026-09-09 20:26:19.615] [info] [ASSOC] selected_face=0 cost=-0.088 detections=1 confidence=0.88
[DEBUG] armors=1, targets=1
[DEBUG] armors=1, targets=1
[2026-09-09 20:26:19.632] [info] [GYROSCHED] cycle=25 due_in=+221.8 ms hit_in=520.7 ms period=319.0 ms window=11.13deg worst=8.05deg safe=true
[DEBUG] armors=1, targets=1
[2026-09-09 20:26:19.651] [info] [SYNC][XUC] mode=1 yaw=-6.15 deg pitch=-0.94 deg feeder_rpm=2054.00 wheel0_rpm=6440 wheel1_rpm=6480 wheel_delta=-40 projectile_speed=19.36 gate=0xFF switch=1 rc=1 sticks=1 imu=1 serial=1 control=1 yaw_armed=1 pitch_active=1
[DEBUG] armors=1, targets=1
[DEBUG] armors=2, targets=1
[2026-09-09 20:26:19.683] [info] [B2DIAG] auto=1 control=1 conv=1 oneface_gate=1 armed=1 motion=1 cadence=0 dyaw_fresh=1 dpitch_fresh=1 yawgate=0 event=1 safe=1 due_ms=+171.6 window_deg=11.13 worst_deg=8.05 yawerr_deg=2.83 pitcherr_deg=0.00
[DEBUG] armors=3, targets=1
[DEBUG] armors=3, targets=1
[2026-09-09 20:26:19.720] [info] [SHOT] id=5 feeder_stop feeder_motion_ms=150.4
[2026-09-09 20:26:19.720] [info] [XUC][FIRE] feeder stopped; gyro recovery hold started for 600 ms
[DEBUG] armors=2, targets=1
[2026-09-09 20:26:19.737] [info] [SYNC][XUC] mode=1 yaw=-6.15 deg pitch=-0.93 deg feeder_rpm=91.00 wheel0_rpm=6440 wheel1_rpm=6480 wheel_delta=-40 projectile_speed=19.36 gate=0xFF switch=1 rc=1 sticks=1 imu=1 serial=1 control=1 yaw_armed=1 pitch_active=1
[DEBUG] armors=3, targets=1
[2026-09-09 20:26:19.752] [info] [DRYRUN] measured_gimbal=(3.005,-0.167,-0.050) measured_world=(3.006,0.156,-0.001) tracked_world=(2.864,0.145,0.005) target_gimbal_deg=(-3.18,-0.95) target_world_deg=(2.97,-0.02) gimbal_deg=(6.15,-0.93) armor_y_px=621.5 pixel_error_deg=(4.43,2.00) ballistic=(range=3.009m holdover=0.113m comp=2.11deg residual=-0.11deg) q_wxyz=(0.998529,-0.000436,-0.008119,-0.053613) cmd_deg=(5.53,-0.98) packed_pitch_deg=-0.98 control=true shoot=false
[DEBUG] armors=3, targets=1
[DEBUG] armors=3, targets=1
[DEBUG] armors=3, targets=1
[2026-09-09 20:26:19.805] [info] [GYROSCHED] cycle=25 due_in=+43.9 ms hit_in=347.8 ms period=319.0 ms window=11.14deg worst=8.05deg safe=true
[DEBUG] armors=2, targets=1
[2026-09-09 20:26:19.824] [info] [SYNC][XUC] mode=1 yaw=-6.14 deg pitch=-0.94 deg feeder_rpm=-8.00 wheel0_rpm=6440 wheel1_rpm=6480 wheel_delta=-40 projectile_speed=19.36 gate=0xFF switch=1 rc=1 sticks=1 imu=1 serial=1 control=1 yaw_armed=1 pitch_active=1
[DEBUG] armors=1, targets=1
[DEBUG] armors=1, targets=1
[DEBUG] armors=1, targets=1
[DEBUG] armors=1, targets=1
[DEBUG] armors=1, targets=1
[2026-09-09 20:26:19.908] [info] [GYROPLL] phase_zero cycle=24 sample=315.9 ms periods=1 filtered=318.9 ms residual=+38.1 ms correction=+3.0 ms locks=24 locked=1 reacquired=0 rejects=0 omega=4.926 ekf_omega=+5.041
[2026-09-09 20:26:19.911] [info] [SYNC][XUC] mode=1 yaw=-6.14 deg pitch=-0.94 deg feeder_rpm=-8.00 wheel0_rpm=6440 wheel1_rpm=6480 wheel_delta=-40 projectile_speed=19.36 gate=0xFF switch=1 rc=1 sticks=1 imu=1 serial=1 control=1 yaw_armed=1 pitch_active=1
[DEBUG] armors=1, targets=1
[DEBUG] armors=1, targets=1
[DEBUG] armors=1, targets=1
[DEBUG] armors=1, targets=1
[2026-09-09 20:26:19.975] [info] [GYROSCHED] cycle=26 due_in=+199.6 ms hit_in=498.6 ms period=318.9 ms window=11.14deg worst=8.06deg safe=true
[DEBUG] armors=1, targets=1
[2026-09-09 20:26:19.993] [info] [SYNC][XUC] mode=1 yaw=-6.16 deg pitch=-1.00 deg feeder_rpm=0.00 wheel0_rpm=6240 wheel1_rpm=6320 wheel_delta=-80 projectile_speed=19.36 gate=0xFF switch=1 rc=1 sticks=1 imu=1 serial=1 control=1 yaw_armed=1 pitch_active=1
[DEBUG] armors=2, targets=1
[DEBUG] armors=2, targets=1
[DEBUG] armors=3, targets=1
[DEBUG] armors=2, targets=1
[DEBUG] armors=3, targets=1
[2026-09-09 20:26:20.077] [info] [SYNC][XUC] mode=1 yaw=-6.14 deg pitch=-0.93 deg feeder_rpm=0.00 wheel0_rpm=6400 wheel1_rpm=6480 wheel_delta=-80 projectile_speed=19.36 gate=0xFF switch=1 rc=1 sticks=1 imu=1 serial=1 control=1 yaw_armed=1 pitch_active=1
[DEBUG] armors=2, targets=1
[2026-09-09 20:26:20.091] [info] [DRYRUN] measured_gimbal=(2.879,0.270,-0.042) measured_world=(2.834,0.576,0.005) tracked_world=(3.323,0.255,0.002) target_gimbal_deg=(5.35,-0.83) target_world_deg=(11.50,0.09) gimbal_deg=(6.14,-0.93) armor_y_px=619.0 pixel_error_deg=(-4.14,1.94) ballistic=(range=2.892m holdover=0.106m comp=2.05deg residual=-0.11deg) q_wxyz=(0.998530,-0.000436,-0.008129,-0.053584) cmd_deg=(5.84,-0.95) packed_pitch_deg=-0.95 control=true shoot=false
[DEBUG] armors=2, targets=1
[DEBUG] armors=2, targets=1
[DEBUG] armors=2, targets=1
[2026-09-09 20:26:20.142] [info] [GYROSCHED] cycle=26 due_in=+29.3 ms hit_in=332.3 ms period=318.9 ms window=11.14deg worst=8.06deg safe=true
[DEBUG] armors=1, targets=1
[2026-09-09 20:26:20.161] [info] [SYNC][XUC] mode=1 yaw=-6.15 deg pitch=-0.99 deg feeder_rpm=0.00 wheel0_rpm=6400 wheel1_rpm=6480 wheel_delta=-80 projectile_speed=19.36 gate=0xFF switch=1 rc=1 sticks=1 imu=1 serial=1 control=1 yaw_armed=1 pitch_active=1
[DEBUG] armors=1, targets=1
[DEBUG] armors=1, targets=1
[DEBUG] armors=1, targets=1
[DEBUG] armors=1, targets=1
[2026-09-09 20:26:20.224] [info] [GYROPLL] phase_zero cycle=25 sample=316.3 ms periods=1 filtered=318.3 ms residual=+32.6 ms correction=+3.0 ms locks=25 locked=1 reacquired=0 rejects=0 omega=4.935 ekf_omega=+5.046
[DEBUG] armors=1, targets=1
[2026-09-09 20:26:20.243] [info] [SYNC][XUC] mode=1 yaw=-6.17 deg pitch=-0.95 deg feeder_rpm=0.00 wheel0_rpm=6440 wheel1_rpm=6480 wheel_delta=-40 projectile_speed=19.36 gate=0xFF switch=1 rc=1 sticks=1 imu=1 serial=1 control=1 yaw_armed=1 pitch_active=1
[DEBUG] armors=1, targets=1
[DEBUG] armors=1, targets=1
[DEBUG] armors=1, targets=1
[DEBUG] armors=2, targets=1
[2026-09-09 20:26:20.308] [info] [GYROSCHED] cycle=27 due_in=+189.0 ms hit_in=486.8 ms period=318.3 ms window=11.14deg worst=8.07deg safe=true
[DEBUG] armors=3, targets=1
[2026-09-09 20:26:20.328] [info] [SYNC][XUC] mode=1 yaw=-6.15 deg pitch=-0.94 deg feeder_rpm=0.00 wheel0_rpm=6440 wheel1_rpm=6480 wheel_delta=-40 projectile_speed=19.36 gate=0xFF switch=1 rc=1 sticks=1 imu=1 serial=1 control=1 yaw_armed=1 pitch_active=1
[DEBUG] armors=3, targets=1
[DEBUG] armors=3, targets=1
[2026-09-09 20:26:20.361] [info] [XUC][FIRE] feeder recovery complete; fresh gyro qualification required
[DEBUG] armors=3, targets=1
[DEBUG] armors=2, targets=1
[DEBUG] armors=2, targets=1
[2026-09-09 20:26:20.417] [info] [SYNC][XUC] mode=1 yaw=-6.14 deg pitch=-0.93 deg feeder_rpm=0.00 wheel0_rpm=6440 wheel1_rpm=6520 wheel_delta=-80 projectile_speed=19.36 gate=0xFF switch=1 rc=1 sticks=1 imu=1 serial=1 control=1 yaw_armed=1 pitch_active=1
[DEBUG] armors=2, targets=1
[2026-09-09 20:26:20.432] [info] [DRYRUN] measured_gimbal=(2.873,0.258,-0.041) measured_world=(2.829,0.564,0.005) tracked_world=(3.298,0.688,-0.005) target_gimbal_deg=(5.14,-0.82) target_world_deg=(11.28,0.11) gimbal_deg=(6.14,-0.93) armor_y_px=618.4 pixel_error_deg=(-3.94,1.92) ballistic=(range=2.884m holdover=0.105m comp=2.05deg residual=-0.13deg) q_wxyz=(0.998533,-0.000433,-0.008074,-0.053542) cmd_deg=(5.62,-0.98) packed_pitch_deg=-0.98 control=true shoot=false
[2026-09-09 20:26:20.434] [info] [PERF] 总耗时=17.5ms (检测=14.1ms, 跟踪=0.8ms), FPS=57.1
[2026-09-09 20:26:20.434] [info] 📊 [CAMERA FPS] 瞬时帧率=57.0fps, 平均帧率=58.1fps, 总帧数=500, 运行时间=8.6s
[DEBUG] armors=2, targets=1
[2026-09-09 20:26:20.465] [info] [ASSOC] selected_face=1 cost=-0.007 detections=1 confidence=0.89
[DEBUG] armors=1, targets=1
[DEBUG] armors=1, targets=1
[2026-09-09 20:26:20.483] [info] [GYROSCHED] cycle=27 due_in=+10.2 ms hit_in=311.9 ms period=318.3 ms window=11.12deg worst=8.07deg safe=true
[2026-09-09 20:26:20.483] [info] [XUC][FIRE] stable-window candidate started
[2026-09-09 20:26:20.483] [info] [XUC][FIRE] qualified after 0 ms/1 frames, current_pixel_error_deg=(-2.64,-0.00) predicted_impact_yaw_error_deg=0.62 gyro_predict=true face_error=10.43deg omega=+4.849rad_s armed=true
[2026-09-09 20:26:20.493] [info] [SHOT] id=6 issue mode=1 gyro=1 event=1 cycle=27 processing_age_ms=43.8 due_error_ms=+0.06 period_ms=318.3 window_deg=11.12 worst_deg=8.07
[DEBUG] armors=1, targets=1
[2026-09-09 20:26:20.511] [info] [XUC][FIRE] gyro request inhibited during feeder recovery
[2026-09-09 20:26:20.511] [info] [XUC][FIRE] stable window reset
[2026-09-09 20:26:20.513] [info] [SHOT] id=6 feeder_start command_to_feeder_ms=19.7 rpm=772
[2026-09-09 20:26:20.513] [info] [SYNC][XUC] mode=1 yaw=-6.14 deg pitch=-0.92 deg feeder_rpm=772.00 wheel0_rpm=6440 wheel1_rpm=6520 wheel_delta=-80 projectile_speed=19.36 gate=0xFF switch=1 rc=1 sticks=1 imu=1 serial=1 control=1 yaw_armed=1 pitch_active=1
[DEBUG] armors=1, targets=1
[DEBUG] armors=1, targets=1
[2026-09-09 20:26:20.543] [info] [B2DIAG] auto=1 control=1 conv=1 oneface_gate=1 armed=1 motion=1 cadence=0 dyaw_fresh=1 dpitch_fresh=1 yawgate=0 event=1 safe=1 due_ms=+274.6 window_deg=11.12 worst_deg=8.07 yawerr_deg=-0.55 pitcherr_deg=0.03
[DEBUG] armors=1, targets=1
[2026-09-09 20:26:20.559] [info] [GYROPLL] phase_zero cycle=26 sample=328.9 ms periods=1 filtered=317.9 ms residual=+40.2 ms correction=+3.0 ms locks=26 locked=1 reacquired=0 rejects=0 omega=4.940 ekf_omega=+4.962
[DEBUG] armors=1, targets=1
[DEBUG] armors=1, targets=1
[2026-09-09 20:26:20.594] [info] [SYNC][XUC] mode=1 yaw=-6.16 deg pitch=-0.93 deg feeder_rpm=2142.00 wheel0_rpm=6440 wheel1_rpm=6520 wheel_delta=-80 projectile_speed=19.36 gate=0xFF switch=1 rc=1 sticks=1 imu=1 serial=1 control=1 yaw_armed=1 pitch_active=1
[DEBUG] armors=1, targets=1
[DEBUG] armors=1, targets=1
[DEBUG] armors=1, targets=1
[DEBUG] armors=2, targets=1
[2026-09-09 20:26:20.660] [info] [GYROSCHED] cycle=28 due_in=+155.3 ms hit_in=455.5 ms period=317.9 ms window=11.14deg worst=8.08deg safe=true
[2026-09-09 20:26:20.662] [info] [SHOT] id=6 feeder_stop feeder_motion_ms=149.2
[2026-09-09 20:26:20.662] [info] [XUC][FIRE] feeder stopped; gyro recovery hold started for 600 ms
[DEBUG] armors=2, targets=1
[2026-09-09 20:26:20.679] [info] [SYNC][XUC] mode=1 yaw=-6.16 deg pitch=-0.90 deg feeder_rpm=91.00 wheel0_rpm=6440 wheel1_rpm=6480 wheel_delta=-40 projectile_speed=19.36 gate=0xFF switch=1 rc=1 sticks=1 imu=1 serial=1 control=1 yaw_armed=1 pitch_active=1
[DEBUG] armors=3, targets=1
[DEBUG] armors=2, targets=1
[DEBUG] armors=3, targets=1
[DEBUG] armors=2, targets=1
[DEBUG] armors=2, targets=1
[2026-09-09 20:26:20.764] [info] [SYNC][XUC] mode=1 yaw=-6.13 deg pitch=-0.89 deg feeder_rpm=-4.00 wheel0_rpm=6440 wheel1_rpm=6480 wheel_delta=-40 projectile_speed=19.36 gate=0xFF switch=1 rc=1 sticks=1 imu=1 serial=1 control=1 yaw_armed=1 pitch_active=1
[DEBUG] armors=3, targets=1
[2026-09-09 20:26:20.779] [info] [DRYRUN] measured_gimbal=(2.702,0.204,-0.032) measured_world=(2.665,0.491,0.010) tracked_world=(2.823,0.514,-0.005) target_gimbal_deg=(4.31,-0.67) target_world_deg=(10.44,0.21) gimbal_deg=(6.13,-0.89) armor_y_px=615.6 pixel_error_deg=(-3.16,1.85) ballistic=(range=2.710m holdover=0.095m comp=1.97deg residual=-0.11deg) q_wxyz=(0.998539,-0.000414,-0.007722,-0.053484) cmd_deg=(5.50,-0.95) packed_pitch_deg=-0.95 control=true shoot=false
[DEBUG] armors=1, targets=1
[DEBUG] armors=1, targets=1
[DEBUG] armors=1, targets=1
[2026-09-09 20:26:20.829] [info] [GYROSCHED] cycle=29 due_in=+302.6 ms hit_in=604.1 ms period=317.9 ms window=11.13deg worst=8.08deg safe=true
[DEBUG] armors=1, targets=1
[2026-09-09 20:26:20.848] [info] [SYNC][XUC] mode=1 yaw=-6.12 deg pitch=-0.90 deg feeder_rpm=-4.00 wheel0_rpm=6440 wheel1_rpm=6520 wheel_delta=-80 projectile_speed=19.36 gate=0xFF switch=1 rc=1 sticks=1 imu=1 serial=1 control=1 yaw_armed=1 pitch_active=1
[DEBUG] armors=1, targets=1
[DEBUG] armors=1, targets=1
[2026-09-09 20:26:20.880] [info] [GYROPLL] phase_zero cycle=27 sample=328.5 ms periods=1 filtered=317.9 ms residual=+47.7 ms correction=+3.0 ms locks=27 locked=1 reacquired=0 rejects=0 omega=4.941 ekf_omega=+4.841
[DEBUG] armors=1, targets=1
[DEBUG] armors=1, targets=1
[DEBUG] armors=1, targets=1
[2026-09-09 20:26:20.933] [info] [SYNC][XUC] mode=1 yaw=-6.12 deg pitch=-0.91 deg feeder_rpm=0.00 wheel0_rpm=6440 wheel1_rpm=6520 wheel_delta=-80 projectile_speed=19.36 gate=0xFF switch=1 rc=1 sticks=1 imu=1 serial=1 control=1 yaw_armed=1 pitch_active=1
[DEBUG] armors=1, targets=1
[DEBUG] armors=2, targets=1
[DEBUG] armors=2, targets=1
[DEBUG] armors=3, targets=1
[2026-09-09 20:26:20.998] [info] [GYROSCHED] cycle=29 due_in=+129.1 ms hit_in=438.1 ms period=317.9 ms window=11.13deg worst=8.08deg safe=true
[DEBUG] armors=2, targets=1
[2026-09-09 20:26:21.019] [info] [SYNC][XUC] mode=1 yaw=-6.12 deg pitch=-0.92 deg feeder_rpm=0.00 wheel0_rpm=6440 wheel1_rpm=6480 wheel_delta=-40 projectile_speed=19.36 gate=0xFF switch=1 rc=1 sticks=1 imu=1 serial=1 control=1 yaw_armed=1 pitch_active=1
[DEBUG] armors=2, targets=1
[DEBUG] armors=3, targets=1
[DEBUG] armors=3, targets=1
[DEBUG] armors=2, targets=1
[DEBUG] armors=1, targets=1
[2026-09-09 20:26:21.105] [info] [SYNC][XUC] mode=1 yaw=-6.10 deg pitch=-0.92 deg feeder_rpm=0.00 wheel0_rpm=6440 wheel1_rpm=6480 wheel_delta=-40 projectile_speed=19.36 gate=0xFF switch=1 rc=1 sticks=1 imu=1 serial=1 control=1 yaw_armed=1 pitch_active=1
[DEBUG] armors=1, targets=1
[2026-09-09 20:26:21.120] [info] [DRYRUN] measured_gimbal=(2.805,0.170,-0.039) measured_world=(2.771,0.467,0.006) tracked_world=(3.033,0.090,0.003) target_gimbal_deg=(3.46,-0.80) target_world_deg=(9.56,0.12) gimbal_deg=(6.10,-0.92) armor_y_px=618.7 pixel_error_deg=(-2.27,1.93) ballistic=(range=2.810m holdover=0.101m comp=2.01deg residual=-0.08deg) q_wxyz=(0.998549,-0.000429,-0.008045,-0.053246) cmd_deg=(5.42,-1.01) packed_pitch_deg=-1.01 control=true shoot=false
[DEBUG] armors=1, targets=1
[DEBUG] armors=1, targets=1
[DEBUG] armors=1, targets=1
[2026-09-09 20:26:21.171] [info] [GYROSCHED] cycle=30 due_in=+286.5 ms hit_in=582.9 ms period=317.9 ms window=11.13deg worst=8.08deg safe=true
[DEBUG] armors=1, targets=1
[2026-09-09 20:26:21.190] [info] [SYNC][XUC] mode=1 yaw=-6.10 deg pitch=-0.93 deg feeder_rpm=3.00 wheel0_rpm=6440 wheel1_rpm=6480 wheel_delta=-40 projectile_speed=19.36 gate=0xFF switch=1 rc=1 sticks=1 imu=1 serial=1 control=1 yaw_armed=1 pitch_active=1
[DEBUG] armors=1, targets=1
[2026-09-09 20:26:21.204] [info] [GYROPLL] phase_zero cycle=28 sample=313.8 ms periods=1 filtered=317.5 ms residual=+40.6 ms correction=+3.0 ms locks=28 locked=1 reacquired=0 rejects=0 omega=4.948 ekf_omega=+5.077
[DEBUG] armors=1, targets=1
[DEBUG] armors=1, targets=1
[DEBUG] armors=1, targets=1
[DEBUG] armors=1, targets=1
[2026-09-09 20:26:21.275] [info] [SYNC][XUC] mode=1 yaw=-6.11 deg pitch=-0.95 deg feeder_rpm=0.00 wheel0_rpm=6440 wheel1_rpm=6520 wheel_delta=-80 projectile_speed=19.36 gate=0xFF switch=1 rc=1 sticks=1 imu=1 serial=1 control=1 yaw_armed=1 pitch_active=1
[DEBUG] armors=1, targets=1
[2026-09-09 20:26:21.292] [info] [PERF] 总耗时=17.2ms (检测=14.1ms, 跟踪=0.5ms), FPS=58.0
[2026-09-09 20:26:21.292] [info] 📊 [CAMERA FPS] 瞬时帧率=57.9fps, 平均帧率=58.1fps, 总帧数=550, 运行时间=9.5s
[DEBUG] armors=2, targets=1
[2026-09-09 20:26:21.307] [info] [XUC][FIRE] feeder recovery complete; fresh gyro qualification required
[2026-09-09 20:26:21.323] [info] [ASSOC] selected_face=3 cost=0.019 detections=2 confidence=0.65
[DEBUG] armors=2, targets=1
[DEBUG] armors=3, targets=1
[2026-09-09 20:26:21.341] [info] [GYROSCHED] cycle=30 due_in=+102.8 ms hit_in=415.1 ms period=317.5 ms window=11.14deg worst=8.09deg safe=true
[DEBUG] armors=3, targets=1
[2026-09-09 20:26:21.361] [info] [SYNC][XUC] mode=1 yaw=-6.12 deg pitch=-0.95 deg feeder_rpm=-8.00 wheel0_rpm=6440 wheel1_rpm=6520 wheel_delta=-80 projectile_speed=19.36 gate=0xFF switch=1 rc=1 sticks=1 imu=1 serial=1 control=1 yaw_armed=1 pitch_active=1
[DEBUG] armors=3, targets=1
[DEBUG] armors=2, targets=1
[2026-09-09 20:26:21.393] [info] [B2DIAG] auto=1 control=1 conv=1 oneface_gate=1 armed=1 motion=1 cadence=1 dyaw_fresh=1 dpitch_fresh=1 yawgate=0 event=1 safe=1 due_ms=+66.3 window_deg=11.14 worst_deg=8.09 yawerr_deg=-3.78 pitcherr_deg=-0.03
[DEBUG] armors=1, targets=1
[DEBUG] armors=2, targets=1
[DEBUG] armors=1, targets=1
[2026-09-09 20:26:21.441] [info] [XUC][FIRE] stable-window candidate started
[2026-09-09 20:26:21.441] [info] [XUC][FIRE] qualified after 0 ms/1 frames, current_pixel_error_deg=(-2.15,0.02) predicted_impact_yaw_error_deg=0.21 gyro_predict=true face_error=17.75deg omega=+5.116rad_s armed=true
[2026-09-09 20:26:21.462] [info] [SHOT] id=7 issue mode=1 gyro=1 event=1 cycle=30 processing_age_ms=46.1 due_error_ms=+0.18 period_ms=317.5 window_deg=11.14 worst_deg=8.09
[2026-09-09 20:26:21.465] [info] [SYNC][XUC] mode=1 yaw=-6.11 deg pitch=-0.95 deg feeder_rpm=0.00 wheel0_rpm=6440 wheel1_rpm=6480 wheel_delta=-40 projectile_speed=19.36 gate=0xFF switch=1 rc=1 sticks=1 imu=1 serial=1 control=1 yaw_armed=1 pitch_active=1
[DEBUG] armors=1, targets=1
[2026-09-09 20:26:21.477] [info] [XUC][FIRE] gyro request inhibited during feeder recovery
[2026-09-09 20:26:21.477] [info] [XUC][FIRE] stable window reset
[2026-09-09 20:26:21.477] [info] [DRYRUN] measured_gimbal=(2.604,0.131,-0.033) measured_world=(2.576,0.408,0.010) tracked_world=(3.395,0.397,0.004) target_gimbal_deg=(2.88,-0.72) target_world_deg=(8.99,0.23) gimbal_deg=(6.11,-0.95) armor_y_px=619.6 pixel_error_deg=(-1.76,1.95) ballistic=(range=2.607m holdover=0.089m comp=1.92deg residual=0.03deg) q_wxyz=(0.998543,-0.000443,-0.008296,-0.053315) cmd_deg=(5.92,-0.97) packed_pitch_deg=-0.97 control=true shoot=false
[2026-09-09 20:26:21.479] [info] [SHOT] id=7 feeder_start command_to_feeder_ms=16.5 rpm=670
[DEBUG] armors=1, targets=1
[2026-09-09 20:26:21.492] [info] [GYROPLL] phase_zero cycle=29 sample=309.4 ms periods=1 filtered=316.9 ms residual=+29.5 ms correction=+3.0 ms locks=29 locked=1 reacquired=0 rejects=0 omega=4.958 ekf_omega=+5.174
[DEBUG] armors=1, targets=1
[DEBUG] armors=1, targets=1
[2026-09-09 20:26:21.524] [info] [GYROSCHED] cycle=31 due_in=+258.7 ms hit_in=551.6 ms period=316.9 ms window=11.13deg worst=8.10deg safe=true
[DEBUG] armors=1, targets=1
[2026-09-09 20:26:21.542] [info] [SYNC][XUC] mode=1 yaw=-6.13 deg pitch=-0.95 deg feeder_rpm=1977.00 wheel0_rpm=6440 wheel1_rpm=6480 wheel_delta=-40 projectile_speed=19.36 gate=0xFF switch=1 rc=1 sticks=1 imu=1 serial=1 control=1 yaw_armed=1 pitch_active=1
[DEBUG] armors=1, targets=1
[DEBUG] armors=1, targets=1
[DEBUG] armors=2, targets=1
[DEBUG] armors=3, targets=1
[DEBUG] armors=3, targets=1
[2026-09-09 20:26:21.628] [info] [SYNC][XUC] mode=1 yaw=-6.13 deg pitch=-0.94 deg feeder_rpm=2142.00 wheel0_rpm=6440 wheel1_rpm=6480 wheel_delta=-40 projectile_speed=19.36 gate=0xFF switch=1 rc=1 sticks=1 imu=1 serial=1 control=1 yaw_armed=1 pitch_active=1
[DEBUG] armors=2, targets=1
[2026-09-09 20:26:21.646] [info] [SHOT] id=7 feeder_stop feeder_motion_ms=166.8
[2026-09-09 20:26:21.646] [info] [XUC][FIRE] feeder stopped; gyro recovery hold started for 600 ms
[DEBUG] armors=2, targets=1
[DEBUG] armors=2, targets=1
[DEBUG] armors=2, targets=1
[2026-09-09 20:26:21.693] [info] [GYROSCHED] cycle=31 due_in=+84.9 ms hit_in=382.2 ms period=316.9 ms window=11.12deg worst=8.10deg safe=true
[DEBUG] armors=2, targets=1
[2026-09-09 20:26:21.714] [info] [SYNC][XUC] mode=1 yaw=-6.11 deg pitch=-0.96 deg feeder_rpm=0.00 wheel0_rpm=6320 wheel1_rpm=6360 wheel_delta=-40 projectile_speed=19.36 gate=0xFF switch=1 rc=1 sticks=1 imu=1 serial=1 control=1 yaw_armed=1 pitch_active=1
[DEBUG] armors=2, targets=1
[DEBUG] armors=1, targets=1
[DEBUG] armors=1, targets=1
[DEBUG] armors=1, targets=1
[DEBUG] armors=1, targets=1
[2026-09-09 20:26:21.799] [info] [SYNC][XUC] mode=1 yaw=-6.12 deg pitch=-0.92 deg feeder_rpm=0.00 wheel0_rpm=6400 wheel1_rpm=6480 wheel_delta=-80 projectile_speed=19.36 gate=0xFF switch=1 rc=1 sticks=1 imu=1 serial=1 control=1 yaw_armed=1 pitch_active=1
[DEBUG] armors=0, targets=1
[DEBUG] armors=0, targets=1
[DEBUG] armors=0, targets=1
[DEBUG] armors=1, targets=1
[2026-09-09 20:26:21.865] [info] [GYROPLL] phase_zero cycle=30 sample=316.5 ms periods=1 filtered=316.6 ms residual=+26.2 ms correction=+3.0 ms locks=30 locked=1 reacquired=0 rejects=0 omega=4.962 ekf_omega=+5.068
[DEBUG] armors=1, targets=1
[2026-09-09 20:26:21.884] [info] [SYNC][XUC] mode=1 yaw=-7.81 deg pitch=-0.95 deg feeder_rpm=-4.00 wheel0_rpm=6400 wheel1_rpm=6480 wheel_delta=-80 projectile_speed=19.36 gate=0xFF switch=1 rc=1 sticks=1 imu=1 serial=1 control=1 yaw_armed=1 pitch_active=1
[DEBUG] armors=1, targets=1
[DEBUG] armors=0, targets=1
[DEBUG] armors=1, targets=1
[2026-09-09 20:26:21.932] [info] [GYROSCHED] cycle=32 due_in=+133.0 ms hit_in=462.7 ms period=316.6 ms window=11.12deg worst=8.11deg safe=true
[DEBUG] armors=2, targets=1
[DEBUG] armors=3, targets=1
[2026-09-09 20:26:21.969] [info] [SYNC][XUC] mode=1 yaw=-8.96 deg pitch=-0.91 deg feeder_rpm=-37.00 wheel0_rpm=6440 wheel1_rpm=6480 wheel_delta=-40 projectile_speed=19.36 gate=0xFF switch=1 rc=1 sticks=1 imu=1 serial=1 control=1 yaw_armed=1 pitch_active=1
[DEBUG] armors=3, targets=1
[DEBUG] armors=3, targets=1
[DEBUG] armors=3, targets=1
[DEBUG] armors=2, targets=1
[DEBUG] armors=2, targets=1
[2026-09-09 20:26:22.055] [info] [SYNC][XUC] mode=1 yaw=-6.25 deg pitch=-0.96 deg feeder_rpm=0.00 wheel0_rpm=6440 wheel1_rpm=6480 wheel_delta=-40 projectile_speed=19.36 gate=0xFF switch=1 rc=1 sticks=1 imu=1 serial=1 control=1 yaw_armed=1 pitch_active=1
[DEBUG] armors=2, targets=1
[DEBUG] armors=1, targets=1
[DEBUG] armors=1, targets=1
[2026-09-09 20:26:22.103] [info] [GYROSCHED] cycle=33 due_in=+314.4 ms hit_in=608.7 ms period=316.6 ms window=11.11deg worst=8.11deg safe=true
[DEBUG] armors=1, targets=1
[DEBUG] armors=1, targets=1
[2026-09-09 20:26:22.138] [info] [GYROPLL] phase_zero cycle=31 sample=320.6 ms periods=1 filtered=316.5 ms residual=+27.3 ms correction=+3.0 ms locks=31 locked=1 reacquired=0 rejects=0 omega=4.964 ekf_omega=+5.005
[2026-09-09 20:26:22.140] [info] [SYNC][XUC] mode=1 yaw=-5.95 deg pitch=-0.96 deg feeder_rpm=0.00 wheel0_rpm=6440 wheel1_rpm=6480 wheel_delta=-40 projectile_speed=19.36 gate=0xFF switch=1 rc=1 sticks=1 imu=1 serial=1 control=1 yaw_armed=1 pitch_active=1
[DEBUG] armors=1, targets=1
[2026-09-09 20:26:22.155] [info] [DRYRUN] measured_gimbal=(2.744,0.077,-0.037) measured_world=(2.722,0.361,0.010) tracked_world=(2.748,0.360,0.011) target_gimbal_deg=(1.61,-0.76) target_world_deg=(7.56,0.20) gimbal_deg=(5.95,-0.96) armor_y_px=618.4 pixel_error_deg=(-0.44,1.92) ballistic=(range=2.745m holdover=0.097m comp=1.98deg residual=-0.06deg) q_wxyz=(0.998617,-0.000437,-0.008408,-0.051891) cmd_deg=(6.16,-1.03) packed_pitch_deg=-1.03 control=true shoot=false
[2026-09-09 20:26:22.158] [info] [PERF] 总耗时=17.7ms (检测=14.5ms, 跟踪=0.5ms), FPS=56.6
[2026-09-09 20:26:22.158] [info] 📊 [CAMERA FPS] 瞬时帧率=56.4fps, 平均帧率=58.1fps, 总帧数=600, 运行时间=10.3s
[DEBUG] armors=1, targets=1
[DEBUG] armors=1, targets=1
[DEBUG] armors=1, targets=1
[DEBUG] armors=1, targets=1
[2026-09-09 20:26:22.227] [info] [SYNC][XUC] mode=1 yaw=-5.89 deg pitch=-0.98 deg feeder_rpm=0.00 wheel0_rpm=6440 wheel1_rpm=6480 wheel_delta=-40 projectile_speed=19.36 gate=0xFF switch=1 rc=1 sticks=1 imu=1 serial=1 control=1 yaw_armed=1 pitch_active=1
[DEBUG] armors=1, targets=1
[2026-09-09 20:26:22.258] [info] [ASSOC] selected_face=0 cost=-0.075 detections=2 confidence=0.85
[DEBUG] armors=2, targets=1
[2026-09-09 20:26:22.258] [info] [B2DIAG] auto=1 control=1 conv=1 oneface_gate=1 armed=1 motion=1 cadence=0 dyaw_fresh=1 dpitch_fresh=1 yawgate=0 event=1 safe=1 due_ms=+154.0 window_deg=11.11 worst_deg=8.11 yawerr_deg=2.80 pitcherr_deg=0.01
[DEBUG] armors=3, targets=1
[2026-09-09 20:26:22.276] [info] [GYROSCHED] cycle=33 due_in=+141.6 ms hit_in=437.9 ms period=316.5 ms window=11.11deg worst=8.11deg safe=true
[DEBUG] armors=3, targets=1
[2026-09-09 20:26:22.293] [info] [XUC][FIRE] feeder recovery complete; fresh gyro qualification required
[DEBUG] armors=3, targets=1
[2026-09-09 20:26:22.315] [info] [SYNC][XUC] mode=1 yaw=-5.91 deg pitch=-0.97 deg feeder_rpm=0.00 wheel0_rpm=6440 wheel1_rpm=6520 wheel_delta=-80 projectile_speed=19.36 gate=0xFF switch=1 rc=1 sticks=1 imu=1 serial=1 control=1 yaw_armed=1 pitch_active=1
[DEBUG] armors=2, targets=1
[DEBUG] armors=2, targets=1
[DEBUG] armors=2, targets=1
[DEBUG] armors=2, targets=1
[DEBUG] armors=1, targets=1
[2026-09-09 20:26:22.398] [info] [XUC][FIRE] stable-window candidate started
[2026-09-09 20:26:22.398] [info] [XUC][FIRE] qualified after 0 ms/1 frames, current_pixel_error_deg=(-2.63,-0.07) predicted_impact_yaw_error_deg=0.98 gyro_predict=true face_error=1.63deg omega=+4.659rad_s armed=true
[2026-09-09 20:26:22.412] [info] [SHOT] id=8 issue mode=1 gyro=1 event=1 cycle=33 processing_age_ms=42.9 due_error_ms=+0.06 period_ms=316.5 window_deg=11.12 worst_deg=8.11
[2026-09-09 20:26:22.415] [info] [SYNC][XUC] mode=1 yaw=-5.90 deg pitch=-0.98 deg feeder_rpm=0.00 wheel0_rpm=6440 wheel1_rpm=6520 wheel_delta=-80 projectile_speed=19.36 gate=0xFF switch=1 rc=1 sticks=1 imu=1 serial=1 control=1 yaw_armed=1 pitch_active=1
[DEBUG] armors=1, targets=1
[2026-09-09 20:26:22.428] [info] [XUC][FIRE] gyro request inhibited during feeder recovery
[2026-09-09 20:26:22.428] [info] [XUC][FIRE] stable window reset
[2026-09-09 20:26:22.431] [info] [SHOT] id=8 feeder_start command_to_feeder_ms=18.6 rpm=758
[DEBUG] armors=1, targets=1
[DEBUG] armors=1, targets=1
[2026-09-09 20:26:22.461] [info] [GYROSCHED] cycle=34 due_in=+271.6 ms hit_in=569.3 ms period=316.5 ms window=11.12deg worst=8.11deg safe=true
[DEBUG] armors=1, targets=1
[DEBUG] armors=1, targets=1
[2026-09-09 20:26:22.496] [info] [GYROPLL] phase_zero cycle=32 sample=344.7 ms periods=1 filtered=317.5 ms residual=+52.5 ms correction=+3.0 ms locks=32 locked=1 reacquired=0 rejects=0 omega=4.948 ekf_omega=+4.809
[2026-09-09 20:26:22.498] [info] [SYNC][XUC] mode=1 yaw=-5.89 deg pitch=-0.97 deg feeder_rpm=2091.00 wheel0_rpm=6440 wheel1_rpm=6480 wheel_delta=-40 projectile_speed=19.36 gate=0xFF switch=1 rc=1 sticks=1 imu=1 serial=1 control=1 yaw_armed=1 pitch_active=1
[DEBUG] armors=1, targets=1
[2026-09-09 20:26:22.513] [info] [DRYRUN] measured_gimbal=(2.744,0.025,-0.042) measured_world=(2.728,0.307,0.004) tracked_world=(3.132,0.081,0.007) target_gimbal_deg=(0.53,-0.88) target_world_deg=(6.42,0.09) gimbal_deg=(5.89,-0.97) armor_y_px=623.3 pixel_error_deg=(0.64,2.04) ballistic=(range=2.744m holdover=0.097m comp=1.98deg residual=0.06deg) q_wxyz=(0.998644,-0.000436,-0.008474,-0.051356) cmd_deg=(5.49,-1.00) packed_pitch_deg=-1.00 control=true shoot=false
[DEBUG] armors=1, targets=1
[DEBUG] armors=1, targets=1
[DEBUG] armors=2, targets=1
[DEBUG] armors=2, targets=1
[2026-09-09 20:26:22.582] [info] [SHOT] id=8 feeder_stop feeder_motion_ms=151.5
[2026-09-09 20:26:22.582] [info] [XUC][FIRE] feeder stopped; gyro recovery hold started for 600 ms
[2026-09-09 20:26:22.582] [info] [SYNC][XUC] mode=1 yaw=-5.89 deg pitch=-0.96 deg feeder_rpm=388.00 wheel0_rpm=6440 wheel1_rpm=6480 wheel_delta=-40 projectile_speed=19.36 gate=0xFF switch=1 rc=1 sticks=1 imu=1 serial=1 control=1 yaw_armed=1 pitch_active=1
[DEBUG] armors=2, targets=1
[DEBUG] armors=3, targets=1
[DEBUG] armors=3, targets=1
[2026-09-09 20:26:22.633] [info] [GYROSCHED] cycle=34 due_in=+87.0 ms hit_in=402.3 ms period=317.5 ms window=11.11deg worst=8.09deg safe=true
[DEBUG] armors=3, targets=1
[DEBUG] armors=3, targets=1
[2026-09-09 20:26:22.672] [info] [SYNC][XUC] mode=1 yaw=-5.90 deg pitch=-1.03 deg feeder_rpm=0.00 wheel0_rpm=6280 wheel1_rpm=6360 wheel_delta=-80 projectile_speed=19.36 gate=0xFF switch=1 rc=1 sticks=1 imu=1 serial=1 control=1 yaw_armed=1 pitch_active=1
[DEBUG] armors=2, targets=1
[DEBUG] armors=2, targets=1
[DEBUG] armors=1, targets=1
[DEBUG] armors=1, targets=1
[DEBUG] armors=1, targets=1
[2026-09-09 20:26:22.757] [info] [SYNC][XUC] mode=1 yaw=-5.87 deg pitch=-0.91 deg feeder_rpm=-4.00 wheel0_rpm=6400 wheel1_rpm=6440 wheel_delta=-40 projectile_speed=19.36 gate=0xFF switch=1 rc=1 sticks=1 imu=1 serial=1 control=1 yaw_armed=1 pitch_active=1
[DEBUG] armors=1, targets=1
[DEBUG] armors=1, targets=1
[DEBUG] armors=1, targets=1
[2026-09-09 20:26:22.806] [info] [GYROPLL] phase_zero cycle=33 sample=317.6 ms periods=1 filtered=317.3 ms residual=+49.6 ms correction=+3.0 ms locks=33 locked=1 reacquired=0 rejects=0 omega=4.950 ekf_omega=+5.032
[2026-09-09 20:26:22.806] [info] [GYROSCHED] cycle=35 due_in=+255.8 ms hit_in=549.5 ms period=317.3 ms window=11.11deg worst=8.09deg safe=true
[DEBUG] armors=1, targets=1
[DEBUG] armors=1, targets=1
[2026-09-09 20:26:22.844] [info] [SYNC][XUC] mode=1 yaw=-5.88 deg pitch=-0.94 deg feeder_rpm=-4.00 wheel0_rpm=6440 wheel1_rpm=6440 wheel_delta=0 projectile_speed=19.36 gate=0xFF switch=1 rc=1 sticks=1 imu=1 serial=1 control=1 yaw_armed=1 pitch_active=1
[DEBUG] armors=1, targets=1
[2026-09-09 20:26:22.858] [info] [DRYRUN] measured_gimbal=(2.857,-0.016,-0.047) measured_world=(2.844,0.277,-0.000) tracked_world=(3.355,0.539,0.004) target_gimbal_deg=(-0.32,-0.94) target_world_deg=(5.56,-0.01) gimbal_deg=(5.88,-0.94) armor_y_px=623.8 pixel_error_deg=(1.52,2.05) ballistic=(range=2.857m holdover=0.103m comp=2.03deg residual=0.02deg) q_wxyz=(0.998649,-0.000419,-0.008164,-0.051311) cmd_deg=(5.68,-0.93) packed_pitch_deg=-0.93 control=true shoot=false
[DEBUG] armors=2, targets=1
[DEBUG] armors=3, targets=1
[DEBUG] armors=3, targets=1
[DEBUG] armors=3, targets=1
[2026-09-09 20:26:22.930] [info] [SYNC][XUC] mode=1 yaw=-5.90 deg pitch=-0.91 deg feeder_rpm=-4.00 wheel0_rpm=6440 wheel1_rpm=6480 wheel_delta=-40 projectile_speed=19.36 gate=0xFF switch=1 rc=1 sticks=1 imu=1 serial=1 control=1 yaw_armed=1 pitch_active=1
[DEBUG] armors=2, targets=1
[DEBUG] armors=3, targets=1
[DEBUG] armors=2, targets=1
[2026-09-09 20:26:22.979] [info] [GYROSCHED] cycle=35 due_in=+66.2 ms hit_in=377.1 ms period=317.3 ms window=11.12deg worst=8.09deg safe=true
[DEBUG] armors=2, targets=1
[DEBUG] armors=1, targets=1
[2026-09-09 20:26:23.015] [info] [SYNC][XUC] mode=1 yaw=-5.87 deg pitch=-0.88 deg feeder_rpm=0.00 wheel0_rpm=6440 wheel1_rpm=6480 wheel_delta=-40 projectile_speed=19.36 gate=0xFF switch=1 rc=1 sticks=1 imu=1 serial=1 control=1 yaw_armed=1 pitch_active=1
[DEBUG] armors=1, targets=1
[2026-09-09 20:26:23.033] [info] [PERF] 总耗时=17.4ms (检测=13.9ms, 跟踪=0.5ms), FPS=57.6
[2026-09-09 20:26:23.033] [info] 📊 [CAMERA FPS] 瞬时帧率=57.4fps, 平均帧率=58.0fps, 总帧数=650, 运行时间=11.2s
[DEBUG] armors=1, targets=1
[DEBUG] armors=1, targets=1
[DEBUG] armors=1, targets=1
[DEBUG] armors=1, targets=1
[2026-09-09 20:26:23.100] [info] [SYNC][XUC] mode=1 yaw=-5.89 deg pitch=-0.89 deg feeder_rpm=0.00 wheel0_rpm=6440 wheel1_rpm=6480 wheel_delta=-40 projectile_speed=19.36 gate=0xFF switch=1 rc=1 sticks=1 imu=1 serial=1 control=1 yaw_armed=1 pitch_active=1
[DEBUG] armors=1, targets=1
[2026-09-09 20:26:23.115] [info] [GYROPLL] phase_zero cycle=34 sample=309.8 ms periods=1 filtered=316.9 ms residual=+39.1 ms correction=+3.0 ms locks=34 locked=1 reacquired=0 rejects=0 omega=4.957 ekf_omega=+5.125
[2026-09-09 20:26:23.132] [info] [ASSOC] selected_face=1 cost=-0.066 detections=1 confidence=0.92
[DEBUG] armors=1, targets=1
[2026-09-09 20:26:23.132] [info] [B2DIAG] auto=1 control=1 conv=1 oneface_gate=1 armed=1 motion=1 cadence=0 dyaw_fresh=1 dpitch_fresh=1 yawgate=0 event=1 safe=1 due_ms=+249.3 window_deg=11.11 worst_deg=8.10 yawerr_deg=-0.21 pitcherr_deg=0.04
[DEBUG] armors=1, targets=1
[2026-09-09 20:26:23.150] [info] [GYROSCHED] cycle=36 due_in=+233.2 ms hit_in=525.2 ms period=316.9 ms window=11.11deg worst=8.10deg safe=true
[DEBUG] armors=1, targets=1
[DEBUG] armors=1, targets=1
[2026-09-09 20:26:23.186] [info] [SYNC][XUC] mode=1 yaw=-5.93 deg pitch=-0.87 deg feeder_rpm=0.00 wheel0_rpm=6440 wheel1_rpm=6480 wheel_delta=-40 projectile_speed=19.36 gate=0xFF switch=1 rc=1 sticks=1 imu=1 serial=1 control=1 yaw_armed=1 pitch_active=1
[DEBUG] armors=1, targets=1
[2026-09-09 20:26:23.201] [info] [DRYRUN] measured_gimbal=(2.800,-0.036,-0.043) measured_world=(2.789,0.254,-0.000) tracked_world=(2.902,0.694,0.002) target_gimbal_deg=(-0.73,-0.88) target_world_deg=(5.19,-0.01) gimbal_deg=(5.93,-0.87) armor_y_px=622.2 pixel_error_deg=(1.92,2.02) ballistic=(range=2.800m holdover=0.100m comp=2.01deg residual=0.01deg) q_wxyz=(0.998635,-0.000393,-0.007585,-0.051684) cmd_deg=(6.14,-0.88) packed_pitch_deg=-0.88 control=true shoot=false
[DEBUG] armors=1, targets=1
[2026-09-09 20:26:23.218] [info] [XUC][FIRE] feeder recovery complete; fresh gyro qualification required
[DEBUG] armors=2, targets=1
[DEBUG] armors=3, targets=1
[DEBUG] armors=3, targets=1
[2026-09-09 20:26:23.271] [info] [SYNC][XUC] mode=1 yaw=-5.91 deg pitch=-0.85 deg feeder_rpm=0.00 wheel0_rpm=6440 wheel1_rpm=6480 wheel_delta=-40 projectile_speed=19.36 gate=0xFF switch=1 rc=1 sticks=1 imu=1 serial=1 control=1 yaw_armed=1 pitch_active=1
[DEBUG] armors=2, targets=1
[DEBUG] armors=2, targets=1
[DEBUG] armors=2, targets=1
[2026-09-09 20:26:23.320] [info] [GYROSCHED] cycle=36 due_in=+52.0 ms hit_in=354.8 ms period=316.9 ms window=11.11deg worst=8.10deg safe=true
[DEBUG] armors=2, targets=1
[DEBUG] armors=2, targets=1
[2026-09-09 20:26:23.357] [info] [XUC][FIRE] stable-window candidate started
[2026-09-09 20:26:23.357] [info] [XUC][FIRE] qualified after 0 ms/1 frames, current_pixel_error_deg=(-3.23,-0.21) predicted_impact_yaw_error_deg=0.76 gyro_predict=true face_error=9.65deg omega=+4.981rad_s armed=true
[2026-09-09 20:26:23.376] [info] [SHOT] id=9 issue mode=1 gyro=1 event=1 cycle=36 processing_age_ms=53.3 due_error_ms=+0.06 period_ms=316.9 window_deg=11.11 worst_deg=8.10
[2026-09-09 20:26:23.379] [info] [SYNC][XUC] mode=1 yaw=-5.90 deg pitch=-0.85 deg feeder_rpm=0.00 wheel0_rpm=6440 wheel1_rpm=6480 wheel_delta=-40 projectile_speed=19.36 gate=0xFF switch=1 rc=1 sticks=1 imu=1 serial=1 control=1 yaw_armed=1 pitch_active=1
[DEBUG] armors=1, targets=1
[2026-09-09 20:26:23.392] [info] [XUC][FIRE] gyro request inhibited during feeder recovery
[2026-09-09 20:26:23.392] [info] [XUC][FIRE] stable window reset
[DEBUG] armors=1, targets=1
[2026-09-09 20:26:23.409] [info] [SHOT] id=9 feeder_start command_to_feeder_ms=33.1 rpm=1607
[DEBUG] armors=1, targets=1
[DEBUG] armors=1, targets=1
[2026-09-09 20:26:23.439] [info] [GYROPLL] phase_zero cycle=35 sample=328.2 ms periods=1 filtered=317.1 ms residual=+47.4 ms correction=+3.0 ms locks=35 locked=1 reacquired=0 rejects=0 omega=4.953 ekf_omega=+4.898
[DEBUG] armors=1, targets=1
[2026-09-09 20:26:23.458] [info] [SYNC][XUC] mode=1 yaw=-5.90 deg pitch=-0.85 deg feeder_rpm=1992.00 wheel0_rpm=6440 wheel1_rpm=6520 wheel_delta=-80 projectile_speed=19.36 gate=0xFF switch=1 rc=1 sticks=1 imu=1 serial=1 control=1 yaw_armed=1 pitch_active=1
[DEBUG] armors=1, targets=1
[DEBUG] armors=1, targets=1
[DEBUG] armors=1, targets=1
[2026-09-09 20:26:23.506] [info] [GYROSCHED] cycle=37 due_in=+187.4 ms hit_in=490.1 ms period=317.1 ms window=11.11deg worst=8.10deg safe=true
[DEBUG] armors=1, targets=1
[DEBUG] armors=3, targets=1
[2026-09-09 20:26:23.544] [info] [SYNC][XUC] mode=1 yaw=-5.90 deg pitch=-0.84 deg feeder_rpm=2043.00 wheel0_rpm=6440 wheel1_rpm=6480 wheel_delta=-40 projectile_speed=19.36 gate=0xFF switch=1 rc=1 sticks=1 imu=1 serial=1 control=1 yaw_armed=1 pitch_active=1
[DEBUG] armors=3, targets=1
[2026-09-09 20:26:23.558] [info] [DRYRUN] measured_gimbal=(2.908,-0.098,-0.043) measured_world=(2.903,0.201,-0.000) tracked_world=(2.822,0.195,0.005) target_gimbal_deg=(-1.93,-0.84) target_world_deg=(3.97,-0.00) gimbal_deg=(5.90,-0.84) armor_y_px=618.7 pixel_error_deg=(3.15,1.93) ballistic=(range=2.909m holdover=0.107m comp=2.06deg residual=-0.13deg) q_wxyz=(0.998649,-0.000378,-0.007336,-0.051447) cmd_deg=(5.57,-0.94) packed_pitch_deg=-0.94 control=true shoot=false
[2026-09-09 20:26:23.564] [info] [SHOT] id=9 feeder_stop feeder_motion_ms=154.1
[2026-09-09 20:26:23.564] [info] [XUC][FIRE] feeder stopped; gyro recovery hold started for 600 ms
[DEBUG] armors=2, targets=1
[DEBUG] armors=2, targets=1
[DEBUG] armors=3, targets=1
[DEBUG] armors=2, targets=1
[2026-09-09 20:26:23.635] [info] [SYNC][XUC] mode=1 yaw=-5.89 deg pitch=-0.87 deg feeder_rpm=-11.00 wheel0_rpm=6280 wheel1_rpm=6320 wheel_delta=-40 projectile_speed=19.36 gate=0xFF switch=1 rc=1 sticks=1 imu=1 serial=1 control=1 yaw_armed=1 pitch_active=1
[DEBUG] armors=3, targets=1
[DEBUG] armors=2, targets=1
[DEBUG] armors=1, targets=1
[2026-09-09 20:26:23.684] [info] [GYROSCHED] cycle=37 due_in=+11.0 ms hit_in=311.8 ms period=317.1 ms window=11.11deg worst=8.10deg safe=true
[DEBUG] armors=1, targets=1
[DEBUG] armors=1, targets=1
[2026-09-09 20:26:23.720] [info] [SYNC][XUC] mode=1 yaw=-5.88 deg pitch=-0.83 deg feeder_rpm=0.00 wheel0_rpm=6400 wheel1_rpm=6480 wheel_delta=-80 projectile_speed=19.36 gate=0xFF switch=1 rc=1 sticks=1 imu=1 serial=1 control=1 yaw_armed=1 pitch_active=1
[DEBUG] armors=1, targets=1
[DEBUG] armors=1, targets=1
[DEBUG] armors=1, targets=1
[2026-09-09 20:26:23.768] [info] [GYROPLL] phase_zero cycle=36 sample=328.7 ms periods=1 filtered=317.8 ms residual=+56.0 ms correction=+3.0 ms locks=36 locked=1 reacquired=0 rejects=0 omega=4.942 ekf_omega=+4.894
[DEBUG] armors=1, targets=1
[DEBUG] armors=1, targets=1
[2026-09-09 20:26:23.804] [info] [SYNC][XUC] mode=1 yaw=-5.87 deg pitch=-0.87 deg feeder_rpm=0.00 wheel0_rpm=6440 wheel1_rpm=6480 wheel_delta=-40 projectile_speed=19.36 gate=0xFF switch=1 rc=1 sticks=1 imu=1 serial=1 control=1 yaw_armed=1 pitch_active=1
[DEBUG] armors=1, targets=1
[DEBUG] armors=1, targets=1
[DEBUG] armors=1, targets=1
[2026-09-09 20:26:23.853] [info] [GYROSCHED] cycle=38 due_in=+166.5 ms hit_in=464.0 ms period=317.8 ms window=11.11deg worst=8.08deg safe=true
[DEBUG] armors=2, targets=1
[DEBUG] armors=3, targets=1
[2026-09-09 20:26:23.890] [info] [SYNC][XUC] mode=1 yaw=-5.88 deg pitch=-0.84 deg feeder_rpm=0.00 wheel0_rpm=6440 wheel1_rpm=6480 wheel_delta=-40 projectile_speed=19.36 gate=0xFF switch=1 rc=1 sticks=1 imu=1 serial=1 control=1 yaw_armed=1 pitch_active=1
[DEBUG] armors=3, targets=1
[2026-09-09 20:26:23.906] [info] [DRYRUN] measured_gimbal=(3.011,-0.111,-0.051) measured_world=(3.007,0.198,-0.007) tracked_world=(3.284,0.159,0.001) target_gimbal_deg=(-2.12,-0.97) target_world_deg=(3.76,-0.13) gimbal_deg=(5.88,-0.84) armor_y_px=622.2 pixel_error_deg=(3.36,2.01) ballistic=(range=3.013m holdover=0.113m comp=2.11deg residual=-0.09deg) q_wxyz=(0.998658,-0.000375,-0.007297,-0.051278) cmd_deg=(5.47,-0.90) packed_pitch_deg=-0.90 control=true shoot=false
[2026-09-09 20:26:23.908] [info] [PERF] 总耗时=18.1ms (检测=14.5ms, 跟踪=1.4ms), FPS=55.1
[2026-09-09 20:26:23.908] [info] 📊 [CAMERA FPS] 瞬时帧率=55.0fps, 平均帧率=58.0fps, 总帧数=700, 运行时间=12.1s
[DEBUG] armors=3, targets=1
[DEBUG] armors=3, targets=1
[DEBUG] armors=2, targets=1
[DEBUG] armors=2, targets=1
[2026-09-09 20:26:23.978] [info] [SYNC][XUC] mode=1 yaw=-5.87 deg pitch=-0.82 deg feeder_rpm=0.00 wheel0_rpm=6440 wheel1_rpm=6480 wheel_delta=-40 projectile_speed=19.36 gate=0xFF switch=1 rc=1 sticks=1 imu=1 serial=1 control=1 yaw_armed=1 pitch_active=1
[DEBUG] armors=2, targets=1
[2026-09-09 20:26:24.008] [info] [ASSOC] selected_face=2 cost=-0.035 detections=1 confidence=0.90
[DEBUG] armors=1, targets=1
[2026-09-09 20:26:24.008] [info] [B2DIAG] auto=1 control=1 conv=1 oneface_gate=1 armed=1 motion=1 cadence=0 dyaw_fresh=1 dpitch_fresh=1 yawgate=1 event=1 safe=1 due_ms=+7.9 window_deg=11.11 worst_deg=8.08 yawerr_deg=-2.77 pitcherr_deg=-0.12
[DEBUG] armors=1, targets=1
[2026-09-09 20:26:24.024] [info] [GYROSCHED] cycle=39 due_in=+315.2 ms hit_in=611.0 ms period=317.8 ms window=11.11deg worst=8.08deg safe=true
[DEBUG] armors=1, targets=1
[DEBUG] armors=1, targets=1
[2026-09-09 20:26:24.060] [info] [SYNC][XUC] mode=1 yaw=-5.87 deg pitch=-0.82 deg feeder_rpm=0.00 wheel0_rpm=6440 wheel1_rpm=6520 wheel_delta=-80 projectile_speed=19.36 gate=0xFF switch=1 rc=1 sticks=1 imu=1 serial=1 control=1 yaw_armed=1 pitch_active=1
[DEBUG] armors=1, targets=1
[DEBUG] armors=1, targets=1
[2026-09-09 20:26:24.092] [info] [GYROPLL] phase_zero cycle=37 sample=317.9 ms periods=1 filtered=318.1 ms residual=+53.0 ms correction=+3.0 ms locks=37 locked=1 reacquired=0 rejects=0 omega=4.937 ekf_omega=+5.025
[DEBUG] armors=1, targets=1
[DEBUG] armors=1, targets=1
[DEBUG] armors=1, targets=1
[2026-09-09 20:26:24.145] [info] [SYNC][XUC] mode=1 yaw=-5.88 deg pitch=-0.80 deg feeder_rpm=0.00 wheel0_rpm=6440 wheel1_rpm=6480 wheel_delta=-40 projectile_speed=19.36 gate=0xFF switch=1 rc=1 sticks=1 imu=1 serial=1 control=1 yaw_armed=1 pitch_active=1
[DEBUG] armors=2, targets=1
[DEBUG] armors=3, targets=1
[DEBUG] armors=3, targets=1
[2026-09-09 20:26:24.193] [info] [GYROSCHED] cycle=39 due_in=+143.9 ms hit_in=445.3 ms period=318.1 ms window=11.11deg worst=8.07deg safe=true
[DEBUG] armors=2, targets=1
[2026-09-09 20:26:24.212] [info] [XUC][FIRE] feeder recovery complete; fresh gyro qualification required
[DEBUG] armors=3, targets=1
[2026-09-09 20:26:24.231] [info] [SYNC][XUC] mode=1 yaw=-5.89 deg pitch=-0.79 deg feeder_rpm=0.00 wheel0_rpm=6440 wheel1_rpm=6480 wheel_delta=-40 projectile_speed=19.36 gate=0xFF switch=1 rc=1 sticks=1 imu=1 serial=1 control=1 yaw_armed=1 pitch_active=1
[DEBUG] armors=2, targets=1
[2026-09-09 20:26:24.246] [info] [DRYRUN] measured_gimbal=(3.093,-0.152,-0.053) measured_world=(3.093,0.166,-0.011) tracked_world=(3.316,0.654,-0.005) target_gimbal_deg=(-2.81,-0.99) target_world_deg=(3.08,-0.20) gimbal_deg=(5.89,-0.79) armor_y_px=621.7 pixel_error_deg=(4.08,2.00) ballistic=(range=3.097m holdover=0.119m comp=2.15deg residual=-0.15deg) q_wxyz=(0.998657,-0.000352,-0.006850,-0.051358) cmd_deg=(5.59,-0.88) packed_pitch_deg=-0.88 control=true shoot=false
[DEBUG] armors=3, targets=1
[DEBUG] armors=2, targets=1
[DEBUG] armors=2, targets=1
[DEBUG] armors=1, targets=1
[2026-09-09 20:26:24.317] [info] [SYNC][XUC] mode=1 yaw=-5.89 deg pitch=-0.77 deg feeder_rpm=0.00 wheel0_rpm=6440 wheel1_rpm=6440 wheel_delta=0 projectile_speed=19.36 gate=0xFF switch=1 rc=1 sticks=1 imu=1 serial=1 control=1 yaw_armed=1 pitch_active=1
[DEBUG] armors=1, targets=1
[2026-09-09 20:26:24.332] [info] [XUC][FIRE] stable-window candidate started
[2026-09-09 20:26:24.332] [info] [XUC][FIRE] qualified after 0 ms/1 frames, current_pixel_error_deg=(-2.85,-0.14) predicted_impact_yaw_error_deg=0.78 gyro_predict=true face_error=13.39deg omega=+5.022rad_s armed=true
[2026-09-09 20:26:24.335] [info] [SHOT] id=10 issue mode=1 gyro=1 event=1 cycle=39 processing_age_ms=32.1 due_error_ms=+0.05 period_ms=318.1 window_deg=11.11 worst_deg=8.07
[DEBUG] armors=1, targets=1
[2026-09-09 20:26:24.352] [info] [XUC][FIRE] gyro request inhibited during feeder recovery
[2026-09-09 20:26:24.352] [info] [XUC][FIRE] stable window reset
[DEBUG] armors=1, targets=1
[2026-09-09 20:26:24.368] [info] [GYROSCHED] cycle=40 due_in=+295.5 ms hit_in=589.0 ms period=318.1 ms window=11.11deg worst=8.07deg safe=true
[2026-09-09 20:26:24.370] [info] [SHOT] id=10 feeder_start command_to_feeder_ms=35.1 rpm=1717
[DEBUG] armors=1, targets=1
[DEBUG] armors=1, targets=1
[2026-09-09 20:26:24.402] [info] [GYROPLL] phase_zero cycle=38 sample=313.5 ms periods=1 filtered=317.8 ms residual=+45.4 ms correction=+3.0 ms locks=38 locked=1 reacquired=0 rejects=0 omega=4.942 ekf_omega=+5.087
[2026-09-09 20:26:24.404] [info] [SYNC][XUC] mode=1 yaw=-5.89 deg pitch=-0.76 deg feeder_rpm=2105.00 wheel0_rpm=6440 wheel1_rpm=6480 wheel_delta=-40 projectile_speed=19.36 gate=0xFF switch=1 rc=1 sticks=1 imu=1 serial=1 control=1 yaw_armed=1 pitch_active=1
[DEBUG] armors=1, targets=1
[DEBUG] armors=1, targets=1
[DEBUG] armors=1, targets=1
[DEBUG] armors=1, targets=1
[DEBUG] armors=1, targets=1
[2026-09-09 20:26:24.489] [info] [SYNC][XUC] mode=1 yaw=-5.89 deg pitch=-0.77 deg feeder_rpm=2047.00 wheel0_rpm=6440 wheel1_rpm=6520 wheel_delta=-80 projectile_speed=19.36 gate=0xFF switch=1 rc=1 sticks=1 imu=1 serial=1 control=1 yaw_armed=1 pitch_active=1
[DEBUG] armors=2, targets=1
[DEBUG] armors=2, targets=1
[2026-09-09 20:26:24.523] [info] [SHOT] id=10 feeder_stop feeder_motion_ms=153.0
[2026-09-09 20:26:24.523] [info] [XUC][FIRE] feeder stopped; gyro recovery hold started for 600 ms
[DEBUG] armors=3, targets=1
[2026-09-09 20:26:24.538] [info] [GYROSCHED] cycle=40 due_in=+114.0 ms hit_in=420.6 ms period=317.8 ms window=11.11deg worst=8.08deg safe=true
[DEBUG] armors=3, targets=1
[DEBUG] armors=3, targets=1
[2026-09-09 20:26:24.577] [info] [SYNC][XUC] mode=1 yaw=-5.91 deg pitch=-0.82 deg feeder_rpm=0.00 wheel0_rpm=6240 wheel1_rpm=6320 wheel_delta=-80 projectile_speed=19.36 gate=0xFF switch=1 rc=1 sticks=1 imu=1 serial=1 control=1 yaw_armed=1 pitch_active=1
[DEBUG] armors=2, targets=1
[2026-09-09 20:26:24.592] [info] [DRYRUN] measured_gimbal=(2.941,0.293,-0.037) measured_world=(2.895,0.594,0.005) tracked_world=(2.810,0.571,0.000) target_gimbal_deg=(5.69,-0.72) target_world_deg=(11.59,0.10) gimbal_deg=(5.91,-0.82) armor_y_px=613.1 pixel_error_deg=(-4.46,1.79) ballistic=(range=2.955m holdover=0.110m comp=2.08deg residual=-0.29deg) q_wxyz=(0.998646,-0.000367,-0.007108,-0.051527) cmd_deg=(5.75,-0.90) packed_pitch_deg=-0.90 control=true shoot=false
[DEBUG] armors=3, targets=1
[DEBUG] armors=2, targets=1
[DEBUG] armors=1, targets=1
[DEBUG] armors=1, targets=1
[2026-09-09 20:26:24.661] [info] [SYNC][XUC] mode=1 yaw=-5.90 deg pitch=-0.75 deg feeder_rpm=0.00 wheel0_rpm=6360 wheel1_rpm=6440 wheel_delta=-80 projectile_speed=19.36 gate=0xFF switch=1 rc=1 sticks=1 imu=1 serial=1 control=1 yaw_armed=1 pitch_active=1
[DEBUG] armors=1, targets=1
[DEBUG] armors=0, targets=1
[DEBUG] armors=0, targets=1
[DEBUG] armors=0, targets=1
[DEBUG] armors=1, targets=1
[2026-09-09 20:26:24.740] [info] [GYROPLL] phase_zero cycle=39 sample=323.7 ms periods=1 filtered=317.8 ms residual=+48.3 ms correction=+3.0 ms locks=39 locked=1 reacquired=0 rejects=0 omega=4.942 ekf_omega=+4.941
[2026-09-09 20:26:24.743] [info] [SYNC][XUC] mode=1 yaw=-5.90 deg pitch=-0.81 deg feeder_rpm=0.00 wheel0_rpm=6440 wheel1_rpm=6520 wheel_delta=-80 projectile_speed=19.36 gate=0xFF switch=1 rc=1 sticks=1 imu=1 serial=1 control=1 yaw_armed=1 pitch_active=1
[DEBUG] armors=1, targets=1
[2026-09-09 20:26:24.757] [info] [GYROSCHED] cycle=41 due_in=+227.4 ms hit_in=523.0 ms period=317.8 ms window=11.10deg worst=8.08deg safe=true
[2026-09-09 20:26:24.759] [info] [PERF] 总耗时=16.7ms (检测=13.7ms, 跟踪=0.5ms), FPS=59.8
[2026-09-09 20:26:24.759] [info] 📊 [CAMERA FPS] 瞬时帧率=59.7fps, 平均帧率=58.0fps, 总帧数=750, 运行时间=12.9s
[DEBUG] armors=1, targets=1
[DEBUG] armors=0, targets=1
[DEBUG] armors=1, targets=1
[DEBUG] armors=2, targets=1
[2026-09-09 20:26:24.825] [info] [SYNC][XUC] mode=1 yaw=-6.82 deg pitch=-0.77 deg feeder_rpm=-8.00 wheel0_rpm=6440 wheel1_rpm=6480 wheel_delta=-40 projectile_speed=19.36 gate=0xFF switch=1 rc=1 sticks=1 imu=1 serial=1 control=1 yaw_armed=1 pitch_active=1
[DEBUG] armors=2, targets=1
[DEBUG] armors=3, targets=1
[2026-09-09 20:26:24.857] [info] [B2DIAG] auto=1 control=1 conv=1 oneface_gate=1 armed=1 motion=1 cadence=0 dyaw_fresh=1 dpitch_fresh=1 yawgate=0 event=1 safe=1 due_ms=+114.4 window_deg=11.10 worst_deg=8.08 yawerr_deg=4.54 pitcherr_deg=-0.18
[DEBUG] armors=3, targets=1
[DEBUG] armors=3, targets=1
[DEBUG] armors=2, targets=1
[2026-09-09 20:26:24.911] [info] [SYNC][XUC] mode=1 yaw=-6.38 deg pitch=-0.80 deg feeder_rpm=-4.00 wheel0_rpm=6440 wheel1_rpm=6480 wheel_delta=-40 projectile_speed=19.36 gate=0xFF switch=1 rc=1 sticks=1 imu=1 serial=1 control=1 yaw_armed=1 pitch_active=1
[DEBUG] armors=3, targets=1
[2026-09-09 20:26:24.925] [info] [DRYRUN] measured_gimbal=(2.787,0.216,-0.033) measured_world=(2.746,0.524,0.006) tracked_world=(2.935,0.117,-0.000) target_gimbal_deg=(4.42,-0.68) target_world_deg=(10.80,0.12) gimbal_deg=(6.38,-0.80) armor_y_px=614.3 pixel_error_deg=(-3.24,1.82) ballistic=(range=2.796m holdover=0.100m comp=2.01deg residual=-0.19deg) q_wxyz=(0.998425,-0.000389,-0.006975,-0.055658) cmd_deg=(5.58,-0.93) packed_pitch_deg=-0.93 control=true shoot=false
[2026-09-09 20:26:24.943] [info] [ASSOC] selected_face=0 cost=-0.004 detections=3 confidence=0.20
[DEBUG] armors=3, targets=1
[2026-09-09 20:26:24.943] [info] [GYROSCHED] cycle=41 due_in=+37.4 ms hit_in=337.1 ms period=317.8 ms window=11.10deg worst=8.08deg safe=true
[DEBUG] armors=1, targets=1
[DEBUG] armors=1, targets=1
[DEBUG] armors=1, targets=1
[2026-09-09 20:26:24.994] [info] [SYNC][XUC] mode=1 yaw=-6.32 deg pitch=-0.80 deg feeder_rpm=0.00 wheel0_rpm=6440 wheel1_rpm=6480 wheel_delta=-40 projectile_speed=19.36 gate=0xFF switch=1 rc=1 sticks=1 imu=1 serial=1 control=1 yaw_armed=1 pitch_active=1
[DEBUG] armors=1, targets=1
[DEBUG] armors=1, targets=1
[DEBUG] armors=1, targets=1
[DEBUG] armors=1, targets=1
[2026-09-09 20:26:25.058] [info] [GYROPLL] phase_zero cycle=40 sample=321.8 ms periods=1 filtered=318.4 ms residual=+49.3 ms correction=+3.0 ms locks=40 locked=1 reacquired=0 rejects=0 omega=4.934 ekf_omega=+5.019
[DEBUG] armors=1, targets=1
[2026-09-09 20:26:25.077] [info] [SYNC][XUC] mode=1 yaw=-6.28 deg pitch=-0.81 deg feeder_rpm=0.00 wheel0_rpm=6440 wheel1_rpm=6520 wheel_delta=-80 projectile_speed=19.36 gate=0xFF switch=1 rc=1 sticks=1 imu=1 serial=1 control=1 yaw_armed=1 pitch_active=1
[DEBUG] armors=1, targets=1
[DEBUG] armors=1, targets=1
[2026-09-09 20:26:25.109] [info] [GYROSCHED] cycle=42 due_in=+194.0 ms hit_in=493.3 ms period=318.4 ms window=11.10deg worst=8.07deg safe=true
[DEBUG] armors=1, targets=1
[DEBUG] armors=2, targets=1
[DEBUG] armors=1, targets=1
[2026-09-09 20:26:25.158] [info] [XUC][FIRE] feeder recovery complete; fresh gyro qualification required
[2026-09-09 20:26:25.160] [info] [SYNC][XUC] mode=1 yaw=-6.32 deg pitch=-0.81 deg feeder_rpm=0.00 wheel0_rpm=6440 wheel1_rpm=6480 wheel_delta=-40 projectile_speed=19.36 gate=0xFF switch=1 rc=1 sticks=1 imu=1 serial=1 control=1 yaw_armed=1 pitch_active=1
[DEBUG] armors=1, targets=1
[DEBUG] armors=2, targets=1
[DEBUG] armors=2, targets=1
[DEBUG] armors=2, targets=1
[DEBUG] armors=3, targets=1
[2026-09-09 20:26:25.247] [info] [SYNC][XUC] mode=1 yaw=-6.30 deg pitch=-0.82 deg feeder_rpm=0.00 wheel0_rpm=6440 wheel1_rpm=6480 wheel_delta=-40 projectile_speed=19.36 gate=0xFF switch=1 rc=1 sticks=1 imu=1 serial=1 control=1 yaw_armed=1 pitch_active=1
[DEBUG] armors=2, targets=1
[2026-09-09 20:26:25.261] [info] [DRYRUN] measured_gimbal=(2.550,0.203,-0.028) measured_world=(2.512,0.481,0.008) tracked_world=(3.392,0.272,-0.003) target_gimbal_deg=(4.55,-0.63) target_world_deg=(10.85,0.18) gimbal_deg=(6.30,-0.82) armor_y_px=617.3 pixel_error_deg=(-3.45,1.90) ballistic=(range=2.558m holdover=0.087m comp=1.90deg residual=-0.01deg) q_wxyz=(0.998463,-0.000393,-0.007145,-0.054950) cmd_deg=(5.68,-0.89) packed_pitch_deg=-0.89 control=true shoot=false
[DEBUG] armors=2, targets=1
[2026-09-09 20:26:25.278] [info] [GYROSCHED] cycle=42 due_in=+39.3 ms hit_in=323.4 ms period=318.4 ms window=11.10deg worst=8.07deg safe=true
[DEBUG] armors=4, targets=1
[2026-09-09 20:26:25.296] [info] [XUC][FIRE] stable-window candidate started
[2026-09-09 20:26:25.296] [info] [XUC][FIRE] qualified after 0 ms/1 frames, current_pixel_error_deg=(-2.34,0.02) predicted_impact_yaw_error_deg=1.04 gyro_predict=true face_error=4.25deg omega=+4.769rad_s armed=true
[2026-09-09 20:26:25.319] [info] [SHOT] id=11 issue mode=1 gyro=1 event=1 cycle=42 processing_age_ms=56.1 due_error_ms=+0.08 period_ms=318.4 window_deg=11.10 worst_deg=8.07
[DEBUG] armors=1, targets=1
[2026-09-09 20:26:25.334] [info] [XUC][FIRE] gyro request inhibited during feeder recovery
[2026-09-09 20:26:25.334] [info] [XUC][FIRE] stable window reset
[DEBUG] armors=1, targets=1
[2026-09-09 20:26:25.353] [info] [SHOT] id=11 feeder_start command_to_feeder_ms=33.6 rpm=1215
[2026-09-09 20:26:25.353] [info] [SYNC][XUC] mode=1 yaw=-6.27 deg pitch=-0.83 deg feeder_rpm=1215.00 wheel0_rpm=6440 wheel1_rpm=6480 wheel_delta=-40 projectile_speed=19.36 gate=0xFF switch=1 rc=1 sticks=1 imu=1 serial=1 control=1 yaw_armed=1 pitch_active=1
[DEBUG] armors=1, targets=1
[DEBUG] armors=1, targets=1
[2026-09-09 20:26:25.383] [info] [GYROPLL] phase_zero cycle=41 sample=329.7 ms periods=1 filtered=319.4 ms residual=+57.6 ms correction=+3.0 ms locks=41 locked=1 reacquired=0 rejects=0 omega=4.919 ekf_omega=+4.890
[DEBUG] armors=1, targets=1
[DEBUG] armors=1, targets=1
[DEBUG] armors=1, targets=1
[2026-09-09 20:26:25.435] [info] [SYNC][XUC] mode=1 yaw=-6.28 deg pitch=-0.80 deg feeder_rpm=2167.00 wheel0_rpm=6440 wheel1_rpm=6480 wheel_delta=-40 projectile_speed=19.36 gate=0xFF switch=1 rc=1 sticks=1 imu=1 serial=1 control=1 yaw_armed=1 pitch_active=1
[DEBUG] armors=2, targets=1
[DEBUG] armors=3, targets=1
[2026-09-09 20:26:25.467] [info] [GYROSCHED] cycle=43 due_in=+153.0 ms hit_in=458.3 ms period=319.4 ms window=11.10deg worst=8.05deg safe=true
[DEBUG] armors=2, targets=1
[DEBUG] armors=3, targets=1
[DEBUG] armors=3, targets=1
[2026-09-09 20:26:25.520] [info] [SHOT] id=11 feeder_stop feeder_motion_ms=166.8
[2026-09-09 20:26:25.520] [info] [XUC][FIRE] feeder stopped; gyro recovery hold started for 600 ms
[2026-09-09 20:26:25.520] [info] [SYNC][XUC] mode=1 yaw=-6.26 deg pitch=-0.80 deg feeder_rpm=208.00 wheel0_rpm=6440 wheel1_rpm=6480 wheel_delta=-40 projectile_speed=19.36 gate=0xFF switch=1 rc=1 sticks=1 imu=1 serial=1 control=1 yaw_armed=1 pitch_active=1
[DEBUG] armors=2, targets=1
[DEBUG] armors=2, targets=1
[DEBUG] armors=3, targets=1
[DEBUG] armors=1, targets=1
[DEBUG] armors=1, targets=1
[2026-09-09 20:26:25.604] [info] [SYNC][XUC] mode=1 yaw=-6.19 deg pitch=-0.84 deg feeder_rpm=0.00 wheel0_rpm=6320 wheel1_rpm=6360 wheel_delta=-40 projectile_speed=19.36 gate=0xFF switch=1 rc=1 sticks=1 imu=1 serial=1 control=1 yaw_armed=1 pitch_active=1
[DEBUG] armors=1, targets=1
[2026-09-09 20:26:25.619] [info] [DRYRUN] measured_gimbal=(2.747,0.178,-0.037) measured_world=(2.712,0.473,0.004) tracked_world=(3.158,0.736,-0.002) target_gimbal_deg=(3.71,-0.77) target_world_deg=(9.90,0.07) gimbal_deg=(6.19,-0.84) armor_y_px=618.6 pixel_error_deg=(-2.55,1.93) ballistic=(range=2.752m holdover=0.097m comp=1.99deg residual=-0.06deg) q_wxyz=(0.998514,-0.000397,-0.007340,-0.053994) cmd_deg=(5.81,-0.89) packed_pitch_deg=-0.89 control=true shoot=false
[2026-09-09 20:26:25.621] [info] [PERF] 总耗时=16.6ms (检测=13.7ms, 跟踪=0.5ms), FPS=60.1
[2026-09-09 20:26:25.621] [info] 📊 [CAMERA FPS] 瞬时帧率=60.0fps, 平均帧率=58.0fps, 总帧数=800, 运行时间=13.8s
[DEBUG] armors=1, targets=1
[2026-09-09 20:26:25.636] [info] [GYROSCHED] cycle=44 due_in=+314.6 ms hit_in=608.9 ms period=319.4 ms window=11.10deg worst=8.05deg safe=true
[DEBUG] armors=1, targets=1
[DEBUG] armors=1, targets=1
[DEBUG] armors=0, targets=1
[2026-09-09 20:26:25.689] [info] [SYNC][XUC] mode=1 yaw=-6.21 deg pitch=-0.81 deg feeder_rpm=0.00 wheel0_rpm=6400 wheel1_rpm=6480 wheel_delta=-80 projectile_speed=19.36 gate=0xFF switch=1 rc=1 sticks=1 imu=1 serial=1 control=1 yaw_armed=1 pitch_active=1
[DEBUG] armors=0, targets=1
[DEBUG] armors=0, targets=1
[2026-09-09 20:26:25.720] [info] [B2DIAG] auto=1 control=1 conv=1 oneface_gate=0 armed=1 motion=1 cadence=0 dyaw_fresh=0 dpitch_fresh=0 yawgate=0 event=0 safe=0 due_ms=+inf window_deg=nan worst_deg=nan yawerr_deg=inf pitcherr_deg=inf
[DEBUG] armors=1, targets=1
[2026-09-09 20:26:25.737] [info] [GYROPLL] phase_zero cycle=42 sample=310.8 ms periods=1 filtered=319.5 ms residual=+46.1 ms correction=+3.0 ms locks=42 locked=1 reacquired=0 rejects=0 omega=4.917 ekf_omega=+5.083
[DEBUG] armors=1, targets=1
[DEBUG] armors=1, targets=1
[2026-09-09 20:26:25.773] [info] [SYNC][XUC] mode=1 yaw=-8.42 deg pitch=-0.70 deg feeder_rpm=3.00 wheel0_rpm=6440 wheel1_rpm=6480 wheel_delta=-40 projectile_speed=19.36 gate=0xFF switch=1 rc=1 sticks=1 imu=1 serial=1 control=1 yaw_armed=1 pitch_active=1
[DEBUG] armors=1, targets=1
[DEBUG] armors=1, targets=1
[DEBUG] armors=1, targets=1
[DEBUG] armors=3, targets=1
[DEBUG] armors=3, targets=1
[2026-09-09 20:26:25.857] [info] [GYROSCHED] cycle=44 due_in=+76.7 ms hit_in=390.7 ms period=319.5 ms window=11.10deg worst=8.04deg safe=true
[2026-09-09 20:26:25.860] [info] [SYNC][XUC] mode=1 yaw=-7.24 deg pitch=-0.78 deg feeder_rpm=0.00 wheel0_rpm=6440 wheel1_rpm=6480 wheel_delta=-40 projectile_speed=19.36 gate=0xFF switch=1 rc=1 sticks=1 imu=1 serial=1 control=1 yaw_armed=1 pitch_active=1
[2026-09-09 20:26:25.875] [info] [ASSOC] selected_face=0 cost=-0.047 detections=3 confidence=0.93
[DEBUG] armors=3, targets=1
[DEBUG] armors=2, targets=1
[DEBUG] armors=2, targets=1
[DEBUG] armors=1, targets=1
[DEBUG] armors=1, targets=1
[2026-09-09 20:26:25.943] [info] [SYNC][XUC] mode=1 yaw=-5.85 deg pitch=-0.80 deg feeder_rpm=-8.00 wheel0_rpm=6440 wheel1_rpm=6520 wheel_delta=-80 projectile_speed=19.36 gate=0xFF switch=1 rc=1 sticks=1 imu=1 serial=1 control=1 yaw_armed=1 pitch_active=1
[DEBUG] armors=1, targets=1
[2026-09-09 20:26:25.957] [info] [DRYRUN] measured_gimbal=(2.621,0.147,-0.026) measured_world=(2.593,0.414,0.011) tracked_world=(2.774,0.439,0.007) target_gimbal_deg=(3.22,-0.56) target_world_deg=(9.07,0.23) gimbal_deg=(5.85,-0.80) armor_y_px=612.8 pixel_error_deg=(-2.09,1.79) ballistic=(range=2.625m holdover=0.091m comp=1.93deg residual=-0.15deg) q_wxyz=(0.998674,-0.000354,-0.006932,-0.051010) cmd_deg=(6.49,-0.96) packed_pitch_deg=-0.96 control=true shoot=false
[DEBUG] armors=1, targets=1
[DEBUG] armors=1, targets=1
[2026-09-09 20:26:25.991] [info] [GYROPLL] phase_zero cycle=43 sample=301.2 ms periods=1 filtered=318.7 ms residual=+24.8 ms correction=+3.0 ms locks=43 locked=1 reacquired=0 rejects=0 omega=4.929 ekf_omega=+5.181
[DEBUG] armors=1, targets=1
[DEBUG] armors=1, targets=1
[2026-09-09 20:26:26.026] [info] [GYROSCHED] cycle=45 due_in=+249.1 ms hit_in=543.1 ms period=318.7 ms window=11.10deg worst=8.06deg safe=true
[2026-09-09 20:26:26.028] [info] [SYNC][XUC] mode=1 yaw=-6.19 deg pitch=-0.82 deg feeder_rpm=-4.00 wheel0_rpm=6440 wheel1_rpm=6480 wheel_delta=-40 projectile_speed=19.36 gate=0xFF switch=1 rc=1 sticks=1 imu=1 serial=1 control=1 yaw_armed=1 pitch_active=1
[DEBUG] armors=1, targets=1
[DEBUG] armors=1, targets=1
[DEBUG] armors=1, targets=1
[DEBUG] armors=1, targets=1
[DEBUG] armors=3, targets=1
[2026-09-09 20:26:26.112] [info] [SYNC][XUC] mode=1 yaw=-6.05 deg pitch=-0.85 deg feeder_rpm=-4.00 wheel0_rpm=6440 wheel1_rpm=6480 wheel_delta=-40 projectile_speed=19.36 gate=0xFF switch=1 rc=1 sticks=1 imu=1 serial=1 control=1 yaw_armed=1 pitch_active=1
[DEBUG] armors=3, targets=1
[DEBUG] armors=3, targets=1
[DEBUG] armors=3, targets=1
[2026-09-09 20:26:26.160] [info] [XUC][FIRE] feeder recovery complete; fresh gyro qualification required
[DEBUG] armors=3, targets=1
[DEBUG] armors=2, targets=1
[2026-09-09 20:26:26.195] [info] [GYROSCHED] cycle=45 due_in=+66.1 ms hit_in=374.2 ms period=318.7 ms window=11.09deg worst=8.06deg safe=true
[2026-09-09 20:26:26.197] [info] [SYNC][XUC] mode=1 yaw=-6.09 deg pitch=-0.81 deg feeder_rpm=3.00 wheel0_rpm=6440 wheel1_rpm=6480 wheel_delta=-40 projectile_speed=19.36 gate=0xFF switch=1 rc=1 sticks=1 imu=1 serial=1 control=1 yaw_armed=1 pitch_active=1
[DEBUG] armors=2, targets=1
[DEBUG] armors=2, targets=1
[DEBUG] armors=1, targets=1
[2026-09-09 20:26:26.246] [info] [XUC][FIRE] stable-window candidate started
[2026-09-09 20:26:26.246] [info] [XUC][FIRE] qualified after 0 ms/1 frames, current_pixel_error_deg=(-2.63,-0.18) predicted_impact_yaw_error_deg=0.56 gyro_predict=true face_error=4.99deg omega=+4.835rad_s armed=true
[2026-09-09 20:26:26.265] [info] [SHOT] id=12 issue mode=1 gyro=1 event=1 cycle=45 processing_age_ms=48.1 due_error_ms=+0.07 period_ms=318.7 window_deg=11.09 worst_deg=8.06
[DEBUG] armors=1, targets=1
[2026-09-09 20:26:26.280] [info] [XUC][FIRE] gyro request inhibited during feeder recovery
[2026-09-09 20:26:26.280] [info] [XUC][FIRE] stable window reset
[DEBUG] armors=1, targets=1
[2026-09-09 20:26:26.298] [info] [SHOT] id=12 feeder_start command_to_feeder_ms=32.8 rpm=1475
[2026-09-09 20:26:26.298] [info] [SYNC][XUC] mode=1 yaw=-6.08 deg pitch=-0.83 deg feeder_rpm=1475.00 wheel0_rpm=6440 wheel1_rpm=6480 wheel_delta=-40 projectile_speed=19.36 gate=0xFF switch=1 rc=1 sticks=1 imu=1 serial=1 control=1 yaw_armed=1 pitch_active=1
[DEBUG] armors=1, targets=1
[2026-09-09 20:26:26.311] [info] [DRYRUN] measured_gimbal=(2.754,0.087,-0.037) measured_world=(2.729,0.378,0.003) tracked_world=(3.089,0.092,0.002) target_gimbal_deg=(1.82,-0.76) target_world_deg=(7.89,0.07) gimbal_deg=(6.08,-0.83) armor_y_px=618.2 pixel_error_deg=(-0.65,1.92) ballistic=(range=2.755m holdover=0.098m comp=1.99deg residual=-0.07deg) q_wxyz=(0.998568,-0.000382,-0.007200,-0.053010) cmd_deg=(5.82,-0.91) packed_pitch_deg=-0.91 control=true shoot=false
[DEBUG] armors=1, targets=1
[2026-09-09 20:26:26.329] [info] [GYROPLL] phase_zero cycle=44 sample=339.6 ms periods=1 filtered=319.3 ms residual=+42.8 ms correction=+3.0 ms locks=44 locked=1 reacquired=0 rejects=0 omega=4.919 ekf_omega=+4.872
[DEBUG] armors=1, targets=1
[DEBUG] armors=1, targets=1
[DEBUG] armors=1, targets=1
[2026-09-09 20:26:26.378] [info] [GYROSCHED] cycle=46 due_in=+215.8 ms hit_in=513.3 ms period=319.3 ms window=11.09deg worst=8.05deg safe=true
[2026-09-09 20:26:26.381] [info] [SYNC][XUC] mode=1 yaw=-6.08 deg pitch=-0.82 deg feeder_rpm=2098.00 wheel0_rpm=6440 wheel1_rpm=6480 wheel_delta=-40 projectile_speed=19.36 gate=0xFF switch=1 rc=1 sticks=1 imu=1 serial=1 control=1 yaw_armed=1 pitch_active=1
[DEBUG] armors=1, targets=1
[DEBUG] armors=2, targets=1
[DEBUG] armors=1, targets=1
[DEBUG] armors=2, targets=1
[2026-09-09 20:26:26.451] [info] [SHOT] id=12 feeder_stop feeder_motion_ms=153.8
[2026-09-09 20:26:26.451] [info] [XUC][FIRE] feeder stopped; gyro recovery hold started for 600 ms
[DEBUG] armors=3, targets=1
[2026-09-09 20:26:26.469] [info] [SYNC][XUC] mode=1 yaw=-6.10 deg pitch=-1.04 deg feeder_rpm=32.00 wheel0_rpm=6160 wheel1_rpm=6240 wheel_delta=-80 projectile_speed=19.36 gate=0xFF switch=1 rc=1 sticks=1 imu=1 serial=1 control=1 yaw_armed=1 pitch_active=1
[DEBUG] armors=2, targets=1
[2026-09-09 20:26:26.487] [info] [PERF] 总耗时=18.0ms (检测=14.1ms, 跟踪=1.1ms), FPS=55.6
[2026-09-09 20:26:26.487] [info] 📊 [CAMERA FPS] 瞬时帧率=55.5fps, 平均帧率=58.0fps, 总帧数=850, 运行时间=14.7s
[DEBUG] armors=3, targets=1
[DEBUG] armors=2, targets=1
[DEBUG] armors=2, targets=1
[DEBUG] armors=2, targets=1
[2026-09-09 20:26:26.553] [info] [GYROSCHED] cycle=46 due_in=+43.8 ms hit_in=338.8 ms period=319.3 ms window=11.09deg worst=8.05deg safe=true
[2026-09-09 20:26:26.555] [info] [SYNC][XUC] mode=1 yaw=-6.03 deg pitch=-0.83 deg feeder_rpm=0.00 wheel0_rpm=6360 wheel1_rpm=6440 wheel_delta=-80 projectile_speed=19.36 gate=0xFF switch=1 rc=1 sticks=1 imu=1 serial=1 control=1 yaw_armed=1 pitch_active=1
[DEBUG] armors=3, targets=1
[DEBUG] armors=1, targets=1
[2026-09-09 20:26:26.588] [info] [B2DIAG] auto=1 control=1 conv=1 oneface_gate=1 armed=1 motion=1 cadence=0 dyaw_fresh=1 dpitch_fresh=1 yawgate=1 event=1 safe=1 due_ms=+13.0 window_deg=11.09 worst_deg=8.05 yawerr_deg=-2.24 pitcherr_deg=-0.04
[DEBUG] armors=1, targets=1
[DEBUG] armors=1, targets=1
[DEBUG] armors=1, targets=1
[2026-09-09 20:26:26.641] [info] [SYNC][XUC] mode=1 yaw=-6.05 deg pitch=-0.82 deg feeder_rpm=3.00 wheel0_rpm=6400 wheel1_rpm=6480 wheel_delta=-80 projectile_speed=19.36 gate=0xFF switch=1 rc=1 sticks=1 imu=1 serial=1 control=1 yaw_armed=1 pitch_active=1
[DEBUG] armors=1, targets=1
[2026-09-09 20:26:26.655] [info] [GYROPLL] phase_zero cycle=45 sample=324.2 ms periods=1 filtered=319.9 ms residual=+44.7 ms correction=+3.0 ms locks=45 locked=1 reacquired=0 rejects=0 omega=4.910 ekf_omega=+5.006
[2026-09-09 20:26:26.655] [info] [DRYRUN] measured_gimbal=(2.670,0.058,-0.034) measured_world=(2.649,0.339,0.004) tracked_world=(3.368,0.461,0.001) target_gimbal_deg=(1.23,-0.73) target_world_deg=(7.28,0.09) gimbal_deg=(6.05,-0.82) armor_y_px=618.6 pixel_error_deg=(-0.09,1.93) ballistic=(range=2.671m holdover=0.093m comp=1.95deg residual=-0.02deg) q_wxyz=(0.998581,-0.000378,-0.007148,-0.052767) cmd_deg=(5.78,-0.86) packed_pitch_deg=-0.86 control=true shoot=false
[DEBUG] armors=1, targets=1
[DEBUG] armors=1, targets=1
[DEBUG] armors=1, targets=1
[DEBUG] armors=2, targets=1
[2026-09-09 20:26:26.723] [info] [GYROSCHED] cycle=47 due_in=+188.6 ms hit_in=491.9 ms period=319.9 ms window=11.09deg worst=8.03deg safe=true
[2026-09-09 20:26:26.726] [info] [SYNC][XUC] mode=1 yaw=-6.05 deg pitch=-0.78 deg feeder_rpm=-4.00 wheel0_rpm=6440 wheel1_rpm=6480 wheel_delta=-40 projectile_speed=19.36 gate=0xFF switch=1 rc=1 sticks=1 imu=1 serial=1 control=1 yaw_armed=1 pitch_active=1
[2026-09-09 20:26:26.740] [info] [ASSOC] selected_face=2 cost=-0.005 detections=2 confidence=0.13
[DEBUG] armors=2, targets=1
[DEBUG] armors=2, targets=1
[DEBUG] armors=2, targets=1
[DEBUG] armors=2, targets=1
[DEBUG] armors=2, targets=1
[2026-09-09 20:26:26.810] [info] [SYNC][XUC] mode=1 yaw=-6.03 deg pitch=-0.77 deg feeder_rpm=0.00 wheel0_rpm=6440 wheel1_rpm=6520 wheel_delta=-80 projectile_speed=19.36 gate=0xFF switch=1 rc=1 sticks=1 imu=1 serial=1 control=1 yaw_armed=1 pitch_active=1
[DEBUG] armors=2, targets=1
[DEBUG] armors=2, targets=1
[DEBUG] armors=1, targets=1
[DEBUG] armors=1, targets=1
[DEBUG] armors=1, targets=1
[2026-09-09 20:26:26.894] [info] [GYROSCHED] cycle=47 due_in=+21.8 ms hit_in=321.0 ms period=319.9 ms window=11.08deg worst=8.03deg safe=true
[2026-09-09 20:26:26.896] [info] [SYNC][XUC] mode=1 yaw=-6.05 deg pitch=-0.76 deg feeder_rpm=-4.00 wheel0_rpm=6440 wheel1_rpm=6520 wheel_delta=-80 projectile_speed=19.36 gate=0xFF switch=1 rc=1 sticks=1 imu=1 serial=1 control=1 yaw_armed=1 pitch_active=1
[DEBUG] armors=1, targets=1
[DEBUG] armors=1, targets=1
[DEBUG] armors=1, targets=1
[DEBUG] armors=1, targets=1
[DEBUG] armors=1, targets=1
[2026-09-09 20:26:26.979] [info] [GYROPLL] phase_zero cycle=46 sample=313.4 ms periods=1 filtered=320.0 ms residual=+35.1 ms correction=+3.0 ms locks=46 locked=1 reacquired=0 rejects=0 omega=4.909 ekf_omega=+5.038
[2026-09-09 20:26:26.981] [info] [SYNC][XUC] mode=1 yaw=-6.05 deg pitch=-0.76 deg feeder_rpm=0.00 wheel0_rpm=6440 wheel1_rpm=6480 wheel_delta=-40 projectile_speed=19.36 gate=0xFF switch=1 rc=1 sticks=1 imu=1 serial=1 control=1 yaw_armed=1 pitch_active=1
[DEBUG] armors=1, targets=1
[2026-09-09 20:26:26.996] [info] [DRYRUN] measured_gimbal=(2.711,0.041,-0.036) measured_world=(2.692,0.326,-0.001) tracked_world=(2.966,0.733,0.001) target_gimbal_deg=(0.86,-0.77) target_world_deg=(6.91,-0.01) gimbal_deg=(6.05,-0.76) armor_y_px=619.4 pixel_error_deg=(0.29,1.95) ballistic=(range=2.711m holdover=0.095m comp=1.97deg residual=-0.02deg) q_wxyz=(0.998586,-0.000348,-0.006589,-0.052758) cmd_deg=(6.20,-0.83) packed_pitch_deg=-0.83 control=true shoot=false
[DEBUG] armors=1, targets=1
[DEBUG] armors=1, targets=1
[DEBUG] armors=2, targets=1
[DEBUG] armors=1, targets=1
[2026-09-09 20:26:27.066] [info] [GYROSCHED] cycle=48 due_in=+168.0 ms hit_in=471.9 ms period=320.0 ms window=11.09deg worst=8.03deg safe=true
[2026-09-09 20:26:27.069] [info] [SYNC][XUC] mode=1 yaw=-6.05 deg pitch=-0.74 deg feeder_rpm=0.00 wheel0_rpm=6440 wheel1_rpm=6480 wheel_delta=-40 projectile_speed=19.36 gate=0xFF switch=1 rc=1 sticks=1 imu=1 serial=1 control=1 yaw_armed=1 pitch_active=1
[DEBUG] armors=2, targets=1
[DEBUG] armors=3, targets=1
[2026-09-09 20:26:27.102] [info] [XUC][FIRE] feeder recovery complete; fresh gyro qualification required
[DEBUG] armors=2, targets=1
[DEBUG] armors=2, targets=1
[DEBUG] armors=3, targets=1
[2026-09-09 20:26:27.156] [info] [SYNC][XUC] mode=1 yaw=-6.05 deg pitch=-0.71 deg feeder_rpm=-4.00 wheel0_rpm=6440 wheel1_rpm=6480 wheel_delta=-40 projectile_speed=19.36 gate=0xFF switch=1 rc=1 sticks=1 imu=1 serial=1 control=1 yaw_armed=1 pitch_active=1
[DEBUG] armors=2, targets=1
[DEBUG] armors=2, targets=1
[DEBUG] armors=2, targets=1
[DEBUG] armors=1, targets=1
[2026-09-09 20:26:27.224] [info] [XUC][FIRE] stable-window candidate started
[2026-09-09 20:26:27.224] [info] [XUC][FIRE] qualified after 0 ms/1 frames, current_pixel_error_deg=(-2.58,-0.18) predicted_impact_yaw_error_deg=0.25 gyro_predict=true face_error=3.30deg omega=+4.714rad_s armed=true
[2026-09-09 20:26:27.245] [info] [SHOT] id=13 issue mode=1 gyro=1 event=1 cycle=48 processing_age_ms=55.1 due_error_ms=+0.06 period_ms=320.0 window_deg=11.09 worst_deg=8.03
[DEBUG] armors=1, targets=1
[2026-09-09 20:26:27.260] [info] [XUC][FIRE] gyro request inhibited during feeder recovery
[2026-09-09 20:26:27.260] [info] [GYROSCHED] cycle=49 due_in=+303.1 ms hit_in=598.3 ms period=320.0 ms window=11.08deg worst=8.03deg safe=true
[2026-09-09 20:26:27.260] [info] [XUC][FIRE] stable window reset
[2026-09-09 20:26:27.262] [info] [SYNC][XUC] mode=1 yaw=-6.02 deg pitch=-0.71 deg feeder_rpm=40.00 wheel0_rpm=6440 wheel1_rpm=6520 wheel_delta=-80 projectile_speed=19.36 gate=0xFF switch=1 rc=1 sticks=1 imu=1 serial=1 control=1 yaw_armed=1 pitch_active=1
[DEBUG] armors=1, targets=1
[2026-09-09 20:26:27.278] [info] [SHOT] id=13 feeder_start command_to_feeder_ms=32.9 rpm=1431
[DEBUG] armors=1, targets=1
[DEBUG] armors=1, targets=1
[2026-09-09 20:26:27.309] [info] [GYROPLL] phase_zero cycle=47 sample=341.6 ms periods=1 filtered=321.1 ms residual=+53.7 ms correction=+3.0 ms locks=47 locked=1 reacquired=0 rejects=0 omega=4.893 ekf_omega=+4.740
[DEBUG] armors=1, targets=1
[DEBUG] armors=1, targets=1
[2026-09-09 20:26:27.344] [info] [SYNC][XUC] mode=1 yaw=-6.02 deg pitch=-0.71 deg feeder_rpm=2047.00 wheel0_rpm=6440 wheel1_rpm=6480 wheel_delta=-40 projectile_speed=19.36 gate=0xFF switch=1 rc=1 sticks=1 imu=1 serial=1 control=1 yaw_armed=1 pitch_active=1
[DEBUG] armors=1, targets=1
[2026-09-09 20:26:27.358] [info] [DRYRUN] measured_gimbal=(2.769,-0.034,-0.035) measured_world=(2.757,0.257,0.000) tracked_world=(2.768,0.255,0.001) target_gimbal_deg=(-0.70,-0.71) target_world_deg=(5.32,0.00) gimbal_deg=(6.02,-0.71) armor_y_px=616.0 pixel_error_deg=(1.87,1.86) ballistic=(range=2.769m holdover=0.099m comp=1.99deg residual=-0.13deg) q_wxyz=(0.998603,-0.000327,-0.006225,-0.052475) cmd_deg=(5.33,-0.84) packed_pitch_deg=-0.84 control=true shoot=false
[2026-09-09 20:26:27.361] [info] [PERF] 总耗时=16.3ms (检测=13.4ms, 跟踪=0.5ms), FPS=61.5
[2026-09-09 20:26:27.361] [info] 📊 [CAMERA FPS] 瞬时帧率=61.4fps, 平均帧率=58.0fps, 总帧数=900, 运行时间=15.5s
[DEBUG] armors=1, targets=1
[DEBUG] armors=3, targets=1
[DEBUG] armors=3, targets=1
[DEBUG] armors=3, targets=1
[2026-09-09 20:26:27.427] [info] [GYROSCHED] cycle=49 due_in=+132.1 ms hit_in=436.1 ms period=321.1 ms window=11.09deg worst=8.01deg safe=true
[2026-09-09 20:26:27.430] [info] [SYNC][XUC] mode=1 yaw=-6.01 deg pitch=-0.71 deg feeder_rpm=776.00 wheel0_rpm=6440 wheel1_rpm=6480 wheel_delta=-40 projectile_speed=19.36 gate=0xFF switch=1 rc=1 sticks=1 imu=1 serial=1 control=1 yaw_armed=1 pitch_active=1
[DEBUG] armors=2, targets=1
[2026-09-09 20:26:27.445] [info] [SHOT] id=13 feeder_stop feeder_motion_ms=167.3
[2026-09-09 20:26:27.445] [info] [XUC][FIRE] feeder stopped; gyro recovery hold started for 600 ms
[DEBUG] armors=3, targets=1
[2026-09-09 20:26:27.459] [info] [B2DIAG] auto=1 control=1 conv=1 oneface_gate=1 armed=1 motion=1 cadence=0 dyaw_fresh=1 dpitch_fresh=1 yawgate=0 event=1 safe=1 due_ms=+92.8 window_deg=11.09 worst_deg=8.01 yawerr_deg=4.35 pitcherr_deg=-0.29
[DEBUG] armors=2, targets=1
[DEBUG] armors=2, targets=1
[DEBUG] armors=2, targets=1
[2026-09-09 20:26:27.512] [info] [SYNC][XUC] mode=1 yaw=-5.98 deg pitch=-0.74 deg feeder_rpm=0.00 wheel0_rpm=6240 wheel1_rpm=6320 wheel_delta=-80 projectile_speed=19.36 gate=0xFF switch=1 rc=1 sticks=1 imu=1 serial=1 control=1 yaw_armed=1 pitch_active=1
[DEBUG] armors=2, targets=1
[DEBUG] armors=1, targets=1
[DEBUG] armors=1, targets=1
[DEBUG] armors=1, targets=1
[DEBUG] armors=1, targets=1
[2026-09-09 20:26:27.593] [info] [GYROSCHED] cycle=50 due_in=+296.0 ms hit_in=591.9 ms period=321.1 ms window=11.09deg worst=8.01deg safe=true
[2026-09-09 20:26:27.595] [info] [SYNC][XUC] mode=1 yaw=-5.95 deg pitch=-0.65 deg feeder_rpm=0.00 wheel0_rpm=6400 wheel1_rpm=6480 wheel_delta=-80 projectile_speed=19.36 gate=0xFF switch=1 rc=1 sticks=1 imu=1 serial=1 control=1 yaw_armed=1 pitch_active=1
[2026-09-09 20:26:27.610] [info] [ASSOC] selected_face=3 cost=-0.076 detections=1 confidence=0.92
[DEBUG] armors=1, targets=1
[DEBUG] armors=0, targets=1
[DEBUG] armors=0, targets=1
[DEBUG] armors=1, targets=1
[2026-09-09 20:26:27.659] [info] [GYROPLL] phase_zero cycle=48 sample=308.1 ms periods=1 filtered=319.5 ms residual=+37.8 ms correction=+3.0 ms locks=48 locked=1 reacquired=0 rejects=0 omega=4.917 ekf_omega=+5.095
[DEBUG] armors=1, targets=1
[2026-09-09 20:26:27.678] [info] [SYNC][XUC] mode=1 yaw=-6.62 deg pitch=-0.71 deg feeder_rpm=-4.00 wheel0_rpm=6440 wheel1_rpm=6480 wheel_delta=-40 projectile_speed=19.36 gate=0xFF switch=1 rc=1 sticks=1 imu=1 serial=1 control=1 yaw_armed=1 pitch_active=1
[DEBUG] armors=1, targets=1
[2026-09-09 20:26:27.691] [info] [DRYRUN] measured_gimbal=(2.821,-0.053,-0.041) measured_world=(2.809,0.273,-0.006) tracked_world=(3.238,0.132,0.000) target_gimbal_deg=(-1.07,-0.83) target_world_deg=(5.55,-0.12) gimbal_deg=(6.62,-0.71) armor_y_px=619.8 pixel_error_deg=(2.27,1.96) ballistic=(range=2.822m holdover=0.101m comp=2.02deg residual=-0.06deg) q_wxyz=(0.998313,-0.000360,-0.006223,-0.057723) cmd_deg=(5.70,-0.82) packed_pitch_deg=-0.82 control=true shoot=false
[DEBUG] armors=1, targets=1
[DEBUG] armors=1, targets=1
[DEBUG] armors=0, targets=1
[DEBUG] armors=3, targets=1
[2026-09-09 20:26:27.762] [info] [SYNC][XUC] mode=1 yaw=-6.74 deg pitch=-0.69 deg feeder_rpm=0.00 wheel0_rpm=6440 wheel1_rpm=6480 wheel_delta=-40 projectile_speed=19.36 gate=0xFF switch=1 rc=1 sticks=1 imu=1 serial=1 control=1 yaw_armed=1 pitch_active=1
[DEBUG] armors=3, targets=1
[DEBUG] armors=3, targets=1
[DEBUG] armors=3, targets=1
[2026-09-09 20:26:27.811] [info] [GYROSCHED] cycle=50 due_in=+94.8 ms hit_in=373.2 ms period=319.5 ms window=11.09deg worst=8.04deg safe=true
[DEBUG] armors=2, targets=1
[DEBUG] armors=1, targets=1
[2026-09-09 20:26:27.848] [info] [SYNC][XUC] mode=1 yaw=-6.39 deg pitch=-0.66 deg feeder_rpm=-4.00 wheel0_rpm=6440 wheel1_rpm=6480 wheel_delta=-40 projectile_speed=19.36 gate=0xFF switch=1 rc=1 sticks=1 imu=1 serial=1 control=1 yaw_armed=1 pitch_active=1
[DEBUG] armors=2, targets=1
[DEBUG] armors=1, targets=1
[DEBUG] armors=1, targets=1
[DEBUG] armors=1, targets=1
[DEBUG] armors=0, targets=1
[2026-09-09 20:26:27.933] [info] [SYNC][XUC] mode=1 yaw=-6.49 deg pitch=-0.67 deg feeder_rpm=0.00 wheel0_rpm=6440 wheel1_rpm=6480 wheel_delta=-40 projectile_speed=19.36 gate=0xFF switch=1 rc=1 sticks=1 imu=1 serial=1 control=1 yaw_armed=1 pitch_active=1
[DEBUG] armors=0, targets=1
[DEBUG] armors=1, targets=1
[2026-09-09 20:26:27.964] [info] [GYROPLL] phase_zero cycle=49 sample=308.5 ms periods=1 filtered=318.1 ms residual=+23.9 ms correction=+3.0 ms locks=49 locked=1 reacquired=0 rejects=0 omega=4.938 ekf_omega=+5.094
[DEBUG] armors=1, targets=1
[DEBUG] armors=1, targets=1
[DEBUG] armors=1, targets=1
[2026-09-09 20:26:28.015] [info] [GYROSCHED] cycle=51 due_in=+183.0 ms hit_in=488.6 ms period=318.1 ms window=11.09deg worst=8.07deg safe=true
[2026-09-09 20:26:28.018] [info] [SYNC][XUC] mode=1 yaw=-7.96 deg pitch=-0.59 deg feeder_rpm=0.00 wheel0_rpm=6440 wheel1_rpm=6480 wheel_delta=-40 projectile_speed=19.36 gate=0xFF switch=1 rc=1 sticks=1 imu=1 serial=1 control=1 yaw_armed=1 pitch_active=1
[DEBUG] armors=3, targets=1
[2026-09-09 20:26:28.033] [info] [DRYRUN] measured_gimbal=(2.987,-0.173,-0.042) measured_world=(2.982,0.242,-0.012) tracked_world=(3.340,0.589,-0.006) target_gimbal_deg=(-3.32,-0.81) target_world_deg=(4.64,-0.22) gimbal_deg=(7.96,-0.59) armor_y_px=616.0 pixel_error_deg=(4.58,1.86) ballistic=(range=2.992m holdover=0.112m comp=2.10deg residual=-0.24deg) q_wxyz=(0.997577,-0.000355,-0.005100,-0.069377) cmd_deg=(5.85,-0.79) packed_pitch_deg=-0.79 control=true shoot=false
[DEBUG] armors=3, targets=1
[DEBUG] armors=2, targets=1
[DEBUG] armors=2, targets=1
[2026-09-09 20:26:28.086] [info] [XUC][FIRE] feeder recovery complete; fresh gyro qualification required
[DEBUG] armors=2, targets=1
[2026-09-09 20:26:28.105] [info] [SYNC][XUC] mode=1 yaw=-6.49 deg pitch=-0.65 deg feeder_rpm=0.00 wheel0_rpm=6440 wheel1_rpm=6480 wheel_delta=-40 projectile_speed=19.36 gate=0xFF switch=1 rc=1 sticks=1 imu=1 serial=1 control=1 yaw_armed=1 pitch_active=1
[DEBUG] armors=2, targets=1
[DEBUG] armors=2, targets=1
[DEBUG] armors=1, targets=1
[DEBUG] armors=1, targets=1
[DEBUG] armors=1, targets=1
[2026-09-09 20:26:28.188] [info] [GYROSCHED] cycle=51 due_in=+16.5 ms hit_in=315.8 ms period=318.1 ms window=11.08deg worst=8.07deg safe=true
[2026-09-09 20:26:28.188] [info] [XUC][FIRE] stable-window candidate started
[2026-09-09 20:26:28.188] [info] [XUC][FIRE] qualified after 0 ms/1 frames, current_pixel_error_deg=(-2.68,-0.22) predicted_impact_yaw_error_deg=0.48 gyro_predict=true face_error=15.78deg omega=+5.005rad_s armed=true
[2026-09-09 20:26:28.205] [info] [SHOT] id=14 issue mode=1 gyro=1 event=1 cycle=51 processing_age_ms=47.9 due_error_ms=+0.06 period_ms=318.1 window_deg=11.08 worst_deg=8.07
[2026-09-09 20:26:28.207] [info] [SYNC][XUC] mode=1 yaw=-6.09 deg pitch=-0.68 deg feeder_rpm=-4.00 wheel0_rpm=6440 wheel1_rpm=6480 wheel_delta=-40 projectile_speed=19.36 gate=0xFF switch=1 rc=1 sticks=1 imu=1 serial=1 control=1 yaw_armed=1 pitch_active=1
[DEBUG] armors=1, targets=1
[2026-09-09 20:26:28.220] [info] [XUC][FIRE] gyro request inhibited during feeder recovery
[2026-09-09 20:26:28.220] [info] [XUC][FIRE] stable window reset
[2026-09-09 20:26:28.222] [info] [PERF] 总耗时=15.0ms (检测=12.3ms, 跟踪=0.4ms), FPS=66.6
[2026-09-09 20:26:28.222] [info] 📊 [CAMERA FPS] 瞬时帧率=66.4fps, 平均帧率=58.0fps, 总帧数=950, 运行时间=16.4s
[DEBUG] armors=1, targets=1
[2026-09-09 20:26:28.238] [info] [SHOT] id=14 feeder_start command_to_feeder_ms=33.6 rpm=1336
[DEBUG] armors=1, targets=1
[2026-09-09 20:26:28.253] [info] [GYROPLL] phase_zero cycle=50 sample=328.7 ms periods=1 filtered=319.0 ms residual=+31.4 ms correction=+3.0 ms locks=50 locked=1 reacquired=0 rejects=0 omega=4.924 ekf_omega=+4.994
[DEBUG] armors=1, targets=1
[DEBUG] armors=1, targets=1
[2026-09-09 20:26:28.287] [info] [SYNC][XUC] mode=1 yaw=-6.06 deg pitch=-0.65 deg feeder_rpm=2054.00 wheel0_rpm=6440 wheel1_rpm=6480 wheel_delta=-40 projectile_speed=19.36 gate=0xFF switch=1 rc=1 sticks=1 imu=1 serial=1 control=1 yaw_armed=1 pitch_active=1
[DEBUG] armors=1, targets=1
[DEBUG] armors=1, targets=1
[2026-09-09 20:26:28.319] [info] [B2DIAG] auto=1 control=1 conv=1 oneface_gate=1 armed=1 motion=1 cadence=0 dyaw_fresh=1 dpitch_fresh=1 yawgate=0 event=1 safe=1 due_ms=+207.0 window_deg=11.09 worst_deg=8.05 yawerr_deg=1.61 pitcherr_deg=-0.14
[DEBUG] armors=1, targets=1
[DEBUG] armors=2, targets=1
[DEBUG] armors=2, targets=1
[2026-09-09 20:26:28.371] [info] [GYROSCHED] cycle=52 due_in=+152.4 ms hit_in=456.1 ms period=319.0 ms window=11.09deg worst=8.05deg safe=true
[2026-09-09 20:26:28.373] [info] [SYNC][XUC] mode=1 yaw=-6.10 deg pitch=-0.65 deg feeder_rpm=1340.00 wheel0_rpm=6440 wheel1_rpm=6520 wheel_delta=-80 projectile_speed=19.36 gate=0xFF switch=1 rc=1 sticks=1 imu=1 serial=1 control=1 yaw_armed=1 pitch_active=1
[DEBUG] armors=2, targets=1
[2026-09-09 20:26:28.388] [info] [DRYRUN] measured_gimbal=(2.927,-0.117,-0.044) measured_world=(2.923,0.195,-0.011) tracked_world=(2.854,0.636,-0.004) target_gimbal_deg=(-2.28,-0.86) target_world_deg=(3.82,-0.21) gimbal_deg=(6.10,-0.65) armor_y_px=619.1 pixel_error_deg=(3.50,1.94) ballistic=(range=2.929m holdover=0.108m comp=2.07deg residual=-0.13deg) q_wxyz=(0.998567,-0.000303,-0.005685,-0.053219) cmd_deg=(5.79,-0.76) packed_pitch_deg=-0.76 control=true shoot=false
[2026-09-09 20:26:28.391] [info] [SHOT] id=14 feeder_stop feeder_motion_ms=152.3
[2026-09-09 20:26:28.391] [info] [XUC][FIRE] feeder stopped; gyro recovery hold started for 600 ms
[DEBUG] armors=3, targets=1
[DEBUG] armors=2, targets=1
[DEBUG] armors=4, targets=1
[DEBUG] armors=3, targets=1
[2026-09-09 20:26:28.460] [info] [SYNC][XUC] mode=1 yaw=-6.08 deg pitch=-0.54 deg feeder_rpm=0.00 wheel0_rpm=6280 wheel1_rpm=6360 wheel_delta=-80 projectile_speed=19.36 gate=0xFF switch=1 rc=1 sticks=1 imu=1 serial=1 control=1 yaw_armed=1 pitch_active=1
[DEBUG] armors=2, targets=1
[DEBUG] armors=2, targets=1
[DEBUG] armors=1, targets=1
[DEBUG] armors=1, targets=1
[DEBUG] armors=1, targets=1
[2026-09-09 20:26:28.542] [info] [GYROSCHED] cycle=53 due_in=+301.7 ms hit_in=603.9 ms period=319.0 ms window=11.08deg worst=8.05deg safe=true
[2026-09-09 20:26:28.544] [info] [SYNC][XUC] mode=1 yaw=-6.07 deg pitch=-0.48 deg feeder_rpm=-4.00 wheel0_rpm=6400 wheel1_rpm=6440 wheel_delta=-40 projectile_speed=19.36 gate=0xFF switch=1 rc=1 sticks=1 imu=1 serial=1 control=1 yaw_armed=1 pitch_active=1
[DEBUG] armors=0, targets=1
[DEBUG] armors=0, targets=1
[DEBUG] armors=0, targets=1
[2026-09-09 20:26:28.609] [info] [ASSOC] selected_face=0 cost=-0.082 detections=1 confidence=0.90
[DEBUG] armors=1, targets=1
[2026-09-09 20:26:28.609] [info] [GYROPLL] phase_zero cycle=51 sample=319.1 ms periods=1 filtered=318.9 ms residual=+28.5 ms correction=+3.0 ms locks=51 locked=1 reacquired=0 rejects=0 omega=4.926 ekf_omega=+5.018
[DEBUG] armors=1, targets=1
[2026-09-09 20:26:28.628] [info] [SYNC][XUC] mode=1 yaw=-6.46 deg pitch=-0.54 deg feeder_rpm=0.00 wheel0_rpm=6440 wheel1_rpm=6480 wheel_delta=-40 projectile_speed=19.36 gate=0xFF switch=1 rc=1 sticks=1 imu=1 serial=1 control=1 yaw_armed=1 pitch_active=1
[DEBUG] armors=1, targets=1
[DEBUG] armors=0, targets=1
[DEBUG] armors=1, targets=1
[DEBUG] armors=2, targets=1
[DEBUG] armors=3, targets=1
[2026-09-09 20:26:28.711] [info] [SYNC][XUC] mode=1 yaw=-7.50 deg pitch=-0.47 deg feeder_rpm=0.00 wheel0_rpm=6440 wheel1_rpm=6480 wheel_delta=-40 projectile_speed=19.36 gate=0xFF switch=1 rc=1 sticks=1 imu=1 serial=1 control=1 yaw_armed=1 pitch_active=1
[DEBUG] armors=2, targets=1
[2026-09-09 20:26:28.726] [info] [DRYRUN] measured_gimbal=(3.125,0.243,-0.034) measured_world=(3.067,0.649,-0.009) tracked_world=(2.840,0.158,-0.005) target_gimbal_deg=(4.45,-0.63) target_world_deg=(11.95,-0.16) gimbal_deg=(7.50,-0.47) armor_y_px=606.4 pixel_error_deg=(-3.20,1.63) ballistic=(range=3.135m holdover=0.122m comp=2.18deg residual=-0.55deg) q_wxyz=(0.997849,-0.000268,-0.004087,-0.065425) cmd_deg=(5.80,-0.76) packed_pitch_deg=-0.76 control=true shoot=false
[DEBUG] armors=2, targets=1
[DEBUG] armors=3, targets=1
[DEBUG] armors=2, targets=1
[2026-09-09 20:26:28.779] [info] [GYROSCHED] cycle=53 due_in=+79.2 ms hit_in=370.0 ms period=318.9 ms window=11.08deg worst=8.06deg safe=true
[DEBUG] armors=2, targets=1
[2026-09-09 20:26:28.798] [info] [SYNC][XUC] mode=1 yaw=-6.61 deg pitch=-0.48 deg feeder_rpm=0.00 wheel0_rpm=6440 wheel1_rpm=6480 wheel_delta=-40 projectile_speed=19.36 gate=0xFF switch=1 rc=1 sticks=1 imu=1 serial=1 control=1 yaw_armed=1 pitch_active=1
[DEBUG] armors=2, targets=1
[DEBUG] armors=1, targets=1
[DEBUG] armors=1, targets=1
[DEBUG] armors=1, targets=1
[DEBUG] armors=1, targets=1
[2026-09-09 20:26:28.883] [info] [SYNC][XUC] mode=1 yaw=-6.42 deg pitch=-0.49 deg feeder_rpm=0.00 wheel0_rpm=6440 wheel1_rpm=6480 wheel_delta=-40 projectile_speed=19.36 gate=0xFF switch=1 rc=1 sticks=1 imu=1 serial=1 control=1 yaw_armed=1 pitch_active=1
[DEBUG] armors=1, targets=1
[2026-09-09 20:26:28.898] [info] [GYROPLL] phase_zero cycle=52 sample=322.9 ms periods=1 filtered=318.8 ms residual=+29.5 ms correction=+3.0 ms locks=52 locked=1 reacquired=0 rejects=0 omega=4.927 ekf_omega=+4.965
[DEBUG] armors=1, targets=1
[DEBUG] armors=1, targets=1
[DEBUG] armors=1, targets=1
[2026-09-09 20:26:28.949] [info] [GYROSCHED] cycle=54 due_in=+221.9 ms hit_in=521.1 ms period=318.8 ms window=11.08deg worst=8.06deg safe=true
[DEBUG] armors=1, targets=1
[2026-09-09 20:26:28.969] [info] [SYNC][XUC] mode=1 yaw=-6.41 deg pitch=-0.52 deg feeder_rpm=0.00 wheel0_rpm=6440 wheel1_rpm=6480 wheel_delta=-40 projectile_speed=19.36 gate=0xFF switch=1 rc=1 sticks=1 imu=1 serial=1 control=1 yaw_armed=1 pitch_active=1
[DEBUG] armors=1, targets=1
[DEBUG] armors=2, targets=1
[DEBUG] armors=3, targets=1
[DEBUG] armors=2, targets=1
[2026-09-09 20:26:29.034] [info] [XUC][FIRE] feeder recovery complete; fresh gyro qualification required
[DEBUG] armors=2, targets=1
[2026-09-09 20:26:29.053] [info] [SYNC][XUC] mode=1 yaw=-6.41 deg pitch=-0.51 deg feeder_rpm=-4.00 wheel0_rpm=6440 wheel1_rpm=6480 wheel_delta=-40 projectile_speed=19.36 gate=0xFF switch=1 rc=1 sticks=1 imu=1 serial=1 control=1 yaw_armed=1 pitch_active=1
[DEBUG] armors=2, targets=1
[2026-09-09 20:26:29.068] [info] [DRYRUN] measured_gimbal=(3.318,-0.178,-0.053) measured_world=(3.318,0.193,-0.023) tracked_world=(3.334,0.216,-0.007) target_gimbal_deg=(-3.08,-0.91) target_world_deg=(3.33,-0.40) gimbal_deg=(6.41,-0.51) armor_y_px=615.3 pixel_error_deg=(4.40,1.85) ballistic=(range=3.323m holdover=0.135m comp=2.28deg residual=-0.43deg) q_wxyz=(0.998427,-0.000250,-0.004465,-0.055896) cmd_deg=(5.67,-0.74) packed_pitch_deg=-0.74 control=true shoot=false
[2026-09-09 20:26:29.070] [info] [PERF] 总耗时=17.0ms (检测=13.4ms, 跟踪=0.8ms), FPS=58.7
[2026-09-09 20:26:29.070] [info] 📊 [CAMERA FPS] 瞬时帧率=58.1fps, 平均帧率=58.0fps, 总帧数=1000, 运行时间=17.2s
[DEBUG] armors=2, targets=1
[DEBUG] armors=2, targets=1
[DEBUG] armors=2, targets=1
[2026-09-09 20:26:29.119] [info] [GYROSCHED] cycle=54 due_in=+76.7 ms hit_in=351.0 ms period=318.8 ms window=11.08deg worst=8.06deg safe=true
[DEBUG] armors=2, targets=1
[2026-09-09 20:26:29.139] [info] [SYNC][XUC] mode=1 yaw=-6.40 deg pitch=-0.52 deg feeder_rpm=0.00 wheel0_rpm=6440 wheel1_rpm=6480 wheel_delta=-40 projectile_speed=19.36 gate=0xFF switch=1 rc=1 sticks=1 imu=1 serial=1 control=1 yaw_armed=1 pitch_active=1
[DEBUG] armors=1, targets=1
[DEBUG] armors=1, targets=1
[2026-09-09 20:26:29.171] [info] [B2DIAG] auto=1 control=1 conv=1 oneface_gate=1 armed=1 motion=1 cadence=1 dyaw_fresh=1 dpitch_fresh=1 yawgate=1 event=1 safe=1 due_ms=+6.0 window_deg=11.08 worst_deg=8.06 yawerr_deg=-1.20 pitcherr_deg=-0.25
[2026-09-09 20:26:29.171] [info] [XUC][FIRE] stable-window candidate started
[2026-09-09 20:26:29.171] [info] [XUC][FIRE] qualified after 0 ms/1 frames, current_pixel_error_deg=(-1.20,-0.25) predicted_impact_yaw_error_deg=-0.56 gyro_predict=true face_error=16.80deg omega=+4.894rad_s armed=true
[2026-09-09 20:26:29.177] [info] [SHOT] id=15 issue mode=1 gyro=1 event=1 cycle=54 processing_age_ms=33.2 due_error_ms=+0.18 period_ms=318.8 window_deg=11.08 worst_deg=8.06
[DEBUG] armors=1, targets=1
[2026-09-09 20:26:29.193] [info] [XUC][FIRE] gyro request inhibited during feeder recovery
[2026-09-09 20:26:29.193] [info] [XUC][FIRE] stable window reset
[DEBUG] armors=0, targets=1
[2026-09-09 20:26:29.211] [info] [SHOT] id=15 feeder_start command_to_feeder_ms=33.9 rpm=955
[DEBUG] armors=1, targets=1
[2026-09-09 20:26:29.226] [info] [GYROPLL] phase_zero cycle=53 sample=325.9 ms periods=1 filtered=319.4 ms residual=+33.6 ms correction=+3.0 ms locks=53 locked=1 reacquired=0 rejects=0 omega=4.917 ekf_omega=+4.964
[2026-09-09 20:26:29.228] [info] [SYNC][XUC] mode=1 yaw=-6.39 deg pitch=-0.50 deg feeder_rpm=1933.00 wheel0_rpm=6440 wheel1_rpm=6480 wheel_delta=-40 projectile_speed=19.36 gate=0xFF switch=1 rc=1 sticks=1 imu=1 serial=1 control=1 yaw_armed=1 pitch_active=1
[DEBUG] armors=1, targets=1
[DEBUG] armors=1, targets=1
[DEBUG] armors=1, targets=1
[DEBUG] armors=1, targets=1
[DEBUG] armors=2, targets=1
[2026-09-09 20:26:29.311] [info] [GYROSCHED] cycle=55 due_in=+175.2 ms hit_in=482.5 ms period=319.4 ms window=11.08deg worst=8.04deg safe=true
[2026-09-09 20:26:29.314] [info] [SYNC][XUC] mode=1 yaw=-6.39 deg pitch=-0.48 deg feeder_rpm=2058.00 wheel0_rpm=6440 wheel1_rpm=6480 wheel_delta=-40 projectile_speed=19.36 gate=0xFF switch=1 rc=1 sticks=1 imu=1 serial=1 control=1 yaw_armed=1 pitch_active=1
[DEBUG] armors=3, targets=1
[DEBUG] armors=1, targets=1
[DEBUG] armors=1, targets=1
[2026-09-09 20:26:29.364] [info] [SHOT] id=15 feeder_stop feeder_motion_ms=153.3
[2026-09-09 20:26:29.364] [info] [XUC][FIRE] feeder stopped; gyro recovery hold started for 600 ms
[DEBUG] armors=2, targets=1
[DEBUG] armors=2, targets=1
[2026-09-09 20:26:29.398] [info] [SYNC][XUC] mode=1 yaw=-6.36 deg pitch=-0.52 deg feeder_rpm=0.00 wheel0_rpm=6280 wheel1_rpm=6360 wheel_delta=-80 projectile_speed=19.36 gate=0xFF switch=1 rc=1 sticks=1 imu=1 serial=1 control=1 yaw_armed=1 pitch_active=1
[DEBUG] armors=2, targets=1
[2026-09-09 20:26:29.413] [info] [DRYRUN] measured_gimbal=(2.858,0.255,-0.033) measured_world=(2.813,0.570,-0.007) tracked_world=(3.231,0.725,-0.005) target_gimbal_deg=(5.09,-0.66) target_world_deg=(11.45,-0.14) gimbal_deg=(6.36,-0.52) armor_y_px=612.2 pixel_error_deg=(-3.89,1.77) ballistic=(range=2.870m holdover=0.105m comp=2.04deg residual=-0.27deg) q_wxyz=(0.998452,-0.000253,-0.004554,-0.055431) cmd_deg=(6.03,-0.77) packed_pitch_deg=-0.77 control=true shoot=false
[DEBUG] armors=1, targets=1
[DEBUG] armors=1, targets=1
[DEBUG] armors=1, targets=1
[DEBUG] armors=1, targets=1
[2026-09-09 20:26:29.482] [info] [GYROSCHED] cycle=55 due_in=+16.5 ms hit_in=311.3 ms period=319.4 ms window=11.08deg worst=8.04deg safe=true
[2026-09-09 20:26:29.485] [info] [SYNC][XUC] mode=1 yaw=-6.34 deg pitch=-0.48 deg feeder_rpm=-4.00 wheel0_rpm=6360 wheel1_rpm=6440 wheel_delta=-80 projectile_speed=19.36 gate=0xFF switch=1 rc=1 sticks=1 imu=1 serial=1 control=1 yaw_armed=1 pitch_active=1
[DEBUG] armors=0, targets=1
[DEBUG] armors=0, targets=1
[DEBUG] armors=0, targets=1
[2026-09-09 20:26:29.547] [info] [ASSOC] selected_face=1 cost=-0.065 detections=1 confidence=0.94
[DEBUG] armors=1, targets=1
[2026-09-09 20:26:29.548] [info] [GYROPLL] phase_zero cycle=54 sample=299.5 ms periods=1 filtered=318.9 ms residual=+10.7 ms correction=+1.6 ms locks=54 locked=1 reacquired=0 rejects=0 omega=4.926 ekf_omega=+5.204
[DEBUG] armors=1, targets=1
[2026-09-09 20:26:29.568] [info] [SYNC][XUC] mode=1 yaw=-7.49 deg pitch=-0.53 deg feeder_rpm=0.00 wheel0_rpm=6400 wheel1_rpm=6520 wheel_delta=-120 projectile_speed=19.36 gate=0xFF switch=1 rc=1 sticks=1 imu=1 serial=1 control=1 yaw_armed=1 pitch_active=1
[DEBUG] armors=1, targets=1
[DEBUG] armors=0, targets=1
[DEBUG] armors=0, targets=1
[DEBUG] armors=0, targets=1
[DEBUG] armors=2, targets=1
[2026-09-09 20:26:29.653] [info] [SYNC][XUC] mode=1 yaw=-9.21 deg pitch=-0.46 deg feeder_rpm=0.00 wheel0_rpm=6440 wheel1_rpm=6520 wheel_delta=-80 projectile_speed=19.36 gate=0xFF switch=1 rc=1 sticks=1 imu=1 serial=1 control=1 yaw_armed=1 pitch_active=1
[DEBUG] armors=3, targets=1
[DEBUG] armors=3, targets=1
[DEBUG] armors=3, targets=1
[DEBUG] armors=3, targets=1
[DEBUG] armors=2, targets=1
[2026-09-09 20:26:29.741] [info] [SYNC][XUC] mode=1 yaw=-7.32 deg pitch=-0.46 deg feeder_rpm=0.00 wheel0_rpm=6440 wheel1_rpm=6480 wheel_delta=-40 projectile_speed=19.36 gate=0xFF switch=1 rc=1 sticks=1 imu=1 serial=1 control=1 yaw_armed=1 pitch_active=1
[DEBUG] armors=2, targets=1
[2026-09-09 20:26:29.756] [info] [GYROSCHED] cycle=56 due_in=+64.3 ms hit_in=357.7 ms period=318.9 ms window=11.08deg worst=8.06deg safe=true
[2026-09-09 20:26:29.756] [info] [DRYRUN] measured_gimbal=(2.693,0.161,-0.021) measured_world=(2.651,0.503,0.001) tracked_world=(2.772,0.526,-0.003) target_gimbal_deg=(3.43,-0.44) target_world_deg=(10.75,0.02) gimbal_deg=(7.32,-0.46) armor_y_px=606.1 pixel_error_deg=(-2.28,1.62) ballistic=(range=2.698m holdover=0.095m comp=1.97deg residual=-0.35deg) q_wxyz=(0.997952,-0.000257,-0.004010,-0.063840) cmd_deg=(6.51,-0.78) packed_pitch_deg=-0.78 control=true shoot=false
[DEBUG] armors=2, targets=1
[DEBUG] armors=1, targets=1
[DEBUG] armors=1, targets=1
[DEBUG] armors=1, targets=1
[2026-09-09 20:26:29.824] [info] [SYNC][XUC] mode=1 yaw=-5.97 deg pitch=-0.48 deg feeder_rpm=0.00 wheel0_rpm=6440 wheel1_rpm=6480 wheel_delta=-40 projectile_speed=19.36 gate=0xFF switch=1 rc=1 sticks=1 imu=1 serial=1 control=1 yaw_armed=1 pitch_active=1
[DEBUG] armors=1, targets=1
[2026-09-09 20:26:29.839] [info] [GYROPLL] phase_zero cycle=55 sample=317.9 ms periods=1 filtered=318.7 ms residual=+8.1 ms correction=+1.2 ms locks=55 locked=1 reacquired=0 rejects=0 omega=4.929 ekf_omega=+5.030
[DEBUG] armors=1, targets=1
[DEBUG] armors=1, targets=1
[DEBUG] armors=1, targets=1
[DEBUG] armors=1, targets=1
[2026-09-09 20:26:29.910] [info] [SYNC][XUC] mode=1 yaw=-6.06 deg pitch=-0.51 deg feeder_rpm=-4.00 wheel0_rpm=6440 wheel1_rpm=6480 wheel_delta=-40 projectile_speed=19.36 gate=0xFF switch=1 rc=1 sticks=1 imu=1 serial=1 control=1 yaw_armed=1 pitch_active=1
[DEBUG] armors=1, targets=1
[2026-09-09 20:26:29.924] [info] [GYROSCHED] cycle=57 due_in=+210.3 ms hit_in=508.9 ms period=318.7 ms window=11.08deg worst=8.06deg safe=true
[2026-09-09 20:26:29.926] [info] [PERF] 总耗时=16.5ms (检测=13.8ms, 跟踪=0.5ms), FPS=60.4
[2026-09-09 20:26:29.926] [info] 📊 [CAMERA FPS] 瞬时帧率=60.3fps, 平均帧率=58.0fps, 总帧数=1050, 运行时间=18.1s
[DEBUG] armors=2, targets=1
[DEBUG] armors=2, targets=1
[DEBUG] armors=2, targets=1
[DEBUG] armors=2, targets=1
[2026-09-09 20:26:29.995] [info] [SYNC][XUC] mode=1 yaw=-6.02 deg pitch=-0.52 deg feeder_rpm=0.00 wheel0_rpm=6440 wheel1_rpm=6480 wheel_delta=-40 projectile_speed=19.36 gate=0xFF switch=1 rc=1 sticks=1 imu=1 serial=1 control=1 yaw_armed=1 pitch_active=1
[DEBUG] armors=2, targets=1
[2026-09-09 20:26:30.010] [info] [XUC][FIRE] feeder recovery complete; fresh gyro qualification required
[DEBUG] armors=2, targets=1
[2026-09-09 20:26:30.026] [info] [B2DIAG] auto=1 control=1 conv=1 oneface_gate=1 armed=1 motion=1 cadence=1 dyaw_fresh=1 dpitch_fresh=1 yawgate=0 event=1 safe=1 due_ms=+94.6 window_deg=11.07 worst_deg=8.06 yawerr_deg=-4.32 pitcherr_deg=-0.46
[DEBUG] armors=2, targets=1
[DEBUG] armors=2, targets=1
[DEBUG] armors=2, targets=1
[2026-09-09 20:26:30.079] [info] [SYNC][XUC] mode=1 yaw=-6.02 deg pitch=-0.51 deg feeder_rpm=0.00 wheel0_rpm=6440 wheel1_rpm=6480 wheel_delta=-40 projectile_speed=19.36 gate=0xFF switch=1 rc=1 sticks=1 imu=1 serial=1 control=1 yaw_armed=1 pitch_active=1
[DEBUG] armors=2, targets=1
[2026-09-09 20:26:30.094] [info] [GYROSCHED] cycle=57 due_in=+41.7 ms hit_in=339.3 ms period=318.7 ms window=11.08deg worst=8.06deg safe=true
[2026-09-09 20:26:30.094] [info] [DRYRUN] measured_gimbal=(2.772,0.190,-0.025) measured_world=(2.737,0.479,0.000) tracked_world=(2.965,0.096,-0.004) target_gimbal_deg=(3.91,-0.51) target_world_deg=(9.93,0.00) gimbal_deg=(6.02,-0.51) armor_y_px=607.6 pixel_error_deg=(-2.74,1.66) ballistic=(range=2.779m holdover=0.099m comp=2.00deg residual=-0.34deg) q_wxyz=(0.998611,-0.000236,-0.004481,-0.052491) cmd_deg=(5.70,-0.80) packed_pitch_deg=-0.80 control=true shoot=false
[DEBUG] armors=1, targets=1
[DEBUG] armors=1, targets=1
[2026-09-09 20:26:30.125] [info] [XUC][FIRE] stable-window candidate started
[2026-09-09 20:26:30.125] [info] [XUC][FIRE] qualified after 0 ms/1 frames, current_pixel_error_deg=(-1.79,-0.30) predicted_impact_yaw_error_deg=-0.42 gyro_predict=true face_error=11.72deg omega=+4.785rad_s armed=true
[2026-09-09 20:26:30.136] [info] [SHOT] id=16 issue mode=1 gyro=1 event=1 cycle=57 processing_age_ms=39.0 due_error_ms=+0.06 period_ms=318.7 window_deg=11.08 worst_deg=8.06
[DEBUG] armors=1, targets=1
[2026-09-09 20:26:30.152] [info] [XUC][FIRE] gyro request inhibited during feeder recovery
[2026-09-09 20:26:30.152] [info] [XUC][FIRE] stable window reset
[DEBUG] armors=1, targets=1
[2026-09-09 20:26:30.170] [info] [SHOT] id=16 feeder_start command_to_feeder_ms=34.0 rpm=1398
[2026-09-09 20:26:30.170] [info] [SYNC][XUC] mode=1 yaw=-6.02 deg pitch=-0.52 deg feeder_rpm=1398.00 wheel0_rpm=6440 wheel1_rpm=6480 wheel_delta=-40 projectile_speed=19.36 gate=0xFF switch=1 rc=1 sticks=1 imu=1 serial=1 control=1 yaw_armed=1 pitch_active=1
[DEBUG] armors=1, targets=1
[2026-09-09 20:26:30.184] [info] [GYROPLL] phase_zero cycle=56 sample=343.6 ms periods=1 filtered=319.7 ms residual=+31.8 ms correction=+3.0 ms locks=56 locked=1 reacquired=0 rejects=0 omega=4.913 ekf_omega=+4.785
[DEBUG] armors=1, targets=1
[DEBUG] armors=1, targets=1
[DEBUG] armors=1, targets=1
[DEBUG] armors=1, targets=1
[2026-09-09 20:26:30.255] [info] [SYNC][XUC] mode=1 yaw=-6.02 deg pitch=-0.51 deg feeder_rpm=2160.00 wheel0_rpm=6440 wheel1_rpm=6480 wheel_delta=-40 projectile_speed=19.36 gate=0xFF switch=1 rc=1 sticks=1 imu=1 serial=1 control=1 yaw_armed=1 pitch_active=1
[DEBUG] armors=2, targets=1
[2026-09-09 20:26:30.270] [info] [GYROSCHED] cycle=58 due_in=+185.6 ms hit_in=487.1 ms period=319.7 ms window=11.08deg worst=8.04deg safe=true
[DEBUG] armors=2, targets=1
[DEBUG] armors=3, targets=1
[2026-09-09 20:26:30.307] [info] [SHOT] id=16 feeder_stop feeder_motion_ms=137.4
[2026-09-09 20:26:30.307] [info] [XUC][FIRE] feeder stopped; gyro recovery hold started for 600 ms
[DEBUG] armors=1, targets=1
[DEBUG] armors=2, targets=1
[2026-09-09 20:26:30.341] [info] [SYNC][XUC] mode=1 yaw=-6.03 deg pitch=-0.77 deg feeder_rpm=-15.00 wheel0_rpm=6200 wheel1_rpm=6240 wheel_delta=-40 projectile_speed=19.36 gate=0xFF switch=1 rc=1 sticks=1 imu=1 serial=1 control=1 yaw_armed=1 pitch_active=1
[DEBUG] armors=3, targets=1
[DEBUG] armors=2, targets=1
[DEBUG] armors=2, targets=1
[DEBUG] armors=2, targets=1
[DEBUG] armors=2, targets=1
[2026-09-09 20:26:30.429] [info] [SYNC][XUC] mode=1 yaw=-5.98 deg pitch=-0.58 deg feeder_rpm=0.00 wheel0_rpm=6360 wheel1_rpm=6440 wheel_delta=-80 projectile_speed=19.36 gate=0xFF switch=1 rc=1 sticks=1 imu=1 serial=1 control=1 yaw_armed=1 pitch_active=1
[DEBUG] armors=1, targets=1
[2026-09-09 20:26:30.443] [info] [GYROSCHED] cycle=58 due_in=+32.8 ms hit_in=314.1 ms period=319.7 ms window=11.07deg worst=8.04deg safe=true
[2026-09-09 20:26:30.443] [info] [DRYRUN] measured_gimbal=(2.460,0.140,-0.020) measured_world=(2.432,0.395,0.005) tracked_world=(3.462,0.327,-0.011) target_gimbal_deg=(3.25,-0.45) target_world_deg=(9.23,0.12) gimbal_deg=(5.98,-0.58) armor_y_px=612.0 pixel_error_deg=(-2.18,1.77) ballistic=(range=2.464m holdover=0.082m comp=1.87deg residual=-0.10deg) q_wxyz=(0.998626,-0.000262,-0.005012,-0.052160) cmd_deg=(5.46,-0.77) packed_pitch_deg=-0.77 control=true shoot=false
[2026-09-09 20:26:30.459] [info] [ASSOC] selected_face=2 cost=-0.012 detections=1 confidence=0.74
[DEBUG] armors=1, targets=1
[DEBUG] armors=1, targets=1
[DEBUG] armors=0, targets=1
[DEBUG] armors=0, targets=1
[2026-09-09 20:26:30.510] [info] [SYNC][XUC] mode=1 yaw=-6.00 deg pitch=-0.56 deg feeder_rpm=0.00 wheel0_rpm=6400 wheel1_rpm=6480 wheel_delta=-80 projectile_speed=19.36 gate=0xFF switch=1 rc=1 sticks=1 imu=1 serial=1 control=1 yaw_armed=1 pitch_active=1
[DEBUG] armors=1, targets=1
[2026-09-09 20:26:30.525] [info] [GYROPLL] phase_zero cycle=57 sample=329.6 ms periods=1 filtered=320.3 ms residual=+38.7 ms correction=+3.0 ms locks=57 locked=1 reacquired=0 rejects=0 omega=4.904 ekf_omega=+4.865
[DEBUG] armors=1, targets=1
[DEBUG] armors=1, targets=1
[DEBUG] armors=2, targets=1
[DEBUG] armors=1, targets=1
[2026-09-09 20:26:30.596] [info] [SYNC][XUC] mode=1 yaw=-6.40 deg pitch=-0.50 deg feeder_rpm=0.00 wheel0_rpm=6440 wheel1_rpm=6480 wheel_delta=-40 projectile_speed=19.36 gate=0xFF switch=1 rc=1 sticks=1 imu=1 serial=1 control=1 yaw_armed=1 pitch_active=1
[DEBUG] armors=1, targets=1
[DEBUG] armors=2, targets=1
[DEBUG] armors=2, targets=1
[2026-09-09 20:26:30.643] [info] [GYROSCHED] cycle=59 due_in=+130.3 ms hit_in=437.9 ms period=320.3 ms window=11.07deg worst=8.02deg safe=true
[DEBUG] armors=2, targets=1
[DEBUG] armors=2, targets=1
[2026-09-09 20:26:30.677] [info] [SYNC][XUC] mode=1 yaw=-6.16 deg pitch=-0.53 deg feeder_rpm=0.00 wheel0_rpm=6440 wheel1_rpm=6480 wheel_delta=-40 projectile_speed=19.36 gate=0xFF switch=1 rc=1 sticks=1 imu=1 serial=1 control=1 yaw_armed=1 pitch_active=1
[DEBUG] armors=3, targets=1
[DEBUG] armors=2, targets=1
[DEBUG] armors=1, targets=1
[DEBUG] armors=1, targets=1
[DEBUG] armors=1, targets=1
[2026-09-09 20:26:30.760] [info] [SYNC][XUC] mode=1 yaw=-6.22 deg pitch=-0.53 deg feeder_rpm=0.00 wheel0_rpm=6440 wheel1_rpm=6480 wheel_delta=-40 projectile_speed=19.36 gate=0xFF switch=1 rc=1 sticks=1 imu=1 serial=1 control=1 yaw_armed=1 pitch_active=1
[DEBUG] armors=1, targets=1
[2026-09-09 20:26:30.774] [info] [DRYRUN] measured_gimbal=(2.671,0.140,-0.027) measured_world=(2.640,0.428,-0.002) tracked_world=(3.111,0.776,-0.005) target_gimbal_deg=(2.99,-0.58) target_world_deg=(9.21,-0.05) gimbal_deg=(6.22,-0.53) armor_y_px=612.3 pixel_error_deg=(-1.85,1.77) ballistic=(range=2.674m holdover=0.093m comp=1.95deg residual=-0.18deg) q_wxyz=(0.998516,-0.000249,-0.004582,-0.054258) cmd_deg=(6.48,-0.76) packed_pitch_deg=-0.76 control=true shoot=false
[2026-09-09 20:26:30.776] [info] [PERF] 总耗时=15.5ms (检测=12.7ms, 跟踪=0.5ms), FPS=64.5
[2026-09-09 20:26:30.776] [info] 📊 [CAMERA FPS] 瞬时帧率=64.3fps, 平均帧率=58.1fps, 总帧数=1100, 运行时间=18.9s
[DEBUG] armors=1, targets=1
[DEBUG] armors=1, targets=1
[2026-09-09 20:26:30.807] [info] [GYROPLL] phase_zero cycle=58 sample=297.7 ms periods=1 filtered=320.3 ms residual=+13.1 ms correction=+2.0 ms locks=58 locked=1 reacquired=0 rejects=0 omega=4.904 ekf_omega=+5.163
[2026-09-09 20:26:30.807] [info] [GYROSCHED] cycle=60 due_in=+297.8 ms hit_in=595.6 ms period=320.3 ms window=11.06deg worst=8.02deg safe=true
[DEBUG] armors=1, targets=1
[DEBUG] armors=1, targets=1
[2026-09-09 20:26:30.844] [info] [SYNC][XUC] mode=1 yaw=-6.20 deg pitch=-0.53 deg feeder_rpm=0.00 wheel0_rpm=6440 wheel1_rpm=6480 wheel_delta=-40 projectile_speed=19.36 gate=0xFF switch=1 rc=1 sticks=1 imu=1 serial=1 control=1 yaw_armed=1 pitch_active=1
[DEBUG] armors=1, targets=1
[DEBUG] armors=1, targets=1
[2026-09-09 20:26:30.875] [info] [B2DIAG] auto=1 control=1 conv=1 oneface_gate=1 armed=1 motion=1 cadence=0 dyaw_fresh=1 dpitch_fresh=1 yawgate=0 event=1 safe=1 due_ms=+232.6 window_deg=11.06 worst_deg=8.02 yawerr_deg=1.31 pitcherr_deg=-0.14
[DEBUG] armors=1, targets=1
[DEBUG] armors=1, targets=1
[DEBUG] armors=2, targets=1
[2026-09-09 20:26:30.929] [info] [SYNC][XUC] mode=1 yaw=-6.20 deg pitch=-0.51 deg feeder_rpm=0.00 wheel0_rpm=6440 wheel1_rpm=6480 wheel_delta=-40 projectile_speed=19.36 gate=0xFF switch=1 rc=1 sticks=1 imu=1 serial=1 control=1 yaw_armed=1 pitch_active=1
[DEBUG] armors=3, targets=1
[2026-09-09 20:26:30.944] [info] [XUC][FIRE] feeder recovery complete; fresh gyro qualification required
[DEBUG] armors=3, targets=1
[DEBUG] armors=2, targets=1
[2026-09-09 20:26:30.979] [info] [GYROSCHED] cycle=60 due_in=+102.9 ms hit_in=424.0 ms period=320.3 ms window=11.06deg worst=8.02deg safe=true
[DEBUG] armors=3, targets=1
[DEBUG] armors=2, targets=1
[2026-09-09 20:26:31.017] [info] [SYNC][XUC] mode=1 yaw=-6.21 deg pitch=-0.51 deg feeder_rpm=0.00 wheel0_rpm=6440 wheel1_rpm=6480 wheel_delta=-40 projectile_speed=19.36 gate=0xFF switch=1 rc=1 sticks=1 imu=1 serial=1 control=1 yaw_armed=1 pitch_active=1
[DEBUG] armors=2, targets=1
[DEBUG] armors=3, targets=1
[DEBUG] armors=1, targets=1
[DEBUG] armors=1, targets=1
[DEBUG] armors=1, targets=1
[2026-09-09 20:26:31.102] [info] [SYNC][XUC] mode=1 yaw=-6.20 deg pitch=-0.52 deg feeder_rpm=0.00 wheel0_rpm=6440 wheel1_rpm=6480 wheel_delta=-40 projectile_speed=19.36 gate=0xFF switch=1 rc=1 sticks=1 imu=1 serial=1 control=1 yaw_armed=1 pitch_active=1
[DEBUG] armors=1, targets=1
[2026-09-09 20:26:31.117] [info] [DRYRUN] measured_gimbal=(2.784,0.100,-0.027) measured_world=(2.757,0.400,-0.002) tracked_world=(2.749,0.397,-0.004) target_gimbal_deg=(2.06,-0.56) target_world_deg=(8.27,-0.04) gimbal_deg=(6.20,-0.52) armor_y_px=609.3 pixel_error_deg=(-0.89,1.70) ballistic=(range=2.786m holdover=0.100m comp=2.01deg residual=-0.31deg) q_wxyz=(0.998526,-0.000245,-0.004528,-0.054089) cmd_deg=(6.03,-0.77) packed_pitch_deg=-0.77 control=true shoot=false
[DEBUG] armors=1, targets=1
[DEBUG] armors=1, targets=1
[2026-09-09 20:26:31.150] [info] [GYROPLL] phase_zero cycle=59 sample=330.7 ms periods=1 filtered=321.3 ms residual=+21.5 ms correction=+3.0 ms locks=59 locked=1 reacquired=0 rejects=0 omega=4.888 ekf_omega=+4.858
[2026-09-09 20:26:31.150] [info] [GYROSCHED] cycle=61 due_in=+282.2 ms hit_in=578.1 ms period=321.3 ms window=11.06deg worst=8.00deg safe=true
[DEBUG] armors=1, targets=1
[DEBUG] armors=1, targets=1
[2026-09-09 20:26:31.186] [info] [SYNC][XUC] mode=1 yaw=-6.20 deg pitch=-0.53 deg feeder_rpm=0.00 wheel0_rpm=6440 wheel1_rpm=6480 wheel_delta=-40 projectile_speed=19.36 gate=0xFF switch=1 rc=1 sticks=1 imu=1 serial=1 control=1 yaw_armed=1 pitch_active=1
[DEBUG] armors=1, targets=1
[DEBUG] armors=1, targets=1
[DEBUG] armors=1, targets=1
[DEBUG] armors=2, targets=1
[DEBUG] armors=2, targets=1
[2026-09-09 20:26:31.272] [info] [SYNC][XUC] mode=1 yaw=-6.17 deg pitch=-0.54 deg feeder_rpm=0.00 wheel0_rpm=6440 wheel1_rpm=6520 wheel_delta=-80 projectile_speed=19.36 gate=0xFF switch=1 rc=1 sticks=1 imu=1 serial=1 control=1 yaw_armed=1 pitch_active=1
[DEBUG] armors=2, targets=1
[DEBUG] armors=2, targets=1
[DEBUG] armors=2, targets=1
[2026-09-09 20:26:31.322] [info] [GYROSCHED] cycle=61 due_in=+93.5 ms hit_in=406.6 ms period=321.3 ms window=11.05deg worst=8.00deg safe=true
[2026-09-09 20:26:31.338] [info] [ASSOC] selected_face=0 cost=0.044 detections=2 confidence=0.33
[DEBUG] armors=2, targets=1
[DEBUG] armors=2, targets=1
[2026-09-09 20:26:31.358] [info] [SYNC][XUC] mode=1 yaw=-6.15 deg pitch=-0.55 deg feeder_rpm=-4.00 wheel0_rpm=6440 wheel1_rpm=6480 wheel_delta=-40 projectile_speed=19.36 gate=0xFF switch=1 rc=1 sticks=1 imu=1 serial=1 control=1 yaw_armed=1 pitch_active=1
[DEBUG] armors=2, targets=1
[DEBUG] armors=1, targets=1
[DEBUG] armors=1, targets=1
[2026-09-09 20:26:31.408] [info] [XUC][FIRE] stable-window candidate started
[2026-09-09 20:26:31.408] [info] [XUC][FIRE] qualified after 0 ms/1 frames, current_pixel_error_deg=(-1.82,-0.27) predicted_impact_yaw_error_deg=-0.18 gyro_predict=true face_error=4.98deg omega=+4.671rad_s armed=true
[2026-09-09 20:26:31.431] [info] [SHOT] id=17 issue mode=1 gyro=1 event=1 cycle=61 processing_age_ms=54.2 due_error_ms=+0.06 period_ms=321.3 window_deg=11.05 worst_deg=8.00
[DEBUG] armors=1, targets=1
[2026-09-09 20:26:31.446] [info] [XUC][FIRE] gyro request inhibited during feeder recovery
[2026-09-09 20:26:31.446] [info] [XUC][FIRE] stable window reset
[DEBUG] armors=1, targets=1
[2026-09-09 20:26:31.464] [info] [SHOT] id=17 feeder_start command_to_feeder_ms=33.1 rpm=1424
[2026-09-09 20:26:31.465] [info] [SYNC][XUC] mode=1 yaw=-6.10 deg pitch=-0.57 deg feeder_rpm=1424.00 wheel0_rpm=6440 wheel1_rpm=6520 wheel_delta=-80 projectile_speed=19.36 gate=0xFF switch=1 rc=1 sticks=1 imu=1 serial=1 control=1 yaw_armed=1 pitch_active=1
[DEBUG] armors=1, targets=1
[2026-09-09 20:26:31.478] [info] [GYROPLL] phase_zero cycle=60 sample=341.4 ms periods=1 filtered=322.9 ms residual=+38.6 ms correction=+3.0 ms locks=60 locked=1 reacquired=0 rejects=0 omega=4.865 ekf_omega=+4.815
[2026-09-09 20:26:31.478] [info] [DRYRUN] measured_gimbal=(2.739,0.041,-0.029) measured_world=(2.719,0.332,-0.002) tracked_world=(3.181,0.077,-0.005) target_gimbal_deg=(0.86,-0.61) target_world_deg=(6.96,-0.04) gimbal_deg=(6.10,-0.57) armor_y_px=612.3 pixel_error_deg=(0.30,1.77) ballistic=(range=2.739m holdover=0.097m comp=1.98deg residual=-0.21deg) q_wxyz=(0.998570,-0.000265,-0.004972,-0.053231) cmd_deg=(5.33,-0.78) packed_pitch_deg=-0.78 control=true shoot=false
[DEBUG] armors=1, targets=1
[DEBUG] armors=1, targets=1
[2026-09-09 20:26:31.510] [info] [GYROSCHED] cycle=62 due_in=+250.1 ms hit_in=546.2 ms period=322.9 ms window=11.06deg worst=7.97deg safe=true
[DEBUG] armors=1, targets=1
[DEBUG] armors=1, targets=1
[2026-09-09 20:26:31.543] [info] [SYNC][XUC] mode=1 yaw=-6.11 deg pitch=-0.58 deg feeder_rpm=2160.00 wheel0_rpm=6440 wheel1_rpm=6480 wheel_delta=-40 projectile_speed=19.36 gate=0xFF switch=1 rc=1 sticks=1 imu=1 serial=1 control=1 yaw_armed=1 pitch_active=1
[DEBUG] armors=1, targets=1
[DEBUG] armors=2, targets=1
[DEBUG] armors=3, targets=1
[DEBUG] armors=2, targets=1
[DEBUG] armors=3, targets=1
[2026-09-09 20:26:31.629] [info] [SHOT] id=17 feeder_stop feeder_motion_ms=164.5
[2026-09-09 20:26:31.629] [info] [XUC][FIRE] feeder stopped; gyro recovery hold started for 600 ms
[2026-09-09 20:26:31.629] [info] [SYNC][XUC] mode=1 yaw=-6.10 deg pitch=-0.58 deg feeder_rpm=58.00 wheel0_rpm=6440 wheel1_rpm=6480 wheel_delta=-40 projectile_speed=19.36 gate=0xFF switch=1 rc=1 sticks=1 imu=1 serial=1 control=1 yaw_armed=1 pitch_active=1
[DEBUG] armors=3, targets=1
[2026-09-09 20:26:31.646] [info] [PERF] 总耗时=17.1ms (检测=13.0ms, 跟踪=1.2ms), FPS=58.5
[2026-09-09 20:26:31.646] [info] 📊 [CAMERA FPS] 瞬时帧率=58.4fps, 平均帧率=58.0fps, 总帧数=1150, 运行时间=19.8s
[DEBUG] armors=2, targets=1
[DEBUG] armors=3, targets=1
[2026-09-09 20:26:31.677] [info] [GYROSCHED] cycle=62 due_in=+82.4 ms hit_in=378.6 ms period=322.9 ms window=11.06deg worst=7.97deg safe=true
[DEBUG] armors=3, targets=1
[DEBUG] armors=1, targets=1
[2026-09-09 20:26:31.713] [info] [SYNC][XUC] mode=1 yaw=-6.07 deg pitch=-0.69 deg feeder_rpm=-4.00 wheel0_rpm=6240 wheel1_rpm=6320 wheel_delta=-80 projectile_speed=19.36 gate=0xFF switch=1 rc=1 sticks=1 imu=1 serial=1 control=1 yaw_armed=1 pitch_active=1
[DEBUG] armors=1, targets=1
[DEBUG] armors=1, targets=1
[2026-09-09 20:26:31.744] [info] [B2DIAG] auto=1 control=1 conv=1 oneface_gate=1 armed=1 motion=1 cadence=0 dyaw_fresh=1 dpitch_fresh=1 yawgate=1 event=1 safe=1 due_ms=+7.0 window_deg=11.06 worst_deg=7.97 yawerr_deg=-1.36 pitcherr_deg=-0.29
[DEBUG] armors=1, targets=1
[DEBUG] armors=1, targets=1
[DEBUG] armors=1, targets=1
[2026-09-09 20:26:31.794] [info] [GYROPLL] phase_zero cycle=61 sample=307.1 ms periods=1 filtered=323.5 ms residual=+19.8 ms correction=+3.0 ms locks=61 locked=1 reacquired=0 rejects=0 omega=4.855 ekf_omega=+5.125
[2026-09-09 20:26:31.796] [info] [SYNC][XUC] mode=1 yaw=-6.06 deg pitch=-0.58 deg feeder_rpm=-4.00 wheel0_rpm=6400 wheel1_rpm=6440 wheel_delta=-40 projectile_speed=19.36 gate=0xFF switch=1 rc=1 sticks=1 imu=1 serial=1 control=1 yaw_armed=1 pitch_active=1
[DEBUG] armors=1, targets=1
[2026-09-09 20:26:31.810] [info] [DRYRUN] measured_gimbal=(2.733,0.021,-0.029) measured_world=(2.716,0.309,-0.002) tracked_world=(3.398,0.500,-0.001) target_gimbal_deg=(0.44,-0.62) target_world_deg=(6.49,-0.04) gimbal_deg=(6.06,-0.58) armor_y_px=612.7 pixel_error_deg=(0.73,1.78) ballistic=(range=2.733m holdover=0.097m comp=1.98deg residual=-0.20deg) q_wxyz=(0.998591,-0.000266,-0.005033,-0.052821) cmd_deg=(5.73,-0.77) packed_pitch_deg=-0.77 control=true shoot=false
[DEBUG] armors=0, targets=1
[DEBUG] armors=0, targets=1
[DEBUG] armors=1, targets=1
[DEBUG] armors=2, targets=1
[2026-09-09 20:26:31.877] [info] [GYROSCHED] cycle=63 due_in=+207.9 ms hit_in=506.3 ms period=323.5 ms window=11.05deg worst=7.95deg safe=true
[2026-09-09 20:26:31.879] [info] [SYNC][XUC] mode=1 yaw=-6.34 deg pitch=-0.60 deg feeder_rpm=-22.00 wheel0_rpm=6440 wheel1_rpm=6480 wheel_delta=-40 projectile_speed=19.36 gate=0xFF switch=1 rc=1 sticks=1 imu=1 serial=1 control=1 yaw_armed=1 pitch_active=1
[DEBUG] armors=3, targets=1
[DEBUG] armors=3, targets=1
[DEBUG] armors=1, targets=1
[DEBUG] armors=1, targets=1
[DEBUG] armors=1, targets=1
[2026-09-09 20:26:31.966] [info] [SYNC][XUC] mode=1 yaw=-6.74 deg pitch=-0.55 deg feeder_rpm=0.00 wheel0_rpm=6440 wheel1_rpm=6480 wheel_delta=-40 projectile_speed=19.36 gate=0xFF switch=1 rc=1 sticks=1 imu=1 serial=1 control=1 yaw_armed=1 pitch_active=1
[DEBUG] armors=2, targets=1
[DEBUG] armors=2, targets=1
[DEBUG] armors=1, targets=1
[DEBUG] armors=1, targets=1
[DEBUG] armors=1, targets=1
[2026-09-09 20:26:32.049] [info] [GYROSCHED] cycle=63 due_in=+40.6 ms hit_in=333.8 ms period=323.5 ms window=11.05deg worst=7.95deg safe=true
[2026-09-09 20:26:32.052] [info] [SYNC][XUC] mode=1 yaw=-6.59 deg pitch=-0.55 deg feeder_rpm=0.00 wheel0_rpm=6440 wheel1_rpm=6520 wheel_delta=-80 projectile_speed=19.36 gate=0xFF switch=1 rc=1 sticks=1 imu=1 serial=1 control=1 yaw_armed=1 pitch_active=1
[DEBUG] armors=1, targets=1
[DEBUG] armors=1, targets=1
[2026-09-09 20:26:32.083] [info] [GYROPLL] phase_zero cycle=62 sample=296.0 ms periods=1 filtered=323.7 ms residual=-10.8 ms correction=-1.6 ms locks=62 locked=1 reacquired=0 rejects=0 omega=4.852 ekf_omega=+5.301
[DEBUG] armors=1, targets=1
[DEBUG] armors=1, targets=1
[DEBUG] armors=1, targets=1
[2026-09-09 20:26:32.135] [info] [SYNC][XUC] mode=1 yaw=-6.66 deg pitch=-0.55 deg feeder_rpm=0.00 wheel0_rpm=6440 wheel1_rpm=6480 wheel_delta=-40 projectile_speed=19.36 gate=0xFF switch=1 rc=1 sticks=1 imu=1 serial=1 control=1 yaw_armed=1 pitch_active=1
[DEBUG] armors=1, targets=1
[2026-09-09 20:26:32.149] [info] [DRYRUN] measured_gimbal=(2.723,-0.011,-0.030) measured_world=(2.706,0.305,-0.004) tracked_world=(2.903,0.742,-0.003) target_gimbal_deg=(-0.23,-0.63) target_world_deg=(6.43,-0.08) gimbal_deg=(6.66,-0.55) armor_y_px=613.6 pixel_error_deg=(1.39,1.81) ballistic=(range=2.723m holdover=0.096m comp=1.97deg residual=-0.17deg) q_wxyz=(0.998300,-0.000279,-0.004788,-0.058093) cmd_deg=(6.77,-0.72) packed_pitch_deg=-0.72 control=true shoot=false
[DEBUG] armors=1, targets=1
[DEBUG] armors=1, targets=1
[DEBUG] armors=2, targets=1
[DEBUG] armors=2, targets=1
[2026-09-09 20:26:32.218] [info] [GYROSCHED] cycle=64 due_in=+182.9 ms hit_in=487.6 ms period=323.7 ms window=11.05deg worst=7.95deg safe=true
[2026-09-09 20:26:32.220] [info] [SYNC][XUC] mode=1 yaw=-6.66 deg pitch=-0.56 deg feeder_rpm=-4.00 wheel0_rpm=6440 wheel1_rpm=6480 wheel_delta=-40 projectile_speed=19.36 gate=0xFF switch=1 rc=1 sticks=1 imu=1 serial=1 control=1 yaw_armed=1 pitch_active=1
[2026-09-09 20:26:32.235] [info] [ASSOC] selected_face=1 cost=-0.037 detections=2 confidence=0.83
[DEBUG] armors=2, targets=1
[DEBUG] armors=2, targets=1
[DEBUG] armors=2, targets=1
[2026-09-09 20:26:32.270] [info] [XUC][FIRE] feeder recovery complete; fresh gyro qualification required
[DEBUG] armors=2, targets=1
[DEBUG] armors=3, targets=1
[2026-09-09 20:26:32.307] [info] [SYNC][XUC] mode=1 yaw=-6.62 deg pitch=-0.54 deg feeder_rpm=0.00 wheel0_rpm=6440 wheel1_rpm=6480 wheel_delta=-40 projectile_speed=19.36 gate=0xFF switch=1 rc=1 sticks=1 imu=1 serial=1 control=1 yaw_armed=1 pitch_active=1
[DEBUG] armors=2, targets=1
[DEBUG] armors=3, targets=1
[DEBUG] armors=1, targets=1
[DEBUG] armors=1, targets=1
[DEBUG] armors=1, targets=1
[2026-09-09 20:26:32.390] [info] [GYROSCHED] cycle=64 due_in=+16.5 ms hit_in=315.2 ms period=323.7 ms window=11.05deg worst=7.95deg safe=true
[2026-09-09 20:26:32.390] [info] [XUC][FIRE] stable-window candidate started
[2026-09-09 20:26:32.390] [info] [XUC][FIRE] qualified after 0 ms/1 frames, current_pixel_error_deg=(-1.01,-0.34) predicted_impact_yaw_error_deg=inf gyro_predict=true face_error=infdeg omega=+4.952rad_s armed=true
[2026-09-09 20:26:32.407] [info] [SHOT] id=18 issue mode=1 gyro=1 event=1 cycle=64 processing_age_ms=49.3 due_error_ms=+0.07 period_ms=323.7 window_deg=11.05 worst_deg=7.95
[2026-09-09 20:26:32.409] [info] [SYNC][XUC] mode=1 yaw=-6.61 deg pitch=-0.53 deg feeder_rpm=0.00 wheel0_rpm=6440 wheel1_rpm=6480 wheel_delta=-40 projectile_speed=19.36 gate=0xFF switch=1 rc=1 sticks=1 imu=1 serial=1 control=1 yaw_armed=1 pitch_active=1
[DEBUG] armors=1, targets=1
[2026-09-09 20:26:32.423] [info] [XUC][FIRE] gyro request inhibited during feeder recovery
[2026-09-09 20:26:32.423] [info] [XUC][FIRE] stable window reset
[DEBUG] armors=1, targets=1
[2026-09-09 20:26:32.439] [info] [GYROPLL] phase_zero cycle=63 sample=337.4 ms periods=1 filtered=324.6 ms residual=+4.5 ms correction=+0.7 ms locks=63 locked=1 reacquired=0 rejects=0 omega=4.840 ekf_omega=+4.936
[2026-09-09 20:26:32.442] [info] [SHOT] id=18 feeder_start command_to_feeder_ms=35.2 rpm=1245
[DEBUG] armors=1, targets=1
[DEBUG] armors=1, targets=1
[DEBUG] armors=1, targets=1
[2026-09-09 20:26:32.492] [info] [SYNC][XUC] mode=1 yaw=-6.62 deg pitch=-0.55 deg feeder_rpm=2061.00 wheel0_rpm=6440 wheel1_rpm=6520 wheel_delta=-80 projectile_speed=19.36 gate=0xFF switch=1 rc=1 sticks=1 imu=1 serial=1 control=1 yaw_armed=1 pitch_active=1
[DEBUG] armors=2, targets=1
[2026-09-09 20:26:32.507] [info] [DRYRUN] measured_gimbal=(2.840,-0.079,-0.033) measured_world=(2.831,0.249,-0.005) tracked_world=(2.783,0.246,-0.002) target_gimbal_deg=(-1.59,-0.66) target_world_deg=(5.02,-0.11) gimbal_deg=(6.62,-0.55) armor_y_px=612.3 pixel_error_deg=(2.79,1.77) ballistic=(range=2.842m holdover=0.103m comp=2.03deg residual=-0.26deg) q_wxyz=(0.998323,-0.000277,-0.004794,-0.057696) cmd_deg=(5.72,-0.79) packed_pitch_deg=-0.79 control=true shoot=false
[2026-09-09 20:26:32.509] [info] [PERF] 总耗时=16.9ms (检测=13.8ms, 跟踪=0.5ms), FPS=59.2
[2026-09-09 20:26:32.509] [info] 📊 [CAMERA FPS] 瞬时帧率=59.1fps, 平均帧率=58.0fps, 总帧数=1200, 运行时间=20.7s
[DEBUG] armors=1, targets=1
[DEBUG] armors=2, targets=1
[DEBUG] armors=2, targets=1
[DEBUG] armors=2, targets=1
[2026-09-09 20:26:32.573] [info] [GYROSCHED] cycle=65 due_in=+148.6 ms hit_in=458.0 ms period=324.6 ms window=11.04deg worst=7.93deg safe=true
[2026-09-09 20:26:32.576] [info] [SYNC][XUC] mode=1 yaw=-6.57 deg pitch=-0.57 deg feeder_rpm=2098.00 wheel0_rpm=6440 wheel1_rpm=6480 wheel_delta=-40 projectile_speed=19.36 gate=0xFF switch=1 rc=1 sticks=1 imu=1 serial=1 control=1 yaw_armed=1 pitch_active=1
[DEBUG] armors=2, targets=1
[2026-09-09 20:26:32.592] [info] [SHOT] id=18 feeder_stop feeder_motion_ms=150.6
[2026-09-09 20:26:32.592] [info] [XUC][FIRE] feeder stopped; gyro recovery hold started for 600 ms
[DEBUG] armors=2, targets=1
[2026-09-09 20:26:32.607] [info] [B2DIAG] auto=1 control=1 conv=1 oneface_gate=1 armed=1 motion=1 cadence=0 dyaw_fresh=1 dpitch_fresh=1 yawgate=0 event=1 safe=1 due_ms=+118.4 window_deg=11.04 worst_deg=7.93 yawerr_deg=-3.61 pitcherr_deg=-0.34
[DEBUG] armors=2, targets=1
[DEBUG] armors=2, targets=1
[DEBUG] armors=3, targets=1
[2026-09-09 20:26:32.660] [info] [SYNC][XUC] mode=1 yaw=-6.47 deg pitch=-0.58 deg feeder_rpm=7.00 wheel0_rpm=6440 wheel1_rpm=6480 wheel_delta=-40 projectile_speed=19.36 gate=0xFF switch=1 rc=1 sticks=1 imu=1 serial=1 control=1 yaw_armed=1 pitch_active=1
[DEBUG] armors=1, targets=1
[DEBUG] armors=1, targets=1
[DEBUG] armors=1, targets=1
[DEBUG] armors=1, targets=1
[DEBUG] armors=1, targets=1
[2026-09-09 20:26:32.742] [info] [GYROSCHED] cycle=66 due_in=+324.3 ms hit_in=614.0 ms period=324.6 ms window=11.06deg worst=7.93deg safe=true
[2026-09-09 20:26:32.744] [info] [SYNC][XUC] mode=1 yaw=-6.16 deg pitch=-0.62 deg feeder_rpm=-4.00 wheel0_rpm=6320 wheel1_rpm=6400 wheel_delta=-80 projectile_speed=19.36 gate=0xFF switch=1 rc=1 sticks=1 imu=1 serial=1 control=1 yaw_armed=1 pitch_active=1
[DEBUG] armors=1, targets=1
[DEBUG] armors=1, targets=1
[2026-09-09 20:26:32.775] [info] [GYROPLL] phase_zero cycle=64 sample=346.4 ms periods=1 filtered=325.9 ms residual=+25.7 ms correction=+3.0 ms locks=64 locked=1 reacquired=0 rejects=0 omega=4.821 ekf_omega=+4.720
[DEBUG] armors=1, targets=1
[DEBUG] armors=1, targets=1
[DEBUG] armors=2, targets=1
[2026-09-09 20:26:32.829] [info] [SYNC][XUC] mode=1 yaw=-6.14 deg pitch=-0.61 deg feeder_rpm=0.00 wheel0_rpm=6400 wheel1_rpm=6440 wheel_delta=-40 projectile_speed=19.36 gate=0xFF switch=1 rc=1 sticks=1 imu=1 serial=1 control=1 yaw_armed=1 pitch_active=1
[DEBUG] armors=2, targets=1
[2026-09-09 20:26:32.843] [info] [DRYRUN] measured_gimbal=(2.849,-0.065,-0.036) measured_world=(2.839,0.240,-0.006) tracked_world=(3.257,0.103,-0.002) target_gimbal_deg=(-1.31,-0.73) target_world_deg=(4.83,-0.12) gimbal_deg=(6.14,-0.61) armor_y_px=615.2 pixel_error_deg=(2.51,1.84) ballistic=(range=2.849m holdover=0.103m comp=2.03deg residual=-0.19deg) q_wxyz=(0.998550,-0.000286,-0.005326,-0.053574) cmd_deg=(5.21,-0.77) packed_pitch_deg=-0.77 control=true shoot=false
[DEBUG] armors=2, targets=1
[DEBUG] armors=3, targets=1
[DEBUG] armors=3, targets=1
[DEBUG] armors=3, targets=1
[2026-09-09 20:26:32.912] [info] [GYROSCHED] cycle=66 due_in=+136.9 ms hit_in=449.3 ms period=325.9 ms window=11.06deg worst=7.90deg safe=true
[2026-09-09 20:26:32.914] [info] [SYNC][XUC] mode=1 yaw=-6.11 deg pitch=-0.61 deg feeder_rpm=3.00 wheel0_rpm=6440 wheel1_rpm=6440 wheel_delta=0 projectile_speed=19.36 gate=0xFF switch=1 rc=1 sticks=1 imu=1 serial=1 control=1 yaw_armed=1 pitch_active=1
[DEBUG] armors=2, targets=1
[DEBUG] armors=2, targets=1
[DEBUG] armors=2, targets=1
[DEBUG] armors=3, targets=1
[DEBUG] armors=1, targets=1
[2026-09-09 20:26:33.001] [info] [SYNC][XUC] mode=1 yaw=-6.11 deg pitch=-0.60 deg feeder_rpm=0.00 wheel0_rpm=6440 wheel1_rpm=6520 wheel_delta=-80 projectile_speed=19.36 gate=0xFF switch=1 rc=1 sticks=1 imu=1 serial=1 control=1 yaw_armed=1 pitch_active=1
[DEBUG] armors=1, targets=1
[DEBUG] armors=1, targets=1
[DEBUG] armors=1, targets=1
[DEBUG] armors=1, targets=1
[DEBUG] armors=1, targets=1
[2026-09-09 20:26:33.081] [info] [GYROPLL] phase_zero cycle=65 sample=309.3 ms periods=1 filtered=326.2 ms residual=+6.2 ms correction=+0.9 ms locks=65 locked=1 reacquired=0 rejects=0 omega=4.815 ekf_omega=+5.061
[2026-09-09 20:26:33.081] [info] [GYROSCHED] cycle=67 due_in=+312.8 ms hit_in=607.7 ms period=326.2 ms window=11.05deg worst=7.90deg safe=true
[2026-09-09 20:26:33.084] [info] [SYNC][XUC] mode=1 yaw=-6.10 deg pitch=-0.57 deg feeder_rpm=0.00 wheel0_rpm=6440 wheel1_rpm=6520 wheel_delta=-80 projectile_speed=19.36 gate=0xFF switch=1 rc=1 sticks=1 imu=1 serial=1 control=1 yaw_armed=1 pitch_active=1
[2026-09-09 20:26:33.098] [info] [ASSOC] selected_face=2 cost=-0.090 detections=1 confidence=0.93
[DEBUG] armors=1, targets=1
[DEBUG] armors=1, targets=1
[DEBUG] armors=2, targets=1
[DEBUG] armors=2, targets=1
[DEBUG] armors=3, targets=1
[2026-09-09 20:26:33.169] [info] [SYNC][XUC] mode=1 yaw=-6.09 deg pitch=-0.55 deg feeder_rpm=0.00 wheel0_rpm=6440 wheel1_rpm=6480 wheel_delta=-40 projectile_speed=19.36 gate=0xFF switch=1 rc=1 sticks=1 imu=1 serial=1 control=1 yaw_armed=1 pitch_active=1
[DEBUG] armors=3, targets=1
[2026-09-09 20:26:33.185] [info] [DRYRUN] measured_gimbal=(2.916,-0.101,-0.039) measured_world=(2.910,0.209,-0.011) tracked_world=(3.375,0.596,-0.007) target_gimbal_deg=(-1.98,-0.77) target_world_deg=(4.10,-0.22) gimbal_deg=(6.09,-0.55) armor_y_px=615.6 pixel_error_deg=(3.20,1.85) ballistic=(range=2.917m holdover=0.107m comp=2.06deg residual=-0.21deg) q_wxyz=(0.998577,-0.000255,-0.004793,-0.053104) cmd_deg=(5.52,-0.73) packed_pitch_deg=-0.73 control=true shoot=false
[DEBUG] armors=3, targets=1
[DEBUG] armors=3, targets=1
[DEBUG] armors=2, targets=1
[2026-09-09 20:26:33.237] [info] [XUC][FIRE] feeder recovery complete; fresh gyro qualification required
[DEBUG] armors=3, targets=1
[2026-09-09 20:26:33.255] [info] [GYROSCHED] cycle=67 due_in=+128.7 ms hit_in=434.2 ms period=326.2 ms window=11.05deg worst=7.90deg safe=true
[2026-09-09 20:26:33.257] [info] [SYNC][XUC] mode=1 yaw=-6.10 deg pitch=-0.55 deg feeder_rpm=0.00 wheel0_rpm=6440 wheel1_rpm=6480 wheel_delta=-40 projectile_speed=19.36 gate=0xFF switch=1 rc=1 sticks=1 imu=1 serial=1 control=1 yaw_armed=1 pitch_active=1
[DEBUG] armors=3, targets=1
[DEBUG] armors=3, targets=1
[DEBUG] armors=1, targets=1
[DEBUG] armors=1, targets=1
[DEBUG] armors=1, targets=1
[2026-09-09 20:26:33.344] [info] [SYNC][XUC] mode=1 yaw=-6.10 deg pitch=-0.54 deg feeder_rpm=0.00 wheel0_rpm=6440 wheel1_rpm=6480 wheel_delta=-40 projectile_speed=19.36 gate=0xFF switch=1 rc=1 sticks=1 imu=1 serial=1 control=1 yaw_armed=1 pitch_active=1
[DEBUG] armors=1, targets=1
[2026-09-09 20:26:33.360] [info] [PERF] 总耗时=16.1ms (检测=13.1ms, 跟踪=0.5ms), FPS=62.3
[2026-09-09 20:26:33.360] [info] 📊 [CAMERA FPS] 瞬时帧率=62.1fps, 平均帧率=58.1fps, 总帧数=1250, 运行时间=21.5s
[DEBUG] armors=1, targets=1
[2026-09-09 20:26:33.375] [info] [XUC][FIRE] stable-window candidate started
[2026-09-09 20:26:33.375] [info] [XUC][FIRE] qualified after 0 ms/1 frames, current_pixel_error_deg=(-0.86,-0.19) predicted_impact_yaw_error_deg=7.56 gyro_predict=true face_error=53.70deg omega=+5.146rad_s armed=true
[2026-09-09 20:26:33.393] [info] [SHOT] id=19 issue mode=1 gyro=1 event=1 cycle=67 processing_age_ms=48.8 due_error_ms=+0.17 period_ms=326.2 window_deg=11.05 worst_deg=7.90
[DEBUG] armors=1, targets=1
[2026-09-09 20:26:33.409] [info] [XUC][FIRE] gyro request inhibited during feeder recovery
[2026-09-09 20:26:33.409] [info] [GYROPLL] phase_zero cycle=66 sample=308.8 ms periods=1 filtered=324.6 ms residual=-12.1 ms correction=-1.8 ms locks=66 locked=1 reacquired=0 rejects=0 omega=4.839 ekf_omega=+5.094
[2026-09-09 20:26:33.409] [info] [XUC][FIRE] stable window reset
[2026-09-09 20:26:33.411] [info] [SHOT] id=19 feeder_start command_to_feeder_ms=17.5 rpm=692
[DEBUG] armors=1, targets=1
[DEBUG] armors=1, targets=1
[2026-09-09 20:26:33.441] [info] [GYROSCHED] cycle=68 due_in=+272.6 ms hit_in=569.5 ms period=324.6 ms window=11.05deg worst=7.93deg safe=true
[2026-09-09 20:26:33.443] [info] [SYNC][XUC] mode=1 yaw=-6.11 deg pitch=-0.52 deg feeder_rpm=1446.00 wheel0_rpm=6440 wheel1_rpm=6480 wheel_delta=-40 projectile_speed=19.36 gate=0xFF switch=1 rc=1 sticks=1 imu=1 serial=1 control=1 yaw_armed=1 pitch_active=1
[DEBUG] armors=1, targets=1
[DEBUG] armors=1, targets=1
[2026-09-09 20:26:33.472] [info] [B2DIAG] auto=1 control=1 conv=1 oneface_gate=1 armed=1 motion=1 cadence=0 dyaw_fresh=1 dpitch_fresh=1 yawgate=0 event=1 safe=1 due_ms=+239.9 window_deg=11.05 worst_deg=7.93 yawerr_deg=2.27 pitcherr_deg=-0.15
[DEBUG] armors=1, targets=1
[DEBUG] armors=2, targets=1
[DEBUG] armors=2, targets=1
[2026-09-09 20:26:33.527] [info] [SYNC][XUC] mode=1 yaw=-6.11 deg pitch=-0.51 deg feeder_rpm=2120.00 wheel0_rpm=6440 wheel1_rpm=6480 wheel_delta=-40 projectile_speed=19.36 gate=0xFF switch=1 rc=1 sticks=1 imu=1 serial=1 control=1 yaw_armed=1 pitch_active=1
[DEBUG] armors=3, targets=1
[2026-09-09 20:26:33.542] [info] [DRYRUN] measured_gimbal=(2.999,-0.145,-0.042) measured_world=(2.998,0.175,-0.016) tracked_world=(2.843,0.617,-0.008) target_gimbal_deg=(-2.77,-0.80) target_world_deg=(3.34,-0.30) gimbal_deg=(6.11,-0.51) armor_y_px=615.7 pixel_error_deg=(4.01,1.86) ballistic=(range=3.003m holdover=0.113m comp=2.11deg residual=-0.25deg) q_wxyz=(0.998568,-0.000236,-0.004424,-0.053318) cmd_deg=(5.78,-0.69) packed_pitch_deg=-0.69 control=true shoot=false
[DEBUG] armors=2, targets=1
[DEBUG] armors=3, targets=1
[2026-09-09 20:26:33.579] [info] [SHOT] id=19 feeder_stop feeder_motion_ms=168.3
[2026-09-09 20:26:33.579] [info] [XUC][FIRE] feeder stopped; gyro recovery hold started for 600 ms
[DEBUG] armors=2, targets=1
[DEBUG] armors=2, targets=1
[2026-09-09 20:26:33.610] [info] [GYROSCHED] cycle=68 due_in=+107.1 ms hit_in=400.6 ms period=324.6 ms window=11.05deg worst=7.93deg safe=true
[2026-09-09 20:26:33.612] [info] [SYNC][XUC] mode=1 yaw=-6.11 deg pitch=-0.49 deg feeder_rpm=18.00 wheel0_rpm=6440 wheel1_rpm=6520 wheel_delta=-80 projectile_speed=19.36 gate=0xFF switch=1 rc=1 sticks=1 imu=1 serial=1 control=1 yaw_armed=1 pitch_active=1
[DEBUG] armors=2, targets=1
[DEBUG] armors=1, targets=1
[DEBUG] armors=2, targets=1
[DEBUG] armors=1, targets=1
[DEBUG] armors=1, targets=1
[2026-09-09 20:26:33.694] [info] [SYNC][XUC] mode=1 yaw=-6.10 deg pitch=-0.50 deg feeder_rpm=0.00 wheel0_rpm=6280 wheel1_rpm=6360 wheel_delta=-80 projectile_speed=19.36 gate=0xFF switch=1 rc=1 sticks=1 imu=1 serial=1 control=1 yaw_armed=1 pitch_active=1
[DEBUG] armors=1, targets=1
[DEBUG] armors=1, targets=1
[2026-09-09 20:26:33.724] [info] [GYROPLL] phase_zero cycle=67 sample=330.8 ms periods=1 filtered=323.0 ms residual=-4.1 ms correction=-0.6 ms locks=67 locked=1 reacquired=0 rejects=0 omega=4.864 ekf_omega=+4.943
[DEBUG] armors=1, targets=1
[DEBUG] armors=1, targets=1
[DEBUG] armors=1, targets=1
[2026-09-09 20:26:33.775] [info] [GYROSCHED] cycle=69 due_in=+255.7 ms hit_in=556.0 ms period=323.0 ms window=11.05deg worst=7.97deg safe=true
[2026-09-09 20:26:33.777] [info] [SYNC][XUC] mode=1 yaw=-6.10 deg pitch=-0.47 deg feeder_rpm=-4.00 wheel0_rpm=6400 wheel1_rpm=6480 wheel_delta=-80 projectile_speed=19.36 gate=0xFF switch=1 rc=1 sticks=1 imu=1 serial=1 control=1 yaw_armed=1 pitch_active=1
[DEBUG] armors=1, targets=1
[DEBUG] armors=2, targets=1
[DEBUG] armors=2, targets=1
[DEBUG] armors=2, targets=1
[DEBUG] armors=2, targets=1
[2026-09-09 20:26:33.863] [info] [SYNC][XUC] mode=1 yaw=-6.09 deg pitch=-0.50 deg feeder_rpm=0.00 wheel0_rpm=6440 wheel1_rpm=6480 wheel_delta=-40 projectile_speed=19.36 gate=0xFF switch=1 rc=1 sticks=1 imu=1 serial=1 control=1 yaw_armed=1 pitch_active=1
[DEBUG] armors=2, targets=1
[2026-09-09 20:26:33.877] [info] [DRYRUN] measured_gimbal=(3.181,-0.172,-0.046) measured_world=(3.181,0.166,-0.019) tracked_world=(2.884,0.142,-0.007) target_gimbal_deg=(-3.10,-0.83) target_world_deg=(2.98,-0.33) gimbal_deg=(6.09,-0.50) armor_y_px=614.1 pixel_error_deg=(4.39,1.82) ballistic=(range=3.185m holdover=0.125m comp=2.20deg residual=-0.39deg) q_wxyz=(0.998580,-0.000231,-0.004354,-0.053088) cmd_deg=(5.37,-0.75) packed_pitch_deg=-0.75 control=true shoot=false
[DEBUG] armors=2, targets=1
[DEBUG] armors=2, targets=1
[DEBUG] armors=2, targets=1
[DEBUG] armors=3, targets=1
[2026-09-09 20:26:33.943] [info] [GYROSCHED] cycle=69 due_in=+87.0 ms hit_in=387.3 ms period=323.0 ms window=11.05deg worst=7.97deg safe=true
[2026-09-09 20:26:33.946] [info] [SYNC][XUC] mode=1 yaw=-6.10 deg pitch=-0.48 deg feeder_rpm=0.00 wheel0_rpm=6440 wheel1_rpm=6480 wheel_delta=-40 projectile_speed=19.36 gate=0xFF switch=1 rc=1 sticks=1 imu=1 serial=1 control=1 yaw_armed=1 pitch_active=1
[2026-09-09 20:26:33.959] [info] [ASSOC] selected_face=3 cost=-0.026 detections=1 confidence=0.87
[DEBUG] armors=1, targets=1
[DEBUG] armors=1, targets=1
[DEBUG] armors=1, targets=1
[DEBUG] armors=1, targets=1
[DEBUG] armors=1, targets=1
[2026-09-09 20:26:34.027] [info] [SYNC][XUC] mode=1 yaw=-6.09 deg pitch=-0.49 deg feeder_rpm=0.00 wheel0_rpm=6440 wheel1_rpm=6480 wheel_delta=-40 projectile_speed=19.36 gate=0xFF switch=1 rc=1 sticks=1 imu=1 serial=1 control=1 yaw_armed=1 pitch_active=1
[DEBUG] armors=1, targets=1
[2026-09-09 20:26:34.042] [info] [GYROPLL] phase_zero cycle=68 sample=326.6 ms periods=1 filtered=323.6 ms residual=+0.1 ms correction=+0.0 ms locks=68 locked=1 reacquired=0 rejects=0 omega=4.855 ekf_omega=+4.876
[DEBUG] armors=1, targets=1
[DEBUG] armors=1, targets=1
[DEBUG] armors=1, targets=1
[DEBUG] armors=1, targets=1
[2026-09-09 20:26:34.109] [info] [GYROSCHED] cycle=70 due_in=+250.2 ms hit_in=545.6 ms period=323.6 ms window=11.06deg worst=7.95deg safe=true
[2026-09-09 20:26:34.112] [info] [SYNC][XUC] mode=1 yaw=-6.09 deg pitch=-0.49 deg feeder_rpm=-4.00 wheel0_rpm=6440 wheel1_rpm=6480 wheel_delta=-40 projectile_speed=19.36 gate=0xFF switch=1 rc=1 sticks=1 imu=1 serial=1 control=1 yaw_armed=1 pitch_active=1
[DEBUG] armors=2, targets=1
[DEBUG] armors=2, targets=1
[DEBUG] armors=3, targets=1
[DEBUG] armors=3, targets=1
[DEBUG] armors=3, targets=1
[2026-09-09 20:26:34.195] [info] [SYNC][XUC] mode=1 yaw=-6.10 deg pitch=-0.48 deg feeder_rpm=0.00 wheel0_rpm=6440 wheel1_rpm=6480 wheel_delta=-40 projectile_speed=19.36 gate=0xFF switch=1 rc=1 sticks=1 imu=1 serial=1 control=1 yaw_armed=1 pitch_active=1
[DEBUG] armors=3, targets=1
[2026-09-09 20:26:34.210] [info] [DRYRUN] measured_gimbal=(3.057,-0.160,-0.043) measured_world=(3.057,0.165,-0.017) tracked_world=(3.372,0.202,-0.009) target_gimbal_deg=(-3.00,-0.81) target_world_deg=(3.10,-0.32) gimbal_deg=(6.10,-0.48) armor_y_px=614.9 pixel_error_deg=(4.26,1.84) ballistic=(range=3.061m holdover=0.116m comp=2.14deg residual=-0.30deg) q_wxyz=(0.998577,-0.000225,-0.004219,-0.053168) cmd_deg=(5.41,-0.71) packed_pitch_deg=-0.71 control=true shoot=false
[2026-09-09 20:26:34.212] [info] [PERF] 总耗时=16.6ms (检测=13.1ms, 跟踪=1.2ms), FPS=60.3
[2026-09-09 20:26:34.212] [info] 📊 [CAMERA FPS] 瞬时帧率=60.2fps, 平均帧率=58.1fps, 总帧数=1300, 运行时间=22.4s
[DEBUG] armors=2, targets=1
[2026-09-09 20:26:34.226] [info] [XUC][FIRE] feeder recovery complete; fresh gyro qualification required
[DEBUG] armors=2, targets=1
[DEBUG] armors=3, targets=1
[DEBUG] armors=1, targets=1
[2026-09-09 20:26:34.278] [info] [GYROSCHED] cycle=70 due_in=+82.3 ms hit_in=376.5 ms period=323.6 ms window=11.06deg worst=7.95deg safe=true
[2026-09-09 20:26:34.281] [info] [SYNC][XUC] mode=1 yaw=-6.09 deg pitch=-0.47 deg feeder_rpm=0.00 wheel0_rpm=6440 wheel1_rpm=6480 wheel_delta=-40 projectile_speed=19.36 gate=0xFF switch=1 rc=1 sticks=1 imu=1 serial=1 control=1 yaw_armed=1 pitch_active=1
[DEBUG] armors=1, targets=1
[DEBUG] armors=1, targets=1
[2026-09-09 20:26:34.312] [info] [B2DIAG] auto=1 control=1 conv=1 oneface_gate=1 armed=1 motion=1 cadence=1 dyaw_fresh=1 dpitch_fresh=1 yawgate=0 event=1 safe=1 due_ms=+41.0 window_deg=11.06 worst_deg=7.95 yawerr_deg=-1.26 pitcherr_deg=-0.32
[DEBUG] armors=1, targets=1
[DEBUG] armors=1, targets=1
[2026-09-09 20:26:34.346] [info] [XUC][FIRE] stable-window candidate started
[2026-09-09 20:26:34.346] [info] [XUC][FIRE] qualified after 0 ms/1 frames, current_pixel_error_deg=(-0.24,-0.23) predicted_impact_yaw_error_deg=6.69 gyro_predict=true face_error=55.11deg omega=+5.083rad_s armed=true
[2026-09-09 20:26:34.362] [info] [SHOT] id=20 issue mode=1 gyro=1 event=1 cycle=70 processing_age_ms=44.1 due_error_ms=+0.07 period_ms=323.6 window_deg=11.06 worst_deg=7.95
[DEBUG] armors=1, targets=1
[2026-09-09 20:26:34.378] [info] [XUC][FIRE] gyro request inhibited during feeder recovery
[2026-09-09 20:26:34.378] [info] [GYROPLL] phase_zero cycle=69 sample=312.0 ms periods=1 filtered=323.7 ms residual=-11.5 ms correction=-1.7 ms locks=69 locked=1 reacquired=0 rejects=0 omega=4.853 ekf_omega=+5.065
[2026-09-09 20:26:34.378] [info] [XUC][FIRE] stable window reset
[2026-09-09 20:26:34.380] [info] [SHOT] id=20 feeder_start command_to_feeder_ms=18.2 rpm=776
[2026-09-09 20:26:34.380] [info] [SYNC][XUC] mode=1 yaw=-6.09 deg pitch=-0.46 deg feeder_rpm=776.00 wheel0_rpm=6440 wheel1_rpm=6480 wheel_delta=-40 projectile_speed=19.36 gate=0xFF switch=1 rc=1 sticks=1 imu=1 serial=1 control=1 yaw_armed=1 pitch_active=1
[DEBUG] armors=1, targets=1
[DEBUG] armors=1, targets=1
[DEBUG] armors=1, targets=1
[DEBUG] armors=2, targets=1
[DEBUG] armors=2, targets=1
[2026-09-09 20:26:34.460] [info] [GYROSCHED] cycle=71 due_in=+215.6 ms hit_in=516.6 ms period=323.7 ms window=11.06deg worst=7.95deg safe=true
[2026-09-09 20:26:34.462] [info] [SYNC][XUC] mode=1 yaw=-6.09 deg pitch=-0.44 deg feeder_rpm=2160.00 wheel0_rpm=6440 wheel1_rpm=6480 wheel_delta=-40 projectile_speed=19.36 gate=0xFF switch=1 rc=1 sticks=1 imu=1 serial=1 control=1 yaw_armed=1 pitch_active=1
[DEBUG] armors=3, targets=1
[DEBUG] armors=2, targets=1
[DEBUG] armors=2, targets=1
[DEBUG] armors=2, targets=1
[2026-09-09 20:26:34.531] [info] [SHOT] id=20 feeder_stop feeder_motion_ms=151.5
[2026-09-09 20:26:34.531] [info] [XUC][FIRE] feeder stopped; gyro recovery hold started for 600 ms
[DEBUG] armors=2, targets=1
[2026-09-09 20:26:34.550] [info] [SYNC][XUC] mode=1 yaw=-6.09 deg pitch=-0.43 deg feeder_rpm=73.00 wheel0_rpm=6440 wheel1_rpm=6520 wheel_delta=-80 projectile_speed=19.36 gate=0xFF switch=1 rc=1 sticks=1 imu=1 serial=1 control=1 yaw_armed=1 pitch_active=1
[DEBUG] armors=2, targets=1
[2026-09-09 20:26:34.564] [info] [DRYRUN] measured_gimbal=(2.897,0.255,-0.031) measured_world=(2.854,0.561,-0.009) tracked_world=(3.251,0.726,-0.012) target_gimbal_deg=(5.02,-0.62) target_world_deg=(11.11,-0.19) gimbal_deg=(6.09,-0.43) armor_y_px=609.8 pixel_error_deg=(-3.81,1.71) ballistic=(range=2.908m holdover=0.107m comp=2.06deg residual=-0.35deg) q_wxyz=(0.998580,-0.000200,-0.003768,-0.053131) cmd_deg=(5.81,-0.71) packed_pitch_deg=-0.71 control=true shoot=false
[DEBUG] armors=2, targets=1
[DEBUG] armors=1, targets=1
[DEBUG] armors=1, targets=1
[DEBUG] armors=1, targets=1
[2026-09-09 20:26:34.634] [info] [GYROSCHED] cycle=71 due_in=+52.1 ms hit_in=343.1 ms period=323.7 ms window=11.05deg worst=7.95deg safe=true
[2026-09-09 20:26:34.636] [info] [SYNC][XUC] mode=1 yaw=-6.10 deg pitch=-0.44 deg feeder_rpm=0.00 wheel0_rpm=6440 wheel1_rpm=6480 wheel_delta=-40 projectile_speed=19.36 gate=0xFF switch=1 rc=1 sticks=1 imu=1 serial=1 control=1 yaw_armed=1 pitch_active=1
[DEBUG] armors=1, targets=1
[DEBUG] armors=1, targets=1
[DEBUG] armors=1, targets=1
[2026-09-09 20:26:34.685] [info] [GYROPLL] phase_zero cycle=70 sample=319.3 ms periods=1 filtered=322.5 ms residual=-14.1 ms correction=-2.1 ms locks=70 locked=1 reacquired=0 rejects=0 omega=4.871 ekf_omega=+5.074
[DEBUG] armors=1, targets=1
[DEBUG] armors=1, targets=1
[2026-09-09 20:26:34.721] [info] [SYNC][XUC] mode=1 yaw=-6.14 deg pitch=-0.46 deg feeder_rpm=0.00 wheel0_rpm=6320 wheel1_rpm=6400 wheel_delta=-80 projectile_speed=19.36 gate=0xFF switch=1 rc=1 sticks=1 imu=1 serial=1 control=1 yaw_armed=1 pitch_active=1
[DEBUG] armors=1, targets=1
[DEBUG] armors=2, targets=1
[DEBUG] armors=1, targets=1
[DEBUG] armors=2, targets=1
[DEBUG] armors=2, targets=1
[2026-09-09 20:26:34.805] [info] [GYROSCHED] cycle=72 due_in=+183.5 ms hit_in=491.1 ms period=322.5 ms window=11.06deg worst=7.98deg safe=true
[2026-09-09 20:26:34.808] [info] [SYNC][XUC] mode=1 yaw=-6.12 deg pitch=-0.44 deg feeder_rpm=0.00 wheel0_rpm=6400 wheel1_rpm=6480 wheel_delta=-80 projectile_speed=19.36 gate=0xFF switch=1 rc=1 sticks=1 imu=1 serial=1 control=1 yaw_armed=1 pitch_active=1
[2026-09-09 20:26:34.823] [info] [ASSOC] selected_face=1 cost=-0.063 detections=3 confidence=0.68
[DEBUG] armors=3, targets=1
[DEBUG] armors=3, targets=1
[DEBUG] armors=3, targets=1
[DEBUG] armors=2, targets=1
[DEBUG] armors=2, targets=1
[2026-09-09 20:26:34.895] [info] [SYNC][XUC] mode=1 yaw=-6.10 deg pitch=-0.42 deg feeder_rpm=0.00 wheel0_rpm=6440 wheel1_rpm=6480 wheel_delta=-40 projectile_speed=19.36 gate=0xFF switch=1 rc=1 sticks=1 imu=1 serial=1 control=1 yaw_armed=1 pitch_active=1
[DEBUG] armors=2, targets=1
[2026-09-09 20:26:34.910] [info] [DRYRUN] measured_gimbal=(2.621,0.194,-0.017) measured_world=(2.585,0.471,0.002) tracked_world=(2.793,0.503,-0.012) target_gimbal_deg=(4.22,-0.38) target_world_deg=(10.32,0.04) gimbal_deg=(6.10,-0.42) armor_y_px=605.2 pixel_error_deg=(-3.10,1.60) ballistic=(range=2.628m holdover=0.091m comp=1.94deg residual=-0.34deg) q_wxyz=(0.998578,-0.000194,-0.003642,-0.053189) cmd_deg=(5.53,-0.70) packed_pitch_deg=-0.70 control=true shoot=false
[DEBUG] armors=1, targets=1
[DEBUG] armors=1, targets=1
[DEBUG] armors=1, targets=1
[DEBUG] armors=1, targets=1
[2026-09-09 20:26:34.977] [info] [GYROSCHED] cycle=72 due_in=+24.3 ms hit_in=319.4 ms period=322.5 ms window=11.05deg worst=7.98deg safe=true
[2026-09-09 20:26:34.979] [info] [SYNC][XUC] mode=1 yaw=-6.10 deg pitch=-0.45 deg feeder_rpm=0.00 wheel0_rpm=6440 wheel1_rpm=6480 wheel_delta=-40 projectile_speed=19.36 gate=0xFF switch=1 rc=1 sticks=1 imu=1 serial=1 control=1 yaw_armed=1 pitch_active=1
[DEBUG] armors=1, targets=1
[DEBUG] armors=1, targets=1
[2026-09-09 20:26:35.009] [info] [GYROPLL] phase_zero cycle=71 sample=326.7 ms periods=1 filtered=321.8 ms residual=-7.8 ms correction=-1.2 ms locks=71 locked=1 reacquired=0 rejects=0 omega=4.882 ekf_omega=+4.969
[DEBUG] armors=1, targets=1
[DEBUG] armors=1, targets=1
[DEBUG] armors=1, targets=1
[2026-09-09 20:26:35.061] [info] [SYNC][XUC] mode=1 yaw=-6.10 deg pitch=-0.44 deg feeder_rpm=0.00 wheel0_rpm=6440 wheel1_rpm=6480 wheel_delta=-40 projectile_speed=19.36 gate=0xFF switch=1 rc=1 sticks=1 imu=1 serial=1 control=1 yaw_armed=1 pitch_active=1
[DEBUG] armors=2, targets=1
[2026-09-09 20:26:35.079] [info] [PERF] 总耗时=17.2ms (检测=14.2ms, 跟踪=0.5ms), FPS=58.0
[2026-09-09 20:26:35.079] [info] 📊 [CAMERA FPS] 瞬时帧率=57.8fps, 平均帧率=58.1fps, 总帧数=1350, 运行时间=23.2s
[DEBUG] armors=2, targets=1
[DEBUG] armors=3, targets=1
[DEBUG] armors=2, targets=1
[DEBUG] armors=2, targets=1
[2026-09-09 20:26:35.145] [info] [GYROSCHED] cycle=73 due_in=+164.4 ms hit_in=471.2 ms period=321.8 ms window=11.05deg worst=7.99deg safe=true
[2026-09-09 20:26:35.148] [info] [SYNC][XUC] mode=1 yaw=-6.09 deg pitch=-0.45 deg feeder_rpm=0.00 wheel0_rpm=6440 wheel1_rpm=6480 wheel_delta=-40 projectile_speed=19.36 gate=0xFF switch=1 rc=1 sticks=1 imu=1 serial=1 control=1 yaw_armed=1 pitch_active=1
[DEBUG] armors=2, targets=1
[DEBUG] armors=2, targets=1
[2026-09-09 20:26:35.181] [info] [XUC][FIRE] feeder recovery complete; fresh gyro qualification required
[2026-09-09 20:26:35.181] [info] [B2DIAG] auto=1 control=1 conv=1 oneface_gate=1 armed=1 motion=1 cadence=1 dyaw_fresh=1 dpitch_fresh=1 yawgate=0 event=1 safe=1 due_ms=+132.2 window_deg=11.05 worst_deg=7.99 yawerr_deg=-3.92 pitcherr_deg=-0.40
[DEBUG] armors=2, targets=1
[DEBUG] armors=2, targets=1
[DEBUG] armors=1, targets=1
[2026-09-09 20:26:35.235] [info] [SYNC][XUC] mode=1 yaw=-6.09 deg pitch=-0.44 deg feeder_rpm=0.00 wheel0_rpm=6440 wheel1_rpm=6480 wheel_delta=-40 projectile_speed=19.36 gate=0xFF switch=1 rc=1 sticks=1 imu=1 serial=1 control=1 yaw_armed=1 pitch_active=1
[DEBUG] armors=1, targets=1
[2026-09-09 20:26:35.250] [info] [DRYRUN] measured_gimbal=(2.701,0.155,-0.022) measured_world=(2.669,0.440,-0.001) tracked_world=(2.995,0.084,-0.005) target_gimbal_deg=(3.28,-0.47) target_world_deg=(9.37,-0.03) gimbal_deg=(6.09,-0.44) armor_y_px=607.4 pixel_error_deg=(-2.13,1.65) ballistic=(range=2.705m holdover=0.095m comp=1.97deg residual=-0.32deg) q_wxyz=(0.998583,-0.000204,-0.003845,-0.053078) cmd_deg=(5.56,-0.73) packed_pitch_deg=-0.73 control=true shoot=false
[DEBUG] armors=1, targets=1
[DEBUG] armors=1, targets=1
[DEBUG] armors=1, targets=1
[2026-09-09 20:26:35.302] [info] [XUC][FIRE] stable-window candidate started
[2026-09-09 20:26:35.302] [info] [XUC][FIRE] qualified after 0 ms/1 frames, current_pixel_error_deg=(-0.61,-0.30) predicted_impact_yaw_error_deg=6.65 gyro_predict=true face_error=55.22deg omega=+5.109rad_s armed=true
[2026-09-09 20:26:35.318] [info] [SHOT] id=21 issue mode=1 gyro=1 event=1 cycle=73 processing_age_ms=47.2 due_error_ms=+0.06 period_ms=321.8 window_deg=11.05 worst_deg=7.99
[DEBUG] armors=1, targets=1
[2026-09-09 20:26:35.334] [info] [XUC][FIRE] gyro request inhibited during feeder recovery
[2026-09-09 20:26:35.334] [info] [GYROPLL] phase_zero cycle=72 sample=311.9 ms periods=1 filtered=321.0 ms residual=-16.5 ms correction=-2.5 ms locks=72 locked=1 reacquired=0 rejects=0 omega=4.893 ekf_omega=+5.067
[2026-09-09 20:26:35.334] [info] [GYROSCHED] cycle=74 due_in=+306.3 ms hit_in=599.7 ms period=321.0 ms window=11.05deg worst=8.01deg safe=true
[2026-09-09 20:26:35.334] [info] [XUC][FIRE] stable window reset
[2026-09-09 20:26:35.336] [info] [SYNC][XUC] mode=1 yaw=-6.08 deg pitch=-0.46 deg feeder_rpm=0.00 wheel0_rpm=6440 wheel1_rpm=6480 wheel_delta=-40 projectile_speed=19.36 gate=0xFF switch=1 rc=1 sticks=1 imu=1 serial=1 control=1 yaw_armed=1 pitch_active=1
[DEBUG] armors=1, targets=1
[2026-09-09 20:26:35.353] [info] [SHOT] id=21 feeder_start command_to_feeder_ms=35.4 rpm=1684
[DEBUG] armors=1, targets=1
[DEBUG] armors=1, targets=1
[DEBUG] armors=2, targets=1
[DEBUG] armors=2, targets=1
[2026-09-09 20:26:35.420] [info] [SYNC][XUC] mode=1 yaw=-6.09 deg pitch=-0.46 deg feeder_rpm=2124.00 wheel0_rpm=6440 wheel1_rpm=6480 wheel_delta=-40 projectile_speed=19.36 gate=0xFF switch=1 rc=1 sticks=1 imu=1 serial=1 control=1 yaw_armed=1 pitch_active=1
[DEBUG] armors=2, targets=1
[DEBUG] armors=2, targets=1
[DEBUG] armors=2, targets=1
[DEBUG] armors=3, targets=1
[2026-09-09 20:26:35.489] [info] [SHOT] id=21 feeder_stop feeder_motion_ms=135.6
[2026-09-09 20:26:35.489] [info] [XUC][FIRE] feeder stopped; gyro recovery hold started for 600 ms
[DEBUG] armors=2, targets=1
[2026-09-09 20:26:35.504] [info] [GYROSCHED] cycle=74 due_in=+122.6 ms hit_in=429.5 ms period=321.0 ms window=11.05deg worst=8.01deg safe=true
[2026-09-09 20:26:35.507] [info] [SYNC][XUC] mode=1 yaw=-6.09 deg pitch=-0.45 deg feeder_rpm=-4.00 wheel0_rpm=6440 wheel1_rpm=6480 wheel_delta=-40 projectile_speed=19.36 gate=0xFF switch=1 rc=1 sticks=1 imu=1 serial=1 control=1 yaw_armed=1 pitch_active=1
[DEBUG] armors=2, targets=1
[DEBUG] armors=3, targets=1
[DEBUG] armors=2, targets=1
[DEBUG] armors=1, targets=1
[DEBUG] armors=1, targets=1
[2026-09-09 20:26:35.595] [info] [SYNC][XUC] mode=1 yaw=-6.07 deg pitch=-0.61 deg feeder_rpm=-4.00 wheel0_rpm=6200 wheel1_rpm=6240 wheel_delta=-40 projectile_speed=19.36 gate=0xFF switch=1 rc=1 sticks=1 imu=1 serial=1 control=1 yaw_armed=1 pitch_active=1
[DEBUG] armors=1, targets=1
[2026-09-09 20:26:35.610] [info] [DRYRUN] measured_gimbal=(2.783,0.103,-0.031) measured_world=(2.756,0.397,-0.001) tracked_world=(3.397,0.404,-0.005) target_gimbal_deg=(2.12,-0.63) target_world_deg=(8.19,-0.02) gimbal_deg=(6.07,-0.61) armor_y_px=612.2 pixel_error_deg=(-0.94,1.77) ballistic=(range=2.785m holdover=0.099m comp=2.00deg residual=-0.23deg) q_wxyz=(0.998585,-0.000281,-0.005312,-0.052907) cmd_deg=(5.70,-0.75) packed_pitch_deg=-0.75 control=true shoot=false
[DEBUG] armors=1, targets=1
[DEBUG] armors=1, targets=1
[2026-09-09 20:26:35.643] [info] [GYROPLL] phase_zero cycle=73 sample=326.1 ms periods=1 filtered=321.7 ms residual=-8.9 ms correction=-1.3 ms locks=73 locked=1 reacquired=0 rejects=0 omega=4.883 ekf_omega=+4.994
[DEBUG] armors=1, targets=1
[DEBUG] armors=1, targets=1
[2026-09-09 20:26:35.675] [info] [GYROSCHED] cycle=75 due_in=+281.6 ms hit_in=579.6 ms period=321.7 ms window=11.06deg worst=7.99deg safe=true
[2026-09-09 20:26:35.678] [info] [SYNC][XUC] mode=1 yaw=-6.06 deg pitch=-0.48 deg feeder_rpm=-4.00 wheel0_rpm=6360 wheel1_rpm=6400 wheel_delta=-40 projectile_speed=19.36 gate=0xFF switch=1 rc=1 sticks=1 imu=1 serial=1 control=1 yaw_armed=1 pitch_active=1
[2026-09-09 20:26:35.692] [info] [ASSOC] selected_face=2 cost=-0.064 detections=1 confidence=0.91
[DEBUG] armors=1, targets=1
[DEBUG] armors=1, targets=1
[DEBUG] armors=1, targets=1
[DEBUG] armors=2, targets=1
[DEBUG] armors=2, targets=1
[2026-09-09 20:26:35.762] [info] [SYNC][XUC] mode=1 yaw=-6.07 deg pitch=-0.49 deg feeder_rpm=0.00 wheel0_rpm=6440 wheel1_rpm=6480 wheel_delta=-40 projectile_speed=19.36 gate=0xFF switch=1 rc=1 sticks=1 imu=1 serial=1 control=1 yaw_armed=1 pitch_active=1
[DEBUG] armors=2, targets=1
[DEBUG] armors=3, targets=1
[DEBUG] armors=2, targets=1
[DEBUG] armors=2, targets=1
[DEBUG] armors=2, targets=1
[2026-09-09 20:26:35.849] [info] [GYROSCHED] cycle=75 due_in=+105.7 ms hit_in=406.2 ms period=321.7 ms window=11.05deg worst=7.99deg safe=true
[2026-09-09 20:26:35.851] [info] [SYNC][XUC] mode=1 yaw=-6.07 deg pitch=-0.44 deg feeder_rpm=-4.00 wheel0_rpm=6440 wheel1_rpm=6520 wheel_delta=-80 projectile_speed=19.36 gate=0xFF switch=1 rc=1 sticks=1 imu=1 serial=1 control=1 yaw_armed=1 pitch_active=1
[DEBUG] armors=2, targets=1
[DEBUG] armors=1, targets=1
[DEBUG] armors=1, targets=1
[DEBUG] armors=1, targets=1
[DEBUG] armors=1, targets=1
[2026-09-09 20:26:35.936] [info] [SYNC][XUC] mode=1 yaw=-6.08 deg pitch=-0.46 deg feeder_rpm=0.00 wheel0_rpm=6440 wheel1_rpm=6480 wheel_delta=-40 projectile_speed=19.36 gate=0xFF switch=1 rc=1 sticks=1 imu=1 serial=1 control=1 yaw_armed=1 pitch_active=1
[DEBUG] armors=1, targets=1
[2026-09-09 20:26:35.951] [info] [GYROPLL] phase_zero cycle=74 sample=307.4 ms periods=1 filtered=320.8 ms residual=-21.8 ms correction=-3.0 ms locks=74 locked=1 reacquired=0 rejects=0 omega=4.897 ekf_omega=+5.163
[2026-09-09 20:26:35.951] [info] [DRYRUN] measured_gimbal=(2.729,0.089,-0.029) measured_world=(2.704,0.378,-0.007) tracked_world=(3.011,0.756,-0.006) target_gimbal_deg=(1.87,-0.60) target_world_deg=(7.95,-0.14) gimbal_deg=(6.08,-0.46) armor_y_px=612.2 pixel_error_deg=(-0.72,1.77) ballistic=(range=2.730m holdover=0.096m comp=1.98deg residual=-0.21deg) q_wxyz=(0.998585,-0.000213,-0.004011,-0.053027) cmd_deg=(6.33,-0.68) packed_pitch_deg=-0.68 control=true shoot=false
[2026-09-09 20:26:35.953] [info] [PERF] 总耗时=16.9ms (检测=13.5ms, 跟踪=0.5ms), FPS=59.1
[2026-09-09 20:26:35.953] [info] 📊 [CAMERA FPS] 瞬时帧率=59.0fps, 平均帧率=58.0fps, 总帧数=1400, 运行时间=24.1s
[DEBUG] armors=1, targets=1
[DEBUG] armors=1, targets=1
[DEBUG] armors=1, targets=1
[DEBUG] armors=1, targets=1
[2026-09-09 20:26:36.019] [info] [GYROSCHED] cycle=76 due_in=+254.7 ms hit_in=552.5 ms period=320.8 ms window=11.05deg worst=8.01deg safe=true
[2026-09-09 20:26:36.021] [info] [SYNC][XUC] mode=1 yaw=-6.08 deg pitch=-0.44 deg feeder_rpm=0.00 wheel0_rpm=6440 wheel1_rpm=6480 wheel_delta=-40 projectile_speed=19.36 gate=0xFF switch=1 rc=1 sticks=1 imu=1 serial=1 control=1 yaw_armed=1 pitch_active=1
[DEBUG] armors=1, targets=1
[DEBUG] armors=2, targets=1
[2026-09-09 20:26:36.053] [info] [B2DIAG] auto=1 control=1 conv=1 oneface_gate=1 armed=1 motion=1 cadence=0 dyaw_fresh=1 dpitch_fresh=1 yawgate=0 event=1 safe=1 due_ms=+220.0 window_deg=11.05 worst_deg=8.01 yawerr_deg=2.60 pitcherr_deg=-0.18
[DEBUG] armors=2, targets=1
[DEBUG] armors=3, targets=1
[DEBUG] armors=2, targets=1
[2026-09-09 20:26:36.108] [info] [SYNC][XUC] mode=1 yaw=-6.08 deg pitch=-0.42 deg feeder_rpm=0.00 wheel0_rpm=6440 wheel1_rpm=6480 wheel_delta=-40 projectile_speed=19.36 gate=0xFF switch=1 rc=1 sticks=1 imu=1 serial=1 control=1 yaw_armed=1 pitch_active=1
[DEBUG] armors=2, targets=1
[2026-09-09 20:26:36.123] [info] [XUC][FIRE] feeder recovery complete; fresh gyro qualification required
[DEBUG] armors=3, targets=1
[DEBUG] armors=2, targets=1
[DEBUG] armors=2, targets=1
[DEBUG] armors=2, targets=1
[2026-09-09 20:26:36.192] [info] [GYROSCHED] cycle=76 due_in=+90.2 ms hit_in=379.6 ms period=320.8 ms window=11.05deg worst=8.01deg safe=true
[2026-09-09 20:26:36.194] [info] [SYNC][XUC] mode=1 yaw=-6.08 deg pitch=-0.41 deg feeder_rpm=0.00 wheel0_rpm=6440 wheel1_rpm=6520 wheel_delta=-80 projectile_speed=19.36 gate=0xFF switch=1 rc=1 sticks=1 imu=1 serial=1 control=1 yaw_armed=1 pitch_active=1
[DEBUG] armors=1, targets=1
[DEBUG] armors=1, targets=1
[DEBUG] armors=1, targets=1
[DEBUG] armors=1, targets=1
[2026-09-09 20:26:36.258] [info] [XUC][FIRE] stable-window candidate started
[2026-09-09 20:26:36.258] [info] [XUC][FIRE] qualified after 0 ms/1 frames, current_pixel_error_deg=(-0.75,-0.37) predicted_impact_yaw_error_deg=inf gyro_predict=true face_error=infdeg omega=+5.005rad_s armed=true
[2026-09-09 20:26:36.273] [info] [SHOT] id=22 issue mode=1 gyro=1 event=1 cycle=76 processing_age_ms=42.3 due_error_ms=+0.07 period_ms=320.8 window_deg=11.05 worst_deg=8.01
[DEBUG] armors=1, targets=1
[2026-09-09 20:26:36.288] [info] [XUC][FIRE] gyro request inhibited during feeder recovery
[2026-09-09 20:26:36.288] [info] [GYROPLL] phase_zero cycle=75 sample=323.8 ms periods=1 filtered=320.4 ms residual=-15.8 ms correction=-2.4 ms locks=75 locked=1 reacquired=0 rejects=0 omega=4.903 ekf_omega=+4.958
[2026-09-09 20:26:36.288] [info] [XUC][FIRE] stable window reset
[2026-09-09 20:26:36.290] [info] [SYNC][XUC] mode=1 yaw=-6.08 deg pitch=-0.41 deg feeder_rpm=0.00 wheel0_rpm=6440 wheel1_rpm=6520 wheel_delta=-80 projectile_speed=19.36 gate=0xFF switch=1 rc=1 sticks=1 imu=1 serial=1 control=1 yaw_armed=1 pitch_active=1
[DEBUG] armors=1, targets=1
[2026-09-09 20:26:36.304] [info] [DRYRUN] measured_gimbal=(2.736,0.020,-0.023) measured_world=(2.718,0.310,-0.003) tracked_world=(2.698,0.306,-0.002) target_gimbal_deg=(0.42,-0.48) target_world_deg=(6.51,-0.07) gimbal_deg=(6.08,-0.41) armor_y_px=607.2 pixel_error_deg=(0.74,1.65) ballistic=(range=2.736m holdover=0.097m comp=1.98deg residual=-0.33deg) q_wxyz=(0.998586,-0.000192,-0.003614,-0.053045) cmd_deg=(5.96,-0.69) packed_pitch_deg=-0.69 control=true shoot=false
[2026-09-09 20:26:36.306] [info] [SHOT] id=22 feeder_start command_to_feeder_ms=33.1 rpm=1153
[DEBUG] armors=1, targets=1
[DEBUG] armors=1, targets=1
[DEBUG] armors=1, targets=1
[DEBUG] armors=2, targets=1
[2026-09-09 20:26:36.371] [info] [GYROSCHED] cycle=77 due_in=+215.1 ms hit_in=518.6 ms period=320.4 ms window=11.05deg worst=8.02deg safe=true
[2026-09-09 20:26:36.373] [info] [SYNC][XUC] mode=1 yaw=-6.08 deg pitch=-0.43 deg feeder_rpm=1743.00 wheel0_rpm=6440 wheel1_rpm=6520 wheel_delta=-80 projectile_speed=19.36 gate=0xFF switch=1 rc=1 sticks=1 imu=1 serial=1 control=1 yaw_armed=1 pitch_active=1
[DEBUG] armors=3, targets=1
[DEBUG] armors=2, targets=1
[DEBUG] armors=2, targets=1
[DEBUG] armors=2, targets=1
[DEBUG] armors=2, targets=1
[2026-09-09 20:26:36.460] [info] [SHOT] id=22 feeder_stop feeder_motion_ms=153.3
[2026-09-09 20:26:36.460] [info] [XUC][FIRE] feeder stopped; gyro recovery hold started for 600 ms
[2026-09-09 20:26:36.460] [info] [SYNC][XUC] mode=1 yaw=-6.07 deg pitch=-0.43 deg feeder_rpm=249.00 wheel0_rpm=6440 wheel1_rpm=6480 wheel_delta=-40 projectile_speed=19.36 gate=0xFF switch=1 rc=1 sticks=1 imu=1 serial=1 control=1 yaw_armed=1 pitch_active=1
[DEBUG] armors=3, targets=1
[DEBUG] armors=2, targets=1
[DEBUG] armors=2, targets=1
[DEBUG] armors=1, targets=1
[DEBUG] armors=1, targets=1
[2026-09-09 20:26:36.543] [info] [GYROSCHED] cycle=77 due_in=+60.2 ms hit_in=346.4 ms period=320.4 ms window=11.06deg worst=8.02deg safe=true
[2026-09-09 20:26:36.546] [info] [SYNC][XUC] mode=1 yaw=-6.08 deg pitch=-0.31 deg feeder_rpm=0.00 wheel0_rpm=6320 wheel1_rpm=6400 wheel_delta=-80 projectile_speed=19.36 gate=0xFF switch=1 rc=1 sticks=1 imu=1 serial=1 control=1 yaw_armed=1 pitch_active=1
[2026-09-09 20:26:36.559] [info] [ASSOC] selected_face=3 cost=-0.032 detections=1 confidence=0.88
[DEBUG] armors=1, targets=1
[DEBUG] armors=1, targets=1
[DEBUG] armors=1, targets=1
[2026-09-09 20:26:36.595] [info] [GYROPLL] phase_zero cycle=76 sample=327.8 ms periods=1 filtered=320.8 ms residual=-6.0 ms correction=-0.9 ms locks=76 locked=1 reacquired=0 rejects=0 omega=4.896 ekf_omega=+4.982
[DEBUG] armors=1, targets=1
[DEBUG] armors=0, targets=1
[2026-09-09 20:26:36.632] [info] [SYNC][XUC] mode=1 yaw=-6.08 deg pitch=-0.29 deg feeder_rpm=0.00 wheel0_rpm=6400 wheel1_rpm=6480 wheel_delta=-80 projectile_speed=19.36 gate=0xFF switch=1 rc=1 sticks=1 imu=1 serial=1 control=1 yaw_armed=1 pitch_active=1
[DEBUG] armors=0, targets=1
[DEBUG] armors=1, targets=1
[DEBUG] armors=2, targets=1
[DEBUG] armors=2, targets=1
[DEBUG] armors=2, targets=1
[2026-09-09 20:26:36.719] [info] [SYNC][XUC] mode=1 yaw=-7.11 deg pitch=-0.35 deg feeder_rpm=0.00 wheel0_rpm=6200 wheel1_rpm=6240 wheel_delta=-40 projectile_speed=19.36 gate=0xFF switch=1 rc=1 sticks=1 imu=1 serial=1 control=1 yaw_armed=1 pitch_active=1
[DEBUG] armors=1, targets=1
[DEBUG] armors=1, targets=1
[2026-09-09 20:26:36.750] [info] [GYROSCHED] cycle=78 due_in=+137.7 ms hit_in=459.5 ms period=320.8 ms window=11.05deg worst=8.01deg safe=true
[DEBUG] armors=3, targets=1
[DEBUG] armors=4, targets=1
[DEBUG] armors=2, targets=1
[2026-09-09 20:26:36.805] [info] [SYNC][XUC] mode=1 yaw=-6.58 deg pitch=-0.28 deg feeder_rpm=0.00 wheel0_rpm=6360 wheel1_rpm=6440 wheel_delta=-80 projectile_speed=19.36 gate=0xFF switch=1 rc=1 sticks=1 imu=1 serial=1 control=1 yaw_armed=1 pitch_active=1
[DEBUG] armors=3, targets=1
[2026-09-09 20:26:36.823] [info] [PERF] 总耗时=17.7ms (检测=14.2ms, 跟踪=1.2ms), FPS=56.5
[2026-09-09 20:26:36.823] [info] 📊 [CAMERA FPS] 瞬时帧率=56.4fps, 平均帧率=58.0fps, 总帧数=1450, 运行时间=25.0s
[DEBUG] armors=3, targets=1
[DEBUG] armors=1, targets=1
[DEBUG] armors=1, targets=1
[DEBUG] armors=1, targets=1
[2026-09-09 20:26:36.891] [info] [SYNC][XUC] mode=1 yaw=-6.61 deg pitch=-0.32 deg feeder_rpm=0.00 wheel0_rpm=6440 wheel1_rpm=6480 wheel_delta=-40 projectile_speed=19.36 gate=0xFF switch=1 rc=1 sticks=1 imu=1 serial=1 control=1 yaw_armed=1 pitch_active=1
[DEBUG] armors=1, targets=1
[2026-09-09 20:26:36.906] [info] [GYROPLL] phase_zero cycle=77 sample=313.1 ms periods=1 filtered=321.0 ms residual=-12.9 ms correction=-1.9 ms locks=77 locked=1 reacquired=0 rejects=0 omega=4.893 ekf_omega=+5.050
[DEBUG] armors=1, targets=1
[2026-09-09 20:26:36.922] [info] [GYROSCHED] cycle=79 due_in=+312.7 ms hit_in=606.9 ms period=321.0 ms window=11.05deg worst=8.01deg safe=true
[2026-09-09 20:26:36.922] [info] [B2DIAG] auto=1 control=1 conv=1 oneface_gate=1 armed=1 motion=1 cadence=0 dyaw_fresh=1 dpitch_fresh=1 yawgate=0 event=1 safe=1 due_ms=+312.7 window_deg=11.05 worst_deg=8.01 yawerr_deg=0.44 pitcherr_deg=-0.27
[DEBUG] armors=1, targets=1
[DEBUG] armors=1, targets=1
[DEBUG] armors=1, targets=1
[2026-09-09 20:26:36.974] [info] [SYNC][XUC] mode=1 yaw=-6.56 deg pitch=-0.24 deg feeder_rpm=0.00 wheel0_rpm=6440 wheel1_rpm=6480 wheel_delta=-40 projectile_speed=19.36 gate=0xFF switch=1 rc=1 sticks=1 imu=1 serial=1 control=1 yaw_armed=1 pitch_active=1
[DEBUG] armors=1, targets=1
[2026-09-09 20:26:36.989] [info] [DRYRUN] measured_gimbal=(2.881,-0.062,-0.028) measured_world=(2.869,0.267,-0.016) tracked_world=(3.354,0.574,-0.014) target_gimbal_deg=(-1.24,-0.56) target_world_deg=(5.32,-0.32) gimbal_deg=(6.56,-0.24) armor_y_px=607.6 pixel_error_deg=(2.45,1.66) ballistic=(range=2.881m holdover=0.105m comp=2.05deg residual=-0.39deg) q_wxyz=(0.998361,-0.000120,-0.002103,-0.057188) cmd_deg=(5.99,-0.54) packed_pitch_deg=-0.54 control=true shoot=false
[DEBUG] armors=1, targets=1
[DEBUG] armors=2, targets=1
[DEBUG] armors=2, targets=1
[DEBUG] armors=2, targets=1
[2026-09-09 20:26:37.063] [info] [SYNC][XUC] mode=1 yaw=-6.58 deg pitch=-0.23 deg feeder_rpm=-4.00 wheel0_rpm=6440 wheel1_rpm=6480 wheel_delta=-40 projectile_speed=19.36 gate=0xFF switch=1 rc=1 sticks=1 imu=1 serial=1 control=1 yaw_armed=1 pitch_active=1
[DEBUG] armors=2, targets=1
[DEBUG] armors=3, targets=1
[2026-09-09 20:26:37.095] [info] [XUC][FIRE] feeder recovery complete; fresh gyro qualification required
[2026-09-09 20:26:37.095] [info] [GYROSCHED] cycle=79 due_in=+120.4 ms hit_in=434.3 ms period=321.0 ms window=11.05deg worst=8.01deg safe=true
[DEBUG] armors=2, targets=1
[DEBUG] armors=2, targets=1
[DEBUG] armors=1, targets=1
[2026-09-09 20:26:37.146] [info] [SYNC][XUC] mode=1 yaw=-6.55 deg pitch=-0.20 deg feeder_rpm=0.00 wheel0_rpm=6440 wheel1_rpm=6520 wheel_delta=-80 projectile_speed=19.36 gate=0xFF switch=1 rc=1 sticks=1 imu=1 serial=1 control=1 yaw_armed=1 pitch_active=1
[DEBUG] armors=1, targets=1
[DEBUG] armors=1, targets=1
[DEBUG] armors=1, targets=1
[DEBUG] armors=1, targets=1
[2026-09-09 20:26:37.208] [info] [XUC][FIRE] stable-window candidate started
[2026-09-09 20:26:37.208] [info] [XUC][FIRE] qualified after 0 ms/1 frames, current_pixel_error_deg=(-1.01,-0.40) predicted_impact_yaw_error_deg=inf gyro_predict=true face_error=infdeg omega=+5.045rad_s armed=true
[2026-09-09 20:26:37.231] [info] [SHOT] id=23 issue mode=1 gyro=1 event=1 cycle=79 processing_age_ms=52.8 due_error_ms=+0.10 period_ms=321.0 window_deg=11.05 worst_deg=8.01
[DEBUG] armors=1, targets=1
[2026-09-09 20:26:37.246] [info] [XUC][FIRE] gyro request inhibited during feeder recovery
[2026-09-09 20:26:37.246] [info] [XUC][FIRE] stable window reset
[2026-09-09 20:26:37.248] [info] [SYNC][XUC] mode=1 yaw=-6.54 deg pitch=-0.17 deg feeder_rpm=-4.00 wheel0_rpm=6440 wheel1_rpm=6520 wheel_delta=-80 projectile_speed=19.36 gate=0xFF switch=1 rc=1 sticks=1 imu=1 serial=1 control=1 yaw_armed=1 pitch_active=1
[DEBUG] armors=1, targets=1
[2026-09-09 20:26:37.261] [info] [GYROPLL] phase_zero cycle=78 sample=322.3 ms periods=1 filtered=321.0 ms residual=-9.7 ms correction=-1.4 ms locks=78 locked=1 reacquired=0 rejects=0 omega=4.893 ekf_omega=+4.994
[2026-09-09 20:26:37.264] [info] [SHOT] id=23 feeder_start command_to_feeder_ms=32.7 rpm=1464
[DEBUG] armors=1, targets=1
[2026-09-09 20:26:37.277] [info] [GYROSCHED] cycle=80 due_in=+274.4 ms hit_in=571.5 ms period=321.0 ms window=11.05deg worst=8.01deg safe=true
[DEBUG] armors=1, targets=1
[DEBUG] armors=1, targets=1
[DEBUG] armors=1, targets=1
[2026-09-09 20:26:37.329] [info] [SYNC][XUC] mode=1 yaw=-6.54 deg pitch=-0.15 deg feeder_rpm=1933.00 wheel0_rpm=6440 wheel1_rpm=6520 wheel_delta=-80 projectile_speed=19.36 gate=0xFF switch=1 rc=1 sticks=1 imu=1 serial=1 control=1 yaw_armed=1 pitch_active=1
[DEBUG] armors=2, targets=1
[2026-09-09 20:26:37.344] [info] [DRYRUN] measured_gimbal=(2.897,-0.106,-0.030) measured_world=(2.890,0.225,-0.022) tracked_world=(2.885,0.669,-0.015) target_gimbal_deg=(-2.10,-0.60) target_world_deg=(4.45,-0.44) gimbal_deg=(6.54,-0.15) armor_y_px=608.9 pixel_error_deg=(3.31,1.69) ballistic=(range=2.898m holdover=0.106m comp=2.06deg residual=-0.37deg) q_wxyz=(0.998370,-0.000075,-0.001316,-0.057060) cmd_deg=(6.01,-0.48) packed_pitch_deg=-0.48 control=true shoot=false
[DEBUG] armors=2, targets=1
[DEBUG] armors=3, targets=1
[DEBUG] armors=2, targets=1
[DEBUG] armors=3, targets=1
[2026-09-09 20:26:37.418] [info] [SHOT] id=23 feeder_stop feeder_motion_ms=154.0
[2026-09-09 20:26:37.418] [info] [XUC][FIRE] feeder stopped; gyro recovery hold started for 600 ms
[2026-09-09 20:26:37.418] [info] [SYNC][XUC] mode=1 yaw=-6.55 deg pitch=-0.12 deg feeder_rpm=80.00 wheel0_rpm=6440 wheel1_rpm=6480 wheel_delta=-40 projectile_speed=19.36 gate=0xFF switch=1 rc=1 sticks=1 imu=1 serial=1 control=1 yaw_armed=1 pitch_active=1
[DEBUG] armors=2, targets=1
[DEBUG] armors=2, targets=1
[2026-09-09 20:26:37.450] [info] [GYROSCHED] cycle=80 due_in=+103.1 ms hit_in=398.6 ms period=321.0 ms window=11.05deg worst=8.01deg safe=true
[2026-09-09 20:26:37.467] [info] [ASSOC] selected_face=0 cost=0.017 detections=1 confidence=0.90
[DEBUG] armors=1, targets=1
[DEBUG] armors=2, targets=1
[DEBUG] armors=1, targets=1
[2026-09-09 20:26:37.503] [info] [SYNC][XUC] mode=1 yaw=-6.53 deg pitch=-0.12 deg feeder_rpm=-4.00 wheel0_rpm=6440 wheel1_rpm=6480 wheel_delta=-40 projectile_speed=19.36 gate=0xFF switch=1 rc=1 sticks=1 imu=1 serial=1 control=1 yaw_armed=1 pitch_active=1
[DEBUG] armors=1, targets=1
[DEBUG] armors=1, targets=1
[DEBUG] armors=1, targets=1
[2026-09-09 20:26:37.551] [info] [GYROPLL] phase_zero cycle=79 sample=325.5 ms periods=1 filtered=321.4 ms residual=-3.8 ms correction=-0.6 ms locks=79 locked=1 reacquired=0 rejects=0 omega=4.887 ekf_omega=+4.939
[DEBUG] armors=1, targets=1
[DEBUG] armors=1, targets=1
[2026-09-09 20:26:37.588] [info] [SYNC][XUC] mode=1 yaw=-6.53 deg pitch=-0.12 deg feeder_rpm=0.00 wheel0_rpm=6440 wheel1_rpm=6480 wheel_delta=-40 projectile_speed=19.36 gate=0xFF switch=1 rc=1 sticks=1 imu=1 serial=1 control=1 yaw_armed=1 pitch_active=1
[DEBUG] armors=1, targets=1
[DEBUG] armors=1, targets=1
[2026-09-09 20:26:37.620] [info] [GYROSCHED] cycle=81 due_in=+255.5 ms hit_in=550.2 ms period=321.4 ms window=11.05deg worst=8.00deg safe=true
[DEBUG] armors=1, targets=1
[DEBUG] armors=2, targets=1
[DEBUG] armors=2, targets=1
[2026-09-09 20:26:37.674] [info] [SYNC][XUC] mode=1 yaw=-6.51 deg pitch=-0.13 deg feeder_rpm=-4.00 wheel0_rpm=6440 wheel1_rpm=6520 wheel_delta=-80 projectile_speed=19.36 gate=0xFF switch=1 rc=1 sticks=1 imu=1 serial=1 control=1 yaw_armed=1 pitch_active=1
[DEBUG] armors=2, targets=1
[2026-09-09 20:26:37.689] [info] [DRYRUN] measured_gimbal=(2.809,-0.141,-0.021) measured_world=(2.807,0.178,-0.015) tracked_world=(2.808,0.179,-0.011) target_gimbal_deg=(-2.88,-0.42) target_world_deg=(3.63,-0.30) gimbal_deg=(6.51,-0.13) armor_y_px=603.3 pixel_error_deg=(4.07,1.55) ballistic=(range=2.813m holdover=0.101m comp=2.02deg residual=-0.47deg) q_wxyz=(0.998386,-0.000063,-0.001113,-0.056782) cmd_deg=(5.47,-0.53) packed_pitch_deg=-0.53 control=true shoot=false
[2026-09-09 20:26:37.692] [info] [PERF] 总耗时=17.5ms (检测=14.1ms, 跟踪=0.9ms), FPS=57.3
[2026-09-09 20:26:37.692] [info] 📊 [CAMERA FPS] 瞬时帧率=57.2fps, 平均帧率=58.0fps, 总帧数=1500, 运行时间=25.9s
[DEBUG] armors=2, targets=1
[DEBUG] armors=2, targets=1
[DEBUG] armors=3, targets=1
[DEBUG] armors=3, targets=1
[2026-09-09 20:26:37.762] [info] [SYNC][XUC] mode=1 yaw=-6.44 deg pitch=-0.13 deg feeder_rpm=0.00 wheel0_rpm=6440 wheel1_rpm=6520 wheel_delta=-80 projectile_speed=19.36 gate=0xFF switch=1 rc=1 sticks=1 imu=1 serial=1 control=1 yaw_armed=1 pitch_active=1
[DEBUG] armors=2, targets=1
[DEBUG] armors=2, targets=1
[2026-09-09 20:26:37.793] [info] [GYROSCHED] cycle=81 due_in=+79.0 ms hit_in=376.7 ms period=321.4 ms window=11.05deg worst=8.00deg safe=true
[2026-09-09 20:26:37.793] [info] [B2DIAG] auto=1 control=1 conv=1 oneface_gate=1 armed=1 motion=1 cadence=0 dyaw_fresh=1 dpitch_fresh=1 yawgate=0 event=1 safe=1 due_ms=+79.0 window_deg=11.05 worst_deg=8.00 yawerr_deg=-2.37 pitcherr_deg=-0.51
[DEBUG] armors=2, targets=1
[DEBUG] armors=1, targets=1
[DEBUG] armors=1, targets=1
[2026-09-09 20:26:37.844] [info] [SYNC][XUC] mode=1 yaw=-6.37 deg pitch=-0.15 deg feeder_rpm=0.00 wheel0_rpm=6440 wheel1_rpm=6480 wheel_delta=-40 projectile_speed=19.36 gate=0xFF switch=1 rc=1 sticks=1 imu=1 serial=1 control=1 yaw_armed=1 pitch_active=1
[DEBUG] armors=1, targets=1
[DEBUG] armors=1, targets=1
[DEBUG] armors=1, targets=1
[2026-09-09 20:26:37.893] [info] [GYROPLL] phase_zero cycle=80 sample=327.8 ms periods=1 filtered=321.7 ms residual=+3.2 ms correction=+0.5 ms locks=80 locked=1 reacquired=0 rejects=0 omega=4.883 ekf_omega=+4.964
[DEBUG] armors=1, targets=1
[DEBUG] armors=1, targets=1
[2026-09-09 20:26:37.931] [info] [SYNC][XUC] mode=1 yaw=-6.36 deg pitch=-0.16 deg feeder_rpm=0.00 wheel0_rpm=6440 wheel1_rpm=6480 wheel_delta=-40 projectile_speed=19.36 gate=0xFF switch=1 rc=1 sticks=1 imu=1 serial=1 control=1 yaw_armed=1 pitch_active=1
[DEBUG] armors=1, targets=1
[DEBUG] armors=1, targets=1
[2026-09-09 20:26:37.962] [info] [GYROSCHED] cycle=82 due_in=+231.1 ms hit_in=530.6 ms period=321.7 ms window=11.05deg worst=7.99deg safe=true
[DEBUG] armors=2, targets=1
[DEBUG] armors=2, targets=1
[DEBUG] armors=2, targets=1
[2026-09-09 20:26:38.015] [info] [SYNC][XUC] mode=1 yaw=-6.36 deg pitch=-0.16 deg feeder_rpm=-4.00 wheel0_rpm=6440 wheel1_rpm=6520 wheel_delta=-80 projectile_speed=19.36 gate=0xFF switch=1 rc=1 sticks=1 imu=1 serial=1 control=1 yaw_armed=1 pitch_active=1
[DEBUG] armors=3, targets=1
[2026-09-09 20:26:38.029] [info] [DRYRUN] measured_gimbal=(2.894,-0.136,-0.026) measured_world=(2.891,0.185,-0.018) tracked_world=(3.285,0.180,-0.012) target_gimbal_deg=(-2.69,-0.52) target_world_deg=(3.67,-0.36) gimbal_deg=(6.36,-0.16) armor_y_px=605.8 pixel_error_deg=(3.90,1.61) ballistic=(range=2.897m holdover=0.106m comp=2.06deg residual=-0.45deg) q_wxyz=(0.998460,-0.000077,-0.001393,-0.055456) cmd_deg=(5.64,-0.53) packed_pitch_deg=-0.53 control=true shoot=false
[DEBUG] armors=2, targets=1
[2026-09-09 20:26:38.046] [info] [XUC][FIRE] feeder recovery complete; fresh gyro qualification required
[DEBUG] armors=2, targets=1
[DEBUG] armors=3, targets=1
[DEBUG] armors=2, targets=1
[2026-09-09 20:26:38.101] [info] [SYNC][XUC] mode=1 yaw=-6.36 deg pitch=-0.16 deg feeder_rpm=0.00 wheel0_rpm=6440 wheel1_rpm=6520 wheel_delta=-80 projectile_speed=19.36 gate=0xFF switch=1 rc=1 sticks=1 imu=1 serial=1 control=1 yaw_armed=1 pitch_active=1
[DEBUG] armors=2, targets=1
[DEBUG] armors=1, targets=1
[2026-09-09 20:26:38.134] [info] [GYROSCHED] cycle=82 due_in=+64.0 ms hit_in=358.7 ms period=321.7 ms window=11.05deg worst=7.99deg safe=true
[DEBUG] armors=1, targets=1
[DEBUG] armors=1, targets=1
[2026-09-09 20:26:38.169] [info] [XUC][FIRE] stable-window candidate started
[2026-09-09 20:26:38.169] [info] [XUC][FIRE] qualified after 0 ms/1 frames, current_pixel_error_deg=(-0.92,-0.50) predicted_impact_yaw_error_deg=inf gyro_predict=true face_error=infdeg omega=+5.113rad_s armed=true
[2026-09-09 20:26:38.193] [info] [SHOT] id=24 issue mode=1 gyro=1 event=1 cycle=82 processing_age_ms=55.2 due_error_ms=+0.06 period_ms=321.7 window_deg=11.05 worst_deg=7.99
[DEBUG] armors=1, targets=1
[2026-09-09 20:26:38.207] [info] [XUC][FIRE] gyro request inhibited during feeder recovery
[2026-09-09 20:26:38.207] [info] [XUC][FIRE] stable window reset
[2026-09-09 20:26:38.209] [info] [SYNC][XUC] mode=1 yaw=-6.36 deg pitch=-0.17 deg feeder_rpm=0.00 wheel0_rpm=6440 wheel1_rpm=6480 wheel_delta=-40 projectile_speed=19.36 gate=0xFF switch=1 rc=1 sticks=1 imu=1 serial=1 control=1 yaw_armed=1 pitch_active=1
[DEBUG] armors=1, targets=1
[2026-09-09 20:26:38.223] [info] [GYROPLL] phase_zero cycle=81 sample=311.1 ms periods=1 filtered=321.6 ms residual=-7.8 ms correction=-1.2 ms locks=81 locked=1 reacquired=0 rejects=0 omega=4.884 ekf_omega=+5.101
[2026-09-09 20:26:38.225] [info] [SHOT] id=24 feeder_start command_to_feeder_ms=32.0 rpm=1153
[DEBUG] armors=1, targets=1
[DEBUG] armors=1, targets=1
[DEBUG] armors=1, targets=1
[DEBUG] armors=2, targets=1
[2026-09-09 20:26:38.293] [info] [SYNC][XUC] mode=1 yaw=-6.36 deg pitch=-0.17 deg feeder_rpm=2153.00 wheel0_rpm=6440 wheel1_rpm=6480 wheel_delta=-40 projectile_speed=19.36 gate=0xFF switch=1 rc=1 sticks=1 imu=1 serial=1 control=1 yaw_armed=1 pitch_active=1
[DEBUG] armors=3, targets=1
[DEBUG] armors=2, targets=1
[2026-09-09 20:26:38.327] [info] [GYROSCHED] cycle=83 due_in=+180.5 ms hit_in=485.4 ms period=321.6 ms window=11.05deg worst=8.00deg safe=true
[2026-09-09 20:26:38.344] [info] [ASSOC] selected_face=2 cost=0.001 detections=2 confidence=0.35
[DEBUG] armors=2, targets=1
[DEBUG] armors=2, targets=1
[DEBUG] armors=3, targets=1
[2026-09-09 20:26:38.380] [info] [SHOT] id=24 feeder_stop feeder_motion_ms=155.3
[2026-09-09 20:26:38.380] [info] [XUC][FIRE] feeder stopped; gyro recovery hold started for 600 ms
[2026-09-09 20:26:38.380] [info] [SYNC][XUC] mode=1 yaw=-6.36 deg pitch=-0.17 deg feeder_rpm=-52.00 wheel0_rpm=6440 wheel1_rpm=6480 wheel_delta=-40 projectile_speed=19.36 gate=0xFF switch=1 rc=1 sticks=1 imu=1 serial=1 control=1 yaw_armed=1 pitch_active=1
[DEBUG] armors=2, targets=1
[2026-09-09 20:26:38.395] [info] [DRYRUN] measured_gimbal=(2.965,0.270,-0.024) measured_world=(2.917,0.597,-0.015) tracked_world=(3.239,0.722,-0.015) target_gimbal_deg=(5.21,-0.46) target_world_deg=(11.57,-0.29) gimbal_deg=(6.36,-0.17) armor_y_px=602.0 pixel_error_deg=(-3.98,1.52) ballistic=(range=2.978m holdover=0.111m comp=2.10deg residual=-0.58deg) q_wxyz=(0.998461,-0.000082,-0.001470,-0.055433) cmd_deg=(5.99,-0.58) packed_pitch_deg=-0.58 control=true shoot=false
[DEBUG] armors=2, targets=1
[DEBUG] armors=2, targets=1
[DEBUG] armors=1, targets=1
[DEBUG] armors=1, targets=1
[2026-09-09 20:26:38.466] [info] [SYNC][XUC] mode=1 yaw=-6.36 deg pitch=-0.17 deg feeder_rpm=-4.00 wheel0_rpm=6440 wheel1_rpm=6480 wheel_delta=-40 projectile_speed=19.36 gate=0xFF switch=1 rc=1 sticks=1 imu=1 serial=1 control=1 yaw_armed=1 pitch_active=1
[DEBUG] armors=1, targets=1
[DEBUG] armors=1, targets=1
[2026-09-09 20:26:38.497] [info] [GYROSCHED] cycle=83 due_in=+17.9 ms hit_in=316.1 ms period=321.6 ms window=11.04deg worst=8.00deg safe=true
[DEBUG] armors=1, targets=1
[2026-09-09 20:26:38.513] [info] [GYROPLL] phase_zero cycle=82 sample=319.8 ms periods=1 filtered=321.5 ms residual=-8.5 ms correction=-1.3 ms locks=82 locked=1 reacquired=0 rejects=0 omega=4.885 ekf_omega=+4.979
[DEBUG] armors=1, targets=1
[DEBUG] armors=1, targets=1
[2026-09-09 20:26:38.551] [info] [SYNC][XUC] mode=1 yaw=-6.40 deg pitch=-0.18 deg feeder_rpm=0.00 wheel0_rpm=6320 wheel1_rpm=6360 wheel_delta=-40 projectile_speed=19.36 gate=0xFF switch=1 rc=1 sticks=1 imu=1 serial=1 control=1 yaw_armed=1 pitch_active=1
[DEBUG] armors=1, targets=1
[2026-09-09 20:26:38.568] [info] [PERF] 总耗时=16.8ms (检测=13.6ms, 跟踪=0.5ms), FPS=59.5
[2026-09-09 20:26:38.568] [info] 📊 [CAMERA FPS] 瞬时帧率=59.3fps, 平均帧率=58.0fps, 总帧数=1550, 运行时间=26.7s
[DEBUG] armors=1, targets=1
[DEBUG] armors=2, targets=1
[DEBUG] armors=1, targets=1
[DEBUG] armors=3, targets=1
[2026-09-09 20:26:38.637] [info] [SYNC][XUC] mode=1 yaw=-6.40 deg pitch=-0.16 deg feeder_rpm=0.00 wheel0_rpm=6400 wheel1_rpm=6440 wheel_delta=-40 projectile_speed=19.36 gate=0xFF switch=1 rc=1 sticks=1 imu=1 serial=1 control=1 yaw_armed=1 pitch_active=1
[DEBUG] armors=3, targets=1
[DEBUG] armors=3, targets=1
[2026-09-09 20:26:38.671] [info] [GYROSCHED] cycle=84 due_in=+162.9 ms hit_in=462.3 ms period=321.5 ms window=11.04deg worst=8.00deg safe=true
[2026-09-09 20:26:38.671] [info] [B2DIAG] auto=1 control=1 conv=1 oneface_gate=1 armed=1 motion=1 cadence=0 dyaw_fresh=1 dpitch_fresh=1 yawgate=0 event=1 safe=1 due_ms=+162.9 window_deg=11.04 worst_deg=8.00 yawerr_deg=4.12 pitcherr_deg=-0.36
[DEBUG] armors=2, targets=1
[DEBUG] armors=3, targets=1
[DEBUG] armors=2, targets=1
[2026-09-09 20:26:38.727] [info] [SYNC][XUC] mode=1 yaw=-6.36 deg pitch=-0.18 deg feeder_rpm=0.00 wheel0_rpm=6400 wheel1_rpm=6480 wheel_delta=-80 projectile_speed=19.36 gate=0xFF switch=1 rc=1 sticks=1 imu=1 serial=1 control=1 yaw_armed=1 pitch_active=1
[DEBUG] armors=2, targets=1
[2026-09-09 20:26:38.742] [info] [DRYRUN] measured_gimbal=(2.807,0.213,-0.014) measured_world=(2.766,0.523,-0.005) tracked_world=(2.775,0.523,-0.015) target_gimbal_deg=(4.34,-0.29) target_world_deg=(10.70,-0.11) gimbal_deg=(6.36,-0.18) armor_y_px=597.9 pixel_error_deg=(-3.16,1.42) ballistic=(range=2.815m holdover=0.102m comp=2.02deg residual=-0.60deg) q_wxyz=(0.998461,-0.000087,-0.001563,-0.055441) cmd_deg=(5.68,-0.60) packed_pitch_deg=-0.60 control=true shoot=false
[DEBUG] armors=1, targets=1
[DEBUG] armors=1, targets=1
[DEBUG] armors=1, targets=1
[DEBUG] armors=1, targets=1
[2026-09-09 20:26:38.811] [info] [SYNC][XUC] mode=1 yaw=-6.34 deg pitch=-0.21 deg feeder_rpm=0.00 wheel0_rpm=6440 wheel1_rpm=6520 wheel_delta=-80 projectile_speed=19.36 gate=0xFF switch=1 rc=1 sticks=1 imu=1 serial=1 control=1 yaw_armed=1 pitch_active=1
[DEBUG] armors=1, targets=1
[DEBUG] armors=1, targets=1
[2026-09-09 20:26:38.842] [info] [GYROPLL] phase_zero cycle=83 sample=326.3 ms periods=1 filtered=321.7 ms residual=-2.5 ms correction=-0.4 ms locks=83 locked=1 reacquired=0 rejects=0 omega=4.883 ekf_omega=+4.896
[2026-09-09 20:26:38.842] [info] [GYROSCHED] cycle=85 due_in=+319.9 ms hit_in=612.0 ms period=321.7 ms window=11.04deg worst=8.00deg safe=true
[DEBUG] armors=1, targets=1
[DEBUG] armors=1, targets=1
[DEBUG] armors=1, targets=1
[2026-09-09 20:26:38.894] [info] [SYNC][XUC] mode=1 yaw=-6.34 deg pitch=-0.21 deg feeder_rpm=0.00 wheel0_rpm=6440 wheel1_rpm=6480 wheel_delta=-40 projectile_speed=19.36 gate=0xFF switch=1 rc=1 sticks=1 imu=1 serial=1 control=1 yaw_armed=1 pitch_active=1
[DEBUG] armors=1, targets=1
[DEBUG] armors=1, targets=1
[DEBUG] armors=2, targets=1
[DEBUG] armors=3, targets=1
[DEBUG] armors=2, targets=1
[2026-09-09 20:26:38.981] [info] [SYNC][XUC] mode=1 yaw=-6.30 deg pitch=-0.25 deg feeder_rpm=0.00 wheel0_rpm=6440 wheel1_rpm=6480 wheel_delta=-40 projectile_speed=19.36 gate=0xFF switch=1 rc=1 sticks=1 imu=1 serial=1 control=1 yaw_armed=1 pitch_active=1
[DEBUG] armors=2, targets=1
[DEBUG] armors=3, targets=1
[2026-09-09 20:26:39.015] [info] [XUC][FIRE] feeder recovery complete; fresh gyro qualification required
[2026-09-09 20:26:39.015] [info] [GYROSCHED] cycle=85 due_in=+125.6 ms hit_in=439.4 ms period=321.7 ms window=11.04deg worst=8.00deg safe=true
[DEBUG] armors=3, targets=1
[DEBUG] armors=2, targets=1
[DEBUG] armors=3, targets=1
[2026-09-09 20:26:39.069] [info] [SYNC][XUC] mode=1 yaw=-6.23 deg pitch=-0.25 deg feeder_rpm=0.00 wheel0_rpm=6440 wheel1_rpm=6480 wheel_delta=-40 projectile_speed=19.36 gate=0xFF switch=1 rc=1 sticks=1 imu=1 serial=1 control=1 yaw_armed=1 pitch_active=1
[DEBUG] armors=1, targets=1
[2026-09-09 20:26:39.084] [info] [DRYRUN] measured_gimbal=(2.778,0.172,-0.020) measured_world=(2.743,0.472,-0.007) tracked_world=(2.961,0.085,-0.011) target_gimbal_deg=(3.53,-0.40) target_world_deg=(9.77,-0.15) gimbal_deg=(6.23,-0.25) armor_y_px=603.1 pixel_error_deg=(-2.35,1.55) ballistic=(range=2.784m holdover=0.100m comp=2.01deg residual=-0.46deg) q_wxyz=(0.998518,-0.000119,-0.002188,-0.054375) cmd_deg=(5.41,-0.63) packed_pitch_deg=-0.63 control=true shoot=false
[DEBUG] armors=1, targets=1
[DEBUG] armors=1, targets=1
[DEBUG] armors=1, targets=1
[2026-09-09 20:26:39.136] [info] [XUC][FIRE] stable-window candidate started
[2026-09-09 20:26:39.136] [info] [XUC][FIRE] qualified after 0 ms/1 frames, current_pixel_error_deg=(-0.80,-0.41) predicted_impact_yaw_error_deg=inf gyro_predict=true face_error=infdeg omega=+4.979rad_s armed=true
[2026-09-09 20:26:39.157] [info] [SHOT] id=25 issue mode=1 gyro=1 event=1 cycle=85 processing_age_ms=51.9 due_error_ms=+0.10 period_ms=321.7 window_deg=11.05 worst_deg=8.00
[DEBUG] armors=2, targets=1
[2026-09-09 20:26:39.172] [info] [XUC][FIRE] gyro request inhibited during feeder recovery
[2026-09-09 20:26:39.172] [info] [XUC][FIRE] stable window reset
[2026-09-09 20:26:39.174] [info] [SYNC][XUC] mode=1 yaw=-6.20 deg pitch=-0.27 deg feeder_rpm=0.00 wheel0_rpm=6440 wheel1_rpm=6480 wheel_delta=-40 projectile_speed=19.36 gate=0xFF switch=1 rc=1 sticks=1 imu=1 serial=1 control=1 yaw_armed=1 pitch_active=1
[DEBUG] armors=1, targets=1
[2026-09-09 20:26:39.187] [info] [GYROPLL] phase_zero cycle=84 sample=324.3 ms periods=1 filtered=322.0 ms residual=+0.5 ms correction=+0.1 ms locks=84 locked=1 reacquired=0 rejects=0 omega=4.878 ekf_omega=+4.944
[2026-09-09 20:26:39.189] [info] [SHOT] id=25 feeder_start command_to_feeder_ms=32.3 rpm=1809
[DEBUG] armors=1, targets=1
[2026-09-09 20:26:39.202] [info] [GYROSCHED] cycle=86 due_in=+275.3 ms hit_in=574.1 ms period=322.0 ms window=11.05deg worst=7.99deg safe=true
[2026-09-09 20:26:39.218] [info] [ASSOC] selected_face=3 cost=-0.075 detections=1 confidence=0.82
[DEBUG] armors=1, targets=1
[DEBUG] armors=1, targets=1
[DEBUG] armors=2, targets=1
[2026-09-09 20:26:39.254] [info] [SYNC][XUC] mode=1 yaw=-6.19 deg pitch=-0.28 deg feeder_rpm=1907.00 wheel0_rpm=6440 wheel1_rpm=6520 wheel_delta=-80 projectile_speed=19.36 gate=0xFF switch=1 rc=1 sticks=1 imu=1 serial=1 control=1 yaw_armed=1 pitch_active=1
[DEBUG] armors=2, targets=1
[DEBUG] armors=2, targets=1
[DEBUG] armors=2, targets=1
[DEBUG] armors=3, targets=1
[DEBUG] armors=3, targets=1
[2026-09-09 20:26:39.343] [info] [SHOT] id=25 feeder_stop feeder_motion_ms=154.1
[2026-09-09 20:26:39.343] [info] [XUC][FIRE] feeder stopped; gyro recovery hold started for 600 ms
[2026-09-09 20:26:39.343] [info] [SYNC][XUC] mode=1 yaw=-6.18 deg pitch=-0.26 deg feeder_rpm=153.00 wheel0_rpm=6480 wheel1_rpm=6480 wheel_delta=0 projectile_speed=19.36 gate=0xFF switch=1 rc=1 sticks=1 imu=1 serial=1 control=1 yaw_armed=1 pitch_active=1
[DEBUG] armors=2, targets=1
[DEBUG] armors=2, targets=1
[2026-09-09 20:26:39.375] [info] [GYROSCHED] cycle=86 due_in=+104.7 ms hit_in=401.3 ms period=322.0 ms window=11.05deg worst=7.99deg safe=true
[DEBUG] armors=2, targets=1
[DEBUG] armors=2, targets=1
[DEBUG] armors=1, targets=1
[2026-09-09 20:26:39.428] [info] [SYNC][XUC] mode=1 yaw=-6.18 deg pitch=-0.24 deg feeder_rpm=10.00 wheel0_rpm=6440 wheel1_rpm=6480 wheel_delta=-40 projectile_speed=19.36 gate=0xFF switch=1 rc=1 sticks=1 imu=1 serial=1 control=1 yaw_armed=1 pitch_active=1
[DEBUG] armors=1, targets=1
[2026-09-09 20:26:39.442] [info] [DRYRUN] measured_gimbal=(2.881,0.123,-0.024) measured_world=(2.851,0.433,-0.012) tracked_world=(3.408,0.375,-0.011) target_gimbal_deg=(2.45,-0.48) target_world_deg=(8.63,-0.23) gimbal_deg=(6.18,-0.24) armor_y_px=604.3 pixel_error_deg=(-1.25,1.58) ballistic=(range=2.884m holdover=0.106m comp=2.05deg residual=-0.48deg) q_wxyz=(0.998546,-0.000115,-0.002131,-0.053872) cmd_deg=(5.61,-0.59) packed_pitch_deg=-0.59 control=true shoot=false
[2026-09-09 20:26:39.445] [info] [PERF] 总耗时=17.0ms (检测=13.8ms, 跟踪=0.5ms), FPS=58.8
[2026-09-09 20:26:39.445] [info] 📊 [CAMERA FPS] 瞬时帧率=58.7fps, 平均帧率=57.9fps, 总帧数=1600, 运行时间=27.6s
[DEBUG] armors=1, targets=1
[DEBUG] armors=1, targets=1
[DEBUG] armors=1, targets=1
[2026-09-09 20:26:39.492] [info] [GYROPLL] phase_zero cycle=85 sample=319.7 ms periods=1 filtered=322.1 ms residual=-1.8 ms correction=-0.3 ms locks=85 locked=1 reacquired=0 rejects=0 omega=4.877 ekf_omega=+5.021
[DEBUG] armors=1, targets=1
[2026-09-09 20:26:39.511] [info] [SYNC][XUC] mode=1 yaw=-6.18 deg pitch=-0.33 deg feeder_rpm=0.00 wheel0_rpm=6240 wheel1_rpm=6320 wheel_delta=-80 projectile_speed=19.36 gate=0xFF switch=1 rc=1 sticks=1 imu=1 serial=1 control=1 yaw_armed=1 pitch_active=1
[DEBUG] armors=1, targets=1
[DEBUG] armors=1, targets=1
[2026-09-09 20:26:39.542] [info] [GYROSCHED] cycle=87 due_in=+253.9 ms hit_in=556.4 ms period=322.1 ms window=11.05deg worst=7.99deg safe=true
[2026-09-09 20:26:39.542] [info] [B2DIAG] auto=1 control=1 conv=1 oneface_gate=1 armed=1 motion=1 cadence=0 dyaw_fresh=1 dpitch_fresh=1 yawgate=0 event=1 safe=1 due_ms=+253.9 window_deg=11.05 worst_deg=7.99 yawerr_deg=1.80 pitcherr_deg=-0.42
[DEBUG] armors=1, targets=1
[DEBUG] armors=2, targets=1
[DEBUG] armors=3, targets=1
[2026-09-09 20:26:39.599] [info] [SYNC][XUC] mode=1 yaw=-6.15 deg pitch=-0.24 deg feeder_rpm=0.00 wheel0_rpm=6400 wheel1_rpm=6480 wheel_delta=-80 projectile_speed=19.36 gate=0xFF switch=1 rc=1 sticks=1 imu=1 serial=1 control=1 yaw_armed=1 pitch_active=1
[DEBUG] armors=3, targets=1
[DEBUG] armors=2, targets=1
[DEBUG] armors=2, targets=1
[DEBUG] armors=2, targets=1
[DEBUG] armors=2, targets=1
[2026-09-09 20:26:39.687] [info] [SYNC][XUC] mode=1 yaw=-6.14 deg pitch=-0.27 deg feeder_rpm=0.00 wheel0_rpm=6440 wheel1_rpm=6480 wheel_delta=-40 projectile_speed=19.36 gate=0xFF switch=1 rc=1 sticks=1 imu=1 serial=1 control=1 yaw_armed=1 pitch_active=1
[DEBUG] armors=2, targets=1
[DEBUG] armors=1, targets=1
[2026-09-09 20:26:39.720] [info] [GYROSCHED] cycle=87 due_in=+82.8 ms hit_in=378.6 ms period=322.1 ms window=11.05deg worst=7.99deg safe=true
[DEBUG] armors=1, targets=1
[DEBUG] armors=1, targets=1
[DEBUG] armors=1, targets=1
[2026-09-09 20:26:39.772] [info] [SYNC][XUC] mode=1 yaw=-6.16 deg pitch=-0.25 deg feeder_rpm=0.00 wheel0_rpm=6440 wheel1_rpm=6480 wheel_delta=-40 projectile_speed=19.36 gate=0xFF switch=1 rc=1 sticks=1 imu=1 serial=1 control=1 yaw_armed=1 pitch_active=1
[DEBUG] armors=1, targets=1
[2026-09-09 20:26:39.788] [info] [DRYRUN] measured_gimbal=(2.711,0.091,-0.021) measured_world=(2.685,0.381,-0.009) tracked_world=(3.027,0.746,-0.010) target_gimbal_deg=(1.91,-0.45) target_world_deg=(8.08,-0.20) gimbal_deg=(6.16,-0.25) armor_y_px=606.4 pixel_error_deg=(-0.76,1.63) ballistic=(range=2.712m holdover=0.096m comp=1.97deg residual=-0.35deg) q_wxyz=(0.998552,-0.000118,-0.002190,-0.053746) cmd_deg=(6.10,-0.57) packed_pitch_deg=-0.57 control=true shoot=false
[DEBUG] armors=1, targets=1
[2026-09-09 20:26:39.805] [info] [GYROPLL] phase_zero cycle=86 sample=308.1 ms periods=1 filtered=321.2 ms residual=-15.5 ms correction=-2.3 ms locks=86 locked=1 reacquired=0 rejects=0 omega=4.890 ekf_omega=+5.135
[DEBUG] armors=1, targets=1
[DEBUG] armors=1, targets=1
[DEBUG] armors=1, targets=1
[2026-09-09 20:26:39.857] [info] [SYNC][XUC] mode=1 yaw=-6.18 deg pitch=-0.25 deg feeder_rpm=3.00 wheel0_rpm=6440 wheel1_rpm=6520 wheel_delta=-80 projectile_speed=19.36 gate=0xFF switch=1 rc=1 sticks=1 imu=1 serial=1 control=1 yaw_armed=1 pitch_active=1
[DEBUG] armors=1, targets=1
[DEBUG] armors=1, targets=1
[2026-09-09 20:26:39.889] [info] [GYROSCHED] cycle=88 due_in=+226.3 ms hit_in=527.5 ms period=321.2 ms window=11.05deg worst=8.00deg safe=true
[DEBUG] armors=2, targets=1
[DEBUG] armors=3, targets=1
[DEBUG] armors=3, targets=1
[2026-09-09 20:26:39.944] [info] [SYNC][XUC] mode=1 yaw=-6.18 deg pitch=-0.26 deg feeder_rpm=0.00 wheel0_rpm=6440 wheel1_rpm=6520 wheel_delta=-80 projectile_speed=19.36 gate=0xFF switch=1 rc=1 sticks=1 imu=1 serial=1 control=1 yaw_armed=1 pitch_active=1
[DEBUG] armors=3, targets=1
[DEBUG] armors=2, targets=1
[2026-09-09 20:26:39.978] [info] [XUC][FIRE] feeder recovery complete; fresh gyro qualification required
[DEBUG] armors=2, targets=1
[DEBUG] armors=2, targets=1
[DEBUG] armors=2, targets=1
[2026-09-09 20:26:40.031] [info] [SYNC][XUC] mode=1 yaw=-6.18 deg pitch=-0.26 deg feeder_rpm=0.00 wheel0_rpm=6440 wheel1_rpm=6480 wheel_delta=-40 projectile_speed=19.36 gate=0xFF switch=1 rc=1 sticks=1 imu=1 serial=1 control=1 yaw_armed=1 pitch_active=1
[DEBUG] armors=1, targets=1
[DEBUG] armors=1, targets=1
[2026-09-09 20:26:40.062] [info] [GYROSCHED] cycle=88 due_in=+63.4 ms hit_in=354.9 ms period=321.2 ms window=11.05deg worst=8.00deg safe=true
[2026-09-09 20:26:40.078] [info] [ASSOC] selected_face=0 cost=-0.086 detections=1 confidence=0.90
[DEBUG] armors=1, targets=1
[DEBUG] armors=1, targets=1
[DEBUG] armors=1, targets=1
[2026-09-09 20:26:40.111] [info] [GYROPLL] phase_zero cycle=87 sample=310.9 ms periods=1 filtered=320.6 ms residual=-23.5 ms correction=-3.0 ms locks=87 locked=1 reacquired=0 rejects=0 omega=4.899 ekf_omega=+5.059
[2026-09-09 20:26:40.111] [info] [XUC][FIRE] stable-window candidate started
[2026-09-09 20:26:40.111] [info] [XUC][FIRE] qualified after 0 ms/1 frames, current_pixel_error_deg=(-0.34,-0.41) predicted_impact_yaw_error_deg=7.29 gyro_predict=true face_error=53.81deg omega=+5.059rad_s armed=true
[2026-09-09 20:26:40.122] [info] [SHOT] id=26 issue mode=1 gyro=1 event=1 cycle=88 processing_age_ms=37.2 due_error_ms=+0.16 period_ms=320.6 window_deg=11.05 worst_deg=8.02
[2026-09-09 20:26:40.124] [info] [SYNC][XUC] mode=1 yaw=-6.19 deg pitch=-0.27 deg feeder_rpm=0.00 wheel0_rpm=6440 wheel1_rpm=6480 wheel_delta=-40 projectile_speed=19.36 gate=0xFF switch=1 rc=1 sticks=1 imu=1 serial=1 control=1 yaw_armed=1 pitch_active=1
[DEBUG] armors=1, targets=1
[2026-09-09 20:26:40.137] [info] [XUC][FIRE] gyro request inhibited during feeder recovery
[2026-09-09 20:26:40.137] [info] [XUC][FIRE] stable window reset
[2026-09-09 20:26:40.137] [info] [DRYRUN] measured_gimbal=(2.668,0.051,-0.015) measured_world=(2.647,0.338,-0.002) tracked_world=(2.721,0.347,-0.003) target_gimbal_deg=(1.09,-0.32) target_world_deg=(7.28,-0.05) gimbal_deg=(6.19,-0.27) armor_y_px=601.8 pixel_error_deg=(0.05,1.52) ballistic=(range=2.669m holdover=0.093m comp=1.96deg residual=-0.44deg) q_wxyz=(0.998541,-0.000129,-0.002381,-0.053953) cmd_deg=(6.22,-0.65) packed_pitch_deg=-0.65 control=true shoot=false
[2026-09-09 20:26:40.139] [info] [SHOT] id=26 feeder_start command_to_feeder_ms=17.1 rpm=769
[DEBUG] armors=1, targets=1
[DEBUG] armors=1, targets=1
[DEBUG] armors=1, targets=1
[DEBUG] armors=2, targets=1
[2026-09-09 20:26:40.203] [info] [SYNC][XUC] mode=1 yaw=-6.18 deg pitch=-0.28 deg feeder_rpm=2116.00 wheel0_rpm=6440 wheel1_rpm=6480 wheel_delta=-40 projectile_speed=19.36 gate=0xFF switch=1 rc=1 sticks=1 imu=1 serial=1 control=1 yaw_armed=1 pitch_active=1
[DEBUG] armors=2, targets=1
[DEBUG] armors=3, targets=1
[2026-09-09 20:26:40.235] [info] [GYROSCHED] cycle=89 due_in=+199.0 ms hit_in=498.7 ms period=320.6 ms window=11.05deg worst=8.02deg safe=true
[DEBUG] armors=3, targets=1
[DEBUG] armors=2, targets=1
[DEBUG] armors=2, targets=1
[2026-09-09 20:26:40.288] [info] [SYNC][XUC] mode=1 yaw=-6.17 deg pitch=-0.30 deg feeder_rpm=512.00 wheel0_rpm=6440 wheel1_rpm=6480 wheel_delta=-40 projectile_speed=19.36 gate=0xFF switch=1 rc=1 sticks=1 imu=1 serial=1 control=1 yaw_armed=1 pitch_active=1
[DEBUG] armors=3, targets=1
[2026-09-09 20:26:40.305] [info] [PERF] 总耗时=17.7ms (检测=13.5ms, 跟踪=1.2ms), FPS=56.5
[2026-09-09 20:26:40.305] [info] 📊 [CAMERA FPS] 瞬时帧率=56.3fps, 平均帧率=57.9fps, 总帧数=1650, 运行时间=28.5s
[2026-09-09 20:26:40.305] [info] [SHOT] id=26 feeder_stop feeder_motion_ms=166.4
[2026-09-09 20:26:40.305] [info] [XUC][FIRE] feeder stopped; gyro recovery hold started for 600 ms
[DEBUG] armors=2, targets=1
[DEBUG] armors=2, targets=1
[DEBUG] armors=2, targets=1
[DEBUG] armors=1, targets=1
[2026-09-09 20:26:40.373] [info] [SYNC][XUC] mode=1 yaw=-6.16 deg pitch=-0.31 deg feeder_rpm=14.00 wheel0_rpm=6440 wheel1_rpm=6480 wheel_delta=-40 projectile_speed=19.36 gate=0xFF switch=1 rc=1 sticks=1 imu=1 serial=1 control=1 yaw_armed=1 pitch_active=1
[DEBUG] armors=1, targets=1
[DEBUG] armors=1, targets=1
[2026-09-09 20:26:40.407] [info] [GYROSCHED] cycle=89 due_in=+24.2 ms hit_in=326.8 ms period=320.6 ms window=11.05deg worst=8.02deg safe=true
[2026-09-09 20:26:40.407] [info] [B2DIAG] auto=1 control=1 conv=1 oneface_gate=1 armed=1 motion=1 cadence=0 dyaw_fresh=1 dpitch_fresh=1 yawgate=1 event=1 safe=1 due_ms=+24.2 window_deg=11.05 worst_deg=8.02 yawerr_deg=-1.10 pitcherr_deg=-0.45
[DEBUG] armors=1, targets=1
[DEBUG] armors=1, targets=1
[2026-09-09 20:26:40.440] [info] [GYROPLL] phase_zero cycle=88 sample=337.6 ms periods=1 filtered=320.6 ms residual=-3.5 ms correction=-0.5 ms locks=88 locked=1 reacquired=0 rejects=0 omega=4.900 ekf_omega=+4.860
[DEBUG] armors=1, targets=1
[2026-09-09 20:26:40.460] [info] [SYNC][XUC] mode=1 yaw=-6.16 deg pitch=-0.34 deg feeder_rpm=-4.00 wheel0_rpm=6440 wheel1_rpm=6480 wheel_delta=-40 projectile_speed=19.36 gate=0xFF switch=1 rc=1 sticks=1 imu=1 serial=1 control=1 yaw_armed=1 pitch_active=1
[DEBUG] armors=1, targets=1
[2026-09-09 20:26:40.475] [info] [DRYRUN] measured_gimbal=(2.737,0.015,-0.023) measured_world=(2.720,0.309,-0.007) tracked_world=(3.130,0.097,-0.005) target_gimbal_deg=(0.31,-0.48) target_world_deg=(6.47,-0.14) gimbal_deg=(6.16,-0.34) armor_y_px=607.0 pixel_error_deg=(0.85,1.64) ballistic=(range=2.737m holdover=0.097m comp=1.98deg residual=-0.34deg) q_wxyz=(0.998550,-0.000158,-0.002929,-0.053750) cmd_deg=(5.74,-0.65) packed_pitch_deg=-0.65 control=true shoot=false
[DEBUG] armors=1, targets=1
[DEBUG] armors=1, targets=1
[DEBUG] armors=2, targets=1
[DEBUG] armors=2, targets=1
[2026-09-09 20:26:40.546] [info] [SYNC][XUC] mode=1 yaw=-6.16 deg pitch=-0.35 deg feeder_rpm=-4.00 wheel0_rpm=6440 wheel1_rpm=6480 wheel_delta=-40 projectile_speed=19.36 gate=0xFF switch=1 rc=1 sticks=1 imu=1 serial=1 control=1 yaw_armed=1 pitch_active=1
[DEBUG] armors=2, targets=1
[DEBUG] armors=2, targets=1
[2026-09-09 20:26:40.575] [info] [GYROSCHED] cycle=90 due_in=+174.4 ms hit_in=478.1 ms period=320.6 ms window=11.05deg worst=8.02deg safe=true
[DEBUG] armors=2, targets=1
[DEBUG] armors=2, targets=1
[DEBUG] armors=3, targets=1
[2026-09-09 20:26:40.629] [info] [SYNC][XUC] mode=1 yaw=-6.16 deg pitch=-0.35 deg feeder_rpm=0.00 wheel0_rpm=6440 wheel1_rpm=6520 wheel_delta=-80 projectile_speed=19.36 gate=0xFF switch=1 rc=1 sticks=1 imu=1 serial=1 control=1 yaw_armed=1 pitch_active=1
[DEBUG] armors=2, targets=1
[DEBUG] armors=2, targets=1
[DEBUG] armors=2, targets=1
[DEBUG] armors=1, targets=1
[DEBUG] armors=1, targets=1
[2026-09-09 20:26:40.711] [info] [SYNC][XUC] mode=1 yaw=-6.16 deg pitch=-0.35 deg feeder_rpm=0.00 wheel0_rpm=6440 wheel1_rpm=6520 wheel_delta=-80 projectile_speed=19.36 gate=0xFF switch=1 rc=1 sticks=1 imu=1 serial=1 control=1 yaw_armed=1 pitch_active=1
[DEBUG] armors=1, targets=1
[DEBUG] armors=1, targets=1
[2026-09-09 20:26:40.742] [info] [GYROSCHED] cycle=90 due_in=+12.3 ms hit_in=311.1 ms period=320.6 ms window=11.05deg worst=8.02deg safe=true
[DEBUG] armors=1, targets=1
[2026-09-09 20:26:40.758] [info] [GYROPLL] phase_zero cycle=89 sample=320.4 ms periods=1 filtered=320.4 ms residual=-3.1 ms correction=-0.5 ms locks=89 locked=1 reacquired=0 rejects=0 omega=4.902 ekf_omega=+4.971
[DEBUG] armors=1, targets=1
[DEBUG] armors=1, targets=1
[2026-09-09 20:26:40.795] [info] [SYNC][XUC] mode=1 yaw=-6.17 deg pitch=-0.35 deg feeder_rpm=0.00 wheel0_rpm=6440 wheel1_rpm=6480 wheel_delta=-40 projectile_speed=19.36 gate=0xFF switch=1 rc=1 sticks=1 imu=1 serial=1 control=1 yaw_armed=1 pitch_active=1
[DEBUG] armors=1, targets=1
[2026-09-09 20:26:40.809] [info] [DRYRUN] measured_gimbal=(2.806,-0.008,-0.026) measured_world=(2.791,0.293,-0.009) tracked_world=(3.360,0.529,-0.007) target_gimbal_deg=(-0.17,-0.53) target_world_deg=(6.00,-0.18) gimbal_deg=(6.17,-0.35) armor_y_px=607.9 pixel_error_deg=(1.35,1.67) ballistic=(range=2.806m holdover=0.101m comp=2.02deg residual=-0.35deg) q_wxyz=(0.998548,-0.000166,-0.003077,-0.053780) cmd_deg=(5.79,-0.65) packed_pitch_deg=-0.65 control=true shoot=false
[DEBUG] armors=1, targets=1
[DEBUG] armors=2, targets=1
[DEBUG] armors=3, targets=1
[DEBUG] armors=3, targets=1
[2026-09-09 20:26:40.880] [info] [SYNC][XUC] mode=1 yaw=-6.17 deg pitch=-0.35 deg feeder_rpm=-4.00 wheel0_rpm=6440 wheel1_rpm=6480 wheel_delta=-40 projectile_speed=19.36 gate=0xFF switch=1 rc=1 sticks=1 imu=1 serial=1 control=1 yaw_armed=1 pitch_active=1
[DEBUG] armors=2, targets=1
[DEBUG] armors=2, targets=1
[2026-09-09 20:26:40.911] [info] [GYROSCHED] cycle=91 due_in=+154.9 ms hit_in=462.7 ms period=320.4 ms window=11.05deg worst=8.02deg safe=true
[2026-09-09 20:26:40.928] [info] [ASSOC] selected_face=1 cost=0.002 detections=2 confidence=0.86
[DEBUG] armors=2, targets=1
[DEBUG] armors=3, targets=1
[2026-09-09 20:26:40.945] [info] [XUC][FIRE] feeder recovery complete; fresh gyro qualification required
[DEBUG] armors=2, targets=1
[2026-09-09 20:26:40.964] [info] [SYNC][XUC] mode=1 yaw=-6.16 deg pitch=-0.35 deg feeder_rpm=0.00 wheel0_rpm=6440 wheel1_rpm=6480 wheel_delta=-40 projectile_speed=19.36 gate=0xFF switch=1 rc=1 sticks=1 imu=1 serial=1 control=1 yaw_armed=1 pitch_active=1
[DEBUG] armors=2, targets=1
[DEBUG] armors=1, targets=1
[DEBUG] armors=1, targets=1
[DEBUG] armors=1, targets=1
[DEBUG] armors=1, targets=1
[2026-09-09 20:26:41.051] [info] [SYNC][XUC] mode=1 yaw=-6.18 deg pitch=-0.36 deg feeder_rpm=0.00 wheel0_rpm=6440 wheel1_rpm=6520 wheel_delta=-80 projectile_speed=19.36 gate=0xFF switch=1 rc=1 sticks=1 imu=1 serial=1 control=1 yaw_armed=1 pitch_active=1
[DEBUG] armors=1, targets=1
[2026-09-09 20:26:41.065] [info] [XUC][FIRE] stable-window candidate started
[2026-09-09 20:26:41.065] [info] [XUC][FIRE] qualified after 0 ms/1 frames, current_pixel_error_deg=(-0.94,-0.33) predicted_impact_yaw_error_deg=7.42 gyro_predict=true face_error=54.12deg omega=+5.122rad_s armed=true
[2026-09-09 20:26:41.077] [info] [SHOT] id=27 issue mode=1 gyro=1 event=1 cycle=91 processing_age_ms=45.2 due_error_ms=+0.08 period_ms=320.4 window_deg=11.05 worst_deg=8.02
[DEBUG] armors=1, targets=1
[2026-09-09 20:26:41.092] [info] [XUC][FIRE] gyro request inhibited during feeder recovery
[2026-09-09 20:26:41.092] [info] [GYROPLL] phase_zero cycle=90 sample=309.0 ms periods=1 filtered=319.9 ms residual=-14.0 ms correction=-2.1 ms locks=90 locked=1 reacquired=0 rejects=0 omega=4.910 ekf_omega=+5.117
[2026-09-09 20:26:41.092] [info] [GYROSCHED] cycle=92 due_in=+304.2 ms hit_in=598.3 ms period=319.9 ms window=11.05deg worst=8.03deg safe=true
[2026-09-09 20:26:41.092] [info] [XUC][FIRE] stable window reset
[DEBUG] armors=1, targets=1
[2026-09-09 20:26:41.111] [info] [SHOT] id=27 feeder_start command_to_feeder_ms=34.2 rpm=1772
[DEBUG] armors=1, targets=1
[DEBUG] armors=1, targets=1
[2026-09-09 20:26:41.144] [info] [SYNC][XUC] mode=1 yaw=-6.18 deg pitch=-0.37 deg feeder_rpm=1992.00 wheel0_rpm=6440 wheel1_rpm=6480 wheel_delta=-40 projectile_speed=19.36 gate=0xFF switch=1 rc=1 sticks=1 imu=1 serial=1 control=1 yaw_armed=1 pitch_active=1
[DEBUG] armors=1, targets=1
[2026-09-09 20:26:41.157] [info] [DRYRUN] measured_gimbal=(2.672,-0.048,-0.025) measured_world=(2.662,0.240,-0.008) tracked_world=(2.870,0.695,-0.006) target_gimbal_deg=(-1.03,-0.54) target_world_deg=(5.15,-0.17) gimbal_deg=(6.18,-0.37) armor_y_px=610.7 pixel_error_deg=(2.18,1.73) ballistic=(range=2.672m holdover=0.093m comp=1.95deg residual=-0.22deg) q_wxyz=(0.998540,-0.000174,-0.003216,-0.053922) cmd_deg=(6.25,-0.62) packed_pitch_deg=-0.62 control=true shoot=false
[2026-09-09 20:26:41.160] [info] [PERF] 总耗时=16.2ms (检测=12.7ms, 跟踪=0.5ms), FPS=61.6
[2026-09-09 20:26:41.160] [info] 📊 [CAMERA FPS] 瞬时帧率=61.4fps, 平均帧率=58.0fps, 总帧数=1700, 运行时间=29.3s
[DEBUG] armors=1, targets=1
[DEBUG] armors=2, targets=1
[DEBUG] armors=2, targets=1
[DEBUG] armors=2, targets=1
[2026-09-09 20:26:41.227] [info] [SYNC][XUC] mode=1 yaw=-6.21 deg pitch=-0.64 deg feeder_rpm=1801.00 wheel0_rpm=6160 wheel1_rpm=6200 wheel_delta=-40 projectile_speed=19.36 gate=0xFF switch=1 rc=1 sticks=1 imu=1 serial=1 control=1 yaw_armed=1 pitch_active=1
[DEBUG] armors=3, targets=1
[DEBUG] armors=3, targets=1
[2026-09-09 20:26:41.261] [info] [GYROSCHED] cycle=92 due_in=+123.0 ms hit_in=429.7 ms period=319.9 ms window=11.05deg worst=8.03deg safe=true
[2026-09-09 20:26:41.261] [info] [B2DIAG] auto=1 control=1 conv=1 oneface_gate=1 armed=1 motion=1 cadence=0 dyaw_fresh=1 dpitch_fresh=1 yawgate=0 event=1 safe=1 due_ms=+123.0 window_deg=11.05 worst_deg=8.03 yawerr_deg=-4.27 pitcherr_deg=-0.43
[2026-09-09 20:26:41.264] [info] [SHOT] id=27 feeder_stop feeder_motion_ms=152.9
[2026-09-09 20:26:41.264] [info] [XUC][FIRE] feeder stopped; gyro recovery hold started for 600 ms
[DEBUG] armors=2, targets=1
[DEBUG] armors=2, targets=1
[DEBUG] armors=3, targets=1
[2026-09-09 20:26:41.316] [info] [SYNC][XUC] mode=1 yaw=-6.19 deg pitch=-0.47 deg feeder_rpm=-8.00 wheel0_rpm=6360 wheel1_rpm=6440 wheel_delta=-80 projectile_speed=19.36 gate=0xFF switch=1 rc=1 sticks=1 imu=1 serial=1 control=1 yaw_armed=1 pitch_active=1
[DEBUG] armors=1, targets=1
[DEBUG] armors=1, targets=1
[DEBUG] armors=0, targets=1
[DEBUG] armors=0, targets=1
[DEBUG] armors=0, targets=1
[2026-09-09 20:26:41.401] [info] [SYNC][XUC] mode=1 yaw=-6.21 deg pitch=-0.55 deg feeder_rpm=0.00 wheel0_rpm=6240 wheel1_rpm=6280 wheel_delta=-40 projectile_speed=19.36 gate=0xFF switch=1 rc=1 sticks=1 imu=1 serial=1 control=1 yaw_armed=1 pitch_active=1
[DEBUG] armors=1, targets=1
[2026-09-09 20:26:41.415] [info] [GYROPLL] phase_zero cycle=91 sample=317.8 ms periods=1 filtered=319.4 ms residual=-14.0 ms correction=-2.1 ms locks=91 locked=1 reacquired=0 rejects=0 omega=4.919 ekf_omega=+5.005
[DEBUG] armors=1, targets=1
[DEBUG] armors=1, targets=1
[DEBUG] armors=0, targets=1
[DEBUG] armors=1, targets=1
[2026-09-09 20:26:41.487] [info] [SYNC][XUC] mode=1 yaw=-7.68 deg pitch=-0.43 deg feeder_rpm=0.00 wheel0_rpm=6360 wheel1_rpm=6440 wheel_delta=-80 projectile_speed=19.36 gate=0xFF switch=1 rc=1 sticks=1 imu=1 serial=1 control=1 yaw_armed=1 pitch_active=1
[DEBUG] armors=2, targets=1
[2026-09-09 20:26:41.503] [info] [GYROSCHED] cycle=93 due_in=+240.2 ms hit_in=504.7 ms period=319.4 ms window=11.05deg worst=8.05deg safe=true
[2026-09-09 20:26:41.503] [info] [DRYRUN] measured_gimbal=(2.133,-0.147,-0.005) measured_world=(2.133,0.140,0.011) tracked_world=(2.757,0.214,0.003) target_gimbal_deg=(-3.94,-0.14) target_world_deg=(3.75,0.29) gimbal_deg=(7.68,-0.43) armor_y_px=607.8 pixel_error_deg=(4.89,1.66) ballistic=(range=2.138m holdover=0.068m comp=1.76deg residual=-0.10deg) q_wxyz=(0.997745,-0.000253,-0.003773,-0.067009) cmd_deg=(5.88,-0.72) packed_pitch_deg=-0.72 control=true shoot=false
[DEBUG] armors=3, targets=1
[DEBUG] armors=2, targets=1
[DEBUG] armors=2, targets=1
[DEBUG] armors=3, targets=1
[2026-09-09 20:26:41.578] [info] [SYNC][XUC] mode=1 yaw=-6.89 deg pitch=-0.52 deg feeder_rpm=-8.00 wheel0_rpm=6440 wheel1_rpm=6480 wheel_delta=-40 projectile_speed=19.36 gate=0xFF switch=1 rc=1 sticks=1 imu=1 serial=1 control=1 yaw_armed=1 pitch_active=1
[DEBUG] armors=3, targets=1
[DEBUG] armors=2, targets=1
[DEBUG] armors=1, targets=1
[DEBUG] armors=1, targets=1
[DEBUG] armors=1, targets=1
[2026-09-09 20:26:41.662] [info] [SYNC][XUC] mode=1 yaw=-5.98 deg pitch=-0.53 deg feeder_rpm=-8.00 wheel0_rpm=6440 wheel1_rpm=6480 wheel_delta=-40 projectile_speed=19.36 gate=0xFF switch=1 rc=1 sticks=1 imu=1 serial=1 control=1 yaw_armed=1 pitch_active=1
[DEBUG] armors=1, targets=1
[2026-09-09 20:26:41.676] [info] [GYROSCHED] cycle=93 due_in=+45.9 ms hit_in=331.5 ms period=319.4 ms window=11.05deg worst=8.05deg safe=true
[DEBUG] armors=1, targets=1
[DEBUG] armors=1, targets=1
[DEBUG] armors=1, targets=1
[2026-09-09 20:26:41.727] [info] [GYROPLL] phase_zero cycle=92 sample=327.0 ms periods=1 filtered=319.0 ms residual=-4.3 ms correction=-0.6 ms locks=92 locked=1 reacquired=0 rejects=0 omega=4.924 ekf_omega=+4.983
[DEBUG] armors=1, targets=1
[2026-09-09 20:26:41.745] [info] [SYNC][XUC] mode=1 yaw=-6.01 deg pitch=-0.56 deg feeder_rpm=0.00 wheel0_rpm=6440 wheel1_rpm=6480 wheel_delta=-40 projectile_speed=19.36 gate=0xFF switch=1 rc=1 sticks=1 imu=1 serial=1 control=1 yaw_armed=1 pitch_active=1
[DEBUG] armors=1, targets=1
[DEBUG] armors=1, targets=1
[DEBUG] armors=2, targets=1
[DEBUG] armors=2, targets=1
[DEBUG] armors=2, targets=1
[2026-09-09 20:26:41.832] [info] [SYNC][XUC] mode=1 yaw=-6.02 deg pitch=-0.57 deg feeder_rpm=0.00 wheel0_rpm=6440 wheel1_rpm=6480 wheel_delta=-40 projectile_speed=19.36 gate=0xFF switch=1 rc=1 sticks=1 imu=1 serial=1 control=1 yaw_armed=1 pitch_active=1
[DEBUG] armors=3, targets=1
[2026-09-09 20:26:41.847] [info] [GYROSCHED] cycle=94 due_in=+169.1 ms hit_in=478.0 ms period=319.0 ms window=11.05deg worst=8.05deg safe=true
[2026-09-09 20:26:41.847] [info] [DRYRUN] measured_gimbal=(2.994,-0.099,-0.040) measured_world=(2.988,0.216,-0.010) tracked_world=(3.252,0.164,-0.001) target_gimbal_deg=(-1.90,-0.76) target_world_deg=(4.13,-0.19) gimbal_deg=(6.02,-0.57) armor_y_px=613.9 pixel_error_deg=(3.14,1.81) ballistic=(range=2.996m holdover=0.112m comp=2.10deg residual=-0.29deg) q_wxyz=(0.998606,-0.000262,-0.004972,-0.052549) cmd_deg=(5.76,-0.77) packed_pitch_deg=-0.77 control=true shoot=false
[DEBUG] armors=3, targets=1
[2026-09-09 20:26:41.881] [info] [ASSOC] selected_face=3 cost=-0.021 detections=2 confidence=0.44
[DEBUG] armors=2, targets=1
[DEBUG] armors=3, targets=1
[2026-09-09 20:26:41.898] [info] [XUC][FIRE] feeder recovery complete; fresh gyro qualification required
[DEBUG] armors=2, targets=1
[2026-09-09 20:26:41.917] [info] [SYNC][XUC] mode=1 yaw=-6.02 deg pitch=-0.57 deg feeder_rpm=-4.00 wheel0_rpm=6440 wheel1_rpm=6520 wheel_delta=-80 projectile_speed=19.36 gate=0xFF switch=1 rc=1 sticks=1 imu=1 serial=1 control=1 yaw_armed=1 pitch_active=1
[DEBUG] armors=2, targets=1
[DEBUG] armors=2, targets=1
[DEBUG] armors=2, targets=1
[DEBUG] armors=1, targets=1
[DEBUG] armors=1, targets=1
[2026-09-09 20:26:41.999] [info] [XUC][FIRE] stable-window candidate started
[2026-09-09 20:26:41.999] [info] [XUC][FIRE] qualified after 0 ms/1 frames, current_pixel_error_deg=(-1.51,-0.32) predicted_impact_yaw_error_deg=-0.24 gyro_predict=true face_error=17.41deg omega=+4.888rad_s armed=true
[2026-09-09 20:26:42.022] [info] [SHOT] id=28 issue mode=1 gyro=1 event=1 cycle=94 processing_age_ms=50.6 due_error_ms=+0.06 period_ms=319.0 window_deg=11.05 worst_deg=8.05
[2026-09-09 20:26:42.025] [info] [SYNC][XUC] mode=1 yaw=-6.02 deg pitch=-0.61 deg feeder_rpm=-4.00 wheel0_rpm=6440 wheel1_rpm=6520 wheel_delta=-80 projectile_speed=19.36 gate=0xFF switch=1 rc=1 sticks=1 imu=1 serial=1 control=1 yaw_armed=1 pitch_active=1
[DEBUG] armors=1, targets=1
[2026-09-09 20:26:42.038] [info] [XUC][FIRE] gyro request inhibited during feeder recovery
[2026-09-09 20:26:42.038] [info] [GYROSCHED] cycle=95 due_in=+308.2 ms hit_in=606.6 ms period=319.0 ms window=11.05deg worst=8.05deg safe=true
[2026-09-09 20:26:42.038] [info] [XUC][FIRE] stable window reset
[2026-09-09 20:26:42.040] [info] [PERF] 总耗时=15.0ms (检测=12.3ms, 跟踪=0.4ms), FPS=66.7
[2026-09-09 20:26:42.040] [info] 📊 [CAMERA FPS] 瞬时帧率=66.5fps, 平均帧率=57.9fps, 总帧数=1750, 运行时间=30.2s
[DEBUG] armors=1, targets=1
[2026-09-09 20:26:42.053] [info] [GYROPLL] phase_zero cycle=93 sample=327.2 ms periods=1 filtered=319.2 ms residual=+4.6 ms correction=+0.7 ms locks=93 locked=1 reacquired=0 rejects=0 omega=4.921 ekf_omega=+4.955
[2026-09-09 20:26:42.055] [info] [SHOT] id=28 feeder_start command_to_feeder_ms=33.1 rpm=1538
[DEBUG] armors=1, targets=1
[DEBUG] armors=1, targets=1
[DEBUG] armors=1, targets=1
[2026-09-09 20:26:42.106] [info] [SYNC][XUC] mode=1 yaw=-6.03 deg pitch=-0.62 deg feeder_rpm=2098.00 wheel0_rpm=6440 wheel1_rpm=6480 wheel_delta=-40 projectile_speed=19.36 gate=0xFF switch=1 rc=1 sticks=1 imu=1 serial=1 control=1 yaw_armed=1 pitch_active=1
[DEBUG] armors=2, targets=1
[DEBUG] armors=3, targets=1
[2026-09-09 20:26:42.139] [info] [B2DIAG] auto=1 control=1 conv=1 oneface_gate=1 armed=1 motion=1 cadence=0 dyaw_fresh=1 dpitch_fresh=1 yawgate=0 event=1 safe=1 due_ms=+203.8 window_deg=11.05 worst_deg=8.05 yawerr_deg=2.55 pitcherr_deg=-0.21
[DEBUG] armors=3, targets=1
[DEBUG] armors=3, targets=1
[DEBUG] armors=2, targets=1
[2026-09-09 20:26:42.195] [info] [SYNC][XUC] mode=1 yaw=-6.02 deg pitch=-0.64 deg feeder_rpm=1809.00 wheel0_rpm=6440 wheel1_rpm=6480 wheel_delta=-40 projectile_speed=19.36 gate=0xFF switch=1 rc=1 sticks=1 imu=1 serial=1 control=1 yaw_armed=1 pitch_active=1
[DEBUG] armors=3, targets=1
[2026-09-09 20:26:42.210] [info] [GYROSCHED] cycle=95 due_in=+122.9 ms hit_in=435.0 ms period=319.2 ms window=11.05deg worst=8.05deg safe=true
[2026-09-09 20:26:42.210] [info] [DRYRUN] measured_gimbal=(3.055,-0.159,-0.046) measured_world=(3.055,0.163,-0.011) tracked_world=(3.338,0.661,-0.007) target_gimbal_deg=(-2.98,-0.85) target_world_deg=(3.05,-0.21) gimbal_deg=(6.02,-0.64) armor_y_px=616.9 pixel_error_deg=(4.24,1.89) ballistic=(range=3.059m holdover=0.116m comp=2.14deg residual=-0.25deg) q_wxyz=(0.998603,-0.000295,-0.005609,-0.052549) cmd_deg=(5.60,-0.82) packed_pitch_deg=-0.82 control=true shoot=false
[2026-09-09 20:26:42.213] [info] [SHOT] id=28 feeder_stop feeder_motion_ms=157.4
[2026-09-09 20:26:42.213] [info] [XUC][FIRE] feeder stopped; gyro recovery hold started for 600 ms
[DEBUG] armors=3, targets=1
[DEBUG] armors=2, targets=1
[DEBUG] armors=3, targets=1
[DEBUG] armors=1, targets=1
[2026-09-09 20:26:42.280] [info] [SYNC][XUC] mode=1 yaw=-6.03 deg pitch=-0.83 deg feeder_rpm=3.00 wheel0_rpm=6200 wheel1_rpm=6200 wheel_delta=0 projectile_speed=19.36 gate=0xFF switch=1 rc=1 sticks=1 imu=1 serial=1 control=1 yaw_armed=1 pitch_active=1
[DEBUG] armors=1, targets=1
[DEBUG] armors=1, targets=1
[DEBUG] armors=1, targets=1
[DEBUG] armors=1, targets=1
[DEBUG] armors=1, targets=1
[2026-09-09 20:26:42.359] [info] [GYROPLL] phase_zero cycle=94 sample=314.8 ms periods=1 filtered=319.2 ms residual=-0.4 ms correction=-0.1 ms locks=94 locked=1 reacquired=0 rejects=0 omega=4.921 ekf_omega=+5.030
[2026-09-09 20:26:42.362] [info] [SYNC][XUC] mode=1 yaw=-6.04 deg pitch=-0.72 deg feeder_rpm=0.00 wheel0_rpm=6360 wheel1_rpm=6440 wheel_delta=-80 projectile_speed=19.36 gate=0xFF switch=1 rc=1 sticks=1 imu=1 serial=1 control=1 yaw_armed=1 pitch_active=1
[DEBUG] armors=1, targets=1
[2026-09-09 20:26:42.376] [info] [GYROSCHED] cycle=96 due_in=+297.6 ms hit_in=588.1 ms period=319.2 ms window=11.04deg worst=8.05deg safe=true
[DEBUG] armors=1, targets=1
[DEBUG] armors=1, targets=1
[DEBUG] armors=0, targets=1
[DEBUG] armors=0, targets=1
[2026-09-09 20:26:42.443] [info] [SYNC][XUC] mode=1 yaw=-6.05 deg pitch=-0.69 deg feeder_rpm=-4.00 wheel0_rpm=6400 wheel1_rpm=6480 wheel_delta=-80 projectile_speed=19.36 gate=0xFF switch=1 rc=1 sticks=1 imu=1 serial=1 control=1 yaw_armed=1 pitch_active=1
[DEBUG] armors=1, targets=1
[DEBUG] armors=2, targets=1
[DEBUG] armors=3, targets=1
[DEBUG] armors=2, targets=1
[DEBUG] armors=1, targets=1
[2026-09-09 20:26:42.529] [info] [SYNC][XUC] mode=1 yaw=-7.28 deg pitch=-0.58 deg feeder_rpm=-4.00 wheel0_rpm=6440 wheel1_rpm=6480 wheel_delta=-40 projectile_speed=19.36 gate=0xFF switch=1 rc=1 sticks=1 imu=1 serial=1 control=1 yaw_armed=1 pitch_active=1
[DEBUG] armors=1, targets=1
[2026-09-09 20:26:42.543] [info] [DRYRUN] measured_gimbal=(3.029,0.239,-0.032) measured_world=(2.975,0.621,-0.002) tracked_world=(2.856,0.592,-0.005) target_gimbal_deg=(4.50,-0.61) target_world_deg=(11.78,-0.03) gimbal_deg=(7.28,-0.58) armor_y_px=607.3 pixel_error_deg=(-3.25,1.65) ballistic=(range=3.039m holdover=0.115m comp=2.13deg residual=-0.48deg) q_wxyz=(0.997971,-0.000323,-0.005072,-0.063470) cmd_deg=(5.91,-0.81) packed_pitch_deg=-0.81 control=true shoot=false
[DEBUG] armors=2, targets=1
[DEBUG] armors=2, targets=1
[2026-09-09 20:26:42.577] [info] [GYROSCHED] cycle=96 due_in=+93.3 ms hit_in=387.4 ms period=319.2 ms window=11.04deg worst=8.05deg safe=true
[DEBUG] armors=2, targets=1
[DEBUG] armors=1, targets=1
[2026-09-09 20:26:42.614] [info] [SYNC][XUC] mode=1 yaw=-6.65 deg pitch=-0.63 deg feeder_rpm=-4.00 wheel0_rpm=6440 wheel1_rpm=6480 wheel_delta=-40 projectile_speed=19.36 gate=0xFF switch=1 rc=1 sticks=1 imu=1 serial=1 control=1 yaw_armed=1 pitch_active=1
[DEBUG] armors=1, targets=1
[DEBUG] armors=1, targets=1
[DEBUG] armors=1, targets=1
[DEBUG] armors=1, targets=1
[2026-09-09 20:26:42.680] [info] [GYROPLL] phase_zero cycle=95 sample=312.9 ms periods=1 filtered=318.7 ms residual=-6.6 ms correction=-1.0 ms locks=95 locked=1 reacquired=0 rejects=0 omega=4.929 ekf_omega=+5.050
[DEBUG] armors=1, targets=1
[2026-09-09 20:26:42.699] [info] [SYNC][XUC] mode=1 yaw=-6.71 deg pitch=-0.64 deg feeder_rpm=0.00 wheel0_rpm=6440 wheel1_rpm=6480 wheel_delta=-40 projectile_speed=19.36 gate=0xFF switch=1 rc=1 sticks=1 imu=1 serial=1 control=1 yaw_armed=1 pitch_active=1
[DEBUG] armors=1, targets=1
[DEBUG] armors=1, targets=1
[DEBUG] armors=1, targets=1
[2026-09-09 20:26:42.749] [info] [GYROSCHED] cycle=97 due_in=+233.3 ms hit_in=532.6 ms period=318.7 ms window=11.04deg worst=8.06deg safe=true
[DEBUG] armors=1, targets=1
[2026-09-09 20:26:42.784] [info] [ASSOC] selected_face=0 cost=-0.061 detections=3 confidence=0.86
[DEBUG] armors=3, targets=1
[2026-09-09 20:26:42.786] [info] [SYNC][XUC] mode=1 yaw=-6.64 deg pitch=-0.65 deg feeder_rpm=-4.00 wheel0_rpm=6440 wheel1_rpm=6480 wheel_delta=-40 projectile_speed=19.36 gate=0xFF switch=1 rc=1 sticks=1 imu=1 serial=1 control=1 yaw_armed=1 pitch_active=1
[DEBUG] armors=2, targets=1
[DEBUG] armors=2, targets=1
[DEBUG] armors=2, targets=1
[DEBUG] armors=3, targets=1
[2026-09-09 20:26:42.854] [info] [XUC][FIRE] feeder recovery complete; fresh gyro qualification required
[DEBUG] armors=2, targets=1
[2026-09-09 20:26:42.873] [info] [SYNC][XUC] mode=1 yaw=-6.62 deg pitch=-0.67 deg feeder_rpm=-4.00 wheel0_rpm=6440 wheel1_rpm=6480 wheel_delta=-40 projectile_speed=19.36 gate=0xFF switch=1 rc=1 sticks=1 imu=1 serial=1 control=1 yaw_armed=1 pitch_active=1
[DEBUG] armors=2, targets=1
[2026-09-09 20:26:42.888] [info] [DRYRUN] measured_gimbal=(2.960,0.215,-0.035) measured_world=(2.916,0.555,-0.000) tracked_world=(2.958,0.115,-0.003) target_gimbal_deg=(4.15,-0.67) target_world_deg=(10.77,-0.00) gimbal_deg=(6.62,-0.67) armor_y_px=610.8 pixel_error_deg=(-2.92,1.74) ballistic=(range=2.968m holdover=0.111m comp=2.09deg residual=-0.36deg) q_wxyz=(0.998315,-0.000336,-0.005811,-0.057740) cmd_deg=(5.59,-0.87) packed_pitch_deg=-0.87 control=true shoot=false
[2026-09-09 20:26:42.890] [info] [PERF] 总耗时=16.7ms (检测=13.3ms, 跟踪=0.9ms), FPS=59.8
[2026-09-09 20:26:42.890] [info] 📊 [CAMERA FPS] 瞬时帧率=59.7fps, 平均帧率=58.0fps, 总帧数=1800, 运行时间=31.1s
[DEBUG] armors=3, targets=1
[DEBUG] armors=1, targets=1
[2026-09-09 20:26:42.922] [info] [GYROSCHED] cycle=97 due_in=+65.8 ms hit_in=360.2 ms period=318.7 ms window=11.04deg worst=8.06deg safe=true
[DEBUG] armors=1, targets=1
[DEBUG] armors=1, targets=1
[2026-09-09 20:26:42.958] [info] [SYNC][XUC] mode=1 yaw=-6.52 deg pitch=-0.70 deg feeder_rpm=0.00 wheel0_rpm=6440 wheel1_rpm=6480 wheel_delta=-40 projectile_speed=19.36 gate=0xFF switch=1 rc=1 sticks=1 imu=1 serial=1 control=1 yaw_armed=1 pitch_active=1
[DEBUG] armors=1, targets=1
[2026-09-09 20:26:42.973] [info] [XUC][FIRE] stable-window candidate started
[2026-09-09 20:26:42.973] [info] [XUC][FIRE] qualified after 0 ms/1 frames, current_pixel_error_deg=(-0.57,-0.14) predicted_impact_yaw_error_deg=inf gyro_predict=true face_error=infdeg omega=+4.934rad_s armed=true
[2026-09-09 20:26:42.988] [info] [SHOT] id=29 issue mode=1 gyro=1 event=1 cycle=97 processing_age_ms=43.3 due_error_ms=+0.10 period_ms=318.7 window_deg=11.04 worst_deg=8.06
[DEBUG] armors=1, targets=1
[2026-09-09 20:26:43.003] [info] [XUC][FIRE] gyro request inhibited during feeder recovery
[2026-09-09 20:26:43.003] [info] [B2DIAG] auto=1 control=1 conv=1 oneface_gate=1 armed=1 motion=1 cadence=0 dyaw_fresh=1 dpitch_fresh=1 yawgate=0 event=1 safe=1 due_ms=+304.4 window_deg=11.04 worst_deg=8.06 yawerr_deg=-0.19 pitcherr_deg=-0.14
[2026-09-09 20:26:43.003] [info] [XUC][FIRE] stable window reset
[DEBUG] armors=1, targets=1
[2026-09-09 20:26:43.020] [info] [GYROPLL] phase_zero cycle=96 sample=332.4 ms periods=1 filtered=318.6 ms residual=+8.1 ms correction=+1.2 ms locks=96 locked=1 reacquired=0 rejects=0 omega=4.931 ekf_omega=+4.926
[2026-09-09 20:26:43.022] [info] [SHOT] id=29 feeder_start command_to_feeder_ms=33.7 rpm=732
[DEBUG] armors=1, targets=1
[DEBUG] armors=1, targets=1
[2026-09-09 20:26:43.055] [info] [SYNC][XUC] mode=1 yaw=-6.47 deg pitch=-0.70 deg feeder_rpm=1893.00 wheel0_rpm=6440 wheel1_rpm=6520 wheel_delta=-80 projectile_speed=19.36 gate=0xFF switch=1 rc=1 sticks=1 imu=1 serial=1 control=1 yaw_armed=1 pitch_active=1
[DEBUG] armors=1, targets=1
[DEBUG] armors=2, targets=1
[DEBUG] armors=2, targets=1
[2026-09-09 20:26:43.104] [info] [GYROSCHED] cycle=98 due_in=+199.0 ms hit_in=497.0 ms period=318.6 ms window=11.04deg worst=8.06deg safe=true
[DEBUG] armors=3, targets=1
[DEBUG] armors=2, targets=1
[2026-09-09 20:26:43.142] [info] [SYNC][XUC] mode=1 yaw=-6.43 deg pitch=-0.69 deg feeder_rpm=2116.00 wheel0_rpm=6440 wheel1_rpm=6480 wheel_delta=-40 projectile_speed=19.36 gate=0xFF switch=1 rc=1 sticks=1 imu=1 serial=1 control=1 yaw_armed=1 pitch_active=1
[DEBUG] armors=2, targets=1
[DEBUG] armors=2, targets=1
[2026-09-09 20:26:43.176] [info] [SHOT] id=29 feeder_stop feeder_motion_ms=153.8
[2026-09-09 20:26:43.176] [info] [XUC][FIRE] feeder stopped; gyro recovery hold started for 600 ms
[DEBUG] armors=2, targets=1
[DEBUG] armors=2, targets=1
[DEBUG] armors=2, targets=1
[2026-09-09 20:26:43.228] [info] [SYNC][XUC] mode=1 yaw=-6.41 deg pitch=-0.70 deg feeder_rpm=3.00 wheel0_rpm=6440 wheel1_rpm=6480 wheel_delta=-40 projectile_speed=19.36 gate=0xFF switch=1 rc=1 sticks=1 imu=1 serial=1 control=1 yaw_armed=1 pitch_active=1
[DEBUG] armors=3, targets=1
[2026-09-09 20:26:43.243] [info] [DRYRUN] measured_gimbal=(2.610,0.163,-0.028) measured_world=(2.576,0.453,0.004) tracked_world=(3.466,0.292,-0.010) target_gimbal_deg=(3.57,-0.62) target_world_deg=(9.97,0.08) gimbal_deg=(6.41,-0.70) armor_y_px=615.2 pixel_error_deg=(-2.44,1.84) ballistic=(range=2.615m holdover=0.090m comp=1.93deg residual=-0.08deg) q_wxyz=(0.998419,-0.000341,-0.006088,-0.055883) cmd_deg=(5.50,-0.83) packed_pitch_deg=-0.83 control=true shoot=false
[DEBUG] armors=1, targets=1
[DEBUG] armors=1, targets=1
[2026-09-09 20:26:43.277] [info] [GYROSCHED] cycle=98 due_in=+24.3 ms hit_in=324.3 ms period=318.6 ms window=11.04deg worst=8.06deg safe=true
[DEBUG] armors=1, targets=1
[DEBUG] armors=1, targets=1
[2026-09-09 20:26:43.312] [info] [SYNC][XUC] mode=1 yaw=-6.39 deg pitch=-0.68 deg feeder_rpm=0.00 wheel0_rpm=6440 wheel1_rpm=6480 wheel_delta=-40 projectile_speed=19.36 gate=0xFF switch=1 rc=1 sticks=1 imu=1 serial=1 control=1 yaw_armed=1 pitch_active=1
[DEBUG] armors=1, targets=1
[2026-09-09 20:26:43.327] [info] [GYROPLL] phase_zero cycle=97 sample=324.5 ms periods=1 filtered=319.5 ms residual=+12.8 ms correction=+1.9 ms locks=97 locked=1 reacquired=0 rejects=0 omega=4.917 ekf_omega=+4.980
[DEBUG] armors=1, targets=1
[DEBUG] armors=1, targets=1
[DEBUG] armors=1, targets=1
[DEBUG] armors=1, targets=1
[2026-09-09 20:26:43.395] [info] [SYNC][XUC] mode=1 yaw=-6.38 deg pitch=-0.67 deg feeder_rpm=0.00 wheel0_rpm=6440 wheel1_rpm=6520 wheel_delta=-80 projectile_speed=19.36 gate=0xFF switch=1 rc=1 sticks=1 imu=1 serial=1 control=1 yaw_armed=1 pitch_active=1
[DEBUG] armors=2, targets=1
[DEBUG] armors=3, targets=1
[DEBUG] armors=3, targets=1
[2026-09-09 20:26:43.444] [info] [GYROSCHED] cycle=99 due_in=+172.4 ms hit_in=479.6 ms period=319.5 ms window=11.04deg worst=8.04deg safe=true
[DEBUG] armors=3, targets=1
[DEBUG] armors=3, targets=1
[2026-09-09 20:26:43.479] [info] [SYNC][XUC] mode=1 yaw=-6.36 deg pitch=-0.66 deg feeder_rpm=0.00 wheel0_rpm=6440 wheel1_rpm=6520 wheel_delta=-80 projectile_speed=19.36 gate=0xFF switch=1 rc=1 sticks=1 imu=1 serial=1 control=1 yaw_armed=1 pitch_active=1
[DEBUG] armors=2, targets=1
[DEBUG] armors=2, targets=1
[DEBUG] armors=3, targets=1
[DEBUG] armors=3, targets=1
[DEBUG] armors=1, targets=1
[2026-09-09 20:26:43.565] [info] [SYNC][XUC] mode=1 yaw=-6.32 deg pitch=-0.66 deg feeder_rpm=0.00 wheel0_rpm=6440 wheel1_rpm=6480 wheel_delta=-40 projectile_speed=19.36 gate=0xFF switch=1 rc=1 sticks=1 imu=1 serial=1 control=1 yaw_armed=1 pitch_active=1
[DEBUG] armors=1, targets=1
[2026-09-09 20:26:43.581] [info] [DRYRUN] measured_gimbal=(2.715,0.159,-0.031) measured_world=(2.681,0.457,0.000) tracked_world=(3.242,0.734,-0.010) target_gimbal_deg=(3.35,-0.66) target_world_deg=(9.67,0.00) gimbal_deg=(6.32,-0.66) armor_y_px=614.7 pixel_error_deg=(-2.19,1.83) ballistic=(range=2.720m holdover=0.096m comp=1.97deg residual=-0.14deg) q_wxyz=(0.998462,-0.000318,-0.005760,-0.055145) cmd_deg=(5.62,-0.82) packed_pitch_deg=-0.82 control=true shoot=false
[DEBUG] armors=1, targets=1
[DEBUG] armors=1, targets=1
[2026-09-09 20:26:43.616] [info] [GYROSCHED] cycle=99 due_in=+5.2 ms hit_in=308.2 ms period=319.5 ms window=11.04deg worst=8.04deg safe=true
[DEBUG] armors=1, targets=1
[2026-09-09 20:26:43.649] [info] [ASSOC] selected_face=1 cost=-0.071 detections=1 confidence=0.90
[DEBUG] armors=1, targets=1
[2026-09-09 20:26:43.649] [info] [GYROPLL] phase_zero cycle=98 sample=315.6 ms periods=1 filtered=320.1 ms residual=+7.1 ms correction=+1.1 ms locks=98 locked=1 reacquired=0 rejects=0 omega=4.908 ekf_omega=+5.065
[2026-09-09 20:26:43.652] [info] [SYNC][XUC] mode=1 yaw=-6.30 deg pitch=-0.66 deg feeder_rpm=0.00 wheel0_rpm=6440 wheel1_rpm=6480 wheel_delta=-40 projectile_speed=19.36 gate=0xFF switch=1 rc=1 sticks=1 imu=1 serial=1 control=1 yaw_armed=1 pitch_active=1
[DEBUG] armors=1, targets=1
[DEBUG] armors=1, targets=1
[DEBUG] armors=1, targets=1
[DEBUG] armors=1, targets=1
[DEBUG] armors=2, targets=1
[2026-09-09 20:26:43.737] [info] [SYNC][XUC] mode=1 yaw=-6.31 deg pitch=-0.64 deg feeder_rpm=0.00 wheel0_rpm=6440 wheel1_rpm=6480 wheel_delta=-40 projectile_speed=19.36 gate=0xFF switch=1 rc=1 sticks=1 imu=1 serial=1 control=1 yaw_armed=1 pitch_active=1
[DEBUG] armors=2, targets=1
[2026-09-09 20:26:43.753] [info] [PERF] 总耗时=16.6ms (检测=13.5ms, 跟踪=0.9ms), FPS=60.3
[2026-09-09 20:26:43.754] [info] 📊 [CAMERA FPS] 瞬时帧率=60.1fps, 平均帧率=58.0fps, 总帧数=1850, 运行时间=31.9s
[DEBUG] armors=2, targets=1
[DEBUG] armors=2, targets=1
[2026-09-09 20:26:43.786] [info] [GYROSCHED] cycle=100 due_in=+155.8 ms hit_in=459.9 ms period=320.1 ms window=11.04deg worst=8.03deg safe=true
[DEBUG] armors=2, targets=1
[DEBUG] armors=3, targets=1
[2026-09-09 20:26:43.820] [info] [XUC][FIRE] feeder recovery complete; fresh gyro qualification required
[2026-09-09 20:26:43.822] [info] [SYNC][XUC] mode=1 yaw=-6.30 deg pitch=-0.62 deg feeder_rpm=0.00 wheel0_rpm=6440 wheel1_rpm=6520 wheel_delta=-80 projectile_speed=19.36 gate=0xFF switch=1 rc=1 sticks=1 imu=1 serial=1 control=1 yaw_armed=1 pitch_active=1
[DEBUG] armors=2, targets=1
[DEBUG] armors=2, targets=1
[2026-09-09 20:26:43.854] [info] [B2DIAG] auto=1 control=1 conv=1 oneface_gate=1 armed=1 motion=1 cadence=1 dyaw_fresh=1 dpitch_fresh=1 yawgate=0 event=1 safe=1 due_ms=+100.0 window_deg=11.04 worst_deg=8.03 yawerr_deg=-3.64 pitcherr_deg=-0.24
[DEBUG] armors=3, targets=1
[DEBUG] armors=1, targets=1
[DEBUG] armors=1, targets=1
[2026-09-09 20:26:43.908] [info] [SYNC][XUC] mode=1 yaw=-6.29 deg pitch=-0.62 deg feeder_rpm=0.00 wheel0_rpm=6440 wheel1_rpm=6480 wheel_delta=-40 projectile_speed=19.36 gate=0xFF switch=1 rc=1 sticks=1 imu=1 serial=1 control=1 yaw_armed=1 pitch_active=1
[DEBUG] armors=1, targets=1
[2026-09-09 20:26:43.923] [info] [XUC][FIRE] stable-window candidate started
[2026-09-09 20:26:43.923] [info] [XUC][FIRE] qualified after 0 ms/1 frames, current_pixel_error_deg=(-1.39,-0.33) predicted_impact_yaw_error_deg=inf gyro_predict=true face_error=infdeg omega=+5.003rad_s armed=true
[2026-09-09 20:26:43.923] [info] [DRYRUN] measured_gimbal=(2.822,0.127,-0.028) measured_world=(2.791,0.435,0.002) tracked_world=(2.773,0.430,-0.004) target_gimbal_deg=(2.57,-0.57) target_world_deg=(8.86,0.04) gimbal_deg=(6.29,-0.62) armor_y_px=609.2 pixel_error_deg=(-1.39,1.70) ballistic=(range=2.825m holdover=0.102m comp=2.02deg residual=-0.33deg) q_wxyz=(0.998481,-0.000295,-0.005376,-0.054838) cmd_deg=(5.60,-0.82) packed_pitch_deg=-0.82 control=true shoot=true
[2026-09-09 20:26:43.945] [info] [SHOT] id=30 issue mode=1 gyro=1 event=1 cycle=100 processing_age_ms=53.6 due_error_ms=+0.06 period_ms=320.1 window_deg=11.04 worst_deg=8.03
[DEBUG] armors=1, targets=1
[2026-09-09 20:26:43.961] [info] [XUC][FIRE] gyro request inhibited during feeder recovery
[2026-09-09 20:26:43.961] [info] [XUC][FIRE] stable window reset
[DEBUG] armors=1, targets=1
[2026-09-09 20:26:43.977] [info] [GYROPLL] phase_zero cycle=99 sample=321.5 ms periods=1 filtered=320.1 ms residual=+7.5 ms correction=+1.1 ms locks=99 locked=1 reacquired=0 rejects=0 omega=4.908 ekf_omega=+5.021
[2026-09-09 20:26:43.977] [info] [GYROSCHED] cycle=101 due_in=+294.7 ms hit_in=589.6 ms period=320.1 ms window=11.04deg worst=8.03deg safe=true
[2026-09-09 20:26:43.979] [info] [SHOT] id=30 feeder_start command_to_feeder_ms=33.7 rpm=1604
[DEBUG] armors=1, targets=1
[DEBUG] armors=1, targets=1
[2026-09-09 20:26:44.012] [info] [SYNC][XUC] mode=1 yaw=-6.28 deg pitch=-0.62 deg feeder_rpm=1875.00 wheel0_rpm=6440 wheel1_rpm=6480 wheel_delta=-40 projectile_speed=19.36 gate=0xFF switch=1 rc=1 sticks=1 imu=1 serial=1 control=1 yaw_armed=1 pitch_active=1
[DEBUG] armors=1, targets=1
[DEBUG] armors=1, targets=1
[DEBUG] armors=2, targets=1
[DEBUG] armors=2, targets=1
[DEBUG] armors=2, targets=1
[2026-09-09 20:26:44.093] [info] [SYNC][XUC] mode=1 yaw=-6.30 deg pitch=-0.56 deg feeder_rpm=2021.00 wheel0_rpm=6440 wheel1_rpm=6440 wheel_delta=0 projectile_speed=19.36 gate=0xFF switch=1 rc=1 sticks=1 imu=1 serial=1 control=1 yaw_armed=1 pitch_active=1
[DEBUG] armors=2, targets=1
[DEBUG] armors=3, targets=1
[2026-09-09 20:26:44.128] [info] [SHOT] id=30 feeder_stop feeder_motion_ms=148.7
[2026-09-09 20:26:44.128] [info] [XUC][FIRE] feeder stopped; gyro recovery hold started for 600 ms
[DEBUG] armors=2, targets=1
[2026-09-09 20:26:44.143] [info] [GYROSCHED] cycle=101 due_in=+110.1 ms hit_in=424.2 ms period=320.1 ms window=11.04deg worst=8.03deg safe=true
[DEBUG] armors=2, targets=1
[DEBUG] armors=2, targets=1
[2026-09-09 20:26:44.179] [info] [SYNC][XUC] mode=1 yaw=-6.28 deg pitch=-0.63 deg feeder_rpm=10.00 wheel0_rpm=6360 wheel1_rpm=6440 wheel_delta=-80 projectile_speed=19.36 gate=0xFF switch=1 rc=1 sticks=1 imu=1 serial=1 control=1 yaw_armed=1 pitch_active=1
[DEBUG] armors=3, targets=1
[DEBUG] armors=1, targets=1
[DEBUG] armors=1, targets=1
[DEBUG] armors=1, targets=1
[DEBUG] armors=0, targets=1
[2026-09-09 20:26:44.260] [info] [SYNC][XUC] mode=1 yaw=-6.28 deg pitch=-0.64 deg feeder_rpm=-4.00 wheel0_rpm=6400 wheel1_rpm=6480 wheel_delta=-80 projectile_speed=19.36 gate=0xFF switch=1 rc=1 sticks=1 imu=1 serial=1 control=1 yaw_armed=1 pitch_active=1
[DEBUG] armors=0, targets=1
[DEBUG] armors=0, targets=1
[DEBUG] armors=1, targets=1
[2026-09-09 20:26:44.308] [info] [GYROPLL] phase_zero cycle=100 sample=311.8 ms periods=1 filtered=319.0 ms residual=-2.0 ms correction=-0.3 ms locks=100 locked=1 reacquired=0 rejects=0 omega=4.924 ekf_omega=+5.073
[DEBUG] armors=1, targets=1
[DEBUG] armors=1, targets=1
[2026-09-09 20:26:44.344] [info] [SYNC][XUC] mode=1 yaw=-7.30 deg pitch=-0.57 deg feeder_rpm=0.00 wheel0_rpm=6440 wheel1_rpm=6480 wheel_delta=-40 projectile_speed=19.36 gate=0xFF switch=1 rc=1 sticks=1 imu=1 serial=1 control=1 yaw_armed=1 pitch_active=1
[DEBUG] armors=0, targets=1
[DEBUG] armors=1, targets=1
[2026-09-09 20:26:44.375] [info] [GYROSCHED] cycle=102 due_in=+190.6 ms hit_in=509.0 ms period=319.0 ms window=11.04deg worst=8.05deg safe=true
[DEBUG] armors=2, targets=1
[DEBUG] armors=2, targets=1
[DEBUG] armors=3, targets=1
[2026-09-09 20:26:44.430] [info] [SYNC][XUC] mode=1 yaw=-7.18 deg pitch=-0.63 deg feeder_rpm=-4.00 wheel0_rpm=6440 wheel1_rpm=6480 wheel_delta=-40 projectile_speed=19.36 gate=0xFF switch=1 rc=1 sticks=1 imu=1 serial=1 control=1 yaw_armed=1 pitch_active=1
[DEBUG] armors=3, targets=1
[DEBUG] armors=2, targets=1
[DEBUG] armors=2, targets=1
[DEBUG] armors=3, targets=1
[DEBUG] armors=1, targets=1
[2026-09-09 20:26:44.514] [info] [SYNC][XUC] mode=1 yaw=-6.33 deg pitch=-0.65 deg feeder_rpm=0.00 wheel0_rpm=6280 wheel1_rpm=6360 wheel_delta=-80 projectile_speed=19.36 gate=0xFF switch=1 rc=1 sticks=1 imu=1 serial=1 control=1 yaw_armed=1 pitch_active=1
[DEBUG] armors=1, targets=1
[DEBUG] armors=1, targets=1
[2026-09-09 20:26:44.546] [info] [GYROSCHED] cycle=102 due_in=+45.2 ms hit_in=338.0 ms period=319.0 ms window=11.04deg worst=8.05deg safe=true
[DEBUG] armors=1, targets=1
[2026-09-09 20:26:44.582] [info] [ASSOC] selected_face=2 cost=-0.088 detections=1 confidence=0.89
[DEBUG] armors=1, targets=1
[DEBUG] armors=0, targets=1
[2026-09-09 20:26:44.602] [info] [SYNC][XUC] mode=1 yaw=-6.36 deg pitch=-0.63 deg feeder_rpm=3.00 wheel0_rpm=6400 wheel1_rpm=6440 wheel_delta=-40 projectile_speed=19.36 gate=0xFF switch=1 rc=1 sticks=1 imu=1 serial=1 control=1 yaw_armed=1 pitch_active=1
[DEBUG] armors=0, targets=1
[2026-09-09 20:26:44.619] [info] [PERF] 总耗时=17.3ms (检测=14.6ms, 跟踪=0.0ms), FPS=57.8
[2026-09-09 20:26:44.619] [info] 📊 [CAMERA FPS] 瞬时帧率=57.7fps, 平均帧率=58.0fps, 总帧数=1900, 运行时间=32.8s
[DEBUG] armors=0, targets=1
[DEBUG] armors=1, targets=1
[2026-09-09 20:26:44.650] [info] [GYROPLL] phase_zero cycle=101 sample=321.0 ms periods=1 filtered=319.1 ms residual=+0.3 ms correction=+0.1 ms locks=101 locked=1 reacquired=0 rejects=0 omega=4.922 ekf_omega=+5.042
[DEBUG] armors=1, targets=1
[DEBUG] armors=1, targets=1
[2026-09-09 20:26:44.686] [info] [SYNC][XUC] mode=1 yaw=-8.31 deg pitch=-0.56 deg feeder_rpm=-4.00 wheel0_rpm=6400 wheel1_rpm=6480 wheel_delta=-80 projectile_speed=19.36 gate=0xFF switch=1 rc=1 sticks=1 imu=1 serial=1 control=1 yaw_armed=1 pitch_active=1
[DEBUG] armors=0, targets=1
[DEBUG] armors=2, targets=1
[2026-09-09 20:26:44.718] [info] [B2DIAG] auto=1 control=1 conv=1 oneface_gate=1 armed=1 motion=1 cadence=0 dyaw_fresh=1 dpitch_fresh=1 yawgate=0 event=1 safe=1 due_ms=+177.6 window_deg=11.04 worst_deg=8.05 yawerr_deg=5.96 pitcherr_deg=-0.20
[DEBUG] armors=1, targets=1
[DEBUG] armors=3, targets=1
[DEBUG] armors=2, targets=1
[2026-09-09 20:26:44.771] [info] [XUC][FIRE] feeder recovery complete; fresh gyro qualification required
[2026-09-09 20:26:44.774] [info] [SYNC][XUC] mode=1 yaw=-8.37 deg pitch=-0.55 deg feeder_rpm=0.00 wheel0_rpm=6440 wheel1_rpm=6520 wheel_delta=-80 projectile_speed=19.36 gate=0xFF switch=1 rc=1 sticks=1 imu=1 serial=1 control=1 yaw_armed=1 pitch_active=1
[DEBUG] armors=2, targets=1
[2026-09-09 20:26:44.789] [info] [GYROSCHED] cycle=103 due_in=+104.6 ms hit_in=414.7 ms period=319.1 ms window=11.04deg worst=8.05deg safe=true
[DEBUG] armors=2, targets=1
[DEBUG] armors=2, targets=1
[DEBUG] armors=1, targets=1
[DEBUG] armors=1, targets=1
[2026-09-09 20:26:44.861] [info] [SYNC][XUC] mode=1 yaw=-6.76 deg pitch=-0.65 deg feeder_rpm=0.00 wheel0_rpm=6440 wheel1_rpm=6520 wheel_delta=-80 projectile_speed=19.36 gate=0xFF switch=1 rc=1 sticks=1 imu=1 serial=1 control=1 yaw_armed=1 pitch_active=1
[DEBUG] armors=1, targets=1
[DEBUG] armors=1, targets=1
[2026-09-09 20:26:44.892] [info] [GYROPLL] phase_zero cycle=102 sample=297.2 ms periods=1 filtered=318.8 ms residual=-21.7 ms correction=-3.0 ms locks=102 locked=1 reacquired=0 rejects=0 omega=4.927 ekf_omega=+5.275
[2026-09-09 20:26:44.892] [info] [XUC][FIRE] stable-window candidate started
[2026-09-09 20:26:44.892] [info] [XUC][FIRE] qualified after 0 ms/1 frames, current_pixel_error_deg=(-0.75,-0.10) predicted_impact_yaw_error_deg=7.66 gyro_predict=true face_error=50.30deg omega=+5.275rad_s armed=true
[2026-09-09 20:26:44.905] [info] [SHOT] id=31 issue mode=1 gyro=1 event=1 cycle=103 processing_age_ms=39.4 due_error_ms=+0.07 period_ms=318.8 window_deg=11.04 worst_deg=8.06
[DEBUG] armors=1, targets=1
[2026-09-09 20:26:44.919] [info] [XUC][FIRE] gyro request inhibited during feeder recovery
[2026-09-09 20:26:44.920] [info] [XUC][FIRE] stable window reset
[DEBUG] armors=1, targets=1
[2026-09-09 20:26:44.938] [info] [SHOT] id=31 feeder_start command_to_feeder_ms=33.6 rpm=1735
[DEBUG] armors=1, targets=1
[2026-09-09 20:26:44.955] [info] [SYNC][XUC] mode=1 yaw=-6.82 deg pitch=-0.59 deg feeder_rpm=1966.00 wheel0_rpm=6440 wheel1_rpm=6480 wheel_delta=-40 projectile_speed=19.36 gate=0xFF switch=1 rc=1 sticks=1 imu=1 serial=1 control=1 yaw_armed=1 pitch_active=1
[DEBUG] armors=1, targets=1
[2026-09-09 20:26:44.969] [info] [GYROSCHED] cycle=104 due_in=+254.5 ms hit_in=549.9 ms period=318.8 ms window=11.04deg worst=8.06deg safe=true
[2026-09-09 20:26:44.969] [info] [DRYRUN] measured_gimbal=(2.735,-0.024,-0.033) measured_world=(2.719,0.301,-0.005) tracked_world=(2.885,0.735,-0.001) target_gimbal_deg=(-0.50,-0.70) target_world_deg=(6.32,-0.11) gimbal_deg=(6.82,-0.59) armor_y_px=616.0 pixel_error_deg=(1.67,1.86) ballistic=(range=2.735m holdover=0.097m comp=1.98deg residual=-0.12deg) q_wxyz=(0.998215,-0.000307,-0.005151,-0.059495) cmd_deg=(6.75,-0.73) packed_pitch_deg=-0.73 control=true shoot=false
[DEBUG] armors=1, targets=1
[DEBUG] armors=1, targets=1
[DEBUG] armors=1, targets=1
[DEBUG] armors=2, targets=1
[2026-09-09 20:26:45.038] [info] [SYNC][XUC] mode=1 yaw=-6.82 deg pitch=-0.57 deg feeder_rpm=2061.00 wheel0_rpm=6440 wheel1_rpm=6480 wheel_delta=-40 projectile_speed=19.36 gate=0xFF switch=1 rc=1 sticks=1 imu=1 serial=1 control=1 yaw_armed=1 pitch_active=1
[DEBUG] armors=2, targets=1
[DEBUG] armors=2, targets=1
[DEBUG] armors=2, targets=1
[DEBUG] armors=2, targets=1
[2026-09-09 20:26:45.107] [info] [SHOT] id=31 feeder_stop feeder_motion_ms=169.0
[2026-09-09 20:26:45.107] [info] [XUC][FIRE] feeder stopped; gyro recovery hold started for 600 ms
[DEBUG] armors=2, targets=1
[2026-09-09 20:26:45.124] [info] [SYNC][XUC] mode=1 yaw=-6.79 deg pitch=-0.55 deg feeder_rpm=-11.00 wheel0_rpm=6440 wheel1_rpm=6480 wheel_delta=-40 projectile_speed=19.36 gate=0xFF switch=1 rc=1 sticks=1 imu=1 serial=1 control=1 yaw_armed=1 pitch_active=1
[DEBUG] armors=2, targets=1
[2026-09-09 20:26:45.140] [info] [GYROSCHED] cycle=104 due_in=+82.7 ms hit_in=379.2 ms period=318.8 ms window=11.04deg worst=8.06deg safe=true
[DEBUG] armors=3, targets=1
[DEBUG] armors=1, targets=1
[DEBUG] armors=1, targets=1
[DEBUG] armors=1, targets=1
[2026-09-09 20:26:45.212] [info] [SYNC][XUC] mode=1 yaw=-6.75 deg pitch=-0.56 deg feeder_rpm=-4.00 wheel0_rpm=6280 wheel1_rpm=6360 wheel_delta=-80 projectile_speed=19.36 gate=0xFF switch=1 rc=1 sticks=1 imu=1 serial=1 control=1 yaw_armed=1 pitch_active=1
[DEBUG] armors=1, targets=1
[DEBUG] armors=1, targets=1
[2026-09-09 20:26:45.244] [info] [GYROPLL] phase_zero cycle=103 sample=341.3 ms periods=1 filtered=319.3 ms residual=+3.8 ms correction=+0.6 ms locks=103 locked=1 reacquired=0 rejects=0 omega=4.919 ekf_omega=+4.861
[DEBUG] armors=1, targets=1
[DEBUG] armors=1, targets=1
[DEBUG] armors=1, targets=1
[2026-09-09 20:26:45.297] [info] [SYNC][XUC] mode=1 yaw=-6.76 deg pitch=-0.57 deg feeder_rpm=0.00 wheel0_rpm=6400 wheel1_rpm=6480 wheel_delta=-80 projectile_speed=19.36 gate=0xFF switch=1 rc=1 sticks=1 imu=1 serial=1 control=1 yaw_armed=1 pitch_active=1
[DEBUG] armors=1, targets=1
[2026-09-09 20:26:45.311] [info] [GYROSCHED] cycle=105 due_in=+229.4 ms hit_in=528.8 ms period=319.3 ms window=11.04deg worst=8.05deg safe=true
[2026-09-09 20:26:45.311] [info] [DRYRUN] measured_gimbal=(2.813,-0.061,-0.030) measured_world=(2.801,0.271,-0.002) tracked_world=(2.762,0.264,0.001) target_gimbal_deg=(-1.24,-0.61) target_world_deg=(5.52,-0.04) gimbal_deg=(6.76,-0.57) armor_y_px=611.0 pixel_error_deg=(2.43,1.74) ballistic=(range=2.814m holdover=0.101m comp=2.02deg residual=-0.28deg) q_wxyz=(0.998250,-0.000294,-0.004974,-0.058926) cmd_deg=(5.83,-0.79) packed_pitch_deg=-0.79 control=true shoot=false
[DEBUG] armors=2, targets=1
[DEBUG] armors=2, targets=1
[DEBUG] armors=2, targets=1
[DEBUG] armors=2, targets=1
[2026-09-09 20:26:45.379] [info] [SYNC][XUC] mode=1 yaw=-6.73 deg pitch=-0.57 deg feeder_rpm=-4.00 wheel0_rpm=6440 wheel1_rpm=6480 wheel_delta=-40 projectile_speed=19.36 gate=0xFF switch=1 rc=1 sticks=1 imu=1 serial=1 control=1 yaw_armed=1 pitch_active=1
[DEBUG] armors=2, targets=1
[DEBUG] armors=2, targets=1
[DEBUG] armors=2, targets=1
[DEBUG] armors=2, targets=1
[DEBUG] armors=2, targets=1
[2026-09-09 20:26:45.463] [info] [SYNC][XUC] mode=1 yaw=-6.69 deg pitch=-0.60 deg feeder_rpm=0.00 wheel0_rpm=6440 wheel1_rpm=6480 wheel_delta=-40 projectile_speed=19.36 gate=0xFF switch=1 rc=1 sticks=1 imu=1 serial=1 control=1 yaw_armed=1 pitch_active=1
[DEBUG] armors=2, targets=1
[2026-09-09 20:26:45.478] [info] [GYROSCHED] cycle=105 due_in=+61.7 ms hit_in=361.8 ms period=319.3 ms window=11.04deg worst=8.05deg safe=true
[2026-09-09 20:26:45.480] [info] [PERF] 总耗时=16.9ms (检测=13.9ms, 跟踪=0.9ms), FPS=59.3
[2026-09-09 20:26:45.480] [info] 📊 [CAMERA FPS] 瞬时帧率=59.2fps, 平均帧率=58.0fps, 总帧数=1950, 运行时间=33.6s
[DEBUG] armors=1, targets=1
[2026-09-09 20:26:45.510] [info] [ASSOC] selected_face=3 cost=-0.036 detections=1 confidence=0.92
[DEBUG] armors=1, targets=1
[DEBUG] armors=1, targets=1
[DEBUG] armors=1, targets=1
[2026-09-09 20:26:45.546] [info] [SYNC][XUC] mode=1 yaw=-6.56 deg pitch=-0.61 deg feeder_rpm=-4.00 wheel0_rpm=6440 wheel1_rpm=6480 wheel_delta=-40 projectile_speed=19.36 gate=0xFF switch=1 rc=1 sticks=1 imu=1 serial=1 control=1 yaw_armed=1 pitch_active=1
[DEBUG] armors=1, targets=1
[DEBUG] armors=1, targets=1
[2026-09-09 20:26:45.577] [info] [GYROPLL] phase_zero cycle=104 sample=331.6 ms periods=1 filtered=319.6 ms residual=+15.5 ms correction=+2.3 ms locks=104 locked=1 reacquired=0 rejects=0 omega=4.915 ekf_omega=+4.945
[2026-09-09 20:26:45.577] [info] [B2DIAG] auto=1 control=1 conv=1 oneface_gate=1 armed=1 motion=1 cadence=0 dyaw_fresh=1 dpitch_fresh=1 yawgate=0 event=1 safe=1 due_ms=+289.2 window_deg=11.04 worst_deg=8.04 yawerr_deg=0.57 pitcherr_deg=-0.22
[DEBUG] armors=1, targets=1
[DEBUG] armors=1, targets=1
[DEBUG] armors=1, targets=1
[2026-09-09 20:26:45.628] [info] [SYNC][XUC] mode=1 yaw=-6.53 deg pitch=-0.64 deg feeder_rpm=-4.00 wheel0_rpm=6440 wheel1_rpm=6480 wheel_delta=-40 projectile_speed=19.36 gate=0xFF switch=1 rc=1 sticks=1 imu=1 serial=1 control=1 yaw_armed=1 pitch_active=1
[DEBUG] armors=2, targets=1
[2026-09-09 20:26:45.643] [info] [GYROSCHED] cycle=106 due_in=+219.5 ms hit_in=518.2 ms period=319.6 ms window=11.04deg worst=8.04deg safe=true
[2026-09-09 20:26:45.643] [info] [DRYRUN] measured_gimbal=(2.799,-0.061,-0.035) measured_world=(2.788,0.257,-0.004) tracked_world=(3.252,0.123,-0.001) target_gimbal_deg=(-1.26,-0.71) target_world_deg=(5.27,-0.07) gimbal_deg=(6.53,-0.64) armor_y_px=615.3 pixel_error_deg=(2.44,1.85) ballistic=(range=2.800m holdover=0.100m comp=2.01deg residual=-0.16deg) q_wxyz=(0.998361,-0.000317,-0.005564,-0.056952) cmd_deg=(5.62,-0.79) packed_pitch_deg=-0.79 control=true shoot=false
[DEBUG] armors=2, targets=1
[DEBUG] armors=2, targets=1
[DEBUG] armors=3, targets=1
[DEBUG] armors=3, targets=1
[2026-09-09 20:26:45.717] [info] [SYNC][XUC] mode=1 yaw=-6.52 deg pitch=-0.63 deg feeder_rpm=0.00 wheel0_rpm=6440 wheel1_rpm=6480 wheel_delta=-40 projectile_speed=19.36 gate=0xFF switch=1 rc=1 sticks=1 imu=1 serial=1 control=1 yaw_armed=1 pitch_active=1
[DEBUG] armors=2, targets=1
[DEBUG] armors=2, targets=1
[2026-09-09 20:26:45.749] [info] [XUC][FIRE] feeder recovery complete; fresh gyro qualification required
[DEBUG] armors=2, targets=1
[DEBUG] armors=3, targets=1
[DEBUG] armors=2, targets=1
[2026-09-09 20:26:45.803] [info] [SYNC][XUC] mode=1 yaw=-6.50 deg pitch=-0.63 deg feeder_rpm=0.00 wheel0_rpm=6440 wheel1_rpm=6520 wheel_delta=-80 projectile_speed=19.36 gate=0xFF switch=1 rc=1 sticks=1 imu=1 serial=1 control=1 yaw_armed=1 pitch_active=1
[DEBUG] armors=1, targets=1
[2026-09-09 20:26:45.818] [info] [GYROSCHED] cycle=106 due_in=+54.3 ms hit_in=344.0 ms period=319.6 ms window=11.04deg worst=8.04deg safe=true
[DEBUG] armors=1, targets=1
[DEBUG] armors=1, targets=1
[2026-09-09 20:26:45.850] [info] [XUC][FIRE] stable-window candidate started
[2026-09-09 20:26:45.850] [info] [XUC][FIRE] qualified after 0 ms/1 frames, current_pixel_error_deg=(-0.92,-0.21) predicted_impact_yaw_error_deg=inf gyro_predict=true face_error=infdeg omega=+4.989rad_s armed=true
[2026-09-09 20:26:45.864] [info] [SHOT] id=32 issue mode=1 gyro=1 event=1 cycle=106 processing_age_ms=45.6 due_error_ms=+0.06 period_ms=319.6 window_deg=11.04 worst_deg=8.04
[DEBUG] armors=1, targets=1
[2026-09-09 20:26:45.882] [info] [XUC][FIRE] gyro request inhibited during feeder recovery
[2026-09-09 20:26:45.882] [info] [XUC][FIRE] stable window reset
[DEBUG] armors=1, targets=1
[2026-09-09 20:26:45.897] [info] [GYROPLL] phase_zero cycle=105 sample=320.7 ms periods=1 filtered=319.7 ms residual=+14.3 ms correction=+2.1 ms locks=105 locked=1 reacquired=0 rejects=0 omega=4.914 ekf_omega=+4.989
[2026-09-09 20:26:45.900] [info] [SHOT] id=32 feeder_start command_to_feeder_ms=35.4 rpm=996
[2026-09-09 20:26:45.900] [info] [SYNC][XUC] mode=1 yaw=-6.49 deg pitch=-0.64 deg feeder_rpm=996.00 wheel0_rpm=6440 wheel1_rpm=6520 wheel_delta=-80 projectile_speed=19.36 gate=0xFF switch=1 rc=1 sticks=1 imu=1 serial=1 control=1 yaw_armed=1 pitch_active=1
[DEBUG] armors=1, targets=1
[DEBUG] armors=1, targets=1
[DEBUG] armors=1, targets=1
[DEBUG] armors=2, targets=1
[DEBUG] armors=3, targets=1
[2026-09-09 20:26:45.986] [info] [SYNC][XUC] mode=1 yaw=-6.50 deg pitch=-0.65 deg feeder_rpm=1959.00 wheel0_rpm=6440 wheel1_rpm=6480 wheel_delta=-40 projectile_speed=19.36 gate=0xFF switch=1 rc=1 sticks=1 imu=1 serial=1 control=1 yaw_armed=1 pitch_active=1
[DEBUG] armors=3, targets=1
[2026-09-09 20:26:46.002] [info] [GYROSCHED] cycle=107 due_in=+173.7 ms hit_in=481.1 ms period=319.7 ms window=11.04deg worst=8.04deg safe=true
[2026-09-09 20:26:46.002] [info] [DRYRUN] measured_gimbal=(2.966,-0.127,-0.042) measured_world=(2.962,0.209,-0.008) tracked_world=(3.386,0.609,-0.004) target_gimbal_deg=(-2.46,-0.81) target_world_deg=(4.04,-0.16) gimbal_deg=(6.50,-0.65) armor_y_px=616.5 pixel_error_deg=(3.70,1.88) ballistic=(range=2.969m holdover=0.111m comp=2.09deg residual=-0.21deg) q_wxyz=(0.998376,-0.000320,-0.005641,-0.056680) cmd_deg=(5.61,-0.80) packed_pitch_deg=-0.80 control=true shoot=false
[DEBUG] armors=2, targets=1
[DEBUG] armors=3, targets=1
[DEBUG] armors=2, targets=1
[2026-09-09 20:26:46.056] [info] [SHOT] id=32 feeder_stop feeder_motion_ms=156.5
[2026-09-09 20:26:46.056] [info] [XUC][FIRE] feeder stopped; gyro recovery hold started for 600 ms
[DEBUG] armors=2, targets=1
[2026-09-09 20:26:46.074] [info] [SYNC][XUC] mode=1 yaw=-6.50 deg pitch=-0.65 deg feeder_rpm=80.00 wheel0_rpm=6440 wheel1_rpm=6480 wheel_delta=-40 projectile_speed=19.36 gate=0xFF switch=1 rc=1 sticks=1 imu=1 serial=1 control=1 yaw_armed=1 pitch_active=1
[DEBUG] armors=3, targets=1
[DEBUG] armors=3, targets=1
[DEBUG] armors=1, targets=1
[DEBUG] armors=1, targets=1
[DEBUG] armors=1, targets=1
[2026-09-09 20:26:46.161] [info] [SYNC][XUC] mode=1 yaw=-6.49 deg pitch=-0.66 deg feeder_rpm=0.00 wheel0_rpm=6440 wheel1_rpm=6480 wheel_delta=-40 projectile_speed=19.36 gate=0xFF switch=1 rc=1 sticks=1 imu=1 serial=1 control=1 yaw_armed=1 pitch_active=1
[DEBUG] armors=1, targets=1
[2026-09-09 20:26:46.175] [info] [GYROSCHED] cycle=107 due_in=+10.1 ms hit_in=308.2 ms period=319.7 ms window=11.03deg worst=8.04deg safe=true
[DEBUG] armors=1, targets=1
[DEBUG] armors=1, targets=1
[2026-09-09 20:26:46.210] [info] [GYROPLL] phase_zero cycle=106 sample=316.3 ms periods=1 filtered=319.6 ms residual=+8.8 ms correction=+1.3 ms locks=106 locked=1 reacquired=0 rejects=0 omega=4.914 ekf_omega=+5.025
[DEBUG] armors=1, targets=1
[DEBUG] armors=1, targets=1
[2026-09-09 20:26:46.247] [info] [SYNC][XUC] mode=1 yaw=-6.49 deg pitch=-0.66 deg feeder_rpm=-4.00 wheel0_rpm=6440 wheel1_rpm=6520 wheel_delta=-80 projectile_speed=19.36 gate=0xFF switch=1 rc=1 sticks=1 imu=1 serial=1 control=1 yaw_armed=1 pitch_active=1
[DEBUG] armors=1, targets=1
[DEBUG] armors=1, targets=1
[DEBUG] armors=1, targets=1
[DEBUG] armors=2, targets=1
[DEBUG] armors=3, targets=1
[2026-09-09 20:26:46.330] [info] [SYNC][XUC] mode=1 yaw=-6.49 deg pitch=-0.67 deg feeder_rpm=0.00 wheel0_rpm=6440 wheel1_rpm=6520 wheel_delta=-80 projectile_speed=19.36 gate=0xFF switch=1 rc=1 sticks=1 imu=1 serial=1 control=1 yaw_armed=1 pitch_active=1
[DEBUG] armors=2, targets=1
[2026-09-09 20:26:46.344] [info] [GYROSCHED] cycle=108 due_in=+153.3 ms hit_in=460.3 ms period=319.6 ms window=11.04deg worst=8.04deg safe=true
[2026-09-09 20:26:46.344] [info] [DRYRUN] measured_gimbal=(2.956,-0.145,-0.044) measured_world=(2.954,0.190,-0.009) tracked_world=(2.880,0.637,-0.002) target_gimbal_deg=(-2.80,-0.85) target_world_deg=(3.69,-0.18) gimbal_deg=(6.49,-0.67) armor_y_px=618.3 pixel_error_deg=(4.03,1.92) ballistic=(range=2.960m holdover=0.110m comp=2.08deg residual=-0.16deg) q_wxyz=(0.998381,-0.000330,-0.005817,-0.056586) cmd_deg=(5.81,-0.78) packed_pitch_deg=-0.78 control=true shoot=false
[2026-09-09 20:26:46.347] [info] [PERF] 总耗时=16.8ms (检测=13.5ms, 跟踪=0.8ms), FPS=59.6
[2026-09-09 20:26:46.347] [info] 📊 [CAMERA FPS] 瞬时帧率=59.4fps, 平均帧率=57.9fps, 总帧数=2000, 运行时间=34.5s
[DEBUG] armors=2, targets=1
[2026-09-09 20:26:46.379] [info] [ASSOC] selected_face=1 cost=-0.027 detections=3 confidence=0.34
[DEBUG] armors=3, targets=1
[DEBUG] armors=2, targets=1
[DEBUG] armors=2, targets=1
[2026-09-09 20:26:46.417] [info] [SYNC][XUC] mode=1 yaw=-6.48 deg pitch=-0.67 deg feeder_rpm=-4.00 wheel0_rpm=6440 wheel1_rpm=6480 wheel_delta=-40 projectile_speed=19.36 gate=0xFF switch=1 rc=1 sticks=1 imu=1 serial=1 control=1 yaw_armed=1 pitch_active=1
[DEBUG] armors=2, targets=1
[DEBUG] armors=2, targets=1
[2026-09-09 20:26:46.448] [info] [B2DIAG] auto=1 control=1 conv=1 oneface_gate=1 armed=1 motion=1 cadence=0 dyaw_fresh=1 dpitch_fresh=1 yawgate=0 event=1 safe=1 due_ms=+63.7 window_deg=11.04 worst_deg=8.04 yawerr_deg=-2.32 pitcherr_deg=-0.24
[DEBUG] armors=1, targets=1
[DEBUG] armors=1, targets=1
[DEBUG] armors=1, targets=1
[2026-09-09 20:26:46.502] [info] [SYNC][XUC] mode=1 yaw=-6.48 deg pitch=-0.68 deg feeder_rpm=0.00 wheel0_rpm=6440 wheel1_rpm=6480 wheel_delta=-40 projectile_speed=19.36 gate=0xFF switch=1 rc=1 sticks=1 imu=1 serial=1 control=1 yaw_armed=1 pitch_active=1
[DEBUG] armors=1, targets=1
[2026-09-09 20:26:46.517] [info] [GYROSCHED] cycle=109 due_in=+315.8 ms hit_in=607.6 ms period=319.6 ms window=11.04deg worst=8.04deg safe=true
[DEBUG] armors=1, targets=1
[2026-09-09 20:26:46.534] [info] [GYROPLL] phase_zero cycle=107 sample=328.4 ms periods=1 filtered=319.9 ms residual=+16.2 ms correction=+2.4 ms locks=107 locked=1 reacquired=0 rejects=0 omega=4.910 ekf_omega=+4.895
[DEBUG] armors=1, targets=1
[DEBUG] armors=1, targets=1
[DEBUG] armors=1, targets=1
[2026-09-09 20:26:46.586] [info] [SYNC][XUC] mode=1 yaw=-6.48 deg pitch=-0.70 deg feeder_rpm=0.00 wheel0_rpm=6440 wheel1_rpm=6480 wheel_delta=-40 projectile_speed=19.36 gate=0xFF switch=1 rc=1 sticks=1 imu=1 serial=1 control=1 yaw_armed=1 pitch_active=1
[DEBUG] armors=1, targets=1
[DEBUG] armors=2, targets=1
[DEBUG] armors=2, targets=1
[DEBUG] armors=2, targets=1
[DEBUG] armors=2, targets=1
[2026-09-09 20:26:46.673] [info] [SYNC][XUC] mode=1 yaw=-6.48 deg pitch=-0.71 deg feeder_rpm=-4.00 wheel0_rpm=6440 wheel1_rpm=6480 wheel_delta=-40 projectile_speed=19.36 gate=0xFF switch=1 rc=1 sticks=1 imu=1 serial=1 control=1 yaw_armed=1 pitch_active=1
[DEBUG] armors=3, targets=1
[2026-09-09 20:26:46.689] [info] [XUC][FIRE] feeder recovery complete; fresh gyro qualification required
[2026-09-09 20:26:46.689] [info] [GYROSCHED] cycle=109 due_in=+123.7 ms hit_in=437.7 ms period=319.9 ms window=11.04deg worst=8.03deg safe=true
[2026-09-09 20:26:46.689] [info] [DRYRUN] measured_gimbal=(3.090,-0.188,-0.045) measured_world=(3.091,0.162,-0.006) tracked_world=(2.885,0.142,-0.000) target_gimbal_deg=(-3.48,-0.82) target_world_deg=(3.00,-0.11) gimbal_deg=(6.48,-0.71) armor_y_px=615.2 pixel_error_deg=(4.75,1.84) ballistic=(range=3.095m holdover=0.119m comp=2.16deg residual=-0.31deg) q_wxyz=(0.998383,-0.000351,-0.006200,-0.056499) cmd_deg=(5.30,-0.88) packed_pitch_deg=-0.88 control=true shoot=false
[DEBUG] armors=4, targets=1
[DEBUG] armors=2, targets=1
[DEBUG] armors=3, targets=1
[DEBUG] armors=2, targets=1
[2026-09-09 20:26:46.763] [info] [SYNC][XUC] mode=1 yaw=-6.46 deg pitch=-0.73 deg feeder_rpm=0.00 wheel0_rpm=6440 wheel1_rpm=6480 wheel_delta=-40 projectile_speed=19.36 gate=0xFF switch=1 rc=1 sticks=1 imu=1 serial=1 control=1 yaw_armed=1 pitch_active=1
[DEBUG] armors=1, targets=1
[DEBUG] armors=1, targets=1
[DEBUG] armors=1, targets=1
[2026-09-09 20:26:46.813] [info] [XUC][FIRE] stable-window candidate started
[2026-09-09 20:26:46.813] [info] [XUC][FIRE] qualified after 0 ms/1 frames, current_pixel_error_deg=(-0.70,-0.17) predicted_impact_yaw_error_deg=inf gyro_predict=true face_error=infdeg omega=+5.058rad_s armed=true
[2026-09-09 20:26:46.830] [info] [SHOT] id=33 issue mode=1 gyro=1 event=1 cycle=109 processing_age_ms=44.3 due_error_ms=+0.17 period_ms=319.9 window_deg=11.04 worst_deg=8.03
[DEBUG] armors=1, targets=1
[2026-09-09 20:26:46.846] [info] [XUC][FIRE] gyro request inhibited during feeder recovery
[2026-09-09 20:26:46.846] [info] [XUC][FIRE] stable window reset
[2026-09-09 20:26:46.849] [info] [SHOT] id=33 feeder_start command_to_feeder_ms=18.8 rpm=688
[DEBUG] armors=1, targets=1
[2026-09-09 20:26:46.862] [info] [GYROPLL] phase_zero cycle=108 sample=314.1 ms periods=1 filtered=319.8 ms residual=+8.0 ms correction=+1.2 ms locks=108 locked=1 reacquired=0 rejects=0 omega=4.912 ekf_omega=+5.056
[2026-09-09 20:26:46.865] [info] [SYNC][XUC] mode=1 yaw=-6.44 deg pitch=-0.74 deg feeder_rpm=1461.00 wheel0_rpm=6440 wheel1_rpm=6480 wheel_delta=-40 projectile_speed=19.36 gate=0xFF switch=1 rc=1 sticks=1 imu=1 serial=1 control=1 yaw_armed=1 pitch_active=1
[DEBUG] armors=1, targets=1
[2026-09-09 20:26:46.879] [info] [GYROSCHED] cycle=110 due_in=+274.7 ms hit_in=569.2 ms period=319.8 ms window=11.04deg worst=8.04deg safe=true
[DEBUG] armors=1, targets=1
[DEBUG] armors=1, targets=1
[DEBUG] armors=2, targets=1
[DEBUG] armors=2, targets=1
[2026-09-09 20:26:46.945] [info] [SYNC][XUC] mode=1 yaw=-6.44 deg pitch=-0.74 deg feeder_rpm=2087.00 wheel0_rpm=6440 wheel1_rpm=6480 wheel_delta=-40 projectile_speed=19.36 gate=0xFF switch=1 rc=1 sticks=1 imu=1 serial=1 control=1 yaw_armed=1 pitch_active=1
[DEBUG] armors=3, targets=1
[DEBUG] armors=2, targets=1
[DEBUG] armors=2, targets=1
[DEBUG] armors=3, targets=1
[2026-09-09 20:26:47.016] [info] [SHOT] id=33 feeder_stop feeder_motion_ms=167.5
[2026-09-09 20:26:47.016] [info] [XUC][FIRE] feeder stopped; gyro recovery hold started for 600 ms
[DEBUG] armors=2, targets=1
[2026-09-09 20:26:47.033] [info] [SYNC][XUC] mode=1 yaw=-6.43 deg pitch=-0.83 deg feeder_rpm=0.00 wheel0_rpm=6280 wheel1_rpm=6360 wheel_delta=-80 projectile_speed=19.36 gate=0xFF switch=1 rc=1 sticks=1 imu=1 serial=1 control=1 yaw_armed=1 pitch_active=1
[DEBUG] armors=2, targets=1
[2026-09-09 20:26:47.048] [info] [GYROSCHED] cycle=110 due_in=+93.6 ms hit_in=400.0 ms period=319.8 ms window=11.04deg worst=8.04deg safe=true
[2026-09-09 20:26:47.048] [info] [DRYRUN] measured_gimbal=(2.940,0.234,-0.044) measured_world=(2.895,0.562,-0.001) tracked_world=(3.351,0.266,-0.001) target_gimbal_deg=(4.55,-0.86) target_world_deg=(10.99,-0.03) gimbal_deg=(6.43,-0.83) armor_y_px=618.9 pixel_error_deg=(-3.33,1.93) ballistic=(range=2.949m holdover=0.109m comp=2.08deg residual=-0.15deg) q_wxyz=(0.998399,-0.000407,-0.007247,-0.056104) cmd_deg=(5.72,-0.89) packed_pitch_deg=-0.89 control=true shoot=false
[DEBUG] armors=2, targets=1
[DEBUG] armors=2, targets=1
[DEBUG] armors=1, targets=1
[DEBUG] armors=1, targets=1
[2026-09-09 20:26:47.119] [info] [SYNC][XUC] mode=1 yaw=-6.39 deg pitch=-0.73 deg feeder_rpm=0.00 wheel0_rpm=6360 wheel1_rpm=6440 wheel_delta=-80 projectile_speed=19.36 gate=0xFF switch=1 rc=1 sticks=1 imu=1 serial=1 control=1 yaw_armed=1 pitch_active=1
[DEBUG] armors=1, targets=1
[DEBUG] armors=0, targets=1
[DEBUG] armors=0, targets=1
[DEBUG] armors=0, targets=1
[DEBUG] armors=1, targets=1
[2026-09-09 20:26:47.200] [info] [GYROPLL] phase_zero cycle=109 sample=309.2 ms periods=1 filtered=319.5 ms residual=-3.7 ms correction=-0.6 ms locks=109 locked=1 reacquired=0 rejects=0 omega=4.916 ekf_omega=+5.126
[2026-09-09 20:26:47.203] [info] [SYNC][XUC] mode=1 yaw=-7.05 deg pitch=-0.78 deg feeder_rpm=0.00 wheel0_rpm=6400 wheel1_rpm=6480 wheel_delta=-80 projectile_speed=19.36 gate=0xFF switch=1 rc=1 sticks=1 imu=1 serial=1 control=1 yaw_armed=1 pitch_active=1
[DEBUG] armors=1, targets=1
[2026-09-09 20:26:47.221] [info] [PERF] 总耗时=17.6ms (检测=14.2ms, 跟踪=0.8ms), FPS=56.7
[2026-09-09 20:26:47.221] [info] 📊 [CAMERA FPS] 瞬时帧率=56.5fps, 平均帧率=57.9fps, 总帧数=2050, 运行时间=35.4s
[DEBUG] armors=1, targets=1
[DEBUG] armors=0, targets=1
[DEBUG] armors=1, targets=1
[DEBUG] armors=1, targets=1
[2026-09-09 20:26:47.286] [info] [GYROSCHED] cycle=111 due_in=+177.4 ms hit_in=481.1 ms period=319.5 ms window=11.04deg worst=8.04deg safe=true
[2026-09-09 20:26:47.288] [info] [SYNC][XUC] mode=1 yaw=-8.60 deg pitch=-0.74 deg feeder_rpm=0.00 wheel0_rpm=6440 wheel1_rpm=6480 wheel_delta=-40 projectile_speed=19.36 gate=0xFF switch=1 rc=1 sticks=1 imu=1 serial=1 control=1 yaw_armed=1 pitch_active=1
[DEBUG] armors=2, targets=1
[2026-09-09 20:26:47.320] [info] [ASSOC] selected_face=2 cost=-0.007 detections=2 confidence=0.47
[DEBUG] armors=2, targets=1
[2026-09-09 20:26:47.320] [info] [B2DIAG] auto=1 control=1 conv=1 oneface_gate=1 armed=1 motion=1 cadence=0 dyaw_fresh=1 dpitch_fresh=1 yawgate=0 event=1 safe=1 due_ms=+127.6 window_deg=11.04 worst_deg=8.04 yawerr_deg=-2.58 pitcherr_deg=-0.40
[DEBUG] armors=2, targets=1
[DEBUG] armors=3, targets=1
[DEBUG] armors=3, targets=1
[2026-09-09 20:26:47.376] [info] [SYNC][XUC] mode=1 yaw=-7.02 deg pitch=-0.73 deg feeder_rpm=0.00 wheel0_rpm=6440 wheel1_rpm=6520 wheel_delta=-80 projectile_speed=19.36 gate=0xFF switch=1 rc=1 sticks=1 imu=1 serial=1 control=1 yaw_armed=1 pitch_active=1
[DEBUG] armors=2, targets=1
[2026-09-09 20:26:47.391] [info] [DRYRUN] measured_gimbal=(2.600,0.169,-0.029) measured_world=(2.560,0.486,0.004) tracked_world=(3.141,0.752,-0.001) target_gimbal_deg=(3.72,-0.63) target_world_deg=(10.74,0.10) gimbal_deg=(7.02,-0.73) armor_y_px=616.2 pixel_error_deg=(-2.60,1.87) ballistic=(range=2.605m holdover=0.089m comp=1.92deg residual=-0.05deg) q_wxyz=(0.998104,-0.000391,-0.006383,-0.061214) cmd_deg=(6.33,-0.88) packed_pitch_deg=-0.88 control=true shoot=false
[DEBUG] armors=1, targets=1
[DEBUG] armors=1, targets=1
[DEBUG] armors=1, targets=1
[DEBUG] armors=1, targets=1
[2026-09-09 20:26:47.458] [info] [GYROSCHED] cycle=111 due_in=+13.4 ms hit_in=309.0 ms period=319.5 ms window=11.04deg worst=8.04deg safe=true
[2026-09-09 20:26:47.460] [info] [SYNC][XUC] mode=1 yaw=-6.31 deg pitch=-0.76 deg feeder_rpm=0.00 wheel0_rpm=6440 wheel1_rpm=6480 wheel_delta=-40 projectile_speed=19.36 gate=0xFF switch=1 rc=1 sticks=1 imu=1 serial=1 control=1 yaw_armed=1 pitch_active=1
[DEBUG] armors=1, targets=1
[2026-09-09 20:26:47.475] [info] [GYROPLL] phase_zero cycle=110 sample=309.0 ms periods=1 filtered=318.6 ms residual=-13.7 ms correction=-2.1 ms locks=110 locked=1 reacquired=0 rejects=0 omega=4.931 ekf_omega=+5.142
[DEBUG] armors=1, targets=1
[DEBUG] armors=1, targets=1
[DEBUG] armors=1, targets=1
[DEBUG] armors=1, targets=1
[2026-09-09 20:26:47.547] [info] [SYNC][XUC] mode=1 yaw=-6.30 deg pitch=-0.75 deg feeder_rpm=0.00 wheel0_rpm=6440 wheel1_rpm=6480 wheel_delta=-40 projectile_speed=19.36 gate=0xFF switch=1 rc=1 sticks=1 imu=1 serial=1 control=1 yaw_armed=1 pitch_active=1
[DEBUG] armors=1, targets=1
[DEBUG] armors=1, targets=1
[DEBUG] armors=2, targets=1
[DEBUG] armors=2, targets=1
[DEBUG] armors=2, targets=1
[2026-09-09 20:26:47.626] [info] [GYROSCHED] cycle=112 due_in=+151.4 ms hit_in=455.9 ms period=318.6 ms window=11.04deg worst=8.06deg safe=true
[2026-09-09 20:26:47.629] [info] [SYNC][XUC] mode=1 yaw=-6.32 deg pitch=-0.74 deg feeder_rpm=0.00 wheel0_rpm=6440 wheel1_rpm=6480 wheel_delta=-40 projectile_speed=19.36 gate=0xFF switch=1 rc=1 sticks=1 imu=1 serial=1 control=1 yaw_armed=1 pitch_active=1
[DEBUG] armors=2, targets=1
[DEBUG] armors=2, targets=1
[2026-09-09 20:26:47.660] [info] [XUC][FIRE] feeder recovery complete; fresh gyro qualification required
[DEBUG] armors=2, targets=1
[DEBUG] armors=2, targets=1
[DEBUG] armors=2, targets=1
[2026-09-09 20:26:47.713] [info] [SYNC][XUC] mode=1 yaw=-6.29 deg pitch=-0.74 deg feeder_rpm=3.00 wheel0_rpm=6440 wheel1_rpm=6520 wheel_delta=-80 projectile_speed=19.36 gate=0xFF switch=1 rc=1 sticks=1 imu=1 serial=1 control=1 yaw_armed=1 pitch_active=1
[DEBUG] armors=1, targets=1
[2026-09-09 20:26:47.726] [info] [DRYRUN] measured_gimbal=(2.691,0.175,-0.028) measured_world=(2.655,0.469,0.006) tracked_world=(2.733,0.481,-0.003) target_gimbal_deg=(3.72,-0.60) target_world_deg=(10.01,0.13) gimbal_deg=(6.29,-0.74) armor_y_px=613.0 pixel_error_deg=(-2.58,1.79) ballistic=(range=2.696m holdover=0.094m comp=1.96deg residual=-0.17deg) q_wxyz=(0.998474,-0.000353,-0.006425,-0.054843) cmd_deg=(5.75,-0.89) packed_pitch_deg=-0.89 control=true shoot=false
[DEBUG] armors=1, targets=1
[DEBUG] armors=1, targets=1
[2026-09-09 20:26:47.760] [info] [XUC][FIRE] stable-window candidate started
[2026-09-09 20:26:47.760] [info] [XUC][FIRE] qualified after 0 ms/1 frames, current_pixel_error_deg=(-1.45,-0.22) predicted_impact_yaw_error_deg=-0.87 gyro_predict=true face_error=15.33deg omega=+4.848rad_s armed=true
[2026-09-09 20:26:47.782] [info] [SHOT] id=34 issue mode=1 gyro=1 event=1 cycle=112 processing_age_ms=49.5 due_error_ms=+0.05 period_ms=318.6 window_deg=11.04 worst_deg=8.06
[DEBUG] armors=1, targets=1
[2026-09-09 20:26:47.796] [info] [XUC][FIRE] gyro request inhibited during feeder recovery
[2026-09-09 20:26:47.796] [info] [XUC][FIRE] stable window reset
[DEBUG] armors=1, targets=1
[2026-09-09 20:26:47.811] [info] [GYROPLL] phase_zero cycle=111 sample=340.4 ms periods=1 filtered=318.4 ms residual=+10.2 ms correction=+1.5 ms locks=111 locked=1 reacquired=0 rejects=0 omega=4.934 ekf_omega=+4.823
[2026-09-09 20:26:47.811] [info] [GYROSCHED] cycle=113 due_in=+296.4 ms hit_in=591.0 ms period=318.4 ms window=11.04deg worst=8.07deg safe=true
[2026-09-09 20:26:47.813] [info] [SHOT] id=34 feeder_start command_to_feeder_ms=31.5 rpm=1442
[2026-09-09 20:26:47.813] [info] [SYNC][XUC] mode=1 yaw=-6.28 deg pitch=-0.74 deg feeder_rpm=1442.00 wheel0_rpm=6440 wheel1_rpm=6480 wheel_delta=-40 projectile_speed=19.36 gate=0xFF switch=1 rc=1 sticks=1 imu=1 serial=1 control=1 yaw_armed=1 pitch_active=1
[DEBUG] armors=1, targets=1
[DEBUG] armors=1, targets=1
[DEBUG] armors=1, targets=1
[DEBUG] armors=1, targets=1
[DEBUG] armors=1, targets=1
[2026-09-09 20:26:47.896] [info] [SYNC][XUC] mode=1 yaw=-6.29 deg pitch=-0.77 deg feeder_rpm=1831.00 wheel0_rpm=6440 wheel1_rpm=6480 wheel_delta=-40 projectile_speed=19.36 gate=0xFF switch=1 rc=1 sticks=1 imu=1 serial=1 control=1 yaw_armed=1 pitch_active=1
[DEBUG] armors=2, targets=1
[DEBUG] armors=2, targets=1
[DEBUG] armors=2, targets=1
[DEBUG] armors=4, targets=1
[2026-09-09 20:26:47.963] [info] [SHOT] id=34 feeder_stop feeder_motion_ms=149.7
[2026-09-09 20:26:47.963] [info] [XUC][FIRE] feeder stopped; gyro recovery hold started for 600 ms
[DEBUG] armors=2, targets=1
[2026-09-09 20:26:47.977] [info] [GYROSCHED] cycle=113 due_in=+115.2 ms hit_in=424.9 ms period=318.4 ms window=11.04deg worst=8.07deg safe=true
[2026-09-09 20:26:47.979] [info] [SYNC][XUC] mode=1 yaw=-6.27 deg pitch=-0.84 deg feeder_rpm=54.00 wheel0_rpm=6280 wheel1_rpm=6320 wheel_delta=-40 projectile_speed=19.36 gate=0xFF switch=1 rc=1 sticks=1 imu=1 serial=1 control=1 yaw_armed=1 pitch_active=1
[DEBUG] armors=3, targets=1
[DEBUG] armors=2, targets=1
[DEBUG] armors=2, targets=1
[DEBUG] armors=1, targets=1
[DEBUG] armors=1, targets=1
[2026-09-09 20:26:48.062] [info] [SYNC][XUC] mode=1 yaw=-6.22 deg pitch=-0.76 deg feeder_rpm=3.00 wheel0_rpm=6400 wheel1_rpm=6480 wheel_delta=-80 projectile_speed=19.36 gate=0xFF switch=1 rc=1 sticks=1 imu=1 serial=1 control=1 yaw_armed=1 pitch_active=1
[DEBUG] armors=1, targets=1
[2026-09-09 20:26:48.077] [info] [DRYRUN] measured_gimbal=(2.939,0.141,-0.039) measured_world=(2.906,0.459,-0.000) tracked_world=(3.042,0.083,-0.001) target_gimbal_deg=(2.75,-0.77) target_world_deg=(8.97,-0.00) gimbal_deg=(6.22,-0.76) armor_y_px=615.1 pixel_error_deg=(-1.52,1.84) ballistic=(range=2.942m holdover=0.109m comp=2.08deg residual=-0.24deg) q_wxyz=(0.998505,-0.000361,-0.006647,-0.054253) cmd_deg=(5.57,-0.89) packed_pitch_deg=-0.89 control=true shoot=false
[2026-09-09 20:26:48.080] [info] [PERF] 总耗时=17.5ms (检测=14.4ms, 跟踪=0.5ms), FPS=57.0
[2026-09-09 20:26:48.080] [info] 📊 [CAMERA FPS] 瞬时帧率=56.9fps, 平均帧率=57.9fps, 总帧数=2100, 运行时间=36.2s
[DEBUG] armors=0, targets=1
[DEBUG] armors=0, targets=1
[DEBUG] armors=0, targets=1
[DEBUG] armors=1, targets=1
[2026-09-09 20:26:48.142] [info] [GYROPLL] phase_zero cycle=112 sample=320.4 ms periods=1 filtered=318.0 ms residual=+10.8 ms correction=+1.6 ms locks=112 locked=1 reacquired=0 rejects=0 omega=4.940 ekf_omega=+4.977
[2026-09-09 20:26:48.144] [info] [SYNC][XUC] mode=1 yaw=-6.23 deg pitch=-0.81 deg feeder_rpm=0.00 wheel0_rpm=6400 wheel1_rpm=6440 wheel_delta=-40 projectile_speed=19.36 gate=0xFF switch=1 rc=1 sticks=1 imu=1 serial=1 control=1 yaw_armed=1 pitch_active=1
[DEBUG] armors=1, targets=1
[DEBUG] armors=1, targets=1
[2026-09-09 20:26:48.176] [info] [B2DIAG] auto=1 control=1 conv=1 oneface_gate=1 armed=1 motion=1 cadence=0 dyaw_fresh=1 dpitch_fresh=1 yawgate=0 event=1 safe=1 due_ms=+245.5 window_deg=11.04 worst_deg=8.08 yawerr_deg=1.32 pitcherr_deg=-0.10
[DEBUG] armors=0, targets=1
[DEBUG] armors=1, targets=1
[2026-09-09 20:26:48.209] [info] [GYROSCHED] cycle=114 due_in=+185.1 ms hit_in=511.8 ms period=318.0 ms window=11.04deg worst=8.08deg safe=true
[DEBUG] armors=2, targets=1
[2026-09-09 20:26:48.229] [info] [SYNC][XUC] mode=1 yaw=-6.22 deg pitch=-0.75 deg feeder_rpm=0.00 wheel0_rpm=6440 wheel1_rpm=6480 wheel_delta=-40 projectile_speed=19.36 gate=0xFF switch=1 rc=1 sticks=1 imu=1 serial=1 control=1 yaw_armed=1 pitch_active=1
[2026-09-09 20:26:48.244] [info] [ASSOC] selected_face=3 cost=-0.072 detections=2 confidence=0.89
[DEBUG] armors=2, targets=1
[DEBUG] armors=2, targets=1
[DEBUG] armors=2, targets=1
[DEBUG] armors=2, targets=1
[DEBUG] armors=2, targets=1
[2026-09-09 20:26:48.313] [info] [SYNC][XUC] mode=1 yaw=-6.22 deg pitch=-0.77 deg feeder_rpm=0.00 wheel0_rpm=6440 wheel1_rpm=6520 wheel_delta=-80 projectile_speed=19.36 gate=0xFF switch=1 rc=1 sticks=1 imu=1 serial=1 control=1 yaw_armed=1 pitch_active=1
[DEBUG] armors=2, targets=1
[DEBUG] armors=3, targets=1
[DEBUG] armors=4, targets=1
[DEBUG] armors=1, targets=1
[2026-09-09 20:26:48.380] [info] [GYROSCHED] cycle=114 due_in=+49.2 ms hit_in=340.8 ms period=318.0 ms window=11.04deg worst=8.08deg safe=true
[DEBUG] armors=1, targets=1
[2026-09-09 20:26:48.399] [info] [SYNC][XUC] mode=1 yaw=-6.21 deg pitch=-0.77 deg feeder_rpm=0.00 wheel0_rpm=6440 wheel1_rpm=6520 wheel_delta=-80 projectile_speed=19.36 gate=0xFF switch=1 rc=1 sticks=1 imu=1 serial=1 control=1 yaw_armed=1 pitch_active=1
[DEBUG] armors=1, targets=1
[2026-09-09 20:26:48.414] [info] [DRYRUN] measured_gimbal=(2.807,0.112,-0.037) measured_world=(2.779,0.415,0.001) tracked_world=(3.456,0.402,-0.003) target_gimbal_deg=(2.28,-0.75) target_world_deg=(8.49,0.01) gimbal_deg=(6.21,-0.77) armor_y_px=616.9 pixel_error_deg=(-1.09,1.89) ballistic=(range=2.809m holdover=0.101m comp=2.01deg residual=-0.13deg) q_wxyz=(0.998508,-0.000363,-0.006690,-0.054189) cmd_deg=(5.72,-0.87) packed_pitch_deg=-0.87 control=true shoot=false
[DEBUG] armors=1, targets=1
[DEBUG] armors=1, targets=1
[DEBUG] armors=1, targets=1
[2026-09-09 20:26:48.465] [info] [GYROPLL] phase_zero cycle=113 sample=324.9 ms periods=1 filtered=318.3 ms residual=+16.0 ms correction=+2.4 ms locks=113 locked=1 reacquired=0 rejects=0 omega=4.934 ekf_omega=+4.964
[DEBUG] armors=1, targets=1
[2026-09-09 20:26:48.484] [info] [SYNC][XUC] mode=1 yaw=-6.20 deg pitch=-0.77 deg feeder_rpm=0.00 wheel0_rpm=6440 wheel1_rpm=6480 wheel_delta=-40 projectile_speed=19.36 gate=0xFF switch=1 rc=1 sticks=1 imu=1 serial=1 control=1 yaw_armed=1 pitch_active=1
[DEBUG] armors=1, targets=1
[DEBUG] armors=1, targets=1
[DEBUG] armors=2, targets=1
[DEBUG] armors=2, targets=1
[2026-09-09 20:26:48.549] [info] [GYROSCHED] cycle=115 due_in=+186.9 ms hit_in=492.7 ms period=318.3 ms window=11.04deg worst=8.07deg safe=true
[DEBUG] armors=3, targets=1
[2026-09-09 20:26:48.569] [info] [SYNC][XUC] mode=1 yaw=-6.21 deg pitch=-0.77 deg feeder_rpm=0.00 wheel0_rpm=6440 wheel1_rpm=6440 wheel_delta=0 projectile_speed=19.36 gate=0xFF switch=1 rc=1 sticks=1 imu=1 serial=1 control=1 yaw_armed=1 pitch_active=1
[DEBUG] armors=3, targets=1
[DEBUG] armors=2, targets=1
[2026-09-09 20:26:48.603] [info] [XUC][FIRE] feeder recovery complete; fresh gyro qualification required
[DEBUG] armors=2, targets=1
[DEBUG] armors=2, targets=1
[DEBUG] armors=2, targets=1
[2026-09-09 20:26:48.657] [info] [SYNC][XUC] mode=1 yaw=-6.20 deg pitch=-0.75 deg feeder_rpm=0.00 wheel0_rpm=6440 wheel1_rpm=6480 wheel_delta=-40 projectile_speed=19.36 gate=0xFF switch=1 rc=1 sticks=1 imu=1 serial=1 control=1 yaw_armed=1 pitch_active=1
[DEBUG] armors=3, targets=1
[DEBUG] armors=1, targets=1
[DEBUG] armors=1, targets=1
[DEBUG] armors=1, targets=1
[2026-09-09 20:26:48.724] [info] [GYROSCHED] cycle=115 due_in=+21.9 ms hit_in=317.9 ms period=318.3 ms window=11.03deg worst=8.07deg safe=true
[2026-09-09 20:26:48.724] [info] [XUC][FIRE] stable-window candidate started
[2026-09-09 20:26:48.724] [info] [XUC][FIRE] qualified after 0 ms/1 frames, current_pixel_error_deg=(-1.92,-0.09) predicted_impact_yaw_error_deg=inf gyro_predict=true face_error=infdeg omega=+4.979rad_s armed=true
[2026-09-09 20:26:48.746] [info] [SHOT] id=35 issue mode=1 gyro=1 event=1 cycle=115 processing_age_ms=53.8 due_error_ms=+0.06 period_ms=318.3 window_deg=11.03 worst_deg=8.07
[DEBUG] armors=1, targets=1
[2026-09-09 20:26:48.762] [info] [XUC][FIRE] gyro request inhibited during feeder recovery
[2026-09-09 20:26:48.762] [info] [XUC][FIRE] stable window reset
[2026-09-09 20:26:48.764] [info] [SYNC][XUC] mode=1 yaw=-6.20 deg pitch=-0.76 deg feeder_rpm=-4.00 wheel0_rpm=6440 wheel1_rpm=6480 wheel_delta=-40 projectile_speed=19.36 gate=0xFF switch=1 rc=1 sticks=1 imu=1 serial=1 control=1 yaw_armed=1 pitch_active=1
[DEBUG] armors=1, targets=1
[2026-09-09 20:26:48.777] [info] [GYROPLL] phase_zero cycle=114 sample=318.5 ms periods=1 filtered=318.3 ms residual=+13.8 ms correction=+2.1 ms locks=114 locked=1 reacquired=0 rejects=0 omega=4.935 ekf_omega=+4.958
[2026-09-09 20:26:48.777] [info] [DRYRUN] measured_gimbal=(2.686,0.055,-0.034) measured_world=(2.665,0.345,0.001) tracked_world=(3.069,0.746,-0.002) target_gimbal_deg=(1.17,-0.73) target_world_deg=(7.37,0.03) gimbal_deg=(6.20,-0.76) armor_y_px=618.1 pixel_error_deg=(-0.02,1.92) ballistic=(range=2.687m holdover=0.094m comp=1.96deg residual=-0.04deg) q_wxyz=(0.998516,-0.000356,-0.006579,-0.054055) cmd_deg=(6.04,-0.84) packed_pitch_deg=-0.84 control=true shoot=false
[2026-09-09 20:26:48.780] [info] [SHOT] id=35 feeder_start command_to_feeder_ms=33.5 rpm=1245
[DEBUG] armors=1, targets=1
[DEBUG] armors=1, targets=1
[DEBUG] armors=1, targets=1
[DEBUG] armors=1, targets=1
[2026-09-09 20:26:48.844] [info] [SYNC][XUC] mode=1 yaw=-6.22 deg pitch=-0.74 deg feeder_rpm=2087.00 wheel0_rpm=6440 wheel1_rpm=6520 wheel_delta=-80 projectile_speed=19.36 gate=0xFF switch=1 rc=1 sticks=1 imu=1 serial=1 control=1 yaw_armed=1 pitch_active=1
[DEBUG] armors=1, targets=1
[DEBUG] armors=2, targets=1
[DEBUG] armors=3, targets=1
[DEBUG] armors=3, targets=1
[2026-09-09 20:26:48.911] [info] [GYROSCHED] cycle=116 due_in=+143.3 ms hit_in=451.9 ms period=318.3 ms window=11.04deg worst=8.07deg safe=true
[DEBUG] armors=3, targets=1
[2026-09-09 20:26:48.930] [info] [SHOT] id=35 feeder_stop feeder_motion_ms=150.2
[2026-09-09 20:26:48.930] [info] [XUC][FIRE] feeder stopped; gyro recovery hold started for 600 ms
[2026-09-09 20:26:48.930] [info] [SYNC][XUC] mode=1 yaw=-6.20 deg pitch=-0.72 deg feeder_rpm=227.00 wheel0_rpm=6440 wheel1_rpm=6520 wheel_delta=-80 projectile_speed=19.36 gate=0xFF switch=1 rc=1 sticks=1 imu=1 serial=1 control=1 yaw_armed=1 pitch_active=1
[DEBUG] armors=3, targets=1
[2026-09-09 20:26:48.947] [info] [PERF] 总耗时=16.6ms (检测=13.0ms, 跟踪=1.2ms), FPS=60.2
[2026-09-09 20:26:48.947] [info] 📊 [CAMERA FPS] 瞬时帧率=60.1fps, 平均帧率=57.9fps, 总帧数=2150, 运行时间=37.1s
[DEBUG] armors=3, targets=1
[DEBUG] armors=2, targets=1
[DEBUG] armors=3, targets=1
[DEBUG] armors=1, targets=1
[2026-09-09 20:26:49.015] [info] [SYNC][XUC] mode=1 yaw=-6.19 deg pitch=-0.71 deg feeder_rpm=0.00 wheel0_rpm=6440 wheel1_rpm=6440 wheel_delta=0 projectile_speed=19.36 gate=0xFF switch=1 rc=1 sticks=1 imu=1 serial=1 control=1 yaw_armed=1 pitch_active=1
[DEBUG] armors=1, targets=1
[DEBUG] armors=1, targets=1
[2026-09-09 20:26:49.047] [info] [B2DIAG] auto=1 control=1 conv=1 oneface_gate=1 armed=1 motion=1 cadence=0 dyaw_fresh=1 dpitch_fresh=1 yawgate=1 event=1 safe=1 due_ms=+16.6 window_deg=11.04 worst_deg=8.07 yawerr_deg=-1.61 pitcherr_deg=-0.24
[DEBUG] armors=1, targets=1
[DEBUG] armors=1, targets=1
[2026-09-09 20:26:49.082] [info] [GYROSCHED] cycle=117 due_in=+304.8 ms hit_in=598.6 ms period=318.3 ms window=11.04deg worst=8.07deg safe=true
[DEBUG] armors=1, targets=1
[2026-09-09 20:26:49.099] [info] [GYROPLL] phase_zero cycle=115 sample=325.1 ms periods=1 filtered=318.7 ms residual=+18.4 ms correction=+2.8 ms locks=115 locked=1 reacquired=0 rejects=0 omega=4.930 ekf_omega=+4.945
[2026-09-09 20:26:49.102] [info] [SYNC][XUC] mode=1 yaw=-6.19 deg pitch=-0.72 deg feeder_rpm=0.00 wheel0_rpm=6440 wheel1_rpm=6480 wheel_delta=-40 projectile_speed=19.36 gate=0xFF switch=1 rc=1 sticks=1 imu=1 serial=1 control=1 yaw_armed=1 pitch_active=1
[2026-09-09 20:26:49.116] [info] [ASSOC] selected_face=0 cost=-0.087 detections=1 confidence=0.91
[DEBUG] armors=1, targets=1
[2026-09-09 20:26:49.116] [info] [DRYRUN] measured_gimbal=(2.735,0.030,-0.030) measured_world=(2.716,0.325,0.004) tracked_world=(2.741,0.325,0.003) target_gimbal_deg=(0.62,-0.63) target_world_deg=(6.82,0.09) gimbal_deg=(6.19,-0.72) armor_y_px=613.1 pixel_error_deg=(0.54,1.79) ballistic=(range=2.736m holdover=0.097m comp=1.98deg residual=-0.19deg) q_wxyz=(0.998520,-0.000339,-0.006257,-0.054023) cmd_deg=(5.70,-0.86) packed_pitch_deg=-0.86 control=true shoot=false
[DEBUG] armors=1, targets=1
[DEBUG] armors=1, targets=1
[DEBUG] armors=1, targets=1
[DEBUG] armors=1, targets=1
[2026-09-09 20:26:49.186] [info] [SYNC][XUC] mode=1 yaw=-6.19 deg pitch=-0.71 deg feeder_rpm=0.00 wheel0_rpm=6440 wheel1_rpm=6520 wheel_delta=-80 projectile_speed=19.36 gate=0xFF switch=1 rc=1 sticks=1 imu=1 serial=1 control=1 yaw_armed=1 pitch_active=1
[DEBUG] armors=3, targets=1
[DEBUG] armors=3, targets=1
[DEBUG] armors=2, targets=1
[DEBUG] armors=2, targets=1
[2026-09-09 20:26:49.253] [info] [GYROSCHED] cycle=117 due_in=+118.6 ms hit_in=431.3 ms period=318.7 ms window=11.04deg worst=8.06deg safe=true
[DEBUG] armors=3, targets=1
[2026-09-09 20:26:49.273] [info] [SYNC][XUC] mode=1 yaw=-6.18 deg pitch=-0.72 deg feeder_rpm=-4.00 wheel0_rpm=6440 wheel1_rpm=6480 wheel_delta=-40 projectile_speed=19.36 gate=0xFF switch=1 rc=1 sticks=1 imu=1 serial=1 control=1 yaw_armed=1 pitch_active=1
[DEBUG] armors=2, targets=1
[DEBUG] armors=2, targets=1
[DEBUG] armors=3, targets=1
[DEBUG] armors=1, targets=1
[DEBUG] armors=1, targets=1
[2026-09-09 20:26:49.359] [info] [SYNC][XUC] mode=1 yaw=-6.18 deg pitch=-0.74 deg feeder_rpm=-4.00 wheel0_rpm=6440 wheel1_rpm=6480 wheel_delta=-40 projectile_speed=19.36 gate=0xFF switch=1 rc=1 sticks=1 imu=1 serial=1 control=1 yaw_armed=1 pitch_active=1
[DEBUG] armors=1, targets=1
[DEBUG] armors=1, targets=1
[DEBUG] armors=1, targets=1
[DEBUG] armors=1, targets=1
[2026-09-09 20:26:49.425] [info] [GYROPLL] phase_zero cycle=116 sample=326.2 ms periods=1 filtered=319.7 ms residual=+23.2 ms correction=+3.0 ms locks=116 locked=1 reacquired=0 rejects=0 omega=4.913 ekf_omega=+4.937
[2026-09-09 20:26:49.425] [info] [GYROSCHED] cycle=118 due_in=+289.9 ms hit_in=582.6 ms period=319.7 ms window=11.04deg worst=8.04deg safe=true
[DEBUG] armors=1, targets=1
[2026-09-09 20:26:49.445] [info] [SYNC][XUC] mode=1 yaw=-6.17 deg pitch=-0.74 deg feeder_rpm=0.00 wheel0_rpm=6440 wheel1_rpm=6480 wheel_delta=-40 projectile_speed=19.36 gate=0xFF switch=1 rc=1 sticks=1 imu=1 serial=1 control=1 yaw_armed=1 pitch_active=1
[DEBUG] armors=1, targets=1
[2026-09-09 20:26:49.461] [info] [DRYRUN] measured_gimbal=(2.852,-0.001,-0.040) measured_world=(2.835,0.306,-0.003) tracked_world=(3.192,0.100,0.002) target_gimbal_deg=(-0.02,-0.80) target_world_deg=(6.15,-0.06) gimbal_deg=(6.17,-0.74) armor_y_px=617.9 pixel_error_deg=(1.21,1.91) ballistic=(range=2.852m holdover=0.103m comp=2.03deg residual=-0.12deg) q_wxyz=(0.998530,-0.000349,-0.006471,-0.053808) cmd_deg=(5.60,-0.86) packed_pitch_deg=-0.86 control=true shoot=false
[DEBUG] armors=1, targets=1
[DEBUG] armors=2, targets=1
[DEBUG] armors=2, targets=1
[DEBUG] armors=2, targets=1
[2026-09-09 20:26:49.531] [info] [SYNC][XUC] mode=1 yaw=-6.17 deg pitch=-0.74 deg feeder_rpm=0.00 wheel0_rpm=6440 wheel1_rpm=6480 wheel_delta=-40 projectile_speed=19.36 gate=0xFF switch=1 rc=1 sticks=1 imu=1 serial=1 control=1 yaw_armed=1 pitch_active=1
[DEBUG] armors=3, targets=1
[DEBUG] armors=3, targets=1
[2026-09-09 20:26:49.563] [info] [XUC][FIRE] feeder recovery complete; fresh gyro qualification required
[DEBUG] armors=2, targets=1
[DEBUG] armors=3, targets=1
[2026-09-09 20:26:49.596] [info] [GYROSCHED] cycle=118 due_in=+102.3 ms hit_in=411.7 ms period=319.7 ms window=11.04deg worst=8.04deg safe=true
[DEBUG] armors=3, targets=1
[2026-09-09 20:26:49.617] [info] [SYNC][XUC] mode=1 yaw=-6.17 deg pitch=-0.74 deg feeder_rpm=-4.00 wheel0_rpm=6440 wheel1_rpm=6480 wheel_delta=-40 projectile_speed=19.36 gate=0xFF switch=1 rc=1 sticks=1 imu=1 serial=1 control=1 yaw_armed=1 pitch_active=1
[DEBUG] armors=2, targets=1
[DEBUG] armors=3, targets=1
[DEBUG] armors=1, targets=1
[DEBUG] armors=1, targets=1
[DEBUG] armors=1, targets=1
[2026-09-09 20:26:49.702] [info] [XUC][FIRE] stable-window candidate started
[2026-09-09 20:26:49.702] [info] [XUC][FIRE] qualified after 0 ms/1 frames, current_pixel_error_deg=(-1.20,-0.16) predicted_impact_yaw_error_deg=inf gyro_predict=true face_error=infdeg omega=+5.035rad_s armed=true
[2026-09-09 20:26:49.709] [info] [SHOT] id=36 issue mode=1 gyro=1 event=1 cycle=118 processing_age_ms=36.2 due_error_ms=+0.08 period_ms=319.7 window_deg=11.04 worst_deg=8.04
[2026-09-09 20:26:49.711] [info] [SYNC][XUC] mode=1 yaw=-6.17 deg pitch=-0.74 deg feeder_rpm=0.00 wheel0_rpm=6440 wheel1_rpm=6520 wheel_delta=-80 projectile_speed=19.36 gate=0xFF switch=1 rc=1 sticks=1 imu=1 serial=1 control=1 yaw_armed=1 pitch_active=1
[DEBUG] armors=1, targets=1
[2026-09-09 20:26:49.725] [info] [XUC][FIRE] gyro request inhibited during feeder recovery
[2026-09-09 20:26:49.725] [info] [XUC][FIRE] stable window reset
[DEBUG] armors=1, targets=1
[2026-09-09 20:26:49.743] [info] [GYROPLL] phase_zero cycle=117 sample=314.5 ms periods=1 filtered=320.3 ms residual=+15.0 ms correction=+2.2 ms locks=117 locked=1 reacquired=0 rejects=0 omega=4.904 ekf_omega=+5.064
[2026-09-09 20:26:49.745] [info] [SHOT] id=36 feeder_start command_to_feeder_ms=36.2 rpm=1713
[DEBUG] armors=1, targets=1
[DEBUG] armors=1, targets=1
[2026-09-09 20:26:49.776] [info] [GYROSCHED] cycle=119 due_in=+257.1 ms hit_in=555.0 ms period=320.3 ms window=11.04deg worst=8.03deg safe=true
[DEBUG] armors=1, targets=1
[2026-09-09 20:26:49.796] [info] [SYNC][XUC] mode=1 yaw=-6.17 deg pitch=-0.75 deg feeder_rpm=2039.00 wheel0_rpm=6440 wheel1_rpm=6480 wheel_delta=-40 projectile_speed=19.36 gate=0xFF switch=1 rc=1 sticks=1 imu=1 serial=1 control=1 yaw_armed=1 pitch_active=1
[DEBUG] armors=1, targets=1
[2026-09-09 20:26:49.809] [info] [DRYRUN] measured_gimbal=(2.804,-0.045,-0.039) measured_world=(2.793,0.257,-0.002) tracked_world=(3.358,0.556,-0.000) target_gimbal_deg=(-0.92,-0.79) target_world_deg=(5.25,-0.04) gimbal_deg=(6.17,-0.75) armor_y_px=618.7 pixel_error_deg=(2.11,1.93) ballistic=(range=2.805m holdover=0.100m comp=2.01deg residual=-0.08deg) q_wxyz=(0.998527,-0.000353,-0.006554,-0.053854) cmd_deg=(5.80,-0.84) packed_pitch_deg=-0.84 control=true shoot=false
[2026-09-09 20:26:49.811] [info] [PERF] 总耗时=15.4ms (检测=12.7ms, 跟踪=0.5ms), FPS=64.9
[2026-09-09 20:26:49.811] [info] 📊 [CAMERA FPS] 瞬时帧率=64.7fps, 平均帧率=57.9fps, 总帧数=2200, 运行时间=38.0s
[DEBUG] armors=2, targets=1
[DEBUG] armors=2, targets=1
[DEBUG] armors=2, targets=1
[DEBUG] armors=3, targets=1
[2026-09-09 20:26:49.881] [info] [SYNC][XUC] mode=1 yaw=-6.18 deg pitch=-0.74 deg feeder_rpm=2036.00 wheel0_rpm=6440 wheel1_rpm=6480 wheel_delta=-40 projectile_speed=19.36 gate=0xFF switch=1 rc=1 sticks=1 imu=1 serial=1 control=1 yaw_armed=1 pitch_active=1
[DEBUG] armors=3, targets=1
[2026-09-09 20:26:49.899] [info] [SHOT] id=36 feeder_stop feeder_motion_ms=153.7
[2026-09-09 20:26:49.899] [info] [XUC][FIRE] feeder stopped; gyro recovery hold started for 600 ms
[DEBUG] armors=3, targets=1
[2026-09-09 20:26:49.913] [info] [B2DIAG] auto=1 control=1 conv=1 oneface_gate=1 armed=1 motion=1 cadence=0 dyaw_fresh=1 dpitch_fresh=1 yawgate=0 event=1 safe=1 due_ms=+100.9 window_deg=11.04 worst_deg=8.03 yawerr_deg=4.53 pitcherr_deg=-0.27
[DEBUG] armors=2, targets=1
[DEBUG] armors=2, targets=1
[2026-09-09 20:26:49.947] [info] [GYROSCHED] cycle=119 due_in=+79.2 ms hit_in=383.8 ms period=320.3 ms window=11.04deg worst=8.03deg safe=true
[DEBUG] armors=3, targets=1
[2026-09-09 20:26:49.968] [info] [SYNC][XUC] mode=1 yaw=-6.17 deg pitch=-0.75 deg feeder_rpm=0.00 wheel0_rpm=6440 wheel1_rpm=6480 wheel_delta=-40 projectile_speed=19.36 gate=0xFF switch=1 rc=1 sticks=1 imu=1 serial=1 control=1 yaw_armed=1 pitch_active=1
[2026-09-09 20:26:49.983] [info] [ASSOC] selected_face=1 cost=-0.025 detections=1 confidence=0.93
[DEBUG] armors=1, targets=1
[DEBUG] armors=1, targets=1
[DEBUG] armors=1, targets=1
[DEBUG] armors=1, targets=1
[DEBUG] armors=1, targets=1
[2026-09-09 20:26:50.052] [info] [SYNC][XUC] mode=1 yaw=-6.18 deg pitch=-0.75 deg feeder_rpm=0.00 wheel0_rpm=6440 wheel1_rpm=6480 wheel_delta=-40 projectile_speed=19.36 gate=0xFF switch=1 rc=1 sticks=1 imu=1 serial=1 control=1 yaw_armed=1 pitch_active=1
[DEBUG] armors=1, targets=1
[2026-09-09 20:26:50.066] [info] [GYROPLL] phase_zero cycle=118 sample=322.9 ms periods=1 filtered=320.6 ms residual=+15.4 ms correction=+2.3 ms locks=118 locked=1 reacquired=0 rejects=0 omega=4.900 ekf_omega=+4.997
[DEBUG] armors=1, targets=1
[DEBUG] armors=1, targets=1
[DEBUG] armors=1, targets=1
[2026-09-09 20:26:50.117] [info] [GYROSCHED] cycle=120 due_in=+238.7 ms hit_in=537.7 ms period=320.6 ms window=11.04deg worst=8.02deg safe=true
[DEBUG] armors=1, targets=1
[2026-09-09 20:26:50.137] [info] [SYNC][XUC] mode=1 yaw=-6.20 deg pitch=-0.75 deg feeder_rpm=-4.00 wheel0_rpm=6440 wheel1_rpm=6480 wheel_delta=-40 projectile_speed=19.36 gate=0xFF switch=1 rc=1 sticks=1 imu=1 serial=1 control=1 yaw_armed=1 pitch_active=1
[DEBUG] armors=1, targets=1
[2026-09-09 20:26:50.151] [info] [DRYRUN] measured_gimbal=(2.852,-0.060,-0.042) measured_world=(2.842,0.249,-0.005) tracked_world=(2.899,0.688,0.000) target_gimbal_deg=(-1.20,-0.85) target_world_deg=(5.00,-0.10) gimbal_deg=(6.20,-0.75) armor_y_px=620.0 pixel_error_deg=(2.40,1.96) ballistic=(range=2.853m holdover=0.103m comp=2.03deg residual=-0.07deg) q_wxyz=(0.998515,-0.000355,-0.006560,-0.054079) cmd_deg=(6.05,-0.82) packed_pitch_deg=-0.82 control=true shoot=false
[DEBUG] armors=2, targets=1
[DEBUG] armors=3, targets=1
[DEBUG] armors=3, targets=1
[DEBUG] armors=2, targets=1
[2026-09-09 20:26:50.223] [info] [SYNC][XUC] mode=1 yaw=-6.20 deg pitch=-0.75 deg feeder_rpm=0.00 wheel0_rpm=6440 wheel1_rpm=6480 wheel_delta=-40 projectile_speed=19.36 gate=0xFF switch=1 rc=1 sticks=1 imu=1 serial=1 control=1 yaw_armed=1 pitch_active=1
[DEBUG] armors=3, targets=1
[DEBUG] armors=3, targets=1
[DEBUG] armors=2, targets=1
[DEBUG] armors=3, targets=1
[2026-09-09 20:26:50.291] [info] [GYROSCHED] cycle=120 due_in=+73.1 ms hit_in=363.5 ms period=320.6 ms window=11.04deg worst=8.02deg safe=true
[DEBUG] armors=1, targets=1
[2026-09-09 20:26:50.310] [info] [SYNC][XUC] mode=1 yaw=-6.17 deg pitch=-0.73 deg feeder_rpm=0.00 wheel0_rpm=6440 wheel1_rpm=6480 wheel_delta=-40 projectile_speed=19.36 gate=0xFF switch=1 rc=1 sticks=1 imu=1 serial=1 control=1 yaw_armed=1 pitch_active=1
[DEBUG] armors=1, targets=1
[DEBUG] armors=1, targets=1
[DEBUG] armors=1, targets=1
[DEBUG] armors=1, targets=1
[DEBUG] armors=1, targets=1
[2026-09-09 20:26:50.391] [info] [GYROPLL] phase_zero cycle=119 sample=327.5 ms periods=1 filtered=321.3 ms residual=+20.0 ms correction=+3.0 ms locks=119 locked=1 reacquired=0 rejects=0 omega=4.888 ekf_omega=+4.877
[2026-09-09 20:26:50.394] [info] [SYNC][XUC] mode=1 yaw=-6.17 deg pitch=-0.72 deg feeder_rpm=0.00 wheel0_rpm=6480 wheel1_rpm=6480 wheel_delta=0 projectile_speed=19.36 gate=0xFF switch=1 rc=1 sticks=1 imu=1 serial=1 control=1 yaw_armed=1 pitch_active=1
[DEBUG] armors=1, targets=1
[DEBUG] armors=1, targets=1
[DEBUG] armors=1, targets=1
[DEBUG] armors=2, targets=1
[2026-09-09 20:26:50.459] [info] [GYROSCHED] cycle=121 due_in=+221.4 ms hit_in=520.6 ms period=321.3 ms window=11.04deg worst=8.00deg safe=true
[DEBUG] armors=2, targets=1
[2026-09-09 20:26:50.479] [info] [SYNC][XUC] mode=1 yaw=-6.16 deg pitch=-0.72 deg feeder_rpm=0.00 wheel0_rpm=6440 wheel1_rpm=6480 wheel_delta=-40 projectile_speed=19.36 gate=0xFF switch=1 rc=1 sticks=1 imu=1 serial=1 control=1 yaw_armed=1 pitch_active=1
[DEBUG] armors=3, targets=1
[2026-09-09 20:26:50.494] [info] [DRYRUN] measured_gimbal=(2.863,-0.100,-0.039) measured_world=(2.858,0.208,-0.003) tracked_world=(2.788,0.201,0.002) target_gimbal_deg=(-2.01,-0.78) target_world_deg=(4.16,-0.05) gimbal_deg=(6.16,-0.72) armor_y_px=616.8 pixel_error_deg=(3.21,1.88) ballistic=(range=2.865m holdover=0.104m comp=2.04deg residual=-0.15deg) q_wxyz=(0.998533,-0.000339,-0.006293,-0.053770) cmd_deg=(5.60,-0.87) packed_pitch_deg=-0.87 control=true shoot=false
[DEBUG] armors=2, targets=1
[DEBUG] armors=3, targets=1
[2026-09-09 20:26:50.527] [info] [XUC][FIRE] feeder recovery complete; fresh gyro qualification required
[DEBUG] armors=2, targets=1
[DEBUG] armors=3, targets=1
[2026-09-09 20:26:50.563] [info] [SYNC][XUC] mode=1 yaw=-6.17 deg pitch=-0.74 deg feeder_rpm=0.00 wheel0_rpm=6440 wheel1_rpm=6480 wheel_delta=-40 projectile_speed=19.36 gate=0xFF switch=1 rc=1 sticks=1 imu=1 serial=1 control=1 yaw_armed=1 pitch_active=1
[DEBUG] armors=2, targets=1
[DEBUG] armors=2, targets=1
[DEBUG] armors=3, targets=1
[DEBUG] armors=1, targets=1
[2026-09-09 20:26:50.627] [info] [GYROSCHED] cycle=121 due_in=+55.3 ms hit_in=352.5 ms period=321.3 ms window=11.04deg worst=8.00deg safe=true
[DEBUG] armors=1, targets=1
[2026-09-09 20:26:50.645] [info] [SYNC][XUC] mode=1 yaw=-6.15 deg pitch=-0.73 deg feeder_rpm=0.00 wheel0_rpm=6440 wheel1_rpm=6480 wheel_delta=-40 projectile_speed=19.36 gate=0xFF switch=1 rc=1 sticks=1 imu=1 serial=1 control=1 yaw_armed=1 pitch_active=1
[DEBUG] armors=1, targets=1
[2026-09-09 20:26:50.659] [info] [XUC][FIRE] stable-window candidate started
[2026-09-09 20:26:50.659] [info] [XUC][FIRE] qualified after 0 ms/1 frames, current_pixel_error_deg=(-1.40,-0.21) predicted_impact_yaw_error_deg=-0.79 gyro_predict=true face_error=18.39deg omega=+4.980rad_s armed=true
[2026-09-09 20:26:50.679] [info] [SHOT] id=37 issue mode=1 gyro=1 event=1 cycle=121 processing_age_ms=46.7 due_error_ms=+0.07 period_ms=321.3 window_deg=11.04 worst_deg=8.00
[2026-09-09 20:26:50.682] [info] [PERF] 总耗时=37.6ms (检测=13.9ms, 跟踪=0.5ms), FPS=26.6
[2026-09-09 20:26:50.682] [info] 📊 [CAMERA FPS] 瞬时帧率=26.6fps, 平均帧率=57.9fps, 总帧数=2250, 运行时间=38.8s
[DEBUG] armors=1, targets=1
[2026-09-09 20:26:50.695] [info] [XUC][FIRE] gyro request inhibited during feeder recovery
[2026-09-09 20:26:50.695] [info] [XUC][FIRE] stable window reset
[DEBUG] armors=1, targets=1
[2026-09-09 20:26:50.709] [info] [GYROPLL] phase_zero cycle=120 sample=319.3 ms periods=1 filtered=321.4 ms residual=+15.0 ms correction=+2.3 ms locks=120 locked=1 reacquired=0 rejects=0 omega=4.887 ekf_omega=+4.987
[2026-09-09 20:26:50.711] [info] [SHOT] id=37 feeder_start command_to_feeder_ms=32.1 rpm=842
[DEBUG] armors=1, targets=1
[DEBUG] armors=1, targets=1
[2026-09-09 20:26:50.744] [info] [SYNC][XUC] mode=1 yaw=-6.14 deg pitch=-0.73 deg feeder_rpm=2080.00 wheel0_rpm=6440 wheel1_rpm=6480 wheel_delta=-40 projectile_speed=19.36 gate=0xFF switch=1 rc=1 sticks=1 imu=1 serial=1 control=1 yaw_armed=1 pitch_active=1
[DEBUG] armors=1, targets=1
[DEBUG] armors=1, targets=1
[2026-09-09 20:26:50.776] [info] [B2DIAG] auto=1 control=1 conv=1 oneface_gate=1 armed=1 motion=1 cadence=0 dyaw_fresh=1 dpitch_fresh=1 yawgate=0 event=1 safe=1 due_ms=+227.7 window_deg=11.04 worst_deg=8.00 yawerr_deg=1.81 pitcherr_deg=-0.12
[DEBUG] armors=2, targets=1
[DEBUG] armors=2, targets=1
[2026-09-09 20:26:50.810] [info] [GYROSCHED] cycle=122 due_in=+196.1 ms hit_in=493.6 ms period=321.4 ms window=11.04deg worst=8.00deg safe=true
[DEBUG] armors=3, targets=1
[2026-09-09 20:26:50.829] [info] [SYNC][XUC] mode=1 yaw=-6.14 deg pitch=-0.71 deg feeder_rpm=2145.00 wheel0_rpm=6440 wheel1_rpm=6480 wheel_delta=-40 projectile_speed=19.36 gate=0xFF switch=1 rc=1 sticks=1 imu=1 serial=1 control=1 yaw_armed=1 pitch_active=1
[2026-09-09 20:26:50.843] [info] [ASSOC] selected_face=3 cost=-0.029 detections=3 confidence=0.63
[DEBUG] armors=3, targets=1
[2026-09-09 20:26:50.844] [info] [DRYRUN] measured_gimbal=(3.006,-0.116,-0.046) measured_world=(3.002,0.206,-0.008) tracked_world=(3.302,0.167,-0.001) target_gimbal_deg=(-2.21,-0.87) target_world_deg=(3.93,-0.16) gimbal_deg=(6.14,-0.71) armor_y_px=618.3 pixel_error_deg=(3.45,1.92) ballistic=(range=3.009m holdover=0.113m comp=2.11deg residual=-0.19deg) q_wxyz=(0.998545,-0.000334,-0.006223,-0.053559) cmd_deg=(5.65,-0.84) packed_pitch_deg=-0.84 control=true shoot=false
[DEBUG] armors=3, targets=1
[2026-09-09 20:26:50.863] [info] [SHOT] id=37 feeder_stop feeder_motion_ms=151.4
[2026-09-09 20:26:50.863] [info] [XUC][FIRE] feeder stopped; gyro recovery hold started for 600 ms
[DEBUG] armors=3, targets=1
[DEBUG] armors=3, targets=1
[DEBUG] armors=2, targets=1
[2026-09-09 20:26:50.913] [info] [SYNC][XUC] mode=1 yaw=-6.15 deg pitch=-0.72 deg feeder_rpm=-4.00 wheel0_rpm=6440 wheel1_rpm=6480 wheel_delta=-40 projectile_speed=19.36 gate=0xFF switch=1 rc=1 sticks=1 imu=1 serial=1 control=1 yaw_armed=1 pitch_active=1
[DEBUG] armors=2, targets=1
[DEBUG] armors=4, targets=1
[DEBUG] armors=1, targets=1
[DEBUG] armors=1, targets=1
[2026-09-09 20:26:50.978] [info] [GYROSCHED] cycle=122 due_in=+23.1 ms hit_in=324.8 ms period=321.4 ms window=11.04deg worst=8.00deg safe=true
[DEBUG] armors=1, targets=1
[2026-09-09 20:26:50.998] [info] [SYNC][XUC] mode=1 yaw=-6.15 deg pitch=-0.72 deg feeder_rpm=0.00 wheel0_rpm=6440 wheel1_rpm=6480 wheel_delta=-40 projectile_speed=19.36 gate=0xFF switch=1 rc=1 sticks=1 imu=1 serial=1 control=1 yaw_armed=1 pitch_active=1
[DEBUG] armors=1, targets=1
[DEBUG] armors=1, targets=1
[2026-09-09 20:26:51.029] [info] [GYROPLL] phase_zero cycle=121 sample=324.7 ms periods=1 filtered=321.8 ms residual=+16.1 ms correction=+2.4 ms locks=121 locked=1 reacquired=0 rejects=0 omega=4.881 ekf_omega=+4.966
[DEBUG] armors=1, targets=1
[DEBUG] armors=1, targets=1
[DEBUG] armors=1, targets=1
[2026-09-09 20:26:51.082] [info] [SYNC][XUC] mode=1 yaw=-6.15 deg pitch=-0.71 deg feeder_rpm=0.00 wheel0_rpm=6440 wheel1_rpm=6480 wheel_delta=-40 projectile_speed=19.36 gate=0xFF switch=1 rc=1 sticks=1 imu=1 serial=1 control=1 yaw_armed=1 pitch_active=1
[DEBUG] armors=2, targets=1
[DEBUG] armors=2, targets=1
[DEBUG] armors=3, targets=1
[DEBUG] armors=3, targets=1
[2026-09-09 20:26:51.151] [info] [GYROSCHED] cycle=123 due_in=+177.8 ms hit_in=477.1 ms period=321.8 ms window=11.04deg worst=7.99deg safe=true
[DEBUG] armors=2, targets=1
[2026-09-09 20:26:51.171] [info] [SYNC][XUC] mode=1 yaw=-6.16 deg pitch=-0.70 deg feeder_rpm=0.00 wheel0_rpm=6440 wheel1_rpm=6520 wheel_delta=-80 projectile_speed=19.36 gate=0xFF switch=1 rc=1 sticks=1 imu=1 serial=1 control=1 yaw_armed=1 pitch_active=1
[DEBUG] armors=3, targets=1
[2026-09-09 20:26:51.186] [info] [DRYRUN] measured_gimbal=(3.006,-0.149,-0.046) measured_world=(3.005,0.175,-0.009) tracked_world=(3.342,0.646,-0.006) target_gimbal_deg=(-2.83,-0.88) target_world_deg=(3.33,-0.18) gimbal_deg=(6.16,-0.70) armor_y_px=618.9 pixel_error_deg=(4.07,1.93) ballistic=(range=3.010m holdover=0.113m comp=2.11deg residual=-0.18deg) q_wxyz=(0.998537,-0.000330,-0.006131,-0.053725) cmd_deg=(5.58,-0.81) packed_pitch_deg=-0.81 control=true shoot=false
[DEBUG] armors=2, targets=1
[DEBUG] armors=2, targets=1
[DEBUG] armors=2, targets=1
[DEBUG] armors=2, targets=1
[2026-09-09 20:26:51.258] [info] [SYNC][XUC] mode=1 yaw=-6.15 deg pitch=-0.70 deg feeder_rpm=0.00 wheel0_rpm=6440 wheel1_rpm=6480 wheel_delta=-40 projectile_speed=19.36 gate=0xFF switch=1 rc=1 sticks=1 imu=1 serial=1 control=1 yaw_armed=1 pitch_active=1
[DEBUG] armors=1, targets=1
[DEBUG] armors=1, targets=1
[DEBUG] armors=1, targets=1
[DEBUG] armors=1, targets=1
[2026-09-09 20:26:51.324] [info] [GYROSCHED] cycle=123 due_in=+4.2 ms hit_in=303.7 ms period=321.8 ms window=11.04deg worst=7.99deg safe=true
[DEBUG] armors=1, targets=1
[2026-09-09 20:26:51.344] [info] [SYNC][XUC] mode=1 yaw=-6.16 deg pitch=-0.70 deg feeder_rpm=0.00 wheel0_rpm=6440 wheel1_rpm=6480 wheel_delta=-40 projectile_speed=19.36 gate=0xFF switch=1 rc=1 sticks=1 imu=1 serial=1 control=1 yaw_armed=1 pitch_active=1
[DEBUG] armors=1, targets=1
[2026-09-09 20:26:51.358] [info] [GYROPLL] phase_zero cycle=122 sample=322.0 ms periods=1 filtered=321.9 ms residual=+13.9 ms correction=+2.1 ms locks=122 locked=1 reacquired=0 rejects=0 omega=4.880 ekf_omega=+4.962
[DEBUG] armors=1, targets=1
[DEBUG] armors=1, targets=1
[DEBUG] armors=1, targets=1
[DEBUG] armors=1, targets=1
[2026-09-09 20:26:51.430] [info] [SYNC][XUC] mode=1 yaw=-6.18 deg pitch=-0.69 deg feeder_rpm=-4.00 wheel0_rpm=6440 wheel1_rpm=6480 wheel_delta=-40 projectile_speed=19.36 gate=0xFF switch=1 rc=1 sticks=1 imu=1 serial=1 control=1 yaw_armed=1 pitch_active=1
[DEBUG] armors=1, targets=1
[DEBUG] armors=2, targets=1
[DEBUG] armors=3, targets=1
[DEBUG] armors=3, targets=1
[2026-09-09 20:26:51.498] [info] [XUC][FIRE] feeder recovery complete; fresh gyro qualification required
[2026-09-09 20:26:51.498] [info] [GYROSCHED] cycle=124 due_in=+157.5 ms hit_in=454.0 ms period=321.9 ms window=11.05deg worst=7.99deg safe=true
[DEBUG] armors=2, targets=1
[2026-09-09 20:26:51.516] [info] [SYNC][XUC] mode=1 yaw=-6.18 deg pitch=-0.64 deg feeder_rpm=0.00 wheel0_rpm=6440 wheel1_rpm=6480 wheel_delta=-40 projectile_speed=19.36 gate=0xFF switch=1 rc=1 sticks=1 imu=1 serial=1 control=1 yaw_armed=1 pitch_active=1
[DEBUG] armors=3, targets=1
[2026-09-09 20:26:51.532] [info] [DRYRUN] measured_gimbal=(3.077,0.311,-0.035) measured_world=(3.026,0.640,-0.001) tracked_world=(2.822,0.588,-0.005) target_gimbal_deg=(5.77,-0.65) target_world_deg=(11.94,-0.01) gimbal_deg=(6.18,-0.64) armor_y_px=608.0 pixel_error_deg=(-4.50,1.67) ballistic=(range=3.093m holdover=0.119m comp=2.16deg residual=-0.49deg) q_wxyz=(0.998532,-0.000300,-0.005559,-0.053873) cmd_deg=(5.82,-0.79) packed_pitch_deg=-0.79 control=true shoot=false
[2026-09-09 20:26:51.534] [info] [PERF] 总耗时=18.0ms (检测=14.0ms, 跟踪=1.3ms), FPS=55.6
[2026-09-09 20:26:51.534] [info] 📊 [CAMERA FPS] 瞬时帧率=55.4fps, 平均帧率=57.9fps, 总帧数=2300, 运行时间=39.7s
[DEBUG] armors=2, targets=1
[DEBUG] armors=2, targets=1
[DEBUG] armors=3, targets=1
[DEBUG] armors=1, targets=1
[2026-09-09 20:26:51.606] [info] [SYNC][XUC] mode=1 yaw=-6.16 deg pitch=-0.61 deg feeder_rpm=0.00 wheel0_rpm=6440 wheel1_rpm=6520 wheel_delta=-80 projectile_speed=19.36 gate=0xFF switch=1 rc=1 sticks=1 imu=1 serial=1 control=1 yaw_armed=1 pitch_active=1
[DEBUG] armors=1, targets=1
[DEBUG] armors=1, targets=1
[2026-09-09 20:26:51.636] [info] [B2DIAG] auto=1 control=1 conv=1 oneface_gate=1 armed=1 motion=1 cadence=1 dyaw_fresh=1 dpitch_fresh=1 yawgate=1 event=1 safe=1 due_ms=+12.7 window_deg=11.04 worst_deg=7.99 yawerr_deg=-1.48 pitcherr_deg=-0.35
[2026-09-09 20:26:51.636] [info] [XUC][FIRE] stable-window candidate started
[2026-09-09 20:26:51.636] [info] [XUC][FIRE] qualified after 0 ms/1 frames, current_pixel_error_deg=(-1.48,-0.35) predicted_impact_yaw_error_deg=-0.68 gyro_predict=true face_error=19.43deg omega=+4.921rad_s armed=true
[2026-09-09 20:26:51.649] [info] [SHOT] id=38 issue mode=1 gyro=1 event=1 cycle=124 processing_age_ms=42.8 due_error_ms=+0.09 period_ms=321.9 window_deg=11.04 worst_deg=7.99
[DEBUG] armors=1, targets=1
[2026-09-09 20:26:51.664] [info] [XUC][FIRE] gyro request inhibited during feeder recovery
[2026-09-09 20:26:51.664] [info] [XUC][FIRE] stable window reset
[DEBUG] armors=1, targets=1
[2026-09-09 20:26:51.681] [info] [GYROPLL] phase_zero cycle=123 sample=326.6 ms periods=1 filtered=322.1 ms residual=+16.5 ms correction=+2.5 ms locks=123 locked=1 reacquired=0 rejects=0 omega=4.876 ekf_omega=+4.839
[2026-09-09 20:26:51.681] [info] [GYROSCHED] cycle=125 due_in=+303.7 ms hit_in=596.0 ms period=322.1 ms window=11.04deg worst=7.98deg safe=true
[2026-09-09 20:26:51.683] [info] [SHOT] id=38 feeder_start command_to_feeder_ms=34.2 rpm=1475
[DEBUG] armors=1, targets=1
[2026-09-09 20:26:51.700] [info] [SYNC][XUC] mode=1 yaw=-6.16 deg pitch=-0.62 deg feeder_rpm=1977.00 wheel0_rpm=6440 wheel1_rpm=6520 wheel_delta=-80 projectile_speed=19.36 gate=0xFF switch=1 rc=1 sticks=1 imu=1 serial=1 control=1 yaw_armed=1 pitch_active=1
[2026-09-09 20:26:51.713] [info] [ASSOC] selected_face=0 cost=-0.092 detections=1 confidence=0.92
[DEBUG] armors=1, targets=1
[DEBUG] armors=1, targets=1
[DEBUG] armors=1, targets=1
[DEBUG] armors=1, targets=1
[DEBUG] armors=2, targets=1
[2026-09-09 20:26:51.786] [info] [SYNC][XUC] mode=1 yaw=-6.16 deg pitch=-0.64 deg feeder_rpm=2102.00 wheel0_rpm=6440 wheel1_rpm=6480 wheel_delta=-40 projectile_speed=19.36 gate=0xFF switch=1 rc=1 sticks=1 imu=1 serial=1 control=1 yaw_armed=1 pitch_active=1
[DEBUG] armors=2, targets=1
[DEBUG] armors=2, targets=1
[DEBUG] armors=3, targets=1
[2026-09-09 20:26:51.837] [info] [SHOT] id=38 feeder_stop feeder_motion_ms=153.7
[2026-09-09 20:26:51.837] [info] [XUC][FIRE] feeder stopped; gyro recovery hold started for 600 ms
[DEBUG] armors=2, targets=1
[2026-09-09 20:26:51.851] [info] [GYROSCHED] cycle=125 due_in=+117.6 ms hit_in=425.2 ms period=322.1 ms window=11.04deg worst=7.98deg safe=true
[DEBUG] armors=2, targets=1
[2026-09-09 20:26:51.871] [info] [SYNC][XUC] mode=1 yaw=-6.17 deg pitch=-0.65 deg feeder_rpm=-4.00 wheel0_rpm=6440 wheel1_rpm=6480 wheel_delta=-40 projectile_speed=19.36 gate=0xFF switch=1 rc=1 sticks=1 imu=1 serial=1 control=1 yaw_armed=1 pitch_active=1
[DEBUG] armors=2, targets=1
[2026-09-09 20:26:51.887] [info] [DRYRUN] measured_gimbal=(2.632,0.218,-0.025) measured_world=(2.594,0.499,0.005) tracked_world=(2.960,0.117,-0.002) target_gimbal_deg=(4.72,-0.54) target_world_deg=(10.89,0.11) gimbal_deg=(6.17,-0.65) armor_y_px=611.8 pixel_error_deg=(-3.60,1.76) ballistic=(range=2.641m holdover=0.091m comp=1.94deg residual=-0.18deg) q_wxyz=(0.998535,-0.000307,-0.005690,-0.053817) cmd_deg=(5.70,-0.85) packed_pitch_deg=-0.85 control=true shoot=false
[DEBUG] armors=3, targets=1
[DEBUG] armors=1, targets=1
[DEBUG] armors=1, targets=1
[DEBUG] armors=1, targets=1
[2026-09-09 20:26:51.959] [info] [SYNC][XUC] mode=1 yaw=-6.16 deg pitch=-0.67 deg feeder_rpm=-4.00 wheel0_rpm=6440 wheel1_rpm=6520 wheel_delta=-80 projectile_speed=19.36 gate=0xFF switch=1 rc=1 sticks=1 imu=1 serial=1 control=1 yaw_armed=1 pitch_active=1
[DEBUG] armors=1, targets=1
[DEBUG] armors=1, targets=1
[2026-09-09 20:26:51.991] [info] [GYROPLL] phase_zero cycle=124 sample=311.1 ms periods=1 filtered=321.9 ms residual=+3.0 ms correction=+0.5 ms locks=124 locked=1 reacquired=0 rejects=0 omega=4.879 ekf_omega=+5.050
[DEBUG] armors=1, targets=1
[DEBUG] armors=1, targets=1
[2026-09-09 20:26:52.024] [info] [GYROSCHED] cycle=126 due_in=+276.7 ms hit_in=574.7 ms period=321.9 ms window=11.04deg worst=7.99deg safe=true
[DEBUG] armors=1, targets=1
[2026-09-09 20:26:52.044] [info] [SYNC][XUC] mode=1 yaw=-6.18 deg pitch=-0.68 deg feeder_rpm=0.00 wheel0_rpm=6440 wheel1_rpm=6480 wheel_delta=-40 projectile_speed=19.36 gate=0xFF switch=1 rc=1 sticks=1 imu=1 serial=1 control=1 yaw_armed=1 pitch_active=1
[DEBUG] armors=1, targets=1
[DEBUG] armors=2, targets=1
[DEBUG] armors=2, targets=1
[DEBUG] armors=2, targets=1
[DEBUG] armors=3, targets=1
[2026-09-09 20:26:52.131] [info] [SYNC][XUC] mode=1 yaw=-6.19 deg pitch=-0.69 deg feeder_rpm=0.00 wheel0_rpm=6440 wheel1_rpm=6480 wheel_delta=-40 projectile_speed=19.36 gate=0xFF switch=1 rc=1 sticks=1 imu=1 serial=1 control=1 yaw_armed=1 pitch_active=1
[DEBUG] armors=3, targets=1
[DEBUG] armors=3, targets=1
[DEBUG] armors=3, targets=1
[DEBUG] armors=2, targets=1
[2026-09-09 20:26:52.198] [info] [GYROSCHED] cycle=126 due_in=+102.3 ms hit_in=401.1 ms period=321.9 ms window=11.04deg worst=7.99deg safe=true
[DEBUG] armors=2, targets=1
[2026-09-09 20:26:52.218] [info] [SYNC][XUC] mode=1 yaw=-6.17 deg pitch=-0.69 deg feeder_rpm=0.00 wheel0_rpm=6440 wheel1_rpm=6480 wheel_delta=-40 projectile_speed=19.36 gate=0xFF switch=1 rc=1 sticks=1 imu=1 serial=1 control=1 yaw_armed=1 pitch_active=1
[DEBUG] armors=3, targets=1
[2026-09-09 20:26:52.234] [info] [DRYRUN] measured_gimbal=(2.785,0.203,-0.032) measured_world=(2.747,0.501,0.001) tracked_world=(3.411,0.297,-0.006) target_gimbal_deg=(4.16,-0.66) target_world_deg=(10.33,0.02) gimbal_deg=(6.17,-0.69) armor_y_px=613.6 pixel_error_deg=(-2.98,1.80) ballistic=(range=2.792m holdover=0.100m comp=2.01deg residual=-0.20deg) q_wxyz=(0.998534,-0.000322,-0.005973,-0.053803) cmd_deg=(5.77,-0.85) packed_pitch_deg=-0.85 control=true shoot=false
[DEBUG] armors=1, targets=1
[DEBUG] armors=1, targets=1
[DEBUG] armors=1, targets=1
[DEBUG] armors=1, targets=1
[2026-09-09 20:26:52.304] [info] [SYNC][XUC] mode=1 yaw=-6.16 deg pitch=-0.69 deg feeder_rpm=0.00 wheel0_rpm=6440 wheel1_rpm=6480 wheel_delta=-40 projectile_speed=19.36 gate=0xFF switch=1 rc=1 sticks=1 imu=1 serial=1 control=1 yaw_armed=1 pitch_active=1
[DEBUG] armors=1, targets=1
[DEBUG] armors=1, targets=1
[2026-09-09 20:26:52.336] [info] [GYROPLL] phase_zero cycle=125 sample=332.8 ms periods=1 filtered=322.3 ms residual=+13.5 ms correction=+2.0 ms locks=125 locked=1 reacquired=0 rejects=0 omega=4.873 ekf_omega=+4.907
[DEBUG] armors=1, targets=1
[DEBUG] armors=1, targets=1
[2026-09-09 20:26:52.370] [info] [GYROSCHED] cycle=127 due_in=+251.8 ms hit_in=553.4 ms period=322.3 ms window=11.04deg worst=7.98deg safe=true
[DEBUG] armors=2, targets=1
[2026-09-09 20:26:52.390] [info] [SYNC][XUC] mode=1 yaw=-6.17 deg pitch=-0.69 deg feeder_rpm=0.00 wheel0_rpm=6440 wheel1_rpm=6520 wheel_delta=-80 projectile_speed=19.36 gate=0xFF switch=1 rc=1 sticks=1 imu=1 serial=1 control=1 yaw_armed=1 pitch_active=1
[DEBUG] armors=2, targets=1
[2026-09-09 20:26:52.408] [info] [PERF] 总耗时=18.0ms (检测=14.7ms, 跟踪=0.9ms), FPS=55.7
[2026-09-09 20:26:52.408] [info] 📊 [CAMERA FPS] 瞬时帧率=55.6fps, 平均帧率=57.9fps, 总帧数=2350, 运行时间=40.6s
[DEBUG] armors=3, targets=1
[DEBUG] armors=3, targets=1
[DEBUG] armors=3, targets=1
[DEBUG] armors=2, targets=1
[2026-09-09 20:26:52.477] [info] [XUC][FIRE] feeder recovery complete; fresh gyro qualification required
[2026-09-09 20:26:52.479] [info] [SYNC][XUC] mode=1 yaw=-6.16 deg pitch=-0.68 deg feeder_rpm=0.00 wheel0_rpm=6440 wheel1_rpm=6480 wheel_delta=-40 projectile_speed=19.36 gate=0xFF switch=1 rc=1 sticks=1 imu=1 serial=1 control=1 yaw_armed=1 pitch_active=1
[DEBUG] armors=2, targets=1
[DEBUG] armors=2, targets=1
[2026-09-09 20:26:52.511] [info] [B2DIAG] auto=1 control=1 conv=1 oneface_gate=1 armed=1 motion=1 cadence=1 dyaw_fresh=1 dpitch_fresh=1 yawgate=0 event=1 safe=1 due_ms=+103.9 window_deg=11.04 worst_deg=7.98 yawerr_deg=-4.34 pitcherr_deg=-0.29
[DEBUG] armors=2, targets=1
[DEBUG] armors=3, targets=1
[2026-09-09 20:26:52.546] [info] [GYROSCHED] cycle=127 due_in=+81.1 ms hit_in=377.9 ms period=322.3 ms window=11.04deg worst=7.98deg safe=true
[DEBUG] armors=1, targets=1
[2026-09-09 20:26:52.564] [info] [SYNC][XUC] mode=1 yaw=-6.16 deg pitch=-0.68 deg feeder_rpm=-4.00 wheel0_rpm=6440 wheel1_rpm=6480 wheel_delta=-40 projectile_speed=19.36 gate=0xFF switch=1 rc=1 sticks=1 imu=1 serial=1 control=1 yaw_armed=1 pitch_active=1
[2026-09-09 20:26:52.577] [info] [ASSOC] selected_face=1 cost=-0.057 detections=1 confidence=0.93
[DEBUG] armors=1, targets=1
[2026-09-09 20:26:52.577] [info] [DRYRUN] measured_gimbal=(2.737,0.169,-0.033) measured_world=(2.704,0.462,-0.001) tracked_world=(3.198,0.734,-0.008) target_gimbal_deg=(3.53,-0.69) target_world_deg=(9.70,-0.01) gimbal_deg=(6.16,-0.68) armor_y_px=615.6 pixel_error_deg=(-2.37,1.85) ballistic=(range=2.742m holdover=0.097m comp=1.98deg residual=-0.13deg) q_wxyz=(0.998537,-0.000318,-0.005912,-0.053743) cmd_deg=(5.72,-0.83) packed_pitch_deg=-0.83 control=true shoot=false
[DEBUG] armors=1, targets=1
[DEBUG] armors=1, targets=1
[2026-09-09 20:26:52.608] [info] [XUC][FIRE] stable-window candidate started
[2026-09-09 20:26:52.608] [info] [XUC][FIRE] qualified after 0 ms/1 frames, current_pixel_error_deg=(-1.49,-0.18) predicted_impact_yaw_error_deg=-0.20 gyro_predict=true face_error=19.60deg omega=+4.891rad_s armed=true
[2026-09-09 20:26:52.620] [info] [SHOT] id=39 issue mode=1 gyro=1 event=1 cycle=127 processing_age_ms=40.8 due_error_ms=+0.06 period_ms=322.3 window_deg=11.04 worst_deg=7.98
[DEBUG] armors=1, targets=1
[2026-09-09 20:26:52.635] [info] [XUC][FIRE] gyro request inhibited during feeder recovery
[2026-09-09 20:26:52.635] [info] [XUC][FIRE] stable window reset
[2026-09-09 20:26:52.637] [info] [SHOT] id=39 feeder_start command_to_feeder_ms=17.2 rpm=721
[DEBUG] armors=1, targets=1
[2026-09-09 20:26:52.651] [info] [GYROPLL] phase_zero cycle=126 sample=326.2 ms periods=1 filtered=322.8 ms residual=+15.3 ms correction=+2.3 ms locks=126 locked=1 reacquired=0 rejects=0 omega=4.867 ekf_omega=+4.872
[2026-09-09 20:26:52.653] [info] [SYNC][XUC] mode=1 yaw=-6.17 deg pitch=-0.69 deg feeder_rpm=1684.00 wheel0_rpm=6440 wheel1_rpm=6480 wheel_delta=-40 projectile_speed=19.36 gate=0xFF switch=1 rc=1 sticks=1 imu=1 serial=1 control=1 yaw_armed=1 pitch_active=1
[DEBUG] armors=1, targets=1
[DEBUG] armors=1, targets=1
[DEBUG] armors=1, targets=1
[DEBUG] armors=1, targets=1
[2026-09-09 20:26:52.716] [info] [GYROSCHED] cycle=128 due_in=+236.8 ms hit_in=533.5 ms period=322.8 ms window=11.04deg worst=7.97deg safe=true
[DEBUG] armors=1, targets=1
[2026-09-09 20:26:52.735] [info] [SYNC][XUC] mode=1 yaw=-6.18 deg pitch=-0.69 deg feeder_rpm=2017.00 wheel0_rpm=6440 wheel1_rpm=6480 wheel_delta=-40 projectile_speed=19.36 gate=0xFF switch=1 rc=1 sticks=1 imu=1 serial=1 control=1 yaw_armed=1 pitch_active=1
[DEBUG] armors=2, targets=1
[DEBUG] armors=3, targets=1
[DEBUG] armors=3, targets=1
[DEBUG] armors=3, targets=1
[2026-09-09 20:26:52.804] [info] [SHOT] id=39 feeder_stop feeder_motion_ms=166.9
[2026-09-09 20:26:52.804] [info] [XUC][FIRE] feeder stopped; gyro recovery hold started for 600 ms
[DEBUG] armors=2, targets=1
[2026-09-09 20:26:52.822] [info] [SYNC][XUC] mode=1 yaw=-6.21 deg pitch=-0.77 deg feeder_rpm=47.00 wheel0_rpm=6240 wheel1_rpm=6320 wheel_delta=-80 projectile_speed=19.36 gate=0xFF switch=1 rc=1 sticks=1 imu=1 serial=1 control=1 yaw_armed=1 pitch_active=1
[DEBUG] armors=2, targets=1
[DEBUG] armors=2, targets=1
[DEBUG] armors=1, targets=1
[DEBUG] armors=1, targets=1
[2026-09-09 20:26:52.888] [info] [GYROSCHED] cycle=128 due_in=+68.1 ms hit_in=361.4 ms period=322.8 ms window=11.04deg worst=7.97deg safe=true
[DEBUG] armors=1, targets=1
[2026-09-09 20:26:52.908] [info] [SYNC][XUC] mode=1 yaw=-6.16 deg pitch=-0.71 deg feeder_rpm=-4.00 wheel0_rpm=6360 wheel1_rpm=6440 wheel_delta=-80 projectile_speed=19.36 gate=0xFF switch=1 rc=1 sticks=1 imu=1 serial=1 control=1 yaw_armed=1 pitch_active=1
[DEBUG] armors=1, targets=1
[2026-09-09 20:26:52.922] [info] [DRYRUN] measured_gimbal=(2.852,0.140,-0.031) measured_world=(2.821,0.445,0.005) tracked_world=(2.751,0.430,0.002) target_gimbal_deg=(2.80,-0.62) target_world_deg=(8.97,0.09) gimbal_deg=(6.16,-0.71) armor_y_px=610.6 pixel_error_deg=(-1.61,1.73) ballistic=(range=2.855m holdover=0.104m comp=2.04deg residual=-0.31deg) q_wxyz=(0.998534,-0.000334,-0.006207,-0.053771) cmd_deg=(5.96,-0.87) packed_pitch_deg=-0.87 control=true shoot=false
[DEBUG] armors=1, targets=1
[DEBUG] armors=1, targets=1
[2026-09-09 20:26:52.956] [info] [GYROPLL] phase_zero cycle=127 sample=308.1 ms periods=1 filtered=322.7 ms residual=-1.6 ms correction=-0.2 ms locks=127 locked=1 reacquired=0 rejects=0 omega=4.868 ekf_omega=+5.082
[DEBUG] armors=1, targets=1
[DEBUG] armors=1, targets=1
[2026-09-09 20:26:52.993] [info] [SYNC][XUC] mode=1 yaw=-6.20 deg pitch=-0.74 deg feeder_rpm=0.00 wheel0_rpm=6400 wheel1_rpm=6480 wheel_delta=-80 projectile_speed=19.36 gate=0xFF switch=1 rc=1 sticks=1 imu=1 serial=1 control=1 yaw_armed=1 pitch_active=1
[DEBUG] armors=1, targets=1
[DEBUG] armors=1, targets=1
[DEBUG] armors=1, targets=1
[DEBUG] armors=1, targets=1
[2026-09-09 20:26:53.057] [info] [GYROSCHED] cycle=129 due_in=+213.2 ms hit_in=514.2 ms period=322.7 ms window=11.04deg worst=7.97deg safe=true
[DEBUG] armors=2, targets=1
[2026-09-09 20:26:53.077] [info] [SYNC][XUC] mode=1 yaw=-6.19 deg pitch=-0.71 deg feeder_rpm=-4.00 wheel0_rpm=6440 wheel1_rpm=6520 wheel_delta=-80 projectile_speed=19.36 gate=0xFF switch=1 rc=1 sticks=1 imu=1 serial=1 control=1 yaw_armed=1 pitch_active=1
[DEBUG] armors=3, targets=1
[DEBUG] armors=2, targets=1
[DEBUG] armors=2, targets=1
[DEBUG] armors=3, targets=1
[DEBUG] armors=2, targets=1
[2026-09-09 20:26:53.166] [info] [SYNC][XUC] mode=1 yaw=-6.17 deg pitch=-0.73 deg feeder_rpm=0.00 wheel0_rpm=6440 wheel1_rpm=6480 wheel_delta=-40 projectile_speed=19.36 gate=0xFF switch=1 rc=1 sticks=1 imu=1 serial=1 control=1 yaw_armed=1 pitch_active=1
[DEBUG] armors=3, targets=1
[DEBUG] armors=3, targets=1
[DEBUG] armors=1, targets=1
[DEBUG] armors=1, targets=1
[2026-09-09 20:26:53.234] [info] [GYROSCHED] cycle=129 due_in=+44.1 ms hit_in=337.2 ms period=322.7 ms window=11.04deg worst=7.97deg safe=true
[DEBUG] armors=1, targets=1
[2026-09-09 20:26:53.254] [info] [SYNC][XUC] mode=1 yaw=-6.18 deg pitch=-0.74 deg feeder_rpm=0.00 wheel0_rpm=6440 wheel1_rpm=6480 wheel_delta=-40 projectile_speed=19.36 gate=0xFF switch=1 rc=1 sticks=1 imu=1 serial=1 control=1 yaw_armed=1 pitch_active=1
[DEBUG] armors=1, targets=1
[2026-09-09 20:26:53.269] [info] [DRYRUN] measured_gimbal=(2.743,0.091,-0.034) measured_world=(2.718,0.386,0.001) tracked_world=(3.079,0.087,0.002) target_gimbal_deg=(1.91,-0.71) target_world_deg=(8.09,0.03) gimbal_deg=(6.18,-0.74) armor_y_px=616.1 pixel_error_deg=(-0.74,1.87) ballistic=(range=2.745m holdover=0.097m comp=1.98deg residual=-0.12deg) q_wxyz=(0.998523,-0.000347,-0.006420,-0.053945) cmd_deg=(5.74,-0.88) packed_pitch_deg=-0.88 control=true shoot=false
[2026-09-09 20:26:53.271] [info] [PERF] 总耗时=17.8ms (检测=15.1ms, 跟踪=0.5ms), FPS=56.2
[2026-09-09 20:26:53.271] [info] 📊 [CAMERA FPS] 瞬时帧率=56.1fps, 平均帧率=57.9fps, 总帧数=2400, 运行时间=41.4s
[DEBUG] armors=1, targets=1
[DEBUG] armors=1, targets=1
[2026-09-09 20:26:53.303] [info] [GYROPLL] phase_zero cycle=128 sample=332.5 ms periods=1 filtered=323.1 ms residual=+8.4 ms correction=+1.3 ms locks=128 locked=1 reacquired=0 rejects=0 omega=4.862 ekf_omega=+4.964
[DEBUG] armors=1, targets=1
[DEBUG] armors=1, targets=1
[2026-09-09 20:26:53.340] [info] [SYNC][XUC] mode=1 yaw=-6.18 deg pitch=-0.73 deg feeder_rpm=0.00 wheel0_rpm=6440 wheel1_rpm=6480 wheel_delta=-40 projectile_speed=19.36 gate=0xFF switch=1 rc=1 sticks=1 imu=1 serial=1 control=1 yaw_armed=1 pitch_active=1
[DEBUG] armors=1, targets=1
[DEBUG] armors=2, targets=1
[2026-09-09 20:26:53.372] [info] [B2DIAG] auto=1 control=1 conv=1 oneface_gate=1 armed=1 motion=1 cadence=0 dyaw_fresh=1 dpitch_fresh=1 yawgate=0 event=1 safe=1 due_ms=+229.2 window_deg=11.04 worst_deg=7.96 yawerr_deg=2.12 pitcherr_deg=-0.07
[DEBUG] armors=2, targets=1
[DEBUG] armors=2, targets=1
[2026-09-09 20:26:53.406] [info] [GYROSCHED] cycle=130 due_in=+188.7 ms hit_in=490.7 ms period=323.1 ms window=11.04deg worst=7.96deg safe=true
[DEBUG] armors=3, targets=1
[2026-09-09 20:26:53.427] [info] [SYNC][XUC] mode=1 yaw=-6.18 deg pitch=-0.74 deg feeder_rpm=0.00 wheel0_rpm=6440 wheel1_rpm=6480 wheel_delta=-40 projectile_speed=19.36 gate=0xFF switch=1 rc=1 sticks=1 imu=1 serial=1 control=1 yaw_armed=1 pitch_active=1
[2026-09-09 20:26:53.441] [info] [ASSOC] selected_face=3 cost=-0.026 detections=3 confidence=0.43
[DEBUG] armors=3, targets=1
[2026-09-09 20:26:53.441] [info] [XUC][FIRE] feeder recovery complete; fresh gyro qualification required
[DEBUG] armors=2, targets=1
[DEBUG] armors=2, targets=1
[DEBUG] armors=2, targets=1
[DEBUG] armors=3, targets=1
[2026-09-09 20:26:53.512] [info] [SYNC][XUC] mode=1 yaw=-6.17 deg pitch=-0.74 deg feeder_rpm=0.00 wheel0_rpm=6440 wheel1_rpm=6480 wheel_delta=-40 projectile_speed=19.36 gate=0xFF switch=1 rc=1 sticks=1 imu=1 serial=1 control=1 yaw_armed=1 pitch_active=1
[DEBUG] armors=3, targets=1
[DEBUG] armors=1, targets=1
[DEBUG] armors=1, targets=1
[DEBUG] armors=1, targets=1
[2026-09-09 20:26:53.579] [info] [GYROSCHED] cycle=130 due_in=+17.5 ms hit_in=317.2 ms period=323.1 ms window=11.04deg worst=7.96deg safe=true
[2026-09-09 20:26:53.582] [info] [XUC][FIRE] stable-window candidate started
[2026-09-09 20:26:53.582] [info] [XUC][FIRE] qualified after 0 ms/1 frames, current_pixel_error_deg=(-1.22,-0.16) predicted_impact_yaw_error_deg=inf gyro_predict=true face_error=infdeg omega=+4.925rad_s armed=true
[2026-09-09 20:26:53.597] [info] [SHOT] id=40 issue mode=1 gyro=1 event=1 cycle=130 processing_age_ms=50.3 due_error_ms=+0.07 period_ms=323.1 window_deg=11.04 worst_deg=7.96
[DEBUG] armors=1, targets=1
[2026-09-09 20:26:53.612] [info] [XUC][FIRE] gyro request inhibited during feeder recovery
[2026-09-09 20:26:53.612] [info] [XUC][FIRE] stable window reset
[2026-09-09 20:26:53.614] [info] [SYNC][XUC] mode=1 yaw=-6.17 deg pitch=-0.74 deg feeder_rpm=0.00 wheel0_rpm=6440 wheel1_rpm=6520 wheel_delta=-80 projectile_speed=19.36 gate=0xFF switch=1 rc=1 sticks=1 imu=1 serial=1 control=1 yaw_armed=1 pitch_active=1
[DEBUG] armors=1, targets=1
[2026-09-09 20:26:53.627] [info] [GYROPLL] phase_zero cycle=129 sample=321.8 ms periods=1 filtered=323.4 ms residual=+5.8 ms correction=+0.9 ms locks=129 locked=1 reacquired=0 rejects=0 omega=4.858 ekf_omega=+5.001
[2026-09-09 20:26:53.627] [info] [DRYRUN] measured_gimbal=(2.718,0.034,-0.034) measured_world=(2.699,0.326,0.001) tracked_world=(3.380,0.488,-0.001) target_gimbal_deg=(0.72,-0.72) target_world_deg=(6.89,0.01) gimbal_deg=(6.17,-0.74) armor_y_px=617.4 pixel_error_deg=(0.44,1.90) ballistic=(range=2.718m holdover=0.096m comp=1.97deg residual=-0.07deg) q_wxyz=(0.998529,-0.000346,-0.006425,-0.053830) cmd_deg=(5.84,-0.83) packed_pitch_deg=-0.83 control=true shoot=false
[2026-09-09 20:26:53.629] [info] [SHOT] id=40 feeder_start command_to_feeder_ms=32.8 rpm=1578
[DEBUG] armors=1, targets=1
[DEBUG] armors=1, targets=1
[DEBUG] armors=1, targets=1
[DEBUG] armors=2, targets=1
[2026-09-09 20:26:53.696] [info] [SYNC][XUC] mode=1 yaw=-6.17 deg pitch=-0.73 deg feeder_rpm=2138.00 wheel0_rpm=6440 wheel1_rpm=6480 wheel_delta=-40 projectile_speed=19.36 gate=0xFF switch=1 rc=1 sticks=1 imu=1 serial=1 control=1 yaw_armed=1 pitch_active=1
[DEBUG] armors=3, targets=1
[DEBUG] armors=3, targets=1
[DEBUG] armors=3, targets=1
[DEBUG] armors=2, targets=1
[2026-09-09 20:26:53.761] [info] [GYROSCHED] cycle=131 due_in=+148.2 ms hit_in=459.9 ms period=323.4 ms window=11.04deg worst=7.96deg safe=true
[DEBUG] armors=2, targets=1
[2026-09-09 20:26:53.779] [info] [SHOT] id=40 feeder_stop feeder_motion_ms=150.0
[2026-09-09 20:26:53.779] [info] [XUC][FIRE] feeder stopped; gyro recovery hold started for 600 ms
[2026-09-09 20:26:53.779] [info] [SYNC][XUC] mode=1 yaw=-6.23 deg pitch=-0.76 deg feeder_rpm=157.00 wheel0_rpm=6160 wheel1_rpm=6200 wheel_delta=-40 projectile_speed=19.36 gate=0xFF switch=1 rc=1 sticks=1 imu=1 serial=1 control=1 yaw_armed=1 pitch_active=1
[DEBUG] armors=3, targets=1
[DEBUG] armors=3, targets=1
[DEBUG] armors=2, targets=1
[DEBUG] armors=2, targets=1
[DEBUG] armors=1, targets=1
[2026-09-09 20:26:53.863] [info] [SYNC][XUC] mode=1 yaw=-6.15 deg pitch=-0.73 deg feeder_rpm=0.00 wheel0_rpm=6360 wheel1_rpm=6440 wheel_delta=-80 projectile_speed=19.36 gate=0xFF switch=1 rc=1 sticks=1 imu=1 serial=1 control=1 yaw_armed=1 pitch_active=1
[DEBUG] armors=1, targets=1
[DEBUG] armors=1, targets=1
[DEBUG] armors=1, targets=1
[DEBUG] armors=0, targets=1
[DEBUG] armors=0, targets=1
[2026-09-09 20:26:53.943] [info] [SYNC][XUC] mode=1 yaw=-6.18 deg pitch=-0.74 deg feeder_rpm=0.00 wheel0_rpm=6400 wheel1_rpm=6480 wheel_delta=-80 projectile_speed=19.36 gate=0xFF switch=1 rc=1 sticks=1 imu=1 serial=1 control=1 yaw_armed=1 pitch_active=1
[DEBUG] armors=0, targets=1
[DEBUG] armors=1, targets=1
[2026-09-09 20:26:53.974] [info] [GYROPLL] phase_zero cycle=130 sample=313.7 ms periods=1 filtered=322.7 ms residual=-4.8 ms correction=-0.7 ms locks=130 locked=1 reacquired=0 rejects=0 omega=4.868 ekf_omega=+5.074
[2026-09-09 20:26:53.974] [info] [GYROSCHED] cycle=132 due_in=+268.2 ms hit_in=568.2 ms period=322.7 ms window=11.04deg worst=7.97deg safe=true
[DEBUG] armors=1, targets=1
[DEBUG] armors=1, targets=1
[DEBUG] armors=0, targets=1
[2026-09-09 20:26:54.027] [info] [SYNC][XUC] mode=1 yaw=-8.93 deg pitch=-0.65 deg feeder_rpm=0.00 wheel0_rpm=6440 wheel1_rpm=6480 wheel_delta=-40 projectile_speed=19.36 gate=0xFF switch=1 rc=1 sticks=1 imu=1 serial=1 control=1 yaw_armed=1 pitch_active=1
[DEBUG] armors=1, targets=1
[DEBUG] armors=1, targets=1
[DEBUG] armors=3, targets=1
[DEBUG] armors=3, targets=1
[DEBUG] armors=3, targets=1
[2026-09-09 20:26:54.116] [info] [SYNC][XUC] mode=1 yaw=-8.14 deg pitch=-0.67 deg feeder_rpm=0.00 wheel0_rpm=6440 wheel1_rpm=6520 wheel_delta=-80 projectile_speed=19.36 gate=0xFF switch=1 rc=1 sticks=1 imu=1 serial=1 control=1 yaw_armed=1 pitch_active=1
[DEBUG] armors=3, targets=1
[2026-09-09 20:26:54.135] [info] [PERF] 总耗时=18.5ms (检测=14.6ms, 跟踪=1.2ms), FPS=54.2
[2026-09-09 20:26:54.135] [info] 📊 [CAMERA FPS] 瞬时帧率=54.1fps, 平均帧率=57.9fps, 总帧数=2450, 运行时间=42.3s
[DEBUG] armors=2, targets=1
[DEBUG] armors=2, targets=1
[2026-09-09 20:26:54.168] [info] [GYROSCHED] cycle=132 due_in=+81.4 ms hit_in=374.4 ms period=322.7 ms window=11.04deg worst=7.97deg safe=true
[DEBUG] armors=1, targets=1
[DEBUG] armors=1, targets=1
[2026-09-09 20:26:54.203] [info] [SYNC][XUC] mode=1 yaw=-5.80 deg pitch=-0.75 deg feeder_rpm=0.00 wheel0_rpm=6440 wheel1_rpm=6520 wheel_delta=-80 projectile_speed=19.36 gate=0xFF switch=1 rc=1 sticks=1 imu=1 serial=1 control=1 yaw_armed=1 pitch_active=1
[DEBUG] armors=1, targets=1
[DEBUG] armors=1, targets=1
[2026-09-09 20:26:54.236] [info] [B2DIAG] auto=1 control=1 conv=1 oneface_gate=1 armed=1 motion=1 cadence=0 dyaw_fresh=1 dpitch_fresh=1 yawgate=1 event=1 safe=1 due_ms=+5.4 window_deg=11.04 worst_deg=7.97 yawerr_deg=-1.13 pitcherr_deg=-0.26
[DEBUG] armors=1, targets=1
[2026-09-09 20:26:54.252] [info] [GYROPLL] phase_zero cycle=131 sample=315.5 ms periods=1 filtered=322.3 ms residual=-11.2 ms correction=-1.7 ms locks=131 locked=1 reacquired=0 rejects=0 omega=4.873 ekf_omega=+4.966
[DEBUG] armors=1, targets=1
[DEBUG] armors=1, targets=1
[2026-09-09 20:26:54.289] [info] [SYNC][XUC] mode=1 yaw=-6.21 deg pitch=-0.76 deg feeder_rpm=-4.00 wheel0_rpm=6480 wheel1_rpm=6480 wheel_delta=0 projectile_speed=19.36 gate=0xFF switch=1 rc=1 sticks=1 imu=1 serial=1 control=1 yaw_armed=1 pitch_active=1
[DEBUG] armors=1, targets=1
[2026-09-09 20:26:54.303] [info] [DRYRUN] measured_gimbal=(2.706,-0.004,-0.033) measured_world=(2.691,0.288,0.003) tracked_world=(2.747,0.297,0.006) target_gimbal_deg=(-0.09,-0.69) target_world_deg=(6.11,0.07) gimbal_deg=(6.21,-0.76) armor_y_px=616.3 pixel_error_deg=(1.25,1.87) ballistic=(range=2.706m holdover=0.095m comp=1.97deg residual=-0.10deg) q_wxyz=(0.998511,-0.000359,-0.006617,-0.054140) cmd_deg=(6.27,-0.88) packed_pitch_deg=-0.88 control=true shoot=false
[DEBUG] armors=1, targets=1
[DEBUG] armors=1, targets=1
[2026-09-09 20:26:54.337] [info] [GYROSCHED] cycle=133 due_in=+225.2 ms hit_in=524.8 ms period=322.3 ms window=11.03deg worst=7.98deg safe=true
[DEBUG] armors=2, targets=1
[2026-09-09 20:26:54.372] [info] [ASSOC] selected_face=0 cost=-0.043 detections=2 confidence=0.85
[DEBUG] armors=2, targets=1
[2026-09-09 20:26:54.375] [info] [SYNC][XUC] mode=1 yaw=-6.07 deg pitch=-0.75 deg feeder_rpm=0.00 wheel0_rpm=6440 wheel1_rpm=6480 wheel_delta=-40 projectile_speed=19.36 gate=0xFF switch=1 rc=1 sticks=1 imu=1 serial=1 control=1 yaw_armed=1 pitch_active=1
[DEBUG] armors=2, targets=1
[DEBUG] armors=2, targets=1
[DEBUG] armors=3, targets=1
[2026-09-09 20:26:54.426] [info] [XUC][FIRE] feeder recovery complete; fresh gyro qualification required
[DEBUG] armors=3, targets=1
[DEBUG] armors=2, targets=1
[2026-09-09 20:26:54.464] [info] [SYNC][XUC] mode=1 yaw=-6.08 deg pitch=-0.73 deg feeder_rpm=-4.00 wheel0_rpm=6440 wheel1_rpm=6480 wheel_delta=-40 projectile_speed=19.36 gate=0xFF switch=1 rc=1 sticks=1 imu=1 serial=1 control=1 yaw_armed=1 pitch_active=1
[DEBUG] armors=2, targets=1
[DEBUG] armors=2, targets=1
[DEBUG] armors=1, targets=1
[2026-09-09 20:26:54.515] [info] [GYROSCHED] cycle=133 due_in=+50.4 ms hit_in=347.4 ms period=322.3 ms window=11.03deg worst=7.98deg safe=true
[DEBUG] armors=1, targets=1
[DEBUG] armors=1, targets=1
[2026-09-09 20:26:54.549] [info] [XUC][FIRE] stable-window candidate started
[2026-09-09 20:26:54.549] [info] [XUC][FIRE] qualified after 0 ms/1 frames, current_pixel_error_deg=(-1.16,-0.18) predicted_impact_yaw_error_deg=-1.00 gyro_predict=true face_error=12.58deg omega=+4.677rad_s armed=true
[2026-09-09 20:26:54.561] [info] [SHOT] id=41 issue mode=1 gyro=1 event=1 cycle=133 processing_age_ms=41.3 due_error_ms=+0.17 period_ms=322.3 window_deg=11.03 worst_deg=7.98
[2026-09-09 20:26:54.565] [info] [SYNC][XUC] mode=1 yaw=-6.05 deg pitch=-0.74 deg feeder_rpm=-4.00 wheel0_rpm=6440 wheel1_rpm=6480 wheel_delta=-40 projectile_speed=19.36 gate=0xFF switch=1 rc=1 sticks=1 imu=1 serial=1 control=1 yaw_armed=1 pitch_active=1
[DEBUG] armors=1, targets=1
[2026-09-09 20:26:54.578] [info] [XUC][FIRE] gyro request inhibited during feeder recovery
[2026-09-09 20:26:54.578] [info] [XUC][FIRE] stable window reset
[DEBUG] armors=1, targets=1
[2026-09-09 20:26:54.594] [info] [GYROPLL] phase_zero cycle=132 sample=348.4 ms periods=1 filtered=322.4 ms residual=+16.5 ms correction=+2.5 ms locks=132 locked=1 reacquired=0 rejects=0 omega=4.872 ekf_omega=+4.773
[2026-09-09 20:26:54.596] [info] [SHOT] id=41 feeder_start command_to_feeder_ms=35.1 rpm=1519
[DEBUG] armors=1, targets=1
[DEBUG] armors=1, targets=1
[DEBUG] armors=1, targets=1
[2026-09-09 20:26:54.645] [info] [SYNC][XUC] mode=1 yaw=-6.01 deg pitch=-0.74 deg feeder_rpm=2124.00 wheel0_rpm=6440 wheel1_rpm=6480 wheel_delta=-40 projectile_speed=19.36 gate=0xFF switch=1 rc=1 sticks=1 imu=1 serial=1 control=1 yaw_armed=1 pitch_active=1
[DEBUG] armors=2, targets=1
[2026-09-09 20:26:54.659] [info] [DRYRUN] measured_gimbal=(2.800,-0.041,-0.039) measured_world=(2.789,0.252,-0.003) tracked_world=(3.234,0.117,0.001) target_gimbal_deg=(-0.84,-0.81) target_world_deg=(5.17,-0.06) gimbal_deg=(6.01,-0.74) armor_y_px=619.2 pixel_error_deg=(2.03,1.94) ballistic=(range=2.800m holdover=0.100m comp=2.01deg residual=-0.07deg) q_wxyz=(0.998605,-0.000339,-0.006465,-0.052411) cmd_deg=(5.56,-0.85) packed_pitch_deg=-0.85 control=true shoot=false
[DEBUG] armors=2, targets=1
[DEBUG] armors=2, targets=1
[2026-09-09 20:26:54.694] [info] [GYROSCHED] cycle=134 due_in=+191.1 ms hit_in=493.6 ms period=322.4 ms window=11.03deg worst=7.98deg safe=true
[DEBUG] armors=3, targets=1
[DEBUG] armors=3, targets=1
[2026-09-09 20:26:54.732] [info] [SYNC][XUC] mode=1 yaw=-6.02 deg pitch=-0.73 deg feeder_rpm=2025.00 wheel0_rpm=6440 wheel1_rpm=6480 wheel_delta=-40 projectile_speed=19.36 gate=0xFF switch=1 rc=1 sticks=1 imu=1 serial=1 control=1 yaw_armed=1 pitch_active=1
[DEBUG] armors=3, targets=1
[2026-09-09 20:26:54.750] [info] [SHOT] id=41 feeder_stop feeder_motion_ms=153.7
[2026-09-09 20:26:54.750] [info] [XUC][FIRE] feeder stopped; gyro recovery hold started for 600 ms
[DEBUG] armors=3, targets=1
[DEBUG] armors=2, targets=1
[DEBUG] armors=2, targets=1
[DEBUG] armors=3, targets=1
[2026-09-09 20:26:54.820] [info] [SYNC][XUC] mode=1 yaw=-6.00 deg pitch=-0.72 deg feeder_rpm=3.00 wheel0_rpm=6440 wheel1_rpm=6480 wheel_delta=-40 projectile_speed=19.36 gate=0xFF switch=1 rc=1 sticks=1 imu=1 serial=1 control=1 yaw_armed=1 pitch_active=1
[DEBUG] armors=2, targets=1
[DEBUG] armors=1, targets=1
[DEBUG] armors=1, targets=1
[2026-09-09 20:26:54.869] [info] [GYROSCHED] cycle=134 due_in=+17.7 ms hit_in=318.2 ms period=322.4 ms window=11.03deg worst=7.98deg safe=true
[DEBUG] armors=1, targets=1
[DEBUG] armors=1, targets=1
[2026-09-09 20:26:54.905] [info] [SYNC][XUC] mode=1 yaw=-5.99 deg pitch=-0.70 deg feeder_rpm=0.00 wheel0_rpm=6440 wheel1_rpm=6520 wheel_delta=-80 projectile_speed=19.36 gate=0xFF switch=1 rc=1 sticks=1 imu=1 serial=1 control=1 yaw_armed=1 pitch_active=1
[DEBUG] armors=1, targets=1
[2026-09-09 20:26:54.919] [info] [GYROPLL] phase_zero cycle=133 sample=322.8 ms periods=1 filtered=322.1 ms residual=+14.4 ms correction=+2.2 ms locks=133 locked=1 reacquired=0 rejects=0 omega=4.876 ekf_omega=+4.970
[DEBUG] armors=1, targets=1
[DEBUG] armors=1, targets=1
[DEBUG] armors=1, targets=1
[DEBUG] armors=2, targets=1
[2026-09-09 20:26:54.990] [info] [SYNC][XUC] mode=1 yaw=-5.99 deg pitch=-0.68 deg feeder_rpm=0.00 wheel0_rpm=6440 wheel1_rpm=6520 wheel_delta=-80 projectile_speed=19.36 gate=0xFF switch=1 rc=1 sticks=1 imu=1 serial=1 control=1 yaw_armed=1 pitch_active=1
[DEBUG] armors=3, targets=1
[2026-09-09 20:26:55.006] [info] [DRYRUN] measured_gimbal=(2.806,-0.073,-0.038) measured_world=(2.799,0.220,-0.005) tracked_world=(3.391,0.583,-0.004) target_gimbal_deg=(-1.49,-0.78) target_world_deg=(4.50,-0.10) gimbal_deg=(5.99,-0.68) armor_y_px=618.2 pixel_error_deg=(2.68,1.92) ballistic=(range=2.807m holdover=0.101m comp=2.01deg residual=-0.09deg) q_wxyz=(0.998617,-0.000310,-0.005918,-0.052240) cmd_deg=(5.56,-0.80) packed_pitch_deg=-0.80 control=true shoot=false
[2026-09-09 20:26:55.009] [info] [PERF] 总耗时=18.4ms (检测=14.6ms, 跟踪=1.2ms), FPS=54.3
[2026-09-09 20:26:55.009] [info] 📊 [CAMERA FPS] 瞬时帧率=54.2fps, 平均帧率=57.9fps, 总帧数=2500, 运行时间=43.2s
[DEBUG] armors=3, targets=1
[DEBUG] armors=3, targets=1
[2026-09-09 20:26:55.042] [info] [GYROSCHED] cycle=135 due_in=+158.0 ms hit_in=469.6 ms period=322.1 ms window=11.03deg worst=7.98deg safe=true
[DEBUG] armors=3, targets=1
[DEBUG] armors=2, targets=1
[2026-09-09 20:26:55.080] [info] [SYNC][XUC] mode=1 yaw=-5.99 deg pitch=-0.66 deg feeder_rpm=0.00 wheel0_rpm=6440 wheel1_rpm=6480 wheel_delta=-40 projectile_speed=19.36 gate=0xFF switch=1 rc=1 sticks=1 imu=1 serial=1 control=1 yaw_armed=1 pitch_active=1
[DEBUG] armors=2, targets=1
[DEBUG] armors=2, targets=1
[2026-09-09 20:26:55.112] [info] [B2DIAG] auto=1 control=1 conv=1 oneface_gate=1 armed=1 motion=1 cadence=0 dyaw_fresh=1 dpitch_fresh=1 yawgate=0 event=1 safe=1 due_ms=+96.4 window_deg=11.03 worst_deg=7.98 yawerr_deg=-4.10 pitcherr_deg=-0.22
[DEBUG] armors=3, targets=1
[DEBUG] armors=1, targets=1
[DEBUG] armors=1, targets=1
[2026-09-09 20:26:55.167] [info] [SYNC][XUC] mode=1 yaw=-5.99 deg pitch=-0.67 deg feeder_rpm=0.00 wheel0_rpm=6440 wheel1_rpm=6480 wheel_delta=-40 projectile_speed=19.36 gate=0xFF switch=1 rc=1 sticks=1 imu=1 serial=1 control=1 yaw_armed=1 pitch_active=1
[DEBUG] armors=1, targets=1
[DEBUG] armors=1, targets=1
[DEBUG] armors=1, targets=1
[2026-09-09 20:26:55.216] [info] [GYROSCHED] cycle=136 due_in=+321.5 ms hit_in=617.5 ms period=322.1 ms window=11.03deg worst=7.98deg safe=true
[DEBUG] armors=1, targets=1
[2026-09-09 20:26:55.233] [info] [GYROPLL] phase_zero cycle=134 sample=314.7 ms periods=1 filtered=321.8 ms residual=+4.9 ms correction=+0.7 ms locks=134 locked=1 reacquired=0 rejects=0 omega=4.882 ekf_omega=+5.027
[2026-09-09 20:26:55.249] [info] [ASSOC] selected_face=1 cost=-0.063 detections=1 confidence=0.92
[DEBUG] armors=1, targets=1
[2026-09-09 20:26:55.252] [info] [SYNC][XUC] mode=1 yaw=-6.00 deg pitch=-0.66 deg feeder_rpm=0.00 wheel0_rpm=6440 wheel1_rpm=6480 wheel_delta=-40 projectile_speed=19.36 gate=0xFF switch=1 rc=1 sticks=1 imu=1 serial=1 control=1 yaw_armed=1 pitch_active=1
[DEBUG] armors=1, targets=1
[DEBUG] armors=1, targets=1
[DEBUG] armors=1, targets=1
[DEBUG] armors=1, targets=1
[DEBUG] armors=2, targets=1
[2026-09-09 20:26:55.338] [info] [SYNC][XUC] mode=1 yaw=-6.01 deg pitch=-0.64 deg feeder_rpm=0.00 wheel0_rpm=6440 wheel1_rpm=6520 wheel_delta=-80 projectile_speed=19.36 gate=0xFF switch=1 rc=1 sticks=1 imu=1 serial=1 control=1 yaw_armed=1 pitch_active=1
[DEBUG] armors=3, targets=1
[2026-09-09 20:26:55.353] [info] [DRYRUN] measured_gimbal=(2.974,-0.098,-0.045) measured_world=(2.968,0.214,-0.011) tracked_world=(2.885,0.656,-0.003) target_gimbal_deg=(-1.88,-0.86) target_world_deg=(4.13,-0.22) gimbal_deg=(6.01,-0.64) armor_y_px=618.3 pixel_error_deg=(3.12,1.92) ballistic=(range=2.975m holdover=0.111m comp=2.09deg residual=-0.17deg) q_wxyz=(0.998609,-0.000291,-0.005552,-0.052429) cmd_deg=(5.94,-0.76) packed_pitch_deg=-0.76 control=true shoot=false
[DEBUG] armors=3, targets=1
[DEBUG] armors=2, targets=1
[2026-09-09 20:26:55.388] [info] [XUC][FIRE] feeder recovery complete; fresh gyro qualification required
[2026-09-09 20:26:55.388] [info] [GYROSCHED] cycle=136 due_in=+140.5 ms hit_in=445.5 ms period=321.8 ms window=11.03deg worst=7.99deg safe=true
[DEBUG] armors=2, targets=1
[DEBUG] armors=2, targets=1
[2026-09-09 20:26:55.424] [info] [SYNC][XUC] mode=1 yaw=-6.01 deg pitch=-0.59 deg feeder_rpm=-4.00 wheel0_rpm=6440 wheel1_rpm=6520 wheel_delta=-80 projectile_speed=19.36 gate=0xFF switch=1 rc=1 sticks=1 imu=1 serial=1 control=1 yaw_armed=1 pitch_active=1
[DEBUG] armors=2, targets=1
[DEBUG] armors=2, targets=1
[DEBUG] armors=1, targets=1
[DEBUG] armors=1, targets=1
[DEBUG] armors=1, targets=1
[2026-09-09 20:26:55.510] [info] [SYNC][XUC] mode=1 yaw=-6.00 deg pitch=-0.59 deg feeder_rpm=0.00 wheel0_rpm=6440 wheel1_rpm=6480 wheel_delta=-40 projectile_speed=19.36 gate=0xFF switch=1 rc=1 sticks=1 imu=1 serial=1 control=1 yaw_armed=1 pitch_active=1
[DEBUG] armors=1, targets=1
[2026-09-09 20:26:55.525] [info] [XUC][FIRE] stable-window candidate started
[2026-09-09 20:26:55.525] [info] [XUC][FIRE] qualified after 0 ms/1 frames, current_pixel_error_deg=(-1.19,-0.33) predicted_impact_yaw_error_deg=inf gyro_predict=true face_error=infdeg omega=+4.985rad_s armed=true
[2026-09-09 20:26:55.534] [info] [SHOT] id=42 issue mode=1 gyro=1 event=1 cycle=136 processing_age_ms=40.9 due_error_ms=+0.06 period_ms=321.8 window_deg=11.03 worst_deg=7.99
[DEBUG] armors=1, targets=1
[2026-09-09 20:26:55.551] [info] [XUC][FIRE] gyro request inhibited during feeder recovery
[2026-09-09 20:26:55.551] [info] [XUC][FIRE] stable window reset
[DEBUG] armors=1, targets=1
[2026-09-09 20:26:55.568] [info] [GYROPLL] phase_zero cycle=135 sample=322.6 ms periods=1 filtered=321.7 ms residual=+5.0 ms correction=+0.7 ms locks=135 locked=1 reacquired=0 rejects=0 omega=4.883 ekf_omega=+4.922
[2026-09-09 20:26:55.568] [info] [GYROSCHED] cycle=137 due_in=+293.2 ms hit_in=588.3 ms period=321.7 ms window=11.03deg worst=7.99deg safe=true
[2026-09-09 20:26:55.570] [info] [SHOT] id=42 feeder_start command_to_feeder_ms=35.7 rpm=1772
[DEBUG] armors=1, targets=1
[DEBUG] armors=1, targets=1
[2026-09-09 20:26:55.604] [info] [SYNC][XUC] mode=1 yaw=-6.01 deg pitch=-0.61 deg feeder_rpm=1962.00 wheel0_rpm=6440 wheel1_rpm=6480 wheel_delta=-40 projectile_speed=19.36 gate=0xFF switch=1 rc=1 sticks=1 imu=1 serial=1 control=1 yaw_armed=1 pitch_active=1
[DEBUG] armors=1, targets=1
[DEBUG] armors=1, targets=1
[DEBUG] armors=2, targets=1
[DEBUG] armors=3, targets=1
[DEBUG] armors=3, targets=1
[2026-09-09 20:26:55.692] [info] [SYNC][XUC] mode=1 yaw=-6.01 deg pitch=-0.62 deg feeder_rpm=1992.00 wheel0_rpm=6440 wheel1_rpm=6480 wheel_delta=-40 projectile_speed=19.36 gate=0xFF switch=1 rc=1 sticks=1 imu=1 serial=1 control=1 yaw_armed=1 pitch_active=1
[DEBUG] armors=2, targets=1
[2026-09-09 20:26:55.707] [info] [DRYRUN] measured_gimbal=(2.914,-0.144,-0.037) measured_world=(2.913,0.162,-0.005) tracked_world=(2.860,0.156,-0.001) target_gimbal_deg=(-2.83,-0.72) target_world_deg=(3.17,-0.10) gimbal_deg=(6.01,-0.62) armor_y_px=613.8 pixel_error_deg=(4.05,1.81) ballistic=(range=2.918m holdover=0.107m comp=2.07deg residual=-0.26deg) q_wxyz=(0.998611,-0.000285,-0.005437,-0.052411) cmd_deg=(5.55,-0.80) packed_pitch_deg=-0.80 control=true shoot=false
[DEBUG] armors=2, targets=1
[2026-09-09 20:26:55.727] [info] [SHOT] id=42 feeder_stop feeder_motion_ms=156.9
[2026-09-09 20:26:55.727] [info] [XUC][FIRE] feeder stopped; gyro recovery hold started for 600 ms
[DEBUG] armors=2, targets=1
[2026-09-09 20:26:55.742] [info] [GYROSCHED] cycle=137 due_in=+113.3 ms hit_in=414.1 ms period=321.7 ms window=11.03deg worst=7.99deg safe=true
[DEBUG] armors=2, targets=1
[DEBUG] armors=2, targets=1
[2026-09-09 20:26:55.778] [info] [SYNC][XUC] mode=1 yaw=-5.99 deg pitch=-0.65 deg feeder_rpm=-4.00 wheel0_rpm=6320 wheel1_rpm=6400 wheel_delta=-80 projectile_speed=19.36 gate=0xFF switch=1 rc=1 sticks=1 imu=1 serial=1 control=1 yaw_armed=1 pitch_active=1
[DEBUG] armors=2, targets=1
[DEBUG] armors=1, targets=1
[DEBUG] armors=1, targets=1
[DEBUG] armors=1, targets=1
[DEBUG] armors=1, targets=1
[2026-09-09 20:26:55.862] [info] [SYNC][XUC] mode=1 yaw=-5.97 deg pitch=-0.60 deg feeder_rpm=0.00 wheel0_rpm=6400 wheel1_rpm=6440 wheel_delta=-40 projectile_speed=19.36 gate=0xFF switch=1 rc=1 sticks=1 imu=1 serial=1 control=1 yaw_armed=1 pitch_active=1
[DEBUG] armors=0, targets=1
[2026-09-09 20:26:55.878] [info] [PERF] 总耗时=16.1ms (检测=13.3ms, 跟踪=0.0ms), FPS=62.1
[2026-09-09 20:26:55.878] [info] 📊 [CAMERA FPS] 瞬时帧率=61.9fps, 平均帧率=57.9fps, 总帧数=2550, 运行时间=44.0s
[DEBUG] armors=0, targets=1
[DEBUG] armors=0, targets=1
[DEBUG] armors=1, targets=1
[2026-09-09 20:26:55.927] [info] [GYROPLL] phase_zero cycle=136 sample=324.6 ms periods=1 filtered=321.7 ms residual=+7.2 ms correction=+1.1 ms locks=136 locked=1 reacquired=0 rejects=0 omega=4.882 ekf_omega=+4.940
[DEBUG] armors=1, targets=1
[2026-09-09 20:26:55.946] [info] [SYNC][XUC] mode=1 yaw=-7.26 deg pitch=-0.67 deg feeder_rpm=0.00 wheel0_rpm=6440 wheel1_rpm=6480 wheel_delta=-40 projectile_speed=19.36 gate=0xFF switch=1 rc=1 sticks=1 imu=1 serial=1 control=1 yaw_armed=1 pitch_active=1
[DEBUG] armors=2, targets=1
[2026-09-09 20:26:55.962] [info] [GYROSCHED] cycle=138 due_in=+206.7 ms hit_in=516.9 ms period=321.7 ms window=11.03deg worst=7.99deg safe=true
[DEBUG] armors=0, targets=1
[2026-09-09 20:26:55.978] [info] [B2DIAG] auto=1 control=1 conv=1 oneface_gate=0 armed=1 motion=1 cadence=0 dyaw_fresh=0 dpitch_fresh=0 yawgate=0 event=0 safe=0 due_ms=+inf window_deg=nan worst_deg=nan yawerr_deg=inf pitcherr_deg=inf
[DEBUG] armors=1, targets=1
[DEBUG] armors=2, targets=1
[DEBUG] armors=3, targets=1
[2026-09-09 20:26:56.030] [info] [SYNC][XUC] mode=1 yaw=-7.95 deg pitch=-0.63 deg feeder_rpm=-4.00 wheel0_rpm=6440 wheel1_rpm=6480 wheel_delta=-40 projectile_speed=19.36 gate=0xFF switch=1 rc=1 sticks=1 imu=1 serial=1 control=1 yaw_armed=1 pitch_active=1
[DEBUG] armors=2, targets=1
[2026-09-09 20:26:56.043] [info] [DRYRUN] measured_gimbal=(3.063,0.205,-0.043) measured_world=(3.005,0.627,-0.009) tracked_world=(3.411,0.256,-0.006) target_gimbal_deg=(3.84,-0.79) target_world_deg=(11.78,-0.17) gimbal_deg=(7.95,-0.63) armor_y_px=614.2 pixel_error_deg=(-2.57,1.82) ballistic=(range=3.070m holdover=0.117m comp=2.14deg residual=-0.32deg) q_wxyz=(0.997582,-0.000380,-0.005478,-0.069282) cmd_deg=(5.87,-0.83) packed_pitch_deg=-0.83 control=true shoot=false
[DEBUG] armors=3, targets=1
[DEBUG] armors=2, targets=1
[DEBUG] armors=3, targets=1
[DEBUG] armors=2, targets=1
[2026-09-09 20:26:56.112] [info] [SYNC][XUC] mode=1 yaw=-6.12 deg pitch=-0.66 deg feeder_rpm=0.00 wheel0_rpm=6440 wheel1_rpm=6480 wheel_delta=-40 projectile_speed=19.36 gate=0xFF switch=1 rc=1 sticks=1 imu=1 serial=1 control=1 yaw_armed=1 pitch_active=1
[DEBUG] armors=1, targets=1
[DEBUG] armors=1, targets=1
[2026-09-09 20:26:56.143] [info] [GYROSCHED] cycle=138 due_in=+45.6 ms hit_in=335.2 ms period=321.7 ms window=11.03deg worst=7.99deg safe=true
[DEBUG] armors=1, targets=1
[2026-09-09 20:26:56.178] [info] [ASSOC] selected_face=2 cost=-0.090 detections=1 confidence=0.92
[DEBUG] armors=1, targets=1
[DEBUG] armors=1, targets=1
[2026-09-09 20:26:56.196] [info] [GYROPLL] phase_zero cycle=137 sample=311.5 ms periods=1 filtered=321.6 ms residual=-4.2 ms correction=-0.6 ms locks=137 locked=1 reacquired=0 rejects=0 omega=4.884 ekf_omega=+5.025
[2026-09-09 20:26:56.198] [info] [SYNC][XUC] mode=1 yaw=-6.14 deg pitch=-0.64 deg feeder_rpm=0.00 wheel0_rpm=6440 wheel1_rpm=6480 wheel_delta=-40 projectile_speed=19.36 gate=0xFF switch=1 rc=1 sticks=1 imu=1 serial=1 control=1 yaw_armed=1 pitch_active=1
[DEBUG] armors=1, targets=1
[DEBUG] armors=1, targets=1
[DEBUG] armors=1, targets=1
[DEBUG] armors=2, targets=1
[DEBUG] armors=2, targets=1
[2026-09-09 20:26:56.280] [info] [SYNC][XUC] mode=1 yaw=-6.07 deg pitch=-0.63 deg feeder_rpm=0.00 wheel0_rpm=6440 wheel1_rpm=6480 wheel_delta=-40 projectile_speed=19.36 gate=0xFF switch=1 rc=1 sticks=1 imu=1 serial=1 control=1 yaw_armed=1 pitch_active=1
[DEBUG] armors=3, targets=1
[DEBUG] armors=3, targets=1
[2026-09-09 20:26:56.310] [info] [GYROSCHED] cycle=139 due_in=+181.9 ms hit_in=489.2 ms period=321.6 ms window=11.03deg worst=8.00deg safe=true
[DEBUG] armors=3, targets=1
[DEBUG] armors=2, targets=1
[DEBUG] armors=2, targets=1
[2026-09-09 20:26:56.360] [info] [XUC][FIRE] feeder recovery complete; fresh gyro qualification required
[2026-09-09 20:26:56.363] [info] [SYNC][XUC] mode=1 yaw=-6.12 deg pitch=-0.63 deg feeder_rpm=-4.00 wheel0_rpm=6440 wheel1_rpm=6520 wheel_delta=-80 projectile_speed=19.36 gate=0xFF switch=1 rc=1 sticks=1 imu=1 serial=1 control=1 yaw_armed=1 pitch_active=1
[DEBUG] armors=3, targets=1
[2026-09-09 20:26:56.378] [info] [DRYRUN] measured_gimbal=(3.061,0.308,-0.040) measured_world=(3.011,0.633,-0.006) tracked_world=(3.275,0.693,-0.007) target_gimbal_deg=(5.75,-0.74) target_world_deg=(11.87,-0.12) gimbal_deg=(6.12,-0.63) armor_y_px=612.1 pixel_error_deg=(-4.49,1.77) ballistic=(range=3.076m holdover=0.118m comp=2.15deg residual=-0.38deg) q_wxyz=(0.998558,-0.000291,-0.005447,-0.053412) cmd_deg=(5.84,-0.82) packed_pitch_deg=-0.82 control=true shoot=false
[DEBUG] armors=2, targets=1
[DEBUG] armors=3, targets=1
[DEBUG] armors=1, targets=1
[DEBUG] armors=1, targets=1
[2026-09-09 20:26:56.450] [info] [SYNC][XUC] mode=1 yaw=-6.09 deg pitch=-0.62 deg feeder_rpm=3.00 wheel0_rpm=6440 wheel1_rpm=6480 wheel_delta=-40 projectile_speed=19.36 gate=0xFF switch=1 rc=1 sticks=1 imu=1 serial=1 control=1 yaw_armed=1 pitch_active=1
[DEBUG] armors=1, targets=1
[DEBUG] armors=1, targets=1
[2026-09-09 20:26:56.482] [info] [GYROSCHED] cycle=139 due_in=+21.1 ms hit_in=317.4 ms period=321.6 ms window=11.02deg worst=8.00deg safe=true
[2026-09-09 20:26:56.482] [info] [XUC][FIRE] stable-window candidate started
[2026-09-09 20:26:56.482] [info] [XUC][FIRE] qualified after 0 ms/1 frames, current_pixel_error_deg=(-1.51,-0.17) predicted_impact_yaw_error_deg=inf gyro_predict=true face_error=infdeg omega=+5.027rad_s armed=true
[2026-09-09 20:26:56.503] [info] [SHOT] id=43 issue mode=1 gyro=1 event=1 cycle=139 processing_age_ms=50.0 due_error_ms=+0.06 period_ms=321.6 window_deg=11.02 worst_deg=8.00
[DEBUG] armors=1, targets=1
[2026-09-09 20:26:56.518] [info] [XUC][FIRE] gyro request inhibited during feeder recovery
[2026-09-09 20:26:56.518] [info] [XUC][FIRE] stable window reset
[DEBUG] armors=1, targets=1
[2026-09-09 20:26:56.533] [info] [GYROPLL] phase_zero cycle=138 sample=321.2 ms periods=1 filtered=321.4 ms residual=-4.0 ms correction=-0.6 ms locks=138 locked=1 reacquired=0 rejects=0 omega=4.887 ekf_omega=+5.061
[2026-09-09 20:26:56.536] [info] [SHOT] id=43 feeder_start command_to_feeder_ms=32.9 rpm=1439
[DEBUG] armors=1, targets=1
[2026-09-09 20:26:56.552] [info] [SYNC][XUC] mode=1 yaw=-6.09 deg pitch=-0.64 deg feeder_rpm=1889.00 wheel0_rpm=6440 wheel1_rpm=6480 wheel_delta=-40 projectile_speed=19.36 gate=0xFF switch=1 rc=1 sticks=1 imu=1 serial=1 control=1 yaw_armed=1 pitch_active=1
[DEBUG] armors=1, targets=1
[DEBUG] armors=1, targets=1
[DEBUG] armors=1, targets=1
[DEBUG] armors=1, targets=1
[DEBUG] armors=2, targets=1
[2026-09-09 20:26:56.635] [info] [SYNC][XUC] mode=1 yaw=-6.11 deg pitch=-0.62 deg feeder_rpm=1948.00 wheel0_rpm=6440 wheel1_rpm=6480 wheel_delta=-40 projectile_speed=19.36 gate=0xFF switch=1 rc=1 sticks=1 imu=1 serial=1 control=1 yaw_armed=1 pitch_active=1
[DEBUG] armors=2, targets=1
[DEBUG] armors=3, targets=1
[2026-09-09 20:26:56.668] [info] [GYROSCHED] cycle=140 due_in=+154.1 ms hit_in=452.4 ms period=321.4 ms window=11.03deg worst=8.00deg safe=true
[DEBUG] armors=2, targets=1
[2026-09-09 20:26:56.688] [info] [SHOT] id=43 feeder_stop feeder_motion_ms=152.2
[2026-09-09 20:26:56.688] [info] [XUC][FIRE] feeder stopped; gyro recovery hold started for 600 ms
[DEBUG] armors=3, targets=1
[DEBUG] armors=2, targets=1
[2026-09-09 20:26:56.723] [info] [SYNC][XUC] mode=1 yaw=-6.15 deg pitch=-0.78 deg feeder_rpm=-22.00 wheel0_rpm=6240 wheel1_rpm=6240 wheel_delta=0 projectile_speed=19.36 gate=0xFF switch=1 rc=1 sticks=1 imu=1 serial=1 control=1 yaw_armed=1 pitch_active=1
[DEBUG] armors=2, targets=1
[2026-09-09 20:26:56.737] [info] [DRYRUN] measured_gimbal=(2.745,0.225,-0.030) measured_world=(2.705,0.518,0.007) tracked_world=(2.749,0.525,-0.006) target_gimbal_deg=(4.69,-0.63) target_world_deg=(10.85,0.15) gimbal_deg=(6.15,-0.78) armor_y_px=612.9 pixel_error_deg=(-3.53,1.79) ballistic=(range=2.754m holdover=0.098m comp=1.99deg residual=-0.20deg) q_wxyz=(0.998535,-0.000366,-0.006813,-0.053671) cmd_deg=(5.73,-0.84) packed_pitch_deg=-0.84 control=true shoot=false
[2026-09-09 20:26:56.740] [info] [PERF] 总耗时=17.1ms (检测=13.7ms, 跟踪=0.9ms), FPS=58.5
[2026-09-09 20:26:56.740] [info] 📊 [CAMERA FPS] 瞬时帧率=58.4fps, 平均帧率=57.9fps, 总帧数=2600, 运行时间=44.9s
[DEBUG] armors=3, targets=1
[DEBUG] armors=1, targets=1
[DEBUG] armors=1, targets=1
[DEBUG] armors=1, targets=1
[2026-09-09 20:26:56.809] [info] [SYNC][XUC] mode=1 yaw=-6.09 deg pitch=-0.64 deg feeder_rpm=0.00 wheel0_rpm=6400 wheel1_rpm=6440 wheel_delta=-40 projectile_speed=19.36 gate=0xFF switch=1 rc=1 sticks=1 imu=1 serial=1 control=1 yaw_armed=1 pitch_active=1
[DEBUG] armors=1, targets=1
[DEBUG] armors=0, targets=1
[2026-09-09 20:26:56.839] [info] [B2DIAG] auto=1 control=1 conv=1 oneface_gate=0 armed=1 motion=1 cadence=0 dyaw_fresh=0 dpitch_fresh=0 yawgate=0 event=0 safe=0 due_ms=+inf window_deg=nan worst_deg=nan yawerr_deg=inf pitcherr_deg=inf
[DEBUG] armors=0, targets=1
[DEBUG] armors=0, targets=1
[DEBUG] armors=1, targets=1
[2026-09-09 20:26:56.890] [info] [GYROPLL] phase_zero cycle=139 sample=336.9 ms periods=1 filtered=321.8 ms residual=+12.1 ms correction=+1.8 ms locks=139 locked=1 reacquired=0 rejects=0 omega=4.882 ekf_omega=+4.819
[2026-09-09 20:26:56.890] [info] [GYROSCHED] cycle=141 due_in=+257.5 ms hit_in=554.1 ms period=321.8 ms window=11.03deg worst=7.99deg safe=true
[2026-09-09 20:26:56.892] [info] [SYNC][XUC] mode=1 yaw=-6.11 deg pitch=-0.71 deg feeder_rpm=0.00 wheel0_rpm=6400 wheel1_rpm=6480 wheel_delta=-80 projectile_speed=19.36 gate=0xFF switch=1 rc=1 sticks=1 imu=1 serial=1 control=1 yaw_armed=1 pitch_active=1
[DEBUG] armors=1, targets=1
[DEBUG] armors=1, targets=1
[DEBUG] armors=1, targets=1
[DEBUG] armors=1, targets=1
[DEBUG] armors=1, targets=1
[2026-09-09 20:26:56.978] [info] [SYNC][XUC] mode=1 yaw=-6.05 deg pitch=-0.71 deg feeder_rpm=0.00 wheel0_rpm=6440 wheel1_rpm=6480 wheel_delta=-40 projectile_speed=19.36 gate=0xFF switch=1 rc=1 sticks=1 imu=1 serial=1 control=1 yaw_armed=1 pitch_active=1
[DEBUG] armors=1, targets=1
[DEBUG] armors=3, targets=1
[DEBUG] armors=2, targets=1
[DEBUG] armors=2, targets=1
[DEBUG] armors=1, targets=1
[2026-09-09 20:26:57.061] [info] [GYROSCHED] cycle=141 due_in=+80.1 ms hit_in=382.8 ms period=321.8 ms window=11.02deg worst=7.99deg safe=true
[2026-09-09 20:26:57.063] [info] [SYNC][XUC] mode=1 yaw=-6.04 deg pitch=-0.74 deg feeder_rpm=0.00 wheel0_rpm=6440 wheel1_rpm=6480 wheel_delta=-40 projectile_speed=19.36 gate=0xFF switch=1 rc=1 sticks=1 imu=1 serial=1 control=1 yaw_armed=1 pitch_active=1
[DEBUG] armors=2, targets=1
[2026-09-09 20:26:57.077] [info] [DRYRUN] measured_gimbal=(2.821,0.195,-0.033) measured_world=(2.785,0.491,0.003) tracked_world=(3.051,0.121,0.004) target_gimbal_deg=(3.96,-0.68) target_world_deg=(10.00,0.06) gimbal_deg=(6.04,-0.74) armor_y_px=613.5 pixel_error_deg=(-2.76,1.80) ballistic=(range=2.828m holdover=0.102m comp=2.02deg residual=-0.22deg) q_wxyz=(0.998589,-0.000341,-0.006464,-0.052711) cmd_deg=(6.15,-0.94) packed_pitch_deg=-0.94 control=true shoot=false
[2026-09-09 20:26:57.094] [info] [ASSOC] selected_face=3 cost=-0.078 detections=1 confidence=0.88
[DEBUG] armors=1, targets=1
[DEBUG] armors=1, targets=1
[DEBUG] armors=1, targets=1
[DEBUG] armors=1, targets=1
[2026-09-09 20:26:57.144] [info] [GYROPLL] phase_zero cycle=140 sample=300.1 ms periods=1 filtered=321.3 ms residual=-11.4 ms correction=-1.7 ms locks=140 locked=1 reacquired=0 rejects=0 omega=4.889 ekf_omega=+5.087
[2026-09-09 20:26:57.147] [info] [SYNC][XUC] mode=1 yaw=-6.06 deg pitch=-0.75 deg feeder_rpm=0.00 wheel0_rpm=6440 wheel1_rpm=6520 wheel_delta=-80 projectile_speed=19.36 gate=0xFF switch=1 rc=1 sticks=1 imu=1 serial=1 control=1 yaw_armed=1 pitch_active=1
[DEBUG] armors=1, targets=1
[DEBUG] armors=1, targets=1
[DEBUG] armors=1, targets=1
[DEBUG] armors=1, targets=1
[DEBUG] armors=1, targets=1
[2026-09-09 20:26:57.226] [info] [GYROSCHED] cycle=142 due_in=+235.8 ms hit_in=537.4 ms period=321.3 ms window=11.02deg worst=8.00deg safe=true
[2026-09-09 20:26:57.228] [info] [SYNC][XUC] mode=1 yaw=-6.06 deg pitch=-0.79 deg feeder_rpm=-4.00 wheel0_rpm=6440 wheel1_rpm=6480 wheel_delta=-40 projectile_speed=19.36 gate=0xFF switch=1 rc=1 sticks=1 imu=1 serial=1 control=1 yaw_armed=1 pitch_active=1
[DEBUG] armors=1, targets=1
[DEBUG] armors=2, targets=1
[DEBUG] armors=2, targets=1
[DEBUG] armors=3, targets=1
[DEBUG] armors=3, targets=1
[2026-09-09 20:26:57.314] [info] [SYNC][XUC] mode=1 yaw=-6.06 deg pitch=-0.79 deg feeder_rpm=0.00 wheel0_rpm=6440 wheel1_rpm=6480 wheel_delta=-40 projectile_speed=19.36 gate=0xFF switch=1 rc=1 sticks=1 imu=1 serial=1 control=1 yaw_armed=1 pitch_active=1
[DEBUG] armors=3, targets=1
[2026-09-09 20:26:57.327] [info] [XUC][FIRE] feeder recovery complete; fresh gyro qualification required
[DEBUG] armors=3, targets=1
[DEBUG] armors=3, targets=1
[DEBUG] armors=2, targets=1
[DEBUG] armors=3, targets=1
[2026-09-09 20:26:57.400] [info] [GYROSCHED] cycle=142 due_in=+60.3 ms hit_in=363.6 ms period=321.3 ms window=11.02deg worst=8.00deg safe=true
[2026-09-09 20:26:57.402] [info] [SYNC][XUC] mode=1 yaw=-6.06 deg pitch=-0.78 deg feeder_rpm=0.00 wheel0_rpm=6440 wheel1_rpm=6480 wheel_delta=-40 projectile_speed=19.36 gate=0xFF switch=1 rc=1 sticks=1 imu=1 serial=1 control=1 yaw_armed=1 pitch_active=1
[DEBUG] armors=1, targets=1
[2026-09-09 20:26:57.417] [info] [DRYRUN] measured_gimbal=(2.714,0.166,-0.032) measured_world=(2.682,0.452,0.005) tracked_world=(3.407,0.332,-0.002) target_gimbal_deg=(3.49,-0.68) target_world_deg=(9.56,0.11) gimbal_deg=(6.06,-0.78) armor_y_px=615.6 pixel_error_deg=(-2.34,1.85) ballistic=(range=2.719m holdover=0.096m comp=1.97deg residual=-0.12deg) q_wxyz=(0.998577,-0.000362,-0.006835,-0.052882) cmd_deg=(5.73,-0.89) packed_pitch_deg=-0.89 control=true shoot=false
[DEBUG] armors=1, targets=1
[DEBUG] armors=1, targets=1
[2026-09-09 20:26:57.452] [info] [XUC][FIRE] stable-window candidate started
[2026-09-09 20:26:57.452] [info] [XUC][FIRE] qualified after 0 ms/1 frames, current_pixel_error_deg=(-1.28,-0.16) predicted_impact_yaw_error_deg=-0.63 gyro_predict=true face_error=17.33deg omega=+4.804rad_s armed=true
[2026-09-09 20:26:57.463] [info] [SHOT] id=44 issue mode=1 gyro=1 event=1 cycle=142 processing_age_ms=42.6 due_error_ms=+0.06 period_ms=321.3 window_deg=11.03 worst_deg=8.00
[DEBUG] armors=1, targets=1
[2026-09-09 20:26:57.479] [info] [XUC][FIRE] gyro request inhibited during feeder recovery
[2026-09-09 20:26:57.479] [info] [XUC][FIRE] stable window reset
[DEBUG] armors=1, targets=1
[2026-09-09 20:26:57.495] [info] [GYROPLL] phase_zero cycle=141 sample=345.2 ms periods=1 filtered=321.6 ms residual=+14.2 ms correction=+2.1 ms locks=141 locked=1 reacquired=0 rejects=0 omega=4.884 ekf_omega=+4.847
[2026-09-09 20:26:57.497] [info] [SHOT] id=44 feeder_start command_to_feeder_ms=34.8 rpm=1424
[2026-09-09 20:26:57.497] [info] [SYNC][XUC] mode=1 yaw=-6.06 deg pitch=-0.79 deg feeder_rpm=1424.00 wheel0_rpm=6440 wheel1_rpm=6480 wheel_delta=-40 projectile_speed=19.36 gate=0xFF switch=1 rc=1 sticks=1 imu=1 serial=1 control=1 yaw_armed=1 pitch_active=1
[DEBUG] armors=1, targets=1
[DEBUG] armors=1, targets=1
[DEBUG] armors=1, targets=1
[DEBUG] armors=2, targets=1
[DEBUG] armors=3, targets=1
[2026-09-09 20:26:57.579] [info] [GYROSCHED] cycle=143 due_in=+206.0 ms hit_in=507.8 ms period=321.6 ms window=11.03deg worst=8.00deg safe=true
[2026-09-09 20:26:57.582] [info] [SYNC][XUC] mode=1 yaw=-6.06 deg pitch=-0.80 deg feeder_rpm=1988.00 wheel0_rpm=6440 wheel1_rpm=6480 wheel_delta=-40 projectile_speed=19.36 gate=0xFF switch=1 rc=1 sticks=1 imu=1 serial=1 control=1 yaw_armed=1 pitch_active=1
[DEBUG] armors=3, targets=1
[2026-09-09 20:26:57.599] [info] [PERF] 总耗时=17.3ms (检测=13.8ms, 跟踪=1.2ms), FPS=57.8
[2026-09-09 20:26:57.599] [info] 📊 [CAMERA FPS] 瞬时帧率=57.7fps, 平均帧率=57.9fps, 总帧数=2650, 运行时间=45.8s
[DEBUG] armors=2, targets=1
[DEBUG] armors=2, targets=1
[DEBUG] armors=3, targets=1
[2026-09-09 20:26:57.651] [info] [SHOT] id=44 feeder_stop feeder_motion_ms=153.6
[2026-09-09 20:26:57.651] [info] [XUC][FIRE] feeder stopped; gyro recovery hold started for 600 ms
[DEBUG] armors=2, targets=1
[2026-09-09 20:26:57.668] [info] [SYNC][XUC] mode=1 yaw=-6.06 deg pitch=-0.81 deg feeder_rpm=113.00 wheel0_rpm=6440 wheel1_rpm=6480 wheel_delta=-40 projectile_speed=19.36 gate=0xFF switch=1 rc=1 sticks=1 imu=1 serial=1 control=1 yaw_armed=1 pitch_active=1
[DEBUG] armors=2, targets=1
[DEBUG] armors=3, targets=1
[2026-09-09 20:26:57.702] [info] [B2DIAG] auto=1 control=1 conv=1 oneface_gate=1 armed=1 motion=1 cadence=0 dyaw_fresh=1 dpitch_fresh=1 yawgate=0 event=1 safe=1 due_ms=+89.6 window_deg=11.03 worst_deg=8.00 yawerr_deg=-3.81 pitcherr_deg=-0.12
[DEBUG] armors=1, targets=1
[DEBUG] armors=1, targets=1
[DEBUG] armors=1, targets=1
[2026-09-09 20:26:57.751] [info] [GYROSCHED] cycle=143 due_in=+34.7 ms hit_in=335.8 ms period=321.6 ms window=11.02deg worst=8.00deg safe=true
[2026-09-09 20:26:57.754] [info] [SYNC][XUC] mode=1 yaw=-6.05 deg pitch=-0.84 deg feeder_rpm=0.00 wheel0_rpm=6320 wheel1_rpm=6400 wheel_delta=-80 projectile_speed=19.36 gate=0xFF switch=1 rc=1 sticks=1 imu=1 serial=1 control=1 yaw_armed=1 pitch_active=1
[DEBUG] armors=1, targets=1
[2026-09-09 20:26:57.769] [info] [DRYRUN] measured_gimbal=(2.802,0.136,-0.040) measured_world=(2.773,0.430,0.001) tracked_world=(3.146,0.743,-0.003) target_gimbal_deg=(2.77,-0.81) target_world_deg=(8.82,0.03) gimbal_deg=(6.05,-0.84) armor_y_px=619.2 pixel_error_deg=(-1.59,1.94) ballistic=(range=2.806m holdover=0.101m comp=2.01deg residual=-0.07deg) q_wxyz=(0.998581,-0.000385,-0.007284,-0.052760) cmd_deg=(5.82,-0.90) packed_pitch_deg=-0.90 control=true shoot=false
[DEBUG] armors=1, targets=1
[DEBUG] armors=1, targets=1
[DEBUG] armors=1, targets=1
[2026-09-09 20:26:57.819] [info] [GYROPLL] phase_zero cycle=142 sample=319.9 ms periods=1 filtered=321.4 ms residual=+10.4 ms correction=+1.6 ms locks=142 locked=1 reacquired=0 rejects=0 omega=4.887 ekf_omega=+4.949
[DEBUG] armors=0, targets=1
[2026-09-09 20:26:57.837] [info] [SYNC][XUC] mode=1 yaw=-6.05 deg pitch=-0.81 deg feeder_rpm=-4.00 wheel0_rpm=6400 wheel1_rpm=6480 wheel_delta=-80 projectile_speed=19.36 gate=0xFF switch=1 rc=1 sticks=1 imu=1 serial=1 control=1 yaw_armed=1 pitch_active=1
[DEBUG] armors=0, targets=1
[DEBUG] armors=1, targets=1
[DEBUG] armors=1, targets=1
[DEBUG] armors=2, targets=1
[DEBUG] armors=3, targets=1
[2026-09-09 20:26:57.923] [info] [SYNC][XUC] mode=1 yaw=-7.40 deg pitch=-0.73 deg feeder_rpm=0.00 wheel0_rpm=6440 wheel1_rpm=6480 wheel_delta=-40 projectile_speed=19.36 gate=0xFF switch=1 rc=1 sticks=1 imu=1 serial=1 control=1 yaw_armed=1 pitch_active=1
[DEBUG] armors=1, targets=1
[DEBUG] armors=1, targets=1
[2026-09-09 20:26:57.954] [info] [GYROSCHED] cycle=144 due_in=+132.8 ms hit_in=455.5 ms period=321.4 ms window=11.02deg worst=8.00deg safe=true
[DEBUG] armors=2, targets=1
[2026-09-09 20:26:57.989] [info] [ASSOC] selected_face=1 cost=-0.019 detections=3 confidence=0.25
[DEBUG] armors=3, targets=1
[DEBUG] armors=3, targets=1
[2026-09-09 20:26:58.009] [info] [SYNC][XUC] mode=1 yaw=-6.61 deg pitch=-0.81 deg feeder_rpm=-4.00 wheel0_rpm=6440 wheel1_rpm=6480 wheel_delta=-40 projectile_speed=19.36 gate=0xFF switch=1 rc=1 sticks=1 imu=1 serial=1 control=1 yaw_armed=1 pitch_active=1
[DEBUG] armors=2, targets=1
[DEBUG] armors=1, targets=1
[DEBUG] armors=1, targets=1
[DEBUG] armors=1, targets=1
[DEBUG] armors=1, targets=1
[2026-09-09 20:26:58.093] [info] [SYNC][XUC] mode=1 yaw=-6.10 deg pitch=-0.81 deg feeder_rpm=0.00 wheel0_rpm=6440 wheel1_rpm=6480 wheel_delta=-40 projectile_speed=19.36 gate=0xFF switch=1 rc=1 sticks=1 imu=1 serial=1 control=1 yaw_armed=1 pitch_active=1
[DEBUG] armors=1, targets=1
[2026-09-09 20:26:58.107] [info] [DRYRUN] measured_gimbal=(2.718,0.095,-0.033) measured_world=(2.693,0.383,0.006) tracked_world=(2.735,0.388,0.005) target_gimbal_deg=(2.01,-0.69) target_world_deg=(8.10,0.12) gimbal_deg=(6.10,-0.81) armor_y_px=615.9 pixel_error_deg=(-0.85,1.86) ballistic=(range=2.720m holdover=0.096m comp=1.97deg residual=-0.11deg) q_wxyz=(0.998559,-0.000377,-0.007082,-0.053193) cmd_deg=(5.86,-0.94) packed_pitch_deg=-0.94 control=true shoot=false
[DEBUG] armors=1, targets=1
[2026-09-09 20:26:58.125] [info] [GYROSCHED] cycle=145 due_in=+313.0 ms hit_in=606.8 ms period=321.4 ms window=11.02deg worst=8.00deg safe=true
[DEBUG] armors=1, targets=1
[2026-09-09 20:26:58.141] [info] [GYROPLL] phase_zero cycle=143 sample=320.2 ms periods=1 filtered=321.2 ms residual=+7.6 ms correction=+1.1 ms locks=143 locked=1 reacquired=0 rejects=0 omega=4.891 ekf_omega=+4.912
[DEBUG] armors=1, targets=1
[DEBUG] armors=1, targets=1
[2026-09-09 20:26:58.179] [info] [SYNC][XUC] mode=1 yaw=-6.22 deg pitch=-0.81 deg feeder_rpm=0.00 wheel0_rpm=6440 wheel1_rpm=6520 wheel_delta=-80 projectile_speed=19.36 gate=0xFF switch=1 rc=1 sticks=1 imu=1 serial=1 control=1 yaw_armed=1 pitch_active=1
[DEBUG] armors=1, targets=1
[DEBUG] armors=1, targets=1
[DEBUG] armors=2, targets=1
[DEBUG] armors=3, targets=1
[DEBUG] armors=3, targets=1
[2026-09-09 20:26:58.265] [info] [SYNC][XUC] mode=1 yaw=-6.16 deg pitch=-0.84 deg feeder_rpm=-4.00 wheel0_rpm=6440 wheel1_rpm=6480 wheel_delta=-40 projectile_speed=19.36 gate=0xFF switch=1 rc=1 sticks=1 imu=1 serial=1 control=1 yaw_armed=1 pitch_active=1
[DEBUG] armors=3, targets=1
[DEBUG] armors=3, targets=1
[2026-09-09 20:26:58.296] [info] [XUC][FIRE] feeder recovery complete; fresh gyro qualification required
[2026-09-09 20:26:58.296] [info] [GYROSCHED] cycle=145 due_in=+122.9 ms hit_in=435.6 ms period=321.2 ms window=11.02deg worst=8.01deg safe=true
[DEBUG] armors=2, targets=1
[DEBUG] armors=2, targets=1
[DEBUG] armors=2, targets=1
[2026-09-09 20:26:58.348] [info] [SYNC][XUC] mode=1 yaw=-6.15 deg pitch=-0.81 deg feeder_rpm=-8.00 wheel0_rpm=6440 wheel1_rpm=6480 wheel_delta=-40 projectile_speed=19.36 gate=0xFF switch=1 rc=1 sticks=1 imu=1 serial=1 control=1 yaw_armed=1 pitch_active=1
[DEBUG] armors=1, targets=1
[DEBUG] armors=1, targets=1
[DEBUG] armors=1, targets=1
[DEBUG] armors=1, targets=1
[2026-09-09 20:26:58.412] [info] [XUC][FIRE] stable-window candidate started
[2026-09-09 20:26:58.412] [info] [XUC][FIRE] qualified after 0 ms/1 frames, current_pixel_error_deg=(-1.29,-0.16) predicted_impact_yaw_error_deg=inf gyro_predict=true face_error=infdeg omega=+5.008rad_s armed=true
[2026-09-09 20:26:58.430] [info] [SHOT] id=45 issue mode=1 gyro=1 event=1 cycle=145 processing_age_ms=49.5 due_error_ms=+0.06 period_ms=321.2 window_deg=11.03 worst_deg=8.01
[DEBUG] armors=1, targets=1
[2026-09-09 20:26:58.446] [info] [XUC][FIRE] gyro request inhibited during feeder recovery
[2026-09-09 20:26:58.446] [info] [XUC][FIRE] stable window reset
[2026-09-09 20:26:58.448] [info] [SHOT] id=45 feeder_start command_to_feeder_ms=18.1 rpm=710
[2026-09-09 20:26:58.448] [info] [SYNC][XUC] mode=1 yaw=-6.16 deg pitch=-0.83 deg feeder_rpm=710.00 wheel0_rpm=6440 wheel1_rpm=6480 wheel_delta=-40 projectile_speed=19.36 gate=0xFF switch=1 rc=1 sticks=1 imu=1 serial=1 control=1 yaw_armed=1 pitch_active=1
[DEBUG] armors=1, targets=1
[2026-09-09 20:26:58.462] [info] [GYROPLL] phase_zero cycle=144 sample=316.8 ms periods=1 filtered=320.7 ms residual=+2.2 ms correction=+0.3 ms locks=144 locked=1 reacquired=0 rejects=0 omega=4.898 ekf_omega=+5.049
[2026-09-09 20:26:58.462] [info] [DRYRUN] measured_gimbal=(2.724,0.042,-0.035) measured_world=(2.704,0.334,0.004) tracked_world=(3.138,0.099,0.004) target_gimbal_deg=(0.88,-0.74) target_world_deg=(7.04,0.08) gimbal_deg=(6.16,-0.83) armor_y_px=618.1 pixel_error_deg=(0.28,1.92) ballistic=(range=2.724m holdover=0.096m comp=1.97deg residual=-0.06deg) q_wxyz=(0.998530,-0.000388,-0.007210,-0.053726) cmd_deg=(5.81,-0.91) packed_pitch_deg=-0.91 control=true shoot=false
[2026-09-09 20:26:58.464] [info] [PERF] 总耗时=16.3ms (检测=13.4ms, 跟踪=0.5ms), FPS=61.4
[2026-09-09 20:26:58.464] [info] 📊 [CAMERA FPS] 瞬时帧率=61.3fps, 平均帧率=57.9fps, 总帧数=2700, 运行时间=46.6s
[DEBUG] armors=1, targets=1
[2026-09-09 20:26:58.477] [info] [GYROSCHED] cycle=146 due_in=+278.1 ms hit_in=575.4 ms period=320.7 ms window=11.03deg worst=8.02deg safe=true
[DEBUG] armors=1, targets=1
[DEBUG] armors=1, targets=1
[DEBUG] armors=1, targets=1
[2026-09-09 20:26:58.528] [info] [SYNC][XUC] mode=1 yaw=-6.17 deg pitch=-0.83 deg feeder_rpm=2061.00 wheel0_rpm=6440 wheel1_rpm=6480 wheel_delta=-40 projectile_speed=19.36 gate=0xFF switch=1 rc=1 sticks=1 imu=1 serial=1 control=1 yaw_armed=1 pitch_active=1
[DEBUG] armors=1, targets=1
[DEBUG] armors=2, targets=1
[2026-09-09 20:26:58.561] [info] [B2DIAG] auto=1 control=1 conv=1 oneface_gate=1 armed=1 motion=1 cadence=0 dyaw_fresh=1 dpitch_fresh=1 yawgate=0 event=1 safe=1 due_ms=+193.2 window_deg=11.03 worst_deg=8.02 yawerr_deg=2.79 pitcherr_deg=-0.05
[DEBUG] armors=3, targets=1
[DEBUG] armors=3, targets=1
[DEBUG] armors=2, targets=1
[2026-09-09 20:26:58.616] [info] [SHOT] id=45 feeder_stop feeder_motion_ms=168.1
[2026-09-09 20:26:58.616] [info] [XUC][FIRE] feeder stopped; gyro recovery hold started for 600 ms
[2026-09-09 20:26:58.616] [info] [SYNC][XUC] mode=1 yaw=-6.16 deg pitch=-0.81 deg feeder_rpm=241.00 wheel0_rpm=6440 wheel1_rpm=6520 wheel_delta=-80 projectile_speed=19.36 gate=0xFF switch=1 rc=1 sticks=1 imu=1 serial=1 control=1 yaw_armed=1 pitch_active=1
[DEBUG] armors=3, targets=1
[DEBUG] armors=3, targets=1
[2026-09-09 20:26:58.649] [info] [GYROSCHED] cycle=146 due_in=+118.5 ms hit_in=403.8 ms period=320.7 ms window=11.03deg worst=8.02deg safe=true
[DEBUG] armors=2, targets=1
[DEBUG] armors=2, targets=1
[DEBUG] armors=1, targets=1
[2026-09-09 20:26:58.703] [info] [SYNC][XUC] mode=1 yaw=-6.14 deg pitch=-0.83 deg feeder_rpm=-4.00 wheel0_rpm=6360 wheel1_rpm=6400 wheel_delta=-40 projectile_speed=19.36 gate=0xFF switch=1 rc=1 sticks=1 imu=1 serial=1 control=1 yaw_armed=1 pitch_active=1
[DEBUG] armors=1, targets=1
[DEBUG] armors=1, targets=1
[DEBUG] armors=1, targets=1
[DEBUG] armors=0, targets=1
[DEBUG] armors=0, targets=1
[2026-09-09 20:26:58.787] [info] [SYNC][XUC] mode=1 yaw=-6.15 deg pitch=-0.77 deg feeder_rpm=0.00 wheel0_rpm=6400 wheel1_rpm=6480 wheel_delta=-80 projectile_speed=19.36 gate=0xFF switch=1 rc=1 sticks=1 imu=1 serial=1 control=1 yaw_armed=1 pitch_active=1
[DEBUG] armors=0, targets=1
[DEBUG] armors=1, targets=1
[2026-09-09 20:26:58.818] [info] [GYROPLL] phase_zero cycle=145 sample=327.3 ms periods=1 filtered=320.5 ms residual=+8.4 ms correction=+1.3 ms locks=145 locked=1 reacquired=0 rejects=0 omega=4.901 ekf_omega=+4.948
[DEBUG] armors=1, targets=1
[DEBUG] armors=1, targets=1
[DEBUG] armors=0, targets=1
[2026-09-09 20:26:58.870] [info] [SYNC][XUC] mode=1 yaw=-8.69 deg pitch=-0.68 deg feeder_rpm=0.00 wheel0_rpm=6440 wheel1_rpm=6480 wheel_delta=-40 projectile_speed=19.36 gate=0xFF switch=1 rc=1 sticks=1 imu=1 serial=1 control=1 yaw_armed=1 pitch_active=1
[DEBUG] armors=1, targets=1
[2026-09-09 20:26:58.885] [info] [GYROSCHED] cycle=147 due_in=+155.4 ms hit_in=489.6 ms period=320.5 ms window=11.02deg worst=8.02deg safe=true
[DEBUG] armors=1, targets=1
[2026-09-09 20:26:58.919] [info] [ASSOC] selected_face=2 cost=-0.032 detections=3 confidence=0.47
[DEBUG] armors=3, targets=1
[DEBUG] armors=2, targets=1
[DEBUG] armors=2, targets=1
[2026-09-09 20:26:58.957] [info] [SYNC][XUC] mode=1 yaw=-7.95 deg pitch=-0.70 deg feeder_rpm=0.00 wheel0_rpm=6440 wheel1_rpm=6480 wheel_delta=-40 projectile_speed=19.36 gate=0xFF switch=1 rc=1 sticks=1 imu=1 serial=1 control=1 yaw_armed=1 pitch_active=1
[DEBUG] armors=2, targets=1
[DEBUG] armors=3, targets=1
[DEBUG] armors=2, targets=1
[DEBUG] armors=1, targets=1
[DEBUG] armors=1, targets=1
[2026-09-09 20:26:59.043] [info] [SYNC][XUC] mode=1 yaw=-6.01 deg pitch=-0.79 deg feeder_rpm=0.00 wheel0_rpm=6440 wheel1_rpm=6480 wheel_delta=-40 projectile_speed=19.36 gate=0xFF switch=1 rc=1 sticks=1 imu=1 serial=1 control=1 yaw_armed=1 pitch_active=1
[DEBUG] armors=1, targets=1
[2026-09-09 20:26:59.058] [info] [GYROSCHED] cycle=147 due_in=+27.1 ms hit_in=315.7 ms period=320.5 ms window=11.02deg worst=8.02deg safe=true
[DEBUG] armors=1, targets=1
[2026-09-09 20:26:59.075] [info] [GYROPLL] phase_zero cycle=146 sample=300.6 ms periods=1 filtered=319.8 ms residual=-12.8 ms correction=-1.9 ms locks=146 locked=1 reacquired=0 rejects=0 omega=4.911 ekf_omega=+5.203
[DEBUG] armors=1, targets=1
[DEBUG] armors=1, targets=1
[DEBUG] armors=1, targets=1
[2026-09-09 20:26:59.129] [info] [SYNC][XUC] mode=1 yaw=-6.25 deg pitch=-0.75 deg feeder_rpm=0.00 wheel0_rpm=6440 wheel1_rpm=6480 wheel_delta=-40 projectile_speed=19.36 gate=0xFF switch=1 rc=1 sticks=1 imu=1 serial=1 control=1 yaw_armed=1 pitch_active=1
[DEBUG] armors=1, targets=1
[2026-09-09 20:26:59.142] [info] [DRYRUN] measured_gimbal=(2.818,-0.002,-0.041) measured_world=(2.802,0.305,-0.004) tracked_world=(2.876,0.728,0.002) target_gimbal_deg=(-0.05,-0.84) target_world_deg=(6.21,-0.08) gimbal_deg=(6.25,-0.75) armor_y_px=620.2 pixel_error_deg=(1.24,1.97) ballistic=(range=2.818m holdover=0.101m comp=2.01deg residual=-0.05deg) q_wxyz=(0.998489,-0.000359,-0.006578,-0.054549) cmd_deg=(6.60,-0.81) packed_pitch_deg=-0.81 control=true shoot=false
[DEBUG] armors=1, targets=1
[DEBUG] armors=2, targets=1
[DEBUG] armors=2, targets=1
[DEBUG] armors=2, targets=1
[2026-09-09 20:26:59.213] [info] [SYNC][XUC] mode=1 yaw=-6.20 deg pitch=-0.74 deg feeder_rpm=0.00 wheel0_rpm=6440 wheel1_rpm=6520 wheel_delta=-80 projectile_speed=19.36 gate=0xFF switch=1 rc=1 sticks=1 imu=1 serial=1 control=1 yaw_armed=1 pitch_active=1
[DEBUG] armors=2, targets=1
[2026-09-09 20:26:59.228] [info] [GYROSCHED] cycle=148 due_in=+158.3 ms hit_in=463.4 ms period=319.8 ms window=11.03deg worst=8.03deg safe=true
[DEBUG] armors=2, targets=1
[DEBUG] armors=3, targets=1
[2026-09-09 20:26:59.261] [info] [XUC][FIRE] feeder recovery complete; fresh gyro qualification required
[DEBUG] armors=3, targets=1
[DEBUG] armors=2, targets=1
[2026-09-09 20:26:59.296] [info] [SYNC][XUC] mode=1 yaw=-6.19 deg pitch=-0.70 deg feeder_rpm=0.00 wheel0_rpm=6440 wheel1_rpm=6480 wheel_delta=-40 projectile_speed=19.36 gate=0xFF switch=1 rc=1 sticks=1 imu=1 serial=1 control=1 yaw_armed=1 pitch_active=1
[DEBUG] armors=2, targets=1
[2026-09-09 20:26:59.314] [info] [PERF] 总耗时=18.0ms (检测=14.1ms, 跟踪=0.8ms), FPS=55.7
[2026-09-09 20:26:59.314] [info] 📊 [CAMERA FPS] 瞬时帧率=55.3fps, 平均帧率=57.9fps, 总帧数=2750, 运行时间=47.5s
[DEBUG] armors=3, targets=1
[DEBUG] armors=1, targets=1
[DEBUG] armors=1, targets=1
[DEBUG] armors=1, targets=1
[2026-09-09 20:26:59.381] [info] [XUC][FIRE] stable-window candidate started
[2026-09-09 20:26:59.381] [info] [XUC][FIRE] qualified after 0 ms/1 frames, current_pixel_error_deg=(-1.16,-0.23) predicted_impact_yaw_error_deg=inf gyro_predict=true face_error=infdeg omega=+5.056rad_s armed=true
[2026-09-09 20:26:59.391] [info] [SHOT] id=46 issue mode=1 gyro=1 event=1 cycle=148 processing_age_ms=37.3 due_error_ms=+0.17 period_ms=319.8 window_deg=11.03 worst_deg=8.03
[2026-09-09 20:26:59.394] [info] [SYNC][XUC] mode=1 yaw=-6.20 deg pitch=-0.72 deg feeder_rpm=0.00 wheel0_rpm=6440 wheel1_rpm=6480 wheel_delta=-40 projectile_speed=19.36 gate=0xFF switch=1 rc=1 sticks=1 imu=1 serial=1 control=1 yaw_armed=1 pitch_active=1
[DEBUG] armors=1, targets=1
[2026-09-09 20:26:59.407] [info] [XUC][FIRE] gyro request inhibited during feeder recovery
[2026-09-09 20:26:59.408] [info] [GYROPLL] phase_zero cycle=147 sample=325.6 ms periods=1 filtered=319.7 ms residual=-5.1 ms correction=-0.8 ms locks=147 locked=1 reacquired=0 rejects=0 omega=4.913 ekf_omega=+5.007
[2026-09-09 20:26:59.408] [info] [GYROSCHED] cycle=149 due_in=+306.1 ms hit_in=602.8 ms period=319.7 ms window=11.03deg worst=8.04deg safe=true
[2026-09-09 20:26:59.408] [info] [XUC][FIRE] stable window reset
[2026-09-09 20:26:59.410] [info] [SHOT] id=46 feeder_start command_to_feeder_ms=18.8 rpm=897
[DEBUG] armors=1, targets=1
[2026-09-09 20:26:59.424] [info] [B2DIAG] auto=1 control=1 conv=1 oneface_gate=1 armed=1 motion=1 cadence=0 dyaw_fresh=1 dpitch_fresh=1 yawgate=0 event=1 safe=1 due_ms=+296.4 window_deg=11.03 worst_deg=8.04 yawerr_deg=0.06 pitcherr_deg=-0.13
[DEBUG] armors=1, targets=1
[DEBUG] armors=1, targets=1
[DEBUG] armors=1, targets=1
[2026-09-09 20:26:59.477] [info] [SYNC][XUC] mode=1 yaw=-6.19 deg pitch=-0.74 deg feeder_rpm=2017.00 wheel0_rpm=6440 wheel1_rpm=6480 wheel_delta=-40 projectile_speed=19.36 gate=0xFF switch=1 rc=1 sticks=1 imu=1 serial=1 control=1 yaw_armed=1 pitch_active=1
[DEBUG] armors=1, targets=1
[2026-09-09 20:26:59.491] [info] [DRYRUN] measured_gimbal=(2.785,-0.049,-0.036) measured_world=(2.774,0.251,-0.000) tracked_world=(2.740,0.248,0.003) target_gimbal_deg=(-1.01,-0.74) target_world_deg=(5.18,-0.00) gimbal_deg=(6.19,-0.74) armor_y_px=616.6 pixel_error_deg=(2.19,1.88) ballistic=(range=2.785m holdover=0.099m comp=2.00deg residual=-0.12deg) q_wxyz=(0.998523,-0.000346,-0.006408,-0.053955) cmd_deg=(5.98,-0.87) packed_pitch_deg=-0.87 control=true shoot=false
[DEBUG] armors=3, targets=1
[DEBUG] armors=2, targets=1
[DEBUG] armors=4, targets=1
[DEBUG] armors=2, targets=1
[2026-09-09 20:26:59.563] [info] [SYNC][XUC] mode=1 yaw=-6.17 deg pitch=-0.70 deg feeder_rpm=666.00 wheel0_rpm=6440 wheel1_rpm=6520 wheel_delta=-80 projectile_speed=19.36 gate=0xFF switch=1 rc=1 sticks=1 imu=1 serial=1 control=1 yaw_armed=1 pitch_active=1
[DEBUG] armors=2, targets=1
[2026-09-09 20:26:59.579] [info] [GYROSCHED] cycle=149 due_in=+113.3 ms hit_in=431.7 ms period=319.7 ms window=11.02deg worst=8.04deg safe=true
[2026-09-09 20:26:59.581] [info] [SHOT] id=46 feeder_stop feeder_motion_ms=171.3
[2026-09-09 20:26:59.581] [info] [XUC][FIRE] feeder stopped; gyro recovery hold started for 600 ms
[DEBUG] armors=2, targets=1
[DEBUG] armors=2, targets=1
[DEBUG] armors=2, targets=1
[DEBUG] armors=2, targets=1
[2026-09-09 20:26:59.647] [info] [SYNC][XUC] mode=1 yaw=-6.13 deg pitch=-0.81 deg feeder_rpm=3.00 wheel0_rpm=6280 wheel1_rpm=6320 wheel_delta=-40 projectile_speed=19.36 gate=0xFF switch=1 rc=1 sticks=1 imu=1 serial=1 control=1 yaw_armed=1 pitch_active=1
[DEBUG] armors=1, targets=1
[DEBUG] armors=1, targets=1
[DEBUG] armors=1, targets=1
[DEBUG] armors=1, targets=1
[DEBUG] armors=1, targets=1
[2026-09-09 20:26:59.727] [info] [GYROPLL] phase_zero cycle=148 sample=327.5 ms periods=1 filtered=319.7 ms residual=+3.4 ms correction=+0.5 ms locks=148 locked=1 reacquired=0 rejects=0 omega=4.913 ekf_omega=+4.975
[2026-09-09 20:26:59.729] [info] [SYNC][XUC] mode=1 yaw=-6.12 deg pitch=-0.74 deg feeder_rpm=0.00 wheel0_rpm=6400 wheel1_rpm=6440 wheel_delta=-40 projectile_speed=19.36 gate=0xFF switch=1 rc=1 sticks=1 imu=1 serial=1 control=1 yaw_armed=1 pitch_active=1
[DEBUG] armors=1, targets=1
[2026-09-09 20:26:59.744] [info] [GYROSCHED] cycle=150 due_in=+289.0 ms hit_in=586.0 ms period=319.7 ms window=11.02deg worst=8.04deg safe=true
[DEBUG] armors=0, targets=1
[DEBUG] armors=0, targets=1
[DEBUG] armors=0, targets=1
[DEBUG] armors=1, targets=1
[2026-09-09 20:26:59.812] [info] [SYNC][XUC] mode=1 yaw=-6.39 deg pitch=-0.78 deg feeder_rpm=0.00 wheel0_rpm=6400 wheel1_rpm=6480 wheel_delta=-80 projectile_speed=19.36 gate=0xFF switch=1 rc=1 sticks=1 imu=1 serial=1 control=1 yaw_armed=1 pitch_active=1
[2026-09-09 20:26:59.826] [info] [ASSOC] selected_face=3 cost=-0.024 detections=1 confidence=0.73
[DEBUG] armors=1, targets=1
[2026-09-09 20:26:59.826] [info] [DRYRUN] measured_gimbal=(2.925,-0.061,-0.044) measured_world=(2.914,0.265,-0.004) tracked_world=(3.262,0.142,0.002) target_gimbal_deg=(-1.20,-0.87) target_world_deg=(5.20,-0.09) gimbal_deg=(6.39,-0.78) armor_y_px=619.4 pixel_error_deg=(2.44,1.95) ballistic=(range=2.926m holdover=0.108m comp=2.07deg residual=-0.12deg) q_wxyz=(0.998421,-0.000381,-0.006814,-0.055763) cmd_deg=(5.89,-0.88) packed_pitch_deg=-0.88 control=true shoot=false
[DEBUG] armors=2, targets=1
[DEBUG] armors=1, targets=1
[DEBUG] armors=1, targets=1
[DEBUG] armors=1, targets=1
[2026-09-09 20:26:59.897] [info] [SYNC][XUC] mode=1 yaw=-7.97 deg pitch=-0.72 deg feeder_rpm=0.00 wheel0_rpm=6440 wheel1_rpm=6520 wheel_delta=-80 projectile_speed=19.36 gate=0xFF switch=1 rc=1 sticks=1 imu=1 serial=1 control=1 yaw_armed=1 pitch_active=1
[DEBUG] armors=2, targets=1
[DEBUG] armors=3, targets=1
[DEBUG] armors=3, targets=1
[DEBUG] armors=2, targets=1
[2026-09-09 20:26:59.965] [info] [GYROSCHED] cycle=150 due_in=+74.6 ms hit_in=365.0 ms period=319.7 ms window=11.02deg worst=8.04deg safe=true
[DEBUG] armors=1, targets=1
[2026-09-09 20:26:59.984] [info] [SYNC][XUC] mode=1 yaw=-6.11 deg pitch=-0.77 deg feeder_rpm=0.00 wheel0_rpm=6440 wheel1_rpm=6480 wheel_delta=-40 projectile_speed=19.36 gate=0xFF switch=1 rc=1 sticks=1 imu=1 serial=1 control=1 yaw_armed=1 pitch_active=1
[DEBUG] armors=1, targets=1
[DEBUG] armors=1, targets=1
[DEBUG] armors=1, targets=1
[DEBUG] armors=1, targets=1
[2026-09-09 20:27:00.051] [info] [GYROPLL] phase_zero cycle=149 sample=307.2 ms periods=1 filtered=319.4 ms residual=-9.6 ms correction=-1.4 ms locks=149 locked=1 reacquired=0 rejects=0 omega=4.918 ekf_omega=+5.122
[DEBUG] armors=1, targets=1
[2026-09-09 20:27:00.071] [info] [SYNC][XUC] mode=1 yaw=-6.31 deg pitch=-0.78 deg feeder_rpm=0.00 wheel0_rpm=6440 wheel1_rpm=6480 wheel_delta=-40 projectile_speed=19.36 gate=0xFF switch=1 rc=1 sticks=1 imu=1 serial=1 control=1 yaw_armed=1 pitch_active=1
[DEBUG] armors=1, targets=1
[DEBUG] armors=1, targets=1
[DEBUG] armors=1, targets=1
[DEBUG] armors=1, targets=1
[2026-09-09 20:27:00.137] [info] [GYROSCHED] cycle=151 due_in=+209.3 ms hit_in=511.6 ms period=319.4 ms window=11.02deg worst=8.04deg safe=true
[DEBUG] armors=3, targets=1
[2026-09-09 20:27:00.157] [info] [SYNC][XUC] mode=1 yaw=-6.22 deg pitch=-0.75 deg feeder_rpm=0.00 wheel0_rpm=6440 wheel1_rpm=6480 wheel_delta=-40 projectile_speed=19.36 gate=0xFF switch=1 rc=1 sticks=1 imu=1 serial=1 control=1 yaw_armed=1 pitch_active=1
[DEBUG] armors=3, targets=1
[2026-09-09 20:27:00.172] [info] [DRYRUN] measured_gimbal=(2.923,-0.099,-0.046) measured_world=(2.917,0.218,-0.007) tracked_world=(3.349,0.626,-0.002) target_gimbal_deg=(-1.94,-0.90) target_world_deg=(4.28,-0.15) gimbal_deg=(6.22,-0.75) armor_y_px=620.7 pixel_error_deg=(3.17,1.98) ballistic=(range=2.925m holdover=0.108m comp=2.07deg residual=-0.09deg) q_wxyz=(0.998506,-0.000355,-0.006530,-0.054257) cmd_deg=(6.03,-0.84) packed_pitch_deg=-0.84 control=true shoot=false
[2026-09-09 20:27:00.174] [info] [PERF] 总耗时=17.2ms (检测=13.8ms, 跟踪=1.2ms), FPS=58.1
[2026-09-09 20:27:00.174] [info] 📊 [CAMERA FPS] 瞬时帧率=57.9fps, 平均帧率=57.9fps, 总帧数=2800, 运行时间=48.3s
[DEBUG] armors=3, targets=1
[DEBUG] armors=2, targets=1
[DEBUG] armors=2, targets=1
[2026-09-09 20:27:00.223] [info] [XUC][FIRE] feeder recovery complete; fresh gyro qualification required
[DEBUG] armors=2, targets=1
[2026-09-09 20:27:00.243] [info] [SYNC][XUC] mode=1 yaw=-6.29 deg pitch=-0.74 deg feeder_rpm=0.00 wheel0_rpm=6440 wheel1_rpm=6480 wheel_delta=-40 projectile_speed=19.36 gate=0xFF switch=1 rc=1 sticks=1 imu=1 serial=1 control=1 yaw_armed=1 pitch_active=1
[DEBUG] armors=2, targets=1
[DEBUG] armors=3, targets=1
[2026-09-09 20:27:00.276] [info] [B2DIAG] auto=1 control=1 conv=1 oneface_gate=1 armed=1 motion=1 cadence=1 dyaw_fresh=1 dpitch_fresh=1 yawgate=0 event=1 safe=1 due_ms=+79.7 window_deg=11.02 worst_deg=8.04 yawerr_deg=-3.60 pitcherr_deg=-0.09
[DEBUG] armors=1, targets=1
[DEBUG] armors=1, targets=1
[2026-09-09 20:27:00.309] [info] [GYROSCHED] cycle=151 due_in=+41.3 ms hit_in=338.7 ms period=319.4 ms window=11.02deg worst=8.04deg safe=true
[DEBUG] armors=1, targets=1
[2026-09-09 20:27:00.328] [info] [SYNC][XUC] mode=1 yaw=-6.26 deg pitch=-0.75 deg feeder_rpm=-19.00 wheel0_rpm=6440 wheel1_rpm=6520 wheel_delta=-80 projectile_speed=19.36 gate=0xFF switch=1 rc=1 sticks=1 imu=1 serial=1 control=1 yaw_armed=1 pitch_active=1
[DEBUG] armors=1, targets=1
[2026-09-09 20:27:00.342] [info] [XUC][FIRE] stable-window candidate started
[2026-09-09 20:27:00.342] [info] [XUC][FIRE] qualified after 0 ms/1 frames, current_pixel_error_deg=(-1.51,-0.14) predicted_impact_yaw_error_deg=-0.12 gyro_predict=true face_error=19.18deg omega=+4.824rad_s armed=true
[2026-09-09 20:27:00.344] [info] [SHOT] id=47 issue mode=1 gyro=1 event=1 cycle=151 processing_age_ms=29.9 due_error_ms=+0.07 period_ms=319.4 window_deg=11.02 worst_deg=8.04
[DEBUG] armors=1, targets=1
[2026-09-09 20:27:00.360] [info] [XUC][FIRE] gyro request inhibited during feeder recovery
[2026-09-09 20:27:00.360] [info] [XUC][FIRE] stable window reset
[DEBUG] armors=1, targets=1
[2026-09-09 20:27:00.377] [info] [SHOT] id=47 feeder_start command_to_feeder_ms=33.8 rpm=1842
[DEBUG] armors=1, targets=1
[2026-09-09 20:27:00.392] [info] [GYROPLL] phase_zero cycle=150 sample=347.8 ms periods=1 filtered=320.7 ms residual=+20.3 ms correction=+3.0 ms locks=150 locked=1 reacquired=0 rejects=0 omega=4.899 ekf_omega=+4.818
[DEBUG] armors=1, targets=1
[2026-09-09 20:27:00.410] [info] [SYNC][XUC] mode=1 yaw=-6.27 deg pitch=-0.72 deg feeder_rpm=2069.00 wheel0_rpm=6440 wheel1_rpm=6480 wheel_delta=-40 projectile_speed=19.36 gate=0xFF switch=1 rc=1 sticks=1 imu=1 serial=1 control=1 yaw_armed=1 pitch_active=1
[DEBUG] armors=1, targets=1
[DEBUG] armors=1, targets=1
[DEBUG] armors=1, targets=1
[DEBUG] armors=1, targets=1
[2026-09-09 20:27:00.474] [info] [GYROSCHED] cycle=152 due_in=+198.4 ms hit_in=499.4 ms period=320.7 ms window=11.02deg worst=8.02deg safe=true
[DEBUG] armors=2, targets=1
[2026-09-09 20:27:00.494] [info] [SYNC][XUC] mode=1 yaw=-6.28 deg pitch=-0.73 deg feeder_rpm=1933.00 wheel0_rpm=6440 wheel1_rpm=6480 wheel_delta=-40 projectile_speed=19.36 gate=0xFF switch=1 rc=1 sticks=1 imu=1 serial=1 control=1 yaw_armed=1 pitch_active=1
[DEBUG] armors=2, targets=1
[2026-09-09 20:27:00.509] [info] [DRYRUN] measured_gimbal=(2.948,-0.115,-0.047) measured_world=(2.943,0.208,-0.009) tracked_world=(2.895,0.649,-0.002) target_gimbal_deg=(-2.24,-0.91) target_world_deg=(4.04,-0.17) gimbal_deg=(6.28,-0.73) armor_y_px=620.7 pixel_error_deg=(3.47,1.98) ballistic=(range=2.950m holdover=0.109m comp=2.08deg residual=-0.10deg) q_wxyz=(0.998480,-0.000351,-0.006399,-0.054744) cmd_deg=(5.74,-0.81) packed_pitch_deg=-0.81 control=true shoot=false
[DEBUG] armors=2, targets=1
[2026-09-09 20:27:00.529] [info] [SHOT] id=47 feeder_stop feeder_motion_ms=151.3
[2026-09-09 20:27:00.529] [info] [XUC][FIRE] feeder stopped; gyro recovery hold started for 600 ms
[DEBUG] armors=2, targets=1
[DEBUG] armors=3, targets=1
[DEBUG] armors=2, targets=1
[2026-09-09 20:27:00.582] [info] [SYNC][XUC] mode=1 yaw=-6.31 deg pitch=-0.68 deg feeder_rpm=7.00 wheel0_rpm=6160 wheel1_rpm=6200 wheel_delta=-40 projectile_speed=19.36 gate=0xFF switch=1 rc=1 sticks=1 imu=1 serial=1 control=1 yaw_armed=1 pitch_active=1
[DEBUG] armors=2, targets=1
[DEBUG] armors=3, targets=1
[DEBUG] armors=1, targets=1
[DEBUG] armors=1, targets=1
[2026-09-09 20:27:00.649] [info] [GYROSCHED] cycle=152 due_in=+36.0 ms hit_in=323.9 ms period=320.7 ms window=11.02deg worst=8.02deg safe=true
[DEBUG] armors=1, targets=1
[2026-09-09 20:27:00.668] [info] [SYNC][XUC] mode=1 yaw=-6.18 deg pitch=-0.66 deg feeder_rpm=-4.00 wheel0_rpm=6360 wheel1_rpm=6440 wheel_delta=-80 projectile_speed=19.36 gate=0xFF switch=1 rc=1 sticks=1 imu=1 serial=1 control=1 yaw_armed=1 pitch_active=1
[2026-09-09 20:27:00.683] [info] [ASSOC] selected_face=0 cost=-0.090 detections=1 confidence=0.90
[DEBUG] armors=1, targets=1
[DEBUG] armors=1, targets=1
[DEBUG] armors=1, targets=1
[2026-09-09 20:27:00.718] [info] [GYROPLL] phase_zero cycle=151 sample=328.0 ms periods=1 filtered=321.9 ms residual=+24.6 ms correction=+3.0 ms locks=151 locked=1 reacquired=0 rejects=0 omega=4.880 ekf_omega=+4.830
[DEBUG] armors=0, targets=1
[DEBUG] armors=0, targets=1
[2026-09-09 20:27:00.753] [info] [SYNC][XUC] mode=1 yaw=-6.20 deg pitch=-0.67 deg feeder_rpm=-4.00 wheel0_rpm=6400 wheel1_rpm=6440 wheel_delta=-40 projectile_speed=19.36 gate=0xFF switch=1 rc=1 sticks=1 imu=1 serial=1 control=1 yaw_armed=1 pitch_active=1
[DEBUG] armors=1, targets=1
[DEBUG] armors=1, targets=1
[DEBUG] armors=3, targets=1
[DEBUG] armors=2, targets=1
[DEBUG] armors=1, targets=1
[2026-09-09 20:27:00.840] [info] [SYNC][XUC] mode=1 yaw=-7.45 deg pitch=-0.59 deg feeder_rpm=0.00 wheel0_rpm=6440 wheel1_rpm=6520 wheel_delta=-80 projectile_speed=19.36 gate=0xFF switch=1 rc=1 sticks=1 imu=1 serial=1 control=1 yaw_armed=1 pitch_active=1
[DEBUG] armors=1, targets=1
[2026-09-09 20:27:00.854] [info] [GYROSCHED] cycle=153 due_in=+128.2 ms hit_in=444.8 ms period=321.9 ms window=11.02deg worst=7.99deg safe=true
[2026-09-09 20:27:00.854] [info] [DRYRUN] measured_gimbal=(3.137,0.250,-0.040) measured_world=(3.078,0.655,-0.008) tracked_world=(2.873,0.155,-0.003) target_gimbal_deg=(4.56,-0.72) target_world_deg=(12.01,-0.14) gimbal_deg=(7.45,-0.59) armor_y_px=610.0 pixel_error_deg=(-3.31,1.72) ballistic=(range=3.147m holdover=0.122m comp=2.18deg residual=-0.47deg) q_wxyz=(0.997875,-0.000332,-0.005095,-0.064960) cmd_deg=(5.45,-0.87) packed_pitch_deg=-0.87 control=true shoot=false
[DEBUG] armors=3, targets=1
[DEBUG] armors=2, targets=1
[DEBUG] armors=3, targets=1
[DEBUG] armors=2, targets=1
[2026-09-09 20:27:00.927] [info] [SYNC][XUC] mode=1 yaw=-5.85 deg pitch=-0.67 deg feeder_rpm=0.00 wheel0_rpm=6440 wheel1_rpm=6520 wheel_delta=-80 projectile_speed=19.36 gate=0xFF switch=1 rc=1 sticks=1 imu=1 serial=1 control=1 yaw_armed=1 pitch_active=1
[DEBUG] armors=1, targets=1
[DEBUG] armors=1, targets=1
[DEBUG] armors=1, targets=1
[DEBUG] armors=1, targets=1
[DEBUG] armors=1, targets=1
[2026-09-09 20:27:01.011] [info] [SYNC][XUC] mode=1 yaw=-5.93 deg pitch=-0.68 deg feeder_rpm=0.00 wheel0_rpm=6440 wheel1_rpm=6480 wheel_delta=-40 projectile_speed=19.36 gate=0xFF switch=1 rc=1 sticks=1 imu=1 serial=1 control=1 yaw_armed=1 pitch_active=1
[DEBUG] armors=1, targets=1
[2026-09-09 20:27:01.025] [info] [GYROPLL] phase_zero cycle=152 sample=311.4 ms periods=1 filtered=322.2 ms residual=+11.1 ms correction=+1.7 ms locks=152 locked=1 reacquired=0 rejects=0 omega=4.876 ekf_omega=+5.068
[2026-09-09 20:27:01.025] [info] [GYROSCHED] cycle=154 due_in=+304.6 ms hit_in=597.8 ms period=322.2 ms window=11.02deg worst=7.98deg safe=true
[2026-09-09 20:27:01.028] [info] [PERF] 总耗时=16.6ms (检测=13.5ms, 跟踪=0.5ms), FPS=60.3
[2026-09-09 20:27:01.028] [info] 📊 [CAMERA FPS] 瞬时帧率=60.1fps, 平均帧率=57.9fps, 总帧数=2850, 运行时间=49.2s
[DEBUG] armors=1, targets=1
[DEBUG] armors=1, targets=1
[DEBUG] armors=1, targets=1
[DEBUG] armors=1, targets=1
[2026-09-09 20:27:01.096] [info] [SYNC][XUC] mode=1 yaw=-5.93 deg pitch=-0.66 deg feeder_rpm=0.00 wheel0_rpm=6440 wheel1_rpm=6480 wheel_delta=-40 projectile_speed=19.36 gate=0xFF switch=1 rc=1 sticks=1 imu=1 serial=1 control=1 yaw_armed=1 pitch_active=1
[DEBUG] armors=2, targets=1
[DEBUG] armors=2, targets=1
[2026-09-09 20:27:01.130] [info] [B2DIAG] auto=1 control=1 conv=1 oneface_gate=1 armed=1 motion=1 cadence=0 dyaw_fresh=1 dpitch_fresh=1 yawgate=0 event=1 safe=1 due_ms=+193.5 window_deg=11.02 worst_deg=7.98 yawerr_deg=2.50 pitcherr_deg=-0.13
[DEBUG] armors=2, targets=1
[DEBUG] armors=3, targets=1
[2026-09-09 20:27:01.165] [info] [XUC][FIRE] feeder recovery complete; fresh gyro qualification required
[DEBUG] armors=3, targets=1
[2026-09-09 20:27:01.185] [info] [SYNC][XUC] mode=1 yaw=-5.98 deg pitch=-0.65 deg feeder_rpm=0.00 wheel0_rpm=6440 wheel1_rpm=6480 wheel_delta=-40 projectile_speed=19.36 gate=0xFF switch=1 rc=1 sticks=1 imu=1 serial=1 control=1 yaw_armed=1 pitch_active=1
[DEBUG] armors=3, targets=1
[2026-09-09 20:27:01.201] [info] [GYROSCHED] cycle=154 due_in=+102.7 ms hit_in=422.2 ms period=322.2 ms window=11.02deg worst=7.98deg safe=true
[2026-09-09 20:27:01.201] [info] [DRYRUN] measured_gimbal=(3.186,0.325,-0.044) measured_world=(3.135,0.655,-0.008) tracked_world=(3.328,0.228,-0.004) target_gimbal_deg=(5.83,-0.79) target_world_deg=(11.81,-0.14) gimbal_deg=(5.98,-0.65) armor_y_px=612.1 pixel_error_deg=(-4.54,1.77) ballistic=(range=3.202m holdover=0.126m comp=2.21deg residual=-0.44deg) q_wxyz=(0.998624,-0.000297,-0.005689,-0.052139) cmd_deg=(5.86,-0.81) packed_pitch_deg=-0.81 control=true shoot=false
[DEBUG] armors=2, targets=1
[DEBUG] armors=2, targets=1
[DEBUG] armors=3, targets=1
[DEBUG] armors=1, targets=1
[2026-09-09 20:27:01.273] [info] [SYNC][XUC] mode=1 yaw=-5.94 deg pitch=-0.63 deg feeder_rpm=0.00 wheel0_rpm=6440 wheel1_rpm=6480 wheel_delta=-40 projectile_speed=19.36 gate=0xFF switch=1 rc=1 sticks=1 imu=1 serial=1 control=1 yaw_armed=1 pitch_active=1
[DEBUG] armors=1, targets=1
[DEBUG] armors=1, targets=1
[2026-09-09 20:27:01.305] [info] [XUC][FIRE] stable-window candidate started
[2026-09-09 20:27:01.305] [info] [XUC][FIRE] qualified after 0 ms/1 frames, current_pixel_error_deg=(-1.61,-0.26) predicted_impact_yaw_error_deg=inf gyro_predict=true face_error=infdeg omega=+4.955rad_s armed=true
[2026-09-09 20:27:01.320] [info] [SHOT] id=48 issue mode=1 gyro=1 event=1 cycle=154 processing_age_ms=45.8 due_error_ms=+0.07 period_ms=322.2 window_deg=11.02 worst_deg=7.98
[DEBUG] armors=1, targets=1
[2026-09-09 20:27:01.336] [info] [XUC][FIRE] gyro request inhibited during feeder recovery
[2026-09-09 20:27:01.336] [info] [XUC][FIRE] stable window reset
[DEBUG] armors=1, targets=1
[2026-09-09 20:27:01.352] [info] [GYROPLL] phase_zero cycle=153 sample=323.2 ms periods=1 filtered=322.6 ms residual=+10.5 ms correction=+1.6 ms locks=153 locked=1 reacquired=0 rejects=0 omega=4.870 ekf_omega=+4.976
[2026-09-09 20:27:01.354] [info] [SHOT] id=48 feeder_start command_to_feeder_ms=34.2 rpm=1505
[DEBUG] armors=1, targets=1
[2026-09-09 20:27:01.370] [info] [SYNC][XUC] mode=1 yaw=-5.94 deg pitch=-0.59 deg feeder_rpm=1724.00 wheel0_rpm=6440 wheel1_rpm=6520 wheel_delta=-80 projectile_speed=19.36 gate=0xFF switch=1 rc=1 sticks=1 imu=1 serial=1 control=1 yaw_armed=1 pitch_active=1
[DEBUG] armors=1, targets=1
[2026-09-09 20:27:01.384] [info] [GYROSCHED] cycle=155 due_in=+263.7 ms hit_in=563.7 ms period=322.6 ms window=11.02deg worst=7.98deg safe=true
[DEBUG] armors=1, targets=1
[DEBUG] armors=1, targets=1
[DEBUG] armors=3, targets=1
[DEBUG] armors=3, targets=1
[2026-09-09 20:27:01.456] [info] [SYNC][XUC] mode=1 yaw=-5.96 deg pitch=-0.58 deg feeder_rpm=2113.00 wheel0_rpm=6440 wheel1_rpm=6480 wheel_delta=-40 projectile_speed=19.36 gate=0xFF switch=1 rc=1 sticks=1 imu=1 serial=1 control=1 yaw_armed=1 pitch_active=1
[DEBUG] armors=3, targets=1
[DEBUG] armors=3, targets=1
[DEBUG] armors=3, targets=1
[2026-09-09 20:27:01.508] [info] [SHOT] id=48 feeder_stop feeder_motion_ms=153.7
[2026-09-09 20:27:01.508] [info] [XUC][FIRE] feeder stopped; gyro recovery hold started for 600 ms
[DEBUG] armors=2, targets=1
[DEBUG] armors=3, targets=1
[2026-09-09 20:27:01.542] [info] [SYNC][XUC] mode=1 yaw=-5.94 deg pitch=-0.57 deg feeder_rpm=18.00 wheel0_rpm=6440 wheel1_rpm=6480 wheel_delta=-40 projectile_speed=19.36 gate=0xFF switch=1 rc=1 sticks=1 imu=1 serial=1 control=1 yaw_armed=1 pitch_active=1
[DEBUG] armors=2, targets=1
[2026-09-09 20:27:01.558] [info] [GYROSCHED] cycle=155 due_in=+90.4 ms hit_in=389.8 ms period=322.6 ms window=11.02deg worst=7.98deg safe=true
[2026-09-09 20:27:01.558] [info] [DRYRUN] measured_gimbal=(2.801,0.255,-0.031) measured_world=(2.760,0.544,-0.004) tracked_world=(3.235,0.718,-0.008) target_gimbal_deg=(5.20,-0.64) target_world_deg=(11.14,-0.08) gimbal_deg=(5.94,-0.57) armor_y_px=612.4 pixel_error_deg=(-4.02,1.78) ballistic=(range=2.813m holdover=0.101m comp=2.02deg residual=-0.24deg) q_wxyz=(0.998643,-0.000256,-0.004933,-0.051836) cmd_deg=(5.80,-0.78) packed_pitch_deg=-0.78 control=true shoot=false
[DEBUG] armors=1, targets=1
[2026-09-09 20:27:01.592] [info] [ASSOC] selected_face=1 cost=-0.037 detections=2 confidence=0.52
[DEBUG] armors=2, targets=1
[DEBUG] armors=1, targets=1
[DEBUG] armors=1, targets=1
[2026-09-09 20:27:01.629] [info] [SYNC][XUC] mode=1 yaw=-5.96 deg pitch=-0.56 deg feeder_rpm=0.00 wheel0_rpm=6320 wheel1_rpm=6360 wheel_delta=-40 projectile_speed=19.36 gate=0xFF switch=1 rc=1 sticks=1 imu=1 serial=1 control=1 yaw_armed=1 pitch_active=1
[DEBUG] armors=1, targets=1
[DEBUG] armors=1, targets=1
[2026-09-09 20:27:01.661] [info] [GYROPLL] phase_zero cycle=154 sample=319.7 ms periods=1 filtered=322.4 ms residual=+6.1 ms correction=+0.9 ms locks=154 locked=1 reacquired=0 rejects=0 omega=4.872 ekf_omega=+5.007
[DEBUG] armors=1, targets=1
[DEBUG] armors=1, targets=1
[DEBUG] armors=0, targets=1
[2026-09-09 20:27:01.712] [info] [SYNC][XUC] mode=1 yaw=-5.96 deg pitch=-0.52 deg feeder_rpm=0.00 wheel0_rpm=6400 wheel1_rpm=6480 wheel_delta=-80 projectile_speed=19.36 gate=0xFF switch=1 rc=1 sticks=1 imu=1 serial=1 control=1 yaw_armed=1 pitch_active=1
[DEBUG] armors=0, targets=1
[DEBUG] armors=0, targets=1
[DEBUG] armors=1, targets=1
[DEBUG] armors=3, targets=1
[2026-09-09 20:27:01.777] [info] [GYROSCHED] cycle=156 due_in=+189.3 ms hit_in=494.2 ms period=322.4 ms window=11.02deg worst=7.98deg safe=true
[DEBUG] armors=3, targets=1
[2026-09-09 20:27:01.796] [info] [SYNC][XUC] mode=1 yaw=-8.08 deg pitch=-0.46 deg feeder_rpm=-4.00 wheel0_rpm=6440 wheel1_rpm=6480 wheel_delta=-40 projectile_speed=19.36 gate=0xFF switch=1 rc=1 sticks=1 imu=1 serial=1 control=1 yaw_armed=1 pitch_active=1
[DEBUG] armors=1, targets=1
[DEBUG] armors=1, targets=1
[DEBUG] armors=1, targets=1
[DEBUG] armors=3, targets=1
[DEBUG] armors=3, targets=1
[2026-09-09 20:27:01.881] [info] [SYNC][XUC] mode=1 yaw=-7.98 deg pitch=-0.49 deg feeder_rpm=0.00 wheel0_rpm=6440 wheel1_rpm=6480 wheel_delta=-40 projectile_speed=19.36 gate=0xFF switch=1 rc=1 sticks=1 imu=1 serial=1 control=1 yaw_armed=1 pitch_active=1
[DEBUG] armors=2, targets=1
[2026-09-09 20:27:01.895] [info] [DRYRUN] measured_gimbal=(2.524,0.129,-0.015) measured_world=(2.482,0.478,0.007) tracked_world=(2.748,0.513,-0.002) target_gimbal_deg=(2.92,-0.34) target_world_deg=(10.90,0.15) gimbal_deg=(7.98,-0.49) armor_y_px=605.9 pixel_error_deg=(-1.82,1.62) ballistic=(range=2.528m holdover=0.086m comp=1.90deg residual=-0.28deg) q_wxyz=(0.997570,-0.000300,-0.004305,-0.069542) cmd_deg=(6.45,-0.78) packed_pitch_deg=-0.78 control=true shoot=false
[2026-09-09 20:27:01.898] [info] [PERF] 总耗时=16.4ms (检测=13.3ms, 跟踪=0.9ms), FPS=60.9
[2026-09-09 20:27:01.898] [info] 📊 [CAMERA FPS] 瞬时帧率=60.7fps, 平均帧率=57.9fps, 总帧数=2900, 运行时间=50.1s
[DEBUG] armors=2, targets=1
[DEBUG] armors=1, targets=1
[DEBUG] armors=1, targets=1
[2026-09-09 20:27:01.943] [info] [GYROSCHED] cycle=156 due_in=+45.2 ms hit_in=327.8 ms period=322.4 ms window=11.02deg worst=7.98deg safe=true
[DEBUG] armors=1, targets=1
[2026-09-09 20:27:01.963] [info] [SYNC][XUC] mode=1 yaw=-5.95 deg pitch=-0.49 deg feeder_rpm=0.00 wheel0_rpm=6440 wheel1_rpm=6480 wheel_delta=-40 projectile_speed=19.36 gate=0xFF switch=1 rc=1 sticks=1 imu=1 serial=1 control=1 yaw_armed=1 pitch_active=1
[DEBUG] armors=1, targets=1
[2026-09-09 20:27:01.977] [info] [GYROPLL] phase_zero cycle=155 sample=303.3 ms periods=1 filtered=321.5 ms residual=-13.9 ms correction=-2.1 ms locks=155 locked=1 reacquired=0 rejects=0 omega=4.886 ekf_omega=+5.113
[DEBUG] armors=1, targets=1
[2026-09-09 20:27:01.994] [info] [B2DIAG] auto=1 control=1 conv=1 oneface_gate=1 armed=1 motion=1 cadence=0 dyaw_fresh=1 dpitch_fresh=1 yawgate=0 event=1 safe=1 due_ms=+303.8 window_deg=11.02 worst_deg=8.00 yawerr_deg=-0.11 pitcherr_deg=-0.28
[DEBUG] armors=1, targets=1
[DEBUG] armors=1, targets=1
[DEBUG] armors=1, targets=1
[2026-09-09 20:27:02.047] [info] [SYNC][XUC] mode=1 yaw=-6.31 deg pitch=-0.53 deg feeder_rpm=0.00 wheel0_rpm=6440 wheel1_rpm=6480 wheel_delta=-40 projectile_speed=19.36 gate=0xFF switch=1 rc=1 sticks=1 imu=1 serial=1 control=1 yaw_armed=1 pitch_active=1
[DEBUG] armors=1, targets=1
[DEBUG] armors=2, targets=1
[DEBUG] armors=2, targets=1
[DEBUG] armors=3, targets=1
[2026-09-09 20:27:02.112] [info] [GYROSCHED] cycle=157 due_in=+180.1 ms hit_in=477.8 ms period=321.5 ms window=11.02deg worst=8.00deg safe=true
[DEBUG] armors=2, targets=1
[2026-09-09 20:27:02.131] [info] [SYNC][XUC] mode=1 yaw=-6.13 deg pitch=-0.52 deg feeder_rpm=0.00 wheel0_rpm=6440 wheel1_rpm=6480 wheel_delta=-40 projectile_speed=19.36 gate=0xFF switch=1 rc=1 sticks=1 imu=1 serial=1 control=1 yaw_armed=1 pitch_active=1
[DEBUG] armors=2, targets=1
[2026-09-09 20:27:02.146] [info] [XUC][FIRE] feeder recovery complete; fresh gyro qualification required
[DEBUG] armors=2, targets=1
[DEBUG] armors=2, targets=1
[DEBUG] armors=2, targets=1
[DEBUG] armors=2, targets=1
[2026-09-09 20:27:02.218] [info] [SYNC][XUC] mode=1 yaw=-6.18 deg pitch=-0.50 deg feeder_rpm=0.00 wheel0_rpm=6440 wheel1_rpm=6480 wheel_delta=-40 projectile_speed=19.36 gate=0xFF switch=1 rc=1 sticks=1 imu=1 serial=1 control=1 yaw_armed=1 pitch_active=1
[DEBUG] armors=1, targets=1
[2026-09-09 20:27:02.232] [info] [DRYRUN] measured_gimbal=(2.757,0.176,-0.026) measured_world=(2.722,0.472,-0.002) tracked_world=(2.943,0.089,-0.005) target_gimbal_deg=(3.65,-0.53) target_world_deg=(9.83,-0.03) gimbal_deg=(6.18,-0.50) armor_y_px=608.9 pixel_error_deg=(-2.48,1.69) ballistic=(range=2.763m holdover=0.098m comp=1.99deg residual=-0.31deg) q_wxyz=(0.998537,-0.000235,-0.004362,-0.053896) cmd_deg=(5.67,-0.78) packed_pitch_deg=-0.78 control=true shoot=false
[DEBUG] armors=1, targets=1
[DEBUG] armors=1, targets=1
[2026-09-09 20:27:02.266] [info] [XUC][FIRE] stable-window candidate started
[2026-09-09 20:27:02.266] [info] [XUC][FIRE] qualified after 0 ms/1 frames, current_pixel_error_deg=(-1.48,-0.40) predicted_impact_yaw_error_deg=-0.88 gyro_predict=true face_error=14.39deg omega=+4.826rad_s armed=true
[2026-09-09 20:27:02.285] [info] [SHOT] id=49 issue mode=1 gyro=1 event=1 cycle=157 processing_age_ms=51.0 due_error_ms=+0.07 period_ms=321.5 window_deg=11.02 worst_deg=8.00
[DEBUG] armors=1, targets=1
[2026-09-09 20:27:02.301] [info] [XUC][FIRE] gyro request inhibited during feeder recovery
[2026-09-09 20:27:02.301] [info] [GYROSCHED] cycle=158 due_in=+309.8 ms hit_in=610.2 ms period=321.5 ms window=11.02deg worst=8.00deg safe=true
[2026-09-09 20:27:02.301] [info] [XUC][FIRE] stable window reset
[DEBUG] armors=1, targets=1
[2026-09-09 20:27:02.317] [info] [GYROPLL] phase_zero cycle=156 sample=345.0 ms periods=1 filtered=321.9 ms residual=+11.7 ms correction=+1.8 ms locks=156 locked=1 reacquired=0 rejects=0 omega=4.880 ekf_omega=+4.841
[2026-09-09 20:27:02.319] [info] [SHOT] id=49 feeder_start command_to_feeder_ms=33.8 rpm=1464
[2026-09-09 20:27:02.319] [info] [SYNC][XUC] mode=1 yaw=-6.17 deg pitch=-0.53 deg feeder_rpm=1464.00 wheel0_rpm=6440 wheel1_rpm=6480 wheel_delta=-40 projectile_speed=19.36 gate=0xFF switch=1 rc=1 sticks=1 imu=1 serial=1 control=1 yaw_armed=1 pitch_active=1
[DEBUG] armors=1, targets=1
[DEBUG] armors=1, targets=1
[DEBUG] armors=1, targets=1
[DEBUG] armors=1, targets=1
[DEBUG] armors=2, targets=1
[2026-09-09 20:27:02.403] [info] [SYNC][XUC] mode=1 yaw=-6.15 deg pitch=-0.51 deg feeder_rpm=2080.00 wheel0_rpm=6440 wheel1_rpm=6480 wheel_delta=-40 projectile_speed=19.36 gate=0xFF switch=1 rc=1 sticks=1 imu=1 serial=1 control=1 yaw_armed=1 pitch_active=1
[DEBUG] armors=2, targets=1
[DEBUG] armors=3, targets=1
[DEBUG] armors=3, targets=1
[DEBUG] armors=3, targets=1
[2026-09-09 20:27:02.471] [info] [GYROSCHED] cycle=158 due_in=+138.5 ms hit_in=442.7 ms period=321.9 ms window=11.02deg worst=7.99deg safe=true
[2026-09-09 20:27:02.473] [info] [SHOT] id=49 feeder_stop feeder_motion_ms=154.5
[2026-09-09 20:27:02.473] [info] [XUC][FIRE] feeder stopped; gyro recovery hold started for 600 ms
[DEBUG] armors=3, targets=1
[2026-09-09 20:27:02.491] [info] [SYNC][XUC] mode=1 yaw=-6.15 deg pitch=-0.51 deg feeder_rpm=40.00 wheel0_rpm=6440 wheel1_rpm=6480 wheel_delta=-40 projectile_speed=19.36 gate=0xFF switch=1 rc=1 sticks=1 imu=1 serial=1 control=1 yaw_armed=1 pitch_active=1
[2026-09-09 20:27:02.506] [info] [ASSOC] selected_face=3 cost=-0.027 detections=3 confidence=0.46
[DEBUG] armors=3, targets=1
[DEBUG] armors=2, targets=1
[DEBUG] armors=3, targets=1
[DEBUG] armors=1, targets=1
[DEBUG] armors=1, targets=1
[2026-09-09 20:27:02.577] [info] [SYNC][XUC] mode=1 yaw=-6.15 deg pitch=-0.51 deg feeder_rpm=-11.00 wheel0_rpm=6120 wheel1_rpm=6160 wheel_delta=-40 projectile_speed=19.36 gate=0xFF switch=1 rc=1 sticks=1 imu=1 serial=1 control=1 yaw_armed=1 pitch_active=1
[DEBUG] armors=1, targets=1
[2026-09-09 20:27:02.591] [info] [DRYRUN] measured_gimbal=(2.735,0.118,-0.025) measured_world=(2.706,0.410,-0.000) tracked_world=(3.421,0.380,-0.007) target_gimbal_deg=(2.46,-0.52) target_world_deg=(8.61,-0.01) gimbal_deg=(6.15,-0.51) armor_y_px=608.6 pixel_error_deg=(-1.30,1.68) ballistic=(range=2.737m holdover=0.097m comp=1.98deg residual=-0.30deg) q_wxyz=(0.998550,-0.000240,-0.004463,-0.053644) cmd_deg=(5.65,-0.73) packed_pitch_deg=-0.73 control=true shoot=false
[DEBUG] armors=1, targets=1
[DEBUG] armors=1, targets=1
[DEBUG] armors=1, targets=1
[2026-09-09 20:27:02.644] [info] [GYROPLL] phase_zero cycle=157 sample=322.2 ms periods=1 filtered=321.7 ms residual=+10.3 ms correction=+1.5 ms locks=157 locked=1 reacquired=0 rejects=0 omega=4.882 ekf_omega=+4.977
[2026-09-09 20:27:02.644] [info] [GYROSCHED] cycle=159 due_in=+298.9 ms hit_in=592.8 ms period=321.7 ms window=11.01deg worst=7.99deg safe=true
[DEBUG] armors=1, targets=1
[2026-09-09 20:27:02.663] [info] [SYNC][XUC] mode=1 yaw=-6.13 deg pitch=-0.50 deg feeder_rpm=0.00 wheel0_rpm=6360 wheel1_rpm=6440 wheel_delta=-80 projectile_speed=19.36 gate=0xFF switch=1 rc=1 sticks=1 imu=1 serial=1 control=1 yaw_armed=1 pitch_active=1
[DEBUG] armors=1, targets=1
[DEBUG] armors=1, targets=1
[DEBUG] armors=2, targets=1
[DEBUG] armors=3, targets=1
[DEBUG] armors=3, targets=1
[2026-09-09 20:27:02.750] [info] [SYNC][XUC] mode=1 yaw=-6.14 deg pitch=-0.52 deg feeder_rpm=0.00 wheel0_rpm=6400 wheel1_rpm=6520 wheel_delta=-120 projectile_speed=19.36 gate=0xFF switch=1 rc=1 sticks=1 imu=1 serial=1 control=1 yaw_armed=1 pitch_active=1
[DEBUG] armors=3, targets=1
[2026-09-09 20:27:02.768] [info] [PERF] 总耗时=17.8ms (检测=14.0ms, 跟踪=1.2ms), FPS=56.2
[2026-09-09 20:27:02.768] [info] 📊 [CAMERA FPS] 瞬时帧率=56.0fps, 平均帧率=57.9fps, 总帧数=2950, 运行时间=50.9s
[DEBUG] armors=3, targets=1
[DEBUG] armors=2, targets=1
[DEBUG] armors=3, targets=1
[2026-09-09 20:27:02.817] [info] [GYROSCHED] cycle=159 due_in=+115.0 ms hit_in=419.7 ms period=321.7 ms window=11.02deg worst=7.99deg safe=true
[DEBUG] armors=2, targets=1
[2026-09-09 20:27:02.836] [info] [SYNC][XUC] mode=1 yaw=-6.12 deg pitch=-0.49 deg feeder_rpm=-4.00 wheel0_rpm=6440 wheel1_rpm=6480 wheel_delta=-40 projectile_speed=19.36 gate=0xFF switch=1 rc=1 sticks=1 imu=1 serial=1 control=1 yaw_armed=1 pitch_active=1
[DEBUG] armors=2, targets=1
[DEBUG] armors=1, targets=1
[2026-09-09 20:27:02.868] [info] [B2DIAG] auto=1 control=1 conv=1 oneface_gate=1 armed=1 motion=1 cadence=0 dyaw_fresh=1 dpitch_fresh=1 yawgate=0 event=1 safe=1 due_ms=+67.8 window_deg=11.01 worst_deg=7.99 yawerr_deg=-3.03 pitcherr_deg=-0.31
[DEBUG] armors=1, targets=1
[DEBUG] armors=1, targets=1
[DEBUG] armors=1, targets=1
[2026-09-09 20:27:02.922] [info] [SYNC][XUC] mode=1 yaw=-6.13 deg pitch=-0.52 deg feeder_rpm=0.00 wheel0_rpm=6440 wheel1_rpm=6480 wheel_delta=-40 projectile_speed=19.36 gate=0xFF switch=1 rc=1 sticks=1 imu=1 serial=1 control=1 yaw_armed=1 pitch_active=1
[DEBUG] armors=1, targets=1
[2026-09-09 20:27:02.937] [info] [DRYRUN] measured_gimbal=(2.723,0.101,-0.027) measured_world=(2.697,0.391,-0.002) tracked_world=(3.050,0.760,-0.005) target_gimbal_deg=(2.12,-0.57) target_world_deg=(8.25,-0.05) gimbal_deg=(6.13,-0.52) armor_y_px=610.8 pixel_error_deg=(-0.96,1.74) ballistic=(range=2.725m holdover=0.096m comp=1.98deg residual=-0.24deg) q_wxyz=(0.998558,-0.000241,-0.004506,-0.053493) cmd_deg=(6.24,-0.73) packed_pitch_deg=-0.73 control=true shoot=false
[DEBUG] armors=1, targets=1
[2026-09-09 20:27:02.954] [info] [GYROPLL] phase_zero cycle=158 sample=308.1 ms periods=1 filtered=320.9 ms residual=-4.9 ms correction=-0.7 ms locks=158 locked=1 reacquired=0 rejects=0 omega=4.895 ekf_omega=+5.131
[DEBUG] armors=1, targets=1
[DEBUG] armors=1, targets=1
[2026-09-09 20:27:02.989] [info] [GYROSCHED] cycle=160 due_in=+271.0 ms hit_in=566.6 ms period=320.9 ms window=11.01deg worst=8.01deg safe=true
[DEBUG] armors=1, targets=1
[2026-09-09 20:27:03.009] [info] [SYNC][XUC] mode=1 yaw=-6.16 deg pitch=-0.51 deg feeder_rpm=-4.00 wheel0_rpm=6440 wheel1_rpm=6480 wheel_delta=-40 projectile_speed=19.36 gate=0xFF switch=1 rc=1 sticks=1 imu=1 serial=1 control=1 yaw_armed=1 pitch_active=1
[DEBUG] armors=1, targets=1
[DEBUG] armors=1, targets=1
[DEBUG] armors=2, targets=1
[DEBUG] armors=3, targets=1
[DEBUG] armors=2, targets=1
[2026-09-09 20:27:03.098] [info] [SYNC][XUC] mode=1 yaw=-6.15 deg pitch=-0.50 deg feeder_rpm=0.00 wheel0_rpm=6440 wheel1_rpm=6520 wheel_delta=-80 projectile_speed=19.36 gate=0xFF switch=1 rc=1 sticks=1 imu=1 serial=1 control=1 yaw_armed=1 pitch_active=1
[DEBUG] armors=3, targets=1
[2026-09-09 20:27:03.112] [info] [XUC][FIRE] feeder recovery complete; fresh gyro qualification required
[DEBUG] armors=3, targets=1
[DEBUG] armors=3, targets=1
[DEBUG] armors=2, targets=1
[2026-09-09 20:27:03.165] [info] [GYROSCHED] cycle=160 due_in=+91.1 ms hit_in=391.4 ms period=320.9 ms window=11.01deg worst=8.01deg safe=true
[DEBUG] armors=3, targets=1
[2026-09-09 20:27:03.185] [info] [SYNC][XUC] mode=1 yaw=-6.16 deg pitch=-0.50 deg feeder_rpm=0.00 wheel0_rpm=6440 wheel1_rpm=6480 wheel_delta=-40 projectile_speed=19.36 gate=0xFF switch=1 rc=1 sticks=1 imu=1 serial=1 control=1 yaw_armed=1 pitch_active=1
[DEBUG] armors=1, targets=1
[DEBUG] armors=1, targets=1
[DEBUG] armors=1, targets=1
[DEBUG] armors=1, targets=1
[2026-09-09 20:27:03.251] [info] [XUC][FIRE] stable-window candidate started
[2026-09-09 20:27:03.251] [info] [XUC][FIRE] qualified after 0 ms/1 frames, current_pixel_error_deg=(-1.02,-0.38) predicted_impact_yaw_error_deg=inf gyro_predict=true face_error=infdeg omega=+5.026rad_s armed=true
[2026-09-09 20:27:03.258] [info] [SHOT] id=50 issue mode=1 gyro=1 event=1 cycle=160 processing_age_ms=37.2 due_error_ms=+0.02 period_ms=320.9 window_deg=11.01 worst_deg=8.01
[DEBUG] armors=1, targets=1
[2026-09-09 20:27:03.274] [info] [XUC][FIRE] gyro request inhibited during feeder recovery
[2026-09-09 20:27:03.274] [info] [GYROPLL] phase_zero cycle=159 sample=321.8 ms periods=1 filtered=321.0 ms residual=-3.3 ms correction=-0.5 ms locks=159 locked=1 reacquired=0 rejects=0 omega=4.894 ekf_omega=+4.960
[2026-09-09 20:27:03.274] [info] [XUC][FIRE] stable window reset
[2026-09-09 20:27:03.277] [info] [SHOT] id=50 feeder_start command_to_feeder_ms=18.9 rpm=648
[2026-09-09 20:27:03.277] [info] [SYNC][XUC] mode=1 yaw=-6.17 deg pitch=-0.52 deg feeder_rpm=648.00 wheel0_rpm=6440 wheel1_rpm=6480 wheel_delta=-40 projectile_speed=19.36 gate=0xFF switch=1 rc=1 sticks=1 imu=1 serial=1 control=1 yaw_armed=1 pitch_active=1
[DEBUG] armors=1, targets=1
[2026-09-09 20:27:03.291] [info] [DRYRUN] measured_gimbal=(2.750,0.041,-0.024) measured_world=(2.730,0.337,0.001) tracked_world=(2.704,0.333,0.003) target_gimbal_deg=(0.86,-0.51) target_world_deg=(7.03,0.02) gimbal_deg=(6.17,-0.52) armor_y_px=607.9 pixel_error_deg=(0.30,1.67) ballistic=(range=2.750m holdover=0.098m comp=1.99deg residual=-0.32deg) q_wxyz=(0.998542,-0.000246,-0.004565,-0.053785) cmd_deg=(6.12,-0.78) packed_pitch_deg=-0.78 control=true shoot=false
[DEBUG] armors=1, targets=1
[DEBUG] armors=1, targets=1
[DEBUG] armors=1, targets=1
[2026-09-09 20:27:03.342] [info] [GYROSCHED] cycle=161 due_in=+235.6 ms hit_in=534.8 ms period=321.0 ms window=11.01deg worst=8.01deg safe=true
[DEBUG] armors=2, targets=1
[2026-09-09 20:27:03.361] [info] [SYNC][XUC] mode=1 yaw=-6.16 deg pitch=-0.55 deg feeder_rpm=2032.00 wheel0_rpm=6440 wheel1_rpm=6480 wheel_delta=-40 projectile_speed=19.36 gate=0xFF switch=1 rc=1 sticks=1 imu=1 serial=1 control=1 yaw_armed=1 pitch_active=1
[2026-09-09 20:27:03.376] [info] [ASSOC] selected_face=0 cost=-0.065 detections=2 confidence=0.85
[DEBUG] armors=2, targets=1
[DEBUG] armors=2, targets=1
[DEBUG] armors=2, targets=1
[DEBUG] armors=2, targets=1
[DEBUG] armors=2, targets=1
[2026-09-09 20:27:03.447] [info] [SHOT] id=50 feeder_stop feeder_motion_ms=169.9
[2026-09-09 20:27:03.447] [info] [XUC][FIRE] feeder stopped; gyro recovery hold started for 600 ms
[2026-09-09 20:27:03.447] [info] [SYNC][XUC] mode=1 yaw=-6.15 deg pitch=-0.55 deg feeder_rpm=-48.00 wheel0_rpm=6440 wheel1_rpm=6520 wheel_delta=-80 projectile_speed=19.36 gate=0xFF switch=1 rc=1 sticks=1 imu=1 serial=1 control=1 yaw_armed=1 pitch_active=1
[DEBUG] armors=2, targets=1
[DEBUG] armors=2, targets=1
[DEBUG] armors=2, targets=1
[DEBUG] armors=2, targets=1
[2026-09-09 20:27:03.513] [info] [GYROSCHED] cycle=161 due_in=+65.5 ms hit_in=364.0 ms period=321.0 ms window=11.01deg worst=8.01deg safe=true
[DEBUG] armors=1, targets=1
[2026-09-09 20:27:03.530] [info] [SYNC][XUC] mode=1 yaw=-6.13 deg pitch=-0.60 deg feeder_rpm=-4.00 wheel0_rpm=6320 wheel1_rpm=6400 wheel_delta=-80 projectile_speed=19.36 gate=0xFF switch=1 rc=1 sticks=1 imu=1 serial=1 control=1 yaw_armed=1 pitch_active=1
[DEBUG] armors=1, targets=1
[DEBUG] armors=1, targets=1
[DEBUG] armors=1, targets=1
[DEBUG] armors=1, targets=1
[2026-09-09 20:27:03.594] [info] [GYROPLL] phase_zero cycle=160 sample=330.8 ms periods=1 filtered=321.1 ms residual=+7.0 ms correction=+1.1 ms locks=160 locked=1 reacquired=0 rejects=0 omega=4.892 ekf_omega=+4.914
[DEBUG] armors=0, targets=1
[2026-09-09 20:27:03.614] [info] [SYNC][XUC] mode=1 yaw=-6.13 deg pitch=-0.60 deg feeder_rpm=0.00 wheel0_rpm=6400 wheel1_rpm=6480 wheel_delta=-80 projectile_speed=19.36 gate=0xFF switch=1 rc=1 sticks=1 imu=1 serial=1 control=1 yaw_armed=1 pitch_active=1
[DEBUG] armors=0, targets=1
[2026-09-09 20:27:03.630] [info] [PERF] 总耗时=16.0ms (检测=13.2ms, 跟踪=0.0ms), FPS=62.5
[2026-09-09 20:27:03.630] [info] 📊 [CAMERA FPS] 瞬时帧率=62.4fps, 平均帧率=57.9fps, 总帧数=3000, 运行时间=51.8s
[DEBUG] armors=0, targets=1
[DEBUG] armors=2, targets=1
[DEBUG] armors=2, targets=1
[DEBUG] armors=2, targets=1
[2026-09-09 20:27:03.697] [info] [SYNC][XUC] mode=1 yaw=-8.19 deg pitch=-0.57 deg feeder_rpm=-4.00 wheel0_rpm=6440 wheel1_rpm=6480 wheel_delta=-40 projectile_speed=19.36 gate=0xFF switch=1 rc=1 sticks=1 imu=1 serial=1 control=1 yaw_armed=1 pitch_active=1
[DEBUG] armors=1, targets=1
[DEBUG] armors=1, targets=1
[2026-09-09 20:27:03.728] [info] [GYROSCHED] cycle=162 due_in=+150.4 ms hit_in=470.9 ms period=321.1 ms window=11.01deg worst=8.01deg safe=true
[2026-09-09 20:27:03.728] [info] [B2DIAG] auto=1 control=1 conv=1 oneface_gate=1 armed=1 motion=1 cadence=0 dyaw_fresh=1 dpitch_fresh=1 yawgate=0 event=1 safe=1 due_ms=+150.4 window_deg=11.01 worst_deg=8.01 yawerr_deg=-2.76 pitcherr_deg=-0.54
[DEBUG] armors=1, targets=1
[DEBUG] armors=3, targets=1
[DEBUG] armors=3, targets=1
[2026-09-09 20:27:03.782] [info] [SYNC][XUC] mode=1 yaw=-7.07 deg pitch=-0.63 deg feeder_rpm=0.00 wheel0_rpm=6440 wheel1_rpm=6520 wheel_delta=-80 projectile_speed=19.36 gate=0xFF switch=1 rc=1 sticks=1 imu=1 serial=1 control=1 yaw_armed=1 pitch_active=1
[DEBUG] armors=3, targets=1
[DEBUG] armors=2, targets=1
[DEBUG] armors=1, targets=1
[DEBUG] armors=1, targets=1
[DEBUG] armors=1, targets=1
[2026-09-09 20:27:03.869] [info] [SYNC][XUC] mode=1 yaw=-5.65 deg pitch=-0.63 deg feeder_rpm=0.00 wheel0_rpm=6440 wheel1_rpm=6480 wheel_delta=-40 projectile_speed=19.36 gate=0xFF switch=1 rc=1 sticks=1 imu=1 serial=1 control=1 yaw_armed=1 pitch_active=1
[DEBUG] armors=1, targets=1
[DEBUG] armors=2, targets=1
[2026-09-09 20:27:03.900] [info] [GYROPLL] phase_zero cycle=161 sample=302.3 ms periods=1 filtered=320.7 ms residual=-12.8 ms correction=-1.9 ms locks=161 locked=1 reacquired=0 rejects=0 omega=4.898 ekf_omega=+5.161
[2026-09-09 20:27:03.900] [info] [GYROSCHED] cycle=163 due_in=+317.6 ms hit_in=616.8 ms period=320.7 ms window=11.01deg worst=8.02deg safe=true
[DEBUG] armors=1, targets=1
[DEBUG] armors=1, targets=1
[DEBUG] armors=1, targets=1
[2026-09-09 20:27:03.953] [info] [SYNC][XUC] mode=1 yaw=-5.93 deg pitch=-0.64 deg feeder_rpm=0.00 wheel0_rpm=6440 wheel1_rpm=6480 wheel_delta=-40 projectile_speed=19.36 gate=0xFF switch=1 rc=1 sticks=1 imu=1 serial=1 control=1 yaw_armed=1 pitch_active=1
[DEBUG] armors=1, targets=1
[2026-09-09 20:27:03.967] [info] [DRYRUN] measured_gimbal=(2.780,0.003,-0.034) measured_world=(2.765,0.291,-0.003) tracked_world=(3.375,0.581,-0.001) target_gimbal_deg=(0.07,-0.69) target_world_deg=(6.00,-0.05) gimbal_deg=(5.93,-0.64) armor_y_px=614.8 pixel_error_deg=(1.11,1.83) ballistic=(range=2.780m holdover=0.099m comp=2.00deg residual=-0.17deg) q_wxyz=(0.998644,-0.000287,-0.005547,-0.051762) cmd_deg=(6.28,-0.81) packed_pitch_deg=-0.81 control=true shoot=false
[DEBUG] armors=1, targets=1
[DEBUG] armors=2, targets=1
[DEBUG] armors=3, targets=1
[DEBUG] armors=3, targets=1
[2026-09-09 20:27:04.040] [info] [SYNC][XUC] mode=1 yaw=-5.85 deg pitch=-0.67 deg feeder_rpm=0.00 wheel0_rpm=6440 wheel1_rpm=6480 wheel_delta=-40 projectile_speed=19.36 gate=0xFF switch=1 rc=1 sticks=1 imu=1 serial=1 control=1 yaw_armed=1 pitch_active=1
[DEBUG] armors=3, targets=1
[DEBUG] armors=3, targets=1
[2026-09-09 20:27:04.072] [info] [GYROSCHED] cycle=163 due_in=+130.6 ms hit_in=445.5 ms period=320.7 ms window=11.01deg worst=8.02deg safe=true
[DEBUG] armors=3, targets=1
[2026-09-09 20:27:04.089] [info] [XUC][FIRE] feeder recovery complete; fresh gyro qualification required
[DEBUG] armors=2, targets=1
[DEBUG] armors=3, targets=1
[2026-09-09 20:27:04.126] [info] [SYNC][XUC] mode=1 yaw=-5.85 deg pitch=-0.65 deg feeder_rpm=0.00 wheel0_rpm=6440 wheel1_rpm=6520 wheel_delta=-80 projectile_speed=19.36 gate=0xFF switch=1 rc=1 sticks=1 imu=1 serial=1 control=1 yaw_armed=1 pitch_active=1
[DEBUG] armors=1, targets=1
[DEBUG] armors=1, targets=1
[DEBUG] armors=1, targets=1
[DEBUG] armors=1, targets=1
[DEBUG] armors=1, targets=1
[2026-09-09 20:27:04.209] [info] [XUC][FIRE] stable-window candidate started
[2026-09-09 20:27:04.209] [info] [XUC][FIRE] qualified after 0 ms/1 frames, current_pixel_error_deg=(-1.59,-0.18) predicted_impact_yaw_error_deg=inf gyro_predict=true face_error=infdeg omega=+4.989rad_s armed=true
[2026-09-09 20:27:04.216] [info] [SHOT] id=51 issue mode=1 gyro=1 event=1 cycle=163 processing_age_ms=35.0 due_error_ms=+0.10 period_ms=320.7 window_deg=11.01 worst_deg=8.02
[2026-09-09 20:27:04.218] [info] [SYNC][XUC] mode=1 yaw=-5.88 deg pitch=-0.65 deg feeder_rpm=0.00 wheel0_rpm=6440 wheel1_rpm=6520 wheel_delta=-80 projectile_speed=19.36 gate=0xFF switch=1 rc=1 sticks=1 imu=1 serial=1 control=1 yaw_armed=1 pitch_active=1
[DEBUG] armors=1, targets=1
[2026-09-09 20:27:04.232] [info] [XUC][FIRE] gyro request inhibited during feeder recovery
[2026-09-09 20:27:04.232] [info] [GYROPLL] phase_zero cycle=162 sample=327.7 ms periods=1 filtered=320.8 ms residual=-3.9 ms correction=-0.6 ms locks=162 locked=1 reacquired=0 rejects=0 omega=4.897 ekf_omega=+4.982
[2026-09-09 20:27:04.232] [info] [XUC][FIRE] stable window reset
[DEBUG] armors=1, targets=1
[2026-09-09 20:27:04.250] [info] [GYROSCHED] cycle=164 due_in=+291.8 ms hit_in=587.8 ms period=320.8 ms window=11.01deg worst=8.01deg safe=true
[2026-09-09 20:27:04.252] [info] [SHOT] id=51 feeder_start command_to_feeder_ms=36.2 rpm=1783
[DEBUG] armors=1, targets=1
[2026-09-09 20:27:04.283] [info] [ASSOC] selected_face=1 cost=-0.081 detections=1 confidence=0.92
[DEBUG] armors=1, targets=1
[DEBUG] armors=1, targets=1
[2026-09-09 20:27:04.303] [info] [SYNC][XUC] mode=1 yaw=-5.87 deg pitch=-0.67 deg feeder_rpm=2054.00 wheel0_rpm=6440 wheel1_rpm=6480 wheel_delta=-40 projectile_speed=19.36 gate=0xFF switch=1 rc=1 sticks=1 imu=1 serial=1 control=1 yaw_armed=1 pitch_active=1
[DEBUG] armors=1, targets=1
[2026-09-09 20:27:04.317] [info] [DRYRUN] measured_gimbal=(2.772,-0.029,-0.037) measured_world=(2.760,0.255,-0.004) tracked_world=(2.894,0.703,-0.000) target_gimbal_deg=(-0.59,-0.75) target_world_deg=(5.28,-0.09) gimbal_deg=(5.87,-0.67) armor_y_px=617.6 pixel_error_deg=(1.77,1.90) ballistic=(range=2.772m holdover=0.099m comp=1.99deg residual=-0.09deg) q_wxyz=(0.998670,-0.000298,-0.005800,-0.051232) cmd_deg=(6.29,-0.79) packed_pitch_deg=-0.79 control=true shoot=false
[DEBUG] armors=1, targets=1
[DEBUG] armors=2, targets=1
[DEBUG] armors=2, targets=1
[DEBUG] armors=3, targets=1
[2026-09-09 20:27:04.389] [info] [SHOT] id=51 feeder_stop feeder_motion_ms=137.3
[2026-09-09 20:27:04.389] [info] [XUC][FIRE] feeder stopped; gyro recovery hold started for 600 ms
[2026-09-09 20:27:04.389] [info] [SYNC][XUC] mode=1 yaw=-5.87 deg pitch=-0.65 deg feeder_rpm=439.00 wheel0_rpm=6440 wheel1_rpm=6480 wheel_delta=-40 projectile_speed=19.36 gate=0xFF switch=1 rc=1 sticks=1 imu=1 serial=1 control=1 yaw_armed=1 pitch_active=1
[DEBUG] armors=3, targets=1
[DEBUG] armors=2, targets=1
[2026-09-09 20:27:04.422] [info] [GYROSCHED] cycle=164 due_in=+104.3 ms hit_in=415.8 ms period=320.8 ms window=11.01deg worst=8.01deg safe=true
[DEBUG] armors=2, targets=1
[DEBUG] armors=2, targets=1
[DEBUG] armors=2, targets=1
[2026-09-09 20:27:04.475] [info] [SYNC][XUC] mode=1 yaw=-5.86 deg pitch=-0.72 deg feeder_rpm=-4.00 wheel0_rpm=6280 wheel1_rpm=6360 wheel_delta=-80 projectile_speed=19.36 gate=0xFF switch=1 rc=1 sticks=1 imu=1 serial=1 control=1 yaw_armed=1 pitch_active=1
[DEBUG] armors=1, targets=1
[2026-09-09 20:27:04.492] [info] [PERF] 总耗时=17.4ms (检测=14.6ms, 跟踪=0.5ms), FPS=57.4
[2026-09-09 20:27:04.492] [info] 📊 [CAMERA FPS] 瞬时帧率=57.3fps, 平均帧率=57.9fps, 总帧数=3050, 运行时间=52.7s
[DEBUG] armors=1, targets=1
[DEBUG] armors=1, targets=1
[DEBUG] armors=1, targets=1
[DEBUG] armors=1, targets=1
[2026-09-09 20:27:04.561] [info] [SYNC][XUC] mode=1 yaw=-5.86 deg pitch=-0.62 deg feeder_rpm=0.00 wheel0_rpm=6400 wheel1_rpm=6440 wheel_delta=-40 projectile_speed=19.36 gate=0xFF switch=1 rc=1 sticks=1 imu=1 serial=1 control=1 yaw_armed=1 pitch_active=1
[DEBUG] armors=0, targets=1
[DEBUG] armors=0, targets=1
[2026-09-09 20:27:04.592] [info] [B2DIAG] auto=1 control=1 conv=1 oneface_gate=0 armed=1 motion=1 cadence=0 dyaw_fresh=0 dpitch_fresh=0 yawgate=0 event=0 safe=0 due_ms=+inf window_deg=nan worst_deg=nan yawerr_deg=inf pitcherr_deg=inf
[DEBUG] armors=0, targets=1
[DEBUG] armors=1, targets=1
[2026-09-09 20:27:04.626] [info] [GYROPLL] phase_zero cycle=163 sample=341.9 ms periods=1 filtered=321.2 ms residual=+17.8 ms correction=+2.7 ms locks=163 locked=1 reacquired=0 rejects=0 omega=4.890 ekf_omega=+4.803
[DEBUG] armors=1, targets=1
[2026-09-09 20:27:04.642] [info] [GYROSCHED] cycle=165 due_in=+226.0 ms hit_in=519.5 ms period=321.2 ms window=11.01deg worst=8.00deg safe=true
[2026-09-09 20:27:04.645] [info] [SYNC][XUC] mode=1 yaw=-6.07 deg pitch=-0.68 deg feeder_rpm=0.00 wheel0_rpm=6400 wheel1_rpm=6480 wheel_delta=-80 projectile_speed=19.36 gate=0xFF switch=1 rc=1 sticks=1 imu=1 serial=1 control=1 yaw_armed=1 pitch_active=1
[DEBUG] armors=2, targets=1
[2026-09-09 20:27:04.660] [info] [DRYRUN] measured_gimbal=(2.855,-0.075,-0.037) measured_world=(2.847,0.227,-0.003) tracked_world=(2.747,0.214,0.002) target_gimbal_deg=(-1.51,-0.74) target_world_deg=(4.56,-0.06) gimbal_deg=(6.07,-0.68) armor_y_px=615.7 pixel_error_deg=(2.72,1.86) ballistic=(range=2.856m holdover=0.104m comp=2.04deg residual=-0.18deg) q_wxyz=(0.998580,-0.000315,-0.005942,-0.052942) cmd_deg=(5.54,-0.82) packed_pitch_deg=-0.82 control=true shoot=false
[DEBUG] armors=1, targets=1
[DEBUG] armors=1, targets=1
[DEBUG] armors=1, targets=1
[DEBUG] armors=3, targets=1
[2026-09-09 20:27:04.731] [info] [SYNC][XUC] mode=1 yaw=-6.63 deg pitch=-0.65 deg feeder_rpm=0.00 wheel0_rpm=6440 wheel1_rpm=6520 wheel_delta=-80 projectile_speed=19.36 gate=0xFF switch=1 rc=1 sticks=1 imu=1 serial=1 control=1 yaw_armed=1 pitch_active=1
[DEBUG] armors=2, targets=1
[DEBUG] armors=2, targets=1
[DEBUG] armors=2, targets=1
[DEBUG] armors=3, targets=1
[DEBUG] armors=1, targets=1
[2026-09-09 20:27:04.813] [info] [GYROSCHED] cycle=165 due_in=+50.4 ms hit_in=348.9 ms period=321.2 ms window=11.01deg worst=8.00deg safe=true
[2026-09-09 20:27:04.815] [info] [SYNC][XUC] mode=1 yaw=-6.17 deg pitch=-0.65 deg feeder_rpm=0.00 wheel0_rpm=6440 wheel1_rpm=6520 wheel_delta=-80 projectile_speed=19.36 gate=0xFF switch=1 rc=1 sticks=1 imu=1 serial=1 control=1 yaw_armed=1 pitch_active=1
[DEBUG] armors=1, targets=1
[DEBUG] armors=1, targets=1
[DEBUG] armors=1, targets=1
[2026-09-09 20:27:04.862] [info] [GYROPLL] phase_zero cycle=164 sample=290.1 ms periods=1 filtered=320.7 ms residual=-15.9 ms correction=-2.4 ms locks=164 locked=1 reacquired=0 rejects=0 omega=4.898 ekf_omega=+5.211
[DEBUG] armors=1, targets=1
[DEBUG] armors=1, targets=1
[2026-09-09 20:27:04.897] [info] [SYNC][XUC] mode=1 yaw=-6.33 deg pitch=-0.67 deg feeder_rpm=0.00 wheel0_rpm=6440 wheel1_rpm=6480 wheel_delta=-40 projectile_speed=19.36 gate=0xFF switch=1 rc=1 sticks=1 imu=1 serial=1 control=1 yaw_armed=1 pitch_active=1
[DEBUG] armors=1, targets=1
[DEBUG] armors=1, targets=1
[DEBUG] armors=1, targets=1
[DEBUG] armors=2, targets=1
[DEBUG] armors=2, targets=1
[2026-09-09 20:27:04.979] [info] [GYROSCHED] cycle=166 due_in=+199.2 ms hit_in=500.4 ms period=320.7 ms window=11.01deg worst=8.02deg safe=true
[2026-09-09 20:27:04.982] [info] [SYNC][XUC] mode=1 yaw=-6.27 deg pitch=-0.69 deg feeder_rpm=0.00 wheel0_rpm=6440 wheel1_rpm=6480 wheel_delta=-40 projectile_speed=19.36 gate=0xFF switch=1 rc=1 sticks=1 imu=1 serial=1 control=1 yaw_armed=1 pitch_active=1
[DEBUG] armors=2, targets=1
[2026-09-09 20:27:04.996] [info] [DRYRUN] measured_gimbal=(2.794,-0.092,-0.039) measured_world=(2.788,0.214,-0.005) tracked_world=(3.281,0.181,-0.001) target_gimbal_deg=(-1.89,-0.80) target_world_deg=(4.38,-0.11) gimbal_deg=(6.27,-0.69) armor_y_px=619.1 pixel_error_deg=(3.07,1.94) ballistic=(range=2.796m holdover=0.100m comp=2.00deg residual=-0.06deg) q_wxyz=(0.998487,-0.000330,-0.006030,-0.054663) cmd_deg=(6.08,-0.80) packed_pitch_deg=-0.80 control=true shoot=false
[DEBUG] armors=3, targets=1
[DEBUG] armors=2, targets=1
[2026-09-09 20:27:05.028] [info] [XUC][FIRE] feeder recovery complete; fresh gyro qualification required
[DEBUG] armors=3, targets=1
[DEBUG] armors=2, targets=1
[2026-09-09 20:27:05.065] [info] [SYNC][XUC] mode=1 yaw=-6.28 deg pitch=-0.65 deg feeder_rpm=0.00 wheel0_rpm=6440 wheel1_rpm=6480 wheel_delta=-40 projectile_speed=19.36 gate=0xFF switch=1 rc=1 sticks=1 imu=1 serial=1 control=1 yaw_armed=1 pitch_active=1
[DEBUG] armors=3, targets=1
[DEBUG] armors=2, targets=1
[DEBUG] armors=3, targets=1
[DEBUG] armors=1, targets=1
[DEBUG] armors=1, targets=1
[2026-09-09 20:27:05.145] [info] [GYROSCHED] cycle=166 due_in=+39.2 ms hit_in=334.9 ms period=320.7 ms window=11.01deg worst=8.02deg safe=true
[2026-09-09 20:27:05.147] [info] [SYNC][XUC] mode=1 yaw=-6.26 deg pitch=-0.65 deg feeder_rpm=0.00 wheel0_rpm=6440 wheel1_rpm=6520 wheel_delta=-80 projectile_speed=19.36 gate=0xFF switch=1 rc=1 sticks=1 imu=1 serial=1 control=1 yaw_armed=1 pitch_active=1
[DEBUG] armors=1, targets=1
[2026-09-09 20:27:05.160] [info] [XUC][FIRE] stable-window candidate started
[2026-09-09 20:27:05.160] [info] [XUC][FIRE] qualified after 0 ms/1 frames, current_pixel_error_deg=(-1.18,-0.19) predicted_impact_yaw_error_deg=-0.53 gyro_predict=true face_error=15.63deg omega=+4.789rad_s armed=true
[2026-09-09 20:27:05.180] [info] [SHOT] id=52 issue mode=1 gyro=1 event=1 cycle=166 processing_age_ms=46.3 due_error_ms=+0.07 period_ms=320.7 window_deg=11.01 worst_deg=8.02
[2026-09-09 20:27:05.195] [info] [ASSOC] selected_face=2 cost=-0.073 detections=1 confidence=0.90
[DEBUG] armors=1, targets=1
[2026-09-09 20:27:05.195] [info] [XUC][FIRE] gyro request inhibited during feeder recovery
[2026-09-09 20:27:05.195] [info] [XUC][FIRE] stable window reset
[DEBUG] armors=1, targets=1
[2026-09-09 20:27:05.210] [info] [GYROPLL] phase_zero cycle=165 sample=346.3 ms periods=1 filtered=322.0 ms residual=+12.1 ms correction=+1.8 ms locks=165 locked=1 reacquired=0 rejects=0 omega=4.879 ekf_omega=+4.864
[2026-09-09 20:27:05.212] [info] [SHOT] id=52 feeder_start command_to_feeder_ms=31.8 rpm=904
[DEBUG] armors=1, targets=1
[DEBUG] armors=1, targets=1
[2026-09-09 20:27:05.245] [info] [SYNC][XUC] mode=1 yaw=-6.25 deg pitch=-0.63 deg feeder_rpm=1896.00 wheel0_rpm=6440 wheel1_rpm=6480 wheel_delta=-40 projectile_speed=19.36 gate=0xFF switch=1 rc=1 sticks=1 imu=1 serial=1 control=1 yaw_armed=1 pitch_active=1
[DEBUG] armors=1, targets=1
[DEBUG] armors=2, targets=1
[DEBUG] armors=2, targets=1
[DEBUG] armors=3, targets=1
[DEBUG] armors=3, targets=1
[2026-09-09 20:27:05.328] [info] [GYROSCHED] cycle=167 due_in=+168.9 ms hit_in=476.4 ms period=322.0 ms window=11.01deg worst=7.99deg safe=true
[2026-09-09 20:27:05.331] [info] [SYNC][XUC] mode=1 yaw=-6.25 deg pitch=-0.61 deg feeder_rpm=2094.00 wheel0_rpm=6440 wheel1_rpm=6480 wheel_delta=-40 projectile_speed=19.36 gate=0xFF switch=1 rc=1 sticks=1 imu=1 serial=1 control=1 yaw_armed=1 pitch_active=1
[DEBUG] armors=2, targets=1
[2026-09-09 20:27:05.345] [info] [DRYRUN] measured_gimbal=(2.976,-0.142,-0.042) measured_world=(2.974,0.183,-0.010) tracked_world=(3.354,0.631,-0.007) target_gimbal_deg=(-2.73,-0.81) target_world_deg=(3.52,-0.20) gimbal_deg=(6.25,-0.61) armor_y_px=616.3 pixel_error_deg=(3.97,1.87) ballistic=(range=2.980m holdover=0.111m comp=2.10deg residual=-0.22deg) q_wxyz=(0.998501,-0.000291,-0.005331,-0.054480) cmd_deg=(5.60,-0.78) packed_pitch_deg=-0.78 control=true shoot=false
[2026-09-09 20:27:05.348] [info] [PERF] 总耗时=17.3ms (检测=13.9ms, 跟踪=0.8ms), FPS=57.7
[2026-09-09 20:27:05.348] [info] 📊 [CAMERA FPS] 瞬时帧率=57.6fps, 平均帧率=57.9fps, 总帧数=3100, 运行时间=53.5s
[DEBUG] armors=2, targets=1
[2026-09-09 20:27:05.364] [info] [SHOT] id=52 feeder_stop feeder_motion_ms=151.8
[2026-09-09 20:27:05.364] [info] [XUC][FIRE] feeder stopped; gyro recovery hold started for 600 ms
[DEBUG] armors=3, targets=1
[DEBUG] armors=2, targets=1
[DEBUG] armors=2, targets=1
[2026-09-09 20:27:05.413] [info] [SYNC][XUC] mode=1 yaw=-6.24 deg pitch=-0.61 deg feeder_rpm=-4.00 wheel0_rpm=6120 wheel1_rpm=6160 wheel_delta=-40 projectile_speed=19.36 gate=0xFF switch=1 rc=1 sticks=1 imu=1 serial=1 control=1 yaw_armed=1 pitch_active=1
[DEBUG] armors=2, targets=1
[DEBUG] armors=1, targets=1
[2026-09-09 20:27:05.444] [info] [B2DIAG] auto=1 control=1 conv=1 oneface_gate=1 armed=1 motion=1 cadence=0 dyaw_fresh=1 dpitch_fresh=1 yawgate=0 event=1 safe=1 due_ms=+74.1 window_deg=11.01 worst_deg=7.99 yawerr_deg=-2.81 pitcherr_deg=-0.00
[DEBUG] armors=1, targets=1
[DEBUG] armors=1, targets=1
[DEBUG] armors=1, targets=1
[2026-09-09 20:27:05.494] [info] [GYROSCHED] cycle=167 due_in=+13.6 ms hit_in=310.9 ms period=322.0 ms window=11.01deg worst=7.99deg safe=true
[2026-09-09 20:27:05.496] [info] [SYNC][XUC] mode=1 yaw=-6.17 deg pitch=-0.58 deg feeder_rpm=0.00 wheel0_rpm=6360 wheel1_rpm=6440 wheel_delta=-80 projectile_speed=19.36 gate=0xFF switch=1 rc=1 sticks=1 imu=1 serial=1 control=1 yaw_armed=1 pitch_active=1
[DEBUG] armors=1, targets=1
[DEBUG] armors=1, targets=1
[2026-09-09 20:27:05.527] [info] [GYROPLL] phase_zero cycle=166 sample=321.0 ms periods=1 filtered=322.8 ms residual=+9.2 ms correction=+1.4 ms locks=166 locked=1 reacquired=0 rejects=0 omega=4.866 ekf_omega=+4.965
[DEBUG] armors=1, targets=1
[DEBUG] armors=0, targets=1
[DEBUG] armors=0, targets=1
[2026-09-09 20:27:05.579] [info] [SYNC][XUC] mode=1 yaw=-6.21 deg pitch=-0.58 deg feeder_rpm=-8.00 wheel0_rpm=6440 wheel1_rpm=6480 wheel_delta=-40 projectile_speed=19.36 gate=0xFF switch=1 rc=1 sticks=1 imu=1 serial=1 control=1 yaw_armed=1 pitch_active=1
[DEBUG] armors=0, targets=1
[DEBUG] armors=1, targets=1
[DEBUG] armors=3, targets=1
[DEBUG] armors=2, targets=1
[DEBUG] armors=1, targets=1
[2026-09-09 20:27:05.665] [info] [SYNC][XUC] mode=1 yaw=-8.59 deg pitch=-0.47 deg feeder_rpm=-4.00 wheel0_rpm=6400 wheel1_rpm=6480 wheel_delta=-80 projectile_speed=19.36 gate=0xFF switch=1 rc=1 sticks=1 imu=1 serial=1 control=1 yaw_armed=1 pitch_active=1
[DEBUG] armors=1, targets=1
[2026-09-09 20:27:05.678] [info] [DRYRUN] measured_gimbal=(3.260,0.220,-0.036) measured_world=(3.191,0.704,-0.009) tracked_world=(2.878,0.629,-0.006) target_gimbal_deg=(3.86,-0.62) target_world_deg=(12.44,-0.16) gimbal_deg=(8.59,-0.47) armor_y_px=604.4 pixel_error_deg=(-2.55,1.58) ballistic=(range=3.267m holdover=0.131m comp=2.25deg residual=-0.67deg) q_wxyz=(0.997186,-0.000305,-0.004063,-0.074853) cmd_deg=(6.03,-0.79) packed_pitch_deg=-0.79 control=true shoot=false
[DEBUG] armors=1, targets=1
[DEBUG] armors=2, targets=1
[2026-09-09 20:27:05.712] [info] [GYROSCHED] cycle=168 due_in=+113.5 ms hit_in=417.2 ms period=322.8 ms window=11.01deg worst=7.97deg safe=true
[DEBUG] armors=2, targets=1
[DEBUG] armors=2, targets=1
[2026-09-09 20:27:05.747] [info] [SYNC][XUC] mode=1 yaw=-7.08 deg pitch=-0.49 deg feeder_rpm=-4.00 wheel0_rpm=6440 wheel1_rpm=6480 wheel_delta=-40 projectile_speed=19.36 gate=0xFF switch=1 rc=1 sticks=1 imu=1 serial=1 control=1 yaw_armed=1 pitch_active=1
[DEBUG] armors=2, targets=1
[DEBUG] armors=1, targets=1
[DEBUG] armors=1, targets=1
[DEBUG] armors=1, targets=1
[DEBUG] armors=1, targets=1
[2026-09-09 20:27:05.827] [info] [GYROPLL] phase_zero cycle=167 sample=299.0 ms periods=1 filtered=321.9 ms residual=-15.9 ms correction=-2.4 ms locks=167 locked=1 reacquired=0 rejects=0 omega=4.879 ekf_omega=+5.158
[2026-09-09 20:27:05.830] [info] [SYNC][XUC] mode=1 yaw=-5.96 deg pitch=-0.50 deg feeder_rpm=0.00 wheel0_rpm=6440 wheel1_rpm=6520 wheel_delta=-80 projectile_speed=19.36 gate=0xFF switch=1 rc=1 sticks=1 imu=1 serial=1 control=1 yaw_armed=1 pitch_active=1
[DEBUG] armors=1, targets=1
[DEBUG] armors=1, targets=1
[DEBUG] armors=1, targets=1
[2026-09-09 20:27:05.879] [info] [GYROSCHED] cycle=169 due_in=+274.0 ms hit_in=569.7 ms period=321.9 ms window=11.00deg worst=7.99deg safe=true
[DEBUG] armors=1, targets=1
[DEBUG] armors=1, targets=1
[2026-09-09 20:27:05.913] [info] [SYNC][XUC] mode=1 yaw=-6.19 deg pitch=-0.47 deg feeder_rpm=0.00 wheel0_rpm=6440 wheel1_rpm=6480 wheel_delta=-40 projectile_speed=19.36 gate=0xFF switch=1 rc=1 sticks=1 imu=1 serial=1 control=1 yaw_armed=1 pitch_active=1
[DEBUG] armors=1, targets=1
[DEBUG] armors=3, targets=1
[DEBUG] armors=3, targets=1
[DEBUG] armors=2, targets=1
[DEBUG] armors=2, targets=1
[2026-09-09 20:27:05.994] [info] [XUC][FIRE] feeder recovery complete; fresh gyro qualification required
[2026-09-09 20:27:05.997] [info] [SYNC][XUC] mode=1 yaw=-6.09 deg pitch=-0.51 deg feeder_rpm=0.00 wheel0_rpm=6440 wheel1_rpm=6480 wheel_delta=-40 projectile_speed=19.36 gate=0xFF switch=1 rc=1 sticks=1 imu=1 serial=1 control=1 yaw_armed=1 pitch_active=1
[DEBUG] armors=2, targets=1
[2026-09-09 20:27:06.012] [info] [DRYRUN] measured_gimbal=(3.075,0.305,-0.034) measured_world=(3.026,0.629,-0.007) tracked_world=(2.877,0.150,-0.006) target_gimbal_deg=(5.66,-0.64) target_world_deg=(11.74,-0.13) gimbal_deg=(6.09,-0.51) armor_y_px=607.6 pixel_error_deg=(-4.42,1.66) ballistic=(range=3.091m holdover=0.119m comp=2.16deg residual=-0.50deg) q_wxyz=(0.998580,-0.000238,-0.004478,-0.053081) cmd_deg=(5.81,-0.73) packed_pitch_deg=-0.73 control=true shoot=false
[DEBUG] armors=2, targets=1
[DEBUG] armors=2, targets=1
[2026-09-09 20:27:06.046] [info] [GYROSCHED] cycle=169 due_in=+102.3 ms hit_in=402.4 ms period=321.9 ms window=11.00deg worst=7.99deg safe=true
[DEBUG] armors=2, targets=1
[2026-09-09 20:27:06.078] [info] [ASSOC] selected_face=3 cost=-0.049 detections=2 confidence=0.90
[DEBUG] armors=2, targets=1
[2026-09-09 20:27:06.081] [info] [SYNC][XUC] mode=1 yaw=-6.09 deg pitch=-0.47 deg feeder_rpm=0.00 wheel0_rpm=6440 wheel1_rpm=6520 wheel_delta=-80 projectile_speed=19.36 gate=0xFF switch=1 rc=1 sticks=1 imu=1 serial=1 control=1 yaw_armed=1 pitch_active=1
[DEBUG] armors=1, targets=1
[DEBUG] armors=1, targets=1
[DEBUG] armors=1, targets=1
[2026-09-09 20:27:06.128] [info] [XUC][FIRE] stable-window candidate started
[2026-09-09 20:27:06.129] [info] [XUC][FIRE] qualified after 0 ms/1 frames, current_pixel_error_deg=(-1.30,-0.32) predicted_impact_yaw_error_deg=-1.02 gyro_predict=true face_error=17.25deg omega=+4.832rad_s armed=true
[2026-09-09 20:27:06.148] [info] [SHOT] id=53 issue mode=1 gyro=1 event=1 cycle=169 processing_age_ms=47.3 due_error_ms=+0.07 period_ms=321.9 window_deg=11.00 worst_deg=7.99
[DEBUG] armors=1, targets=1
[2026-09-09 20:27:06.163] [info] [XUC][FIRE] gyro request inhibited during feeder recovery
[2026-09-09 20:27:06.163] [info] [XUC][FIRE] stable window reset
[DEBUG] armors=1, targets=1
[2026-09-09 20:27:06.178] [info] [GYROPLL] phase_zero cycle=168 sample=343.0 ms periods=1 filtered=322.9 ms residual=+7.5 ms correction=+1.1 ms locks=168 locked=1 reacquired=0 rejects=0 omega=4.865 ekf_omega=+4.882
[2026-09-09 20:27:06.181] [info] [SHOT] id=53 feeder_start command_to_feeder_ms=32.5 rpm=1644
[2026-09-09 20:27:06.181] [info] [SYNC][XUC] mode=1 yaw=-6.08 deg pitch=-0.49 deg feeder_rpm=1644.00 wheel0_rpm=6440 wheel1_rpm=6520 wheel_delta=-80 projectile_speed=19.36 gate=0xFF switch=1 rc=1 sticks=1 imu=1 serial=1 control=1 yaw_armed=1 pitch_active=1
[DEBUG] armors=1, targets=1
[2026-09-09 20:27:06.196] [info] [PERF] 总耗时=15.4ms (检测=12.6ms, 跟踪=0.4ms), FPS=65.0
[2026-09-09 20:27:06.196] [info] 📊 [CAMERA FPS] 瞬时帧率=64.8fps, 平均帧率=57.9fps, 总帧数=3150, 运行时间=54.4s
[DEBUG] armors=1, targets=1
[DEBUG] armors=1, targets=1
[2026-09-09 20:27:06.226] [info] [GYROSCHED] cycle=170 due_in=+246.1 ms hit_in=547.3 ms period=322.9 ms window=11.00deg worst=7.97deg safe=true
[DEBUG] armors=1, targets=1
[DEBUG] armors=2, targets=1
[2026-09-09 20:27:06.262] [info] [SYNC][XUC] mode=1 yaw=-6.06 deg pitch=-0.48 deg feeder_rpm=2094.00 wheel0_rpm=6440 wheel1_rpm=6480 wheel_delta=-40 projectile_speed=19.36 gate=0xFF switch=1 rc=1 sticks=1 imu=1 serial=1 control=1 yaw_armed=1 pitch_active=1
[DEBUG] armors=2, targets=1
[DEBUG] armors=2, targets=1
[2026-09-09 20:27:06.294] [info] [B2DIAG] auto=1 control=1 conv=1 oneface_gate=1 armed=1 motion=1 cadence=0 dyaw_fresh=1 dpitch_fresh=1 yawgate=0 event=1 safe=1 due_ms=+169.5 window_deg=11.00 worst_deg=7.97 yawerr_deg=3.14 pitcherr_deg=-0.32
[DEBUG] armors=3, targets=1
[DEBUG] armors=3, targets=1
[2026-09-09 20:27:06.331] [info] [SHOT] id=53 feeder_stop feeder_motion_ms=149.8
[2026-09-09 20:27:06.331] [info] [XUC][FIRE] feeder stopped; gyro recovery hold started for 600 ms
[DEBUG] armors=3, targets=1
[2026-09-09 20:27:06.348] [info] [SYNC][XUC] mode=1 yaw=-6.06 deg pitch=-0.47 deg feeder_rpm=10.00 wheel0_rpm=6440 wheel1_rpm=6480 wheel_delta=-40 projectile_speed=19.36 gate=0xFF switch=1 rc=1 sticks=1 imu=1 serial=1 control=1 yaw_armed=1 pitch_active=1
[DEBUG] armors=2, targets=1
[2026-09-09 20:27:06.364] [info] [DRYRUN] measured_gimbal=(2.716,0.245,-0.025) measured_world=(2.675,0.531,-0.002) tracked_world=(3.418,0.234,-0.012) target_gimbal_deg=(5.15,-0.52) target_world_deg=(11.22,-0.04) gimbal_deg=(6.06,-0.47) armor_y_px=608.9 pixel_error_deg=(-4.00,1.69) ballistic=(range=2.727m holdover=0.096m comp=1.98deg residual=-0.29deg) q_wxyz=(0.998592,-0.000219,-0.004134,-0.052889) cmd_deg=(5.52,-0.72) packed_pitch_deg=-0.72 control=true shoot=false
[DEBUG] armors=2, targets=1
[DEBUG] armors=1, targets=1
[2026-09-09 20:27:06.398] [info] [GYROSCHED] cycle=170 due_in=+76.9 ms hit_in=375.2 ms period=322.9 ms window=11.00deg worst=7.97deg safe=true
[DEBUG] armors=1, targets=1
[DEBUG] armors=1, targets=1
[2026-09-09 20:27:06.433] [info] [SYNC][XUC] mode=1 yaw=-6.06 deg pitch=-0.48 deg feeder_rpm=0.00 wheel0_rpm=6280 wheel1_rpm=6400 wheel_delta=-120 projectile_speed=19.36 gate=0xFF switch=1 rc=1 sticks=1 imu=1 serial=1 control=1 yaw_armed=1 pitch_active=1
[DEBUG] armors=1, targets=1
[DEBUG] armors=1, targets=1
[DEBUG] armors=1, targets=1
[2026-09-09 20:27:06.481] [info] [GYROPLL] phase_zero cycle=169 sample=316.7 ms periods=1 filtered=322.2 ms residual=+0.2 ms correction=+0.0 ms locks=169 locked=1 reacquired=0 rejects=0 omega=4.875 ekf_omega=+5.063
[DEBUG] armors=1, targets=1
[DEBUG] armors=1, targets=1
[2026-09-09 20:27:06.518] [info] [SYNC][XUC] mode=1 yaw=-6.04 deg pitch=-0.42 deg feeder_rpm=0.00 wheel0_rpm=6400 wheel1_rpm=6440 wheel_delta=-40 projectile_speed=19.36 gate=0xFF switch=1 rc=1 sticks=1 imu=1 serial=1 control=1 yaw_armed=1 pitch_active=1
[DEBUG] armors=0, targets=1
[DEBUG] armors=0, targets=1
[DEBUG] armors=1, targets=1
[DEBUG] armors=3, targets=1
[DEBUG] armors=3, targets=1
[2026-09-09 20:27:06.600] [info] [GYROSCHED] cycle=171 due_in=+191.3 ms hit_in=494.6 ms period=322.2 ms window=11.00deg worst=7.98deg safe=true
[2026-09-09 20:27:06.602] [info] [SYNC][XUC] mode=1 yaw=-6.96 deg pitch=-0.46 deg feeder_rpm=0.00 wheel0_rpm=6400 wheel1_rpm=6480 wheel_delta=-80 projectile_speed=19.36 gate=0xFF switch=1 rc=1 sticks=1 imu=1 serial=1 control=1 yaw_armed=1 pitch_active=1
[DEBUG] armors=2, targets=1
[DEBUG] armors=1, targets=1
[DEBUG] armors=1, targets=1
[DEBUG] armors=2, targets=1
[DEBUG] armors=2, targets=1
[2026-09-09 20:27:06.691] [info] [SYNC][XUC] mode=1 yaw=-7.02 deg pitch=-0.43 deg feeder_rpm=0.00 wheel0_rpm=6440 wheel1_rpm=6480 wheel_delta=-40 projectile_speed=19.36 gate=0xFF switch=1 rc=1 sticks=1 imu=1 serial=1 control=1 yaw_armed=1 pitch_active=1
[DEBUG] armors=2, targets=1
[2026-09-09 20:27:06.705] [info] [DRYRUN] measured_gimbal=(2.747,0.188,-0.027) measured_world=(2.704,0.523,-0.006) tracked_world=(3.207,0.782,-0.009) target_gimbal_deg=(3.92,-0.55) target_world_deg=(10.94,-0.12) gimbal_deg=(7.02,-0.43) armor_y_px=609.9 pixel_error_deg=(-2.75,1.71) ballistic=(range=2.754m holdover=0.098m comp=1.99deg residual=-0.28deg) q_wxyz=(0.998117,-0.000231,-0.003768,-0.061219) cmd_deg=(6.56,-0.73) packed_pitch_deg=-0.73 control=true shoot=false
[DEBUG] armors=1, targets=1
[DEBUG] armors=1, targets=1
[DEBUG] armors=1, targets=1
[DEBUG] armors=1, targets=1
[2026-09-09 20:27:06.772] [info] [GYROSCHED] cycle=171 due_in=+24.4 ms hit_in=322.4 ms period=322.2 ms window=11.00deg worst=7.98deg safe=true
[2026-09-09 20:27:06.775] [info] [SYNC][XUC] mode=1 yaw=-6.87 deg pitch=-0.43 deg feeder_rpm=0.00 wheel0_rpm=6440 wheel1_rpm=6480 wheel_delta=-40 projectile_speed=19.36 gate=0xFF switch=1 rc=1 sticks=1 imu=1 serial=1 control=1 yaw_armed=1 pitch_active=1
[DEBUG] armors=1, targets=1
[2026-09-09 20:27:06.790] [info] [GYROPLL] phase_zero cycle=170 sample=298.2 ms periods=1 filtered=320.6 ms residual=-23.8 ms correction=-3.0 ms locks=170 locked=1 reacquired=0 rejects=0 omega=4.899 ekf_omega=+5.230
[DEBUG] armors=1, targets=1
[DEBUG] armors=1, targets=1
[DEBUG] armors=1, targets=1
[DEBUG] armors=1, targets=1
[2026-09-09 20:27:06.860] [info] [SYNC][XUC] mode=1 yaw=-6.92 deg pitch=-0.41 deg feeder_rpm=0.00 wheel0_rpm=6440 wheel1_rpm=6480 wheel_delta=-40 projectile_speed=19.36 gate=0xFF switch=1 rc=1 sticks=1 imu=1 serial=1 control=1 yaw_armed=1 pitch_active=1
[DEBUG] armors=1, targets=1
[DEBUG] armors=1, targets=1
[DEBUG] armors=2, targets=1
[DEBUG] armors=2, targets=1
[DEBUG] armors=2, targets=1
[2026-09-09 20:27:06.943] [info] [GYROSCHED] cycle=172 due_in=+160.2 ms hit_in=467.9 ms period=320.6 ms window=11.00deg worst=8.02deg safe=true
[2026-09-09 20:27:06.945] [info] [SYNC][XUC] mode=1 yaw=-6.93 deg pitch=-0.42 deg feeder_rpm=0.00 wheel0_rpm=6440 wheel1_rpm=6480 wheel_delta=-40 projectile_speed=19.36 gate=0xFF switch=1 rc=1 sticks=1 imu=1 serial=1 control=1 yaw_armed=1 pitch_active=1
[DEBUG] armors=2, targets=1
[2026-09-09 20:27:06.977] [info] [ASSOC] selected_face=0 cost=-0.041 detections=3 confidence=0.89
[DEBUG] armors=3, targets=1
[2026-09-09 20:27:06.977] [info] [XUC][FIRE] feeder recovery complete; fresh gyro qualification required
[DEBUG] armors=2, targets=1
[DEBUG] armors=2, targets=1
[DEBUG] armors=2, targets=1
[2026-09-09 20:27:07.030] [info] [SYNC][XUC] mode=1 yaw=-6.88 deg pitch=-0.42 deg feeder_rpm=0.00 wheel0_rpm=6440 wheel1_rpm=6480 wheel_delta=-40 projectile_speed=19.36 gate=0xFF switch=1 rc=1 sticks=1 imu=1 serial=1 control=1 yaw_armed=1 pitch_active=1
[DEBUG] armors=2, targets=1
[2026-09-09 20:27:07.045] [info] [DRYRUN] measured_gimbal=(2.672,0.156,-0.018) measured_world=(2.634,0.475,0.001) tracked_world=(2.773,0.499,-0.005) target_gimbal_deg=(3.34,-0.39) target_world_deg=(10.22,0.03) gimbal_deg=(6.88,-0.42) armor_y_px=604.7 pixel_error_deg=(-2.19,1.59) ballistic=(range=2.676m holdover=0.094m comp=1.96deg residual=-0.37deg) q_wxyz=(0.998191,-0.000219,-0.003642,-0.060015) cmd_deg=(6.39,-0.73) packed_pitch_deg=-0.73 control=true shoot=false
[2026-09-09 20:27:07.047] [info] [PERF] 总耗时=16.7ms (检测=13.3ms, 跟踪=0.8ms), FPS=59.9
[2026-09-09 20:27:07.047] [info] 📊 [CAMERA FPS] 瞬时帧率=59.7fps, 平均帧率=58.0fps, 总帧数=3200, 运行时间=55.2s
[DEBUG] armors=1, targets=1
[DEBUG] armors=1, targets=1
[DEBUG] armors=1, targets=1
[2026-09-09 20:27:07.095] [info] [XUC][FIRE] stable-window candidate started
[2026-09-09 20:27:07.095] [info] [XUC][FIRE] qualified after 0 ms/1 frames, current_pixel_error_deg=(-0.50,-0.35) predicted_impact_yaw_error_deg=inf gyro_predict=true face_error=infdeg omega=+4.980rad_s armed=true
[2026-09-09 20:27:07.119] [info] [SHOT] id=54 issue mode=1 gyro=1 event=1 cycle=172 processing_age_ms=51.0 due_error_ms=+0.06 period_ms=320.6 window_deg=11.00 worst_deg=8.02
[DEBUG] armors=1, targets=1
[2026-09-09 20:27:07.133] [info] [XUC][FIRE] gyro request inhibited during feeder recovery
[2026-09-09 20:27:07.133] [info] [GYROPLL] phase_zero cycle=171 sample=330.7 ms periods=1 filtered=320.6 ms residual=-10.7 ms correction=-1.6 ms locks=171 locked=1 reacquired=0 rejects=0 omega=4.900 ekf_omega=+4.942
[2026-09-09 20:27:07.133] [info] [GYROSCHED] cycle=173 due_in=+311.5 ms hit_in=597.1 ms period=320.6 ms window=11.00deg worst=8.02deg safe=true
[2026-09-09 20:27:07.133] [info] [XUC][FIRE] stable window reset
[2026-09-09 20:27:07.135] [info] [SYNC][XUC] mode=1 yaw=-6.88 deg pitch=-0.42 deg feeder_rpm=0.00 wheel0_rpm=6440 wheel1_rpm=6480 wheel_delta=-40 projectile_speed=19.36 gate=0xFF switch=1 rc=1 sticks=1 imu=1 serial=1 control=1 yaw_armed=1 pitch_active=1
[DEBUG] armors=1, targets=1
[2026-09-09 20:27:07.150] [info] [SHOT] id=54 feeder_start command_to_feeder_ms=31.2 rpm=1633
[DEBUG] armors=1, targets=1
[2026-09-09 20:27:07.164] [info] [B2DIAG] auto=1 control=1 conv=1 oneface_gate=1 armed=1 motion=1 cadence=0 dyaw_fresh=1 dpitch_fresh=1 yawgate=0 event=1 safe=1 due_ms=+271.1 window_deg=11.00 worst_deg=8.02 yawerr_deg=1.63 pitcherr_deg=-0.35
[DEBUG] armors=1, targets=1
[DEBUG] armors=1, targets=1
[DEBUG] armors=1, targets=1
[2026-09-09 20:27:07.217] [info] [SYNC][XUC] mode=1 yaw=-6.85 deg pitch=-0.45 deg feeder_rpm=2087.00 wheel0_rpm=6440 wheel1_rpm=6520 wheel_delta=-80 projectile_speed=19.36 gate=0xFF switch=1 rc=1 sticks=1 imu=1 serial=1 control=1 yaw_armed=1 pitch_active=1
[DEBUG] armors=3, targets=1
[DEBUG] armors=2, targets=1
[DEBUG] armors=2, targets=1
[DEBUG] armors=2, targets=1
[DEBUG] armors=3, targets=1
[2026-09-09 20:27:07.300] [info] [GYROSCHED] cycle=173 due_in=+115.9 ms hit_in=429.5 ms period=320.6 ms window=11.00deg worst=8.02deg safe=true
[2026-09-09 20:27:07.303] [info] [SYNC][XUC] mode=1 yaw=-6.79 deg pitch=-0.44 deg feeder_rpm=974.00 wheel0_rpm=6440 wheel1_rpm=6480 wheel_delta=-40 projectile_speed=19.36 gate=0xFF switch=1 rc=1 sticks=1 imu=1 serial=1 control=1 yaw_armed=1 pitch_active=1
[DEBUG] armors=2, targets=1
[2026-09-09 20:27:07.320] [info] [SHOT] id=54 feeder_stop feeder_motion_ms=170.1
[2026-09-09 20:27:07.320] [info] [XUC][FIRE] feeder stopped; gyro recovery hold started for 600 ms
[DEBUG] armors=3, targets=1
[DEBUG] armors=2, targets=1
[DEBUG] armors=1, targets=1
[DEBUG] armors=1, targets=1
[2026-09-09 20:27:07.390] [info] [SYNC][XUC] mode=1 yaw=-6.47 deg pitch=-0.47 deg feeder_rpm=-4.00 wheel0_rpm=6320 wheel1_rpm=6400 wheel_delta=-80 projectile_speed=19.36 gate=0xFF switch=1 rc=1 sticks=1 imu=1 serial=1 control=1 yaw_armed=1 pitch_active=1
[DEBUG] armors=1, targets=1
[2026-09-09 20:27:07.405] [info] [DRYRUN] measured_gimbal=(2.811,0.116,-0.027) measured_world=(2.780,0.433,-0.004) tracked_world=(3.019,0.080,-0.004) target_gimbal_deg=(2.37,-0.55) target_world_deg=(8.85,-0.07) gimbal_deg=(6.47,-0.47) armor_y_px=608.3 pixel_error_deg=(-1.18,1.67) ballistic=(range=2.813m holdover=0.101m comp=2.02deg residual=-0.34deg) q_wxyz=(0.998396,-0.000233,-0.004123,-0.056474) cmd_deg=(5.65,-0.73) packed_pitch_deg=-0.73 control=true shoot=false
[DEBUG] armors=1, targets=1
[DEBUG] armors=1, targets=1
[DEBUG] armors=1, targets=1
[2026-09-09 20:27:07.459] [info] [GYROPLL] phase_zero cycle=172 sample=339.9 ms periods=1 filtered=320.7 ms residual=+10.2 ms correction=+1.5 ms locks=172 locked=1 reacquired=0 rejects=0 omega=4.897 ekf_omega=+4.850
[DEBUG] armors=0, targets=1
[2026-09-09 20:27:07.477] [info] [SYNC][XUC] mode=1 yaw=-6.44 deg pitch=-0.46 deg feeder_rpm=0.00 wheel0_rpm=6400 wheel1_rpm=6480 wheel_delta=-80 projectile_speed=19.36 gate=0xFF switch=1 rc=1 sticks=1 imu=1 serial=1 control=1 yaw_armed=1 pitch_active=1
[DEBUG] armors=0, targets=1
[DEBUG] armors=1, targets=1
[2026-09-09 20:27:07.509] [info] [GYROSCHED] cycle=174 due_in=+246.2 ms hit_in=543.2 ms period=320.7 ms window=11.00deg worst=8.01deg safe=true
[DEBUG] armors=1, targets=1
[DEBUG] armors=2, targets=1
[DEBUG] armors=2, targets=1
[2026-09-09 20:27:07.564] [info] [SYNC][XUC] mode=1 yaw=-7.20 deg pitch=-0.43 deg feeder_rpm=-4.00 wheel0_rpm=6440 wheel1_rpm=6520 wheel_delta=-80 projectile_speed=19.36 gate=0xFF switch=1 rc=1 sticks=1 imu=1 serial=1 control=1 yaw_armed=1 pitch_active=1
[DEBUG] armors=1, targets=1
[DEBUG] armors=1, targets=1
[DEBUG] armors=2, targets=1
[DEBUG] armors=3, targets=1
[DEBUG] armors=4, targets=1
[2026-09-09 20:27:07.650] [info] [SYNC][XUC] mode=1 yaw=-6.62 deg pitch=-0.48 deg feeder_rpm=0.00 wheel0_rpm=6440 wheel1_rpm=6480 wheel_delta=-40 projectile_speed=19.36 gate=0xFF switch=1 rc=1 sticks=1 imu=1 serial=1 control=1 yaw_armed=1 pitch_active=1
[DEBUG] armors=2, targets=1
[DEBUG] armors=1, targets=1
[2026-09-09 20:27:07.680] [info] [GYROSCHED] cycle=174 due_in=+77.4 ms hit_in=372.2 ms period=320.7 ms window=11.00deg worst=8.01deg safe=true
[DEBUG] armors=1, targets=1
[DEBUG] armors=1, targets=1
[DEBUG] armors=1, targets=1
[2026-09-09 20:27:07.734] [info] [SYNC][XUC] mode=1 yaw=-6.54 deg pitch=-0.52 deg feeder_rpm=0.00 wheel0_rpm=6440 wheel1_rpm=6480 wheel_delta=-40 projectile_speed=19.36 gate=0xFF switch=1 rc=1 sticks=1 imu=1 serial=1 control=1 yaw_armed=1 pitch_active=1
[DEBUG] armors=1, targets=1
[2026-09-09 20:27:07.750] [info] [DRYRUN] measured_gimbal=(2.695,0.079,-0.025) measured_world=(2.669,0.385,-0.001) tracked_world=(3.380,0.465,-0.005) target_gimbal_deg=(1.68,-0.53) target_world_deg=(8.22,-0.02) gimbal_deg=(6.54,-0.52) armor_y_px=610.0 pixel_error_deg=(-0.53,1.72) ballistic=(range=2.696m holdover=0.095m comp=1.96deg residual=-0.25deg) q_wxyz=(0.998363,-0.000257,-0.004505,-0.057022) cmd_deg=(6.17,-0.74) packed_pitch_deg=-0.74 control=true shoot=false
[DEBUG] armors=1, targets=1
[2026-09-09 20:27:07.768] [info] [GYROPLL] phase_zero cycle=173 sample=302.7 ms periods=1 filtered=319.7 ms residual=-9.4 ms correction=-1.4 ms locks=173 locked=1 reacquired=0 rejects=0 omega=4.913 ekf_omega=+5.086
[DEBUG] armors=1, targets=1
[DEBUG] armors=1, targets=1
[DEBUG] armors=1, targets=1
[2026-09-09 20:27:07.822] [info] [SYNC][XUC] mode=1 yaw=-6.50 deg pitch=-0.51 deg feeder_rpm=0.00 wheel0_rpm=6440 wheel1_rpm=6480 wheel_delta=-40 projectile_speed=19.36 gate=0xFF switch=1 rc=1 sticks=1 imu=1 serial=1 control=1 yaw_armed=1 pitch_active=1
[DEBUG] armors=1, targets=1
[DEBUG] armors=3, targets=1
[2026-09-09 20:27:07.855] [info] [GYROSCHED] cycle=175 due_in=+215.3 ms hit_in=514.9 ms period=319.7 ms window=11.00deg worst=8.04deg safe=true
[DEBUG] armors=2, targets=1
[2026-09-09 20:27:07.889] [info] [ASSOC] selected_face=2 cost=-0.060 detections=3 confidence=0.65
[DEBUG] armors=3, targets=1
[DEBUG] armors=2, targets=1
[2026-09-09 20:27:07.908] [info] [SYNC][XUC] mode=1 yaw=-6.54 deg pitch=-0.50 deg feeder_rpm=0.00 wheel0_rpm=6440 wheel1_rpm=6520 wheel_delta=-80 projectile_speed=19.36 gate=0xFF switch=1 rc=1 sticks=1 imu=1 serial=1 control=1 yaw_armed=1 pitch_active=1
[DEBUG] armors=2, targets=1
[2026-09-09 20:27:07.925] [info] [PERF] 总耗时=16.9ms (检测=13.7ms, 跟踪=0.8ms), FPS=59.1
[2026-09-09 20:27:07.925] [info] 📊 [CAMERA FPS] 瞬时帧率=59.0fps, 平均帧率=57.9fps, 总帧数=3250, 运行时间=56.1s
[DEBUG] armors=2, targets=1
[DEBUG] armors=2, targets=1
[2026-09-09 20:27:07.956] [info] [XUC][FIRE] feeder recovery complete; fresh gyro qualification required
[DEBUG] armors=2, targets=1
[DEBUG] armors=3, targets=1
[2026-09-09 20:27:07.992] [info] [SYNC][XUC] mode=1 yaw=-6.52 deg pitch=-0.52 deg feeder_rpm=0.00 wheel0_rpm=6440 wheel1_rpm=6480 wheel_delta=-40 projectile_speed=19.36 gate=0xFF switch=1 rc=1 sticks=1 imu=1 serial=1 control=1 yaw_armed=1 pitch_active=1
[DEBUG] armors=2, targets=1
[DEBUG] armors=1, targets=1
[2026-09-09 20:27:08.023] [info] [GYROSCHED] cycle=175 due_in=+54.2 ms hit_in=346.0 ms period=319.7 ms window=11.00deg worst=8.04deg safe=true
[2026-09-09 20:27:08.024] [info] [B2DIAG] auto=1 control=1 conv=1 oneface_gate=1 armed=1 motion=1 cadence=1 dyaw_fresh=1 dpitch_fresh=1 yawgate=0 event=1 safe=1 due_ms=+54.2 window_deg=11.00 worst_deg=8.04 yawerr_deg=-2.09 pitcherr_deg=-0.23
[DEBUG] armors=1, targets=1
[DEBUG] armors=1, targets=1
[2026-09-09 20:27:08.057] [info] [XUC][FIRE] stable-window candidate started
[2026-09-09 20:27:08.057] [info] [XUC][FIRE] qualified after 0 ms/1 frames, current_pixel_error_deg=(-1.00,-0.26) predicted_impact_yaw_error_deg=7.94 gyro_predict=true face_error=54.58deg omega=+5.151rad_s armed=true
[2026-09-09 20:27:08.072] [info] [SHOT] id=55 issue mode=1 gyro=1 event=1 cycle=175 processing_age_ms=44.1 due_error_ms=+0.10 period_ms=319.7 window_deg=11.00 worst_deg=8.04
[DEBUG] armors=1, targets=1
[2026-09-09 20:27:08.088] [info] [XUC][FIRE] gyro request inhibited during feeder recovery
[2026-09-09 20:27:08.088] [info] [GYROPLL] phase_zero cycle=174 sample=312.8 ms periods=1 filtered=318.8 ms residual=-14.9 ms correction=-2.2 ms locks=174 locked=1 reacquired=0 rejects=0 omega=4.927 ekf_omega=+5.107
[2026-09-09 20:27:08.088] [info] [XUC][FIRE] stable window reset
[2026-09-09 20:27:08.090] [info] [SYNC][XUC] mode=1 yaw=-6.53 deg pitch=-0.50 deg feeder_rpm=0.00 wheel0_rpm=6440 wheel1_rpm=6480 wheel_delta=-40 projectile_speed=19.36 gate=0xFF switch=1 rc=1 sticks=1 imu=1 serial=1 control=1 yaw_armed=1 pitch_active=1
[DEBUG] armors=1, targets=1
[2026-09-09 20:27:08.104] [info] [DRYRUN] measured_gimbal=(2.704,0.032,-0.027) measured_world=(2.683,0.339,-0.003) tracked_world=(2.934,0.759,-0.002) target_gimbal_deg=(0.67,-0.57) target_world_deg=(7.20,-0.07) gimbal_deg=(6.53,-0.50) armor_y_px=611.5 pixel_error_deg=(0.48,1.75) ballistic=(range=2.704m holdover=0.095m comp=1.97deg residual=-0.21deg) q_wxyz=(0.998367,-0.000249,-0.004367,-0.056955) cmd_deg=(6.74,-0.71) packed_pitch_deg=-0.71 control=true shoot=false
[2026-09-09 20:27:08.106] [info] [SHOT] id=55 feeder_start command_to_feeder_ms=34.1 rpm=1435
[DEBUG] armors=1, targets=1
[DEBUG] armors=1, targets=1
[DEBUG] armors=1, targets=1
[DEBUG] armors=1, targets=1
[2026-09-09 20:27:08.173] [info] [SYNC][XUC] mode=1 yaw=-6.54 deg pitch=-0.51 deg feeder_rpm=2149.00 wheel0_rpm=6440 wheel1_rpm=6480 wheel_delta=-40 projectile_speed=19.36 gate=0xFF switch=1 rc=1 sticks=1 imu=1 serial=1 control=1 yaw_armed=1 pitch_active=1
[DEBUG] armors=2, targets=1
[DEBUG] armors=3, targets=1
[2026-09-09 20:27:08.205] [info] [GYROSCHED] cycle=176 due_in=+176.2 ms hit_in=480.3 ms period=318.8 ms window=11.00deg worst=8.06deg safe=true
[DEBUG] armors=2, targets=1
[DEBUG] armors=2, targets=1
[DEBUG] armors=2, targets=1
[2026-09-09 20:27:08.258] [info] [SHOT] id=55 feeder_stop feeder_motion_ms=151.6
[2026-09-09 20:27:08.258] [info] [XUC][FIRE] feeder stopped; gyro recovery hold started for 600 ms
[2026-09-09 20:27:08.258] [info] [SYNC][XUC] mode=1 yaw=-6.54 deg pitch=-0.51 deg feeder_rpm=490.00 wheel0_rpm=6440 wheel1_rpm=6520 wheel_delta=-80 projectile_speed=19.36 gate=0xFF switch=1 rc=1 sticks=1 imu=1 serial=1 control=1 yaw_armed=1 pitch_active=1
[DEBUG] armors=2, targets=1
[DEBUG] armors=3, targets=1
[DEBUG] armors=3, targets=1
[DEBUG] armors=2, targets=1
[DEBUG] armors=1, targets=1
[2026-09-09 20:27:08.343] [info] [SYNC][XUC] mode=1 yaw=-6.52 deg pitch=-0.49 deg feeder_rpm=-8.00 wheel0_rpm=6440 wheel1_rpm=6520 wheel_delta=-80 projectile_speed=19.36 gate=0xFF switch=1 rc=1 sticks=1 imu=1 serial=1 control=1 yaw_armed=1 pitch_active=1
[DEBUG] armors=1, targets=1
[DEBUG] armors=1, targets=1
[2026-09-09 20:27:08.375] [info] [GYROSCHED] cycle=176 due_in=+10.7 ms hit_in=310.4 ms period=318.8 ms window=11.00deg worst=8.06deg safe=true
[DEBUG] armors=1, targets=1
[DEBUG] armors=1, targets=1
[2026-09-09 20:27:08.409] [info] [GYROPLL] phase_zero cycle=175 sample=330.7 ms periods=1 filtered=318.5 ms residual=-0.8 ms correction=-0.1 ms locks=175 locked=1 reacquired=0 rejects=0 omega=4.931 ekf_omega=+4.889
[DEBUG] armors=1, targets=1
[2026-09-09 20:27:08.428] [info] [SYNC][XUC] mode=1 yaw=-6.52 deg pitch=-0.51 deg feeder_rpm=0.00 wheel0_rpm=6440 wheel1_rpm=6480 wheel_delta=-40 projectile_speed=19.36 gate=0xFF switch=1 rc=1 sticks=1 imu=1 serial=1 control=1 yaw_armed=1 pitch_active=1
[DEBUG] armors=1, targets=1
[2026-09-09 20:27:08.443] [info] [DRYRUN] measured_gimbal=(2.743,-0.006,-0.025) measured_world=(2.726,0.306,-0.001) tracked_world=(2.743,0.307,0.001) target_gimbal_deg=(-0.12,-0.53) target_world_deg=(6.41,-0.02) gimbal_deg=(6.52,-0.51) armor_y_px=609.0 pixel_error_deg=(1.29,1.69) ballistic=(range=2.743m holdover=0.097m comp=1.99deg residual=-0.29deg) q_wxyz=(0.998371,-0.000254,-0.004452,-0.056883) cmd_deg=(6.09,-0.76) packed_pitch_deg=-0.76 control=true shoot=false
[DEBUG] armors=1, targets=1
[DEBUG] armors=1, targets=1
[DEBUG] armors=1, targets=1
[DEBUG] armors=3, targets=1
[2026-09-09 20:27:08.512] [info] [SYNC][XUC] mode=1 yaw=-6.52 deg pitch=-0.52 deg feeder_rpm=0.00 wheel0_rpm=6440 wheel1_rpm=6480 wheel_delta=-40 projectile_speed=19.36 gate=0xFF switch=1 rc=1 sticks=1 imu=1 serial=1 control=1 yaw_armed=1 pitch_active=1
[DEBUG] armors=2, targets=1
[DEBUG] armors=2, targets=1
[2026-09-09 20:27:08.545] [info] [GYROSCHED] cycle=177 due_in=+153.4 ms hit_in=458.5 ms period=318.5 ms window=11.00deg worst=8.06deg safe=true
[DEBUG] armors=2, targets=1
[DEBUG] armors=3, targets=1
[DEBUG] armors=3, targets=1
[2026-09-09 20:27:08.598] [info] [SYNC][XUC] mode=1 yaw=-6.50 deg pitch=-0.51 deg feeder_rpm=-4.00 wheel0_rpm=6440 wheel1_rpm=6480 wheel_delta=-40 projectile_speed=19.36 gate=0xFF switch=1 rc=1 sticks=1 imu=1 serial=1 control=1 yaw_armed=1 pitch_active=1
[DEBUG] armors=2, targets=1
[DEBUG] armors=2, targets=1
[DEBUG] armors=2, targets=1
[DEBUG] armors=1, targets=1
[DEBUG] armors=1, targets=1
[2026-09-09 20:27:08.684] [info] [SYNC][XUC] mode=1 yaw=-6.47 deg pitch=-0.50 deg feeder_rpm=0.00 wheel0_rpm=6480 wheel1_rpm=6520 wheel_delta=-40 projectile_speed=19.36 gate=0xFF switch=1 rc=1 sticks=1 imu=1 serial=1 control=1 yaw_armed=1 pitch_active=1
[DEBUG] armors=1, targets=1
[DEBUG] armors=1, targets=1
[2026-09-09 20:27:08.717] [info] [GYROSCHED] cycle=178 due_in=+313.4 ms hit_in=604.5 ms period=318.5 ms window=11.00deg worst=8.06deg safe=true
[DEBUG] armors=1, targets=1
[2026-09-09 20:27:08.734] [info] [GYROPLL] phase_zero cycle=176 sample=333.9 ms periods=1 filtered=320.1 ms residual=+14.6 ms correction=+2.2 ms locks=176 locked=1 reacquired=0 rejects=0 omega=4.907 ekf_omega=+4.894
[2026-09-09 20:27:08.752] [info] [ASSOC] selected_face=3 cost=-0.082 detections=1 confidence=0.94
[DEBUG] armors=1, targets=1
[DEBUG] armors=1, targets=1
[2026-09-09 20:27:08.771] [info] [SYNC][XUC] mode=1 yaw=-6.46 deg pitch=-0.51 deg feeder_rpm=0.00 wheel0_rpm=6440 wheel1_rpm=6480 wheel_delta=-40 projectile_speed=19.36 gate=0xFF switch=1 rc=1 sticks=1 imu=1 serial=1 control=1 yaw_armed=1 pitch_active=1
[DEBUG] armors=1, targets=1
[2026-09-09 20:27:08.787] [info] [DRYRUN] measured_gimbal=(2.805,-0.026,-0.029) measured_world=(2.790,0.290,-0.004) tracked_world=(3.197,0.109,-0.001) target_gimbal_deg=(-0.53,-0.58) target_world_deg=(5.93,-0.08) gimbal_deg=(6.46,-0.51) armor_y_px=610.0 pixel_error_deg=(1.72,1.72) ballistic=(range=2.805m holdover=0.101m comp=2.01deg residual=-0.30deg) q_wxyz=(0.998402,-0.000250,-0.004433,-0.056345) cmd_deg=(5.71,-0.75) packed_pitch_deg=-0.75 control=true shoot=false
[2026-09-09 20:27:08.789] [info] [PERF] 总耗时=17.7ms (检测=14.7ms, 跟踪=0.5ms), FPS=56.4
[2026-09-09 20:27:08.789] [info] 📊 [CAMERA FPS] 瞬时帧率=56.3fps, 平均帧率=57.9fps, 总帧数=3300, 运行时间=57.0s
[DEBUG] armors=1, targets=1
[DEBUG] armors=2, targets=1
[DEBUG] armors=2, targets=1
[DEBUG] armors=2, targets=1
[2026-09-09 20:27:08.857] [info] [SYNC][XUC] mode=1 yaw=-6.46 deg pitch=-0.52 deg feeder_rpm=0.00 wheel0_rpm=6440 wheel1_rpm=6480 wheel_delta=-40 projectile_speed=19.36 gate=0xFF switch=1 rc=1 sticks=1 imu=1 serial=1 control=1 yaw_armed=1 pitch_active=1
[DEBUG] armors=2, targets=1
[DEBUG] armors=3, targets=1
[2026-09-09 20:27:08.891] [info] [XUC][FIRE] feeder recovery complete; fresh gyro qualification required
[2026-09-09 20:27:08.891] [info] [GYROSCHED] cycle=178 due_in=+121.9 ms hit_in=436.5 ms period=320.1 ms window=11.00deg worst=8.03deg safe=true
[2026-09-09 20:27:08.891] [info] [B2DIAG] auto=1 control=1 conv=1 oneface_gate=1 armed=1 motion=1 cadence=1 dyaw_fresh=1 dpitch_fresh=1 yawgate=0 event=1 safe=1 due_ms=+121.9 window_deg=11.00 worst_deg=8.03 yawerr_deg=4.25 pitcherr_deg=-0.39
[DEBUG] armors=2, targets=1
[DEBUG] armors=2, targets=1
[DEBUG] armors=2, targets=1
[2026-09-09 20:27:08.945] [info] [SYNC][XUC] mode=1 yaw=-6.46 deg pitch=-0.52 deg feeder_rpm=0.00 wheel0_rpm=6440 wheel1_rpm=6480 wheel_delta=-40 projectile_speed=19.36 gate=0xFF switch=1 rc=1 sticks=1 imu=1 serial=1 control=1 yaw_armed=1 pitch_active=1
[DEBUG] armors=2, targets=1
[DEBUG] armors=1, targets=1
[DEBUG] armors=1, targets=1
[DEBUG] armors=1, targets=1
[2026-09-09 20:27:09.011] [info] [XUC][FIRE] stable-window candidate started
[2026-09-09 20:27:09.011] [info] [XUC][FIRE] qualified after 0 ms/1 frames, current_pixel_error_deg=(-1.07,-0.32) predicted_impact_yaw_error_deg=-0.93 gyro_predict=true face_error=19.45deg omega=+4.927rad_s armed=true
[2026-09-09 20:27:09.028] [info] [SHOT] id=56 issue mode=1 gyro=1 event=1 cycle=178 processing_age_ms=46.9 due_error_ms=+0.06 period_ms=320.1 window_deg=11.00 worst_deg=8.03
[DEBUG] armors=1, targets=1
[2026-09-09 20:27:09.042] [info] [XUC][FIRE] gyro request inhibited during feeder recovery
[2026-09-09 20:27:09.042] [info] [XUC][FIRE] stable window reset
[2026-09-09 20:27:09.045] [info] [SYNC][XUC] mode=1 yaw=-6.44 deg pitch=-0.51 deg feeder_rpm=0.00 wheel0_rpm=6440 wheel1_rpm=6480 wheel_delta=-40 projectile_speed=19.36 gate=0xFF switch=1 rc=1 sticks=1 imu=1 serial=1 control=1 yaw_armed=1 pitch_active=1
[DEBUG] armors=1, targets=1
[2026-09-09 20:27:09.059] [info] [GYROPLL] phase_zero cycle=177 sample=321.1 ms periods=1 filtered=321.7 ms residual=+13.5 ms correction=+2.0 ms locks=177 locked=1 reacquired=0 rejects=0 omega=4.882 ekf_omega=+5.007
[2026-09-09 20:27:09.061] [info] [SHOT] id=56 feeder_start command_to_feeder_ms=33.0 rpm=1560
[DEBUG] armors=1, targets=1
[2026-09-09 20:27:09.075] [info] [GYROSCHED] cycle=179 due_in=+280.8 ms hit_in=577.6 ms period=321.7 ms window=11.00deg worst=7.99deg safe=true
[DEBUG] armors=1, targets=1
[DEBUG] armors=1, targets=1
[DEBUG] armors=2, targets=1
[2026-09-09 20:27:09.129] [info] [SYNC][XUC] mode=1 yaw=-6.43 deg pitch=-0.52 deg feeder_rpm=2069.00 wheel0_rpm=6440 wheel1_rpm=6480 wheel_delta=-40 projectile_speed=19.36 gate=0xFF switch=1 rc=1 sticks=1 imu=1 serial=1 control=1 yaw_armed=1 pitch_active=1
[DEBUG] armors=1, targets=1
[2026-09-09 20:27:09.142] [info] [DRYRUN] measured_gimbal=(2.864,-0.087,-0.036) measured_world=(2.856,0.234,-0.010) tracked_world=(3.362,0.594,-0.005) target_gimbal_deg=(-1.74,-0.72) target_world_deg=(4.69,-0.21) gimbal_deg=(6.43,-0.52) armor_y_px=614.6 pixel_error_deg=(2.94,1.83) ballistic=(range=2.865m holdover=0.104m comp=2.04deg residual=-0.21deg) q_wxyz=(0.998418,-0.000253,-0.004500,-0.056050) cmd_deg=(5.77,-0.71) packed_pitch_deg=-0.71 control=true shoot=false
[DEBUG] armors=3, targets=1
[DEBUG] armors=2, targets=1
[DEBUG] armors=2, targets=1
[DEBUG] armors=2, targets=1
[2026-09-09 20:27:09.215] [info] [SHOT] id=56 feeder_stop feeder_motion_ms=153.4
[2026-09-09 20:27:09.215] [info] [XUC][FIRE] feeder stopped; gyro recovery hold started for 600 ms
[2026-09-09 20:27:09.215] [info] [SYNC][XUC] mode=1 yaw=-6.42 deg pitch=-0.51 deg feeder_rpm=369.00 wheel0_rpm=6440 wheel1_rpm=6520 wheel_delta=-80 projectile_speed=19.36 gate=0xFF switch=1 rc=1 sticks=1 imu=1 serial=1 control=1 yaw_armed=1 pitch_active=1
[DEBUG] armors=2, targets=1
[DEBUG] armors=2, targets=1
[2026-09-09 20:27:09.247] [info] [GYROSCHED] cycle=179 due_in=+98.7 ms hit_in=405.9 ms period=321.7 ms window=10.99deg worst=7.99deg safe=true
[DEBUG] armors=3, targets=1
[DEBUG] armors=1, targets=1
[DEBUG] armors=1, targets=1
[2026-09-09 20:27:09.299] [info] [SYNC][XUC] mode=1 yaw=-6.43 deg pitch=-0.52 deg feeder_rpm=0.00 wheel0_rpm=6440 wheel1_rpm=6480 wheel_delta=-40 projectile_speed=19.36 gate=0xFF switch=1 rc=1 sticks=1 imu=1 serial=1 control=1 yaw_armed=1 pitch_active=1
[DEBUG] armors=1, targets=1
[DEBUG] armors=1, targets=1
[DEBUG] armors=1, targets=1
[DEBUG] armors=1, targets=1
[2026-09-09 20:27:09.366] [info] [GYROPLL] phase_zero cycle=178 sample=301.2 ms periods=1 filtered=321.1 ms residual=-9.1 ms correction=-1.4 ms locks=178 locked=1 reacquired=0 rejects=0 omega=4.893 ekf_omega=+5.192
[DEBUG] armors=1, targets=1
[2026-09-09 20:27:09.385] [info] [SYNC][XUC] mode=1 yaw=-6.45 deg pitch=-0.52 deg feeder_rpm=0.00 wheel0_rpm=6440 wheel1_rpm=6480 wheel_delta=-40 projectile_speed=19.36 gate=0xFF switch=1 rc=1 sticks=1 imu=1 serial=1 control=1 yaw_armed=1 pitch_active=1
[DEBUG] armors=1, targets=1
[DEBUG] armors=1, targets=1
[2026-09-09 20:27:09.418] [info] [GYROSCHED] cycle=180 due_in=+256.0 ms hit_in=553.8 ms period=321.1 ms window=10.99deg worst=8.01deg safe=true
[DEBUG] armors=1, targets=1
[DEBUG] armors=1, targets=1
[DEBUG] armors=1, targets=1
[2026-09-09 20:27:09.472] [info] [SYNC][XUC] mode=1 yaw=-6.45 deg pitch=-0.51 deg feeder_rpm=0.00 wheel0_rpm=6440 wheel1_rpm=6480 wheel_delta=-40 projectile_speed=19.36 gate=0xFF switch=1 rc=1 sticks=1 imu=1 serial=1 control=1 yaw_armed=1 pitch_active=1
[DEBUG] armors=3, targets=1
[2026-09-09 20:27:09.487] [info] [DRYRUN] measured_gimbal=(2.904,-0.105,-0.039) measured_world=(2.898,0.222,-0.013) tracked_world=(2.832,0.669,-0.003) target_gimbal_deg=(-2.07,-0.76) target_world_deg=(4.38,-0.25) gimbal_deg=(6.45,-0.51) armor_y_px=615.4 pixel_error_deg=(3.29,1.85) ballistic=(range=2.906m holdover=0.107m comp=2.06deg residual=-0.21deg) q_wxyz=(0.998409,-0.000251,-0.004462,-0.056214) cmd_deg=(6.39,-0.69) packed_pitch_deg=-0.69 control=true shoot=false
[DEBUG] armors=3, targets=1
[DEBUG] armors=2, targets=1
[DEBUG] armors=2, targets=1
[DEBUG] armors=2, targets=1
[2026-09-09 20:27:09.559] [info] [SYNC][XUC] mode=1 yaw=-6.45 deg pitch=-0.51 deg feeder_rpm=0.00 wheel0_rpm=6440 wheel1_rpm=6520 wheel_delta=-80 projectile_speed=19.36 gate=0xFF switch=1 rc=1 sticks=1 imu=1 serial=1 control=1 yaw_armed=1 pitch_active=1
[DEBUG] armors=2, targets=1
[DEBUG] armors=3, targets=1
[2026-09-09 20:27:09.590] [info] [GYROSCHED] cycle=180 due_in=+83.1 ms hit_in=381.4 ms period=321.1 ms window=10.99deg worst=8.01deg safe=true
[DEBUG] armors=2, targets=1
[2026-09-09 20:27:09.625] [info] [ASSOC] selected_face=0 cost=-0.063 detections=1 confidence=0.85
[DEBUG] armors=1, targets=1
[DEBUG] armors=1, targets=1
[2026-09-09 20:27:09.644] [info] [SYNC][XUC] mode=1 yaw=-6.44 deg pitch=-0.51 deg feeder_rpm=0.00 wheel0_rpm=6440 wheel1_rpm=6480 wheel_delta=-40 projectile_speed=19.36 gate=0xFF switch=1 rc=1 sticks=1 imu=1 serial=1 control=1 yaw_armed=1 pitch_active=1
[DEBUG] armors=1, targets=1
[2026-09-09 20:27:09.662] [info] [PERF] 总耗时=17.7ms (检测=14.6ms, 跟踪=0.5ms), FPS=56.5
[2026-09-09 20:27:09.662] [info] 📊 [CAMERA FPS] 瞬时帧率=56.3fps, 平均帧率=57.9fps, 总帧数=3350, 运行时间=57.8s
[DEBUG] armors=1, targets=1
[2026-09-09 20:27:09.676] [info] [GYROPLL] phase_zero cycle=179 sample=315.7 ms periods=1 filtered=319.9 ms residual=-13.1 ms correction=-2.0 ms locks=179 locked=1 reacquired=0 rejects=0 omega=4.911 ekf_omega=+5.035
[DEBUG] armors=1, targets=1
[DEBUG] armors=1, targets=1
[DEBUG] armors=1, targets=1
[2026-09-09 20:27:09.730] [info] [SYNC][XUC] mode=1 yaw=-6.45 deg pitch=-0.53 deg feeder_rpm=0.00 wheel0_rpm=6440 wheel1_rpm=6480 wheel_delta=-40 projectile_speed=19.36 gate=0xFF switch=1 rc=1 sticks=1 imu=1 serial=1 control=1 yaw_armed=1 pitch_active=1
[DEBUG] armors=1, targets=1
[DEBUG] armors=1, targets=1
[2026-09-09 20:27:09.762] [info] [GYROSCHED] cycle=181 due_in=+228.5 ms hit_in=526.7 ms period=319.9 ms window=10.99deg worst=8.03deg safe=true
[2026-09-09 20:27:09.762] [info] [B2DIAG] auto=1 control=1 conv=1 oneface_gate=1 armed=1 motion=1 cadence=0 dyaw_fresh=1 dpitch_fresh=1 yawgate=0 event=1 safe=1 due_ms=+228.5 window_deg=10.99 worst_deg=8.03 yawerr_deg=2.38 pitcherr_deg=-0.30
[DEBUG] armors=1, targets=1
[DEBUG] armors=2, targets=1
[DEBUG] armors=2, targets=1
[2026-09-09 20:27:09.816] [info] [SYNC][XUC] mode=1 yaw=-6.44 deg pitch=-0.54 deg feeder_rpm=0.00 wheel0_rpm=6440 wheel1_rpm=6480 wheel_delta=-40 projectile_speed=19.36 gate=0xFF switch=1 rc=1 sticks=1 imu=1 serial=1 control=1 yaw_armed=1 pitch_active=1
[DEBUG] armors=2, targets=1
[2026-09-09 20:27:09.831] [info] [DRYRUN] measured_gimbal=(2.998,-0.153,-0.038) measured_world=(2.997,0.184,-0.010) tracked_world=(2.844,0.175,-0.002) target_gimbal_deg=(-2.92,-0.73) target_world_deg=(3.52,-0.19) gimbal_deg=(6.44,-0.54) armor_y_px=612.8 pixel_error_deg=(4.17,1.79) ballistic=(range=3.002m holdover=0.113m comp=2.11deg residual=-0.32deg) q_wxyz=(0.998409,-0.000267,-0.004741,-0.056178) cmd_deg=(5.86,-0.78) packed_pitch_deg=-0.78 control=true shoot=false
[DEBUG] armors=2, targets=1
[2026-09-09 20:27:09.847] [info] [XUC][FIRE] feeder recovery complete; fresh gyro qualification required
[DEBUG] armors=2, targets=1
[DEBUG] armors=2, targets=1
[DEBUG] armors=2, targets=1
[2026-09-09 20:27:09.902] [info] [SYNC][XUC] mode=1 yaw=-6.43 deg pitch=-0.55 deg feeder_rpm=0.00 wheel0_rpm=6440 wheel1_rpm=6520 wheel_delta=-80 projectile_speed=19.36 gate=0xFF switch=1 rc=1 sticks=1 imu=1 serial=1 control=1 yaw_armed=1 pitch_active=1
[DEBUG] armors=2, targets=1
[DEBUG] armors=2, targets=1
[2026-09-09 20:27:09.935] [info] [GYROSCHED] cycle=181 due_in=+60.0 ms hit_in=353.1 ms period=319.9 ms window=10.99deg worst=8.03deg safe=true
[DEBUG] armors=1, targets=1
[DEBUG] armors=1, targets=1
[2026-09-09 20:27:09.968] [info] [XUC][FIRE] stable-window candidate started
[2026-09-09 20:27:09.969] [info] [XUC][FIRE] qualified after 0 ms/1 frames, current_pixel_error_deg=(-1.15,-0.30) predicted_impact_yaw_error_deg=-1.19 gyro_predict=true face_error=16.59deg omega=+4.844rad_s armed=true
[2026-09-09 20:27:09.987] [info] [SHOT] id=57 issue mode=1 gyro=1 event=1 cycle=181 processing_age_ms=46.0 due_error_ms=+0.07 period_ms=319.9 window_deg=10.99 worst_deg=8.03
[DEBUG] armors=1, targets=1
[2026-09-09 20:27:10.003] [info] [XUC][FIRE] gyro request inhibited during feeder recovery
[2026-09-09 20:27:10.003] [info] [XUC][FIRE] stable window reset
[2026-09-09 20:27:10.005] [info] [SYNC][XUC] mode=1 yaw=-6.42 deg pitch=-0.57 deg feeder_rpm=0.00 wheel0_rpm=6440 wheel1_rpm=6480 wheel_delta=-40 projectile_speed=19.36 gate=0xFF switch=1 rc=1 sticks=1 imu=1 serial=1 control=1 yaw_armed=1 pitch_active=1
[DEBUG] armors=1, targets=1
[2026-09-09 20:27:10.019] [info] [GYROPLL] phase_zero cycle=180 sample=339.5 ms periods=1 filtered=320.1 ms residual=+8.5 ms correction=+1.3 ms locks=180 locked=1 reacquired=0 rejects=0 omega=4.908 ekf_omega=+4.913
[2026-09-09 20:27:10.021] [info] [SHOT] id=57 feeder_start command_to_feeder_ms=33.5 rpm=1527
[DEBUG] armors=1, targets=1
[DEBUG] armors=1, targets=1
[DEBUG] armors=1, targets=1
[DEBUG] armors=1, targets=1
[2026-09-09 20:27:10.087] [info] [SYNC][XUC] mode=1 yaw=-6.41 deg pitch=-0.57 deg feeder_rpm=2072.00 wheel0_rpm=6440 wheel1_rpm=6520 wheel_delta=-80 projectile_speed=19.36 gate=0xFF switch=1 rc=1 sticks=1 imu=1 serial=1 control=1 yaw_armed=1 pitch_active=1
[DEBUG] armors=1, targets=1
[DEBUG] armors=2, targets=1
[2026-09-09 20:27:10.119] [info] [GYROSCHED] cycle=182 due_in=+194.2 ms hit_in=491.0 ms period=320.1 ms window=10.99deg worst=8.03deg safe=true
[DEBUG] armors=2, targets=1
[DEBUG] armors=3, targets=1
[DEBUG] armors=2, targets=1
[2026-09-09 20:27:10.173] [info] [SHOT] id=57 feeder_stop feeder_motion_ms=152.0
[2026-09-09 20:27:10.173] [info] [XUC][FIRE] feeder stopped; gyro recovery hold started for 600 ms
[2026-09-09 20:27:10.173] [info] [SYNC][XUC] mode=1 yaw=-6.41 deg pitch=-0.56 deg feeder_rpm=424.00 wheel0_rpm=6440 wheel1_rpm=6480 wheel_delta=-40 projectile_speed=19.36 gate=0xFF switch=1 rc=1 sticks=1 imu=1 serial=1 control=1 yaw_armed=1 pitch_active=1
[DEBUG] armors=2, targets=1
[2026-09-09 20:27:10.188] [info] [DRYRUN] measured_gimbal=(3.267,-0.173,-0.054) measured_world=(3.267,0.193,-0.022) tracked_world=(3.352,0.205,-0.007) target_gimbal_deg=(-3.03,-0.95) target_world_deg=(3.38,-0.39) gimbal_deg=(6.41,-0.56) armor_y_px=617.6 pixel_error_deg=(4.34,1.90) ballistic=(range=3.272m holdover=0.131m comp=2.25deg residual=-0.35deg) q_wxyz=(0.998422,-0.000272,-0.004863,-0.055945) cmd_deg=(5.69,-0.75) packed_pitch_deg=-0.75 control=true shoot=false
[DEBUG] armors=3, targets=1
[DEBUG] armors=2, targets=1
[DEBUG] armors=2, targets=1
[DEBUG] armors=2, targets=1
[2026-09-09 20:27:10.261] [info] [SYNC][XUC] mode=1 yaw=-6.42 deg pitch=-0.56 deg feeder_rpm=7.00 wheel0_rpm=6440 wheel1_rpm=6480 wheel_delta=-40 projectile_speed=19.36 gate=0xFF switch=1 rc=1 sticks=1 imu=1 serial=1 control=1 yaw_armed=1 pitch_active=1
[DEBUG] armors=1, targets=1
[DEBUG] armors=1, targets=1
[2026-09-09 20:27:10.292] [info] [GYROSCHED] cycle=182 due_in=+19.5 ms hit_in=317.6 ms period=320.1 ms window=10.99deg worst=8.03deg safe=true
[DEBUG] armors=1, targets=1
[DEBUG] armors=1, targets=1
[DEBUG] armors=1, targets=1
[2026-09-09 20:27:10.345] [info] [GYROPLL] phase_zero cycle=181 sample=328.0 ms periods=1 filtered=321.4 ms residual=+15.1 ms correction=+2.3 ms locks=181 locked=1 reacquired=0 rejects=0 omega=4.888 ekf_omega=+4.936
[2026-09-09 20:27:10.347] [info] [SYNC][XUC] mode=1 yaw=-6.42 deg pitch=-0.55 deg feeder_rpm=-4.00 wheel0_rpm=6440 wheel1_rpm=6480 wheel_delta=-40 projectile_speed=19.36 gate=0xFF switch=1 rc=1 sticks=1 imu=1 serial=1 control=1 yaw_armed=1 pitch_active=1
[DEBUG] armors=1, targets=1
[DEBUG] armors=1, targets=1
[DEBUG] armors=1, targets=1
[DEBUG] armors=2, targets=1
[DEBUG] armors=2, targets=1
[2026-09-09 20:27:10.430] [info] [SYNC][XUC] mode=1 yaw=-6.41 deg pitch=-0.55 deg feeder_rpm=-4.00 wheel0_rpm=6440 wheel1_rpm=6520 wheel_delta=-80 projectile_speed=19.36 gate=0xFF switch=1 rc=1 sticks=1 imu=1 serial=1 control=1 yaw_armed=1 pitch_active=1
[DEBUG] armors=3, targets=1
[DEBUG] armors=2, targets=1
[2026-09-09 20:27:10.461] [info] [GYROSCHED] cycle=183 due_in=+166.8 ms hit_in=473.4 ms period=321.4 ms window=10.99deg worst=8.00deg safe=true
[DEBUG] armors=2, targets=1
[2026-09-09 20:27:10.495] [info] [ASSOC] selected_face=2 cost=-0.027 detections=2 confidence=0.45
[DEBUG] armors=2, targets=1
[DEBUG] armors=3, targets=1
[2026-09-09 20:27:10.515] [info] [SYNC][XUC] mode=1 yaw=-6.37 deg pitch=-0.55 deg feeder_rpm=0.00 wheel0_rpm=6360 wheel1_rpm=6400 wheel_delta=-40 projectile_speed=19.36 gate=0xFF switch=1 rc=1 sticks=1 imu=1 serial=1 control=1 yaw_armed=1 pitch_active=1
[DEBUG] armors=2, targets=1
[2026-09-09 20:27:10.530] [info] [DRYRUN] measured_gimbal=(2.835,0.256,-0.029) measured_world=(2.789,0.569,-0.002) tracked_world=(3.238,0.704,-0.008) target_gimbal_deg=(5.16,-0.59) target_world_deg=(11.53,-0.04) gimbal_deg=(6.37,-0.55) armor_y_px=609.6 pixel_error_deg=(-3.96,1.71) ballistic=(range=2.847m holdover=0.103m comp=2.03deg residual=-0.33deg) q_wxyz=(0.998442,-0.000266,-0.004770,-0.055589) cmd_deg=(5.79,-0.76) packed_pitch_deg=-0.76 control=true shoot=false
[2026-09-09 20:27:10.532] [info] [PERF] 总耗时=16.5ms (检测=13.4ms, 跟踪=0.9ms), FPS=60.6
[2026-09-09 20:27:10.532] [info] 📊 [CAMERA FPS] 瞬时帧率=60.5fps, 平均帧率=57.9fps, 总帧数=3400, 运行时间=58.7s
[DEBUG] armors=2, targets=1
[DEBUG] armors=1, targets=1
[DEBUG] armors=1, targets=1
[DEBUG] armors=1, targets=1
[2026-09-09 20:27:10.597] [info] [SYNC][XUC] mode=1 yaw=-6.37 deg pitch=-0.51 deg feeder_rpm=-4.00 wheel0_rpm=6400 wheel1_rpm=6480 wheel_delta=-80 projectile_speed=19.36 gate=0xFF switch=1 rc=1 sticks=1 imu=1 serial=1 control=1 yaw_armed=1 pitch_active=1
[DEBUG] armors=1, targets=1
[DEBUG] armors=1, targets=1
[2026-09-09 20:27:10.628] [info] [GYROSCHED] cycle=183 due_in=+8.1 ms hit_in=306.3 ms period=321.4 ms window=10.99deg worst=8.00deg safe=true
[2026-09-09 20:27:10.628] [info] [B2DIAG] auto=1 control=1 conv=1 oneface_gate=1 armed=1 motion=1 cadence=0 dyaw_fresh=1 dpitch_fresh=1 yawgate=1 event=1 safe=1 due_ms=+8.1 window_deg=10.99 worst_deg=8.00 yawerr_deg=-0.98 pitcherr_deg=-0.20
[DEBUG] armors=1, targets=1
[2026-09-09 20:27:10.645] [info] [GYROPLL] phase_zero cycle=182 sample=308.6 ms periods=1 filtered=320.9 ms residual=+0.1 ms correction=+0.0 ms locks=182 locked=1 reacquired=0 rejects=0 omega=4.895 ekf_omega=+5.099
[DEBUG] armors=1, targets=1
[DEBUG] armors=1, targets=1
[2026-09-09 20:27:10.680] [info] [SYNC][XUC] mode=1 yaw=-6.38 deg pitch=-0.50 deg feeder_rpm=0.00 wheel0_rpm=6440 wheel1_rpm=6520 wheel_delta=-80 projectile_speed=19.36 gate=0xFF switch=1 rc=1 sticks=1 imu=1 serial=1 control=1 yaw_armed=1 pitch_active=1
[DEBUG] armors=1, targets=1
[DEBUG] armors=1, targets=1
[DEBUG] armors=1, targets=1
[DEBUG] armors=1, targets=1
[DEBUG] armors=2, targets=1
[2026-09-09 20:27:10.766] [info] [SYNC][XUC] mode=1 yaw=-6.39 deg pitch=-0.52 deg feeder_rpm=0.00 wheel0_rpm=6440 wheel1_rpm=6480 wheel_delta=-40 projectile_speed=19.36 gate=0xFF switch=1 rc=1 sticks=1 imu=1 serial=1 control=1 yaw_armed=1 pitch_active=1
[DEBUG] armors=2, targets=1
[DEBUG] armors=2, targets=1
[2026-09-09 20:27:10.798] [info] [GYROSCHED] cycle=184 due_in=+149.3 ms hit_in=457.0 ms period=320.9 ms window=10.99deg worst=8.01deg safe=true
[DEBUG] armors=3, targets=1
[2026-09-09 20:27:10.817] [info] [XUC][FIRE] feeder recovery complete; fresh gyro qualification required
[DEBUG] armors=2, targets=1
[DEBUG] armors=2, targets=1
[2026-09-09 20:27:10.853] [info] [SYNC][XUC] mode=1 yaw=-6.38 deg pitch=-0.50 deg feeder_rpm=0.00 wheel0_rpm=6440 wheel1_rpm=6480 wheel_delta=-40 projectile_speed=19.36 gate=0xFF switch=1 rc=1 sticks=1 imu=1 serial=1 control=1 yaw_armed=1 pitch_active=1
[DEBUG] armors=2, targets=1
[2026-09-09 20:27:10.868] [info] [DRYRUN] measured_gimbal=(2.770,0.232,-0.023) measured_world=(2.727,0.538,0.001) tracked_world=(2.766,0.540,-0.005) target_gimbal_deg=(4.79,-0.48) target_world_deg=(11.17,0.02) gimbal_deg=(6.38,-0.50) armor_y_px=606.3 pixel_error_deg=(-3.61,1.63) ballistic=(range=2.779m holdover=0.099m comp=2.00deg residual=-0.38deg) q_wxyz=(0.998441,-0.000243,-0.004360,-0.055645) cmd_deg=(5.97,-0.77) packed_pitch_deg=-0.77 control=true shoot=false
[DEBUG] armors=3, targets=1
[DEBUG] armors=1, targets=1
[DEBUG] armors=1, targets=1
[DEBUG] armors=1, targets=1
[2026-09-09 20:27:10.937] [info] [XUC][FIRE] stable-window candidate started
[2026-09-09 20:27:10.937] [info] [XUC][FIRE] qualified after 0 ms/1 frames, current_pixel_error_deg=(-1.29,-0.39) predicted_impact_yaw_error_deg=inf gyro_predict=true face_error=infdeg omega=+5.070rad_s armed=true
[2026-09-09 20:27:10.954] [info] [SHOT] id=58 issue mode=1 gyro=1 event=1 cycle=184 processing_age_ms=45.6 due_error_ms=+0.08 period_ms=320.9 window_deg=10.99 worst_deg=8.01
[2026-09-09 20:27:10.956] [info] [SYNC][XUC] mode=1 yaw=-6.39 deg pitch=-0.52 deg feeder_rpm=-4.00 wheel0_rpm=6440 wheel1_rpm=6480 wheel_delta=-40 projectile_speed=19.36 gate=0xFF switch=1 rc=1 sticks=1 imu=1 serial=1 control=1 yaw_armed=1 pitch_active=1
[DEBUG] armors=1, targets=1
[2026-09-09 20:27:10.968] [info] [XUC][FIRE] gyro request inhibited during feeder recovery
[2026-09-09 20:27:10.968] [info] [XUC][FIRE] stable window reset
[DEBUG] armors=1, targets=1
[2026-09-09 20:27:10.983] [info] [GYROPLL] phase_zero cycle=183 sample=320.0 ms periods=1 filtered=320.6 ms residual=-0.9 ms correction=-0.1 ms locks=183 locked=1 reacquired=0 rejects=0 omega=4.900 ekf_omega=+4.993
[2026-09-09 20:27:10.983] [info] [GYROSCHED] cycle=185 due_in=+294.6 ms hit_in=592.0 ms period=320.6 ms window=10.99deg worst=8.02deg safe=true
[2026-09-09 20:27:10.986] [info] [SHOT] id=58 feeder_start command_to_feeder_ms=32.0 rpm=1519
[DEBUG] armors=1, targets=1
[DEBUG] armors=1, targets=1
[DEBUG] armors=1, targets=1
[2026-09-09 20:27:11.034] [info] [SYNC][XUC] mode=1 yaw=-6.38 deg pitch=-0.51 deg feeder_rpm=1937.00 wheel0_rpm=6440 wheel1_rpm=6520 wheel_delta=-80 projectile_speed=19.36 gate=0xFF switch=1 rc=1 sticks=1 imu=1 serial=1 control=1 yaw_armed=1 pitch_active=1
[DEBUG] armors=1, targets=1
[DEBUG] armors=2, targets=1
[DEBUG] armors=2, targets=1
[DEBUG] armors=2, targets=1
[DEBUG] armors=2, targets=1
[2026-09-09 20:27:11.120] [info] [SYNC][XUC] mode=1 yaw=-6.36 deg pitch=-0.51 deg feeder_rpm=1713.00 wheel0_rpm=6440 wheel1_rpm=6520 wheel_delta=-80 projectile_speed=19.36 gate=0xFF switch=1 rc=1 sticks=1 imu=1 serial=1 control=1 yaw_armed=1 pitch_active=1
[DEBUG] armors=2, targets=1
[2026-09-09 20:27:11.138] [info] [SHOT] id=58 feeder_stop feeder_motion_ms=151.9
[2026-09-09 20:27:11.138] [info] [XUC][FIRE] feeder stopped; gyro recovery hold started for 600 ms
[DEBUG] armors=3, targets=1
[2026-09-09 20:27:11.152] [info] [GYROSCHED] cycle=185 due_in=+114.2 ms hit_in=422.9 ms period=320.6 ms window=10.99deg worst=8.02deg safe=true
[DEBUG] armors=3, targets=1
[DEBUG] armors=2, targets=1
[DEBUG] armors=2, targets=1
[2026-09-09 20:27:11.206] [info] [SYNC][XUC] mode=1 yaw=-6.34 deg pitch=-0.51 deg feeder_rpm=0.00 wheel0_rpm=6440 wheel1_rpm=6480 wheel_delta=-40 projectile_speed=19.36 gate=0xFF switch=1 rc=1 sticks=1 imu=1 serial=1 control=1 yaw_armed=1 pitch_active=1
[DEBUG] armors=1, targets=1
[2026-09-09 20:27:11.220] [info] [DRYRUN] measured_gimbal=(2.731,0.164,-0.027) measured_world=(2.696,0.465,-0.003) tracked_world=(3.012,0.095,-0.007) target_gimbal_deg=(3.43,-0.56) target_world_deg=(9.78,-0.05) gimbal_deg=(6.34,-0.51) armor_y_px=610.6 pixel_error_deg=(-2.27,1.73) ballistic=(range=2.736m holdover=0.097m comp=1.98deg residual=-0.25deg) q_wxyz=(0.998459,-0.000246,-0.004447,-0.055311) cmd_deg=(5.58,-0.77) packed_pitch_deg=-0.77 control=true shoot=false
[DEBUG] armors=1, targets=1
[DEBUG] armors=1, targets=1
[DEBUG] armors=1, targets=1
[DEBUG] armors=1, targets=1
[2026-09-09 20:27:11.292] [info] [SYNC][XUC] mode=1 yaw=-6.31 deg pitch=-0.51 deg feeder_rpm=0.00 wheel0_rpm=6440 wheel1_rpm=6480 wheel_delta=-40 projectile_speed=19.36 gate=0xFF switch=1 rc=1 sticks=1 imu=1 serial=1 control=1 yaw_armed=1 pitch_active=1
[DEBUG] armors=1, targets=1
[2026-09-09 20:27:11.307] [info] [GYROPLL] phase_zero cycle=184 sample=331.9 ms periods=1 filtered=320.3 ms residual=+10.6 ms correction=+1.6 ms locks=184 locked=1 reacquired=0 rejects=0 omega=4.904 ekf_omega=+4.974
[DEBUG] armors=1, targets=1
[2026-09-09 20:27:11.323] [info] [GYROSCHED] cycle=186 due_in=+274.7 ms hit_in=573.8 ms period=320.3 ms window=10.99deg worst=8.02deg safe=true
[DEBUG] armors=1, targets=1
[2026-09-09 20:27:11.357] [info] [ASSOC] selected_face=3 cost=-0.077 detections=1 confidence=0.90
[DEBUG] armors=1, targets=1
[DEBUG] armors=1, targets=1
[2026-09-09 20:27:11.377] [info] [SYNC][XUC] mode=1 yaw=-6.31 deg pitch=-0.52 deg feeder_rpm=-4.00 wheel0_rpm=6440 wheel1_rpm=6520 wheel_delta=-80 projectile_speed=19.36 gate=0xFF switch=1 rc=1 sticks=1 imu=1 serial=1 control=1 yaw_armed=1 pitch_active=1
[DEBUG] armors=2, targets=1
[2026-09-09 20:27:11.394] [info] [PERF] 总耗时=17.4ms (检测=14.1ms, 跟踪=0.8ms), FPS=57.3
[2026-09-09 20:27:11.394] [info] 📊 [CAMERA FPS] 瞬时帧率=57.2fps, 平均帧率=57.9fps, 总帧数=3450, 运行时间=59.6s
[DEBUG] armors=2, targets=1
[DEBUG] armors=3, targets=1
[DEBUG] armors=2, targets=1
[DEBUG] armors=3, targets=1
[2026-09-09 20:27:11.464] [info] [SYNC][XUC] mode=1 yaw=-6.30 deg pitch=-0.51 deg feeder_rpm=0.00 wheel0_rpm=6440 wheel1_rpm=6480 wheel_delta=-40 projectile_speed=19.36 gate=0xFF switch=1 rc=1 sticks=1 imu=1 serial=1 control=1 yaw_armed=1 pitch_active=1
[DEBUG] armors=2, targets=1
[DEBUG] armors=3, targets=1
[2026-09-09 20:27:11.496] [info] [GYROSCHED] cycle=186 due_in=+100.1 ms hit_in=401.5 ms period=320.3 ms window=10.99deg worst=8.02deg safe=true
[2026-09-09 20:27:11.496] [info] [B2DIAG] auto=1 control=1 conv=1 oneface_gate=1 armed=1 motion=1 cadence=0 dyaw_fresh=1 dpitch_fresh=1 yawgate=0 event=1 safe=1 due_ms=+100.1 window_deg=10.99 worst_deg=8.02 yawerr_deg=-3.71 pitcherr_deg=-0.33
[DEBUG] armors=2, targets=1
[DEBUG] armors=2, targets=1
[DEBUG] armors=1, targets=1
[2026-09-09 20:27:11.547] [info] [SYNC][XUC] mode=1 yaw=-6.30 deg pitch=-0.50 deg feeder_rpm=0.00 wheel0_rpm=6440 wheel1_rpm=6480 wheel_delta=-40 projectile_speed=19.36 gate=0xFF switch=1 rc=1 sticks=1 imu=1 serial=1 control=1 yaw_armed=1 pitch_active=1
[DEBUG] armors=1, targets=1
[2026-09-09 20:27:11.561] [info] [DRYRUN] measured_gimbal=(2.668,0.140,-0.024) measured_world=(2.637,0.432,-0.001) tracked_world=(3.430,0.363,-0.009) target_gimbal_deg=(3.01,-0.52) target_world_deg=(9.30,-0.02) gimbal_deg=(6.30,-0.50) armor_y_px=610.1 pixel_error_deg=(-1.86,1.72) ballistic=(range=2.672m holdover=0.093m comp=1.95deg residual=-0.24deg) q_wxyz=(0.998481,-0.000241,-0.004381,-0.054922) cmd_deg=(5.76,-0.74) packed_pitch_deg=-0.74 control=true shoot=false
[DEBUG] armors=1, targets=1
[DEBUG] armors=1, targets=1
[DEBUG] armors=1, targets=1
[DEBUG] armors=1, targets=1
[2026-09-09 20:27:11.630] [info] [GYROPLL] phase_zero cycle=185 sample=318.8 ms periods=1 filtered=320.0 ms residual=+7.5 ms correction=+1.1 ms locks=185 locked=1 reacquired=0 rejects=0 omega=4.909 ekf_omega=+5.058
[2026-09-09 20:27:11.632] [info] [SYNC][XUC] mode=1 yaw=-6.30 deg pitch=-0.51 deg feeder_rpm=0.00 wheel0_rpm=6440 wheel1_rpm=6480 wheel_delta=-40 projectile_speed=19.36 gate=0xFF switch=1 rc=1 sticks=1 imu=1 serial=1 control=1 yaw_armed=1 pitch_active=1
[DEBUG] armors=1, targets=1
[DEBUG] armors=1, targets=1
[2026-09-09 20:27:11.665] [info] [GYROSCHED] cycle=187 due_in=+255.0 ms hit_in=553.0 ms period=320.0 ms window=10.99deg worst=8.03deg safe=true
[DEBUG] armors=1, targets=1
[DEBUG] armors=2, targets=1
[DEBUG] armors=2, targets=1
[2026-09-09 20:27:11.720] [info] [SYNC][XUC] mode=1 yaw=-6.31 deg pitch=-0.51 deg feeder_rpm=0.00 wheel0_rpm=6440 wheel1_rpm=6480 wheel_delta=-40 projectile_speed=19.36 gate=0xFF switch=1 rc=1 sticks=1 imu=1 serial=1 control=1 yaw_armed=1 pitch_active=1
[DEBUG] armors=3, targets=1
[DEBUG] armors=2, targets=1
[DEBUG] armors=2, targets=1
[2026-09-09 20:27:11.770] [info] [XUC][FIRE] feeder recovery complete; fresh gyro qualification required
[DEBUG] armors=2, targets=1
[DEBUG] armors=2, targets=1
[2026-09-09 20:27:11.808] [info] [SYNC][XUC] mode=1 yaw=-6.30 deg pitch=-0.50 deg feeder_rpm=0.00 wheel0_rpm=6440 wheel1_rpm=6520 wheel_delta=-80 projectile_speed=19.36 gate=0xFF switch=1 rc=1 sticks=1 imu=1 serial=1 control=1 yaw_armed=1 pitch_active=1
[DEBUG] armors=3, targets=1
[DEBUG] armors=1, targets=1
[2026-09-09 20:27:11.840] [info] [GYROSCHED] cycle=187 due_in=+75.5 ms hit_in=377.5 ms period=320.0 ms window=10.99deg worst=8.03deg safe=true
[DEBUG] armors=1, targets=1
[DEBUG] armors=1, targets=1
[DEBUG] armors=1, targets=1
[2026-09-09 20:27:11.895] [info] [SYNC][XUC] mode=1 yaw=-6.31 deg pitch=-0.49 deg feeder_rpm=-4.00 wheel0_rpm=6440 wheel1_rpm=6480 wheel_delta=-40 projectile_speed=19.36 gate=0xFF switch=1 rc=1 sticks=1 imu=1 serial=1 control=1 yaw_armed=1 pitch_active=1
[DEBUG] armors=1, targets=1
[2026-09-09 20:27:11.909] [info] [XUC][FIRE] stable-window candidate started
[2026-09-09 20:27:11.910] [info] [XUC][FIRE] qualified after 0 ms/1 frames, current_pixel_error_deg=(-1.11,-0.27) predicted_impact_yaw_error_deg=7.74 gyro_predict=true face_error=56.26deg omega=+5.128rad_s armed=true
[2026-09-09 20:27:11.910] [info] [DRYRUN] measured_gimbal=(2.807,0.113,-0.030) measured_world=(2.778,0.420,-0.006) tracked_world=(3.062,0.768,-0.005) target_gimbal_deg=(2.30,-0.61) target_world_deg=(8.61,-0.12) gimbal_deg=(6.31,-0.49) armor_y_px=611.1 pixel_error_deg=(-1.11,1.74) ballistic=(range=2.809m holdover=0.101m comp=2.02deg residual=-0.27deg) q_wxyz=(0.998475,-0.000235,-0.004271,-0.055032) cmd_deg=(6.40,-0.73) packed_pitch_deg=-0.73 control=true shoot=true
[2026-09-09 20:27:11.919] [info] [SHOT] id=59 issue mode=1 gyro=1 event=1 cycle=187 processing_age_ms=37.0 due_error_ms=+0.06 period_ms=320.0 window_deg=10.99 worst_deg=8.03
[DEBUG] armors=1, targets=1
[2026-09-09 20:27:11.934] [info] [XUC][FIRE] gyro request inhibited during feeder recovery
[2026-09-09 20:27:11.934] [info] [GYROPLL] phase_zero cycle=186 sample=309.4 ms periods=1 filtered=319.6 ms residual=-4.1 ms correction=-0.6 ms locks=186 locked=1 reacquired=0 rejects=0 omega=4.915 ekf_omega=+5.102
[2026-09-09 20:27:11.934] [info] [XUC][FIRE] stable window reset
[DEBUG] armors=1, targets=1
[2026-09-09 20:27:11.953] [info] [SHOT] id=59 feeder_start command_to_feeder_ms=34.3 rpm=834
[DEBUG] armors=1, targets=1
[DEBUG] armors=1, targets=1
[2026-09-09 20:27:11.986] [info] [SYNC][XUC] mode=1 yaw=-6.31 deg pitch=-0.49 deg feeder_rpm=1981.00 wheel0_rpm=6440 wheel1_rpm=6480 wheel_delta=-40 projectile_speed=19.36 gate=0xFF switch=1 rc=1 sticks=1 imu=1 serial=1 control=1 yaw_armed=1 pitch_active=1
[DEBUG] armors=1, targets=1
[DEBUG] armors=1, targets=1
[2026-09-09 20:27:12.018] [info] [GYROSCHED] cycle=188 due_in=+221.6 ms hit_in=518.7 ms period=319.6 ms window=10.99deg worst=8.04deg safe=true
[DEBUG] armors=1, targets=1
[DEBUG] armors=3, targets=1
[DEBUG] armors=3, targets=1
[2026-09-09 20:27:12.074] [info] [SYNC][XUC] mode=1 yaw=-6.32 deg pitch=-0.49 deg feeder_rpm=2087.00 wheel0_rpm=6440 wheel1_rpm=6480 wheel_delta=-40 projectile_speed=19.36 gate=0xFF switch=1 rc=1 sticks=1 imu=1 serial=1 control=1 yaw_armed=1 pitch_active=1
[DEBUG] armors=3, targets=1
[DEBUG] armors=2, targets=1
[2026-09-09 20:27:12.109] [info] [SHOT] id=59 feeder_stop feeder_motion_ms=156.0
[2026-09-09 20:27:12.109] [info] [XUC][FIRE] feeder stopped; gyro recovery hold started for 600 ms
[DEBUG] armors=2, targets=1
[DEBUG] armors=2, targets=1
[DEBUG] armors=3, targets=1
[2026-09-09 20:27:12.163] [info] [SYNC][XUC] mode=1 yaw=-6.31 deg pitch=-0.48 deg feeder_rpm=-4.00 wheel0_rpm=6440 wheel1_rpm=6480 wheel_delta=-40 projectile_speed=19.36 gate=0xFF switch=1 rc=1 sticks=1 imu=1 serial=1 control=1 yaw_armed=1 pitch_active=1
[DEBUG] armors=1, targets=1
[DEBUG] armors=1, targets=1
[2026-09-09 20:27:12.194] [info] [GYROSCHED] cycle=188 due_in=+53.1 ms hit_in=342.0 ms period=319.6 ms window=10.99deg worst=8.04deg safe=true
[DEBUG] armors=1, targets=1
[2026-09-09 20:27:12.227] [info] [ASSOC] selected_face=0 cost=-0.071 detections=1 confidence=0.90
[DEBUG] armors=1, targets=1
[DEBUG] armors=1, targets=1
[2026-09-09 20:27:12.248] [info] [SYNC][XUC] mode=1 yaw=-6.28 deg pitch=-0.48 deg feeder_rpm=7.00 wheel0_rpm=6440 wheel1_rpm=6480 wheel_delta=-40 projectile_speed=19.36 gate=0xFF switch=1 rc=1 sticks=1 imu=1 serial=1 control=1 yaw_armed=1 pitch_active=1
[DEBUG] armors=1, targets=1
[2026-09-09 20:27:12.262] [info] [GYROPLL] phase_zero cycle=187 sample=334.5 ms periods=1 filtered=319.8 ms residual=+11.4 ms correction=+1.7 ms locks=187 locked=1 reacquired=0 rejects=0 omega=4.913 ekf_omega=+4.871
[2026-09-09 20:27:12.262] [info] [DRYRUN] measured_gimbal=(2.628,0.055,-0.020) measured_world=(2.606,0.342,0.003) tracked_world=(2.752,0.361,-0.003) target_gimbal_deg=(1.19,-0.43) target_world_deg=(7.47,0.06) gimbal_deg=(6.28,-0.48) armor_y_px=607.0 pixel_error_deg=(-0.06,1.64) ballistic=(range=2.628m holdover=0.091m comp=1.94deg residual=-0.29deg) q_wxyz=(0.998489,-0.000231,-0.004216,-0.054798) cmd_deg=(5.71,-0.76) packed_pitch_deg=-0.76 control=true shoot=false
[2026-09-09 20:27:12.265] [info] [PERF] 总耗时=17.2ms (检测=14.1ms, 跟踪=0.5ms), FPS=58.3
[2026-09-09 20:27:12.265] [info] 📊 [CAMERA FPS] 瞬时帧率=58.1fps, 平均帧率=57.9fps, 总帧数=3500, 运行时间=60.4s
[DEBUG] armors=1, targets=1
[DEBUG] armors=1, targets=1
[DEBUG] armors=1, targets=1
[DEBUG] armors=1, targets=1
[2026-09-09 20:27:12.329] [info] [SYNC][XUC] mode=1 yaw=-6.28 deg pitch=-0.50 deg feeder_rpm=-4.00 wheel0_rpm=6440 wheel1_rpm=6480 wheel_delta=-40 projectile_speed=19.36 gate=0xFF switch=1 rc=1 sticks=1 imu=1 serial=1 control=1 yaw_armed=1 pitch_active=1
[DEBUG] armors=1, targets=1
[DEBUG] armors=3, targets=1
[2026-09-09 20:27:12.360] [info] [GYROSCHED] cycle=189 due_in=+199.9 ms hit_in=498.1 ms period=319.8 ms window=10.99deg worst=8.04deg safe=true
[2026-09-09 20:27:12.360] [info] [B2DIAG] auto=1 control=1 conv=1 oneface_gate=1 armed=1 motion=1 cadence=0 dyaw_fresh=1 dpitch_fresh=1 yawgate=0 event=1 safe=1 due_ms=+199.9 window_deg=10.99 worst_deg=8.04 yawerr_deg=3.04 pitcherr_deg=-0.25
[DEBUG] armors=2, targets=1
[DEBUG] armors=2, targets=1
[DEBUG] armors=2, targets=1
[2026-09-09 20:27:12.414] [info] [SYNC][XUC] mode=1 yaw=-6.27 deg pitch=-0.49 deg feeder_rpm=0.00 wheel0_rpm=6440 wheel1_rpm=6480 wheel_delta=-40 projectile_speed=19.36 gate=0xFF switch=1 rc=1 sticks=1 imu=1 serial=1 control=1 yaw_armed=1 pitch_active=1
[DEBUG] armors=2, targets=1
[DEBUG] armors=2, targets=1
[DEBUG] armors=2, targets=1
[DEBUG] armors=2, targets=1
[DEBUG] armors=1, targets=1
[2026-09-09 20:27:12.498] [info] [SYNC][XUC] mode=1 yaw=-6.24 deg pitch=-0.52 deg feeder_rpm=0.00 wheel0_rpm=6440 wheel1_rpm=6480 wheel_delta=-40 projectile_speed=19.36 gate=0xFF switch=1 rc=1 sticks=1 imu=1 serial=1 control=1 yaw_armed=1 pitch_active=1
[DEBUG] armors=1, targets=1
[DEBUG] armors=1, targets=1
[2026-09-09 20:27:12.529] [info] [GYROSCHED] cycle=189 due_in=+29.6 ms hit_in=329.4 ms period=319.8 ms window=10.99deg worst=8.04deg safe=true
[DEBUG] armors=1, targets=1
[DEBUG] armors=1, targets=1
[DEBUG] armors=1, targets=1
[2026-09-09 20:27:12.579] [info] [GYROPLL] phase_zero cycle=188 sample=317.9 ms periods=1 filtered=319.4 ms residual=+7.9 ms correction=+1.2 ms locks=188 locked=1 reacquired=0 rejects=0 omega=4.918 ekf_omega=+5.002
[2026-09-09 20:27:12.581] [info] [SYNC][XUC] mode=1 yaw=-6.23 deg pitch=-0.52 deg feeder_rpm=0.00 wheel0_rpm=6440 wheel1_rpm=6480 wheel_delta=-40 projectile_speed=19.36 gate=0xFF switch=1 rc=1 sticks=1 imu=1 serial=1 control=1 yaw_armed=1 pitch_active=1
[DEBUG] armors=1, targets=1
[2026-09-09 20:27:12.595] [info] [DRYRUN] measured_gimbal=(2.746,0.032,-0.027) measured_world=(2.727,0.330,-0.002) tracked_world=(3.155,0.096,-0.002) target_gimbal_deg=(0.67,-0.57) target_world_deg=(6.90,-0.05) gimbal_deg=(6.23,-0.52) armor_y_px=610.4 pixel_error_deg=(0.50,1.73) ballistic=(range=2.747m holdover=0.097m comp=1.99deg residual=-0.26deg) q_wxyz=(0.998513,-0.000245,-0.004512,-0.054323) cmd_deg=(5.72,-0.76) packed_pitch_deg=-0.76 control=true shoot=false
[DEBUG] armors=1, targets=1
[DEBUG] armors=1, targets=1
[DEBUG] armors=1, targets=1
[DEBUG] armors=2, targets=1
[2026-09-09 20:27:12.665] [info] [SYNC][XUC] mode=1 yaw=-6.23 deg pitch=-0.53 deg feeder_rpm=-4.00 wheel0_rpm=6440 wheel1_rpm=6480 wheel_delta=-40 projectile_speed=19.36 gate=0xFF switch=1 rc=1 sticks=1 imu=1 serial=1 control=1 yaw_armed=1 pitch_active=1
[DEBUG] armors=2, targets=1
[DEBUG] armors=2, targets=1
[2026-09-09 20:27:12.698] [info] [GYROSCHED] cycle=190 due_in=+173.5 ms hit_in=480.4 ms period=319.4 ms window=10.99deg worst=8.04deg safe=true
[DEBUG] armors=3, targets=1
[DEBUG] armors=3, targets=1
[DEBUG] armors=2, targets=1
[2026-09-09 20:27:12.750] [info] [XUC][FIRE] feeder recovery complete; fresh gyro qualification required
[2026-09-09 20:27:12.753] [info] [SYNC][XUC] mode=1 yaw=-6.23 deg pitch=-0.52 deg feeder_rpm=0.00 wheel0_rpm=6440 wheel1_rpm=6480 wheel_delta=-40 projectile_speed=19.36 gate=0xFF switch=1 rc=1 sticks=1 imu=1 serial=1 control=1 yaw_armed=1 pitch_active=1
[DEBUG] armors=3, targets=1
[DEBUG] armors=2, targets=1
[DEBUG] armors=3, targets=1
[DEBUG] armors=2, targets=1
[DEBUG] armors=1, targets=1
[2026-09-09 20:27:12.839] [info] [SYNC][XUC] mode=1 yaw=-6.23 deg pitch=-0.52 deg feeder_rpm=0.00 wheel0_rpm=6440 wheel1_rpm=6480 wheel_delta=-40 projectile_speed=19.36 gate=0xFF switch=1 rc=1 sticks=1 imu=1 serial=1 control=1 yaw_armed=1 pitch_active=1
[DEBUG] armors=1, targets=1
[2026-09-09 20:27:12.853] [info] [XUC][FIRE] stable-window candidate started
[2026-09-09 20:27:12.853] [info] [XUC][FIRE] qualified after 0 ms/1 frames, current_pixel_error_deg=(-1.41,-0.31) predicted_impact_yaw_error_deg=inf gyro_predict=true face_error=infdeg omega=+5.070rad_s armed=true
[2026-09-09 20:27:12.877] [info] [SHOT] id=60 issue mode=1 gyro=1 event=1 cycle=190 processing_age_ms=55.3 due_error_ms=+0.06 period_ms=319.4 window_deg=10.99 worst_deg=8.04
[DEBUG] armors=1, targets=1
[2026-09-09 20:27:12.893] [info] [XUC][FIRE] gyro request inhibited during feeder recovery
[2026-09-09 20:27:12.893] [info] [GYROSCHED] cycle=191 due_in=+308.6 ms hit_in=605.2 ms period=319.4 ms window=10.99deg worst=8.04deg safe=true
[2026-09-09 20:27:12.893] [info] [XUC][FIRE] stable window reset
[DEBUG] armors=1, targets=1
[2026-09-09 20:27:12.909] [info] [GYROPLL] phase_zero cycle=189 sample=311.1 ms periods=1 filtered=318.9 ms residual=-1.6 ms correction=-0.2 ms locks=189 locked=1 reacquired=0 rejects=0 omega=4.925 ekf_omega=+5.126
[2026-09-09 20:27:12.911] [info] [SHOT] id=60 feeder_start command_to_feeder_ms=33.8 rpm=1464
[DEBUG] armors=1, targets=1
[DEBUG] armors=1, targets=1
[2026-09-09 20:27:12.943] [info] [SYNC][XUC] mode=1 yaw=-6.24 deg pitch=-0.52 deg feeder_rpm=1955.00 wheel0_rpm=6440 wheel1_rpm=6480 wheel_delta=-40 projectile_speed=19.36 gate=0xFF switch=1 rc=1 sticks=1 imu=1 serial=1 control=1 yaw_armed=1 pitch_active=1
[DEBUG] armors=1, targets=1
[2026-09-09 20:27:12.957] [info] [DRYRUN] measured_gimbal=(2.748,-0.031,-0.029) measured_world=(2.736,0.268,-0.005) tracked_world=(3.371,0.565,-0.005) target_gimbal_deg=(-0.64,-0.61) target_world_deg=(5.59,-0.10) gimbal_deg=(6.24,-0.52) armor_y_px=612.3 pixel_error_deg=(1.81,1.77) ballistic=(range=2.748m holdover=0.097m comp=1.99deg residual=-0.21deg) q_wxyz=(0.998510,-0.000245,-0.004503,-0.054391) cmd_deg=(5.95,-0.72) packed_pitch_deg=-0.72 control=true shoot=false
[DEBUG] armors=2, targets=1
[DEBUG] armors=3, targets=1
[DEBUG] armors=3, targets=1
[DEBUG] armors=3, targets=1
[2026-09-09 20:27:13.029] [info] [SYNC][XUC] mode=1 yaw=-6.25 deg pitch=-0.52 deg feeder_rpm=2145.00 wheel0_rpm=6440 wheel1_rpm=6480 wheel_delta=-40 projectile_speed=19.36 gate=0xFF switch=1 rc=1 sticks=1 imu=1 serial=1 control=1 yaw_armed=1 pitch_active=1
[DEBUG] armors=3, targets=1
[DEBUG] armors=3, targets=1
[2026-09-09 20:27:13.062] [info] [GYROSCHED] cycle=191 due_in=+116.3 ms hit_in=434.3 ms period=318.9 ms window=10.99deg worst=8.05deg safe=true
[2026-09-09 20:27:13.064] [info] [SHOT] id=60 feeder_stop feeder_motion_ms=153.5
[2026-09-09 20:27:13.064] [info] [XUC][FIRE] feeder stopped; gyro recovery hold started for 600 ms
[DEBUG] armors=2, targets=1
[2026-09-09 20:27:13.096] [info] [ASSOC] selected_face=1 cost=-0.002 detections=2 confidence=0.93
[DEBUG] armors=2, targets=1
[DEBUG] armors=3, targets=1
[2026-09-09 20:27:13.115] [info] [SYNC][XUC] mode=1 yaw=-6.25 deg pitch=-0.50 deg feeder_rpm=0.00 wheel0_rpm=6440 wheel1_rpm=6480 wheel_delta=-40 projectile_speed=19.36 gate=0xFF switch=1 rc=1 sticks=1 imu=1 serial=1 control=1 yaw_armed=1 pitch_active=1
[DEBUG] armors=1, targets=1
[2026-09-09 20:27:13.132] [info] [PERF] 总耗时=16.5ms (检测=13.7ms, 跟踪=0.5ms), FPS=60.4
[2026-09-09 20:27:13.132] [info] 📊 [CAMERA FPS] 瞬时帧率=60.3fps, 平均帧率=57.9fps, 总帧数=3550, 运行时间=61.3s
[DEBUG] armors=1, targets=1
[DEBUG] armors=1, targets=1
[DEBUG] armors=1, targets=1
[DEBUG] armors=1, targets=1
[2026-09-09 20:27:13.196] [info] [SYNC][XUC] mode=1 yaw=-6.26 deg pitch=-0.51 deg feeder_rpm=14.00 wheel0_rpm=6440 wheel1_rpm=6480 wheel_delta=-40 projectile_speed=19.36 gate=0xFF switch=1 rc=1 sticks=1 imu=1 serial=1 control=1 yaw_armed=1 pitch_active=1
[DEBUG] armors=1, targets=1
[2026-09-09 20:27:13.210] [info] [GYROPLL] phase_zero cycle=190 sample=308.4 ms periods=1 filtered=318.4 ms residual=-11.9 ms correction=-1.8 ms locks=190 locked=1 reacquired=0 rejects=0 omega=4.934 ekf_omega=+5.141
[DEBUG] armors=1, targets=1
[2026-09-09 20:27:13.227] [info] [GYROSCHED] cycle=192 due_in=+291.4 ms hit_in=586.0 ms period=318.4 ms window=10.99deg worst=8.07deg safe=true
[2026-09-09 20:27:13.227] [info] [B2DIAG] auto=1 control=1 conv=1 oneface_gate=1 armed=1 motion=1 cadence=0 dyaw_fresh=1 dpitch_fresh=1 yawgate=0 event=1 safe=1 due_ms=+291.4 window_deg=10.99 worst_deg=8.07 yawerr_deg=-0.08 pitcherr_deg=-0.22
[DEBUG] armors=1, targets=1
[DEBUG] armors=1, targets=1
[DEBUG] armors=1, targets=1
[2026-09-09 20:27:13.280] [info] [SYNC][XUC] mode=1 yaw=-6.29 deg pitch=-0.51 deg feeder_rpm=0.00 wheel0_rpm=6440 wheel1_rpm=6480 wheel_delta=-40 projectile_speed=19.36 gate=0xFF switch=1 rc=1 sticks=1 imu=1 serial=1 control=1 yaw_armed=1 pitch_active=1
[DEBUG] armors=1, targets=1
[2026-09-09 20:27:13.294] [info] [DRYRUN] measured_gimbal=(2.687,-0.043,-0.030) measured_world=(2.676,0.251,-0.006) tracked_world=(2.870,0.708,-0.002) target_gimbal_deg=(-0.93,-0.64) target_world_deg=(5.37,-0.13) gimbal_deg=(6.29,-0.51) armor_y_px=614.5 pixel_error_deg=(2.08,1.83) ballistic=(range=2.687m holdover=0.094m comp=1.96deg residual=-0.13deg) q_wxyz=(0.998483,-0.000246,-0.004468,-0.054887) cmd_deg=(6.46,-0.70) packed_pitch_deg=-0.70 control=true shoot=false
[DEBUG] armors=1, targets=1
[DEBUG] armors=2, targets=1
[DEBUG] armors=3, targets=1
[DEBUG] armors=2, targets=1
[2026-09-09 20:27:13.365] [info] [SYNC][XUC] mode=1 yaw=-6.28 deg pitch=-0.52 deg feeder_rpm=0.00 wheel0_rpm=6440 wheel1_rpm=6480 wheel_delta=-40 projectile_speed=19.36 gate=0xFF switch=1 rc=1 sticks=1 imu=1 serial=1 control=1 yaw_armed=1 pitch_active=1
[DEBUG] armors=2, targets=1
[DEBUG] armors=2, targets=1
[2026-09-09 20:27:13.396] [info] [GYROSCHED] cycle=192 due_in=+105.1 ms hit_in=416.7 ms period=318.4 ms window=10.99deg worst=8.07deg safe=true
[DEBUG] armors=2, targets=1
[DEBUG] armors=2, targets=1
[DEBUG] armors=3, targets=1
[2026-09-09 20:27:13.449] [info] [SYNC][XUC] mode=1 yaw=-6.27 deg pitch=-0.50 deg feeder_rpm=0.00 wheel0_rpm=6440 wheel1_rpm=6520 wheel_delta=-80 projectile_speed=19.36 gate=0xFF switch=1 rc=1 sticks=1 imu=1 serial=1 control=1 yaw_armed=1 pitch_active=1
[DEBUG] armors=1, targets=1
[DEBUG] armors=1, targets=1
[DEBUG] armors=1, targets=1
[2026-09-09 20:27:13.498] [info] Switch to idle
[DEBUG] armors=1, targets=1
[DEBUG] armors=1, targets=1
[2026-09-09 20:27:13.528] [info] [GYROPLL] phase_zero cycle=191 sample=329.8 ms periods=1 filtered=318.3 ms residual=+1.3 ms correction=+0.2 ms locks=191 locked=1 reacquired=0 rejects=0 omega=4.935 ekf_omega=+4.935
[DEBUG] armors=1, targets=1
[DEBUG] armors=1, targets=1
[2026-09-09 20:27:13.561] [info] [GYROSCHED] cycle=193 due_in=+273.7 ms hit_in=569.8 ms period=318.3 ms window=10.99deg worst=8.07deg safe=true
[DEBUG] armors=1, targets=1
[DEBUG] armors=1, targets=1
[DEBUG] armors=1, targets=1
[DEBUG] armors=2, targets=1
[2026-09-09 20:27:13.630] [info] [DRYRUN] measured_gimbal=(2.794,-0.079,-0.029) measured_world=(2.786,0.227,-0.004) tracked_world=(2.756,0.224,-0.000) target_gimbal_deg=(-1.63,-0.59) target_world_deg=(4.65,-0.07) gimbal_deg=(6.28,-0.52) armor_y_px=610.6 pixel_error_deg=(2.81,1.73) ballistic=(range=2.795m holdover=0.100m comp=2.01deg residual=-0.28deg) q_wxyz=(0.998488,-0.000247,-0.004509,-0.054777) cmd_deg=(5.85,-0.77) packed_pitch_deg=-0.77 control=true shoot=false
[DEBUG] armors=2, targets=1
[DEBUG] armors=2, targets=1
[DEBUG] armors=2, targets=1
[DEBUG] armors=2, targets=1
[2026-09-09 20:27:13.696] [info] [XUC][FIRE] feeder recovery complete; fresh gyro qualification required
[DEBUG] armors=2, targets=1
[DEBUG] armors=2, targets=1
[2026-09-09 20:27:13.732] [info] [GYROSCHED] cycle=193 due_in=+94.8 ms hit_in=399.0 ms period=318.3 ms window=10.99deg worst=8.07deg safe=true
[DEBUG] armors=2, targets=1
[DEBUG] armors=2, targets=1
[DEBUG] armors=1, targets=1
[DEBUG] armors=1, targets=1
[DEBUG] armors=1, targets=1
[DEBUG] armors=1, targets=1
[DEBUG] armors=1, targets=1
[DEBUG] armors=1, targets=1
[2026-09-09 20:27:13.871] [info] [GYROPLL] phase_zero cycle=192 sample=334.4 ms periods=1 filtered=318.3 ms residual=+17.2 ms correction=+2.6 ms locks=192 locked=1 reacquired=0 rejects=0 omega=4.936 ekf_omega=+4.915
[DEBUG] armors=1, targets=1
[DEBUG] armors=1, targets=1
[2026-09-09 20:27:13.905] [info] [GYROSCHED] cycle=194 due_in=+247.9 ms hit_in=546.5 ms period=318.3 ms window=10.99deg worst=8.07deg safe=true
[DEBUG] armors=1, targets=1
[2026-09-09 20:27:13.939] [info] [ASSOC] selected_face=3 cost=-0.070 detections=2 confidence=0.92
[DEBUG] armors=2, targets=1
[DEBUG] armors=2, targets=1
[2026-09-09 20:27:13.958] [info] [SYNC][XUC] mode=0 yaw=-6.27 deg pitch=-0.56 deg feeder_rpm=0.00 wheel0_rpm=0 wheel1_rpm=0 wheel_delta=0 projectile_speed=19.36 gate=0x3E switch=0 rc=1 sticks=1 imu=1 serial=1 control=1 yaw_armed=0 pitch_active=0
[DEBUG] armors=2, targets=1
[2026-09-09 20:27:13.973] [info] [DRYRUN] measured_gimbal=(2.872,-0.092,-0.035) measured_world=(2.865,0.222,-0.007) tracked_world=(3.259,0.142,-0.002) target_gimbal_deg=(-1.83,-0.71) target_world_deg=(4.44,-0.15) gimbal_deg=(6.27,-0.56) armor_y_px=613.8 pixel_error_deg=(3.04,1.81) ballistic=(range=2.873m holdover=0.105m comp=2.04deg residual=-0.23deg) q_wxyz=(0.998492,-0.000266,-0.004865,-0.054683) cmd_deg=(5.66,-0.77) packed_pitch_deg=-0.77 control=true shoot=false
[2026-09-09 20:27:13.975] [info] [PERF] 总耗时=17.2ms (检测=13.6ms, 跟踪=0.9ms), FPS=58.2
[2026-09-09 20:27:13.975] [info] 📊 [CAMERA FPS] 瞬时帧率=58.0fps, 平均帧率=57.9fps, 总帧数=3600, 运行时间=62.1s
[DEBUG] armors=3, targets=1
[DEBUG] armors=3, targets=1
[DEBUG] armors=3, targets=1
[DEBUG] armors=2, targets=1
[DEBUG] armors=3, targets=1
[DEBUG] armors=3, targets=1
[2026-09-09 20:27:14.078] [info] [GYROSCHED] cycle=194 due_in=+82.4 ms hit_in=373.4 ms period=318.3 ms window=10.99deg worst=8.07deg safe=true
[2026-09-09 20:27:14.078] [info] [B2DIAG] auto=0 control=1 conv=1 oneface_gate=1 armed=1 motion=1 cadence=1 dyaw_fresh=1 dpitch_fresh=1 yawgate=0 event=1 safe=1 due_ms=+82.4 window_deg=10.99 worst_deg=8.07 yawerr_deg=-3.23 pitcherr_deg=-0.21
[DEBUG] armors=2, targets=1
[DEBUG] armors=2, targets=1
[DEBUG] armors=1, targets=1
[DEBUG] armors=1, targets=1
[DEBUG] armors=1, targets=1
[DEBUG] armors=1, targets=1
[2026-09-09 20:27:14.180] [info] [GYROPLL] phase_zero cycle=193 sample=315.4 ms periods=1 filtered=318.0 ms residual=+11.8 ms correction=+1.8 ms locks=193 locked=1 reacquired=0 rejects=0 omega=4.940 ekf_omega=+5.047
[DEBUG] armors=1, targets=1
[DEBUG] armors=1, targets=1
[DEBUG] armors=1, targets=1
[DEBUG] armors=1, targets=1
[2026-09-09 20:27:14.248] [info] [GYROSCHED] cycle=195 due_in=+222.2 ms hit_in=522.7 ms period=318.0 ms window=10.99deg worst=8.08deg safe=true
[DEBUG] armors=3, targets=1
[DEBUG] armors=2, targets=1
[DEBUG] armors=3, targets=1
[DEBUG] armors=3, targets=1
[2026-09-09 20:27:14.317] [info] [DRYRUN] measured_gimbal=(2.878,-0.135,-0.037) measured_world=(2.875,0.180,-0.008) tracked_world=(3.332,0.642,-0.006) target_gimbal_deg=(-2.68,-0.73) target_world_deg=(3.59,-0.16) gimbal_deg=(6.27,-0.57) armor_y_px=614.6 pixel_error_deg=(3.89,1.83) ballistic=(range=2.881m holdover=0.105m comp=2.05deg residual=-0.22deg) q_wxyz=(0.998492,-0.000270,-0.004935,-0.054683) cmd_deg=(5.73,-0.76) packed_pitch_deg=-0.76 control=true shoot=false
[DEBUG] armors=2, targets=1
[DEBUG] armors=2, targets=1
[DEBUG] armors=2, targets=1
[DEBUG] armors=2, targets=1
[DEBUG] armors=1, targets=1
[DEBUG] armors=1, targets=1
[2026-09-09 20:27:14.420] [info] [GYROSCHED] cycle=195 due_in=+52.2 ms hit_in=351.1 ms period=318.0 ms window=10.99deg worst=8.08deg safe=true
[DEBUG] armors=1, targets=1
[DEBUG] armors=1, targets=1
[DEBUG] armors=1, targets=1
[DEBUG] armors=1, targets=1
[2026-09-09 20:27:14.488] [info] [GYROPLL] phase_zero cycle=194 sample=308.2 ms periods=1 filtered=317.2 ms residual=+0.3 ms correction=+0.0 ms locks=194 locked=1 reacquired=0 rejects=0 omega=4.953 ekf_omega=+5.147
[DEBUG] armors=1, targets=1
[DEBUG] armors=1, targets=1
[DEBUG] armors=1, targets=1
[DEBUG] armors=1, targets=1
[DEBUG] armors=1, targets=1
[DEBUG] armors=1, targets=1
[2026-09-09 20:27:14.592] [info] [GYROSCHED] cycle=196 due_in=+195.8 ms hit_in=495.3 ms period=317.2 ms window=10.99deg worst=8.09deg safe=true
[DEBUG] armors=2, targets=1
[DEBUG] armors=3, targets=1
[DEBUG] armors=2, targets=1
[DEBUG] armors=2, targets=1
[2026-09-09 20:27:14.662] [info] [DRYRUN] measured_gimbal=(3.213,0.341,-0.038) measured_world=(3.157,0.690,-0.005) tracked_world=(2.831,0.613,-0.006) target_gimbal_deg=(6.06,-0.67) target_world_deg=(12.33,-0.09) gimbal_deg=(6.27,-0.58) armor_y_px=606.9 pixel_error_deg=(-4.77,1.64) ballistic=(range=3.231m holdover=0.128m comp=2.23deg residual=-0.59deg) q_wxyz=(0.998491,-0.000275,-0.005015,-0.054692) cmd_deg=(5.99,-0.76) packed_pitch_deg=-0.76 control=true shoot=false
[DEBUG] armors=3, targets=1
[DEBUG] armors=2, targets=1
[DEBUG] armors=2, targets=1
[DEBUG] armors=2, targets=1
[DEBUG] armors=1, targets=1
[DEBUG] armors=1, targets=1
[2026-09-09 20:27:14.763] [info] [GYROSCHED] cycle=196 due_in=+42.7 ms hit_in=324.6 ms period=317.2 ms window=10.99deg worst=8.09deg safe=true
[DEBUG] armors=1, targets=1
[2026-09-09 20:27:14.796] [info] [ASSOC] selected_face=0 cost=-0.079 detections=1 confidence=0.84
[DEBUG] armors=1, targets=1
[DEBUG] armors=1, targets=1
[2026-09-09 20:27:14.812] [info] [GYROPLL] phase_zero cycle=195 sample=325.9 ms periods=1 filtered=316.8 ms residual=+8.9 ms correction=+1.3 ms locks=195 locked=1 reacquired=0 rejects=0 omega=4.958 ekf_omega=+4.970
[2026-09-09 20:27:14.814] [info] [SYNC][XUC] mode=0 yaw=-6.26 deg pitch=-0.59 deg feeder_rpm=0.00 wheel0_rpm=0 wheel1_rpm=0 wheel_delta=0 projectile_speed=19.36 gate=0x3E switch=0 rc=1 sticks=1 imu=1 serial=1 control=1 yaw_armed=0 pitch_active=0
[DEBUG] armors=1, targets=1
[2026-09-09 20:27:14.830] [info] [PERF] 总耗时=15.7ms (检测=12.8ms, 跟踪=0.5ms), FPS=63.8
[2026-09-09 20:27:14.830] [info] 📊 [CAMERA FPS] 瞬时帧率=63.6fps, 平均帧率=57.9fps, 总帧数=3650, 运行时间=63.0s
[DEBUG] armors=1, targets=1
[DEBUG] armors=1, targets=1
[DEBUG] armors=1, targets=1
[DEBUG] armors=1, targets=1
[DEBUG] armors=1, targets=1
[DEBUG] armors=2, targets=1
[2026-09-09 20:27:14.930] [info] [GYROSCHED] cycle=197 due_in=+172.1 ms hit_in=475.1 ms period=316.8 ms window=10.99deg worst=8.10deg safe=true
[2026-09-09 20:27:14.930] [info] [B2DIAG] auto=0 control=1 conv=1 oneface_gate=1 armed=1 motion=1 cadence=1 dyaw_fresh=1 dpitch_fresh=1 yawgate=0 event=1 safe=1 due_ms=+172.1 window_deg=10.99 worst_deg=8.10 yawerr_deg=3.25 pitcherr_deg=-0.30
[DEBUG] armors=2, targets=1
[DEBUG] armors=2, targets=1
[DEBUG] armors=3, targets=1
[DEBUG] armors=2, targets=1
[2026-09-09 20:27:15.001] [info] [DRYRUN] measured_gimbal=(3.020,0.277,-0.036) measured_world=(2.972,0.606,-0.005) tracked_world=(2.889,0.135,-0.004) target_gimbal_deg=(5.25,-0.68) target_world_deg=(11.52,-0.10) gimbal_deg=(6.27,-0.59) armor_y_px=610.5 pixel_error_deg=(-4.00,1.73) ballistic=(range=3.033m holdover=0.115m comp=2.12deg residual=-0.40deg) q_wxyz=(0.998491,-0.000281,-0.005140,-0.054676) cmd_deg=(5.61,-0.84) packed_pitch_deg=-0.84 control=true shoot=false
[DEBUG] armors=3, targets=1
[DEBUG] armors=2, targets=1
[DEBUG] armors=2, targets=1
[DEBUG] armors=1, targets=1
[DEBUG] armors=1, targets=1
[DEBUG] armors=1, targets=1
[2026-09-09 20:27:15.106] [info] [GYROSCHED] cycle=197 due_in=+0.8 ms hit_in=299.4 ms period=316.8 ms window=10.99deg worst=8.10deg safe=true
[DEBUG] armors=1, targets=1
[DEBUG] armors=1, targets=1
[DEBUG] armors=1, targets=1
[2026-09-09 20:27:15.159] [info] [GYROPLL] phase_zero cycle=196 sample=331.2 ms periods=1 filtered=318.4 ms residual=+21.9 ms correction=+3.0 ms locks=196 locked=1 reacquired=0 rejects=0 omega=4.933 ekf_omega=+4.941
[DEBUG] armors=1, targets=1
[DEBUG] armors=1, targets=1
[DEBUG] armors=1, targets=1
[DEBUG] armors=2, targets=1
[DEBUG] armors=2, targets=1
[DEBUG] armors=2, targets=1
[DEBUG] armors=3, targets=1
[2026-09-09 20:27:15.279] [info] [GYROSCHED] cycle=198 due_in=+138.1 ms hit_in=449.8 ms period=318.4 ms window=10.99deg worst=8.07deg safe=true
[DEBUG] armors=3, targets=1
[DEBUG] armors=2, targets=1
[DEBUG] armors=3, targets=1
[DEBUG] armors=2, targets=1
[2026-09-09 20:27:15.347] [info] [DRYRUN] measured_gimbal=(2.572,0.214,-0.022) measured_world=(2.533,0.493,0.004) tracked_world=(3.434,0.250,-0.010) target_gimbal_deg=(4.75,-0.48) target_world_deg=(11.02,0.10) gimbal_deg=(6.27,-0.58) armor_y_px=610.4 pixel_error_deg=(-3.65,1.73) ballistic=(range=2.581m holdover=0.088m comp=1.91deg residual=-0.19deg) q_wxyz=(0.998493,-0.000275,-0.005019,-0.054657) cmd_deg=(5.55,-0.79) packed_pitch_deg=-0.79 control=true shoot=false
[DEBUG] armors=3, targets=1
[DEBUG] armors=2, targets=1
[DEBUG] armors=1, targets=1
[DEBUG] armors=1, targets=1
[DEBUG] armors=1, targets=1
[DEBUG] armors=1, targets=1
[2026-09-09 20:27:15.449] [info] [GYROSCHED] cycle=199 due_in=+304.0 ms hit_in=597.6 ms period=318.4 ms window=10.99deg worst=8.07deg safe=true
[DEBUG] armors=1, targets=1
[2026-09-09 20:27:15.465] [info] [GYROPLL] phase_zero cycle=197 sample=322.3 ms periods=1 filtered=319.6 ms residual=+22.9 ms correction=+3.0 ms locks=197 locked=1 reacquired=0 rejects=0 omega=4.915 ekf_omega=+4.985
[DEBUG] armors=1, targets=1
[DEBUG] armors=1, targets=1
[DEBUG] armors=1, targets=1
[DEBUG] armors=2, targets=1
[DEBUG] armors=3, targets=1
[DEBUG] armors=2, targets=1
[DEBUG] armors=2, targets=1
[DEBUG] armors=2, targets=1
[DEBUG] armors=2, targets=1
[2026-09-09 20:27:15.620] [info] [GYROSCHED] cycle=199 due_in=+116.4 ms hit_in=432.2 ms period=319.6 ms window=10.99deg worst=8.04deg safe=true
[DEBUG] armors=2, targets=1
[2026-09-09 20:27:15.654] [info] [ASSOC] selected_face=2 cost=0.002 detections=3 confidence=0.13
[DEBUG] armors=3, targets=1
[DEBUG] armors=3, targets=1
[2026-09-09 20:27:15.675] [info] [SYNC][XUC] mode=0 yaw=-6.27 deg pitch=-0.57 deg feeder_rpm=0.00 wheel0_rpm=0 wheel1_rpm=0 wheel_delta=0 projectile_speed=19.36 gate=0x3E switch=0 rc=1 sticks=1 imu=1 serial=1 control=1 yaw_armed=0 pitch_active=0
[DEBUG] armors=1, targets=1
[2026-09-09 20:27:15.689] [info] [DRYRUN] measured_gimbal=(2.796,0.215,-0.030) measured_world=(2.756,0.519,-0.002) tracked_world=(3.266,0.732,-0.010) target_gimbal_deg=(4.40,-0.62) target_world_deg=(10.66,-0.05) gimbal_deg=(6.27,-0.57) armor_y_px=611.6 pixel_error_deg=(-3.22,1.76) ballistic=(range=2.804m holdover=0.101m comp=2.01deg residual=-0.26deg) q_wxyz=(0.998493,-0.000272,-0.004977,-0.054656) cmd_deg=(5.73,-0.80) packed_pitch_deg=-0.80 control=true shoot=false
[2026-09-09 20:27:15.692] [info] [PERF] 总耗时=17.1ms (检测=13.9ms, 跟踪=0.5ms), FPS=58.6
[2026-09-09 20:27:15.692] [info] 📊 [CAMERA FPS] 瞬时帧率=58.4fps, 平均帧率=57.9fps, 总帧数=3700, 运行时间=63.9s
[DEBUG] armors=1, targets=1
[DEBUG] armors=1, targets=1
[DEBUG] armors=1, targets=1
[DEBUG] armors=1, targets=1
[DEBUG] armors=1, targets=1
[2026-09-09 20:27:15.775] [info] [GYROPLL] phase_zero cycle=198 sample=306.8 ms periods=1 filtered=319.6 ms residual=+7.1 ms correction=+1.1 ms locks=198 locked=1 reacquired=0 rejects=0 omega=4.914 ekf_omega=+5.129
[DEBUG] armors=1, targets=1
[2026-09-09 20:27:15.793] [info] [GYROSCHED] cycle=200 due_in=+287.1 ms hit_in=580.3 ms period=319.6 ms window=10.99deg worst=8.04deg safe=true
[2026-09-09 20:27:15.793] [info] [B2DIAG] auto=0 control=1 conv=1 oneface_gate=1 armed=1 motion=1 cadence=1 dyaw_fresh=1 dpitch_fresh=1 yawgate=0 event=1 safe=1 due_ms=+287.1 window_deg=10.99 worst_deg=8.04 yawerr_deg=0.07 pitcherr_deg=-0.16
[DEBUG] armors=1, targets=1
[DEBUG] armors=1, targets=1
[DEBUG] armors=1, targets=1
[DEBUG] armors=1, targets=1
[DEBUG] armors=2, targets=1
[DEBUG] armors=2, targets=1
[DEBUG] armors=2, targets=1
[DEBUG] armors=2, targets=1
[DEBUG] armors=2, targets=1
[DEBUG] armors=2, targets=1
[2026-09-09 20:27:15.964] [info] [GYROSCHED] cycle=200 due_in=+99.0 ms hit_in=409.1 ms period=319.6 ms window=10.99deg worst=8.04deg safe=true
[DEBUG] armors=2, targets=1
[DEBUG] armors=3, targets=1
[DEBUG] armors=3, targets=1
[DEBUG] armors=1, targets=1
[2026-09-09 20:27:16.031] [info] [DRYRUN] measured_gimbal=(2.636,0.162,-0.022) measured_world=(2.603,0.449,0.003) tracked_world=(2.742,0.472,-0.000) target_gimbal_deg=(3.52,-0.48) target_world_deg=(9.79,0.07) gimbal_deg=(6.27,-0.56) armor_y_px=609.2 pixel_error_deg=(-2.39,1.70) ballistic=(range=2.641m holdover=0.092m comp=1.94deg residual=-0.24deg) q_wxyz=(0.998492,-0.000266,-0.004860,-0.054681) cmd_deg=(6.24,-0.77) packed_pitch_deg=-0.77 control=true shoot=false
[DEBUG] armors=1, targets=1
[DEBUG] armors=1, targets=1
[DEBUG] armors=1, targets=1
[DEBUG] armors=1, targets=1
[2026-09-09 20:27:16.098] [info] [GYROPLL] phase_zero cycle=199 sample=317.6 ms periods=1 filtered=319.1 ms residual=+4.0 ms correction=+0.6 ms locks=199 locked=1 reacquired=0 rejects=0 omega=4.922 ekf_omega=+5.010
[DEBUG] armors=1, targets=1
[DEBUG] armors=1, targets=1
[2026-09-09 20:27:16.130] [info] [GYROSCHED] cycle=201 due_in=+266.9 ms hit_in=561.9 ms period=319.1 ms window=10.99deg worst=8.05deg safe=true
[DEBUG] armors=1, targets=1
[DEBUG] armors=1, targets=1
[DEBUG] armors=2, targets=1
[DEBUG] armors=2, targets=1
[DEBUG] armors=2, targets=1
[DEBUG] armors=2, targets=1
[DEBUG] armors=2, targets=1
[DEBUG] armors=2, targets=1
[DEBUG] armors=2, targets=1
[DEBUG] armors=2, targets=1
[2026-09-09 20:27:16.296] [info] [GYROSCHED] cycle=201 due_in=+98.5 ms hit_in=395.6 ms period=319.1 ms window=10.99deg worst=8.05deg safe=true
[DEBUG] armors=3, targets=1
[DEBUG] armors=2, targets=1
[DEBUG] armors=1, targets=1
[DEBUG] armors=1, targets=1
[2026-09-09 20:27:16.365] [info] [DRYRUN] measured_gimbal=(2.633,0.129,-0.024) measured_world=(2.603,0.415,0.002) tracked_world=(3.026,0.083,-0.006) target_gimbal_deg=(2.80,-0.51) target_world_deg=(9.07,0.04) gimbal_deg=(6.27,-0.55) armor_y_px=610.6 pixel_error_deg=(-1.67,1.73) ballistic=(range=2.636m holdover=0.091m comp=1.94deg residual=-0.21deg) q_wxyz=(0.998492,-0.000263,-0.004802,-0.054679) cmd_deg=(5.61,-0.78) packed_pitch_deg=-0.78 control=true shoot=false
[DEBUG] armors=1, targets=1
[DEBUG] armors=1, targets=1
[DEBUG] armors=1, targets=1
[DEBUG] armors=1, targets=1
[2026-09-09 20:27:16.434] [info] [GYROPLL] phase_zero cycle=200 sample=334.2 ms periods=1 filtered=319.7 ms residual=+18.4 ms correction=+2.8 ms locks=200 locked=1 reacquired=0 rejects=0 omega=4.914 ekf_omega=+4.917
[DEBUG] armors=1, targets=1
[DEBUG] armors=1, targets=1
[2026-09-09 20:27:16.469] [info] [GYROSCHED] cycle=202 due_in=+243.8 ms hit_in=545.7 ms period=319.7 ms window=10.99deg worst=8.04deg safe=true
[DEBUG] armors=1, targets=1
[2026-09-09 20:27:16.503] [info] [ASSOC] selected_face=3 cost=-0.084 detections=2 confidence=0.91
[DEBUG] armors=2, targets=1
[DEBUG] armors=2, targets=1
[2026-09-09 20:27:16.524] [info] [SYNC][XUC] mode=0 yaw=-6.27 deg pitch=-0.55 deg feeder_rpm=-4.00 wheel0_rpm=0 wheel1_rpm=0 wheel_delta=0 projectile_speed=19.36 gate=0x3E switch=0 rc=1 sticks=1 imu=1 serial=1 control=1 yaw_armed=0 pitch_active=0
[DEBUG] armors=3, targets=1
[2026-09-09 20:27:16.541] [info] [PERF] 总耗时=17.6ms (检测=13.7ms, 跟踪=1.3ms), FPS=56.9
[2026-09-09 20:27:16.541] [info] 📊 [CAMERA FPS] 瞬时帧率=56.7fps, 平均帧率=58.0fps, 总帧数=3750, 运行时间=64.7s
[DEBUG] armors=2, targets=1
[DEBUG] armors=3, targets=1
[DEBUG] armors=2, targets=1
[DEBUG] armors=2, targets=1
[DEBUG] armors=2, targets=1
[DEBUG] armors=3, targets=1
[2026-09-09 20:27:16.642] [info] [GYROSCHED] cycle=202 due_in=+78.1 ms hit_in=372.7 ms period=319.7 ms window=10.99deg worst=8.04deg safe=true
[2026-09-09 20:27:16.642] [info] [B2DIAG] auto=0 control=1 conv=1 oneface_gate=1 armed=1 motion=1 cadence=1 dyaw_fresh=1 dpitch_fresh=1 yawgate=0 event=1 safe=1 due_ms=+78.1 window_deg=10.99 worst_deg=8.04 yawerr_deg=-2.96 pitcherr_deg=-0.25
[DEBUG] armors=2, targets=1
[DEBUG] armors=1, targets=1
[DEBUG] armors=1, targets=1
[DEBUG] armors=1, targets=1
[2026-09-09 20:27:16.710] [info] [DRYRUN] measured_gimbal=(2.777,0.098,-0.030) measured_world=(2.750,0.401,-0.003) tracked_world=(3.466,0.407,-0.008) target_gimbal_deg=(2.02,-0.61) target_world_deg=(8.29,-0.06) gimbal_deg=(6.27,-0.54) armor_y_px=611.5 pixel_error_deg=(-0.84,1.75) ballistic=(range=2.779m holdover=0.099m comp=2.00deg residual=-0.25deg) q_wxyz=(0.998490,-0.000260,-0.004748,-0.054727) cmd_deg=(5.67,-0.76) packed_pitch_deg=-0.76 control=true shoot=false
[DEBUG] armors=1, targets=1
[DEBUG] armors=1, targets=1
[2026-09-09 20:27:16.744] [info] [GYROPLL] phase_zero cycle=201 sample=317.9 ms periods=1 filtered=319.9 ms residual=+13.9 ms correction=+2.1 ms locks=201 locked=1 reacquired=0 rejects=0 omega=4.911 ekf_omega=+5.057
[DEBUG] armors=1, targets=1
[DEBUG] armors=1, targets=1
[DEBUG] armors=1, targets=1
[DEBUG] armors=1, targets=1
[2026-09-09 20:27:16.812] [info] [GYROSCHED] cycle=203 due_in=+229.5 ms hit_in=524.7 ms period=319.9 ms window=10.99deg worst=8.03deg safe=true
[DEBUG] armors=3, targets=1
[DEBUG] armors=3, targets=1
[DEBUG] armors=3, targets=1
[DEBUG] armors=3, targets=1
[DEBUG] armors=2, targets=1
[DEBUG] armors=3, targets=1
[DEBUG] armors=2, targets=1
[DEBUG] armors=2, targets=1
[DEBUG] armors=1, targets=1
[DEBUG] armors=1, targets=1
[2026-09-09 20:27:16.984] [info] [GYROSCHED] cycle=203 due_in=+53.0 ms hit_in=353.5 ms period=319.9 ms window=10.99deg worst=8.03deg safe=true
[DEBUG] armors=1, targets=1
[DEBUG] armors=1, targets=1
[DEBUG] armors=1, targets=1
[DEBUG] armors=1, targets=1
[2026-09-09 20:27:17.053] [info] [GYROPLL] phase_zero cycle=202 sample=308.4 ms periods=1 filtered=319.1 ms residual=+0.4 ms correction=+0.1 ms locks=202 locked=1 reacquired=0 rejects=0 omega=4.922 ekf_omega=+5.118
[2026-09-09 20:27:17.053] [info] [DRYRUN] measured_gimbal=(2.679,0.080,-0.028) measured_world=(2.654,0.372,-0.003) tracked_world=(3.044,0.761,-0.005) target_gimbal_deg=(1.71,-0.61) target_world_deg=(7.98,-0.07) gimbal_deg=(6.28,-0.54) armor_y_px=613.3 pixel_error_deg=(-0.56,1.80) ballistic=(range=2.680m holdover=0.094m comp=1.96deg residual=-0.16deg) q_wxyz=(0.998490,-0.000258,-0.004701,-0.054739) cmd_deg=(6.32,-0.73) packed_pitch_deg=-0.73 control=true shoot=false
[DEBUG] armors=1, targets=1
[DEBUG] armors=1, targets=1
[DEBUG] armors=1, targets=1
[DEBUG] armors=1, targets=1
[DEBUG] armors=1, targets=1
[DEBUG] armors=2, targets=1
[2026-09-09 20:27:17.156] [info] [GYROSCHED] cycle=204 due_in=+200.2 ms hit_in=499.7 ms period=319.1 ms window=10.99deg worst=8.05deg safe=true
[DEBUG] armors=2, targets=1
[DEBUG] armors=2, targets=1
[DEBUG] armors=3, targets=1
[DEBUG] armors=3, targets=1
[DEBUG] armors=2, targets=1
[DEBUG] armors=2, targets=1
[DEBUG] armors=3, targets=1
[DEBUG] armors=1, targets=1
[DEBUG] armors=1, targets=1
[DEBUG] armors=1, targets=1
[2026-09-09 20:27:17.353] [info] [GYROSCHED] cycle=204 due_in=+5.5 ms hit_in=302.2 ms period=319.1 ms window=10.99deg worst=8.05deg safe=true
[DEBUG] armors=1, targets=1
[2026-09-09 20:27:17.373] [info] [GYROPLL] phase_zero cycle=203 sample=321.4 ms periods=1 filtered=318.8 ms residual=+2.5 ms correction=+0.4 ms locks=203 locked=1 reacquired=0 rejects=0 omega=4.927 ekf_omega=+4.990
[2026-09-09 20:27:17.392] [info] [ASSOC] selected_face=0 cost=-0.059 detections=1 confidence=0.84
[DEBUG] armors=1, targets=1
[DEBUG] armors=1, targets=1
[2026-09-09 20:27:17.415] [info] [SYNC][XUC] mode=0 yaw=-6.28 deg pitch=-0.56 deg feeder_rpm=0.00 wheel0_rpm=0 wheel1_rpm=0 wheel_delta=0 projectile_speed=19.36 gate=0x3E switch=0 rc=1 sticks=1 imu=1 serial=1 control=1 yaw_armed=0 pitch_active=0
[DEBUG] armors=1, targets=1
[2026-09-09 20:27:17.430] [info] [DRYRUN] measured_gimbal=(2.805,-0.008,-0.029) measured_world=(2.789,0.299,-0.001) tracked_world=(2.742,0.293,0.001) target_gimbal_deg=(-0.16,-0.59) target_world_deg=(6.12,-0.03) gimbal_deg=(6.28,-0.56) armor_y_px=610.3 pixel_error_deg=(1.34,1.73) ballistic=(range=2.805m holdover=0.101m comp=2.01deg residual=-0.29deg) q_wxyz=(0.998486,-0.000269,-0.004905,-0.054787) cmd_deg=(6.02,-0.78) packed_pitch_deg=-0.78 control=true shoot=false
[2026-09-09 20:27:17.433] [info] [PERF] 总耗时=17.9ms (检测=14.2ms, 跟踪=0.5ms), FPS=56.0
[2026-09-09 20:27:17.433] [info] 📊 [CAMERA FPS] 瞬时帧率=55.8fps, 平均帧率=57.9fps, 总帧数=3800, 运行时间=65.6s
[DEBUG] armors=1, targets=1
[DEBUG] armors=1, targets=1
[DEBUG] armors=2, targets=1
[DEBUG] armors=2, targets=1
[DEBUG] armors=2, targets=1
[DEBUG] armors=2, targets=1
[2026-09-09 20:27:17.539] [info] [GYROSCHED] cycle=205 due_in=+121.6 ms hit_in=435.7 ms period=318.8 ms window=10.99deg worst=8.06deg safe=true
[2026-09-09 20:27:17.539] [info] [B2DIAG] auto=0 control=1 conv=1 oneface_gate=1 armed=1 motion=1 cadence=1 dyaw_fresh=1 dpitch_fresh=1 yawgate=0 event=1 safe=1 due_ms=+121.6 window_deg=10.99 worst_deg=8.06 yawerr_deg=4.38 pitcherr_deg=-0.38
[DEBUG] armors=3, targets=1
[DEBUG] armors=2, targets=1
[DEBUG] armors=3, targets=1
[DEBUG] armors=3, targets=1
[DEBUG] armors=1, targets=1
[DEBUG] armors=1, targets=1
[DEBUG] armors=1, targets=1
[DEBUG] armors=1, targets=1
[DEBUG] armors=1, targets=1
[DEBUG] armors=1, targets=1
[2026-09-09 20:27:17.715] [info] [GYROPLL] phase_zero cycle=204 sample=330.4 ms periods=1 filtered=318.5 ms residual=+13.8 ms correction=+2.1 ms locks=204 locked=1 reacquired=0 rejects=0 omega=4.931 ekf_omega=+4.991
[2026-09-09 20:27:17.715] [info] [GYROSCHED] cycle=206 due_in=+286.0 ms hit_in=580.2 ms period=318.5 ms window=10.99deg worst=8.06deg safe=true
[DEBUG] armors=1, targets=1
[DEBUG] armors=1, targets=1
[DEBUG] armors=1, targets=1
[DEBUG] armors=1, targets=1
[2026-09-09 20:27:17.781] [info] [DRYRUN] measured_gimbal=(2.811,-0.051,-0.034) measured_world=(2.800,0.257,-0.005) tracked_world=(3.250,0.130,-0.002) target_gimbal_deg=(-1.04,-0.68) target_world_deg=(5.24,-0.10) gimbal_deg=(6.28,-0.58) armor_y_px=614.0 pixel_error_deg=(2.23,1.82) ballistic=(range=2.811m holdover=0.101m comp=2.01deg residual=-0.20deg) q_wxyz=(0.998488,-0.000278,-0.005063,-0.054742) cmd_deg=(5.75,-0.78) packed_pitch_deg=-0.78 control=true shoot=false
[DEBUG] armors=2, targets=1
[DEBUG] armors=2, targets=1
[DEBUG] armors=3, targets=1
[DEBUG] armors=3, targets=1
[DEBUG] armors=3, targets=1
[DEBUG] armors=2, targets=1
[2026-09-09 20:27:17.888] [info] [GYROSCHED] cycle=206 due_in=+97.4 ms hit_in=406.4 ms period=318.5 ms window=10.99deg worst=8.06deg safe=true
[DEBUG] armors=2, targets=1
[DEBUG] armors=3, targets=1
[DEBUG] armors=2, targets=1
[DEBUG] armors=1, targets=1
[DEBUG] armors=1, targets=1
[DEBUG] armors=1, targets=1
[DEBUG] armors=1, targets=1
[DEBUG] armors=1, targets=1
[2026-09-09 20:27:18.033] [info] [GYROPLL] phase_zero cycle=205 sample=319.1 ms periods=1 filtered=318.5 ms residual=+12.2 ms correction=+1.8 ms locks=205 locked=1 reacquired=0 rejects=0 omega=4.932 ekf_omega=+5.011
[DEBUG] armors=1, targets=1
[DEBUG] armors=1, targets=1
[2026-09-09 20:27:18.068] [info] [GYROSCHED] cycle=207 due_in=+248.4 ms hit_in=546.7 ms period=318.5 ms window=10.99deg worst=8.07deg safe=true
[DEBUG] armors=2, targets=1
[DEBUG] armors=2, targets=1
[DEBUG] armors=2, targets=1
[DEBUG] armors=3, targets=1
[2026-09-09 20:27:18.141] [info] [DRYRUN] measured_gimbal=(2.967,-0.115,-0.039) measured_world=(2.962,0.210,-0.008) tracked_world=(3.354,0.611,-0.004) target_gimbal_deg=(-2.23,-0.75) target_world_deg=(4.05,-0.15) gimbal_deg=(6.28,-0.61) armor_y_px=614.2 pixel_error_deg=(3.46,1.82) ballistic=(range=2.969m holdover=0.111m comp=2.09deg residual=-0.27deg) q_wxyz=(0.998485,-0.000290,-0.005278,-0.054775) cmd_deg=(5.65,-0.79) packed_pitch_deg=-0.79 control=true shoot=false
[DEBUG] armors=3, targets=1
[DEBUG] armors=3, targets=1
[DEBUG] armors=3, targets=1
[DEBUG] armors=3, targets=1
[DEBUG] armors=2, targets=1
[DEBUG] armors=2, targets=1
[2026-09-09 20:27:18.247] [info] [GYROSCHED] cycle=207 due_in=+68.3 ms hit_in=367.7 ms period=318.5 ms window=10.99deg worst=8.07deg safe=true
[DEBUG] armors=1, targets=1
[2026-09-09 20:27:18.281] [info] [ASSOC] selected_face=1 cost=-0.062 detections=1 confidence=0.89
[DEBUG] armors=1, targets=1
[DEBUG] armors=1, targets=1
[2026-09-09 20:27:18.300] [info] [SYNC][XUC] mode=0 yaw=-6.28 deg pitch=-0.62 deg feeder_rpm=0.00 wheel0_rpm=0 wheel1_rpm=0 wheel_delta=0 projectile_speed=19.36 gate=0x3E switch=0 rc=1 sticks=1 imu=1 serial=1 control=1 yaw_armed=0 pitch_active=0
[DEBUG] armors=1, targets=1
[2026-09-09 20:27:18.318] [info] [PERF] 总耗时=17.8ms (检测=14.6ms, 跟踪=0.5ms), FPS=56.2
[2026-09-09 20:27:18.318] [info] 📊 [CAMERA FPS] 瞬时帧率=56.1fps, 平均帧率=57.9fps, 总帧数=3850, 运行时间=66.5s
[DEBUG] armors=1, targets=1
[2026-09-09 20:27:18.332] [info] [GYROPLL] phase_zero cycle=206 sample=307.3 ms periods=1 filtered=318.2 ms residual=-0.8 ms correction=-0.1 ms locks=206 locked=1 reacquired=0 rejects=0 omega=4.937 ekf_omega=+5.151
[DEBUG] armors=1, targets=1
[DEBUG] armors=1, targets=1
[DEBUG] armors=1, targets=1
[DEBUG] armors=1, targets=1
[DEBUG] armors=2, targets=1
[2026-09-09 20:27:18.418] [info] [GYROSCHED] cycle=208 due_in=+217.3 ms hit_in=514.8 ms period=318.2 ms window=10.99deg worst=8.07deg safe=true
[2026-09-09 20:27:18.418] [info] [B2DIAG] auto=0 control=1 conv=1 oneface_gate=1 armed=1 motion=1 cadence=1 dyaw_fresh=1 dpitch_fresh=1 yawgate=0 event=1 safe=1 due_ms=+217.3 window_deg=10.99 worst_deg=8.07 yawerr_deg=2.20 pitcherr_deg=-0.15
[DEBUG] armors=1, targets=1
[DEBUG] armors=2, targets=1
[DEBUG] armors=3, targets=1
[DEBUG] armors=3, targets=1
[2026-09-09 20:27:18.489] [info] [DRYRUN] measured_gimbal=(2.926,-0.139,-0.040) measured_world=(2.924,0.181,-0.008) tracked_world=(2.828,0.628,-0.002) target_gimbal_deg=(-2.72,-0.78) target_world_deg=(3.55,-0.16) gimbal_deg=(6.27,-0.62) armor_y_px=616.0 pixel_error_deg=(3.95,1.86) ballistic=(range=2.929m holdover=0.108m comp=2.07deg residual=-0.21deg) q_wxyz=(0.998489,-0.000297,-0.005417,-0.054684) cmd_deg=(6.04,-0.78) packed_pitch_deg=-0.78 control=true shoot=false
[DEBUG] armors=2, targets=1
[DEBUG] armors=2, targets=1
[DEBUG] armors=2, targets=1
[DEBUG] armors=1, targets=1
[DEBUG] armors=1, targets=1
[DEBUG] armors=1, targets=1
[2026-09-09 20:27:18.599] [info] [GYROSCHED] cycle=208 due_in=+47.4 ms hit_in=334.2 ms period=318.2 ms window=10.99deg worst=8.07deg safe=true
[DEBUG] armors=1, targets=1
[DEBUG] armors=1, targets=1
[DEBUG] armors=1, targets=1
[2026-09-09 20:27:18.658] [info] [GYROPLL] phase_zero cycle=207 sample=317.6 ms periods=1 filtered=317.9 ms residual=-1.2 ms correction=-0.2 ms locks=207 locked=1 reacquired=0 rejects=0 omega=4.941 ekf_omega=+5.042
[DEBUG] armors=1, targets=1
[DEBUG] armors=1, targets=1
[DEBUG] armors=1, targets=1
[DEBUG] armors=1, targets=1
[DEBUG] armors=2, targets=1
[DEBUG] armors=2, targets=1
[DEBUG] armors=2, targets=1
[2026-09-09 20:27:18.791] [info] [GYROSCHED] cycle=209 due_in=+155.1 ms hit_in=459.5 ms period=317.9 ms window=10.99deg worst=8.08deg safe=true
[INFO] [1788956838.804336908] [rclcpp]: signal_handler(signum=2)
[2026-09-09 20:27:18.805] [info] [ROS2Visualizer] Spin thread stopped
[DEBUG] armors=2, targets=1
[2026-09-09 20:27:18.815] [info] [ROS2Visualizer] Shutdown complete
[2026-09-09 20:27:18.818] [info] [ROS2] Shutdown complete
[2026-09-09 20:27:18.910] [info] HikRobot's capture thread stopped.
[2026-09-09 20:27:18.917] [info] HikRobot's daemon thread stopped.
[2026-09-09 20:27:18.917] [info] HikRobot destructed.
