[2026-09-05 22:41:17.697] [info] [Performance] Thread limits: OpenCV=1, TBB=4, OMP=4
[2026-09-05 22:41:17.716] [info] [ROS2Visualizer] Initialized: node=standard_node, marker_topic=standard_markers
[2026-09-05 22:41:17.716] [info] [ROS2Visualizer] Spin thread started
[2026-09-05 22:41:17.716] [info] [ROS2] Visualizer initialized
[2026-09-05 22:41:17.717] [info] [CBoard] disabled (cboard_enable=false); XUC is expected to provide IMU
[2026-09-05 22:41:17.717] [info] Camera constructor: config_path=configs/standard_hikrobot_lowlight_exp6_gain16_conf10_detect_safe.yaml, camera_name=hikrobot
[2026-09-05 22:41:17.717] [info] Creating HikRobot camera
[2026-09-05 22:41:17.718] [info] HikRobot's daemon thread started.
[2026-09-05 22:41:17.718] [info] Camera constructor completed
[2026-09-05 22:41:17.720] [info] [XUC] serial opened /dev/serial/by-id/usb-1a86_USB_Serial-if00-port0 @ 460800 baud, angles=rad, yaw_sign=0.94074425, pitch_sign=1, imu_yaw_sign=-1.06298816, imu_pitch_sign=1, allow_control=false, allow_shoot=false, require_feedback=true, require_auto_mode=false, max_yaw_excursion_deg=0.00, lock_pitch=false
[2026-09-05 22:41:17.720] [warning] [XUC][SAFE] control output is forced to zero
[2026-09-05 22:41:17.720] [warning] [XUC][SAFE] shoot output is forced to zero
*******XOpenDisplay Fail ******* 
[2026-09-05 22:41:17.770] [info] [YOLO26] CPU cores: 16, big cores found: 4, core_type: unavailable, max_freq: 4900000
[2026-09-05 22:41:17.770] [info] [YOLO26] Big core ids: [4,5,6,7]
[2026-09-05 22:41:17.770] [info] [YOLO26] Successfully bound to 4 big cores
[2026-09-05 22:41:17.770] [info] [YOLO26] Disabled OpenCV threading to avoid CPU contention
[2026-09-05 22:41:17.787] [info] [YOLO26] Compiling model with 4 threads (LATENCY mode)
[2026-09-05 22:41:18.057] [info] [YOLO26] Initialization complete - SYNC mode optimized
[2026-09-05 22:41:18.057] [info] [YOLO26] Config: threads=4, streams=1, requests=1, letterbox=114, min_confidence=0.10, min_keypoint_confidence=0.00, swap_rb=false, refine_color=true, color_delta=6.0, color_hold_frames=20, save_samples=false, debug=true
[2026-09-05 22:41:18.061] [info] === All modules initialized ===
[2026-09-05 22:41:18.061] [info] [ROS2Visualizer] Published static TF: gimbal -> camera
[2026-09-05 22:41:18.061] [info] [ROS2] Published static TF: gimbal -> camera
[2026-09-05 22:41:18.061] [info] === Entering main loop ===
[2026-09-05 22:41:18.062] [info] [SYNC] 发送默认命令，等待相机触发
[2026-09-05 22:41:18.898] [info] [HikRobot][READBACK] image=1440x1080, pixel_format=0x1080009
[2026-09-05 22:41:18.900] [info] [HikRobot][READBACK] exposure_us=6000.0 auto=0, gain=16.01 auto=0, white_balance_auto=0
[2026-09-05 22:41:18.900] [info] [HikRobot][READBACK] trigger=off (continuous acquisition)
[2026-09-05 22:41:18.900] [info] [HikRobot][READBACK] acquisition_fps=150.00
[2026-09-05 22:41:18.912] [info] HikRobot's capture thread started.
[2026-09-05 22:41:18.924] [info] [HikRobot] first frame: 1440x1080, pixel_type=0x1080009, frame_len=1555200
[2026-09-05 22:41:18.949] [info] [YOLO26][DET] above_0p2=1 after_nms=1 accepted=1 max_conf=0.6867 max_class=11 max_min_kpt=0.9953 refined_color=1 color_score=-91.80 color_source=1
[DEBUG] armors=1, targets=1
[2026-09-05 22:41:19.029] [info] [YOLO26][DET] above_0p2=1 after_nms=1 accepted=1 max_conf=0.3793 max_class=11 max_min_kpt=0.9926 refined_color=1 color_score=-96.63 color_source=1
[DEBUG] armors=1, targets=1
[2026-09-05 22:41:19.049] [info] [YOLO26][DET] above_0p2=0 after_nms=0 accepted=0 max_conf=0.0526 max_class=8 max_min_kpt=0.0000 refined_color=-1 color_score=0.00 color_source=-1
[DEBUG] armors=0, targets=0
[2026-09-05 22:41:19.075] [info] [YOLO26][DET] above_0p2=1 after_nms=1 accepted=1 max_conf=0.1426 max_class=11 max_min_kpt=0.9942 refined_color=1 color_score=-100.56 color_source=1
[DEBUG] armors=1, targets=1
[2026-09-05 22:41:19.095] [info] [YOLO26][DET] above_0p2=0 after_nms=0 accepted=0 max_conf=0.0976 max_class=8 max_min_kpt=0.0000 refined_color=-1 color_score=0.00 color_source=-1
[DEBUG] armors=0, targets=0
[2026-09-05 22:41:19.117] [info] [YOLO26][DET] above_0p2=1 after_nms=1 accepted=1 max_conf=0.1744 max_class=8 max_min_kpt=0.9437 refined_color=1 color_score=-93.62 color_source=1
[DEBUG] armors=1, targets=1
[2026-09-05 22:41:19.140] [info] [YOLO26][DET] above_0p2=1 after_nms=1 accepted=1 max_conf=0.2149 max_class=8 max_min_kpt=0.9515 refined_color=1 color_score=-76.55 color_source=1
[DEBUG] armors=1, targets=1
[2026-09-05 22:41:19.162] [info] [YOLO26][DET] above_0p2=1 after_nms=1 accepted=1 max_conf=0.1018 max_class=8 max_min_kpt=0.9597 refined_color=1 color_score=-76.56 color_source=1
[DEBUG] armors=1, targets=1
[2026-09-05 22:41:19.186] [info] [YOLO26][DET] above_0p2=0 after_nms=0 accepted=0 max_conf=0.0783 max_class=8 max_min_kpt=0.0000 refined_color=-1 color_score=0.00 color_source=-1
[DEBUG] armors=0, targets=0
[2026-09-05 22:41:19.206] [info] [YOLO26][DET] above_0p2=1 after_nms=1 accepted=1 max_conf=0.1083 max_class=8 max_min_kpt=0.9285 refined_color=1 color_score=-88.67 color_source=1
[DEBUG] armors=1, targets=1
[2026-09-05 22:41:19.227] [info] [YOLO26][DET] above_0p2=1 after_nms=1 accepted=1 max_conf=0.2112 max_class=8 max_min_kpt=0.9329 refined_color=1 color_score=-85.74 color_source=1
[DEBUG] armors=1, targets=1
[2026-09-05 22:41:19.249] [info] [YOLO26][DET] above_0p2=1 after_nms=1 accepted=1 max_conf=0.1438 max_class=8 max_min_kpt=0.9189 refined_color=1 color_score=-69.16 color_source=1
[DEBUG] armors=1, targets=1
[2026-09-05 22:41:19.270] [info] [YOLO26][DET] above_0p2=2 after_nms=1 accepted=1 max_conf=0.2676 max_class=11 max_min_kpt=0.9960 refined_color=1 color_score=-106.46 color_source=1
[DEBUG] armors=1, targets=0
[2026-09-05 22:41:19.291] [info] [YOLO26][DET] above_0p2=3 after_nms=2 accepted=2 max_conf=0.1567 max_class=11 max_min_kpt=0.9909 refined_color=1 color_score=-90.84 color_source=1
[DEBUG] armors=1, targets=1
[2026-09-05 22:41:19.312] [info] [YOLO26][DET] above_0p2=1 after_nms=1 accepted=1 max_conf=0.1078 max_class=8 max_min_kpt=0.9312 refined_color=1 color_score=-83.71 color_source=1
[DEBUG] armors=1, targets=0
[2026-09-05 22:41:19.331] [info] [YOLO26][DET] above_0p2=2 after_nms=1 accepted=1 max_conf=0.2534 max_class=11 max_min_kpt=0.9932 refined_color=1 color_score=-90.18 color_source=1
[DEBUG] armors=1, targets=1
[2026-09-05 22:41:19.353] [info] [YOLO26][DET] above_0p2=1 after_nms=1 accepted=1 max_conf=0.2529 max_class=8 max_min_kpt=0.9442 refined_color=1 color_score=-89.47 color_source=1
[DEBUG] armors=1, targets=0
[2026-09-05 22:41:19.372] [info] [YOLO26][DET] above_0p2=1 after_nms=1 accepted=1 max_conf=0.2225 max_class=8 max_min_kpt=0.9484 refined_color=1 color_score=-69.91 color_source=1
[DEBUG] armors=1, targets=1
[2026-09-05 22:41:19.393] [info] [YOLO26][DET] above_0p2=1 after_nms=1 accepted=1 max_conf=0.2192 max_class=11 max_min_kpt=0.9911 refined_color=1 color_score=-93.74 color_source=1
[DEBUG] armors=1, targets=0
[2026-09-05 22:41:19.413] [info] [YOLO26][DET] above_0p2=0 after_nms=0 accepted=0 max_conf=0.0858 max_class=11 max_min_kpt=0.0000 refined_color=-1 color_score=0.00 color_source=-1
[DEBUG] armors=0, targets=0
[2026-09-05 22:41:19.415] [info] [DRYRUN] target=none gimbal_deg=(3.35,1.12) control=true shoot=false
[2026-09-05 22:41:19.432] [info] [YOLO26][DET] above_0p2=3 after_nms=2 accepted=2 max_conf=0.1824 max_class=11 max_min_kpt=0.9942 refined_color=1 color_score=-86.77 color_source=1
[DEBUG] armors=2, targets=1
[2026-09-05 22:41:19.434] [info] [XUC][FIRE] stable-window candidate started
[2026-09-05 22:41:19.451] [info] [YOLO26][DET] above_0p2=2 after_nms=2 accepted=2 max_conf=0.2350 max_class=11 max_min_kpt=0.9893 refined_color=1 color_score=-98.17 color_source=1
[DEBUG] armors=2, targets=1
[2026-09-05 22:41:19.469] [info] [YOLO26][DET] above_0p2=2 after_nms=2 accepted=2 max_conf=0.5879 max_class=11 max_min_kpt=0.9877 refined_color=1 color_score=-78.60 color_source=1
[DEBUG] armors=2, targets=1
[2026-09-05 22:41:19.489] [info] [YOLO26][DET] above_0p2=2 after_nms=2 accepted=2 max_conf=0.8335 max_class=11 max_min_kpt=0.9960 refined_color=1 color_score=-103.60 color_source=1
[DEBUG] armors=2, targets=1
[2026-09-05 22:41:19.507] [info] [YOLO26][DET] above_0p2=2 after_nms=2 accepted=2 max_conf=0.6354 max_class=11 max_min_kpt=0.9901 refined_color=1 color_score=-79.50 color_source=1
[DEBUG] armors=2, targets=1
[2026-09-05 22:41:19.527] [info] [YOLO26][DET] above_0p2=3 after_nms=2 accepted=2 max_conf=0.4326 max_class=11 max_min_kpt=0.9835 refined_color=1 color_score=-79.61 color_source=1
[DEBUG] armors=2, targets=1
[2026-09-05 22:41:19.546] [info] [YOLO26][DET] above_0p2=3 after_nms=2 accepted=2 max_conf=0.6011 max_class=11 max_min_kpt=0.9891 refined_color=1 color_score=-81.63 color_source=1
[DEBUG] armors=2, targets=1
[2026-09-05 22:41:19.566] [info] [YOLO26][DET] above_0p2=2 after_nms=2 accepted=2 max_conf=0.4663 max_class=11 max_min_kpt=0.9923 refined_color=1 color_score=-84.49 color_source=1
[DEBUG] armors=2, targets=1
[2026-09-05 22:41:19.585] [info] [YOLO26][DET] above_0p2=2 after_nms=2 accepted=2 max_conf=0.1785 max_class=11 max_min_kpt=0.9892 refined_color=1 color_score=-93.69 color_source=1
[DEBUG] armors=2, targets=1
[2026-09-05 22:41:19.606] [info] [YOLO26][DET] above_0p2=0 after_nms=0 accepted=0 max_conf=0.0823 max_class=11 max_min_kpt=0.0000 refined_color=-1 color_score=0.00 color_source=-1
[DEBUG] armors=0, targets=1
[2026-09-05 22:41:19.608] [info] [XUC][FIRE] stable window reset
[2026-09-05 22:41:19.626] [info] [YOLO26][DET] above_0p2=1 after_nms=1 accepted=1 max_conf=0.1565 max_class=11 max_min_kpt=0.9944 refined_color=1 color_score=-88.08 color_source=1
[DEBUG] armors=1, targets=1
[2026-09-05 22:41:19.646] [info] [YOLO26][DET] above_0p2=2 after_nms=2 accepted=2 max_conf=0.4663 max_class=11 max_min_kpt=0.9890 refined_color=1 color_score=-89.64 color_source=1
[DEBUG] armors=2, targets=1
[2026-09-05 22:41:19.649] [info] [XUC][FIRE] stable-window candidate started
[2026-09-05 22:41:19.665] [info] [YOLO26][DET] above_0p2=1 after_nms=1 accepted=1 max_conf=0.3436 max_class=11 max_min_kpt=0.9897 refined_color=1 color_score=-91.44 color_source=1
[DEBUG] armors=1, targets=1
[2026-09-05 22:41:19.685] [info] [YOLO26][DET] above_0p2=2 after_nms=2 accepted=2 max_conf=0.6327 max_class=11 max_min_kpt=0.9941 refined_color=1 color_score=-88.85 color_source=1
[DEBUG] armors=2, targets=1
[2026-09-05 22:41:19.703] [info] [YOLO26][DET] above_0p2=3 after_nms=3 accepted=3 max_conf=0.2764 max_class=11 max_min_kpt=0.9890 refined_color=1 color_score=-89.62 color_source=1
[DEBUG] armors=3, targets=1
[2026-09-05 22:41:19.722] [info] [YOLO26][DET] above_0p2=3 after_nms=2 accepted=2 max_conf=0.3882 max_class=11 max_min_kpt=0.9878 refined_color=1 color_score=-93.59 color_source=1
[DEBUG] armors=2, targets=1
[2026-09-05 22:41:19.725] [info] [XUC][FIRE] stable window reset
[2026-09-05 22:41:19.742] [info] [YOLO26][DET] above_0p2=3 after_nms=3 accepted=3 max_conf=0.4916 max_class=11 max_min_kpt=0.9905 refined_color=1 color_score=-86.81 color_source=1
[DEBUG] armors=3, targets=1
[2026-09-05 22:41:19.764] [info] [YOLO26][DET] above_0p2=3 after_nms=2 accepted=2 max_conf=0.3261 max_class=11 max_min_kpt=0.9938 refined_color=1 color_score=-90.44 color_source=1
[DEBUG] armors=2, targets=1
[2026-09-05 22:41:19.785] [info] [YOLO26][DET] above_0p2=2 after_nms=1 accepted=1 max_conf=0.3159 max_class=11 max_min_kpt=0.9895 refined_color=1 color_score=-88.58 color_source=1
[DEBUG] armors=1, targets=1
[2026-09-05 22:41:19.804] [info] [YOLO26][DET] above_0p2=0 after_nms=0 accepted=0 max_conf=0.0926 max_class=11 max_min_kpt=0.0000 refined_color=-1 color_score=0.00 color_source=-1
[DEBUG] armors=0, targets=1
[2026-09-05 22:41:19.825] [info] [YOLO26][DET] above_0p2=1 after_nms=1 accepted=1 max_conf=0.1586 max_class=11 max_min_kpt=0.9917 refined_color=1 color_score=-85.26 color_source=1
[DEBUG] armors=1, targets=1
[2026-09-05 22:41:19.845] [info] [YOLO26][DET] above_0p2=1 after_nms=1 accepted=1 max_conf=0.2361 max_class=11 max_min_kpt=0.9862 refined_color=1 color_score=-96.46 color_source=1
[DEBUG] armors=1, targets=1
[2026-09-05 22:41:19.863] [info] [YOLO26][DET] above_0p2=0 after_nms=0 accepted=0 max_conf=0.0982 max_class=8 max_min_kpt=0.0000 refined_color=-1 color_score=0.00 color_source=-1
[DEBUG] armors=0, targets=1
[2026-09-05 22:41:19.883] [info] [YOLO26][DET] above_0p2=1 after_nms=1 accepted=1 max_conf=0.1085 max_class=8 max_min_kpt=0.9035 refined_color=1 color_score=-98.94 color_source=1
[DEBUG] armors=1, targets=1
[2026-09-05 22:41:19.902] [info] [YOLO26][DET] above_0p2=0 after_nms=0 accepted=0 max_conf=0.0830 max_class=8 max_min_kpt=0.0000 refined_color=-1 color_score=0.00 color_source=-1
[DEBUG] armors=0, targets=1
[2026-09-05 22:41:19.920] [info] [YOLO26][DET] above_0p2=1 after_nms=1 accepted=1 max_conf=0.1306 max_class=11 max_min_kpt=0.9929 refined_color=1 color_score=-104.53 color_source=1
[DEBUG] armors=1, targets=1
[2026-09-05 22:41:19.939] [info] [YOLO26][DET] above_0p2=1 after_nms=1 accepted=1 max_conf=0.1162 max_class=11 max_min_kpt=0.9899 refined_color=1 color_score=-102.29 color_source=1
[DEBUG] armors=1, targets=1
[2026-09-05 22:41:19.958] [info] [YOLO26][DET] above_0p2=0 after_nms=0 accepted=0 max_conf=0.0944 max_class=8 max_min_kpt=0.0000 refined_color=-1 color_score=0.00 color_source=-1
[DEBUG] armors=0, targets=1
[2026-09-05 22:41:19.976] [info] [YOLO26][DET] above_0p2=0 after_nms=0 accepted=0 max_conf=0.0731 max_class=8 max_min_kpt=0.0000 refined_color=-1 color_score=0.00 color_source=-1
[DEBUG] armors=0, targets=1
[2026-09-05 22:41:19.981] [info] [SYNC][XUC] mode=0 yaw=-3.35 deg pitch=1.12 deg feeder_rpm=0.00 wheel0_rpm=0 wheel1_rpm=0 wheel_delta=0 projectile_speed=19.36 gate=0x1E switch=0 rc=1 sticks=1 imu=1 serial=1 control=0 yaw_armed=0 pitch_active=0
[2026-09-05 22:41:19.995] [info] [YOLO26][DET] above_0p2=2 after_nms=1 accepted=1 max_conf=0.1854 max_class=8 max_min_kpt=0.9902 refined_color=1 color_score=-82.42 color_source=1
[2026-09-05 22:41:20.001] [info] [YOLO26] ==================== Performance ====================
[2026-09-05 22:41:20.001] [info] [YOLO26] Preprocess:  1.008 ms (5.0%)
[2026-09-05 22:41:20.001] [info] [YOLO26] Inference:   13.564 ms (67.1%)
[2026-09-05 22:41:20.001] [info] [YOLO26] Postprocess: 5.651 ms (27.9%)
[2026-09-05 22:41:20.001] [info] [YOLO26] Total:       20.224 ms (49.4 FPS)
[2026-09-05 22:41:20.001] [info] [YOLO26] ======================================================
[DEBUG] armors=1, targets=1
[2026-09-05 22:41:20.004] [info] [PERF] 总耗时=23.4ms (检测=20.3ms, 跟踪=0.0ms), FPS=42.7
[2026-09-05 22:41:20.004] [info] 📊 [CAMERA FPS] 瞬时帧率=42.6fps, 平均帧率=46.4fps, 总帧数=50, 运行时间=1.1s
[2026-09-05 22:41:20.018] [info] [YOLO26][DET] above_0p2=1 after_nms=1 accepted=1 max_conf=0.2038 max_class=8 max_min_kpt=0.9497 refined_color=1 color_score=-102.06 color_source=1
[DEBUG] armors=1, targets=1
[2026-09-05 22:41:20.037] [info] [YOLO26][DET] above_0p2=1 after_nms=1 accepted=1 max_conf=0.1154 max_class=11 max_min_kpt=0.9961 refined_color=1 color_score=-79.12 color_source=1
[DEBUG] armors=1, targets=1
[2026-09-05 22:41:20.057] [info] [YOLO26][DET] above_0p2=1 after_nms=1 accepted=1 max_conf=0.1795 max_class=11 max_min_kpt=0.9875 refined_color=1 color_score=-91.08 color_source=1
[DEBUG] armors=1, targets=1
[2026-09-05 22:41:20.077] [info] [YOLO26][DET] above_0p2=0 after_nms=0 accepted=0 max_conf=0.0842 max_class=8 max_min_kpt=0.0000 refined_color=-1 color_score=0.00 color_source=-1
[DEBUG] armors=0, targets=1
[2026-09-05 22:41:20.096] [info] [YOLO26][DET] above_0p2=1 after_nms=1 accepted=1 max_conf=0.1639 max_class=8 max_min_kpt=0.9189 refined_color=1 color_score=-65.88 color_source=1
[DEBUG] armors=1, targets=1
[2026-09-05 22:41:20.114] [info] [YOLO26][DET] above_0p2=1 after_nms=1 accepted=1 max_conf=0.2039 max_class=8 max_min_kpt=0.9414 refined_color=1 color_score=-76.22 color_source=1
[DEBUG] armors=1, targets=1
[2026-09-05 22:41:20.133] [info] [YOLO26][DET] above_0p2=1 after_nms=1 accepted=1 max_conf=0.1714 max_class=8 max_min_kpt=0.9253 refined_color=1 color_score=-68.47 color_source=1
[DEBUG] armors=1, targets=1
[2026-09-05 22:41:20.152] [info] [YOLO26][DET] above_0p2=1 after_nms=1 accepted=1 max_conf=0.1936 max_class=8 max_min_kpt=0.9285 refined_color=1 color_score=-72.41 color_source=1
[DEBUG] armors=1, targets=1
[2026-09-05 22:41:20.169] [info] [YOLO26][DET] above_0p2=1 after_nms=1 accepted=1 max_conf=0.2238 max_class=8 max_min_kpt=0.9313 refined_color=1 color_score=-93.36 color_source=1
[DEBUG] armors=1, targets=1
[2026-09-05 22:41:20.190] [info] [YOLO26][DET] above_0p2=1 after_nms=1 accepted=1 max_conf=0.2062 max_class=8 max_min_kpt=0.9384 refined_color=1 color_score=-105.17 color_source=1
[DEBUG] armors=1, targets=1
[2026-09-05 22:41:20.192] [info] [DRYRUN] measured_gimbal=(3.495,0.395,0.116) measured_world=(3.467,0.598,0.047) tracked_world=(3.444,0.665,0.049) target_gimbal_deg=(6.45,1.88) target_world_deg=(9.79,0.77) gimbal_deg=(3.35,1.12) armor_y_px=498.3 pixel_error_deg=(-6.67,-1.02) ballistic=(range=nanm holdover=0.000m comp=0.00deg residual=-1.02deg) q_wxyz=(0.999526,0.000286,0.009793,-0.029187) cmd_deg=(4.32,-0.55) packed_pitch_deg=-0.55 control=true shoot=false
[2026-09-05 22:41:20.209] [info] [YOLO26][DET] above_0p2=1 after_nms=1 accepted=1 max_conf=0.2849 max_class=8 max_min_kpt=0.9355 refined_color=1 color_score=-82.29 color_source=1
[DEBUG] armors=1, targets=1
[2026-09-05 22:41:20.228] [info] [YOLO26][DET] above_0p2=1 after_nms=1 accepted=1 max_conf=0.2632 max_class=8 max_min_kpt=0.9393 refined_color=1 color_score=-74.37 color_source=1
[DEBUG] armors=1, targets=1
[2026-09-05 22:41:20.246] [info] [YOLO26][DET] above_0p2=1 after_nms=1 accepted=1 max_conf=0.2093 max_class=8 max_min_kpt=0.9517 refined_color=1 color_score=-75.71 color_source=1
[DEBUG] armors=1, targets=1
[2026-09-05 22:41:20.265] [info] [YOLO26][DET] above_0p2=2 after_nms=1 accepted=1 max_conf=0.2502 max_class=11 max_min_kpt=0.9902 refined_color=1 color_score=-98.81 color_source=1
[DEBUG] armors=1, targets=1
[2026-09-05 22:41:20.284] [info] [YOLO26][DET] above_0p2=1 after_nms=1 accepted=1 max_conf=0.1830 max_class=11 max_min_kpt=0.9831 refined_color=1 color_score=-98.37 color_source=1
[DEBUG] armors=1, targets=1
[2026-09-05 22:41:20.304] [info] [YOLO26][DET] above_0p2=1 after_nms=1 accepted=1 max_conf=0.1487 max_class=11 max_min_kpt=0.9804 refined_color=1 color_score=-93.20 color_source=1
[DEBUG] armors=1, targets=1
[2026-09-05 22:41:20.324] [info] [YOLO26][DET] above_0p2=3 after_nms=2 accepted=2 max_conf=0.4224 max_class=11 max_min_kpt=0.9934 refined_color=1 color_score=-101.86 color_source=1
[DEBUG] armors=2, targets=1
[2026-09-05 22:41:20.344] [info] [YOLO26][DET] above_0p2=2 after_nms=2 accepted=2 max_conf=0.6137 max_class=11 max_min_kpt=0.9874 refined_color=1 color_score=-92.22 color_source=1
[DEBUG] armors=2, targets=1
[2026-09-05 22:41:20.366] [info] [YOLO26][DET] above_0p2=3 after_nms=2 accepted=2 max_conf=0.3380 max_class=11 max_min_kpt=0.9887 refined_color=1 color_score=-93.45 color_source=1
[DEBUG] armors=2, targets=1
[2026-09-05 22:41:20.385] [info] [YOLO26][DET] above_0p2=3 after_nms=2 accepted=2 max_conf=0.5636 max_class=11 max_min_kpt=0.9962 refined_color=1 color_score=-85.33 color_source=1
[DEBUG] armors=2, targets=1
[2026-09-05 22:41:20.404] [info] [YOLO26][DET] above_0p2=3 after_nms=2 accepted=2 max_conf=0.3507 max_class=11 max_min_kpt=0.9848 refined_color=1 color_score=-112.21 color_source=1
[DEBUG] armors=2, targets=1
[2026-09-05 22:41:20.425] [info] [YOLO26][DET] above_0p2=2 after_nms=2 accepted=2 max_conf=0.2620 max_class=11 max_min_kpt=0.9848 refined_color=1 color_score=-72.97 color_source=1
[DEBUG] armors=2, targets=1
[2026-09-05 22:41:20.444] [info] [YOLO26][DET] above_0p2=1 after_nms=1 accepted=1 max_conf=0.1219 max_class=11 max_min_kpt=0.9855 refined_color=1 color_score=-106.57 color_source=1
[DEBUG] armors=1, targets=1
[2026-09-05 22:41:20.462] [info] [YOLO26][DET] above_0p2=0 after_nms=0 accepted=0 max_conf=0.0845 max_class=14 max_min_kpt=0.0000 refined_color=-1 color_score=0.00 color_source=-1
[DEBUG] armors=0, targets=1
[2026-09-05 22:41:20.480] [info] [YOLO26][DET] above_0p2=1 after_nms=1 accepted=1 max_conf=0.1145 max_class=11 max_min_kpt=0.9842 refined_color=1 color_score=-89.27 color_source=1
[DEBUG] armors=1, targets=1
[2026-09-05 22:41:20.500] [info] [YOLO26][DET] above_0p2=1 after_nms=1 accepted=1 max_conf=0.1189 max_class=11 max_min_kpt=0.9790 refined_color=1 color_score=-96.50 color_source=1
[DEBUG] armors=1, targets=1
[2026-09-05 22:41:20.519] [info] [YOLO26][DET] above_0p2=1 after_nms=1 accepted=1 max_conf=0.1538 max_class=11 max_min_kpt=0.9802 refined_color=1 color_score=-89.84 color_source=1
[DEBUG] armors=1, targets=1
[2026-09-05 22:41:20.538] [info] [YOLO26][DET] above_0p2=1 after_nms=1 accepted=1 max_conf=0.3333 max_class=11 max_min_kpt=0.9866 refined_color=1 color_score=-89.74 color_source=1
[DEBUG] armors=1, targets=1
[2026-09-05 22:41:20.558] [info] [YOLO26][DET] above_0p2=2 after_nms=2 accepted=2 max_conf=0.4869 max_class=11 max_min_kpt=0.9863 refined_color=1 color_score=-90.36 color_source=1
[DEBUG] armors=2, targets=1
[2026-09-05 22:41:20.577] [info] [YOLO26][DET] above_0p2=3 after_nms=2 accepted=2 max_conf=0.3756 max_class=8 max_min_kpt=0.9758 refined_color=1 color_score=-63.20 color_source=1
[DEBUG] armors=2, targets=1
[2026-09-05 22:41:20.580] [info] [DRYRUN] measured_gimbal=(3.716,0.647,0.121) measured_world=(3.674,0.863,0.049) tracked_world=(3.735,0.878,0.049) target_gimbal_deg=(9.87,1.84) target_world_deg=(13.21,0.74) gimbal_deg=(3.35,1.12) armor_y_px=499.3 pixel_error_deg=(-5.41,-1.00) ballistic=(range=nanm holdover=0.000m comp=0.00deg residual=-1.00deg) q_wxyz=(0.999526,0.000286,0.009793,-0.029187) cmd_deg=(7.16,-0.57) packed_pitch_deg=-0.57 control=true shoot=false
[2026-09-05 22:41:20.597] [info] [YOLO26][DET] above_0p2=1 after_nms=1 accepted=1 max_conf=0.2666 max_class=11 max_min_kpt=0.9786 refined_color=1 color_score=-94.38 color_source=1
[DEBUG] armors=1, targets=1
[2026-09-05 22:41:20.617] [info] [YOLO26][DET] above_0p2=1 after_nms=1 accepted=1 max_conf=0.1010 max_class=11 max_min_kpt=0.9785 refined_color=1 color_score=-92.86 color_source=1
[DEBUG] armors=1, targets=1
[2026-09-05 22:41:20.637] [info] [YOLO26][DET] above_0p2=0 after_nms=0 accepted=0 max_conf=0.0765 max_class=8 max_min_kpt=0.0000 refined_color=-1 color_score=0.00 color_source=-1
[DEBUG] armors=0, targets=1
[2026-09-05 22:41:20.657] [info] [YOLO26][DET] above_0p2=0 after_nms=0 accepted=0 max_conf=0.0354 max_class=8 max_min_kpt=0.0000 refined_color=-1 color_score=0.00 color_source=-1
[DEBUG] armors=0, targets=1
[2026-09-05 22:41:20.676] [info] [YOLO26][DET] above_0p2=0 after_nms=0 accepted=0 max_conf=0.0164 max_class=8 max_min_kpt=0.0000 refined_color=-1 color_score=0.00 color_source=-1
[DEBUG] armors=0, targets=1
[2026-09-05 22:41:20.694] [info] [YOLO26][DET] above_0p2=0 after_nms=0 accepted=0 max_conf=0.0399 max_class=8 max_min_kpt=0.0000 refined_color=-1 color_score=0.00 color_source=-1
[DEBUG] armors=0, targets=1
[2026-09-05 22:41:20.712] [info] [YOLO26][DET] above_0p2=0 after_nms=0 accepted=0 max_conf=0.0531 max_class=8 max_min_kpt=0.0000 refined_color=-1 color_score=0.00 color_source=-1
[DEBUG] armors=0, targets=1
[2026-09-05 22:41:20.731] [info] [YOLO26][DET] above_0p2=0 after_nms=0 accepted=0 max_conf=0.0426 max_class=8 max_min_kpt=0.0000 refined_color=-1 color_score=0.00 color_source=-1
[DEBUG] armors=0, targets=1
[2026-09-05 22:41:20.750] [info] [YOLO26][DET] above_0p2=0 after_nms=0 accepted=0 max_conf=0.0160 max_class=9 max_min_kpt=0.0000 refined_color=-1 color_score=0.00 color_source=-1
[DEBUG] armors=0, targets=1
[2026-09-05 22:41:20.769] [info] [YOLO26][DET] above_0p2=0 after_nms=0 accepted=0 max_conf=0.0401 max_class=9 max_min_kpt=0.0000 refined_color=-1 color_score=0.00 color_source=-1
[DEBUG] armors=0, targets=1
[2026-09-05 22:41:20.787] [info] [YOLO26][DET] above_0p2=0 after_nms=0 accepted=0 max_conf=0.0343 max_class=1 max_min_kpt=0.0000 refined_color=-1 color_score=0.00 color_source=-1
[DEBUG] armors=0, targets=1
[2026-09-05 22:41:20.805] [info] [YOLO26][DET] above_0p2=0 after_nms=0 accepted=0 max_conf=0.0060 max_class=3 max_min_kpt=0.0000 refined_color=-1 color_score=0.00 color_source=-1
[DEBUG] armors=0, targets=1
[2026-09-05 22:41:20.807] [warning] [XUC][PITCH] visual loss: control stopped, pitch state retained
[2026-09-05 22:41:20.826] [info] [YOLO26][DET] above_0p2=0 after_nms=0 accepted=0 max_conf=0.0092 max_class=3 max_min_kpt=0.0000 refined_color=-1 color_score=0.00 color_source=-1
[DEBUG] armors=0, targets=1
[2026-09-05 22:41:20.846] [info] [YOLO26][DET] above_0p2=0 after_nms=0 accepted=0 max_conf=0.0223 max_class=1 max_min_kpt=0.0000 refined_color=-1 color_score=0.00 color_source=-1
[DEBUG] armors=0, targets=1
[2026-09-05 22:41:20.865] [info] [YOLO26][DET] above_0p2=0 after_nms=0 accepted=0 max_conf=0.0032 max_class=3 max_min_kpt=0.0000 refined_color=-1 color_score=0.00 color_source=-1
[DEBUG] armors=0, targets=1
[2026-09-05 22:41:20.884] [info] [YOLO26][DET] above_0p2=0 after_nms=0 accepted=0 max_conf=0.0109 max_class=3 max_min_kpt=0.0000 refined_color=-1 color_score=0.00 color_source=-1
[DEBUG] armors=0, targets=1
[2026-09-05 22:41:20.903] [info] [YOLO26][DET] above_0p2=0 after_nms=0 accepted=0 max_conf=0.0049 max_class=3 max_min_kpt=0.0000 refined_color=-1 color_score=0.00 color_source=-1
[DEBUG] armors=0, targets=1
[2026-09-05 22:41:20.922] [info] [YOLO26][DET] above_0p2=0 after_nms=0 accepted=0 max_conf=0.0045 max_class=8 max_min_kpt=0.0000 refined_color=-1 color_score=0.00 color_source=-1
[DEBUG] armors=0, targets=0
[2026-09-05 22:41:20.924] [warning] [XUC][YAW] visual loss: control stopped, yaw state retained
[2026-09-05 22:41:20.941] [info] [YOLO26][DET] above_0p2=0 after_nms=0 accepted=0 max_conf=0.0135 max_class=8 max_min_kpt=0.0000 refined_color=-1 color_score=0.00 color_source=-1
[DEBUG] armors=0, targets=0
[2026-09-05 22:41:20.946] [info] [SYNC][XUC] mode=0 yaw=-3.35 deg pitch=1.12 deg feeder_rpm=0.00 wheel0_rpm=0 wheel1_rpm=0 wheel_delta=0 projectile_speed=19.36 gate=0x1E switch=0 rc=1 sticks=1 imu=1 serial=1 control=0 yaw_armed=0 pitch_active=0
[2026-09-05 22:41:20.961] [info] [YOLO26][DET] above_0p2=0 after_nms=0 accepted=0 max_conf=0.0054 max_class=3 max_min_kpt=0.0000 refined_color=-1 color_score=0.00 color_source=-1
[2026-09-05 22:41:20.965] [info] [YOLO26] ==================== Performance ====================
[2026-09-05 22:41:20.965] [info] [YOLO26] Preprocess:  1.242 ms (6.6%)
[2026-09-05 22:41:20.965] [info] [YOLO26] Inference:   13.650 ms (72.2%)
[2026-09-05 22:41:20.965] [info] [YOLO26] Postprocess: 4.021 ms (21.3%)
[2026-09-05 22:41:20.965] [info] [YOLO26] Total:       18.914 ms (52.9 FPS)
[2026-09-05 22:41:20.965] [info] [YOLO26] ======================================================
[DEBUG] armors=0, targets=0
[2026-09-05 22:41:20.965] [info] [DRYRUN] target=none gimbal_deg=(3.35,1.12) control=false shoot=false
[2026-09-05 22:41:20.968] [info] [PERF] 总耗时=22.6ms (检测=19.0ms, 跟踪=0.0ms), FPS=44.2
[2026-09-05 22:41:20.968] [info] 📊 [CAMERA FPS] 瞬时帧率=44.2fps, 平均帧率=49.0fps, 总帧数=100, 运行时间=2.0s
[2026-09-05 22:41:20.982] [info] [YOLO26][DET] above_0p2=0 after_nms=0 accepted=0 max_conf=0.0058 max_class=3 max_min_kpt=0.0000 refined_color=-1 color_score=0.00 color_source=-1
[DEBUG] armors=0, targets=0
[2026-09-05 22:41:21.001] [info] [YOLO26][DET] above_0p2=0 after_nms=0 accepted=0 max_conf=0.0046 max_class=14 max_min_kpt=0.0000 refined_color=-1 color_score=0.00 color_source=-1
[DEBUG] armors=0, targets=0
[2026-09-05 22:41:21.018] [info] [YOLO26][DET] above_0p2=0 after_nms=0 accepted=0 max_conf=0.0067 max_class=3 max_min_kpt=0.0000 refined_color=-1 color_score=0.00 color_source=-1
[DEBUG] armors=0, targets=0
[2026-09-05 22:41:21.035] [info] [YOLO26][DET] above_0p2=0 after_nms=0 accepted=0 max_conf=0.0096 max_class=3 max_min_kpt=0.0000 refined_color=-1 color_score=0.00 color_source=-1
[DEBUG] armors=0, targets=0
[2026-09-05 22:41:21.055] [info] [YOLO26][DET] above_0p2=0 after_nms=0 accepted=0 max_conf=0.0076 max_class=3 max_min_kpt=0.0000 refined_color=-1 color_score=0.00 color_source=-1
[DEBUG] armors=0, targets=0
[2026-09-05 22:41:21.075] [info] [YOLO26][DET] above_0p2=0 after_nms=0 accepted=0 max_conf=0.0142 max_class=3 max_min_kpt=0.0000 refined_color=-1 color_score=0.00 color_source=-1
[DEBUG] armors=0, targets=0
[2026-09-05 22:41:21.094] [info] [YOLO26][DET] above_0p2=0 after_nms=0 accepted=0 max_conf=0.0079 max_class=3 max_min_kpt=0.0000 refined_color=-1 color_score=0.00 color_source=-1
[DEBUG] armors=0, targets=0
[2026-09-05 22:41:21.112] [info] [YOLO26][DET] above_0p2=0 after_nms=0 accepted=0 max_conf=0.0125 max_class=3 max_min_kpt=0.0000 refined_color=-1 color_score=0.00 color_source=-1
[DEBUG] armors=0, targets=0
[2026-09-05 22:41:21.130] [info] [YOLO26][DET] above_0p2=0 after_nms=0 accepted=0 max_conf=0.0317 max_class=10 max_min_kpt=0.0000 refined_color=-1 color_score=0.00 color_source=-1
[DEBUG] armors=0, targets=0
[2026-09-05 22:41:21.149] [info] [YOLO26][DET] above_0p2=0 after_nms=0 accepted=0 max_conf=0.0095 max_class=3 max_min_kpt=0.0000 refined_color=-1 color_score=0.00 color_source=-1
[DEBUG] armors=0, targets=0
[2026-09-05 22:41:21.168] [info] [YOLO26][DET] above_0p2=0 after_nms=0 accepted=0 max_conf=0.0030 max_class=3 max_min_kpt=0.0000 refined_color=-1 color_score=0.00 color_source=-1
[DEBUG] armors=0, targets=0
[2026-09-05 22:41:21.186] [info] [YOLO26][DET] above_0p2=0 after_nms=0 accepted=0 max_conf=0.0132 max_class=3 max_min_kpt=0.0000 refined_color=-1 color_score=0.00 color_source=-1
[DEBUG] armors=0, targets=0
[2026-09-05 22:41:21.205] [info] [YOLO26][DET] above_0p2=1 after_nms=1 accepted=1 max_conf=0.3352 max_class=11 max_min_kpt=0.9849 refined_color=1 color_score=-76.46 color_source=1
[DEBUG] armors=1, targets=1
[2026-09-05 22:41:21.207] [info] [XUC][YAW] measurement reacquired with continuous slew
[2026-09-05 22:41:21.207] [info] [XUC][PITCH] measurement reacquired with continuous slew
[2026-09-05 22:41:21.207] [info] [XUC][FIRE] stable-window candidate started
[2026-09-05 22:41:21.226] [info] [YOLO26][DET] above_0p2=1 after_nms=1 accepted=1 max_conf=0.2711 max_class=11 max_min_kpt=0.9889 refined_color=1 color_score=-88.29 color_source=1
[DEBUG] armors=1, targets=1
[2026-09-05 22:41:21.245] [info] [YOLO26][DET] above_0p2=0 after_nms=0 accepted=0 max_conf=0.0610 max_class=11 max_min_kpt=0.0000 refined_color=-1 color_score=0.00 color_source=-1
[DEBUG] armors=0, targets=0
[2026-09-05 22:41:21.246] [info] [XUC][FIRE] stable window reset
[2026-09-05 22:41:21.264] [info] [YOLO26][DET] above_0p2=2 after_nms=2 accepted=2 max_conf=0.1526 max_class=11 max_min_kpt=0.9894 refined_color=1 color_score=-87.08 color_source=1
[DEBUG] armors=2, targets=1
[2026-09-05 22:41:21.266] [info] [XUC][FIRE] stable-window candidate started
[2026-09-05 22:41:21.285] [info] [YOLO26][DET] above_0p2=1 after_nms=1 accepted=1 max_conf=0.1369 max_class=11 max_min_kpt=0.9900 refined_color=1 color_score=-86.98 color_source=1
[DEBUG] armors=1, targets=0
[2026-09-05 22:41:21.305] [info] [YOLO26][DET] above_0p2=1 after_nms=1 accepted=1 max_conf=0.1039 max_class=11 max_min_kpt=0.9890 refined_color=1 color_score=-79.05 color_source=1
[DEBUG] armors=1, targets=1
[2026-09-05 22:41:21.324] [info] [YOLO26][DET] above_0p2=0 after_nms=0 accepted=0 max_conf=0.0510 max_class=11 max_min_kpt=0.0000 refined_color=-1 color_score=0.00 color_source=-1
[DEBUG] armors=0, targets=0
[2026-09-05 22:41:21.326] [info] [XUC][FIRE] stable window reset
[2026-09-05 22:41:21.343] [info] [YOLO26][DET] above_0p2=0 after_nms=0 accepted=0 max_conf=0.0415 max_class=11 max_min_kpt=0.0000 refined_color=-1 color_score=0.00 color_source=-1
[DEBUG] armors=0, targets=0
[2026-09-05 22:41:21.346] [info] [DRYRUN] target=none gimbal_deg=(3.35,1.12) control=true shoot=false
[2026-09-05 22:41:21.363] [info] [YOLO26][DET] above_0p2=1 after_nms=1 accepted=1 max_conf=0.2424 max_class=11 max_min_kpt=0.9908 refined_color=1 color_score=-80.03 color_source=1
[DEBUG] armors=1, targets=1
[2026-09-05 22:41:21.365] [info] [XUC][FIRE] stable-window candidate started
[2026-09-05 22:41:21.382] [info] [YOLO26][DET] above_0p2=0 after_nms=0 accepted=0 max_conf=0.0635 max_class=11 max_min_kpt=0.0000 refined_color=-1 color_score=0.00 color_source=-1
[DEBUG] armors=0, targets=0
[2026-09-05 22:41:21.384] [info] [XUC][FIRE] stable window reset
[2026-09-05 22:41:21.401] [info] [YOLO26][DET] above_0p2=0 after_nms=0 accepted=0 max_conf=0.0875 max_class=11 max_min_kpt=0.0000 refined_color=-1 color_score=0.00 color_source=-1
[DEBUG] armors=0, targets=0
[2026-09-05 22:41:21.420] [info] [YOLO26][DET] above_0p2=0 after_nms=0 accepted=0 max_conf=0.0554 max_class=11 max_min_kpt=0.0000 refined_color=-1 color_score=0.00 color_source=-1
[DEBUG] armors=0, targets=0
[2026-09-05 22:41:21.437] [info] [YOLO26][DET] above_0p2=1 after_nms=1 accepted=1 max_conf=0.3150 max_class=11 max_min_kpt=0.9930 refined_color=1 color_score=-88.97 color_source=1
[DEBUG] armors=1, targets=1
[2026-09-05 22:41:21.439] [info] [XUC][FIRE] stable-window candidate started
[2026-09-05 22:41:21.457] [info] [YOLO26][DET] above_0p2=2 after_nms=2 accepted=2 max_conf=0.7211 max_class=11 max_min_kpt=0.9951 refined_color=1 color_score=-103.59 color_source=1
[DEBUG] armors=2, targets=1
[2026-09-05 22:41:21.477] [info] [YOLO26][DET] above_0p2=3 after_nms=3 accepted=3 max_conf=0.7568 max_class=11 max_min_kpt=0.9941 refined_color=1 color_score=-97.49 color_source=1
[DEBUG] armors=3, targets=1
[2026-09-05 22:41:21.498] [info] [YOLO26][DET] above_0p2=2 after_nms=2 accepted=2 max_conf=0.7681 max_class=11 max_min_kpt=0.9867 refined_color=1 color_score=-85.95 color_source=1
[DEBUG] armors=2, targets=1
[2026-09-05 22:41:21.517] [info] [YOLO26][DET] above_0p2=2 after_nms=2 accepted=2 max_conf=0.2911 max_class=11 max_min_kpt=0.9694 refined_color=1 color_score=-67.12 color_source=1
[DEBUG] armors=2, targets=1
[2026-09-05 22:41:21.520] [info] [XUC][FIRE] stable window reset
[2026-09-05 22:41:21.538] [info] [YOLO26][DET] above_0p2=3 after_nms=2 accepted=2 max_conf=0.1531 max_class=8 max_min_kpt=0.9948 refined_color=1 color_score=-66.22 color_source=1
[DEBUG] armors=2, targets=1
[2026-09-05 22:41:21.557] [info] [YOLO26][DET] above_0p2=1 after_nms=1 accepted=1 max_conf=0.1609 max_class=8 max_min_kpt=0.9360 refined_color=1 color_score=-58.24 color_source=1
[DEBUG] armors=1, targets=1
[2026-09-05 22:41:21.576] [info] [YOLO26][DET] above_0p2=0 after_nms=0 accepted=0 max_conf=0.0312 max_class=8 max_min_kpt=0.0000 refined_color=-1 color_score=0.00 color_source=-1
[DEBUG] armors=0, targets=1
[2026-09-05 22:41:21.596] [info] [YOLO26][DET] above_0p2=1 after_nms=1 accepted=1 max_conf=0.2505 max_class=11 max_min_kpt=0.9922 refined_color=1 color_score=-94.30 color_source=1
[DEBUG] armors=1, targets=1
[2026-09-05 22:41:21.614] [info] [YOLO26][DET] above_0p2=0 after_nms=0 accepted=0 max_conf=0.0549 max_class=8 max_min_kpt=0.0000 refined_color=-1 color_score=0.00 color_source=-1
[DEBUG] armors=0, targets=1
[2026-09-05 22:41:21.635] [info] [YOLO26][DET] above_0p2=1 after_nms=1 accepted=1 max_conf=0.1312 max_class=8 max_min_kpt=0.9132 refined_color=1 color_score=-105.07 color_source=1
[DEBUG] armors=1, targets=1
[2026-09-05 22:41:21.652] [info] [YOLO26][DET] above_0p2=0 after_nms=0 accepted=0 max_conf=0.0672 max_class=11 max_min_kpt=0.0000 refined_color=-1 color_score=0.00 color_source=-1
[DEBUG] armors=0, targets=1
[2026-09-05 22:41:21.671] [info] [YOLO26][DET] above_0p2=0 after_nms=0 accepted=0 max_conf=0.0333 max_class=8 max_min_kpt=0.0000 refined_color=-1 color_score=0.00 color_source=-1
[DEBUG] armors=0, targets=1
[2026-09-05 22:41:21.690] [info] [YOLO26][DET] above_0p2=0 after_nms=0 accepted=0 max_conf=0.0347 max_class=8 max_min_kpt=0.0000 refined_color=-1 color_score=0.00 color_source=-1
[DEBUG] armors=0, targets=1
[2026-09-05 22:41:21.709] [info] [YOLO26][DET] above_0p2=1 after_nms=1 accepted=1 max_conf=0.1352 max_class=11 max_min_kpt=0.9918 refined_color=1 color_score=-81.88 color_source=1
[DEBUG] armors=1, targets=1
[2026-09-05 22:41:21.729] [info] [YOLO26][DET] above_0p2=1 after_nms=1 accepted=1 max_conf=0.1016 max_class=8 max_min_kpt=0.9361 refined_color=1 color_score=-85.58 color_source=1
[DEBUG] armors=1, targets=1
[2026-09-05 22:41:21.730] [info] [DRYRUN] measured_gimbal=(3.542,0.346,0.111) measured_world=(3.517,0.552,0.042) tracked_world=(3.539,0.568,0.042) target_gimbal_deg=(5.57,1.79) target_world_deg=(8.91,0.67) gimbal_deg=(3.35,1.12) armor_y_px=503.2 pixel_error_deg=(-4.85,-0.90) ballistic=(range=nanm holdover=0.000m comp=0.00deg residual=-0.90deg) q_wxyz=(0.999526,0.000286,0.009793,-0.029187) cmd_deg=(9.44,-0.39) packed_pitch_deg=-0.39 control=true shoot=false
[2026-09-05 22:41:21.749] [info] [YOLO26][DET] above_0p2=1 after_nms=1 accepted=1 max_conf=0.1983 max_class=8 max_min_kpt=0.9485 refined_color=1 color_score=-81.43 color_source=1
[DEBUG] armors=1, targets=1
[2026-09-05 22:41:21.769] [info] [YOLO26][DET] above_0p2=1 after_nms=1 accepted=1 max_conf=0.2281 max_class=8 max_min_kpt=0.9521 refined_color=1 color_score=-69.59 color_source=1
[DEBUG] armors=1, targets=1
[2026-09-05 22:41:21.788] [info] [YOLO26][DET] above_0p2=1 after_nms=1 accepted=1 max_conf=0.1346 max_class=8 max_min_kpt=0.9556 refined_color=1 color_score=-79.81 color_source=1
[DEBUG] armors=1, targets=1
[2026-09-05 22:41:21.807] [info] [YOLO26][DET] above_0p2=0 after_nms=0 accepted=0 max_conf=0.0552 max_class=8 max_min_kpt=0.0000 refined_color=-1 color_score=0.00 color_source=-1
[DEBUG] armors=0, targets=1
[2026-09-05 22:41:21.827] [info] [YOLO26][DET] above_0p2=1 after_nms=1 accepted=1 max_conf=0.1522 max_class=8 max_min_kpt=0.9250 refined_color=1 color_score=-79.52 color_source=1
[DEBUG] armors=1, targets=1
[2026-09-05 22:41:21.847] [info] [YOLO26][DET] above_0p2=1 after_nms=1 accepted=1 max_conf=0.1386 max_class=8 max_min_kpt=0.9207 refined_color=1 color_score=-77.78 color_source=1
[DEBUG] armors=1, targets=1
[2026-09-05 22:41:21.868] [info] [YOLO26][DET] above_0p2=1 after_nms=1 accepted=1 max_conf=0.2805 max_class=8 max_min_kpt=0.9405 refined_color=1 color_score=-67.30 color_source=1
[DEBUG] armors=1, targets=1
[2026-09-05 22:41:21.886] [info] [YOLO26][DET] above_0p2=1 after_nms=1 accepted=1 max_conf=0.1279 max_class=8 max_min_kpt=0.9147 refined_color=1 color_score=-63.84 color_source=1
[DEBUG] armors=1, targets=1
[2026-09-05 22:41:21.904] [info] [YOLO26][DET] above_0p2=1 after_nms=1 accepted=1 max_conf=0.1094 max_class=8 max_min_kpt=0.9233 refined_color=1 color_score=-66.14 color_source=1
[DEBUG] armors=1, targets=1
[2026-09-05 22:41:21.910] [info] [SYNC][XUC] mode=0 yaw=-3.35 deg pitch=1.12 deg feeder_rpm=0.00 wheel0_rpm=0 wheel1_rpm=0 wheel_delta=0 projectile_speed=19.36 gate=0x1E switch=0 rc=1 sticks=1 imu=1 serial=1 control=0 yaw_armed=0 pitch_active=0
[2026-09-05 22:41:21.925] [info] [YOLO26][DET] above_0p2=1 after_nms=1 accepted=1 max_conf=0.1194 max_class=8 max_min_kpt=0.9256 refined_color=1 color_score=-89.66 color_source=1
[2026-09-05 22:41:21.929] [info] [YOLO26] ==================== Performance ====================
[2026-09-05 22:41:21.929] [info] [YOLO26] Preprocess:  1.079 ms (5.8%)
[2026-09-05 22:41:21.929] [info] [YOLO26] Inference:   13.010 ms (69.8%)
[2026-09-05 22:41:21.929] [info] [YOLO26] Postprocess: 4.549 ms (24.4%)
[2026-09-05 22:41:21.929] [info] [YOLO26] Total:       18.639 ms (53.7 FPS)
[2026-09-05 22:41:21.929] [info] [YOLO26] ======================================================
[DEBUG] armors=1, targets=1
[2026-09-05 22:41:21.932] [info] [PERF] 总耗时=21.4ms (检测=18.7ms, 跟踪=0.0ms), FPS=46.8
[2026-09-05 22:41:21.932] [info] 📊 [CAMERA FPS] 瞬时帧率=46.7fps, 平均帧率=49.9fps, 总帧数=150, 运行时间=3.0s
[2026-09-05 22:41:21.947] [info] [YOLO26][DET] above_0p2=1 after_nms=1 accepted=1 max_conf=0.1910 max_class=8 max_min_kpt=0.9353 refined_color=1 color_score=-80.78 color_source=1
[DEBUG] armors=1, targets=1
[2026-09-05 22:41:21.967] [info] [YOLO26][DET] above_0p2=2 after_nms=1 accepted=1 max_conf=0.1192 max_class=8 max_min_kpt=0.9918 refined_color=1 color_score=-66.34 color_source=1
[DEBUG] armors=1, targets=1
[2026-09-05 22:41:21.987] [info] [YOLO26][DET] above_0p2=1 after_nms=1 accepted=1 max_conf=0.2117 max_class=8 max_min_kpt=0.9396 refined_color=1 color_score=-83.51 color_source=1
[DEBUG] armors=1, targets=1
[2026-09-05 22:41:22.006] [info] [YOLO26][DET] above_0p2=1 after_nms=1 accepted=1 max_conf=0.1673 max_class=8 max_min_kpt=0.9490 refined_color=1 color_score=-56.33 color_source=1
[DEBUG] armors=1, targets=1
[2026-09-05 22:41:22.026] [info] [YOLO26][DET] above_0p2=2 after_nms=1 accepted=1 max_conf=0.1605 max_class=11 max_min_kpt=0.9878 refined_color=1 color_score=-79.45 color_source=1
[DEBUG] armors=1, targets=1
[2026-09-05 22:41:22.045] [info] [YOLO26][DET] above_0p2=0 after_nms=0 accepted=0 max_conf=0.0783 max_class=8 max_min_kpt=0.0000 refined_color=-1 color_score=0.00 color_source=-1
[DEBUG] armors=0, targets=1
[2026-09-05 22:41:22.061] [info] [YOLO26][DET] above_0p2=0 after_nms=0 accepted=0 max_conf=0.0913 max_class=8 max_min_kpt=0.0000 refined_color=-1 color_score=0.00 color_source=-1
[DEBUG] armors=0, targets=1
[2026-09-05 22:41:22.081] [info] [YOLO26][DET] above_0p2=0 after_nms=0 accepted=0 max_conf=0.0756 max_class=11 max_min_kpt=0.0000 refined_color=-1 color_score=0.00 color_source=-1
[DEBUG] armors=0, targets=1
[2026-09-05 22:41:22.100] [info] [YOLO26][DET] above_0p2=0 after_nms=0 accepted=0 max_conf=0.0812 max_class=10 max_min_kpt=0.0000 refined_color=-1 color_score=0.00 color_source=-1
[DEBUG] armors=0, targets=1
[2026-09-05 22:41:22.119] [info] [YOLO26][DET] above_0p2=1 after_nms=1 accepted=1 max_conf=0.2396 max_class=11 max_min_kpt=0.9955 refined_color=1 color_score=-99.33 color_source=1
[DEBUG] armors=1, targets=1
[2026-09-05 22:41:22.121] [info] [DRYRUN] measured_gimbal=(3.574,0.563,0.114) measured_world=(3.536,0.771,0.044) tracked_world=(3.520,0.764,0.044) target_gimbal_deg=(8.96,1.80) target_world_deg=(12.30,0.69) gimbal_deg=(3.35,1.12) armor_y_px=500.6 pixel_error_deg=(-8.08,-0.97) ballistic=(range=nanm holdover=0.000m comp=0.00deg residual=-0.97deg) q_wxyz=(0.999526,0.000286,0.009793,-0.029187) cmd_deg=(4.51,-0.45) packed_pitch_deg=-0.45 control=true shoot=false
[2026-09-05 22:41:22.138] [info] [YOLO26][DET] above_0p2=4 after_nms=2 accepted=2 max_conf=0.2127 max_class=11 max_min_kpt=0.9888 refined_color=1 color_score=-100.47 color_source=1
[DEBUG] armors=2, targets=1
[2026-09-05 22:41:22.158] [info] [YOLO26][DET] above_0p2=1 after_nms=1 accepted=1 max_conf=0.1076 max_class=8 max_min_kpt=0.9484 refined_color=1 color_score=-87.77 color_source=1
[DEBUG] armors=1, targets=1
[2026-09-05 22:41:22.177] [info] [YOLO26][DET] above_0p2=3 after_nms=2 accepted=2 max_conf=0.2962 max_class=11 max_min_kpt=0.9955 refined_color=1 color_score=-87.07 color_source=1
[DEBUG] armors=2, targets=1
[2026-09-05 22:41:22.198] [info] [YOLO26][DET] above_0p2=1 after_nms=1 accepted=1 max_conf=0.4224 max_class=11 max_min_kpt=0.9873 refined_color=1 color_score=-87.95 color_source=1
[DEBUG] armors=1, targets=1
[2026-09-05 22:41:22.200] [info] [XUC][FIRE] stable-window candidate started
[2026-09-05 22:41:22.218] [info] [YOLO26][DET] above_0p2=1 after_nms=1 accepted=1 max_conf=0.1488 max_class=11 max_min_kpt=0.9837 refined_color=1 color_score=-83.67 color_source=1
[DEBUG] armors=1, targets=1
[2026-09-05 22:41:22.238] [info] [YOLO26][DET] above_0p2=2 after_nms=2 accepted=2 max_conf=0.2045 max_class=11 max_min_kpt=0.9860 refined_color=1 color_score=-86.55 color_source=1
[DEBUG] armors=2, targets=1
[2026-09-05 22:41:22.258] [info] [YOLO26][DET] above_0p2=2 after_nms=2 accepted=2 max_conf=0.6419 max_class=11 max_min_kpt=0.9908 refined_color=1 color_score=-84.04 color_source=1
[DEBUG] armors=2, targets=1
[2026-09-05 22:41:22.280] [info] [YOLO26][DET] above_0p2=2 after_nms=2 accepted=2 max_conf=0.3562 max_class=11 max_min_kpt=0.9908 refined_color=1 color_score=-84.06 color_source=1
[DEBUG] armors=2, targets=1
[2026-09-05 22:41:22.299] [info] [YOLO26][DET] above_0p2=2 after_nms=2 accepted=2 max_conf=0.1511 max_class=11 max_min_kpt=0.9883 refined_color=1 color_score=-83.77 color_source=1
[DEBUG] armors=2, targets=1
[2026-09-05 22:41:22.319] [info] [YOLO26][DET] above_0p2=2 after_nms=2 accepted=2 max_conf=0.4266 max_class=11 max_min_kpt=0.9919 refined_color=1 color_score=-93.56 color_source=1
[DEBUG] armors=2, targets=1
[2026-09-05 22:41:22.338] [info] [YOLO26][DET] above_0p2=2 after_nms=2 accepted=2 max_conf=0.6454 max_class=11 max_min_kpt=0.9930 refined_color=1 color_score=-89.63 color_source=1
[DEBUG] armors=2, targets=1
[2026-09-05 22:41:22.356] [info] [YOLO26][DET] above_0p2=2 after_nms=2 accepted=2 max_conf=0.7999 max_class=11 max_min_kpt=0.9951 refined_color=1 color_score=-89.42 color_source=1
[DEBUG] armors=2, targets=1
[2026-09-05 22:41:22.377] [info] [YOLO26][DET] above_0p2=2 after_nms=2 accepted=2 max_conf=0.6883 max_class=11 max_min_kpt=0.9932 refined_color=1 color_score=-88.33 color_source=1
[DEBUG] armors=2, targets=1
[2026-09-05 22:41:22.398] [info] [YOLO26][DET] above_0p2=1 after_nms=1 accepted=1 max_conf=0.5054 max_class=11 max_min_kpt=0.9908 refined_color=1 color_score=-87.50 color_source=1
[DEBUG] armors=1, targets=1
[2026-09-05 22:41:22.400] [info] [XUC][FIRE] stable window reset
[2026-09-05 22:41:22.417] [info] [YOLO26][DET] above_0p2=3 after_nms=2 accepted=2 max_conf=0.6943 max_class=11 max_min_kpt=0.9959 refined_color=1 color_score=-89.43 color_source=1
[DEBUG] armors=2, targets=1
[2026-09-05 22:41:22.437] [info] [YOLO26][DET] above_0p2=1 after_nms=1 accepted=1 max_conf=0.3648 max_class=11 max_min_kpt=0.9941 refined_color=1 color_score=-91.63 color_source=1
[DEBUG] armors=1, targets=1
[2026-09-05 22:41:22.457] [info] [YOLO26][DET] above_0p2=2 after_nms=1 accepted=1 max_conf=0.1340 max_class=8 max_min_kpt=0.9919 refined_color=1 color_score=-81.05 color_source=1
[DEBUG] armors=1, targets=1
[2026-09-05 22:41:22.477] [info] [YOLO26][DET] above_0p2=1 after_nms=1 accepted=1 max_conf=0.5512 max_class=11 max_min_kpt=0.9962 refined_color=1 color_score=-91.74 color_source=1
[DEBUG] armors=1, targets=1
[2026-09-05 22:41:22.497] [info] [YOLO26][DET] above_0p2=1 after_nms=1 accepted=1 max_conf=0.2419 max_class=11 max_min_kpt=0.9922 refined_color=1 color_score=-91.22 color_source=1
[DEBUG] armors=1, targets=1
[2026-09-05 22:41:22.517] [info] [YOLO26][DET] above_0p2=1 after_nms=1 accepted=1 max_conf=0.1440 max_class=8 max_min_kpt=0.9181 refined_color=1 color_score=-93.86 color_source=1
[DEBUG] armors=1, targets=1
[2026-09-05 22:41:22.520] [info] [DRYRUN] measured_gimbal=(3.633,0.298,0.112) measured_world=(3.611,0.510,0.041) tracked_world=(3.742,0.948,0.042) target_gimbal_deg=(4.70,1.77) target_world_deg=(8.04,0.65) gimbal_deg=(3.35,1.12) armor_y_px=501.9 pixel_error_deg=(-4.00,-0.93) ballistic=(range=nanm holdover=0.000m comp=0.00deg residual=-0.93deg) q_wxyz=(0.999526,0.000286,0.009793,-0.029187) cmd_deg=(8.82,-0.42) packed_pitch_deg=-0.42 control=true shoot=false
[2026-09-05 22:41:22.536] [info] [YOLO26][DET] above_0p2=1 after_nms=1 accepted=1 max_conf=0.1641 max_class=8 max_min_kpt=0.9298 refined_color=1 color_score=-92.30 color_source=1
[DEBUG] armors=1, targets=1
[2026-09-05 22:41:22.554] [info] [YOLO26][DET] above_0p2=1 after_nms=1 accepted=1 max_conf=0.1009 max_class=8 max_min_kpt=0.8977 refined_color=1 color_score=-82.11 color_source=1
[DEBUG] armors=1, targets=1
[2026-09-05 22:41:22.573] [info] [YOLO26][DET] above_0p2=0 after_nms=0 accepted=0 max_conf=0.0468 max_class=11 max_min_kpt=0.0000 refined_color=-1 color_score=0.00 color_source=-1
[DEBUG] armors=0, targets=1
[2026-09-05 22:41:22.593] [info] [YOLO26][DET] above_0p2=0 after_nms=0 accepted=0 max_conf=0.0723 max_class=11 max_min_kpt=0.0000 refined_color=-1 color_score=0.00 color_source=-1
[DEBUG] armors=0, targets=1
[2026-09-05 22:41:22.610] [info] [YOLO26][DET] above_0p2=0 after_nms=0 accepted=0 max_conf=0.0422 max_class=8 max_min_kpt=0.0000 refined_color=-1 color_score=0.00 color_source=-1
[DEBUG] armors=0, targets=1
[2026-09-05 22:41:22.628] [info] [YOLO26][DET] above_0p2=1 after_nms=1 accepted=1 max_conf=0.1120 max_class=8 max_min_kpt=0.9459 refined_color=1 color_score=-94.61 color_source=1
[DEBUG] armors=1, targets=1
[2026-09-05 22:41:22.647] [info] [YOLO26][DET] above_0p2=1 after_nms=1 accepted=1 max_conf=0.1603 max_class=8 max_min_kpt=0.9419 refined_color=1 color_score=-77.87 color_source=1
[DEBUG] armors=1, targets=1
[2026-09-05 22:41:22.666] [info] [YOLO26][DET] above_0p2=1 after_nms=1 accepted=1 max_conf=0.1342 max_class=8 max_min_kpt=0.9526 refined_color=1 color_score=-93.38 color_source=1
[DEBUG] armors=1, targets=1
[2026-09-05 22:41:22.684] [info] [YOLO26][DET] above_0p2=0 after_nms=0 accepted=0 max_conf=0.0262 max_class=8 max_min_kpt=0.0000 refined_color=-1 color_score=0.00 color_source=-1
[DEBUG] armors=0, targets=1
[2026-09-05 22:41:22.704] [info] [YOLO26][DET] above_0p2=0 after_nms=0 accepted=0 max_conf=0.0758 max_class=8 max_min_kpt=0.0000 refined_color=-1 color_score=0.00 color_source=-1
[DEBUG] armors=0, targets=1
[2026-09-05 22:41:22.723] [info] [YOLO26][DET] above_0p2=1 after_nms=1 accepted=1 max_conf=0.1408 max_class=8 max_min_kpt=0.9329 refined_color=1 color_score=-88.61 color_source=1
[DEBUG] armors=1, targets=1
[2026-09-05 22:41:22.743] [info] [YOLO26][DET] above_0p2=1 after_nms=1 accepted=1 max_conf=0.1990 max_class=8 max_min_kpt=0.9277 refined_color=1 color_score=-94.90 color_source=1
[DEBUG] armors=1, targets=1
[2026-09-05 22:41:22.762] [info] [YOLO26][DET] above_0p2=1 after_nms=1 accepted=1 max_conf=0.1031 max_class=8 max_min_kpt=0.9210 refined_color=1 color_score=-80.61 color_source=1
[DEBUG] armors=1, targets=1
[2026-09-05 22:41:22.782] [info] [YOLO26][DET] above_0p2=1 after_nms=1 accepted=1 max_conf=0.1018 max_class=11 max_min_kpt=0.9973 refined_color=1 color_score=-88.55 color_source=1
[DEBUG] armors=1, targets=1
[2026-09-05 22:41:22.801] [info] [YOLO26][DET] above_0p2=2 after_nms=1 accepted=1 max_conf=0.4522 max_class=11 max_min_kpt=0.9901 refined_color=1 color_score=-91.83 color_source=1
[DEBUG] armors=1, targets=1
[2026-09-05 22:41:22.822] [info] [YOLO26][DET] above_0p2=1 after_nms=1 accepted=1 max_conf=0.1048 max_class=8 max_min_kpt=0.9308 refined_color=1 color_score=-98.11 color_source=1
[DEBUG] armors=1, targets=1
[2026-09-05 22:41:22.843] [info] [YOLO26][DET] above_0p2=2 after_nms=1 accepted=1 max_conf=0.2330 max_class=11 max_min_kpt=0.9949 refined_color=1 color_score=-96.13 color_source=1
[DEBUG] armors=1, targets=1
[2026-09-05 22:41:22.864] [info] [YOLO26][DET] above_0p2=1 after_nms=1 accepted=1 max_conf=0.1347 max_class=8 max_min_kpt=0.9465 refined_color=1 color_score=-92.03 color_source=1
[DEBUG] armors=1, targets=1
[2026-09-05 22:41:22.884] [info] [YOLO26][DET] above_0p2=1 after_nms=1 accepted=1 max_conf=0.1860 max_class=8 max_min_kpt=0.9504 refined_color=1 color_score=-78.04 color_source=1
[DEBUG] armors=1, targets=1
[2026-09-05 22:41:22.888] [info] [SYNC][XUC] mode=0 yaw=-3.35 deg pitch=1.12 deg feeder_rpm=0.00 wheel0_rpm=0 wheel1_rpm=0 wheel_delta=0 projectile_speed=19.36 gate=0x1E switch=0 rc=1 sticks=1 imu=1 serial=1 control=0 yaw_armed=0 pitch_active=0
[2026-09-05 22:41:22.904] [info] [YOLO26][DET] above_0p2=1 after_nms=1 accepted=1 max_conf=0.3165 max_class=11 max_min_kpt=0.9919 refined_color=1 color_score=-99.01 color_source=1
[2026-09-05 22:41:22.908] [info] [YOLO26] ==================== Performance ====================
[2026-09-05 22:41:22.908] [info] [YOLO26] Preprocess:  1.511 ms (7.7%)
[2026-09-05 22:41:22.908] [info] [YOLO26] Inference:   13.901 ms (71.3%)
[2026-09-05 22:41:22.908] [info] [YOLO26] Postprocess: 4.090 ms (21.0%)
[2026-09-05 22:41:22.908] [info] [YOLO26] Total:       19.503 ms (51.3 FPS)
[2026-09-05 22:41:22.908] [info] [YOLO26] ======================================================
[DEBUG] armors=1, targets=1
[2026-09-05 22:41:22.908] [info] [DRYRUN] measured_gimbal=(3.535,0.505,0.114) measured_world=(3.501,0.711,0.044) tracked_world=(3.888,0.979,0.046) target_gimbal_deg=(8.14,1.82) target_world_deg=(11.48,0.71) gimbal_deg=(3.35,1.12) armor_y_px=500.3 pixel_error_deg=(-7.27,-0.97) ballistic=(range=nanm holdover=0.000m comp=0.00deg residual=-0.97deg) q_wxyz=(0.999526,0.000286,0.009793,-0.029187) cmd_deg=(11.59,-0.46) packed_pitch_deg=-0.46 control=true shoot=false
[2026-09-05 22:41:22.911] [info] [PERF] 总耗时=23.2ms (检测=19.5ms, 跟踪=0.5ms), FPS=43.2
[2026-09-05 22:41:22.911] [info] 📊 [CAMERA FPS] 瞬时帧率=43.1fps, 平均帧率=50.2fps, 总帧数=200, 运行时间=4.0s
[2026-09-05 22:41:22.926] [info] [YOLO26][DET] above_0p2=1 after_nms=1 accepted=1 max_conf=0.2551 max_class=11 max_min_kpt=0.9866 refined_color=1 color_score=-86.50 color_source=1
[DEBUG] armors=1, targets=1
[2026-09-05 22:41:22.946] [info] [YOLO26][DET] above_0p2=1 after_nms=1 accepted=1 max_conf=0.1140 max_class=11 max_min_kpt=0.9820 refined_color=1 color_score=-76.45 color_source=1
[DEBUG] armors=1, targets=1
[2026-09-05 22:41:22.948] [info] [XUC][FIRE] stable-window candidate started
[2026-09-05 22:41:22.966] [info] [YOLO26][DET] above_0p2=2 after_nms=2 accepted=2 max_conf=0.3411 max_class=11 max_min_kpt=0.9903 refined_color=1 color_score=-94.72 color_source=1
[DEBUG] armors=2, targets=1
[2026-09-05 22:41:22.969] [info] [XUC][FIRE] stable window reset
[2026-09-05 22:41:22.986] [info] [YOLO26][DET] above_0p2=2 after_nms=2 accepted=2 max_conf=0.4706 max_class=11 max_min_kpt=0.9846 refined_color=1 color_score=-85.79 color_source=1
[DEBUG] armors=2, targets=1
[2026-09-05 22:41:23.004] [info] [YOLO26][DET] above_0p2=2 after_nms=2 accepted=2 max_conf=0.7723 max_class=11 max_min_kpt=0.9963 refined_color=1 color_score=-97.01 color_source=1
[DEBUG] armors=2, targets=1
[2026-09-05 22:41:23.024] [info] [YOLO26][DET] above_0p2=2 after_nms=2 accepted=2 max_conf=0.6872 max_class=11 max_min_kpt=0.9931 refined_color=1 color_score=-79.44 color_source=1
[DEBUG] armors=2, targets=1
[2026-09-05 22:41:23.043] [info] [YOLO26][DET] above_0p2=2 after_nms=2 accepted=2 max_conf=0.3101 max_class=11 max_min_kpt=0.9848 refined_color=1 color_score=-83.11 color_source=1
[DEBUG] armors=2, targets=1
[2026-09-05 22:41:23.063] [info] [YOLO26][DET] above_0p2=2 after_nms=2 accepted=2 max_conf=0.5495 max_class=11 max_min_kpt=0.9886 refined_color=1 color_score=-82.04 color_source=1
[DEBUG] armors=2, targets=1
[2026-09-05 22:41:23.083] [info] [YOLO26][DET] above_0p2=2 after_nms=2 accepted=2 max_conf=0.4572 max_class=11 max_min_kpt=0.9928 refined_color=1 color_score=-85.89 color_source=1
[DEBUG] armors=2, targets=1
[2026-09-05 22:41:23.102] [info] [YOLO26][DET] above_0p2=2 after_nms=2 accepted=2 max_conf=0.1290 max_class=11 max_min_kpt=0.9896 refined_color=1 color_score=-90.74 color_source=1
[DEBUG] armors=2, targets=1
[2026-09-05 22:41:23.122] [info] [YOLO26][DET] above_0p2=1 after_nms=1 accepted=1 max_conf=0.2479 max_class=11 max_min_kpt=0.9865 refined_color=1 color_score=-78.27 color_source=1
[DEBUG] armors=1, targets=1
[2026-09-05 22:41:23.124] [info] [XUC][FIRE] stable-window candidate started
[2026-09-05 22:41:23.142] [info] [YOLO26][DET] above_0p2=1 after_nms=1 accepted=1 max_conf=0.2393 max_class=11 max_min_kpt=0.9945 refined_color=1 color_score=-83.83 color_source=1
[DEBUG] armors=1, targets=1
[2026-09-05 22:41:23.144] [info] [XUC][FIRE] stable window reset
[2026-09-05 22:41:23.161] [info] [YOLO26][DET] above_0p2=2 after_nms=2 accepted=2 max_conf=0.4393 max_class=11 max_min_kpt=0.9875 refined_color=1 color_score=-89.60 color_source=1
[DEBUG] armors=2, targets=1
[2026-09-05 22:41:23.182] [info] [YOLO26][DET] above_0p2=2 after_nms=1 accepted=1 max_conf=0.3819 max_class=11 max_min_kpt=0.9909 refined_color=1 color_score=-93.78 color_source=1
[DEBUG] armors=1, targets=1
[2026-09-05 22:41:23.184] [info] [XUC][FIRE] stable-window candidate started
[2026-09-05 22:41:23.202] [info] [YOLO26][DET] above_0p2=2 after_nms=2 accepted=2 max_conf=0.5466 max_class=11 max_min_kpt=0.9943 refined_color=1 color_score=-93.77 color_source=1
[DEBUG] armors=2, targets=1
[2026-09-05 22:41:23.221] [info] [YOLO26][DET] above_0p2=3 after_nms=2 accepted=2 max_conf=0.3070 max_class=11 max_min_kpt=0.9878 refined_color=1 color_score=-91.99 color_source=1
[DEBUG] armors=2, targets=1
[2026-09-05 22:41:23.240] [info] [YOLO26][DET] above_0p2=3 after_nms=2 accepted=2 max_conf=0.1731 max_class=11 max_min_kpt=0.9881 refined_color=1 color_score=-89.74 color_source=1
[DEBUG] armors=2, targets=1
[2026-09-05 22:41:23.242] [info] [XUC][FIRE] stable window reset
[2026-09-05 22:41:23.260] [info] [YOLO26][DET] above_0p2=3 after_nms=2 accepted=2 max_conf=0.4865 max_class=11 max_min_kpt=0.9909 refined_color=1 color_score=-88.11 color_source=1
[DEBUG] armors=2, targets=1
[2026-09-05 22:41:23.279] [info] [YOLO26][DET] above_0p2=3 after_nms=2 accepted=2 max_conf=0.4034 max_class=11 max_min_kpt=0.9948 refined_color=1 color_score=-87.88 color_source=1
[DEBUG] armors=2, targets=1
[2026-09-05 22:41:23.297] [info] [YOLO26][DET] above_0p2=2 after_nms=1 accepted=1 max_conf=0.4199 max_class=11 max_min_kpt=0.9887 refined_color=1 color_score=-98.15 color_source=1
[DEBUG] armors=1, targets=1
[2026-09-05 22:41:23.300] [info] [DRYRUN] measured_gimbal=(3.601,0.272,0.115) measured_world=(3.580,0.482,0.045) tracked_world=(4.086,0.845,0.045) target_gimbal_deg=(4.33,1.83) target_world_deg=(7.67,0.71) gimbal_deg=(3.35,1.12) armor_y_px=499.6 pixel_error_deg=(-3.46,-0.99) ballistic=(range=nanm holdover=0.000m comp=0.00deg residual=-0.99deg) q_wxyz=(0.999526,0.000286,0.009793,-0.029187) cmd_deg=(8.23,-0.51) packed_pitch_deg=-0.51 control=true shoot=false
[2026-09-05 22:41:23.317] [info] [YOLO26][DET] above_0p2=0 after_nms=0 accepted=0 max_conf=0.0960 max_class=11 max_min_kpt=0.0000 refined_color=-1 color_score=0.00 color_source=-1
[DEBUG] armors=0, targets=1
[2026-09-05 22:41:23.335] [info] [YOLO26][DET] above_0p2=1 after_nms=1 accepted=1 max_conf=0.1998 max_class=11 max_min_kpt=0.9947 refined_color=1 color_score=-89.47 color_source=1
[DEBUG] armors=1, targets=1
[2026-09-05 22:41:23.352] [info] [YOLO26][DET] above_0p2=1 after_nms=1 accepted=1 max_conf=0.2209 max_class=11 max_min_kpt=0.9869 refined_color=1 color_score=-92.79 color_source=1
[DEBUG] armors=1, targets=1
[2026-09-05 22:41:23.372] [info] [YOLO26][DET] above_0p2=0 after_nms=0 accepted=0 max_conf=0.0315 max_class=8 max_min_kpt=0.0000 refined_color=-1 color_score=0.00 color_source=-1
[DEBUG] armors=0, targets=1
[2026-09-05 22:41:23.392] [info] [YOLO26][DET] above_0p2=1 after_nms=1 accepted=1 max_conf=0.1386 max_class=8 max_min_kpt=0.9218 refined_color=1 color_score=-81.07 color_source=1
[DEBUG] armors=1, targets=1
[2026-09-05 22:41:23.412] [info] [YOLO26][DET] above_0p2=1 after_nms=1 accepted=1 max_conf=0.2177 max_class=11 max_min_kpt=0.9895 refined_color=1 color_score=-88.13 color_source=1
[DEBUG] armors=1, targets=1
[2026-09-05 22:41:23.433] [info] [YOLO26][DET] above_0p2=0 after_nms=0 accepted=0 max_conf=0.0399 max_class=8 max_min_kpt=0.0000 refined_color=-1 color_score=0.00 color_source=-1
[DEBUG] armors=0, targets=1
[2026-09-05 22:41:23.452] [info] [YOLO26][DET] above_0p2=0 after_nms=0 accepted=0 max_conf=0.0282 max_class=8 max_min_kpt=0.0000 refined_color=-1 color_score=0.00 color_source=-1
[DEBUG] armors=0, targets=1
[2026-09-05 22:41:23.472] [info] [YOLO26][DET] above_0p2=1 after_nms=1 accepted=1 max_conf=0.1422 max_class=11 max_min_kpt=0.9882 refined_color=1 color_score=-90.16 color_source=1
[DEBUG] armors=1, targets=1
[2026-09-05 22:41:23.492] [info] [YOLO26][DET] above_0p2=0 after_nms=0 accepted=0 max_conf=0.0765 max_class=8 max_min_kpt=0.0000 refined_color=-1 color_score=0.00 color_source=-1
[DEBUG] armors=0, targets=1
[2026-09-05 22:41:23.512] [info] [YOLO26][DET] above_0p2=1 after_nms=1 accepted=1 max_conf=0.1131 max_class=8 max_min_kpt=0.9348 refined_color=1 color_score=-79.20 color_source=1
[DEBUG] armors=1, targets=1
[2026-09-05 22:41:23.530] [info] [YOLO26][DET] above_0p2=1 after_nms=1 accepted=1 max_conf=0.2450 max_class=8 max_min_kpt=0.9476 refined_color=1 color_score=-64.69 color_source=1
[DEBUG] armors=1, targets=1
[2026-09-05 22:41:23.550] [info] [YOLO26][DET] above_0p2=1 after_nms=1 accepted=1 max_conf=0.1379 max_class=8 max_min_kpt=0.9488 refined_color=1 color_score=-82.54 color_source=1
[DEBUG] armors=1, targets=1
[2026-09-05 22:41:23.571] [info] [YOLO26][DET] above_0p2=0 after_nms=0 accepted=0 max_conf=0.0360 max_class=8 max_min_kpt=0.0000 refined_color=-1 color_score=0.00 color_source=-1
[DEBUG] armors=0, targets=1
[2026-09-05 22:41:23.590] [info] [YOLO26][DET] above_0p2=0 after_nms=0 accepted=0 max_conf=0.0631 max_class=8 max_min_kpt=0.0000 refined_color=-1 color_score=0.00 color_source=-1
[DEBUG] armors=0, targets=1
[2026-09-05 22:41:23.610] [info] [YOLO26][DET] above_0p2=1 after_nms=1 accepted=1 max_conf=0.1604 max_class=8 max_min_kpt=0.9227 refined_color=1 color_score=-56.73 color_source=1
[DEBUG] armors=1, targets=1
[2026-09-05 22:41:23.629] [info] [YOLO26][DET] above_0p2=1 after_nms=1 accepted=1 max_conf=0.2018 max_class=8 max_min_kpt=0.9393 refined_color=1 color_score=-85.63 color_source=1
[DEBUG] armors=1, targets=1
[2026-09-05 22:41:23.649] [info] [YOLO26][DET] above_0p2=1 after_nms=1 accepted=1 max_conf=0.2240 max_class=8 max_min_kpt=0.9353 refined_color=1 color_score=-71.75 color_source=1
[DEBUG] armors=1, targets=1
[2026-09-05 22:41:23.669] [info] [YOLO26][DET] above_0p2=1 after_nms=1 accepted=1 max_conf=0.1274 max_class=8 max_min_kpt=0.9197 refined_color=1 color_score=-82.90 color_source=1
[DEBUG] armors=1, targets=1
[2026-09-05 22:41:23.689] [info] [YOLO26][DET] above_0p2=0 after_nms=0 accepted=0 max_conf=0.0822 max_class=8 max_min_kpt=0.0000 refined_color=-1 color_score=0.00 color_source=-1
[DEBUG] armors=0, targets=1
[2026-09-05 22:41:23.708] [info] [YOLO26][DET] above_0p2=1 after_nms=1 accepted=1 max_conf=0.1275 max_class=8 max_min_kpt=0.9315 refined_color=1 color_score=-90.56 color_source=1
[DEBUG] armors=1, targets=1
[2026-09-05 22:41:23.728] [info] [YOLO26][DET] above_0p2=1 after_nms=1 accepted=1 max_conf=0.1642 max_class=11 max_min_kpt=0.9934 refined_color=1 color_score=-90.92 color_source=1
[DEBUG] armors=1, targets=1
[2026-09-05 22:41:23.746] [info] [YOLO26][DET] above_0p2=1 after_nms=1 accepted=1 max_conf=0.1807 max_class=8 max_min_kpt=0.9384 refined_color=1 color_score=-74.43 color_source=1
[DEBUG] armors=1, targets=1
[2026-09-05 22:41:23.767] [info] [YOLO26][DET] above_0p2=1 after_nms=1 accepted=1 max_conf=0.1361 max_class=8 max_min_kpt=0.9459 refined_color=1 color_score=-71.13 color_source=1
[DEBUG] armors=1, targets=1
[2026-09-05 22:41:23.786] [info] [YOLO26][DET] above_0p2=2 after_nms=1 accepted=1 max_conf=0.1551 max_class=8 max_min_kpt=0.9959 refined_color=1 color_score=-71.68 color_source=1
[DEBUG] armors=1, targets=1
[2026-09-05 22:41:23.804] [info] [YOLO26][DET] above_0p2=1 after_nms=1 accepted=1 max_conf=0.2353 max_class=11 max_min_kpt=0.9874 refined_color=1 color_score=-93.61 color_source=1
[DEBUG] armors=1, targets=1
[2026-09-05 22:41:23.824] [info] [YOLO26][DET] above_0p2=1 after_nms=1 accepted=1 max_conf=0.1269 max_class=11 max_min_kpt=0.9803 refined_color=1 color_score=-97.37 color_source=1
[DEBUG] armors=1, targets=1
[2026-09-05 22:41:23.845] [info] [YOLO26][DET] above_0p2=1 after_nms=1 accepted=1 max_conf=0.1206 max_class=11 max_min_kpt=0.9859 refined_color=1 color_score=-94.93 color_source=1
[DEBUG] armors=1, targets=1
[2026-09-05 22:41:23.865] [info] [YOLO26][DET] above_0p2=2 after_nms=2 accepted=2 max_conf=0.6669 max_class=11 max_min_kpt=0.9873 refined_color=1 color_score=-91.21 color_source=1
[DEBUG] armors=2, targets=1
[2026-09-05 22:41:23.872] [info] [SYNC][XUC] mode=0 yaw=-3.35 deg pitch=1.12 deg feeder_rpm=0.00 wheel0_rpm=0 wheel1_rpm=0 wheel_delta=0 projectile_speed=19.36 gate=0x1E switch=0 rc=1 sticks=1 imu=1 serial=1 control=0 yaw_armed=0 pitch_active=0
[2026-09-05 22:41:23.887] [info] [YOLO26][DET] above_0p2=1 after_nms=1 accepted=1 max_conf=0.4055 max_class=11 max_min_kpt=0.9895 refined_color=1 color_score=-90.13 color_source=1
[2026-09-05 22:41:23.891] [info] [YOLO26] ==================== Performance ====================
[2026-09-05 22:41:23.891] [info] [YOLO26] Preprocess:  1.312 ms (6.9%)
[2026-09-05 22:41:23.891] [info] [YOLO26] Inference:   13.623 ms (72.1%)
[2026-09-05 22:41:23.891] [info] [YOLO26] Postprocess: 3.966 ms (21.0%)
[2026-09-05 22:41:23.891] [info] [YOLO26] Total:       18.903 ms (52.9 FPS)
[2026-09-05 22:41:23.891] [info] [YOLO26] ======================================================
[DEBUG] armors=1, targets=1
[2026-09-05 22:41:23.891] [info] [XUC][FIRE] stable-window candidate started
[2026-09-05 22:41:23.895] [info] [PERF] 总耗时=23.4ms (检测=18.9ms, 跟踪=0.5ms), FPS=42.7
[2026-09-05 22:41:23.895] [info] 📊 [CAMERA FPS] 瞬时帧率=42.7fps, 平均帧率=50.3fps, 总帧数=250, 运行时间=5.0s
[2026-09-05 22:41:23.911] [info] [YOLO26][DET] above_0p2=2 after_nms=2 accepted=2 max_conf=0.4381 max_class=11 max_min_kpt=0.9864 refined_color=1 color_score=-81.96 color_source=1
[DEBUG] armors=2, targets=1
[2026-09-05 22:41:23.914] [info] [XUC][FIRE] stable window reset
[2026-09-05 22:41:23.931] [info] [YOLO26][DET] above_0p2=2 after_nms=2 accepted=2 max_conf=0.5165 max_class=11 max_min_kpt=0.9891 refined_color=1 color_score=-85.58 color_source=1
[DEBUG] armors=2, targets=1
[2026-09-05 22:41:23.950] [info] [YOLO26][DET] above_0p2=2 after_nms=2 accepted=2 max_conf=0.4036 max_class=11 max_min_kpt=0.9850 refined_color=1 color_score=-78.16 color_source=1
[DEBUG] armors=2, targets=1
[2026-09-05 22:41:23.970] [info] [YOLO26][DET] above_0p2=1 after_nms=1 accepted=1 max_conf=0.2550 max_class=11 max_min_kpt=0.9861 refined_color=1 color_score=-76.37 color_source=1
[DEBUG] armors=1, targets=1
[2026-09-05 22:41:23.972] [info] [XUC][FIRE] stable-window candidate started
[2026-09-05 22:41:23.990] [info] [YOLO26][DET] above_0p2=1 after_nms=1 accepted=1 max_conf=0.1832 max_class=11 max_min_kpt=0.9776 refined_color=1 color_score=-74.89 color_source=1
[DEBUG] armors=1, targets=1
[2026-09-05 22:41:24.010] [info] [YOLO26][DET] above_0p2=2 after_nms=2 accepted=2 max_conf=0.2228 max_class=11 max_min_kpt=0.9846 refined_color=1 color_score=-78.08 color_source=1
[DEBUG] armors=2, targets=1
[2026-09-05 22:41:24.030] [info] [YOLO26][DET] above_0p2=2 after_nms=2 accepted=2 max_conf=0.2527 max_class=11 max_min_kpt=0.9860 refined_color=1 color_score=-84.80 color_source=1
[DEBUG] armors=2, targets=1
[2026-09-05 22:41:24.052] [info] [YOLO26][DET] above_0p2=2 after_nms=2 accepted=2 max_conf=0.2778 max_class=11 max_min_kpt=0.9909 refined_color=1 color_score=-71.37 color_source=1
[DEBUG] armors=2, targets=1
[2026-09-05 22:41:24.072] [info] [YOLO26][DET] above_0p2=1 after_nms=1 accepted=1 max_conf=0.5328 max_class=11 max_min_kpt=0.9902 refined_color=1 color_score=-94.47 color_source=1
[DEBUG] armors=1, targets=1
[2026-09-05 22:41:24.074] [info] [XUC][FIRE] stable window reset
[2026-09-05 22:41:24.092] [info] [YOLO26][DET] above_0p2=2 after_nms=2 accepted=2 max_conf=0.2490 max_class=11 max_min_kpt=0.9824 refined_color=1 color_score=-89.34 color_source=1
[DEBUG] armors=2, targets=1
[2026-09-05 22:41:24.095] [info] [XUC][FIRE] stable-window candidate started
[2026-09-05 22:41:24.095] [info] [DRYRUN] measured_gimbal=(3.663,0.205,0.119) measured_world=(3.646,0.419,0.048) tracked_world=(4.094,0.437,0.048) target_gimbal_deg=(3.20,1.86) target_world_deg=(6.55,0.74) gimbal_deg=(3.35,1.12) armor_y_px=498.9 pixel_error_deg=(-2.55,-1.01) ballistic=(range=nanm holdover=0.000m comp=0.00deg residual=-1.01deg) q_wxyz=(0.999526,0.000286,0.009793,-0.029187) cmd_deg=(8.53,-0.57) packed_pitch_deg=-0.57 control=true shoot=false
[2026-09-05 22:41:24.111] [info] [YOLO26][DET] above_0p2=3 after_nms=2 accepted=2 max_conf=0.4939 max_class=11 max_min_kpt=0.9899 refined_color=1 color_score=-84.23 color_source=1
[DEBUG] armors=2, targets=1
[2026-09-05 22:41:24.131] [info] [YOLO26][DET] above_0p2=2 after_nms=2 accepted=2 max_conf=0.5016 max_class=11 max_min_kpt=0.9878 refined_color=1 color_score=-82.60 color_source=1
[DEBUG] armors=2, targets=1
[2026-09-05 22:41:24.151] [info] [YOLO26][DET] above_0p2=2 after_nms=2 accepted=2 max_conf=0.2916 max_class=11 max_min_kpt=0.9848 refined_color=1 color_score=-85.49 color_source=1
[DEBUG] armors=2, targets=1
[2026-09-05 22:41:24.153] [info] [XUC][FIRE] stable window reset
[2026-09-05 22:41:24.171] [info] [YOLO26][DET] above_0p2=2 after_nms=1 accepted=1 max_conf=0.1642 max_class=8 max_min_kpt=0.9893 refined_color=1 color_score=-73.13 color_source=1
[DEBUG] armors=1, targets=1
[2026-09-05 22:41:24.191] [info] [YOLO26][DET] above_0p2=0 after_nms=0 accepted=0 max_conf=0.0846 max_class=11 max_min_kpt=0.0000 refined_color=-1 color_score=0.00 color_source=-1
[DEBUG] armors=0, targets=1
[2026-09-05 22:41:24.210] [info] [YOLO26][DET] above_0p2=1 after_nms=1 accepted=1 max_conf=0.5452 max_class=14 max_min_kpt=0.9866 refined_color=1 color_score=-75.24 color_source=1
[DEBUG] armors=1, targets=1
[2026-09-05 22:41:24.230] [info] [YOLO26][DET] above_0p2=0 after_nms=0 accepted=0 max_conf=0.0635 max_class=11 max_min_kpt=0.0000 refined_color=-1 color_score=0.00 color_source=-1
[DEBUG] armors=0, targets=1
[2026-09-05 22:41:24.249] [info] [YOLO26][DET] above_0p2=0 after_nms=0 accepted=0 max_conf=0.0347 max_class=8 max_min_kpt=0.0000 refined_color=-1 color_score=0.00 color_source=-1
[DEBUG] armors=0, targets=1
[2026-09-05 22:41:24.269] [info] [YOLO26][DET] above_0p2=1 after_nms=1 accepted=1 max_conf=0.3536 max_class=11 max_min_kpt=0.9870 refined_color=1 color_score=-86.68 color_source=1
[DEBUG] armors=1, targets=1
[2026-09-05 22:41:24.290] [info] [YOLO26][DET] above_0p2=0 after_nms=0 accepted=0 max_conf=0.0860 max_class=11 max_min_kpt=0.0000 refined_color=-1 color_score=0.00 color_source=-1
[DEBUG] armors=0, targets=1
[2026-09-05 22:41:24.309] [info] [YOLO26][DET] above_0p2=1 after_nms=1 accepted=1 max_conf=0.2409 max_class=11 max_min_kpt=0.9857 refined_color=1 color_score=-74.79 color_source=1
[DEBUG] armors=1, targets=1
[2026-09-05 22:41:24.327] [info] [YOLO26][DET] above_0p2=0 after_nms=0 accepted=0 max_conf=0.0205 max_class=11 max_min_kpt=0.0000 refined_color=-1 color_score=0.00 color_source=-1
[DEBUG] armors=0, targets=1
[2026-09-05 22:41:24.346] [info] [YOLO26][DET] above_0p2=1 after_nms=1 accepted=1 max_conf=0.3521 max_class=11 max_min_kpt=0.9889 refined_color=1 color_score=-93.02 color_source=1
[DEBUG] armors=1, targets=1
[2026-09-05 22:41:24.365] [info] [YOLO26][DET] above_0p2=1 after_nms=1 accepted=1 max_conf=0.3497 max_class=11 max_min_kpt=0.9854 refined_color=1 color_score=-90.19 color_source=1
[DEBUG] armors=1, targets=1
[2026-09-05 22:41:24.385] [info] [YOLO26][DET] above_0p2=0 after_nms=0 accepted=0 max_conf=0.0312 max_class=8 max_min_kpt=0.0000 refined_color=-1 color_score=0.00 color_source=-1
[DEBUG] armors=0, targets=1
[2026-09-05 22:41:24.404] [info] [YOLO26][DET] above_0p2=1 after_nms=1 accepted=1 max_conf=0.1724 max_class=8 max_min_kpt=0.9378 refined_color=1 color_score=-83.32 color_source=1
[DEBUG] armors=1, targets=1
[2026-09-05 22:41:24.424] [info] [YOLO26][DET] above_0p2=1 after_nms=1 accepted=1 max_conf=0.1075 max_class=8 max_min_kpt=0.9416 refined_color=1 color_score=-75.54 color_source=1
[DEBUG] armors=1, targets=1
[2026-09-05 22:41:24.443] [info] [YOLO26][DET] above_0p2=0 after_nms=0 accepted=0 max_conf=0.0369 max_class=8 max_min_kpt=0.0000 refined_color=-1 color_score=0.00 color_source=-1
[DEBUG] armors=0, targets=1
[2026-09-05 22:41:24.461] [info] [YOLO26][DET] above_0p2=0 after_nms=0 accepted=0 max_conf=0.0599 max_class=8 max_min_kpt=0.0000 refined_color=-1 color_score=0.00 color_source=-1
[DEBUG] armors=0, targets=1
[2026-09-05 22:41:24.481] [info] [YOLO26][DET] above_0p2=0 after_nms=0 accepted=0 max_conf=0.0448 max_class=8 max_min_kpt=0.0000 refined_color=-1 color_score=0.00 color_source=-1
[DEBUG] armors=0, targets=1
[2026-09-05 22:41:24.500] [info] [YOLO26][DET] above_0p2=1 after_nms=1 accepted=1 max_conf=0.1569 max_class=8 max_min_kpt=0.9217 refined_color=1 color_score=-70.39 color_source=1
[DEBUG] armors=1, targets=1
[2026-09-05 22:41:24.519] [info] [YOLO26][DET] above_0p2=1 after_nms=1 accepted=1 max_conf=0.1301 max_class=8 max_min_kpt=0.9229 refined_color=1 color_score=-67.62 color_source=1
[DEBUG] armors=1, targets=1
[2026-09-05 22:41:24.538] [info] [YOLO26][DET] above_0p2=0 after_nms=0 accepted=0 max_conf=0.0651 max_class=11 max_min_kpt=0.0000 refined_color=-1 color_score=0.00 color_source=-1
[DEBUG] armors=0, targets=1
[2026-09-05 22:41:24.558] [info] [YOLO26][DET] above_0p2=2 after_nms=1 accepted=1 max_conf=0.3218 max_class=11 max_min_kpt=0.9860 refined_color=1 color_score=-91.87 color_source=1
[DEBUG] armors=1, targets=1
[2026-09-05 22:41:24.578] [info] [YOLO26][DET] above_0p2=1 after_nms=1 accepted=1 max_conf=0.1346 max_class=8 max_min_kpt=0.9291 refined_color=1 color_score=-75.43 color_source=1
[DEBUG] armors=1, targets=1
[2026-09-05 22:41:24.596] [info] [YOLO26][DET] above_0p2=1 after_nms=1 accepted=1 max_conf=0.1064 max_class=8 max_min_kpt=0.8772 refined_color=1 color_score=-84.04 color_source=1
[DEBUG] armors=1, targets=1
[2026-09-05 22:41:24.616] [info] [YOLO26][DET] above_0p2=1 after_nms=1 accepted=1 max_conf=0.1851 max_class=8 max_min_kpt=0.9170 refined_color=1 color_score=-69.87 color_source=1
[DEBUG] armors=1, targets=1
[2026-09-05 22:41:24.635] [info] [YOLO26][DET] above_0p2=1 after_nms=1 accepted=1 max_conf=0.1156 max_class=8 max_min_kpt=0.9382 refined_color=1 color_score=-71.15 color_source=1
[DEBUG] armors=1, targets=1
[2026-09-05 22:41:24.654] [info] [YOLO26][DET] above_0p2=1 after_nms=1 accepted=1 max_conf=0.1906 max_class=11 max_min_kpt=0.9850 refined_color=1 color_score=-87.94 color_source=1
[DEBUG] armors=1, targets=1
[2026-09-05 22:41:24.673] [info] [YOLO26][DET] above_0p2=1 after_nms=1 accepted=1 max_conf=0.1843 max_class=11 max_min_kpt=0.9830 refined_color=1 color_score=-86.91 color_source=1
[DEBUG] armors=1, targets=1
[2026-09-05 22:41:24.693] [info] [YOLO26][DET] above_0p2=1 after_nms=1 accepted=1 max_conf=0.1001 max_class=8 max_min_kpt=0.9108 refined_color=1 color_score=-88.02 color_source=1
[DEBUG] armors=1, targets=1
[2026-09-05 22:41:24.711] [info] [YOLO26][DET] above_0p2=0 after_nms=0 accepted=0 max_conf=0.0876 max_class=11 max_min_kpt=0.0000 refined_color=-1 color_score=0.00 color_source=-1
[DEBUG] armors=0, targets=1
[2026-09-05 22:41:24.729] [info] [YOLO26][DET] above_0p2=2 after_nms=2 accepted=2 max_conf=0.2513 max_class=11 max_min_kpt=0.9850 refined_color=1 color_score=-71.31 color_source=1
[DEBUG] armors=2, targets=1
[2026-09-05 22:41:24.749] [info] [YOLO26][DET] above_0p2=1 after_nms=1 accepted=1 max_conf=0.3170 max_class=11 max_min_kpt=0.9889 refined_color=1 color_score=-90.29 color_source=1
[DEBUG] armors=1, targets=1
[2026-09-05 22:41:24.768] [info] [YOLO26][DET] above_0p2=2 after_nms=2 accepted=2 max_conf=0.4825 max_class=11 max_min_kpt=0.9902 refined_color=1 color_score=-95.08 color_source=1
[DEBUG] armors=2, targets=1
[2026-09-05 22:41:24.788] [info] [YOLO26][DET] above_0p2=3 after_nms=2 accepted=2 max_conf=0.4343 max_class=11 max_min_kpt=0.9904 refined_color=1 color_score=-91.58 color_source=1
[DEBUG] armors=2, targets=1
[2026-09-05 22:41:24.810] [info] [YOLO26][DET] above_0p2=2 after_nms=2 accepted=2 max_conf=0.3725 max_class=11 max_min_kpt=0.9899 refined_color=1 color_score=-84.61 color_source=1
[DEBUG] armors=2, targets=1
[2026-09-05 22:41:24.830] [info] [YOLO26][DET] above_0p2=2 after_nms=2 accepted=2 max_conf=0.5101 max_class=11 max_min_kpt=0.9875 refined_color=1 color_score=-79.04 color_source=1
[DEBUG] armors=2, targets=1
[2026-09-05 22:41:24.849] [info] [YOLO26][DET] above_0p2=0 after_nms=0 accepted=0 max_conf=0.0793 max_class=11 max_min_kpt=0.0000 refined_color=-1 color_score=0.00 color_source=-1
[DEBUG] armors=0, targets=1
[2026-09-05 22:41:24.855] [info] [SYNC][XUC] mode=0 yaw=-3.35 deg pitch=1.12 deg feeder_rpm=0.00 wheel0_rpm=0 wheel1_rpm=0 wheel_delta=0 projectile_speed=19.36 gate=0x1E switch=0 rc=1 sticks=1 imu=1 serial=1 control=0 yaw_armed=0 pitch_active=0
[2026-09-05 22:41:24.870] [info] [YOLO26][DET] above_0p2=1 after_nms=1 accepted=1 max_conf=0.1613 max_class=11 max_min_kpt=0.9807 refined_color=1 color_score=-88.59 color_source=1
[2026-09-05 22:41:24.875] [info] [YOLO26] ==================== Performance ====================
[2026-09-05 22:41:24.875] [info] [YOLO26] Preprocess:  1.070 ms (5.4%)
[2026-09-05 22:41:24.875] [info] [YOLO26] Inference:   13.413 ms (67.7%)
[2026-09-05 22:41:24.875] [info] [YOLO26] Postprocess: 5.315 ms (26.8%)
[2026-09-05 22:41:24.875] [info] [YOLO26] Total:       19.799 ms (50.5 FPS)
[2026-09-05 22:41:24.875] [info] [YOLO26] ======================================================
[DEBUG] armors=1, targets=1
[2026-09-05 22:41:24.875] [info] [DRYRUN] measured_gimbal=(3.598,0.614,0.123) measured_world=(3.558,0.823,0.053) tracked_world=(3.714,0.414,0.046) target_gimbal_deg=(9.69,1.93) target_world_deg=(13.03,0.83) gimbal_deg=(3.35,1.12) armor_y_px=494.7 pixel_error_deg=(-8.81,-1.11) ballistic=(range=nanm holdover=0.000m comp=0.00deg residual=-1.11deg) q_wxyz=(0.999526,0.000286,0.009793,-0.029187) cmd_deg=(6.46,-0.71) packed_pitch_deg=-0.71 control=true shoot=false
[2026-09-05 22:41:24.878] [info] [PERF] 总耗时=23.0ms (检测=19.8ms, 跟踪=0.5ms), FPS=43.4
[2026-09-05 22:41:24.878] [info] 📊 [CAMERA FPS] 瞬时帧率=43.3fps, 平均帧率=50.4fps, 总帧数=300, 运行时间=6.0s
[2026-09-05 22:41:24.891] [info] [YOLO26][DET] above_0p2=2 after_nms=2 accepted=2 max_conf=0.4797 max_class=11 max_min_kpt=0.9941 refined_color=1 color_score=-81.77 color_source=1
[DEBUG] armors=2, targets=1
[2026-09-05 22:41:24.910] [info] [YOLO26][DET] above_0p2=2 after_nms=2 accepted=2 max_conf=0.3624 max_class=11 max_min_kpt=0.9916 refined_color=1 color_score=-86.74 color_source=1
[DEBUG] armors=2, targets=1
[2026-09-05 22:41:24.930] [info] [YOLO26][DET] above_0p2=1 after_nms=1 accepted=1 max_conf=0.4825 max_class=11 max_min_kpt=0.9745 refined_color=1 color_score=-77.41 color_source=1
[DEBUG] armors=1, targets=1
[2026-09-05 22:41:24.950] [info] [YOLO26][DET] above_0p2=1 after_nms=1 accepted=1 max_conf=0.3565 max_class=11 max_min_kpt=0.9788 refined_color=1 color_score=-77.74 color_source=1
[DEBUG] armors=1, targets=1
[2026-09-05 22:41:24.970] [info] [YOLO26][DET] above_0p2=2 after_nms=2 accepted=2 max_conf=0.3538 max_class=11 max_min_kpt=0.9926 refined_color=1 color_score=-88.63 color_source=1
[DEBUG] armors=2, targets=1
[2026-09-05 22:41:24.990] [info] [YOLO26][DET] above_0p2=3 after_nms=3 accepted=3 max_conf=0.4939 max_class=11 max_min_kpt=0.9933 refined_color=1 color_score=-79.17 color_source=1
[DEBUG] armors=3, targets=1
[2026-09-05 22:41:25.011] [info] [YOLO26][DET] above_0p2=3 after_nms=2 accepted=2 max_conf=0.6241 max_class=11 max_min_kpt=0.9915 refined_color=1 color_score=-91.48 color_source=1
[DEBUG] armors=2, targets=1
[2026-09-05 22:41:25.033] [info] [YOLO26][DET] above_0p2=3 after_nms=2 accepted=2 max_conf=0.2850 max_class=11 max_min_kpt=0.9931 refined_color=1 color_score=-84.01 color_source=1
[DEBUG] armors=2, targets=1
[2026-09-05 22:41:25.053] [info] [YOLO26][DET] above_0p2=2 after_nms=1 accepted=1 max_conf=0.5834 max_class=11 max_min_kpt=0.9958 refined_color=1 color_score=-90.29 color_source=1
[DEBUG] armors=1, targets=1
[2026-09-05 22:41:25.071] [info] [YOLO26][DET] above_0p2=1 after_nms=1 accepted=1 max_conf=0.3697 max_class=11 max_min_kpt=0.9942 refined_color=1 color_score=-81.86 color_source=1
[DEBUG] armors=1, targets=1
[2026-09-05 22:41:25.091] [info] [YOLO26][DET] above_0p2=1 after_nms=1 accepted=1 max_conf=0.2763 max_class=14 max_min_kpt=0.9682 refined_color=1 color_score=-69.22 color_source=1
[DEBUG] armors=1, targets=1
[2026-09-05 22:41:25.111] [info] [YOLO26][DET] above_0p2=1 after_nms=1 accepted=1 max_conf=0.6019 max_class=11 max_min_kpt=0.9943 refined_color=1 color_score=-82.68 color_source=1
[DEBUG] armors=1, targets=1
[2026-09-05 22:41:25.130] [info] [YOLO26][DET] above_0p2=0 after_nms=0 accepted=0 max_conf=0.0916 max_class=11 max_min_kpt=0.0000 refined_color=-1 color_score=0.00 color_source=-1
[DEBUG] armors=0, targets=1
[2026-09-05 22:41:25.148] [info] [YOLO26][DET] above_0p2=0 after_nms=0 accepted=0 max_conf=0.0860 max_class=8 max_min_kpt=0.0000 refined_color=-1 color_score=0.00 color_source=-1
[DEBUG] armors=0, targets=1
[2026-09-05 22:41:25.168] [info] [YOLO26][DET] above_0p2=0 after_nms=0 accepted=0 max_conf=0.0790 max_class=11 max_min_kpt=0.0000 refined_color=-1 color_score=0.00 color_source=-1
[DEBUG] armors=0, targets=1
[2026-09-05 22:41:25.188] [info] [YOLO26][DET] above_0p2=0 after_nms=0 accepted=0 max_conf=0.0281 max_class=8 max_min_kpt=0.0000 refined_color=-1 color_score=0.00 color_source=-1
[DEBUG] armors=0, targets=1
[2026-09-05 22:41:25.207] [info] [YOLO26][DET] above_0p2=0 after_nms=0 accepted=0 max_conf=0.0411 max_class=8 max_min_kpt=0.0000 refined_color=-1 color_score=0.00 color_source=-1
[DEBUG] armors=0, targets=1
[2026-09-05 22:41:25.227] [info] [YOLO26][DET] above_0p2=0 after_nms=0 accepted=0 max_conf=0.0830 max_class=8 max_min_kpt=0.0000 refined_color=-1 color_score=0.00 color_source=-1
[DEBUG] armors=0, targets=1
[2026-09-05 22:41:25.246] [info] [YOLO26][DET] above_0p2=1 after_nms=1 accepted=1 max_conf=0.1302 max_class=8 max_min_kpt=0.9409 refined_color=1 color_score=-65.38 color_source=1
[DEBUG] armors=1, targets=1
[2026-09-05 22:41:25.266] [info] [YOLO26][DET] above_0p2=1 after_nms=1 accepted=1 max_conf=0.2468 max_class=8 max_min_kpt=0.9387 refined_color=1 color_score=-90.63 color_source=1
[DEBUG] armors=1, targets=1
[2026-09-05 22:41:25.268] [info] [DRYRUN] measured_gimbal=(3.673,0.297,0.112) measured_world=(3.651,0.511,0.040) tracked_world=(3.594,0.590,0.041) target_gimbal_deg=(4.62,1.73) target_world_deg=(7.96,0.62) gimbal_deg=(3.35,1.12) armor_y_px=502.9 pixel_error_deg=(-5.05,-0.91) ballistic=(range=nanm holdover=0.000m comp=0.00deg residual=-0.91deg) q_wxyz=(0.999526,0.000286,0.009793,-0.029187) cmd_deg=(10.17,-0.40) packed_pitch_deg=-0.40 control=true shoot=false
[2026-09-05 22:41:25.285] [info] [YOLO26][DET] above_0p2=1 after_nms=1 accepted=1 max_conf=0.2803 max_class=8 max_min_kpt=0.9520 refined_color=1 color_score=-84.99 color_source=1
[DEBUG] armors=1, targets=1
[2026-09-05 22:41:25.304] [info] [YOLO26][DET] above_0p2=0 after_nms=0 accepted=0 max_conf=0.0836 max_class=8 max_min_kpt=0.0000 refined_color=-1 color_score=0.00 color_source=-1
[DEBUG] armors=0, targets=1
[2026-09-05 22:41:25.321] [info] [YOLO26][DET] above_0p2=0 after_nms=0 accepted=0 max_conf=0.0943 max_class=8 max_min_kpt=0.0000 refined_color=-1 color_score=0.00 color_source=-1
[DEBUG] armors=0, targets=1
[2026-09-05 22:41:25.341] [info] [YOLO26][DET] above_0p2=1 after_nms=1 accepted=1 max_conf=0.2494 max_class=8 max_min_kpt=0.9325 refined_color=1 color_score=-78.75 color_source=1
[DEBUG] armors=1, targets=1
[2026-09-05 22:41:25.360] [info] [YOLO26][DET] above_0p2=1 after_nms=1 accepted=1 max_conf=0.2490 max_class=8 max_min_kpt=0.9311 refined_color=1 color_score=-64.92 color_source=1
[DEBUG] armors=1, targets=1
[2026-09-05 22:41:25.379] [info] [YOLO26][DET] above_0p2=1 after_nms=1 accepted=1 max_conf=0.1558 max_class=8 max_min_kpt=0.9200 refined_color=1 color_score=-83.31 color_source=1
[DEBUG] armors=1, targets=1
[2026-09-05 22:41:25.398] [info] [YOLO26][DET] above_0p2=1 after_nms=1 accepted=1 max_conf=0.2021 max_class=8 max_min_kpt=0.9163 refined_color=1 color_score=-70.18 color_source=1
[DEBUG] armors=1, targets=1
[2026-09-05 22:41:25.418] [info] [YOLO26][DET] above_0p2=1 after_nms=1 accepted=1 max_conf=0.1003 max_class=8 max_min_kpt=0.9251 refined_color=1 color_score=-77.11 color_source=1
[DEBUG] armors=1, targets=0
[2026-09-05 22:41:25.437] [info] [YOLO26][DET] above_0p2=1 after_nms=1 accepted=1 max_conf=0.1738 max_class=8 max_min_kpt=0.9316 refined_color=1 color_score=-89.92 color_source=1
[DEBUG] armors=1, targets=1
[2026-09-05 22:41:25.457] [info] [YOLO26][DET] above_0p2=1 after_nms=1 accepted=1 max_conf=0.1252 max_class=8 max_min_kpt=0.9292 refined_color=1 color_score=-85.57 color_source=1
[DEBUG] armors=1, targets=1
[2026-09-05 22:41:25.477] [info] [YOLO26][DET] above_0p2=1 after_nms=1 accepted=1 max_conf=0.1703 max_class=8 max_min_kpt=0.9350 refined_color=1 color_score=-64.08 color_source=1
[DEBUG] armors=1, targets=1
[2026-09-05 22:41:25.497] [info] [YOLO26][DET] above_0p2=1 after_nms=1 accepted=1 max_conf=0.2020 max_class=8 max_min_kpt=0.9491 refined_color=1 color_score=-74.45 color_source=1
[DEBUG] armors=1, targets=1
[2026-09-05 22:41:25.517] [info] [YOLO26][DET] above_0p2=0 after_nms=0 accepted=0 max_conf=0.0972 max_class=11 max_min_kpt=0.0000 refined_color=-1 color_score=0.00 color_source=-1
[DEBUG] armors=0, targets=0
[2026-09-05 22:41:25.535] [info] [YOLO26][DET] above_0p2=1 after_nms=1 accepted=1 max_conf=0.1125 max_class=8 max_min_kpt=0.9473 refined_color=1 color_score=-76.80 color_source=1
[DEBUG] armors=1, targets=1
[2026-09-05 22:41:25.553] [info] [YOLO26][DET] above_0p2=0 after_nms=0 accepted=0 max_conf=0.0680 max_class=8 max_min_kpt=0.0000 refined_color=-1 color_score=0.00 color_source=-1
[DEBUG] armors=0, targets=0
[2026-09-05 22:41:25.574] [info] [YOLO26][DET] above_0p2=1 after_nms=1 accepted=1 max_conf=0.1208 max_class=11 max_min_kpt=0.9879 refined_color=1 color_score=-94.06 color_source=1
[DEBUG] armors=1, targets=1
[2026-09-05 22:41:25.594] [info] [YOLO26][DET] above_0p2=0 after_nms=0 accepted=0 max_conf=0.0655 max_class=8 max_min_kpt=0.0000 refined_color=-1 color_score=0.00 color_source=-1
[DEBUG] armors=0, targets=0
[2026-09-05 22:41:25.612] [info] [YOLO26][DET] above_0p2=0 after_nms=0 accepted=0 max_conf=0.0755 max_class=10 max_min_kpt=0.0000 refined_color=-1 color_score=0.00 color_source=-1
[DEBUG] armors=0, targets=0
[2026-09-05 22:41:25.630] [info] [YOLO26][DET] above_0p2=1 after_nms=1 accepted=1 max_conf=0.1729 max_class=11 max_min_kpt=0.9914 refined_color=1 color_score=-96.34 color_source=1
[DEBUG] armors=1, targets=1
[2026-09-05 22:41:25.649] [info] [YOLO26][DET] above_0p2=3 after_nms=2 accepted=2 max_conf=0.1541 max_class=11 max_min_kpt=0.9888 refined_color=1 color_score=-88.86 color_source=1
[DEBUG] armors=2, targets=1
[2026-09-05 22:41:25.652] [info] [DRYRUN] measured_gimbal=(3.592,0.250,0.111) measured_world=(3.572,0.459,0.041) tracked_world=(3.620,0.702,0.040) target_gimbal_deg=(3.98,1.77) target_world_deg=(7.32,0.65) gimbal_deg=(3.35,1.12) armor_y_px=500.7 pixel_error_deg=(-8.29,-0.96) ballistic=(range=nanm holdover=0.000m comp=0.00deg residual=-0.96deg) q_wxyz=(0.999526,0.000286,0.009793,-0.029187) cmd_deg=(11.68,-0.46) packed_pitch_deg=-0.46 control=true shoot=false
[2026-09-05 22:41:25.669] [info] [YOLO26][DET] above_0p2=2 after_nms=2 accepted=2 max_conf=0.2271 max_class=11 max_min_kpt=0.9874 refined_color=1 color_score=-90.44 color_source=1
[DEBUG] armors=2, targets=1
[2026-09-05 22:41:25.671] [info] [XUC][FIRE] stable-window candidate started
[2026-09-05 22:41:25.689] [info] [YOLO26][DET] above_0p2=2 after_nms=2 accepted=2 max_conf=0.3753 max_class=11 max_min_kpt=0.9918 refined_color=1 color_score=-85.36 color_source=1
[DEBUG] armors=2, targets=1
[2026-09-05 22:41:25.711] [info] [YOLO26][DET] above_0p2=1 after_nms=1 accepted=1 max_conf=0.5061 max_class=11 max_min_kpt=0.9855 refined_color=1 color_score=-82.19 color_source=1
[DEBUG] armors=1, targets=1
[2026-09-05 22:41:25.731] [info] [YOLO26][DET] above_0p2=1 after_nms=1 accepted=1 max_conf=0.2771 max_class=11 max_min_kpt=0.9788 refined_color=1 color_score=-81.38 color_source=1
[DEBUG] armors=1, targets=1
[2026-09-05 22:41:25.751] [info] [YOLO26][DET] above_0p2=2 after_nms=2 accepted=2 max_conf=0.6309 max_class=11 max_min_kpt=0.9929 refined_color=1 color_score=-79.55 color_source=1
[DEBUG] armors=2, targets=1
[2026-09-05 22:41:25.771] [info] [YOLO26][DET] above_0p2=2 after_nms=2 accepted=2 max_conf=0.3757 max_class=11 max_min_kpt=0.9907 refined_color=1 color_score=-86.42 color_source=1
[DEBUG] armors=2, targets=1
[2026-09-05 22:41:25.789] [info] [YOLO26][DET] above_0p2=2 after_nms=2 accepted=2 max_conf=0.4922 max_class=11 max_min_kpt=0.9917 refined_color=1 color_score=-83.64 color_source=1
[DEBUG] armors=2, targets=1
[2026-09-05 22:41:25.810] [info] [YOLO26][DET] above_0p2=2 after_nms=2 accepted=2 max_conf=0.3797 max_class=11 max_min_kpt=0.9909 refined_color=1 color_score=-77.65 color_source=1
[DEBUG] armors=2, targets=1
[2026-09-05 22:41:25.829] [info] [YOLO26][DET] above_0p2=2 after_nms=2 accepted=2 max_conf=0.7938 max_class=11 max_min_kpt=0.9931 refined_color=1 color_score=-94.82 color_source=1
[DEBUG] armors=2, targets=1
[2026-09-05 22:41:25.834] [info] [SYNC][XUC] mode=0 yaw=-3.35 deg pitch=1.12 deg feeder_rpm=0.00 wheel0_rpm=0 wheel1_rpm=0 wheel_delta=0 projectile_speed=19.36 gate=0x1E switch=0 rc=1 sticks=1 imu=1 serial=1 control=0 yaw_armed=0 pitch_active=0
[2026-09-05 22:41:25.849] [info] [YOLO26][DET] above_0p2=2 after_nms=2 accepted=2 max_conf=0.8561 max_class=11 max_min_kpt=0.9940 refined_color=1 color_score=-96.83 color_source=1
[2026-09-05 22:41:25.853] [info] [YOLO26] ==================== Performance ====================
[2026-09-05 22:41:25.853] [info] [YOLO26] Preprocess:  0.966 ms (5.2%)
[2026-09-05 22:41:25.853] [info] [YOLO26] Inference:   13.692 ms (73.5%)
[2026-09-05 22:41:25.853] [info] [YOLO26] Postprocess: 3.974 ms (21.3%)
[2026-09-05 22:41:25.853] [info] [YOLO26] Total:       18.633 ms (53.7 FPS)
[2026-09-05 22:41:25.853] [info] [YOLO26] ======================================================
[DEBUG] armors=2, targets=1
[2026-09-05 22:41:25.857] [info] [PERF] 总耗时=22.7ms (检测=18.7ms, 跟踪=0.8ms), FPS=44.1
[2026-09-05 22:41:25.857] [info] 📊 [CAMERA FPS] 瞬时帧率=44.0fps, 平均帧率=50.5fps, 总帧数=350, 运行时间=6.9s
[2026-09-05 22:41:25.871] [info] [YOLO26][DET] above_0p2=2 after_nms=2 accepted=2 max_conf=0.7513 max_class=11 max_min_kpt=0.9937 refined_color=1 color_score=-84.72 color_source=1
[DEBUG] armors=2, targets=1
[2026-09-05 22:41:25.892] [info] [YOLO26][DET] above_0p2=2 after_nms=2 accepted=2 max_conf=0.6698 max_class=11 max_min_kpt=0.9904 refined_color=1 color_score=-90.58 color_source=1
[DEBUG] armors=2, targets=1
[2026-09-05 22:41:25.895] [info] [XUC][FIRE] qualified after 220 ms, pixel error deg=(-2.99,-0.93)
[2026-09-05 22:41:25.912] [info] [YOLO26][DET] above_0p2=2 after_nms=2 accepted=2 max_conf=0.4799 max_class=11 max_min_kpt=0.9931 refined_color=1 color_score=-87.22 color_source=1
[DEBUG] armors=2, targets=1
[2026-09-05 22:41:25.914] [info] [XUC][FIRE] stable window reset
[2026-09-05 22:41:25.930] [info] [YOLO26][DET] above_0p2=2 after_nms=1 accepted=1 max_conf=0.5371 max_class=11 max_min_kpt=0.9957 refined_color=1 color_score=-87.14 color_source=1
[DEBUG] armors=1, targets=1
[2026-09-05 22:41:25.949] [info] [YOLO26][DET] above_0p2=2 after_nms=2 accepted=2 max_conf=0.4119 max_class=11 max_min_kpt=0.9926 refined_color=1 color_score=-84.10 color_source=1
[DEBUG] armors=2, targets=1
[2026-09-05 22:41:25.969] [info] [YOLO26][DET] above_0p2=1 after_nms=1 accepted=1 max_conf=0.1958 max_class=11 max_min_kpt=0.9937 refined_color=1 color_score=-98.86 color_source=1
[DEBUG] armors=1, targets=1
[2026-09-05 22:41:25.990] [info] [YOLO26][DET] above_0p2=1 after_nms=1 accepted=1 max_conf=0.4856 max_class=11 max_min_kpt=0.9935 refined_color=1 color_score=-97.99 color_source=1
[DEBUG] armors=1, targets=1
[2026-09-05 22:41:26.009] [info] [YOLO26][DET] above_0p2=0 after_nms=0 accepted=0 max_conf=0.0956 max_class=11 max_min_kpt=0.0000 refined_color=-1 color_score=0.00 color_source=-1
[DEBUG] armors=0, targets=1
[2026-09-05 22:41:26.029] [info] [YOLO26][DET] above_0p2=1 after_nms=1 accepted=1 max_conf=0.1463 max_class=8 max_min_kpt=0.9207 refined_color=1 color_score=-96.96 color_source=1
[DEBUG] armors=1, targets=1
[2026-09-05 22:41:26.049] [info] [YOLO26][DET] above_0p2=1 after_nms=1 accepted=1 max_conf=0.1230 max_class=8 max_min_kpt=0.9236 refined_color=1 color_score=-84.97 color_source=1
[DEBUG] armors=1, targets=1
[2026-09-05 22:41:26.050] [info] [DRYRUN] measured_gimbal=(3.641,0.295,0.113) measured_world=(3.619,0.507,0.041) tracked_world=(3.748,0.953,0.047) target_gimbal_deg=(4.63,1.77) target_world_deg=(7.97,0.65) gimbal_deg=(3.35,1.12) armor_y_px=501.2 pixel_error_deg=(-4.19,-0.95) ballistic=(range=nanm holdover=0.000m comp=0.00deg residual=-0.95deg) q_wxyz=(0.999526,0.000286,0.009793,-0.029187) cmd_deg=(9.12,-0.43) packed_pitch_deg=-0.43 control=true shoot=false
[2026-09-05 22:41:26.068] [info] [YOLO26][DET] above_0p2=0 after_nms=0 accepted=0 max_conf=0.0794 max_class=8 max_min_kpt=0.0000 refined_color=-1 color_score=0.00 color_source=-1
[DEBUG] armors=0, targets=1
[2026-09-05 22:41:26.088] [info] [YOLO26][DET] above_0p2=0 after_nms=0 accepted=0 max_conf=0.0548 max_class=8 max_min_kpt=0.0000 refined_color=-1 color_score=0.00 color_source=-1
[DEBUG] armors=0, targets=1
[2026-09-05 22:41:26.108] [info] [YOLO26][DET] above_0p2=1 after_nms=1 accepted=1 max_conf=0.1192 max_class=11 max_min_kpt=0.9915 refined_color=1 color_score=-91.76 color_source=1
[DEBUG] armors=1, targets=1
[2026-09-05 22:41:26.128] [info] [YOLO26][DET] above_0p2=0 after_nms=0 accepted=0 max_conf=0.0861 max_class=8 max_min_kpt=0.0000 refined_color=-1 color_score=0.00 color_source=-1
[DEBUG] armors=0, targets=1
[2026-09-05 22:41:26.148] [info] [YOLO26][DET] above_0p2=1 after_nms=1 accepted=1 max_conf=0.1387 max_class=8 max_min_kpt=0.9457 refined_color=1 color_score=-97.24 color_source=1
[DEBUG] armors=1, targets=1
[2026-09-05 22:41:26.168] [info] [YOLO26][DET] above_0p2=1 after_nms=1 accepted=1 max_conf=0.1746 max_class=8 max_min_kpt=0.9471 refined_color=1 color_score=-78.96 color_source=1
[DEBUG] armors=1, targets=1
[2026-09-05 22:41:26.188] [info] [YOLO26][DET] above_0p2=0 after_nms=0 accepted=0 max_conf=0.0435 max_class=8 max_min_kpt=0.0000 refined_color=-1 color_score=0.00 color_source=-1
[DEBUG] armors=0, targets=1
[2026-09-05 22:41:26.206] [info] [YOLO26][DET] above_0p2=0 after_nms=0 accepted=0 max_conf=0.0600 max_class=8 max_min_kpt=0.0000 refined_color=-1 color_score=0.00 color_source=-1
[DEBUG] armors=0, targets=1
[2026-09-05 22:41:26.224] [info] [YOLO26][DET] above_0p2=1 after_nms=1 accepted=1 max_conf=0.1254 max_class=8 max_min_kpt=0.9258 refined_color=1 color_score=-84.45 color_source=1
[DEBUG] armors=1, targets=1
[2026-09-05 22:41:26.245] [info] [YOLO26][DET] above_0p2=1 after_nms=1 accepted=1 max_conf=0.1459 max_class=8 max_min_kpt=0.9186 refined_color=1 color_score=-78.36 color_source=1
[DEBUG] armors=1, targets=1
[2026-09-05 22:41:26.266] [info] [YOLO26][DET] above_0p2=1 after_nms=1 accepted=1 max_conf=0.1691 max_class=8 max_min_kpt=0.9412 refined_color=1 color_score=-79.33 color_source=1
[DEBUG] armors=1, targets=1
[2026-09-05 22:41:26.287] [info] [YOLO26][DET] above_0p2=1 after_nms=1 accepted=1 max_conf=0.1134 max_class=8 max_min_kpt=0.9250 refined_color=1 color_score=-83.49 color_source=1
[DEBUG] armors=1, targets=1
[2026-09-05 22:41:26.306] [info] [YOLO26][DET] above_0p2=2 after_nms=1 accepted=1 max_conf=0.3691 max_class=11 max_min_kpt=0.9945 refined_color=1 color_score=-88.28 color_source=1
[DEBUG] armors=1, targets=1
[2026-09-05 22:41:26.327] [info] [YOLO26][DET] above_0p2=1 after_nms=1 accepted=1 max_conf=0.1044 max_class=8 max_min_kpt=0.9348 refined_color=1 color_score=-87.74 color_source=1
[DEBUG] armors=1, targets=1
[2026-09-05 22:41:26.347] [info] [YOLO26][DET] above_0p2=1 after_nms=1 accepted=1 max_conf=0.1112 max_class=8 max_min_kpt=0.9314 refined_color=1 color_score=-96.23 color_source=1
[DEBUG] armors=1, targets=1
[2026-09-05 22:41:26.365] [info] [YOLO26][DET] above_0p2=2 after_nms=1 accepted=1 max_conf=0.2405 max_class=11 max_min_kpt=0.9924 refined_color=1 color_score=-94.12 color_source=1
[DEBUG] armors=1, targets=1
[2026-09-05 22:41:26.385] [info] [YOLO26][DET] above_0p2=1 after_nms=1 accepted=1 max_conf=0.2148 max_class=8 max_min_kpt=0.9414 refined_color=1 color_score=-76.09 color_source=1
[DEBUG] armors=1, targets=1
[2026-09-05 22:41:26.404] [info] [YOLO26][DET] above_0p2=2 after_nms=1 accepted=1 max_conf=0.1715 max_class=8 max_min_kpt=0.9962 refined_color=1 color_score=-72.02 color_source=1
[DEBUG] armors=1, targets=1
[2026-09-05 22:41:26.423] [info] [YOLO26][DET] above_0p2=1 after_nms=1 accepted=1 max_conf=0.1934 max_class=11 max_min_kpt=0.9888 refined_color=1 color_score=-87.01 color_source=1
[DEBUG] armors=1, targets=1
[2026-09-05 22:41:26.442] [info] [YOLO26][DET] above_0p2=1 after_nms=1 accepted=1 max_conf=0.1491 max_class=11 max_min_kpt=0.9871 refined_color=1 color_score=-92.62 color_source=1
[DEBUG] armors=1, targets=1
[2026-09-05 22:41:26.444] [info] [DRYRUN] measured_gimbal=(3.631,0.536,0.116) measured_world=(3.596,0.747,0.045) tracked_world=(3.875,0.978,0.049) target_gimbal_deg=(8.39,1.81) target_world_deg=(11.73,0.70) gimbal_deg=(3.35,1.12) armor_y_px=499.7 pixel_error_deg=(-7.51,-0.99) ballistic=(range=nanm holdover=0.000m comp=0.00deg residual=-0.99deg) q_wxyz=(0.999526,0.000286,0.009793,-0.029187) cmd_deg=(11.77,-0.49) packed_pitch_deg=-0.49 control=true shoot=false
[2026-09-05 22:41:26.461] [info] [YOLO26][DET] above_0p2=2 after_nms=2 accepted=2 max_conf=0.1277 max_class=11 max_min_kpt=0.9947 refined_color=1 color_score=-101.25 color_source=1
[DEBUG] armors=2, targets=1
[2026-09-05 22:41:26.482] [info] [YOLO26][DET] above_0p2=2 after_nms=2 accepted=2 max_conf=0.2976 max_class=11 max_min_kpt=0.9887 refined_color=1 color_score=-83.19 color_source=1
[DEBUG] armors=2, targets=1
[2026-09-05 22:41:26.501] [info] [YOLO26][DET] above_0p2=2 after_nms=2 accepted=2 max_conf=0.5910 max_class=11 max_min_kpt=0.9875 refined_color=1 color_score=-79.62 color_source=1
[DEBUG] armors=2, targets=1
[2026-09-05 22:41:26.522] [info] [YOLO26][DET] above_0p2=2 after_nms=2 accepted=2 max_conf=0.7921 max_class=11 max_min_kpt=0.9952 refined_color=1 color_score=-104.65 color_source=1
[DEBUG] armors=2, targets=1
[2026-09-05 22:41:26.542] [info] [YOLO26][DET] above_0p2=2 after_nms=2 accepted=2 max_conf=0.4507 max_class=11 max_min_kpt=0.9880 refined_color=1 color_score=-73.03 color_source=1
[DEBUG] armors=2, targets=1
[2026-09-05 22:41:26.562] [info] [YOLO26][DET] above_0p2=1 after_nms=1 accepted=1 max_conf=0.3407 max_class=11 max_min_kpt=0.9825 refined_color=1 color_score=-80.89 color_source=1
[DEBUG] armors=1, targets=1
[2026-09-05 22:41:26.564] [info] [XUC][FIRE] stable-window candidate started
[2026-09-05 22:41:26.581] [info] [YOLO26][DET] above_0p2=2 after_nms=2 accepted=2 max_conf=0.6259 max_class=11 max_min_kpt=0.9945 refined_color=1 color_score=-85.00 color_source=1
[DEBUG] armors=2, targets=1
[2026-09-05 22:41:26.583] [info] [XUC][FIRE] stable window reset
[2026-09-05 22:41:26.602] [info] [YOLO26][DET] above_0p2=2 after_nms=2 accepted=2 max_conf=0.2376 max_class=11 max_min_kpt=0.9892 refined_color=1 color_score=-88.95 color_source=1
[DEBUG] armors=2, targets=1
[2026-09-05 22:41:26.622] [info] [YOLO26][DET] above_0p2=1 after_nms=1 accepted=1 max_conf=0.1702 max_class=11 max_min_kpt=0.9910 refined_color=1 color_score=-86.66 color_source=1
[DEBUG] armors=1, targets=1
[2026-09-05 22:41:26.623] [info] [XUC][FIRE] stable-window candidate started
[2026-09-05 22:41:26.640] [info] [YOLO26][DET] above_0p2=0 after_nms=0 accepted=0 max_conf=0.0634 max_class=11 max_min_kpt=0.0000 refined_color=-1 color_score=0.00 color_source=-1
[DEBUG] armors=0, targets=1
[2026-09-05 22:41:26.642] [info] [XUC][FIRE] stable window reset
[2026-09-05 22:41:26.658] [info] [YOLO26][DET] above_0p2=2 after_nms=2 accepted=2 max_conf=0.2925 max_class=11 max_min_kpt=0.9915 refined_color=1 color_score=-85.78 color_source=1
[DEBUG] armors=2, targets=1
[2026-09-05 22:41:26.661] [info] [XUC][FIRE] stable-window candidate started
[2026-09-05 22:41:26.678] [info] [YOLO26][DET] above_0p2=2 after_nms=2 accepted=2 max_conf=0.4986 max_class=11 max_min_kpt=0.9874 refined_color=1 color_score=-86.54 color_source=1
[DEBUG] armors=2, targets=1
[2026-09-05 22:41:26.699] [info] [YOLO26][DET] above_0p2=1 after_nms=1 accepted=1 max_conf=0.6643 max_class=11 max_min_kpt=0.9912 refined_color=1 color_score=-89.17 color_source=1
[DEBUG] armors=1, targets=1
[2026-09-05 22:41:26.719] [info] [YOLO26][DET] above_0p2=2 after_nms=2 accepted=2 max_conf=0.5479 max_class=11 max_min_kpt=0.9932 refined_color=1 color_score=-94.29 color_source=1
[DEBUG] armors=2, targets=1
[2026-09-05 22:41:26.740] [info] [YOLO26][DET] above_0p2=3 after_nms=2 accepted=2 max_conf=0.3538 max_class=11 max_min_kpt=0.9876 refined_color=1 color_score=-89.86 color_source=1
[DEBUG] armors=2, targets=1
[2026-09-05 22:41:26.761] [info] [YOLO26][DET] above_0p2=3 after_nms=2 accepted=2 max_conf=0.2723 max_class=11 max_min_kpt=0.9859 refined_color=1 color_score=-86.43 color_source=1
[DEBUG] armors=2, targets=1
[2026-09-05 22:41:26.764] [info] [XUC][FIRE] stable window reset
[2026-09-05 22:41:26.781] [info] [YOLO26][DET] above_0p2=4 after_nms=2 accepted=2 max_conf=0.5297 max_class=11 max_min_kpt=0.9962 refined_color=1 color_score=-85.47 color_source=1
[DEBUG] armors=2, targets=1
[2026-09-05 22:41:26.800] [info] [YOLO26][DET] above_0p2=3 after_nms=2 accepted=2 max_conf=0.2793 max_class=11 max_min_kpt=0.9908 refined_color=1 color_score=-88.69 color_source=1
[DEBUG] armors=2, targets=1
[2026-09-05 22:41:26.820] [info] [YOLO26][DET] above_0p2=1 after_nms=1 accepted=1 max_conf=0.1356 max_class=11 max_min_kpt=0.9878 refined_color=1 color_score=-89.07 color_source=1
[DEBUG] armors=1, targets=1
[2026-09-05 22:41:26.825] [info] [SYNC][XUC] mode=0 yaw=-3.35 deg pitch=1.12 deg feeder_rpm=0.00 wheel0_rpm=0 wheel1_rpm=0 wheel_delta=0 projectile_speed=19.36 gate=0x1E switch=0 rc=1 sticks=1 imu=1 serial=1 control=0 yaw_armed=0 pitch_active=0
[2026-09-05 22:41:26.841] [info] [YOLO26][DET] above_0p2=1 after_nms=1 accepted=1 max_conf=0.2358 max_class=11 max_min_kpt=0.9952 refined_color=1 color_score=-93.88 color_source=1
[2026-09-05 22:41:26.844] [info] [YOLO26] ==================== Performance ====================
[2026-09-05 22:41:26.844] [info] [YOLO26] Preprocess:  1.033 ms (5.4%)
[2026-09-05 22:41:26.844] [info] [YOLO26] Inference:   14.389 ms (75.2%)
[2026-09-05 22:41:26.844] [info] [YOLO26] Postprocess: 3.709 ms (19.4%)
[2026-09-05 22:41:26.844] [info] [YOLO26] Total:       19.132 ms (52.3 FPS)
[2026-09-05 22:41:26.844] [info] [YOLO26] ======================================================
[DEBUG] armors=1, targets=1
[2026-09-05 22:41:26.845] [info] [DRYRUN] measured_gimbal=(3.592,0.286,0.115) measured_world=(3.571,0.495,0.045) tracked_world=(4.089,0.811,0.046) target_gimbal_deg=(4.54,1.83) target_world_deg=(7.89,0.71) gimbal_deg=(3.35,1.12) armor_y_px=499.7 pixel_error_deg=(-3.68,-0.99) ballistic=(range=nanm holdover=0.000m comp=0.00deg residual=-0.99deg) q_wxyz=(0.999526,0.000286,0.009793,-0.029187) cmd_deg=(8.45,-0.52) packed_pitch_deg=-0.52 control=true shoot=false
[2026-09-05 22:41:26.848] [info] [PERF] 总耗时=22.9ms (检测=19.2ms, 跟踪=0.5ms), FPS=43.6
[2026-09-05 22:41:26.848] [info] 📊 [CAMERA FPS] 瞬时帧率=43.5fps, 平均帧率=50.5fps, 总帧数=400, 运行时间=7.9s
[2026-09-05 22:41:26.862] [info] [YOLO26][DET] above_0p2=1 after_nms=1 accepted=1 max_conf=0.1128 max_class=11 max_min_kpt=0.9903 refined_color=1 color_score=-89.60 color_source=1
[DEBUG] armors=1, targets=1
[2026-09-05 22:41:26.882] [info] [YOLO26][DET] above_0p2=0 after_nms=0 accepted=0 max_conf=0.0524 max_class=8 max_min_kpt=0.0000 refined_color=-1 color_score=0.00 color_source=-1
[DEBUG] armors=0, targets=1
[2026-09-05 22:41:26.901] [info] [YOLO26][DET] above_0p2=1 after_nms=1 accepted=1 max_conf=0.1244 max_class=8 max_min_kpt=0.9190 refined_color=1 color_score=-75.62 color_source=1
[DEBUG] armors=1, targets=1
[2026-09-05 22:41:26.921] [info] [YOLO26][DET] above_0p2=1 after_nms=1 accepted=1 max_conf=0.3338 max_class=11 max_min_kpt=0.9875 refined_color=1 color_score=-87.78 color_source=1
[DEBUG] armors=1, targets=1
[2026-09-05 22:41:26.941] [info] [YOLO26][DET] above_0p2=0 after_nms=0 accepted=0 max_conf=0.0315 max_class=8 max_min_kpt=0.0000 refined_color=-1 color_score=0.00 color_source=-1
[DEBUG] armors=0, targets=1
[2026-09-05 22:41:26.961] [info] [YOLO26][DET] above_0p2=0 after_nms=0 accepted=0 max_conf=0.0256 max_class=11 max_min_kpt=0.0000 refined_color=-1 color_score=0.00 color_source=-1
[DEBUG] armors=0, targets=1
[2026-09-05 22:41:26.981] [info] [YOLO26][DET] above_0p2=0 after_nms=0 accepted=0 max_conf=0.0634 max_class=8 max_min_kpt=0.0000 refined_color=-1 color_score=0.00 color_source=-1
[DEBUG] armors=0, targets=1
[2026-09-05 22:41:27.000] [info] [YOLO26][DET] above_0p2=1 after_nms=1 accepted=1 max_conf=0.1215 max_class=8 max_min_kpt=0.9418 refined_color=1 color_score=-82.37 color_source=1
[DEBUG] armors=1, targets=1
[2026-09-05 22:41:27.019] [info] [YOLO26][DET] above_0p2=1 after_nms=1 accepted=1 max_conf=0.1265 max_class=8 max_min_kpt=0.9345 refined_color=1 color_score=-100.86 color_source=1
[DEBUG] armors=1, targets=1
[2026-09-05 22:41:27.038] [info] [YOLO26][DET] above_0p2=1 after_nms=1 accepted=1 max_conf=0.2403 max_class=8 max_min_kpt=0.9497 refined_color=1 color_score=-86.46 color_source=1
[DEBUG] armors=1, targets=1
[2026-09-05 22:41:27.059] [info] [YOLO26][DET] above_0p2=1 after_nms=1 accepted=1 max_conf=0.1428 max_class=8 max_min_kpt=0.9495 refined_color=1 color_score=-52.96 color_source=1
[DEBUG] armors=1, targets=1
[2026-09-05 22:41:27.078] [info] [YOLO26][DET] above_0p2=0 after_nms=0 accepted=0 max_conf=0.0562 max_class=8 max_min_kpt=0.0000 refined_color=-1 color_score=0.00 color_source=-1
[DEBUG] armors=0, targets=1
[2026-09-05 22:41:27.099] [info] [YOLO26][DET] above_0p2=0 after_nms=0 accepted=0 max_conf=0.0392 max_class=8 max_min_kpt=0.0000 refined_color=-1 color_score=0.00 color_source=-1
[DEBUG] armors=0, targets=1
[2026-09-05 22:41:27.118] [info] [YOLO26][DET] above_0p2=1 after_nms=1 accepted=1 max_conf=0.1714 max_class=8 max_min_kpt=0.9308 refined_color=1 color_score=-58.53 color_source=1
[DEBUG] armors=1, targets=1
[2026-09-05 22:41:27.138] [info] [YOLO26][DET] above_0p2=1 after_nms=1 accepted=1 max_conf=0.2104 max_class=8 max_min_kpt=0.9281 refined_color=1 color_score=-87.34 color_source=1
[DEBUG] armors=1, targets=1
[2026-09-05 22:41:27.158] [info] [YOLO26][DET] above_0p2=1 after_nms=1 accepted=1 max_conf=0.1678 max_class=8 max_min_kpt=0.9278 refined_color=1 color_score=-71.87 color_source=1
[DEBUG] armors=1, targets=1
[2026-09-05 22:41:27.178] [info] [YOLO26][DET] above_0p2=1 after_nms=1 accepted=1 max_conf=0.1409 max_class=8 max_min_kpt=0.9140 refined_color=1 color_score=-85.78 color_source=1
[DEBUG] armors=1, targets=1
[2026-09-05 22:41:27.197] [info] [YOLO26][DET] above_0p2=0 after_nms=0 accepted=0 max_conf=0.0738 max_class=8 max_min_kpt=0.0000 refined_color=-1 color_score=0.00 color_source=-1
[DEBUG] armors=0, targets=1
[2026-09-05 22:41:27.214] [info] [YOLO26][DET] above_0p2=0 after_nms=0 accepted=0 max_conf=0.0968 max_class=8 max_min_kpt=0.0000 refined_color=-1 color_score=0.00 color_source=-1
[DEBUG] armors=0, targets=1
[2026-09-05 22:41:27.234] [info] [YOLO26][DET] above_0p2=1 after_nms=1 accepted=1 max_conf=0.1284 max_class=8 max_min_kpt=0.9307 refined_color=1 color_score=-93.63 color_source=1
[DEBUG] armors=1, targets=0
[2026-09-05 22:41:27.237] [info] [DRYRUN] target=none gimbal_deg=(3.35,1.12) control=true shoot=false
[2026-09-05 22:41:27.255] [info] [YOLO26][DET] above_0p2=1 after_nms=1 accepted=1 max_conf=0.1780 max_class=8 max_min_kpt=0.9347 refined_color=1 color_score=-70.82 color_source=1
[DEBUG] armors=1, targets=1
[2026-09-05 22:41:27.275] [info] [YOLO26][DET] above_0p2=1 after_nms=1 accepted=1 max_conf=0.1521 max_class=8 max_min_kpt=0.9440 refined_color=1 color_score=-63.13 color_source=1
[DEBUG] armors=1, targets=1
[2026-09-05 22:41:27.296] [info] [YOLO26][DET] above_0p2=1 after_nms=1 accepted=1 max_conf=0.4274 max_class=11 max_min_kpt=0.9929 refined_color=1 color_score=-103.98 color_source=1
[DEBUG] armors=1, targets=0
[2026-09-05 22:41:27.316] [info] [YOLO26][DET] above_0p2=1 after_nms=1 accepted=1 max_conf=0.1354 max_class=11 max_min_kpt=0.9826 refined_color=1 color_score=-94.85 color_source=1
[DEBUG] armors=1, targets=1
[2026-09-05 22:41:27.337] [info] [YOLO26][DET] above_0p2=1 after_nms=1 accepted=1 max_conf=0.1211 max_class=11 max_min_kpt=0.9803 refined_color=1 color_score=-92.32 color_source=1
[DEBUG] armors=1, targets=1
[2026-09-05 22:41:27.357] [info] [YOLO26][DET] above_0p2=2 after_nms=2 accepted=2 max_conf=0.3480 max_class=11 max_min_kpt=0.9929 refined_color=1 color_score=-100.83 color_source=1
[DEBUG] armors=2, targets=1
[2026-09-05 22:41:27.377] [info] [YOLO26][DET] above_0p2=1 after_nms=1 accepted=1 max_conf=0.5525 max_class=11 max_min_kpt=0.9852 refined_color=1 color_score=-93.91 color_source=1
[DEBUG] armors=1, targets=1
[2026-09-05 22:41:27.379] [info] [XUC][FIRE] stable-window candidate started
[2026-09-05 22:41:27.395] [info] [YOLO26][DET] above_0p2=2 after_nms=2 accepted=2 max_conf=0.1536 max_class=11 max_min_kpt=0.9875 refined_color=1 color_score=-100.05 color_source=1
[DEBUG] armors=2, targets=1
[2026-09-05 22:41:27.397] [info] [XUC][FIRE] stable window reset
[2026-09-05 22:41:27.415] [info] [YOLO26][DET] above_0p2=2 after_nms=2 accepted=2 max_conf=0.3276 max_class=11 max_min_kpt=0.9961 refined_color=1 color_score=-107.54 color_source=1
[DEBUG] armors=2, targets=1
[2026-09-05 22:41:27.435] [info] [YOLO26][DET] above_0p2=2 after_nms=2 accepted=2 max_conf=0.5061 max_class=11 max_min_kpt=0.9879 refined_color=1 color_score=-81.25 color_source=1
[DEBUG] armors=2, targets=1
[2026-09-05 22:41:27.455] [info] [YOLO26][DET] above_0p2=1 after_nms=1 accepted=1 max_conf=0.2218 max_class=11 max_min_kpt=0.9875 refined_color=1 color_score=-83.81 color_source=1
[DEBUG] armors=1, targets=1
[2026-09-05 22:41:27.457] [info] [XUC][FIRE] stable-window candidate started
[2026-09-05 22:41:27.476] [info] [YOLO26][DET] above_0p2=1 after_nms=1 accepted=1 max_conf=0.2271 max_class=11 max_min_kpt=0.9872 refined_color=1 color_score=-77.26 color_source=1
[DEBUG] armors=1, targets=1
[2026-09-05 22:41:27.497] [info] [YOLO26][DET] above_0p2=1 after_nms=1 accepted=1 max_conf=0.1735 max_class=11 max_min_kpt=0.9822 refined_color=1 color_score=-76.79 color_source=1
[DEBUG] armors=1, targets=1
[2026-09-05 22:41:27.517] [info] [YOLO26][DET] above_0p2=2 after_nms=2 accepted=2 max_conf=0.2585 max_class=11 max_min_kpt=0.9836 refined_color=1 color_score=-77.95 color_source=1
[DEBUG] armors=2, targets=1
[2026-09-05 22:41:27.539] [info] [YOLO26][DET] above_0p2=2 after_nms=2 accepted=2 max_conf=0.1832 max_class=11 max_min_kpt=0.9844 refined_color=1 color_score=-79.30 color_source=1
[DEBUG] armors=2, targets=1
[2026-09-05 22:41:27.559] [info] [YOLO26][DET] above_0p2=2 after_nms=2 accepted=2 max_conf=0.3250 max_class=11 max_min_kpt=0.9919 refined_color=1 color_score=-81.34 color_source=1
[DEBUG] armors=2, targets=1
[2026-09-05 22:41:27.578] [info] [YOLO26][DET] above_0p2=1 after_nms=1 accepted=1 max_conf=0.5239 max_class=11 max_min_kpt=0.9903 refined_color=1 color_score=-87.57 color_source=1
[DEBUG] armors=1, targets=1
[2026-09-05 22:41:27.580] [info] [XUC][FIRE] stable window reset
[2026-09-05 22:41:27.598] [info] [YOLO26][DET] above_0p2=1 after_nms=1 accepted=1 max_conf=0.2630 max_class=11 max_min_kpt=0.9807 refined_color=1 color_score=-83.49 color_source=1
[DEBUG] armors=1, targets=1
[2026-09-05 22:41:27.618] [info] [YOLO26][DET] above_0p2=3 after_nms=2 accepted=2 max_conf=0.3975 max_class=11 max_min_kpt=0.9905 refined_color=1 color_score=-86.75 color_source=1
[DEBUG] armors=2, targets=1
[2026-09-05 22:41:27.638] [info] [YOLO26][DET] above_0p2=2 after_nms=2 accepted=2 max_conf=0.5186 max_class=11 max_min_kpt=0.9887 refined_color=1 color_score=-82.30 color_source=1
[DEBUG] armors=2, targets=1
[2026-09-05 22:41:27.641] [info] [DRYRUN] measured_gimbal=(3.589,0.637,0.119) measured_world=(3.548,0.845,0.048) tracked_world=(3.676,0.877,0.049) target_gimbal_deg=(10.06,1.87) target_world_deg=(13.40,0.76) gimbal_deg=(3.35,1.12) armor_y_px=497.5 pixel_error_deg=(-9.18,-1.04) ballistic=(range=nanm holdover=0.000m comp=0.00deg residual=-1.04deg) q_wxyz=(0.999526,0.000286,0.009793,-0.029187) cmd_deg=(6.94,-0.61) packed_pitch_deg=-0.61 control=true shoot=false
[2026-09-05 22:41:27.660] [info] [YOLO26][DET] above_0p2=2 after_nms=2 accepted=2 max_conf=0.4104 max_class=11 max_min_kpt=0.9831 refined_color=1 color_score=-85.21 color_source=1
[DEBUG] armors=2, targets=1
[2026-09-05 22:41:27.681] [info] [YOLO26][DET] above_0p2=2 after_nms=1 accepted=1 max_conf=0.2047 max_class=8 max_min_kpt=0.9875 refined_color=1 color_score=-73.24 color_source=1
[DEBUG] armors=1, targets=1
[2026-09-05 22:41:27.703] [info] [YOLO26][DET] above_0p2=0 after_nms=0 accepted=0 max_conf=0.0897 max_class=11 max_min_kpt=0.0000 refined_color=-1 color_score=0.00 color_source=-1
[DEBUG] armors=0, targets=1
[2026-09-05 22:41:27.721] [info] [YOLO26][DET] above_0p2=0 after_nms=0 accepted=0 max_conf=0.0606 max_class=11 max_min_kpt=0.0000 refined_color=-1 color_score=0.00 color_source=-1
[DEBUG] armors=0, targets=1
[2026-09-05 22:41:27.740] [info] [YOLO26][DET] above_0p2=0 after_nms=0 accepted=0 max_conf=0.0711 max_class=11 max_min_kpt=0.0000 refined_color=-1 color_score=0.00 color_source=-1
[DEBUG] armors=0, targets=1
[2026-09-05 22:41:27.758] [info] [YOLO26][DET] above_0p2=0 after_nms=0 accepted=0 max_conf=0.0452 max_class=11 max_min_kpt=0.0000 refined_color=-1 color_score=0.00 color_source=-1
[DEBUG] armors=0, targets=1
[2026-09-05 22:41:27.779] [info] [YOLO26][DET] above_0p2=1 after_nms=1 accepted=1 max_conf=0.2955 max_class=11 max_min_kpt=0.9876 refined_color=1 color_score=-91.02 color_source=1
[DEBUG] armors=1, targets=1
[2026-09-05 22:41:27.798] [info] [YOLO26][DET] above_0p2=0 after_nms=0 accepted=0 max_conf=0.0945 max_class=8 max_min_kpt=0.0000 refined_color=-1 color_score=0.00 color_source=-1
[DEBUG] armors=0, targets=1
[2026-09-05 22:41:27.818] [info] [YOLO26][DET] above_0p2=1 after_nms=1 accepted=1 max_conf=0.3769 max_class=11 max_min_kpt=0.9847 refined_color=1 color_score=-74.11 color_source=1
[DEBUG] armors=1, targets=1
[2026-09-05 22:41:27.823] [info] [SYNC][XUC] mode=0 yaw=-3.35 deg pitch=1.12 deg feeder_rpm=0.00 wheel0_rpm=0 wheel1_rpm=0 wheel_delta=0 projectile_speed=19.36 gate=0x1E switch=0 rc=1 sticks=1 imu=1 serial=1 control=0 yaw_armed=0 pitch_active=0
[2026-09-05 22:41:27.838] [info] [YOLO26][DET] above_0p2=0 after_nms=0 accepted=0 max_conf=0.0251 max_class=11 max_min_kpt=0.0000 refined_color=-1 color_score=0.00 color_source=-1
[2026-09-05 22:41:27.842] [info] [YOLO26] ==================== Performance ====================
[2026-09-05 22:41:27.842] [info] [YOLO26] Preprocess:  1.276 ms (6.7%)
[2026-09-05 22:41:27.842] [info] [YOLO26] Inference:   13.389 ms (70.8%)
[2026-09-05 22:41:27.842] [info] [YOLO26] Postprocess: 4.244 ms (22.4%)
[2026-09-05 22:41:27.842] [info] [YOLO26] Total:       18.910 ms (52.9 FPS)
[2026-09-05 22:41:27.842] [info] [YOLO26] ======================================================
[DEBUG] armors=0, targets=1
[2026-09-05 22:41:27.847] [info] [PERF] 总耗时=23.5ms (检测=18.9ms, 跟踪=0.0ms), FPS=42.6
[2026-09-05 22:41:27.847] [info] 📊 [CAMERA FPS] 瞬时帧率=42.5fps, 平均帧率=50.4fps, 总帧数=450, 运行时间=8.9s
[2026-09-05 22:41:27.861] [info] [YOLO26][DET] above_0p2=1 after_nms=1 accepted=1 max_conf=0.2786 max_class=11 max_min_kpt=0.9893 refined_color=1 color_score=-76.62 color_source=1
[DEBUG] armors=1, targets=1
[2026-09-05 22:41:27.882] [info] [YOLO26][DET] above_0p2=0 after_nms=0 accepted=0 max_conf=0.0456 max_class=8 max_min_kpt=0.0000 refined_color=-1 color_score=0.00 color_source=-1
[DEBUG] armors=0, targets=1
[2026-09-05 22:41:27.902] [info] [YOLO26][DET] above_0p2=1 after_nms=1 accepted=1 max_conf=0.1137 max_class=8 max_min_kpt=0.9426 refined_color=1 color_score=-90.64 color_source=1
[DEBUG] armors=1, targets=1
[2026-09-05 22:41:27.920] [info] [YOLO26][DET] above_0p2=1 after_nms=1 accepted=1 max_conf=0.1496 max_class=8 max_min_kpt=0.9426 refined_color=1 color_score=-77.30 color_source=1
[DEBUG] armors=1, targets=1
[2026-09-05 22:41:27.939] [info] [YOLO26][DET] above_0p2=0 after_nms=0 accepted=0 max_conf=0.0634 max_class=8 max_min_kpt=0.0000 refined_color=-1 color_score=0.00 color_source=-1
[DEBUG] armors=0, targets=1
[2026-09-05 22:41:27.958] [info] [YOLO26][DET] above_0p2=0 after_nms=0 accepted=0 max_conf=0.0446 max_class=8 max_min_kpt=0.0000 refined_color=-1 color_score=0.00 color_source=-1
[DEBUG] armors=0, targets=1
[2026-09-05 22:41:27.977] [info] [YOLO26][DET] above_0p2=0 after_nms=0 accepted=0 max_conf=0.0646 max_class=8 max_min_kpt=0.0000 refined_color=-1 color_score=0.00 color_source=-1
[DEBUG] armors=0, targets=1
[2026-09-05 22:41:27.996] [info] [YOLO26][DET] above_0p2=0 after_nms=0 accepted=0 max_conf=0.0640 max_class=8 max_min_kpt=0.0000 refined_color=-1 color_score=0.00 color_source=-1
[DEBUG] armors=0, targets=1
[2026-09-05 22:41:28.015] [info] [YOLO26][DET] above_0p2=1 after_nms=1 accepted=1 max_conf=0.1783 max_class=8 max_min_kpt=0.9323 refined_color=1 color_score=-78.80 color_source=1
[DEBUG] armors=1, targets=1
[2026-09-05 22:41:28.034] [info] [YOLO26][DET] above_0p2=0 after_nms=0 accepted=0 max_conf=0.0965 max_class=8 max_min_kpt=0.0000 refined_color=-1 color_score=0.00 color_source=-1
[DEBUG] armors=0, targets=1
[2026-09-05 22:41:28.052] [info] [YOLO26][DET] above_0p2=0 after_nms=0 accepted=0 max_conf=0.0476 max_class=11 max_min_kpt=0.0000 refined_color=-1 color_score=0.00 color_source=-1
[DEBUG] armors=0, targets=1
[2026-09-05 22:41:28.071] [info] [YOLO26][DET] above_0p2=2 after_nms=1 accepted=1 max_conf=0.2701 max_class=11 max_min_kpt=0.9843 refined_color=1 color_score=-81.72 color_source=1
[DEBUG] armors=1, targets=1
[2026-09-05 22:41:28.092] [info] [YOLO26][DET] above_0p2=1 after_nms=1 accepted=1 max_conf=0.1009 max_class=8 max_min_kpt=0.9040 refined_color=1 color_score=-86.33 color_source=1
[DEBUG] armors=1, targets=1
[2026-09-05 22:41:28.112] [info] [YOLO26][DET] above_0p2=1 after_nms=1 accepted=1 max_conf=0.1203 max_class=8 max_min_kpt=0.9000 refined_color=1 color_score=-80.11 color_source=1
[DEBUG] armors=1, targets=1
[2026-09-05 22:41:28.133] [info] [YOLO26][DET] above_0p2=1 after_nms=1 accepted=1 max_conf=0.1855 max_class=8 max_min_kpt=0.9411 refined_color=1 color_score=-91.75 color_source=1
[DEBUG] armors=1, targets=1
[2026-09-05 22:41:28.153] [info] [YOLO26][DET] above_0p2=1 after_nms=1 accepted=1 max_conf=0.1127 max_class=8 max_min_kpt=0.9314 refined_color=1 color_score=-75.52 color_source=1
[DEBUG] armors=1, targets=1
[2026-09-05 22:41:28.174] [info] [YOLO26][DET] above_0p2=0 after_nms=0 accepted=0 max_conf=0.0870 max_class=8 max_min_kpt=0.0000 refined_color=-1 color_score=0.00 color_source=-1
[DEBUG] armors=0, targets=1
[2026-09-05 22:41:28.194] [info] [YOLO26][DET] above_0p2=0 after_nms=0 accepted=0 max_conf=0.0761 max_class=8 max_min_kpt=0.0000 refined_color=-1 color_score=0.00 color_source=-1
[DEBUG] armors=0, targets=1
[2026-09-05 22:41:28.211] [info] [YOLO26][DET] above_0p2=1 after_nms=1 accepted=1 max_conf=0.1702 max_class=11 max_min_kpt=0.9911 refined_color=1 color_score=-91.21 color_source=1
[DEBUG] armors=1, targets=1
[2026-09-05 22:41:28.231] [info] [YOLO26][DET] above_0p2=2 after_nms=2 accepted=2 max_conf=0.3093 max_class=11 max_min_kpt=0.9817 refined_color=1 color_score=-71.65 color_source=1
[DEBUG] armors=2, targets=1
[2026-09-05 22:41:28.251] [info] [YOLO26][DET] above_0p2=2 after_nms=2 accepted=2 max_conf=0.4333 max_class=11 max_min_kpt=0.9867 refined_color=1 color_score=-91.04 color_source=1
[DEBUG] armors=2, targets=1
[2026-09-05 22:41:28.272] [info] [YOLO26][DET] above_0p2=2 after_nms=2 accepted=2 max_conf=0.3886 max_class=11 max_min_kpt=0.9938 refined_color=1 color_score=-94.59 color_source=1
[DEBUG] armors=2, targets=1
[2026-09-05 22:41:28.292] [info] [YOLO26][DET] above_0p2=3 after_nms=2 accepted=2 max_conf=0.4073 max_class=11 max_min_kpt=0.9881 refined_color=1 color_score=-91.38 color_source=1
[DEBUG] armors=2, targets=1
[2026-09-05 22:41:28.314] [info] [YOLO26][DET] above_0p2=1 after_nms=1 accepted=1 max_conf=0.2635 max_class=11 max_min_kpt=0.9882 refined_color=1 color_score=-83.65 color_source=1
[DEBUG] armors=1, targets=1
[2026-09-05 22:41:28.316] [info] [XUC][FIRE] stable-window candidate started
[2026-09-05 22:41:28.336] [info] [YOLO26][DET] above_0p2=2 after_nms=2 accepted=2 max_conf=0.3699 max_class=11 max_min_kpt=0.9917 refined_color=1 color_score=-82.40 color_source=1
[DEBUG] armors=2, targets=1
[2026-09-05 22:41:28.338] [info] [XUC][FIRE] stable window reset
[2026-09-05 22:41:28.355] [info] [YOLO26][DET] above_0p2=0 after_nms=0 accepted=0 max_conf=0.0810 max_class=11 max_min_kpt=0.0000 refined_color=-1 color_score=0.00 color_source=-1
[DEBUG] armors=0, targets=1
[2026-09-05 22:41:28.374] [info] [YOLO26][DET] above_0p2=1 after_nms=1 accepted=1 max_conf=0.1430 max_class=11 max_min_kpt=0.9778 refined_color=1 color_score=-87.72 color_source=1
[DEBUG] armors=1, targets=1
[2026-09-05 22:41:28.392] [info] [YOLO26][DET] above_0p2=2 after_nms=2 accepted=2 max_conf=0.4255 max_class=11 max_min_kpt=0.9889 refined_color=1 color_score=-84.24 color_source=1
[DEBUG] armors=2, targets=1
[2026-09-05 22:41:28.412] [info] [YOLO26][DET] above_0p2=1 after_nms=1 accepted=1 max_conf=0.5607 max_class=11 max_min_kpt=0.9854 refined_color=1 color_score=-87.75 color_source=1
[DEBUG] armors=1, targets=1
[2026-09-05 22:41:28.430] [info] [YOLO26][DET] above_0p2=1 after_nms=1 accepted=1 max_conf=0.3369 max_class=11 max_min_kpt=0.9764 refined_color=1 color_score=-85.02 color_source=1
[DEBUG] armors=1, targets=1
[2026-09-05 22:41:28.432] [info] [DRYRUN] measured_gimbal=(3.632,0.639,0.124) measured_world=(3.590,0.850,0.053) tracked_world=(4.066,0.878,0.044) target_gimbal_deg=(9.98,1.93) target_world_deg=(13.32,0.82) gimbal_deg=(3.35,1.12) armor_y_px=494.6 pixel_error_deg=(-9.09,-1.11) ballistic=(range=nanm holdover=0.000m comp=0.00deg residual=-1.11deg) q_wxyz=(0.999526,0.000286,0.009793,-0.029187) cmd_deg=(6.67,-0.71) packed_pitch_deg=-0.71 control=true shoot=false
[2026-09-05 22:41:28.449] [info] [YOLO26][DET] above_0p2=1 after_nms=1 accepted=1 max_conf=0.2398 max_class=11 max_min_kpt=0.9754 refined_color=1 color_score=-91.88 color_source=1
[DEBUG] armors=1, targets=1
[2026-09-05 22:41:28.469] [info] [YOLO26][DET] above_0p2=3 after_nms=2 accepted=2 max_conf=0.4988 max_class=11 max_min_kpt=0.9905 refined_color=1 color_score=-79.18 color_source=1
[DEBUG] armors=2, targets=1
[2026-09-05 22:41:28.489] [info] [YOLO26][DET] above_0p2=3 after_nms=2 accepted=2 max_conf=0.4195 max_class=11 max_min_kpt=0.9948 refined_color=1 color_score=-85.95 color_source=1
[DEBUG] armors=2, targets=1
[2026-09-05 22:41:28.510] [info] [YOLO26][DET] above_0p2=3 after_nms=2 accepted=2 max_conf=0.6139 max_class=11 max_min_kpt=0.9935 refined_color=1 color_score=-102.59 color_source=1
[DEBUG] armors=2, targets=1
[2026-09-05 22:41:28.531] [info] [YOLO26][DET] above_0p2=3 after_nms=2 accepted=2 max_conf=0.5131 max_class=11 max_min_kpt=0.9920 refined_color=1 color_score=-83.87 color_source=1
[DEBUG] armors=2, targets=1
[2026-09-05 22:41:28.552] [info] [YOLO26][DET] above_0p2=2 after_nms=1 accepted=1 max_conf=0.2994 max_class=11 max_min_kpt=0.9938 refined_color=1 color_score=-89.00 color_source=1
[DEBUG] armors=1, targets=1
[2026-09-05 22:41:28.573] [info] [YOLO26][DET] above_0p2=1 after_nms=1 accepted=1 max_conf=0.6153 max_class=11 max_min_kpt=0.9945 refined_color=1 color_score=-93.27 color_source=1
[DEBUG] armors=1, targets=1
[2026-09-05 22:41:28.592] [info] [YOLO26][DET] above_0p2=1 after_nms=1 accepted=1 max_conf=0.1348 max_class=11 max_min_kpt=0.9927 refined_color=1 color_score=-95.74 color_source=1
[DEBUG] armors=1, targets=1
[2026-09-05 22:41:28.611] [info] [YOLO26][DET] above_0p2=1 after_nms=1 accepted=1 max_conf=0.2888 max_class=11 max_min_kpt=0.9954 refined_color=1 color_score=-91.06 color_source=1
[DEBUG] armors=1, targets=1
[2026-09-05 22:41:28.630] [info] [YOLO26][DET] above_0p2=1 after_nms=1 accepted=1 max_conf=0.2244 max_class=11 max_min_kpt=0.9930 refined_color=1 color_score=-88.42 color_source=1
[DEBUG] armors=1, targets=1
[2026-09-05 22:41:28.649] [info] [YOLO26][DET] above_0p2=0 after_nms=0 accepted=0 max_conf=0.0580 max_class=8 max_min_kpt=0.0000 refined_color=-1 color_score=0.00 color_source=-1
[DEBUG] armors=0, targets=1
[2026-09-05 22:41:28.668] [info] [YOLO26][DET] above_0p2=1 after_nms=1 accepted=1 max_conf=0.1492 max_class=8 max_min_kpt=0.9223 refined_color=1 color_score=-98.04 color_source=1
[DEBUG] armors=1, targets=1
[2026-09-05 22:41:28.688] [info] [YOLO26][DET] above_0p2=0 after_nms=0 accepted=0 max_conf=0.0709 max_class=8 max_min_kpt=0.0000 refined_color=-1 color_score=0.00 color_source=-1
[DEBUG] armors=0, targets=1
[2026-09-05 22:41:28.707] [info] [YOLO26][DET] above_0p2=0 after_nms=0 accepted=0 max_conf=0.0353 max_class=8 max_min_kpt=0.0000 refined_color=-1 color_score=0.00 color_source=-1
[DEBUG] armors=0, targets=1
[2026-09-05 22:41:28.727] [info] [YOLO26][DET] above_0p2=0 after_nms=0 accepted=0 max_conf=0.0428 max_class=8 max_min_kpt=0.0000 refined_color=-1 color_score=0.00 color_source=-1
[DEBUG] armors=0, targets=1
[2026-09-05 22:41:28.748] [info] [YOLO26][DET] above_0p2=0 after_nms=0 accepted=0 max_conf=0.0708 max_class=8 max_min_kpt=0.0000 refined_color=-1 color_score=0.00 color_source=-1
[DEBUG] armors=0, targets=1
[2026-09-05 22:41:28.768] [info] [YOLO26][DET] above_0p2=1 after_nms=1 accepted=1 max_conf=0.1166 max_class=8 max_min_kpt=0.9459 refined_color=1 color_score=-74.12 color_source=1
[DEBUG] armors=1, targets=1
[2026-09-05 22:41:28.787] [info] [YOLO26][DET] above_0p2=1 after_nms=1 accepted=1 max_conf=0.2262 max_class=8 max_min_kpt=0.9397 refined_color=1 color_score=-84.86 color_source=1
[DEBUG] armors=1, targets=1
[2026-09-05 22:41:28.805] [info] [YOLO26][DET] above_0p2=1 after_nms=1 accepted=1 max_conf=0.1742 max_class=8 max_min_kpt=0.9448 refined_color=1 color_score=-76.10 color_source=1
[DEBUG] armors=1, targets=1
[2026-09-05 22:41:28.811] [info] [SYNC][XUC] mode=0 yaw=-3.35 deg pitch=1.12 deg feeder_rpm=0.00 wheel0_rpm=0 wheel1_rpm=0 wheel_delta=0 projectile_speed=19.36 gate=0x1E switch=0 rc=1 sticks=1 imu=1 serial=1 control=0 yaw_armed=0 pitch_active=0
[2026-09-05 22:41:28.825] [info] [YOLO26][DET] above_0p2=0 after_nms=0 accepted=0 max_conf=0.0755 max_class=8 max_min_kpt=0.0000 refined_color=-1 color_score=0.00 color_source=-1
[2026-09-05 22:41:28.829] [info] [YOLO26] ==================== Performance ====================
[2026-09-05 22:41:28.829] [info] [YOLO26] Preprocess:  1.059 ms (5.9%)
[2026-09-05 22:41:28.829] [info] [YOLO26] Inference:   13.325 ms (74.1%)
[2026-09-05 22:41:28.829] [info] [YOLO26] Postprocess: 3.592 ms (20.0%)
[2026-09-05 22:41:28.829] [info] [YOLO26] Total:       17.977 ms (55.6 FPS)
[2026-09-05 22:41:28.829] [info] [YOLO26] ======================================================
[DEBUG] armors=0, targets=1
[2026-09-05 22:41:28.831] [info] [PERF] 总耗时=20.7ms (检测=18.0ms, 跟踪=0.0ms), FPS=48.4
[2026-09-05 22:41:28.831] [info] 📊 [CAMERA FPS] 瞬时帧率=48.3fps, 平均帧率=50.5fps, 总帧数=500, 运行时间=9.9s
[2026-09-05 22:41:28.844] [info] [YOLO26][DET] above_0p2=1 after_nms=1 accepted=1 max_conf=0.1145 max_class=8 max_min_kpt=0.9143 refined_color=1 color_score=-76.01 color_source=1
[DEBUG] armors=1, targets=1
[2026-09-05 22:41:28.863] [info] [YOLO26][DET] above_0p2=1 after_nms=1 accepted=1 max_conf=0.2145 max_class=8 max_min_kpt=0.9216 refined_color=1 color_score=-72.40 color_source=1
[DEBUG] armors=1, targets=1
[2026-09-05 22:41:28.883] [info] [YOLO26][DET] above_0p2=1 after_nms=1 accepted=1 max_conf=0.2746 max_class=8 max_min_kpt=0.9374 refined_color=1 color_score=-65.47 color_source=1
[DEBUG] armors=1, targets=1
[2026-09-05 22:41:28.903] [info] [YOLO26][DET] above_0p2=1 after_nms=1 accepted=1 max_conf=0.1765 max_class=8 max_min_kpt=0.9201 refined_color=1 color_score=-66.75 color_source=1
[DEBUG] armors=1, targets=1
[2026-09-05 22:41:28.923] [info] [YOLO26][DET] above_0p2=1 after_nms=1 accepted=1 max_conf=0.1177 max_class=8 max_min_kpt=0.9203 refined_color=1 color_score=-80.97 color_source=1
[DEBUG] armors=1, targets=1
[2026-09-05 22:41:28.943] [info] [YOLO26][DET] above_0p2=1 after_nms=1 accepted=1 max_conf=0.1184 max_class=8 max_min_kpt=0.9339 refined_color=1 color_score=-82.00 color_source=1
[DEBUG] armors=1, targets=0
[2026-09-05 22:41:28.963] [info] [YOLO26][DET] above_0p2=1 after_nms=1 accepted=1 max_conf=0.1936 max_class=8 max_min_kpt=0.9288 refined_color=1 color_score=-81.05 color_source=1
[DEBUG] armors=1, targets=1
[2026-09-05 22:41:28.983] [info] [YOLO26][DET] above_0p2=1 after_nms=1 accepted=1 max_conf=0.1828 max_class=8 max_min_kpt=0.9293 refined_color=1 color_score=-82.79 color_source=1
[DEBUG] armors=1, targets=1
[2026-09-05 22:41:29.003] [info] [YOLO26][DET] above_0p2=1 after_nms=1 accepted=1 max_conf=0.2032 max_class=8 max_min_kpt=0.9414 refined_color=1 color_score=-65.05 color_source=1
[DEBUG] armors=1, targets=1
[2026-09-05 22:41:29.021] [info] [YOLO26][DET] above_0p2=1 after_nms=1 accepted=1 max_conf=0.1248 max_class=8 max_min_kpt=0.9511 refined_color=1 color_score=-70.74 color_source=1
[DEBUG] armors=1, targets=1
[2026-09-05 22:41:29.042] [info] [YOLO26][DET] above_0p2=1 after_nms=1 accepted=1 max_conf=0.1747 max_class=11 max_min_kpt=0.9906 refined_color=1 color_score=-89.54 color_source=1
[DEBUG] armors=1, targets=0
[2026-09-05 22:41:29.062] [info] [YOLO26][DET] above_0p2=0 after_nms=0 accepted=0 max_conf=0.0886 max_class=8 max_min_kpt=0.0000 refined_color=-1 color_score=0.00 color_source=-1
[DEBUG] armors=0, targets=0
[2026-09-05 22:41:29.079] [info] [YOLO26][DET] above_0p2=0 after_nms=0 accepted=0 max_conf=0.0748 max_class=8 max_min_kpt=0.0000 refined_color=-1 color_score=0.00 color_source=-1
[DEBUG] armors=0, targets=0
[2026-09-05 22:41:29.098] [info] [YOLO26][DET] above_0p2=0 after_nms=0 accepted=0 max_conf=0.0515 max_class=8 max_min_kpt=0.0000 refined_color=-1 color_score=0.00 color_source=-1
[DEBUG] armors=0, targets=0
[2026-09-05 22:41:29.117] [info] [YOLO26][DET] above_0p2=0 after_nms=0 accepted=0 max_conf=0.0567 max_class=14 max_min_kpt=0.0000 refined_color=-1 color_score=0.00 color_source=-1
[DEBUG] armors=0, targets=0
[2026-09-05 22:41:29.136] [info] [YOLO26][DET] above_0p2=0 after_nms=0 accepted=0 max_conf=0.0736 max_class=10 max_min_kpt=0.0000 refined_color=-1 color_score=0.00 color_source=-1
[DEBUG] armors=0, targets=0
[2026-09-05 22:41:29.157] [info] [YOLO26][DET] above_0p2=1 after_nms=1 accepted=1 max_conf=0.2053 max_class=11 max_min_kpt=0.9922 refined_color=1 color_score=-94.15 color_source=1
[DEBUG] armors=1, targets=1
[2026-09-05 22:41:29.177] [info] [YOLO26][DET] above_0p2=3 after_nms=1 accepted=1 max_conf=0.1395 max_class=8 max_min_kpt=0.9857 refined_color=1 color_score=-90.69 color_source=1
[DEBUG] armors=1, targets=0
[2026-09-05 22:41:29.198] [info] [YOLO26][DET] above_0p2=3 after_nms=2 accepted=2 max_conf=0.1888 max_class=11 max_min_kpt=0.9856 refined_color=1 color_score=-93.92 color_source=1
[DEBUG] armors=2, targets=1
[2026-09-05 22:41:29.218] [info] [YOLO26][DET] above_0p2=2 after_nms=2 accepted=2 max_conf=0.2243 max_class=11 max_min_kpt=0.9937 refined_color=1 color_score=-103.94 color_source=1
[DEBUG] armors=2, targets=1
[2026-09-05 22:41:29.222] [info] [DRYRUN] measured_gimbal=(3.568,0.591,0.114) measured_world=(3.529,0.798,0.044) tracked_world=(3.702,0.388,0.040) target_gimbal_deg=(9.40,1.81) target_world_deg=(12.74,0.70) gimbal_deg=(3.35,1.12) armor_y_px=500.3 pixel_error_deg=(-8.53,-0.97) ballistic=(range=nanm holdover=0.000m comp=0.00deg residual=-0.97deg) q_wxyz=(0.999526,0.000286,0.009793,-0.029187) cmd_deg=(10.37,-0.47) packed_pitch_deg=-0.47 control=true shoot=false
[2026-09-05 22:41:29.240] [info] [YOLO26][DET] above_0p2=2 after_nms=2 accepted=2 max_conf=0.5250 max_class=11 max_min_kpt=0.9874 refined_color=1 color_score=-88.15 color_source=1
[DEBUG] armors=2, targets=1
[2026-09-05 22:41:29.261] [info] [YOLO26][DET] above_0p2=1 after_nms=1 accepted=1 max_conf=0.3843 max_class=11 max_min_kpt=0.9839 refined_color=1 color_score=-82.94 color_source=1
[DEBUG] armors=1, targets=1
[2026-09-05 22:41:29.262] [info] [XUC][FIRE] stable-window candidate started
[2026-09-05 22:41:29.279] [info] [YOLO26][DET] above_0p2=2 after_nms=2 accepted=2 max_conf=0.3630 max_class=11 max_min_kpt=0.9866 refined_color=1 color_score=-77.20 color_source=1
[DEBUG] armors=2, targets=1
[2026-09-05 22:41:29.300] [info] [YOLO26][DET] above_0p2=2 after_nms=2 accepted=2 max_conf=0.4174 max_class=11 max_min_kpt=0.9900 refined_color=1 color_score=-79.32 color_source=1
[DEBUG] armors=2, targets=1
[2026-09-05 22:41:29.321] [info] [YOLO26][DET] above_0p2=2 after_nms=2 accepted=2 max_conf=0.4708 max_class=11 max_min_kpt=0.9917 refined_color=1 color_score=-84.33 color_source=1
[DEBUG] armors=2, targets=1
[2026-09-05 22:41:29.341] [info] [YOLO26][DET] above_0p2=1 after_nms=1 accepted=1 max_conf=0.1752 max_class=11 max_min_kpt=0.9802 refined_color=1 color_score=-84.55 color_source=1
[DEBUG] armors=1, targets=1
[2026-09-05 22:41:29.344] [info] [XUC][FIRE] stable window reset
[2026-09-05 22:41:29.362] [info] [YOLO26][DET] above_0p2=2 after_nms=2 accepted=2 max_conf=0.5500 max_class=11 max_min_kpt=0.9919 refined_color=1 color_score=-94.03 color_source=1
[DEBUG] armors=2, targets=1
[2026-09-05 22:41:29.365] [info] [XUC][FIRE] stable-window candidate started
[2026-09-05 22:41:29.383] [info] [YOLO26][DET] above_0p2=2 after_nms=2 accepted=2 max_conf=0.8045 max_class=11 max_min_kpt=0.9928 refined_color=1 color_score=-85.56 color_source=1
[DEBUG] armors=2, targets=1
[2026-09-05 22:41:29.404] [info] [YOLO26][DET] above_0p2=2 after_nms=2 accepted=2 max_conf=0.8422 max_class=11 max_min_kpt=0.9941 refined_color=1 color_score=-91.31 color_source=1
[DEBUG] armors=2, targets=1
[2026-09-05 22:41:29.424] [info] [YOLO26][DET] above_0p2=2 after_nms=2 accepted=2 max_conf=0.6100 max_class=11 max_min_kpt=0.9895 refined_color=1 color_score=-89.42 color_source=1
[DEBUG] armors=2, targets=1
[2026-09-05 22:41:29.444] [info] [YOLO26][DET] above_0p2=1 after_nms=1 accepted=1 max_conf=0.2181 max_class=11 max_min_kpt=0.9909 refined_color=1 color_score=-87.61 color_source=1
[DEBUG] armors=1, targets=1
[2026-09-05 22:41:29.447] [info] [XUC][FIRE] stable window reset
[2026-09-05 22:41:29.464] [info] [YOLO26][DET] above_0p2=1 after_nms=1 accepted=1 max_conf=0.7433 max_class=11 max_min_kpt=0.9964 refined_color=1 color_score=-87.31 color_source=1
[DEBUG] armors=1, targets=1
[2026-09-05 22:41:29.483] [info] [YOLO26][DET] above_0p2=2 after_nms=1 accepted=1 max_conf=0.2350 max_class=11 max_min_kpt=0.9921 refined_color=1 color_score=-90.71 color_source=1
[DEBUG] armors=1, targets=1
[2026-09-05 22:41:29.504] [info] [YOLO26][DET] above_0p2=1 after_nms=1 accepted=1 max_conf=0.1839 max_class=11 max_min_kpt=0.9927 refined_color=1 color_score=-95.42 color_source=1
[DEBUG] armors=1, targets=1
[2026-09-05 22:41:29.524] [info] [YOLO26][DET] above_0p2=1 after_nms=1 accepted=1 max_conf=0.3701 max_class=11 max_min_kpt=0.9936 refined_color=1 color_score=-96.51 color_source=1
[DEBUG] armors=1, targets=1
[2026-09-05 22:41:29.545] [info] [YOLO26][DET] above_0p2=1 after_nms=1 accepted=1 max_conf=0.1216 max_class=11 max_min_kpt=0.9918 refined_color=1 color_score=-94.77 color_source=1
[DEBUG] armors=1, targets=1
[2026-09-05 22:41:29.564] [info] [YOLO26][DET] above_0p2=1 after_nms=1 accepted=1 max_conf=0.1526 max_class=8 max_min_kpt=0.9197 refined_color=1 color_score=-100.46 color_source=1
[DEBUG] armors=1, targets=1
[2026-09-05 22:41:29.584] [info] [YOLO26][DET] above_0p2=1 after_nms=1 accepted=1 max_conf=0.1186 max_class=8 max_min_kpt=0.9289 refined_color=1 color_score=-84.27 color_source=1
[DEBUG] armors=1, targets=1
[2026-09-05 22:41:29.602] [info] [YOLO26][DET] above_0p2=0 after_nms=0 accepted=0 max_conf=0.0559 max_class=8 max_min_kpt=0.0000 refined_color=-1 color_score=0.00 color_source=-1
[DEBUG] armors=0, targets=1
[2026-09-05 22:41:29.619] [info] [YOLO26][DET] above_0p2=0 after_nms=0 accepted=0 max_conf=0.0378 max_class=11 max_min_kpt=0.0000 refined_color=-1 color_score=0.00 color_source=-1
[DEBUG] armors=0, targets=1
[2026-09-05 22:41:29.637] [info] [YOLO26][DET] above_0p2=1 after_nms=1 accepted=1 max_conf=0.1005 max_class=11 max_min_kpt=0.9932 refined_color=1 color_score=-80.45 color_source=1
[DEBUG] armors=1, targets=1
[2026-09-05 22:41:29.657] [info] [YOLO26][DET] above_0p2=0 after_nms=0 accepted=0 max_conf=0.0631 max_class=8 max_min_kpt=0.0000 refined_color=-1 color_score=0.00 color_source=-1
[DEBUG] armors=0, targets=1
[2026-09-05 22:41:29.676] [info] [YOLO26][DET] above_0p2=1 after_nms=1 accepted=1 max_conf=0.1194 max_class=8 max_min_kpt=0.9489 refined_color=1 color_score=-91.19 color_source=1
[DEBUG] armors=1, targets=1
[2026-09-05 22:41:29.694] [info] [YOLO26][DET] above_0p2=1 after_nms=1 accepted=1 max_conf=0.1403 max_class=8 max_min_kpt=0.9503 refined_color=1 color_score=-91.46 color_source=1
[DEBUG] armors=1, targets=1
[2026-09-05 22:41:29.711] [info] [YOLO26][DET] above_0p2=0 after_nms=0 accepted=0 max_conf=0.0192 max_class=8 max_min_kpt=0.0000 refined_color=-1 color_score=0.00 color_source=-1
[DEBUG] armors=0, targets=1
[2026-09-05 22:41:29.729] [info] [YOLO26][DET] above_0p2=0 after_nms=0 accepted=0 max_conf=0.0279 max_class=11 max_min_kpt=0.0000 refined_color=-1 color_score=0.00 color_source=-1
[DEBUG] armors=0, targets=1
[2026-09-05 22:41:29.749] [info] [YOLO26][DET] above_0p2=1 after_nms=1 accepted=1 max_conf=0.1398 max_class=8 max_min_kpt=0.9249 refined_color=1 color_score=-81.52 color_source=1
[DEBUG] armors=1, targets=1
[2026-09-05 22:41:29.768] [info] [YOLO26][DET] above_0p2=1 after_nms=1 accepted=1 max_conf=0.1367 max_class=8 max_min_kpt=0.9257 refined_color=1 color_score=-71.43 color_source=1
[DEBUG] armors=1, targets=1
[2026-09-05 22:41:29.787] [info] [YOLO26][DET] above_0p2=1 after_nms=1 accepted=1 max_conf=0.1443 max_class=8 max_min_kpt=0.9426 refined_color=1 color_score=-85.84 color_source=1
[DEBUG] armors=1, targets=1
[2026-09-05 22:41:29.791] [info] [SYNC][XUC] mode=0 yaw=-3.35 deg pitch=1.12 deg feeder_rpm=0.00 wheel0_rpm=0 wheel1_rpm=0 wheel_delta=0 projectile_speed=19.36 gate=0x1E switch=0 rc=1 sticks=1 imu=1 serial=1 control=0 yaw_armed=0 pitch_active=0
[2026-09-05 22:41:29.805] [info] [YOLO26][DET] above_0p2=0 after_nms=0 accepted=0 max_conf=0.0998 max_class=8 max_min_kpt=0.0000 refined_color=-1 color_score=0.00 color_source=-1
[2026-09-05 22:41:29.808] [info] [YOLO26] ==================== Performance ====================
[2026-09-05 22:41:29.808] [info] [YOLO26] Preprocess:  1.230 ms (7.1%)
[2026-09-05 22:41:29.808] [info] [YOLO26] Inference:   12.693 ms (73.0%)
[2026-09-05 22:41:29.808] [info] [YOLO26] Postprocess: 3.469 ms (19.9%)
[2026-09-05 22:41:29.808] [info] [YOLO26] Total:       17.394 ms (57.5 FPS)
[2026-09-05 22:41:29.808] [info] [YOLO26] ======================================================
[DEBUG] armors=0, targets=1
[2026-09-05 22:41:29.811] [info] [PERF] 总耗时=20.0ms (检测=17.4ms, 跟踪=0.0ms), FPS=49.9
[2026-09-05 22:41:29.811] [info] 📊 [CAMERA FPS] 瞬时帧率=49.9fps, 平均帧率=50.5fps, 总帧数=550, 运行时间=10.9s
[2026-09-05 22:41:29.827] [info] [YOLO26][DET] above_0p2=2 after_nms=1 accepted=1 max_conf=0.1826 max_class=11 max_min_kpt=0.9961 refined_color=1 color_score=-99.23 color_source=1
[DEBUG] armors=1, targets=1
[2026-09-05 22:41:29.846] [info] [YOLO26][DET] above_0p2=1 after_nms=1 accepted=1 max_conf=0.1026 max_class=11 max_min_kpt=0.9886 refined_color=1 color_score=-90.63 color_source=1
[DEBUG] armors=1, targets=1
[2026-09-05 22:41:29.866] [info] [YOLO26][DET] above_0p2=0 after_nms=0 accepted=0 max_conf=0.0989 max_class=8 max_min_kpt=0.0000 refined_color=-1 color_score=0.00 color_source=-1
[DEBUG] armors=0, targets=1
[2026-09-05 22:41:29.886] [info] [YOLO26][DET] above_0p2=2 after_nms=1 accepted=1 max_conf=0.3220 max_class=11 max_min_kpt=0.9914 refined_color=1 color_score=-97.89 color_source=1
[DEBUG] armors=1, targets=1
[2026-09-05 22:41:29.907] [info] [YOLO26][DET] above_0p2=1 after_nms=1 accepted=1 max_conf=0.2147 max_class=8 max_min_kpt=0.9458 refined_color=1 color_score=-66.61 color_source=1
[DEBUG] armors=1, targets=1
[2026-09-05 22:41:29.927] [info] [YOLO26][DET] above_0p2=2 after_nms=1 accepted=1 max_conf=0.1604 max_class=11 max_min_kpt=0.9951 refined_color=1 color_score=-93.80 color_source=1
[DEBUG] armors=1, targets=1
[2026-09-05 22:41:29.946] [info] [YOLO26][DET] above_0p2=1 after_nms=1 accepted=1 max_conf=0.2457 max_class=11 max_min_kpt=0.9890 refined_color=1 color_score=-89.37 color_source=1
[DEBUG] armors=1, targets=1
[2026-09-05 22:41:29.966] [info] [YOLO26][DET] above_0p2=1 after_nms=1 accepted=1 max_conf=0.1494 max_class=11 max_min_kpt=0.9878 refined_color=1 color_score=-90.22 color_source=1
[DEBUG] armors=1, targets=1
[2026-09-05 22:41:29.986] [info] [YOLO26][DET] above_0p2=1 after_nms=1 accepted=1 max_conf=0.1245 max_class=11 max_min_kpt=0.9891 refined_color=1 color_score=-87.36 color_source=1
[DEBUG] armors=1, targets=1
[2026-09-05 22:41:29.988] [info] [XUC][FIRE] stable-window candidate started
[2026-09-05 22:41:30.004] [info] [YOLO26][DET] above_0p2=2 after_nms=2 accepted=2 max_conf=0.3152 max_class=11 max_min_kpt=0.9870 refined_color=1 color_score=-82.00 color_source=1
[DEBUG] armors=2, targets=1
[2026-09-05 22:41:30.007] [info] [XUC][FIRE] stable window reset
[2026-09-05 22:41:30.007] [info] [DRYRUN] measured_gimbal=(3.566,0.546,0.115) measured_world=(3.530,0.753,0.046) tracked_world=(3.558,0.764,0.044) target_gimbal_deg=(8.70,1.83) target_world_deg=(12.04,0.72) gimbal_deg=(3.35,1.12) armor_y_px=499.4 pixel_error_deg=(-7.83,-1.00) ballistic=(range=nanm holdover=0.000m comp=0.00deg residual=-1.00deg) q_wxyz=(0.999526,0.000286,0.009793,-0.029187) cmd_deg=(4.20,-0.51) packed_pitch_deg=-0.51 control=true shoot=false
[2026-09-05 22:41:30.024] [info] [YOLO26][DET] above_0p2=2 after_nms=2 accepted=2 max_conf=0.4969 max_class=11 max_min_kpt=0.9883 refined_color=1 color_score=-95.56 color_source=1
[DEBUG] armors=2, targets=1
[2026-09-05 22:41:30.043] [info] [YOLO26][DET] above_0p2=2 after_nms=2 accepted=2 max_conf=0.7606 max_class=11 max_min_kpt=0.9936 refined_color=1 color_score=-104.05 color_source=1
[DEBUG] armors=2, targets=1
[2026-09-05 22:41:30.063] [info] [YOLO26][DET] above_0p2=2 after_nms=2 accepted=2 max_conf=0.3369 max_class=11 max_min_kpt=0.9880 refined_color=1 color_score=-99.67 color_source=1
[DEBUG] armors=2, targets=1
[2026-09-05 22:41:30.083] [info] [YOLO26][DET] above_0p2=3 after_nms=2 accepted=2 max_conf=0.4545 max_class=11 max_min_kpt=0.9880 refined_color=1 color_score=-82.05 color_source=1
[DEBUG] armors=2, targets=1
[2026-09-05 22:41:30.103] [info] [YOLO26][DET] above_0p2=2 after_nms=2 accepted=2 max_conf=0.5443 max_class=11 max_min_kpt=0.9934 refined_color=1 color_score=-92.94 color_source=1
[DEBUG] armors=2, targets=1
[2026-09-05 22:41:30.124] [info] [YOLO26][DET] above_0p2=2 after_nms=2 accepted=2 max_conf=0.1778 max_class=11 max_min_kpt=0.9889 refined_color=1 color_score=-84.71 color_source=1
[DEBUG] armors=2, targets=1
[2026-09-05 22:41:30.144] [info] [YOLO26][DET] above_0p2=1 after_nms=1 accepted=1 max_conf=0.1949 max_class=11 max_min_kpt=0.9911 refined_color=1 color_score=-85.97 color_source=1
[DEBUG] armors=1, targets=1
[2026-09-05 22:41:30.148] [info] [XUC][FIRE] stable-window candidate started
[2026-09-05 22:41:30.164] [info] [YOLO26][DET] above_0p2=1 after_nms=1 accepted=1 max_conf=0.1260 max_class=11 max_min_kpt=0.9834 refined_color=1 color_score=-84.26 color_source=1
[DEBUG] armors=1, targets=1
[2026-09-05 22:41:30.168] [info] [XUC][FIRE] stable window reset
[2026-09-05 22:41:30.185] [info] [YOLO26][DET] above_0p2=2 after_nms=2 accepted=2 max_conf=0.4150 max_class=11 max_min_kpt=0.9901 refined_color=1 color_score=-87.02 color_source=1
[DEBUG] armors=2, targets=1
[2026-09-05 22:41:30.204] [info] [YOLO26][DET] above_0p2=2 after_nms=2 accepted=2 max_conf=0.2982 max_class=11 max_min_kpt=0.9883 refined_color=1 color_score=-88.12 color_source=1
[DEBUG] armors=2, targets=1
[2026-09-05 22:41:30.225] [info] [YOLO26][DET] above_0p2=3 after_nms=2 accepted=2 max_conf=0.6947 max_class=11 max_min_kpt=0.9946 refined_color=1 color_score=-87.95 color_source=1
[DEBUG] armors=2, targets=1
[2026-09-05 22:41:30.246] [info] [YOLO26][DET] above_0p2=2 after_nms=2 accepted=2 max_conf=0.3445 max_class=11 max_min_kpt=0.9899 refined_color=1 color_score=-88.80 color_source=1
[DEBUG] armors=2, targets=1
[2026-09-05 22:41:30.266] [info] [YOLO26][DET] above_0p2=2 after_nms=2 accepted=2 max_conf=0.2824 max_class=11 max_min_kpt=0.9883 refined_color=1 color_score=-83.87 color_source=1
[DEBUG] armors=2, targets=1
[2026-09-05 22:41:30.287] [info] [YOLO26][DET] above_0p2=3 after_nms=3 accepted=3 max_conf=0.3428 max_class=11 max_min_kpt=0.9888 refined_color=1 color_score=-88.92 color_source=1
[DEBUG] armors=3, targets=1
[2026-09-05 22:41:30.307] [info] [YOLO26][DET] above_0p2=3 after_nms=2 accepted=2 max_conf=0.4102 max_class=11 max_min_kpt=0.9942 refined_color=1 color_score=-94.23 color_source=1
[DEBUG] armors=2, targets=1
[2026-09-05 22:41:30.328] [info] [YOLO26][DET] above_0p2=2 after_nms=1 accepted=1 max_conf=0.3866 max_class=11 max_min_kpt=0.9874 refined_color=1 color_score=-86.45 color_source=1
[DEBUG] armors=1, targets=1
[2026-09-05 22:41:30.346] [info] [YOLO26][DET] above_0p2=1 after_nms=1 accepted=1 max_conf=0.1693 max_class=11 max_min_kpt=0.9918 refined_color=1 color_score=-88.94 color_source=1
[DEBUG] armors=1, targets=1
[2026-09-05 22:41:30.364] [info] [YOLO26][DET] above_0p2=1 after_nms=1 accepted=1 max_conf=0.1492 max_class=11 max_min_kpt=0.9940 refined_color=1 color_score=-91.98 color_source=1
[DEBUG] armors=1, targets=1
[2026-09-05 22:41:30.385] [info] [YOLO26][DET] above_0p2=1 after_nms=1 accepted=1 max_conf=0.1973 max_class=11 max_min_kpt=0.9862 refined_color=1 color_score=-85.47 color_source=1
[DEBUG] armors=1, targets=1
[2026-09-05 22:41:30.404] [info] [YOLO26][DET] above_0p2=0 after_nms=0 accepted=0 max_conf=0.0678 max_class=8 max_min_kpt=0.0000 refined_color=-1 color_score=0.00 color_source=-1
[DEBUG] armors=0, targets=1
[2026-09-05 22:41:30.424] [info] [YOLO26][DET] above_0p2=0 after_nms=0 accepted=0 max_conf=0.0925 max_class=11 max_min_kpt=0.0000 refined_color=-1 color_score=0.00 color_source=-1
[DEBUG] armors=0, targets=1
[2026-09-05 22:41:30.445] [info] [YOLO26][DET] above_0p2=0 after_nms=0 accepted=0 max_conf=0.0538 max_class=8 max_min_kpt=0.0000 refined_color=-1 color_score=0.00 color_source=-1
[DEBUG] armors=0, targets=1
[2026-09-05 22:41:30.466] [info] [YOLO26][DET] above_0p2=0 after_nms=0 accepted=0 max_conf=0.0904 max_class=11 max_min_kpt=0.0000 refined_color=-1 color_score=0.00 color_source=-1
[DEBUG] armors=0, targets=1
[2026-09-05 22:41:30.487] [info] [YOLO26][DET] above_0p2=0 after_nms=0 accepted=0 max_conf=0.0782 max_class=11 max_min_kpt=0.0000 refined_color=-1 color_score=0.00 color_source=-1
[DEBUG] armors=0, targets=1
[2026-09-05 22:41:30.509] [info] [YOLO26][DET] above_0p2=1 after_nms=1 accepted=1 max_conf=0.1124 max_class=8 max_min_kpt=0.9349 refined_color=1 color_score=-97.82 color_source=1
[DEBUG] armors=1, targets=1
[2026-09-05 22:41:30.530] [info] [YOLO26][DET] above_0p2=1 after_nms=1 accepted=1 max_conf=0.1103 max_class=8 max_min_kpt=0.9283 refined_color=1 color_score=-70.76 color_source=1
[DEBUG] armors=1, targets=1
[2026-09-05 22:41:30.548] [info] [YOLO26][DET] above_0p2=1 after_nms=1 accepted=1 max_conf=0.1577 max_class=8 max_min_kpt=0.9440 refined_color=1 color_score=-106.49 color_source=1
[DEBUG] armors=1, targets=1
[2026-09-05 22:41:30.567] [info] [YOLO26][DET] above_0p2=1 after_nms=1 accepted=1 max_conf=0.1058 max_class=8 max_min_kpt=0.9515 refined_color=1 color_score=-83.68 color_source=1
[DEBUG] armors=1, targets=1
[2026-09-05 22:41:30.588] [info] [YOLO26][DET] above_0p2=0 after_nms=0 accepted=0 max_conf=0.0928 max_class=8 max_min_kpt=0.0000 refined_color=-1 color_score=0.00 color_source=-1
[DEBUG] armors=0, targets=1
[2026-09-05 22:41:30.608] [info] [YOLO26][DET] above_0p2=0 after_nms=0 accepted=0 max_conf=0.0892 max_class=8 max_min_kpt=0.0000 refined_color=-1 color_score=0.00 color_source=-1
[DEBUG] armors=0, targets=1
[2026-09-05 22:41:30.628] [info] [YOLO26][DET] above_0p2=1 after_nms=1 accepted=1 max_conf=0.1947 max_class=8 max_min_kpt=0.9338 refined_color=1 color_score=-65.82 color_source=1
[DEBUG] armors=1, targets=1
[2026-09-05 22:41:30.649] [info] [YOLO26][DET] above_0p2=1 after_nms=1 accepted=1 max_conf=0.1865 max_class=8 max_min_kpt=0.9106 refined_color=1 color_score=-68.08 color_source=1
[DEBUG] armors=1, targets=1
[2026-09-05 22:41:30.669] [info] [YOLO26][DET] above_0p2=1 after_nms=1 accepted=1 max_conf=0.2159 max_class=8 max_min_kpt=0.9353 refined_color=1 color_score=-79.73 color_source=1
[DEBUG] armors=1, targets=1
[2026-09-05 22:41:30.687] [info] [YOLO26][DET] above_0p2=1 after_nms=1 accepted=1 max_conf=0.1176 max_class=8 max_min_kpt=0.9155 refined_color=1 color_score=-68.09 color_source=1
[DEBUG] armors=1, targets=1
[2026-09-05 22:41:30.705] [info] [YOLO26][DET] above_0p2=0 after_nms=0 accepted=0 max_conf=0.0915 max_class=8 max_min_kpt=0.0000 refined_color=-1 color_score=0.00 color_source=-1
[DEBUG] armors=0, targets=0
[2026-09-05 22:41:30.725] [info] [YOLO26][DET] above_0p2=0 after_nms=0 accepted=0 max_conf=0.0945 max_class=8 max_min_kpt=0.0000 refined_color=-1 color_score=0.00 color_source=-1
[DEBUG] armors=0, targets=0
[2026-09-05 22:41:30.744] [info] [YOLO26][DET] above_0p2=1 after_nms=1 accepted=1 max_conf=0.1075 max_class=8 max_min_kpt=0.9267 refined_color=1 color_score=-94.13 color_source=1
[DEBUG] armors=1, targets=1
[2026-09-05 22:41:30.763] [info] [YOLO26][DET] above_0p2=1 after_nms=1 accepted=1 max_conf=0.1131 max_class=8 max_min_kpt=0.9379 refined_color=1 color_score=-82.79 color_source=1
[DEBUG] armors=1, targets=1
[2026-09-05 22:41:30.782] [info] [YOLO26][DET] above_0p2=1 after_nms=1 accepted=1 max_conf=0.2161 max_class=8 max_min_kpt=0.9435 refined_color=1 color_score=-83.75 color_source=1
[DEBUG] armors=1, targets=1
[2026-09-05 22:41:30.786] [info] [SYNC][XUC] mode=0 yaw=-3.35 deg pitch=1.12 deg feeder_rpm=0.00 wheel0_rpm=0 wheel1_rpm=0 wheel_delta=0 projectile_speed=19.36 gate=0x1E switch=0 rc=1 sticks=1 imu=1 serial=1 control=0 yaw_armed=0 pitch_active=0
[2026-09-05 22:41:30.801] [info] [YOLO26][DET] above_0p2=2 after_nms=1 accepted=1 max_conf=0.1998 max_class=11 max_min_kpt=0.9958 refined_color=1 color_score=-97.86 color_source=1
[2026-09-05 22:41:30.805] [info] [YOLO26] ==================== Performance ====================
[2026-09-05 22:41:30.805] [info] [YOLO26] Preprocess:  1.022 ms (5.5%)
[2026-09-05 22:41:30.805] [info] [YOLO26] Inference:   13.640 ms (73.9%)
[2026-09-05 22:41:30.805] [info] [YOLO26] Postprocess: 3.784 ms (20.5%)
[2026-09-05 22:41:30.805] [info] [YOLO26] Total:       18.447 ms (54.2 FPS)
[2026-09-05 22:41:30.805] [info] [YOLO26] ======================================================
[DEBUG] armors=1, targets=0
[2026-09-05 22:41:30.805] [info] [DRYRUN] target=none gimbal_deg=(3.35,1.12) control=true shoot=false
[2026-09-05 22:41:30.808] [info] [PERF] 总耗时=21.7ms (检测=18.5ms, 跟踪=0.0ms), FPS=46.0
[2026-09-05 22:41:30.808] [info] 📊 [CAMERA FPS] 瞬时帧率=46.0fps, 平均帧率=50.5fps, 总帧数=600, 运行时间=11.9s
[2026-09-05 22:41:30.823] [info] [YOLO26][DET] above_0p2=1 after_nms=1 accepted=1 max_conf=0.2899 max_class=11 max_min_kpt=0.9851 refined_color=1 color_score=-100.28 color_source=1
[DEBUG] armors=1, targets=1
[2026-09-05 22:41:30.842] [info] [YOLO26][DET] above_0p2=0 after_nms=0 accepted=0 max_conf=0.0900 max_class=11 max_min_kpt=0.0000 refined_color=-1 color_score=0.00 color_source=-1
[DEBUG] armors=0, targets=0
[2026-09-05 22:41:30.862] [info] [YOLO26][DET] above_0p2=1 after_nms=1 accepted=1 max_conf=0.1139 max_class=11 max_min_kpt=0.9877 refined_color=1 color_score=-94.14 color_source=1
[DEBUG] armors=1, targets=1
[2026-09-05 22:41:30.882] [info] [YOLO26][DET] above_0p2=2 after_nms=2 accepted=2 max_conf=0.6633 max_class=11 max_min_kpt=0.9876 refined_color=1 color_score=-94.48 color_source=1
[DEBUG] armors=2, targets=1
[2026-09-05 22:41:30.903] [info] [YOLO26][DET] above_0p2=1 after_nms=1 accepted=1 max_conf=0.4593 max_class=11 max_min_kpt=0.9889 refined_color=1 color_score=-86.75 color_source=1
[DEBUG] armors=1, targets=1
[2026-09-05 22:41:30.906] [info] [XUC][FIRE] stable-window candidate started
[2026-09-05 22:41:30.922] [info] [YOLO26][DET] above_0p2=2 after_nms=2 accepted=2 max_conf=0.4228 max_class=11 max_min_kpt=0.9864 refined_color=1 color_score=-86.24 color_source=1
[DEBUG] armors=2, targets=1
[2026-09-05 22:41:30.924] [info] [XUC][FIRE] stable window reset
[2026-09-05 22:41:30.942] [info] [YOLO26][DET] above_0p2=2 after_nms=2 accepted=2 max_conf=0.6060 max_class=11 max_min_kpt=0.9922 refined_color=1 color_score=-83.51 color_source=1
[DEBUG] armors=2, targets=1
[2026-09-05 22:41:30.962] [info] [YOLO26][DET] above_0p2=2 after_nms=2 accepted=2 max_conf=0.4322 max_class=11 max_min_kpt=0.9866 refined_color=1 color_score=-80.62 color_source=1
[DEBUG] armors=2, targets=1
[2026-09-05 22:41:30.981] [info] [YOLO26][DET] above_0p2=1 after_nms=1 accepted=1 max_conf=0.1438 max_class=11 max_min_kpt=0.9829 refined_color=1 color_score=-73.82 color_source=1
[DEBUG] armors=1, targets=1
[2026-09-05 22:41:30.983] [info] [XUC][FIRE] stable-window candidate started
[2026-09-05 22:41:31.001] [info] [YOLO26][DET] above_0p2=1 after_nms=1 accepted=1 max_conf=0.2069 max_class=11 max_min_kpt=0.9759 refined_color=1 color_score=-79.13 color_source=1
[DEBUG] armors=1, targets=1
[2026-09-05 22:41:31.021] [info] [YOLO26][DET] above_0p2=0 after_nms=0 accepted=0 max_conf=0.0402 max_class=11 max_min_kpt=0.0000 refined_color=-1 color_score=0.00 color_source=-1
[DEBUG] armors=0, targets=1
[2026-09-05 22:41:31.022] [info] [XUC][FIRE] stable window reset
[2026-09-05 22:41:31.040] [info] [YOLO26][DET] above_0p2=1 after_nms=1 accepted=1 max_conf=0.4553 max_class=11 max_min_kpt=0.9831 refined_color=1 color_score=-81.34 color_source=1
[DEBUG] armors=1, targets=1
[2026-09-05 22:41:31.042] [info] [XUC][FIRE] stable-window candidate started
[2026-09-05 22:41:31.059] [info] [YOLO26][DET] above_0p2=2 after_nms=2 accepted=2 max_conf=0.2701 max_class=11 max_min_kpt=0.9892 refined_color=1 color_score=-87.52 color_source=1
[DEBUG] armors=2, targets=1
[2026-09-05 22:41:31.080] [info] [YOLO26][DET] above_0p2=1 after_nms=1 accepted=1 max_conf=0.4976 max_class=11 max_min_kpt=0.9849 refined_color=1 color_score=-84.88 color_source=1
[DEBUG] armors=1, targets=1
[2026-09-05 22:41:31.082] [info] [XUC][FIRE] stable window reset
[2026-09-05 22:41:31.100] [info] [YOLO26][DET] above_0p2=1 after_nms=1 accepted=1 max_conf=0.6350 max_class=11 max_min_kpt=0.9882 refined_color=1 color_score=-96.50 color_source=1
[DEBUG] armors=1, targets=1
[2026-09-05 22:41:31.121] [info] [YOLO26][DET] above_0p2=3 after_nms=2 accepted=2 max_conf=0.2829 max_class=11 max_min_kpt=0.9820 refined_color=1 color_score=-90.10 color_source=1
[DEBUG] armors=2, targets=1
[2026-09-05 22:41:31.140] [info] [YOLO26][DET] above_0p2=3 after_nms=2 accepted=2 max_conf=0.4557 max_class=11 max_min_kpt=0.9936 refined_color=1 color_score=-83.80 color_source=1
[DEBUG] armors=2, targets=1
[2026-09-05 22:41:31.160] [info] [YOLO26][DET] above_0p2=3 after_nms=2 accepted=2 max_conf=0.4973 max_class=11 max_min_kpt=0.9862 refined_color=1 color_score=-84.41 color_source=1
[DEBUG] armors=2, targets=1
[2026-09-05 22:41:31.179] [info] [YOLO26][DET] above_0p2=2 after_nms=1 accepted=1 max_conf=0.1312 max_class=8 max_min_kpt=0.9818 refined_color=1 color_score=-66.47 color_source=1
[DEBUG] armors=1, targets=1
[2026-09-05 22:41:31.199] [info] [YOLO26][DET] above_0p2=2 after_nms=1 accepted=1 max_conf=0.3250 max_class=11 max_min_kpt=0.9949 refined_color=1 color_score=-85.96 color_source=1
[DEBUG] armors=1, targets=1
[2026-09-05 22:41:31.201] [info] [DRYRUN] measured_gimbal=(3.585,0.258,0.119) measured_world=(3.566,0.467,0.049) tracked_world=(3.705,0.893,0.049) target_gimbal_deg=(4.11,1.90) target_world_deg=(7.46,0.78) gimbal_deg=(3.35,1.12) armor_y_px=496.9 pixel_error_deg=(-3.25,-1.06) ballistic=(range=nanm holdover=0.000m comp=0.00deg residual=-1.06deg) q_wxyz=(0.999526,0.000286,0.009793,-0.029187) cmd_deg=(11.62,-0.62) packed_pitch_deg=-0.62 control=true shoot=false
[2026-09-05 22:41:31.219] [info] [YOLO26][DET] above_0p2=1 after_nms=1 accepted=1 max_conf=0.2047 max_class=11 max_min_kpt=0.9859 refined_color=1 color_score=-79.91 color_source=1
[DEBUG] armors=1, targets=1
[2026-09-05 22:41:31.238] [info] [YOLO26][DET] above_0p2=0 after_nms=0 accepted=0 max_conf=0.0336 max_class=11 max_min_kpt=0.0000 refined_color=-1 color_score=0.00 color_source=-1
[DEBUG] armors=0, targets=1
[2026-09-05 22:41:31.258] [info] [YOLO26][DET] above_0p2=0 after_nms=0 accepted=0 max_conf=0.0587 max_class=11 max_min_kpt=0.0000 refined_color=-1 color_score=0.00 color_source=-1
[DEBUG] armors=0, targets=1
[2026-09-05 22:41:31.278] [info] [YOLO26][DET] above_0p2=1 after_nms=1 accepted=1 max_conf=0.1097 max_class=11 max_min_kpt=0.9835 refined_color=1 color_score=-90.85 color_source=1
[DEBUG] armors=1, targets=1
[2026-09-05 22:41:31.300] [info] [YOLO26][DET] above_0p2=1 after_nms=1 accepted=1 max_conf=0.1011 max_class=8 max_min_kpt=0.9166 refined_color=1 color_score=-86.88 color_source=1
[DEBUG] armors=1, targets=1
[2026-09-05 22:41:31.320] [info] [YOLO26][DET] above_0p2=1 after_nms=1 accepted=1 max_conf=0.2325 max_class=11 max_min_kpt=0.9873 refined_color=1 color_score=-80.98 color_source=1
[DEBUG] armors=1, targets=1
[2026-09-05 22:41:31.337] [info] [YOLO26][DET] above_0p2=0 after_nms=0 accepted=0 max_conf=0.0471 max_class=11 max_min_kpt=0.0000 refined_color=-1 color_score=0.00 color_source=-1
[DEBUG] armors=0, targets=1
[2026-09-05 22:41:31.356] [info] [YOLO26][DET] above_0p2=0 after_nms=0 accepted=0 max_conf=0.0486 max_class=11 max_min_kpt=0.0000 refined_color=-1 color_score=0.00 color_source=-1
[DEBUG] armors=0, targets=1
[2026-09-05 22:41:31.374] [info] [YOLO26][DET] above_0p2=1 after_nms=1 accepted=1 max_conf=0.1575 max_class=11 max_min_kpt=0.9850 refined_color=1 color_score=-68.72 color_source=1
[DEBUG] armors=1, targets=1
[2026-09-05 22:41:31.395] [info] [YOLO26][DET] above_0p2=0 after_nms=0 accepted=0 max_conf=0.0313 max_class=8 max_min_kpt=0.0000 refined_color=-1 color_score=0.00 color_source=-1
[DEBUG] armors=0, targets=1
[2026-09-05 22:41:31.413] [info] [YOLO26][DET] above_0p2=1 after_nms=1 accepted=1 max_conf=0.1292 max_class=8 max_min_kpt=0.9366 refined_color=1 color_score=-74.66 color_source=1
[DEBUG] armors=1, targets=1
[2026-09-05 22:41:31.432] [info] [YOLO26][DET] above_0p2=1 after_nms=1 accepted=1 max_conf=0.1550 max_class=8 max_min_kpt=0.9444 refined_color=1 color_score=-79.39 color_source=1
[DEBUG] armors=1, targets=1
[2026-09-05 22:41:31.452] [info] [YOLO26][DET] above_0p2=0 after_nms=0 accepted=0 max_conf=0.0805 max_class=8 max_min_kpt=0.0000 refined_color=-1 color_score=0.00 color_source=-1
[DEBUG] armors=0, targets=1
[2026-09-05 22:41:31.471] [info] [YOLO26][DET] above_0p2=0 after_nms=0 accepted=0 max_conf=0.0574 max_class=8 max_min_kpt=0.0000 refined_color=-1 color_score=0.00 color_source=-1
[DEBUG] armors=0, targets=1
[2026-09-05 22:41:31.490] [info] [YOLO26][DET] above_0p2=0 after_nms=0 accepted=0 max_conf=0.0799 max_class=8 max_min_kpt=0.0000 refined_color=-1 color_score=0.00 color_source=-1
[DEBUG] armors=0, targets=1
[2026-09-05 22:41:31.509] [info] [YOLO26][DET] above_0p2=0 after_nms=0 accepted=0 max_conf=0.0685 max_class=8 max_min_kpt=0.0000 refined_color=-1 color_score=0.00 color_source=-1
[DEBUG] armors=0, targets=1
[2026-09-05 22:41:31.529] [info] [YOLO26][DET] above_0p2=1 after_nms=1 accepted=1 max_conf=0.1080 max_class=8 max_min_kpt=0.9151 refined_color=1 color_score=-60.33 color_source=1
[DEBUG] armors=1, targets=1
[2026-09-05 22:41:31.550] [info] [YOLO26][DET] above_0p2=0 after_nms=0 accepted=0 max_conf=0.0625 max_class=8 max_min_kpt=0.0000 refined_color=-1 color_score=0.00 color_source=-1
[DEBUG] armors=0, targets=1
[2026-09-05 22:41:31.570] [info] [YOLO26][DET] above_0p2=2 after_nms=1 accepted=1 max_conf=0.2911 max_class=11 max_min_kpt=0.9867 refined_color=1 color_score=-82.61 color_source=1
[DEBUG] armors=1, targets=1
[2026-09-05 22:41:31.591] [info] [YOLO26][DET] above_0p2=2 after_nms=1 accepted=1 max_conf=0.1597 max_class=11 max_min_kpt=0.9834 refined_color=1 color_score=-78.00 color_source=1
[DEBUG] armors=1, targets=1
[2026-09-05 22:41:31.593] [info] [DRYRUN] measured_gimbal=(3.508,0.458,0.120) measured_world=(3.477,0.662,0.052) tracked_world=(3.847,0.925,0.052) target_gimbal_deg=(7.44,1.95) target_world_deg=(10.78,0.84) gimbal_deg=(3.35,1.12) armor_y_px=495.5 pixel_error_deg=(-6.58,-1.09) ballistic=(range=nanm holdover=0.000m comp=0.00deg residual=-1.09deg) q_wxyz=(0.999526,0.000286,0.009793,-0.029187) cmd_deg=(10.73,-0.67) packed_pitch_deg=-0.67 control=true shoot=false
[2026-09-05 22:41:31.612] [info] [YOLO26][DET] above_0p2=0 after_nms=0 accepted=0 max_conf=0.0710 max_class=8 max_min_kpt=0.0000 refined_color=-1 color_score=0.00 color_source=-1
[DEBUG] armors=0, targets=1
[2026-09-05 22:41:31.631] [info] [YOLO26][DET] above_0p2=1 after_nms=1 accepted=1 max_conf=0.1634 max_class=8 max_min_kpt=0.9049 refined_color=1 color_score=-75.31 color_source=1
[DEBUG] armors=1, targets=1
[2026-09-05 22:41:31.651] [info] [YOLO26][DET] above_0p2=1 after_nms=1 accepted=1 max_conf=0.1572 max_class=8 max_min_kpt=0.9413 refined_color=1 color_score=-80.39 color_source=1
[DEBUG] armors=1, targets=1
[2026-09-05 22:41:31.671] [info] [YOLO26][DET] above_0p2=2 after_nms=1 accepted=1 max_conf=0.2236 max_class=11 max_min_kpt=0.9891 refined_color=1 color_score=-86.90 color_source=1
[DEBUG] armors=1, targets=1
[2026-09-05 22:41:31.692] [info] [YOLO26][DET] above_0p2=1 after_nms=1 accepted=1 max_conf=0.1935 max_class=11 max_min_kpt=0.9826 refined_color=1 color_score=-80.06 color_source=1
[DEBUG] armors=1, targets=1
[2026-09-05 22:41:31.712] [info] [YOLO26][DET] above_0p2=1 after_nms=1 accepted=1 max_conf=0.1344 max_class=8 max_min_kpt=0.9224 refined_color=1 color_score=-95.75 color_source=1
[DEBUG] armors=1, targets=1
[2026-09-05 22:41:31.732] [info] [YOLO26][DET] above_0p2=1 after_nms=1 accepted=1 max_conf=0.1741 max_class=11 max_min_kpt=0.9861 refined_color=1 color_score=-93.28 color_source=1
[DEBUG] armors=1, targets=1
[2026-09-05 22:41:31.752] [info] [YOLO26][DET] above_0p2=3 after_nms=2 accepted=2 max_conf=0.2663 max_class=11 max_min_kpt=0.9836 refined_color=1 color_score=-71.11 color_source=1
[DEBUG] armors=2, targets=1
[2026-09-05 22:41:31.772] [info] [YOLO26][DET] above_0p2=1 after_nms=1 accepted=1 max_conf=0.2288 max_class=11 max_min_kpt=0.9897 refined_color=1 color_score=-91.14 color_source=1
[DEBUG] armors=1, targets=1
[2026-09-05 22:41:31.776] [info] [SYNC][XUC] mode=0 yaw=-3.35 deg pitch=1.12 deg feeder_rpm=0.00 wheel0_rpm=0 wheel1_rpm=0 wheel_delta=0 projectile_speed=19.36 gate=0x1E switch=0 rc=1 sticks=1 imu=1 serial=1 control=0 yaw_armed=0 pitch_active=0
[2026-09-05 22:41:31.791] [info] [YOLO26][DET] above_0p2=2 after_nms=2 accepted=2 max_conf=0.4871 max_class=11 max_min_kpt=0.9899 refined_color=1 color_score=-96.47 color_source=1
[2026-09-05 22:41:31.795] [info] [YOLO26] ==================== Performance ====================
[2026-09-05 22:41:31.795] [info] [YOLO26] Preprocess:  0.982 ms (5.3%)
[2026-09-05 22:41:31.795] [info] [YOLO26] Inference:   13.160 ms (71.2%)
[2026-09-05 22:41:31.795] [info] [YOLO26] Postprocess: 4.343 ms (23.5%)
[2026-09-05 22:41:31.795] [info] [YOLO26] Total:       18.487 ms (54.1 FPS)
[2026-09-05 22:41:31.795] [info] [YOLO26] ======================================================
[DEBUG] armors=2, targets=1
[2026-09-05 22:41:31.798] [info] [PERF] 总耗时=22.1ms (检测=18.5ms, 跟踪=0.8ms), FPS=45.3
[2026-09-05 22:41:31.799] [info] 📊 [CAMERA FPS] 瞬时帧率=45.2fps, 平均帧率=50.5fps, 总帧数=650, 运行时间=12.9s
[2026-09-05 22:41:31.813] [info] [YOLO26][DET] above_0p2=2 after_nms=2 accepted=2 max_conf=0.3940 max_class=11 max_min_kpt=0.9907 refined_color=1 color_score=-91.89 color_source=1
[DEBUG] armors=2, targets=1
[2026-09-05 22:41:31.834] [info] [YOLO26][DET] above_0p2=2 after_nms=2 accepted=2 max_conf=0.3703 max_class=11 max_min_kpt=0.9888 refined_color=1 color_score=-85.48 color_source=1
[DEBUG] armors=2, targets=1
[2026-09-05 22:41:31.855] [info] [YOLO26][DET] above_0p2=2 after_nms=2 accepted=2 max_conf=0.4278 max_class=11 max_min_kpt=0.9881 refined_color=1 color_score=-81.30 color_source=1
[DEBUG] armors=2, targets=1
[2026-09-05 22:41:31.875] [info] [YOLO26][DET] above_0p2=1 after_nms=1 accepted=1 max_conf=0.1552 max_class=11 max_min_kpt=0.9812 refined_color=1 color_score=-86.75 color_source=1
[DEBUG] armors=1, targets=1
[2026-09-05 22:41:31.895] [info] [YOLO26][DET] above_0p2=2 after_nms=2 accepted=2 max_conf=0.2934 max_class=11 max_min_kpt=0.9895 refined_color=1 color_score=-80.82 color_source=1
[DEBUG] armors=2, targets=1
[2026-09-05 22:41:31.913] [info] [YOLO26][DET] above_0p2=1 after_nms=1 accepted=1 max_conf=0.2952 max_class=11 max_min_kpt=0.9890 refined_color=1 color_score=-85.16 color_source=1
[DEBUG] armors=1, targets=1
[2026-09-05 22:41:31.933] [info] [YOLO26][DET] above_0p2=1 after_nms=1 accepted=1 max_conf=0.3003 max_class=11 max_min_kpt=0.9741 refined_color=1 color_score=-86.00 color_source=1
[DEBUG] armors=1, targets=1
[2026-09-05 22:41:31.953] [info] [YOLO26][DET] above_0p2=1 after_nms=1 accepted=1 max_conf=0.3318 max_class=11 max_min_kpt=0.9726 refined_color=1 color_score=-84.19 color_source=1
[DEBUG] armors=1, targets=1
[2026-09-05 22:41:31.972] [info] [YOLO26][DET] above_0p2=2 after_nms=2 accepted=2 max_conf=0.4842 max_class=11 max_min_kpt=0.9912 refined_color=1 color_score=-83.65 color_source=1
[DEBUG] armors=2, targets=1
[2026-09-05 22:41:31.992] [info] [YOLO26][DET] above_0p2=2 after_nms=2 accepted=2 max_conf=0.5059 max_class=11 max_min_kpt=0.9950 refined_color=1 color_score=-87.57 color_source=1
[DEBUG] armors=2, targets=1
[2026-09-05 22:41:31.994] [info] [DRYRUN] measured_gimbal=(3.720,0.673,0.125) measured_world=(3.676,0.889,0.052) tracked_world=(4.074,0.858,0.044) target_gimbal_deg=(10.26,1.90) target_world_deg=(13.60,0.79) gimbal_deg=(3.35,1.12) armor_y_px=494.8 pixel_error_deg=(-9.36,-1.11) ballistic=(range=nanm holdover=0.000m comp=0.00deg residual=-1.11deg) q_wxyz=(0.999526,0.000286,0.009793,-0.029187) cmd_deg=(7.23,-0.71) packed_pitch_deg=-0.71 control=true shoot=false
[2026-09-05 22:41:32.012] [info] [YOLO26][DET] above_0p2=2 after_nms=2 accepted=2 max_conf=0.6631 max_class=11 max_min_kpt=0.9938 refined_color=1 color_score=-96.99 color_source=1
[DEBUG] armors=2, targets=1
[2026-09-05 22:41:32.033] [info] [YOLO26][DET] above_0p2=3 after_nms=2 accepted=2 max_conf=0.6133 max_class=11 max_min_kpt=0.9911 refined_color=1 color_score=-81.58 color_source=1
[DEBUG] armors=2, targets=1
[2026-09-05 22:41:32.054] [info] [YOLO26][DET] above_0p2=2 after_nms=1 accepted=1 max_conf=0.3145 max_class=11 max_min_kpt=0.9936 refined_color=1 color_score=-86.79 color_source=1
[DEBUG] armors=1, targets=1
[2026-09-05 22:41:32.076] [info] [YOLO26][DET] above_0p2=2 after_nms=2 accepted=2 max_conf=0.6080 max_class=11 max_min_kpt=0.9948 refined_color=1 color_score=-88.47 color_source=1
[DEBUG] armors=2, targets=1
[2026-09-05 22:41:32.095] [info] [YOLO26][DET] above_0p2=1 after_nms=1 accepted=1 max_conf=0.2378 max_class=11 max_min_kpt=0.9933 refined_color=1 color_score=-95.73 color_source=1
[DEBUG] armors=1, targets=1
[2026-09-05 22:41:32.114] [info] [YOLO26][DET] above_0p2=1 after_nms=1 accepted=1 max_conf=0.2033 max_class=11 max_min_kpt=0.9957 refined_color=1 color_score=-92.05 color_source=1
[DEBUG] armors=1, targets=1
[2026-09-05 22:41:32.135] [info] [YOLO26][DET] above_0p2=1 after_nms=1 accepted=1 max_conf=0.1671 max_class=11 max_min_kpt=0.9924 refined_color=1 color_score=-88.69 color_source=1
[DEBUG] armors=1, targets=1
[2026-09-05 22:41:32.154] [info] [YOLO26][DET] above_0p2=0 after_nms=0 accepted=0 max_conf=0.0873 max_class=8 max_min_kpt=0.0000 refined_color=-1 color_score=0.00 color_source=-1
[DEBUG] armors=0, targets=1
[2026-09-05 22:41:32.173] [info] [YOLO26][DET] above_0p2=1 after_nms=1 accepted=1 max_conf=0.1659 max_class=8 max_min_kpt=0.9131 refined_color=1 color_score=-93.10 color_source=1
[DEBUG] armors=1, targets=1
[2026-09-05 22:41:32.193] [info] [YOLO26][DET] above_0p2=0 after_nms=0 accepted=0 max_conf=0.0782 max_class=11 max_min_kpt=0.0000 refined_color=-1 color_score=0.00 color_source=-1
[DEBUG] armors=0, targets=1
[2026-09-05 22:41:32.212] [info] [YOLO26][DET] above_0p2=0 after_nms=0 accepted=0 max_conf=0.0306 max_class=8 max_min_kpt=0.0000 refined_color=-1 color_score=0.00 color_source=-1
[DEBUG] armors=0, targets=1
[2026-09-05 22:41:32.231] [info] [YOLO26][DET] above_0p2=0 after_nms=0 accepted=0 max_conf=0.0503 max_class=8 max_min_kpt=0.0000 refined_color=-1 color_score=0.00 color_source=-1
[DEBUG] armors=0, targets=1
[2026-09-05 22:41:32.250] [info] [YOLO26][DET] above_0p2=0 after_nms=0 accepted=0 max_conf=0.0727 max_class=8 max_min_kpt=0.0000 refined_color=-1 color_score=0.00 color_source=-1
[DEBUG] armors=0, targets=1
[2026-09-05 22:41:32.272] [info] [YOLO26][DET] above_0p2=1 after_nms=1 accepted=1 max_conf=0.2174 max_class=8 max_min_kpt=0.9448 refined_color=1 color_score=-89.95 color_source=1
[DEBUG] armors=1, targets=1
[2026-09-05 22:41:32.291] [info] [YOLO26][DET] above_0p2=1 after_nms=1 accepted=1 max_conf=0.2265 max_class=8 max_min_kpt=0.9451 refined_color=1 color_score=-69.46 color_source=1
[DEBUG] armors=1, targets=1
[2026-09-05 22:41:32.312] [info] [YOLO26][DET] above_0p2=1 after_nms=1 accepted=1 max_conf=0.1778 max_class=8 max_min_kpt=0.9546 refined_color=1 color_score=-76.05 color_source=1
[DEBUG] armors=1, targets=1
[2026-09-05 22:41:32.330] [info] [YOLO26][DET] above_0p2=0 after_nms=0 accepted=0 max_conf=0.0490 max_class=8 max_min_kpt=0.0000 refined_color=-1 color_score=0.00 color_source=-1
[DEBUG] armors=0, targets=1
[2026-09-05 22:41:32.348] [info] [YOLO26][DET] above_0p2=1 after_nms=1 accepted=1 max_conf=0.1553 max_class=8 max_min_kpt=0.9217 refined_color=1 color_score=-80.05 color_source=1
[DEBUG] armors=1, targets=1
[2026-09-05 22:41:32.369] [info] [YOLO26][DET] above_0p2=1 after_nms=1 accepted=1 max_conf=0.2604 max_class=8 max_min_kpt=0.9248 refined_color=1 color_score=-73.62 color_source=1
[DEBUG] armors=1, targets=1
[2026-09-05 22:41:32.388] [info] [YOLO26][DET] above_0p2=1 after_nms=1 accepted=1 max_conf=0.2360 max_class=8 max_min_kpt=0.9361 refined_color=1 color_score=-67.61 color_source=1
[DEBUG] armors=1, targets=1
[2026-09-05 22:41:32.389] [info] [DRYRUN] measured_gimbal=(3.635,0.298,0.111) measured_world=(3.613,0.510,0.040) tracked_world=(4.168,0.623,0.039) target_gimbal_deg=(4.68,1.75) target_world_deg=(8.03,0.63) gimbal_deg=(3.35,1.12) armor_y_px=502.5 pixel_error_deg=(-6.00,-0.92) ballistic=(range=nanm holdover=0.000m comp=0.00deg residual=-0.92deg) q_wxyz=(0.999526,0.000286,0.009793,-0.029187) cmd_deg=(10.77,-0.41) packed_pitch_deg=-0.41 control=true shoot=false
[2026-09-05 22:41:32.405] [info] [YOLO26][DET] above_0p2=1 after_nms=1 accepted=1 max_conf=0.1672 max_class=8 max_min_kpt=0.9218 refined_color=1 color_score=-73.11 color_source=1
[DEBUG] armors=1, targets=1
[2026-09-05 22:41:32.424] [info] [YOLO26][DET] above_0p2=0 after_nms=0 accepted=0 max_conf=0.0836 max_class=8 max_min_kpt=0.0000 refined_color=-1 color_score=0.00 color_source=-1
[DEBUG] armors=0, targets=1
[2026-09-05 22:41:32.442] [info] [YOLO26][DET] above_0p2=1 after_nms=1 accepted=1 max_conf=0.1450 max_class=8 max_min_kpt=0.9325 refined_color=1 color_score=-80.67 color_source=1
[DEBUG] armors=1, targets=0
[2026-09-05 22:41:32.461] [info] [YOLO26][DET] above_0p2=1 after_nms=1 accepted=1 max_conf=0.2006 max_class=8 max_min_kpt=0.9269 refined_color=1 color_score=-92.11 color_source=1
[DEBUG] armors=1, targets=1
[2026-09-05 22:41:32.480] [info] [YOLO26][DET] above_0p2=2 after_nms=1 accepted=1 max_conf=0.1650 max_class=8 max_min_kpt=0.9914 refined_color=1 color_score=-83.72 color_source=1
[DEBUG] armors=1, targets=1
[2026-09-05 22:41:32.500] [info] [YOLO26][DET] above_0p2=1 after_nms=1 accepted=1 max_conf=0.1980 max_class=8 max_min_kpt=0.9406 refined_color=1 color_score=-72.99 color_source=1
[DEBUG] armors=1, targets=1
[2026-09-05 22:41:32.520] [info] [YOLO26][DET] above_0p2=1 after_nms=1 accepted=1 max_conf=0.1420 max_class=8 max_min_kpt=0.9427 refined_color=1 color_score=-70.96 color_source=1
[DEBUG] armors=1, targets=1
[2026-09-05 22:41:32.540] [info] [YOLO26][DET] above_0p2=1 after_nms=1 accepted=1 max_conf=0.1686 max_class=11 max_min_kpt=0.9905 refined_color=1 color_score=-93.91 color_source=1
[DEBUG] armors=1, targets=0
[2026-09-05 22:41:32.559] [info] [YOLO26][DET] above_0p2=0 after_nms=0 accepted=0 max_conf=0.0482 max_class=8 max_min_kpt=0.0000 refined_color=-1 color_score=0.00 color_source=-1
[DEBUG] armors=0, targets=0
[2026-09-05 22:41:32.578] [info] [YOLO26][DET] above_0p2=0 after_nms=0 accepted=0 max_conf=0.0631 max_class=8 max_min_kpt=0.0000 refined_color=-1 color_score=0.00 color_source=-1
[DEBUG] armors=0, targets=0
[2026-09-05 22:41:32.597] [info] [YOLO26][DET] above_0p2=0 after_nms=0 accepted=0 max_conf=0.0464 max_class=11 max_min_kpt=0.0000 refined_color=-1 color_score=0.00 color_source=-1
[DEBUG] armors=0, targets=0
[2026-09-05 22:41:32.617] [info] [YOLO26][DET] above_0p2=0 after_nms=0 accepted=0 max_conf=0.0679 max_class=8 max_min_kpt=0.0000 refined_color=-1 color_score=0.00 color_source=-1
[DEBUG] armors=0, targets=0
[2026-09-05 22:41:32.636] [info] [YOLO26][DET] above_0p2=1 after_nms=1 accepted=1 max_conf=0.1244 max_class=11 max_min_kpt=0.9958 refined_color=1 color_score=-90.93 color_source=1
[DEBUG] armors=1, targets=1
[2026-09-05 22:41:32.654] [info] [YOLO26][DET] above_0p2=1 after_nms=1 accepted=1 max_conf=0.1061 max_class=11 max_min_kpt=0.9896 refined_color=1 color_score=-103.08 color_source=1
[DEBUG] armors=1, targets=1
[2026-09-05 22:41:32.674] [info] [YOLO26][DET] above_0p2=2 after_nms=2 accepted=2 max_conf=0.1841 max_class=11 max_min_kpt=0.9900 refined_color=1 color_score=-87.08 color_source=1
[DEBUG] armors=2, targets=1
[2026-09-05 22:41:32.695] [info] [YOLO26][DET] above_0p2=4 after_nms=2 accepted=2 max_conf=0.2270 max_class=11 max_min_kpt=0.9878 refined_color=1 color_score=-83.63 color_source=1
[DEBUG] armors=2, targets=1
[2026-09-05 22:41:32.697] [info] [XUC][FIRE] stable-window candidate started
[2026-09-05 22:41:32.714] [info] [YOLO26][DET] above_0p2=2 after_nms=2 accepted=2 max_conf=0.3424 max_class=11 max_min_kpt=0.9920 refined_color=1 color_score=-86.36 color_source=1
[DEBUG] armors=2, targets=1
[2026-09-05 22:41:32.734] [info] [YOLO26][DET] above_0p2=1 after_nms=1 accepted=1 max_conf=0.5647 max_class=11 max_min_kpt=0.9860 refined_color=1 color_score=-84.75 color_source=1
[DEBUG] armors=1, targets=1
[2026-09-05 22:41:32.754] [info] [YOLO26][DET] above_0p2=1 after_nms=1 accepted=1 max_conf=0.2989 max_class=11 max_min_kpt=0.9837 refined_color=1 color_score=-87.41 color_source=1
[DEBUG] armors=1, targets=1
[2026-09-05 22:41:32.758] [info] [SYNC][XUC] mode=0 yaw=-3.35 deg pitch=1.12 deg feeder_rpm=0.00 wheel0_rpm=0 wheel1_rpm=0 wheel_delta=0 projectile_speed=19.36 gate=0x1E switch=0 rc=1 sticks=1 imu=1 serial=1 control=0 yaw_armed=0 pitch_active=0
[2026-09-05 22:41:32.773] [info] [YOLO26][DET] above_0p2=2 after_nms=2 accepted=2 max_conf=0.4856 max_class=11 max_min_kpt=0.9946 refined_color=1 color_score=-85.76 color_source=1
[2026-09-05 22:41:32.777] [info] [YOLO26] ==================== Performance ====================
[2026-09-05 22:41:32.777] [info] [YOLO26] Preprocess:  1.544 ms (8.3%)
[2026-09-05 22:41:32.777] [info] [YOLO26] Inference:   13.048 ms (70.3%)
[2026-09-05 22:41:32.777] [info] [YOLO26] Postprocess: 3.969 ms (21.4%)
[2026-09-05 22:41:32.777] [info] [YOLO26] Total:       18.562 ms (53.9 FPS)
[2026-09-05 22:41:32.777] [info] [YOLO26] ======================================================
[DEBUG] armors=2, targets=1
[2026-09-05 22:41:32.778] [info] [DRYRUN] measured_gimbal=(3.766,0.192,0.113) measured_world=(3.749,0.412,0.039) tracked_world=(3.616,0.839,0.044) target_gimbal_deg=(2.92,1.72) target_world_deg=(6.27,0.60) gimbal_deg=(3.35,1.12) armor_y_px=502.5 pixel_error_deg=(-2.02,-0.92) ballistic=(range=nanm holdover=0.000m comp=0.00deg residual=-0.92deg) q_wxyz=(0.999526,0.000286,0.009793,-0.029187) cmd_deg=(6.45,-0.39) packed_pitch_deg=-0.39 control=true shoot=false
[2026-09-05 22:41:32.781] [info] [PERF] 总耗时=22.5ms (检测=18.6ms, 跟踪=0.8ms), FPS=44.4
[2026-09-05 22:41:32.781] [info] 📊 [CAMERA FPS] 瞬时帧率=44.3fps, 平均帧率=50.5fps, 总帧数=700, 运行时间=13.9s
[2026-09-05 22:41:32.795] [info] [YOLO26][DET] above_0p2=2 after_nms=2 accepted=2 max_conf=0.4901 max_class=11 max_min_kpt=0.9908 refined_color=1 color_score=-82.88 color_source=1
[DEBUG] armors=2, targets=1
[2026-09-05 22:41:32.816] [info] [YOLO26][DET] above_0p2=2 after_nms=2 accepted=2 max_conf=0.3564 max_class=11 max_min_kpt=0.9901 refined_color=1 color_score=-82.48 color_source=1
[DEBUG] armors=2, targets=1
[2026-09-05 22:41:32.837] [info] [YOLO26][DET] above_0p2=1 after_nms=1 accepted=1 max_conf=0.4295 max_class=11 max_min_kpt=0.9832 refined_color=1 color_score=-85.57 color_source=1
[DEBUG] armors=1, targets=1
[2026-09-05 22:41:32.840] [info] [XUC][FIRE] stable window reset
[2026-09-05 22:41:32.856] [info] [YOLO26][DET] above_0p2=2 after_nms=2 accepted=2 max_conf=0.6479 max_class=11 max_min_kpt=0.9918 refined_color=1 color_score=-92.13 color_source=1
[DEBUG] armors=2, targets=1
[2026-09-05 22:41:32.859] [info] [XUC][FIRE] stable-window candidate started
[2026-09-05 22:41:32.876] [info] [YOLO26][DET] above_0p2=2 after_nms=2 accepted=2 max_conf=0.7757 max_class=11 max_min_kpt=0.9930 refined_color=1 color_score=-83.28 color_source=1
[DEBUG] armors=2, targets=1
[2026-09-05 22:41:32.894] [info] [YOLO26][DET] above_0p2=2 after_nms=2 accepted=2 max_conf=0.8408 max_class=11 max_min_kpt=0.9939 refined_color=1 color_score=-87.75 color_source=1
[DEBUG] armors=2, targets=1
[2026-09-05 22:41:32.913] [info] [YOLO26][DET] above_0p2=2 after_nms=2 accepted=2 max_conf=0.6243 max_class=11 max_min_kpt=0.9913 refined_color=1 color_score=-91.95 color_source=1
[DEBUG] armors=2, targets=1
[2026-09-05 22:41:32.933] [info] [YOLO26][DET] above_0p2=2 after_nms=1 accepted=1 max_conf=0.3565 max_class=11 max_min_kpt=0.9923 refined_color=1 color_score=-87.15 color_source=1
[DEBUG] armors=1, targets=1
[2026-09-05 22:41:32.935] [info] [XUC][FIRE] stable window reset
[2026-09-05 22:41:32.952] [info] [YOLO26][DET] above_0p2=3 after_nms=2 accepted=2 max_conf=0.7693 max_class=11 max_min_kpt=0.9964 refined_color=1 color_score=-92.36 color_source=1
[DEBUG] armors=2, targets=1
[2026-09-05 22:41:32.972] [info] [YOLO26][DET] above_0p2=2 after_nms=1 accepted=1 max_conf=0.1150 max_class=11 max_min_kpt=0.9942 refined_color=1 color_score=-91.31 color_source=1
[DEBUG] armors=1, targets=1
[2026-09-05 22:41:32.993] [info] [YOLO26][DET] above_0p2=1 after_nms=1 accepted=1 max_conf=0.1399 max_class=8 max_min_kpt=0.9320 refined_color=1 color_score=-76.25 color_source=1
[DEBUG] armors=1, targets=1
[2026-09-05 22:41:33.011] [info] [YOLO26][DET] above_0p2=2 after_nms=1 accepted=1 max_conf=0.5670 max_class=11 max_min_kpt=0.9964 refined_color=1 color_score=-90.43 color_source=1
[DEBUG] armors=1, targets=1
[2026-09-05 22:41:33.031] [info] [YOLO26][DET] above_0p2=1 after_nms=1 accepted=1 max_conf=0.3438 max_class=11 max_min_kpt=0.9924 refined_color=1 color_score=-94.80 color_source=1
[DEBUG] armors=1, targets=1
[2026-09-05 22:41:33.052] [info] [YOLO26][DET] above_0p2=1 after_nms=1 accepted=1 max_conf=0.1581 max_class=8 max_min_kpt=0.9201 refined_color=1 color_score=-103.93 color_source=1
[DEBUG] armors=1, targets=1
[2026-09-05 22:41:33.071] [info] [YOLO26][DET] above_0p2=1 after_nms=1 accepted=1 max_conf=0.2162 max_class=8 max_min_kpt=0.9296 refined_color=1 color_score=-92.73 color_source=1
[DEBUG] armors=1, targets=1
[2026-09-05 22:41:33.089] [info] [YOLO26][DET] above_0p2=0 after_nms=0 accepted=0 max_conf=0.0884 max_class=8 max_min_kpt=0.0000 refined_color=-1 color_score=0.00 color_source=-1
[DEBUG] armors=0, targets=1
[2026-09-05 22:41:33.109] [info] [YOLO26][DET] above_0p2=0 after_nms=0 accepted=0 max_conf=0.0250 max_class=8 max_min_kpt=0.0000 refined_color=-1 color_score=0.00 color_source=-1
[DEBUG] armors=0, targets=1
[2026-09-05 22:41:33.128] [info] [YOLO26][DET] above_0p2=0 after_nms=0 accepted=0 max_conf=0.0795 max_class=11 max_min_kpt=0.0000 refined_color=-1 color_score=0.00 color_source=-1
[DEBUG] armors=0, targets=1
[2026-09-05 22:41:33.145] [info] [YOLO26][DET] above_0p2=0 after_nms=0 accepted=0 max_conf=0.0597 max_class=8 max_min_kpt=0.0000 refined_color=-1 color_score=0.00 color_source=-1
[DEBUG] armors=0, targets=1
[2026-09-05 22:41:33.164] [info] [YOLO26][DET] above_0p2=0 after_nms=0 accepted=0 max_conf=0.0887 max_class=8 max_min_kpt=0.0000 refined_color=-1 color_score=0.00 color_source=-1
[DEBUG] armors=0, targets=1
[2026-09-05 22:41:33.182] [info] [YOLO26][DET] above_0p2=1 after_nms=1 accepted=1 max_conf=0.1417 max_class=8 max_min_kpt=0.9451 refined_color=1 color_score=-89.96 color_source=1
[DEBUG] armors=1, targets=1
[2026-09-05 22:41:33.202] [info] [YOLO26][DET] above_0p2=1 after_nms=1 accepted=1 max_conf=0.1655 max_class=8 max_min_kpt=0.9526 refined_color=1 color_score=-85.62 color_source=1
[DEBUG] armors=1, targets=1
[2026-09-05 22:41:33.219] [info] [YOLO26][DET] above_0p2=0 after_nms=0 accepted=0 max_conf=0.0315 max_class=8 max_min_kpt=0.0000 refined_color=-1 color_score=0.00 color_source=-1
[DEBUG] armors=0, targets=1
[2026-09-05 22:41:33.238] [info] [YOLO26][DET] above_0p2=0 after_nms=0 accepted=0 max_conf=0.0607 max_class=11 max_min_kpt=0.0000 refined_color=-1 color_score=0.00 color_source=-1
[DEBUG] armors=0, targets=1
[2026-09-05 22:41:33.257] [info] [YOLO26][DET] above_0p2=1 after_nms=1 accepted=1 max_conf=0.1033 max_class=8 max_min_kpt=0.9156 refined_color=1 color_score=-79.29 color_source=1
[DEBUG] armors=1, targets=1
[2026-09-05 22:41:33.276] [info] [YOLO26][DET] above_0p2=1 after_nms=1 accepted=1 max_conf=0.1017 max_class=8 max_min_kpt=0.9162 refined_color=1 color_score=-85.34 color_source=1
[DEBUG] armors=1, targets=1
[2026-09-05 22:41:33.295] [info] [YOLO26][DET] above_0p2=1 after_nms=1 accepted=1 max_conf=0.1297 max_class=8 max_min_kpt=0.9378 refined_color=1 color_score=-63.70 color_source=1
[DEBUG] armors=1, targets=1
[2026-09-05 22:41:33.314] [info] [YOLO26][DET] above_0p2=0 after_nms=0 accepted=0 max_conf=0.0987 max_class=8 max_min_kpt=0.0000 refined_color=-1 color_score=0.00 color_source=-1
[DEBUG] armors=0, targets=1
[2026-09-05 22:41:33.335] [info] [YOLO26][DET] above_0p2=2 after_nms=1 accepted=1 max_conf=0.2848 max_class=11 max_min_kpt=0.9958 refined_color=1 color_score=-89.45 color_source=1
[DEBUG] armors=1, targets=1
[2026-09-05 22:41:33.356] [info] [YOLO26][DET] above_0p2=1 after_nms=1 accepted=1 max_conf=0.1144 max_class=8 max_min_kpt=0.9326 refined_color=1 color_score=-89.69 color_source=1
[DEBUG] armors=1, targets=1
[2026-09-05 22:41:33.376] [info] [YOLO26][DET] above_0p2=2 after_nms=1 accepted=1 max_conf=0.1230 max_class=11 max_min_kpt=0.9969 refined_color=1 color_score=-102.01 color_source=1
[DEBUG] armors=1, targets=1
[2026-09-05 22:41:33.397] [info] [YOLO26][DET] above_0p2=2 after_nms=1 accepted=1 max_conf=0.2627 max_class=11 max_min_kpt=0.9916 refined_color=1 color_score=-87.09 color_source=1
[DEBUG] armors=1, targets=1
[2026-09-05 22:41:33.418] [info] [YOLO26][DET] above_0p2=1 after_nms=1 accepted=1 max_conf=0.1773 max_class=8 max_min_kpt=0.9518 refined_color=1 color_score=-94.18 color_source=1
[DEBUG] armors=1, targets=1
[2026-09-05 22:41:33.438] [info] [YOLO26][DET] above_0p2=2 after_nms=1 accepted=1 max_conf=0.4763 max_class=11 max_min_kpt=0.9954 refined_color=1 color_score=-102.13 color_source=1
[DEBUG] armors=1, targets=1
[2026-09-05 22:41:33.458] [info] [YOLO26][DET] above_0p2=1 after_nms=1 accepted=1 max_conf=0.3476 max_class=11 max_min_kpt=0.9872 refined_color=1 color_score=-92.05 color_source=1
[DEBUG] armors=1, targets=1
[2026-09-05 22:41:33.479] [info] [YOLO26][DET] above_0p2=0 after_nms=0 accepted=0 max_conf=0.0764 max_class=8 max_min_kpt=0.0000 refined_color=-1 color_score=0.00 color_source=-1
[DEBUG] armors=0, targets=1
[2026-09-05 22:41:33.499] [info] [YOLO26][DET] above_0p2=2 after_nms=2 accepted=2 max_conf=0.1293 max_class=11 max_min_kpt=0.9926 refined_color=1 color_score=-88.35 color_source=1
[DEBUG] armors=2, targets=1
[2026-09-05 22:41:33.520] [info] [YOLO26][DET] above_0p2=2 after_nms=2 accepted=2 max_conf=0.3955 max_class=11 max_min_kpt=0.9869 refined_color=1 color_score=-82.27 color_source=1
[DEBUG] armors=2, targets=1
[2026-09-05 22:41:33.541] [info] [YOLO26][DET] above_0p2=2 after_nms=2 accepted=2 max_conf=0.6744 max_class=11 max_min_kpt=0.9894 refined_color=1 color_score=-98.76 color_source=1
[DEBUG] armors=2, targets=1
[2026-09-05 22:41:33.562] [info] [YOLO26][DET] above_0p2=2 after_nms=2 accepted=2 max_conf=0.6894 max_class=11 max_min_kpt=0.9932 refined_color=1 color_score=-80.46 color_source=1
[DEBUG] armors=2, targets=1
[2026-09-05 22:41:33.565] [info] [DRYRUN] measured_gimbal=(3.632,0.576,0.116) measured_world=(3.593,0.787,0.045) tracked_world=(3.971,0.953,0.046) target_gimbal_deg=(9.02,1.80) target_world_deg=(12.36,0.69) gimbal_deg=(3.35,1.12) armor_y_px=499.9 pixel_error_deg=(-8.13,-0.98) ballistic=(range=nanm holdover=0.000m comp=0.00deg residual=-0.98deg) q_wxyz=(0.999526,0.000286,0.009793,-0.029187) cmd_deg=(12.47,-0.50) packed_pitch_deg=-0.50 control=true shoot=false
[2026-09-05 22:41:33.582] [info] [YOLO26][DET] above_0p2=2 after_nms=2 accepted=2 max_conf=0.3361 max_class=11 max_min_kpt=0.9863 refined_color=1 color_score=-84.89 color_source=1
[DEBUG] armors=2, targets=1
[2026-09-05 22:41:33.602] [info] [YOLO26][DET] above_0p2=2 after_nms=2 accepted=2 max_conf=0.4839 max_class=11 max_min_kpt=0.9892 refined_color=1 color_score=-79.15 color_source=1
[DEBUG] armors=2, targets=1
[2026-09-05 22:41:33.623] [info] [YOLO26][DET] above_0p2=2 after_nms=2 accepted=2 max_conf=0.5426 max_class=11 max_min_kpt=0.9931 refined_color=1 color_score=-92.81 color_source=1
[DEBUG] armors=2, targets=1
[2026-09-05 22:41:33.644] [info] [YOLO26][DET] above_0p2=1 after_nms=1 accepted=1 max_conf=0.1958 max_class=11 max_min_kpt=0.9897 refined_color=1 color_score=-85.54 color_source=1
[DEBUG] armors=1, targets=1
[2026-09-05 22:41:33.647] [info] [XUC][FIRE] stable-window candidate started
[2026-09-05 22:41:33.664] [info] [YOLO26][DET] above_0p2=0 after_nms=0 accepted=0 max_conf=0.0785 max_class=11 max_min_kpt=0.0000 refined_color=-1 color_score=0.00 color_source=-1
[DEBUG] armors=0, targets=1
[2026-09-05 22:41:33.666] [info] [XUC][FIRE] stable window reset
[2026-09-05 22:41:33.684] [info] [YOLO26][DET] above_0p2=1 after_nms=1 accepted=1 max_conf=0.2339 max_class=11 max_min_kpt=0.9933 refined_color=1 color_score=-86.86 color_source=1
[DEBUG] armors=1, targets=1
[2026-09-05 22:41:33.704] [info] [YOLO26][DET] above_0p2=2 after_nms=2 accepted=2 max_conf=0.5320 max_class=11 max_min_kpt=0.9882 refined_color=1 color_score=-86.53 color_source=1
[DEBUG] armors=2, targets=1
[2026-09-05 22:41:33.723] [info] [YOLO26][DET] above_0p2=2 after_nms=1 accepted=1 max_conf=0.6614 max_class=11 max_min_kpt=0.9915 refined_color=1 color_score=-86.97 color_source=1
[DEBUG] armors=1, targets=1
[2026-09-05 22:41:33.726] [info] [XUC][FIRE] stable-window candidate started
[2026-09-05 22:41:33.743] [info] [YOLO26][DET] above_0p2=3 after_nms=2 accepted=2 max_conf=0.4127 max_class=11 max_min_kpt=0.9923 refined_color=1 color_score=-89.35 color_source=1
[DEBUG] armors=2, targets=1
[2026-09-05 22:41:33.749] [info] [SYNC][XUC] mode=0 yaw=-3.35 deg pitch=1.12 deg feeder_rpm=-4.00 wheel0_rpm=0 wheel1_rpm=0 wheel_delta=0 projectile_speed=19.36 gate=0x1E switch=0 rc=1 sticks=1 imu=1 serial=1 control=0 yaw_armed=0 pitch_active=0
[2026-09-05 22:41:33.762] [info] [YOLO26][DET] above_0p2=3 after_nms=2 accepted=2 max_conf=0.4482 max_class=11 max_min_kpt=0.9907 refined_color=1 color_score=-86.22 color_source=1
[2026-09-05 22:41:33.766] [info] [YOLO26] ==================== Performance ====================
[2026-09-05 22:41:33.766] [info] [YOLO26] Preprocess:  1.031 ms (6.1%)
[2026-09-05 22:41:33.766] [info] [YOLO26] Inference:   12.069 ms (71.0%)
[2026-09-05 22:41:33.766] [info] [YOLO26] Postprocess: 3.899 ms (22.9%)
[2026-09-05 22:41:33.766] [info] [YOLO26] Total:       17.001 ms (58.8 FPS)
[2026-09-05 22:41:33.766] [info] [YOLO26] ======================================================
[DEBUG] armors=2, targets=1
[2026-09-05 22:41:33.770] [info] [PERF] 总耗时=20.5ms (检测=17.0ms, 跟踪=0.8ms), FPS=48.8
[2026-09-05 22:41:33.770] [info] 📊 [CAMERA FPS] 瞬时帧率=48.6fps, 平均帧率=50.5fps, 总帧数=750, 运行时间=14.8s
[2026-09-05 22:41:33.785] [info] [YOLO26][DET] above_0p2=3 after_nms=2 accepted=2 max_conf=0.1905 max_class=11 max_min_kpt=0.9861 refined_color=1 color_score=-92.96 color_source=1
[DEBUG] armors=2, targets=1
[2026-09-05 22:41:33.787] [info] [XUC][FIRE] stable window reset
[2026-09-05 22:41:33.805] [info] [YOLO26][DET] above_0p2=3 after_nms=2 accepted=2 max_conf=0.4490 max_class=11 max_min_kpt=0.9957 refined_color=1 color_score=-95.61 color_source=1
[DEBUG] armors=2, targets=1
[2026-09-05 22:41:33.825] [info] [YOLO26][DET] above_0p2=2 after_nms=1 accepted=1 max_conf=0.2312 max_class=11 max_min_kpt=0.9925 refined_color=1 color_score=-88.97 color_source=1
[DEBUG] armors=1, targets=1
[2026-09-05 22:41:33.844] [info] [YOLO26][DET] above_0p2=1 after_nms=1 accepted=1 max_conf=0.3104 max_class=11 max_min_kpt=0.9884 refined_color=1 color_score=-92.43 color_source=1
[DEBUG] armors=1, targets=1
[2026-09-05 22:41:33.864] [info] [YOLO26][DET] above_0p2=1 after_nms=1 accepted=1 max_conf=0.3589 max_class=11 max_min_kpt=0.9965 refined_color=1 color_score=-91.31 color_source=1
[DEBUG] armors=1, targets=1
[2026-09-05 22:41:33.884] [info] [YOLO26][DET] above_0p2=0 after_nms=0 accepted=0 max_conf=0.0981 max_class=11 max_min_kpt=0.0000 refined_color=-1 color_score=0.00 color_source=-1
[DEBUG] armors=0, targets=1
[2026-09-05 22:41:33.903] [info] [YOLO26][DET] above_0p2=0 after_nms=0 accepted=0 max_conf=0.0487 max_class=8 max_min_kpt=0.0000 refined_color=-1 color_score=0.00 color_source=-1
[DEBUG] armors=0, targets=1
[2026-09-05 22:41:33.920] [info] [YOLO26][DET] above_0p2=1 after_nms=1 accepted=1 max_conf=0.1291 max_class=8 max_min_kpt=0.9190 refined_color=1 color_score=-77.91 color_source=1
[DEBUG] armors=1, targets=1
[2026-09-05 22:41:33.940] [info] [YOLO26][DET] above_0p2=1 after_nms=1 accepted=1 max_conf=0.2067 max_class=11 max_min_kpt=0.9893 refined_color=1 color_score=-88.75 color_source=1
[DEBUG] armors=1, targets=1
[2026-09-05 22:41:33.960] [info] [YOLO26][DET] above_0p2=0 after_nms=0 accepted=0 max_conf=0.0482 max_class=8 max_min_kpt=0.0000 refined_color=-1 color_score=0.00 color_source=-1
[DEBUG] armors=0, targets=1
[2026-09-05 22:41:33.978] [info] [YOLO26][DET] above_0p2=1 after_nms=1 accepted=1 max_conf=0.1408 max_class=11 max_min_kpt=0.9918 refined_color=1 color_score=-96.91 color_source=1
[DEBUG] armors=1, targets=1
[2026-09-05 22:41:33.998] [info] [YOLO26][DET] above_0p2=0 after_nms=0 accepted=0 max_conf=0.0845 max_class=11 max_min_kpt=0.0000 refined_color=-1 color_score=0.00 color_source=-1
[DEBUG] armors=0, targets=1
[2026-09-05 22:41:34.017] [info] [YOLO26][DET] above_0p2=0 after_nms=0 accepted=0 max_conf=0.0691 max_class=8 max_min_kpt=0.0000 refined_color=-1 color_score=0.00 color_source=-1
[DEBUG] armors=0, targets=1
[2026-09-05 22:41:34.036] [info] [YOLO26][DET] above_0p2=0 after_nms=0 accepted=0 max_conf=0.0829 max_class=8 max_min_kpt=0.0000 refined_color=-1 color_score=0.00 color_source=-1
[DEBUG] armors=0, targets=1
[2026-09-05 22:41:34.055] [info] [YOLO26][DET] above_0p2=1 after_nms=1 accepted=1 max_conf=0.1499 max_class=8 max_min_kpt=0.9419 refined_color=1 color_score=-71.44 color_source=1
[DEBUG] armors=1, targets=1
[2026-09-05 22:41:34.075] [info] [YOLO26][DET] above_0p2=1 after_nms=1 accepted=1 max_conf=0.1145 max_class=8 max_min_kpt=0.9516 refined_color=1 color_score=-86.86 color_source=1
[DEBUG] armors=1, targets=1
[2026-09-05 22:41:34.095] [info] [YOLO26][DET] above_0p2=0 after_nms=0 accepted=0 max_conf=0.0959 max_class=8 max_min_kpt=0.0000 refined_color=-1 color_score=0.00 color_source=-1
[DEBUG] armors=0, targets=1
[2026-09-05 22:41:34.116] [info] [YOLO26][DET] above_0p2=0 after_nms=0 accepted=0 max_conf=0.0790 max_class=11 max_min_kpt=0.0000 refined_color=-1 color_score=0.00 color_source=-1
[DEBUG] armors=0, targets=1
[2026-09-05 22:41:34.137] [info] [YOLO26][DET] above_0p2=0 after_nms=0 accepted=0 max_conf=0.0925 max_class=8 max_min_kpt=0.0000 refined_color=-1 color_score=0.00 color_source=-1
[DEBUG] armors=0, targets=1
[2026-09-05 22:41:34.157] [info] [YOLO26][DET] above_0p2=1 after_nms=1 accepted=1 max_conf=0.1796 max_class=8 max_min_kpt=0.9275 refined_color=1 color_score=-58.53 color_source=1
[DEBUG] armors=1, targets=1
[2026-09-05 22:41:34.177] [info] [YOLO26][DET] above_0p2=1 after_nms=1 accepted=1 max_conf=0.2390 max_class=8 max_min_kpt=0.9297 refined_color=1 color_score=-71.40 color_source=1
[DEBUG] armors=1, targets=1
[2026-09-05 22:41:34.195] [info] [YOLO26][DET] above_0p2=1 after_nms=1 accepted=1 max_conf=0.1019 max_class=8 max_min_kpt=0.9225 refined_color=1 color_score=-66.34 color_source=1
[DEBUG] armors=1, targets=1
[2026-09-05 22:41:34.214] [info] [YOLO26][DET] above_0p2=0 after_nms=0 accepted=0 max_conf=0.0919 max_class=8 max_min_kpt=0.0000 refined_color=-1 color_score=0.00 color_source=-1
[DEBUG] armors=0, targets=1
[2026-09-05 22:41:34.234] [info] [YOLO26][DET] above_0p2=0 after_nms=0 accepted=0 max_conf=0.0901 max_class=8 max_min_kpt=0.0000 refined_color=-1 color_score=0.00 color_source=-1
[DEBUG] armors=0, targets=1
[2026-09-05 22:41:34.255] [info] [YOLO26][DET] above_0p2=0 after_nms=0 accepted=0 max_conf=0.0874 max_class=8 max_min_kpt=0.0000 refined_color=-1 color_score=0.00 color_source=-1
[DEBUG] armors=0, targets=1
[2026-09-05 22:41:34.276] [info] [YOLO26][DET] above_0p2=1 after_nms=1 accepted=1 max_conf=0.1280 max_class=8 max_min_kpt=0.9359 refined_color=1 color_score=-71.89 color_source=1
[DEBUG] armors=1, targets=1
[2026-09-05 22:41:34.296] [info] [YOLO26][DET] above_0p2=1 after_nms=1 accepted=1 max_conf=0.1308 max_class=8 max_min_kpt=0.9435 refined_color=1 color_score=-83.18 color_source=1
[DEBUG] armors=1, targets=0
[2026-09-05 22:41:34.317] [info] [YOLO26][DET] above_0p2=2 after_nms=1 accepted=1 max_conf=0.3749 max_class=11 max_min_kpt=0.9941 refined_color=1 color_score=-108.47 color_source=1
[DEBUG] armors=1, targets=1
[2026-09-05 22:41:34.337] [info] [YOLO26][DET] above_0p2=1 after_nms=1 accepted=1 max_conf=0.2325 max_class=11 max_min_kpt=0.9835 refined_color=1 color_score=-96.88 color_source=1
[DEBUG] armors=1, targets=1
[2026-09-05 22:41:34.355] [info] [YOLO26][DET] above_0p2=1 after_nms=1 accepted=1 max_conf=0.1797 max_class=11 max_min_kpt=0.9806 refined_color=1 color_score=-92.55 color_source=1
[DEBUG] armors=1, targets=1
[2026-09-05 22:41:34.357] [info] [DRYRUN] measured_gimbal=(3.581,0.528,0.119) measured_world=(3.546,0.736,0.049) tracked_world=(3.532,0.730,0.048) target_gimbal_deg=(8.38,1.88) target_world_deg=(11.72,0.77) gimbal_deg=(3.35,1.12) armor_y_px=497.4 pixel_error_deg=(-7.51,-1.05) ballistic=(range=nanm holdover=0.000m comp=0.00deg residual=-1.05deg) q_wxyz=(0.999526,0.000286,0.009793,-0.029187) cmd_deg=(10.64,-0.60) packed_pitch_deg=-0.60 control=true shoot=false
[2026-09-05 22:41:34.376] [info] [YOLO26][DET] above_0p2=2 after_nms=2 accepted=2 max_conf=0.3759 max_class=11 max_min_kpt=0.9923 refined_color=1 color_score=-80.77 color_source=1
[DEBUG] armors=2, targets=1
[2026-09-05 22:41:34.396] [info] [YOLO26][DET] above_0p2=2 after_nms=2 accepted=2 max_conf=0.6378 max_class=11 max_min_kpt=0.9853 refined_color=1 color_score=-93.55 color_source=1
[DEBUG] armors=2, targets=1
[2026-09-05 22:41:34.417] [info] [YOLO26][DET] above_0p2=2 after_nms=2 accepted=2 max_conf=0.1619 max_class=11 max_min_kpt=0.9869 refined_color=1 color_score=-101.29 color_source=1
[DEBUG] armors=2, targets=1
[2026-09-05 22:41:34.438] [info] [YOLO26][DET] above_0p2=2 after_nms=2 accepted=2 max_conf=0.4326 max_class=11 max_min_kpt=0.9961 refined_color=1 color_score=-84.26 color_source=1
[DEBUG] armors=2, targets=1
[2026-09-05 22:41:34.459] [info] [YOLO26][DET] above_0p2=2 after_nms=2 accepted=2 max_conf=0.5582 max_class=11 max_min_kpt=0.9878 refined_color=1 color_score=-81.65 color_source=1
[DEBUG] armors=2, targets=1
[2026-09-05 22:41:34.480] [info] [YOLO26][DET] above_0p2=1 after_nms=1 accepted=1 max_conf=0.3304 max_class=11 max_min_kpt=0.9861 refined_color=1 color_score=-79.94 color_source=1
[DEBUG] armors=1, targets=1
[2026-09-05 22:41:34.481] [info] [XUC][FIRE] stable-window candidate started
[2026-09-05 22:41:34.499] [info] [YOLO26][DET] above_0p2=1 after_nms=1 accepted=1 max_conf=0.1597 max_class=11 max_min_kpt=0.9862 refined_color=1 color_score=-77.59 color_source=1
[DEBUG] armors=1, targets=1
[2026-09-05 22:41:34.518] [info] [YOLO26][DET] above_0p2=1 after_nms=1 accepted=1 max_conf=0.1294 max_class=11 max_min_kpt=0.9811 refined_color=1 color_score=-76.26 color_source=1
[DEBUG] armors=1, targets=1
[2026-09-05 22:41:34.538] [info] [YOLO26][DET] above_0p2=1 after_nms=1 accepted=1 max_conf=0.2930 max_class=11 max_min_kpt=0.9831 refined_color=1 color_score=-77.83 color_source=1
[DEBUG] armors=1, targets=1
[2026-09-05 22:41:34.556] [info] [YOLO26][DET] above_0p2=2 after_nms=2 accepted=2 max_conf=0.2208 max_class=11 max_min_kpt=0.9853 refined_color=1 color_score=-79.40 color_source=1
[DEBUG] armors=2, targets=1
[2026-09-05 22:41:34.576] [info] [YOLO26][DET] above_0p2=2 after_nms=2 accepted=2 max_conf=0.3198 max_class=11 max_min_kpt=0.9911 refined_color=1 color_score=-78.70 color_source=1
[DEBUG] armors=2, targets=1
[2026-09-05 22:41:34.597] [info] [YOLO26][DET] above_0p2=1 after_nms=1 accepted=1 max_conf=0.5711 max_class=11 max_min_kpt=0.9903 refined_color=1 color_score=-95.34 color_source=1
[DEBUG] armors=1, targets=1
[2026-09-05 22:41:34.599] [info] [XUC][FIRE] stable window reset
[2026-09-05 22:41:34.617] [info] [YOLO26][DET] above_0p2=2 after_nms=2 accepted=2 max_conf=0.1978 max_class=11 max_min_kpt=0.9839 refined_color=1 color_score=-85.81 color_source=1
[DEBUG] armors=2, targets=1
[2026-09-05 22:41:34.619] [info] [XUC][FIRE] stable-window candidate started
[2026-09-05 22:41:34.638] [info] [YOLO26][DET] above_0p2=2 after_nms=2 accepted=2 max_conf=0.3515 max_class=11 max_min_kpt=0.9913 refined_color=1 color_score=-82.37 color_source=1
[DEBUG] armors=2, targets=1
[2026-09-05 22:41:34.660] [info] [YOLO26][DET] above_0p2=2 after_nms=2 accepted=2 max_conf=0.4861 max_class=11 max_min_kpt=0.9880 refined_color=1 color_score=-85.47 color_source=1
[DEBUG] armors=2, targets=1
[2026-09-05 22:41:34.680] [info] [YOLO26][DET] above_0p2=2 after_nms=2 accepted=2 max_conf=0.3403 max_class=11 max_min_kpt=0.9818 refined_color=1 color_score=-85.00 color_source=1
[DEBUG] armors=2, targets=1
[2026-09-05 22:41:34.682] [info] [XUC][FIRE] stable window reset
[2026-09-05 22:41:34.700] [info] [YOLO26][DET] above_0p2=2 after_nms=1 accepted=1 max_conf=0.2470 max_class=11 max_min_kpt=0.9899 refined_color=1 color_score=-83.67 color_source=1
[DEBUG] armors=1, targets=1
[2026-09-05 22:41:34.720] [info] [YOLO26][DET] above_0p2=1 after_nms=1 accepted=1 max_conf=0.1745 max_class=11 max_min_kpt=0.9883 refined_color=1 color_score=-79.40 color_source=1
[DEBUG] armors=1, targets=1
[2026-09-05 22:41:34.738] [info] [YOLO26][DET] above_0p2=2 after_nms=2 accepted=2 max_conf=0.5621 max_class=14 max_min_kpt=0.9883 refined_color=1 color_score=-74.80 color_source=1
[DEBUG] armors=2, targets=1
[2026-09-05 22:41:34.743] [info] [SYNC][XUC] mode=0 yaw=-3.35 deg pitch=1.12 deg feeder_rpm=0.00 wheel0_rpm=0 wheel1_rpm=0 wheel_delta=0 projectile_speed=19.36 gate=0x1E switch=0 rc=1 sticks=1 imu=1 serial=1 control=0 yaw_armed=0 pitch_active=0
[2026-09-05 22:41:34.758] [info] [YOLO26][DET] above_0p2=0 after_nms=0 accepted=0 max_conf=0.0422 max_class=11 max_min_kpt=0.0000 refined_color=-1 color_score=0.00 color_source=-1
[2026-09-05 22:41:34.762] [info] [YOLO26] ==================== Performance ====================
[2026-09-05 22:41:34.762] [info] [YOLO26] Preprocess:  0.971 ms (5.1%)
[2026-09-05 22:41:34.762] [info] [YOLO26] Inference:   14.275 ms (75.7%)
[2026-09-05 22:41:34.762] [info] [YOLO26] Postprocess: 3.608 ms (19.1%)
[2026-09-05 22:41:34.762] [info] [YOLO26] Total:       18.855 ms (53.0 FPS)
[2026-09-05 22:41:34.762] [info] [YOLO26] ======================================================
[DEBUG] armors=0, targets=1
[2026-09-05 22:41:34.764] [info] [PERF] 总耗时=21.4ms (检测=18.9ms, 跟踪=0.0ms), FPS=46.7
[2026-09-05 22:41:34.764] [info] 📊 [CAMERA FPS] 瞬时帧率=46.7fps, 平均帧率=50.5fps, 总帧数=800, 运行时间=15.8s
[2026-09-05 22:41:34.779] [info] [YOLO26][DET] above_0p2=0 after_nms=0 accepted=0 max_conf=0.0470 max_class=8 max_min_kpt=0.0000 refined_color=-1 color_score=0.00 color_source=-1
[DEBUG] armors=0, targets=1
[2026-09-05 22:41:34.799] [info] [YOLO26][DET] above_0p2=1 after_nms=1 accepted=1 max_conf=0.3044 max_class=11 max_min_kpt=0.9871 refined_color=1 color_score=-88.91 color_source=1
[DEBUG] armors=1, targets=1
[2026-09-05 22:41:34.820] [info] [YOLO26][DET] above_0p2=0 after_nms=0 accepted=0 max_conf=0.0981 max_class=8 max_min_kpt=0.0000 refined_color=-1 color_score=0.00 color_source=-1
[DEBUG] armors=0, targets=1
[2026-09-05 22:41:34.840] [info] [YOLO26][DET] above_0p2=1 after_nms=1 accepted=1 max_conf=0.2613 max_class=11 max_min_kpt=0.9831 refined_color=1 color_score=-90.38 color_source=1
[DEBUG] armors=1, targets=1
[2026-09-05 22:41:34.860] [info] [YOLO26][DET] above_0p2=0 after_nms=0 accepted=0 max_conf=0.0233 max_class=11 max_min_kpt=0.0000 refined_color=-1 color_score=0.00 color_source=-1
[DEBUG] armors=0, targets=1
[2026-09-05 22:41:34.881] [info] [YOLO26][DET] above_0p2=1 after_nms=1 accepted=1 max_conf=0.4456 max_class=11 max_min_kpt=0.9901 refined_color=1 color_score=-74.47 color_source=1
[DEBUG] armors=1, targets=1
[2026-09-05 22:41:34.899] [info] [YOLO26][DET] above_0p2=0 after_nms=0 accepted=0 max_conf=0.0540 max_class=11 max_min_kpt=0.0000 refined_color=-1 color_score=0.00 color_source=-1
[DEBUG] armors=0, targets=1
[2026-09-05 22:41:34.917] [info] [YOLO26][DET] above_0p2=0 after_nms=0 accepted=0 max_conf=0.0483 max_class=8 max_min_kpt=0.0000 refined_color=-1 color_score=0.00 color_source=-1
[DEBUG] armors=0, targets=1
[2026-09-05 22:41:34.936] [info] [YOLO26][DET] above_0p2=1 after_nms=1 accepted=1 max_conf=0.1180 max_class=8 max_min_kpt=0.9394 refined_color=1 color_score=-82.51 color_source=1
[DEBUG] armors=1, targets=1
[2026-09-05 22:41:34.955] [info] [YOLO26][DET] above_0p2=0 after_nms=0 accepted=0 max_conf=0.0848 max_class=8 max_min_kpt=0.0000 refined_color=-1 color_score=0.00 color_source=-1
[DEBUG] armors=0, targets=1
[2026-09-05 22:41:34.974] [info] [YOLO26][DET] above_0p2=0 after_nms=0 accepted=0 max_conf=0.0509 max_class=8 max_min_kpt=0.0000 refined_color=-1 color_score=0.00 color_source=-1
[DEBUG] armors=0, targets=1
[2026-09-05 22:41:34.993] [info] [YOLO26][DET] above_0p2=0 after_nms=0 accepted=0 max_conf=0.0646 max_class=8 max_min_kpt=0.0000 refined_color=-1 color_score=0.00 color_source=-1
[DEBUG] armors=0, targets=1
[2026-09-05 22:41:35.011] [info] [YOLO26][DET] above_0p2=1 after_nms=1 accepted=1 max_conf=0.1263 max_class=8 max_min_kpt=0.9179 refined_color=1 color_score=-85.02 color_source=1
[DEBUG] armors=1, targets=1
[2026-09-05 22:41:35.031] [info] [YOLO26][DET] above_0p2=1 after_nms=1 accepted=1 max_conf=0.1059 max_class=8 max_min_kpt=0.9093 refined_color=1 color_score=-74.31 color_source=1
[DEBUG] armors=1, targets=1
[2026-09-05 22:41:35.050] [info] [YOLO26][DET] above_0p2=0 after_nms=0 accepted=0 max_conf=0.0856 max_class=8 max_min_kpt=0.0000 refined_color=-1 color_score=0.00 color_source=-1
[DEBUG] armors=0, targets=1
[2026-09-05 22:41:35.070] [info] [YOLO26][DET] above_0p2=0 after_nms=0 accepted=0 max_conf=0.0694 max_class=8 max_min_kpt=0.0000 refined_color=-1 color_score=0.00 color_source=-1
[DEBUG] armors=0, targets=1
[2026-09-05 22:41:35.090] [info] [YOLO26][DET] above_0p2=2 after_nms=1 accepted=1 max_conf=0.2860 max_class=11 max_min_kpt=0.9870 refined_color=1 color_score=-91.55 color_source=1
[DEBUG] armors=1, targets=1
[2026-09-05 22:41:35.111] [info] [YOLO26][DET] above_0p2=2 after_nms=1 accepted=1 max_conf=0.1265 max_class=8 max_min_kpt=0.9845 refined_color=1 color_score=-80.87 color_source=1
[DEBUG] armors=1, targets=1
[2026-09-05 22:41:35.132] [info] [YOLO26][DET] above_0p2=0 after_nms=0 accepted=0 max_conf=0.0829 max_class=8 max_min_kpt=0.0000 refined_color=-1 color_score=0.00 color_source=-1
[DEBUG] armors=0, targets=1
[2026-09-05 22:41:35.152] [info] [YOLO26][DET] above_0p2=1 after_nms=1 accepted=1 max_conf=0.1522 max_class=8 max_min_kpt=0.9152 refined_color=1 color_score=-83.48 color_source=1
[DEBUG] armors=1, targets=1
[2026-09-05 22:41:35.154] [info] [DRYRUN] measured_gimbal=(3.570,0.459,0.121) measured_world=(3.539,0.666,0.051) tracked_world=(3.863,0.926,0.053) target_gimbal_deg=(7.32,1.93) target_world_deg=(10.66,0.82) gimbal_deg=(3.35,1.12) armor_y_px=496.0 pixel_error_deg=(-6.94,-1.08) ballistic=(range=nanm holdover=0.000m comp=0.00deg residual=-1.08deg) q_wxyz=(0.999526,0.000286,0.009793,-0.029187) cmd_deg=(11.29,-0.64) packed_pitch_deg=-0.64 control=true shoot=false
[2026-09-05 22:41:35.170] [info] [YOLO26][DET] above_0p2=1 after_nms=1 accepted=1 max_conf=0.1395 max_class=8 max_min_kpt=0.9351 refined_color=1 color_score=-72.46 color_source=1
[DEBUG] armors=1, targets=1
[2026-09-05 22:41:35.190] [info] [YOLO26][DET] above_0p2=1 after_nms=1 accepted=1 max_conf=0.1874 max_class=11 max_min_kpt=0.9886 refined_color=1 color_score=-87.56 color_source=1
[DEBUG] armors=1, targets=1
[2026-09-05 22:41:35.210] [info] [YOLO26][DET] above_0p2=2 after_nms=1 accepted=1 max_conf=0.1395 max_class=8 max_min_kpt=0.9815 refined_color=1 color_score=-104.17 color_source=1
[DEBUG] armors=1, targets=1
[2026-09-05 22:41:35.229] [info] [YOLO26][DET] above_0p2=2 after_nms=2 accepted=2 max_conf=0.1385 max_class=11 max_min_kpt=0.9875 refined_color=1 color_score=-91.26 color_source=1
[DEBUG] armors=2, targets=1
[2026-09-05 22:41:35.249] [info] [YOLO26][DET] above_0p2=1 after_nms=1 accepted=1 max_conf=0.1382 max_class=11 max_min_kpt=0.9857 refined_color=1 color_score=-93.13 color_source=1
[DEBUG] armors=1, targets=1
[2026-09-05 22:41:35.270] [info] [YOLO26][DET] above_0p2=3 after_nms=2 accepted=2 max_conf=0.2893 max_class=11 max_min_kpt=0.9845 refined_color=1 color_score=-69.70 color_source=1
[DEBUG] armors=2, targets=1
[2026-09-05 22:41:35.292] [info] [YOLO26][DET] above_0p2=1 after_nms=1 accepted=1 max_conf=0.3172 max_class=11 max_min_kpt=0.9900 refined_color=1 color_score=-91.99 color_source=1
[DEBUG] armors=1, targets=1
[2026-09-05 22:41:35.312] [info] [YOLO26][DET] above_0p2=2 after_nms=2 accepted=2 max_conf=0.4216 max_class=11 max_min_kpt=0.9898 refined_color=1 color_score=-94.01 color_source=1
[DEBUG] armors=2, targets=1
[2026-09-05 22:41:35.333] [info] [YOLO26][DET] above_0p2=2 after_nms=2 accepted=2 max_conf=0.4522 max_class=11 max_min_kpt=0.9905 refined_color=1 color_score=-89.43 color_source=1
[DEBUG] armors=2, targets=1
[2026-09-05 22:41:35.353] [info] [YOLO26][DET] above_0p2=2 after_nms=2 accepted=2 max_conf=0.3565 max_class=11 max_min_kpt=0.9894 refined_color=1 color_score=-80.50 color_source=1
[DEBUG] armors=2, targets=1
[2026-09-05 22:41:35.371] [info] [YOLO26][DET] above_0p2=2 after_nms=2 accepted=2 max_conf=0.6435 max_class=11 max_min_kpt=0.9890 refined_color=1 color_score=-80.76 color_source=1
[DEBUG] armors=2, targets=1
[2026-09-05 22:41:35.391] [info] [YOLO26][DET] above_0p2=1 after_nms=1 accepted=1 max_conf=0.1880 max_class=11 max_min_kpt=0.9792 refined_color=1 color_score=-87.81 color_source=1
[DEBUG] armors=1, targets=1
[2026-09-05 22:41:35.411] [info] [YOLO26][DET] above_0p2=2 after_nms=2 accepted=2 max_conf=0.2798 max_class=11 max_min_kpt=0.9873 refined_color=1 color_score=-81.93 color_source=1
[DEBUG] armors=2, targets=1
[2026-09-05 22:41:35.432] [info] [YOLO26][DET] above_0p2=1 after_nms=1 accepted=1 max_conf=0.4330 max_class=11 max_min_kpt=0.9922 refined_color=1 color_score=-79.49 color_source=1
[DEBUG] armors=1, targets=1
[2026-09-05 22:41:35.452] [info] [YOLO26][DET] above_0p2=2 after_nms=2 accepted=2 max_conf=0.5466 max_class=11 max_min_kpt=0.9915 refined_color=1 color_score=-86.00 color_source=1
[DEBUG] armors=2, targets=1
[2026-09-05 22:41:35.477] [info] [YOLO26][DET] above_0p2=1 after_nms=1 accepted=1 max_conf=0.2452 max_class=11 max_min_kpt=0.9699 refined_color=1 color_score=-81.41 color_source=1
[DEBUG] armors=1, targets=1
[2026-09-05 22:41:35.497] [info] [YOLO26][DET] above_0p2=2 after_nms=2 accepted=2 max_conf=0.5169 max_class=11 max_min_kpt=0.9895 refined_color=1 color_score=-80.08 color_source=1
[DEBUG] armors=2, targets=1
[2026-09-05 22:41:35.518] [info] [YOLO26][DET] above_0p2=3 after_nms=2 accepted=2 max_conf=0.4850 max_class=11 max_min_kpt=0.9950 refined_color=1 color_score=-83.73 color_source=1
[DEBUG] armors=2, targets=1
[2026-09-05 22:41:35.539] [info] [YOLO26][DET] above_0p2=2 after_nms=2 accepted=2 max_conf=0.6489 max_class=11 max_min_kpt=0.9938 refined_color=1 color_score=-96.63 color_source=1
[DEBUG] armors=2, targets=1
[2026-09-05 22:41:35.559] [info] [YOLO26][DET] above_0p2=3 after_nms=2 accepted=2 max_conf=0.5078 max_class=11 max_min_kpt=0.9921 refined_color=1 color_score=-76.59 color_source=1
[DEBUG] armors=2, targets=1
[2026-09-05 22:41:35.562] [info] [DRYRUN] measured_gimbal=(3.700,0.681,0.125) measured_world=(3.655,0.896,0.053) tracked_world=(4.095,0.834,0.043) target_gimbal_deg=(10.44,1.90) target_world_deg=(13.78,0.80) gimbal_deg=(3.35,1.12) armor_y_px=494.7 pixel_error_deg=(-9.54,-1.11) ballistic=(range=nanm holdover=0.000m comp=0.00deg residual=-1.11deg) q_wxyz=(0.999526,0.000286,0.009793,-0.029187) cmd_deg=(7.68,-0.72) packed_pitch_deg=-0.72 control=true shoot=false
[2026-09-05 22:41:35.580] [info] [YOLO26][DET] above_0p2=3 after_nms=1 accepted=1 max_conf=0.3101 max_class=11 max_min_kpt=0.9964 refined_color=1 color_score=-85.22 color_source=1
[DEBUG] armors=1, targets=1
[2026-09-05 22:41:35.600] [info] [YOLO26][DET] above_0p2=1 after_nms=1 accepted=1 max_conf=0.4362 max_class=11 max_min_kpt=0.9949 refined_color=1 color_score=-90.93 color_source=1
[DEBUG] armors=1, targets=1
[2026-09-05 22:41:35.619] [info] [YOLO26][DET] above_0p2=2 after_nms=2 accepted=2 max_conf=0.2817 max_class=11 max_min_kpt=0.9941 refined_color=1 color_score=-86.62 color_source=1
[DEBUG] armors=2, targets=1
[2026-09-05 22:41:35.640] [info] [YOLO26][DET] above_0p2=1 after_nms=1 accepted=1 max_conf=0.2548 max_class=11 max_min_kpt=0.9955 refined_color=1 color_score=-83.16 color_source=1
[DEBUG] armors=1, targets=1
[2026-09-05 22:41:35.660] [info] [YOLO26][DET] above_0p2=1 after_nms=1 accepted=1 max_conf=0.3595 max_class=11 max_min_kpt=0.9924 refined_color=1 color_score=-85.89 color_source=1
[DEBUG] armors=1, targets=1
[2026-09-05 22:41:35.678] [info] [YOLO26][DET] above_0p2=0 after_nms=0 accepted=0 max_conf=0.0679 max_class=8 max_min_kpt=0.0000 refined_color=-1 color_score=0.00 color_source=-1
[DEBUG] armors=0, targets=1
[2026-09-05 22:41:35.698] [info] [YOLO26][DET] above_0p2=1 after_nms=1 accepted=1 max_conf=0.1537 max_class=8 max_min_kpt=0.9133 refined_color=1 color_score=-82.18 color_source=1
[DEBUG] armors=1, targets=1
[2026-09-05 22:41:35.717] [info] [YOLO26][DET] above_0p2=0 after_nms=0 accepted=0 max_conf=0.0494 max_class=8 max_min_kpt=0.0000 refined_color=-1 color_score=0.00 color_source=-1
[DEBUG] armors=0, targets=1
[2026-09-05 22:41:35.736] [info] [YOLO26][DET] above_0p2=0 after_nms=0 accepted=0 max_conf=0.0571 max_class=8 max_min_kpt=0.0000 refined_color=-1 color_score=0.00 color_source=-1
[DEBUG] armors=0, targets=1
[2026-09-05 22:41:35.741] [info] [SYNC][XUC] mode=0 yaw=-3.35 deg pitch=1.12 deg feeder_rpm=0.00 wheel0_rpm=0 wheel1_rpm=0 wheel_delta=0 projectile_speed=19.36 gate=0x1E switch=0 rc=1 sticks=1 imu=1 serial=1 control=0 yaw_armed=0 pitch_active=0
[2026-09-05 22:41:35.756] [info] [YOLO26][DET] above_0p2=0 after_nms=0 accepted=0 max_conf=0.0691 max_class=8 max_min_kpt=0.0000 refined_color=-1 color_score=0.00 color_source=-1
[2026-09-05 22:41:35.760] [info] [YOLO26] ==================== Performance ====================
[2026-09-05 22:41:35.760] [info] [YOLO26] Preprocess:  1.225 ms (6.4%)
[2026-09-05 22:41:35.760] [info] [YOLO26] Inference:   14.119 ms (73.4%)
[2026-09-05 22:41:35.760] [info] [YOLO26] Postprocess: 3.892 ms (20.2%)
[2026-09-05 22:41:35.760] [info] [YOLO26] Total:       19.237 ms (52.0 FPS)
[2026-09-05 22:41:35.760] [info] [YOLO26] ======================================================
[DEBUG] armors=0, targets=1
[2026-09-05 22:41:35.763] [info] [PERF] 总耗时=22.4ms (检测=19.3ms, 跟踪=0.0ms), FPS=44.7
[2026-09-05 22:41:35.763] [info] 📊 [CAMERA FPS] 瞬时帧率=44.7fps, 平均帧率=50.5fps, 总帧数=850, 运行时间=16.8s
[2026-09-05 22:41:35.779] [info] [YOLO26][DET] above_0p2=0 after_nms=0 accepted=0 max_conf=0.0881 max_class=8 max_min_kpt=0.0000 refined_color=-1 color_score=0.00 color_source=-1
[DEBUG] armors=0, targets=1
[2026-09-05 22:41:35.800] [info] [YOLO26][DET] above_0p2=1 after_nms=1 accepted=1 max_conf=0.2051 max_class=8 max_min_kpt=0.9418 refined_color=1 color_score=-95.71 color_source=1
[DEBUG] armors=1, targets=1
[2026-09-05 22:41:35.821] [info] [YOLO26][DET] above_0p2=1 after_nms=1 accepted=1 max_conf=0.2318 max_class=8 max_min_kpt=0.9528 refined_color=1 color_score=-72.42 color_source=1
[DEBUG] armors=1, targets=1
[2026-09-05 22:41:35.839] [info] [YOLO26][DET] above_0p2=1 after_nms=1 accepted=1 max_conf=0.1480 max_class=8 max_min_kpt=0.9457 refined_color=1 color_score=-75.18 color_source=1
[DEBUG] armors=1, targets=1
[2026-09-05 22:41:35.858] [info] [YOLO26][DET] above_0p2=0 after_nms=0 accepted=0 max_conf=0.0928 max_class=8 max_min_kpt=0.0000 refined_color=-1 color_score=0.00 color_source=-1
[DEBUG] armors=0, targets=1
[2026-09-05 22:41:35.878] [info] [YOLO26][DET] above_0p2=1 after_nms=1 accepted=1 max_conf=0.2479 max_class=8 max_min_kpt=0.9264 refined_color=1 color_score=-75.75 color_source=1
[DEBUG] armors=1, targets=1
[2026-09-05 22:41:35.896] [info] [YOLO26][DET] above_0p2=1 after_nms=1 accepted=1 max_conf=0.2559 max_class=8 max_min_kpt=0.9230 refined_color=1 color_score=-74.25 color_source=1
[DEBUG] armors=1, targets=1
[2026-09-05 22:41:35.916] [info] [YOLO26][DET] above_0p2=1 after_nms=1 accepted=1 max_conf=0.1576 max_class=8 max_min_kpt=0.9298 refined_color=1 color_score=-76.81 color_source=1
[DEBUG] armors=1, targets=1
[2026-09-05 22:41:35.935] [info] [YOLO26][DET] above_0p2=1 after_nms=1 accepted=1 max_conf=0.1049 max_class=8 max_min_kpt=0.9178 refined_color=1 color_score=-79.45 color_source=1
[DEBUG] armors=1, targets=1
[2026-09-05 22:41:35.954] [info] [YOLO26][DET] above_0p2=1 after_nms=1 accepted=1 max_conf=0.1296 max_class=8 max_min_kpt=0.9270 refined_color=1 color_score=-75.53 color_source=1
[DEBUG] armors=1, targets=1
[2026-09-05 22:41:35.955] [info] [DRYRUN] measured_gimbal=(3.656,0.302,0.112) measured_world=(3.634,0.515,0.040) tracked_world=(4.166,0.591,0.038) target_gimbal_deg=(4.73,1.74) target_world_deg=(8.07,0.63) gimbal_deg=(3.35,1.12) armor_y_px=502.5 pixel_error_deg=(-6.46,-0.92) ballistic=(range=nanm holdover=0.000m comp=0.00deg residual=-0.92deg) q_wxyz=(0.999526,0.000286,0.009793,-0.029187) cmd_deg=(4.34,-0.40) packed_pitch_deg=-0.40 control=true shoot=false
[2026-09-05 22:41:35.973] [info] [YOLO26][DET] above_0p2=1 after_nms=1 accepted=1 max_conf=0.1743 max_class=8 max_min_kpt=0.9270 refined_color=1 color_score=-83.17 color_source=1
[DEBUG] armors=1, targets=0
[2026-09-05 22:41:35.993] [info] [YOLO26][DET] above_0p2=1 after_nms=1 accepted=1 max_conf=0.1703 max_class=8 max_min_kpt=0.9252 refined_color=1 color_score=-79.36 color_source=1
[DEBUG] armors=1, targets=1
[2026-09-05 22:41:36.013] [info] [YOLO26][DET] above_0p2=1 after_nms=1 accepted=1 max_conf=0.1053 max_class=8 max_min_kpt=0.9337 refined_color=1 color_score=-73.45 color_source=1
[DEBUG] armors=1, targets=1
[2026-09-05 22:41:36.033] [info] [YOLO26][DET] above_0p2=1 after_nms=1 accepted=1 max_conf=0.1166 max_class=8 max_min_kpt=0.9330 refined_color=1 color_score=-71.26 color_source=1
[DEBUG] armors=1, targets=1
[2026-09-05 22:41:36.053] [info] [YOLO26][DET] above_0p2=0 after_nms=0 accepted=0 max_conf=0.0647 max_class=8 max_min_kpt=0.0000 refined_color=-1 color_score=0.00 color_source=-1
[DEBUG] armors=0, targets=0
[2026-09-05 22:41:36.071] [info] [YOLO26][DET] above_0p2=2 after_nms=1 accepted=1 max_conf=0.1600 max_class=11 max_min_kpt=0.9858 refined_color=1 color_score=-78.03 color_source=1
[DEBUG] armors=1, targets=1
[2026-09-05 22:41:36.091] [info] [YOLO26][DET] above_0p2=0 after_nms=0 accepted=0 max_conf=0.0698 max_class=8 max_min_kpt=0.0000 refined_color=-1 color_score=0.00 color_source=-1
[DEBUG] armors=0, targets=0
[2026-09-05 22:41:36.109] [info] [YOLO26][DET] above_0p2=0 after_nms=0 accepted=0 max_conf=0.0489 max_class=8 max_min_kpt=0.0000 refined_color=-1 color_score=0.00 color_source=-1
[DEBUG] armors=0, targets=0
[2026-09-05 22:41:36.128] [info] [YOLO26][DET] above_0p2=0 after_nms=0 accepted=0 max_conf=0.0490 max_class=8 max_min_kpt=0.0000 refined_color=-1 color_score=0.00 color_source=-1
[DEBUG] armors=0, targets=0
[2026-09-05 22:41:36.145] [info] [YOLO26][DET] above_0p2=0 after_nms=0 accepted=0 max_conf=0.0922 max_class=10 max_min_kpt=0.0000 refined_color=-1 color_score=0.00 color_source=-1
[DEBUG] armors=0, targets=0
[2026-09-05 22:41:36.163] [info] [YOLO26][DET] above_0p2=1 after_nms=1 accepted=1 max_conf=0.1147 max_class=11 max_min_kpt=0.9930 refined_color=1 color_score=-96.00 color_source=1
[DEBUG] armors=1, targets=1
[2026-09-05 22:41:36.183] [info] [YOLO26][DET] above_0p2=1 after_nms=1 accepted=1 max_conf=0.2362 max_class=11 max_min_kpt=0.9897 refined_color=1 color_score=-103.26 color_source=1
[DEBUG] armors=1, targets=1
[2026-09-05 22:41:36.203] [info] [YOLO26][DET] above_0p2=1 after_nms=1 accepted=1 max_conf=0.1818 max_class=11 max_min_kpt=0.9821 refined_color=1 color_score=-87.73 color_source=1
[DEBUG] armors=1, targets=1
[2026-09-05 22:41:36.205] [info] [XUC][FIRE] stable-window candidate started
[2026-09-05 22:41:36.222] [info] [YOLO26][DET] above_0p2=2 after_nms=2 accepted=2 max_conf=0.3567 max_class=11 max_min_kpt=0.9946 refined_color=1 color_score=-109.10 color_source=1
[DEBUG] armors=2, targets=1
[2026-09-05 22:41:36.224] [info] [XUC][FIRE] stable window reset
[2026-09-05 22:41:36.242] [info] [YOLO26][DET] above_0p2=2 after_nms=2 accepted=2 max_conf=0.5711 max_class=11 max_min_kpt=0.9871 refined_color=1 color_score=-85.53 color_source=1
[DEBUG] armors=2, targets=1
[2026-09-05 22:41:36.263] [info] [YOLO26][DET] above_0p2=1 after_nms=1 accepted=1 max_conf=0.4448 max_class=11 max_min_kpt=0.9862 refined_color=1 color_score=-82.85 color_source=1
[DEBUG] armors=1, targets=1
[2026-09-05 22:41:36.266] [info] [XUC][FIRE] stable-window candidate started
[2026-09-05 22:41:36.285] [info] [YOLO26][DET] above_0p2=2 after_nms=2 accepted=2 max_conf=0.2426 max_class=11 max_min_kpt=0.9851 refined_color=1 color_score=-80.30 color_source=1
[DEBUG] armors=2, targets=1
[2026-09-05 22:41:36.288] [info] [XUC][FIRE] stable window reset
[2026-09-05 22:41:36.305] [info] [YOLO26][DET] above_0p2=2 after_nms=2 accepted=2 max_conf=0.6698 max_class=11 max_min_kpt=0.9898 refined_color=1 color_score=-85.55 color_source=1
[DEBUG] armors=2, targets=1
[2026-09-05 22:41:36.324] [info] [YOLO26][DET] above_0p2=2 after_nms=2 accepted=2 max_conf=0.3664 max_class=11 max_min_kpt=0.9912 refined_color=1 color_score=-83.01 color_source=1
[DEBUG] armors=2, targets=1
[2026-09-05 22:41:36.345] [info] [YOLO26][DET] above_0p2=2 after_nms=2 accepted=2 max_conf=0.1440 max_class=11 max_min_kpt=0.9883 refined_color=1 color_score=-80.52 color_source=1
[DEBUG] armors=2, targets=1
[2026-09-05 22:41:36.348] [info] [DRYRUN] measured_gimbal=(3.530,0.627,0.114) measured_world=(3.489,0.832,0.045) tracked_world=(3.619,0.862,0.045) target_gimbal_deg=(10.08,1.83) target_world_deg=(13.42,0.72) gimbal_deg=(3.35,1.12) armor_y_px=499.8 pixel_error_deg=(-9.21,-0.99) ballistic=(range=nanm holdover=0.000m comp=0.00deg residual=-0.99deg) q_wxyz=(0.999526,0.000286,0.009793,-0.029187) cmd_deg=(6.80,-0.50) packed_pitch_deg=-0.50 control=true shoot=false
[2026-09-05 22:41:36.364] [info] [YOLO26][DET] above_0p2=2 after_nms=2 accepted=2 max_conf=0.3453 max_class=11 max_min_kpt=0.9914 refined_color=1 color_score=-87.82 color_source=1
[DEBUG] armors=2, targets=1
[2026-09-05 22:41:36.383] [info] [YOLO26][DET] above_0p2=2 after_nms=2 accepted=2 max_conf=0.6215 max_class=11 max_min_kpt=0.9919 refined_color=1 color_score=-93.34 color_source=1
[DEBUG] armors=2, targets=1
[2026-09-05 22:41:36.403] [info] [YOLO26][DET] above_0p2=2 after_nms=2 accepted=2 max_conf=0.8298 max_class=11 max_min_kpt=0.9949 refined_color=1 color_score=-88.92 color_source=1
[DEBUG] armors=2, targets=1
[2026-09-05 22:41:36.423] [info] [YOLO26][DET] above_0p2=2 after_nms=2 accepted=2 max_conf=0.7082 max_class=11 max_min_kpt=0.9931 refined_color=1 color_score=-89.45 color_source=1
[DEBUG] armors=2, targets=1
[2026-09-05 22:41:36.443] [info] [YOLO26][DET] above_0p2=1 after_nms=1 accepted=1 max_conf=0.3291 max_class=11 max_min_kpt=0.9916 refined_color=1 color_score=-86.83 color_source=1
[DEBUG] armors=1, targets=1
[2026-09-05 22:41:36.464] [info] [YOLO26][DET] above_0p2=3 after_nms=2 accepted=2 max_conf=0.6910 max_class=11 max_min_kpt=0.9962 refined_color=1 color_score=-91.33 color_source=1
[DEBUG] armors=2, targets=1
[2026-09-05 22:41:36.484] [info] [YOLO26][DET] above_0p2=1 after_nms=1 accepted=1 max_conf=0.1634 max_class=11 max_min_kpt=0.9949 refined_color=1 color_score=-91.74 color_source=1
[DEBUG] armors=1, targets=1
[2026-09-05 22:41:36.503] [info] [YOLO26][DET] above_0p2=2 after_nms=1 accepted=1 max_conf=0.1352 max_class=8 max_min_kpt=0.9919 refined_color=1 color_score=-69.24 color_source=1
[DEBUG] armors=1, targets=1
[2026-09-05 22:41:36.521] [info] [YOLO26][DET] above_0p2=1 after_nms=1 accepted=1 max_conf=0.6163 max_class=11 max_min_kpt=0.9960 refined_color=1 color_score=-87.59 color_source=1
[DEBUG] armors=1, targets=1
[2026-09-05 22:41:36.541] [info] [YOLO26][DET] above_0p2=1 after_nms=1 accepted=1 max_conf=0.1677 max_class=11 max_min_kpt=0.9913 refined_color=1 color_score=-89.03 color_source=1
[DEBUG] armors=1, targets=1
[2026-09-05 22:41:36.562] [info] [YOLO26][DET] above_0p2=1 after_nms=1 accepted=1 max_conf=0.1469 max_class=8 max_min_kpt=0.9297 refined_color=1 color_score=-103.75 color_source=1
[DEBUG] armors=1, targets=1
[2026-09-05 22:41:36.581] [info] [YOLO26][DET] above_0p2=1 after_nms=1 accepted=1 max_conf=0.1908 max_class=8 max_min_kpt=0.9305 refined_color=1 color_score=-89.68 color_source=1
[DEBUG] armors=1, targets=1
[2026-09-05 22:41:36.601] [info] [YOLO26][DET] above_0p2=1 after_nms=1 accepted=1 max_conf=0.1641 max_class=8 max_min_kpt=0.9214 refined_color=1 color_score=-94.80 color_source=1
[DEBUG] armors=1, targets=1
[2026-09-05 22:41:36.620] [info] [YOLO26][DET] above_0p2=0 after_nms=0 accepted=0 max_conf=0.0279 max_class=8 max_min_kpt=0.0000 refined_color=-1 color_score=0.00 color_source=-1
[DEBUG] armors=0, targets=1
[2026-09-05 22:41:36.639] [info] [YOLO26][DET] above_0p2=0 after_nms=0 accepted=0 max_conf=0.0538 max_class=8 max_min_kpt=0.0000 refined_color=-1 color_score=0.00 color_source=-1
[DEBUG] armors=0, targets=1
[2026-09-05 22:41:36.659] [info] [YOLO26][DET] above_0p2=0 after_nms=0 accepted=0 max_conf=0.0934 max_class=11 max_min_kpt=0.0000 refined_color=-1 color_score=0.00 color_source=-1
[DEBUG] armors=0, targets=1
[2026-09-05 22:41:36.679] [info] [YOLO26][DET] above_0p2=1 after_nms=1 accepted=1 max_conf=0.1032 max_class=8 max_min_kpt=0.9436 refined_color=1 color_score=-80.52 color_source=1
[DEBUG] armors=1, targets=1
[2026-09-05 22:41:36.699] [info] [YOLO26][DET] above_0p2=1 after_nms=1 accepted=1 max_conf=0.1320 max_class=8 max_min_kpt=0.9488 refined_color=1 color_score=-94.40 color_source=1
[DEBUG] armors=1, targets=1
[2026-09-05 22:41:36.719] [info] [YOLO26][DET] above_0p2=0 after_nms=0 accepted=0 max_conf=0.0616 max_class=8 max_min_kpt=0.0000 refined_color=-1 color_score=0.00 color_source=-1
[DEBUG] armors=0, targets=1
[2026-09-05 22:41:36.724] [info] [SYNC][XUC] mode=0 yaw=-3.35 deg pitch=1.12 deg feeder_rpm=-4.00 wheel0_rpm=0 wheel1_rpm=0 wheel_delta=0 projectile_speed=19.36 gate=0x1E switch=0 rc=1 sticks=1 imu=1 serial=1 control=0 yaw_armed=0 pitch_active=0
[2026-09-05 22:41:36.738] [info] [YOLO26][DET] above_0p2=0 after_nms=0 accepted=0 max_conf=0.0381 max_class=8 max_min_kpt=0.0000 refined_color=-1 color_score=0.00 color_source=-1
[2026-09-05 22:41:36.742] [info] [YOLO26] ==================== Performance ====================
[2026-09-05 22:41:36.742] [info] [YOLO26] Preprocess:  0.952 ms (5.5%)
[2026-09-05 22:41:36.742] [info] [YOLO26] Inference:   12.902 ms (74.0%)
[2026-09-05 22:41:36.742] [info] [YOLO26] Postprocess: 3.584 ms (20.6%)
[2026-09-05 22:41:36.742] [info] [YOLO26] Total:       17.439 ms (57.3 FPS)
[2026-09-05 22:41:36.742] [info] [YOLO26] ======================================================
[DEBUG] armors=0, targets=1
[2026-09-05 22:41:36.744] [info] [PERF] 总耗时=20.1ms (检测=17.5ms, 跟踪=0.0ms), FPS=49.8
[2026-09-05 22:41:36.744] [info] 📊 [CAMERA FPS] 瞬时帧率=49.8fps, 平均帧率=50.5fps, 总帧数=900, 运行时间=17.8s
[2026-09-05 22:41:36.759] [info] [YOLO26][DET] above_0p2=0 after_nms=0 accepted=0 max_conf=0.0876 max_class=8 max_min_kpt=0.0000 refined_color=-1 color_score=0.00 color_source=-1
[DEBUG] armors=0, targets=1
[2026-09-05 22:41:36.778] [info] [YOLO26][DET] above_0p2=1 after_nms=1 accepted=1 max_conf=0.1095 max_class=8 max_min_kpt=0.9353 refined_color=1 color_score=-86.45 color_source=1
[DEBUG] armors=1, targets=1
[2026-09-05 22:41:36.796] [info] [YOLO26][DET] above_0p2=1 after_nms=1 accepted=1 max_conf=0.1285 max_class=8 max_min_kpt=0.9153 refined_color=1 color_score=-73.54 color_source=1
[DEBUG] armors=1, targets=1
[2026-09-05 22:41:36.815] [info] [YOLO26][DET] above_0p2=1 after_nms=1 accepted=1 max_conf=0.1037 max_class=8 max_min_kpt=0.9325 refined_color=1 color_score=-94.45 color_source=1
[DEBUG] armors=1, targets=1
[2026-09-05 22:41:36.834] [info] [YOLO26][DET] above_0p2=0 after_nms=0 accepted=0 max_conf=0.0999 max_class=8 max_min_kpt=0.0000 refined_color=-1 color_score=0.00 color_source=-1
[DEBUG] armors=0, targets=1
[2026-09-05 22:41:36.852] [info] [YOLO26][DET] above_0p2=1 after_nms=1 accepted=1 max_conf=0.3148 max_class=11 max_min_kpt=0.9945 refined_color=1 color_score=-98.84 color_source=1
[DEBUG] armors=1, targets=1
[2026-09-05 22:41:36.871] [info] [YOLO26][DET] above_0p2=2 after_nms=1 accepted=1 max_conf=0.1717 max_class=11 max_min_kpt=0.9899 refined_color=1 color_score=-88.14 color_source=1
[DEBUG] armors=1, targets=1
[2026-09-05 22:41:36.891] [info] [YOLO26][DET] above_0p2=1 after_nms=1 accepted=1 max_conf=0.1225 max_class=8 max_min_kpt=0.9339 refined_color=1 color_score=-94.58 color_source=1
[DEBUG] armors=1, targets=1
[2026-09-05 22:41:36.911] [info] [YOLO26][DET] above_0p2=2 after_nms=1 accepted=1 max_conf=0.2897 max_class=11 max_min_kpt=0.9924 refined_color=1 color_score=-95.07 color_source=1
[DEBUG] armors=1, targets=1
[2026-09-05 22:41:36.931] [info] [YOLO26][DET] above_0p2=1 after_nms=1 accepted=1 max_conf=0.1762 max_class=8 max_min_kpt=0.9448 refined_color=1 color_score=-76.96 color_source=1
[DEBUG] armors=1, targets=1
[2026-09-05 22:41:36.951] [info] [YOLO26][DET] above_0p2=2 after_nms=1 accepted=1 max_conf=0.1691 max_class=8 max_min_kpt=0.9964 refined_color=1 color_score=-75.07 color_source=1
[DEBUG] armors=1, targets=1
[2026-09-05 22:41:36.971] [info] [YOLO26][DET] above_0p2=1 after_nms=1 accepted=1 max_conf=0.2315 max_class=11 max_min_kpt=0.9894 refined_color=1 color_score=-91.72 color_source=1
[DEBUG] armors=1, targets=1
[2026-09-05 22:41:36.991] [info] [YOLO26][DET] above_0p2=1 after_nms=1 accepted=1 max_conf=0.1075 max_class=11 max_min_kpt=0.9863 refined_color=1 color_score=-95.18 color_source=1
[DEBUG] armors=1, targets=1
[2026-09-05 22:41:37.012] [info] [YOLO26][DET] above_0p2=2 after_nms=2 accepted=2 max_conf=0.1699 max_class=11 max_min_kpt=0.9955 refined_color=1 color_score=-81.75 color_source=1
[DEBUG] armors=2, targets=1
[2026-09-05 22:41:37.031] [info] [YOLO26][DET] above_0p2=2 after_nms=2 accepted=2 max_conf=0.1844 max_class=11 max_min_kpt=0.9885 refined_color=1 color_score=-80.11 color_source=1
[DEBUG] armors=2, targets=1
[2026-09-05 22:41:37.050] [info] [YOLO26][DET] above_0p2=2 after_nms=2 accepted=2 max_conf=0.5254 max_class=11 max_min_kpt=0.9863 refined_color=1 color_score=-78.90 color_source=1
[DEBUG] armors=2, targets=1
[2026-09-05 22:41:37.071] [info] [YOLO26][DET] above_0p2=2 after_nms=2 accepted=2 max_conf=0.7228 max_class=11 max_min_kpt=0.9950 refined_color=1 color_score=-104.37 color_source=1
[DEBUG] armors=2, targets=1
[2026-09-05 22:41:37.091] [info] [YOLO26][DET] above_0p2=2 after_nms=2 accepted=2 max_conf=0.4228 max_class=11 max_min_kpt=0.9886 refined_color=1 color_score=-100.73 color_source=1
[DEBUG] armors=2, targets=1
[2026-09-05 22:41:37.111] [info] [YOLO26][DET] above_0p2=2 after_nms=2 accepted=2 max_conf=0.3284 max_class=11 max_min_kpt=0.9814 refined_color=1 color_score=-81.41 color_source=1
[DEBUG] armors=2, targets=1
[2026-09-05 22:41:37.114] [info] [XUC][FIRE] stable-window candidate started
[2026-09-05 22:41:37.132] [info] [YOLO26][DET] above_0p2=2 after_nms=2 accepted=2 max_conf=0.5998 max_class=11 max_min_kpt=0.9948 refined_color=1 color_score=-80.24 color_source=1
[DEBUG] armors=2, targets=1
[2026-09-05 22:41:37.135] [info] [XUC][FIRE] stable window reset
[2026-09-05 22:41:37.135] [info] [DRYRUN] measured_gimbal=(3.572,0.590,0.115) measured_world=(3.533,0.797,0.045) tracked_world=(4.003,0.928,0.046) target_gimbal_deg=(9.37,1.81) target_world_deg=(12.72,0.71) gimbal_deg=(3.35,1.12) armor_y_px=500.0 pixel_error_deg=(-8.50,-0.98) ballistic=(range=nanm holdover=0.000m comp=0.00deg residual=-0.98deg) q_wxyz=(0.999526,0.000286,0.009793,-0.029187) cmd_deg=(4.94,-0.50) packed_pitch_deg=-0.50 control=true shoot=false
[2026-09-05 22:41:37.153] [info] [YOLO26][DET] above_0p2=2 after_nms=2 accepted=2 max_conf=0.3090 max_class=11 max_min_kpt=0.9893 refined_color=1 color_score=-90.11 color_source=1
[DEBUG] armors=2, targets=1
[2026-09-05 22:41:37.173] [info] [YOLO26][DET] above_0p2=1 after_nms=1 accepted=1 max_conf=0.1532 max_class=11 max_min_kpt=0.9903 refined_color=1 color_score=-81.29 color_source=1
[DEBUG] armors=1, targets=1
[2026-09-05 22:41:37.175] [info] [XUC][FIRE] stable-window candidate started
[2026-09-05 22:41:37.192] [info] [YOLO26][DET] above_0p2=0 after_nms=0 accepted=0 max_conf=0.0720 max_class=11 max_min_kpt=0.0000 refined_color=-1 color_score=0.00 color_source=-1
[DEBUG] armors=0, targets=1
[2026-09-05 22:41:37.194] [info] [XUC][FIRE] stable window reset
[2026-09-05 22:41:37.212] [info] [YOLO26][DET] above_0p2=2 after_nms=2 accepted=2 max_conf=0.3775 max_class=11 max_min_kpt=0.9920 refined_color=1 color_score=-90.39 color_source=1
[DEBUG] armors=2, targets=1
[2026-09-05 22:41:37.215] [info] [XUC][FIRE] stable-window candidate started
[2026-09-05 22:41:37.230] [info] [YOLO26][DET] above_0p2=2 after_nms=2 accepted=2 max_conf=0.2948 max_class=11 max_min_kpt=0.9871 refined_color=1 color_score=-87.41 color_source=1
[DEBUG] armors=2, targets=1
[2026-09-05 22:41:37.250] [info] [YOLO26][DET] above_0p2=1 after_nms=1 accepted=1 max_conf=0.6635 max_class=11 max_min_kpt=0.9925 refined_color=1 color_score=-86.46 color_source=1
[DEBUG] armors=1, targets=1
[2026-09-05 22:41:37.270] [info] [YOLO26][DET] above_0p2=2 after_nms=2 accepted=2 max_conf=0.3666 max_class=11 max_min_kpt=0.9932 refined_color=1 color_score=-86.43 color_source=1
[DEBUG] armors=2, targets=1
[2026-09-05 22:41:37.291] [info] [YOLO26][DET] above_0p2=2 after_nms=2 accepted=2 max_conf=0.4839 max_class=11 max_min_kpt=0.9898 refined_color=1 color_score=-86.74 color_source=1
[DEBUG] armors=2, targets=1
[2026-09-05 22:41:37.312] [info] [YOLO26][DET] above_0p2=2 after_nms=2 accepted=2 max_conf=0.2154 max_class=11 max_min_kpt=0.9878 refined_color=1 color_score=-94.55 color_source=1
[DEBUG] armors=2, targets=1
[2026-09-05 22:41:37.315] [info] [XUC][FIRE] stable window reset
[2026-09-05 22:41:37.333] [info] [YOLO26][DET] above_0p2=2 after_nms=1 accepted=1 max_conf=0.5707 max_class=11 max_min_kpt=0.9957 refined_color=1 color_score=-87.56 color_source=1
[DEBUG] armors=1, targets=1
[2026-09-05 22:41:37.355] [info] [YOLO26][DET] above_0p2=3 after_nms=2 accepted=2 max_conf=0.1801 max_class=11 max_min_kpt=0.9916 refined_color=1 color_score=-90.53 color_source=1
[DEBUG] armors=2, targets=1
[2026-09-05 22:41:37.374] [info] [YOLO26][DET] above_0p2=1 after_nms=1 accepted=1 max_conf=0.2234 max_class=11 max_min_kpt=0.9868 refined_color=1 color_score=-92.57 color_source=1
[DEBUG] armors=1, targets=1
[2026-09-05 22:41:37.392] [info] [YOLO26][DET] above_0p2=1 after_nms=1 accepted=1 max_conf=0.2827 max_class=11 max_min_kpt=0.9954 refined_color=1 color_score=-85.80 color_source=1
[DEBUG] armors=1, targets=1
[2026-09-05 22:41:37.412] [info] [YOLO26][DET] above_0p2=1 after_nms=1 accepted=1 max_conf=0.1865 max_class=11 max_min_kpt=0.9911 refined_color=1 color_score=-91.26 color_source=1
[DEBUG] armors=1, targets=1
[2026-09-05 22:41:37.431] [info] [YOLO26][DET] above_0p2=0 after_nms=0 accepted=0 max_conf=0.0494 max_class=11 max_min_kpt=0.0000 refined_color=-1 color_score=0.00 color_source=-1
[DEBUG] armors=0, targets=1
[2026-09-05 22:41:37.449] [info] [YOLO26][DET] above_0p2=1 after_nms=1 accepted=1 max_conf=0.1391 max_class=8 max_min_kpt=0.9146 refined_color=1 color_score=-78.38 color_source=1
[DEBUG] armors=1, targets=1
[2026-09-05 22:41:37.468] [info] [YOLO26][DET] above_0p2=1 after_nms=1 accepted=1 max_conf=0.1768 max_class=11 max_min_kpt=0.9888 refined_color=1 color_score=-94.96 color_source=1
[DEBUG] armors=1, targets=1
[2026-09-05 22:41:37.488] [info] [YOLO26][DET] above_0p2=0 after_nms=0 accepted=0 max_conf=0.0521 max_class=8 max_min_kpt=0.0000 refined_color=-1 color_score=0.00 color_source=-1
[DEBUG] armors=0, targets=1
[2026-09-05 22:41:37.508] [info] [YOLO26][DET] above_0p2=1 after_nms=1 accepted=1 max_conf=0.1543 max_class=11 max_min_kpt=0.9913 refined_color=1 color_score=-84.32 color_source=1
[DEBUG] armors=1, targets=1
[2026-09-05 22:41:37.529] [info] [YOLO26][DET] above_0p2=0 after_nms=0 accepted=0 max_conf=0.0724 max_class=11 max_min_kpt=0.0000 refined_color=-1 color_score=0.00 color_source=-1
[DEBUG] armors=0, targets=1
[2026-09-05 22:41:37.548] [info] [YOLO26][DET] above_0p2=1 after_nms=1 accepted=1 max_conf=0.1159 max_class=8 max_min_kpt=0.9353 refined_color=1 color_score=-78.33 color_source=1
[DEBUG] armors=1, targets=1
[2026-09-05 22:41:37.567] [info] [YOLO26][DET] above_0p2=0 after_nms=0 accepted=0 max_conf=0.0748 max_class=8 max_min_kpt=0.0000 refined_color=-1 color_score=0.00 color_source=-1
[DEBUG] armors=0, targets=1
[2026-09-05 22:41:37.586] [info] [YOLO26][DET] above_0p2=1 after_nms=1 accepted=1 max_conf=0.1414 max_class=8 max_min_kpt=0.9474 refined_color=1 color_score=-98.50 color_source=1
[DEBUG] armors=1, targets=1
[2026-09-05 22:41:37.607] [info] [YOLO26][DET] above_0p2=1 after_nms=1 accepted=1 max_conf=0.1564 max_class=8 max_min_kpt=0.9469 refined_color=1 color_score=-58.34 color_source=1
[DEBUG] armors=1, targets=1
[2026-09-05 22:41:37.627] [info] [YOLO26][DET] above_0p2=0 after_nms=0 accepted=0 max_conf=0.0827 max_class=8 max_min_kpt=0.0000 refined_color=-1 color_score=0.00 color_source=-1
