[2026-09-05 23:13:38.297] [info] [Performance] Thread limits: OpenCV=1, TBB=4, OMP=4
[2026-09-05 23:13:38.316] [info] [ROS2Visualizer] Initialized: node=standard_node, marker_topic=standard_markers
[2026-09-05 23:13:38.316] [info] [ROS2] Visualizer initialized
[2026-09-05 23:13:38.316] [info] [ROS2Visualizer] Spin thread started
[2026-09-05 23:13:38.317] [info] [CBoard] disabled (cboard_enable=false); XUC is expected to provide IMU
[2026-09-05 23:13:38.317] [info] Camera constructor: config_path=configs/standard_hikrobot_phase2d5_rpm6500_gyro_oneface_single_live_UNVALIDATED.yaml, camera_name=hikrobot
[2026-09-05 23:13:38.317] [info] Creating HikRobot camera
[2026-09-05 23:13:38.318] [info] HikRobot's daemon thread started.
[2026-09-05 23:13:38.318] [info] Camera constructor completed
[2026-09-05 23:13:38.319] [info] [XUC] serial opened /dev/serial/by-id/usb-1a86_USB_Serial-if00-port0 @ 460800 baud, angles=rad, yaw_sign=0.94074425, pitch_sign=1, imu_yaw_sign=-1.06298816, imu_pitch_sign=1, allow_control=true, allow_shoot=true, require_feedback=true, require_auto_mode=false, max_yaw_excursion_deg=0.00, lock_pitch=false
[2026-09-05 23:13:38.367] [info] [YOLO26] CPU cores: 16, big cores found: 4, core_type: unavailable, max_freq: 4900000
[2026-09-05 23:13:38.367] [info] [YOLO26] Big core ids: [4,5,6,7]
[2026-09-05 23:13:38.367] [info] [YOLO26] Successfully bound to 4 big cores
[2026-09-05 23:13:38.367] [info] [YOLO26] Disabled OpenCV threading to avoid CPU contention
[2026-09-05 23:13:38.384] [info] [YOLO26] Compiling model with 4 threads (LATENCY mode)
[2026-09-05 23:13:38.642] [info] [YOLO26] Initialization complete - SYNC mode optimized
[2026-09-05 23:13:38.642] [info] [YOLO26] Config: threads=4, streams=1, requests=1, letterbox=114, min_confidence=0.10, min_keypoint_confidence=0.00, swap_rb=false, refine_color=true, color_delta=6.0, color_hold_frames=20, save_samples=false, debug=false
[2026-09-05 23:13:38.647] [info] === All modules initialized ===
[2026-09-05 23:13:38.647] [info] [ROS2Visualizer] Published static TF: gimbal -> camera
[2026-09-05 23:13:38.647] [info] [ROS2] Published static TF: gimbal -> camera
[2026-09-05 23:13:38.647] [info] === Entering main loop ===
[2026-09-05 23:13:38.647] [info] [SYNC] 发送默认命令，等待相机触发
[2026-09-05 23:13:39.499] [info] [HikRobot][READBACK] image=1440x1080, pixel_format=0x1080009
[2026-09-05 23:13:39.500] [info] [HikRobot][READBACK] exposure_us=6000.0 auto=0, gain=16.01 auto=0, white_balance_auto=0
[2026-09-05 23:13:39.501] [info] [HikRobot][READBACK] trigger=off (continuous acquisition)
[2026-09-05 23:13:39.501] [info] [HikRobot][READBACK] acquisition_fps=150.00
[2026-09-05 23:13:39.514] [info] HikRobot's capture thread started.
[2026-09-05 23:13:39.526] [info] [HikRobot] first frame: 1440x1080, pixel_type=0x1080009, frame_len=1555200
[DEBUG] armors=1, targets=1
[DEBUG] armors=0, targets=0
[DEBUG] armors=1, targets=1
[DEBUG] armors=1, targets=1
[DEBUG] armors=0, targets=0
[DEBUG] armors=1, targets=1
[DEBUG] armors=1, targets=1
[DEBUG] armors=2, targets=1
[DEBUG] armors=2, targets=1
[DEBUG] armors=0, targets=0
[DEBUG] armors=1, targets=1
[DEBUG] armors=2, targets=1
[DEBUG] armors=2, targets=1
[DEBUG] armors=1, targets=1
[2026-09-05 23:13:39.896] [info] [XUC][GYRO] center_follow=true tracker=tracking omega=-1.122rad_s radius=0.248m
[DEBUG] armors=2, targets=1
[DEBUG] armors=1, targets=1
[DEBUG] armors=2, targets=1
[DEBUG] armors=2, targets=1
[DEBUG] armors=0, targets=1
[DEBUG] armors=1, targets=1
[2026-09-05 23:13:40.000] [info] [DRYRUN] measured_gimbal=(3.706,0.422,0.069) measured_world=(3.634,0.845,0.050) tracked_world=(3.664,0.492,0.043) target_gimbal_deg=(6.49,1.06) target_world_deg=(13.10,0.77) gimbal_deg=(6.61,0.29) armor_y_px=538.3 pixel_error_deg=(0.59,-0.04) ballistic=(range=3.730m holdover=0.165m comp=2.50deg residual=-2.54deg) q_wxyz=(0.998334,0.000146,0.002530,-0.057652) cmd_deg=(8.08,-3.94) packed_pitch_deg=-3.94 control=true shoot=false
[DEBUG] armors=0, targets=1
[DEBUG] armors=0, targets=1
[DEBUG] armors=0, targets=1
[DEBUG] armors=0, targets=1
[DEBUG] armors=0, targets=1
[DEBUG] armors=0, targets=1
[DEBUG] armors=0, targets=1
[DEBUG] armors=0, targets=1
[DEBUG] armors=0, targets=1
[DEBUG] armors=1, targets=1
[DEBUG] armors=1, targets=1
[DEBUG] armors=1, targets=1
[DEBUG] armors=0, targets=1
[DEBUG] armors=1, targets=0
[DEBUG] armors=1, targets=1
[DEBUG] armors=1, targets=1
[DEBUG] armors=1, targets=1
[DEBUG] armors=1, targets=1
[DEBUG] armors=1, targets=1
[DEBUG] armors=0, targets=1
[DEBUG] armors=0, targets=1
[DEBUG] armors=0, targets=1
[DEBUG] armors=0, targets=1
[DEBUG] armors=0, targets=1
[DEBUG] armors=0, targets=1
[DEBUG] armors=0, targets=1
[DEBUG] armors=0, targets=1
[DEBUG] armors=1, targets=1
[DEBUG] armors=1, targets=1
[2026-09-05 23:13:40.542] [info] [SYNC][XUC] mode=0 yaw=-6.61 deg pitch=0.29 deg feeder_rpm=0.00 wheel0_rpm=0 wheel1_rpm=0 wheel_delta=0 projectile_speed=19.36 gate=0x3E switch=0 rc=1 sticks=1 imu=1 serial=1 control=1 yaw_armed=0 pitch_active=0
[DEBUG] armors=0, targets=1
[2026-09-05 23:13:40.560] [info] [PERF] 总耗时=18.6ms (检测=14.7ms, 跟踪=0.0ms), FPS=53.8
[2026-09-05 23:13:40.560] [info] 📊 [CAMERA FPS] 瞬时帧率=53.6fps, 平均帧率=48.4fps, 总帧数=50, 运行时间=1.0s
[DEBUG] armors=1, targets=1
[DEBUG] armors=2, targets=1
[DEBUG] armors=2, targets=1
[DEBUG] armors=2, targets=1
[DEBUG] armors=0, targets=1
[DEBUG] armors=1, targets=1
[DEBUG] armors=2, targets=1
[DEBUG] armors=2, targets=1
[DEBUG] armors=0, targets=1
[DEBUG] armors=2, targets=1
[2026-09-05 23:13:40.736] [info] [DRYRUN] measured_gimbal=(4.034,0.357,0.058) measured_world=(3.966,0.819,0.038) tracked_world=(4.050,0.951,0.037) target_gimbal_deg=(5.06,0.83) target_world_deg=(11.67,0.54) gimbal_deg=(6.61,0.29) armor_y_px=536.4 pixel_error_deg=(-5.30,-0.09) ballistic=(range=4.049m holdover=0.193m comp=2.69deg residual=-2.78deg) q_wxyz=(0.998334,0.000146,0.002530,-0.057652) cmd_deg=(8.33,-4.27) packed_pitch_deg=-4.27 control=true shoot=false
[DEBUG] armors=2, targets=1
[DEBUG] armors=2, targets=1
[DEBUG] armors=2, targets=1
[DEBUG] armors=1, targets=1
[DEBUG] armors=0, targets=0
[2026-09-05 23:13:40.841] [info] [XUC][GYRO] center_follow=false tracker=detecting omega=+0.000rad_s radius=0.200m
[DEBUG] armors=1, targets=1
[DEBUG] armors=1, targets=1
[DEBUG] armors=1, targets=0
[DEBUG] armors=1, targets=1
[DEBUG] armors=1, targets=0
[DEBUG] armors=1, targets=1
[DEBUG] armors=0, targets=0
[DEBUG] armors=1, targets=1
[DEBUG] armors=1, targets=0
[DEBUG] armors=0, targets=0
[DEBUG] armors=1, targets=1
[DEBUG] armors=0, targets=0
[DEBUG] armors=0, targets=0
[DEBUG] armors=0, targets=0
[DEBUG] armors=1, targets=1
[2026-09-05 23:13:41.091] [info] [DRYRUN] measured_gimbal=(4.028,0.153,0.058) measured_world=(3.984,0.615,0.038) tracked_world=(3.984,0.615,0.038) target_gimbal_deg=(2.17,0.82) target_world_deg=(8.78,0.53) gimbal_deg=(6.61,0.29) armor_y_px=536.6 pixel_error_deg=(-1.20,-0.08) ballistic=(range=4.031m holdover=0.191m comp=2.68deg residual=-2.76deg) q_wxyz=(0.998334,0.000146,0.002530,-0.057652) cmd_deg=(6.95,-4.20) packed_pitch_deg=-4.20 control=true shoot=false
[DEBUG] armors=0, targets=0
[DEBUG] armors=1, targets=1
[DEBUG] armors=0, targets=0
[DEBUG] armors=1, targets=1
[DEBUG] armors=0, targets=0
[DEBUG] armors=1, targets=1
[DEBUG] armors=1, targets=1
[DEBUG] armors=1, targets=1
[DEBUG] armors=0, targets=0
[DEBUG] armors=1, targets=1
[DEBUG] armors=1, targets=1
[DEBUG] armors=0, targets=0
[DEBUG] armors=1, targets=1
[DEBUG] armors=0, targets=0
[DEBUG] armors=0, targets=0
[DEBUG] armors=0, targets=0
[DEBUG] armors=1, targets=1
[DEBUG] armors=2, targets=1
[DEBUG] armors=2, targets=1
[2026-09-05 23:13:41.444] [info] [SYNC][XUC] mode=0 yaw=-6.61 deg pitch=0.29 deg feeder_rpm=0.00 wheel0_rpm=0 wheel1_rpm=0 wheel_delta=0 projectile_speed=19.36 gate=0x3E switch=0 rc=1 sticks=1 imu=1 serial=1 control=1 yaw_armed=0 pitch_active=0
[DEBUG] armors=1, targets=0
[2026-09-05 23:13:41.459] [info] [DRYRUN] target=none gimbal_deg=(6.61,0.29) control=true shoot=false
[2026-09-05 23:13:41.461] [info] [PERF] 总耗时=17.1ms (检测=14.7ms, 跟踪=0.0ms), FPS=58.5
[2026-09-05 23:13:41.461] [info] 📊 [CAMERA FPS] 瞬时帧率=58.4fps, 平均帧率=51.7fps, 总帧数=100, 运行时间=1.9s
[DEBUG] armors=0, targets=0
[DEBUG] armors=2, targets=1
[DEBUG] armors=1, targets=1
[DEBUG] armors=1, targets=1
[DEBUG] armors=1, targets=1
[2026-09-05 23:13:41.567] [info] [XUC][GYRO] center_follow=true tracker=tracking omega=-1.161rad_s radius=0.203m
[DEBUG] armors=1, targets=1
[DEBUG] armors=2, targets=1
[DEBUG] armors=2, targets=1
[DEBUG] armors=1, targets=1
[DEBUG] armors=1, targets=1
[DEBUG] armors=2, targets=1
[DEBUG] armors=2, targets=1
[DEBUG] armors=2, targets=1
[DEBUG] armors=2, targets=1
[DEBUG] armors=1, targets=1
[DEBUG] armors=0, targets=1
[DEBUG] armors=1, targets=1
[DEBUG] armors=0, targets=1
[DEBUG] armors=0, targets=1
[DEBUG] armors=0, targets=1
[DEBUG] armors=0, targets=1
[DEBUG] armors=1, targets=1
[DEBUG] armors=0, targets=1
[DEBUG] armors=0, targets=1
[DEBUG] armors=0, targets=1
[DEBUG] armors=0, targets=1
[DEBUG] armors=0, targets=1
[DEBUG] armors=1, targets=1
[DEBUG] armors=1, targets=1
[DEBUG] armors=0, targets=0
[DEBUG] armors=1, targets=1
[DEBUG] armors=0, targets=0
[DEBUG] armors=1, targets=1
[DEBUG] armors=0, targets=0
[DEBUG] armors=1, targets=1
[DEBUG] armors=1, targets=1
[DEBUG] armors=0, targets=0
[DEBUG] armors=1, targets=1
[DEBUG] armors=1, targets=1
[DEBUG] armors=1, targets=1
[2026-09-05 23:13:42.165] [info] [DRYRUN] measured_gimbal=(3.862,0.255,0.062) measured_world=(3.807,0.698,0.043) tracked_world=(3.833,0.699,0.042) target_gimbal_deg=(3.78,0.92) target_world_deg=(10.39,0.63) gimbal_deg=(6.61,0.29) armor_y_px=534.2 pixel_error_deg=(-2.84,-0.14) ballistic=(range=3.870m holdover=0.177m comp=2.58deg residual=-2.72deg) q_wxyz=(0.998334,0.000146,0.002530,-0.057652) cmd_deg=(8.10,-4.23) packed_pitch_deg=-4.23 control=true shoot=false
[DEBUG] armors=1, targets=1
[DEBUG] armors=1, targets=1
[DEBUG] armors=1, targets=1
[DEBUG] armors=0, targets=1
[DEBUG] armors=0, targets=1
[DEBUG] armors=2, targets=1
[DEBUG] armors=2, targets=1
[DEBUG] armors=1, targets=1
[DEBUG] armors=2, targets=1
[2026-09-05 23:13:42.331] [info] [SYNC][XUC] mode=0 yaw=-6.61 deg pitch=0.29 deg feeder_rpm=0.00 wheel0_rpm=0 wheel1_rpm=0 wheel_delta=0 projectile_speed=19.36 gate=0x3E switch=0 rc=1 sticks=1 imu=1 serial=1 control=1 yaw_armed=0 pitch_active=0
[DEBUG] armors=1, targets=1
[2026-09-05 23:13:42.349] [info] [PERF] 总耗时=17.7ms (检测=14.4ms, 跟踪=0.1ms), FPS=56.4
[2026-09-05 23:13:42.349] [info] 📊 [CAMERA FPS] 瞬时帧率=56.3fps, 平均帧率=53.2fps, 总帧数=150, 运行时间=2.8s
[DEBUG] armors=1, targets=1
[DEBUG] armors=1, targets=1
[DEBUG] armors=0, targets=1
[DEBUG] armors=0, targets=1
[DEBUG] armors=2, targets=1
[DEBUG] armors=1, targets=1
[DEBUG] armors=1, targets=1
[DEBUG] armors=0, targets=1
[DEBUG] armors=1, targets=1
[DEBUG] armors=2, targets=1
[2026-09-05 23:13:42.521] [info] [DRYRUN] measured_gimbal=(4.085,0.353,0.062) measured_world=(4.017,0.821,0.041) tracked_world=(4.112,0.947,0.040) target_gimbal_deg=(4.94,0.86) target_world_deg=(11.55,0.57) gimbal_deg=(6.61,0.29) armor_y_px=532.9 pixel_error_deg=(-5.06,-0.17) ballistic=(range=4.100m holdover=0.198m comp=2.72deg residual=-2.89deg) q_wxyz=(0.998334,0.000146,0.002530,-0.057652) cmd_deg=(8.11,-4.46) packed_pitch_deg=-4.46 control=true shoot=false
[DEBUG] armors=1, targets=1
[DEBUG] armors=1, targets=1
[2026-09-05 23:13:42.576] [info] [XUC][GYRO] center_follow=false tracker=tracking omega=+0.347rad_s radius=0.284m
[DEBUG] armors=1, targets=1
[DEBUG] armors=0, targets=1
[DEBUG] armors=0, targets=1
[DEBUG] armors=0, targets=1
[DEBUG] armors=0, targets=1
[DEBUG] armors=0, targets=1
[DEBUG] armors=0, targets=1
[DEBUG] armors=0, targets=1
[DEBUG] armors=0, targets=1
[DEBUG] armors=1, targets=1
[DEBUG] armors=0, targets=1
[DEBUG] armors=0, targets=1
[DEBUG] armors=0, targets=1
[DEBUG] armors=0, targets=1
[DEBUG] armors=0, targets=1
[DEBUG] armors=0, targets=1
[DEBUG] armors=0, targets=1
[DEBUG] armors=1, targets=1
[2026-09-05 23:13:42.885] [info] [DRYRUN] measured_gimbal=(4.151,0.189,0.065) measured_world=(4.102,0.666,0.044) tracked_world=(4.279,0.660,0.044) target_gimbal_deg=(2.61,0.90) target_world_deg=(9.22,0.61) gimbal_deg=(6.61,0.29) armor_y_px=532.7 pixel_error_deg=(-1.62,-0.18) ballistic=(range=4.155m holdover=0.203m comp=2.75deg residual=-2.93deg) q_wxyz=(0.998334,0.000146,0.002530,-0.057652) cmd_deg=(6.05,-4.59) packed_pitch_deg=-4.59 control=true shoot=false
[DEBUG] armors=0, targets=1
[DEBUG] armors=0, targets=1
[DEBUG] armors=1, targets=1
[DEBUG] armors=1, targets=1
[DEBUG] armors=1, targets=1
[DEBUG] armors=1, targets=1
[DEBUG] armors=1, targets=1
[DEBUG] armors=1, targets=1
[DEBUG] armors=1, targets=1
[DEBUG] armors=0, targets=1
[DEBUG] armors=0, targets=1
[DEBUG] armors=0, targets=1
[DEBUG] armors=0, targets=1
[DEBUG] armors=1, targets=1
[DEBUG] armors=1, targets=1
[DEBUG] armors=1, targets=1
[DEBUG] armors=2, targets=1
[DEBUG] armors=1, targets=1
[DEBUG] armors=2, targets=1
[2026-09-05 23:13:43.231] [info] [SYNC][XUC] mode=0 yaw=-6.61 deg pitch=0.29 deg feeder_rpm=0.00 wheel0_rpm=0 wheel1_rpm=0 wheel_delta=0 projectile_speed=19.36 gate=0x3E switch=0 rc=1 sticks=1 imu=1 serial=1 control=1 yaw_armed=0 pitch_active=0
[DEBUG] armors=1, targets=1
[2026-09-05 23:13:43.246] [info] [DRYRUN] measured_gimbal=(4.102,0.364,0.062) measured_world=(4.033,0.834,0.042) tracked_world=(4.068,0.812,0.047) target_gimbal_deg=(5.07,0.87) target_world_deg=(11.68,0.58) gimbal_deg=(6.61,0.29) armor_y_px=539.3 pixel_error_deg=(2.22,-0.02) ballistic=(range=4.118m holdover=0.199m comp=2.73deg residual=-2.75deg) q_wxyz=(0.998334,0.000146,0.002530,-0.057652) cmd_deg=(10.97,-4.30) packed_pitch_deg=-4.30 control=true shoot=false
[2026-09-05 23:13:43.249] [info] [PERF] 总耗时=18.4ms (检测=14.9ms, 跟踪=0.0ms), FPS=54.3
[2026-09-05 23:13:43.250] [info] 📊 [CAMERA FPS] 瞬时帧率=54.0fps, 平均帧率=53.7fps, 总帧数=200, 运行时间=3.7s
[DEBUG] armors=0, targets=1
[DEBUG] armors=1, targets=1
[DEBUG] armors=1, targets=1
[DEBUG] armors=2, targets=1
[DEBUG] armors=2, targets=1
[DEBUG] armors=2, targets=1
[DEBUG] armors=2, targets=1
[DEBUG] armors=2, targets=1
[DEBUG] armors=2, targets=1
[DEBUG] armors=2, targets=1
[DEBUG] armors=2, targets=1
[DEBUG] armors=1, targets=0
[DEBUG] armors=0, targets=0
[DEBUG] armors=1, targets=1
[DEBUG] armors=0, targets=0
[DEBUG] armors=1, targets=1
[DEBUG] armors=0, targets=0
[DEBUG] armors=0, targets=0
[DEBUG] armors=0, targets=0
[DEBUG] armors=0, targets=0
[2026-09-05 23:13:43.602] [info] [DRYRUN] target=none gimbal_deg=(6.61,0.29) control=true shoot=false
[DEBUG] armors=1, targets=1
[DEBUG] armors=1, targets=1
[DEBUG] armors=0, targets=0
[DEBUG] armors=0, targets=0
[DEBUG] armors=1, targets=1
[DEBUG] armors=1, targets=1
[2026-09-05 23:13:43.729] [debug] [Target] r=0.060, l=-0.083
[2026-09-05 23:13:43.729] [debug] [Tracker] Target diverged!
[DEBUG] armors=1, targets=0
[DEBUG] armors=1, targets=1
[DEBUG] armors=0, targets=0
[DEBUG] armors=0, targets=0
[DEBUG] armors=1, targets=1
[DEBUG] armors=1, targets=1
[DEBUG] armors=1, targets=1
[DEBUG] armors=1, targets=1
[DEBUG] armors=1, targets=1
[DEBUG] armors=1, targets=1
[DEBUG] armors=0, targets=1
[DEBUG] armors=0, targets=1
[DEBUG] armors=0, targets=1
[DEBUG] armors=0, targets=1
[DEBUG] armors=0, targets=1
[DEBUG] armors=0, targets=1
[DEBUG] armors=1, targets=1
[DEBUG] armors=1, targets=1
[DEBUG] armors=1, targets=1
[DEBUG] armors=1, targets=1
[DEBUG] armors=2, targets=1
[DEBUG] armors=2, targets=1
[DEBUG] armors=2, targets=1
[2026-09-05 23:13:44.129] [info] [SYNC][XUC] mode=0 yaw=-6.61 deg pitch=0.29 deg feeder_rpm=3.00 wheel0_rpm=0 wheel1_rpm=0 wheel_delta=0 projectile_speed=19.36 gate=0x3E switch=0 rc=1 sticks=1 imu=1 serial=1 control=1 yaw_armed=0 pitch_active=0
[DEBUG] armors=1, targets=1
[2026-09-05 23:13:44.147] [info] [PERF] 总耗时=18.8ms (检测=15.6ms, 跟踪=0.0ms), FPS=53.1
[2026-09-05 23:13:44.148] [info] 📊 [CAMERA FPS] 瞬时帧率=52.9fps, 平均帧率=54.1fps, 总帧数=250, 运行时间=4.6s
[DEBUG] armors=1, targets=1
[DEBUG] armors=1, targets=1
[DEBUG] armors=2, targets=1
[DEBUG] armors=1, targets=1
[DEBUG] armors=2, targets=1
[DEBUG] armors=2, targets=1
[DEBUG] armors=2, targets=1
[DEBUG] armors=2, targets=1
[DEBUG] armors=2, targets=1
[DEBUG] armors=2, targets=1
[2026-09-05 23:13:44.327] [info] [DRYRUN] measured_gimbal=(4.102,0.364,0.062) measured_world=(4.033,0.834,0.042) tracked_world=(4.015,0.992,0.039) target_gimbal_deg=(5.07,0.87) target_world_deg=(11.68,0.58) gimbal_deg=(6.61,0.29) armor_y_px=536.0 pixel_error_deg=(-5.64,-0.10) ballistic=(range=4.118m holdover=0.199m comp=2.73deg residual=-2.83deg) q_wxyz=(0.998334,0.000146,0.002530,-0.057652) cmd_deg=(14.57,-4.38) packed_pitch_deg=-4.38 control=true shoot=false
[DEBUG] armors=0, targets=0
[DEBUG] armors=1, targets=1
[DEBUG] armors=1, targets=1
[DEBUG] armors=0, targets=0
[DEBUG] armors=1, targets=1
[DEBUG] armors=1, targets=1
[DEBUG] armors=0, targets=0
[DEBUG] armors=0, targets=0
[DEBUG] armors=1, targets=1
[DEBUG] armors=0, targets=0
[DEBUG] armors=0, targets=0
[DEBUG] armors=0, targets=0
[DEBUG] armors=0, targets=0
[DEBUG] armors=1, targets=1
[DEBUG] armors=1, targets=1
[DEBUG] armors=0, targets=0
[DEBUG] armors=1, targets=1
[DEBUG] armors=1, targets=0
[DEBUG] armors=0, targets=0
[DEBUG] armors=0, targets=0
[2026-09-05 23:13:44.689] [info] [DRYRUN] target=none gimbal_deg=(6.61,0.29) control=true shoot=false
[DEBUG] armors=1, targets=1
[DEBUG] armors=1, targets=1
[DEBUG] armors=1, targets=1
[DEBUG] armors=0, targets=0
[DEBUG] armors=1, targets=1
[DEBUG] armors=1, targets=1
[DEBUG] armors=0, targets=0
[DEBUG] armors=0, targets=0
[DEBUG] armors=0, targets=0
[DEBUG] armors=0, targets=0
[DEBUG] armors=1, targets=1
[DEBUG] armors=0, targets=0
[DEBUG] armors=2, targets=1
[DEBUG] armors=2, targets=1
[DEBUG] armors=1, targets=1
[DEBUG] armors=0, targets=0
[DEBUG] armors=1, targets=1
[DEBUG] armors=1, targets=1
[DEBUG] armors=1, targets=1
[2026-09-05 23:13:45.035] [info] [SYNC][XUC] mode=0 yaw=-6.61 deg pitch=0.29 deg feeder_rpm=0.00 wheel0_rpm=0 wheel1_rpm=0 wheel_delta=0 projectile_speed=19.36 gate=0x3E switch=0 rc=1 sticks=1 imu=1 serial=1 control=1 yaw_armed=0 pitch_active=0
[DEBUG] armors=1, targets=1
[2026-09-05 23:13:45.051] [info] [DRYRUN] measured_gimbal=(3.705,-0.053,0.060) measured_world=(3.687,0.374,0.041) tracked_world=(3.679,0.371,0.041) target_gimbal_deg=(-0.82,0.92) target_world_deg=(5.79,0.63) gimbal_deg=(6.61,0.29) armor_y_px=535.7 pixel_error_deg=(1.72,-0.10) ballistic=(range=3.706m holdover=0.163m comp=2.48deg residual=-2.59deg) q_wxyz=(0.998334,0.000146,0.002530,-0.057652) cmd_deg=(5.37,-3.96) packed_pitch_deg=-3.96 control=true shoot=false
[2026-09-05 23:13:45.053] [info] [PERF] 总耗时=18.0ms (检测=15.0ms, 跟踪=0.5ms), FPS=55.6
[2026-09-05 23:13:45.053] [info] 📊 [CAMERA FPS] 瞬时帧率=55.3fps, 平均帧率=54.3fps, 总帧数=300, 运行时间=5.5s
[2026-09-05 23:13:45.069] [info] [XUC][GYRO] center_follow=true tracker=tracking omega=-1.403rad_s radius=0.202m
[DEBUG] armors=1, targets=1
[DEBUG] armors=1, targets=1
[DEBUG] armors=2, targets=1
[DEBUG] armors=1, targets=1
[DEBUG] armors=1, targets=1
[DEBUG] armors=1, targets=1
[DEBUG] armors=0, targets=1
[DEBUG] armors=2, targets=1
[DEBUG] armors=2, targets=1
[DEBUG] armors=1, targets=1
[DEBUG] armors=0, targets=1
[DEBUG] armors=1, targets=1
[DEBUG] armors=0, targets=1
[DEBUG] armors=0, targets=1
[DEBUG] armors=0, targets=1
[DEBUG] armors=0, targets=1
[DEBUG] armors=0, targets=1
[DEBUG] armors=0, targets=1
[DEBUG] armors=1, targets=1
[DEBUG] armors=0, targets=1
[DEBUG] armors=0, targets=1
[DEBUG] armors=0, targets=1
[DEBUG] armors=1, targets=1
[DEBUG] armors=0, targets=1
[DEBUG] armors=1, targets=0
[DEBUG] armors=1, targets=1
[DEBUG] armors=1, targets=1
[DEBUG] armors=0, targets=0
[DEBUG] armors=0, targets=0
[DEBUG] armors=1, targets=1
[DEBUG] armors=1, targets=1
[DEBUG] armors=0, targets=0
[DEBUG] armors=0, targets=0
[DEBUG] armors=1, targets=1
[DEBUG] armors=0, targets=0
[DEBUG] armors=1, targets=1
[DEBUG] armors=1, targets=1
[DEBUG] armors=0, targets=0
[DEBUG] armors=0, targets=0
[DEBUG] armors=0, targets=0
[2026-09-05 23:13:45.767] [info] [DRYRUN] target=none gimbal_deg=(6.61,0.29) control=true shoot=false
[DEBUG] armors=2, targets=1
[DEBUG] armors=2, targets=1
[DEBUG] armors=1, targets=0
[DEBUG] armors=2, targets=1
[DEBUG] armors=1, targets=1
[DEBUG] armors=1, targets=1
[DEBUG] armors=1, targets=1
[DEBUG] armors=0, targets=0
[DEBUG] armors=0, targets=0
[2026-09-05 23:13:45.933] [info] [SYNC][XUC] mode=0 yaw=-6.61 deg pitch=0.29 deg feeder_rpm=0.00 wheel0_rpm=0 wheel1_rpm=0 wheel_delta=0 projectile_speed=19.36 gate=0x3E switch=0 rc=1 sticks=1 imu=1 serial=1 control=1 yaw_armed=0 pitch_active=0
[DEBUG] armors=1, targets=1
[2026-09-05 23:13:45.952] [info] [PERF] 总耗时=19.7ms (检测=15.9ms, 跟踪=0.4ms), FPS=50.8
[2026-09-05 23:13:45.952] [info] 📊 [CAMERA FPS] 瞬时帧率=50.7fps, 平均帧率=54.5fps, 总帧数=350, 运行时间=6.4s
[DEBUG] armors=0, targets=0
[DEBUG] armors=0, targets=0
[DEBUG] armors=1, targets=1
[DEBUG] armors=1, targets=1
[DEBUG] armors=1, targets=1
[DEBUG] armors=1, targets=1
[DEBUG] armors=1, targets=1
[2026-09-05 23:13:46.089] [info] [XUC][GYRO] center_follow=false tracker=temp_lost omega=-0.763rad_s radius=0.212m
[DEBUG] armors=0, targets=1
[DEBUG] armors=1, targets=1
[DEBUG] armors=1, targets=1
[2026-09-05 23:13:46.125] [info] [DRYRUN] measured_gimbal=(3.777,0.408,0.064) measured_world=(3.705,0.840,0.045) tracked_world=(3.670,0.840,0.045) target_gimbal_deg=(6.17,0.97) target_world_deg=(12.78,0.68) gimbal_deg=(6.61,0.29) armor_y_px=533.7 pixel_error_deg=(0.65,-0.16) ballistic=(range=3.798m holdover=0.171m comp=2.54deg residual=-2.69deg) q_wxyz=(0.998334,0.000146,0.002530,-0.057652) cmd_deg=(11.12,-4.16) packed_pitch_deg=-4.16 control=true shoot=false
[DEBUG] armors=1, targets=1
[DEBUG] armors=0, targets=1
[DEBUG] armors=0, targets=1
[DEBUG] armors=0, targets=1
[DEBUG] armors=0, targets=1
[DEBUG] armors=0, targets=1
[DEBUG] armors=0, targets=1
[DEBUG] armors=0, targets=1
[DEBUG] armors=0, targets=1
[DEBUG] armors=0, targets=1
[DEBUG] armors=0, targets=1
[DEBUG] armors=0, targets=1
[2026-09-05 23:13:46.340] [warning] [XUC][PITCH] visual loss: control stopped, pitch state retained
[DEBUG] armors=0, targets=0
[DEBUG] armors=0, targets=0
[DEBUG] armors=0, targets=0
[DEBUG] armors=0, targets=0
[DEBUG] armors=0, targets=0
[DEBUG] armors=0, targets=0
[DEBUG] armors=0, targets=0
[2026-09-05 23:13:46.464] [warning] [XUC][YAW] visual loss: control stopped, yaw state retained
[DEBUG] armors=1, targets=1
[2026-09-05 23:13:46.482] [info] [XUC][YAW] measurement reacquired with continuous slew
[2026-09-05 23:13:46.482] [info] [XUC][PITCH] measurement reacquired with continuous slew
[2026-09-05 23:13:46.482] [info] [DRYRUN] measured_gimbal=(4.024,0.236,0.065) measured_world=(3.971,0.697,0.045) tracked_world=(3.971,0.697,0.045) target_gimbal_deg=(3.35,0.93) target_world_deg=(9.96,0.64) gimbal_deg=(6.61,0.29) armor_y_px=532.4 pixel_error_deg=(-2.38,-0.19) ballistic=(range=4.031m holdover=0.191m comp=2.68deg residual=-2.87deg) q_wxyz=(0.998334,0.000146,0.002530,-0.057652) cmd_deg=(9.82,-4.31) packed_pitch_deg=-4.31 control=true shoot=false
[DEBUG] armors=1, targets=1
[DEBUG] armors=1, targets=1
[DEBUG] armors=1, targets=1
[DEBUG] armors=1, targets=1
[DEBUG] armors=1, targets=1
[DEBUG] armors=0, targets=1
[DEBUG] armors=0, targets=1
[DEBUG] armors=1, targets=1
[DEBUG] armors=1, targets=1
[DEBUG] armors=1, targets=1
[DEBUG] armors=1, targets=1
[DEBUG] armors=2, targets=1
[DEBUG] armors=1, targets=1
[DEBUG] armors=1, targets=1
[DEBUG] armors=2, targets=1
[DEBUG] armors=0, targets=1
[DEBUG] armors=1, targets=1
[DEBUG] armors=1, targets=1
[DEBUG] armors=1, targets=1
[2026-09-05 23:13:46.831] [info] [SYNC][XUC] mode=0 yaw=-6.61 deg pitch=0.29 deg feeder_rpm=0.00 wheel0_rpm=0 wheel1_rpm=0 wheel_delta=0 projectile_speed=19.36 gate=0x3E switch=0 rc=1 sticks=1 imu=1 serial=1 control=1 yaw_armed=0 pitch_active=0
[DEBUG] armors=2, targets=1
[2026-09-05 23:13:46.846] [info] [DRYRUN] measured_gimbal=(4.087,0.352,0.066) measured_world=(4.019,0.820,0.045) tracked_world=(4.071,0.939,0.044) target_gimbal_deg=(4.92,0.92) target_world_deg=(11.53,0.63) gimbal_deg=(6.61,0.29) armor_y_px=531.3 pixel_error_deg=(-5.08,-0.21) ballistic=(range=4.102m holdover=0.198m comp=2.72deg residual=-2.93deg) q_wxyz=(0.998334,0.000146,0.002530,-0.057652) cmd_deg=(13.21,-4.38) packed_pitch_deg=-4.38 control=true shoot=false
[2026-09-05 23:13:46.849] [info] [PERF] 总耗时=17.5ms (检测=14.8ms, 跟踪=0.0ms), FPS=57.1
[2026-09-05 23:13:46.849] [info] 📊 [CAMERA FPS] 瞬时帧率=56.9fps, 平均帧率=54.6fps, 总帧数=400, 运行时间=7.3s
[DEBUG] armors=2, targets=1
[DEBUG] armors=2, targets=1
[DEBUG] armors=2, targets=1
[DEBUG] armors=1, targets=1
[DEBUG] armors=2, targets=1
[DEBUG] armors=2, targets=0
[DEBUG] armors=0, targets=0
[DEBUG] armors=1, targets=1
[DEBUG] armors=0, targets=0
[DEBUG] armors=0, targets=0
[DEBUG] armors=0, targets=0
[DEBUG] armors=0, targets=0
[DEBUG] armors=0, targets=0
[DEBUG] armors=0, targets=0
[DEBUG] armors=0, targets=0
[DEBUG] armors=0, targets=0
[DEBUG] armors=0, targets=0
[DEBUG] armors=0, targets=0
[DEBUG] armors=0, targets=0
[2026-09-05 23:13:47.184] [warning] [XUC][PITCH] visual loss: control stopped, pitch state retained
[DEBUG] armors=0, targets=0
[2026-09-05 23:13:47.201] [info] [DRYRUN] target=none gimbal_deg=(6.61,0.29) control=false shoot=false
[DEBUG] armors=1, targets=1
[2026-09-05 23:13:47.220] [info] [XUC][PITCH] measurement reacquired with continuous slew
[2026-09-05 23:13:47.238] [debug] [Target] r=0.124, l=-0.076
[2026-09-05 23:13:47.238] [debug] [Tracker] Target diverged!
[DEBUG] armors=1, targets=0
[DEBUG] armors=1, targets=1
[DEBUG] armors=0, targets=0
[DEBUG] armors=1, targets=1
[DEBUG] armors=0, targets=0
[DEBUG] armors=1, targets=1
[DEBUG] armors=1, targets=1
[DEBUG] armors=0, targets=0
[DEBUG] armors=0, targets=0
[DEBUG] armors=1, targets=1
[DEBUG] armors=0, targets=0
[DEBUG] armors=1, targets=1
[DEBUG] armors=1, targets=0
[DEBUG] armors=0, targets=0
[DEBUG] armors=0, targets=0
[DEBUG] armors=0, targets=0
[DEBUG] armors=1, targets=1
[DEBUG] armors=1, targets=1
[DEBUG] armors=1, targets=1
[2026-09-05 23:13:47.555] [info] [DRYRUN] measured_gimbal=(4.022,0.357,0.059) measured_world=(3.954,0.817,0.039) tracked_world=(3.966,0.816,0.038) target_gimbal_deg=(5.07,0.84) target_world_deg=(11.68,0.55) gimbal_deg=(6.61,0.29) armor_y_px=536.1 pixel_error_deg=(-4.10,-0.10) ballistic=(range=4.038m holdover=0.192m comp=2.68deg residual=-2.78deg) q_wxyz=(0.998334,0.000146,0.002530,-0.057652) cmd_deg=(10.36,-4.26) packed_pitch_deg=-4.26 control=true shoot=false
[DEBUG] armors=0, targets=0
[DEBUG] armors=1, targets=1
[DEBUG] armors=1, targets=0
[DEBUG] armors=1, targets=1
[DEBUG] armors=1, targets=1
[DEBUG] armors=1, targets=0
[DEBUG] armors=1, targets=1
[DEBUG] armors=2, targets=0
[DEBUG] armors=2, targets=1
[2026-09-05 23:13:47.721] [info] [SYNC][XUC] mode=0 yaw=-6.61 deg pitch=0.29 deg feeder_rpm=0.00 wheel0_rpm=0 wheel1_rpm=0 wheel_delta=0 projectile_speed=19.36 gate=0x3E switch=0 rc=1 sticks=1 imu=1 serial=1 control=1 yaw_armed=0 pitch_active=0
[DEBUG] armors=2, targets=1
[2026-09-05 23:13:47.738] [info] [PERF] 总耗时=17.9ms (检测=14.6ms, 跟踪=0.5ms), FPS=55.9
[2026-09-05 23:13:47.738] [info] 📊 [CAMERA FPS] 瞬时帧率=55.8fps, 平均帧率=54.8fps, 总帧数=450, 运行时间=8.2s
[DEBUG] armors=2, targets=1
[2026-09-05 23:13:47.773] [info] [XUC][GYRO] center_follow=true tracker=detecting omega=-1.136rad_s radius=0.253m
[DEBUG] armors=1, targets=1
[DEBUG] armors=2, targets=1
[DEBUG] armors=1, targets=1
[DEBUG] armors=1, targets=1
[DEBUG] armors=0, targets=1
[DEBUG] armors=1, targets=1
[DEBUG] armors=1, targets=1
[DEBUG] armors=1, targets=1
[DEBUG] armors=1, targets=1
[2026-09-05 23:13:47.919] [info] [DRYRUN] measured_gimbal=(3.724,0.036,0.056) measured_world=(3.695,0.464,0.037) tracked_world=(3.682,0.462,0.037) target_gimbal_deg=(0.55,0.86) target_world_deg=(7.16,0.57) gimbal_deg=(6.61,0.29) armor_y_px=538.2 pixel_error_deg=(0.35,-0.04) ballistic=(range=3.724m holdover=0.165m comp=2.49deg residual=-2.54deg) q_wxyz=(0.998334,0.000146,0.002530,-0.057652) cmd_deg=(7.32,-3.89) packed_pitch_deg=-3.89 control=true shoot=false
[DEBUG] armors=1, targets=1
[DEBUG] armors=0, targets=1
[DEBUG] armors=0, targets=1
[DEBUG] armors=0, targets=1
[DEBUG] armors=0, targets=1
[DEBUG] armors=0, targets=1
[DEBUG] armors=1, targets=1
[DEBUG] armors=0, targets=1
[DEBUG] armors=1, targets=1
[DEBUG] armors=0, targets=1
[DEBUG] armors=1, targets=1
[DEBUG] armors=1, targets=1
[DEBUG] armors=0, targets=1
[DEBUG] armors=1, targets=1
[DEBUG] armors=0, targets=1
[DEBUG] armors=1, targets=0
[DEBUG] armors=1, targets=1
[DEBUG] armors=1, targets=1
[DEBUG] armors=0, targets=0
[DEBUG] armors=0, targets=0
[2026-09-05 23:13:48.277] [info] [DRYRUN] target=none gimbal_deg=(6.61,0.29) control=true shoot=false
[DEBUG] armors=1, targets=1
[DEBUG] armors=0, targets=0
[DEBUG] armors=1, targets=1
[DEBUG] armors=0, targets=0
[DEBUG] armors=0, targets=0
[DEBUG] armors=1, targets=1
[DEBUG] armors=1, targets=1
[DEBUG] armors=2, targets=1
[DEBUG] armors=2, targets=1
[DEBUG] armors=2, targets=0
[DEBUG] armors=0, targets=0
[DEBUG] armors=1, targets=1
[DEBUG] armors=1, targets=0
[DEBUG] armors=1, targets=1
[DEBUG] armors=1, targets=0
[DEBUG] armors=1, targets=1
[DEBUG] armors=1, targets=1
[DEBUG] armors=1, targets=1
[DEBUG] armors=2, targets=1
[2026-09-05 23:13:48.629] [info] [SYNC][XUC] mode=0 yaw=-6.61 deg pitch=0.29 deg feeder_rpm=0.00 wheel0_rpm=0 wheel1_rpm=0 wheel_delta=0 projectile_speed=19.36 gate=0x3E switch=0 rc=1 sticks=1 imu=1 serial=1 control=1 yaw_armed=0 pitch_active=0
[DEBUG] armors=0, targets=0
[2026-09-05 23:13:48.644] [info] [DRYRUN] target=none gimbal_deg=(6.61,0.29) control=true shoot=false
[2026-09-05 23:13:48.646] [info] [PERF] 总耗时=16.5ms (检测=14.1ms, 跟踪=0.0ms), FPS=60.7
[2026-09-05 23:13:48.646] [info] 📊 [CAMERA FPS] 瞬时帧率=60.6fps, 平均帧率=54.8fps, 总帧数=500, 运行时间=9.1s
[DEBUG] armors=1, targets=1
[DEBUG] armors=1, targets=1
[DEBUG] armors=2, targets=1
[DEBUG] armors=2, targets=1
[DEBUG] armors=1, targets=0
[DEBUG] armors=1, targets=1
[DEBUG] armors=0, targets=0
[2026-09-05 23:13:48.789] [info] [XUC][GYRO] center_follow=false tracker=lost omega=+0.000rad_s radius=0.000m
[DEBUG] armors=0, targets=0
[DEBUG] armors=0, targets=0
[DEBUG] armors=0, targets=0
[DEBUG] armors=0, targets=0
[DEBUG] armors=1, targets=1
[DEBUG] armors=0, targets=0
[DEBUG] armors=0, targets=0
[DEBUG] armors=0, targets=0
[DEBUG] armors=0, targets=0
[DEBUG] armors=0, targets=0
[DEBUG] armors=0, targets=0
[DEBUG] armors=1, targets=1
[DEBUG] armors=1, targets=1
[2026-09-05 23:13:49.003] [info] [DRYRUN] measured_gimbal=(3.824,0.158,0.061) measured_world=(3.781,0.598,0.041) tracked_world=(3.888,0.616,0.042) target_gimbal_deg=(2.37,0.91) target_world_deg=(8.98,0.62) gimbal_deg=(6.61,0.29) armor_y_px=535.2 pixel_error_deg=(-1.43,-0.12) ballistic=(range=3.827m holdover=0.173m comp=2.55deg residual=-2.67deg) q_wxyz=(0.998334,0.000146,0.002530,-0.057652) cmd_deg=(7.52,-4.21) packed_pitch_deg=-4.21 control=true shoot=false
[DEBUG] armors=1, targets=1
[DEBUG] armors=0, targets=0
[DEBUG] armors=0, targets=0
[DEBUG] armors=1, targets=1
[DEBUG] armors=1, targets=1
[DEBUG] armors=1, targets=1
[DEBUG] armors=0, targets=0
[DEBUG] armors=0, targets=0
[DEBUG] armors=1, targets=1
[DEBUG] armors=1, targets=1
[DEBUG] armors=1, targets=1
[DEBUG] armors=0, targets=0
[DEBUG] armors=1, targets=1
[DEBUG] armors=0, targets=0
[DEBUG] armors=1, targets=1
[DEBUG] armors=2, targets=1
[DEBUG] armors=2, targets=1
[DEBUG] armors=1, targets=0
[DEBUG] armors=2, targets=1
[DEBUG] armors=1, targets=1
[2026-09-05 23:13:49.367] [info] [DRYRUN] measured_gimbal=(3.660,-0.094,0.063) measured_world=(3.647,0.328,0.044) tracked_world=(3.810,0.340,0.046) target_gimbal_deg=(-1.47,0.98) target_world_deg=(5.14,0.69) gimbal_deg=(6.61,0.29) armor_y_px=533.8 pixel_error_deg=(2.37,-0.15) ballistic=(range=3.662m holdover=0.160m comp=2.46deg residual=-2.61deg) q_wxyz=(0.998334,0.000146,0.002530,-0.057652) cmd_deg=(8.32,-4.02) packed_pitch_deg=-4.02 control=true shoot=false
[DEBUG] armors=1, targets=1
[DEBUG] armors=1, targets=1
[2026-09-05 23:13:49.421] [info] [XUC][GYRO] center_follow=true tracker=tracking omega=-1.597rad_s radius=0.236m
[DEBUG] armors=1, targets=1
[DEBUG] armors=0, targets=1
[DEBUG] armors=1, targets=1
[DEBUG] armors=1, targets=1
[DEBUG] armors=1, targets=1
[DEBUG] armors=1, targets=1
[DEBUG] armors=1, targets=1
[2026-09-05 23:13:49.529] [info] [SYNC][XUC] mode=0 yaw=-6.61 deg pitch=0.29 deg feeder_rpm=0.00 wheel0_rpm=0 wheel1_rpm=0 wheel_delta=0 projectile_speed=19.36 gate=0x3E switch=0 rc=1 sticks=1 imu=1 serial=1 control=1 yaw_armed=0 pitch_active=0
[DEBUG] armors=1, targets=1
[2026-09-05 23:13:49.547] [info] [PERF] 总耗时=18.1ms (检测=15.0ms, 跟踪=0.5ms), FPS=55.3
[2026-09-05 23:13:49.547] [info] 📊 [CAMERA FPS] 瞬时帧率=55.2fps, 平均帧率=54.9fps, 总帧数=550, 运行时间=10.0s
[DEBUG] armors=1, targets=1
[DEBUG] armors=1, targets=1
[DEBUG] armors=0, targets=1
[DEBUG] armors=0, targets=1
[DEBUG] armors=0, targets=1
[DEBUG] armors=1, targets=1
[DEBUG] armors=0, targets=1
[DEBUG] armors=0, targets=1
[DEBUG] armors=0, targets=1
[DEBUG] armors=0, targets=1
[DEBUG] armors=0, targets=1
[DEBUG] armors=0, targets=1
[DEBUG] armors=0, targets=1
[DEBUG] armors=0, targets=1
[DEBUG] armors=0, targets=1
[DEBUG] armors=0, targets=1
[2026-09-05 23:13:49.830] [warning] [XUC][PITCH] visual loss: control stopped, pitch state retained
[DEBUG] armors=0, targets=1
[DEBUG] armors=0, targets=0
[DEBUG] armors=0, targets=0
[DEBUG] armors=0, targets=0
[DEBUG] armors=0, targets=0
[DEBUG] armors=0, targets=0
[DEBUG] armors=0, targets=0
[2026-09-05 23:13:49.952] [warning] [XUC][YAW] visual loss: control stopped, yaw state retained
[DEBUG] armors=0, targets=0
[DEBUG] armors=1, targets=1
[2026-09-05 23:13:49.988] [info] [XUC][YAW] measurement reacquired with continuous slew
[2026-09-05 23:13:49.988] [info] [XUC][PITCH] measurement reacquired with continuous slew
[DEBUG] armors=1, targets=1
[DEBUG] armors=0, targets=0
[DEBUG] armors=1, targets=1
[DEBUG] armors=1, targets=1
[DEBUG] armors=1, targets=1
[2026-09-05 23:13:50.081] [info] [DRYRUN] measured_gimbal=(4.017,0.287,0.067) measured_world=(3.958,0.747,0.046) tracked_world=(3.922,0.736,0.047) target_gimbal_deg=(4.08,0.95) target_world_deg=(10.69,0.66) gimbal_deg=(6.61,0.29) armor_y_px=531.7 pixel_error_deg=(-3.11,-0.20) ballistic=(range=4.027m holdover=0.191m comp=2.68deg residual=-2.88deg) q_wxyz=(0.998334,0.000146,0.002530,-0.057652) cmd_deg=(8.05,-4.44) packed_pitch_deg=-4.44 control=true shoot=false
[DEBUG] armors=0, targets=0
[DEBUG] armors=0, targets=0
[DEBUG] armors=0, targets=0
[DEBUG] armors=0, targets=0
[DEBUG] armors=1, targets=1
[DEBUG] armors=1, targets=1
[DEBUG] armors=0, targets=0
[DEBUG] armors=1, targets=1
[DEBUG] armors=2, targets=1
[DEBUG] armors=1, targets=1
[DEBUG] armors=2, targets=1
[DEBUG] armors=1, targets=0
[DEBUG] armors=1, targets=1
[DEBUG] armors=1, targets=1
[DEBUG] armors=2, targets=1
[DEBUG] armors=2, targets=1
[DEBUG] armors=1, targets=1
[DEBUG] armors=2, targets=1
[DEBUG] armors=2, targets=1
[2026-09-05 23:13:50.427] [info] [SYNC][XUC] mode=0 yaw=-6.61 deg pitch=0.29 deg feeder_rpm=-4.00 wheel0_rpm=0 wheel1_rpm=0 wheel_delta=0 projectile_speed=19.36 gate=0x3E switch=0 rc=1 sticks=1 imu=1 serial=1 control=1 yaw_armed=0 pitch_active=0
[DEBUG] armors=1, targets=1
[2026-09-05 23:13:50.442] [info] [DRYRUN] measured_gimbal=(3.833,0.429,0.069) measured_world=(3.759,0.867,0.049) tracked_world=(3.713,0.411,0.036) target_gimbal_deg=(6.38,1.02) target_world_deg=(12.99,0.73) gimbal_deg=(6.61,0.29) armor_y_px=530.4 pixel_error_deg=(-5.46,-0.24) ballistic=(range=3.857m holdover=0.176m comp=2.57deg residual=-2.81deg) q_wxyz=(0.998334,0.000146,0.002530,-0.057652) cmd_deg=(7.77,-4.26) packed_pitch_deg=-4.26 control=true shoot=false
[2026-09-05 23:13:50.444] [info] [PERF] 总耗时=17.4ms (检测=14.5ms, 跟踪=0.5ms), FPS=57.5
[2026-09-05 23:13:50.444] [info] 📊 [CAMERA FPS] 瞬时帧率=57.4fps, 平均帧率=55.0fps, 总帧数=600, 运行时间=10.9s
[DEBUG] armors=2, targets=1
[DEBUG] armors=1, targets=1
[DEBUG] armors=1, targets=1
[DEBUG] armors=1, targets=1
[DEBUG] armors=0, targets=1
[DEBUG] armors=1, targets=1
[DEBUG] armors=0, targets=1
[DEBUG] armors=0, targets=1
[DEBUG] armors=0, targets=1
[DEBUG] armors=1, targets=1
[DEBUG] armors=0, targets=1
[DEBUG] armors=0, targets=1
[DEBUG] armors=0, targets=1
[DEBUG] armors=0, targets=1
[DEBUG] armors=1, targets=1
[DEBUG] armors=1, targets=1
[DEBUG] armors=1, targets=1
[DEBUG] armors=1, targets=1
[DEBUG] armors=0, targets=0
[DEBUG] armors=1, targets=1
[2026-09-05 23:13:50.803] [info] [DRYRUN] measured_gimbal=(3.955,0.192,0.056) measured_world=(3.907,0.646,0.036) tracked_world=(3.907,0.646,0.036) target_gimbal_deg=(2.77,0.81) target_world_deg=(9.38,0.52) gimbal_deg=(6.61,0.29) armor_y_px=538.0 pixel_error_deg=(-1.81,-0.05) ballistic=(range=3.959m holdover=0.185m comp=2.63deg residual=-2.68deg) q_wxyz=(0.998334,0.000146,0.002530,-0.057652) cmd_deg=(7.70,-3.94) packed_pitch_deg=-3.94 control=true shoot=false
[DEBUG] armors=0, targets=0
[DEBUG] armors=1, targets=1
[DEBUG] armors=1, targets=1
[DEBUG] armors=0, targets=0
[DEBUG] armors=1, targets=1
[DEBUG] armors=0, targets=0
[DEBUG] armors=0, targets=0
[DEBUG] armors=0, targets=0
[DEBUG] armors=0, targets=0
[DEBUG] armors=0, targets=0
[DEBUG] armors=0, targets=0
[DEBUG] armors=0, targets=0
[DEBUG] armors=1, targets=1
[DEBUG] armors=1, targets=1
[DEBUG] armors=0, targets=0
[DEBUG] armors=1, targets=1
[DEBUG] armors=2, targets=1
[DEBUG] armors=2, targets=1
[DEBUG] armors=1, targets=1
[DEBUG] armors=2, targets=1
[2026-09-05 23:13:51.175] [info] [DRYRUN] measured_gimbal=(4.176,-0.078,0.056) measured_world=(4.157,0.403,0.034) tracked_world=(3.932,0.868,0.040) target_gimbal_deg=(-1.07,0.76) target_world_deg=(5.54,0.47) gimbal_deg=(6.61,0.29) armor_y_px=537.9 pixel_error_deg=(2.05,-0.05) ballistic=(range=4.177m holdover=0.205m comp=2.77deg residual=-2.82deg) q_wxyz=(0.998334,0.000146,0.002530,-0.057652) cmd_deg=(7.79,-4.26) packed_pitch_deg=-4.26 control=true shoot=false
[DEBUG] armors=1, targets=1
[DEBUG] armors=2, targets=1
[DEBUG] armors=2, targets=1
[DEBUG] armors=2, targets=1
[DEBUG] armors=2, targets=1
[DEBUG] armors=2, targets=1
[DEBUG] armors=2, targets=1
[DEBUG] armors=1, targets=1
[DEBUG] armors=1, targets=1
[2026-09-05 23:13:51.338] [info] [SYNC][XUC] mode=0 yaw=-6.61 deg pitch=0.29 deg feeder_rpm=-4.00 wheel0_rpm=0 wheel1_rpm=0 wheel_delta=0 projectile_speed=19.36 gate=0x3E switch=0 rc=1 sticks=1 imu=1 serial=1 control=1 yaw_armed=0 pitch_active=0
[DEBUG] armors=1, targets=1
[2026-09-05 23:13:51.354] [info] [PERF] 总耗时=17.0ms (检测=14.0ms, 跟踪=0.5ms), FPS=58.9
[2026-09-05 23:13:51.355] [info] 📊 [CAMERA FPS] 瞬时帧率=58.8fps, 平均帧率=55.0fps, 总帧数=650, 运行时间=11.8s
[DEBUG] armors=1, targets=1
[DEBUG] armors=1, targets=1
[DEBUG] armors=1, targets=1
[DEBUG] armors=1, targets=1
[DEBUG] armors=0, targets=1
[DEBUG] armors=0, targets=1
[DEBUG] armors=0, targets=1
[DEBUG] armors=0, targets=1
[DEBUG] armors=1, targets=1
[DEBUG] armors=1, targets=1
[2026-09-05 23:13:51.533] [info] [DRYRUN] measured_gimbal=(4.004,0.005,0.057) measured_world=(3.977,0.466,0.036) tracked_world=(4.654,0.894,0.050) target_gimbal_deg=(0.07,0.81) target_world_deg=(6.68,0.52) gimbal_deg=(6.61,0.29) armor_y_px=537.0 pixel_error_deg=(-0.58,-0.07) ballistic=(range=4.004m holdover=0.189m comp=2.66deg residual=-2.73deg) q_wxyz=(0.998334,0.000146,0.002530,-0.057652) cmd_deg=(5.68,-4.21) packed_pitch_deg=-4.21 control=true shoot=false
[DEBUG] armors=1, targets=1
[DEBUG] armors=0, targets=1
[DEBUG] armors=1, targets=1
[DEBUG] armors=1, targets=1
[DEBUG] armors=0, targets=1
[DEBUG] armors=1, targets=0
[DEBUG] armors=1, targets=1
[DEBUG] armors=0, targets=0
[DEBUG] armors=0, targets=0
[DEBUG] armors=1, targets=1
[DEBUG] armors=1, targets=1
[DEBUG] armors=1, targets=1
[DEBUG] armors=0, targets=0
[DEBUG] armors=1, targets=1
[DEBUG] armors=1, targets=1
[DEBUG] armors=1, targets=1
[DEBUG] armors=0, targets=0
[DEBUG] armors=0, targets=0
[DEBUG] armors=0, targets=0
[DEBUG] armors=1, targets=1
[2026-09-05 23:13:51.891] [info] [DRYRUN] measured_gimbal=(4.120,0.329,0.059) measured_world=(4.054,0.801,0.038) tracked_world=(4.054,0.801,0.038) target_gimbal_deg=(4.57,0.82) target_world_deg=(11.18,0.53) gimbal_deg=(6.61,0.29) armor_y_px=536.1 pixel_error_deg=(-3.59,-0.10) ballistic=(range=4.133m holdover=0.201m comp=2.74deg residual=-2.83deg) q_wxyz=(0.998334,0.000146,0.002530,-0.057652) cmd_deg=(4.95,-4.36) packed_pitch_deg=-4.36 control=true shoot=false
[DEBUG] armors=0, targets=0
[DEBUG] armors=2, targets=1
[DEBUG] armors=2, targets=1
[DEBUG] armors=2, targets=1
[DEBUG] armors=0, targets=0
[DEBUG] armors=3, targets=1
[DEBUG] armors=1, targets=0
[DEBUG] armors=1, targets=1
[DEBUG] armors=1, targets=1
[DEBUG] armors=1, targets=1
[DEBUG] armors=1, targets=1
[DEBUG] armors=2, targets=1
[DEBUG] armors=1, targets=1
[DEBUG] armors=1, targets=1
[DEBUG] armors=1, targets=1
[DEBUG] armors=1, targets=1
[DEBUG] armors=2, targets=1
[DEBUG] armors=2, targets=1
[DEBUG] armors=1, targets=1
[2026-09-05 23:13:52.236] [info] [SYNC][XUC] mode=0 yaw=-6.61 deg pitch=0.29 deg feeder_rpm=0.00 wheel0_rpm=0 wheel1_rpm=0 wheel_delta=0 projectile_speed=19.36 gate=0x3E switch=0 rc=1 sticks=1 imu=1 serial=1 control=1 yaw_armed=0 pitch_active=0
[DEBUG] armors=1, targets=1
[2026-09-05 23:13:52.251] [info] [DRYRUN] measured_gimbal=(3.727,0.419,0.061) measured_world=(3.654,0.846,0.042) tracked_world=(3.604,0.436,0.043) target_gimbal_deg=(6.42,0.93) target_world_deg=(13.03,0.64) gimbal_deg=(6.61,0.29) armor_y_px=535.6 pixel_error_deg=(0.53,-0.11) ballistic=(range=3.751m holdover=0.167m comp=2.51deg residual=-2.62deg) q_wxyz=(0.998334,0.000146,0.002530,-0.057652) cmd_deg=(7.57,-4.00) packed_pitch_deg=-4.00 control=true shoot=false
[2026-09-05 23:13:52.254] [info] [PERF] 总耗时=17.9ms (检测=14.8ms, 跟踪=0.0ms), FPS=55.8
[2026-09-05 23:13:52.254] [info] 📊 [CAMERA FPS] 瞬时帧率=55.6fps, 平均帧率=55.0fps, 总帧数=700, 运行时间=12.7s
[DEBUG] armors=1, targets=1
[DEBUG] armors=0, targets=1
[DEBUG] armors=0, targets=1
[DEBUG] armors=0, targets=1
[DEBUG] armors=0, targets=1
[DEBUG] armors=0, targets=1
[DEBUG] armors=0, targets=1
[DEBUG] armors=0, targets=1
[DEBUG] armors=0, targets=1
[DEBUG] armors=0, targets=1
[DEBUG] armors=0, targets=1
[DEBUG] armors=1, targets=1
[DEBUG] armors=0, targets=1
[DEBUG] armors=0, targets=0
[DEBUG] armors=0, targets=0
[DEBUG] armors=0, targets=0
[DEBUG] armors=0, targets=0
[DEBUG] armors=0, targets=0
[DEBUG] armors=1, targets=1
[DEBUG] armors=1, targets=1
[2026-09-05 23:13:52.611] [info] [DRYRUN] measured_gimbal=(3.830,0.221,0.062) measured_world=(3.779,0.660,0.042) tracked_world=(3.929,0.689,0.044) target_gimbal_deg=(3.30,0.92) target_world_deg=(9.91,0.63) gimbal_deg=(6.61,0.29) armor_y_px=534.6 pixel_error_deg=(-2.36,-0.13) ballistic=(range=3.836m holdover=0.174m comp=2.56deg residual=-2.69deg) q_wxyz=(0.998334,0.000146,0.002530,-0.057652) cmd_deg=(8.22,-4.18) packed_pitch_deg=-4.18 control=true shoot=false
[DEBUG] armors=0, targets=0
[DEBUG] armors=0, targets=0
[DEBUG] armors=0, targets=0
[DEBUG] armors=0, targets=0
[DEBUG] armors=1, targets=1
[DEBUG] armors=1, targets=0
[DEBUG] armors=0, targets=0
[DEBUG] armors=0, targets=0
[DEBUG] armors=1, targets=1
[DEBUG] armors=2, targets=1
[DEBUG] armors=2, targets=1
[DEBUG] armors=1, targets=0
[DEBUG] armors=1, targets=1
[DEBUG] armors=1, targets=1
[DEBUG] armors=1, targets=1
[DEBUG] armors=1, targets=1
[DEBUG] armors=2, targets=1
[DEBUG] armors=2, targets=1
[DEBUG] armors=1, targets=1
[DEBUG] armors=1, targets=1
[2026-09-05 23:13:52.972] [info] [DRYRUN] measured_gimbal=(3.699,-0.060,0.063) measured_world=(3.682,0.366,0.044) tracked_world=(3.680,0.375,0.045) target_gimbal_deg=(-0.93,0.97) target_world_deg=(5.68,0.68) gimbal_deg=(6.61,0.29) armor_y_px=534.1 pixel_error_deg=(1.77,-0.15) ballistic=(range=3.700m holdover=0.163m comp=2.48deg residual=-2.63deg) q_wxyz=(0.998334,0.000146,0.002530,-0.057652) cmd_deg=(7.56,-4.05) packed_pitch_deg=-4.05 control=true shoot=false
[DEBUG] armors=0, targets=1
[DEBUG] armors=1, targets=1
[DEBUG] armors=1, targets=1
[DEBUG] armors=1, targets=1
[DEBUG] armors=1, targets=1
[DEBUG] armors=0, targets=1
[DEBUG] armors=0, targets=1
[DEBUG] armors=1, targets=1
[DEBUG] armors=0, targets=1
[2026-09-05 23:13:53.139] [info] [SYNC][XUC] mode=0 yaw=-6.61 deg pitch=0.29 deg feeder_rpm=0.00 wheel0_rpm=0 wheel1_rpm=0 wheel_delta=0 projectile_speed=19.36 gate=0x3E switch=0 rc=1 sticks=1 imu=1 serial=1 control=1 yaw_armed=0 pitch_active=0
[DEBUG] armors=0, targets=1
[2026-09-05 23:13:53.156] [info] [PERF] 总耗时=17.7ms (检测=15.0ms, 跟踪=0.0ms), FPS=56.5
[2026-09-05 23:13:53.156] [info] 📊 [CAMERA FPS] 瞬时帧率=56.5fps, 平均帧率=55.0fps, 总帧数=750, 运行时间=13.6s
[DEBUG] armors=0, targets=1
[DEBUG] armors=0, targets=1
[DEBUG] armors=0, targets=1
[DEBUG] armors=0, targets=1
[DEBUG] armors=1, targets=1
[DEBUG] armors=0, targets=1
[DEBUG] armors=0, targets=1
[DEBUG] armors=0, targets=1
[DEBUG] armors=0, targets=1
[DEBUG] armors=0, targets=1
[DEBUG] armors=0, targets=0
[DEBUG] armors=0, targets=0
[DEBUG] armors=0, targets=0
[DEBUG] armors=0, targets=0
[DEBUG] armors=0, targets=0
[2026-09-05 23:13:53.424] [warning] [XUC][PITCH] visual loss: control stopped, pitch state retained
[DEBUG] armors=0, targets=0
[DEBUG] armors=0, targets=0
[DEBUG] armors=0, targets=0
[DEBUG] armors=1, targets=1
[2026-09-05 23:13:53.496] [info] [XUC][PITCH] measurement reacquired with continuous slew
[DEBUG] armors=1, targets=1
[DEBUG] armors=0, targets=0
[DEBUG] armors=1, targets=1
[DEBUG] armors=1, targets=1
[DEBUG] armors=0, targets=0
[DEBUG] armors=0, targets=0
[DEBUG] armors=0, targets=0
[DEBUG] armors=1, targets=1
[DEBUG] armors=1, targets=0
[DEBUG] armors=0, targets=0
[DEBUG] armors=0, targets=0
[2026-09-05 23:13:53.694] [info] [DRYRUN] target=none gimbal_deg=(6.61,0.29) control=true shoot=false
[DEBUG] armors=0, targets=0
[DEBUG] armors=1, targets=1
[DEBUG] armors=1, targets=1
[DEBUG] armors=2, targets=1
[DEBUG] armors=1, targets=0
[DEBUG] armors=1, targets=1
[DEBUG] armors=2, targets=1
[DEBUG] armors=2, targets=1
[DEBUG] armors=1, targets=1
[DEBUG] armors=2, targets=1
[DEBUG] armors=2, targets=1
[DEBUG] armors=1, targets=1
[DEBUG] armors=2, targets=1
[DEBUG] armors=2, targets=1
[DEBUG] armors=1, targets=1
[DEBUG] armors=2, targets=1
[DEBUG] armors=0, targets=1
[DEBUG] armors=0, targets=1
[DEBUG] armors=1, targets=1
[2026-09-05 23:13:54.042] [info] [SYNC][XUC] mode=0 yaw=-6.61 deg pitch=0.29 deg feeder_rpm=0.00 wheel0_rpm=0 wheel1_rpm=0 wheel_delta=0 projectile_speed=19.36 gate=0x3E switch=0 rc=1 sticks=1 imu=1 serial=1 control=1 yaw_armed=0 pitch_active=0
[DEBUG] armors=0, targets=1
[2026-09-05 23:13:54.059] [info] [PERF] 总耗时=17.8ms (检测=15.2ms, 跟踪=0.0ms), FPS=56.2
[2026-09-05 23:13:54.059] [info] 📊 [CAMERA FPS] 瞬时帧率=56.1fps, 平均帧率=55.1fps, 总帧数=800, 运行时间=14.5s
[DEBUG] armors=0, targets=1
[DEBUG] armors=0, targets=1
[DEBUG] armors=1, targets=1
[DEBUG] armors=0, targets=1
[DEBUG] armors=0, targets=1
[DEBUG] armors=0, targets=1
[DEBUG] armors=0, targets=1
[DEBUG] armors=0, targets=1
[DEBUG] armors=1, targets=1
[DEBUG] armors=1, targets=0
[DEBUG] armors=1, targets=1
[DEBUG] armors=0, targets=0
[DEBUG] armors=0, targets=0
[DEBUG] armors=0, targets=0
[DEBUG] armors=1, targets=1
[DEBUG] armors=1, targets=1
[DEBUG] armors=1, targets=1
[DEBUG] armors=0, targets=0
[DEBUG] armors=1, targets=1
[DEBUG] armors=0, targets=0
[2026-09-05 23:13:54.408] [info] [DRYRUN] target=none gimbal_deg=(6.61,0.29) control=true shoot=false
[DEBUG] armors=0, targets=0
[DEBUG] armors=0, targets=0
[DEBUG] armors=0, targets=0
[DEBUG] armors=0, targets=0
[DEBUG] armors=0, targets=0
[DEBUG] armors=0, targets=0
[DEBUG] armors=1, targets=1
[DEBUG] armors=1, targets=1
[DEBUG] armors=0, targets=0
[DEBUG] armors=0, targets=0
[DEBUG] armors=1, targets=1
[DEBUG] armors=1, targets=1
[DEBUG] armors=3, targets=1
[DEBUG] armors=1, targets=1
[DEBUG] armors=2, targets=1
[DEBUG] armors=1, targets=1
[DEBUG] armors=2, targets=1
[DEBUG] armors=2, targets=1
[DEBUG] armors=1, targets=1
[DEBUG] armors=2, targets=1
[2026-09-05 23:13:54.765] [info] [DRYRUN] measured_gimbal=(3.741,-0.039,0.056) measured_world=(3.720,0.392,0.037) tracked_world=(3.671,0.387,0.037) target_gimbal_deg=(-0.59,0.86) target_world_deg=(6.02,0.57) gimbal_deg=(6.61,0.29) armor_y_px=537.9 pixel_error_deg=(1.50,-0.05) ballistic=(range=3.741m holdover=0.166m comp=2.50deg residual=-2.55deg) q_wxyz=(0.998334,0.000146,0.002530,-0.057652) cmd_deg=(7.35,-3.91) packed_pitch_deg=-3.91 control=true shoot=false
[DEBUG] armors=2, targets=1
[DEBUG] armors=2, targets=1
[DEBUG] armors=1, targets=1
[DEBUG] armors=1, targets=1
[DEBUG] armors=1, targets=1
[DEBUG] armors=1, targets=1
[DEBUG] armors=1, targets=1
[DEBUG] armors=1, targets=1
[DEBUG] armors=1, targets=1
[2026-09-05 23:13:54.930] [info] [SYNC][XUC] mode=0 yaw=-6.61 deg pitch=0.29 deg feeder_rpm=0.00 wheel0_rpm=0 wheel1_rpm=0 wheel_delta=0 projectile_speed=19.36 gate=0x3E switch=0 rc=1 sticks=1 imu=1 serial=1 control=1 yaw_armed=0 pitch_active=0
[DEBUG] armors=0, targets=1
[2026-09-05 23:13:54.947] [info] [PERF] 总耗时=17.6ms (检测=14.7ms, 跟踪=0.0ms), FPS=56.9
[2026-09-05 23:13:54.947] [info] 📊 [CAMERA FPS] 瞬时帧率=56.7fps, 平均帧率=55.1fps, 总帧数=850, 运行时间=15.4s
[DEBUG] armors=0, targets=1
[DEBUG] armors=0, targets=1
[DEBUG] armors=0, targets=1
[DEBUG] armors=1, targets=1
[DEBUG] armors=0, targets=1
[DEBUG] armors=1, targets=1
[DEBUG] armors=0, targets=1
[DEBUG] armors=0, targets=1
[DEBUG] armors=1, targets=1
[DEBUG] armors=1, targets=1
[2026-09-05 23:13:55.121] [info] [DRYRUN] measured_gimbal=(3.515,0.098,0.057) measured_world=(3.480,0.502,0.040) tracked_world=(3.502,0.538,0.040) target_gimbal_deg=(1.59,0.94) target_world_deg=(8.20,0.65) gimbal_deg=(6.61,0.29) armor_y_px=537.2 pixel_error_deg=(-1.35,-0.07) ballistic=(range=3.516m holdover=0.148m comp=2.37deg residual=-2.44deg) q_wxyz=(0.998334,0.000146,0.002530,-0.057652) cmd_deg=(7.68,-3.76) packed_pitch_deg=-3.76 control=true shoot=false
[DEBUG] armors=0, targets=1
[DEBUG] armors=1, targets=1
[DEBUG] armors=0, targets=1
[DEBUG] armors=0, targets=1
[DEBUG] armors=1, targets=1
[DEBUG] armors=1, targets=1
[DEBUG] armors=1, targets=1
[DEBUG] armors=0, targets=1
[DEBUG] armors=1, targets=1
[DEBUG] armors=0, targets=1
[DEBUG] armors=0, targets=1
[DEBUG] armors=0, targets=1
[DEBUG] armors=0, targets=1
[DEBUG] armors=0, targets=1
[DEBUG] armors=1, targets=1
[DEBUG] armors=2, targets=1
[DEBUG] armors=2, targets=1
[DEBUG] armors=2, targets=1
[DEBUG] armors=2, targets=1
[DEBUG] armors=0, targets=1
[DEBUG] armors=3, targets=1
[DEBUG] armors=2, targets=1
[DEBUG] armors=1, targets=1
[DEBUG] armors=1, targets=1
[DEBUG] armors=1, targets=1
[DEBUG] armors=1, targets=1
[DEBUG] armors=2, targets=1
[DEBUG] armors=1, targets=1
[DEBUG] armors=1, targets=1
[DEBUG] armors=1, targets=1
[DEBUG] armors=2, targets=1
[DEBUG] armors=2, targets=1
[DEBUG] armors=1, targets=1
[DEBUG] armors=1, targets=1
[DEBUG] armors=0, targets=1
[DEBUG] armors=0, targets=1
[DEBUG] armors=0, targets=1
[DEBUG] armors=0, targets=1
[DEBUG] armors=0, targets=1
[2026-09-05 23:13:55.813] [info] [SYNC][XUC] mode=0 yaw=-6.61 deg pitch=0.29 deg feeder_rpm=-4.00 wheel0_rpm=0 wheel1_rpm=0 wheel_delta=0 projectile_speed=19.36 gate=0x3E switch=0 rc=1 sticks=1 imu=1 serial=1 control=1 yaw_armed=0 pitch_active=0
[DEBUG] armors=0, targets=1
[2026-09-05 23:13:55.831] [info] [PERF] 总耗时=18.1ms (检测=15.8ms, 跟踪=0.0ms), FPS=55.1
[2026-09-05 23:13:55.831] [info] 📊 [CAMERA FPS] 瞬时帧率=55.0fps, 平均帧率=55.2fps, 总帧数=900, 运行时间=16.3s
[DEBUG] armors=1, targets=1
[DEBUG] armors=0, targets=1
[DEBUG] armors=0, targets=1
[DEBUG] armors=0, targets=1
[DEBUG] armors=0, targets=1
[DEBUG] armors=0, targets=1
[DEBUG] armors=1, targets=1
[DEBUG] armors=0, targets=1
[DEBUG] armors=1, targets=0
[DEBUG] armors=1, targets=1
[DEBUG] armors=0, targets=0
[DEBUG] armors=0, targets=0
[DEBUG] armors=0, targets=0
[DEBUG] armors=1, targets=1
[DEBUG] armors=1, targets=1
[DEBUG] armors=0, targets=0
[DEBUG] armors=0, targets=0
[DEBUG] armors=1, targets=1
[DEBUG] armors=1, targets=1
[DEBUG] armors=1, targets=1
[2026-09-05 23:13:56.186] [info] [DRYRUN] measured_gimbal=(4.064,0.282,0.062) measured_world=(4.005,0.748,0.041) tracked_world=(3.923,0.726,0.042) target_gimbal_deg=(3.96,0.87) target_world_deg=(10.57,0.58) gimbal_deg=(6.61,0.29) armor_y_px=534.5 pixel_error_deg=(-2.99,-0.14) ballistic=(range=4.074m holdover=0.195m comp=2.70deg residual=-2.84deg) q_wxyz=(0.998334,0.000146,0.002530,-0.057652) cmd_deg=(8.07,-4.33) packed_pitch_deg=-4.33 control=true shoot=false
[DEBUG] armors=1, targets=1
[DEBUG] armors=1, targets=0
[DEBUG] armors=0, targets=0
[DEBUG] armors=1, targets=1
[DEBUG] armors=2, targets=1
[DEBUG] armors=2, targets=1
[DEBUG] armors=1, targets=0
[DEBUG] armors=1, targets=1
[DEBUG] armors=1, targets=0
[DEBUG] armors=2, targets=1
[DEBUG] armors=1, targets=1
[DEBUG] armors=0, targets=0
[DEBUG] armors=1, targets=1
[DEBUG] armors=2, targets=0
[DEBUG] armors=1, targets=1
[DEBUG] armors=1, targets=1
[DEBUG] armors=0, targets=0
[DEBUG] armors=1, targets=1
[DEBUG] armors=1, targets=1
[DEBUG] armors=1, targets=1
[2026-09-05 23:13:56.536] [info] [DRYRUN] measured_gimbal=(3.716,0.395,0.064) measured_world=(3.647,0.820,0.045) tracked_world=(3.667,0.822,0.046) target_gimbal_deg=(6.06,0.98) target_world_deg=(12.67,0.69) gimbal_deg=(6.61,0.29) armor_y_px=533.0 pixel_error_deg=(-5.16,-0.17) ballistic=(range=3.737m holdover=0.166m comp=2.50deg residual=-2.67deg) q_wxyz=(0.998334,0.000146,0.002530,-0.057652) cmd_deg=(8.07,-4.14) packed_pitch_deg=-4.14 control=true shoot=false
[DEBUG] armors=1, targets=1
[2026-09-05 23:13:56.571] [info] [XUC][GYRO] center_follow=false tracker=tracking omega=-0.836rad_s radius=0.199m
[DEBUG] armors=1, targets=1
[DEBUG] armors=0, targets=1
[DEBUG] armors=0, targets=1
[DEBUG] armors=0, targets=1
[DEBUG] armors=0, targets=1
[DEBUG] armors=0, targets=1
[DEBUG] armors=0, targets=1
[DEBUG] armors=0, targets=1
[2026-09-05 23:13:56.697] [info] [SYNC][XUC] mode=0 yaw=-6.61 deg pitch=0.29 deg feeder_rpm=-4.00 wheel0_rpm=0 wheel1_rpm=0 wheel_delta=0 projectile_speed=19.36 gate=0x3E switch=0 rc=1 sticks=1 imu=1 serial=1 control=1 yaw_armed=0 pitch_active=0
[DEBUG] armors=0, targets=1
[2026-09-05 23:13:56.715] [info] [PERF] 总耗时=17.9ms (检测=15.5ms, 跟踪=0.0ms), FPS=56.0
[2026-09-05 23:13:56.715] [info] 📊 [CAMERA FPS] 瞬时帧率=55.9fps, 平均帧率=55.3fps, 总帧数=950, 运行时间=17.2s
[DEBUG] armors=0, targets=1
[DEBUG] armors=0, targets=1
[DEBUG] armors=0, targets=1
[2026-09-05 23:13:56.767] [warning] [XUC][PITCH] visual loss: control stopped, pitch state retained
[DEBUG] armors=0, targets=1
[DEBUG] armors=0, targets=1
[DEBUG] armors=0, targets=1
[DEBUG] armors=0, targets=1
[DEBUG] armors=0, targets=0
[DEBUG] armors=0, targets=0
[2026-09-05 23:13:56.874] [warning] [XUC][YAW] visual loss: control stopped, yaw state retained
[DEBUG] armors=0, targets=0
[2026-09-05 23:13:56.892] [info] [DRYRUN] target=none gimbal_deg=(6.61,0.29) control=false shoot=false
[DEBUG] armors=1, targets=1
[2026-09-05 23:13:56.910] [info] [XUC][YAW] measurement reacquired with continuous slew
[2026-09-05 23:13:56.910] [info] [XUC][PITCH] measurement reacquired with continuous slew
[DEBUG] armors=0, targets=0
[DEBUG] armors=1, targets=1
[DEBUG] armors=1, targets=1
[DEBUG] armors=1, targets=1
[DEBUG] armors=1, targets=1
[DEBUG] armors=1, targets=1
[DEBUG] armors=1, targets=1
[DEBUG] armors=1, targets=1
[DEBUG] armors=0, targets=1
[DEBUG] armors=0, targets=1
[DEBUG] armors=0, targets=1
[DEBUG] armors=0, targets=1
[DEBUG] armors=1, targets=1
[DEBUG] armors=1, targets=1
[DEBUG] armors=0, targets=1
[DEBUG] armors=1, targets=1
[DEBUG] armors=1, targets=1
[DEBUG] armors=1, targets=1
[DEBUG] armors=2, targets=1
[2026-09-05 23:13:57.256] [info] [DRYRUN] measured_gimbal=(4.108,0.358,0.068) measured_world=(4.040,0.829,0.047) tracked_world=(4.038,0.884,0.048) target_gimbal_deg=(4.98,0.94) target_world_deg=(11.59,0.65) gimbal_deg=(6.61,0.29) armor_y_px=539.4 pixel_error_deg=(2.14,-0.01) ballistic=(range=4.124m holdover=0.200m comp=2.73deg residual=-2.75deg) q_wxyz=(0.998334,0.000146,0.002530,-0.057652) cmd_deg=(13.10,-4.28) packed_pitch_deg=-4.28 control=true shoot=false
[DEBUG] armors=0, targets=1
[DEBUG] armors=1, targets=1
[DEBUG] armors=1, targets=1
[DEBUG] armors=1, targets=1
[DEBUG] armors=2, targets=1
[DEBUG] armors=1, targets=1
[DEBUG] armors=1, targets=1
[DEBUG] armors=2, targets=1
[DEBUG] armors=2, targets=1
[DEBUG] armors=2, targets=1
[DEBUG] armors=2, targets=0
[DEBUG] armors=0, targets=0
[DEBUG] armors=0, targets=0
[DEBUG] armors=0, targets=0
[DEBUG] armors=1, targets=1
[DEBUG] armors=0, targets=0
[DEBUG] armors=0, targets=0
[DEBUG] armors=0, targets=0
[DEBUG] armors=0, targets=0
[2026-09-05 23:13:57.599] [info] [SYNC][XUC] mode=0 yaw=-6.61 deg pitch=0.29 deg feeder_rpm=-4.00 wheel0_rpm=0 wheel1_rpm=0 wheel_delta=0 projectile_speed=19.36 gate=0x3E switch=0 rc=1 sticks=1 imu=1 serial=1 control=1 yaw_armed=0 pitch_active=0
[DEBUG] armors=0, targets=0
[2026-09-05 23:13:57.615] [info] [DRYRUN] target=none gimbal_deg=(6.61,0.29) control=true shoot=false
[2026-09-05 23:13:57.618] [info] [PERF] 总耗时=18.9ms (检测=16.4ms, 跟踪=0.0ms), FPS=52.9
[2026-09-05 23:13:57.618] [info] 📊 [CAMERA FPS] 瞬时帧率=52.8fps, 平均帧率=55.3fps, 总帧数=1000, 运行时间=18.1s
[DEBUG] armors=0, targets=0
[DEBUG] armors=0, targets=0
[DEBUG] armors=0, targets=0
[DEBUG] armors=0, targets=0
[DEBUG] armors=1, targets=1
[2026-09-05 23:13:57.721] [debug] [Target] r=0.116, l=-0.084
[2026-09-05 23:13:57.721] [debug] [Tracker] Target diverged!
[DEBUG] armors=1, targets=0
[DEBUG] armors=1, targets=1
[DEBUG] armors=0, targets=0
[DEBUG] armors=0, targets=0
[DEBUG] armors=1, targets=1
[DEBUG] armors=1, targets=1
[DEBUG] armors=1, targets=1
[DEBUG] armors=1, targets=1
[DEBUG] armors=1, targets=1
[DEBUG] armors=1, targets=1
[DEBUG] armors=0, targets=1
[DEBUG] armors=0, targets=1
[DEBUG] armors=0, targets=1
[DEBUG] armors=0, targets=1
[DEBUG] armors=0, targets=1
[DEBUG] armors=0, targets=1
[DEBUG] armors=0, targets=1
[DEBUG] armors=1, targets=1
[DEBUG] armors=1, targets=1
[DEBUG] armors=1, targets=1
[DEBUG] armors=1, targets=1
[DEBUG] armors=2, targets=1
[DEBUG] armors=2, targets=1
[DEBUG] armors=2, targets=1
[DEBUG] armors=0, targets=1
[DEBUG] armors=2, targets=1
[DEBUG] armors=1, targets=1
[DEBUG] armors=1, targets=1
[DEBUG] armors=1, targets=1
[DEBUG] armors=0, targets=1
[DEBUG] armors=2, targets=1
[DEBUG] armors=2, targets=1
[DEBUG] armors=2, targets=1
[DEBUG] armors=1, targets=1
[DEBUG] armors=1, targets=1
[2026-09-05 23:13:58.323] [info] [DRYRUN] measured_gimbal=(4.080,0.372,0.060) measured_world=(4.010,0.839,0.039) tracked_world=(4.112,1.009,0.038) target_gimbal_deg=(5.21,0.84) target_world_deg=(11.82,0.55) gimbal_deg=(6.61,0.29) armor_y_px=535.3 pixel_error_deg=(-5.63,-0.12) ballistic=(range=4.097m holdover=0.197m comp=2.72deg residual=-2.83deg) q_wxyz=(0.998334,0.000146,0.002530,-0.057652) cmd_deg=(14.43,-4.36) packed_pitch_deg=-4.36 control=true shoot=false
[DEBUG] armors=0, targets=0
[DEBUG] armors=1, targets=1
[DEBUG] armors=1, targets=0
[DEBUG] armors=1, targets=1
[DEBUG] armors=1, targets=0
[DEBUG] armors=0, targets=0
[DEBUG] armors=0, targets=0
[DEBUG] armors=0, targets=0
[DEBUG] armors=0, targets=0
[2026-09-05 23:13:58.486] [info] [SYNC][XUC] mode=0 yaw=-6.61 deg pitch=0.29 deg feeder_rpm=3.00 wheel0_rpm=0 wheel1_rpm=0 wheel_delta=0 projectile_speed=19.36 gate=0x3E switch=0 rc=1 sticks=1 imu=1 serial=1 control=1 yaw_armed=0 pitch_active=0
[DEBUG] armors=1, targets=1
[2026-09-05 23:13:58.504] [info] [PERF] 总耗时=18.4ms (检测=15.4ms, 跟踪=0.4ms), FPS=54.4
[2026-09-05 23:13:58.505] [info] 📊 [CAMERA FPS] 瞬时帧率=54.2fps, 平均帧率=55.3fps, 总帧数=1050, 运行时间=19.0s
[DEBUG] armors=1, targets=1
[DEBUG] armors=1, targets=0
[DEBUG] armors=0, targets=0
[DEBUG] armors=0, targets=0
[DEBUG] armors=0, targets=0
[DEBUG] armors=1, targets=1
[DEBUG] armors=1, targets=1
[DEBUG] armors=1, targets=0
[DEBUG] armors=0, targets=0
[DEBUG] armors=0, targets=0
[2026-09-05 23:13:58.683] [info] [DRYRUN] target=none gimbal_deg=(6.61,0.29) control=true shoot=false
[DEBUG] armors=0, targets=0
[DEBUG] armors=1, targets=1
[DEBUG] armors=1, targets=1
[DEBUG] armors=0, targets=0
[DEBUG] armors=0, targets=0
[DEBUG] armors=1, targets=1
[DEBUG] armors=1, targets=1
[DEBUG] armors=0, targets=0
[DEBUG] armors=0, targets=0
[DEBUG] armors=0, targets=0
[DEBUG] armors=1, targets=1
[DEBUG] armors=0, targets=0
[DEBUG] armors=2, targets=1
[DEBUG] armors=2, targets=1
[DEBUG] armors=1, targets=1
[DEBUG] armors=0, targets=0
[DEBUG] armors=2, targets=1
[DEBUG] armors=2, targets=1
[DEBUG] armors=1, targets=1
[2026-09-05 23:13:59.047] [info] [XUC][GYRO] center_follow=true tracker=detecting omega=-1.282rad_s radius=0.266m
[DEBUG] armors=1, targets=1
[2026-09-05 23:13:59.047] [info] [DRYRUN] measured_gimbal=(3.689,-0.052,0.059) measured_world=(3.670,0.373,0.040) tracked_world=(3.682,0.375,0.040) target_gimbal_deg=(-0.80,0.92) target_world_deg=(5.81,0.63) gimbal_deg=(6.61,0.29) armor_y_px=536.2 pixel_error_deg=(1.70,-0.09) ballistic=(range=3.689m holdover=0.162m comp=2.47deg residual=-2.57deg) q_wxyz=(0.998334,0.000146,0.002530,-0.057652) cmd_deg=(6.04,-3.96) packed_pitch_deg=-3.96 control=true shoot=false
[DEBUG] armors=2, targets=1
[DEBUG] armors=2, targets=1
[DEBUG] armors=2, targets=1
[DEBUG] armors=0, targets=1
[DEBUG] armors=1, targets=1
[DEBUG] armors=2, targets=1
[DEBUG] armors=2, targets=1
[DEBUG] armors=2, targets=1
[DEBUG] armors=2, targets=1
[DEBUG] armors=1, targets=1
[DEBUG] armors=0, targets=1
[DEBUG] armors=1, targets=1
[DEBUG] armors=0, targets=1
[DEBUG] armors=0, targets=1
[DEBUG] armors=0, targets=1
[DEBUG] armors=0, targets=1
[DEBUG] armors=1, targets=1
[DEBUG] armors=0, targets=1
[DEBUG] armors=0, targets=1
[2026-09-05 23:13:59.391] [info] [SYNC][XUC] mode=0 yaw=-6.61 deg pitch=0.29 deg feeder_rpm=3.00 wheel0_rpm=0 wheel1_rpm=0 wheel_delta=0 projectile_speed=19.36 gate=0x3E switch=0 rc=1 sticks=1 imu=1 serial=1 control=1 yaw_armed=0 pitch_active=0
[DEBUG] armors=1, targets=1
[2026-09-05 23:13:59.406] [info] [DRYRUN] measured_gimbal=(3.762,0.425,0.062) measured_world=(3.688,0.856,0.042) tracked_world=(3.608,0.504,0.043) target_gimbal_deg=(6.45,0.93) target_world_deg=(13.06,0.64) gimbal_deg=(6.61,0.29) armor_y_px=534.1 pixel_error_deg=(-0.77,-0.14) ballistic=(range=3.786m holdover=0.170m comp=2.53deg residual=-2.67deg) q_wxyz=(0.998334,0.000146,0.002530,-0.057652) cmd_deg=(7.90,-4.08) packed_pitch_deg=-4.08 control=true shoot=false
[2026-09-05 23:13:59.409] [info] [PERF] 总耗时=17.3ms (检测=14.6ms, 跟踪=0.0ms), FPS=57.6
[2026-09-05 23:13:59.409] [info] 📊 [CAMERA FPS] 瞬时帧率=57.4fps, 平均帧率=55.3fps, 总帧数=1100, 运行时间=19.9s
[DEBUG] armors=0, targets=1
[DEBUG] armors=0, targets=1
[DEBUG] armors=1, targets=1
[DEBUG] armors=0, targets=1
[DEBUG] armors=1, targets=0
[DEBUG] armors=0, targets=0
[DEBUG] armors=1, targets=1
[DEBUG] armors=1, targets=1
[DEBUG] armors=0, targets=0
[DEBUG] armors=1, targets=1
[DEBUG] armors=1, targets=1
[DEBUG] armors=0, targets=0
[DEBUG] armors=1, targets=1
[DEBUG] armors=0, targets=0
[DEBUG] armors=1, targets=1
[DEBUG] armors=0, targets=0
[DEBUG] armors=0, targets=0
[DEBUG] armors=0, targets=0
[DEBUG] armors=0, targets=0
[DEBUG] armors=2, targets=1
[2026-09-05 23:13:59.769] [info] [DRYRUN] measured_gimbal=(3.625,0.392,0.060) measured_world=(3.556,0.806,0.042) tracked_world=(3.734,0.316,0.044) target_gimbal_deg=(6.17,0.94) target_world_deg=(12.78,0.65) gimbal_deg=(6.61,0.29) armor_y_px=533.6 pixel_error_deg=(-3.69,-0.16) ballistic=(range=3.646m holdover=0.158m comp=2.45deg residual=-2.60deg) q_wxyz=(0.998334,0.000146,0.002530,-0.057652) cmd_deg=(8.08,-4.18) packed_pitch_deg=-4.18 control=true shoot=false
[DEBUG] armors=2, targets=1
[DEBUG] armors=1, targets=0
[DEBUG] armors=2, targets=1
[DEBUG] armors=2, targets=1
[DEBUG] armors=2, targets=1
[DEBUG] armors=1, targets=1
[DEBUG] armors=1, targets=1
[DEBUG] armors=1, targets=1
[DEBUG] armors=1, targets=1
[DEBUG] armors=1, targets=1
[DEBUG] armors=1, targets=1
[DEBUG] armors=0, targets=1
[DEBUG] armors=1, targets=1
[DEBUG] armors=2, targets=1
[DEBUG] armors=1, targets=1
[DEBUG] armors=1, targets=1
[DEBUG] armors=0, targets=1
[DEBUG] armors=0, targets=1
[DEBUG] armors=1, targets=1
[DEBUG] armors=0, targets=1
[DEBUG] armors=0, targets=1
[DEBUG] armors=0, targets=1
[DEBUG] armors=0, targets=1
[DEBUG] armors=0, targets=1
[DEBUG] armors=0, targets=1
[DEBUG] armors=1, targets=1
[DEBUG] armors=0, targets=1
[DEBUG] armors=0, targets=1
[DEBUG] armors=0, targets=1
[2026-09-05 23:14:00.289] [info] [SYNC][XUC] mode=0 yaw=-6.61 deg pitch=0.29 deg feeder_rpm=0.00 wheel0_rpm=0 wheel1_rpm=0 wheel_delta=0 projectile_speed=19.36 gate=0x3E switch=0 rc=1 sticks=1 imu=1 serial=1 control=1 yaw_armed=0 pitch_active=0
[DEBUG] armors=0, targets=1
[2026-09-05 23:14:00.307] [info] [PERF] 总耗时=18.0ms (检测=15.4ms, 跟踪=0.0ms), FPS=55.5
[2026-09-05 23:14:00.307] [info] 📊 [CAMERA FPS] 瞬时帧率=55.4fps, 平均帧率=55.3fps, 总帧数=1150, 运行时间=20.8s
[DEBUG] armors=0, targets=1
[DEBUG] armors=0, targets=0
[DEBUG] armors=0, targets=0
[DEBUG] armors=0, targets=0
[DEBUG] armors=0, targets=0
[DEBUG] armors=0, targets=0
[DEBUG] armors=0, targets=0
[2026-09-05 23:14:00.425] [warning] [XUC][PITCH] visual loss: control stopped, pitch state retained
[DEBUG] armors=0, targets=0
[DEBUG] armors=1, targets=1
[2026-09-05 23:14:00.461] [info] [XUC][PITCH] measurement reacquired with continuous slew
[DEBUG] armors=1, targets=1
[2026-09-05 23:14:00.478] [info] [DRYRUN] measured_gimbal=(4.136,0.249,0.065) measured_world=(4.080,0.723,0.044) tracked_world=(4.068,0.720,0.044) target_gimbal_deg=(3.44,0.90) target_world_deg=(10.05,0.61) gimbal_deg=(6.61,0.29) armor_y_px=532.5 pixel_error_deg=(-2.46,-0.18) ballistic=(range=4.144m holdover=0.202m comp=2.75deg residual=-2.93deg) q_wxyz=(0.998334,0.000146,0.002530,-0.057652) cmd_deg=(7.45,-4.39) packed_pitch_deg=-4.39 control=true shoot=false
[DEBUG] armors=1, targets=1
[DEBUG] armors=1, targets=1
[DEBUG] armors=1, targets=1
[DEBUG] armors=1, targets=1
[DEBUG] armors=0, targets=1
[DEBUG] armors=0, targets=1
[DEBUG] armors=0, targets=1
[DEBUG] armors=0, targets=1
[DEBUG] armors=1, targets=1
[DEBUG] armors=1, targets=1
[DEBUG] armors=0, targets=1
[DEBUG] armors=1, targets=1
[DEBUG] armors=1, targets=1
[DEBUG] armors=1, targets=1
[DEBUG] armors=2, targets=1
[DEBUG] armors=2, targets=1
[DEBUG] armors=1, targets=1
[DEBUG] armors=1, targets=1
[DEBUG] armors=1, targets=1
[DEBUG] armors=2, targets=1
[2026-09-05 23:14:00.830] [info] [DRYRUN] measured_gimbal=(4.073,0.348,0.067) measured_world=(4.007,0.815,0.047) tracked_world=(4.023,0.920,0.047) target_gimbal_deg=(4.88,0.94) target_world_deg=(11.49,0.66) gimbal_deg=(6.61,0.29) armor_y_px=530.9 pixel_error_deg=(-5.06,-0.22) ballistic=(range=4.088m holdover=0.197m comp=2.71deg residual=-2.94deg) q_wxyz=(0.998334,0.000146,0.002530,-0.057652) cmd_deg=(7.48,-4.39) packed_pitch_deg=-4.39 control=true shoot=false
[DEBUG] armors=2, targets=1
[DEBUG] armors=1, targets=1
[DEBUG] armors=2, targets=1
[DEBUG] armors=1, targets=1
[DEBUG] armors=2, targets=1
[2026-09-05 23:14:00.934] [info] [XUC][GYRO] center_follow=false tracker=lost omega=+0.000rad_s radius=0.000m
[DEBUG] armors=2, targets=0
[DEBUG] armors=2, targets=1
[DEBUG] armors=1, targets=0
[DEBUG] armors=1, targets=1
[DEBUG] armors=0, targets=0
[DEBUG] armors=0, targets=0
[DEBUG] armors=1, targets=1
[DEBUG] armors=0, targets=0
[DEBUG] armors=0, targets=0
[DEBUG] armors=0, targets=0
[DEBUG] armors=0, targets=0
[DEBUG] armors=1, targets=1
[DEBUG] armors=0, targets=0
[DEBUG] armors=0, targets=0
[2026-09-05 23:14:01.164] [info] [SYNC][XUC] mode=0 yaw=-6.61 deg pitch=0.29 deg feeder_rpm=0.00 wheel0_rpm=0 wheel1_rpm=0 wheel_delta=0 projectile_speed=19.36 gate=0x3E switch=0 rc=1 sticks=1 imu=1 serial=1 control=1 yaw_armed=0 pitch_active=0
[DEBUG] armors=0, targets=0
[2026-09-05 23:14:01.179] [info] [DRYRUN] target=none gimbal_deg=(6.61,0.29) control=true shoot=false
[2026-09-05 23:14:01.181] [info] [PERF] 总耗时=17.2ms (检测=14.5ms, 跟踪=0.0ms), FPS=58.3
[2026-09-05 23:14:01.181] [info] 📊 [CAMERA FPS] 瞬时帧率=58.2fps, 平均帧率=55.4fps, 总帧数=1200, 运行时间=21.7s
[DEBUG] armors=1, targets=1
[DEBUG] armors=0, targets=0
[DEBUG] armors=0, targets=0
[DEBUG] armors=1, targets=1
[DEBUG] armors=0, targets=0
[DEBUG] armors=0, targets=0
[DEBUG] armors=0, targets=0
[DEBUG] armors=1, targets=1
[DEBUG] armors=1, targets=1
[DEBUG] armors=1, targets=1
[DEBUG] armors=0, targets=0
[DEBUG] armors=1, targets=1
[DEBUG] armors=0, targets=0
[DEBUG] armors=0, targets=0
[DEBUG] armors=0, targets=0
[DEBUG] armors=0, targets=0
[DEBUG] armors=1, targets=1
[DEBUG] armors=0, targets=0
[DEBUG] armors=0, targets=0
[DEBUG] armors=1, targets=1
[2026-09-05 23:14:01.529] [info] [DRYRUN] measured_gimbal=(4.037,0.346,0.059) measured_world=(3.971,0.809,0.038) tracked_world=(3.971,0.809,0.038) target_gimbal_deg=(4.90,0.83) target_world_deg=(11.51,0.54) gimbal_deg=(6.61,0.29) armor_y_px=536.3 pixel_error_deg=(-3.93,-0.09) ballistic=(range=4.052m holdover=0.193m comp=2.69deg residual=-2.78deg) q_wxyz=(0.998334,0.000146,0.002530,-0.057652) cmd_deg=(9.57,-4.18) packed_pitch_deg=-4.18 control=true shoot=false
[DEBUG] armors=1, targets=1
[DEBUG] armors=1, targets=1
[DEBUG] armors=1, targets=0
[DEBUG] armors=1, targets=1
[DEBUG] armors=2, targets=1
[DEBUG] armors=2, targets=1
[DEBUG] armors=0, targets=0
[DEBUG] armors=1, targets=1
[DEBUG] armors=2, targets=0
[DEBUG] armors=2, targets=1
[DEBUG] armors=0, targets=0
[DEBUG] armors=2, targets=1
[DEBUG] armors=2, targets=1
[DEBUG] armors=2, targets=1
[2026-09-05 23:14:01.795] [info] [XUC][GYRO] center_follow=true tracker=detecting omega=-1.049rad_s radius=0.273m
[DEBUG] armors=2, targets=1
[DEBUG] armors=1, targets=1
[DEBUG] armors=1, targets=1
[DEBUG] armors=0, targets=1
[DEBUG] armors=1, targets=1
[DEBUG] armors=1, targets=1
[2026-09-05 23:14:01.884] [info] [DRYRUN] measured_gimbal=(3.622,0.012,0.056) measured_world=(3.597,0.429,0.037) tracked_world=(3.603,0.438,0.037) target_gimbal_deg=(0.19,0.88) target_world_deg=(6.80,0.59) gimbal_deg=(6.61,0.29) armor_y_px=537.7 pixel_error_deg=(0.60,-0.06) ballistic=(range=3.623m holdover=0.157m comp=2.43deg residual=-2.49deg) q_wxyz=(0.998334,0.000146,0.002530,-0.057652) cmd_deg=(7.40,-3.86) packed_pitch_deg=-3.86 control=true shoot=false
[DEBUG] armors=0, targets=1
[DEBUG] armors=1, targets=1
[DEBUG] armors=0, targets=1
[DEBUG] armors=0, targets=1
[DEBUG] armors=0, targets=1
[DEBUG] armors=1, targets=1
[DEBUG] armors=1, targets=1
[DEBUG] armors=0, targets=1
[DEBUG] armors=0, targets=1
[2026-09-05 23:14:02.047] [info] [SYNC][XUC] mode=0 yaw=-6.61 deg pitch=0.29 deg feeder_rpm=-4.00 wheel0_rpm=0 wheel1_rpm=0 wheel_delta=0 projectile_speed=19.36 gate=0x3E switch=0 rc=1 sticks=1 imu=1 serial=1 control=1 yaw_armed=0 pitch_active=0
[DEBUG] armors=0, targets=1
[2026-09-05 23:14:02.065] [info] [PERF] 总耗时=18.0ms (检测=15.4ms, 跟踪=0.0ms), FPS=55.6
[2026-09-05 23:14:02.065] [info] 📊 [CAMERA FPS] 瞬时帧率=55.5fps, 平均帧率=55.5fps, 总帧数=1250, 运行时间=22.5s
[DEBUG] armors=0, targets=1
[DEBUG] armors=0, targets=1
[DEBUG] armors=1, targets=1
[DEBUG] armors=1, targets=1
[DEBUG] armors=1, targets=1
[DEBUG] armors=0, targets=1
[DEBUG] armors=0, targets=1
[DEBUG] armors=1, targets=1
[DEBUG] armors=1, targets=1
[DEBUG] armors=1, targets=1
[2026-09-05 23:14:02.239] [info] [DRYRUN] measured_gimbal=(3.772,0.167,0.057) measured_world=(3.728,0.600,0.038) tracked_world=(3.706,0.643,0.038) target_gimbal_deg=(2.53,0.87) target_world_deg=(9.14,0.58) gimbal_deg=(6.61,0.29) armor_y_px=536.5 pixel_error_deg=(-2.35,-0.09) ballistic=(range=3.776m holdover=0.169m comp=2.52deg residual=-2.61deg) q_wxyz=(0.998334,0.000146,0.002530,-0.057652) cmd_deg=(7.60,-3.99) packed_pitch_deg=-3.99 control=true shoot=false
[DEBUG] armors=1, targets=1
[DEBUG] armors=0, targets=1
[DEBUG] armors=1, targets=1
[DEBUG] armors=1, targets=1
[DEBUG] armors=1, targets=1
[DEBUG] armors=0, targets=1
[DEBUG] armors=0, targets=1
[DEBUG] armors=0, targets=1
[DEBUG] armors=1, targets=1
[DEBUG] armors=1, targets=1
[DEBUG] armors=2, targets=1
[DEBUG] armors=2, targets=1
[DEBUG] armors=2, targets=1
[DEBUG] armors=0, targets=1
[DEBUG] armors=2, targets=1
[DEBUG] armors=1, targets=1
[DEBUG] armors=1, targets=1
[DEBUG] armors=1, targets=1
[DEBUG] armors=1, targets=1
[DEBUG] armors=1, targets=1
[2026-09-05 23:14:02.594] [info] [DRYRUN] measured_gimbal=(3.757,-0.040,0.060) measured_world=(3.737,0.392,0.041) tracked_world=(3.676,0.823,0.038) target_gimbal_deg=(-0.61,0.92) target_world_deg=(6.00,0.63) gimbal_deg=(6.61,0.29) armor_y_px=535.5 pixel_error_deg=(1.52,-0.11) ballistic=(range=3.757m holdover=0.168m comp=2.51deg residual=-2.62deg) q_wxyz=(0.998334,0.000146,0.002530,-0.057652) cmd_deg=(8.19,-4.01) packed_pitch_deg=-4.01 control=true shoot=false
[DEBUG] armors=2, targets=1
[DEBUG] armors=1, targets=1
[DEBUG] armors=1, targets=1
[DEBUG] armors=1, targets=1
[DEBUG] armors=2, targets=1
[DEBUG] armors=2, targets=1
[DEBUG] armors=1, targets=1
[DEBUG] armors=1, targets=1
[DEBUG] armors=1, targets=1
[DEBUG] armors=1, targets=1
[DEBUG] armors=0, targets=1
[DEBUG] armors=0, targets=1
[DEBUG] armors=0, targets=1
[DEBUG] armors=0, targets=1
[DEBUG] armors=0, targets=1
[DEBUG] armors=0, targets=1
[DEBUG] armors=0, targets=1
[DEBUG] armors=0, targets=1
[DEBUG] armors=0, targets=1
[2026-09-05 23:14:02.935] [info] [SYNC][XUC] mode=0 yaw=-6.61 deg pitch=0.29 deg feeder_rpm=0.00 wheel0_rpm=0 wheel1_rpm=0 wheel_delta=0 projectile_speed=19.36 gate=0x3E switch=0 rc=1 sticks=1 imu=1 serial=1 control=1 yaw_armed=0 pitch_active=0
[DEBUG] armors=0, targets=1
[2026-09-05 23:14:02.952] [info] [PERF] 总耗时=16.8ms (检测=14.2ms, 跟踪=0.0ms), FPS=59.5
[2026-09-05 23:14:02.952] [info] 📊 [CAMERA FPS] 瞬时帧率=59.4fps, 平均帧率=55.5fps, 总帧数=1300, 运行时间=23.4s
[DEBUG] armors=1, targets=1
[DEBUG] armors=1, targets=0
[DEBUG] armors=0, targets=0
[DEBUG] armors=1, targets=1
[DEBUG] armors=0, targets=0
[DEBUG] armors=0, targets=0
[DEBUG] armors=0, targets=0
[DEBUG] armors=1, targets=1
[DEBUG] armors=1, targets=1
[DEBUG] armors=1, targets=1
[DEBUG] armors=0, targets=0
[DEBUG] armors=1, targets=1
[DEBUG] armors=1, targets=1
[DEBUG] armors=0, targets=0
[DEBUG] armors=1, targets=1
[DEBUG] armors=1, targets=1
[DEBUG] armors=0, targets=0
[DEBUG] armors=0, targets=0
[DEBUG] armors=1, targets=1
[DEBUG] armors=2, targets=1
[2026-09-05 23:14:03.296] [info] [DRYRUN] measured_gimbal=(3.588,0.287,0.064) measured_world=(3.532,0.698,0.045) tracked_world=(3.551,0.700,0.045) target_gimbal_deg=(4.58,1.01) target_world_deg=(11.19,0.72) gimbal_deg=(6.61,0.29) armor_y_px=533.3 pixel_error_deg=(-3.70,-0.16) ballistic=(range=3.600m holdover=0.155m comp=2.42deg residual=-2.59deg) q_wxyz=(0.998334,0.000146,0.002530,-0.057652) cmd_deg=(8.27,-4.08) packed_pitch_deg=-4.08 control=true shoot=false
[DEBUG] armors=2, targets=1
[DEBUG] armors=1, targets=0
[DEBUG] armors=1, targets=1
[DEBUG] armors=1, targets=1
[DEBUG] armors=1, targets=1
[DEBUG] armors=1, targets=1
[DEBUG] armors=1, targets=0
[DEBUG] armors=0, targets=0
[DEBUG] armors=1, targets=1
[DEBUG] armors=0, targets=0
[DEBUG] armors=0, targets=0
[DEBUG] armors=1, targets=1
[DEBUG] armors=1, targets=1
[DEBUG] armors=2, targets=1
[2026-09-05 23:14:03.569] [info] [XUC][GYRO] center_follow=false tracker=detecting omega=-0.625rad_s radius=0.214m
[DEBUG] armors=1, targets=1
[DEBUG] armors=1, targets=1
[DEBUG] armors=0, targets=1
[DEBUG] armors=0, targets=1
[DEBUG] armors=0, targets=1
[DEBUG] armors=0, targets=1
[DEBUG] armors=0, targets=1
[DEBUG] armors=0, targets=1
[DEBUG] armors=0, targets=1
[DEBUG] armors=0, targets=1
[DEBUG] armors=1, targets=1
[DEBUG] armors=0, targets=1
[DEBUG] armors=0, targets=1
[DEBUG] armors=0, targets=1
[DEBUG] armors=0, targets=1
[2026-09-05 23:14:03.826] [info] [SYNC][XUC] mode=0 yaw=-6.61 deg pitch=0.29 deg feeder_rpm=0.00 wheel0_rpm=0 wheel1_rpm=0 wheel_delta=0 projectile_speed=19.36 gate=0x3E switch=0 rc=1 sticks=1 imu=1 serial=1 control=1 yaw_armed=0 pitch_active=0
[DEBUG] armors=0, targets=1
[2026-09-05 23:14:03.844] [info] [PERF] 总耗时=18.0ms (检测=15.1ms, 跟踪=0.0ms), FPS=55.6
[2026-09-05 23:14:03.844] [info] 📊 [CAMERA FPS] 瞬时帧率=55.5fps, 平均帧率=55.5fps, 总帧数=1350, 运行时间=24.3s
[DEBUG] armors=0, targets=1
[DEBUG] armors=0, targets=0
[DEBUG] armors=0, targets=0
[DEBUG] armors=0, targets=0
[DEBUG] armors=0, targets=0
[DEBUG] armors=0, targets=0
[2026-09-05 23:14:03.948] [warning] [XUC][PITCH] visual loss: control stopped, pitch state retained
[DEBUG] armors=1, targets=1
[2026-09-05 23:14:03.967] [info] [XUC][PITCH] measurement reacquired with continuous slew
[DEBUG] armors=1, targets=1
[DEBUG] armors=1, targets=1
[DEBUG] armors=1, targets=1
[2026-09-05 23:14:04.023] [info] [DRYRUN] measured_gimbal=(4.222,0.270,0.067) measured_world=(4.163,0.754,0.046) tracked_world=(4.146,0.744,0.045) target_gimbal_deg=(3.66,0.91) target_world_deg=(10.27,0.62) gimbal_deg=(6.61,0.29) armor_y_px=531.4 pixel_error_deg=(-2.66,-0.21) ballistic=(range=4.230m holdover=0.210m comp=2.80deg residual=-3.01deg) q_wxyz=(0.998334,0.000146,0.002530,-0.057652) cmd_deg=(9.76,-4.61) packed_pitch_deg=-4.61 control=true shoot=false
[DEBUG] armors=1, targets=1
[DEBUG] armors=1, targets=1
[DEBUG] armors=0, targets=1
[DEBUG] armors=0, targets=1
[DEBUG] armors=0, targets=1
[DEBUG] armors=0, targets=1
[DEBUG] armors=1, targets=1
[DEBUG] armors=1, targets=1
[DEBUG] armors=1, targets=1
[DEBUG] armors=0, targets=1
[DEBUG] armors=1, targets=1
[DEBUG] armors=1, targets=1
[DEBUG] armors=1, targets=1
[DEBUG] armors=2, targets=1
[DEBUG] armors=1, targets=1
[DEBUG] armors=1, targets=1
[DEBUG] armors=1, targets=1
[DEBUG] armors=2, targets=1
[DEBUG] armors=1, targets=1
[DEBUG] armors=1, targets=1
[2026-09-05 23:14:04.382] [info] [DRYRUN] measured_gimbal=(4.160,0.362,0.068) measured_world=(4.091,0.839,0.047) tracked_world=(3.976,0.932,0.049) target_gimbal_deg=(4.98,0.93) target_world_deg=(11.59,0.64) gimbal_deg=(6.61,0.29) armor_y_px=530.3 pixel_error_deg=(-5.23,-0.24) ballistic=(range=4.176m holdover=0.205m comp=2.77deg residual=-3.01deg) q_wxyz=(0.998334,0.000146,0.002530,-0.057652) cmd_deg=(14.02,-4.61) packed_pitch_deg=-4.61 control=true shoot=false
[DEBUG] armors=2, targets=1
[DEBUG] armors=1, targets=1
[DEBUG] armors=2, targets=1
[DEBUG] armors=2, targets=1
[DEBUG] armors=1, targets=0
[DEBUG] armors=1, targets=1
[DEBUG] armors=1, targets=0
[DEBUG] armors=0, targets=0
[DEBUG] armors=0, targets=0
[DEBUG] armors=0, targets=0
[DEBUG] armors=0, targets=0
[DEBUG] armors=0, targets=0
[DEBUG] armors=0, targets=0
[DEBUG] armors=0, targets=0
[DEBUG] armors=0, targets=0
[DEBUG] armors=0, targets=0
[DEBUG] armors=0, targets=0
[DEBUG] armors=0, targets=0
[2026-09-05 23:14:04.692] [warning] [XUC][PITCH] visual loss: control stopped, pitch state retained
[DEBUG] armors=1, targets=1
[2026-09-05 23:14:04.709] [info] [XUC][PITCH] measurement reacquired with continuous slew
[2026-09-05 23:14:04.712] [info] [SYNC][XUC] mode=0 yaw=-6.61 deg pitch=0.29 deg feeder_rpm=0.00 wheel0_rpm=0 wheel1_rpm=0 wheel_delta=0 projectile_speed=19.36 gate=0x1E switch=0 rc=1 sticks=1 imu=1 serial=1 control=0 yaw_armed=0 pitch_active=0
[DEBUG] armors=0, targets=0
[2026-09-05 23:14:04.727] [info] [DRYRUN] target=none gimbal_deg=(6.61,0.29) control=true shoot=false
[2026-09-05 23:14:04.730] [info] [PERF] 总耗时=18.1ms (检测=15.2ms, 跟踪=0.0ms), FPS=55.3
[2026-09-05 23:14:04.730] [info] 📊 [CAMERA FPS] 瞬时帧率=55.3fps, 平均帧率=55.6fps, 总帧数=1400, 运行时间=25.2s
[DEBUG] armors=1, targets=1
[DEBUG] armors=0, targets=0
[DEBUG] armors=1, targets=1
[DEBUG] armors=1, targets=1
[DEBUG] armors=0, targets=0
[DEBUG] armors=1, targets=1
[DEBUG] armors=1, targets=1
[DEBUG] armors=0, targets=0
[DEBUG] armors=0, targets=0
[DEBUG] armors=1, targets=1
[DEBUG] armors=0, targets=0
[DEBUG] armors=0, targets=0
[DEBUG] armors=0, targets=0
[DEBUG] armors=0, targets=0
[DEBUG] armors=0, targets=0
[DEBUG] armors=0, targets=0
[DEBUG] armors=0, targets=0
[DEBUG] armors=1, targets=1
[DEBUG] armors=1, targets=1
[DEBUG] armors=0, targets=0
[2026-09-05 23:14:05.073] [info] [DRYRUN] target=none gimbal_deg=(6.61,0.29) control=true shoot=false
[DEBUG] armors=1, targets=1
[DEBUG] armors=1, targets=0
[DEBUG] armors=3, targets=1
[DEBUG] armors=2, targets=1
[DEBUG] armors=2, targets=1
[DEBUG] armors=1, targets=0
[DEBUG] armors=2, targets=1
[DEBUG] armors=1, targets=1
[DEBUG] armors=2, targets=1
[DEBUG] armors=1, targets=1
[2026-09-05 23:14:05.274] [info] [XUC][GYRO] center_follow=true tracker=tracking omega=-1.703rad_s radius=0.265m
[DEBUG] armors=2, targets=1
[DEBUG] armors=2, targets=1
[DEBUG] armors=2, targets=1
[DEBUG] armors=1, targets=1
[DEBUG] armors=1, targets=1
[DEBUG] armors=1, targets=1
[DEBUG] armors=1, targets=1
[DEBUG] armors=1, targets=1
[DEBUG] armors=1, targets=1
[DEBUG] armors=1, targets=1
[2026-09-05 23:14:05.436] [info] [DRYRUN] measured_gimbal=(3.638,0.038,0.055) measured_world=(3.610,0.456,0.037) tracked_world=(3.608,0.456,0.037) target_gimbal_deg=(0.59,0.87) target_world_deg=(7.20,0.58) gimbal_deg=(6.61,0.29) armor_y_px=538.6 pixel_error_deg=(0.30,-0.03) ballistic=(range=3.639m holdover=0.158m comp=2.44deg residual=-2.48deg) q_wxyz=(0.998334,0.000146,0.002530,-0.057652) cmd_deg=(7.37,-3.81) packed_pitch_deg=-3.81 control=true shoot=false
[DEBUG] armors=0, targets=1
[DEBUG] armors=1, targets=1
[DEBUG] armors=0, targets=1
[DEBUG] armors=1, targets=1
[DEBUG] armors=0, targets=1
[DEBUG] armors=0, targets=1
[DEBUG] armors=0, targets=1
[DEBUG] armors=0, targets=1
[DEBUG] armors=0, targets=1
[2026-09-05 23:14:05.598] [info] [SYNC][XUC] mode=0 yaw=-6.61 deg pitch=0.29 deg feeder_rpm=3.00 wheel0_rpm=0 wheel1_rpm=0 wheel_delta=0 projectile_speed=19.36 gate=0x3E switch=0 rc=1 sticks=1 imu=1 serial=1 control=1 yaw_armed=0 pitch_active=0
[DEBUG] armors=1, targets=1
[2026-09-05 23:14:05.615] [info] [PERF] 总耗时=17.3ms (检测=14.6ms, 跟踪=0.0ms), FPS=57.8
[2026-09-05 23:14:05.615] [info] 📊 [CAMERA FPS] 瞬时帧率=57.7fps, 平均帧率=55.6fps, 总帧数=1450, 运行时间=26.1s
[DEBUG] armors=1, targets=1
[DEBUG] armors=1, targets=1
[DEBUG] armors=0, targets=1
[DEBUG] armors=0, targets=1
[DEBUG] armors=0, targets=1
[DEBUG] armors=1, targets=0
[DEBUG] armors=1, targets=1
[DEBUG] armors=1, targets=1
[DEBUG] armors=0, targets=0
[DEBUG] armors=1, targets=1
[2026-09-05 23:14:05.786] [info] [DRYRUN] measured_gimbal=(4.021,0.263,0.057) measured_world=(3.964,0.724,0.036) tracked_world=(3.964,0.724,0.036) target_gimbal_deg=(3.74,0.81) target_world_deg=(10.35,0.52) gimbal_deg=(6.61,0.29) armor_y_px=537.4 pixel_error_deg=(-2.77,-0.06) ballistic=(range=4.030m holdover=0.191m comp=2.68deg residual=-2.74deg) q_wxyz=(0.998334,0.000146,0.002530,-0.057652) cmd_deg=(7.44,-4.10) packed_pitch_deg=-4.10 control=true shoot=false
[DEBUG] armors=1, targets=1
[DEBUG] armors=0, targets=0
[DEBUG] armors=0, targets=0
[DEBUG] armors=0, targets=0
[DEBUG] armors=0, targets=0
[DEBUG] armors=1, targets=1
[DEBUG] armors=0, targets=0
[DEBUG] armors=2, targets=1
[DEBUG] armors=2, targets=1
[DEBUG] armors=2, targets=1
[DEBUG] armors=0, targets=0
[DEBUG] armors=1, targets=1
[DEBUG] armors=2, targets=1
[DEBUG] armors=2, targets=0
[DEBUG] armors=2, targets=1
[DEBUG] armors=1, targets=1
[DEBUG] armors=1, targets=0
[DEBUG] armors=1, targets=1
[DEBUG] armors=2, targets=1
[DEBUG] armors=1, targets=1
[2026-09-05 23:14:06.139] [info] [DRYRUN] measured_gimbal=(3.625,-0.027,0.059) measured_world=(3.604,0.391,0.041) tracked_world=(3.643,0.395,0.041) target_gimbal_deg=(-0.42,0.94) target_world_deg=(6.19,0.65) gimbal_deg=(6.61,0.29) armor_y_px=536.1 pixel_error_deg=(1.31,-0.10) ballistic=(range=3.625m holdover=0.157m comp=2.44deg residual=-2.53deg) q_wxyz=(0.998334,0.000146,0.002530,-0.057652) cmd_deg=(7.44,-3.93) packed_pitch_deg=-3.93 control=true shoot=false
[DEBUG] armors=1, targets=1
[DEBUG] armors=1, targets=1
[DEBUG] armors=2, targets=1
[DEBUG] armors=2, targets=1
[DEBUG] armors=2, targets=1
[DEBUG] armors=1, targets=1
[DEBUG] armors=0, targets=1
[DEBUG] armors=1, targets=1
[DEBUG] armors=0, targets=1
[DEBUG] armors=0, targets=1
[DEBUG] armors=0, targets=1
[DEBUG] armors=0, targets=1
[DEBUG] armors=0, targets=1
[DEBUG] armors=0, targets=1
[DEBUG] armors=0, targets=1
[DEBUG] armors=0, targets=1
[DEBUG] armors=0, targets=1
[DEBUG] armors=0, targets=1
[2026-09-05 23:14:06.461] [warning] [XUC][PITCH] visual loss: control stopped, pitch state retained
[DEBUG] armors=1, targets=1
[2026-09-05 23:14:06.479] [info] [XUC][PITCH] measurement reacquired with continuous slew
[2026-09-05 23:14:06.481] [info] [SYNC][XUC] mode=0 yaw=-6.61 deg pitch=0.29 deg feeder_rpm=0.00 wheel0_rpm=0 wheel1_rpm=0 wheel_delta=0 projectile_speed=19.36 gate=0x1E switch=0 rc=1 sticks=1 imu=1 serial=1 control=0 yaw_armed=0 pitch_active=0
[DEBUG] armors=0, targets=1
[2026-09-05 23:14:06.499] [info] [PERF] 总耗时=17.5ms (检测=15.0ms, 跟踪=0.0ms), FPS=57.0
[2026-09-05 23:14:06.499] [info] 📊 [CAMERA FPS] 瞬时帧率=56.9fps, 平均帧率=55.6fps, 总帧数=1500, 运行时间=27.0s
[DEBUG] armors=0, targets=1
[DEBUG] armors=0, targets=0
[DEBUG] armors=0, targets=0
[DEBUG] armors=0, targets=0
[DEBUG] armors=1, targets=1
[DEBUG] armors=1, targets=1
[DEBUG] armors=1, targets=1
[DEBUG] armors=1, targets=1
[DEBUG] armors=1, targets=1
[DEBUG] armors=1, targets=1
[DEBUG] armors=0, targets=1
[DEBUG] armors=1, targets=1
[DEBUG] armors=1, targets=1
[DEBUG] armors=0, targets=1
[DEBUG] armors=0, targets=1
[DEBUG] armors=1, targets=1
[DEBUG] armors=2, targets=1
[DEBUG] armors=2, targets=1
[DEBUG] armors=1, targets=1
[DEBUG] armors=2, targets=1
[2026-09-05 23:14:06.844] [info] [DRYRUN] measured_gimbal=(4.055,0.349,0.063) measured_world=(3.988,0.814,0.042) tracked_world=(3.969,0.819,0.043) target_gimbal_deg=(4.92,0.88) target_world_deg=(11.53,0.59) gimbal_deg=(6.61,0.29) armor_y_px=533.9 pixel_error_deg=(2.47,-0.15) ballistic=(range=4.070m holdover=0.195m comp=2.70deg residual=-2.85deg) q_wxyz=(0.998334,0.000146,0.002530,-0.057652) cmd_deg=(7.85,-4.39) packed_pitch_deg=-4.39 control=true shoot=false
[DEBUG] armors=1, targets=1
[DEBUG] armors=1, targets=1
[DEBUG] armors=1, targets=1
[DEBUG] armors=1, targets=1
[DEBUG] armors=2, targets=1
[DEBUG] armors=1, targets=1
[DEBUG] armors=1, targets=1
[DEBUG] armors=1, targets=1
[DEBUG] armors=0, targets=1
[DEBUG] armors=1, targets=1
[DEBUG] armors=1, targets=1
[DEBUG] armors=1, targets=1
[DEBUG] armors=1, targets=1
[DEBUG] armors=1, targets=1
[DEBUG] armors=0, targets=1
[2026-09-05 23:14:07.124] [info] [XUC][GYRO] center_follow=false tracker=lost omega=+0.000rad_s radius=0.000m
[DEBUG] armors=0, targets=0
[DEBUG] armors=1, targets=1
[DEBUG] armors=0, targets=0
[DEBUG] armors=0, targets=0
[DEBUG] armors=0, targets=0
[2026-09-05 23:14:07.192] [info] [DRYRUN] target=none gimbal_deg=(6.61,0.29) control=true shoot=false
[DEBUG] armors=0, targets=0
[DEBUG] armors=0, targets=0
[DEBUG] armors=0, targets=0
[DEBUG] armors=0, targets=0
[DEBUG] armors=0, targets=0
[DEBUG] armors=0, targets=0
[DEBUG] armors=0, targets=0
[DEBUG] armors=0, targets=0
[2026-09-05 23:14:07.326] [warning] [XUC][PITCH] visual loss: control stopped, pitch state retained
[DEBUG] armors=0, targets=0
[2026-09-05 23:14:07.347] [info] [SYNC][XUC] mode=0 yaw=-6.61 deg pitch=0.29 deg feeder_rpm=0.00 wheel0_rpm=0 wheel1_rpm=0 wheel_delta=0 projectile_speed=19.36 gate=0x1E switch=0 rc=1 sticks=1 imu=1 serial=1 control=0 yaw_armed=0 pitch_active=0
[DEBUG] armors=0, targets=0
[2026-09-05 23:14:07.363] [info] [PERF] 总耗时=16.3ms (检测=13.9ms, 跟踪=0.0ms), FPS=61.5
[2026-09-05 23:14:07.363] [info] 📊 [CAMERA FPS] 瞬时帧率=61.4fps, 平均帧率=55.7fps, 总帧数=1550, 运行时间=27.8s
[DEBUG] armors=0, targets=0
[DEBUG] armors=0, targets=0
[DEBUG] armors=0, targets=0
[DEBUG] armors=0, targets=0
[DEBUG] armors=0, targets=0
[2026-09-05 23:14:07.447] [warning] [XUC][YAW] visual loss: control stopped, yaw state retained
[DEBUG] armors=1, targets=1
[2026-09-05 23:14:07.465] [info] [XUC][YAW] measurement reacquired with continuous slew
[2026-09-05 23:14:07.465] [info] [XUC][PITCH] measurement reacquired with continuous slew
[DEBUG] armors=1, targets=1
[DEBUG] armors=1, targets=1
[DEBUG] armors=1, targets=1
[DEBUG] armors=1, targets=1
[2026-09-05 23:14:07.536] [info] [DRYRUN] measured_gimbal=(3.873,0.252,0.067) measured_world=(3.819,0.696,0.048) tracked_world=(4.010,0.727,0.048) target_gimbal_deg=(3.72,0.99) target_world_deg=(10.33,0.70) gimbal_deg=(6.61,0.29) armor_y_px=531.2 pixel_error_deg=(-2.77,-0.22) ballistic=(range=3.882m holdover=0.178m comp=2.59deg residual=-2.80deg) q_wxyz=(0.998334,0.000146,0.002530,-0.057652) cmd_deg=(10.07,-4.47) packed_pitch_deg=-4.47 control=true shoot=false
[DEBUG] armors=1, targets=1
[DEBUG] armors=1, targets=1
[DEBUG] armors=0, targets=1
[DEBUG] armors=0, targets=1
[DEBUG] armors=0, targets=1
[DEBUG] armors=0, targets=1
[DEBUG] armors=1, targets=1
[DEBUG] armors=1, targets=1
[DEBUG] armors=1, targets=1
[DEBUG] armors=2, targets=1
[DEBUG] armors=1, targets=1
[DEBUG] armors=1, targets=1
[DEBUG] armors=2, targets=1
[DEBUG] armors=0, targets=1
[DEBUG] armors=1, targets=1
[DEBUG] armors=1, targets=1
[DEBUG] armors=1, targets=1
[DEBUG] armors=2, targets=1
[DEBUG] armors=2, targets=1
[DEBUG] armors=1, targets=1
[2026-09-05 23:14:07.892] [info] [DRYRUN] measured_gimbal=(4.066,0.358,0.063) measured_world=(3.999,0.824,0.042) tracked_world=(4.090,0.961,0.045) target_gimbal_deg=(5.03,0.88) target_world_deg=(11.64,0.59) gimbal_deg=(6.61,0.29) armor_y_px=529.9 pixel_error_deg=(-5.24,-0.25) ballistic=(range=4.082m holdover=0.196m comp=2.71deg residual=-2.96deg) q_wxyz=(0.998334,0.000146,0.002530,-0.057652) cmd_deg=(14.03,-4.51) packed_pitch_deg=-4.51 control=true shoot=false
[DEBUG] armors=2, targets=1
[DEBUG] armors=1, targets=1
[DEBUG] armors=2, targets=1
[DEBUG] armors=2, targets=1
[DEBUG] armors=0, targets=0
[DEBUG] armors=2, targets=1
[DEBUG] armors=0, targets=0
[DEBUG] armors=0, targets=0
[DEBUG] armors=1, targets=1
[DEBUG] armors=0, targets=0
[DEBUG] armors=0, targets=0
[DEBUG] armors=0, targets=0
[DEBUG] armors=1, targets=1
[DEBUG] armors=0, targets=0
[DEBUG] armors=0, targets=0
[DEBUG] armors=0, targets=0
[DEBUG] armors=0, targets=0
[DEBUG] armors=0, targets=0
[DEBUG] armors=1, targets=1
[2026-09-05 23:14:08.237] [info] [SYNC][XUC] mode=0 yaw=-6.61 deg pitch=0.29 deg feeder_rpm=0.00 wheel0_rpm=0 wheel1_rpm=0 wheel_delta=0 projectile_speed=19.36 gate=0x3E switch=0 rc=1 sticks=1 imu=1 serial=1 control=1 yaw_armed=0 pitch_active=0
[DEBUG] armors=1, targets=1
[2026-09-05 23:14:08.253] [info] [DRYRUN] measured_gimbal=(4.076,0.177,0.056) measured_world=(4.029,0.645,0.035) tracked_world=(3.974,0.635,0.035) target_gimbal_deg=(2.48,0.79) target_world_deg=(9.09,0.50) gimbal_deg=(6.61,0.29) armor_y_px=537.8 pixel_error_deg=(-1.50,-0.06) ballistic=(range=4.080m holdover=0.196m comp=2.71deg residual=-2.76deg) q_wxyz=(0.998334,0.000146,0.002530,-0.057652) cmd_deg=(7.75,-4.23) packed_pitch_deg=-4.23 control=true shoot=false
[2026-09-05 23:14:08.255] [info] [PERF] 总耗时=18.1ms (检测=14.9ms, 跟踪=0.5ms), FPS=55.3
[2026-09-05 23:14:08.256] [info] 📊 [CAMERA FPS] 瞬时帧率=55.1fps, 平均帧率=55.7fps, 总帧数=1600, 运行时间=28.7s
[DEBUG] armors=0, targets=0
[DEBUG] armors=1, targets=1
[DEBUG] armors=1, targets=1
[DEBUG] armors=1, targets=1
[DEBUG] armors=1, targets=1
[DEBUG] armors=1, targets=1
[DEBUG] armors=0, targets=1
[DEBUG] armors=1, targets=1
[DEBUG] armors=0, targets=1
[DEBUG] armors=0, targets=1
[DEBUG] armors=0, targets=1
[DEBUG] armors=0, targets=1
[DEBUG] armors=0, targets=1
[DEBUG] armors=0, targets=1
[DEBUG] armors=0, targets=1
[DEBUG] armors=1, targets=1
[DEBUG] armors=1, targets=1
[DEBUG] armors=0, targets=1
[DEBUG] armors=0, targets=1
[DEBUG] armors=2, targets=1
[2026-09-05 23:14:08.614] [info] [DRYRUN] measured_gimbal=(4.118,0.367,0.059) measured_world=(4.049,0.839,0.038) tracked_world=(4.022,0.861,0.038) target_gimbal_deg=(5.09,0.82) target_world_deg=(11.70,0.53) gimbal_deg=(6.61,0.29) armor_y_px=538.3 pixel_error_deg=(2.34,-0.04) ballistic=(range=4.135m holdover=0.201m comp=2.74deg residual=-2.78deg) q_wxyz=(0.998334,0.000146,0.002530,-0.057652) cmd_deg=(12.53,-4.30) packed_pitch_deg=-4.30 control=true shoot=false
[DEBUG] armors=2, targets=1
[DEBUG] armors=2, targets=1
[DEBUG] armors=1, targets=1
[DEBUG] armors=1, targets=1
[DEBUG] armors=1, targets=1
[DEBUG] armors=2, targets=1
[DEBUG] armors=2, targets=1
[DEBUG] armors=2, targets=1
[DEBUG] armors=2, targets=1
[DEBUG] armors=2, targets=1
[DEBUG] armors=1, targets=1
[DEBUG] armors=1, targets=1
[DEBUG] armors=1, targets=0
[DEBUG] armors=1, targets=1
[DEBUG] armors=1, targets=0
[DEBUG] armors=1, targets=1
[DEBUG] armors=1, targets=0
[DEBUG] armors=0, targets=0
[DEBUG] armors=0, targets=0
[DEBUG] armors=0, targets=0
[2026-09-05 23:14:08.975] [info] [DRYRUN] target=none gimbal_deg=(6.61,0.29) control=true shoot=false
[DEBUG] armors=1, targets=1
[DEBUG] armors=0, targets=0
[DEBUG] armors=0, targets=0
[DEBUG] armors=0, targets=0
[DEBUG] armors=0, targets=0
[DEBUG] armors=0, targets=0
[DEBUG] armors=1, targets=1
[DEBUG] armors=0, targets=0
[DEBUG] armors=1, targets=1
[2026-09-05 23:14:09.141] [info] [SYNC][XUC] mode=0 yaw=-6.61 deg pitch=0.29 deg feeder_rpm=3.00 wheel0_rpm=0 wheel1_rpm=0 wheel_delta=0 projectile_speed=19.36 gate=0x3E switch=0 rc=1 sticks=1 imu=1 serial=1 control=1 yaw_armed=0 pitch_active=0
[DEBUG] armors=1, targets=0
[2026-09-05 23:14:09.159] [info] [PERF] 总耗时=18.1ms (检测=15.7ms, 跟踪=0.0ms), FPS=55.1
[2026-09-05 23:14:09.159] [info] 📊 [CAMERA FPS] 瞬时帧率=55.0fps, 平均帧率=55.7fps, 总帧数=1650, 运行时间=29.6s
[DEBUG] armors=0, targets=0
[DEBUG] armors=0, targets=0
[DEBUG] armors=0, targets=0
[DEBUG] armors=1, targets=1
[DEBUG] armors=1, targets=1
[DEBUG] armors=0, targets=0
[DEBUG] armors=0, targets=0
[DEBUG] armors=1, targets=1
[DEBUG] armors=1, targets=1
[DEBUG] armors=0, targets=0
[2026-09-05 23:14:09.337] [info] [DRYRUN] target=none gimbal_deg=(6.61,0.29) control=true shoot=false
[DEBUG] armors=0, targets=0
[DEBUG] armors=1, targets=1
[DEBUG] armors=1, targets=1
[DEBUG] armors=1, targets=1
[DEBUG] armors=2, targets=1
[DEBUG] armors=2, targets=1
[DEBUG] armors=0, targets=1
[DEBUG] armors=0, targets=1
[DEBUG] armors=1, targets=1
[DEBUG] armors=1, targets=1
[DEBUG] armors=1, targets=1
[DEBUG] armors=1, targets=1
[DEBUG] armors=2, targets=1
[DEBUG] armors=2, targets=1
[DEBUG] armors=1, targets=1
[DEBUG] armors=1, targets=1
[DEBUG] armors=1, targets=1
[DEBUG] armors=2, targets=1
[DEBUG] armors=2, targets=1
[DEBUG] armors=2, targets=1
[2026-09-05 23:14:09.699] [info] [DRYRUN] measured_gimbal=(4.014,0.358,0.060) measured_world=(3.947,0.818,0.039) tracked_world=(3.945,0.905,0.052) target_gimbal_deg=(5.09,0.85) target_world_deg=(11.70,0.56) gimbal_deg=(6.61,0.29) armor_y_px=535.5 pixel_error_deg=(0.81,-0.11) ballistic=(range=4.030m holdover=0.191m comp=2.68deg residual=-2.79deg) q_wxyz=(0.998334,0.000146,0.002530,-0.057652) cmd_deg=(12.87,-4.30) packed_pitch_deg=-4.30 control=true shoot=false
[DEBUG] armors=2, targets=1
[DEBUG] armors=1, targets=1
[DEBUG] armors=0, targets=1
[DEBUG] armors=0, targets=1
[DEBUG] armors=0, targets=1
[DEBUG] armors=0, targets=1
[DEBUG] armors=0, targets=1
[DEBUG] armors=1, targets=1
[DEBUG] armors=0, targets=1
[DEBUG] armors=0, targets=1
[DEBUG] armors=1, targets=1
[DEBUG] armors=0, targets=1
[DEBUG] armors=0, targets=1
[2026-09-05 23:14:09.953] [debug] [Target] r=0.147, l=-0.155
[2026-09-05 23:14:09.953] [debug] [Tracker] Target diverged!
[DEBUG] armors=1, targets=0
[DEBUG] armors=1, targets=1
[DEBUG] armors=0, targets=0
[DEBUG] armors=1, targets=1
[DEBUG] armors=0, targets=0
[DEBUG] armors=0, targets=0
[2026-09-05 23:14:10.044] [info] [SYNC][XUC] mode=0 yaw=-6.61 deg pitch=0.29 deg feeder_rpm=0.00 wheel0_rpm=0 wheel1_rpm=0 wheel_delta=0 projectile_speed=19.36 gate=0x3E switch=0 rc=1 sticks=1 imu=1 serial=1 control=1 yaw_armed=0 pitch_active=0
[DEBUG] armors=0, targets=0
[2026-09-05 23:14:10.059] [info] [DRYRUN] target=none gimbal_deg=(6.61,0.29) control=true shoot=false
[2026-09-05 23:14:10.062] [info] [PERF] 总耗时=17.8ms (检测=15.2ms, 跟踪=0.0ms), FPS=56.3
[2026-09-05 23:14:10.062] [info] 📊 [CAMERA FPS] 瞬时帧率=56.2fps, 平均帧率=55.7fps, 总帧数=1700, 运行时间=30.5s
[DEBUG] armors=1, targets=1
[DEBUG] armors=1, targets=1
[DEBUG] armors=1, targets=1
[DEBUG] armors=1, targets=1
[DEBUG] armors=1, targets=1
[DEBUG] armors=1, targets=1
[DEBUG] armors=0, targets=1
[DEBUG] armors=0, targets=1
[DEBUG] armors=0, targets=1
[DEBUG] armors=0, targets=1
[DEBUG] armors=1, targets=1
[DEBUG] armors=2, targets=1
[DEBUG] armors=2, targets=1
[DEBUG] armors=1, targets=1
[DEBUG] armors=2, targets=1
[DEBUG] armors=1, targets=1
[DEBUG] armors=1, targets=1
[DEBUG] armors=1, targets=1
[DEBUG] armors=0, targets=1
[DEBUG] armors=0, targets=1
[DEBUG] armors=1, targets=1
[DEBUG] armors=0, targets=1
[DEBUG] armors=0, targets=1
[DEBUG] armors=0, targets=1
[DEBUG] armors=1, targets=1
[DEBUG] armors=2, targets=1
[DEBUG] armors=1, targets=1
[DEBUG] armors=1, targets=1
[DEBUG] armors=0, targets=1
[DEBUG] armors=1, targets=1
[DEBUG] armors=0, targets=1
[DEBUG] armors=0, targets=1
[DEBUG] armors=0, targets=1
[DEBUG] armors=0, targets=1
[DEBUG] armors=0, targets=1
[DEBUG] armors=0, targets=1
[DEBUG] armors=0, targets=1
[DEBUG] armors=1, targets=1
[DEBUG] armors=0, targets=1
[DEBUG] armors=0, targets=1
[DEBUG] armors=0, targets=1
[DEBUG] armors=0, targets=1
[DEBUG] armors=0, targets=1
[DEBUG] armors=0, targets=1
[DEBUG] armors=0, targets=1
[DEBUG] armors=0, targets=1
[DEBUG] armors=0, targets=1
[DEBUG] armors=0, targets=1
[DEBUG] armors=0, targets=1
[2026-09-05 23:14:10.927] [warning] [XUC][PITCH] visual loss: control stopped, pitch state retained
[2026-09-05 23:14:10.930] [info] [SYNC][XUC] mode=0 yaw=-6.61 deg pitch=0.29 deg feeder_rpm=0.00 wheel0_rpm=0 wheel1_rpm=0 wheel_delta=0 projectile_speed=19.36 gate=0x3E switch=0 rc=1 sticks=1 imu=1 serial=1 control=1 yaw_armed=0 pitch_active=0
[DEBUG] armors=0, targets=1
[2026-09-05 23:14:10.948] [info] [PERF] 总耗时=17.7ms (检测=15.4ms, 跟踪=0.0ms), FPS=56.4
[2026-09-05 23:14:10.948] [info] 📊 [CAMERA FPS] 瞬时帧率=56.2fps, 平均帧率=55.7fps, 总帧数=1750, 运行时间=31.4s
[DEBUG] armors=1, targets=1
[2026-09-05 23:14:10.963] [info] [XUC][PITCH] measurement reacquired with continuous slew
[DEBUG] armors=0, targets=1
[DEBUG] armors=1, targets=1
[DEBUG] armors=0, targets=1
[DEBUG] armors=1, targets=1
[2026-09-05 23:14:11.051] [debug] [Target] r=0.048, l=0.000
[2026-09-05 23:14:11.051] [debug] [Tracker] Target diverged!
[DEBUG] armors=1, targets=0
[DEBUG] armors=0, targets=0
[DEBUG] armors=0, targets=0
[DEBUG] armors=0, targets=0
[DEBUG] armors=0, targets=0
[2026-09-05 23:14:11.118] [info] [DRYRUN] target=none gimbal_deg=(6.61,0.29) control=true shoot=false
[DEBUG] armors=1, targets=1
[DEBUG] armors=1, targets=1
[DEBUG] armors=1, targets=0
[DEBUG] armors=1, targets=1
[DEBUG] armors=1, targets=1
[DEBUG] armors=1, targets=1
[DEBUG] armors=2, targets=1
[DEBUG] armors=1, targets=0
[DEBUG] armors=1, targets=1
[DEBUG] armors=1, targets=0
[DEBUG] armors=2, targets=1
[DEBUG] armors=2, targets=1
[DEBUG] armors=2, targets=1
[DEBUG] armors=2, targets=1
[2026-09-05 23:14:11.382] [info] [XUC][GYRO] center_follow=true tracker=tracking omega=-2.812rad_s radius=0.253m
[DEBUG] armors=2, targets=1
[DEBUG] armors=1, targets=1
[DEBUG] armors=2, targets=1
[DEBUG] armors=2, targets=1
[DEBUG] armors=0, targets=1
[DEBUG] armors=1, targets=1
[2026-09-05 23:14:11.471] [info] [DRYRUN] measured_gimbal=(4.344,-0.059,0.052) measured_world=(4.322,0.441,0.030) tracked_world=(3.999,0.482,0.037) target_gimbal_deg=(-0.78,0.69) target_world_deg=(5.83,0.40) gimbal_deg=(6.61,0.29) armor_y_px=538.8 pixel_error_deg=(0.68,-0.03) ballistic=(range=4.344m holdover=0.221m comp=2.87deg residual=-2.90deg) q_wxyz=(0.998334,0.000146,0.002530,-0.057652) cmd_deg=(6.32,-4.37) packed_pitch_deg=-4.37 control=true shoot=false
[DEBUG] armors=1, targets=1
[DEBUG] armors=0, targets=1
[DEBUG] armors=0, targets=1
[DEBUG] armors=0, targets=1
[DEBUG] armors=0, targets=1
[DEBUG] armors=0, targets=1
[DEBUG] armors=0, targets=1
[DEBUG] armors=0, targets=1
[DEBUG] armors=0, targets=1
[DEBUG] armors=0, targets=1
[DEBUG] armors=0, targets=1
[2026-09-05 23:14:11.665] [warning] [XUC][PITCH] visual loss: control stopped, pitch state retained
[DEBUG] armors=0, targets=1
[DEBUG] armors=1, targets=1
[2026-09-05 23:14:11.701] [info] [XUC][PITCH] measurement reacquired with continuous slew
[DEBUG] armors=1, targets=0
[DEBUG] armors=1, targets=1
[DEBUG] armors=0, targets=0
[DEBUG] armors=0, targets=0
[DEBUG] armors=1, targets=1
[DEBUG] armors=1, targets=1
[2026-09-05 23:14:11.811] [info] [SYNC][XUC] mode=0 yaw=-6.61 deg pitch=0.29 deg feeder_rpm=0.00 wheel0_rpm=0 wheel1_rpm=0 wheel_delta=0 projectile_speed=19.36 gate=0x3E switch=0 rc=1 sticks=1 imu=1 serial=1 control=1 yaw_armed=0 pitch_active=0
[DEBUG] armors=1, targets=1
[2026-09-05 23:14:11.828] [info] [DRYRUN] measured_gimbal=(3.886,0.223,0.056) measured_world=(3.834,0.669,0.036) tracked_world=(3.868,0.670,0.036) target_gimbal_deg=(3.28,0.82) target_world_deg=(9.89,0.53) gimbal_deg=(6.61,0.29) armor_y_px=538.2 pixel_error_deg=(-2.33,-0.04) ballistic=(range=3.892m holdover=0.179m comp=2.59deg residual=-2.64deg) q_wxyz=(0.998334,0.000146,0.002530,-0.057652) cmd_deg=(7.07,-4.11) packed_pitch_deg=-4.11 control=true shoot=false
[2026-09-05 23:14:11.830] [info] [PERF] 总耗时=18.8ms (检测=16.1ms, 跟踪=0.5ms), FPS=53.1
[2026-09-05 23:14:11.830] [info] 📊 [CAMERA FPS] 瞬时帧率=53.0fps, 平均帧率=55.7fps, 总帧数=1800, 运行时间=32.3s
[DEBUG] armors=0, targets=0
[DEBUG] armors=0, targets=0
[DEBUG] armors=1, targets=1
[DEBUG] armors=0, targets=0
[DEBUG] armors=1, targets=1
[DEBUG] armors=0, targets=0
[DEBUG] armors=0, targets=0
[DEBUG] armors=0, targets=0
[DEBUG] armors=0, targets=0
[DEBUG] armors=0, targets=0
[DEBUG] armors=1, targets=1
[DEBUG] armors=1, targets=1
[DEBUG] armors=1, targets=1
[DEBUG] armors=0, targets=0
[DEBUG] armors=1, targets=1
[DEBUG] armors=2, targets=1
[DEBUG] armors=2, targets=1
[DEBUG] armors=1, targets=1
[DEBUG] armors=1, targets=1
[DEBUG] armors=2, targets=1
[2026-09-05 23:14:12.189] [info] [DRYRUN] measured_gimbal=(3.850,-0.064,0.055) measured_world=(3.832,0.379,0.036) tracked_world=(3.749,0.373,0.035) target_gimbal_deg=(-0.96,0.82) target_world_deg=(5.65,0.53) gimbal_deg=(6.61,0.29) armor_y_px=538.4 pixel_error_deg=(1.88,-0.04) ballistic=(range=3.851m holdover=0.175m comp=2.57deg residual=-2.61deg) q_wxyz=(0.998334,0.000146,0.002530,-0.057652) cmd_deg=(7.10,-3.96) packed_pitch_deg=-3.96 control=true shoot=false
[DEBUG] armors=2, targets=1
[DEBUG] armors=2, targets=1
[DEBUG] armors=2, targets=1
[DEBUG] armors=2, targets=1
[DEBUG] armors=2, targets=1
[DEBUG] armors=1, targets=1
[DEBUG] armors=1, targets=1
[DEBUG] armors=1, targets=1
[DEBUG] armors=1, targets=1
[DEBUG] armors=1, targets=1
[DEBUG] armors=1, targets=1
[DEBUG] armors=1, targets=1
[DEBUG] armors=0, targets=1
[DEBUG] armors=0, targets=1
[DEBUG] armors=0, targets=1
[DEBUG] armors=1, targets=1
[DEBUG] armors=0, targets=1
[DEBUG] armors=0, targets=1
[DEBUG] armors=0, targets=1
[DEBUG] armors=0, targets=1
[DEBUG] armors=1, targets=1
[DEBUG] armors=1, targets=1
[DEBUG] armors=0, targets=1
[DEBUG] armors=1, targets=1
[DEBUG] armors=0, targets=1
[DEBUG] armors=0, targets=1
[DEBUG] armors=0, targets=1
[DEBUG] armors=1, targets=0
[DEBUG] armors=1, targets=1
[2026-09-05 23:14:12.720] [info] [SYNC][XUC] mode=0 yaw=-6.61 deg pitch=0.29 deg feeder_rpm=0.00 wheel0_rpm=0 wheel1_rpm=0 wheel_delta=0 projectile_speed=19.36 gate=0x3E switch=0 rc=1 sticks=1 imu=1 serial=1 control=1 yaw_armed=0 pitch_active=0
[DEBUG] armors=1, targets=1
[2026-09-05 23:14:12.738] [info] [PERF] 总耗时=17.8ms (检测=14.8ms, 跟踪=0.5ms), FPS=56.1
[2026-09-05 23:14:12.738] [info] 📊 [CAMERA FPS] 瞬时帧率=55.9fps, 平均帧率=55.7fps, 总帧数=1850, 运行时间=33.2s
[DEBUG] armors=0, targets=0
[DEBUG] armors=0, targets=0
[DEBUG] armors=0, targets=0
[DEBUG] armors=1, targets=1
[DEBUG] armors=0, targets=0
[DEBUG] armors=0, targets=0
[DEBUG] armors=0, targets=0
[DEBUG] armors=0, targets=0
[DEBUG] armors=1, targets=1
[DEBUG] armors=2, targets=1
[2026-09-05 23:14:12.911] [info] [DRYRUN] measured_gimbal=(3.977,0.336,0.061) measured_world=(3.912,0.791,0.040) tracked_world=(3.974,0.809,0.036) target_gimbal_deg=(4.82,0.87) target_world_deg=(11.43,0.58) gimbal_deg=(6.61,0.29) armor_y_px=536.0 pixel_error_deg=(2.28,-0.10) ballistic=(range=3.991m holdover=0.188m comp=2.65deg residual=-2.75deg) q_wxyz=(0.998334,0.000146,0.002530,-0.057652) cmd_deg=(7.61,-4.24) packed_pitch_deg=-4.24 control=true shoot=false
[DEBUG] armors=1, targets=0
[DEBUG] armors=0, targets=0
[DEBUG] armors=0, targets=0
[DEBUG] armors=2, targets=1
[DEBUG] armors=2, targets=1
[DEBUG] armors=1, targets=1
[DEBUG] armors=1, targets=1
[DEBUG] armors=1, targets=1
[DEBUG] armors=2, targets=1
[DEBUG] armors=2, targets=1
[DEBUG] armors=1, targets=1
[DEBUG] armors=1, targets=1
[DEBUG] armors=1, targets=1
[DEBUG] armors=1, targets=1
[DEBUG] armors=2, targets=1
[DEBUG] armors=2, targets=1
[DEBUG] armors=1, targets=1
[DEBUG] armors=1, targets=1
[DEBUG] armors=1, targets=1
[DEBUG] armors=0, targets=1
[DEBUG] armors=0, targets=1
[DEBUG] armors=0, targets=1
[DEBUG] armors=0, targets=1
[DEBUG] armors=0, targets=1
[DEBUG] armors=0, targets=1
[DEBUG] armors=0, targets=1
[DEBUG] armors=0, targets=1
[DEBUG] armors=0, targets=1
[DEBUG] armors=0, targets=1
[DEBUG] armors=0, targets=1
[2026-09-05 23:14:13.435] [warning] [XUC][PITCH] visual loss: control stopped, pitch state retained
[DEBUG] armors=1, targets=1
[2026-09-05 23:14:13.455] [info] [XUC][PITCH] measurement reacquired with continuous slew
[DEBUG] armors=0, targets=0
[DEBUG] armors=0, targets=0
[DEBUG] armors=0, targets=0
[DEBUG] armors=0, targets=0
[DEBUG] armors=1, targets=1
[DEBUG] armors=1, targets=1
[DEBUG] armors=1, targets=1
[DEBUG] armors=1, targets=1
[2026-09-05 23:14:13.600] [info] [SYNC][XUC] mode=0 yaw=-6.61 deg pitch=0.29 deg feeder_rpm=0.00 wheel0_rpm=0 wheel1_rpm=0 wheel_delta=0 projectile_speed=19.36 gate=0x3E switch=0 rc=1 sticks=1 imu=1 serial=1 control=1 yaw_armed=0 pitch_active=0
[DEBUG] armors=0, targets=0
[2026-09-05 23:14:13.615] [info] [DRYRUN] target=none gimbal_deg=(6.61,0.29) control=true shoot=false
[2026-09-05 23:14:13.617] [info] [PERF] 总耗时=16.6ms (检测=14.1ms, 跟踪=0.0ms), FPS=60.1
[2026-09-05 23:14:13.617] [info] 📊 [CAMERA FPS] 瞬时帧率=60.0fps, 平均帧率=55.7fps, 总帧数=1900, 运行时间=34.1s
[DEBUG] armors=0, targets=0
[DEBUG] armors=1, targets=1
[DEBUG] armors=0, targets=0
[DEBUG] armors=0, targets=0
[DEBUG] armors=1, targets=1
[DEBUG] armors=0, targets=0
[DEBUG] armors=0, targets=0
[DEBUG] armors=1, targets=1
[DEBUG] armors=2, targets=1
[DEBUG] armors=2, targets=1
[DEBUG] armors=2, targets=1
[DEBUG] armors=1, targets=1
[DEBUG] armors=1, targets=1
[DEBUG] armors=1, targets=1
[DEBUG] armors=1, targets=1
[DEBUG] armors=1, targets=1
[DEBUG] armors=1, targets=1
[DEBUG] armors=0, targets=1
[DEBUG] armors=1, targets=1
[DEBUG] armors=0, targets=1
[DEBUG] armors=1, targets=1
[DEBUG] armors=1, targets=1
[DEBUG] armors=1, targets=1
[DEBUG] armors=1, targets=1
[DEBUG] armors=0, targets=1
[DEBUG] armors=0, targets=1
[DEBUG] armors=0, targets=1
[DEBUG] armors=0, targets=1
[DEBUG] armors=0, targets=1
[DEBUG] armors=0, targets=1
[DEBUG] armors=0, targets=1
[DEBUG] armors=0, targets=1
[DEBUG] armors=0, targets=1
[DEBUG] armors=1, targets=1
[DEBUG] armors=0, targets=1
[DEBUG] armors=0, targets=1
[DEBUG] armors=0, targets=1
[DEBUG] armors=0, targets=1
[DEBUG] armors=0, targets=1
[DEBUG] armors=0, targets=0
[2026-09-05 23:14:14.327] [info] [DRYRUN] target=none gimbal_deg=(6.61,0.29) control=true shoot=false
[DEBUG] armors=0, targets=0
[DEBUG] armors=0, targets=0
[DEBUG] armors=0, targets=0
[DEBUG] armors=0, targets=0
[DEBUG] armors=0, targets=0
[2026-09-05 23:14:14.414] [warning] [XUC][PITCH] visual loss: control stopped, pitch state retained
[DEBUG] armors=1, targets=1
[2026-09-05 23:14:14.432] [info] [XUC][PITCH] measurement reacquired with continuous slew
[DEBUG] armors=1, targets=1
[DEBUG] armors=1, targets=1
[DEBUG] armors=1, targets=1
[2026-09-05 23:14:14.489] [info] [SYNC][XUC] mode=0 yaw=-6.61 deg pitch=0.29 deg feeder_rpm=0.00 wheel0_rpm=0 wheel1_rpm=0 wheel_delta=0 projectile_speed=19.36 gate=0x3E switch=0 rc=1 sticks=1 imu=1 serial=1 control=1 yaw_armed=0 pitch_active=0
[DEBUG] armors=1, targets=1
[2026-09-05 23:14:14.506] [info] [PERF] 总耗时=17.6ms (检测=14.5ms, 跟踪=0.5ms), FPS=56.8
[2026-09-05 23:14:14.506] [info] 📊 [CAMERA FPS] 瞬时帧率=56.7fps, 平均帧率=55.7fps, 总帧数=1950, 运行时间=35.0s
[DEBUG] armors=1, targets=1
[DEBUG] armors=1, targets=1
[DEBUG] armors=1, targets=1
[DEBUG] armors=0, targets=1
[DEBUG] armors=0, targets=1
[DEBUG] armors=0, targets=1
[DEBUG] armors=1, targets=1
[DEBUG] armors=1, targets=1
[DEBUG] armors=1, targets=1
[DEBUG] armors=0, targets=1
[DEBUG] armors=1, targets=1
[DEBUG] armors=1, targets=1
[DEBUG] armors=1, targets=1
[DEBUG] armors=2, targets=1
[DEBUG] armors=1, targets=1
[DEBUG] armors=1, targets=1
[DEBUG] armors=1, targets=1
[DEBUG] armors=2, targets=1
[DEBUG] armors=2, targets=1
[DEBUG] armors=1, targets=1
[DEBUG] armors=2, targets=1
[DEBUG] armors=1, targets=1
[DEBUG] armors=2, targets=1
[DEBUG] armors=2, targets=1
[DEBUG] armors=0, targets=0
[DEBUG] armors=1, targets=1
[DEBUG] armors=1, targets=1
[DEBUG] armors=0, targets=0
[DEBUG] armors=1, targets=1
[DEBUG] armors=0, targets=0
[2026-09-05 23:14:15.035] [info] [DRYRUN] target=none gimbal_deg=(6.61,0.29) control=true shoot=false
[DEBUG] armors=0, targets=0
[DEBUG] armors=0, targets=0
[DEBUG] armors=0, targets=0
[DEBUG] armors=1, targets=1
[DEBUG] armors=1, targets=1
[2026-09-05 23:14:15.142] [info] [XUC][GYRO] center_follow=false tracker=lost omega=+0.000rad_s radius=0.000m
[DEBUG] armors=0, targets=0
[DEBUG] armors=0, targets=0
[DEBUG] armors=0, targets=0
[DEBUG] armors=1, targets=1
[2026-09-05 23:14:15.210] [debug] [Target] r=0.109, l=-0.091
[2026-09-05 23:14:15.210] [debug] [Tracker] Target diverged!
[DEBUG] armors=1, targets=0
[DEBUG] armors=1, targets=1
[DEBUG] armors=0, targets=0
[DEBUG] armors=0, targets=0
[DEBUG] armors=0, targets=0
[DEBUG] armors=1, targets=1
[DEBUG] armors=1, targets=1
[DEBUG] armors=0, targets=0
[DEBUG] armors=0, targets=0
[DEBUG] armors=1, targets=1
[2026-09-05 23:14:15.373] [info] [SYNC][XUC] mode=0 yaw=-6.61 deg pitch=0.29 deg feeder_rpm=0.00 wheel0_rpm=0 wheel1_rpm=0 wheel_delta=0 projectile_speed=19.36 gate=0x3E switch=0 rc=1 sticks=1 imu=1 serial=1 control=1 yaw_armed=0 pitch_active=0
[DEBUG] armors=0, targets=0
[2026-09-05 23:14:15.389] [info] [DRYRUN] target=none gimbal_deg=(6.61,0.29) control=true shoot=false
[2026-09-05 23:14:15.392] [info] [PERF] 总耗时=18.4ms (检测=15.8ms, 跟踪=0.0ms), FPS=54.3
[2026-09-05 23:14:15.392] [info] 📊 [CAMERA FPS] 瞬时帧率=54.2fps, 平均帧率=55.8fps, 总帧数=2000, 运行时间=35.9s
[DEBUG] armors=0, targets=0
[DEBUG] armors=0, targets=0
[DEBUG] armors=0, targets=0
[DEBUG] armors=0, targets=0
[DEBUG] armors=0, targets=0
[DEBUG] armors=0, targets=0
[DEBUG] armors=1, targets=1
[DEBUG] armors=1, targets=1
[DEBUG] armors=0, targets=0
[DEBUG] armors=0, targets=0
[DEBUG] armors=2, targets=1
[DEBUG] armors=2, targets=1
[DEBUG] armors=1, targets=1
[DEBUG] armors=1, targets=0
[DEBUG] armors=1, targets=1
[DEBUG] armors=1, targets=0
[DEBUG] armors=3, targets=1
[DEBUG] armors=2, targets=1
[DEBUG] armors=2, targets=1
[2026-09-05 23:14:15.750] [info] [XUC][GYRO] center_follow=true tracker=detecting omega=-1.113rad_s radius=0.256m
[DEBUG] armors=2, targets=1
[2026-09-05 23:14:15.750] [info] [DRYRUN] measured_gimbal=(3.770,-0.032,0.055) measured_world=(3.749,0.403,0.036) tracked_world=(3.699,0.398,0.036) target_gimbal_deg=(-0.48,0.84) target_world_deg=(6.13,0.55) gimbal_deg=(6.61,0.29) armor_y_px=538.4 pixel_error_deg=(1.39,-0.04) ballistic=(range=3.770m holdover=0.169m comp=2.52deg residual=-2.56deg) q_wxyz=(0.998334,0.000146,0.002530,-0.057652) cmd_deg=(5.89,-3.93) packed_pitch_deg=-3.93 control=true shoot=false
[DEBUG] armors=2, targets=1
[DEBUG] armors=1, targets=1
[DEBUG] armors=1, targets=1
[DEBUG] armors=1, targets=1
[DEBUG] armors=1, targets=1
[DEBUG] armors=1, targets=1
[DEBUG] armors=1, targets=1
[DEBUG] armors=1, targets=1
[DEBUG] armors=1, targets=1
[DEBUG] armors=0, targets=1
[DEBUG] armors=0, targets=1
[DEBUG] armors=0, targets=1
[DEBUG] armors=1, targets=1
[DEBUG] armors=1, targets=1
[DEBUG] armors=0, targets=1
[DEBUG] armors=0, targets=1
[DEBUG] armors=1, targets=1
[DEBUG] armors=0, targets=1
[DEBUG] armors=1, targets=1
[DEBUG] armors=0, targets=1
[DEBUG] armors=1, targets=1
[DEBUG] armors=0, targets=1
[DEBUG] armors=0, targets=1
[DEBUG] armors=0, targets=0
[DEBUG] armors=1, targets=1
[DEBUG] armors=1, targets=1
[DEBUG] armors=1, targets=1
[DEBUG] armors=0, targets=0
[DEBUG] armors=1, targets=1
[2026-09-05 23:14:16.274] [info] [SYNC][XUC] mode=0 yaw=-6.61 deg pitch=0.29 deg feeder_rpm=0.00 wheel0_rpm=0 wheel1_rpm=0 wheel_delta=0 projectile_speed=19.36 gate=0x3E switch=0 rc=1 sticks=1 imu=1 serial=1 control=1 yaw_armed=0 pitch_active=0
[DEBUG] armors=0, targets=0
[2026-09-05 23:14:16.292] [info] [PERF] 总耗时=18.3ms (检测=15.4ms, 跟踪=0.0ms), FPS=54.7
[2026-09-05 23:14:16.292] [info] 📊 [CAMERA FPS] 瞬时帧率=54.6fps, 平均帧率=55.8fps, 总帧数=2050, 运行时间=36.8s
[DEBUG] armors=1, targets=1
[DEBUG] armors=0, targets=0
[DEBUG] armors=0, targets=0
[DEBUG] armors=0, targets=0
[DEBUG] armors=1, targets=1
[DEBUG] armors=1, targets=1
[DEBUG] armors=2, targets=1
[DEBUG] armors=2, targets=1
[DEBUG] armors=0, targets=0
[DEBUG] armors=2, targets=1
[2026-09-05 23:14:16.473] [info] [DRYRUN] measured_gimbal=(4.033,0.346,0.058) measured_world=(3.967,0.808,0.037) tracked_world=(3.727,0.357,0.040) target_gimbal_deg=(4.91,0.82) target_world_deg=(11.52,0.53) gimbal_deg=(6.61,0.29) armor_y_px=536.1 pixel_error_deg=(-4.38,-0.10) ballistic=(range=4.048m holdover=0.193m comp=2.69deg residual=-2.78deg) q_wxyz=(0.998334,0.000146,0.002530,-0.057652) cmd_deg=(7.56,-4.27) packed_pitch_deg=-4.27 control=true shoot=false
[DEBUG] armors=2, targets=1
[DEBUG] armors=2, targets=1
[DEBUG] armors=1, targets=1
[DEBUG] armors=2, targets=1
[DEBUG] armors=1, targets=1
[DEBUG] armors=2, targets=1
[DEBUG] armors=2, targets=1
[DEBUG] armors=0, targets=1
[DEBUG] armors=1, targets=1
[DEBUG] armors=1, targets=1
[DEBUG] armors=2, targets=1
[DEBUG] armors=2, targets=1
[DEBUG] armors=1, targets=1
[DEBUG] armors=1, targets=1
[DEBUG] armors=1, targets=1
[DEBUG] armors=0, targets=1
[DEBUG] armors=0, targets=1
[DEBUG] armors=0, targets=1
[DEBUG] armors=0, targets=1
[DEBUG] armors=0, targets=1
[DEBUG] armors=0, targets=1
[DEBUG] armors=0, targets=1
[DEBUG] armors=1, targets=1
[DEBUG] armors=0, targets=1
[DEBUG] armors=0, targets=1
[DEBUG] armors=0, targets=1
[DEBUG] armors=1, targets=1
[DEBUG] armors=1, targets=0
[DEBUG] armors=1, targets=1
[DEBUG] armors=0, targets=0
[DEBUG] armors=0, targets=0
[DEBUG] armors=0, targets=0
[DEBUG] armors=1, targets=1
[DEBUG] armors=1, targets=1
[DEBUG] armors=1, targets=1
[DEBUG] armors=0, targets=0
[DEBUG] armors=0, targets=0
[DEBUG] armors=0, targets=0
[DEBUG] armors=0, targets=0
[2026-09-05 23:14:17.163] [info] [SYNC][XUC] mode=0 yaw=-6.61 deg pitch=0.29 deg feeder_rpm=0.00 wheel0_rpm=0 wheel1_rpm=0 wheel_delta=0 projectile_speed=19.36 gate=0x3E switch=0 rc=1 sticks=1 imu=1 serial=1 control=1 yaw_armed=0 pitch_active=0
[DEBUG] armors=1, targets=1
[2026-09-05 23:14:17.179] [info] [DRYRUN] measured_gimbal=(4.175,0.294,0.062) measured_world=(4.114,0.772,0.040) tracked_world=(4.114,0.772,0.040) target_gimbal_deg=(4.02,0.84) target_world_deg=(10.63,0.55) gimbal_deg=(6.61,0.29) armor_y_px=534.6 pixel_error_deg=(-3.04,-0.13) ballistic=(range=4.186m holdover=0.206m comp=2.77deg residual=-2.90deg) q_wxyz=(0.998334,0.000146,0.002530,-0.057652) cmd_deg=(8.06,-4.39) packed_pitch_deg=-4.39 control=true shoot=false
[2026-09-05 23:14:17.181] [info] [PERF] 总耗时=17.9ms (检测=14.8ms, 跟踪=0.5ms), FPS=55.8
[2026-09-05 23:14:17.181] [info] 📊 [CAMERA FPS] 瞬时帧率=55.6fps, 平均帧率=55.8fps, 总帧数=2100, 运行时间=37.7s
[DEBUG] armors=1, targets=1
[DEBUG] armors=0, targets=0
[DEBUG] armors=0, targets=0
[DEBUG] armors=1, targets=1
[DEBUG] armors=2, targets=1
[DEBUG] armors=2, targets=1
[DEBUG] armors=1, targets=0
[DEBUG] armors=2, targets=1
[DEBUG] armors=1, targets=1
[DEBUG] armors=1, targets=1
[DEBUG] armors=1, targets=1
[DEBUG] armors=1, targets=0
[DEBUG] armors=0, targets=0
[DEBUG] armors=1, targets=1
[DEBUG] armors=0, targets=0
[DEBUG] armors=1, targets=1
[DEBUG] armors=1, targets=0
[DEBUG] armors=1, targets=1
[DEBUG] armors=1, targets=1
[DEBUG] armors=1, targets=1
[2026-09-05 23:14:17.536] [info] [DRYRUN] measured_gimbal=(3.698,0.395,0.065) measured_world=(3.628,0.818,0.046) tracked_world=(3.666,0.825,0.046) target_gimbal_deg=(6.09,1.00) target_world_deg=(12.70,0.71) gimbal_deg=(6.61,0.29) armor_y_px=532.4 pixel_error_deg=(-5.19,-0.19) ballistic=(range=3.719m holdover=0.164m comp=2.49deg residual=-2.68deg) q_wxyz=(0.998334,0.000146,0.002530,-0.057652) cmd_deg=(8.06,-4.18) packed_pitch_deg=-4.18 control=true shoot=false
[2026-09-05 23:14:17.554] [info] [XUC][GYRO] center_follow=false tracker=detecting omega=-0.686rad_s radius=0.205m
[DEBUG] armors=1, targets=1
[DEBUG] armors=0, targets=0
[DEBUG] armors=0, targets=0
[DEBUG] armors=0, targets=0
[DEBUG] armors=2, targets=1
[DEBUG] armors=0, targets=0
[DEBUG] armors=0, targets=0
[DEBUG] armors=0, targets=0
[DEBUG] armors=0, targets=0
[DEBUG] armors=0, targets=0
[DEBUG] armors=0, targets=0
[DEBUG] armors=0, targets=0
[DEBUG] armors=0, targets=0
[DEBUG] armors=0, targets=0
[DEBUG] armors=0, targets=0
[DEBUG] armors=0, targets=0
[2026-09-05 23:14:17.812] [warning] [XUC][PITCH] visual loss: control stopped, pitch state retained
[DEBUG] armors=0, targets=0
[DEBUG] armors=0, targets=0
[DEBUG] armors=1, targets=1
[2026-09-05 23:14:17.866] [info] [XUC][PITCH] measurement reacquired with continuous slew
[DEBUG] armors=1, targets=1
[2026-09-05 23:14:17.884] [info] [DRYRUN] measured_gimbal=(3.987,0.188,0.066) measured_world=(3.939,0.646,0.045) tracked_world=(3.996,0.656,0.046) target_gimbal_deg=(2.70,0.94) target_world_deg=(9.31,0.65) gimbal_deg=(6.61,0.29) armor_y_px=532.2 pixel_error_deg=(-1.74,-0.19) ballistic=(range=3.992m holdover=0.188m comp=2.65deg residual=-2.84deg) q_wxyz=(0.998334,0.000146,0.002530,-0.057652) cmd_deg=(8.76,-4.38) packed_pitch_deg=-4.38 control=true shoot=false
[DEBUG] armors=0, targets=0
[DEBUG] armors=0, targets=0
[DEBUG] armors=1, targets=1
[DEBUG] armors=1, targets=1
[DEBUG] armors=1, targets=1
[DEBUG] armors=0, targets=0
[DEBUG] armors=1, targets=1
[DEBUG] armors=1, targets=1
[DEBUG] armors=0, targets=0
[2026-09-05 23:14:18.048] [info] [SYNC][XUC] mode=0 yaw=-6.61 deg pitch=0.29 deg feeder_rpm=0.00 wheel0_rpm=0 wheel1_rpm=0 wheel_delta=0 projectile_speed=19.36 gate=0x3E switch=0 rc=1 sticks=1 imu=1 serial=1 control=1 yaw_armed=0 pitch_active=0
[DEBUG] armors=0, targets=0
[2026-09-05 23:14:18.066] [info] [PERF] 总耗时=17.9ms (检测=15.2ms, 跟踪=0.0ms), FPS=55.9
[2026-09-05 23:14:18.066] [info] 📊 [CAMERA FPS] 瞬时帧率=55.7fps, 平均帧率=55.8fps, 总帧数=2150, 运行时间=38.5s
[DEBUG] armors=0, targets=0
[DEBUG] armors=0, targets=0
[DEBUG] armors=1, targets=1
[DEBUG] armors=1, targets=0
[DEBUG] armors=1, targets=1
[DEBUG] armors=1, targets=1
[DEBUG] armors=1, targets=0
[DEBUG] armors=1, targets=1
[DEBUG] armors=1, targets=1
[DEBUG] armors=1, targets=1
[2026-09-05 23:14:18.247] [info] [DRYRUN] measured_gimbal=(3.714,-0.081,0.054) measured_world=(3.699,0.347,0.035) tracked_world=(3.744,0.349,0.036) target_gimbal_deg=(-1.25,0.83) target_world_deg=(5.36,0.54) gimbal_deg=(6.61,0.29) armor_y_px=539.5 pixel_error_deg=(2.16,-0.01) ballistic=(range=3.715m holdover=0.164m comp=2.49deg residual=-2.50deg) q_wxyz=(0.998334,0.000146,0.002530,-0.057652) cmd_deg=(5.59,-3.94) packed_pitch_deg=-3.94 control=true shoot=false
[DEBUG] armors=1, targets=0
[DEBUG] armors=1, targets=1
[DEBUG] armors=1, targets=0
[DEBUG] armors=2, targets=1
[DEBUG] armors=2, targets=1
[DEBUG] armors=1, targets=0
[DEBUG] armors=2, targets=1
[DEBUG] armors=2, targets=1
[DEBUG] armors=1, targets=0
[DEBUG] armors=2, targets=1
[DEBUG] armors=1, targets=1
[DEBUG] armors=1, targets=0
[DEBUG] armors=1, targets=1
[DEBUG] armors=0, targets=0
[DEBUG] armors=1, targets=1
[DEBUG] armors=0, targets=0
[DEBUG] armors=0, targets=0
[DEBUG] armors=0, targets=0
[DEBUG] armors=0, targets=0
[DEBUG] armors=0, targets=0
[2026-09-05 23:14:18.612] [info] [DRYRUN] target=none gimbal_deg=(6.61,0.29) control=true shoot=false
[DEBUG] armors=0, targets=0
[DEBUG] armors=0, targets=0
[DEBUG] armors=0, targets=0
[DEBUG] armors=0, targets=0
[DEBUG] armors=1, targets=1
[DEBUG] armors=1, targets=1
[DEBUG] armors=0, targets=0
[DEBUG] armors=1, targets=1
[DEBUG] armors=0, targets=0
[DEBUG] armors=1, targets=1
[DEBUG] armors=1, targets=1
[DEBUG] armors=1, targets=1
[DEBUG] armors=1, targets=1
[DEBUG] armors=0, targets=0
[DEBUG] armors=0, targets=0
[DEBUG] armors=0, targets=0
[DEBUG] armors=0, targets=0
[DEBUG] armors=0, targets=0
[DEBUG] armors=0, targets=0
[2026-09-05 23:14:18.956] [info] [SYNC][XUC] mode=0 yaw=-6.61 deg pitch=0.29 deg feeder_rpm=0.00 wheel0_rpm=0 wheel1_rpm=0 wheel_delta=0 projectile_speed=19.36 gate=0x3E switch=0 rc=1 sticks=1 imu=1 serial=1 control=1 yaw_armed=0 pitch_active=0
[DEBUG] armors=0, targets=0
[2026-09-05 23:14:18.971] [info] [DRYRUN] target=none gimbal_deg=(6.61,0.29) control=true shoot=false
[2026-09-05 23:14:18.974] [info] [PERF] 总耗时=18.0ms (检测=14.6ms, 跟踪=0.0ms), FPS=55.5
[2026-09-05 23:14:18.974] [info] 📊 [CAMERA FPS] 瞬时帧率=55.3fps, 平均帧率=55.8fps, 总帧数=2200, 运行时间=39.4s
[DEBUG] armors=0, targets=0
[DEBUG] armors=1, targets=1
[DEBUG] armors=1, targets=1
[DEBUG] armors=0, targets=0
[DEBUG] armors=1, targets=1
[DEBUG] armors=2, targets=1
[DEBUG] armors=2, targets=1
[DEBUG] armors=2, targets=1
[DEBUG] armors=0, targets=0
[DEBUG] armors=1, targets=1
[DEBUG] armors=1, targets=0
[DEBUG] armors=2, targets=1
[DEBUG] armors=2, targets=1
[DEBUG] armors=2, targets=0
[DEBUG] armors=2, targets=1
[DEBUG] armors=1, targets=1
[DEBUG] armors=2, targets=1
[DEBUG] armors=1, targets=1
[DEBUG] armors=1, targets=0
[DEBUG] armors=1, targets=1
[2026-09-05 23:14:19.333] [info] [DRYRUN] measured_gimbal=(3.728,0.006,0.056) measured_world=(3.703,0.436,0.037) tracked_world=(3.703,0.436,0.037) target_gimbal_deg=(0.10,0.86) target_world_deg=(6.71,0.57) gimbal_deg=(6.61,0.29) armor_y_px=537.9 pixel_error_deg=(0.80,-0.05) ballistic=(range=3.728m holdover=0.165m comp=2.50deg residual=-2.55deg) q_wxyz=(0.998334,0.000146,0.002530,-0.057652) cmd_deg=(7.72,-3.92) packed_pitch_deg=-3.92 control=true shoot=false
[DEBUG] armors=1, targets=1
[DEBUG] armors=1, targets=0
[DEBUG] armors=1, targets=1
[DEBUG] armors=1, targets=0
[DEBUG] armors=0, targets=0
[DEBUG] armors=0, targets=0
[DEBUG] armors=1, targets=1
[DEBUG] armors=1, targets=1
[DEBUG] armors=0, targets=0
[DEBUG] armors=0, targets=0
[DEBUG] armors=0, targets=0
[DEBUG] armors=0, targets=0
[DEBUG] armors=0, targets=0
[DEBUG] armors=0, targets=0
[DEBUG] armors=0, targets=0
[DEBUG] armors=1, targets=1
[DEBUG] armors=0, targets=0
[DEBUG] armors=0, targets=0
[DEBUG] armors=0, targets=0
[DEBUG] armors=1, targets=1
[2026-09-05 23:14:19.694] [info] [DRYRUN] measured_gimbal=(4.123,0.227,0.057) measured_world=(4.070,0.700,0.036) tracked_world=(4.070,0.700,0.036) target_gimbal_deg=(3.15,0.79) target_world_deg=(9.76,0.50) gimbal_deg=(6.61,0.29) armor_y_px=537.1 pixel_error_deg=(-2.17,-0.07) ballistic=(range=4.129m holdover=0.200m comp=2.74deg residual=-2.81deg) q_wxyz=(0.998334,0.000146,0.002530,-0.057652) cmd_deg=(7.73,-4.27) packed_pitch_deg=-4.27 control=true shoot=false
[DEBUG] armors=1, targets=1
[DEBUG] armors=1, targets=1
[DEBUG] armors=0, targets=0
[DEBUG] armors=1, targets=1
[DEBUG] armors=1, targets=1
[DEBUG] armors=1, targets=1
[DEBUG] armors=1, targets=1
[DEBUG] armors=0, targets=0
[DEBUG] armors=0, targets=0
[2026-09-05 23:14:19.858] [info] [SYNC][XUC] mode=0 yaw=-6.61 deg pitch=0.29 deg feeder_rpm=0.00 wheel0_rpm=0 wheel1_rpm=0 wheel_delta=0 projectile_speed=19.36 gate=0x3E switch=0 rc=1 sticks=1 imu=1 serial=1 control=1 yaw_armed=0 pitch_active=0
[DEBUG] armors=1, targets=1
[2026-09-05 23:14:19.876] [info] [PERF] 总耗时=17.9ms (检测=14.6ms, 跟踪=0.4ms), FPS=55.8
[2026-09-05 23:14:19.876] [info] 📊 [CAMERA FPS] 瞬时帧率=55.7fps, 平均帧率=55.8fps, 总帧数=2250, 运行时间=40.3s
[DEBUG] armors=0, targets=0
[DEBUG] armors=2, targets=1
[DEBUG] armors=2, targets=1
[DEBUG] armors=2, targets=1
[DEBUG] armors=0, targets=0
[DEBUG] armors=1, targets=1
[DEBUG] armors=1, targets=0
[DEBUG] armors=1, targets=1
[DEBUG] armors=1, targets=1
[DEBUG] armors=1, targets=1
[2026-09-05 23:14:20.053] [info] [DRYRUN] measured_gimbal=(3.687,-0.045,0.060) measured_world=(3.668,0.379,0.041) tracked_world=(3.682,0.379,0.041) target_gimbal_deg=(-0.71,0.93) target_world_deg=(5.90,0.64) gimbal_deg=(6.61,0.29) armor_y_px=535.7 pixel_error_deg=(1.60,-0.10) ballistic=(range=3.688m holdover=0.162m comp=2.47deg residual=-2.58deg) q_wxyz=(0.998334,0.000146,0.002530,-0.057652) cmd_deg=(5.03,-4.02) packed_pitch_deg=-4.02 control=true shoot=false
[DEBUG] armors=1, targets=1
[DEBUG] armors=2, targets=1
[2026-09-05 23:14:20.108] [info] [XUC][GYRO] center_follow=true tracker=tracking omega=-1.308rad_s radius=0.258m
[DEBUG] armors=1, targets=1
[DEBUG] armors=1, targets=1
[DEBUG] armors=1, targets=1
[DEBUG] armors=2, targets=1
[DEBUG] armors=2, targets=1
[DEBUG] armors=1, targets=1
[DEBUG] armors=1, targets=1
[DEBUG] armors=0, targets=1
[DEBUG] armors=1, targets=1
[DEBUG] armors=0, targets=1
[DEBUG] armors=0, targets=1
[DEBUG] armors=0, targets=1
[DEBUG] armors=0, targets=1
[DEBUG] armors=1, targets=1
[DEBUG] armors=0, targets=1
[DEBUG] armors=0, targets=1
[DEBUG] armors=0, targets=1
[DEBUG] armors=0, targets=1
[DEBUG] armors=1, targets=1
[DEBUG] armors=1, targets=1
[DEBUG] armors=0, targets=1
[DEBUG] armors=1, targets=0
[DEBUG] armors=0, targets=0
[DEBUG] armors=0, targets=0
[DEBUG] armors=1, targets=1
[DEBUG] armors=1, targets=1
[DEBUG] armors=1, targets=1
[DEBUG] armors=1, targets=1
[DEBUG] armors=1, targets=1
[DEBUG] armors=0, targets=1
[DEBUG] armors=1, targets=1
[DEBUG] armors=0, targets=1
[DEBUG] armors=0, targets=1
[DEBUG] armors=1, targets=1
[DEBUG] armors=0, targets=1
[DEBUG] armors=0, targets=1
[DEBUG] armors=1, targets=1
[2026-09-05 23:14:20.755] [info] [SYNC][XUC] mode=0 yaw=-6.61 deg pitch=0.29 deg feeder_rpm=0.00 wheel0_rpm=0 wheel1_rpm=0 wheel_delta=0 projectile_speed=19.36 gate=0x3E switch=0 rc=1 sticks=1 imu=1 serial=1 control=1 yaw_armed=0 pitch_active=0
[DEBUG] armors=2, targets=1
[2026-09-05 23:14:20.771] [info] [DRYRUN] measured_gimbal=(3.908,0.256,0.064) measured_world=(3.852,0.704,0.044) tracked_world=(3.879,0.764,0.049) target_gimbal_deg=(3.75,0.94) target_world_deg=(10.36,0.65) gimbal_deg=(6.61,0.29) armor_y_px=533.3 pixel_error_deg=(2.64,-0.16) ballistic=(range=3.916m holdover=0.181m comp=2.61deg residual=-2.77deg) q_wxyz=(0.998334,0.000146,0.002530,-0.057652) cmd_deg=(8.20,-4.28) packed_pitch_deg=-4.28 control=true shoot=false
[2026-09-05 23:14:20.773] [info] [PERF] 总耗时=18.2ms (检测=15.8ms, 跟踪=0.0ms), FPS=54.9
[2026-09-05 23:14:20.773] [info] 📊 [CAMERA FPS] 瞬时帧率=54.7fps, 平均帧率=55.8fps, 总帧数=2300, 运行时间=41.2s
[DEBUG] armors=3, targets=1
[DEBUG] armors=1, targets=1
[DEBUG] armors=1, targets=1
[DEBUG] armors=2, targets=1
[DEBUG] armors=1, targets=1
[DEBUG] armors=1, targets=1
[DEBUG] armors=1, targets=1
[DEBUG] armors=2, targets=1
[DEBUG] armors=1, targets=1
[DEBUG] armors=1, targets=1
[DEBUG] armors=1, targets=1
[DEBUG] armors=1, targets=1
[DEBUG] armors=2, targets=1
[DEBUG] armors=1, targets=1
[DEBUG] armors=1, targets=1
[DEBUG] armors=0, targets=1
[2026-09-05 23:14:21.078] [info] [XUC][GYRO] center_follow=false tracker=tracking omega=+0.193rad_s radius=0.295m
[DEBUG] armors=1, targets=1
[DEBUG] armors=0, targets=1
[DEBUG] armors=0, targets=1
[DEBUG] armors=0, targets=1
[DEBUG] armors=0, targets=1
[DEBUG] armors=0, targets=1
[DEBUG] armors=0, targets=1
[DEBUG] armors=0, targets=1
[DEBUG] armors=1, targets=1
[DEBUG] armors=0, targets=1
[DEBUG] armors=0, targets=1
[DEBUG] armors=0, targets=1
[DEBUG] armors=0, targets=1
[DEBUG] armors=0, targets=1
[DEBUG] armors=0, targets=1
[DEBUG] armors=0, targets=1
[DEBUG] armors=0, targets=1
[DEBUG] armors=0, targets=1
[DEBUG] armors=0, targets=1
[2026-09-05 23:14:21.409] [warning] [XUC][PITCH] visual loss: control stopped, pitch state retained
[DEBUG] armors=1, targets=1
[2026-09-05 23:14:21.427] [info] [XUC][PITCH] measurement reacquired with continuous slew
[DEBUG] armors=1, targets=1
[DEBUG] armors=1, targets=1
[DEBUG] armors=1, targets=1
[DEBUG] armors=0, targets=1
[DEBUG] armors=1, targets=1
[DEBUG] armors=1, targets=1
[DEBUG] armors=0, targets=1
[DEBUG] armors=0, targets=1
[DEBUG] armors=0, targets=1
[DEBUG] armors=0, targets=1
[DEBUG] armors=0, targets=1
[DEBUG] armors=1, targets=1
[DEBUG] armors=1, targets=1
[2026-09-05 23:14:21.661] [info] [SYNC][XUC] mode=0 yaw=-6.61 deg pitch=0.29 deg feeder_rpm=0.00 wheel0_rpm=0 wheel1_rpm=0 wheel_delta=0 projectile_speed=19.36 gate=0x3E switch=0 rc=1 sticks=1 imu=1 serial=1 control=1 yaw_armed=0 pitch_active=0
[DEBUG] armors=1, targets=1
[2026-09-05 23:14:21.679] [info] [PERF] 总耗时=17.8ms (检测=15.1ms, 跟踪=0.0ms), FPS=56.1
[2026-09-05 23:14:21.679] [info] 📊 [CAMERA FPS] 瞬时帧率=56.0fps, 平均帧率=55.8fps, 总帧数=2350, 运行时间=42.2s
[DEBUG] armors=1, targets=1
[DEBUG] armors=1, targets=1
[DEBUG] armors=2, targets=1
[DEBUG] armors=0, targets=1
[DEBUG] armors=1, targets=1
[DEBUG] armors=1, targets=1
[DEBUG] armors=2, targets=1
[DEBUG] armors=2, targets=1
[DEBUG] armors=2, targets=1
[DEBUG] armors=1, targets=1
[2026-09-05 23:14:21.854] [info] [DRYRUN] measured_gimbal=(3.908,0.256,0.064) measured_world=(3.852,0.704,0.044) tracked_world=(4.105,0.840,0.047) target_gimbal_deg=(3.75,0.94) target_world_deg=(10.36,0.65) gimbal_deg=(6.61,0.29) armor_y_px=530.7 pixel_error_deg=(-5.26,-0.23) ballistic=(range=3.916m holdover=0.181m comp=2.61deg residual=-2.84deg) q_wxyz=(0.998334,0.000146,0.002530,-0.057652) cmd_deg=(8.07,-4.37) packed_pitch_deg=-4.37 control=true shoot=false
[DEBUG] armors=2, targets=1
[DEBUG] armors=1, targets=1
[DEBUG] armors=2, targets=1
[DEBUG] armors=2, targets=1
[DEBUG] armors=2, targets=0
[DEBUG] armors=1, targets=1
[DEBUG] armors=1, targets=0
[DEBUG] armors=0, targets=0
[DEBUG] armors=1, targets=1
[DEBUG] armors=0, targets=0
[DEBUG] armors=0, targets=0
[DEBUG] armors=0, targets=0
[DEBUG] armors=0, targets=0
[DEBUG] armors=0, targets=0
[DEBUG] armors=1, targets=1
[DEBUG] armors=0, targets=0
[DEBUG] armors=0, targets=0
[DEBUG] armors=0, targets=0
[DEBUG] armors=1, targets=1
[DEBUG] armors=0, targets=0
[2026-09-05 23:14:22.211] [info] [DRYRUN] target=none gimbal_deg=(6.61,0.29) control=true shoot=false
[DEBUG] armors=1, targets=1
[DEBUG] armors=0, targets=0
[DEBUG] armors=1, targets=1
[DEBUG] armors=1, targets=1
[DEBUG] armors=1, targets=1
[DEBUG] armors=1, targets=1
[DEBUG] armors=1, targets=1
[DEBUG] armors=1, targets=1
[DEBUG] armors=1, targets=1
[DEBUG] armors=0, targets=1
[DEBUG] armors=0, targets=1
[DEBUG] armors=0, targets=1
[DEBUG] armors=0, targets=1
[DEBUG] armors=0, targets=1
[DEBUG] armors=0, targets=1
[DEBUG] armors=1, targets=1
[DEBUG] armors=1, targets=1
[DEBUG] armors=1, targets=1
[DEBUG] armors=0, targets=1
[2026-09-05 23:14:22.563] [info] [SYNC][XUC] mode=0 yaw=-6.61 deg pitch=0.29 deg feeder_rpm=0.00 wheel0_rpm=0 wheel1_rpm=0 wheel_delta=0 projectile_speed=19.36 gate=0x3E switch=0 rc=1 sticks=1 imu=1 serial=1 control=1 yaw_armed=0 pitch_active=0
[DEBUG] armors=1, targets=1
[2026-09-05 23:14:22.580] [info] [DRYRUN] measured_gimbal=(4.117,0.372,0.058) measured_world=(4.047,0.843,0.037) tracked_world=(3.954,0.842,0.037) target_gimbal_deg=(5.16,0.81) target_world_deg=(11.77,0.52) gimbal_deg=(6.61,0.29) armor_y_px=537.1 pixel_error_deg=(-4.34,-0.07) ballistic=(range=4.134m holdover=0.201m comp=2.74deg residual=-2.81deg) q_wxyz=(0.998334,0.000146,0.002530,-0.057652) cmd_deg=(12.61,-4.29) packed_pitch_deg=-4.29 control=true shoot=false
[2026-09-05 23:14:22.582] [info] [PERF] 总耗时=18.7ms (检测=16.2ms, 跟踪=0.0ms), FPS=53.6
[2026-09-05 23:14:22.582] [info] 📊 [CAMERA FPS] 瞬时帧率=53.5fps, 平均帧率=55.7fps, 总帧数=2400, 运行时间=43.1s
[DEBUG] armors=1, targets=1
[DEBUG] armors=1, targets=1
[DEBUG] armors=2, targets=1
[DEBUG] armors=1, targets=1
[DEBUG] armors=1, targets=1
[DEBUG] armors=1, targets=1
[DEBUG] armors=1, targets=1
[DEBUG] armors=1, targets=1
[DEBUG] armors=2, targets=1
[DEBUG] armors=2, targets=1
[DEBUG] armors=2, targets=1
[DEBUG] armors=1, targets=1
[DEBUG] armors=1, targets=1
[DEBUG] armors=0, targets=0
[DEBUG] armors=1, targets=1
[DEBUG] armors=1, targets=0
[DEBUG] armors=1, targets=1
[DEBUG] armors=1, targets=0
[DEBUG] armors=1, targets=1
[DEBUG] armors=0, targets=0
[2026-09-05 23:14:22.943] [info] [DRYRUN] target=none gimbal_deg=(6.61,0.29) control=true shoot=false
[DEBUG] armors=0, targets=0
[DEBUG] armors=1, targets=1
[DEBUG] armors=0, targets=0
[DEBUG] armors=0, targets=0
[DEBUG] armors=0, targets=0
[DEBUG] armors=0, targets=0
[DEBUG] armors=0, targets=0
[DEBUG] armors=1, targets=1
[DEBUG] armors=0, targets=0
[DEBUG] armors=1, targets=1
[DEBUG] armors=1, targets=1
[DEBUG] armors=0, targets=0
[DEBUG] armors=0, targets=0
[DEBUG] armors=1, targets=1
[DEBUG] armors=1, targets=1
[DEBUG] armors=1, targets=1
[DEBUG] armors=0, targets=0
[DEBUG] armors=1, targets=1
[DEBUG] armors=1, targets=1
[DEBUG] armors=0, targets=0
[2026-09-05 23:14:23.300] [info] [DRYRUN] target=none gimbal_deg=(6.61,0.29) control=true shoot=false
[DEBUG] armors=1, targets=1
[DEBUG] armors=0, targets=0
[DEBUG] armors=1, targets=1
[DEBUG] armors=0, targets=0
[DEBUG] armors=1, targets=1
[DEBUG] armors=2, targets=1
[DEBUG] armors=2, targets=1
[DEBUG] armors=1, targets=0
[DEBUG] armors=1, targets=1
[2026-09-05 23:14:23.464] [info] [SYNC][XUC] mode=0 yaw=-6.61 deg pitch=0.29 deg feeder_rpm=-4.00 wheel0_rpm=0 wheel1_rpm=0 wheel_delta=0 projectile_speed=19.36 gate=0x3E switch=0 rc=1 sticks=1 imu=1 serial=1 control=1 yaw_armed=0 pitch_active=0
[DEBUG] armors=1, targets=1
[2026-09-05 23:14:23.481] [info] [PERF] 总耗时=17.5ms (检测=14.5ms, 跟踪=0.5ms), FPS=57.3
[2026-09-05 23:14:23.481] [info] 📊 [CAMERA FPS] 瞬时帧率=57.0fps, 平均帧率=55.7fps, 总帧数=2450, 运行时间=44.0s
[DEBUG] armors=2, targets=1
[DEBUG] armors=2, targets=1
[2026-09-05 23:14:23.534] [info] [XUC][GYRO] center_follow=true tracker=tracking omega=-1.082rad_s radius=0.260m
[DEBUG] armors=1, targets=1
[DEBUG] armors=1, targets=1
[DEBUG] armors=2, targets=1
[DEBUG] armors=2, targets=1
[DEBUG] armors=1, targets=1
[DEBUG] armors=1, targets=1
[DEBUG] armors=2, targets=1
[DEBUG] armors=2, targets=1
[2026-09-05 23:14:23.664] [info] [DRYRUN] measured_gimbal=(3.646,-0.031,0.060) measured_world=(3.626,0.389,0.041) tracked_world=(3.607,0.410,0.041) target_gimbal_deg=(-0.49,0.94) target_world_deg=(6.12,0.65) gimbal_deg=(6.61,0.29) armor_y_px=535.4 pixel_error_deg=(0.95,-0.11) ballistic=(range=3.646m holdover=0.158m comp=2.45deg residual=-2.56deg) q_wxyz=(0.998334,0.000146,0.002530,-0.057652) cmd_deg=(7.58,-3.92) packed_pitch_deg=-3.92 control=true shoot=false
[DEBUG] armors=2, targets=1
[DEBUG] armors=2, targets=1
[DEBUG] armors=1, targets=1
[DEBUG] armors=0, targets=1
[DEBUG] armors=0, targets=1
[DEBUG] armors=0, targets=1
[DEBUG] armors=0, targets=1
[DEBUG] armors=0, targets=1
[DEBUG] armors=0, targets=1
[DEBUG] armors=0, targets=1
[DEBUG] armors=0, targets=1
[DEBUG] armors=0, targets=1
[DEBUG] armors=0, targets=1
[DEBUG] armors=0, targets=1
[2026-09-05 23:14:23.914] [warning] [XUC][PITCH] visual loss: control stopped, pitch state retained
[DEBUG] armors=1, targets=1
[2026-09-05 23:14:23.934] [info] [XUC][PITCH] measurement reacquired with continuous slew
[DEBUG] armors=1, targets=1
[DEBUG] armors=1, targets=1
[DEBUG] armors=1, targets=0
[DEBUG] armors=1, targets=1
[DEBUG] armors=0, targets=0
[2026-09-05 23:14:24.021] [info] [DRYRUN] target=none gimbal_deg=(6.61,0.29) control=true shoot=false
[DEBUG] armors=0, targets=0
[DEBUG] armors=1, targets=1
[DEBUG] armors=1, targets=1
[DEBUG] armors=1, targets=1
[DEBUG] armors=0, targets=0
[DEBUG] armors=0, targets=0
[DEBUG] armors=1, targets=1
[DEBUG] armors=1, targets=1
[DEBUG] armors=0, targets=0
[DEBUG] armors=1, targets=1
[DEBUG] armors=0, targets=0
[DEBUG] armors=0, targets=0
[DEBUG] armors=1, targets=1
[DEBUG] armors=2, targets=1
[DEBUG] armors=3, targets=1
[DEBUG] armors=1, targets=0
[DEBUG] armors=1, targets=1
[DEBUG] armors=1, targets=1
[DEBUG] armors=1, targets=1
[2026-09-05 23:14:24.366] [info] [SYNC][XUC] mode=0 yaw=-6.61 deg pitch=0.29 deg feeder_rpm=-4.00 wheel0_rpm=0 wheel1_rpm=0 wheel_delta=0 projectile_speed=19.36 gate=0x3E switch=0 rc=1 sticks=1 imu=1 serial=1 control=1 yaw_armed=0 pitch_active=0
[DEBUG] armors=1, targets=1
[2026-09-05 23:14:24.383] [info] [DRYRUN] measured_gimbal=(3.685,-0.079,0.063) measured_world=(3.670,0.346,0.045) tracked_world=(3.708,0.347,0.045) target_gimbal_deg=(-1.23,0.99) target_world_deg=(5.38,0.70) gimbal_deg=(6.61,0.29) armor_y_px=533.4 pixel_error_deg=(2.13,-0.16) ballistic=(range=3.686m holdover=0.162m comp=2.47deg residual=-2.63deg) q_wxyz=(0.998334,0.000146,0.002530,-0.057652) cmd_deg=(7.90,-4.09) packed_pitch_deg=-4.09 control=true shoot=false
[2026-09-05 23:14:24.386] [info] [PERF] 总耗时=19.5ms (检测=16.2ms, 跟踪=0.6ms), FPS=51.3
[2026-09-05 23:14:24.386] [info] 📊 [CAMERA FPS] 瞬时帧率=51.3fps, 平均帧率=55.7fps, 总帧数=2500, 运行时间=44.9s
[DEBUG] armors=1, targets=0
[DEBUG] armors=1, targets=1
[DEBUG] armors=1, targets=1
[DEBUG] armors=1, targets=1
[DEBUG] armors=0, targets=0
[DEBUG] armors=1, targets=1
[DEBUG] armors=2, targets=1
[DEBUG] armors=1, targets=1
[DEBUG] armors=1, targets=1
[DEBUG] armors=0, targets=0
[2026-09-05 23:14:24.581] [info] [XUC][GYRO] center_follow=false tracker=lost omega=+0.000rad_s radius=0.000m
[DEBUG] armors=0, targets=0
[DEBUG] armors=0, targets=0
[DEBUG] armors=0, targets=0
[DEBUG] armors=0, targets=0
[DEBUG] armors=0, targets=0
[DEBUG] armors=0, targets=0
[DEBUG] armors=0, targets=0
[DEBUG] armors=0, targets=0
[DEBUG] armors=1, targets=1
[DEBUG] armors=0, targets=0
[2026-09-05 23:14:24.742] [info] [DRYRUN] target=none gimbal_deg=(6.61,0.29) control=true shoot=false
[DEBUG] armors=0, targets=0
[DEBUG] armors=0, targets=0
[DEBUG] armors=0, targets=0
[DEBUG] armors=0, targets=0
[DEBUG] armors=0, targets=0
[DEBUG] armors=0, targets=0
[DEBUG] armors=0, targets=0
[DEBUG] armors=0, targets=0
[DEBUG] armors=0, targets=0
[DEBUG] armors=0, targets=0
[2026-09-05 23:14:24.924] [warning] [XUC][PITCH] visual loss: control stopped, pitch state retained
[DEBUG] armors=0, targets=0
[DEBUG] armors=1, targets=1
[2026-09-05 23:14:24.961] [info] [XUC][PITCH] measurement reacquired with continuous slew
[DEBUG] armors=1, targets=1
[DEBUG] armors=1, targets=1
[DEBUG] armors=1, targets=1
[DEBUG] armors=1, targets=1
[DEBUG] armors=0, targets=1
[DEBUG] armors=1, targets=1
[DEBUG] armors=0, targets=1
[DEBUG] armors=0, targets=1
[DEBUG] armors=0, targets=1
[DEBUG] armors=1, targets=1
[DEBUG] armors=0, targets=1
[DEBUG] armors=2, targets=1
[DEBUG] armors=1, targets=1
[DEBUG] armors=2, targets=1
[DEBUG] armors=1, targets=1
[DEBUG] armors=0, targets=1
[DEBUG] armors=1, targets=1
[2026-09-05 23:14:25.268] [info] [SYNC][XUC] mode=0 yaw=-6.61 deg pitch=0.29 deg feeder_rpm=-4.00 wheel0_rpm=0 wheel1_rpm=0 wheel_delta=0 projectile_speed=19.36 gate=0x3E switch=0 rc=1 sticks=1 imu=1 serial=1 control=1 yaw_armed=0 pitch_active=0
[DEBUG] armors=1, targets=1
[2026-09-05 23:14:25.287] [info] [PERF] 总耗时=18.8ms (检测=15.9ms, 跟踪=0.0ms), FPS=53.1
[2026-09-05 23:14:25.287] [info] 📊 [CAMERA FPS] 瞬时帧率=53.0fps, 平均帧率=55.7fps, 总帧数=2550, 运行时间=45.8s
[DEBUG] armors=2, targets=1
[DEBUG] armors=2, targets=1
[DEBUG] armors=2, targets=1
[DEBUG] armors=1, targets=1
