[2026-09-05 22:59:53.683] [info] [Performance] Thread limits: OpenCV=1, TBB=4, OMP=4
[2026-09-05 22:59:53.705] [info] [ROS2Visualizer] Initialized: node=standard_node, marker_topic=standard_markers
[2026-09-05 22:59:53.705] [info] [ROS2] Visualizer initialized
[2026-09-05 22:59:53.705] [info] [ROS2Visualizer] Spin thread started
[2026-09-05 22:59:53.706] [info] [CBoard] disabled (cboard_enable=false); XUC is expected to provide IMU
[2026-09-05 22:59:53.707] [info] Camera constructor: config_path=configs/standard_hikrobot_lowlight_exp6_gain16_conf10_gyro_diagnostic_safe.yaml, camera_name=hikrobot
[2026-09-05 22:59:53.707] [info] Creating HikRobot camera
[2026-09-05 22:59:53.708] [info] HikRobot's daemon thread started.
[2026-09-05 22:59:53.708] [info] Camera constructor completed
[2026-09-05 22:59:53.709] [info] [XUC] serial opened /dev/serial/by-id/usb-1a86_USB_Serial-if00-port0 @ 460800 baud, angles=rad, yaw_sign=0.94074425, pitch_sign=1, imu_yaw_sign=-1.06298816, imu_pitch_sign=1, allow_control=false, allow_shoot=false, require_feedback=true, require_auto_mode=false, max_yaw_excursion_deg=0.00, lock_pitch=false
[2026-09-05 22:59:53.709] [warning] [XUC][SAFE] control output is forced to zero
[2026-09-05 22:59:53.709] [warning] [XUC][SAFE] shoot output is forced to zero
*******XOpenDisplay Fail ******* 
[2026-09-05 22:59:53.758] [info] [YOLO26] CPU cores: 16, big cores found: 4, core_type: unavailable, max_freq: 4900000
[2026-09-05 22:59:53.758] [info] [YOLO26] Big core ids: [4,5,6,7]
[2026-09-05 22:59:53.758] [info] [YOLO26] Successfully bound to 4 big cores
[2026-09-05 22:59:53.758] [info] [YOLO26] Disabled OpenCV threading to avoid CPU contention
[2026-09-05 22:59:53.774] [info] [YOLO26] Compiling model with 4 threads (LATENCY mode)
[2026-09-05 22:59:54.038] [info] [YOLO26] Initialization complete - SYNC mode optimized
[2026-09-05 22:59:54.038] [info] [YOLO26] Config: threads=4, streams=1, requests=1, letterbox=114, min_confidence=0.10, min_keypoint_confidence=0.00, swap_rb=false, refine_color=true, color_delta=6.0, color_hold_frames=20, save_samples=false, debug=true
[2026-09-05 22:59:54.042] [info] === All modules initialized ===
[2026-09-05 22:59:54.043] [info] [ROS2Visualizer] Published static TF: gimbal -> camera
[2026-09-05 22:59:54.043] [info] [ROS2] Published static TF: gimbal -> camera
[2026-09-05 22:59:54.043] [info] === Entering main loop ===
[2026-09-05 22:59:54.043] [info] [SYNC] 发送默认命令，等待相机触发
[2026-09-05 22:59:54.889] [info] [HikRobot][READBACK] image=1440x1080, pixel_format=0x1080009
[2026-09-05 22:59:54.890] [info] [HikRobot][READBACK] exposure_us=6000.0 auto=0, gain=16.01 auto=0, white_balance_auto=0
[2026-09-05 22:59:54.890] [info] [HikRobot][READBACK] trigger=off (continuous acquisition)
[2026-09-05 22:59:54.890] [info] [HikRobot][READBACK] acquisition_fps=150.00
[2026-09-05 22:59:54.903] [info] HikRobot's capture thread started.
[2026-09-05 22:59:54.915] [info] [HikRobot] first frame: 1440x1080, pixel_type=0x1080009, frame_len=1555200
[2026-09-05 22:59:54.941] [info] [YOLO26][DET] above_0p2=1 after_nms=1 accepted=1 max_conf=0.1072 max_class=8 max_min_kpt=0.9424 refined_color=1 color_score=-67.31 color_source=1
[DEBUG] armors=1, targets=1
[2026-09-05 22:59:55.017] [info] [YOLO26][DET] above_0p2=0 after_nms=0 accepted=0 max_conf=0.0713 max_class=8 max_min_kpt=0.0000 refined_color=-1 color_score=0.00 color_source=-1
[DEBUG] armors=0, targets=0
[2026-09-05 22:59:55.037] [info] [YOLO26][DET] above_0p2=2 after_nms=1 accepted=1 max_conf=0.2007 max_class=11 max_min_kpt=0.9934 refined_color=1 color_score=-78.53 color_source=1
[DEBUG] armors=1, targets=1
[2026-09-05 22:59:55.063] [info] [YOLO26][DET] above_0p2=1 after_nms=1 accepted=1 max_conf=0.1844 max_class=11 max_min_kpt=0.9898 refined_color=1 color_score=-75.96 color_source=1
[DEBUG] armors=1, targets=1
[2026-09-05 22:59:55.085] [info] [YOLO26][DET] above_0p2=1 after_nms=1 accepted=1 max_conf=0.1718 max_class=11 max_min_kpt=0.9953 refined_color=1 color_score=-75.24 color_source=1
[DEBUG] armors=1, targets=1
[2026-09-05 22:59:55.111] [info] [YOLO26][DET] above_0p2=2 after_nms=1 accepted=1 max_conf=0.2822 max_class=11 max_min_kpt=0.9906 refined_color=1 color_score=-78.31 color_source=1
[DEBUG] armors=1, targets=1
[2026-09-05 22:59:55.133] [info] [YOLO26][DET] above_0p2=1 after_nms=1 accepted=1 max_conf=0.3023 max_class=11 max_min_kpt=0.9912 refined_color=1 color_score=-72.64 color_source=1
[DEBUG] armors=1, targets=1
[2026-09-05 22:59:55.136] [info] [XUC][FIRE] stable-window candidate started
[2026-09-05 22:59:55.155] [info] [YOLO26][DET] above_0p2=2 after_nms=1 accepted=1 max_conf=0.3938 max_class=11 max_min_kpt=0.9911 refined_color=1 color_score=-75.67 color_source=1
[DEBUG] armors=1, targets=1
[2026-09-05 22:59:55.179] [info] [YOLO26][DET] above_0p2=0 after_nms=0 accepted=0 max_conf=0.0787 max_class=8 max_min_kpt=0.0000 refined_color=-1 color_score=0.00 color_source=-1
[DEBUG] armors=0, targets=1
[2026-09-05 22:59:55.180] [info] [XUC][FIRE] stable window reset
[2026-09-05 22:59:55.202] [info] [YOLO26][DET] above_0p2=0 after_nms=0 accepted=0 max_conf=0.0750 max_class=8 max_min_kpt=0.0000 refined_color=-1 color_score=0.00 color_source=-1
[DEBUG] armors=0, targets=1
[2026-09-05 22:59:55.223] [info] [YOLO26][DET] above_0p2=2 after_nms=2 accepted=2 max_conf=0.3128 max_class=11 max_min_kpt=0.9917 refined_color=1 color_score=-85.07 color_source=1
[2026-09-05 22:59:55.226] [info] [XUC][GYRO] center_follow=true tracker=tracking omega=-1.704rad_s radius=0.243m
[DEBUG] armors=2, targets=1
[2026-09-05 22:59:55.246] [info] [YOLO26][DET] above_0p2=2 after_nms=2 accepted=2 max_conf=0.6352 max_class=11 max_min_kpt=0.9861 refined_color=1 color_score=-86.69 color_source=1
[DEBUG] armors=2, targets=1
[2026-09-05 22:59:55.270] [info] [YOLO26][DET] above_0p2=1 after_nms=1 accepted=1 max_conf=0.1919 max_class=11 max_min_kpt=0.9941 refined_color=1 color_score=-85.22 color_source=1
[DEBUG] armors=1, targets=1
[2026-09-05 22:59:55.293] [info] [YOLO26][DET] above_0p2=3 after_nms=2 accepted=2 max_conf=0.2209 max_class=11 max_min_kpt=0.9856 refined_color=1 color_score=-82.49 color_source=1
[DEBUG] armors=2, targets=1
[2026-09-05 22:59:55.315] [info] [YOLO26][DET] above_0p2=2 after_nms=2 accepted=2 max_conf=0.3940 max_class=11 max_min_kpt=0.9853 refined_color=1 color_score=-80.17 color_source=1
[DEBUG] armors=2, targets=1
[2026-09-05 22:59:55.337] [info] [YOLO26][DET] above_0p2=2 after_nms=2 accepted=2 max_conf=0.4201 max_class=11 max_min_kpt=0.9912 refined_color=1 color_score=-78.74 color_source=1
[DEBUG] armors=2, targets=1
[2026-09-05 22:59:55.360] [info] [YOLO26][DET] above_0p2=3 after_nms=2 accepted=2 max_conf=0.4720 max_class=11 max_min_kpt=0.9881 refined_color=1 color_score=-75.80 color_source=1
[DEBUG] armors=2, targets=1
[2026-09-05 22:59:55.383] [info] [YOLO26][DET] above_0p2=2 after_nms=2 accepted=2 max_conf=0.6512 max_class=11 max_min_kpt=0.9847 refined_color=1 color_score=-82.05 color_source=1
[DEBUG] armors=2, targets=1
[2026-09-05 22:59:55.404] [info] [YOLO26][DET] above_0p2=2 after_nms=2 accepted=2 max_conf=0.5080 max_class=11 max_min_kpt=0.9919 refined_color=1 color_score=-79.43 color_source=1
[DEBUG] armors=2, targets=1
[2026-09-05 22:59:55.423] [info] [YOLO26][DET] above_0p2=3 after_nms=2 accepted=2 max_conf=0.3519 max_class=11 max_min_kpt=0.9938 refined_color=1 color_score=-75.98 color_source=1
[DEBUG] armors=2, targets=1
[2026-09-05 22:59:55.425] [info] [DRYRUN] measured_gimbal=(3.829,0.374,0.057) measured_world=(3.751,0.858,0.049) tracked_world=(3.709,0.843,0.049) target_gimbal_deg=(5.58,0.86) target_world_deg=(12.88,0.72) gimbal_deg=(7.31,0.13) armor_y_px=537.1 pixel_error_deg=(-4.65,-0.07) ballistic=(range=nanm holdover=0.000m comp=0.00deg residual=-0.07deg) q_wxyz=(0.997967,0.000073,0.001147,-0.063723) cmd_deg=(8.27,0.02) packed_pitch_deg=0.02 control=true shoot=false
[2026-09-05 22:59:55.443] [info] [YOLO26][DET] above_0p2=3 after_nms=3 accepted=3 max_conf=0.2933 max_class=10 max_min_kpt=0.9814 refined_color=1 color_score=-81.12 color_source=1
[DEBUG] armors=3, targets=1
[2026-09-05 22:59:55.445] [info] [XUC][FIRE] stable-window candidate started
[2026-09-05 22:59:55.464] [info] [YOLO26][DET] above_0p2=4 after_nms=3 accepted=3 max_conf=0.3443 max_class=10 max_min_kpt=0.9853 refined_color=1 color_score=-68.59 color_source=1
[DEBUG] armors=3, targets=1
[2026-09-05 22:59:55.467] [info] [XUC][FIRE] stable window reset
[2026-09-05 22:59:55.487] [info] [YOLO26][DET] above_0p2=2 after_nms=2 accepted=2 max_conf=0.3583 max_class=10 max_min_kpt=0.9948 refined_color=1 color_score=-72.40 color_source=1
[DEBUG] armors=2, targets=1
[2026-09-05 22:59:55.508] [info] [YOLO26][DET] above_0p2=1 after_nms=1 accepted=1 max_conf=0.2673 max_class=11 max_min_kpt=0.9809 refined_color=1 color_score=-83.23 color_source=1
[DEBUG] armors=1, targets=1
[2026-09-05 22:59:55.529] [info] [YOLO26][DET] above_0p2=2 after_nms=2 accepted=2 max_conf=0.1450 max_class=14 max_min_kpt=0.9903 refined_color=1 color_score=-78.43 color_source=1
[DEBUG] armors=2, targets=1
[2026-09-05 22:59:55.549] [info] [YOLO26][DET] above_0p2=0 after_nms=0 accepted=0 max_conf=0.0553 max_class=8 max_min_kpt=0.0000 refined_color=-1 color_score=0.00 color_source=-1
[DEBUG] armors=0, targets=1
[2026-09-05 22:59:55.569] [info] [YOLO26][DET] above_0p2=0 after_nms=0 accepted=0 max_conf=0.0228 max_class=11 max_min_kpt=0.0000 refined_color=-1 color_score=0.00 color_source=-1
[DEBUG] armors=0, targets=1
[2026-09-05 22:59:55.586] [info] [YOLO26][DET] above_0p2=0 after_nms=0 accepted=0 max_conf=0.0989 max_class=11 max_min_kpt=0.0000 refined_color=-1 color_score=0.00 color_source=-1
[DEBUG] armors=0, targets=1
[2026-09-05 22:59:55.605] [info] [YOLO26][DET] above_0p2=0 after_nms=0 accepted=0 max_conf=0.0670 max_class=11 max_min_kpt=0.0000 refined_color=-1 color_score=0.00 color_source=-1
[DEBUG] armors=0, targets=1
[2026-09-05 22:59:55.623] [info] [YOLO26][DET] above_0p2=1 after_nms=1 accepted=1 max_conf=0.1018 max_class=8 max_min_kpt=0.9463 refined_color=1 color_score=-71.77 color_source=1
[DEBUG] armors=1, targets=1
[2026-09-05 22:59:55.641] [info] [YOLO26][DET] above_0p2=1 after_nms=1 accepted=1 max_conf=0.1191 max_class=11 max_min_kpt=0.9876 refined_color=1 color_score=-77.10 color_source=1
[DEBUG] armors=1, targets=1
[2026-09-05 22:59:55.661] [info] [YOLO26][DET] above_0p2=2 after_nms=1 accepted=1 max_conf=0.1771 max_class=11 max_min_kpt=0.9891 refined_color=1 color_score=-81.62 color_source=1
[DEBUG] armors=1, targets=1
[2026-09-05 22:59:55.680] [info] [YOLO26][DET] above_0p2=0 after_nms=0 accepted=0 max_conf=0.0629 max_class=10 max_min_kpt=0.0000 refined_color=-1 color_score=0.00 color_source=-1
[DEBUG] armors=0, targets=1
[2026-09-05 22:59:55.700] [info] [YOLO26][DET] above_0p2=0 after_nms=0 accepted=0 max_conf=0.0865 max_class=8 max_min_kpt=0.0000 refined_color=-1 color_score=0.00 color_source=-1
[DEBUG] armors=0, targets=1
[2026-09-05 22:59:55.721] [info] [YOLO26][DET] above_0p2=0 after_nms=0 accepted=0 max_conf=0.0790 max_class=8 max_min_kpt=0.0000 refined_color=-1 color_score=0.00 color_source=-1
[DEBUG] armors=0, targets=1
[2026-09-05 22:59:55.741] [info] [YOLO26][DET] above_0p2=1 after_nms=1 accepted=1 max_conf=0.1298 max_class=8 max_min_kpt=0.9439 refined_color=1 color_score=-65.05 color_source=1
[DEBUG] armors=1, targets=1
[2026-09-05 22:59:55.762] [info] [YOLO26][DET] above_0p2=2 after_nms=1 accepted=1 max_conf=0.1613 max_class=8 max_min_kpt=0.9913 refined_color=1 color_score=-86.67 color_source=1
[DEBUG] armors=1, targets=1
[2026-09-05 22:59:55.782] [info] [YOLO26][DET] above_0p2=0 after_nms=0 accepted=0 max_conf=0.0706 max_class=8 max_min_kpt=0.0000 refined_color=-1 color_score=0.00 color_source=-1
[DEBUG] armors=0, targets=1
[2026-09-05 22:59:55.802] [info] [YOLO26][DET] above_0p2=0 after_nms=0 accepted=0 max_conf=0.0513 max_class=11 max_min_kpt=0.0000 refined_color=-1 color_score=0.00 color_source=-1
[DEBUG] armors=0, targets=1
[2026-09-05 22:59:55.821] [info] [YOLO26][DET] above_0p2=0 after_nms=0 accepted=0 max_conf=0.0949 max_class=11 max_min_kpt=0.0000 refined_color=-1 color_score=0.00 color_source=-1
[DEBUG] armors=0, targets=1
[2026-09-05 22:59:55.839] [info] [YOLO26][DET] above_0p2=0 after_nms=0 accepted=0 max_conf=0.0690 max_class=8 max_min_kpt=0.0000 refined_color=-1 color_score=0.00 color_source=-1
[DEBUG] armors=0, targets=1
[2026-09-05 22:59:55.857] [info] [YOLO26][DET] above_0p2=2 after_nms=1 accepted=1 max_conf=0.2183 max_class=11 max_min_kpt=0.9911 refined_color=1 color_score=-78.54 color_source=1
[DEBUG] armors=1, targets=1
[2026-09-05 22:59:55.876] [info] [YOLO26][DET] above_0p2=0 after_nms=0 accepted=0 max_conf=0.0850 max_class=10 max_min_kpt=0.0000 refined_color=-1 color_score=0.00 color_source=-1
[DEBUG] armors=0, targets=1
[2026-09-05 22:59:55.895] [info] [YOLO26][DET] above_0p2=0 after_nms=0 accepted=0 max_conf=0.0564 max_class=8 max_min_kpt=0.0000 refined_color=-1 color_score=0.00 color_source=-1
[DEBUG] armors=0, targets=1
[2026-09-05 22:59:55.913] [info] [YOLO26][DET] above_0p2=0 after_nms=0 accepted=0 max_conf=0.0801 max_class=11 max_min_kpt=0.0000 refined_color=-1 color_score=0.00 color_source=-1
[DEBUG] armors=0, targets=1
[2026-09-05 22:59:55.933] [info] [YOLO26][DET] above_0p2=0 after_nms=0 accepted=0 max_conf=0.0783 max_class=8 max_min_kpt=0.0000 refined_color=-1 color_score=0.00 color_source=-1
[DEBUG] armors=0, targets=1
[2026-09-05 22:59:55.953] [info] [YOLO26][DET] above_0p2=0 after_nms=0 accepted=0 max_conf=0.0608 max_class=8 max_min_kpt=0.0000 refined_color=-1 color_score=0.00 color_source=-1
[DEBUG] armors=0, targets=1
[2026-09-05 22:59:55.973] [info] [YOLO26][DET] above_0p2=0 after_nms=0 accepted=0 max_conf=0.0832 max_class=8 max_min_kpt=0.0000 refined_color=-1 color_score=0.00 color_source=-1
[DEBUG] armors=0, targets=1
[2026-09-05 22:59:55.994] [info] [YOLO26][DET] above_0p2=0 after_nms=0 accepted=0 max_conf=0.0159 max_class=11 max_min_kpt=0.0000 refined_color=-1 color_score=0.00 color_source=-1
[DEBUG] armors=0, targets=1
[2026-09-05 22:59:56.000] [info] [SYNC][XUC] mode=0 yaw=-7.31 deg pitch=0.13 deg feeder_rpm=-4.00 wheel0_rpm=0 wheel1_rpm=0 wheel_delta=0 projectile_speed=19.36 gate=0x1E switch=0 rc=1 sticks=1 imu=1 serial=1 control=0 yaw_armed=0 pitch_active=0
[2026-09-05 22:59:56.016] [info] [YOLO26][DET] above_0p2=1 after_nms=1 accepted=1 max_conf=0.2815 max_class=11 max_min_kpt=0.9934 refined_color=1 color_score=-87.23 color_source=1
[2026-09-05 22:59:56.021] [info] [YOLO26] ==================== Performance ====================
[2026-09-05 22:59:56.021] [info] [YOLO26] Preprocess:  1.031 ms (5.0%)
[2026-09-05 22:59:56.021] [info] [YOLO26] Inference:   13.792 ms (66.4%)
[2026-09-05 22:59:56.021] [info] [YOLO26] Postprocess: 5.935 ms (28.6%)
[2026-09-05 22:59:56.021] [info] [YOLO26] Total:       20.759 ms (48.2 FPS)
[2026-09-05 22:59:56.021] [info] [YOLO26] ======================================================
[DEBUG] armors=1, targets=1
[2026-09-05 22:59:56.025] [info] [PERF] 总耗时=24.1ms (检测=20.8ms, 跟踪=0.5ms), FPS=41.5
[2026-09-05 22:59:56.025] [info] 📊 [CAMERA FPS] 瞬时帧率=41.4fps, 平均帧率=45.2fps, 总帧数=50, 运行时间=1.1s
[2026-09-05 22:59:56.039] [info] [YOLO26][DET] above_0p2=2 after_nms=1 accepted=1 max_conf=0.1285 max_class=11 max_min_kpt=0.9797 refined_color=1 color_score=-81.55 color_source=1
[DEBUG] armors=1, targets=1
[2026-09-05 22:59:56.057] [info] [YOLO26][DET] above_0p2=1 after_nms=1 accepted=1 max_conf=0.2115 max_class=10 max_min_kpt=0.9549 refined_color=1 color_score=-82.09 color_source=1
[DEBUG] armors=1, targets=1
[2026-09-05 22:59:56.076] [info] [YOLO26][DET] above_0p2=1 after_nms=1 accepted=1 max_conf=0.1830 max_class=10 max_min_kpt=0.9605 refined_color=1 color_score=-89.55 color_source=1
[DEBUG] armors=1, targets=1
[2026-09-05 22:59:56.095] [info] [YOLO26][DET] above_0p2=1 after_nms=1 accepted=1 max_conf=0.1344 max_class=10 max_min_kpt=0.9716 refined_color=1 color_score=-72.42 color_source=1
[DEBUG] armors=1, targets=1
[2026-09-05 22:59:56.115] [info] [YOLO26][DET] above_0p2=1 after_nms=1 accepted=1 max_conf=0.2450 max_class=10 max_min_kpt=0.9654 refined_color=1 color_score=-74.98 color_source=1
[DEBUG] armors=1, targets=1
[2026-09-05 22:59:56.134] [info] [YOLO26][DET] above_0p2=1 after_nms=1 accepted=1 max_conf=0.4844 max_class=11 max_min_kpt=0.9856 refined_color=1 color_score=-75.54 color_source=1
[DEBUG] armors=1, targets=1
[2026-09-05 22:59:56.155] [info] [YOLO26][DET] above_0p2=1 after_nms=1 accepted=1 max_conf=0.4216 max_class=11 max_min_kpt=0.9858 refined_color=1 color_score=-89.10 color_source=1
[DEBUG] armors=1, targets=1
[2026-09-05 22:59:56.177] [info] [YOLO26][DET] above_0p2=2 after_nms=2 accepted=2 max_conf=0.2571 max_class=11 max_min_kpt=0.9829 refined_color=1 color_score=-96.59 color_source=1
[DEBUG] armors=2, targets=1
[2026-09-05 22:59:56.180] [info] [XUC][FIRE] stable-window candidate started
[2026-09-05 22:59:56.196] [info] [YOLO26][DET] above_0p2=3 after_nms=2 accepted=2 max_conf=0.2784 max_class=11 max_min_kpt=0.9945 refined_color=1 color_score=-82.94 color_source=1
[DEBUG] armors=2, targets=1
[2026-09-05 22:59:56.217] [info] [YOLO26][DET] above_0p2=2 after_nms=2 accepted=2 max_conf=0.7038 max_class=11 max_min_kpt=0.9828 refined_color=1 color_score=-80.33 color_source=1
[DEBUG] armors=2, targets=1
[2026-09-05 22:59:56.219] [info] [XUC][FIRE] qualified after 40 ms, pixel error deg=(2.69,0.13) gyro=true face_error=10.20deg omega=-1.616rad_s armed=true
[2026-09-05 22:59:56.219] [info] [DRYRUN] measured_gimbal=(3.644,-0.114,0.045) measured_world=(3.629,0.350,0.037) tracked_world=(3.979,0.850,0.044) target_gimbal_deg=(-1.79,0.71) target_world_deg=(5.51,0.58) gimbal_deg=(7.31,0.13) armor_y_px=545.2 pixel_error_deg=(2.69,0.13) ballistic=(range=nanm holdover=0.000m comp=0.00deg residual=0.13deg) q_wxyz=(0.997967,0.000073,0.001147,-0.063723) cmd_deg=(7.60,0.32) packed_pitch_deg=0.32 control=true shoot=true
[2026-09-05 22:59:56.236] [info] [YOLO26][DET] above_0p2=1 after_nms=1 accepted=1 max_conf=0.6743 max_class=11 max_min_kpt=0.9763 refined_color=1 color_score=-79.19 color_source=1
[DEBUG] armors=1, targets=1
[2026-09-05 22:59:56.238] [info] [XUC][FIRE] stable window reset
[2026-09-05 22:59:56.256] [info] [YOLO26][DET] above_0p2=3 after_nms=2 accepted=2 max_conf=0.5544 max_class=11 max_min_kpt=0.9893 refined_color=1 color_score=-77.67 color_source=1
[DEBUG] armors=2, targets=1
[2026-09-05 22:59:56.274] [info] [YOLO26][DET] above_0p2=2 after_nms=2 accepted=2 max_conf=0.7018 max_class=11 max_min_kpt=0.9914 refined_color=1 color_score=-85.58 color_source=1
[DEBUG] armors=2, targets=1
[2026-09-05 22:59:56.294] [info] [YOLO26][DET] above_0p2=2 after_nms=2 accepted=2 max_conf=0.6444 max_class=11 max_min_kpt=0.9884 refined_color=1 color_score=-78.16 color_source=1
[DEBUG] armors=2, targets=1
[2026-09-05 22:59:56.315] [info] [YOLO26][DET] above_0p2=4 after_nms=2 accepted=2 max_conf=0.3390 max_class=11 max_min_kpt=0.9935 refined_color=1 color_score=-72.12 color_source=1
[DEBUG] armors=2, targets=1
[2026-09-05 22:59:56.335] [info] [YOLO26][DET] above_0p2=3 after_nms=2 accepted=2 max_conf=0.5352 max_class=11 max_min_kpt=0.9860 refined_color=1 color_score=-85.66 color_source=1
[DEBUG] armors=2, targets=1
[2026-09-05 22:59:56.356] [info] [YOLO26][DET] above_0p2=3 after_nms=2 accepted=2 max_conf=0.3921 max_class=10 max_min_kpt=0.9931 refined_color=1 color_score=-78.26 color_source=1
[DEBUG] armors=2, targets=1
[2026-09-05 22:59:56.376] [info] [YOLO26][DET] above_0p2=3 after_nms=2 accepted=2 max_conf=0.2773 max_class=10 max_min_kpt=0.9897 refined_color=1 color_score=-60.63 color_source=1
[DEBUG] armors=2, targets=1
[2026-09-05 22:59:56.397] [info] [YOLO26][DET] above_0p2=1 after_nms=1 accepted=1 max_conf=0.1176 max_class=10 max_min_kpt=0.9596 refined_color=1 color_score=-62.56 color_source=1
[DEBUG] armors=1, targets=1
[2026-09-05 22:59:56.415] [info] [YOLO26][DET] above_0p2=3 after_nms=2 accepted=2 max_conf=0.2022 max_class=11 max_min_kpt=0.9807 refined_color=1 color_score=-87.29 color_source=1
[DEBUG] armors=2, targets=1
[2026-09-05 22:59:56.434] [info] [YOLO26][DET] above_0p2=3 after_nms=1 accepted=1 max_conf=0.1888 max_class=11 max_min_kpt=0.9868 refined_color=1 color_score=-86.80 color_source=1
[DEBUG] armors=1, targets=1
[2026-09-05 22:59:56.454] [info] [YOLO26][DET] above_0p2=0 after_nms=0 accepted=0 max_conf=0.0703 max_class=8 max_min_kpt=0.0000 refined_color=-1 color_score=0.00 color_source=-1
[DEBUG] armors=0, targets=1
[2026-09-05 22:59:56.472] [info] [YOLO26][DET] above_0p2=0 after_nms=0 accepted=0 max_conf=0.0424 max_class=11 max_min_kpt=0.0000 refined_color=-1 color_score=0.00 color_source=-1
[DEBUG] armors=0, targets=1
[2026-09-05 22:59:56.491] [info] [YOLO26][DET] above_0p2=3 after_nms=1 accepted=1 max_conf=0.2423 max_class=11 max_min_kpt=0.9964 refined_color=1 color_score=-90.72 color_source=1
[DEBUG] armors=1, targets=1
[2026-09-05 22:59:56.510] [info] [YOLO26][DET] above_0p2=1 after_nms=1 accepted=1 max_conf=0.1628 max_class=8 max_min_kpt=0.9510 refined_color=1 color_score=-86.95 color_source=1
[DEBUG] armors=1, targets=1
[2026-09-05 22:59:56.528] [info] [YOLO26][DET] above_0p2=1 after_nms=1 accepted=1 max_conf=0.1082 max_class=8 max_min_kpt=0.9491 refined_color=1 color_score=-72.87 color_source=1
[DEBUG] armors=1, targets=1
[2026-09-05 22:59:56.547] [info] [YOLO26][DET] above_0p2=1 after_nms=1 accepted=1 max_conf=0.1292 max_class=8 max_min_kpt=0.9582 refined_color=1 color_score=-70.27 color_source=1
[DEBUG] armors=1, targets=1
[2026-09-05 22:59:56.566] [info] [YOLO26][DET] above_0p2=1 after_nms=1 accepted=1 max_conf=0.1273 max_class=10 max_min_kpt=0.9631 refined_color=1 color_score=-78.73 color_source=1
[DEBUG] armors=1, targets=1
[2026-09-05 22:59:56.586] [info] [YOLO26][DET] above_0p2=1 after_nms=1 accepted=1 max_conf=0.1567 max_class=10 max_min_kpt=0.9615 refined_color=1 color_score=-63.10 color_source=1
[DEBUG] armors=1, targets=1
[2026-09-05 22:59:56.606] [info] [YOLO26][DET] above_0p2=0 after_nms=0 accepted=0 max_conf=0.0531 max_class=10 max_min_kpt=0.0000 refined_color=-1 color_score=0.00 color_source=-1
[DEBUG] armors=0, targets=1
[2026-09-05 22:59:56.627] [info] [YOLO26][DET] above_0p2=1 after_nms=1 accepted=1 max_conf=0.1423 max_class=10 max_min_kpt=0.9455 refined_color=1 color_score=-80.10 color_source=1
[DEBUG] armors=1, targets=1
[2026-09-05 22:59:56.647] [info] [YOLO26][DET] above_0p2=1 after_nms=1 accepted=1 max_conf=0.1557 max_class=8 max_min_kpt=0.9468 refined_color=1 color_score=-72.91 color_source=1
[DEBUG] armors=1, targets=1
[2026-09-05 22:59:56.665] [info] [YOLO26][DET] above_0p2=0 after_nms=0 accepted=0 max_conf=0.0881 max_class=8 max_min_kpt=0.0000 refined_color=-1 color_score=0.00 color_source=-1
[DEBUG] armors=0, targets=1
[2026-09-05 22:59:56.684] [info] [YOLO26][DET] above_0p2=0 after_nms=0 accepted=0 max_conf=0.0153 max_class=11 max_min_kpt=0.0000 refined_color=-1 color_score=0.00 color_source=-1
[DEBUG] armors=0, targets=1
[2026-09-05 22:59:56.702] [info] [YOLO26][DET] above_0p2=1 after_nms=1 accepted=1 max_conf=0.1349 max_class=11 max_min_kpt=0.9947 refined_color=1 color_score=-90.86 color_source=1
[DEBUG] armors=1, targets=1
[2026-09-05 22:59:56.722] [info] [YOLO26][DET] above_0p2=0 after_nms=0 accepted=0 max_conf=0.0522 max_class=11 max_min_kpt=0.0000 refined_color=-1 color_score=0.00 color_source=-1
[DEBUG] armors=0, targets=1
[2026-09-05 22:59:56.741] [info] [YOLO26][DET] above_0p2=0 after_nms=0 accepted=0 max_conf=0.0608 max_class=11 max_min_kpt=0.0000 refined_color=-1 color_score=0.00 color_source=-1
[DEBUG] armors=0, targets=1
[2026-09-05 22:59:56.758] [info] [YOLO26][DET] above_0p2=1 after_nms=1 accepted=1 max_conf=0.1879 max_class=11 max_min_kpt=0.9898 refined_color=1 color_score=-88.24 color_source=1
[DEBUG] armors=1, targets=1
[2026-09-05 22:59:56.778] [info] [YOLO26][DET] above_0p2=0 after_nms=0 accepted=0 max_conf=0.0662 max_class=8 max_min_kpt=0.0000 refined_color=-1 color_score=0.00 color_source=-1
[DEBUG] armors=0, targets=1
[2026-09-05 22:59:56.796] [info] [YOLO26][DET] above_0p2=2 after_nms=1 accepted=1 max_conf=0.1865 max_class=11 max_min_kpt=0.9969 refined_color=1 color_score=-84.02 color_source=1
[DEBUG] armors=1, targets=1
[2026-09-05 22:59:56.815] [info] [YOLO26][DET] above_0p2=1 after_nms=1 accepted=1 max_conf=0.4391 max_class=11 max_min_kpt=0.9875 refined_color=1 color_score=-84.92 color_source=1
[DEBUG] armors=1, targets=1
[2026-09-05 22:59:56.834] [info] [YOLO26][DET] above_0p2=1 after_nms=1 accepted=1 max_conf=0.1160 max_class=11 max_min_kpt=0.9832 refined_color=1 color_score=-87.05 color_source=1
[DEBUG] armors=1, targets=1
[2026-09-05 22:59:56.853] [info] [YOLO26][DET] above_0p2=1 after_nms=1 accepted=1 max_conf=0.4358 max_class=11 max_min_kpt=0.9930 refined_color=1 color_score=-84.58 color_source=1
[DEBUG] armors=1, targets=1
[2026-09-05 22:59:56.874] [info] [YOLO26][DET] above_0p2=0 after_nms=0 accepted=0 max_conf=0.0828 max_class=11 max_min_kpt=0.0000 refined_color=-1 color_score=0.00 color_source=-1
[DEBUG] armors=0, targets=1
[2026-09-05 22:59:56.894] [info] [YOLO26][DET] above_0p2=2 after_nms=1 accepted=1 max_conf=0.4112 max_class=11 max_min_kpt=0.9972 refined_color=1 color_score=-82.65 color_source=1
[DEBUG] armors=1, targets=1
[2026-09-05 22:59:56.916] [info] [YOLO26][DET] above_0p2=2 after_nms=2 accepted=2 max_conf=0.1336 max_class=11 max_min_kpt=0.9851 refined_color=1 color_score=-84.73 color_source=1
[DEBUG] armors=2, targets=1
[2026-09-05 22:59:56.938] [info] [YOLO26][DET] above_0p2=1 after_nms=1 accepted=1 max_conf=0.1191 max_class=10 max_min_kpt=0.9497 refined_color=1 color_score=-77.36 color_source=1
[DEBUG] armors=1, targets=1
[2026-09-05 22:59:56.958] [info] [YOLO26][DET] above_0p2=1 after_nms=1 accepted=1 max_conf=0.2021 max_class=10 max_min_kpt=0.9653 refined_color=1 color_score=-93.45 color_source=1
[DEBUG] armors=1, targets=1
[2026-09-05 22:59:56.976] [info] [YOLO26][DET] above_0p2=1 after_nms=1 accepted=1 max_conf=0.1012 max_class=11 max_min_kpt=0.9877 refined_color=1 color_score=-91.95 color_source=1
[DEBUG] armors=1, targets=1
[2026-09-05 22:59:56.980] [info] [SYNC][XUC] mode=0 yaw=-7.31 deg pitch=0.13 deg feeder_rpm=0.00 wheel0_rpm=0 wheel1_rpm=0 wheel_delta=0 projectile_speed=19.36 gate=0x1E switch=0 rc=1 sticks=1 imu=1 serial=1 control=0 yaw_armed=0 pitch_active=0
[2026-09-05 22:59:56.996] [info] [YOLO26][DET] above_0p2=2 after_nms=1 accepted=1 max_conf=0.1198 max_class=14 max_min_kpt=0.9804 refined_color=1 color_score=-80.57 color_source=1
[2026-09-05 22:59:56.999] [info] [YOLO26] ==================== Performance ====================
[2026-09-05 22:59:56.999] [info] [YOLO26] Preprocess:  1.029 ms (5.4%)
[2026-09-05 22:59:56.999] [info] [YOLO26] Inference:   14.192 ms (74.1%)
[2026-09-05 22:59:56.999] [info] [YOLO26] Postprocess: 3.932 ms (20.5%)
[2026-09-05 22:59:56.999] [info] [YOLO26] Total:       19.153 ms (52.2 FPS)
[2026-09-05 22:59:56.999] [info] [YOLO26] ======================================================
[DEBUG] armors=1, targets=1
[2026-09-05 22:59:57.000] [info] [DRYRUN] measured_gimbal=(3.544,0.261,0.052) measured_world=(3.482,0.710,0.044) tracked_world=(4.086,0.496,0.043) target_gimbal_deg=(4.22,0.83) target_world_deg=(11.52,0.70) gimbal_deg=(7.31,0.13) armor_y_px=542.3 pixel_error_deg=(2.80,0.06) ballistic=(range=nanm holdover=0.000m comp=0.00deg residual=0.06deg) q_wxyz=(0.997967,0.000073,0.001147,-0.063723) cmd_deg=(7.86,0.21) packed_pitch_deg=0.21 control=true shoot=false
[2026-09-05 22:59:57.002] [info] [PERF] 总耗时=22.0ms (检测=19.2ms, 跟踪=0.0ms), FPS=45.5
[2026-09-05 22:59:57.002] [info] 📊 [CAMERA FPS] 瞬时帧率=45.5fps, 平均帧率=48.0fps, 总帧数=100, 运行时间=2.1s
[2026-09-05 22:59:57.017] [info] [YOLO26][DET] above_0p2=0 after_nms=0 accepted=0 max_conf=0.0775 max_class=11 max_min_kpt=0.0000 refined_color=-1 color_score=0.00 color_source=-1
[DEBUG] armors=0, targets=1
[2026-09-05 22:59:57.037] [info] [YOLO26][DET] above_0p2=4 after_nms=2 accepted=2 max_conf=0.3003 max_class=11 max_min_kpt=0.9915 refined_color=1 color_score=-100.32 color_source=1
[DEBUG] armors=2, targets=1
[2026-09-05 22:59:57.059] [info] [YOLO26][DET] above_0p2=1 after_nms=1 accepted=1 max_conf=0.4852 max_class=11 max_min_kpt=0.9826 refined_color=1 color_score=-96.41 color_source=1
[DEBUG] armors=1, targets=1
[2026-09-05 22:59:57.080] [info] [YOLO26][DET] above_0p2=2 after_nms=2 accepted=2 max_conf=0.2595 max_class=14 max_min_kpt=0.9885 refined_color=1 color_score=-81.54 color_source=1
[DEBUG] armors=2, targets=1
[2026-09-05 22:59:57.083] [info] [XUC][FIRE] stable-window candidate started
[2026-09-05 22:59:57.099] [info] [YOLO26][DET] above_0p2=3 after_nms=2 accepted=2 max_conf=0.6193 max_class=11 max_min_kpt=0.9844 refined_color=1 color_score=-80.98 color_source=1
[DEBUG] armors=2, targets=1
[2026-09-05 22:59:57.101] [info] [XUC][FIRE] stable window reset
[2026-09-05 22:59:57.119] [info] [YOLO26][DET] above_0p2=3 after_nms=2 accepted=2 max_conf=0.5976 max_class=11 max_min_kpt=0.9891 refined_color=1 color_score=-82.21 color_source=1
[DEBUG] armors=2, targets=1
[2026-09-05 22:59:57.139] [info] [YOLO26][DET] above_0p2=2 after_nms=2 accepted=2 max_conf=0.5178 max_class=11 max_min_kpt=0.9783 refined_color=1 color_score=-74.29 color_source=1
[DEBUG] armors=2, targets=1
[2026-09-05 22:59:57.142] [info] [XUC][FIRE] stable-window candidate started
[2026-09-05 22:59:57.158] [info] [YOLO26][DET] above_0p2=3 after_nms=2 accepted=2 max_conf=0.6470 max_class=11 max_min_kpt=0.9953 refined_color=1 color_score=-85.75 color_source=1
[DEBUG] armors=2, targets=1
[2026-09-05 22:59:57.178] [info] [YOLO26][DET] above_0p2=3 after_nms=2 accepted=2 max_conf=0.7769 max_class=11 max_min_kpt=0.9859 refined_color=1 color_score=-81.64 color_source=1
[DEBUG] armors=2, targets=1
[2026-09-05 22:59:57.180] [info] [XUC][FIRE] qualified after 40 ms, pixel error deg=(1.87,0.04) gyro=true face_error=0.45deg omega=-1.692rad_s armed=true
[2026-09-05 22:59:57.198] [info] [YOLO26][DET] above_0p2=3 after_nms=3 accepted=3 max_conf=0.5617 max_class=11 max_min_kpt=0.9854 refined_color=1 color_score=-82.88 color_source=1
[DEBUG] armors=3, targets=1
[2026-09-05 22:59:57.200] [info] [XUC][FIRE] stable window reset
[2026-09-05 22:59:57.219] [info] [YOLO26][DET] above_0p2=2 after_nms=2 accepted=2 max_conf=0.4251 max_class=10 max_min_kpt=0.9789 refined_color=1 color_score=-72.86 color_source=1
[DEBUG] armors=2, targets=1
[2026-09-05 22:59:57.241] [info] [YOLO26][DET] above_0p2=2 after_nms=2 accepted=2 max_conf=0.2243 max_class=10 max_min_kpt=0.9838 refined_color=1 color_score=-89.25 color_source=1
[DEBUG] armors=2, targets=1
[2026-09-05 22:59:57.261] [info] [YOLO26][DET] above_0p2=1 after_nms=1 accepted=1 max_conf=0.3184 max_class=10 max_min_kpt=0.9547 refined_color=1 color_score=-82.43 color_source=1
[DEBUG] armors=1, targets=1
[2026-09-05 22:59:57.281] [info] [YOLO26][DET] above_0p2=1 after_nms=1 accepted=1 max_conf=0.1442 max_class=10 max_min_kpt=0.9529 refined_color=1 color_score=-77.26 color_source=1
[DEBUG] armors=1, targets=1
[2026-09-05 22:59:57.299] [info] [YOLO26][DET] above_0p2=1 after_nms=1 accepted=1 max_conf=0.1387 max_class=10 max_min_kpt=0.9504 refined_color=1 color_score=-90.17 color_source=1
[DEBUG] armors=1, targets=1
[2026-09-05 22:59:57.317] [info] [YOLO26][DET] above_0p2=0 after_nms=0 accepted=0 max_conf=0.0356 max_class=10 max_min_kpt=0.0000 refined_color=-1 color_score=0.00 color_source=-1
[DEBUG] armors=0, targets=1
[2026-09-05 22:59:57.336] [info] [YOLO26][DET] above_0p2=1 after_nms=1 accepted=1 max_conf=0.1748 max_class=10 max_min_kpt=0.9462 refined_color=1 color_score=-75.82 color_source=1
[DEBUG] armors=1, targets=1
[2026-09-05 22:59:57.356] [info] [YOLO26][DET] above_0p2=1 after_nms=1 accepted=1 max_conf=0.1541 max_class=8 max_min_kpt=0.9497 refined_color=1 color_score=-85.83 color_source=1
[DEBUG] armors=1, targets=1
[2026-09-05 22:59:57.374] [info] [YOLO26][DET] above_0p2=0 after_nms=0 accepted=0 max_conf=0.0796 max_class=8 max_min_kpt=0.0000 refined_color=-1 color_score=0.00 color_source=-1
[DEBUG] armors=0, targets=1
[2026-09-05 22:59:57.393] [info] [YOLO26][DET] above_0p2=1 after_nms=1 accepted=1 max_conf=0.1014 max_class=10 max_min_kpt=0.9643 refined_color=1 color_score=-74.96 color_source=1
[DEBUG] armors=1, targets=1
[2026-09-05 22:59:57.394] [info] [DRYRUN] measured_gimbal=(3.977,0.404,0.050) measured_world=(3.894,0.907,0.041) tracked_world=(4.092,0.392,0.041) target_gimbal_deg=(5.81,0.72) target_world_deg=(13.11,0.59) gimbal_deg=(7.31,0.13) armor_y_px=541.5 pixel_error_deg=(0.31,0.04) ballistic=(range=nanm holdover=0.000m comp=0.00deg residual=0.04deg) q_wxyz=(0.997967,0.000073,0.001147,-0.063723) cmd_deg=(8.16,0.18) packed_pitch_deg=0.18 control=true shoot=false
[2026-09-05 22:59:57.412] [info] [YOLO26][DET] above_0p2=0 after_nms=0 accepted=0 max_conf=0.0571 max_class=10 max_min_kpt=0.0000 refined_color=-1 color_score=0.00 color_source=-1
[DEBUG] armors=0, targets=1
[2026-09-05 22:59:57.433] [info] [YOLO26][DET] above_0p2=0 after_nms=0 accepted=0 max_conf=0.0686 max_class=10 max_min_kpt=0.0000 refined_color=-1 color_score=0.00 color_source=-1
[DEBUG] armors=0, targets=1
[2026-09-05 22:59:57.452] [info] [YOLO26][DET] above_0p2=0 after_nms=0 accepted=0 max_conf=0.0468 max_class=10 max_min_kpt=0.0000 refined_color=-1 color_score=0.00 color_source=-1
[DEBUG] armors=0, targets=1
[2026-09-05 22:59:57.472] [info] [YOLO26][DET] above_0p2=1 after_nms=1 accepted=1 max_conf=0.1094 max_class=10 max_min_kpt=0.9540 refined_color=1 color_score=-83.03 color_source=1
[DEBUG] armors=1, targets=1
[2026-09-05 22:59:57.492] [info] [YOLO26][DET] above_0p2=1 after_nms=1 accepted=1 max_conf=0.2110 max_class=8 max_min_kpt=0.9549 refined_color=1 color_score=-92.70 color_source=1
[DEBUG] armors=1, targets=1
[2026-09-05 22:59:57.513] [info] [YOLO26][DET] above_0p2=1 after_nms=1 accepted=1 max_conf=0.1886 max_class=8 max_min_kpt=0.9520 refined_color=1 color_score=-72.37 color_source=1
[DEBUG] armors=1, targets=1
[2026-09-05 22:59:57.532] [info] [YOLO26][DET] above_0p2=0 after_nms=0 accepted=0 max_conf=0.0270 max_class=8 max_min_kpt=0.0000 refined_color=-1 color_score=0.00 color_source=-1
[DEBUG] armors=0, targets=1
[2026-09-05 22:59:57.549] [info] [YOLO26][DET] above_0p2=0 after_nms=0 accepted=0 max_conf=0.0662 max_class=8 max_min_kpt=0.0000 refined_color=-1 color_score=0.00 color_source=-1
[2026-09-05 22:59:57.551] [info] [XUC][GYRO] center_follow=false tracker=lost omega=+0.000rad_s radius=0.000m
[DEBUG] armors=0, targets=0
[2026-09-05 22:59:57.568] [info] [YOLO26][DET] above_0p2=1 after_nms=1 accepted=1 max_conf=0.1872 max_class=8 max_min_kpt=0.9499 refined_color=1 color_score=-88.01 color_source=1
[DEBUG] armors=1, targets=1
[2026-09-05 22:59:57.588] [info] [YOLO26][DET] above_0p2=1 after_nms=1 accepted=1 max_conf=0.1277 max_class=8 max_min_kpt=0.9426 refined_color=1 color_score=-63.02 color_source=1
[DEBUG] armors=1, targets=1
[2026-09-05 22:59:57.608] [info] [YOLO26][DET] above_0p2=1 after_nms=1 accepted=1 max_conf=0.1584 max_class=8 max_min_kpt=0.9442 refined_color=1 color_score=-81.13 color_source=1
[DEBUG] armors=1, targets=1
[2026-09-05 22:59:57.626] [info] [YOLO26][DET] above_0p2=1 after_nms=1 accepted=1 max_conf=0.1013 max_class=8 max_min_kpt=0.9560 refined_color=1 color_score=-67.32 color_source=1
[DEBUG] armors=1, targets=1
[2026-09-05 22:59:57.645] [info] [YOLO26][DET] above_0p2=0 after_nms=0 accepted=0 max_conf=0.0737 max_class=8 max_min_kpt=0.0000 refined_color=-1 color_score=0.00 color_source=-1
[DEBUG] armors=0, targets=0
[2026-09-05 22:59:57.664] [info] [YOLO26][DET] above_0p2=0 after_nms=0 accepted=0 max_conf=0.0954 max_class=8 max_min_kpt=0.0000 refined_color=-1 color_score=0.00 color_source=-1
[DEBUG] armors=0, targets=0
[2026-09-05 22:59:57.683] [info] [YOLO26][DET] above_0p2=0 after_nms=0 accepted=0 max_conf=0.0512 max_class=8 max_min_kpt=0.0000 refined_color=-1 color_score=0.00 color_source=-1
[DEBUG] armors=0, targets=0
[2026-09-05 22:59:57.702] [info] [YOLO26][DET] above_0p2=0 after_nms=0 accepted=0 max_conf=0.0552 max_class=8 max_min_kpt=0.0000 refined_color=-1 color_score=0.00 color_source=-1
[DEBUG] armors=0, targets=0
[2026-09-05 22:59:57.721] [info] [YOLO26][DET] above_0p2=1 after_nms=1 accepted=1 max_conf=0.1401 max_class=8 max_min_kpt=0.9484 refined_color=1 color_score=-82.66 color_source=1
[DEBUG] armors=1, targets=1
[2026-09-05 22:59:57.740] [info] [YOLO26][DET] above_0p2=1 after_nms=1 accepted=1 max_conf=0.2286 max_class=11 max_min_kpt=0.9917 refined_color=1 color_score=-83.96 color_source=1
[DEBUG] armors=1, targets=0
[2026-09-05 22:59:57.761] [info] [YOLO26][DET] above_0p2=0 after_nms=0 accepted=0 max_conf=0.0545 max_class=11 max_min_kpt=0.0000 refined_color=-1 color_score=0.00 color_source=-1
[DEBUG] armors=0, targets=0
[2026-09-05 22:59:57.782] [info] [YOLO26][DET] above_0p2=1 after_nms=1 accepted=1 max_conf=0.3250 max_class=11 max_min_kpt=0.9964 refined_color=1 color_score=-86.04 color_source=1
[DEBUG] armors=1, targets=1
[2026-09-05 22:59:57.785] [info] [DRYRUN] measured_gimbal=(3.575,0.228,0.053) measured_world=(3.517,0.681,0.045) tracked_world=(3.517,0.681,0.045) target_gimbal_deg=(3.65,0.85) target_world_deg=(10.96,0.72) gimbal_deg=(7.31,0.13) armor_y_px=540.0 pixel_error_deg=(-2.77,0.00) ballistic=(range=nanm holdover=0.000m comp=0.00deg residual=0.00deg) q_wxyz=(0.997967,0.000073,0.001147,-0.063723) cmd_deg=(9.33,0.14) packed_pitch_deg=0.14 control=true shoot=false
[2026-09-05 22:59:57.803] [info] [YOLO26][DET] above_0p2=1 after_nms=1 accepted=1 max_conf=0.5339 max_class=11 max_min_kpt=0.9929 refined_color=1 color_score=-82.26 color_source=1
[DEBUG] armors=1, targets=1
[2026-09-05 22:59:57.822] [info] [YOLO26][DET] above_0p2=1 after_nms=1 accepted=1 max_conf=0.1382 max_class=11 max_min_kpt=0.9914 refined_color=1 color_score=-93.10 color_source=1
[DEBUG] armors=1, targets=1
[2026-09-05 22:59:57.841] [info] [YOLO26][DET] above_0p2=1 after_nms=1 accepted=1 max_conf=0.3117 max_class=11 max_min_kpt=0.9896 refined_color=1 color_score=-89.75 color_source=1
[DEBUG] armors=1, targets=1
[2026-09-05 22:59:57.860] [info] [YOLO26][DET] above_0p2=2 after_nms=2 accepted=2 max_conf=0.3666 max_class=11 max_min_kpt=0.9928 refined_color=1 color_score=-87.69 color_source=1
[2026-09-05 22:59:57.863] [info] [XUC][GYRO] center_follow=true tracker=tracking omega=-2.211rad_s radius=0.285m
[DEBUG] armors=2, targets=1
[2026-09-05 22:59:57.881] [info] [YOLO26][DET] above_0p2=1 after_nms=1 accepted=1 max_conf=0.3811 max_class=11 max_min_kpt=0.9861 refined_color=1 color_score=-82.39 color_source=1
[DEBUG] armors=1, targets=1
[2026-09-05 22:59:57.899] [info] [YOLO26][DET] above_0p2=0 after_nms=0 accepted=0 max_conf=0.0774 max_class=10 max_min_kpt=0.0000 refined_color=-1 color_score=0.00 color_source=-1
[DEBUG] armors=0, targets=1
[2026-09-05 22:59:57.920] [info] [YOLO26][DET] above_0p2=2 after_nms=2 accepted=2 max_conf=0.3595 max_class=11 max_min_kpt=0.9924 refined_color=1 color_score=-84.69 color_source=1
[DEBUG] armors=2, targets=1
[2026-09-05 22:59:57.941] [info] [YOLO26][DET] above_0p2=2 after_nms=2 accepted=2 max_conf=0.5167 max_class=11 max_min_kpt=0.9902 refined_color=1 color_score=-90.70 color_source=1
[DEBUG] armors=2, targets=1
[2026-09-05 22:59:57.962] [info] [YOLO26][DET] above_0p2=2 after_nms=2 accepted=2 max_conf=0.3088 max_class=11 max_min_kpt=0.9874 refined_color=1 color_score=-80.52 color_source=1
[DEBUG] armors=2, targets=1
[2026-09-05 22:59:57.969] [info] [SYNC][XUC] mode=0 yaw=-7.31 deg pitch=0.13 deg feeder_rpm=-4.00 wheel0_rpm=0 wheel1_rpm=0 wheel_delta=0 projectile_speed=19.36 gate=0x1E switch=0 rc=1 sticks=1 imu=1 serial=1 control=0 yaw_armed=0 pitch_active=0
[2026-09-05 22:59:57.983] [info] [YOLO26][DET] above_0p2=2 after_nms=1 accepted=1 max_conf=0.4551 max_class=11 max_min_kpt=0.9966 refined_color=1 color_score=-75.02 color_source=1
[2026-09-05 22:59:57.986] [info] [YOLO26] ==================== Performance ====================
[2026-09-05 22:59:57.986] [info] [YOLO26] Preprocess:  1.088 ms (6.3%)
[2026-09-05 22:59:57.986] [info] [YOLO26] Inference:   12.301 ms (71.6%)
[2026-09-05 22:59:57.986] [info] [YOLO26] Postprocess: 3.791 ms (22.1%)
[2026-09-05 22:59:57.986] [info] [YOLO26] Total:       17.181 ms (58.2 FPS)
[2026-09-05 22:59:57.986] [info] [YOLO26] ======================================================
[DEBUG] armors=1, targets=1
[2026-09-05 22:59:57.989] [info] [PERF] 总耗时=20.4ms (检测=17.2ms, 跟踪=0.5ms), FPS=49.1
[2026-09-05 22:59:57.989] [info] 📊 [CAMERA FPS] 瞬时帧率=49.0fps, 平均帧率=48.8fps, 总帧数=150, 运行时间=3.1s
[2026-09-05 22:59:58.004] [info] [YOLO26][DET] above_0p2=2 after_nms=2 accepted=2 max_conf=0.2747 max_class=11 max_min_kpt=0.9894 refined_color=1 color_score=-84.43 color_source=1
[DEBUG] armors=2, targets=1
[2026-09-05 22:59:58.006] [info] [XUC][FIRE] stable-window candidate started
[2026-09-05 22:59:58.022] [info] [YOLO26][DET] above_0p2=3 after_nms=2 accepted=2 max_conf=0.3747 max_class=11 max_min_kpt=0.9919 refined_color=1 color_score=-79.49 color_source=1
[DEBUG] armors=2, targets=1
[2026-09-05 22:59:58.042] [info] [YOLO26][DET] above_0p2=3 after_nms=2 accepted=2 max_conf=0.3605 max_class=11 max_min_kpt=0.9924 refined_color=1 color_score=-78.35 color_source=1
[DEBUG] armors=2, targets=1
[2026-09-05 22:59:58.044] [info] [XUC][FIRE] qualified after 40 ms, pixel error deg=(2.14,0.00) gyro=true face_error=8.28deg omega=-1.844rad_s armed=true
[2026-09-05 22:59:58.063] [info] [YOLO26][DET] above_0p2=2 after_nms=2 accepted=2 max_conf=0.5178 max_class=11 max_min_kpt=0.9808 refined_color=1 color_score=-77.39 color_source=1
[DEBUG] armors=2, targets=1
[2026-09-05 22:59:58.065] [info] [XUC][FIRE] stable window reset
[2026-09-05 22:59:58.083] [info] [YOLO26][DET] above_0p2=3 after_nms=2 accepted=2 max_conf=0.3424 max_class=10 max_min_kpt=0.9926 refined_color=1 color_score=-85.47 color_source=1
[DEBUG] armors=2, targets=1
[2026-09-05 22:59:58.103] [info] [YOLO26][DET] above_0p2=3 after_nms=3 accepted=3 max_conf=0.3654 max_class=10 max_min_kpt=0.9940 refined_color=1 color_score=-69.23 color_source=1
[DEBUG] armors=3, targets=1
[2026-09-05 22:59:58.125] [info] [YOLO26][DET] above_0p2=0 after_nms=0 accepted=0 max_conf=0.0885 max_class=10 max_min_kpt=0.0000 refined_color=-1 color_score=0.00 color_source=-1
[DEBUG] armors=0, targets=1
[2026-09-05 22:59:58.145] [info] [YOLO26][DET] above_0p2=2 after_nms=1 accepted=1 max_conf=0.1387 max_class=10 max_min_kpt=0.9594 refined_color=1 color_score=-83.57 color_source=1
[DEBUG] armors=1, targets=1
[2026-09-05 22:59:58.164] [info] [YOLO26][DET] above_0p2=1 after_nms=1 accepted=1 max_conf=0.2206 max_class=11 max_min_kpt=0.9920 refined_color=1 color_score=-87.82 color_source=1
[DEBUG] armors=1, targets=1
[2026-09-05 22:59:58.182] [info] [YOLO26][DET] above_0p2=1 after_nms=1 accepted=1 max_conf=0.1115 max_class=11 max_min_kpt=0.9920 refined_color=1 color_score=-92.48 color_source=1
[DEBUG] armors=1, targets=1
[2026-09-05 22:59:58.184] [info] [DRYRUN] measured_gimbal=(3.626,-0.012,0.055) measured_world=(3.598,0.449,0.047) tracked_world=(3.803,0.872,0.046) target_gimbal_deg=(-0.19,0.87) target_world_deg=(7.11,0.74) gimbal_deg=(7.31,0.13) armor_y_px=538.7 pixel_error_deg=(1.08,-0.03) ballistic=(range=nanm holdover=0.000m comp=0.00deg residual=-0.03deg) q_wxyz=(0.997967,0.000073,0.001147,-0.063723) cmd_deg=(7.68,0.08) packed_pitch_deg=0.08 control=true shoot=false
[2026-09-05 22:59:58.202] [info] [YOLO26][DET] above_0p2=0 after_nms=0 accepted=0 max_conf=0.0343 max_class=8 max_min_kpt=0.0000 refined_color=-1 color_score=0.00 color_source=-1
[DEBUG] armors=0, targets=1
[2026-09-05 22:59:58.221] [info] [YOLO26][DET] above_0p2=0 after_nms=0 accepted=0 max_conf=0.0766 max_class=8 max_min_kpt=0.0000 refined_color=-1 color_score=0.00 color_source=-1
[DEBUG] armors=0, targets=1
[2026-09-05 22:59:58.240] [info] [YOLO26][DET] above_0p2=0 after_nms=0 accepted=0 max_conf=0.0686 max_class=8 max_min_kpt=0.0000 refined_color=-1 color_score=0.00 color_source=-1
[DEBUG] armors=0, targets=1
[2026-09-05 22:59:58.258] [info] [YOLO26][DET] above_0p2=0 after_nms=0 accepted=0 max_conf=0.0943 max_class=8 max_min_kpt=0.0000 refined_color=-1 color_score=0.00 color_source=-1
[DEBUG] armors=0, targets=1
[2026-09-05 22:59:58.278] [info] [YOLO26][DET] above_0p2=1 after_nms=1 accepted=1 max_conf=0.1429 max_class=8 max_min_kpt=0.9633 refined_color=1 color_score=-102.29 color_source=1
[DEBUG] armors=1, targets=1
[2026-09-05 22:59:58.297] [info] [YOLO26][DET] above_0p2=0 after_nms=0 accepted=0 max_conf=0.0655 max_class=8 max_min_kpt=0.0000 refined_color=-1 color_score=0.00 color_source=-1
[DEBUG] armors=0, targets=1
[2026-09-05 22:59:58.316] [info] [YOLO26][DET] above_0p2=0 after_nms=0 accepted=0 max_conf=0.0644 max_class=8 max_min_kpt=0.0000 refined_color=-1 color_score=0.00 color_source=-1
[DEBUG] armors=0, targets=1
[2026-09-05 22:59:58.335] [info] [YOLO26][DET] above_0p2=0 after_nms=0 accepted=0 max_conf=0.0539 max_class=8 max_min_kpt=0.0000 refined_color=-1 color_score=0.00 color_source=-1
[DEBUG] armors=0, targets=1
[2026-09-05 22:59:58.354] [info] [YOLO26][DET] above_0p2=0 after_nms=0 accepted=0 max_conf=0.0677 max_class=8 max_min_kpt=0.0000 refined_color=-1 color_score=0.00 color_source=-1
[DEBUG] armors=0, targets=1
[2026-09-05 22:59:58.374] [info] [YOLO26][DET] above_0p2=1 after_nms=1 accepted=1 max_conf=0.1263 max_class=8 max_min_kpt=0.9521 refined_color=1 color_score=-65.16 color_source=1
[DEBUG] armors=1, targets=1
[2026-09-05 22:59:58.393] [info] [YOLO26][DET] above_0p2=0 after_nms=0 accepted=0 max_conf=0.0979 max_class=8 max_min_kpt=0.0000 refined_color=-1 color_score=0.00 color_source=-1
[DEBUG] armors=0, targets=1
[2026-09-05 22:59:58.413] [info] [YOLO26][DET] above_0p2=0 after_nms=0 accepted=0 max_conf=0.0636 max_class=8 max_min_kpt=0.0000 refined_color=-1 color_score=0.00 color_source=-1
[DEBUG] armors=0, targets=1
[2026-09-05 22:59:58.433] [info] [YOLO26][DET] above_0p2=0 after_nms=0 accepted=0 max_conf=0.0457 max_class=8 max_min_kpt=0.0000 refined_color=-1 color_score=0.00 color_source=-1
[DEBUG] armors=0, targets=1
[2026-09-05 22:59:58.453] [info] [YOLO26][DET] above_0p2=0 after_nms=0 accepted=0 max_conf=0.0563 max_class=8 max_min_kpt=0.0000 refined_color=-1 color_score=0.00 color_source=-1
[DEBUG] armors=0, targets=1
[2026-09-05 22:59:58.473] [info] [YOLO26][DET] above_0p2=0 after_nms=0 accepted=0 max_conf=0.0583 max_class=8 max_min_kpt=0.0000 refined_color=-1 color_score=0.00 color_source=-1
[DEBUG] armors=0, targets=1
[2026-09-05 22:59:58.490] [info] [YOLO26][DET] above_0p2=2 after_nms=1 accepted=1 max_conf=0.2737 max_class=11 max_min_kpt=0.9935 refined_color=1 color_score=-81.72 color_source=1
[DEBUG] armors=1, targets=1
[2026-09-05 22:59:58.509] [info] [YOLO26][DET] above_0p2=0 after_nms=0 accepted=0 max_conf=0.0838 max_class=8 max_min_kpt=0.0000 refined_color=-1 color_score=0.00 color_source=-1
[DEBUG] armors=0, targets=1
[2026-09-05 22:59:58.528] [info] [YOLO26][DET] above_0p2=1 after_nms=1 accepted=1 max_conf=0.1226 max_class=8 max_min_kpt=0.9603 refined_color=1 color_score=-55.92 color_source=1
[DEBUG] armors=1, targets=1
[2026-09-05 22:59:58.547] [info] [YOLO26][DET] above_0p2=1 after_nms=1 accepted=1 max_conf=0.1815 max_class=11 max_min_kpt=0.9919 refined_color=1 color_score=-83.58 color_source=1
[DEBUG] armors=1, targets=1
[2026-09-05 22:59:58.565] [info] [YOLO26][DET] above_0p2=0 after_nms=0 accepted=0 max_conf=0.0841 max_class=11 max_min_kpt=0.0000 refined_color=-1 color_score=0.00 color_source=-1
[DEBUG] armors=0, targets=1
[2026-09-05 22:59:58.583] [info] [YOLO26][DET] above_0p2=1 after_nms=1 accepted=1 max_conf=0.1015 max_class=11 max_min_kpt=0.9960 refined_color=1 color_score=-76.64 color_source=1
[DEBUG] armors=1, targets=1
[2026-09-05 22:59:58.602] [info] [YOLO26][DET] above_0p2=1 after_nms=1 accepted=1 max_conf=0.2441 max_class=11 max_min_kpt=0.9909 refined_color=1 color_score=-81.36 color_source=1
[DEBUG] armors=1, targets=1
[2026-09-05 22:59:58.621] [info] [YOLO26][DET] above_0p2=1 after_nms=1 accepted=1 max_conf=0.1090 max_class=11 max_min_kpt=0.9911 refined_color=1 color_score=-76.52 color_source=1
[DEBUG] armors=1, targets=1
[2026-09-05 22:59:58.641] [info] [YOLO26][DET] above_0p2=2 after_nms=1 accepted=1 max_conf=0.1150 max_class=8 max_min_kpt=0.9964 refined_color=1 color_score=-73.69 color_source=1
[DEBUG] armors=1, targets=1
[2026-09-05 22:59:58.659] [info] [YOLO26][DET] above_0p2=1 after_nms=1 accepted=1 max_conf=0.4771 max_class=11 max_min_kpt=0.9916 refined_color=1 color_score=-80.03 color_source=1
[DEBUG] armors=1, targets=1
[2026-09-05 22:59:58.679] [info] [YOLO26][DET] above_0p2=0 after_nms=0 accepted=0 max_conf=0.0662 max_class=11 max_min_kpt=0.0000 refined_color=-1 color_score=0.00 color_source=-1
[DEBUG] armors=0, targets=1
[2026-09-05 22:59:58.699] [info] [YOLO26][DET] above_0p2=1 after_nms=1 accepted=1 max_conf=0.1339 max_class=11 max_min_kpt=0.9953 refined_color=1 color_score=-81.16 color_source=1
[DEBUG] armors=1, targets=1
[2026-09-05 22:59:58.719] [info] [YOLO26][DET] above_0p2=1 after_nms=1 accepted=1 max_conf=0.3705 max_class=11 max_min_kpt=0.9840 refined_color=1 color_score=-73.73 color_source=1
[DEBUG] armors=1, targets=1
[2026-09-05 22:59:58.739] [info] [YOLO26][DET] above_0p2=1 after_nms=1 accepted=1 max_conf=0.5008 max_class=11 max_min_kpt=0.9884 refined_color=1 color_score=-87.54 color_source=1
[DEBUG] armors=1, targets=1
[2026-09-05 22:59:58.760] [info] [YOLO26][DET] above_0p2=2 after_nms=2 accepted=2 max_conf=0.4959 max_class=11 max_min_kpt=0.9953 refined_color=1 color_score=-89.76 color_source=1
[DEBUG] armors=2, targets=1
[2026-09-05 22:59:58.781] [info] [YOLO26][DET] above_0p2=3 after_nms=2 accepted=2 max_conf=0.1835 max_class=11 max_min_kpt=0.9922 refined_color=1 color_score=-90.90 color_source=1
[DEBUG] armors=2, targets=1
[2026-09-05 22:59:58.801] [info] [YOLO26][DET] above_0p2=1 after_nms=1 accepted=1 max_conf=0.3117 max_class=11 max_min_kpt=0.9767 refined_color=1 color_score=-81.22 color_source=1
[DEBUG] armors=1, targets=1
[2026-09-05 22:59:58.803] [info] [XUC][FIRE] stable-window candidate started
[2026-09-05 22:59:58.820] [info] [YOLO26][DET] above_0p2=2 after_nms=2 accepted=2 max_conf=0.4065 max_class=11 max_min_kpt=0.9848 refined_color=1 color_score=-82.69 color_source=1
[DEBUG] armors=2, targets=1
[2026-09-05 22:59:58.823] [info] [XUC][FIRE] stable window reset
[2026-09-05 22:59:58.841] [info] [YOLO26][DET] above_0p2=2 after_nms=2 accepted=2 max_conf=0.3560 max_class=11 max_min_kpt=0.9904 refined_color=1 color_score=-77.22 color_source=1
[DEBUG] armors=2, targets=1
[2026-09-05 22:59:58.843] [info] [XUC][FIRE] stable-window candidate started
[2026-09-05 22:59:58.862] [info] [YOLO26][DET] above_0p2=3 after_nms=2 accepted=2 max_conf=0.2234 max_class=11 max_min_kpt=0.9870 refined_color=1 color_score=-77.30 color_source=1
[DEBUG] armors=2, targets=1
[2026-09-05 22:59:58.881] [info] [YOLO26][DET] above_0p2=2 after_nms=2 accepted=2 max_conf=0.6025 max_class=11 max_min_kpt=0.9868 refined_color=1 color_score=-80.07 color_source=1
[DEBUG] armors=2, targets=1
[2026-09-05 22:59:58.885] [info] [XUC][FIRE] qualified after 40 ms, pixel error deg=(2.36,0.11) gyro=true face_error=1.97deg omega=-1.738rad_s armed=true
[2026-09-05 22:59:58.902] [info] [YOLO26][DET] above_0p2=2 after_nms=2 accepted=2 max_conf=0.4990 max_class=11 max_min_kpt=0.9931 refined_color=1 color_score=-79.52 color_source=1
[DEBUG] armors=2, targets=1
[2026-09-05 22:59:58.905] [info] [XUC][FIRE] stable window reset
[2026-09-05 22:59:58.924] [info] [YOLO26][DET] above_0p2=2 after_nms=2 accepted=2 max_conf=0.6297 max_class=11 max_min_kpt=0.9889 refined_color=1 color_score=-78.45 color_source=1
[DEBUG] armors=2, targets=1
[2026-09-05 22:59:58.944] [info] [YOLO26][DET] above_0p2=3 after_nms=3 accepted=3 max_conf=0.2552 max_class=10 max_min_kpt=0.9847 refined_color=1 color_score=-77.86 color_source=1
[DEBUG] armors=3, targets=1
[2026-09-05 22:59:58.949] [info] [SYNC][XUC] mode=0 yaw=-7.31 deg pitch=0.13 deg feeder_rpm=0.00 wheel0_rpm=0 wheel1_rpm=0 wheel_delta=0 projectile_speed=19.36 gate=0x1E switch=0 rc=1 sticks=1 imu=1 serial=1 control=0 yaw_armed=0 pitch_active=0
[2026-09-05 22:59:58.964] [info] [YOLO26][DET] above_0p2=3 after_nms=3 accepted=3 max_conf=0.4579 max_class=10 max_min_kpt=0.9843 refined_color=1 color_score=-73.73 color_source=1
[2026-09-05 22:59:58.968] [info] [YOLO26] ==================== Performance ====================
[2026-09-05 22:59:58.968] [info] [YOLO26] Preprocess:  1.096 ms (5.7%)
[2026-09-05 22:59:58.968] [info] [YOLO26] Inference:   13.272 ms (68.7%)
[2026-09-05 22:59:58.968] [info] [YOLO26] Postprocess: 4.954 ms (25.6%)
[2026-09-05 22:59:58.968] [info] [YOLO26] Total:       19.323 ms (51.8 FPS)
[2026-09-05 22:59:58.968] [info] [YOLO26] ======================================================
[DEBUG] armors=3, targets=1
[2026-09-05 22:59:58.969] [info] [DRYRUN] measured_gimbal=(3.610,-0.057,0.046) measured_world=(3.588,0.402,0.038) tracked_world=(4.098,0.828,0.040) target_gimbal_deg=(-0.91,0.73) target_world_deg=(6.40,0.60) gimbal_deg=(7.31,0.13) armor_y_px=544.6 pixel_error_deg=(1.80,0.11) ballistic=(range=nanm holdover=0.000m comp=0.00deg residual=0.11deg) q_wxyz=(0.997967,0.000073,0.001147,-0.063723) cmd_deg=(7.74,0.32) packed_pitch_deg=0.32 control=true shoot=false
[2026-09-05 22:59:58.972] [info] [PERF] 总耗时=23.0ms (检测=19.4ms, 跟踪=0.9ms), FPS=43.5
[2026-09-05 22:59:58.972] [info] 📊 [CAMERA FPS] 瞬时帧率=43.4fps, 平均帧率=49.3fps, 总帧数=200, 运行时间=4.1s
[2026-09-05 22:59:58.986] [info] [YOLO26][DET] above_0p2=2 after_nms=2 accepted=2 max_conf=0.3116 max_class=10 max_min_kpt=0.9842 refined_color=1 color_score=-72.35 color_source=1
[DEBUG] armors=2, targets=1
[2026-09-05 22:59:59.007] [info] [YOLO26][DET] above_0p2=1 after_nms=1 accepted=1 max_conf=0.2902 max_class=11 max_min_kpt=0.9830 refined_color=1 color_score=-87.98 color_source=1
[DEBUG] armors=1, targets=1
[2026-09-05 22:59:59.027] [info] [YOLO26][DET] above_0p2=2 after_nms=2 accepted=2 max_conf=0.4632 max_class=14 max_min_kpt=0.9901 refined_color=1 color_score=-89.01 color_source=1
[DEBUG] armors=2, targets=1
[2026-09-05 22:59:59.047] [info] [YOLO26][DET] above_0p2=0 after_nms=0 accepted=0 max_conf=0.0764 max_class=10 max_min_kpt=0.0000 refined_color=-1 color_score=0.00 color_source=-1
[DEBUG] armors=0, targets=1
[2026-09-05 22:59:59.067] [info] [YOLO26][DET] above_0p2=0 after_nms=0 accepted=0 max_conf=0.0721 max_class=11 max_min_kpt=0.0000 refined_color=-1 color_score=0.00 color_source=-1
[DEBUG] armors=0, targets=1
[2026-09-05 22:59:59.085] [info] [YOLO26][DET] above_0p2=1 after_nms=1 accepted=1 max_conf=0.1081 max_class=8 max_min_kpt=0.9504 refined_color=1 color_score=-77.22 color_source=1
[DEBUG] armors=1, targets=1
[2026-09-05 22:59:59.105] [info] [YOLO26][DET] above_0p2=2 after_nms=1 accepted=1 max_conf=0.1636 max_class=11 max_min_kpt=0.9883 refined_color=1 color_score=-88.26 color_source=1
[DEBUG] armors=1, targets=1
[2026-09-05 22:59:59.124] [info] [YOLO26][DET] above_0p2=0 after_nms=0 accepted=0 max_conf=0.0812 max_class=8 max_min_kpt=0.0000 refined_color=-1 color_score=0.00 color_source=-1
[DEBUG] armors=0, targets=1
[2026-09-05 22:59:59.142] [info] [YOLO26][DET] above_0p2=1 after_nms=1 accepted=1 max_conf=0.1316 max_class=8 max_min_kpt=0.9576 refined_color=1 color_score=-69.59 color_source=1
[DEBUG] armors=1, targets=1
[2026-09-05 22:59:59.161] [info] [YOLO26][DET] above_0p2=2 after_nms=1 accepted=1 max_conf=0.1367 max_class=8 max_min_kpt=0.9878 refined_color=1 color_score=-69.74 color_source=1
[DEBUG] armors=1, targets=1
[2026-09-05 22:59:59.182] [info] [YOLO26][DET] above_0p2=0 after_nms=0 accepted=0 max_conf=0.0833 max_class=10 max_min_kpt=0.0000 refined_color=-1 color_score=0.00 color_source=-1
[DEBUG] armors=0, targets=1
[2026-09-05 22:59:59.199] [info] [YOLO26][DET] above_0p2=1 after_nms=1 accepted=1 max_conf=0.1008 max_class=8 max_min_kpt=0.9665 refined_color=1 color_score=-66.99 color_source=1
[DEBUG] armors=1, targets=1
[2026-09-05 22:59:59.218] [info] [YOLO26][DET] above_0p2=2 after_nms=1 accepted=1 max_conf=0.1067 max_class=8 max_min_kpt=0.9417 refined_color=1 color_score=-89.52 color_source=1
[DEBUG] armors=1, targets=1
[2026-09-05 22:59:59.237] [info] [YOLO26][DET] above_0p2=1 after_nms=1 accepted=1 max_conf=0.1512 max_class=8 max_min_kpt=0.9371 refined_color=1 color_score=-58.82 color_source=1
[DEBUG] armors=1, targets=1
[2026-09-05 22:59:59.257] [info] [YOLO26][DET] above_0p2=2 after_nms=1 accepted=1 max_conf=0.1857 max_class=11 max_min_kpt=0.9923 refined_color=1 color_score=-90.21 color_source=1
[DEBUG] armors=1, targets=1
[2026-09-05 22:59:59.277] [info] [YOLO26][DET] above_0p2=0 after_nms=0 accepted=0 max_conf=0.0488 max_class=8 max_min_kpt=0.0000 refined_color=-1 color_score=0.00 color_source=-1
[DEBUG] armors=0, targets=1
[2026-09-05 22:59:59.298] [info] [YOLO26][DET] above_0p2=0 after_nms=0 accepted=0 max_conf=0.0171 max_class=11 max_min_kpt=0.0000 refined_color=-1 color_score=0.00 color_source=-1
[DEBUG] armors=0, targets=1
[2026-09-05 22:59:59.317] [info] [YOLO26][DET] above_0p2=1 after_nms=1 accepted=1 max_conf=0.1027 max_class=11 max_min_kpt=0.9860 refined_color=1 color_score=-83.41 color_source=1
[DEBUG] armors=1, targets=1
[2026-09-05 22:59:59.338] [info] [YOLO26][DET] above_0p2=0 after_nms=0 accepted=0 max_conf=0.0661 max_class=8 max_min_kpt=0.0000 refined_color=-1 color_score=0.00 color_source=-1
[DEBUG] armors=0, targets=1
[2026-09-05 22:59:59.357] [info] [YOLO26][DET] above_0p2=2 after_nms=1 accepted=1 max_conf=0.1987 max_class=8 max_min_kpt=0.9901 refined_color=1 color_score=-71.86 color_source=1
[DEBUG] armors=1, targets=1
[2026-09-05 22:59:59.360] [info] [DRYRUN] measured_gimbal=(3.437,0.122,0.049) measured_world=(3.394,0.558,0.041) tracked_world=(4.120,0.540,0.041) target_gimbal_deg=(2.03,0.81) target_world_deg=(9.34,0.68) gimbal_deg=(7.31,0.13) armor_y_px=543.6 pixel_error_deg=(-1.51,0.09) ballistic=(range=nanm holdover=0.000m comp=0.00deg residual=0.09deg) q_wxyz=(0.997967,0.000073,0.001147,-0.063723) cmd_deg=(7.36,0.28) packed_pitch_deg=0.28 control=true shoot=false
[2026-09-05 22:59:59.376] [info] [YOLO26][DET] above_0p2=0 after_nms=0 accepted=0 max_conf=0.0748 max_class=8 max_min_kpt=0.0000 refined_color=-1 color_score=0.00 color_source=-1
[DEBUG] armors=0, targets=1
[2026-09-05 22:59:59.394] [info] [YOLO26][DET] above_0p2=0 after_nms=0 accepted=0 max_conf=0.0911 max_class=8 max_min_kpt=0.0000 refined_color=-1 color_score=0.00 color_source=-1
[DEBUG] armors=0, targets=1
[2026-09-05 22:59:59.415] [info] [YOLO26][DET] above_0p2=0 after_nms=0 accepted=0 max_conf=0.0492 max_class=8 max_min_kpt=0.0000 refined_color=-1 color_score=0.00 color_source=-1
[DEBUG] armors=0, targets=1
[2026-09-05 22:59:59.433] [info] [YOLO26][DET] above_0p2=0 after_nms=0 accepted=0 max_conf=0.0328 max_class=8 max_min_kpt=0.0000 refined_color=-1 color_score=0.00 color_source=-1
[DEBUG] armors=0, targets=1
[2026-09-05 22:59:59.452] [info] [YOLO26][DET] above_0p2=0 after_nms=0 accepted=0 max_conf=0.0837 max_class=8 max_min_kpt=0.0000 refined_color=-1 color_score=0.00 color_source=-1
[DEBUG] armors=0, targets=1
[2026-09-05 22:59:59.471] [info] [YOLO26][DET] above_0p2=0 after_nms=0 accepted=0 max_conf=0.0790 max_class=8 max_min_kpt=0.0000 refined_color=-1 color_score=0.00 color_source=-1
[DEBUG] armors=0, targets=1
[2026-09-05 22:59:59.490] [info] [YOLO26][DET] above_0p2=0 after_nms=0 accepted=0 max_conf=0.0262 max_class=8 max_min_kpt=0.0000 refined_color=-1 color_score=0.00 color_source=-1
[DEBUG] armors=0, targets=1
[2026-09-05 22:59:59.509] [info] [YOLO26][DET] above_0p2=1 after_nms=1 accepted=1 max_conf=0.4143 max_class=11 max_min_kpt=0.9922 refined_color=1 color_score=-85.06 color_source=1
[DEBUG] armors=1, targets=1
[2026-09-05 22:59:59.530] [info] [YOLO26][DET] above_0p2=1 after_nms=1 accepted=1 max_conf=0.1117 max_class=11 max_min_kpt=0.9812 refined_color=1 color_score=-74.96 color_source=1
[DEBUG] armors=1, targets=1
[2026-09-05 22:59:59.550] [info] [YOLO26][DET] above_0p2=1 after_nms=1 accepted=1 max_conf=0.1731 max_class=10 max_min_kpt=0.9540 refined_color=1 color_score=-83.10 color_source=1
[DEBUG] armors=1, targets=1
[2026-09-05 22:59:59.570] [info] [YOLO26][DET] above_0p2=2 after_nms=2 accepted=2 max_conf=0.1823 max_class=10 max_min_kpt=0.9674 refined_color=1 color_score=-77.74 color_source=1
[DEBUG] armors=2, targets=1
[2026-09-05 22:59:59.590] [info] [YOLO26][DET] above_0p2=0 after_nms=0 accepted=0 max_conf=0.0806 max_class=10 max_min_kpt=0.0000 refined_color=-1 color_score=0.00 color_source=-1
[DEBUG] armors=0, targets=1
[2026-09-05 22:59:59.610] [info] [YOLO26][DET] above_0p2=0 after_nms=0 accepted=0 max_conf=0.0871 max_class=10 max_min_kpt=0.0000 refined_color=-1 color_score=0.00 color_source=-1
[DEBUG] armors=0, targets=1
[2026-09-05 22:59:59.631] [info] [YOLO26][DET] above_0p2=1 after_nms=1 accepted=1 max_conf=0.4820 max_class=11 max_min_kpt=0.9876 refined_color=1 color_score=-83.89 color_source=1
[DEBUG] armors=1, targets=1
[2026-09-05 22:59:59.649] [info] [YOLO26][DET] above_0p2=1 after_nms=1 accepted=1 max_conf=0.3327 max_class=11 max_min_kpt=0.9852 refined_color=1 color_score=-87.63 color_source=1
[DEBUG] armors=1, targets=1
[2026-09-05 22:59:59.669] [info] [YOLO26][DET] above_0p2=2 after_nms=2 accepted=2 max_conf=0.2213 max_class=11 max_min_kpt=0.9827 refined_color=1 color_score=-95.81 color_source=1
[DEBUG] armors=2, targets=1
[2026-09-05 22:59:59.690] [info] [YOLO26][DET] above_0p2=2 after_nms=2 accepted=2 max_conf=0.2839 max_class=11 max_min_kpt=0.9952 refined_color=1 color_score=-83.26 color_source=1
[DEBUG] armors=2, targets=1
[2026-09-05 22:59:59.710] [info] [YOLO26][DET] above_0p2=2 after_nms=2 accepted=2 max_conf=0.6297 max_class=11 max_min_kpt=0.9819 refined_color=1 color_score=-85.06 color_source=1
[DEBUG] armors=2, targets=1
[2026-09-05 22:59:59.730] [info] [YOLO26][DET] above_0p2=1 after_nms=1 accepted=1 max_conf=0.6491 max_class=11 max_min_kpt=0.9756 refined_color=1 color_score=-78.90 color_source=1
[DEBUG] armors=1, targets=1
[2026-09-05 22:59:59.752] [info] [YOLO26][DET] above_0p2=2 after_nms=2 accepted=2 max_conf=0.6501 max_class=11 max_min_kpt=0.9903 refined_color=1 color_score=-78.31 color_source=1
[DEBUG] armors=2, targets=1
[2026-09-05 22:59:59.754] [info] [DRYRUN] measured_gimbal=(3.697,0.345,0.049) measured_world=(3.623,0.813,0.040) tracked_world=(4.045,0.438,0.038) target_gimbal_deg=(5.33,0.75) target_world_deg=(12.64,0.62) gimbal_deg=(7.31,0.13) armor_y_px=542.8 pixel_error_deg=(-4.43,0.07) ballistic=(range=nanm holdover=0.000m comp=0.00deg residual=0.07deg) q_wxyz=(0.997967,0.000073,0.001147,-0.063723) cmd_deg=(7.87,0.23) packed_pitch_deg=0.23 control=true shoot=false
[2026-09-05 22:59:59.772] [info] [YOLO26][DET] above_0p2=2 after_nms=2 accepted=2 max_conf=0.6578 max_class=11 max_min_kpt=0.9927 refined_color=1 color_score=-81.89 color_source=1
[DEBUG] armors=2, targets=1
[2026-09-05 22:59:59.776] [info] [XUC][FIRE] stable-window candidate started
[2026-09-05 22:59:59.792] [info] [YOLO26][DET] above_0p2=2 after_nms=2 accepted=2 max_conf=0.6090 max_class=11 max_min_kpt=0.9888 refined_color=1 color_score=-82.23 color_source=1
[DEBUG] armors=2, targets=1
[2026-09-05 22:59:59.811] [info] [YOLO26][DET] above_0p2=4 after_nms=2 accepted=2 max_conf=0.5039 max_class=11 max_min_kpt=0.9916 refined_color=1 color_score=-72.42 color_source=1
[DEBUG] armors=2, targets=1
[2026-09-05 22:59:59.814] [info] [XUC][FIRE] qualified after 47 ms, pixel error deg=(2.07,0.11) gyro=true face_error=1.46deg omega=-1.567rad_s armed=true
[2026-09-05 22:59:59.831] [info] [YOLO26][DET] above_0p2=3 after_nms=3 accepted=3 max_conf=0.6618 max_class=11 max_min_kpt=0.9865 refined_color=1 color_score=-88.42 color_source=1
[DEBUG] armors=3, targets=1
[2026-09-05 22:59:59.833] [info] [XUC][FIRE] stable window reset
[2026-09-05 22:59:59.850] [info] [YOLO26][DET] above_0p2=2 after_nms=2 accepted=2 max_conf=0.3124 max_class=10 max_min_kpt=0.9880 refined_color=1 color_score=-79.27 color_source=1
[DEBUG] armors=2, targets=1
[2026-09-05 22:59:59.869] [info] [YOLO26][DET] above_0p2=3 after_nms=2 accepted=2 max_conf=0.2808 max_class=10 max_min_kpt=0.9887 refined_color=1 color_score=-63.27 color_source=1
[DEBUG] armors=2, targets=1
[2026-09-05 22:59:59.889] [info] [YOLO26][DET] above_0p2=2 after_nms=1 accepted=1 max_conf=0.1551 max_class=10 max_min_kpt=0.9554 refined_color=1 color_score=-60.98 color_source=1
[DEBUG] armors=1, targets=1
[2026-09-05 22:59:59.909] [info] [YOLO26][DET] above_0p2=3 after_nms=1 accepted=1 max_conf=0.1771 max_class=11 max_min_kpt=0.9812 refined_color=1 color_score=-82.56 color_source=1
[DEBUG] armors=1, targets=1
[2026-09-05 22:59:59.929] [info] [YOLO26][DET] above_0p2=3 after_nms=2 accepted=2 max_conf=0.2056 max_class=10 max_min_kpt=0.9855 refined_color=1 color_score=-87.58 color_source=1
[DEBUG] armors=2, targets=1
[2026-09-05 22:59:59.935] [info] [SYNC][XUC] mode=0 yaw=-7.31 deg pitch=0.13 deg feeder_rpm=0.00 wheel0_rpm=0 wheel1_rpm=0 wheel_delta=0 projectile_speed=19.36 gate=0x1E switch=0 rc=1 sticks=1 imu=1 serial=1 control=0 yaw_armed=0 pitch_active=0
[2026-09-05 22:59:59.950] [info] [YOLO26][DET] above_0p2=0 after_nms=0 accepted=0 max_conf=0.0947 max_class=10 max_min_kpt=0.0000 refined_color=-1 color_score=0.00 color_source=-1
[2026-09-05 22:59:59.954] [info] [YOLO26] ==================== Performance ====================
[2026-09-05 22:59:59.954] [info] [YOLO26] Preprocess:  2.098 ms (10.7%)
[2026-09-05 22:59:59.954] [info] [YOLO26] Inference:   13.200 ms (67.2%)
[2026-09-05 22:59:59.954] [info] [YOLO26] Postprocess: 4.350 ms (22.1%)
[2026-09-05 22:59:59.954] [info] [YOLO26] Total:       19.649 ms (50.9 FPS)
[2026-09-05 22:59:59.954] [info] [YOLO26] ======================================================
[DEBUG] armors=0, targets=1
[2026-09-05 22:59:59.957] [info] [PERF] 总耗时=22.5ms (检测=19.7ms, 跟踪=0.1ms), FPS=44.4
[2026-09-05 22:59:59.957] [info] 📊 [CAMERA FPS] 瞬时帧率=44.3fps, 平均帧率=49.6fps, 总帧数=250, 运行时间=5.0s
[2026-09-05 22:59:59.971] [info] [YOLO26][DET] above_0p2=0 after_nms=0 accepted=0 max_conf=0.0497 max_class=8 max_min_kpt=0.0000 refined_color=-1 color_score=0.00 color_source=-1
[DEBUG] armors=0, targets=1
[2026-09-05 22:59:59.991] [info] [YOLO26][DET] above_0p2=2 after_nms=1 accepted=1 max_conf=0.3189 max_class=11 max_min_kpt=0.9963 refined_color=1 color_score=-81.70 color_source=1
[DEBUG] armors=1, targets=1
[2026-09-05 23:00:00.009] [info] [YOLO26][DET] above_0p2=2 after_nms=1 accepted=1 max_conf=0.1706 max_class=11 max_min_kpt=0.9841 refined_color=1 color_score=-85.52 color_source=1
[DEBUG] armors=1, targets=1
[2026-09-05 23:00:00.027] [info] [YOLO26][DET] above_0p2=0 after_nms=0 accepted=0 max_conf=0.0426 max_class=8 max_min_kpt=0.0000 refined_color=-1 color_score=0.00 color_source=-1
[DEBUG] armors=0, targets=1
[2026-09-05 23:00:00.046] [info] [YOLO26][DET] above_0p2=0 after_nms=0 accepted=0 max_conf=0.0959 max_class=8 max_min_kpt=0.0000 refined_color=-1 color_score=0.00 color_source=-1
[DEBUG] armors=0, targets=1
[2026-09-05 23:00:00.067] [info] [YOLO26][DET] above_0p2=0 after_nms=0 accepted=0 max_conf=0.0840 max_class=10 max_min_kpt=0.0000 refined_color=-1 color_score=0.00 color_source=-1
[DEBUG] armors=0, targets=1
[2026-09-05 23:00:00.087] [info] [YOLO26][DET] above_0p2=1 after_nms=1 accepted=1 max_conf=0.1336 max_class=10 max_min_kpt=0.9603 refined_color=1 color_score=-59.00 color_source=1
[DEBUG] armors=1, targets=1
[2026-09-05 23:00:00.107] [info] [YOLO26][DET] above_0p2=0 after_nms=0 accepted=0 max_conf=0.0621 max_class=10 max_min_kpt=0.0000 refined_color=-1 color_score=0.00 color_source=-1
[DEBUG] armors=0, targets=1
[2026-09-05 23:00:00.127] [info] [YOLO26][DET] above_0p2=1 after_nms=1 accepted=1 max_conf=0.1412 max_class=10 max_min_kpt=0.9483 refined_color=1 color_score=-84.20 color_source=1
[DEBUG] armors=1, targets=1
[2026-09-05 23:00:00.147] [info] [YOLO26][DET] above_0p2=1 after_nms=1 accepted=1 max_conf=0.1515 max_class=8 max_min_kpt=0.9437 refined_color=1 color_score=-62.40 color_source=1
[DEBUG] armors=1, targets=1
[2026-09-05 23:00:00.148] [info] [DRYRUN] measured_gimbal=(3.595,0.018,0.048) measured_world=(3.564,0.476,0.039) tracked_world=(3.942,0.329,0.034) target_gimbal_deg=(0.29,0.76) target_world_deg=(7.60,0.63) gimbal_deg=(7.31,0.13) armor_y_px=542.9 pixel_error_deg=(-0.54,0.07) ballistic=(range=nanm holdover=0.000m comp=0.00deg residual=0.07deg) q_wxyz=(0.997967,0.000073,0.001147,-0.063723) cmd_deg=(7.92,0.26) packed_pitch_deg=0.26 control=true shoot=false
[2026-09-05 23:00:00.166] [info] [YOLO26][DET] above_0p2=0 after_nms=0 accepted=0 max_conf=0.0608 max_class=8 max_min_kpt=0.0000 refined_color=-1 color_score=0.00 color_source=-1
[DEBUG] armors=0, targets=1
[2026-09-05 23:00:00.186] [info] [YOLO26][DET] above_0p2=0 after_nms=0 accepted=0 max_conf=0.0169 max_class=11 max_min_kpt=0.0000 refined_color=-1 color_score=0.00 color_source=-1
[DEBUG] armors=0, targets=1
[2026-09-05 23:00:00.208] [info] [YOLO26][DET] above_0p2=1 after_nms=1 accepted=1 max_conf=0.1439 max_class=11 max_min_kpt=0.9949 refined_color=1 color_score=-86.79 color_source=1
[DEBUG] armors=1, targets=1
[2026-09-05 23:00:00.227] [info] [YOLO26][DET] above_0p2=0 after_nms=0 accepted=0 max_conf=0.0250 max_class=8 max_min_kpt=0.0000 refined_color=-1 color_score=0.00 color_source=-1
[DEBUG] armors=0, targets=1
[2026-09-05 23:00:00.246] [info] [YOLO26][DET] above_0p2=1 after_nms=1 accepted=1 max_conf=0.2446 max_class=11 max_min_kpt=0.9971 refined_color=1 color_score=-108.28 color_source=1
[DEBUG] armors=1, targets=1
[2026-09-05 23:00:00.266] [info] [YOLO26][DET] above_0p2=2 after_nms=1 accepted=1 max_conf=0.3010 max_class=11 max_min_kpt=0.9924 refined_color=1 color_score=-76.48 color_source=1
[DEBUG] armors=1, targets=1
[2026-09-05 23:00:00.284] [info] [YOLO26][DET] above_0p2=0 after_nms=0 accepted=0 max_conf=0.0646 max_class=8 max_min_kpt=0.0000 refined_color=-1 color_score=0.00 color_source=-1
[DEBUG] armors=0, targets=1
[2026-09-05 23:00:00.304] [info] [YOLO26][DET] above_0p2=1 after_nms=1 accepted=1 max_conf=0.3066 max_class=11 max_min_kpt=0.9966 refined_color=1 color_score=-95.80 color_source=1
[DEBUG] armors=1, targets=1
[2026-09-05 23:00:00.324] [info] [YOLO26][DET] above_0p2=1 after_nms=1 accepted=1 max_conf=0.3942 max_class=11 max_min_kpt=0.9863 refined_color=1 color_score=-80.38 color_source=1
[DEBUG] armors=1, targets=1
[2026-09-05 23:00:00.344] [info] [YOLO26][DET] above_0p2=1 after_nms=1 accepted=1 max_conf=0.1410 max_class=11 max_min_kpt=0.9839 refined_color=1 color_score=-85.47 color_source=1
[DEBUG] armors=1, targets=1
[2026-09-05 23:00:00.364] [info] [YOLO26][DET] above_0p2=1 after_nms=1 accepted=1 max_conf=0.3497 max_class=11 max_min_kpt=0.9928 refined_color=1 color_score=-89.84 color_source=1
[DEBUG] armors=1, targets=1
[2026-09-05 23:00:00.385] [info] [YOLO26][DET] above_0p2=0 after_nms=0 accepted=0 max_conf=0.0413 max_class=11 max_min_kpt=0.0000 refined_color=-1 color_score=0.00 color_source=-1
[DEBUG] armors=0, targets=1
[2026-09-05 23:00:00.403] [info] [YOLO26][DET] above_0p2=2 after_nms=1 accepted=1 max_conf=0.2630 max_class=11 max_min_kpt=0.9975 refined_color=1 color_score=-85.53 color_source=1
[DEBUG] armors=1, targets=1
[2026-09-05 23:00:00.424] [info] [YOLO26][DET] above_0p2=1 after_nms=1 accepted=1 max_conf=0.2559 max_class=11 max_min_kpt=0.9865 refined_color=1 color_score=-82.71 color_source=1
[DEBUG] armors=1, targets=1
[2026-09-05 23:00:00.443] [info] [YOLO26][DET] above_0p2=1 after_nms=1 accepted=1 max_conf=0.1004 max_class=10 max_min_kpt=0.9488 refined_color=1 color_score=-81.19 color_source=1
[DEBUG] armors=1, targets=1
[2026-09-05 23:00:00.462] [info] [YOLO26][DET] above_0p2=1 after_nms=1 accepted=1 max_conf=0.1824 max_class=10 max_min_kpt=0.9643 refined_color=1 color_score=-82.67 color_source=1
[DEBUG] armors=1, targets=1
[2026-09-05 23:00:00.481] [info] [YOLO26][DET] above_0p2=0 after_nms=0 accepted=0 max_conf=0.0663 max_class=11 max_min_kpt=0.0000 refined_color=-1 color_score=0.00 color_source=-1
[DEBUG] armors=0, targets=1
[2026-09-05 23:00:00.499] [info] [YOLO26][DET] above_0p2=1 after_nms=1 accepted=1 max_conf=0.1524 max_class=10 max_min_kpt=0.9178 refined_color=1 color_score=-71.25 color_source=1
[DEBUG] armors=1, targets=1
[2026-09-05 23:00:00.517] [info] [YOLO26][DET] above_0p2=1 after_nms=1 accepted=1 max_conf=0.2236 max_class=11 max_min_kpt=0.9787 refined_color=1 color_score=-80.22 color_source=1
[DEBUG] armors=1, targets=1
[2026-09-05 23:00:00.537] [info] [YOLO26][DET] above_0p2=3 after_nms=2 accepted=2 max_conf=0.3878 max_class=11 max_min_kpt=0.9924 refined_color=1 color_score=-83.13 color_source=1
[DEBUG] armors=2, targets=1
[2026-09-05 23:00:00.540] [info] [DRYRUN] measured_gimbal=(3.636,0.295,0.051) measured_world=(3.569,0.755,0.042) tracked_world=(3.716,0.350,0.039) target_gimbal_deg=(4.64,0.80) target_world_deg=(11.95,0.66) gimbal_deg=(7.31,0.13) armor_y_px=541.7 pixel_error_deg=(-3.75,0.04) ballistic=(range=nanm holdover=0.000m comp=0.00deg residual=0.04deg) q_wxyz=(0.997967,0.000073,0.001147,-0.063723) cmd_deg=(7.81,0.19) packed_pitch_deg=0.19 control=true shoot=false
[2026-09-05 23:00:00.559] [info] [YOLO26][DET] above_0p2=1 after_nms=1 accepted=1 max_conf=0.3664 max_class=11 max_min_kpt=0.9829 refined_color=1 color_score=-101.35 color_source=1
[DEBUG] armors=1, targets=1
[2026-09-05 23:00:00.578] [info] [YOLO26][DET] above_0p2=3 after_nms=2 accepted=2 max_conf=0.3424 max_class=11 max_min_kpt=0.9890 refined_color=1 color_score=-84.52 color_source=1
[DEBUG] armors=2, targets=1
[2026-09-05 23:00:00.599] [info] [YOLO26][DET] above_0p2=2 after_nms=2 accepted=2 max_conf=0.3453 max_class=11 max_min_kpt=0.9911 refined_color=1 color_score=-83.35 color_source=1
[DEBUG] armors=2, targets=1
[2026-09-05 23:00:00.620] [info] [YOLO26][DET] above_0p2=3 after_nms=2 accepted=2 max_conf=0.7694 max_class=11 max_min_kpt=0.9869 refined_color=1 color_score=-87.19 color_source=1
[DEBUG] armors=2, targets=1
[2026-09-05 23:00:00.624] [info] [XUC][FIRE] stable-window candidate started
[2026-09-05 23:00:00.641] [info] [YOLO26][DET] above_0p2=3 after_nms=2 accepted=2 max_conf=0.5672 max_class=11 max_min_kpt=0.9945 refined_color=1 color_score=-79.45 color_source=1
[DEBUG] armors=2, targets=1
[2026-09-05 23:00:00.660] [info] [YOLO26][DET] above_0p2=2 after_nms=2 accepted=2 max_conf=0.6104 max_class=11 max_min_kpt=0.9958 refined_color=1 color_score=-80.97 color_source=1
[DEBUG] armors=2, targets=1
[2026-09-05 23:00:00.662] [info] [XUC][FIRE] qualified after 47 ms, pixel error deg=(2.00,0.04) gyro=true face_error=0.40deg omega=-1.730rad_s armed=true
[2026-09-05 23:00:00.679] [info] [YOLO26][DET] above_0p2=3 after_nms=2 accepted=2 max_conf=0.7678 max_class=11 max_min_kpt=0.9867 refined_color=1 color_score=-77.30 color_source=1
[DEBUG] armors=2, targets=1
[2026-09-05 23:00:00.682] [info] [XUC][FIRE] stable window reset
[2026-09-05 23:00:00.698] [info] [YOLO26][DET] above_0p2=3 after_nms=3 accepted=3 max_conf=0.5904 max_class=11 max_min_kpt=0.9882 refined_color=1 color_score=-81.20 color_source=1
[DEBUG] armors=3, targets=1
[2026-09-05 23:00:00.718] [info] [YOLO26][DET] above_0p2=3 after_nms=3 accepted=3 max_conf=0.2965 max_class=10 max_min_kpt=0.9940 refined_color=1 color_score=-72.38 color_source=1
[DEBUG] armors=3, targets=1
[2026-09-05 23:00:00.739] [info] [YOLO26][DET] above_0p2=2 after_nms=2 accepted=2 max_conf=0.1382 max_class=11 max_min_kpt=0.9835 refined_color=1 color_score=-77.30 color_source=1
[DEBUG] armors=2, targets=1
[2026-09-05 23:00:00.760] [info] [YOLO26][DET] above_0p2=1 after_nms=1 accepted=1 max_conf=0.2809 max_class=10 max_min_kpt=0.9471 refined_color=1 color_score=-84.48 color_source=1
[DEBUG] armors=1, targets=1
[2026-09-05 23:00:00.780] [info] [YOLO26][DET] above_0p2=1 after_nms=1 accepted=1 max_conf=0.1810 max_class=10 max_min_kpt=0.9593 refined_color=1 color_score=-82.76 color_source=1
[DEBUG] armors=1, targets=1
[2026-09-05 23:00:00.800] [info] [YOLO26][DET] above_0p2=1 after_nms=1 accepted=1 max_conf=0.1392 max_class=10 max_min_kpt=0.9461 refined_color=1 color_score=-85.52 color_source=1
[DEBUG] armors=1, targets=1
[2026-09-05 23:00:00.822] [info] [YOLO26][DET] above_0p2=0 after_nms=0 accepted=0 max_conf=0.0475 max_class=10 max_min_kpt=0.0000 refined_color=-1 color_score=0.00 color_source=-1
[DEBUG] armors=0, targets=1
[2026-09-05 23:00:00.841] [info] [YOLO26][DET] above_0p2=1 after_nms=1 accepted=1 max_conf=0.1679 max_class=8 max_min_kpt=0.9520 refined_color=1 color_score=-74.95 color_source=1
[DEBUG] armors=1, targets=1
[2026-09-05 23:00:00.859] [info] [YOLO26][DET] above_0p2=2 after_nms=1 accepted=1 max_conf=0.1502 max_class=8 max_min_kpt=0.9494 refined_color=1 color_score=-93.54 color_source=1
[DEBUG] armors=1, targets=1
[2026-09-05 23:00:00.878] [info] [YOLO26][DET] above_0p2=0 after_nms=0 accepted=0 max_conf=0.0821 max_class=8 max_min_kpt=0.0000 refined_color=-1 color_score=0.00 color_source=-1
[DEBUG] armors=0, targets=1
[2026-09-05 23:00:00.897] [info] [YOLO26][DET] above_0p2=0 after_nms=0 accepted=0 max_conf=0.0588 max_class=8 max_min_kpt=0.0000 refined_color=-1 color_score=0.00 color_source=-1
[DEBUG] armors=0, targets=1
[2026-09-05 23:00:00.917] [info] [YOLO26][DET] above_0p2=0 after_nms=0 accepted=0 max_conf=0.0987 max_class=10 max_min_kpt=0.0000 refined_color=-1 color_score=0.00 color_source=-1
[DEBUG] armors=0, targets=1
[2026-09-05 23:00:00.921] [info] [SYNC][XUC] mode=0 yaw=-7.31 deg pitch=0.13 deg feeder_rpm=0.00 wheel0_rpm=0 wheel1_rpm=0 wheel_delta=0 projectile_speed=19.36 gate=0x1E switch=0 rc=1 sticks=1 imu=1 serial=1 control=0 yaw_armed=0 pitch_active=0
[2026-09-05 23:00:00.936] [info] [YOLO26][DET] above_0p2=0 after_nms=0 accepted=0 max_conf=0.0899 max_class=10 max_min_kpt=0.0000 refined_color=-1 color_score=0.00 color_source=-1
[2026-09-05 23:00:00.940] [info] [YOLO26] ==================== Performance ====================
[2026-09-05 23:00:00.940] [info] [YOLO26] Preprocess:  1.321 ms (7.0%)
[2026-09-05 23:00:00.940] [info] [YOLO26] Inference:   13.684 ms (72.4%)
[2026-09-05 23:00:00.940] [info] [YOLO26] Postprocess: 3.898 ms (20.6%)
[2026-09-05 23:00:00.940] [info] [YOLO26] Total:       18.904 ms (52.9 FPS)
[2026-09-05 23:00:00.940] [info] [YOLO26] ======================================================
[DEBUG] armors=0, targets=1
[2026-09-05 23:00:00.943] [info] [PERF] 总耗时=22.0ms (检测=18.9ms, 跟踪=0.0ms), FPS=45.4
[2026-09-05 23:00:00.943] [info] 📊 [CAMERA FPS] 瞬时帧率=45.4fps, 平均帧率=49.8fps, 总帧数=300, 运行时间=6.0s
[2026-09-05 23:00:00.957] [info] [YOLO26][DET] above_0p2=0 after_nms=0 accepted=0 max_conf=0.0705 max_class=10 max_min_kpt=0.0000 refined_color=-1 color_score=0.00 color_source=-1
[DEBUG] armors=0, targets=1
[2026-09-05 23:00:00.977] [info] [YOLO26][DET] above_0p2=1 after_nms=1 accepted=1 max_conf=0.1236 max_class=10 max_min_kpt=0.9530 refined_color=1 color_score=-70.48 color_source=1
[DEBUG] armors=1, targets=1
[2026-09-05 23:00:00.997] [info] [YOLO26][DET] above_0p2=1 after_nms=1 accepted=1 max_conf=0.1623 max_class=8 max_min_kpt=0.9564 refined_color=1 color_score=-81.89 color_source=1
[DEBUG] armors=1, targets=1
[2026-09-05 23:00:01.017] [info] [YOLO26][DET] above_0p2=1 after_nms=1 accepted=1 max_conf=0.2045 max_class=8 max_min_kpt=0.9487 refined_color=1 color_score=-104.49 color_source=1
[DEBUG] armors=1, targets=1
[2026-09-05 23:00:01.035] [info] [YOLO26][DET] above_0p2=0 after_nms=0 accepted=0 max_conf=0.0361 max_class=8 max_min_kpt=0.0000 refined_color=-1 color_score=0.00 color_source=-1
[DEBUG] armors=0, targets=1
[2026-09-05 23:00:01.054] [info] [YOLO26][DET] above_0p2=0 after_nms=0 accepted=0 max_conf=0.0443 max_class=8 max_min_kpt=0.0000 refined_color=-1 color_score=0.00 color_source=-1
[2026-09-05 23:00:01.056] [info] [XUC][GYRO] center_follow=false tracker=lost omega=+0.000rad_s radius=0.000m
[DEBUG] armors=0, targets=0
[2026-09-05 23:00:01.073] [info] [YOLO26][DET] above_0p2=0 after_nms=0 accepted=0 max_conf=0.0999 max_class=8 max_min_kpt=0.0000 refined_color=-1 color_score=0.00 color_source=-1
[DEBUG] armors=0, targets=0
[2026-09-05 23:00:01.093] [info] [YOLO26][DET] above_0p2=1 after_nms=1 accepted=1 max_conf=0.1420 max_class=8 max_min_kpt=0.9447 refined_color=1 color_score=-70.24 color_source=1
[DEBUG] armors=1, targets=1
[2026-09-05 23:00:01.112] [info] [YOLO26][DET] above_0p2=1 after_nms=1 accepted=1 max_conf=0.1802 max_class=8 max_min_kpt=0.9446 refined_color=1 color_score=-78.87 color_source=1
[DEBUG] armors=1, targets=1
[2026-09-05 23:00:01.132] [info] [YOLO26][DET] above_0p2=0 after_nms=0 accepted=0 max_conf=0.0882 max_class=8 max_min_kpt=0.0000 refined_color=-1 color_score=0.00 color_source=-1
[DEBUG] armors=0, targets=0
[2026-09-05 23:00:01.152] [info] [YOLO26][DET] above_0p2=0 after_nms=0 accepted=0 max_conf=0.0866 max_class=8 max_min_kpt=0.0000 refined_color=-1 color_score=0.00 color_source=-1
[DEBUG] armors=0, targets=0
[2026-09-05 23:00:01.172] [info] [YOLO26][DET] above_0p2=1 after_nms=1 accepted=1 max_conf=0.1051 max_class=8 max_min_kpt=0.9660 refined_color=1 color_score=-68.42 color_source=1
[DEBUG] armors=1, targets=1
[2026-09-05 23:00:01.191] [info] [YOLO26][DET] above_0p2=0 after_nms=0 accepted=0 max_conf=0.0459 max_class=8 max_min_kpt=0.0000 refined_color=-1 color_score=0.00 color_source=-1
[DEBUG] armors=0, targets=0
[2026-09-05 23:00:01.211] [info] [YOLO26][DET] above_0p2=0 after_nms=0 accepted=0 max_conf=0.0611 max_class=8 max_min_kpt=0.0000 refined_color=-1 color_score=0.00 color_source=-1
[DEBUG] armors=0, targets=0
[2026-09-05 23:00:01.231] [info] [YOLO26][DET] above_0p2=2 after_nms=1 accepted=1 max_conf=0.3484 max_class=11 max_min_kpt=0.9946 refined_color=1 color_score=-94.68 color_source=1
[DEBUG] armors=1, targets=1
[2026-09-05 23:00:01.251] [info] [YOLO26][DET] above_0p2=1 after_nms=1 accepted=1 max_conf=0.1857 max_class=11 max_min_kpt=0.9919 refined_color=1 color_score=-84.83 color_source=1
[DEBUG] armors=1, targets=1
[2026-09-05 23:00:01.270] [info] [YOLO26][DET] above_0p2=1 after_nms=1 accepted=1 max_conf=0.1346 max_class=11 max_min_kpt=0.9917 refined_color=1 color_score=-87.08 color_source=1
[DEBUG] armors=1, targets=1
[2026-09-05 23:00:01.290] [info] [YOLO26][DET] above_0p2=1 after_nms=1 accepted=1 max_conf=0.5199 max_class=11 max_min_kpt=0.9946 refined_color=1 color_score=-90.51 color_source=1
[DEBUG] armors=1, targets=1
[2026-09-05 23:00:01.309] [info] [YOLO26][DET] above_0p2=1 after_nms=1 accepted=1 max_conf=0.3534 max_class=11 max_min_kpt=0.9931 refined_color=1 color_score=-85.20 color_source=1
[DEBUG] armors=1, targets=1
[2026-09-05 23:00:01.311] [info] [XUC][FIRE] stable-window candidate started
[2026-09-05 23:00:01.328] [info] [YOLO26][DET] above_0p2=2 after_nms=1 accepted=1 max_conf=0.1440 max_class=11 max_min_kpt=0.9914 refined_color=1 color_score=-89.78 color_source=1
[2026-09-05 23:00:01.330] [info] [XUC][GYRO] center_follow=true tracker=tracking omega=-1.146rad_s radius=0.187m
[DEBUG] armors=1, targets=1
[2026-09-05 23:00:01.330] [info] [XUC][FIRE] stable window reset
[2026-09-05 23:00:01.330] [info] [DRYRUN] measured_gimbal=(3.702,0.259,0.053) measured_world=(3.639,0.727,0.045) tracked_world=(3.592,0.716,0.044) target_gimbal_deg=(4.00,0.82) target_world_deg=(11.31,0.69) gimbal_deg=(7.31,0.13) armor_y_px=539.8 pixel_error_deg=(-3.10,-0.00) ballistic=(range=nanm holdover=0.000m comp=0.00deg residual=-0.00deg) q_wxyz=(0.997967,0.000073,0.001147,-0.063723) cmd_deg=(9.20,0.13) packed_pitch_deg=0.13 control=true shoot=false
[2026-09-05 23:00:01.347] [info] [YOLO26][DET] above_0p2=2 after_nms=2 accepted=2 max_conf=0.3775 max_class=11 max_min_kpt=0.9949 refined_color=1 color_score=-92.49 color_source=1
[DEBUG] armors=2, targets=1
[2026-09-05 23:00:01.367] [info] [YOLO26][DET] above_0p2=2 after_nms=2 accepted=2 max_conf=0.3163 max_class=11 max_min_kpt=0.9922 refined_color=1 color_score=-88.78 color_source=1
[DEBUG] armors=2, targets=1
[2026-09-05 23:00:01.388] [info] [YOLO26][DET] above_0p2=2 after_nms=2 accepted=2 max_conf=0.4890 max_class=11 max_min_kpt=0.9910 refined_color=1 color_score=-82.47 color_source=1
[DEBUG] armors=2, targets=1
[2026-09-05 23:00:01.408] [info] [YOLO26][DET] above_0p2=0 after_nms=0 accepted=0 max_conf=0.0840 max_class=11 max_min_kpt=0.0000 refined_color=-1 color_score=0.00 color_source=-1
[DEBUG] armors=0, targets=1
[2026-09-05 23:00:01.428] [info] [YOLO26][DET] above_0p2=2 after_nms=2 accepted=2 max_conf=0.4814 max_class=11 max_min_kpt=0.9925 refined_color=1 color_score=-89.72 color_source=1
[DEBUG] armors=2, targets=1
[2026-09-05 23:00:01.448] [info] [YOLO26][DET] above_0p2=2 after_nms=2 accepted=2 max_conf=0.4272 max_class=11 max_min_kpt=0.9904 refined_color=1 color_score=-95.28 color_source=1
[DEBUG] armors=2, targets=1
[2026-09-05 23:00:01.469] [info] [YOLO26][DET] above_0p2=2 after_nms=2 accepted=2 max_conf=0.3432 max_class=11 max_min_kpt=0.9873 refined_color=1 color_score=-80.95 color_source=1
[DEBUG] armors=2, targets=1
[2026-09-05 23:00:01.490] [info] [YOLO26][DET] above_0p2=1 after_nms=1 accepted=1 max_conf=0.4731 max_class=11 max_min_kpt=0.9835 refined_color=1 color_score=-70.60 color_source=1
[DEBUG] armors=1, targets=1
[2026-09-05 23:00:01.509] [info] [YOLO26][DET] above_0p2=2 after_nms=2 accepted=2 max_conf=0.3898 max_class=11 max_min_kpt=0.9897 refined_color=1 color_score=-80.06 color_source=1
[DEBUG] armors=2, targets=1
[2026-09-05 23:00:01.511] [info] [XUC][FIRE] stable-window candidate started
[2026-09-05 23:00:01.529] [info] [YOLO26][DET] above_0p2=2 after_nms=2 accepted=2 max_conf=0.3388 max_class=11 max_min_kpt=0.9858 refined_color=1 color_score=-80.67 color_source=1
[DEBUG] armors=2, targets=1
[2026-09-05 23:00:01.550] [info] [YOLO26][DET] above_0p2=3 after_nms=2 accepted=2 max_conf=0.2391 max_class=11 max_min_kpt=0.9921 refined_color=1 color_score=-78.44 color_source=1
[DEBUG] armors=2, targets=1
[2026-09-05 23:00:01.552] [info] [XUC][FIRE] qualified after 40 ms, pixel error deg=(2.11,-0.00) gyro=true face_error=10.66deg omega=-1.915rad_s armed=true
[2026-09-05 23:00:01.571] [info] [YOLO26][DET] above_0p2=2 after_nms=2 accepted=2 max_conf=0.4158 max_class=11 max_min_kpt=0.9747 refined_color=1 color_score=-81.48 color_source=1
[DEBUG] armors=2, targets=1
[2026-09-05 23:00:01.573] [info] [XUC][FIRE] stable window reset
[2026-09-05 23:00:01.590] [info] [YOLO26][DET] above_0p2=3 after_nms=2 accepted=2 max_conf=0.3137 max_class=11 max_min_kpt=0.9927 refined_color=1 color_score=-82.45 color_source=1
[DEBUG] armors=2, targets=1
[2026-09-05 23:00:01.611] [info] [YOLO26][DET] above_0p2=2 after_nms=2 accepted=2 max_conf=0.2892 max_class=10 max_min_kpt=0.9882 refined_color=1 color_score=-77.56 color_source=1
[DEBUG] armors=2, targets=1
[2026-09-05 23:00:01.632] [info] [YOLO26][DET] above_0p2=1 after_nms=1 accepted=1 max_conf=0.3143 max_class=10 max_min_kpt=0.9533 refined_color=1 color_score=-81.85 color_source=1
[DEBUG] armors=1, targets=1
[2026-09-05 23:00:01.650] [info] [YOLO26][DET] above_0p2=1 after_nms=1 accepted=1 max_conf=0.1209 max_class=10 max_min_kpt=0.9516 refined_color=1 color_score=-84.23 color_source=1
[DEBUG] armors=1, targets=1
[2026-09-05 23:00:01.669] [info] [YOLO26][DET] above_0p2=1 after_nms=1 accepted=1 max_conf=0.1332 max_class=8 max_min_kpt=0.9566 refined_color=1 color_score=-92.83 color_source=1
[DEBUG] armors=1, targets=1
[2026-09-05 23:00:01.689] [info] [YOLO26][DET] above_0p2=1 after_nms=1 accepted=1 max_conf=0.1191 max_class=11 max_min_kpt=0.9930 refined_color=1 color_score=-78.48 color_source=1
[DEBUG] armors=1, targets=1
[2026-09-05 23:00:01.707] [info] [YOLO26][DET] above_0p2=0 after_nms=0 accepted=0 max_conf=0.0937 max_class=11 max_min_kpt=0.0000 refined_color=-1 color_score=0.00 color_source=-1
[DEBUG] armors=0, targets=1
[2026-09-05 23:00:01.726] [info] [YOLO26][DET] above_0p2=1 after_nms=1 accepted=1 max_conf=0.1699 max_class=8 max_min_kpt=0.9523 refined_color=1 color_score=-79.12 color_source=1
[DEBUG] armors=1, targets=1
[2026-09-05 23:00:01.727] [info] [DRYRUN] measured_gimbal=(3.636,-0.010,0.055) measured_world=(3.607,0.452,0.047) tracked_world=(3.878,0.898,0.046) target_gimbal_deg=(-0.16,0.87) target_world_deg=(7.15,0.73) gimbal_deg=(7.31,0.13) armor_y_px=538.1 pixel_error_deg=(0.73,-0.05) ballistic=(range=nanm holdover=0.000m comp=0.00deg residual=-0.05deg) q_wxyz=(0.997967,0.000073,0.001147,-0.063723) cmd_deg=(7.78,0.06) packed_pitch_deg=0.06 control=true shoot=false
[2026-09-05 23:00:01.745] [info] [YOLO26][DET] above_0p2=0 after_nms=0 accepted=0 max_conf=0.0698 max_class=8 max_min_kpt=0.0000 refined_color=-1 color_score=0.00 color_source=-1
[DEBUG] armors=0, targets=1
[2026-09-05 23:00:01.764] [info] [YOLO26][DET] above_0p2=1 after_nms=1 accepted=1 max_conf=0.1053 max_class=8 max_min_kpt=0.9538 refined_color=1 color_score=-86.17 color_source=1
[DEBUG] armors=1, targets=1
[2026-09-05 23:00:01.784] [info] [YOLO26][DET] above_0p2=1 after_nms=1 accepted=1 max_conf=0.1121 max_class=8 max_min_kpt=0.9582 refined_color=1 color_score=-73.52 color_source=1
[DEBUG] armors=1, targets=1
[2026-09-05 23:00:01.804] [info] [YOLO26][DET] above_0p2=0 after_nms=0 accepted=0 max_conf=0.0853 max_class=8 max_min_kpt=0.0000 refined_color=-1 color_score=0.00 color_source=-1
[DEBUG] armors=0, targets=1
[2026-09-05 23:00:01.824] [info] [YOLO26][DET] above_0p2=0 after_nms=0 accepted=0 max_conf=0.0507 max_class=8 max_min_kpt=0.0000 refined_color=-1 color_score=0.00 color_source=-1
[DEBUG] armors=0, targets=1
[2026-09-05 23:00:01.844] [info] [YOLO26][DET] above_0p2=0 after_nms=0 accepted=0 max_conf=0.0701 max_class=8 max_min_kpt=0.0000 refined_color=-1 color_score=0.00 color_source=-1
[DEBUG] armors=0, targets=1
[2026-09-05 23:00:01.864] [info] [YOLO26][DET] above_0p2=1 after_nms=1 accepted=1 max_conf=0.1301 max_class=8 max_min_kpt=0.9504 refined_color=1 color_score=-93.06 color_source=1
[DEBUG] armors=1, targets=1
[2026-09-05 23:00:01.883] [info] [YOLO26][DET] above_0p2=0 after_nms=0 accepted=0 max_conf=0.0810 max_class=8 max_min_kpt=0.0000 refined_color=-1 color_score=0.00 color_source=-1
[DEBUG] armors=0, targets=1
[2026-09-05 23:00:01.901] [info] [YOLO26][DET] above_0p2=1 after_nms=1 accepted=1 max_conf=0.1063 max_class=8 max_min_kpt=0.9575 refined_color=1 color_score=-84.06 color_source=1
[DEBUG] armors=1, targets=1
[2026-09-05 23:00:01.907] [info] [SYNC][XUC] mode=0 yaw=-7.31 deg pitch=0.13 deg feeder_rpm=0.00 wheel0_rpm=0 wheel1_rpm=0 wheel_delta=0 projectile_speed=19.36 gate=0x1E switch=0 rc=1 sticks=1 imu=1 serial=1 control=0 yaw_armed=0 pitch_active=0
[2026-09-05 23:00:01.921] [info] [YOLO26][DET] above_0p2=0 after_nms=0 accepted=0 max_conf=0.0400 max_class=8 max_min_kpt=0.0000 refined_color=-1 color_score=0.00 color_source=-1
[2026-09-05 23:00:01.925] [info] [YOLO26] ==================== Performance ====================
[2026-09-05 23:00:01.925] [info] [YOLO26] Preprocess:  0.982 ms (5.4%)
[2026-09-05 23:00:01.925] [info] [YOLO26] Inference:   12.773 ms (69.7%)
[2026-09-05 23:00:01.925] [info] [YOLO26] Postprocess: 4.560 ms (24.9%)
[2026-09-05 23:00:01.925] [info] [YOLO26] Total:       18.316 ms (54.6 FPS)
[2026-09-05 23:00:01.925] [info] [YOLO26] ======================================================
[DEBUG] armors=0, targets=1
[2026-09-05 23:00:01.928] [info] [PERF] 总耗时=20.9ms (检测=18.3ms, 跟踪=0.0ms), FPS=47.8
[2026-09-05 23:00:01.928] [info] 📊 [CAMERA FPS] 瞬时帧率=47.8fps, 平均帧率=49.9fps, 总帧数=350, 运行时间=7.0s
[2026-09-05 23:00:01.941] [info] [YOLO26][DET] above_0p2=0 after_nms=0 accepted=0 max_conf=0.0808 max_class=8 max_min_kpt=0.0000 refined_color=-1 color_score=0.00 color_source=-1
[DEBUG] armors=0, targets=1
[2026-09-05 23:00:01.961] [info] [YOLO26][DET] above_0p2=0 after_nms=0 accepted=0 max_conf=0.0676 max_class=8 max_min_kpt=0.0000 refined_color=-1 color_score=0.00 color_source=-1
[DEBUG] armors=0, targets=1
[2026-09-05 23:00:01.980] [info] [YOLO26][DET] above_0p2=0 after_nms=0 accepted=0 max_conf=0.0950 max_class=8 max_min_kpt=0.0000 refined_color=-1 color_score=0.00 color_source=-1
[DEBUG] armors=0, targets=1
[2026-09-05 23:00:02.001] [info] [YOLO26][DET] above_0p2=1 after_nms=1 accepted=1 max_conf=0.2759 max_class=11 max_min_kpt=0.9937 refined_color=1 color_score=-86.02 color_source=1
[DEBUG] armors=1, targets=1
[2026-09-05 23:00:02.021] [info] [YOLO26][DET] above_0p2=0 after_nms=0 accepted=0 max_conf=0.0970 max_class=8 max_min_kpt=0.0000 refined_color=-1 color_score=0.00 color_source=-1
[DEBUG] armors=0, targets=1
[2026-09-05 23:00:02.041] [info] [YOLO26][DET] above_0p2=1 after_nms=1 accepted=1 max_conf=0.1537 max_class=11 max_min_kpt=0.9940 refined_color=1 color_score=-77.91 color_source=1
[DEBUG] armors=1, targets=1
[2026-09-05 23:00:02.062] [info] [YOLO26][DET] above_0p2=0 after_nms=0 accepted=0 max_conf=0.0688 max_class=11 max_min_kpt=0.0000 refined_color=-1 color_score=0.00 color_source=-1
[DEBUG] armors=0, targets=1
[2026-09-05 23:00:02.084] [info] [YOLO26][DET] above_0p2=1 after_nms=1 accepted=1 max_conf=0.1176 max_class=11 max_min_kpt=0.9932 refined_color=1 color_score=-76.88 color_source=1
[DEBUG] armors=1, targets=1
[2026-09-05 23:00:02.102] [info] [YOLO26][DET] above_0p2=1 after_nms=1 accepted=1 max_conf=0.2735 max_class=11 max_min_kpt=0.9919 refined_color=1 color_score=-80.78 color_source=1
[DEBUG] armors=1, targets=1
[2026-09-05 23:00:02.121] [info] [YOLO26][DET] above_0p2=1 after_nms=1 accepted=1 max_conf=0.1310 max_class=11 max_min_kpt=0.9905 refined_color=1 color_score=-76.47 color_source=1
[DEBUG] armors=1, targets=1
[2026-09-05 23:00:02.124] [info] [DRYRUN] measured_gimbal=(3.559,0.217,0.057) measured_world=(3.503,0.668,0.049) tracked_world=(3.900,0.880,0.051) target_gimbal_deg=(3.48,0.92) target_world_deg=(10.79,0.79) gimbal_deg=(7.31,0.13) armor_y_px=537.3 pixel_error_deg=(-2.61,-0.07) ballistic=(range=nanm holdover=0.000m comp=0.00deg residual=-0.07deg) q_wxyz=(0.997967,0.000073,0.001147,-0.063723) cmd_deg=(7.59,0.03) packed_pitch_deg=0.03 control=true shoot=false
[2026-09-05 23:00:02.143] [info] [YOLO26][DET] above_0p2=0 after_nms=0 accepted=0 max_conf=0.0839 max_class=8 max_min_kpt=0.0000 refined_color=-1 color_score=0.00 color_source=-1
[DEBUG] armors=0, targets=1
[2026-09-05 23:00:02.163] [info] [YOLO26][DET] above_0p2=2 after_nms=1 accepted=1 max_conf=0.3001 max_class=11 max_min_kpt=0.9904 refined_color=1 color_score=-78.12 color_source=1
[DEBUG] armors=1, targets=1
[2026-09-05 23:00:02.184] [info] [YOLO26][DET] above_0p2=0 after_nms=0 accepted=0 max_conf=0.0852 max_class=8 max_min_kpt=0.0000 refined_color=-1 color_score=0.00 color_source=-1
[DEBUG] armors=0, targets=1
[2026-09-05 23:00:02.205] [info] [YOLO26][DET] above_0p2=1 after_nms=1 accepted=1 max_conf=0.1133 max_class=10 max_min_kpt=0.9548 refined_color=1 color_score=-90.85 color_source=1
[DEBUG] armors=1, targets=1
[2026-09-05 23:00:02.224] [info] [YOLO26][DET] above_0p2=1 after_nms=1 accepted=1 max_conf=0.3461 max_class=11 max_min_kpt=0.9842 refined_color=1 color_score=-77.25 color_source=1
[DEBUG] armors=1, targets=1
[2026-09-05 23:00:02.243] [info] [YOLO26][DET] above_0p2=2 after_nms=2 accepted=2 max_conf=0.5388 max_class=11 max_min_kpt=0.9863 refined_color=1 color_score=-92.05 color_source=1
[DEBUG] armors=2, targets=1
[2026-09-05 23:00:02.263] [info] [YOLO26][DET] above_0p2=1 after_nms=1 accepted=1 max_conf=0.5554 max_class=11 max_min_kpt=0.9864 refined_color=1 color_score=-84.35 color_source=1
[DEBUG] armors=1, targets=1
[2026-09-05 23:00:02.283] [info] [YOLO26][DET] above_0p2=3 after_nms=3 accepted=3 max_conf=0.2101 max_class=11 max_min_kpt=0.9915 refined_color=1 color_score=-88.71 color_source=1
[DEBUG] armors=3, targets=1
[2026-09-05 23:00:02.285] [info] [XUC][FIRE] stable-window candidate started
[2026-09-05 23:00:02.303] [info] [YOLO26][DET] above_0p2=3 after_nms=2 accepted=2 max_conf=0.2432 max_class=11 max_min_kpt=0.9843 refined_color=1 color_score=-80.95 color_source=1
[DEBUG] armors=2, targets=1
[2026-09-05 23:00:02.306] [info] [XUC][FIRE] stable window reset
[2026-09-05 23:00:02.323] [info] [YOLO26][DET] above_0p2=2 after_nms=2 accepted=2 max_conf=0.3132 max_class=11 max_min_kpt=0.9898 refined_color=1 color_score=-78.48 color_source=1
[DEBUG] armors=2, targets=1
[2026-09-05 23:00:02.326] [info] [XUC][FIRE] stable-window candidate started
[2026-09-05 23:00:02.343] [info] [YOLO26][DET] above_0p2=2 after_nms=2 accepted=2 max_conf=0.2846 max_class=11 max_min_kpt=0.9928 refined_color=1 color_score=-81.89 color_source=1
[DEBUG] armors=2, targets=1
[2026-09-05 23:00:02.363] [info] [YOLO26][DET] above_0p2=2 after_nms=2 accepted=2 max_conf=0.4051 max_class=11 max_min_kpt=0.9874 refined_color=1 color_score=-80.09 color_source=1
[DEBUG] armors=2, targets=1
[2026-09-05 23:00:02.366] [info] [XUC][FIRE] qualified after 40 ms, pixel error deg=(2.51,0.12) gyro=true face_error=4.66deg omega=-1.705rad_s armed=true
[2026-09-05 23:00:02.384] [info] [YOLO26][DET] above_0p2=3 after_nms=2 accepted=2 max_conf=0.3376 max_class=11 max_min_kpt=0.9837 refined_color=1 color_score=-75.46 color_source=1
[DEBUG] armors=2, targets=1
[2026-09-05 23:00:02.387] [info] [XUC][FIRE] stable window reset
[2026-09-05 23:00:02.405] [info] [YOLO26][DET] above_0p2=2 after_nms=2 accepted=2 max_conf=0.5258 max_class=11 max_min_kpt=0.9857 refined_color=1 color_score=-72.65 color_source=1
[DEBUG] armors=2, targets=1
[2026-09-05 23:00:02.425] [info] [YOLO26][DET] above_0p2=3 after_nms=2 accepted=2 max_conf=0.5809 max_class=11 max_min_kpt=0.9897 refined_color=1 color_score=-76.69 color_source=1
[DEBUG] armors=2, targets=1
[2026-09-05 23:00:02.445] [info] [YOLO26][DET] above_0p2=2 after_nms=2 accepted=2 max_conf=0.2409 max_class=11 max_min_kpt=0.9819 refined_color=1 color_score=-75.55 color_source=1
[DEBUG] armors=2, targets=1
[2026-09-05 23:00:02.465] [info] [YOLO26][DET] above_0p2=3 after_nms=3 accepted=3 max_conf=0.3218 max_class=11 max_min_kpt=0.9817 refined_color=1 color_score=-84.46 color_source=1
[DEBUG] armors=3, targets=1
[2026-09-05 23:00:02.484] [info] [YOLO26][DET] above_0p2=2 after_nms=2 accepted=2 max_conf=0.3755 max_class=10 max_min_kpt=0.9872 refined_color=1 color_score=-78.96 color_source=1
[DEBUG] armors=2, targets=1
[2026-09-05 23:00:02.505] [info] [YOLO26][DET] above_0p2=3 after_nms=2 accepted=2 max_conf=0.1396 max_class=11 max_min_kpt=0.9943 refined_color=1 color_score=-95.19 color_source=1
[DEBUG] armors=2, targets=1
[2026-09-05 23:00:02.526] [info] [YOLO26][DET] above_0p2=1 after_nms=1 accepted=1 max_conf=0.1398 max_class=11 max_min_kpt=0.9804 refined_color=1 color_score=-84.39 color_source=1
[DEBUG] armors=1, targets=1
[2026-09-05 23:00:02.528] [info] [DRYRUN] measured_gimbal=(3.678,-0.034,0.046) measured_world=(3.653,0.434,0.038) tracked_world=(4.137,0.806,0.039) target_gimbal_deg=(-0.53,0.72) target_world_deg=(6.78,0.58) gimbal_deg=(7.31,0.13) armor_y_px=544.5 pixel_error_deg=(1.42,0.11) ballistic=(range=nanm holdover=0.000m comp=0.00deg residual=0.11deg) q_wxyz=(0.997967,0.000073,0.001147,-0.063723) cmd_deg=(7.74,0.32) packed_pitch_deg=0.32 control=true shoot=false
[2026-09-05 23:00:02.546] [info] [YOLO26][DET] above_0p2=1 after_nms=1 accepted=1 max_conf=0.1482 max_class=10 max_min_kpt=0.9513 refined_color=1 color_score=-85.07 color_source=1
[DEBUG] armors=1, targets=1
[2026-09-05 23:00:02.565] [info] [YOLO26][DET] above_0p2=0 after_nms=0 accepted=0 max_conf=0.0817 max_class=8 max_min_kpt=0.0000 refined_color=-1 color_score=0.00 color_source=-1
[DEBUG] armors=0, targets=1
[2026-09-05 23:00:02.584] [info] [YOLO26][DET] above_0p2=0 after_nms=0 accepted=0 max_conf=0.0235 max_class=10 max_min_kpt=0.0000 refined_color=-1 color_score=0.00 color_source=-1
[DEBUG] armors=0, targets=1
[2026-09-05 23:00:02.604] [info] [YOLO26][DET] above_0p2=0 after_nms=0 accepted=0 max_conf=0.0922 max_class=8 max_min_kpt=0.0000 refined_color=-1 color_score=0.00 color_source=-1
[DEBUG] armors=0, targets=1
[2026-09-05 23:00:02.624] [info] [YOLO26][DET] above_0p2=1 after_nms=1 accepted=1 max_conf=0.1955 max_class=11 max_min_kpt=0.9874 refined_color=1 color_score=-81.83 color_source=1
[DEBUG] armors=1, targets=1
[2026-09-05 23:00:02.644] [info] [YOLO26][DET] above_0p2=0 after_nms=0 accepted=0 max_conf=0.0803 max_class=8 max_min_kpt=0.0000 refined_color=-1 color_score=0.00 color_source=-1
[DEBUG] armors=0, targets=1
[2026-09-05 23:00:02.661] [info] [YOLO26][DET] above_0p2=2 after_nms=1 accepted=1 max_conf=0.1367 max_class=8 max_min_kpt=0.9960 refined_color=1 color_score=-68.27 color_source=1
[DEBUG] armors=1, targets=1
[2026-09-05 23:00:02.682] [info] [YOLO26][DET] above_0p2=0 after_nms=0 accepted=0 max_conf=0.0858 max_class=8 max_min_kpt=0.0000 refined_color=-1 color_score=0.00 color_source=-1
[DEBUG] armors=0, targets=1
[2026-09-05 23:00:02.700] [info] [YOLO26][DET] above_0p2=0 after_nms=0 accepted=0 max_conf=0.0512 max_class=10 max_min_kpt=0.0000 refined_color=-1 color_score=0.00 color_source=-1
[DEBUG] armors=0, targets=1
[2026-09-05 23:00:02.719] [info] [YOLO26][DET] above_0p2=0 after_nms=0 accepted=0 max_conf=0.0545 max_class=11 max_min_kpt=0.0000 refined_color=-1 color_score=0.00 color_source=-1
[DEBUG] armors=0, targets=1
[2026-09-05 23:00:02.739] [info] [YOLO26][DET] above_0p2=1 after_nms=1 accepted=1 max_conf=0.1269 max_class=8 max_min_kpt=0.9356 refined_color=1 color_score=-80.91 color_source=1
[DEBUG] armors=1, targets=1
[2026-09-05 23:00:02.758] [info] [YOLO26][DET] above_0p2=1 after_nms=1 accepted=1 max_conf=0.1627 max_class=8 max_min_kpt=0.9414 refined_color=1 color_score=-65.61 color_source=1
[DEBUG] armors=1, targets=1
[2026-09-05 23:00:02.779] [info] [YOLO26][DET] above_0p2=1 after_nms=1 accepted=1 max_conf=0.1242 max_class=8 max_min_kpt=0.9505 refined_color=1 color_score=-89.36 color_source=1
[DEBUG] armors=1, targets=1
[2026-09-05 23:00:02.799] [info] [YOLO26][DET] above_0p2=0 after_nms=0 accepted=0 max_conf=0.0254 max_class=8 max_min_kpt=0.0000 refined_color=-1 color_score=0.00 color_source=-1
[DEBUG] armors=0, targets=1
[2026-09-05 23:00:02.819] [info] [YOLO26][DET] above_0p2=1 after_nms=1 accepted=1 max_conf=0.1020 max_class=11 max_min_kpt=0.9940 refined_color=1 color_score=-86.08 color_source=1
[DEBUG] armors=1, targets=1
[2026-09-05 23:00:02.839] [info] [YOLO26][DET] above_0p2=0 after_nms=0 accepted=0 max_conf=0.0688 max_class=8 max_min_kpt=0.0000 refined_color=-1 color_score=0.00 color_source=-1
[DEBUG] armors=0, targets=1
[2026-09-05 23:00:02.859] [info] [YOLO26][DET] above_0p2=1 after_nms=1 accepted=1 max_conf=0.1059 max_class=8 max_min_kpt=0.9294 refined_color=1 color_score=-79.16 color_source=1
[DEBUG] armors=1, targets=1
[2026-09-05 23:00:02.876] [info] [YOLO26][DET] above_0p2=0 after_nms=0 accepted=0 max_conf=0.0929 max_class=8 max_min_kpt=0.0000 refined_color=-1 color_score=0.00 color_source=-1
[DEBUG] armors=0, targets=1
[2026-09-05 23:00:02.896] [info] [YOLO26][DET] above_0p2=0 after_nms=0 accepted=0 max_conf=0.0872 max_class=8 max_min_kpt=0.0000 refined_color=-1 color_score=0.00 color_source=-1
[DEBUG] armors=0, targets=1
[2026-09-05 23:00:02.901] [info] [SYNC][XUC] mode=0 yaw=-7.31 deg pitch=0.13 deg feeder_rpm=0.00 wheel0_rpm=0 wheel1_rpm=0 wheel_delta=0 projectile_speed=19.36 gate=0x1E switch=0 rc=1 sticks=1 imu=1 serial=1 control=0 yaw_armed=0 pitch_active=0
[2026-09-05 23:00:02.914] [info] [YOLO26][DET] above_0p2=0 after_nms=0 accepted=0 max_conf=0.0837 max_class=8 max_min_kpt=0.0000 refined_color=-1 color_score=0.00 color_source=-1
[2026-09-05 23:00:02.920] [info] [YOLO26] ==================== Performance ====================
[2026-09-05 23:00:02.920] [info] [YOLO26] Preprocess:  1.007 ms (5.5%)
[2026-09-05 23:00:02.920] [info] [YOLO26] Inference:   12.175 ms (66.2%)
[2026-09-05 23:00:02.920] [info] [YOLO26] Postprocess: 5.216 ms (28.3%)
[2026-09-05 23:00:02.920] [info] [YOLO26] Total:       18.399 ms (54.4 FPS)
[2026-09-05 23:00:02.920] [info] [YOLO26] ======================================================
[DEBUG] armors=0, targets=1
[2026-09-05 23:00:02.922] [info] [PERF] 总耗时=21.0ms (检测=18.4ms, 跟踪=0.0ms), FPS=47.5
[2026-09-05 23:00:02.922] [info] 📊 [CAMERA FPS] 瞬时帧率=47.5fps, 平均帧率=50.0fps, 总帧数=400, 运行时间=8.0s
[2026-09-05 23:00:02.936] [info] [YOLO26][DET] above_0p2=0 after_nms=0 accepted=0 max_conf=0.0920 max_class=8 max_min_kpt=0.0000 refined_color=-1 color_score=0.00 color_source=-1
[DEBUG] armors=0, targets=1
[2026-09-05 23:00:02.954] [info] [YOLO26][DET] above_0p2=0 after_nms=0 accepted=0 max_conf=0.0687 max_class=8 max_min_kpt=0.0000 refined_color=-1 color_score=0.00 color_source=-1
[DEBUG] armors=0, targets=1
[2026-09-05 23:00:02.974] [info] [YOLO26][DET] above_0p2=0 after_nms=0 accepted=0 max_conf=0.0858 max_class=11 max_min_kpt=0.0000 refined_color=-1 color_score=0.00 color_source=-1
[DEBUG] armors=0, targets=1
[2026-09-05 23:00:02.994] [info] [YOLO26][DET] above_0p2=0 after_nms=0 accepted=0 max_conf=0.0376 max_class=8 max_min_kpt=0.0000 refined_color=-1 color_score=0.00 color_source=-1
[DEBUG] armors=0, targets=1
[2026-09-05 23:00:03.013] [info] [YOLO26][DET] above_0p2=0 after_nms=0 accepted=0 max_conf=0.0266 max_class=10 max_min_kpt=0.0000 refined_color=-1 color_score=0.00 color_source=-1
[DEBUG] armors=0, targets=1
[2026-09-05 23:00:03.033] [info] [YOLO26][DET] above_0p2=1 after_nms=1 accepted=1 max_conf=0.3564 max_class=11 max_min_kpt=0.9910 refined_color=1 color_score=-83.67 color_source=1
[DEBUG] armors=1, targets=1
[2026-09-05 23:00:03.052] [info] [YOLO26][DET] above_0p2=0 after_nms=0 accepted=0 max_conf=0.0614 max_class=8 max_min_kpt=0.0000 refined_color=-1 color_score=0.00 color_source=-1
[DEBUG] armors=0, targets=1
[2026-09-05 23:00:03.072] [info] [YOLO26][DET] above_0p2=1 after_nms=1 accepted=1 max_conf=0.1482 max_class=10 max_min_kpt=0.9498 refined_color=1 color_score=-73.42 color_source=1
[DEBUG] armors=1, targets=1
[2026-09-05 23:00:03.093] [info] [YOLO26][DET] above_0p2=1 after_nms=1 accepted=1 max_conf=0.2367 max_class=10 max_min_kpt=0.9605 refined_color=1 color_score=-81.25 color_source=1
[DEBUG] armors=1, targets=1
[2026-09-05 23:00:03.114] [info] [YOLO26][DET] above_0p2=0 after_nms=0 accepted=0 max_conf=0.0946 max_class=10 max_min_kpt=0.0000 refined_color=-1 color_score=0.00 color_source=-1
[DEBUG] armors=0, targets=1
[2026-09-05 23:00:03.134] [info] [YOLO26][DET] above_0p2=2 after_nms=2 accepted=2 max_conf=0.1522 max_class=10 max_min_kpt=0.9749 refined_color=1 color_score=-56.86 color_source=1
[DEBUG] armors=2, targets=1
[2026-09-05 23:00:03.153] [info] [YOLO26][DET] above_0p2=1 after_nms=1 accepted=1 max_conf=0.4041 max_class=11 max_min_kpt=0.9881 refined_color=1 color_score=-83.96 color_source=1
[DEBUG] armors=1, targets=1
[2026-09-05 23:00:03.173] [info] [YOLO26][DET] above_0p2=1 after_nms=1 accepted=1 max_conf=0.3048 max_class=11 max_min_kpt=0.9842 refined_color=1 color_score=-92.67 color_source=1
[DEBUG] armors=1, targets=1
[2026-09-05 23:00:03.193] [info] [YOLO26][DET] above_0p2=3 after_nms=2 accepted=2 max_conf=0.2623 max_class=11 max_min_kpt=0.9871 refined_color=1 color_score=-100.91 color_source=1
[DEBUG] armors=2, targets=1
[2026-09-05 23:00:03.214] [info] [YOLO26][DET] above_0p2=2 after_nms=2 accepted=2 max_conf=0.4448 max_class=11 max_min_kpt=0.9910 refined_color=1 color_score=-76.86 color_source=1
[DEBUG] armors=2, targets=1
[2026-09-05 23:00:03.237] [info] [YOLO26][DET] above_0p2=2 after_nms=2 accepted=2 max_conf=0.7629 max_class=11 max_min_kpt=0.9808 refined_color=1 color_score=-83.60 color_source=1
[DEBUG] armors=2, targets=1
[2026-09-05 23:00:03.258] [info] [YOLO26][DET] above_0p2=3 after_nms=2 accepted=2 max_conf=0.5328 max_class=11 max_min_kpt=0.9875 refined_color=1 color_score=-76.42 color_source=1
[DEBUG] armors=2, targets=1
[2026-09-05 23:00:03.277] [info] [YOLO26][DET] above_0p2=2 after_nms=2 accepted=2 max_conf=0.7193 max_class=11 max_min_kpt=0.9947 refined_color=1 color_score=-81.85 color_source=1
[DEBUG] armors=2, targets=1
[2026-09-05 23:00:03.279] [info] [XUC][FIRE] stable-window candidate started
[2026-09-05 23:00:03.296] [info] [YOLO26][DET] above_0p2=2 after_nms=2 accepted=2 max_conf=0.7187 max_class=11 max_min_kpt=0.9857 refined_color=1 color_score=-74.42 color_source=1
[DEBUG] armors=2, targets=1
[2026-09-05 23:00:03.316] [info] [YOLO26][DET] above_0p2=3 after_nms=2 accepted=2 max_conf=0.5067 max_class=11 max_min_kpt=0.9887 refined_color=1 color_score=-85.61 color_source=1
[DEBUG] armors=2, targets=1
[2026-09-05 23:00:03.319] [info] [XUC][FIRE] qualified after 40 ms, pixel error deg=(2.12,0.11) gyro=true face_error=0.26deg omega=-1.652rad_s armed=true
[2026-09-05 23:00:03.319] [info] [DRYRUN] measured_gimbal=(3.738,-0.079,0.046) measured_world=(3.718,0.397,0.037) tracked_world=(4.117,0.439,0.037) target_gimbal_deg=(-1.22,0.70) target_world_deg=(6.09,0.57) gimbal_deg=(7.31,0.13) armor_y_px=544.6 pixel_error_deg=(2.12,0.11) ballistic=(range=nanm holdover=0.000m comp=0.00deg residual=0.11deg) q_wxyz=(0.997967,0.000073,0.001147,-0.063723) cmd_deg=(8.01,0.30) packed_pitch_deg=0.30 control=true shoot=true
[2026-09-05 23:00:03.337] [info] [YOLO26][DET] above_0p2=3 after_nms=3 accepted=3 max_conf=0.3803 max_class=11 max_min_kpt=0.9898 refined_color=1 color_score=-91.47 color_source=1
[DEBUG] armors=3, targets=1
[2026-09-05 23:00:03.339] [info] [XUC][FIRE] stable window reset
[2026-09-05 23:00:03.357] [info] [YOLO26][DET] above_0p2=3 after_nms=3 accepted=3 max_conf=0.4150 max_class=11 max_min_kpt=0.9851 refined_color=1 color_score=-81.78 color_source=1
[DEBUG] armors=3, targets=1
[2026-09-05 23:00:03.379] [info] [YOLO26][DET] above_0p2=4 after_nms=3 accepted=3 max_conf=0.3019 max_class=10 max_min_kpt=0.9880 refined_color=1 color_score=-67.20 color_source=1
[DEBUG] armors=3, targets=1
[2026-09-05 23:00:03.400] [info] [YOLO26][DET] above_0p2=3 after_nms=2 accepted=2 max_conf=0.2341 max_class=10 max_min_kpt=0.9912 refined_color=1 color_score=-56.67 color_source=1
[DEBUG] armors=2, targets=1
[2026-09-05 23:00:03.419] [info] [YOLO26][DET] above_0p2=0 after_nms=0 accepted=0 max_conf=0.0967 max_class=11 max_min_kpt=0.0000 refined_color=-1 color_score=0.00 color_source=-1
[DEBUG] armors=0, targets=1
[2026-09-05 23:00:03.437] [info] [YOLO26][DET] above_0p2=3 after_nms=2 accepted=2 max_conf=0.1614 max_class=11 max_min_kpt=0.9862 refined_color=1 color_score=-87.55 color_source=1
[DEBUG] armors=2, targets=1
[2026-09-05 23:00:03.458] [info] [YOLO26][DET] above_0p2=1 after_nms=1 accepted=1 max_conf=0.1800 max_class=10 max_min_kpt=0.9544 refined_color=1 color_score=-83.38 color_source=1
[DEBUG] armors=1, targets=1
[2026-09-05 23:00:03.475] [info] [YOLO26][DET] above_0p2=0 after_nms=0 accepted=0 max_conf=0.0731 max_class=11 max_min_kpt=0.0000 refined_color=-1 color_score=0.00 color_source=-1
[DEBUG] armors=0, targets=1
[2026-09-05 23:00:03.495] [info] [YOLO26][DET] above_0p2=2 after_nms=1 accepted=1 max_conf=0.2396 max_class=11 max_min_kpt=0.9887 refined_color=1 color_score=-80.93 color_source=1
[DEBUG] armors=1, targets=1
[2026-09-05 23:00:03.514] [info] [YOLO26][DET] above_0p2=1 after_nms=1 accepted=1 max_conf=0.1127 max_class=8 max_min_kpt=0.9535 refined_color=1 color_score=-80.91 color_source=1
[DEBUG] armors=1, targets=1
[2026-09-05 23:00:03.533] [info] [YOLO26][DET] above_0p2=0 after_nms=0 accepted=0 max_conf=0.0904 max_class=8 max_min_kpt=0.0000 refined_color=-1 color_score=0.00 color_source=-1
[DEBUG] armors=0, targets=1
[2026-09-05 23:00:03.552] [info] [YOLO26][DET] above_0p2=1 after_nms=1 accepted=1 max_conf=0.1099 max_class=8 max_min_kpt=0.9586 refined_color=1 color_score=-69.85 color_source=1
[DEBUG] armors=1, targets=1
[2026-09-05 23:00:03.572] [info] [YOLO26][DET] above_0p2=0 after_nms=0 accepted=0 max_conf=0.0635 max_class=10 max_min_kpt=0.0000 refined_color=-1 color_score=0.00 color_source=-1
[DEBUG] armors=0, targets=1
[2026-09-05 23:00:03.590] [info] [YOLO26][DET] above_0p2=1 after_nms=1 accepted=1 max_conf=0.1575 max_class=10 max_min_kpt=0.9635 refined_color=1 color_score=-65.67 color_source=1
[DEBUG] armors=1, targets=1
[2026-09-05 23:00:03.609] [info] [YOLO26][DET] above_0p2=0 after_nms=0 accepted=0 max_conf=0.0636 max_class=10 max_min_kpt=0.0000 refined_color=-1 color_score=0.00 color_source=-1
[DEBUG] armors=0, targets=1
[2026-09-05 23:00:03.629] [info] [YOLO26][DET] above_0p2=1 after_nms=1 accepted=1 max_conf=0.1133 max_class=10 max_min_kpt=0.9340 refined_color=1 color_score=-85.09 color_source=1
[DEBUG] armors=1, targets=1
[2026-09-05 23:00:03.648] [info] [YOLO26][DET] above_0p2=1 after_nms=1 accepted=1 max_conf=0.1065 max_class=8 max_min_kpt=0.9448 refined_color=1 color_score=-66.66 color_source=1
[DEBUG] armors=1, targets=1
[2026-09-05 23:00:03.667] [info] [YOLO26][DET] above_0p2=2 after_nms=1 accepted=1 max_conf=0.1281 max_class=8 max_min_kpt=0.9919 refined_color=1 color_score=-105.70 color_source=1
[DEBUG] armors=1, targets=1
[2026-09-05 23:00:03.687] [info] [YOLO26][DET] above_0p2=0 after_nms=0 accepted=0 max_conf=0.0188 max_class=10 max_min_kpt=0.0000 refined_color=-1 color_score=0.00 color_source=-1
[DEBUG] armors=0, targets=1
[2026-09-05 23:00:03.707] [info] [YOLO26][DET] above_0p2=0 after_nms=0 accepted=0 max_conf=0.0350 max_class=11 max_min_kpt=0.0000 refined_color=-1 color_score=0.00 color_source=-1
[DEBUG] armors=0, targets=1
[2026-09-05 23:00:03.727] [info] [YOLO26][DET] above_0p2=1 after_nms=1 accepted=1 max_conf=0.1910 max_class=11 max_min_kpt=0.9922 refined_color=1 color_score=-85.59 color_source=1
[DEBUG] armors=1, targets=1
[2026-09-05 23:00:03.745] [info] [YOLO26][DET] above_0p2=0 after_nms=0 accepted=0 max_conf=0.0265 max_class=8 max_min_kpt=0.0000 refined_color=-1 color_score=0.00 color_source=-1
[DEBUG] armors=0, targets=1
[2026-09-05 23:00:03.764] [info] [YOLO26][DET] above_0p2=1 after_nms=1 accepted=1 max_conf=0.2720 max_class=11 max_min_kpt=0.9965 refined_color=1 color_score=-97.93 color_source=1
[DEBUG] armors=1, targets=1
[2026-09-05 23:00:03.783] [info] [YOLO26][DET] above_0p2=1 after_nms=1 accepted=1 max_conf=0.1628 max_class=11 max_min_kpt=0.9868 refined_color=1 color_score=-84.46 color_source=1
[DEBUG] armors=1, targets=1
[2026-09-05 23:00:03.802] [info] [YOLO26][DET] above_0p2=1 after_nms=1 accepted=1 max_conf=0.1049 max_class=8 max_min_kpt=0.9595 refined_color=1 color_score=-61.03 color_source=1
[DEBUG] armors=1, targets=1
[2026-09-05 23:00:03.821] [info] [YOLO26][DET] above_0p2=3 after_nms=1 accepted=1 max_conf=0.5476 max_class=11 max_min_kpt=0.9947 refined_color=1 color_score=-84.24 color_source=1
[DEBUG] armors=1, targets=1
[2026-09-05 23:00:03.841] [info] [YOLO26][DET] above_0p2=1 after_nms=1 accepted=1 max_conf=0.1056 max_class=11 max_min_kpt=0.9810 refined_color=1 color_score=-91.37 color_source=1
[DEBUG] armors=1, targets=1
[2026-09-05 23:00:03.861] [info] [YOLO26][DET] above_0p2=2 after_nms=1 accepted=1 max_conf=0.3254 max_class=11 max_min_kpt=0.9965 refined_color=1 color_score=-79.32 color_source=1
[DEBUG] armors=1, targets=1
[2026-09-05 23:00:03.882] [info] [YOLO26][DET] above_0p2=1 after_nms=1 accepted=1 max_conf=0.2112 max_class=11 max_min_kpt=0.9865 refined_color=1 color_score=-79.49 color_source=1
[DEBUG] armors=1, targets=1
[2026-09-05 23:00:03.888] [info] [SYNC][XUC] mode=0 yaw=-7.31 deg pitch=0.13 deg feeder_rpm=3.00 wheel0_rpm=0 wheel1_rpm=0 wheel_delta=0 projectile_speed=19.36 gate=0x1E switch=0 rc=1 sticks=1 imu=1 serial=1 control=0 yaw_armed=0 pitch_active=0
[2026-09-05 23:00:03.903] [info] [YOLO26][DET] above_0p2=1 after_nms=1 accepted=1 max_conf=0.1069 max_class=11 max_min_kpt=0.9833 refined_color=1 color_score=-88.67 color_source=1
[2026-09-05 23:00:03.907] [info] [YOLO26] ==================== Performance ====================
[2026-09-05 23:00:03.907] [info] [YOLO26] Preprocess:  1.083 ms (5.6%)
[2026-09-05 23:00:03.907] [info] [YOLO26] Inference:   13.932 ms (71.4%)
[2026-09-05 23:00:03.907] [info] [YOLO26] Postprocess: 4.487 ms (23.0%)
[2026-09-05 23:00:03.907] [info] [YOLO26] Total:       19.504 ms (51.3 FPS)
[2026-09-05 23:00:03.907] [info] [YOLO26] ======================================================
[DEBUG] armors=1, targets=1
[2026-09-05 23:00:03.911] [info] [PERF] 总耗时=23.8ms (检测=19.6ms, 跟踪=0.7ms), FPS=41.9
[2026-09-05 23:00:03.911] [info] 📊 [CAMERA FPS] 瞬时帧率=41.9fps, 平均帧率=50.0fps, 总帧数=450, 运行时间=9.0s
[2026-09-05 23:00:03.925] [info] [YOLO26][DET] above_0p2=1 after_nms=1 accepted=1 max_conf=0.3134 max_class=11 max_min_kpt=0.9960 refined_color=1 color_score=-80.17 color_source=1
[DEBUG] armors=1, targets=1
[2026-09-05 23:00:03.943] [info] [YOLO26][DET] above_0p2=2 after_nms=1 accepted=1 max_conf=0.3220 max_class=11 max_min_kpt=0.9871 refined_color=1 color_score=-84.32 color_source=1
[DEBUG] armors=1, targets=1
[2026-09-05 23:00:03.964] [info] [YOLO26][DET] above_0p2=1 after_nms=1 accepted=1 max_conf=0.1032 max_class=8 max_min_kpt=0.9513 refined_color=1 color_score=-83.75 color_source=1
[DEBUG] armors=1, targets=1
[2026-09-05 23:00:03.984] [info] [YOLO26][DET] above_0p2=1 after_nms=1 accepted=1 max_conf=0.1471 max_class=10 max_min_kpt=0.9612 refined_color=1 color_score=-85.35 color_source=1
[DEBUG] armors=1, targets=1
[2026-09-05 23:00:04.001] [info] [YOLO26][DET] above_0p2=0 after_nms=0 accepted=0 max_conf=0.0830 max_class=11 max_min_kpt=0.0000 refined_color=-1 color_score=0.00 color_source=-1
[DEBUG] armors=0, targets=1
[2026-09-05 23:00:04.020] [info] [YOLO26][DET] above_0p2=2 after_nms=1 accepted=1 max_conf=0.1842 max_class=14 max_min_kpt=0.9759 refined_color=1 color_score=-79.81 color_source=1
[DEBUG] armors=1, targets=1
[2026-09-05 23:00:04.039] [info] [YOLO26][DET] above_0p2=0 after_nms=0 accepted=0 max_conf=0.0996 max_class=11 max_min_kpt=0.0000 refined_color=-1 color_score=0.00 color_source=-1
[DEBUG] armors=0, targets=1
[2026-09-05 23:00:04.058] [info] [YOLO26][DET] above_0p2=3 after_nms=2 accepted=2 max_conf=0.3687 max_class=11 max_min_kpt=0.9924 refined_color=1 color_score=-81.17 color_source=1
[DEBUG] armors=2, targets=1
[2026-09-05 23:00:04.077] [info] [YOLO26][DET] above_0p2=1 after_nms=1 accepted=1 max_conf=0.3767 max_class=11 max_min_kpt=0.9830 refined_color=1 color_score=-93.56 color_source=1
[DEBUG] armors=1, targets=1
[2026-09-05 23:00:04.097] [info] [YOLO26][DET] above_0p2=2 after_nms=2 accepted=2 max_conf=0.4509 max_class=11 max_min_kpt=0.9895 refined_color=1 color_score=-85.67 color_source=1
[DEBUG] armors=2, targets=1
[2026-09-05 23:00:04.099] [info] [DRYRUN] measured_gimbal=(3.720,0.320,0.050) measured_world=(3.649,0.791,0.042) tracked_world=(3.682,0.349,0.039) target_gimbal_deg=(4.92,0.77) target_world_deg=(12.23,0.64) gimbal_deg=(7.31,0.13) armor_y_px=541.8 pixel_error_deg=(-4.02,0.05) ballistic=(range=nanm holdover=0.000m comp=0.00deg residual=0.05deg) q_wxyz=(0.997967,0.000073,0.001147,-0.063723) cmd_deg=(7.70,0.20) packed_pitch_deg=0.20 control=true shoot=false
[2026-09-05 23:00:04.117] [info] [YOLO26][DET] above_0p2=2 after_nms=2 accepted=2 max_conf=0.2962 max_class=11 max_min_kpt=0.9908 refined_color=1 color_score=-82.66 color_source=1
[DEBUG] armors=2, targets=1
[2026-09-05 23:00:04.120] [info] [XUC][FIRE] stable-window candidate started
[2026-09-05 23:00:04.137] [info] [YOLO26][DET] above_0p2=2 after_nms=2 accepted=2 max_conf=0.7582 max_class=11 max_min_kpt=0.9870 refined_color=1 color_score=-86.44 color_source=1
[DEBUG] armors=2, targets=1
[2026-09-05 23:00:04.157] [info] [YOLO26][DET] above_0p2=2 after_nms=2 accepted=2 max_conf=0.5360 max_class=11 max_min_kpt=0.9766 refined_color=1 color_score=-82.09 color_source=1
[DEBUG] armors=2, targets=1
[2026-09-05 23:00:04.160] [info] [XUC][FIRE] qualified after 40 ms, pixel error deg=(2.15,0.04) gyro=true face_error=5.13deg omega=-1.640rad_s armed=true
[2026-09-05 23:00:04.178] [info] [YOLO26][DET] above_0p2=2 after_nms=2 accepted=2 max_conf=0.6885 max_class=11 max_min_kpt=0.9850 refined_color=1 color_score=-73.10 color_source=1
[DEBUG] armors=2, targets=1
[2026-09-05 23:00:04.180] [info] [XUC][FIRE] stable window reset
[2026-09-05 23:00:04.197] [info] [YOLO26][DET] above_0p2=3 after_nms=2 accepted=2 max_conf=0.7257 max_class=11 max_min_kpt=0.9926 refined_color=1 color_score=-78.82 color_source=1
[DEBUG] armors=2, targets=1
[2026-09-05 23:00:04.217] [info] [YOLO26][DET] above_0p2=3 after_nms=3 accepted=3 max_conf=0.5817 max_class=11 max_min_kpt=0.9941 refined_color=1 color_score=-83.52 color_source=1
[DEBUG] armors=3, targets=1
[2026-09-05 23:00:04.236] [info] [YOLO26][DET] above_0p2=2 after_nms=2 accepted=2 max_conf=0.2784 max_class=10 max_min_kpt=0.9797 refined_color=1 color_score=-70.93 color_source=1
[DEBUG] armors=2, targets=1
[2026-09-05 23:00:04.256] [info] [YOLO26][DET] above_0p2=1 after_nms=1 accepted=1 max_conf=0.1456 max_class=11 max_min_kpt=0.9821 refined_color=1 color_score=-81.22 color_source=1
[DEBUG] armors=1, targets=1
[2026-09-05 23:00:04.276] [info] [YOLO26][DET] above_0p2=2 after_nms=2 accepted=2 max_conf=0.2500 max_class=10 max_min_kpt=0.9846 refined_color=1 color_score=-82.98 color_source=1
[DEBUG] armors=2, targets=1
[2026-09-05 23:00:04.296] [info] [YOLO26][DET] above_0p2=1 after_nms=1 accepted=1 max_conf=0.3132 max_class=10 max_min_kpt=0.9552 refined_color=1 color_score=-84.88 color_source=1
[DEBUG] armors=1, targets=1
[2026-09-05 23:00:04.315] [info] [YOLO26][DET] above_0p2=1 after_nms=1 accepted=1 max_conf=0.2029 max_class=10 max_min_kpt=0.9486 refined_color=1 color_score=-84.92 color_source=1
[DEBUG] armors=1, targets=1
[2026-09-05 23:00:04.333] [info] [YOLO26][DET] above_0p2=0 after_nms=0 accepted=0 max_conf=0.0934 max_class=10 max_min_kpt=0.0000 refined_color=-1 color_score=0.00 color_source=-1
[DEBUG] armors=0, targets=1
[2026-09-05 23:00:04.353] [info] [YOLO26][DET] above_0p2=0 after_nms=0 accepted=0 max_conf=0.0988 max_class=10 max_min_kpt=0.0000 refined_color=-1 color_score=0.00 color_source=-1
[DEBUG] armors=0, targets=1
[2026-09-05 23:00:04.373] [info] [YOLO26][DET] above_0p2=1 after_nms=1 accepted=1 max_conf=0.1289 max_class=8 max_min_kpt=0.9507 refined_color=1 color_score=-91.20 color_source=1
[DEBUG] armors=1, targets=1
[2026-09-05 23:00:04.392] [info] [YOLO26][DET] above_0p2=2 after_nms=1 accepted=1 max_conf=0.1702 max_class=8 max_min_kpt=0.9503 refined_color=1 color_score=-87.54 color_source=1
[DEBUG] armors=1, targets=1
[2026-09-05 23:00:04.410] [info] [YOLO26][DET] above_0p2=0 after_nms=0 accepted=0 max_conf=0.0949 max_class=10 max_min_kpt=0.0000 refined_color=-1 color_score=0.00 color_source=-1
[DEBUG] armors=0, targets=1
[2026-09-05 23:00:04.430] [info] [YOLO26][DET] above_0p2=1 after_nms=1 accepted=1 max_conf=0.1012 max_class=8 max_min_kpt=0.9657 refined_color=1 color_score=-79.09 color_source=1
[DEBUG] armors=1, targets=1
[2026-09-05 23:00:04.450] [info] [YOLO26][DET] above_0p2=0 after_nms=0 accepted=0 max_conf=0.0817 max_class=10 max_min_kpt=0.0000 refined_color=-1 color_score=0.00 color_source=-1
[DEBUG] armors=0, targets=1
[2026-09-05 23:00:04.470] [info] [YOLO26][DET] above_0p2=0 after_nms=0 accepted=0 max_conf=0.0502 max_class=8 max_min_kpt=0.0000 refined_color=-1 color_score=0.00 color_source=-1
[DEBUG] armors=0, targets=1
[2026-09-05 23:00:04.490] [info] [YOLO26][DET] above_0p2=1 after_nms=1 accepted=1 max_conf=0.1099 max_class=10 max_min_kpt=0.9459 refined_color=1 color_score=-76.97 color_source=1
[DEBUG] armors=1, targets=1
[2026-09-05 23:00:04.492] [info] [DRYRUN] measured_gimbal=(3.958,0.405,0.051) measured_world=(3.875,0.905,0.042) tracked_world=(3.681,0.528,0.038) target_gimbal_deg=(5.84,0.73) target_world_deg=(13.14,0.60) gimbal_deg=(7.31,0.13) armor_y_px=541.1 pixel_error_deg=(-0.24,0.03) ballistic=(range=nanm holdover=0.000m comp=0.00deg residual=0.03deg) q_wxyz=(0.997967,0.000073,0.001147,-0.063723) cmd_deg=(7.92,0.18) packed_pitch_deg=0.18 control=true shoot=false
[2026-09-05 23:00:04.509] [info] [YOLO26][DET] above_0p2=2 after_nms=1 accepted=1 max_conf=0.1421 max_class=10 max_min_kpt=0.9549 refined_color=1 color_score=-81.07 color_source=1
[DEBUG] armors=1, targets=1
[2026-09-05 23:00:04.528] [info] [YOLO26][DET] above_0p2=1 after_nms=1 accepted=1 max_conf=0.1674 max_class=8 max_min_kpt=0.9520 refined_color=1 color_score=-85.74 color_source=1
[DEBUG] armors=1, targets=1
[2026-09-05 23:00:04.547] [info] [YOLO26][DET] above_0p2=0 after_nms=0 accepted=0 max_conf=0.0819 max_class=8 max_min_kpt=0.0000 refined_color=-1 color_score=0.00 color_source=-1
[DEBUG] armors=0, targets=1
[2026-09-05 23:00:04.567] [info] [YOLO26][DET] above_0p2=0 after_nms=0 accepted=0 max_conf=0.0518 max_class=8 max_min_kpt=0.0000 refined_color=-1 color_score=0.00 color_source=-1
[DEBUG] armors=0, targets=1
[2026-09-05 23:00:04.586] [info] [YOLO26][DET] above_0p2=0 after_nms=0 accepted=0 max_conf=0.0816 max_class=8 max_min_kpt=0.0000 refined_color=-1 color_score=0.00 color_source=-1
[2026-09-05 23:00:04.587] [info] [XUC][GYRO] center_follow=false tracker=lost omega=+0.000rad_s radius=0.000m
[DEBUG] armors=0, targets=0
[2026-09-05 23:00:04.605] [info] [YOLO26][DET] above_0p2=0 after_nms=0 accepted=0 max_conf=0.0824 max_class=8 max_min_kpt=0.0000 refined_color=-1 color_score=0.00 color_source=-1
[DEBUG] armors=0, targets=0
[2026-09-05 23:00:04.625] [info] [YOLO26][DET] above_0p2=1 after_nms=1 accepted=1 max_conf=0.1994 max_class=8 max_min_kpt=0.9419 refined_color=1 color_score=-73.57 color_source=1
[DEBUG] armors=1, targets=1
[2026-09-05 23:00:04.645] [info] [YOLO26][DET] above_0p2=1 after_nms=1 accepted=1 max_conf=0.1166 max_class=8 max_min_kpt=0.9544 refined_color=1 color_score=-71.53 color_source=1
[DEBUG] armors=1, targets=1
[2026-09-05 23:00:04.663] [info] [YOLO26][DET] above_0p2=0 after_nms=0 accepted=0 max_conf=0.0964 max_class=8 max_min_kpt=0.0000 refined_color=-1 color_score=0.00 color_source=-1
[DEBUG] armors=0, targets=0
[2026-09-05 23:00:04.683] [info] [YOLO26][DET] above_0p2=0 after_nms=0 accepted=0 max_conf=0.0929 max_class=8 max_min_kpt=0.0000 refined_color=-1 color_score=0.00 color_source=-1
[DEBUG] armors=0, targets=0
[2026-09-05 23:00:04.702] [info] [YOLO26][DET] above_0p2=0 after_nms=0 accepted=0 max_conf=0.0923 max_class=8 max_min_kpt=0.0000 refined_color=-1 color_score=0.00 color_source=-1
[DEBUG] armors=0, targets=0
[2026-09-05 23:00:04.721] [info] [YOLO26][DET] above_0p2=0 after_nms=0 accepted=0 max_conf=0.0434 max_class=8 max_min_kpt=0.0000 refined_color=-1 color_score=0.00 color_source=-1
[DEBUG] armors=0, targets=0
[2026-09-05 23:00:04.741] [info] [YOLO26][DET] above_0p2=1 after_nms=1 accepted=1 max_conf=0.1153 max_class=8 max_min_kpt=0.9520 refined_color=1 color_score=-80.25 color_source=1
[DEBUG] armors=1, targets=1
[2026-09-05 23:00:04.760] [info] [YOLO26][DET] above_0p2=1 after_nms=1 accepted=1 max_conf=0.2568 max_class=11 max_min_kpt=0.9935 refined_color=1 color_score=-77.66 color_source=1
[DEBUG] armors=1, targets=0
[2026-09-05 23:00:04.778] [info] [YOLO26][DET] above_0p2=0 after_nms=0 accepted=0 max_conf=0.0626 max_class=11 max_min_kpt=0.0000 refined_color=-1 color_score=0.00 color_source=-1
[DEBUG] armors=0, targets=0
[2026-09-05 23:00:04.798] [info] [YOLO26][DET] above_0p2=1 after_nms=1 accepted=1 max_conf=0.1054 max_class=11 max_min_kpt=0.9907 refined_color=1 color_score=-89.38 color_source=1
[DEBUG] armors=1, targets=1
[2026-09-05 23:00:04.818] [info] [YOLO26][DET] above_0p2=1 after_nms=1 accepted=1 max_conf=0.4473 max_class=11 max_min_kpt=0.9940 refined_color=1 color_score=-84.82 color_source=1
[DEBUG] armors=1, targets=1
[2026-09-05 23:00:04.838] [info] [YOLO26][DET] above_0p2=1 after_nms=1 accepted=1 max_conf=0.2052 max_class=11 max_min_kpt=0.9923 refined_color=1 color_score=-93.18 color_source=1
[DEBUG] armors=1, targets=1
[2026-09-05 23:00:04.859] [info] [YOLO26][DET] above_0p2=2 after_nms=1 accepted=1 max_conf=0.1950 max_class=8 max_min_kpt=0.9911 refined_color=1 color_score=-98.31 color_source=1
[DEBUG] armors=1, targets=0
[2026-09-05 23:00:04.863] [info] [SYNC][XUC] mode=0 yaw=-7.31 deg pitch=0.13 deg feeder_rpm=0.00 wheel0_rpm=0 wheel1_rpm=0 wheel_delta=0 projectile_speed=19.36 gate=0x1E switch=0 rc=1 sticks=1 imu=1 serial=1 control=0 yaw_armed=0 pitch_active=0
[2026-09-05 23:00:04.878] [info] [YOLO26][DET] above_0p2=2 after_nms=2 accepted=2 max_conf=0.3697 max_class=11 max_min_kpt=0.9948 refined_color=1 color_score=-97.89 color_source=1
[2026-09-05 23:00:04.882] [info] [YOLO26] ==================== Performance ====================
[2026-09-05 23:00:04.882] [info] [YOLO26] Preprocess:  1.231 ms (6.6%)
[2026-09-05 23:00:04.882] [info] [YOLO26] Inference:   13.218 ms (70.8%)
[2026-09-05 23:00:04.882] [info] [YOLO26] Postprocess: 4.226 ms (22.6%)
[2026-09-05 23:00:04.882] [info] [YOLO26] Total:       18.675 ms (53.5 FPS)
[2026-09-05 23:00:04.882] [info] [YOLO26] ======================================================
[DEBUG] armors=2, targets=1
[2026-09-05 23:00:04.883] [info] [DRYRUN] measured_gimbal=(3.689,0.369,0.050) measured_world=(3.613,0.836,0.041) tracked_world=(3.911,0.347,0.044) target_gimbal_deg=(5.72,0.77) target_world_deg=(13.02,0.64) gimbal_deg=(7.31,0.13) armor_y_px=539.6 pixel_error_deg=(-3.24,-0.01) ballistic=(range=nanm holdover=0.000m comp=0.00deg residual=-0.01deg) q_wxyz=(0.997967,0.000073,0.001147,-0.063723) cmd_deg=(4.71,0.12) packed_pitch_deg=0.12 control=true shoot=false
[2026-09-05 23:00:04.887] [info] [PERF] 总耗时=23.4ms (检测=18.7ms, 跟踪=0.4ms), FPS=42.7
[2026-09-05 23:00:04.887] [info] 📊 [CAMERA FPS] 瞬时帧率=42.6fps, 平均帧率=50.2fps, 总帧数=500, 运行时间=10.0s
[2026-09-05 23:00:04.900] [info] [YOLO26][DET] above_0p2=2 after_nms=2 accepted=2 max_conf=0.3134 max_class=11 max_min_kpt=0.9927 refined_color=1 color_score=-89.82 color_source=1
[DEBUG] armors=2, targets=1
[2026-09-05 23:00:04.919] [info] [YOLO26][DET] above_0p2=0 after_nms=0 accepted=0 max_conf=0.0939 max_class=10 max_min_kpt=0.0000 refined_color=-1 color_score=0.00 color_source=-1
[DEBUG] armors=0, targets=0
[2026-09-05 23:00:04.939] [info] [YOLO26][DET] above_0p2=2 after_nms=2 accepted=2 max_conf=0.2122 max_class=11 max_min_kpt=0.9943 refined_color=1 color_score=-92.30 color_source=1
[DEBUG] armors=2, targets=1
[2026-09-05 23:00:04.958] [info] [YOLO26][DET] above_0p2=2 after_nms=2 accepted=2 max_conf=0.3894 max_class=11 max_min_kpt=0.9922 refined_color=1 color_score=-87.71 color_source=1
[DEBUG] armors=2, targets=0
[2026-09-05 23:00:04.978] [info] [YOLO26][DET] above_0p2=2 after_nms=2 accepted=2 max_conf=0.3026 max_class=11 max_min_kpt=0.9903 refined_color=1 color_score=-94.43 color_source=1
[DEBUG] armors=2, targets=1
[2026-09-05 23:00:04.997] [info] [YOLO26][DET] above_0p2=3 after_nms=2 accepted=2 max_conf=0.4123 max_class=11 max_min_kpt=0.9861 refined_color=1 color_score=-79.90 color_source=1
[DEBUG] armors=2, targets=1
[2026-09-05 23:00:05.018] [info] [YOLO26][DET] above_0p2=1 after_nms=1 accepted=1 max_conf=0.1369 max_class=11 max_min_kpt=0.9949 refined_color=1 color_score=-78.89 color_source=1
[DEBUG] armors=1, targets=1
[2026-09-05 23:00:05.039] [info] [YOLO26][DET] above_0p2=2 after_nms=2 accepted=2 max_conf=0.3032 max_class=11 max_min_kpt=0.9898 refined_color=1 color_score=-77.18 color_source=1
[2026-09-05 23:00:05.042] [info] [XUC][GYRO] center_follow=true tracker=detecting omega=-1.033rad_s radius=0.281m
[DEBUG] armors=2, targets=1
[2026-09-05 23:00:05.060] [info] [YOLO26][DET] above_0p2=2 after_nms=2 accepted=2 max_conf=0.2620 max_class=11 max_min_kpt=0.9916 refined_color=1 color_score=-75.82 color_source=1
[DEBUG] armors=2, targets=1
[2026-09-05 23:00:05.080] [info] [YOLO26][DET] above_0p2=3 after_nms=2 accepted=2 max_conf=0.2492 max_class=11 max_min_kpt=0.9913 refined_color=1 color_score=-74.74 color_source=1
[DEBUG] armors=2, targets=1
[2026-09-05 23:00:05.101] [info] [YOLO26][DET] above_0p2=2 after_nms=2 accepted=2 max_conf=0.4562 max_class=11 max_min_kpt=0.9741 refined_color=1 color_score=-83.96 color_source=1
[DEBUG] armors=2, targets=1
[2026-09-05 23:00:05.103] [info] [XUC][FIRE] stable-window candidate started
[2026-09-05 23:00:05.120] [info] [YOLO26][DET] above_0p2=3 after_nms=3 accepted=3 max_conf=0.3110 max_class=10 max_min_kpt=0.9927 refined_color=1 color_score=-78.17 color_source=1
[DEBUG] armors=3, targets=1
[2026-09-05 23:00:05.141] [info] [YOLO26][DET] above_0p2=3 after_nms=3 accepted=3 max_conf=0.2745 max_class=10 max_min_kpt=0.9924 refined_color=1 color_score=-74.39 color_source=1
[DEBUG] armors=3, targets=1
[2026-09-05 23:00:05.143] [info] [XUC][FIRE] stable window reset
[2026-09-05 23:00:05.159] [info] [YOLO26][DET] above_0p2=1 after_nms=1 accepted=1 max_conf=0.1503 max_class=10 max_min_kpt=0.9601 refined_color=1 color_score=-92.59 color_source=1
[DEBUG] armors=1, targets=1
[2026-09-05 23:00:05.178] [info] [YOLO26][DET] above_0p2=1 after_nms=1 accepted=1 max_conf=0.1005 max_class=10 max_min_kpt=0.9547 refined_color=1 color_score=-83.00 color_source=1
[DEBUG] armors=1, targets=1
[2026-09-05 23:00:05.197] [info] [YOLO26][DET] above_0p2=1 after_nms=1 accepted=1 max_conf=0.1141 max_class=8 max_min_kpt=0.9575 refined_color=1 color_score=-91.89 color_source=1
[DEBUG] armors=1, targets=1
[2026-09-05 23:00:05.216] [info] [YOLO26][DET] above_0p2=2 after_nms=1 accepted=1 max_conf=0.1414 max_class=11 max_min_kpt=0.9925 refined_color=1 color_score=-82.87 color_source=1
[DEBUG] armors=1, targets=1
[2026-09-05 23:00:05.236] [info] [YOLO26][DET] above_0p2=0 after_nms=0 accepted=0 max_conf=0.0457 max_class=11 max_min_kpt=0.0000 refined_color=-1 color_score=0.00 color_source=-1
[DEBUG] armors=0, targets=1
[2026-09-05 23:00:05.256] [info] [YOLO26][DET] above_0p2=1 after_nms=1 accepted=1 max_conf=0.1125 max_class=8 max_min_kpt=0.9491 refined_color=1 color_score=-77.03 color_source=1
[DEBUG] armors=1, targets=1
[2026-09-05 23:00:05.275] [info] [YOLO26][DET] above_0p2=1 after_nms=1 accepted=1 max_conf=0.1010 max_class=8 max_min_kpt=0.9501 refined_color=1 color_score=-68.32 color_source=1
[DEBUG] armors=1, targets=1
[2026-09-05 23:00:05.276] [info] [DRYRUN] measured_gimbal=(3.635,-0.010,0.055) measured_world=(3.607,0.452,0.046) tracked_world=(3.657,0.499,0.047) target_gimbal_deg=(-0.16,0.86) target_world_deg=(7.15,0.73) gimbal_deg=(7.31,0.13) armor_y_px=538.9 pixel_error_deg=(0.51,-0.03) ballistic=(range=nanm holdover=0.000m comp=0.00deg residual=-0.03deg) q_wxyz=(0.997967,0.000073,0.001147,-0.063723) cmd_deg=(7.64,0.08) packed_pitch_deg=0.08 control=true shoot=false
[2026-09-05 23:00:05.296] [info] [YOLO26][DET] above_0p2=1 after_nms=1 accepted=1 max_conf=0.1060 max_class=8 max_min_kpt=0.9555 refined_color=1 color_score=-75.69 color_source=1
[DEBUG] armors=1, targets=1
[2026-09-05 23:00:05.317] [info] [YOLO26][DET] above_0p2=1 after_nms=1 accepted=1 max_conf=0.1898 max_class=8 max_min_kpt=0.9590 refined_color=1 color_score=-91.01 color_source=1
[DEBUG] armors=1, targets=1
[2026-09-05 23:00:05.335] [info] [YOLO26][DET] above_0p2=0 after_nms=0 accepted=0 max_conf=0.0651 max_class=8 max_min_kpt=0.0000 refined_color=-1 color_score=0.00 color_source=-1
[DEBUG] armors=0, targets=1
[2026-09-05 23:00:05.354] [info] [YOLO26][DET] above_0p2=0 after_nms=0 accepted=0 max_conf=0.0515 max_class=10 max_min_kpt=0.0000 refined_color=-1 color_score=0.00 color_source=-1
[DEBUG] armors=0, targets=1
[2026-09-05 23:00:05.374] [info] [YOLO26][DET] above_0p2=1 after_nms=1 accepted=1 max_conf=0.1489 max_class=11 max_min_kpt=0.9919 refined_color=1 color_score=-81.55 color_source=1
[DEBUG] armors=1, targets=1
[2026-09-05 23:00:05.392] [info] [YOLO26][DET] above_0p2=1 after_nms=1 accepted=1 max_conf=0.1517 max_class=8 max_min_kpt=0.9560 refined_color=1 color_score=-62.05 color_source=1
[DEBUG] armors=1, targets=1
[2026-09-05 23:00:05.409] [info] [YOLO26][DET] above_0p2=0 after_nms=0 accepted=0 max_conf=0.0777 max_class=8 max_min_kpt=0.0000 refined_color=-1 color_score=0.00 color_source=-1
[DEBUG] armors=0, targets=1
[2026-09-05 23:00:05.428] [info] [YOLO26][DET] above_0p2=0 after_nms=0 accepted=0 max_conf=0.0613 max_class=8 max_min_kpt=0.0000 refined_color=-1 color_score=0.00 color_source=-1
[DEBUG] armors=0, targets=1
[2026-09-05 23:00:05.448] [info] [YOLO26][DET] above_0p2=0 after_nms=0 accepted=0 max_conf=0.0291 max_class=8 max_min_kpt=0.0000 refined_color=-1 color_score=0.00 color_source=-1
[DEBUG] armors=0, targets=1
[2026-09-05 23:00:05.466] [info] [YOLO26][DET] above_0p2=0 after_nms=0 accepted=0 max_conf=0.0929 max_class=8 max_min_kpt=0.0000 refined_color=-1 color_score=0.00 color_source=-1
[DEBUG] armors=0, targets=1
[2026-09-05 23:00:05.485] [info] [YOLO26][DET] above_0p2=0 after_nms=0 accepted=0 max_conf=0.0874 max_class=8 max_min_kpt=0.0000 refined_color=-1 color_score=0.00 color_source=-1
[DEBUG] armors=0, targets=1
[2026-09-05 23:00:05.505] [info] [YOLO26][DET] above_0p2=0 after_nms=0 accepted=0 max_conf=0.0773 max_class=8 max_min_kpt=0.0000 refined_color=-1 color_score=0.00 color_source=-1
[DEBUG] armors=0, targets=1
[2026-09-05 23:00:05.525] [info] [YOLO26][DET] above_0p2=2 after_nms=1 accepted=1 max_conf=0.1546 max_class=11 max_min_kpt=0.9929 refined_color=1 color_score=-79.50 color_source=1
[DEBUG] armors=1, targets=1
[2026-09-05 23:00:05.544] [info] [YOLO26][DET] above_0p2=1 after_nms=1 accepted=1 max_conf=0.1340 max_class=8 max_min_kpt=0.9511 refined_color=1 color_score=-56.57 color_source=1
[DEBUG] armors=1, targets=1
[2026-09-05 23:00:05.564] [info] [YOLO26][DET] above_0p2=2 after_nms=1 accepted=1 max_conf=0.1892 max_class=11 max_min_kpt=0.9944 refined_color=1 color_score=-76.83 color_source=1
[DEBUG] armors=1, targets=1
[2026-09-05 23:00:05.584] [info] [YOLO26][DET] above_0p2=1 after_nms=1 accepted=1 max_conf=0.1101 max_class=11 max_min_kpt=0.9900 refined_color=1 color_score=-74.62 color_source=1
[DEBUG] armors=1, targets=1
[2026-09-05 23:00:05.605] [info] [YOLO26][DET] above_0p2=1 after_nms=1 accepted=1 max_conf=0.1247 max_class=11 max_min_kpt=0.9935 refined_color=1 color_score=-75.17 color_source=1
[DEBUG] armors=1, targets=1
[2026-09-05 23:00:05.625] [info] [YOLO26][DET] above_0p2=2 after_nms=1 accepted=1 max_conf=0.2532 max_class=11 max_min_kpt=0.9919 refined_color=1 color_score=-78.77 color_source=1
[DEBUG] armors=1, targets=1
[2026-09-05 23:00:05.645] [info] [YOLO26][DET] above_0p2=1 after_nms=1 accepted=1 max_conf=0.1489 max_class=11 max_min_kpt=0.9917 refined_color=1 color_score=-74.95 color_source=1
[DEBUG] armors=1, targets=1
[2026-09-05 23:00:05.664] [info] [YOLO26][DET] above_0p2=0 after_nms=0 accepted=0 max_conf=0.0871 max_class=11 max_min_kpt=0.0000 refined_color=-1 color_score=0.00 color_source=-1
[DEBUG] armors=0, targets=1
[2026-09-05 23:00:05.682] [info] [YOLO26][DET] above_0p2=2 after_nms=1 accepted=1 max_conf=0.4498 max_class=11 max_min_kpt=0.9919 refined_color=1 color_score=-79.43 color_source=1
[DEBUG] armors=1, targets=1
[2026-09-05 23:00:05.702] [info] [YOLO26][DET] above_0p2=0 after_nms=0 accepted=0 max_conf=0.0733 max_class=8 max_min_kpt=0.0000 refined_color=-1 color_score=0.00 color_source=-1
[DEBUG] armors=0, targets=1
[2026-09-05 23:00:05.721] [info] [YOLO26][DET] above_0p2=0 after_nms=0 accepted=0 max_conf=0.0831 max_class=10 max_min_kpt=0.0000 refined_color=-1 color_score=0.00 color_source=-1
[DEBUG] armors=0, targets=1
[2026-09-05 23:00:05.741] [info] [YOLO26][DET] above_0p2=2 after_nms=2 accepted=2 max_conf=0.3882 max_class=11 max_min_kpt=0.9910 refined_color=1 color_score=-78.96 color_source=1
[DEBUG] armors=2, targets=1
[2026-09-05 23:00:05.763] [info] [YOLO26][DET] above_0p2=2 after_nms=2 accepted=2 max_conf=0.5061 max_class=11 max_min_kpt=0.9867 refined_color=1 color_score=-89.76 color_source=1
[DEBUG] armors=2, targets=1
[2026-09-05 23:00:05.783] [info] [YOLO26][DET] above_0p2=1 after_nms=1 accepted=1 max_conf=0.4712 max_class=11 max_min_kpt=0.9895 refined_color=1 color_score=-89.15 color_source=1
[DEBUG] armors=1, targets=1
[2026-09-05 23:00:05.803] [info] [YOLO26][DET] above_0p2=3 after_nms=2 accepted=2 max_conf=0.2052 max_class=11 max_min_kpt=0.9904 refined_color=1 color_score=-84.23 color_source=1
[DEBUG] armors=2, targets=1
[2026-09-05 23:00:05.821] [info] [YOLO26][DET] above_0p2=1 after_nms=1 accepted=1 max_conf=0.2435 max_class=11 max_min_kpt=0.9770 refined_color=1 color_score=-82.92 color_source=1
[DEBUG] armors=1, targets=1
[2026-09-05 23:00:05.824] [info] [XUC][FIRE] stable-window candidate started
[2026-09-05 23:00:05.841] [info] [YOLO26][DET] above_0p2=2 after_nms=2 accepted=2 max_conf=0.3595 max_class=11 max_min_kpt=0.9858 refined_color=1 color_score=-79.94 color_source=1
[DEBUG] armors=2, targets=1
[2026-09-05 23:00:05.844] [info] [XUC][FIRE] stable window reset
[2026-09-05 23:00:05.847] [info] [SYNC][XUC] mode=0 yaw=-7.31 deg pitch=0.13 deg feeder_rpm=0.00 wheel0_rpm=0 wheel1_rpm=0 wheel_delta=0 projectile_speed=19.36 gate=0x1E switch=0 rc=1 sticks=1 imu=1 serial=1 control=0 yaw_armed=0 pitch_active=0
[2026-09-05 23:00:05.861] [info] [YOLO26][DET] above_0p2=2 after_nms=2 accepted=2 max_conf=0.3763 max_class=11 max_min_kpt=0.9902 refined_color=1 color_score=-77.01 color_source=1
[2026-09-05 23:00:05.865] [info] [YOLO26] ==================== Performance ====================
[2026-09-05 23:00:05.865] [info] [YOLO26] Preprocess:  0.959 ms (5.4%)
[2026-09-05 23:00:05.865] [info] [YOLO26] Inference:   12.873 ms (72.7%)
[2026-09-05 23:00:05.865] [info] [YOLO26] Postprocess: 3.885 ms (21.9%)
[2026-09-05 23:00:05.865] [info] [YOLO26] Total:       17.718 ms (56.4 FPS)
[2026-09-05 23:00:05.865] [info] [YOLO26] ======================================================
[DEBUG] armors=2, targets=1
[2026-09-05 23:00:05.866] [info] [XUC][FIRE] stable-window candidate started
[2026-09-05 23:00:05.868] [info] [PERF] 总耗时=21.3ms (检测=17.7ms, 跟踪=0.8ms), FPS=47.0
[2026-09-05 23:00:05.868] [info] 📊 [CAMERA FPS] 瞬时帧率=46.9fps, 平均帧率=50.2fps, 总帧数=550, 运行时间=11.0s
[2026-09-05 23:00:05.883] [info] [YOLO26][DET] above_0p2=1 after_nms=1 accepted=1 max_conf=0.2098 max_class=11 max_min_kpt=0.9802 refined_color=1 color_score=-73.86 color_source=1
[DEBUG] armors=1, targets=1
[2026-09-05 23:00:05.885] [info] [XUC][FIRE] stable window reset
[2026-09-05 23:00:05.903] [info] [YOLO26][DET] above_0p2=2 after_nms=2 accepted=2 max_conf=0.6599 max_class=11 max_min_kpt=0.9840 refined_color=1 color_score=-78.51 color_source=1
[DEBUG] armors=2, targets=1
[2026-09-05 23:00:05.906] [info] [XUC][FIRE] stable-window candidate started
[2026-09-05 23:00:05.923] [info] [YOLO26][DET] above_0p2=2 after_nms=2 accepted=2 max_conf=0.4337 max_class=11 max_min_kpt=0.9908 refined_color=1 color_score=-78.05 color_source=1
[DEBUG] armors=2, targets=1
[2026-09-05 23:00:05.942] [info] [YOLO26][DET] above_0p2=2 after_nms=2 accepted=2 max_conf=0.4285 max_class=11 max_min_kpt=0.9871 refined_color=1 color_score=-82.40 color_source=1
[DEBUG] armors=2, targets=1
[2026-09-05 23:00:05.944] [info] [XUC][FIRE] qualified after 40 ms, pixel error deg=(2.12,0.09) gyro=true face_error=3.50deg omega=-1.763rad_s armed=true
[2026-09-05 23:00:05.962] [info] [YOLO26][DET] above_0p2=2 after_nms=2 accepted=2 max_conf=0.2107 max_class=10 max_min_kpt=0.9796 refined_color=1 color_score=-62.57 color_source=1
[DEBUG] armors=2, targets=1
[2026-09-05 23:00:05.964] [info] [XUC][FIRE] stable window reset
[2026-09-05 23:00:05.982] [info] [YOLO26][DET] above_0p2=3 after_nms=2 accepted=2 max_conf=0.2990 max_class=10 max_min_kpt=0.9856 refined_color=1 color_score=-74.60 color_source=1
[DEBUG] armors=2, targets=1
[2026-09-05 23:00:06.002] [info] [YOLO26][DET] above_0p2=2 after_nms=2 accepted=2 max_conf=0.3177 max_class=10 max_min_kpt=0.9865 refined_color=1 color_score=-68.91 color_source=1
[DEBUG] armors=2, targets=1
[2026-09-05 23:00:06.021] [info] [YOLO26][DET] above_0p2=1 after_nms=1 accepted=1 max_conf=0.2371 max_class=11 max_min_kpt=0.9902 refined_color=1 color_score=-84.48 color_source=1
[DEBUG] armors=1, targets=1
[2026-09-05 23:00:06.042] [info] [YOLO26][DET] above_0p2=3 after_nms=2 accepted=2 max_conf=0.6537 max_class=14 max_min_kpt=0.9897 refined_color=1 color_score=-94.29 color_source=1
[DEBUG] armors=2, targets=1
[2026-09-05 23:00:06.060] [info] [YOLO26][DET] above_0p2=2 after_nms=1 accepted=1 max_conf=0.1409 max_class=10 max_min_kpt=0.9461 refined_color=1 color_score=-81.84 color_source=1
[DEBUG] armors=1, targets=1
[2026-09-05 23:00:06.062] [info] [DRYRUN] measured_gimbal=(3.783,0.390,0.058) measured_world=(3.703,0.868,0.049) tracked_world=(3.691,0.876,0.047) target_gimbal_deg=(5.89,0.87) target_world_deg=(13.19,0.74) gimbal_deg=(7.31,0.13) armor_y_px=544.2 pixel_error_deg=(1.20,0.10) ballistic=(range=nanm holdover=0.000m comp=0.00deg residual=0.10deg) q_wxyz=(0.997967,0.000073,0.001147,-0.063723) cmd_deg=(7.68,0.25) packed_pitch_deg=0.25 control=true shoot=false
[2026-09-05 23:00:06.079] [info] [YOLO26][DET] above_0p2=0 after_nms=0 accepted=0 max_conf=0.0480 max_class=11 max_min_kpt=0.0000 refined_color=-1 color_score=0.00 color_source=-1
[DEBUG] armors=0, targets=1
[2026-09-05 23:00:06.098] [info] [YOLO26][DET] above_0p2=0 after_nms=0 accepted=0 max_conf=0.0379 max_class=8 max_min_kpt=0.0000 refined_color=-1 color_score=0.00 color_source=-1
[DEBUG] armors=0, targets=1
[2026-09-05 23:00:06.118] [info] [YOLO26][DET] above_0p2=0 after_nms=0 accepted=0 max_conf=0.0984 max_class=8 max_min_kpt=0.0000 refined_color=-1 color_score=0.00 color_source=-1
[DEBUG] armors=0, targets=1
[2026-09-05 23:00:06.137] [info] [YOLO26][DET] above_0p2=1 after_nms=1 accepted=1 max_conf=0.2234 max_class=11 max_min_kpt=0.9846 refined_color=1 color_score=-82.69 color_source=1
[DEBUG] armors=1, targets=1
[2026-09-05 23:00:06.158] [info] [YOLO26][DET] above_0p2=0 after_nms=0 accepted=0 max_conf=0.0368 max_class=8 max_min_kpt=0.0000 refined_color=-1 color_score=0.00 color_source=-1
[DEBUG] armors=0, targets=1
[2026-09-05 23:00:06.178] [info] [YOLO26][DET] above_0p2=2 after_nms=1 accepted=1 max_conf=0.1353 max_class=11 max_min_kpt=0.9917 refined_color=1 color_score=-82.21 color_source=1
[DEBUG] armors=1, targets=1
[2026-09-05 23:00:06.198] [info] [YOLO26][DET] above_0p2=0 after_nms=0 accepted=0 max_conf=0.0485 max_class=10 max_min_kpt=0.0000 refined_color=-1 color_score=0.00 color_source=-1
[DEBUG] armors=0, targets=1
[2026-09-05 23:00:06.217] [info] [YOLO26][DET] above_0p2=0 after_nms=0 accepted=0 max_conf=0.0667 max_class=8 max_min_kpt=0.0000 refined_color=-1 color_score=0.00 color_source=-1
[DEBUG] armors=0, targets=1
[2026-09-05 23:00:06.235] [info] [YOLO26][DET] above_0p2=0 after_nms=0 accepted=0 max_conf=0.0860 max_class=8 max_min_kpt=0.0000 refined_color=-1 color_score=0.00 color_source=-1
[DEBUG] armors=0, targets=1
[2026-09-05 23:00:06.255] [info] [YOLO26][DET] above_0p2=2 after_nms=1 accepted=1 max_conf=0.1371 max_class=8 max_min_kpt=0.9407 refined_color=1 color_score=-90.44 color_source=1
[DEBUG] armors=1, targets=1
[2026-09-05 23:00:06.275] [info] [YOLO26][DET] above_0p2=2 after_nms=1 accepted=1 max_conf=0.2324 max_class=11 max_min_kpt=0.9942 refined_color=1 color_score=-82.11 color_source=1
[DEBUG] armors=1, targets=1
[2026-09-05 23:00:06.293] [info] [YOLO26][DET] above_0p2=0 after_nms=0 accepted=0 max_conf=0.0545 max_class=8 max_min_kpt=0.0000 refined_color=-1 color_score=0.00 color_source=-1
[DEBUG] armors=0, targets=1
[2026-09-05 23:00:06.311] [info] [YOLO26][DET] above_0p2=0 after_nms=0 accepted=0 max_conf=0.0266 max_class=11 max_min_kpt=0.0000 refined_color=-1 color_score=0.00 color_source=-1
[DEBUG] armors=0, targets=1
[2026-09-05 23:00:06.330] [info] [YOLO26][DET] above_0p2=0 after_nms=0 accepted=0 max_conf=0.0490 max_class=8 max_min_kpt=0.0000 refined_color=-1 color_score=0.00 color_source=-1
[DEBUG] armors=0, targets=1
[2026-09-05 23:00:06.349] [info] [YOLO26][DET] above_0p2=0 after_nms=0 accepted=0 max_conf=0.0319 max_class=8 max_min_kpt=0.0000 refined_color=-1 color_score=0.00 color_source=-1
[DEBUG] armors=0, targets=1
[2026-09-05 23:00:06.371] [info] [YOLO26][DET] above_0p2=1 after_nms=1 accepted=1 max_conf=0.1520 max_class=8 max_min_kpt=0.9456 refined_color=1 color_score=-64.93 color_source=1
[DEBUG] armors=1, targets=1
[2026-09-05 23:00:06.391] [info] [YOLO26][DET] above_0p2=2 after_nms=1 accepted=1 max_conf=0.1059 max_class=10 max_min_kpt=0.9613 refined_color=1 color_score=-64.68 color_source=1
[DEBUG] armors=1, targets=1
[2026-09-05 23:00:06.411] [info] [YOLO26][DET] above_0p2=0 after_nms=0 accepted=0 max_conf=0.0634 max_class=10 max_min_kpt=0.0000 refined_color=-1 color_score=0.00 color_source=-1
[DEBUG] armors=0, targets=1
[2026-09-05 23:00:06.430] [info] [YOLO26][DET] above_0p2=0 after_nms=0 accepted=0 max_conf=0.0994 max_class=11 max_min_kpt=0.0000 refined_color=-1 color_score=0.00 color_source=-1
[DEBUG] armors=0, targets=1
[2026-09-05 23:00:06.450] [info] [YOLO26][DET] above_0p2=0 after_nms=0 accepted=0 max_conf=0.0732 max_class=8 max_min_kpt=0.0000 refined_color=-1 color_score=0.00 color_source=-1
[DEBUG] armors=0, targets=1
[2026-09-05 23:00:06.470] [info] [YOLO26][DET] above_0p2=0 after_nms=0 accepted=0 max_conf=0.0602 max_class=8 max_min_kpt=0.0000 refined_color=-1 color_score=0.00 color_source=-1
[DEBUG] armors=0, targets=1
[2026-09-05 23:00:06.488] [info] [YOLO26][DET] above_0p2=0 after_nms=0 accepted=0 max_conf=0.0565 max_class=8 max_min_kpt=0.0000 refined_color=-1 color_score=0.00 color_source=-1
[DEBUG] armors=0, targets=1
[2026-09-05 23:00:06.508] [info] [YOLO26][DET] above_0p2=0 after_nms=0 accepted=0 max_conf=0.0207 max_class=11 max_min_kpt=0.0000 refined_color=-1 color_score=0.00 color_source=-1
[DEBUG] armors=0, targets=1
[2026-09-05 23:00:06.526] [info] [YOLO26][DET] above_0p2=1 after_nms=1 accepted=1 max_conf=0.1248 max_class=11 max_min_kpt=0.9937 refined_color=1 color_score=-87.72 color_source=1
[DEBUG] armors=1, targets=1
[2026-09-05 23:00:06.546] [info] [YOLO26][DET] above_0p2=1 after_nms=1 accepted=1 max_conf=0.1381 max_class=11 max_min_kpt=0.9793 refined_color=1 color_score=-77.22 color_source=1
[DEBUG] armors=1, targets=1
[2026-09-05 23:00:06.565] [info] [YOLO26][DET] above_0p2=0 after_nms=0 accepted=0 max_conf=0.0662 max_class=10 max_min_kpt=0.0000 refined_color=-1 color_score=0.00 color_source=-1
[DEBUG] armors=0, targets=1
[2026-09-05 23:00:06.584] [info] [YOLO26][DET] above_0p2=1 after_nms=1 accepted=1 max_conf=0.1827 max_class=10 max_min_kpt=0.9613 refined_color=1 color_score=-87.57 color_source=1
[DEBUG] armors=1, targets=1
[2026-09-05 23:00:06.604] [info] [YOLO26][DET] above_0p2=1 after_nms=1 accepted=1 max_conf=0.1776 max_class=10 max_min_kpt=0.9634 refined_color=1 color_score=-71.51 color_source=1
[DEBUG] armors=1, targets=1
[2026-09-05 23:00:06.623] [info] [YOLO26][DET] above_0p2=1 after_nms=1 accepted=1 max_conf=0.1052 max_class=10 max_min_kpt=0.9685 refined_color=1 color_score=-56.91 color_source=1
[DEBUG] armors=1, targets=1
[2026-09-05 23:00:06.644] [info] [YOLO26][DET] above_0p2=1 after_nms=1 accepted=1 max_conf=0.3585 max_class=11 max_min_kpt=0.9843 refined_color=1 color_score=-80.26 color_source=1
[DEBUG] armors=1, targets=1
[2026-09-05 23:00:06.664] [info] [YOLO26][DET] above_0p2=2 after_nms=2 accepted=2 max_conf=0.2720 max_class=11 max_min_kpt=0.9896 refined_color=1 color_score=-86.30 color_source=1
[DEBUG] armors=2, targets=1
[2026-09-05 23:00:06.685] [info] [YOLO26][DET] above_0p2=2 after_nms=2 accepted=2 max_conf=0.4301 max_class=11 max_min_kpt=0.9824 refined_color=1 color_score=-91.12 color_source=1
[DEBUG] armors=2, targets=1
[2026-09-05 23:00:06.703] [info] [YOLO26][DET] above_0p2=3 after_nms=3 accepted=3 max_conf=0.2192 max_class=11 max_min_kpt=0.9877 refined_color=1 color_score=-88.63 color_source=1
[DEBUG] armors=3, targets=1
[2026-09-05 23:00:06.707] [info] [XUC][FIRE] stable-window candidate started
[2026-09-05 23:00:06.724] [info] [YOLO26][DET] above_0p2=2 after_nms=2 accepted=2 max_conf=0.5540 max_class=11 max_min_kpt=0.9879 refined_color=1 color_score=-81.76 color_source=1
[DEBUG] armors=2, targets=1
[2026-09-05 23:00:06.727] [info] [XUC][FIRE] stable window reset
[2026-09-05 23:00:06.743] [info] [YOLO26][DET] above_0p2=2 after_nms=2 accepted=2 max_conf=0.6804 max_class=11 max_min_kpt=0.9793 refined_color=1 color_score=-83.28 color_source=1
[DEBUG] armors=2, targets=1
[2026-09-05 23:00:06.762] [info] [YOLO26][DET] above_0p2=2 after_nms=2 accepted=2 max_conf=0.5169 max_class=11 max_min_kpt=0.9873 refined_color=1 color_score=-74.46 color_source=1
[DEBUG] armors=2, targets=1
[2026-09-05 23:00:06.781] [info] [YOLO26][DET] above_0p2=2 after_nms=2 accepted=2 max_conf=0.7190 max_class=11 max_min_kpt=0.9947 refined_color=1 color_score=-82.99 color_source=1
[DEBUG] armors=2, targets=1
[2026-09-05 23:00:06.784] [info] [XUC][FIRE] stable-window candidate started
[2026-09-05 23:00:06.801] [info] [YOLO26][DET] above_0p2=2 after_nms=2 accepted=2 max_conf=0.7233 max_class=11 max_min_kpt=0.9854 refined_color=1 color_score=-73.36 color_source=1
[DEBUG] armors=2, targets=1
[2026-09-05 23:00:06.821] [info] [YOLO26][DET] above_0p2=3 after_nms=2 accepted=2 max_conf=0.5205 max_class=11 max_min_kpt=0.9881 refined_color=1 color_score=-78.04 color_source=1
[DEBUG] armors=2, targets=1
[2026-09-05 23:00:06.824] [info] [XUC][FIRE] qualified after 40 ms, pixel error deg=(2.12,0.11) gyro=true face_error=0.37deg omega=-1.669rad_s armed=true
[2026-09-05 23:00:06.827] [info] [SYNC][XUC] mode=0 yaw=-7.31 deg pitch=0.13 deg feeder_rpm=0.00 wheel0_rpm=0 wheel1_rpm=0 wheel_delta=0 projectile_speed=19.36 gate=0x1E switch=0 rc=1 sticks=1 imu=1 serial=1 control=0 yaw_armed=0 pitch_active=0
[2026-09-05 23:00:06.842] [info] [YOLO26][DET] above_0p2=4 after_nms=3 accepted=3 max_conf=0.3554 max_class=11 max_min_kpt=0.9891 refined_color=1 color_score=-76.64 color_source=1
[2026-09-05 23:00:06.846] [info] [YOLO26] ==================== Performance ====================
[2026-09-05 23:00:06.846] [info] [YOLO26] Preprocess:  1.084 ms (5.7%)
[2026-09-05 23:00:06.846] [info] [YOLO26] Inference:   13.234 ms (69.5%)
[2026-09-05 23:00:06.846] [info] [YOLO26] Postprocess: 4.721 ms (24.8%)
[2026-09-05 23:00:06.846] [info] [YOLO26] Total:       19.040 ms (52.5 FPS)
[2026-09-05 23:00:06.846] [info] [YOLO26] ======================================================
[DEBUG] armors=3, targets=1
[2026-09-05 23:00:06.847] [info] [XUC][FIRE] stable window reset
[2026-09-05 23:00:06.847] [info] [DRYRUN] measured_gimbal=(3.764,-0.049,0.054) measured_world=(3.740,0.430,0.046) tracked_world=(4.077,0.862,0.041) target_gimbal_deg=(-0.74,0.83) target_world_deg=(6.56,0.70) gimbal_deg=(7.31,0.13) armor_y_px=545.1 pixel_error_deg=(2.05,0.13) ballistic=(range=nanm holdover=0.000m comp=0.00deg residual=0.13deg) q_wxyz=(0.997967,0.000073,0.001147,-0.063723) cmd_deg=(7.98,0.32) packed_pitch_deg=0.32 control=true shoot=false
[2026-09-05 23:00:06.850] [info] [PERF] 总耗时=23.0ms (检测=19.1ms, 跟踪=0.9ms), FPS=43.5
[2026-09-05 23:00:06.850] [info] 📊 [CAMERA FPS] 瞬时帧率=43.4fps, 平均帧率=50.3fps, 总帧数=600, 运行时间=11.9s
[2026-09-05 23:00:06.865] [info] [YOLO26][DET] above_0p2=3 after_nms=3 accepted=3 max_conf=0.3622 max_class=11 max_min_kpt=0.9873 refined_color=1 color_score=-83.75 color_source=1
[DEBUG] armors=3, targets=1
[2026-09-05 23:00:06.885] [info] [YOLO26][DET] above_0p2=4 after_nms=2 accepted=2 max_conf=0.2725 max_class=10 max_min_kpt=0.9894 refined_color=1 color_score=-64.17 color_source=1
[DEBUG] armors=2, targets=1
[2026-09-05 23:00:06.903] [info] [YOLO26][DET] above_0p2=3 after_nms=2 accepted=2 max_conf=0.2109 max_class=10 max_min_kpt=0.9909 refined_color=1 color_score=-57.81 color_source=1
[DEBUG] armors=2, targets=1
[2026-09-05 23:00:06.923] [info] [YOLO26][DET] above_0p2=1 after_nms=1 accepted=1 max_conf=0.1096 max_class=10 max_min_kpt=0.9504 refined_color=1 color_score=-91.12 color_source=1
[DEBUG] armors=1, targets=1
[2026-09-05 23:00:06.942] [info] [YOLO26][DET] above_0p2=3 after_nms=1 accepted=1 max_conf=0.1184 max_class=10 max_min_kpt=0.9828 refined_color=1 color_score=-83.17 color_source=1
[DEBUG] armors=1, targets=1
[2026-09-05 23:00:06.960] [info] [YOLO26][DET] above_0p2=1 after_nms=1 accepted=1 max_conf=0.1187 max_class=10 max_min_kpt=0.9518 refined_color=1 color_score=-91.29 color_source=1
[DEBUG] armors=1, targets=1
[2026-09-05 23:00:06.979] [info] [YOLO26][DET] above_0p2=0 after_nms=0 accepted=0 max_conf=0.0806 max_class=11 max_min_kpt=0.0000 refined_color=-1 color_score=0.00 color_source=-1
[DEBUG] armors=0, targets=1
[2026-09-05 23:00:06.998] [info] [YOLO26][DET] above_0p2=0 after_nms=0 accepted=0 max_conf=0.0884 max_class=11 max_min_kpt=0.0000 refined_color=-1 color_score=0.00 color_source=-1
[DEBUG] armors=0, targets=1
[2026-09-05 23:00:07.018] [info] [YOLO26][DET] above_0p2=2 after_nms=1 accepted=1 max_conf=0.1773 max_class=11 max_min_kpt=0.9933 refined_color=1 color_score=-88.87 color_source=1
[DEBUG] armors=1, targets=1
[2026-09-05 23:00:07.040] [info] [YOLO26][DET] above_0p2=2 after_nms=1 accepted=1 max_conf=0.1478 max_class=11 max_min_kpt=0.9834 refined_color=1 color_score=-80.26 color_source=1
[DEBUG] armors=1, targets=1
[2026-09-05 23:00:07.060] [info] [YOLO26][DET] above_0p2=1 after_nms=1 accepted=1 max_conf=0.1049 max_class=8 max_min_kpt=0.9598 refined_color=1 color_score=-76.90 color_source=1
[DEBUG] armors=1, targets=1
[2026-09-05 23:00:07.079] [info] [YOLO26][DET] above_0p2=0 after_nms=0 accepted=0 max_conf=0.0723 max_class=8 max_min_kpt=0.0000 refined_color=-1 color_score=0.00 color_source=-1
[DEBUG] armors=0, targets=1
[2026-09-05 23:00:07.099] [info] [YOLO26][DET] above_0p2=1 after_nms=1 accepted=1 max_conf=0.1735 max_class=10 max_min_kpt=0.9656 refined_color=1 color_score=-63.84 color_source=1
[DEBUG] armors=1, targets=1
[2026-09-05 23:00:07.117] [info] [YOLO26][DET] above_0p2=0 after_nms=0 accepted=0 max_conf=0.0445 max_class=10 max_min_kpt=0.0000 refined_color=-1 color_score=0.00 color_source=-1
[DEBUG] armors=0, targets=1
[2026-09-05 23:00:07.135] [info] [YOLO26][DET] above_0p2=1 after_nms=1 accepted=1 max_conf=0.1385 max_class=10 max_min_kpt=0.9440 refined_color=1 color_score=-79.47 color_source=1
[DEBUG] armors=1, targets=1
[2026-09-05 23:00:07.155] [info] [YOLO26][DET] above_0p2=1 after_nms=1 accepted=1 max_conf=0.1541 max_class=8 max_min_kpt=0.9364 refined_color=1 color_score=-88.77 color_source=1
[DEBUG] armors=1, targets=1
[2026-09-05 23:00:07.175] [info] [YOLO26][DET] above_0p2=1 after_nms=1 accepted=1 max_conf=0.1286 max_class=8 max_min_kpt=0.9402 refined_color=1 color_score=-67.12 color_source=1
[DEBUG] armors=1, targets=1
[2026-09-05 23:00:07.193] [info] [YOLO26][DET] above_0p2=0 after_nms=0 accepted=0 max_conf=0.0378 max_class=10 max_min_kpt=0.0000 refined_color=-1 color_score=0.00 color_source=-1
[DEBUG] armors=0, targets=1
[2026-09-05 23:00:07.211] [info] [YOLO26][DET] above_0p2=1 after_nms=1 accepted=1 max_conf=0.1590 max_class=11 max_min_kpt=0.9956 refined_color=1 color_score=-90.40 color_source=1
[DEBUG] armors=1, targets=1
[2026-09-05 23:00:07.231] [info] [YOLO26][DET] above_0p2=1 after_nms=1 accepted=1 max_conf=0.3209 max_class=11 max_min_kpt=0.9874 refined_color=1 color_score=-78.73 color_source=1
[DEBUG] armors=1, targets=1
[2026-09-05 23:00:07.234] [info] [DRYRUN] measured_gimbal=(3.497,0.123,0.050) measured_world=(3.453,0.567,0.042) tracked_world=(4.178,0.594,0.041) target_gimbal_deg=(2.02,0.82) target_world_deg=(9.32,0.68) gimbal_deg=(7.31,0.13) armor_y_px=542.5 pixel_error_deg=(-1.15,0.06) ballistic=(range=nanm holdover=0.000m comp=0.00deg residual=0.06deg) q_wxyz=(0.997967,0.000073,0.001147,-0.063723) cmd_deg=(7.61,0.24) packed_pitch_deg=0.24 control=true shoot=false
[2026-09-05 23:00:07.251] [info] [YOLO26][DET] above_0p2=0 after_nms=0 accepted=0 max_conf=0.0277 max_class=8 max_min_kpt=0.0000 refined_color=-1 color_score=0.00 color_source=-1
[DEBUG] armors=0, targets=1
[2026-09-05 23:00:07.270] [info] [YOLO26][DET] above_0p2=2 after_nms=1 accepted=1 max_conf=0.2769 max_class=11 max_min_kpt=0.9945 refined_color=1 color_score=-79.14 color_source=1
[DEBUG] armors=1, targets=1
[2026-09-05 23:00:07.291] [info] [YOLO26][DET] above_0p2=0 after_nms=0 accepted=0 max_conf=0.0786 max_class=8 max_min_kpt=0.0000 refined_color=-1 color_score=0.00 color_source=-1
[DEBUG] armors=0, targets=1
[2026-09-05 23:00:07.310] [info] [YOLO26][DET] above_0p2=0 after_nms=0 accepted=0 max_conf=0.0759 max_class=8 max_min_kpt=0.0000 refined_color=-1 color_score=0.00 color_source=-1
[DEBUG] armors=0, targets=1
[2026-09-05 23:00:07.330] [info] [YOLO26][DET] above_0p2=1 after_nms=1 accepted=1 max_conf=0.4442 max_class=11 max_min_kpt=0.9909 refined_color=1 color_score=-93.12 color_source=1
[DEBUG] armors=1, targets=1
[2026-09-05 23:00:07.351] [info] [YOLO26][DET] above_0p2=1 after_nms=1 accepted=1 max_conf=0.1239 max_class=11 max_min_kpt=0.9796 refined_color=1 color_score=-86.94 color_source=1
[DEBUG] armors=1, targets=1
[2026-09-05 23:00:07.372] [info] [YOLO26][DET] above_0p2=1 after_nms=1 accepted=1 max_conf=0.3605 max_class=11 max_min_kpt=0.9964 refined_color=1 color_score=-85.17 color_source=1
[DEBUG] armors=1, targets=1
[2026-09-05 23:00:07.392] [info] [YOLO26][DET] above_0p2=1 after_nms=1 accepted=1 max_conf=0.1839 max_class=11 max_min_kpt=0.9883 refined_color=1 color_score=-86.93 color_source=1
[DEBUG] armors=1, targets=1
[2026-09-05 23:00:07.413] [info] [YOLO26][DET] above_0p2=0 after_nms=0 accepted=0 max_conf=0.0955 max_class=11 max_min_kpt=0.0000 refined_color=-1 color_score=0.00 color_source=-1
[DEBUG] armors=0, targets=1
[2026-09-05 23:00:07.431] [info] [YOLO26][DET] above_0p2=2 after_nms=1 accepted=1 max_conf=0.4295 max_class=11 max_min_kpt=0.9941 refined_color=1 color_score=-84.25 color_source=1
[DEBUG] armors=1, targets=1
[2026-09-05 23:00:07.452] [info] [YOLO26][DET] above_0p2=2 after_nms=1 accepted=1 max_conf=0.1497 max_class=8 max_min_kpt=0.9833 refined_color=1 color_score=-78.46 color_source=1
[DEBUG] armors=1, targets=1
[2026-09-05 23:00:07.472] [info] [YOLO26][DET] above_0p2=0 after_nms=0 accepted=0 max_conf=0.0949 max_class=10 max_min_kpt=0.0000 refined_color=-1 color_score=0.00 color_source=-1
[DEBUG] armors=0, targets=1
[2026-09-05 23:00:07.491] [info] [YOLO26][DET] above_0p2=0 after_nms=0 accepted=0 max_conf=0.0875 max_class=10 max_min_kpt=0.0000 refined_color=-1 color_score=0.00 color_source=-1
[DEBUG] armors=0, targets=1
[2026-09-05 23:00:07.511] [info] [YOLO26][DET] above_0p2=1 after_nms=1 accepted=1 max_conf=0.1043 max_class=11 max_min_kpt=0.9831 refined_color=1 color_score=-81.41 color_source=1
[DEBUG] armors=1, targets=1
[2026-09-05 23:00:07.532] [info] [YOLO26][DET] above_0p2=1 after_nms=1 accepted=1 max_conf=0.2508 max_class=14 max_min_kpt=0.9826 refined_color=1 color_score=-83.98 color_source=1
[DEBUG] armors=1, targets=1
[2026-09-05 23:00:07.552] [info] [YOLO26][DET] above_0p2=1 after_nms=1 accepted=1 max_conf=0.4077 max_class=11 max_min_kpt=0.9807 refined_color=1 color_score=-80.70 color_source=1
[DEBUG] armors=1, targets=1
[2026-09-05 23:00:07.554] [info] [XUC][FIRE] stable-window candidate started
[2026-09-05 23:00:07.572] [info] [YOLO26][DET] above_0p2=2 after_nms=1 accepted=1 max_conf=0.3914 max_class=11 max_min_kpt=0.9909 refined_color=1 color_score=-106.13 color_source=1
[DEBUG] armors=1, targets=1
[2026-09-05 23:00:07.575] [info] [XUC][FIRE] stable window reset
[2026-09-05 23:00:07.592] [info] [YOLO26][DET] above_0p2=3 after_nms=2 accepted=2 max_conf=0.3861 max_class=11 max_min_kpt=0.9909 refined_color=1 color_score=-87.60 color_source=1
[DEBUG] armors=2, targets=1
[2026-09-05 23:00:07.595] [info] [XUC][FIRE] stable-window candidate started
[2026-09-05 23:00:07.611] [info] [YOLO26][DET] above_0p2=2 after_nms=2 accepted=2 max_conf=0.3112 max_class=11 max_min_kpt=0.9941 refined_color=1 color_score=-84.50 color_source=1
[DEBUG] armors=2, targets=1
[2026-09-05 23:00:07.632] [info] [YOLO26][DET] above_0p2=2 after_nms=2 accepted=2 max_conf=0.6765 max_class=11 max_min_kpt=0.9844 refined_color=1 color_score=-88.07 color_source=1
[DEBUG] armors=2, targets=1
[2026-09-05 23:00:07.635] [info] [XUC][FIRE] qualified after 40 ms, pixel error deg=(2.26,0.05) gyro=true face_error=5.17deg omega=-1.696rad_s armed=true
[2026-09-05 23:00:07.635] [info] [DRYRUN] measured_gimbal=(3.832,-0.090,0.049) measured_world=(3.812,0.398,0.040) tracked_world=(4.143,0.443,0.043) target_gimbal_deg=(-1.34,0.74) target_world_deg=(5.97,0.60) gimbal_deg=(7.31,0.13) armor_y_px=542.1 pixel_error_deg=(2.26,0.05) ballistic=(range=nanm holdover=0.000m comp=0.00deg residual=0.05deg) q_wxyz=(0.997967,0.000073,0.001147,-0.063723) cmd_deg=(7.80,0.20) packed_pitch_deg=0.20 control=true shoot=true
[2026-09-05 23:00:07.652] [info] [YOLO26][DET] above_0p2=3 after_nms=2 accepted=2 max_conf=0.5933 max_class=11 max_min_kpt=0.9893 refined_color=1 color_score=-87.60 color_source=1
[DEBUG] armors=2, targets=1
[2026-09-05 23:00:07.655] [info] [XUC][FIRE] stable window reset
[2026-09-05 23:00:07.673] [info] [YOLO26][DET] above_0p2=2 after_nms=2 accepted=2 max_conf=0.5441 max_class=11 max_min_kpt=0.9814 refined_color=1 color_score=-73.39 color_source=1
[DEBUG] armors=2, targets=1
[2026-09-05 23:00:07.693] [info] [YOLO26][DET] above_0p2=3 after_nms=2 accepted=2 max_conf=0.6835 max_class=11 max_min_kpt=0.9953 refined_color=1 color_score=-82.39 color_source=1
[DEBUG] armors=2, targets=1
[2026-09-05 23:00:07.715] [info] [YOLO26][DET] above_0p2=2 after_nms=2 accepted=2 max_conf=0.7524 max_class=11 max_min_kpt=0.9849 refined_color=1 color_score=-78.99 color_source=1
[DEBUG] armors=2, targets=1
[2026-09-05 23:00:07.734] [info] [YOLO26][DET] above_0p2=3 after_nms=3 accepted=3 max_conf=0.3851 max_class=10 max_min_kpt=0.9895 refined_color=1 color_score=-66.81 color_source=1
[DEBUG] armors=3, targets=1
[2026-09-05 23:00:07.754] [info] [YOLO26][DET] above_0p2=2 after_nms=2 accepted=2 max_conf=0.1224 max_class=11 max_min_kpt=0.9808 refined_color=1 color_score=-77.75 color_source=1
[DEBUG] armors=2, targets=1
[2026-09-05 23:00:07.775] [info] [YOLO26][DET] above_0p2=2 after_nms=2 accepted=2 max_conf=0.2712 max_class=10 max_min_kpt=0.9843 refined_color=1 color_score=-89.29 color_source=1
[DEBUG] armors=2, targets=1
[2026-09-05 23:00:07.795] [info] [YOLO26][DET] above_0p2=1 after_nms=1 accepted=1 max_conf=0.2517 max_class=10 max_min_kpt=0.9578 refined_color=1 color_score=-79.76 color_source=1
[DEBUG] armors=1, targets=1
[2026-09-05 23:00:07.815] [info] [YOLO26][DET] above_0p2=1 after_nms=1 accepted=1 max_conf=0.1330 max_class=10 max_min_kpt=0.9477 refined_color=1 color_score=-90.82 color_source=1
[DEBUG] armors=1, targets=1
[2026-09-05 23:00:07.820] [info] [SYNC][XUC] mode=0 yaw=-7.31 deg pitch=0.13 deg feeder_rpm=0.00 wheel0_rpm=0 wheel1_rpm=0 wheel_delta=0 projectile_speed=19.36 gate=0x1E switch=0 rc=1 sticks=1 imu=1 serial=1 control=0 yaw_armed=0 pitch_active=0
[2026-09-05 23:00:07.835] [info] [YOLO26][DET] above_0p2=1 after_nms=1 accepted=1 max_conf=0.1953 max_class=10 max_min_kpt=0.9497 refined_color=1 color_score=-82.47 color_source=1
[2026-09-05 23:00:07.839] [info] [YOLO26] ==================== Performance ====================
[2026-09-05 23:00:07.839] [info] [YOLO26] Preprocess:  1.050 ms (5.5%)
[2026-09-05 23:00:07.839] [info] [YOLO26] Inference:   13.793 ms (72.8%)
[2026-09-05 23:00:07.839] [info] [YOLO26] Postprocess: 4.095 ms (21.6%)
[2026-09-05 23:00:07.839] [info] [YOLO26] Total:       18.939 ms (52.8 FPS)
[2026-09-05 23:00:07.839] [info] [YOLO26] ======================================================
[DEBUG] armors=1, targets=1
[2026-09-05 23:00:07.842] [info] [PERF] 总耗时=21.8ms (检测=19.0ms, 跟踪=0.0ms), FPS=45.8
[2026-09-05 23:00:07.842] [info] 📊 [CAMERA FPS] 瞬时帧率=45.7fps, 平均帧率=50.3fps, 总帧数=650, 运行时间=12.9s
[2026-09-05 23:00:07.858] [info] [YOLO26][DET] above_0p2=1 after_nms=1 accepted=1 max_conf=0.1053 max_class=10 max_min_kpt=0.9493 refined_color=1 color_score=-83.54 color_source=1
[DEBUG] armors=1, targets=1
[2026-09-05 23:00:07.878] [info] [YOLO26][DET] above_0p2=1 after_nms=1 accepted=1 max_conf=0.1493 max_class=8 max_min_kpt=0.9531 refined_color=1 color_score=-76.31 color_source=1
[DEBUG] armors=1, targets=1
[2026-09-05 23:00:07.896] [info] [YOLO26][DET] above_0p2=2 after_nms=1 accepted=1 max_conf=0.1201 max_class=10 max_min_kpt=0.9562 refined_color=1 color_score=-73.63 color_source=1
[DEBUG] armors=1, targets=1
[2026-09-05 23:00:07.917] [info] [YOLO26][DET] above_0p2=0 after_nms=0 accepted=0 max_conf=0.0644 max_class=10 max_min_kpt=0.0000 refined_color=-1 color_score=0.00 color_source=-1
[DEBUG] armors=0, targets=1
[2026-09-05 23:00:07.935] [info] [YOLO26][DET] above_0p2=0 after_nms=0 accepted=0 max_conf=0.0717 max_class=10 max_min_kpt=0.0000 refined_color=-1 color_score=0.00 color_source=-1
[DEBUG] armors=0, targets=1
[2026-09-05 23:00:07.954] [info] [YOLO26][DET] above_0p2=0 after_nms=0 accepted=0 max_conf=0.0640 max_class=10 max_min_kpt=0.0000 refined_color=-1 color_score=0.00 color_source=-1
[DEBUG] armors=0, targets=1
[2026-09-05 23:00:07.971] [info] [YOLO26][DET] above_0p2=0 after_nms=0 accepted=0 max_conf=0.0556 max_class=10 max_min_kpt=0.0000 refined_color=-1 color_score=0.00 color_source=-1
[DEBUG] armors=0, targets=1
[2026-09-05 23:00:07.991] [info] [YOLO26][DET] above_0p2=0 after_nms=0 accepted=0 max_conf=0.0903 max_class=10 max_min_kpt=0.0000 refined_color=-1 color_score=0.00 color_source=-1
[DEBUG] armors=0, targets=1
[2026-09-05 23:00:08.010] [info] [YOLO26][DET] above_0p2=1 after_nms=1 accepted=1 max_conf=0.1220 max_class=10 max_min_kpt=0.9525 refined_color=1 color_score=-92.45 color_source=1
[DEBUG] armors=1, targets=1
[2026-09-05 23:00:08.029] [info] [YOLO26][DET] above_0p2=1 after_nms=1 accepted=1 max_conf=0.1171 max_class=8 max_min_kpt=0.9580 refined_color=1 color_score=-61.63 color_source=1
[DEBUG] armors=1, targets=1
[2026-09-05 23:00:08.030] [info] [DRYRUN] measured_gimbal=(3.905,0.398,0.050) measured_world=(3.822,0.891,0.041) tracked_world=(4.065,0.343,0.041) target_gimbal_deg=(5.82,0.73) target_world_deg=(13.13,0.60) gimbal_deg=(7.31,0.13) armor_y_px=540.1 pixel_error_deg=(-0.52,0.00) ballistic=(range=nanm holdover=0.000m comp=0.00deg residual=0.00deg) q_wxyz=(0.997967,0.000073,0.001147,-0.063723) cmd_deg=(7.93,0.14) packed_pitch_deg=0.14 control=true shoot=false
[2026-09-05 23:00:08.047] [info] [YOLO26][DET] above_0p2=1 after_nms=1 accepted=1 max_conf=0.1239 max_class=8 max_min_kpt=0.9457 refined_color=1 color_score=-92.89 color_source=1
[DEBUG] armors=1, targets=1
[2026-09-05 23:00:08.066] [info] [YOLO26][DET] above_0p2=0 after_nms=0 accepted=0 max_conf=0.0440 max_class=8 max_min_kpt=0.0000 refined_color=-1 color_score=0.00 color_source=-1
[DEBUG] armors=0, targets=1
[2026-09-05 23:00:08.084] [info] [YOLO26][DET] above_0p2=0 after_nms=0 accepted=0 max_conf=0.0358 max_class=8 max_min_kpt=0.0000 refined_color=-1 color_score=0.00 color_source=-1
[2026-09-05 23:00:08.086] [info] [XUC][GYRO] center_follow=false tracker=lost omega=+0.000rad_s radius=0.000m
[DEBUG] armors=0, targets=0
[2026-09-05 23:00:08.103] [info] [YOLO26][DET] above_0p2=1 after_nms=1 accepted=1 max_conf=0.1174 max_class=8 max_min_kpt=0.9483 refined_color=1 color_score=-88.69 color_source=1
[DEBUG] armors=1, targets=1
[2026-09-05 23:00:08.124] [info] [YOLO26][DET] above_0p2=1 after_nms=1 accepted=1 max_conf=0.1364 max_class=8 max_min_kpt=0.9435 refined_color=1 color_score=-76.84 color_source=1
[DEBUG] armors=1, targets=1
[2026-09-05 23:00:08.144] [info] [YOLO26][DET] above_0p2=1 after_nms=1 accepted=1 max_conf=0.1461 max_class=8 max_min_kpt=0.9513 refined_color=1 color_score=-80.58 color_source=1
[DEBUG] armors=1, targets=1
[2026-09-05 23:00:08.164] [info] [YOLO26][DET] above_0p2=1 after_nms=1 accepted=1 max_conf=0.1196 max_class=8 max_min_kpt=0.9596 refined_color=1 color_score=-69.89 color_source=1
[DEBUG] armors=1, targets=1
[2026-09-05 23:00:08.184] [info] [YOLO26][DET] above_0p2=1 after_nms=1 accepted=1 max_conf=0.1076 max_class=8 max_min_kpt=0.9641 refined_color=1 color_score=-78.24 color_source=1
[DEBUG] armors=1, targets=1
[2026-09-05 23:00:08.186] [info] [XUC][FIRE] stable-window candidate started
[2026-09-05 23:00:08.204] [info] [YOLO26][DET] above_0p2=1 after_nms=1 accepted=1 max_conf=0.1545 max_class=8 max_min_kpt=0.9651 refined_color=1 color_score=-60.28 color_source=1
[DEBUG] armors=1, targets=1
[2026-09-05 23:00:08.224] [info] [YOLO26][DET] above_0p2=0 after_nms=0 accepted=0 max_conf=0.0582 max_class=8 max_min_kpt=0.0000 refined_color=-1 color_score=0.00 color_source=-1
[DEBUG] armors=0, targets=1
[2026-09-05 23:00:08.227] [info] [XUC][FIRE] stable window reset
[2026-09-05 23:00:08.243] [info] [YOLO26][DET] above_0p2=1 after_nms=1 accepted=1 max_conf=0.1069 max_class=8 max_min_kpt=0.9512 refined_color=1 color_score=-83.20 color_source=1
[DEBUG] armors=1, targets=1
[2026-09-05 23:00:08.245] [info] [XUC][FIRE] stable-window candidate started
[2026-09-05 23:00:08.261] [info] [YOLO26][DET] above_0p2=1 after_nms=1 accepted=1 max_conf=0.1969 max_class=11 max_min_kpt=0.9933 refined_color=1 color_score=-83.80 color_source=1
[DEBUG] armors=1, targets=1
[2026-09-05 23:00:08.281] [info] [YOLO26][DET] above_0p2=0 after_nms=0 accepted=0 max_conf=0.0688 max_class=11 max_min_kpt=0.0000 refined_color=-1 color_score=0.00 color_source=-1
[DEBUG] armors=0, targets=1
[2026-09-05 23:00:08.283] [info] [XUC][FIRE] stable window reset
[2026-09-05 23:00:08.299] [info] [YOLO26][DET] above_0p2=1 after_nms=1 accepted=1 max_conf=0.2121 max_class=11 max_min_kpt=0.9928 refined_color=1 color_score=-80.19 color_source=1
[DEBUG] armors=1, targets=1
[2026-09-05 23:00:08.301] [info] [XUC][FIRE] stable-window candidate started
[2026-09-05 23:00:08.318] [info] [YOLO26][DET] above_0p2=1 after_nms=1 accepted=1 max_conf=0.4069 max_class=11 max_min_kpt=0.9948 refined_color=1 color_score=-82.70 color_source=1
[DEBUG] armors=1, targets=1
[2026-09-05 23:00:08.336] [info] [YOLO26][DET] above_0p2=1 after_nms=1 accepted=1 max_conf=0.4861 max_class=11 max_min_kpt=0.9916 refined_color=1 color_score=-89.69 color_source=1
[DEBUG] armors=1, targets=1
[2026-09-05 23:00:08.355] [info] [YOLO26][DET] above_0p2=2 after_nms=1 accepted=1 max_conf=0.1287 max_class=11 max_min_kpt=0.9909 refined_color=1 color_score=-89.80 color_source=1
[DEBUG] armors=1, targets=1
[2026-09-05 23:00:08.357] [info] [XUC][FIRE] stable window reset
[2026-09-05 23:00:08.375] [info] [YOLO26][DET] above_0p2=1 after_nms=1 accepted=1 max_conf=0.2920 max_class=11 max_min_kpt=0.9903 refined_color=1 color_score=-88.58 color_source=1
[DEBUG] armors=1, targets=1
[2026-09-05 23:00:08.395] [info] [YOLO26][DET] above_0p2=2 after_nms=2 accepted=2 max_conf=0.4090 max_class=11 max_min_kpt=0.9925 refined_color=1 color_score=-86.30 color_source=1
[DEBUG] armors=2, targets=1
[2026-09-05 23:00:08.415] [info] [YOLO26][DET] above_0p2=2 after_nms=2 accepted=2 max_conf=0.4172 max_class=11 max_min_kpt=0.9918 refined_color=1 color_score=-81.67 color_source=1
[DEBUG] armors=2, targets=1
[2026-09-05 23:00:08.417] [info] [DRYRUN] measured_gimbal=(3.917,0.218,0.052) measured_world=(3.858,0.714,0.043) tracked_world=(3.707,0.760,0.046) target_gimbal_deg=(3.18,0.76) target_world_deg=(10.49,0.63) gimbal_deg=(7.31,0.13) armor_y_px=539.6 pixel_error_deg=(-3.42,-0.01) ballistic=(range=nanm holdover=0.000m comp=0.00deg residual=-0.01deg) q_wxyz=(0.997967,0.000073,0.001147,-0.063723) cmd_deg=(12.10,0.12) packed_pitch_deg=0.12 control=true shoot=false
[2026-09-05 23:00:08.435] [info] [YOLO26][DET] above_0p2=0 after_nms=0 accepted=0 max_conf=0.0437 max_class=11 max_min_kpt=0.0000 refined_color=-1 color_score=0.00 color_source=-1
[DEBUG] armors=0, targets=1
[2026-09-05 23:00:08.455] [info] [YOLO26][DET] above_0p2=2 after_nms=2 accepted=2 max_conf=0.3394 max_class=11 max_min_kpt=0.9940 refined_color=1 color_score=-88.71 color_source=1
[DEBUG] armors=2, targets=1
[2026-09-05 23:00:08.475] [info] [YOLO26][DET] above_0p2=2 after_nms=2 accepted=2 max_conf=0.5493 max_class=11 max_min_kpt=0.9891 refined_color=1 color_score=-95.28 color_source=1
[DEBUG] armors=2, targets=1
[2026-09-05 23:00:08.495] [info] [YOLO26][DET] above_0p2=3 after_nms=2 accepted=2 max_conf=0.3703 max_class=11 max_min_kpt=0.9880 refined_color=1 color_score=-81.39 color_source=1
[DEBUG] armors=2, targets=1
[2026-09-05 23:00:08.498] [info] [XUC][FIRE] stable-window candidate started
[2026-09-05 23:00:08.514] [info] [YOLO26][DET] above_0p2=2 after_nms=2 accepted=2 max_conf=0.3342 max_class=11 max_min_kpt=0.9857 refined_color=1 color_score=-74.72 color_source=1
[DEBUG] armors=2, targets=1
[2026-09-05 23:00:08.533] [info] [YOLO26][DET] above_0p2=1 after_nms=1 accepted=1 max_conf=0.4695 max_class=11 max_min_kpt=0.9938 refined_color=1 color_score=-80.08 color_source=1
[DEBUG] armors=1, targets=1
[2026-09-05 23:00:08.535] [info] [XUC][FIRE] stable window reset
[2026-09-05 23:00:08.552] [info] [YOLO26][DET] above_0p2=2 after_nms=2 accepted=2 max_conf=0.5784 max_class=11 max_min_kpt=0.9900 refined_color=1 color_score=-84.06 color_source=1
[DEBUG] armors=2, targets=0
[2026-09-05 23:00:08.571] [info] [YOLO26][DET] above_0p2=3 after_nms=2 accepted=2 max_conf=0.2144 max_class=11 max_min_kpt=0.9908 refined_color=1 color_score=-79.36 color_source=1
[DEBUG] armors=2, targets=1
[2026-09-05 23:00:08.591] [info] [YOLO26][DET] above_0p2=3 after_nms=2 accepted=2 max_conf=0.5371 max_class=11 max_min_kpt=0.9900 refined_color=1 color_score=-74.79 color_source=1
[DEBUG] armors=2, targets=1
[2026-09-05 23:00:08.610] [info] [YOLO26][DET] above_0p2=3 after_nms=2 accepted=2 max_conf=0.3756 max_class=10 max_min_kpt=0.9954 refined_color=1 color_score=-71.75 color_source=1
[DEBUG] armors=2, targets=1
[2026-09-05 23:00:08.631] [info] [YOLO26][DET] above_0p2=3 after_nms=3 accepted=3 max_conf=0.3104 max_class=11 max_min_kpt=0.9934 refined_color=1 color_score=-81.34 color_source=1
[DEBUG] armors=3, targets=1
[2026-09-05 23:00:08.651] [info] [YOLO26][DET] above_0p2=2 after_nms=2 accepted=2 max_conf=0.4242 max_class=10 max_min_kpt=0.9888 refined_color=1 color_score=-76.83 color_source=1
[DEBUG] armors=2, targets=1
[2026-09-05 23:00:08.654] [info] [XUC][FIRE] stable-window candidate started
[2026-09-05 23:00:08.672] [info] [YOLO26][DET] above_0p2=1 after_nms=1 accepted=1 max_conf=0.2565 max_class=10 max_min_kpt=0.9547 refined_color=1 color_score=-83.53 color_source=1
[2026-09-05 23:00:08.674] [info] [XUC][GYRO] center_follow=true tracker=tracking omega=-2.325rad_s radius=0.289m
[DEBUG] armors=1, targets=1
[2026-09-05 23:00:08.674] [info] [XUC][FIRE] stable window reset
[2026-09-05 23:00:08.692] [info] [YOLO26][DET] above_0p2=2 after_nms=1 accepted=1 max_conf=0.1344 max_class=10 max_min_kpt=0.9921 refined_color=1 color_score=-86.35 color_source=1
[DEBUG] armors=1, targets=1
[2026-09-05 23:00:08.712] [info] [YOLO26][DET] above_0p2=1 after_nms=1 accepted=1 max_conf=0.1115 max_class=11 max_min_kpt=0.9936 refined_color=1 color_score=-84.96 color_source=1
[DEBUG] armors=1, targets=1
[2026-09-05 23:00:08.730] [info] [YOLO26][DET] above_0p2=2 after_nms=1 accepted=1 max_conf=0.1812 max_class=11 max_min_kpt=0.9918 refined_color=1 color_score=-79.09 color_source=1
[DEBUG] armors=1, targets=1
[2026-09-05 23:00:08.750] [info] [YOLO26][DET] above_0p2=0 after_nms=0 accepted=0 max_conf=0.0226 max_class=10 max_min_kpt=0.0000 refined_color=-1 color_score=0.00 color_source=-1
[DEBUG] armors=0, targets=1
[2026-09-05 23:00:08.768] [info] [YOLO26][DET] above_0p2=1 after_nms=1 accepted=1 max_conf=0.1305 max_class=8 max_min_kpt=0.9529 refined_color=1 color_score=-91.99 color_source=1
[DEBUG] armors=1, targets=1
[2026-09-05 23:00:08.788] [info] [YOLO26][DET] above_0p2=1 after_nms=1 accepted=1 max_conf=0.1563 max_class=8 max_min_kpt=0.9465 refined_color=1 color_score=-67.06 color_source=1
[DEBUG] armors=1, targets=1
[2026-09-05 23:00:08.793] [info] [SYNC][XUC] mode=0 yaw=-7.31 deg pitch=0.13 deg feeder_rpm=0.00 wheel0_rpm=0 wheel1_rpm=0 wheel_delta=0 projectile_speed=19.36 gate=0x1E switch=0 rc=1 sticks=1 imu=1 serial=1 control=0 yaw_armed=0 pitch_active=0
[2026-09-05 23:00:08.807] [info] [YOLO26][DET] above_0p2=0 after_nms=0 accepted=0 max_conf=0.0556 max_class=8 max_min_kpt=0.0000 refined_color=-1 color_score=0.00 color_source=-1
[2026-09-05 23:00:08.811] [info] [YOLO26] ==================== Performance ====================
[2026-09-05 23:00:08.811] [info] [YOLO26] Preprocess:  1.006 ms (5.5%)
[2026-09-05 23:00:08.811] [info] [YOLO26] Inference:   13.643 ms (74.7%)
[2026-09-05 23:00:08.811] [info] [YOLO26] Postprocess: 3.619 ms (19.8%)
[2026-09-05 23:00:08.811] [info] [YOLO26] Total:       18.270 ms (54.7 FPS)
[2026-09-05 23:00:08.811] [info] [YOLO26] ======================================================
[DEBUG] armors=0, targets=1
[2026-09-05 23:00:08.814] [info] [PERF] 总耗时=21.3ms (检测=18.3ms, 跟踪=0.0ms), FPS=46.9
[2026-09-05 23:00:08.814] [info] 📊 [CAMERA FPS] 瞬时帧率=46.8fps, 平均帧率=50.4fps, 总帧数=700, 运行时间=13.9s
[2026-09-05 23:00:08.828] [info] [YOLO26][DET] above_0p2=1 after_nms=1 accepted=1 max_conf=0.1790 max_class=8 max_min_kpt=0.9621 refined_color=1 color_score=-67.59 color_source=1
[DEBUG] armors=1, targets=1
[2026-09-05 23:00:08.848] [info] [YOLO26][DET] above_0p2=0 after_nms=0 accepted=0 max_conf=0.0575 max_class=8 max_min_kpt=0.0000 refined_color=-1 color_score=0.00 color_source=-1
[DEBUG] armors=0, targets=1
[2026-09-05 23:00:08.867] [info] [YOLO26][DET] above_0p2=0 after_nms=0 accepted=0 max_conf=0.0562 max_class=8 max_min_kpt=0.0000 refined_color=-1 color_score=0.00 color_source=-1
[DEBUG] armors=0, targets=1
[2026-09-05 23:00:08.887] [info] [YOLO26][DET] above_0p2=0 after_nms=0 accepted=0 max_conf=0.0957 max_class=11 max_min_kpt=0.0000 refined_color=-1 color_score=0.00 color_source=-1
[DEBUG] armors=0, targets=1
[2026-09-05 23:00:08.906] [info] [YOLO26][DET] above_0p2=1 after_nms=1 accepted=1 max_conf=0.1450 max_class=8 max_min_kpt=0.9621 refined_color=1 color_score=-74.96 color_source=1
[DEBUG] armors=1, targets=1
[2026-09-05 23:00:08.927] [info] [YOLO26][DET] above_0p2=0 after_nms=0 accepted=0 max_conf=0.0822 max_class=8 max_min_kpt=0.0000 refined_color=-1 color_score=0.00 color_source=-1
[DEBUG] armors=0, targets=1
[2026-09-05 23:00:08.946] [info] [YOLO26][DET] above_0p2=0 after_nms=0 accepted=0 max_conf=0.0490 max_class=8 max_min_kpt=0.0000 refined_color=-1 color_score=0.00 color_source=-1
[DEBUG] armors=0, targets=1
[2026-09-05 23:00:08.965] [info] [YOLO26][DET] above_0p2=0 after_nms=0 accepted=0 max_conf=0.0364 max_class=8 max_min_kpt=0.0000 refined_color=-1 color_score=0.00 color_source=-1
[DEBUG] armors=0, targets=1
[2026-09-05 23:00:08.985] [info] [YOLO26][DET] above_0p2=0 after_nms=0 accepted=0 max_conf=0.0831 max_class=8 max_min_kpt=0.0000 refined_color=-1 color_score=0.00 color_source=-1
[DEBUG] armors=0, targets=1
[2026-09-05 23:00:09.002] [info] [YOLO26][DET] above_0p2=0 after_nms=0 accepted=0 max_conf=0.0859 max_class=8 max_min_kpt=0.0000 refined_color=-1 color_score=0.00 color_source=-1
[2026-09-05 23:00:09.004] [info] [XUC][GYRO] center_follow=false tracker=lost omega=+0.000rad_s radius=0.000m
[DEBUG] armors=0, targets=0
[2026-09-05 23:00:09.022] [info] [YOLO26][DET] above_0p2=2 after_nms=1 accepted=1 max_conf=0.2063 max_class=11 max_min_kpt=0.9960 refined_color=1 color_score=-74.80 color_source=1
[DEBUG] armors=1, targets=1
[2026-09-05 23:00:09.042] [info] [YOLO26][DET] above_0p2=0 after_nms=0 accepted=0 max_conf=0.0791 max_class=8 max_min_kpt=0.0000 refined_color=-1 color_score=0.00 color_source=-1
[DEBUG] armors=0, targets=0
[2026-09-05 23:00:09.060] [info] [YOLO26][DET] above_0p2=1 after_nms=1 accepted=1 max_conf=0.1383 max_class=8 max_min_kpt=0.9627 refined_color=1 color_score=-51.51 color_source=1
[DEBUG] armors=1, targets=1
[2026-09-05 23:00:09.079] [info] [YOLO26][DET] above_0p2=1 after_nms=1 accepted=1 max_conf=0.1359 max_class=11 max_min_kpt=0.9946 refined_color=1 color_score=-79.11 color_source=1
[DEBUG] armors=1, targets=0
[2026-09-05 23:00:09.098] [info] [YOLO26][DET] above_0p2=0 after_nms=0 accepted=0 max_conf=0.0585 max_class=3 max_min_kpt=0.0000 refined_color=-1 color_score=0.00 color_source=-1
[DEBUG] armors=0, targets=0
[2026-09-05 23:00:09.118] [info] [YOLO26][DET] above_0p2=0 after_nms=0 accepted=0 max_conf=0.0835 max_class=11 max_min_kpt=0.0000 refined_color=-1 color_score=0.00 color_source=-1
[DEBUG] armors=0, targets=0
[2026-09-05 23:00:09.138] [info] [YOLO26][DET] above_0p2=2 after_nms=1 accepted=1 max_conf=0.2091 max_class=11 max_min_kpt=0.9921 refined_color=1 color_score=-80.97 color_source=1
[DEBUG] armors=1, targets=1
[2026-09-05 23:00:09.158] [info] [YOLO26][DET] above_0p2=1 after_nms=1 accepted=1 max_conf=0.1144 max_class=11 max_min_kpt=0.9914 refined_color=1 color_score=-78.08 color_source=1
[DEBUG] armors=1, targets=1
[2026-09-05 23:00:09.178] [info] [YOLO26][DET] above_0p2=0 after_nms=0 accepted=0 max_conf=0.0874 max_class=8 max_min_kpt=0.0000 refined_color=-1 color_score=0.00 color_source=-1
[DEBUG] armors=0, targets=0
[2026-09-05 23:00:09.198] [info] [YOLO26][DET] above_0p2=2 after_nms=1 accepted=1 max_conf=0.4362 max_class=11 max_min_kpt=0.9920 refined_color=1 color_score=-79.83 color_source=1
[DEBUG] armors=1, targets=1
[2026-09-05 23:00:09.200] [info] [DRYRUN] measured_gimbal=(3.645,0.243,0.057) measured_world=(3.585,0.705,0.049) tracked_world=(3.585,0.705,0.049) target_gimbal_deg=(3.81,0.90) target_world_deg=(11.12,0.76) gimbal_deg=(7.31,0.13) armor_y_px=537.5 pixel_error_deg=(-2.92,-0.06) ballistic=(range=nanm holdover=0.000m comp=0.00deg residual=-0.06deg) q_wxyz=(0.997967,0.000073,0.001147,-0.063723) cmd_deg=(9.47,0.03) packed_pitch_deg=0.03 control=true shoot=false
[2026-09-05 23:00:09.219] [info] [YOLO26][DET] above_0p2=1 after_nms=1 accepted=1 max_conf=0.1053 max_class=8 max_min_kpt=0.9387 refined_color=1 color_score=-83.05 color_source=1
[DEBUG] armors=1, targets=0
[2026-09-05 23:00:09.236] [info] [YOLO26][DET] above_0p2=1 after_nms=1 accepted=1 max_conf=0.1457 max_class=11 max_min_kpt=0.9963 refined_color=1 color_score=-84.63 color_source=1
[DEBUG] armors=1, targets=1
[2026-09-05 23:00:09.256] [info] [YOLO26][DET] above_0p2=1 after_nms=1 accepted=1 max_conf=0.3323 max_class=11 max_min_kpt=0.9824 refined_color=1 color_score=-85.99 color_source=1
[DEBUG] armors=1, targets=1
[2026-09-05 23:00:09.276] [info] [YOLO26][DET] above_0p2=1 after_nms=1 accepted=1 max_conf=0.5586 max_class=11 max_min_kpt=0.9882 refined_color=1 color_score=-89.21 color_source=1
[DEBUG] armors=1, targets=1
[2026-09-05 23:00:09.296] [info] [YOLO26][DET] above_0p2=1 after_nms=1 accepted=1 max_conf=0.5292 max_class=11 max_min_kpt=0.9881 refined_color=1 color_score=-88.56 color_source=1
[DEBUG] armors=1, targets=1
[2026-09-05 23:00:09.316] [info] [YOLO26][DET] above_0p2=2 after_nms=2 accepted=2 max_conf=0.2388 max_class=11 max_min_kpt=0.9906 refined_color=1 color_score=-82.88 color_source=1
[DEBUG] armors=2, targets=1
[2026-09-05 23:00:09.318] [info] [XUC][FIRE] stable-window candidate started
[2026-09-05 23:00:09.336] [info] [YOLO26][DET] above_0p2=1 after_nms=1 accepted=1 max_conf=0.3246 max_class=11 max_min_kpt=0.9769 refined_color=1 color_score=-81.56 color_source=1
[2026-09-05 23:00:09.339] [info] [XUC][GYRO] center_follow=true tracker=tracking omega=-1.173rad_s radius=0.274m
[DEBUG] armors=1, targets=1
[2026-09-05 23:00:09.339] [info] [XUC][FIRE] stable window reset
[2026-09-05 23:00:09.357] [info] [YOLO26][DET] above_0p2=2 after_nms=2 accepted=2 max_conf=0.3971 max_class=11 max_min_kpt=0.9847 refined_color=1 color_score=-80.67 color_source=1
[DEBUG] armors=2, targets=1
[2026-09-05 23:00:09.377] [info] [YOLO26][DET] above_0p2=3 after_nms=2 accepted=2 max_conf=0.2350 max_class=11 max_min_kpt=0.9909 refined_color=1 color_score=-84.22 color_source=1
[DEBUG] armors=2, targets=1
[2026-09-05 23:00:09.380] [info] [XUC][FIRE] stable-window candidate started
[2026-09-05 23:00:09.398] [info] [YOLO26][DET] above_0p2=3 after_nms=2 accepted=2 max_conf=0.3656 max_class=11 max_min_kpt=0.9858 refined_color=1 color_score=-79.36 color_source=1
[DEBUG] armors=2, targets=1
[2026-09-05 23:00:09.400] [info] [XUC][FIRE] stable window reset
[2026-09-05 23:00:09.418] [info] [YOLO26][DET] above_0p2=3 after_nms=2 accepted=2 max_conf=0.4247 max_class=11 max_min_kpt=0.9869 refined_color=1 color_score=-77.17 color_source=1
[DEBUG] armors=2, targets=1
[2026-09-05 23:00:09.437] [info] [YOLO26][DET] above_0p2=2 after_nms=2 accepted=2 max_conf=0.5890 max_class=11 max_min_kpt=0.9843 refined_color=1 color_score=-68.07 color_source=1
[DEBUG] armors=2, targets=1
[2026-09-05 23:00:09.441] [info] [XUC][FIRE] stable-window candidate started
[2026-09-05 23:00:09.458] [info] [YOLO26][DET] above_0p2=2 after_nms=2 accepted=2 max_conf=0.5601 max_class=11 max_min_kpt=0.9871 refined_color=1 color_score=-80.04 color_source=1
[DEBUG] armors=2, targets=1
[2026-09-05 23:00:09.478] [info] [YOLO26][DET] above_0p2=3 after_nms=3 accepted=3 max_conf=0.3558 max_class=10 max_min_kpt=0.9889 refined_color=1 color_score=-67.96 color_source=1
[DEBUG] armors=3, targets=1
[2026-09-05 23:00:09.481] [info] [XUC][FIRE] qualified after 40 ms, pixel error deg=(2.00,0.12) gyro=true face_error=1.36deg omega=-1.583rad_s armed=true
[2026-09-05 23:00:09.498] [info] [YOLO26][DET] above_0p2=3 after_nms=3 accepted=3 max_conf=0.2385 max_class=10 max_min_kpt=0.9844 refined_color=1 color_score=-82.59 color_source=1
[DEBUG] armors=3, targets=1
[2026-09-05 23:00:09.501] [info] [XUC][FIRE] stable window reset
[2026-09-05 23:00:09.520] [info] [YOLO26][DET] above_0p2=2 after_nms=2 accepted=2 max_conf=0.4244 max_class=10 max_min_kpt=0.9850 refined_color=1 color_score=-73.67 color_source=1
[DEBUG] armors=2, targets=1
[2026-09-05 23:00:09.541] [info] [YOLO26][DET] above_0p2=2 after_nms=2 accepted=2 max_conf=0.2332 max_class=11 max_min_kpt=0.9936 refined_color=1 color_score=-86.87 color_source=1
[DEBUG] armors=2, targets=1
[2026-09-05 23:00:09.562] [info] [YOLO26][DET] above_0p2=2 after_nms=1 accepted=1 max_conf=0.1322 max_class=10 max_min_kpt=0.9810 refined_color=1 color_score=-78.88 color_source=1
[DEBUG] armors=1, targets=1
[2026-09-05 23:00:09.581] [info] [YOLO26][DET] above_0p2=1 after_nms=1 accepted=1 max_conf=0.1049 max_class=10 max_min_kpt=0.9461 refined_color=1 color_score=-80.88 color_source=1
[DEBUG] armors=1, targets=1
[2026-09-05 23:00:09.601] [info] [YOLO26][DET] above_0p2=0 after_nms=0 accepted=0 max_conf=0.0362 max_class=14 max_min_kpt=0.0000 refined_color=-1 color_score=0.00 color_source=-1
[DEBUG] armors=0, targets=1
[2026-09-05 23:00:09.620] [info] [YOLO26][DET] above_0p2=0 after_nms=0 accepted=0 max_conf=0.0274 max_class=8 max_min_kpt=0.0000 refined_color=-1 color_score=0.00 color_source=-1
[DEBUG] armors=0, targets=1
[2026-09-05 23:00:09.638] [info] [YOLO26][DET] above_0p2=2 after_nms=1 accepted=1 max_conf=0.1063 max_class=11 max_min_kpt=0.9966 refined_color=1 color_score=-87.79 color_source=1
[DEBUG] armors=1, targets=1
[2026-09-05 23:00:09.659] [info] [YOLO26][DET] above_0p2=1 after_nms=1 accepted=1 max_conf=0.2023 max_class=11 max_min_kpt=0.9836 refined_color=1 color_score=-89.16 color_source=1
[DEBUG] armors=1, targets=1
[2026-09-05 23:00:09.679] [info] [YOLO26][DET] above_0p2=0 after_nms=0 accepted=0 max_conf=0.0749 max_class=8 max_min_kpt=0.0000 refined_color=-1 color_score=0.00 color_source=-1
[DEBUG] armors=0, targets=1
[2026-09-05 23:00:09.698] [info] [YOLO26][DET] above_0p2=1 after_nms=1 accepted=1 max_conf=0.1208 max_class=11 max_min_kpt=0.9927 refined_color=1 color_score=-85.73 color_source=1
[DEBUG] armors=1, targets=1
[2026-09-05 23:00:09.718] [info] [YOLO26][DET] above_0p2=0 after_nms=0 accepted=0 max_conf=0.0584 max_class=8 max_min_kpt=0.0000 refined_color=-1 color_score=0.00 color_source=-1
[DEBUG] armors=0, targets=1
[2026-09-05 23:00:09.737] [info] [YOLO26][DET] above_0p2=1 after_nms=1 accepted=1 max_conf=0.1039 max_class=8 max_min_kpt=0.9693 refined_color=1 color_score=-61.06 color_source=1
[DEBUG] armors=1, targets=1
[2026-09-05 23:00:09.756] [info] [YOLO26][DET] above_0p2=0 after_nms=0 accepted=0 max_conf=0.0954 max_class=11 max_min_kpt=0.0000 refined_color=-1 color_score=0.00 color_source=-1
[DEBUG] armors=0, targets=1
[2026-09-05 23:00:09.776] [info] [YOLO26][DET] above_0p2=2 after_nms=1 accepted=1 max_conf=0.1168 max_class=10 max_min_kpt=0.9427 refined_color=1 color_score=-91.47 color_source=1
[DEBUG] armors=1, targets=1
[2026-09-05 23:00:09.780] [info] [SYNC][XUC] mode=0 yaw=-7.31 deg pitch=0.13 deg feeder_rpm=0.00 wheel0_rpm=0 wheel1_rpm=0 wheel_delta=0 projectile_speed=19.36 gate=0x1E switch=0 rc=1 sticks=1 imu=1 serial=1 control=0 yaw_armed=0 pitch_active=0
[2026-09-05 23:00:09.795] [info] [YOLO26][DET] above_0p2=2 after_nms=1 accepted=1 max_conf=0.1573 max_class=8 max_min_kpt=0.9937 refined_color=1 color_score=-54.84 color_source=1
[2026-09-05 23:00:09.800] [info] [YOLO26] ==================== Performance ====================
[2026-09-05 23:00:09.800] [info] [YOLO26] Preprocess:  1.770 ms (9.1%)
[2026-09-05 23:00:09.800] [info] [YOLO26] Inference:   13.055 ms (67.1%)
[2026-09-05 23:00:09.800] [info] [YOLO26] Postprocess: 4.628 ms (23.8%)
[2026-09-05 23:00:09.800] [info] [YOLO26] Total:       19.455 ms (51.4 FPS)
[2026-09-05 23:00:09.800] [info] [YOLO26] ======================================================
[DEBUG] armors=1, targets=1
[2026-09-05 23:00:09.803] [info] [PERF] 总耗时=22.5ms (检测=19.5ms, 跟踪=0.0ms), FPS=44.5
[2026-09-05 23:00:09.803] [info] 📊 [CAMERA FPS] 瞬时帧率=44.5fps, 平均帧率=50.4fps, 总帧数=750, 运行时间=14.9s
[2026-09-05 23:00:09.817] [info] [YOLO26][DET] above_0p2=0 after_nms=0 accepted=0 max_conf=0.0504 max_class=8 max_min_kpt=0.0000 refined_color=-1 color_score=0.00 color_source=-1
[DEBUG] armors=0, targets=1
[2026-09-05 23:00:09.836] [info] [YOLO26][DET] above_0p2=0 after_nms=0 accepted=0 max_conf=0.0164 max_class=8 max_min_kpt=0.0000 refined_color=-1 color_score=0.00 color_source=-1
[DEBUG] armors=0, targets=1
[2026-09-05 23:00:09.854] [info] [YOLO26][DET] above_0p2=1 after_nms=1 accepted=1 max_conf=0.2646 max_class=11 max_min_kpt=0.9875 refined_color=1 color_score=-66.76 color_source=1
[DEBUG] armors=1, targets=1
[2026-09-05 23:00:09.873] [info] [YOLO26][DET] above_0p2=0 after_nms=0 accepted=0 max_conf=0.0555 max_class=8 max_min_kpt=0.0000 refined_color=-1 color_score=0.00 color_source=-1
[DEBUG] armors=0, targets=1
[2026-09-05 23:00:09.892] [info] [YOLO26][DET] above_0p2=1 after_nms=1 accepted=1 max_conf=0.1293 max_class=8 max_min_kpt=0.9450 refined_color=1 color_score=-70.70 color_source=1
[DEBUG] armors=1, targets=1
[2026-09-05 23:00:09.912] [info] [YOLO26][DET] above_0p2=1 after_nms=1 accepted=1 max_conf=0.1276 max_class=8 max_min_kpt=0.9609 refined_color=1 color_score=-65.62 color_source=1
[DEBUG] armors=1, targets=1
[2026-09-05 23:00:09.931] [info] [YOLO26][DET] above_0p2=0 after_nms=0 accepted=0 max_conf=0.0671 max_class=8 max_min_kpt=0.0000 refined_color=-1 color_score=0.00 color_source=-1
[DEBUG] armors=0, targets=1
[2026-09-05 23:00:09.950] [info] [YOLO26][DET] above_0p2=1 after_nms=1 accepted=1 max_conf=0.1803 max_class=11 max_min_kpt=0.9924 refined_color=1 color_score=-79.10 color_source=1
[DEBUG] armors=1, targets=1
[2026-09-05 23:00:09.970] [info] [YOLO26][DET] above_0p2=0 after_nms=0 accepted=0 max_conf=0.0589 max_class=8 max_min_kpt=0.0000 refined_color=-1 color_score=0.00 color_source=-1
[DEBUG] armors=0, targets=1
[2026-09-05 23:00:09.990] [info] [YOLO26][DET] above_0p2=0 after_nms=0 accepted=0 max_conf=0.0680 max_class=8 max_min_kpt=0.0000 refined_color=-1 color_score=0.00 color_source=-1
[DEBUG] armors=0, targets=1
[2026-09-05 23:00:10.009] [info] [YOLO26][DET] above_0p2=0 after_nms=0 accepted=0 max_conf=0.0779 max_class=8 max_min_kpt=0.0000 refined_color=-1 color_score=0.00 color_source=-1
[DEBUG] armors=0, targets=1
[2026-09-05 23:00:10.028] [info] [YOLO26][DET] above_0p2=0 after_nms=0 accepted=0 max_conf=0.0229 max_class=8 max_min_kpt=0.0000 refined_color=-1 color_score=0.00 color_source=-1
[DEBUG] armors=0, targets=1
[2026-09-05 23:00:10.047] [info] [YOLO26][DET] above_0p2=0 after_nms=0 accepted=0 max_conf=0.0545 max_class=10 max_min_kpt=0.0000 refined_color=-1 color_score=0.00 color_source=-1
[DEBUG] armors=0, targets=1
[2026-09-05 23:00:10.068] [info] [YOLO26][DET] above_0p2=1 after_nms=1 accepted=1 max_conf=0.2249 max_class=11 max_min_kpt=0.9854 refined_color=1 color_score=-82.84 color_source=1
[DEBUG] armors=1, targets=1
[2026-09-05 23:00:10.088] [info] [YOLO26][DET] above_0p2=0 after_nms=0 accepted=0 max_conf=0.0789 max_class=8 max_min_kpt=0.0000 refined_color=-1 color_score=0.00 color_source=-1
[DEBUG] armors=0, targets=1
[2026-09-05 23:00:10.107] [info] [YOLO26][DET] above_0p2=2 after_nms=2 accepted=2 max_conf=0.1608 max_class=10 max_min_kpt=0.9618 refined_color=1 color_score=-86.06 color_source=1
[DEBUG] armors=2, targets=1
[2026-09-05 23:00:10.127] [info] [YOLO26][DET] above_0p2=1 after_nms=1 accepted=1 max_conf=0.1485 max_class=10 max_min_kpt=0.9600 refined_color=1 color_score=-75.15 color_source=1
[DEBUG] armors=1, targets=1
[2026-09-05 23:00:10.145] [info] [YOLO26][DET] above_0p2=0 after_nms=0 accepted=0 max_conf=0.0876 max_class=10 max_min_kpt=0.0000 refined_color=-1 color_score=0.00 color_source=-1
[DEBUG] armors=0, targets=1
[2026-09-05 23:00:10.164] [info] [YOLO26][DET] above_0p2=1 after_nms=1 accepted=1 max_conf=0.3009 max_class=11 max_min_kpt=0.9849 refined_color=1 color_score=-80.28 color_source=1
[DEBUG] armors=1, targets=1
[2026-09-05 23:00:10.185] [info] [YOLO26][DET] above_0p2=2 after_nms=2 accepted=2 max_conf=0.2936 max_class=11 max_min_kpt=0.9910 refined_color=1 color_score=-91.81 color_source=1
[DEBUG] armors=2, targets=1
[2026-09-05 23:00:10.207] [info] [YOLO26][DET] above_0p2=1 after_nms=1 accepted=1 max_conf=0.3575 max_class=11 max_min_kpt=0.9834 refined_color=1 color_score=-90.94 color_source=1
[DEBUG] armors=1, targets=1
[2026-09-05 23:00:10.229] [info] [YOLO26][DET] above_0p2=3 after_nms=3 accepted=3 max_conf=0.2338 max_class=11 max_min_kpt=0.9883 refined_color=1 color_score=-95.41 color_source=1
[DEBUG] armors=3, targets=1
[2026-09-05 23:00:10.232] [info] [XUC][FIRE] stable-window candidate started
[2026-09-05 23:00:10.251] [info] [YOLO26][DET] above_0p2=2 after_nms=2 accepted=2 max_conf=0.6147 max_class=11 max_min_kpt=0.9853 refined_color=1 color_score=-82.63 color_source=1
[DEBUG] armors=2, targets=1
[2026-09-05 23:00:10.271] [info] [YOLO26][DET] above_0p2=1 after_nms=1 accepted=1 max_conf=0.5527 max_class=11 max_min_kpt=0.9715 refined_color=1 color_score=-79.21 color_source=1
[DEBUG] armors=1, targets=1
[2026-09-05 23:00:10.274] [info] [XUC][FIRE] stable window reset
[2026-09-05 23:00:10.291] [info] [YOLO26][DET] above_0p2=2 after_nms=2 accepted=2 max_conf=0.6686 max_class=11 max_min_kpt=0.9866 refined_color=1 color_score=-72.62 color_source=1
[DEBUG] armors=2, targets=1
[2026-09-05 23:00:10.293] [info] [XUC][FIRE] stable-window candidate started
[2026-09-05 23:00:10.311] [info] [YOLO26][DET] above_0p2=2 after_nms=2 accepted=2 max_conf=0.6631 max_class=11 max_min_kpt=0.9901 refined_color=1 color_score=-79.31 color_source=1
[DEBUG] armors=2, targets=1
[2026-09-05 23:00:10.331] [info] [YOLO26][DET] above_0p2=2 after_nms=2 accepted=2 max_conf=0.6066 max_class=11 max_min_kpt=0.9876 refined_color=1 color_score=-78.93 color_source=1
[DEBUG] armors=2, targets=1
[2026-09-05 23:00:10.335] [info] [XUC][FIRE] qualified after 40 ms, pixel error deg=(2.19,0.11) gyro=true face_error=1.52deg omega=-1.629rad_s armed=true
[2026-09-05 23:00:10.352] [info] [YOLO26][DET] above_0p2=4 after_nms=2 accepted=2 max_conf=0.4865 max_class=11 max_min_kpt=0.9912 refined_color=1 color_score=-75.87 color_source=1
[DEBUG] armors=2, targets=1
[2026-09-05 23:00:10.354] [info] [XUC][FIRE] stable window reset
[2026-09-05 23:00:10.372] [info] [YOLO26][DET] above_0p2=3 after_nms=3 accepted=3 max_conf=0.5284 max_class=11 max_min_kpt=0.9844 refined_color=1 color_score=-78.01 color_source=1
[DEBUG] armors=3, targets=1
[2026-09-05 23:00:10.392] [info] [YOLO26][DET] above_0p2=2 after_nms=1 accepted=1 max_conf=0.3686 max_class=10 max_min_kpt=0.9854 refined_color=1 color_score=-72.16 color_source=1
[DEBUG] armors=1, targets=1
[2026-09-05 23:00:10.394] [info] [DRYRUN] measured_gimbal=(3.732,0.376,0.050) measured_world=(3.654,0.848,0.041) tracked_world=(4.089,0.790,0.041) target_gimbal_deg=(5.76,0.76) target_world_deg=(13.06,0.63) gimbal_deg=(7.31,0.13) armor_y_px=544.0 pixel_error_deg=(1.84,0.10) ballistic=(range=nanm holdover=0.000m comp=0.00deg residual=0.10deg) q_wxyz=(0.997967,0.000073,0.001147,-0.063723) cmd_deg=(7.43,0.29) packed_pitch_deg=0.29 control=true shoot=false
[2026-09-05 23:00:10.410] [info] [YOLO26][DET] above_0p2=3 after_nms=2 accepted=2 max_conf=0.3304 max_class=11 max_min_kpt=0.9902 refined_color=1 color_score=-77.21 color_source=1
[DEBUG] armors=2, targets=1
[2026-09-05 23:00:10.430] [info] [YOLO26][DET] above_0p2=1 after_nms=1 accepted=1 max_conf=0.1544 max_class=11 max_min_kpt=0.9836 refined_color=1 color_score=-92.62 color_source=1
[DEBUG] armors=1, targets=1
[2026-09-05 23:00:10.451] [info] [YOLO26][DET] above_0p2=1 after_nms=1 accepted=1 max_conf=0.1945 max_class=10 max_min_kpt=0.9525 refined_color=1 color_score=-85.14 color_source=1
[DEBUG] armors=1, targets=1
[2026-09-05 23:00:10.469] [info] [YOLO26][DET] above_0p2=1 after_nms=1 accepted=1 max_conf=0.1040 max_class=10 max_min_kpt=0.9461 refined_color=1 color_score=-88.43 color_source=1
[DEBUG] armors=1, targets=1
[2026-09-05 23:00:10.488] [info] [YOLO26][DET] above_0p2=1 after_nms=1 accepted=1 max_conf=0.2261 max_class=11 max_min_kpt=0.9823 refined_color=1 color_score=-95.07 color_source=1
[DEBUG] armors=1, targets=1
[2026-09-05 23:00:10.508] [info] [YOLO26][DET] above_0p2=1 after_nms=1 accepted=1 max_conf=0.1186 max_class=11 max_min_kpt=0.9847 refined_color=1 color_score=-84.55 color_source=1
[DEBUG] armors=1, targets=1
[2026-09-05 23:00:10.528] [info] [YOLO26][DET] above_0p2=2 after_nms=1 accepted=1 max_conf=0.2041 max_class=11 max_min_kpt=0.9952 refined_color=1 color_score=-93.87 color_source=1
[DEBUG] armors=1, targets=1
[2026-09-05 23:00:10.549] [info] [YOLO26][DET] above_0p2=1 after_nms=1 accepted=1 max_conf=0.1259 max_class=8 max_min_kpt=0.9474 refined_color=1 color_score=-89.62 color_source=1
[DEBUG] armors=1, targets=1
[2026-09-05 23:00:10.570] [info] [YOLO26][DET] above_0p2=0 after_nms=0 accepted=0 max_conf=0.0761 max_class=8 max_min_kpt=0.0000 refined_color=-1 color_score=0.00 color_source=-1
[DEBUG] armors=0, targets=1
[2026-09-05 23:00:10.590] [info] [YOLO26][DET] above_0p2=1 after_nms=1 accepted=1 max_conf=0.1330 max_class=8 max_min_kpt=0.9662 refined_color=1 color_score=-88.08 color_source=1
[DEBUG] armors=1, targets=1
[2026-09-05 23:00:10.611] [info] [YOLO26][DET] above_0p2=1 after_nms=1 accepted=1 max_conf=0.1244 max_class=10 max_min_kpt=0.9549 refined_color=1 color_score=-81.89 color_source=1
[DEBUG] armors=1, targets=1
[2026-09-05 23:00:10.631] [info] [YOLO26][DET] above_0p2=0 after_nms=0 accepted=0 max_conf=0.0605 max_class=10 max_min_kpt=0.0000 refined_color=-1 color_score=0.00 color_source=-1
[DEBUG] armors=0, targets=1
[2026-09-05 23:00:10.649] [info] [YOLO26][DET] above_0p2=1 after_nms=1 accepted=1 max_conf=0.1369 max_class=10 max_min_kpt=0.9514 refined_color=1 color_score=-75.15 color_source=1
[DEBUG] armors=1, targets=1
[2026-09-05 23:00:10.668] [info] [YOLO26][DET] above_0p2=1 after_nms=1 accepted=1 max_conf=0.1184 max_class=8 max_min_kpt=0.9415 refined_color=1 color_score=-82.41 color_source=1
[DEBUG] armors=1, targets=1
[2026-09-05 23:00:10.687] [info] [YOLO26][DET] above_0p2=1 after_nms=1 accepted=1 max_conf=0.1049 max_class=8 max_min_kpt=0.9372 refined_color=1 color_score=-71.39 color_source=1
[DEBUG] armors=1, targets=1
[2026-09-05 23:00:10.705] [info] [YOLO26][DET] above_0p2=0 after_nms=0 accepted=0 max_conf=0.0579 max_class=8 max_min_kpt=0.0000 refined_color=-1 color_score=0.00 color_source=-1
[DEBUG] armors=0, targets=1
[2026-09-05 23:00:10.724] [info] [YOLO26][DET] above_0p2=0 after_nms=0 accepted=0 max_conf=0.0200 max_class=11 max_min_kpt=0.0000 refined_color=-1 color_score=0.00 color_source=-1
[DEBUG] armors=0, targets=1
[2026-09-05 23:00:10.744] [info] [YOLO26][DET] above_0p2=1 after_nms=1 accepted=1 max_conf=0.2569 max_class=11 max_min_kpt=0.9896 refined_color=1 color_score=-60.20 color_source=1
[DEBUG] armors=1, targets=1
[2026-09-05 23:00:10.763] [info] [YOLO26][DET] above_0p2=0 after_nms=0 accepted=0 max_conf=0.0181 max_class=11 max_min_kpt=0.0000 refined_color=-1 color_score=0.00 color_source=-1
[DEBUG] armors=0, targets=1
[2026-09-05 23:00:10.767] [info] [SYNC][XUC] mode=0 yaw=-7.31 deg pitch=0.13 deg feeder_rpm=0.00 wheel0_rpm=0 wheel1_rpm=0 wheel_delta=0 projectile_speed=19.36 gate=0x1E switch=0 rc=1 sticks=1 imu=1 serial=1 control=0 yaw_armed=0 pitch_active=0
[2026-09-05 23:00:10.783] [info] [YOLO26][DET] above_0p2=1 after_nms=1 accepted=1 max_conf=0.2459 max_class=11 max_min_kpt=0.9955 refined_color=1 color_score=-63.78 color_source=1
[2026-09-05 23:00:10.787] [info] [YOLO26] ==================== Performance ====================
[2026-09-05 23:00:10.787] [info] [YOLO26] Preprocess:  1.421 ms (7.3%)
[2026-09-05 23:00:10.787] [info] [YOLO26] Inference:   13.803 ms (71.2%)
[2026-09-05 23:00:10.787] [info] [YOLO26] Postprocess: 4.168 ms (21.5%)
[2026-09-05 23:00:10.787] [info] [YOLO26] Total:       19.394 ms (51.6 FPS)
[2026-09-05 23:00:10.787] [info] [YOLO26] ======================================================
[DEBUG] armors=1, targets=1
[2026-09-05 23:00:10.787] [info] [DRYRUN] measured_gimbal=(3.485,0.141,0.050) measured_world=(3.439,0.583,0.042) tracked_world=(4.114,0.580,0.042) target_gimbal_deg=(2.32,0.83) target_world_deg=(9.63,0.70) gimbal_deg=(7.31,0.13) armor_y_px=542.1 pixel_error_deg=(-1.46,0.05) ballistic=(range=nanm holdover=0.000m comp=0.00deg residual=0.05deg) q_wxyz=(0.997967,0.000073,0.001147,-0.063723) cmd_deg=(7.52,0.22) packed_pitch_deg=0.22 control=true shoot=false
[2026-09-05 23:00:10.790] [info] [PERF] 总耗时=22.9ms (检测=19.4ms, 跟踪=0.6ms), FPS=43.7
[2026-09-05 23:00:10.790] [info] 📊 [CAMERA FPS] 瞬时帧率=43.7fps, 平均帧率=50.4fps, 总帧数=800, 运行时间=15.9s
[2026-09-05 23:00:10.805] [info] [YOLO26][DET] above_0p2=2 after_nms=1 accepted=1 max_conf=0.1400 max_class=11 max_min_kpt=0.9893 refined_color=1 color_score=-92.31 color_source=1
[DEBUG] armors=1, targets=1
[2026-09-05 23:00:10.824] [info] [YOLO26][DET] above_0p2=0 after_nms=0 accepted=0 max_conf=0.0719 max_class=8 max_min_kpt=0.0000 refined_color=-1 color_score=0.00 color_source=-1
[DEBUG] armors=0, targets=1
[2026-09-05 23:00:10.844] [info] [YOLO26][DET] above_0p2=2 after_nms=1 accepted=1 max_conf=0.2065 max_class=11 max_min_kpt=0.9935 refined_color=1 color_score=-78.48 color_source=1
[DEBUG] armors=1, targets=1
[2026-09-05 23:00:10.864] [info] [YOLO26][DET] above_0p2=1 after_nms=1 accepted=1 max_conf=0.2040 max_class=11 max_min_kpt=0.9808 refined_color=1 color_score=-86.74 color_source=1
[DEBUG] armors=1, targets=1
[2026-09-05 23:00:10.885] [info] [YOLO26][DET] above_0p2=1 after_nms=1 accepted=1 max_conf=0.4425 max_class=11 max_min_kpt=0.9969 refined_color=1 color_score=-93.97 color_source=1
[DEBUG] armors=1, targets=1
[2026-09-05 23:00:10.904] [info] [YOLO26][DET] above_0p2=1 after_nms=1 accepted=1 max_conf=0.2221 max_class=11 max_min_kpt=0.9869 refined_color=1 color_score=-81.89 color_source=1
[DEBUG] armors=1, targets=1
[2026-09-05 23:00:10.923] [info] [YOLO26][DET] above_0p2=0 after_nms=0 accepted=0 max_conf=0.0411 max_class=11 max_min_kpt=0.0000 refined_color=-1 color_score=0.00 color_source=-1
[DEBUG] armors=0, targets=1
[2026-09-05 23:00:10.943] [info] [YOLO26][DET] above_0p2=1 after_nms=1 accepted=1 max_conf=0.2224 max_class=11 max_min_kpt=0.9954 refined_color=1 color_score=-87.49 color_source=1
[DEBUG] armors=1, targets=1
[2026-09-05 23:00:10.963] [info] [YOLO26][DET] above_0p2=2 after_nms=2 accepted=2 max_conf=0.2328 max_class=11 max_min_kpt=0.9858 refined_color=1 color_score=-81.26 color_source=1
[DEBUG] armors=2, targets=1
[2026-09-05 23:00:10.983] [info] [YOLO26][DET] above_0p2=1 after_nms=1 accepted=1 max_conf=0.1006 max_class=11 max_min_kpt=0.9796 refined_color=1 color_score=-90.61 color_source=1
[DEBUG] armors=1, targets=1
[2026-09-05 23:00:11.003] [info] [YOLO26][DET] above_0p2=1 after_nms=1 accepted=1 max_conf=0.1323 max_class=10 max_min_kpt=0.9635 refined_color=1 color_score=-73.15 color_source=1
[DEBUG] armors=1, targets=1
[2026-09-05 23:00:11.023] [info] [YOLO26][DET] above_0p2=1 after_nms=1 accepted=1 max_conf=0.1121 max_class=11 max_min_kpt=0.9840 refined_color=1 color_score=-93.27 color_source=1
[DEBUG] armors=1, targets=1
[2026-09-05 23:00:11.043] [info] [YOLO26][DET] above_0p2=1 after_nms=1 accepted=1 max_conf=0.2367 max_class=14 max_min_kpt=0.9803 refined_color=1 color_score=-82.60 color_source=1
[DEBUG] armors=1, targets=1
[2026-09-05 23:00:11.062] [info] [YOLO26][DET] above_0p2=1 after_nms=1 accepted=1 max_conf=0.3093 max_class=11 max_min_kpt=0.9825 refined_color=1 color_score=-85.35 color_source=1
[DEBUG] armors=1, targets=1
[2026-09-05 23:00:11.083] [info] [YOLO26][DET] above_0p2=3 after_nms=2 accepted=2 max_conf=0.4682 max_class=11 max_min_kpt=0.9923 refined_color=1 color_score=-103.09 color_source=1
[DEBUG] armors=2, targets=1
[2026-09-05 23:00:11.104] [info] [YOLO26][DET] above_0p2=3 after_nms=2 accepted=2 max_conf=0.2815 max_class=11 max_min_kpt=0.9876 refined_color=1 color_score=-87.64 color_source=1
[DEBUG] armors=2, targets=1
[2026-09-05 23:00:11.123] [info] [YOLO26][DET] above_0p2=2 after_nms=2 accepted=2 max_conf=0.2755 max_class=11 max_min_kpt=0.9962 refined_color=1 color_score=-83.25 color_source=1
[DEBUG] armors=2, targets=1
[2026-09-05 23:00:11.144] [info] [YOLO26][DET] above_0p2=3 after_nms=2 accepted=2 max_conf=0.5137 max_class=11 max_min_kpt=0.9860 refined_color=1 color_score=-85.64 color_source=1
[DEBUG] armors=2, targets=1
[2026-09-05 23:00:11.164] [info] [YOLO26][DET] above_0p2=3 after_nms=2 accepted=2 max_conf=0.6605 max_class=11 max_min_kpt=0.9890 refined_color=1 color_score=-85.01 color_source=1
[DEBUG] armors=2, targets=1
[2026-09-05 23:00:11.185] [info] [YOLO26][DET] above_0p2=2 after_nms=2 accepted=2 max_conf=0.4973 max_class=11 max_min_kpt=0.9788 refined_color=1 color_score=-76.68 color_source=1
[DEBUG] armors=2, targets=1
[2026-09-05 23:00:11.188] [info] [XUC][FIRE] stable-window candidate started
[2026-09-05 23:00:11.188] [info] [DRYRUN] measured_gimbal=(3.723,-0.083,0.050) measured_world=(3.704,0.391,0.041) tracked_world=(4.121,0.453,0.043) target_gimbal_deg=(-1.28,0.77) target_world_deg=(6.03,0.63) gimbal_deg=(7.31,0.13) armor_y_px=541.9 pixel_error_deg=(2.11,0.05) ballistic=(range=nanm holdover=0.000m comp=0.00deg residual=0.05deg) q_wxyz=(0.997967,0.000073,0.001147,-0.063723) cmd_deg=(8.01,0.19) packed_pitch_deg=0.19 control=true shoot=false
[2026-09-05 23:00:11.206] [info] [YOLO26][DET] above_0p2=3 after_nms=2 accepted=2 max_conf=0.6968 max_class=11 max_min_kpt=0.9953 refined_color=1 color_score=-83.56 color_source=1
[DEBUG] armors=2, targets=1
[2026-09-05 23:00:11.227] [info] [YOLO26][DET] above_0p2=3 after_nms=2 accepted=2 max_conf=0.7190 max_class=11 max_min_kpt=0.9870 refined_color=1 color_score=-83.08 color_source=1
[DEBUG] armors=2, targets=1
[2026-09-05 23:00:11.230] [info] [XUC][FIRE] qualified after 40 ms, pixel error deg=(1.88,0.03) gyro=true face_error=0.46deg omega=-1.649rad_s armed=true
[2026-09-05 23:00:11.246] [info] [YOLO26][DET] above_0p2=2 after_nms=2 accepted=2 max_conf=0.4742 max_class=11 max_min_kpt=0.9811 refined_color=1 color_score=-81.97 color_source=1
[DEBUG] armors=2, targets=1
[2026-09-05 23:00:11.248] [info] [XUC][FIRE] stable window reset
[2026-09-05 23:00:11.264] [info] [YOLO26][DET] above_0p2=3 after_nms=2 accepted=2 max_conf=0.3249 max_class=10 max_min_kpt=0.9918 refined_color=1 color_score=-70.90 color_source=1
[DEBUG] armors=2, targets=1
[2026-09-05 23:00:11.285] [info] [YOLO26][DET] above_0p2=2 after_nms=2 accepted=2 max_conf=0.2354 max_class=11 max_min_kpt=0.9844 refined_color=1 color_score=-83.86 color_source=1
[DEBUG] armors=2, targets=1
[2026-09-05 23:00:11.306] [info] [YOLO26][DET] above_0p2=1 after_nms=1 accepted=1 max_conf=0.3659 max_class=10 max_min_kpt=0.9572 refined_color=1 color_score=-93.49 color_source=1
[DEBUG] armors=1, targets=1
[2026-09-05 23:00:11.326] [info] [YOLO26][DET] above_0p2=1 after_nms=1 accepted=1 max_conf=0.1427 max_class=10 max_min_kpt=0.9538 refined_color=1 color_score=-86.23 color_source=1
[DEBUG] armors=1, targets=1
[2026-09-05 23:00:11.347] [info] [YOLO26][DET] above_0p2=1 after_nms=1 accepted=1 max_conf=0.1135 max_class=10 max_min_kpt=0.9495 refined_color=1 color_score=-86.97 color_source=1
[DEBUG] armors=1, targets=1
[2026-09-05 23:00:11.368] [info] [YOLO26][DET] above_0p2=0 after_nms=0 accepted=0 max_conf=0.0748 max_class=10 max_min_kpt=0.0000 refined_color=-1 color_score=0.00 color_source=-1
[DEBUG] armors=0, targets=1
[2026-09-05 23:00:11.389] [info] [YOLO26][DET] above_0p2=1 after_nms=1 accepted=1 max_conf=0.1363 max_class=10 max_min_kpt=0.9569 refined_color=1 color_score=-82.26 color_source=1
[DEBUG] armors=1, targets=1
[2026-09-05 23:00:11.410] [info] [YOLO26][DET] above_0p2=0 after_nms=0 accepted=0 max_conf=0.0894 max_class=8 max_min_kpt=0.0000 refined_color=-1 color_score=0.00 color_source=-1
[DEBUG] armors=0, targets=1
[2026-09-05 23:00:11.429] [info] [YOLO26][DET] above_0p2=0 after_nms=0 accepted=0 max_conf=0.0932 max_class=8 max_min_kpt=0.0000 refined_color=-1 color_score=0.00 color_source=-1
[DEBUG] armors=0, targets=1
[2026-09-05 23:00:11.449] [info] [YOLO26][DET] above_0p2=1 after_nms=1 accepted=1 max_conf=0.1025 max_class=10 max_min_kpt=0.9631 refined_color=1 color_score=-78.38 color_source=1
[DEBUG] armors=1, targets=1
[2026-09-05 23:00:11.468] [info] [YOLO26][DET] above_0p2=0 after_nms=0 accepted=0 max_conf=0.0485 max_class=10 max_min_kpt=0.0000 refined_color=-1 color_score=0.00 color_source=-1
[DEBUG] armors=0, targets=1
[2026-09-05 23:00:11.488] [info] [YOLO26][DET] above_0p2=0 after_nms=0 accepted=0 max_conf=0.0628 max_class=10 max_min_kpt=0.0000 refined_color=-1 color_score=0.00 color_source=-1
[DEBUG] armors=0, targets=1
[2026-09-05 23:00:11.508] [info] [YOLO26][DET] above_0p2=0 after_nms=0 accepted=0 max_conf=0.0802 max_class=10 max_min_kpt=0.0000 refined_color=-1 color_score=0.00 color_source=-1
[DEBUG] armors=0, targets=1
[2026-09-05 23:00:11.527] [info] [YOLO26][DET] above_0p2=1 after_nms=1 accepted=1 max_conf=0.1261 max_class=10 max_min_kpt=0.9548 refined_color=1 color_score=-82.90 color_source=1
[DEBUG] armors=1, targets=1
[2026-09-05 23:00:11.546] [info] [YOLO26][DET] above_0p2=1 after_nms=1 accepted=1 max_conf=0.1564 max_class=8 max_min_kpt=0.9518 refined_color=1 color_score=-59.41 color_source=1
[DEBUG] armors=1, targets=1
[2026-09-05 23:00:11.566] [info] [YOLO26][DET] above_0p2=1 after_nms=1 accepted=1 max_conf=0.1351 max_class=8 max_min_kpt=0.9513 refined_color=1 color_score=-77.80 color_source=1
[DEBUG] armors=1, targets=1
[2026-09-05 23:00:11.587] [info] [YOLO26][DET] above_0p2=0 after_nms=0 accepted=0 max_conf=0.0230 max_class=8 max_min_kpt=0.0000 refined_color=-1 color_score=0.00 color_source=-1
[DEBUG] armors=0, targets=1
[2026-09-05 23:00:11.605] [info] [YOLO26][DET] above_0p2=0 after_nms=0 accepted=0 max_conf=0.0686 max_class=8 max_min_kpt=0.0000 refined_color=-1 color_score=0.00 color_source=-1
[2026-09-05 23:00:11.607] [info] [XUC][GYRO] center_follow=false tracker=lost omega=+0.000rad_s radius=0.000m
[DEBUG] armors=0, targets=0
[2026-09-05 23:00:11.625] [info] [YOLO26][DET] above_0p2=1 after_nms=1 accepted=1 max_conf=0.1065 max_class=8 max_min_kpt=0.9448 refined_color=1 color_score=-75.32 color_source=1
[DEBUG] armors=1, targets=1
[2026-09-05 23:00:11.644] [info] [YOLO26][DET] above_0p2=1 after_nms=1 accepted=1 max_conf=0.1791 max_class=8 max_min_kpt=0.9493 refined_color=1 color_score=-78.50 color_source=1
[DEBUG] armors=1, targets=1
[2026-09-05 23:00:11.663] [info] [YOLO26][DET] above_0p2=1 after_nms=1 accepted=1 max_conf=0.1249 max_class=8 max_min_kpt=0.9605 refined_color=1 color_score=-74.74 color_source=1
[DEBUG] armors=1, targets=1
[2026-09-05 23:00:11.682] [info] [YOLO26][DET] above_0p2=0 after_nms=0 accepted=0 max_conf=0.0798 max_class=8 max_min_kpt=0.0000 refined_color=-1 color_score=0.00 color_source=-1
[DEBUG] armors=0, targets=0
[2026-09-05 23:00:11.702] [info] [YOLO26][DET] above_0p2=1 after_nms=1 accepted=1 max_conf=0.1114 max_class=8 max_min_kpt=0.9668 refined_color=1 color_score=-76.87 color_source=1
[DEBUG] armors=1, targets=1
[2026-09-05 23:00:11.722] [info] [YOLO26][DET] above_0p2=1 after_nms=1 accepted=1 max_conf=0.1058 max_class=8 max_min_kpt=0.9682 refined_color=1 color_score=-75.46 color_source=1
[DEBUG] armors=1, targets=1
[2026-09-05 23:00:11.743] [info] [YOLO26][DET] above_0p2=0 after_nms=0 accepted=0 max_conf=0.0381 max_class=8 max_min_kpt=0.0000 refined_color=-1 color_score=0.00 color_source=-1
[DEBUG] armors=0, targets=0
[2026-09-05 23:00:11.762] [info] [YOLO26][DET] above_0p2=0 after_nms=0 accepted=0 max_conf=0.0838 max_class=8 max_min_kpt=0.0000 refined_color=-1 color_score=0.00 color_source=-1
[DEBUG] armors=0, targets=0
[2026-09-05 23:00:11.766] [info] [SYNC][XUC] mode=0 yaw=-7.31 deg pitch=0.13 deg feeder_rpm=0.00 wheel0_rpm=0 wheel1_rpm=0 wheel_delta=0 projectile_speed=19.36 gate=0x1E switch=0 rc=1 sticks=1 imu=1 serial=1 control=0 yaw_armed=0 pitch_active=0
[2026-09-05 23:00:11.781] [info] [YOLO26][DET] above_0p2=1 after_nms=1 accepted=1 max_conf=0.2481 max_class=11 max_min_kpt=0.9916 refined_color=1 color_score=-84.10 color_source=1
[2026-09-05 23:00:11.785] [info] [YOLO26] ==================== Performance ====================
[2026-09-05 23:00:11.785] [info] [YOLO26] Preprocess:  1.303 ms (6.9%)
[2026-09-05 23:00:11.785] [info] [YOLO26] Inference:   13.523 ms (71.7%)
[2026-09-05 23:00:11.785] [info] [YOLO26] Postprocess: 4.045 ms (21.4%)
[2026-09-05 23:00:11.785] [info] [YOLO26] Total:       18.873 ms (53.0 FPS)
[2026-09-05 23:00:11.785] [info] [YOLO26] ======================================================
[DEBUG] armors=1, targets=1
[2026-09-05 23:00:11.790] [info] [PERF] 总耗时=23.7ms (检测=18.9ms, 跟踪=0.5ms), FPS=42.2
[2026-09-05 23:00:11.790] [info] 📊 [CAMERA FPS] 瞬时帧率=42.1fps, 平均帧率=50.4fps, 总帧数=850, 运行时间=16.9s
[2026-09-05 23:00:11.804] [info] [YOLO26][DET] above_0p2=1 after_nms=1 accepted=1 max_conf=0.1553 max_class=11 max_min_kpt=0.9919 refined_color=1 color_score=-79.73 color_source=1
[DEBUG] armors=1, targets=1
[2026-09-05 23:00:11.822] [info] [YOLO26][DET] above_0p2=1 after_nms=1 accepted=1 max_conf=0.3492 max_class=11 max_min_kpt=0.9936 refined_color=1 color_score=-87.64 color_source=1
[DEBUG] armors=1, targets=1
[2026-09-05 23:00:11.842] [info] [YOLO26][DET] above_0p2=1 after_nms=1 accepted=1 max_conf=0.3963 max_class=11 max_min_kpt=0.9914 refined_color=1 color_score=-83.55 color_source=1
[DEBUG] armors=1, targets=1
[2026-09-05 23:00:11.861] [info] [YOLO26][DET] above_0p2=1 after_nms=1 accepted=1 max_conf=0.1023 max_class=8 max_min_kpt=0.9431 refined_color=1 color_score=-85.28 color_source=1
[DEBUG] armors=1, targets=0
[2026-09-05 23:00:11.879] [info] [YOLO26][DET] above_0p2=0 after_nms=0 accepted=0 max_conf=0.0991 max_class=8 max_min_kpt=0.0000 refined_color=-1 color_score=0.00 color_source=-1
[DEBUG] armors=0, targets=0
[2026-09-05 23:00:11.899] [info] [YOLO26][DET] above_0p2=2 after_nms=2 accepted=2 max_conf=0.4253 max_class=11 max_min_kpt=0.9936 refined_color=1 color_score=-91.49 color_source=1
[DEBUG] armors=2, targets=1
[2026-09-05 23:00:11.919] [info] [YOLO26][DET] above_0p2=2 after_nms=2 accepted=2 max_conf=0.2535 max_class=11 max_min_kpt=0.9910 refined_color=1 color_score=-84.97 color_source=1
[DEBUG] armors=2, targets=1
[2026-09-05 23:00:11.940] [info] [YOLO26][DET] above_0p2=1 after_nms=1 accepted=1 max_conf=0.4507 max_class=11 max_min_kpt=0.9884 refined_color=1 color_score=-83.80 color_source=1
[DEBUG] armors=1, targets=1
[2026-09-05 23:00:11.960] [info] [YOLO26][DET] above_0p2=0 after_nms=0 accepted=0 max_conf=0.0594 max_class=10 max_min_kpt=0.0000 refined_color=-1 color_score=0.00 color_source=-1
[DEBUG] armors=0, targets=0
[2026-09-05 23:00:11.979] [info] [YOLO26][DET] above_0p2=3 after_nms=2 accepted=2 max_conf=0.3872 max_class=11 max_min_kpt=0.9912 refined_color=1 color_score=-87.85 color_source=1
[DEBUG] armors=2, targets=1
[2026-09-05 23:00:11.981] [info] [DRYRUN] measured_gimbal=(3.762,-0.125,0.053) measured_world=(3.748,0.354,0.044) tracked_world=(3.748,0.354,0.044) target_gimbal_deg=(-1.91,0.81) target_world_deg=(5.40,0.67) gimbal_deg=(7.31,0.13) armor_y_px=539.9 pixel_error_deg=(2.82,-0.00) ballistic=(range=nanm holdover=0.000m comp=0.00deg residual=-0.00deg) q_wxyz=(0.997967,0.000073,0.001147,-0.063723) cmd_deg=(6.13,0.13) packed_pitch_deg=0.13 control=true shoot=false
[2026-09-05 23:00:12.000] [info] [YOLO26][DET] above_0p2=2 after_nms=2 accepted=2 max_conf=0.4307 max_class=11 max_min_kpt=0.9889 refined_color=1 color_score=-93.85 color_source=1
[DEBUG] armors=2, targets=1
[2026-09-05 23:00:12.020] [info] [YOLO26][DET] above_0p2=1 after_nms=1 accepted=1 max_conf=0.3926 max_class=11 max_min_kpt=0.9889 refined_color=1 color_score=-82.62 color_source=1
[DEBUG] armors=1, targets=1
[2026-09-05 23:00:12.040] [info] [YOLO26][DET] above_0p2=1 after_nms=1 accepted=1 max_conf=0.5432 max_class=11 max_min_kpt=0.9865 refined_color=1 color_score=-72.32 color_source=1
[DEBUG] armors=1, targets=1
[2026-09-05 23:00:12.059] [info] [YOLO26][DET] above_0p2=2 after_nms=2 accepted=2 max_conf=0.1984 max_class=11 max_min_kpt=0.9890 refined_color=1 color_score=-83.10 color_source=1
[2026-09-05 23:00:12.061] [info] [XUC][GYRO] center_follow=true tracker=tracking omega=-1.336rad_s radius=0.284m
[DEBUG] armors=2, targets=1
[2026-09-05 23:00:12.062] [info] [XUC][FIRE] stable-window candidate started
[2026-09-05 23:00:12.079] [info] [YOLO26][DET] above_0p2=3 after_nms=2 accepted=2 max_conf=0.2943 max_class=11 max_min_kpt=0.9915 refined_color=1 color_score=-79.88 color_source=1
[DEBUG] armors=2, targets=1
[2026-09-05 23:00:12.099] [info] [YOLO26][DET] above_0p2=3 after_nms=2 accepted=2 max_conf=0.2325 max_class=11 max_min_kpt=0.9916 refined_color=1 color_score=-83.12 color_source=1
[DEBUG] armors=2, targets=1
[2026-09-05 23:00:12.102] [info] [XUC][FIRE] qualified after 40 ms, pixel error deg=(2.12,-0.00) gyro=true face_error=2.53deg omega=-1.623rad_s armed=true
[2026-09-05 23:00:12.120] [info] [YOLO26][DET] above_0p2=2 after_nms=2 accepted=2 max_conf=0.4757 max_class=11 max_min_kpt=0.9759 refined_color=1 color_score=-82.47 color_source=1
[DEBUG] armors=2, targets=1
[2026-09-05 23:00:12.122] [info] [XUC][FIRE] stable window reset
[2026-09-05 23:00:12.140] [info] [YOLO26][DET] above_0p2=4 after_nms=3 accepted=3 max_conf=0.3542 max_class=11 max_min_kpt=0.9928 refined_color=1 color_score=-79.49 color_source=1
[DEBUG] armors=3, targets=1
[2026-09-05 23:00:12.160] [info] [YOLO26][DET] above_0p2=2 after_nms=2 accepted=2 max_conf=0.3490 max_class=10 max_min_kpt=0.9882 refined_color=1 color_score=-74.83 color_source=1
[DEBUG] armors=2, targets=1
[2026-09-05 23:00:12.179] [info] [YOLO26][DET] above_0p2=1 after_nms=1 accepted=1 max_conf=0.1359 max_class=10 max_min_kpt=0.9557 refined_color=1 color_score=-85.81 color_source=1
[DEBUG] armors=1, targets=1
[2026-09-05 23:00:12.199] [info] [YOLO26][DET] above_0p2=0 after_nms=0 accepted=0 max_conf=0.0963 max_class=8 max_min_kpt=0.0000 refined_color=-1 color_score=0.00 color_source=-1
[DEBUG] armors=0, targets=1
[2026-09-05 23:00:12.218] [info] [YOLO26][DET] above_0p2=1 after_nms=1 accepted=1 max_conf=0.2125 max_class=11 max_min_kpt=0.9937 refined_color=1 color_score=-80.82 color_source=1
[DEBUG] armors=1, targets=1
[2026-09-05 23:00:12.237] [info] [YOLO26][DET] above_0p2=1 after_nms=1 accepted=1 max_conf=0.1230 max_class=11 max_min_kpt=0.9927 refined_color=1 color_score=-88.03 color_source=1
[DEBUG] armors=1, targets=1
[2026-09-05 23:00:12.258] [info] [YOLO26][DET] above_0p2=0 after_nms=0 accepted=0 max_conf=0.0334 max_class=11 max_min_kpt=0.0000 refined_color=-1 color_score=0.00 color_source=-1
[DEBUG] armors=0, targets=1
[2026-09-05 23:00:12.276] [info] [YOLO26][DET] above_0p2=1 after_nms=1 accepted=1 max_conf=0.1302 max_class=8 max_min_kpt=0.9499 refined_color=1 color_score=-74.64 color_source=1
[DEBUG] armors=1, targets=1
[2026-09-05 23:00:12.294] [info] [YOLO26][DET] above_0p2=0 after_nms=0 accepted=0 max_conf=0.0701 max_class=8 max_min_kpt=0.0000 refined_color=-1 color_score=0.00 color_source=-1
[DEBUG] armors=0, targets=1
[2026-09-05 23:00:12.313] [info] [YOLO26][DET] above_0p2=0 after_nms=0 accepted=0 max_conf=0.0603 max_class=8 max_min_kpt=0.0000 refined_color=-1 color_score=0.00 color_source=-1
[DEBUG] armors=0, targets=1
[2026-09-05 23:00:12.332] [info] [YOLO26][DET] above_0p2=1 after_nms=1 accepted=1 max_conf=0.1449 max_class=8 max_min_kpt=0.9554 refined_color=1 color_score=-68.29 color_source=1
[DEBUG] armors=1, targets=1
[2026-09-05 23:00:12.351] [info] [YOLO26][DET] above_0p2=0 after_nms=0 accepted=0 max_conf=0.0631 max_class=8 max_min_kpt=0.0000 refined_color=-1 color_score=0.00 color_source=-1
[DEBUG] armors=0, targets=1
[2026-09-05 23:00:12.370] [info] [YOLO26][DET] above_0p2=0 after_nms=0 accepted=0 max_conf=0.0456 max_class=8 max_min_kpt=0.0000 refined_color=-1 color_score=0.00 color_source=-1
[DEBUG] armors=0, targets=1
[2026-09-05 23:00:12.389] [info] [YOLO26][DET] above_0p2=0 after_nms=0 accepted=0 max_conf=0.0855 max_class=8 max_min_kpt=0.0000 refined_color=-1 color_score=0.00 color_source=-1
[DEBUG] armors=0, targets=1
[2026-09-05 23:00:12.408] [info] [YOLO26][DET] above_0p2=0 after_nms=0 accepted=0 max_conf=0.0887 max_class=8 max_min_kpt=0.0000 refined_color=-1 color_score=0.00 color_source=-1
[DEBUG] armors=0, targets=1
[2026-09-05 23:00:12.427] [info] [YOLO26][DET] above_0p2=0 after_nms=0 accepted=0 max_conf=0.0691 max_class=8 max_min_kpt=0.0000 refined_color=-1 color_score=0.00 color_source=-1
[DEBUG] armors=0, targets=1
[2026-09-05 23:00:12.447] [info] [YOLO26][DET] above_0p2=1 after_nms=1 accepted=1 max_conf=0.1236 max_class=8 max_min_kpt=0.9447 refined_color=1 color_score=-77.01 color_source=1
[DEBUG] armors=1, targets=1
[2026-09-05 23:00:12.466] [info] [YOLO26][DET] above_0p2=0 after_nms=0 accepted=0 max_conf=0.0808 max_class=8 max_min_kpt=0.0000 refined_color=-1 color_score=0.00 color_source=-1
[DEBUG] armors=0, targets=1
[2026-09-05 23:00:12.485] [info] [YOLO26][DET] above_0p2=0 after_nms=0 accepted=0 max_conf=0.0751 max_class=8 max_min_kpt=0.0000 refined_color=-1 color_score=0.00 color_source=-1
[DEBUG] armors=0, targets=1
[2026-09-05 23:00:12.505] [info] [YOLO26][DET] above_0p2=0 after_nms=0 accepted=0 max_conf=0.0858 max_class=8 max_min_kpt=0.0000 refined_color=-1 color_score=0.00 color_source=-1
[DEBUG] armors=0, targets=1
[2026-09-05 23:00:12.525] [info] [YOLO26][DET] above_0p2=0 after_nms=0 accepted=0 max_conf=0.0918 max_class=8 max_min_kpt=0.0000 refined_color=-1 color_score=0.00 color_source=-1
[DEBUG] armors=0, targets=1
[2026-09-05 23:00:12.545] [info] [YOLO26][DET] above_0p2=2 after_nms=1 accepted=1 max_conf=0.3622 max_class=11 max_min_kpt=0.9941 refined_color=1 color_score=-84.31 color_source=1
[DEBUG] armors=1, targets=1
[2026-09-05 23:00:12.563] [info] [YOLO26][DET] above_0p2=0 after_nms=0 accepted=0 max_conf=0.0811 max_class=8 max_min_kpt=0.0000 refined_color=-1 color_score=0.00 color_source=-1
[DEBUG] armors=0, targets=1
[2026-09-05 23:00:12.583] [info] [YOLO26][DET] above_0p2=0 after_nms=0 accepted=0 max_conf=0.0917 max_class=8 max_min_kpt=0.0000 refined_color=-1 color_score=0.00 color_source=-1
[DEBUG] armors=0, targets=1
[2026-09-05 23:00:12.602] [info] [YOLO26][DET] above_0p2=1 after_nms=1 accepted=1 max_conf=0.1547 max_class=11 max_min_kpt=0.9912 refined_color=1 color_score=-79.54 color_source=1
[DEBUG] armors=1, targets=1
[2026-09-05 23:00:12.622] [info] [YOLO26][DET] above_0p2=1 after_nms=1 accepted=1 max_conf=0.1047 max_class=11 max_min_kpt=0.9916 refined_color=1 color_score=-79.32 color_source=1
[DEBUG] armors=1, targets=1
[2026-09-05 23:00:12.643] [info] [YOLO26][DET] above_0p2=1 after_nms=1 accepted=1 max_conf=0.2076 max_class=11 max_min_kpt=0.9935 refined_color=1 color_score=-75.94 color_source=1
[DEBUG] armors=1, targets=1
[2026-09-05 23:00:12.663] [info] [YOLO26][DET] above_0p2=1 after_nms=1 accepted=1 max_conf=0.1712 max_class=11 max_min_kpt=0.9893 refined_color=1 color_score=-80.30 color_source=1
[DEBUG] armors=1, targets=1
[2026-09-05 23:00:12.683] [info] [YOLO26][DET] above_0p2=1 after_nms=1 accepted=1 max_conf=0.3807 max_class=11 max_min_kpt=0.9929 refined_color=1 color_score=-79.77 color_source=1
[DEBUG] armors=1, targets=1
[2026-09-05 23:00:12.704] [info] [YOLO26][DET] above_0p2=2 after_nms=2 accepted=2 max_conf=0.4043 max_class=11 max_min_kpt=0.9923 refined_color=1 color_score=-83.59 color_source=1
[DEBUG] armors=2, targets=1
[2026-09-05 23:00:12.724] [info] [YOLO26][DET] above_0p2=1 after_nms=1 accepted=1 max_conf=0.1024 max_class=11 max_min_kpt=0.9889 refined_color=1 color_score=-81.35 color_source=1
[DEBUG] armors=1, targets=1
[2026-09-05 23:00:12.745] [info] [YOLO26][DET] above_0p2=0 after_nms=0 accepted=0 max_conf=0.0755 max_class=8 max_min_kpt=0.0000 refined_color=-1 color_score=0.00 color_source=-1
[DEBUG] armors=0, targets=1
[2026-09-05 23:00:12.749] [info] [SYNC][XUC] mode=0 yaw=-7.31 deg pitch=0.13 deg feeder_rpm=0.00 wheel0_rpm=0 wheel1_rpm=0 wheel_delta=0 projectile_speed=19.36 gate=0x1E switch=0 rc=1 sticks=1 imu=1 serial=1 control=0 yaw_armed=0 pitch_active=0
[2026-09-05 23:00:12.764] [info] [YOLO26][DET] above_0p2=1 after_nms=1 accepted=1 max_conf=0.3709 max_class=11 max_min_kpt=0.9833 refined_color=1 color_score=-77.02 color_source=1
[2026-09-05 23:00:12.767] [info] [YOLO26] ==================== Performance ====================
[2026-09-05 23:00:12.767] [info] [YOLO26] Preprocess:  0.958 ms (5.2%)
[2026-09-05 23:00:12.767] [info] [YOLO26] Inference:   13.669 ms (74.2%)
[2026-09-05 23:00:12.767] [info] [YOLO26] Postprocess: 3.791 ms (20.6%)
[2026-09-05 23:00:12.767] [info] [YOLO26] Total:       18.420 ms (54.3 FPS)
[2026-09-05 23:00:12.767] [info] [YOLO26] ======================================================
[DEBUG] armors=1, targets=1
[2026-09-05 23:00:12.768] [info] [DRYRUN] measured_gimbal=(3.947,-0.155,0.046) measured_world=(3.935,0.348,0.037) tracked_world=(3.549,0.722,0.047) target_gimbal_deg=(-2.25,0.67) target_world_deg=(5.06,0.54) gimbal_deg=(7.31,0.13) armor_y_px=543.8 pixel_error_deg=(3.20,0.09) ballistic=(range=nanm holdover=0.000m comp=0.00deg residual=0.09deg) q_wxyz=(0.997967,0.000073,0.001147,-0.063723) cmd_deg=(7.79,0.15) packed_pitch_deg=0.15 control=true shoot=false
[2026-09-05 23:00:12.771] [info] [PERF] 总耗时=22.0ms (检测=18.4ms, 跟踪=0.5ms), FPS=45.4
[2026-09-05 23:00:12.771] [info] 📊 [CAMERA FPS] 瞬时帧率=45.3fps, 平均帧率=50.4fps, 总帧数=900, 运行时间=17.9s
[2026-09-05 23:00:12.786] [info] [YOLO26][DET] above_0p2=1 after_nms=1 accepted=1 max_conf=0.5176 max_class=11 max_min_kpt=0.9880 refined_color=1 color_score=-94.95 color_source=1
[DEBUG] armors=1, targets=1
[2026-09-05 23:00:12.806] [info] [YOLO26][DET] above_0p2=2 after_nms=2 accepted=2 max_conf=0.5693 max_class=11 max_min_kpt=0.9878 refined_color=1 color_score=-87.55 color_source=1
[DEBUG] armors=2, targets=1
[2026-09-05 23:00:12.827] [info] [YOLO26][DET] above_0p2=3 after_nms=2 accepted=2 max_conf=0.2258 max_class=11 max_min_kpt=0.9914 refined_color=1 color_score=-85.91 color_source=1
[DEBUG] armors=2, targets=1
[2026-09-05 23:00:12.847] [info] [YOLO26][DET] above_0p2=2 after_nms=1 accepted=1 max_conf=0.2742 max_class=11 max_min_kpt=0.9769 refined_color=1 color_score=-80.08 color_source=1
[DEBUG] armors=1, targets=1
[2026-09-05 23:00:12.850] [info] [XUC][FIRE] stable-window candidate started
[2026-09-05 23:00:12.868] [info] [YOLO26][DET] above_0p2=2 after_nms=2 accepted=2 max_conf=0.3231 max_class=11 max_min_kpt=0.9894 refined_color=1 color_score=-80.48 color_source=1
[DEBUG] armors=2, targets=1
[2026-09-05 23:00:12.871] [info] [XUC][FIRE] stable window reset
[2026-09-05 23:00:12.888] [info] [YOLO26][DET] above_0p2=2 after_nms=2 accepted=2 max_conf=0.3005 max_class=11 max_min_kpt=0.9923 refined_color=1 color_score=-80.85 color_source=1
[DEBUG] armors=2, targets=1
[2026-09-05 23:00:12.908] [info] [YOLO26][DET] above_0p2=3 after_nms=2 accepted=2 max_conf=0.2029 max_class=11 max_min_kpt=0.9895 refined_color=1 color_score=-76.41 color_source=1
[DEBUG] armors=2, targets=1
[2026-09-05 23:00:12.910] [info] [XUC][FIRE] stable-window candidate started
[2026-09-05 23:00:12.929] [info] [YOLO26][DET] above_0p2=3 after_nms=2 accepted=2 max_conf=0.3847 max_class=11 max_min_kpt=0.9863 refined_color=1 color_score=-74.72 color_source=1
[DEBUG] armors=2, targets=1
[2026-09-05 23:00:12.950] [info] [YOLO26][DET] above_0p2=2 after_nms=2 accepted=2 max_conf=0.4735 max_class=11 max_min_kpt=0.9847 refined_color=1 color_score=-75.54 color_source=1
[DEBUG] armors=2, targets=1
[2026-09-05 23:00:12.953] [info] [XUC][FIRE] qualified after 33 ms, pixel error deg=(2.26,0.12) gyro=true face_error=0.44deg omega=-1.749rad_s armed=true
[2026-09-05 23:00:12.970] [info] [YOLO26][DET] above_0p2=2 after_nms=2 accepted=2 max_conf=0.5657 max_class=11 max_min_kpt=0.9889 refined_color=1 color_score=-78.87 color_source=1
[DEBUG] armors=2, targets=1
[2026-09-05 23:00:12.972] [info] [XUC][FIRE] stable window reset
[2026-09-05 23:00:12.990] [info] [YOLO26][DET] above_0p2=3 after_nms=3 accepted=3 max_conf=0.2631 max_class=10 max_min_kpt=0.9860 refined_color=1 color_score=-62.65 color_source=1
[DEBUG] armors=3, targets=1
[2026-09-05 23:00:13.011] [info] [YOLO26][DET] above_0p2=3 after_nms=3 accepted=3 max_conf=0.2481 max_class=10 max_min_kpt=0.9811 refined_color=1 color_score=-83.06 color_source=1
[DEBUG] armors=3, targets=1
[2026-09-05 23:00:13.030] [info] [YOLO26][DET] above_0p2=2 after_nms=2 accepted=2 max_conf=0.4294 max_class=10 max_min_kpt=0.9842 refined_color=1 color_score=-61.30 color_source=1
[DEBUG] armors=2, targets=1
[2026-09-05 23:00:13.052] [info] [YOLO26][DET] above_0p2=3 after_nms=3 accepted=3 max_conf=0.3154 max_class=11 max_min_kpt=0.9928 refined_color=1 color_score=-88.24 color_source=1
[DEBUG] armors=3, targets=1
[2026-09-05 23:00:13.070] [info] [YOLO26][DET] above_0p2=0 after_nms=0 accepted=0 max_conf=0.0921 max_class=11 max_min_kpt=0.0000 refined_color=-1 color_score=0.00 color_source=-1
[DEBUG] armors=0, targets=1
[2026-09-05 23:00:13.088] [info] [YOLO26][DET] above_0p2=2 after_nms=1 accepted=1 max_conf=0.2203 max_class=10 max_min_kpt=0.9537 refined_color=1 color_score=-81.39 color_source=1
[DEBUG] armors=1, targets=1
[2026-09-05 23:00:13.108] [info] [YOLO26][DET] above_0p2=0 after_nms=0 accepted=0 max_conf=0.0307 max_class=8 max_min_kpt=0.0000 refined_color=-1 color_score=0.00 color_source=-1
[DEBUG] armors=0, targets=1
[2026-09-05 23:00:13.128] [info] [YOLO26][DET] above_0p2=0 after_nms=0 accepted=0 max_conf=0.0177 max_class=11 max_min_kpt=0.0000 refined_color=-1 color_score=0.00 color_source=-1
[DEBUG] armors=0, targets=1
[2026-09-05 23:00:13.147] [info] [YOLO26][DET] above_0p2=1 after_nms=1 accepted=1 max_conf=0.1307 max_class=8 max_min_kpt=0.9435 refined_color=1 color_score=-67.83 color_source=1
[DEBUG] armors=1, targets=1
[2026-09-05 23:00:13.167] [info] [YOLO26][DET] above_0p2=1 after_nms=1 accepted=1 max_conf=0.1048 max_class=11 max_min_kpt=0.9869 refined_color=1 color_score=-75.76 color_source=1
[DEBUG] armors=1, targets=1
[2026-09-05 23:00:13.169] [info] [DRYRUN] measured_gimbal=(3.597,0.016,0.047) measured_world=(3.566,0.474,0.038) tracked_world=(3.739,0.900,0.046) target_gimbal_deg=(0.26,0.74) target_world_deg=(7.57,0.61) gimbal_deg=(7.31,0.13) armor_y_px=544.2 pixel_error_deg=(0.62,0.10) ballistic=(range=nanm holdover=0.000m comp=0.00deg residual=0.10deg) q_wxyz=(0.997967,0.000073,0.001147,-0.063723) cmd_deg=(7.86,0.30) packed_pitch_deg=0.30 control=true shoot=false
[2026-09-05 23:00:13.186] [info] [YOLO26][DET] above_0p2=0 after_nms=0 accepted=0 max_conf=0.0963 max_class=8 max_min_kpt=0.0000 refined_color=-1 color_score=0.00 color_source=-1
[DEBUG] armors=0, targets=1
[2026-09-05 23:00:13.205] [info] [YOLO26][DET] above_0p2=2 after_nms=1 accepted=1 max_conf=0.1303 max_class=8 max_min_kpt=0.9955 refined_color=1 color_score=-65.90 color_source=1
[DEBUG] armors=1, targets=1
[2026-09-05 23:00:13.225] [info] [YOLO26][DET] above_0p2=0 after_nms=0 accepted=0 max_conf=0.0475 max_class=10 max_min_kpt=0.0000 refined_color=-1 color_score=0.00 color_source=-1
[DEBUG] armors=0, targets=1
[2026-09-05 23:00:13.244] [info] [YOLO26][DET] above_0p2=0 after_nms=0 accepted=0 max_conf=0.0625 max_class=10 max_min_kpt=0.0000 refined_color=-1 color_score=0.00 color_source=-1
[DEBUG] armors=0, targets=1
[2026-09-05 23:00:13.261] [info] [YOLO26][DET] above_0p2=0 after_nms=0 accepted=0 max_conf=0.0911 max_class=11 max_min_kpt=0.0000 refined_color=-1 color_score=0.00 color_source=-1
[DEBUG] armors=0, targets=1
[2026-09-05 23:00:13.281] [info] [YOLO26][DET] above_0p2=2 after_nms=1 accepted=1 max_conf=0.1244 max_class=8 max_min_kpt=0.9473 refined_color=1 color_score=-91.08 color_source=1
[DEBUG] armors=1, targets=1
[2026-09-05 23:00:13.300] [info] [YOLO26][DET] above_0p2=1 after_nms=1 accepted=1 max_conf=0.1112 max_class=8 max_min_kpt=0.9438 refined_color=1 color_score=-61.73 color_source=1
[DEBUG] armors=1, targets=1
[2026-09-05 23:00:13.319] [info] [YOLO26][DET] above_0p2=1 after_nms=1 accepted=1 max_conf=0.1171 max_class=11 max_min_kpt=0.9869 refined_color=1 color_score=-80.64 color_source=1
[DEBUG] armors=1, targets=1
[2026-09-05 23:00:13.338] [info] [YOLO26][DET] above_0p2=0 after_nms=0 accepted=0 max_conf=0.0266 max_class=8 max_min_kpt=0.0000 refined_color=-1 color_score=0.00 color_source=-1
[DEBUG] armors=0, targets=1
[2026-09-05 23:00:13.358] [info] [YOLO26][DET] above_0p2=0 after_nms=0 accepted=0 max_conf=0.0975 max_class=11 max_min_kpt=0.0000 refined_color=-1 color_score=0.00 color_source=-1
[DEBUG] armors=0, targets=1
[2026-09-05 23:00:13.376] [info] [YOLO26][DET] above_0p2=0 after_nms=0 accepted=0 max_conf=0.0699 max_class=8 max_min_kpt=0.0000 refined_color=-1 color_score=0.00 color_source=-1
[DEBUG] armors=0, targets=1
[2026-09-05 23:00:13.395] [info] [YOLO26][DET] above_0p2=1 after_nms=1 accepted=1 max_conf=0.1264 max_class=8 max_min_kpt=0.9469 refined_color=1 color_score=-89.52 color_source=1
[DEBUG] armors=1, targets=1
[2026-09-05 23:00:13.415] [info] [YOLO26][DET] above_0p2=1 after_nms=1 accepted=1 max_conf=0.2099 max_class=8 max_min_kpt=0.9522 refined_color=1 color_score=-63.30 color_source=1
[DEBUG] armors=1, targets=1
[2026-09-05 23:00:13.435] [info] [YOLO26][DET] above_0p2=0 after_nms=0 accepted=0 max_conf=0.0722 max_class=8 max_min_kpt=0.0000 refined_color=-1 color_score=0.00 color_source=-1
[DEBUG] armors=0, targets=1
[2026-09-05 23:00:13.455] [info] [YOLO26][DET] above_0p2=0 after_nms=0 accepted=0 max_conf=0.0785 max_class=8 max_min_kpt=0.0000 refined_color=-1 color_score=0.00 color_source=-1
[DEBUG] armors=0, targets=1
[2026-09-05 23:00:13.473] [info] [YOLO26][DET] above_0p2=0 after_nms=0 accepted=0 max_conf=0.0488 max_class=8 max_min_kpt=0.0000 refined_color=-1 color_score=0.00 color_source=-1
[DEBUG] armors=0, targets=1
[2026-09-05 23:00:13.493] [info] [YOLO26][DET] above_0p2=0 after_nms=0 accepted=0 max_conf=0.0438 max_class=8 max_min_kpt=0.0000 refined_color=-1 color_score=0.00 color_source=-1
[DEBUG] armors=0, targets=1
[2026-09-05 23:00:13.513] [info] [YOLO26][DET] above_0p2=0 after_nms=0 accepted=0 max_conf=0.0945 max_class=8 max_min_kpt=0.0000 refined_color=-1 color_score=0.00 color_source=-1
[DEBUG] armors=0, targets=1
[2026-09-05 23:00:13.532] [info] [YOLO26][DET] above_0p2=0 after_nms=0 accepted=0 max_conf=0.0477 max_class=8 max_min_kpt=0.0000 refined_color=-1 color_score=0.00 color_source=-1
[DEBUG] armors=0, targets=1
[2026-09-05 23:00:13.551] [info] [YOLO26][DET] above_0p2=0 after_nms=0 accepted=0 max_conf=0.0639 max_class=10 max_min_kpt=0.0000 refined_color=-1 color_score=0.00 color_source=-1
[DEBUG] armors=0, targets=1
[2026-09-05 23:00:13.568] [info] [YOLO26][DET] above_0p2=1 after_nms=1 accepted=1 max_conf=0.3192 max_class=11 max_min_kpt=0.9887 refined_color=1 color_score=-81.19 color_source=1
[DEBUG] armors=1, targets=1
[2026-09-05 23:00:13.588] [info] [YOLO26][DET] above_0p2=1 after_nms=1 accepted=1 max_conf=0.1195 max_class=11 max_min_kpt=0.9802 refined_color=1 color_score=-82.46 color_source=1
[DEBUG] armors=1, targets=1
[2026-09-05 23:00:13.609] [info] [YOLO26][DET] above_0p2=1 after_nms=1 accepted=1 max_conf=0.1325 max_class=10 max_min_kpt=0.9549 refined_color=1 color_score=-77.44 color_source=1
[DEBUG] armors=1, targets=1
[2026-09-05 23:00:13.629] [info] [YOLO26][DET] above_0p2=1 after_nms=1 accepted=1 max_conf=0.2108 max_class=10 max_min_kpt=0.9590 refined_color=1 color_score=-85.84 color_source=1
[DEBUG] armors=1, targets=1
[2026-09-05 23:00:13.647] [info] [YOLO26][DET] above_0p2=1 after_nms=1 accepted=1 max_conf=0.1510 max_class=10 max_min_kpt=0.9624 refined_color=1 color_score=-60.37 color_source=1
[DEBUG] armors=1, targets=1
[2026-09-05 23:00:13.669] [info] [YOLO26][DET] above_0p2=1 after_nms=1 accepted=1 max_conf=0.1378 max_class=10 max_min_kpt=0.9669 refined_color=1 color_score=-49.97 color_source=1
[DEBUG] armors=1, targets=1
[2026-09-05 23:00:13.690] [info] [YOLO26][DET] above_0p2=1 after_nms=1 accepted=1 max_conf=0.4837 max_class=11 max_min_kpt=0.9855 refined_color=1 color_score=-79.38 color_source=1
[DEBUG] armors=1, targets=1
[2026-09-05 23:00:13.710] [info] [YOLO26][DET] above_0p2=2 after_nms=1 accepted=1 max_conf=0.4061 max_class=11 max_min_kpt=0.9915 refined_color=1 color_score=-90.08 color_source=1
[DEBUG] armors=1, targets=1
[2026-09-05 23:00:13.730] [info] [YOLO26][DET] above_0p2=3 after_nms=2 accepted=2 max_conf=0.2085 max_class=10 max_min_kpt=0.9857 refined_color=1 color_score=-67.99 color_source=1
[DEBUG] armors=2, targets=1
[2026-09-05 23:00:13.733] [info] [XUC][FIRE] stable-window candidate started
[2026-09-05 23:00:13.737] [info] [SYNC][XUC] mode=0 yaw=-7.31 deg pitch=0.13 deg feeder_rpm=0.00 wheel0_rpm=0 wheel1_rpm=0 wheel_delta=0 projectile_speed=19.36 gate=0x1E switch=0 rc=1 sticks=1 imu=1 serial=1 control=0 yaw_armed=0 pitch_active=0
[2026-09-05 23:00:13.751] [info] [YOLO26][DET] above_0p2=2 after_nms=2 accepted=2 max_conf=0.5817 max_class=11 max_min_kpt=0.9923 refined_color=1 color_score=-76.45 color_source=1
[2026-09-05 23:00:13.756] [info] [YOLO26] ==================== Performance ====================
[2026-09-05 23:00:13.756] [info] [YOLO26] Preprocess:  1.002 ms (5.2%)
[2026-09-05 23:00:13.756] [info] [YOLO26] Inference:   13.290 ms (68.5%)
[2026-09-05 23:00:13.756] [info] [YOLO26] Postprocess: 5.112 ms (26.3%)
[2026-09-05 23:00:13.756] [info] [YOLO26] Total:       19.405 ms (51.5 FPS)
[2026-09-05 23:00:13.756] [info] [YOLO26] ======================================================
[DEBUG] armors=2, targets=1
[2026-09-05 23:00:13.757] [info] [XUC][FIRE] stable window reset
[2026-09-05 23:00:13.760] [info] [PERF] 总耗时=23.1ms (检测=19.4ms, 跟踪=0.9ms), FPS=43.3
[2026-09-05 23:00:13.760] [info] 📊 [CAMERA FPS] 瞬时帧率=43.3fps, 平均帧率=50.4fps, 总帧数=950, 运行时间=18.8s
[2026-09-05 23:00:13.772] [info] [YOLO26][DET] above_0p2=2 after_nms=2 accepted=2 max_conf=0.8490 max_class=11 max_min_kpt=0.9806 refined_color=1 color_score=-81.28 color_source=1
[DEBUG] armors=2, targets=1
[2026-09-05 23:00:13.775] [info] [XUC][FIRE] stable-window candidate started
[2026-09-05 23:00:13.792] [info] [YOLO26][DET] above_0p2=1 after_nms=1 accepted=1 max_conf=0.5156 max_class=11 max_min_kpt=0.9760 refined_color=1 color_score=-76.64 color_source=1
[DEBUG] armors=1, targets=1
[2026-09-05 23:00:13.794] [info] [XUC][FIRE] stable window reset
[2026-09-05 23:00:13.812] [info] [YOLO26][DET] above_0p2=1 after_nms=1 accepted=1 max_conf=0.5994 max_class=11 max_min_kpt=0.9853 refined_color=1 color_score=-72.41 color_source=1
[DEBUG] armors=1, targets=1
[2026-09-05 23:00:13.833] [info] [YOLO26][DET] above_0p2=2 after_nms=2 accepted=2 max_conf=0.7324 max_class=11 max_min_kpt=0.9883 refined_color=1 color_score=-79.06 color_source=1
[DEBUG] armors=2, targets=1
[2026-09-05 23:00:13.836] [info] [XUC][FIRE] stable-window candidate started
[2026-09-05 23:00:13.853] [info] [YOLO26][DET] above_0p2=2 after_nms=2 accepted=2 max_conf=0.5642 max_class=11 max_min_kpt=0.9872 refined_color=1 color_score=-80.85 color_source=1
[DEBUG] armors=2, targets=1
[2026-09-05 23:00:13.873] [info] [YOLO26][DET] above_0p2=3 after_nms=2 accepted=2 max_conf=0.3839 max_class=11 max_min_kpt=0.9924 refined_color=1 color_score=-71.97 color_source=1
[DEBUG] armors=2, targets=1
[2026-09-05 23:00:13.875] [info] [XUC][FIRE] qualified after 40 ms, pixel error deg=(2.07,0.08) gyro=true face_error=0.26deg omega=-1.595rad_s armed=true
[2026-09-05 23:00:13.892] [info] [YOLO26][DET] above_0p2=3 after_nms=3 accepted=3 max_conf=0.4112 max_class=11 max_min_kpt=0.9840 refined_color=1 color_score=-86.15 color_source=1
[DEBUG] armors=3, targets=1
[2026-09-05 23:00:13.895] [info] [XUC][FIRE] stable window reset
[2026-09-05 23:00:13.912] [info] [YOLO26][DET] above_0p2=2 after_nms=1 accepted=1 max_conf=0.4006 max_class=10 max_min_kpt=0.9850 refined_color=1 color_score=-68.37 color_source=1
[DEBUG] armors=1, targets=1
[2026-09-05 23:00:13.933] [info] [YOLO26][DET] above_0p2=3 after_nms=2 accepted=2 max_conf=0.2871 max_class=11 max_min_kpt=0.9892 refined_color=1 color_score=-81.46 color_source=1
[DEBUG] armors=2, targets=1
[2026-09-05 23:00:13.952] [info] [YOLO26][DET] above_0p2=1 after_nms=1 accepted=1 max_conf=0.1910 max_class=11 max_min_kpt=0.9831 refined_color=1 color_score=-86.82 color_source=1
[DEBUG] armors=1, targets=1
[2026-09-05 23:00:13.954] [info] [DRYRUN] measured_gimbal=(3.611,-0.038,0.047) measured_world=(3.587,0.422,0.039) tracked_world=(4.107,0.822,0.041) target_gimbal_deg=(-0.60,0.75) target_world_deg=(6.71,0.62) gimbal_deg=(7.31,0.13) armor_y_px=543.9 pixel_error_deg=(1.48,0.10) ballistic=(range=nanm holdover=0.000m comp=0.00deg residual=0.10deg) q_wxyz=(0.997967,0.000073,0.001147,-0.063723) cmd_deg=(7.89,0.29) packed_pitch_deg=0.29 control=true shoot=false
[2026-09-05 23:00:13.971] [info] [YOLO26][DET] above_0p2=1 after_nms=1 accepted=1 max_conf=0.1995 max_class=10 max_min_kpt=0.9528 refined_color=1 color_score=-87.76 color_source=1
[DEBUG] armors=1, targets=1
[2026-09-05 23:00:13.990] [info] [YOLO26][DET] above_0p2=1 after_nms=1 accepted=1 max_conf=0.1198 max_class=8 max_min_kpt=0.9513 refined_color=1 color_score=-95.58 color_source=1
[DEBUG] armors=1, targets=1
[2026-09-05 23:00:14.010] [info] [YOLO26][DET] above_0p2=1 after_nms=1 accepted=1 max_conf=0.1923 max_class=11 max_min_kpt=0.9832 refined_color=1 color_score=-86.39 color_source=1
[DEBUG] armors=1, targets=1
[2026-09-05 23:00:14.030] [info] [YOLO26][DET] above_0p2=0 after_nms=0 accepted=0 max_conf=0.0799 max_class=8 max_min_kpt=0.0000 refined_color=-1 color_score=0.00 color_source=-1
[DEBUG] armors=0, targets=1
[2026-09-05 23:00:14.050] [info] [YOLO26][DET] above_0p2=1 after_nms=1 accepted=1 max_conf=0.1428 max_class=8 max_min_kpt=0.9547 refined_color=1 color_score=-87.18 color_source=1
[DEBUG] armors=1, targets=1
[2026-09-05 23:00:14.069] [info] [YOLO26][DET] above_0p2=1 after_nms=1 accepted=1 max_conf=0.1022 max_class=8 max_min_kpt=0.9480 refined_color=1 color_score=-72.18 color_source=1
[DEBUG] armors=1, targets=1
[2026-09-05 23:00:14.088] [info] [YOLO26][DET] above_0p2=1 after_nms=1 accepted=1 max_conf=0.1143 max_class=8 max_min_kpt=0.9596 refined_color=1 color_score=-71.62 color_source=1
[DEBUG] armors=1, targets=1
[2026-09-05 23:00:14.107] [info] [YOLO26][DET] above_0p2=1 after_nms=1 accepted=1 max_conf=0.1244 max_class=8 max_min_kpt=0.9603 refined_color=1 color_score=-84.92 color_source=1
[DEBUG] armors=1, targets=1
[2026-09-05 23:00:14.128] [info] [YOLO26][DET] above_0p2=1 after_nms=1 accepted=1 max_conf=0.1271 max_class=10 max_min_kpt=0.9573 refined_color=1 color_score=-62.48 color_source=1
[DEBUG] armors=1, targets=1
[2026-09-05 23:00:14.147] [info] [YOLO26][DET] above_0p2=0 after_nms=0 accepted=0 max_conf=0.0780 max_class=10 max_min_kpt=0.0000 refined_color=-1 color_score=0.00 color_source=-1
[DEBUG] armors=0, targets=1
[2026-09-05 23:00:14.164] [info] [YOLO26][DET] above_0p2=1 after_nms=1 accepted=1 max_conf=0.1030 max_class=10 max_min_kpt=0.9353 refined_color=1 color_score=-80.39 color_source=1
[DEBUG] armors=1, targets=1
[2026-09-05 23:00:14.186] [info] [YOLO26][DET] above_0p2=1 after_nms=1 accepted=1 max_conf=0.1481 max_class=10 max_min_kpt=0.9467 refined_color=1 color_score=-96.46 color_source=1
[DEBUG] armors=1, targets=1
[2026-09-05 23:00:14.204] [info] [YOLO26][DET] above_0p2=2 after_nms=1 accepted=1 max_conf=0.1462 max_class=8 max_min_kpt=0.9933 refined_color=1 color_score=-69.70 color_source=1
[DEBUG] armors=1, targets=1
[2026-09-05 23:00:14.222] [info] [YOLO26][DET] above_0p2=0 after_nms=0 accepted=0 max_conf=0.0148 max_class=11 max_min_kpt=0.0000 refined_color=-1 color_score=0.00 color_source=-1
[DEBUG] armors=0, targets=1
[2026-09-05 23:00:14.242] [info] [YOLO26][DET] above_0p2=0 after_nms=0 accepted=0 max_conf=0.0367 max_class=11 max_min_kpt=0.0000 refined_color=-1 color_score=0.00 color_source=-1
[DEBUG] armors=0, targets=1
[2026-09-05 23:00:14.261] [info] [YOLO26][DET] above_0p2=1 after_nms=1 accepted=1 max_conf=0.1966 max_class=11 max_min_kpt=0.9907 refined_color=1 color_score=-85.41 color_source=1
[DEBUG] armors=1, targets=1
[2026-09-05 23:00:14.281] [info] [YOLO26][DET] above_0p2=0 after_nms=0 accepted=0 max_conf=0.0184 max_class=11 max_min_kpt=0.0000 refined_color=-1 color_score=0.00 color_source=-1
[DEBUG] armors=0, targets=1
[2026-09-05 23:00:14.302] [info] [YOLO26][DET] above_0p2=1 after_nms=1 accepted=1 max_conf=0.2946 max_class=11 max_min_kpt=0.9956 refined_color=1 color_score=-68.87 color_source=1
[DEBUG] armors=1, targets=1
[2026-09-05 23:00:14.322] [info] [YOLO26][DET] above_0p2=0 after_nms=0 accepted=0 max_conf=0.0572 max_class=8 max_min_kpt=0.0000 refined_color=-1 color_score=0.00 color_source=-1
[DEBUG] armors=0, targets=1
[2026-09-05 23:00:14.341] [info] [YOLO26][DET] above_0p2=1 after_nms=1 accepted=1 max_conf=0.2011 max_class=11 max_min_kpt=0.9972 refined_color=1 color_score=-77.96 color_source=1
[DEBUG] armors=1, targets=1
[2026-09-05 23:00:14.343] [info] [DRYRUN] measured_gimbal=(3.526,0.169,0.051) measured_world=(3.476,0.617,0.042) tracked_world=(4.120,0.574,0.042) target_gimbal_deg=(2.75,0.82) target_world_deg=(10.06,0.69) gimbal_deg=(7.31,0.13) armor_y_px=541.9 pixel_error_deg=(-1.88,0.05) ballistic=(range=nanm holdover=0.000m comp=0.00deg residual=0.05deg) q_wxyz=(0.997967,0.000073,0.001147,-0.063723) cmd_deg=(7.65,0.21) packed_pitch_deg=0.21 control=true shoot=false
[2026-09-05 23:00:14.361] [info] [YOLO26][DET] above_0p2=1 after_nms=1 accepted=1 max_conf=0.4604 max_class=11 max_min_kpt=0.9909 refined_color=1 color_score=-94.10 color_source=1
[DEBUG] armors=1, targets=1
[2026-09-05 23:00:14.381] [info] [YOLO26][DET] above_0p2=1 after_nms=1 accepted=1 max_conf=0.1455 max_class=11 max_min_kpt=0.9822 refined_color=1 color_score=-89.81 color_source=1
[DEBUG] armors=1, targets=1
[2026-09-05 23:00:14.402] [info] [YOLO26][DET] above_0p2=1 after_nms=1 accepted=1 max_conf=0.4172 max_class=11 max_min_kpt=0.9954 refined_color=1 color_score=-82.11 color_source=1
[DEBUG] armors=1, targets=1
[2026-09-05 23:00:14.421] [info] [YOLO26][DET] above_0p2=1 after_nms=1 accepted=1 max_conf=0.2035 max_class=11 max_min_kpt=0.9873 refined_color=1 color_score=-78.80 color_source=1
[DEBUG] armors=1, targets=1
[2026-09-05 23:00:14.439] [info] [YOLO26][DET] above_0p2=1 after_nms=1 accepted=1 max_conf=0.2572 max_class=11 max_min_kpt=0.9847 refined_color=1 color_score=-90.58 color_source=1
[DEBUG] armors=1, targets=1
[2026-09-05 23:00:14.459] [info] [YOLO26][DET] above_0p2=1 after_nms=1 accepted=1 max_conf=0.5099 max_class=11 max_min_kpt=0.9923 refined_color=1 color_score=-83.75 color_source=1
[DEBUG] armors=1, targets=1
[2026-09-05 23:00:14.477] [info] [YOLO26][DET] above_0p2=2 after_nms=1 accepted=1 max_conf=0.1471 max_class=11 max_min_kpt=0.9814 refined_color=1 color_score=-81.62 color_source=1
[DEBUG] armors=1, targets=1
[2026-09-05 23:00:14.496] [info] [YOLO26][DET] above_0p2=1 after_nms=1 accepted=1 max_conf=0.1581 max_class=10 max_min_kpt=0.9570 refined_color=1 color_score=-84.88 color_source=1
[DEBUG] armors=1, targets=1
[2026-09-05 23:00:14.515] [info] [YOLO26][DET] above_0p2=0 after_nms=0 accepted=0 max_conf=0.0623 max_class=10 max_min_kpt=0.0000 refined_color=-1 color_score=0.00 color_source=-1
[DEBUG] armors=0, targets=1
[2026-09-05 23:00:14.534] [info] [YOLO26][DET] above_0p2=1 after_nms=1 accepted=1 max_conf=0.1019 max_class=11 max_min_kpt=0.9860 refined_color=1 color_score=-90.95 color_source=1
[DEBUG] armors=1, targets=1
[2026-09-05 23:00:14.554] [info] [YOLO26][DET] above_0p2=2 after_nms=1 accepted=1 max_conf=0.1657 max_class=14 max_min_kpt=0.9804 refined_color=1 color_score=-76.33 color_source=1
[DEBUG] armors=1, targets=1
[2026-09-05 23:00:14.573] [info] [YOLO26][DET] above_0p2=1 after_nms=1 accepted=1 max_conf=0.3139 max_class=11 max_min_kpt=0.9823 refined_color=1 color_score=-81.27 color_source=1
[DEBUG] armors=1, targets=1
[2026-09-05 23:00:14.575] [info] [XUC][FIRE] stable-window candidate started
[2026-09-05 23:00:14.593] [info] [YOLO26][DET] above_0p2=3 after_nms=2 accepted=2 max_conf=0.4608 max_class=11 max_min_kpt=0.9919 refined_color=1 color_score=-102.84 color_source=1
[DEBUG] armors=2, targets=1
[2026-09-05 23:00:14.596] [info] [XUC][FIRE] stable window reset
[2026-09-05 23:00:14.614] [info] [YOLO26][DET] above_0p2=1 after_nms=1 accepted=1 max_conf=0.2547 max_class=11 max_min_kpt=0.9801 refined_color=1 color_score=-85.74 color_source=1
[DEBUG] armors=1, targets=1
[2026-09-05 23:00:14.634] [info] [YOLO26][DET] above_0p2=2 after_nms=2 accepted=2 max_conf=0.1910 max_class=11 max_min_kpt=0.9961 refined_color=1 color_score=-83.02 color_source=1
[DEBUG] armors=2, targets=1
[2026-09-05 23:00:14.654] [info] [YOLO26][DET] above_0p2=2 after_nms=2 accepted=2 max_conf=0.5716 max_class=11 max_min_kpt=0.9857 refined_color=1 color_score=-80.40 color_source=1
[DEBUG] armors=2, targets=1
[2026-09-05 23:00:14.675] [info] [YOLO26][DET] above_0p2=3 after_nms=2 accepted=2 max_conf=0.5805 max_class=11 max_min_kpt=0.9888 refined_color=1 color_score=-85.72 color_source=1
[DEBUG] armors=2, targets=1
[2026-09-05 23:00:14.679] [info] [XUC][FIRE] stable-window candidate started
[2026-09-05 23:00:14.697] [info] [YOLO26][DET] above_0p2=2 after_nms=2 accepted=2 max_conf=0.5468 max_class=11 max_min_kpt=0.9816 refined_color=1 color_score=-80.70 color_source=1
[DEBUG] armors=2, targets=1
[2026-09-05 23:00:14.717] [info] [YOLO26][DET] above_0p2=3 after_nms=2 accepted=2 max_conf=0.6947 max_class=11 max_min_kpt=0.9928 refined_color=1 color_score=-80.94 color_source=1
[DEBUG] armors=2, targets=1
[2026-09-05 23:00:14.719] [info] [XUC][FIRE] qualified after 47 ms, pixel error deg=(1.97,0.04) gyro=true face_error=0.10deg omega=-1.711rad_s armed=true
[2026-09-05 23:00:14.722] [info] [SYNC][XUC] mode=0 yaw=-7.31 deg pitch=0.13 deg feeder_rpm=-4.00 wheel0_rpm=0 wheel1_rpm=0 wheel_delta=0 projectile_speed=19.36 gate=0x1E switch=0 rc=1 sticks=1 imu=1 serial=1 control=0 yaw_armed=0 pitch_active=0
[2026-09-05 23:00:14.736] [info] [YOLO26][DET] above_0p2=2 after_nms=2 accepted=2 max_conf=0.6283 max_class=11 max_min_kpt=0.9838 refined_color=1 color_score=-78.97 color_source=1
[2026-09-05 23:00:14.740] [info] [YOLO26] ==================== Performance ====================
[2026-09-05 23:00:14.740] [info] [YOLO26] Preprocess:  1.301 ms (7.0%)
[2026-09-05 23:00:14.740] [info] [YOLO26] Inference:   13.066 ms (70.2%)
[2026-09-05 23:00:14.740] [info] [YOLO26] Postprocess: 4.256 ms (22.9%)
[2026-09-05 23:00:14.740] [info] [YOLO26] Total:       18.624 ms (53.7 FPS)
[2026-09-05 23:00:14.740] [info] [YOLO26] ======================================================
[DEBUG] armors=2, targets=1
[2026-09-05 23:00:14.741] [info] [XUC][FIRE] stable window reset
[2026-09-05 23:00:14.741] [info] [DRYRUN] measured_gimbal=(3.810,-0.084,0.050) measured_world=(3.789,0.401,0.041) tracked_world=(4.139,0.432,0.043) target_gimbal_deg=(-1.26,0.75) target_world_deg=(6.04,0.62) gimbal_deg=(7.31,0.13) armor_y_px=541.7 pixel_error_deg=(1.86,0.04) ballistic=(range=nanm holdover=0.000m comp=0.00deg residual=0.04deg) q_wxyz=(0.997967,0.000073,0.001147,-0.063723) cmd_deg=(7.95,0.20) packed_pitch_deg=0.20 control=true shoot=false
[2026-09-05 23:00:14.744] [info] [PERF] 总耗时=22.1ms (检测=18.7ms, 跟踪=0.5ms), FPS=45.3
[2026-09-05 23:00:14.744] [info] 📊 [CAMERA FPS] 瞬时帧率=45.2fps, 平均帧率=50.4fps, 总帧数=1000, 运行时间=19.8s
[2026-09-05 23:00:14.759] [info] [YOLO26][DET] above_0p2=2 after_nms=2 accepted=2 max_conf=0.3179 max_class=10 max_min_kpt=0.9766 refined_color=1 color_score=-73.09 color_source=1
[DEBUG] armors=2, targets=1
[2026-09-05 23:00:14.779] [info] [YOLO26][DET] above_0p2=2 after_nms=2 accepted=2 max_conf=0.1763 max_class=10 max_min_kpt=0.9827 refined_color=1 color_score=-70.40 color_source=1
[DEBUG] armors=2, targets=1
[2026-09-05 23:00:14.799] [info] [YOLO26][DET] above_0p2=2 after_nms=2 accepted=2 max_conf=0.2673 max_class=10 max_min_kpt=0.9861 refined_color=1 color_score=-78.00 color_source=1
[DEBUG] armors=2, targets=1
[2026-09-05 23:00:14.819] [info] [YOLO26][DET] above_0p2=1 after_nms=1 accepted=1 max_conf=0.3290 max_class=10 max_min_kpt=0.9547 refined_color=1 color_score=-77.23 color_source=1
[DEBUG] armors=1, targets=1
[2026-09-05 23:00:14.836] [info] [YOLO26][DET] above_0p2=1 after_nms=1 accepted=1 max_conf=0.2117 max_class=10 max_min_kpt=0.9529 refined_color=1 color_score=-75.22 color_source=1
[DEBUG] armors=1, targets=1
[2026-09-05 23:00:14.856] [info] [YOLO26][DET] above_0p2=1 after_nms=1 accepted=1 max_conf=0.1232 max_class=10 max_min_kpt=0.9536 refined_color=1 color_score=-87.17 color_source=1
[DEBUG] armors=1, targets=1
[2026-09-05 23:00:14.877] [info] [YOLO26][DET] above_0p2=0 after_nms=0 accepted=0 max_conf=0.0405 max_class=10 max_min_kpt=0.0000 refined_color=-1 color_score=0.00 color_source=-1
[DEBUG] armors=0, targets=1
[2026-09-05 23:00:14.895] [info] [YOLO26][DET] above_0p2=1 after_nms=1 accepted=1 max_conf=0.1188 max_class=8 max_min_kpt=0.9549 refined_color=1 color_score=-72.67 color_source=1
[DEBUG] armors=1, targets=1
[2026-09-05 23:00:14.914] [info] [YOLO26][DET] above_0p2=1 after_nms=1 accepted=1 max_conf=0.1150 max_class=8 max_min_kpt=0.9493 refined_color=1 color_score=-90.27 color_source=1
[DEBUG] armors=1, targets=1
[2026-09-05 23:00:14.932] [info] [YOLO26][DET] above_0p2=0 after_nms=0 accepted=0 max_conf=0.0856 max_class=8 max_min_kpt=0.0000 refined_color=-1 color_score=0.00 color_source=-1
[DEBUG] armors=0, targets=1
[2026-09-05 23:00:14.951] [info] [YOLO26][DET] above_0p2=1 after_nms=1 accepted=1 max_conf=0.1342 max_class=8 max_min_kpt=0.9629 refined_color=1 color_score=-70.53 color_source=1
[DEBUG] armors=1, targets=1
[2026-09-05 23:00:14.970] [info] [YOLO26][DET] above_0p2=0 after_nms=0 accepted=0 max_conf=0.0452 max_class=10 max_min_kpt=0.0000 refined_color=-1 color_score=0.00 color_source=-1
[DEBUG] armors=0, targets=1
[2026-09-05 23:00:14.990] [info] [YOLO26][DET] above_0p2=0 after_nms=0 accepted=0 max_conf=0.0636 max_class=8 max_min_kpt=0.0000 refined_color=-1 color_score=0.00 color_source=-1
[DEBUG] armors=0, targets=1
[2026-09-05 23:00:15.009] [info] [YOLO26][DET] above_0p2=0 after_nms=0 accepted=0 max_conf=0.0637 max_class=10 max_min_kpt=0.0000 refined_color=-1 color_score=0.00 color_source=-1
[DEBUG] armors=0, targets=1
[2026-09-05 23:00:15.029] [info] [YOLO26][DET] above_0p2=1 after_nms=1 accepted=1 max_conf=0.1016 max_class=10 max_min_kpt=0.9455 refined_color=1 color_score=-88.17 color_source=1
[DEBUG] armors=1, targets=1
[2026-09-05 23:00:15.048] [info] [YOLO26][DET] above_0p2=1 after_nms=1 accepted=1 max_conf=0.1384 max_class=8 max_min_kpt=0.9506 refined_color=1 color_score=-72.05 color_source=1
[DEBUG] armors=1, targets=1
[2026-09-05 23:00:15.067] [info] [YOLO26][DET] above_0p2=1 after_nms=1 accepted=1 max_conf=0.2695 max_class=8 max_min_kpt=0.9456 refined_color=1 color_score=-82.60 color_source=1
[DEBUG] armors=1, targets=1
[2026-09-05 23:00:15.086] [info] [YOLO26][DET] above_0p2=0 after_nms=0 accepted=0 max_conf=0.0447 max_class=8 max_min_kpt=0.0000 refined_color=-1 color_score=0.00 color_source=-1
[DEBUG] armors=0, targets=1
[2026-09-05 23:00:15.105] [info] [YOLO26][DET] above_0p2=0 after_nms=0 accepted=0 max_conf=0.0235 max_class=8 max_min_kpt=0.0000 refined_color=-1 color_score=0.00 color_source=-1
[2026-09-05 23:00:15.107] [info] [XUC][GYRO] center_follow=false tracker=lost omega=+0.000rad_s radius=0.000m
[DEBUG] armors=0, targets=0
[2026-09-05 23:00:15.125] [info] [YOLO26][DET] above_0p2=1 after_nms=1 accepted=1 max_conf=0.1099 max_class=8 max_min_kpt=0.9432 refined_color=1 color_score=-82.30 color_source=1
[DEBUG] armors=1, targets=1
[2026-09-05 23:00:15.127] [info] [DRYRUN] measured_gimbal=(3.930,0.141,0.053) measured_world=(3.880,0.640,0.044) tracked_world=(3.880,0.640,0.044) target_gimbal_deg=(2.06,0.78) target_world_deg=(9.37,0.65) gimbal_deg=(7.31,0.13) armor_y_px=539.5 pixel_error_deg=(-1.10,-0.01) ballistic=(range=nanm holdover=0.000m comp=0.00deg residual=-0.01deg) q_wxyz=(0.997967,0.000073,0.001147,-0.063723) cmd_deg=(8.07,0.12) packed_pitch_deg=0.12 control=true shoot=false
[2026-09-05 23:00:15.145] [info] [YOLO26][DET] above_0p2=1 after_nms=1 accepted=1 max_conf=0.1495 max_class=8 max_min_kpt=0.9404 refined_color=1 color_score=-70.61 color_source=1
[DEBUG] armors=1, targets=1
[2026-09-05 23:00:15.163] [info] [YOLO26][DET] above_0p2=1 after_nms=1 accepted=1 max_conf=0.1219 max_class=8 max_min_kpt=0.9519 refined_color=1 color_score=-82.46 color_source=1
[DEBUG] armors=1, targets=1
[2026-09-05 23:00:15.184] [info] [YOLO26][DET] above_0p2=1 after_nms=1 accepted=1 max_conf=0.1165 max_class=8 max_min_kpt=0.9654 refined_color=1 color_score=-72.62 color_source=1
[DEBUG] armors=1, targets=1
[2026-09-05 23:00:15.203] [info] [YOLO26][DET] above_0p2=1 after_nms=1 accepted=1 max_conf=0.1172 max_class=8 max_min_kpt=0.9600 refined_color=1 color_score=-72.48 color_source=1
[DEBUG] armors=1, targets=1
[2026-09-05 23:00:15.204] [info] [XUC][FIRE] stable-window candidate started
[2026-09-05 23:00:15.221] [info] [YOLO26][DET] above_0p2=1 after_nms=1 accepted=1 max_conf=0.1449 max_class=8 max_min_kpt=0.9675 refined_color=1 color_score=-71.31 color_source=1
[DEBUG] armors=1, targets=1
[2026-09-05 23:00:15.240] [info] [YOLO26][DET] above_0p2=0 after_nms=0 accepted=0 max_conf=0.0551 max_class=11 max_min_kpt=0.0000 refined_color=-1 color_score=0.00 color_source=-1
[DEBUG] armors=0, targets=1
[2026-09-05 23:00:15.242] [info] [XUC][FIRE] stable window reset
[2026-09-05 23:00:15.259] [info] [YOLO26][DET] above_0p2=0 after_nms=0 accepted=0 max_conf=0.0613 max_class=8 max_min_kpt=0.0000 refined_color=-1 color_score=0.00 color_source=-1
[DEBUG] armors=0, targets=1
[2026-09-05 23:00:15.278] [info] [YOLO26][DET] above_0p2=2 after_nms=1 accepted=1 max_conf=0.2766 max_class=11 max_min_kpt=0.9954 refined_color=1 color_score=-89.78 color_source=1
[DEBUG] armors=1, targets=1
[2026-09-05 23:00:15.280] [info] [XUC][FIRE] stable-window candidate started
[2026-09-05 23:00:15.299] [info] [YOLO26][DET] above_0p2=1 after_nms=1 accepted=1 max_conf=0.1537 max_class=11 max_min_kpt=0.9922 refined_color=1 color_score=-88.71 color_source=1
[DEBUG] armors=1, targets=1
[2026-09-05 23:00:15.320] [info] [YOLO26][DET] above_0p2=1 after_nms=1 accepted=1 max_conf=0.1427 max_class=11 max_min_kpt=0.9925 refined_color=1 color_score=-80.96 color_source=1
[DEBUG] armors=1, targets=1
[2026-09-05 23:00:15.339] [info] [YOLO26][DET] above_0p2=1 after_nms=1 accepted=1 max_conf=0.5307 max_class=11 max_min_kpt=0.9948 refined_color=1 color_score=-92.03 color_source=1
[DEBUG] armors=1, targets=1
[2026-09-05 23:00:15.360] [info] [YOLO26][DET] above_0p2=1 after_nms=1 accepted=1 max_conf=0.4621 max_class=11 max_min_kpt=0.9923 refined_color=1 color_score=-84.09 color_source=1
[DEBUG] armors=1, targets=1
[2026-09-05 23:00:15.380] [info] [YOLO26][DET] above_0p2=2 after_nms=1 accepted=1 max_conf=0.1542 max_class=11 max_min_kpt=0.9921 refined_color=1 color_score=-86.70 color_source=1
[DEBUG] armors=1, targets=1
[2026-09-05 23:00:15.382] [info] [XUC][FIRE] stable window reset
[2026-09-05 23:00:15.400] [info] [YOLO26][DET] above_0p2=1 after_nms=1 accepted=1 max_conf=0.4345 max_class=11 max_min_kpt=0.9897 refined_color=1 color_score=-89.78 color_source=1
[DEBUG] armors=1, targets=1
[2026-09-05 23:00:15.420] [info] [YOLO26][DET] above_0p2=2 after_nms=2 accepted=2 max_conf=0.3046 max_class=11 max_min_kpt=0.9930 refined_color=1 color_score=-86.33 color_source=1
[DEBUG] armors=2, targets=1
[2026-09-05 23:00:15.439] [info] [YOLO26][DET] above_0p2=2 after_nms=2 accepted=2 max_conf=0.4241 max_class=11 max_min_kpt=0.9911 refined_color=1 color_score=-79.93 color_source=1
[DEBUG] armors=2, targets=1
[2026-09-05 23:00:15.458] [info] [YOLO26][DET] above_0p2=0 after_nms=0 accepted=0 max_conf=0.0555 max_class=10 max_min_kpt=0.0000 refined_color=-1 color_score=0.00 color_source=-1
[DEBUG] armors=0, targets=1
[2026-09-05 23:00:15.478] [info] [YOLO26][DET] above_0p2=1 after_nms=1 accepted=1 max_conf=0.3521 max_class=11 max_min_kpt=0.9927 refined_color=1 color_score=-86.36 color_source=1
[DEBUG] armors=1, targets=1
[2026-09-05 23:00:15.497] [info] [YOLO26][DET] above_0p2=2 after_nms=2 accepted=2 max_conf=0.5640 max_class=11 max_min_kpt=0.9910 refined_color=1 color_score=-88.01 color_source=1
[DEBUG] armors=2, targets=1
[2026-09-05 23:00:15.519] [info] [YOLO26][DET] above_0p2=2 after_nms=2 accepted=2 max_conf=0.5237 max_class=11 max_min_kpt=0.9871 refined_color=1 color_score=-79.38 color_source=1
[DEBUG] armors=2, targets=1
[2026-09-05 23:00:15.521] [info] [XUC][FIRE] stable-window candidate started
[2026-09-05 23:00:15.521] [info] [DRYRUN] measured_gimbal=(3.870,0.193,0.051) measured_world=(3.814,0.684,0.043) tracked_world=(3.821,0.815,0.053) target_gimbal_deg=(2.85,0.76) target_world_deg=(10.16,0.63) gimbal_deg=(7.31,0.13) armor_y_px=540.0 pixel_error_deg=(2.62,0.00) ballistic=(range=nanm holdover=0.000m comp=0.00deg residual=0.00deg) q_wxyz=(0.997967,0.000073,0.001147,-0.063723) cmd_deg=(12.43,0.12) packed_pitch_deg=0.12 control=true shoot=false
[2026-09-05 23:00:15.538] [info] [YOLO26][DET] above_0p2=2 after_nms=1 accepted=1 max_conf=0.4897 max_class=11 max_min_kpt=0.9965 refined_color=1 color_score=-80.84 color_source=1
[DEBUG] armors=1, targets=0
[2026-09-05 23:00:15.540] [info] [XUC][FIRE] stable window reset
[2026-09-05 23:00:15.560] [info] [YOLO26][DET] above_0p2=2 after_nms=2 accepted=2 max_conf=0.4547 max_class=11 max_min_kpt=0.9910 refined_color=1 color_score=-85.53 color_source=1
[DEBUG] armors=2, targets=1
[2026-09-05 23:00:15.580] [info] [YOLO26][DET] above_0p2=3 after_nms=2 accepted=2 max_conf=0.2937 max_class=11 max_min_kpt=0.9909 refined_color=1 color_score=-78.72 color_source=1
[DEBUG] armors=2, targets=1
[2026-09-05 23:00:15.600] [info] [YOLO26][DET] above_0p2=3 after_nms=2 accepted=2 max_conf=0.2862 max_class=11 max_min_kpt=0.9932 refined_color=1 color_score=-74.55 color_source=1
[DEBUG] armors=2, targets=1
[2026-09-05 23:00:15.619] [info] [YOLO26][DET] above_0p2=2 after_nms=2 accepted=2 max_conf=0.4651 max_class=10 max_min_kpt=0.9783 refined_color=1 color_score=-80.01 color_source=1
[DEBUG] armors=2, targets=1
[2026-09-05 23:00:15.622] [info] [XUC][FIRE] stable-window candidate started
[2026-09-05 23:00:15.638] [info] [YOLO26][DET] above_0p2=3 after_nms=2 accepted=2 max_conf=0.3962 max_class=10 max_min_kpt=0.9915 refined_color=1 color_score=-83.17 color_source=1
[DEBUG] armors=2, targets=1
[2026-09-05 23:00:15.658] [info] [YOLO26][DET] above_0p2=3 after_nms=3 accepted=3 max_conf=0.3692 max_class=10 max_min_kpt=0.9943 refined_color=1 color_score=-70.91 color_source=1
[2026-09-05 23:00:15.661] [info] [XUC][GYRO] center_follow=true tracker=tracking omega=-1.309rad_s radius=0.298m
[DEBUG] armors=3, targets=1
[2026-09-05 23:00:15.661] [info] [XUC][FIRE] qualified after 40 ms, pixel error deg=(1.77,-0.02) gyro=true face_error=0.60deg omega=-1.309rad_s armed=true
[2026-09-05 23:00:15.679] [info] [YOLO26][DET] above_0p2=0 after_nms=0 accepted=0 max_conf=0.0666 max_class=10 max_min_kpt=0.0000 refined_color=-1 color_score=0.00 color_source=-1
[DEBUG] armors=0, targets=1
[2026-09-05 23:00:15.680] [info] [XUC][FIRE] stable window reset
[2026-09-05 23:00:15.698] [info] [YOLO26][DET] above_0p2=1 after_nms=1 accepted=1 max_conf=0.1049 max_class=10 max_min_kpt=0.9639 refined_color=1 color_score=-77.92 color_source=1
[DEBUG] armors=1, targets=1
[2026-09-05 23:00:15.703] [info] [SYNC][XUC] mode=0 yaw=-7.31 deg pitch=0.13 deg feeder_rpm=0.00 wheel0_rpm=0 wheel1_rpm=0 wheel_delta=0 projectile_speed=19.36 gate=0x1E switch=0 rc=1 sticks=1 imu=1 serial=1 control=0 yaw_armed=0 pitch_active=0
[2026-09-05 23:00:15.717] [info] [YOLO26][DET] above_0p2=0 after_nms=0 accepted=0 max_conf=0.0640 max_class=11 max_min_kpt=0.0000 refined_color=-1 color_score=0.00 color_source=-1
[2026-09-05 23:00:15.721] [info] [YOLO26] ==================== Performance ====================
[2026-09-05 23:00:15.721] [info] [YOLO26] Preprocess:  1.025 ms (5.8%)
[2026-09-05 23:00:15.721] [info] [YOLO26] Inference:   12.974 ms (72.8%)
[2026-09-05 23:00:15.721] [info] [YOLO26] Postprocess: 3.821 ms (21.4%)
[2026-09-05 23:00:15.721] [info] [YOLO26] Total:       17.821 ms (56.1 FPS)
[2026-09-05 23:00:15.721] [info] [YOLO26] ======================================================
[DEBUG] armors=0, targets=1
[2026-09-05 23:00:15.724] [info] [PERF] 总耗时=20.7ms (检测=17.8ms, 跟踪=0.0ms), FPS=48.2
[2026-09-05 23:00:15.724] [info] 📊 [CAMERA FPS] 瞬时帧率=48.0fps, 平均帧率=50.5fps, 总帧数=1050, 运行时间=20.8s
[2026-09-05 23:00:15.740] [info] [YOLO26][DET] above_0p2=1 after_nms=1 accepted=1 max_conf=0.2265 max_class=11 max_min_kpt=0.9922 refined_color=1 color_score=-85.06 color_source=1
[DEBUG] armors=1, targets=1
[2026-09-05 23:00:15.760] [info] [YOLO26][DET] above_0p2=0 after_nms=0 accepted=0 max_conf=0.0297 max_class=11 max_min_kpt=0.0000 refined_color=-1 color_score=0.00 color_source=-1
[DEBUG] armors=0, targets=1
[2026-09-05 23:00:15.780] [info] [YOLO26][DET] above_0p2=0 after_nms=0 accepted=0 max_conf=0.0527 max_class=8 max_min_kpt=0.0000 refined_color=-1 color_score=0.00 color_source=-1
[DEBUG] armors=0, targets=1
[2026-09-05 23:00:15.799] [info] [YOLO26][DET] above_0p2=1 after_nms=1 accepted=1 max_conf=0.1204 max_class=8 max_min_kpt=0.9476 refined_color=1 color_score=-65.59 color_source=1
[DEBUG] armors=1, targets=1
[2026-09-05 23:00:15.818] [info] [YOLO26][DET] above_0p2=1 after_nms=1 accepted=1 max_conf=0.1495 max_class=8 max_min_kpt=0.9549 refined_color=1 color_score=-88.63 color_source=1
[DEBUG] armors=1, targets=1
[2026-09-05 23:00:15.837] [info] [YOLO26][DET] above_0p2=1 after_nms=1 accepted=1 max_conf=0.1158 max_class=8 max_min_kpt=0.9566 refined_color=1 color_score=-73.36 color_source=1
[DEBUG] armors=1, targets=1
[2026-09-05 23:00:15.856] [info] [YOLO26][DET] above_0p2=1 after_nms=1 accepted=1 max_conf=0.1232 max_class=8 max_min_kpt=0.9647 refined_color=1 color_score=-84.99 color_source=1
[DEBUG] armors=1, targets=1
[2026-09-05 23:00:15.876] [info] [YOLO26][DET] above_0p2=0 after_nms=0 accepted=0 max_conf=0.0610 max_class=8 max_min_kpt=0.0000 refined_color=-1 color_score=0.00 color_source=-1
[DEBUG] armors=0, targets=1
[2026-09-05 23:00:15.895] [info] [YOLO26][DET] above_0p2=0 after_nms=0 accepted=0 max_conf=0.0470 max_class=8 max_min_kpt=0.0000 refined_color=-1 color_score=0.00 color_source=-1
[DEBUG] armors=0, targets=1
[2026-09-05 23:00:15.915] [info] [YOLO26][DET] above_0p2=0 after_nms=0 accepted=0 max_conf=0.0874 max_class=11 max_min_kpt=0.0000 refined_color=-1 color_score=0.00 color_source=-1
[DEBUG] armors=0, targets=1
[2026-09-05 23:00:15.933] [info] [YOLO26][DET] above_0p2=0 after_nms=0 accepted=0 max_conf=0.0940 max_class=8 max_min_kpt=0.0000 refined_color=-1 color_score=0.00 color_source=-1
[DEBUG] armors=0, targets=1
[2026-09-05 23:00:15.953] [info] [YOLO26][DET] above_0p2=1 after_nms=1 accepted=1 max_conf=0.1111 max_class=8 max_min_kpt=0.9436 refined_color=1 color_score=-72.87 color_source=1
[DEBUG] armors=1, targets=1
[2026-09-05 23:00:15.972] [info] [YOLO26][DET] above_0p2=0 after_nms=0 accepted=0 max_conf=0.0490 max_class=8 max_min_kpt=0.0000 refined_color=-1 color_score=0.00 color_source=-1
[DEBUG] armors=0, targets=1
[2026-09-05 23:00:15.992] [info] [YOLO26][DET] above_0p2=0 after_nms=0 accepted=0 max_conf=0.0873 max_class=8 max_min_kpt=0.0000 refined_color=-1 color_score=0.00 color_source=-1
[DEBUG] armors=0, targets=1
[2026-09-05 23:00:16.011] [info] [YOLO26][DET] above_0p2=0 after_nms=0 accepted=0 max_conf=0.0783 max_class=8 max_min_kpt=0.0000 refined_color=-1 color_score=0.00 color_source=-1
[DEBUG] armors=0, targets=1
[2026-09-05 23:00:16.028] [info] [YOLO26][DET] above_0p2=1 after_nms=1 accepted=1 max_conf=0.1261 max_class=8 max_min_kpt=0.9193 refined_color=1 color_score=-72.66 color_source=1
[DEBUG] armors=1, targets=1
[2026-09-05 23:00:16.048] [info] [YOLO26][DET] above_0p2=2 after_nms=1 accepted=1 max_conf=0.2791 max_class=11 max_min_kpt=0.9950 refined_color=1 color_score=-73.94 color_source=1
[DEBUG] armors=1, targets=1
[2026-09-05 23:00:16.067] [info] [YOLO26][DET] above_0p2=1 after_nms=1 accepted=1 max_conf=0.1296 max_class=11 max_min_kpt=0.9914 refined_color=1 color_score=-86.89 color_source=1
[DEBUG] armors=1, targets=1
[2026-09-05 23:00:16.086] [info] [YOLO26][DET] above_0p2=1 after_nms=1 accepted=1 max_conf=0.1122 max_class=8 max_min_kpt=0.9562 refined_color=1 color_score=-56.64 color_source=1
[DEBUG] armors=1, targets=1
[2026-09-05 23:00:16.105] [info] [YOLO26][DET] above_0p2=1 after_nms=1 accepted=1 max_conf=0.2047 max_class=11 max_min_kpt=0.9930 refined_color=1 color_score=-77.65 color_source=1
[DEBUG] armors=1, targets=1
[2026-09-05 23:00:16.123] [info] [YOLO26][DET] above_0p2=0 after_nms=0 accepted=0 max_conf=0.0714 max_class=11 max_min_kpt=0.0000 refined_color=-1 color_score=0.00 color_source=-1
[DEBUG] armors=0, targets=1
[2026-09-05 23:00:16.143] [info] [YOLO26][DET] above_0p2=1 after_nms=1 accepted=1 max_conf=0.1818 max_class=11 max_min_kpt=0.9949 refined_color=1 color_score=-74.50 color_source=1
[DEBUG] armors=1, targets=1
[2026-09-05 23:00:16.163] [info] [YOLO26][DET] above_0p2=1 after_nms=1 accepted=1 max_conf=0.2766 max_class=11 max_min_kpt=0.9899 refined_color=1 color_score=-76.72 color_source=1
[DEBUG] armors=1, targets=1
[2026-09-05 23:00:16.182] [info] [YOLO26][DET] above_0p2=0 after_nms=0 accepted=0 max_conf=0.0546 max_class=8 max_min_kpt=0.0000 refined_color=-1 color_score=0.00 color_source=-1
[DEBUG] armors=0, targets=1
[2026-09-05 23:00:16.202] [info] [YOLO26][DET] above_0p2=1 after_nms=1 accepted=1 max_conf=0.2946 max_class=11 max_min_kpt=0.9945 refined_color=1 color_score=-73.95 color_source=1
[DEBUG] armors=1, targets=1
[2026-09-05 23:00:16.222] [info] [YOLO26][DET] above_0p2=1 after_nms=1 accepted=1 max_conf=0.3009 max_class=11 max_min_kpt=0.9913 refined_color=1 color_score=-86.66 color_source=1
[DEBUG] armors=1, targets=1
[2026-09-05 23:00:16.241] [info] [YOLO26][DET] above_0p2=0 after_nms=0 accepted=0 max_conf=0.0961 max_class=11 max_min_kpt=0.0000 refined_color=-1 color_score=0.00 color_source=-1
[DEBUG] armors=0, targets=1
[2026-09-05 23:00:16.260] [info] [YOLO26][DET] above_0p2=1 after_nms=1 accepted=1 max_conf=0.1096 max_class=10 max_min_kpt=0.9574 refined_color=1 color_score=-90.44 color_source=1
[DEBUG] armors=1, targets=1
[2026-09-05 23:00:16.280] [info] [YOLO26][DET] above_0p2=2 after_nms=2 accepted=2 max_conf=0.3815 max_class=11 max_min_kpt=0.9913 refined_color=1 color_score=-75.89 color_source=1
[DEBUG] armors=2, targets=1
[2026-09-05 23:00:16.300] [info] [YOLO26][DET] above_0p2=2 after_nms=2 accepted=2 max_conf=0.5275 max_class=11 max_min_kpt=0.9875 refined_color=1 color_score=-95.30 color_source=1
[DEBUG] armors=2, targets=1
[2026-09-05 23:00:16.302] [info] [DRYRUN] measured_gimbal=(3.802,-0.147,0.043) measured_world=(3.790,0.338,0.035) tracked_world=(3.556,0.733,0.046) target_gimbal_deg=(-2.21,0.65) target_world_deg=(5.10,0.52) gimbal_deg=(7.31,0.13) armor_y_px=545.8 pixel_error_deg=(3.13,0.14) ballistic=(range=nanm holdover=0.000m comp=0.00deg residual=0.14deg) q_wxyz=(0.997967,0.000073,0.001147,-0.063723) cmd_deg=(7.77,0.19) packed_pitch_deg=0.19 control=true shoot=false
[2026-09-05 23:00:16.320] [info] [YOLO26][DET] above_0p2=1 after_nms=1 accepted=1 max_conf=0.5468 max_class=11 max_min_kpt=0.9879 refined_color=1 color_score=-86.94 color_source=1
[DEBUG] armors=1, targets=1
[2026-09-05 23:00:16.338] [info] [YOLO26][DET] above_0p2=2 after_nms=2 accepted=2 max_conf=0.2186 max_class=11 max_min_kpt=0.9909 refined_color=1 color_score=-87.32 color_source=1
[DEBUG] armors=2, targets=1
[2026-09-05 23:00:16.359] [info] [YOLO26][DET] above_0p2=3 after_nms=2 accepted=2 max_conf=0.2864 max_class=11 max_min_kpt=0.9863 refined_color=1 color_score=-81.82 color_source=1
[DEBUG] armors=2, targets=1
[2026-09-05 23:00:16.378] [info] [YOLO26][DET] above_0p2=2 after_nms=2 accepted=2 max_conf=0.3052 max_class=11 max_min_kpt=0.9889 refined_color=1 color_score=-78.67 color_source=1
[DEBUG] armors=2, targets=1
[2026-09-05 23:00:16.397] [info] [YOLO26][DET] above_0p2=2 after_nms=2 accepted=2 max_conf=0.3727 max_class=11 max_min_kpt=0.9927 refined_color=1 color_score=-79.65 color_source=1
[DEBUG] armors=2, targets=1
[2026-09-05 23:00:16.418] [info] [YOLO26][DET] above_0p2=2 after_nms=2 accepted=2 max_conf=0.4090 max_class=11 max_min_kpt=0.9882 refined_color=1 color_score=-76.67 color_source=1
[DEBUG] armors=2, targets=1
[2026-09-05 23:00:16.437] [info] [YOLO26][DET] above_0p2=3 after_nms=2 accepted=2 max_conf=0.3392 max_class=11 max_min_kpt=0.9843 refined_color=1 color_score=-74.90 color_source=1
[DEBUG] armors=2, targets=1
[2026-09-05 23:00:16.440] [info] [XUC][FIRE] stable-window candidate started
[2026-09-05 23:00:16.458] [info] [YOLO26][DET] above_0p2=2 after_nms=2 accepted=2 max_conf=0.5645 max_class=11 max_min_kpt=0.9858 refined_color=1 color_score=-76.69 color_source=1
[DEBUG] armors=2, targets=1
[2026-09-05 23:00:16.478] [info] [YOLO26][DET] above_0p2=3 after_nms=2 accepted=2 max_conf=0.5784 max_class=11 max_min_kpt=0.9902 refined_color=1 color_score=-81.70 color_source=1
[DEBUG] armors=2, targets=1
[2026-09-05 23:00:16.481] [info] [XUC][FIRE] qualified after 40 ms, pixel error deg=(2.15,0.14) gyro=true face_error=2.20deg omega=-1.751rad_s armed=true
[2026-09-05 23:00:16.499] [info] [YOLO26][DET] above_0p2=3 after_nms=3 accepted=3 max_conf=0.3626 max_class=11 max_min_kpt=0.9888 refined_color=1 color_score=-75.40 color_source=1
[DEBUG] armors=3, targets=1
[2026-09-05 23:00:16.503] [info] [XUC][FIRE] stable window reset
[2026-09-05 23:00:16.520] [info] [YOLO26][DET] above_0p2=3 after_nms=3 accepted=3 max_conf=0.2988 max_class=10 max_min_kpt=0.9829 refined_color=1 color_score=-82.73 color_source=1
[DEBUG] armors=3, targets=1
[2026-09-05 23:00:16.540] [info] [YOLO26][DET] above_0p2=2 after_nms=2 accepted=2 max_conf=0.4434 max_class=10 max_min_kpt=0.9852 refined_color=1 color_score=-76.10 color_source=1
[DEBUG] armors=2, targets=1
[2026-09-05 23:00:16.560] [info] [YOLO26][DET] above_0p2=3 after_nms=3 accepted=3 max_conf=0.2819 max_class=11 max_min_kpt=0.9936 refined_color=1 color_score=-89.36 color_source=1
[DEBUG] armors=3, targets=1
[2026-09-05 23:00:16.580] [info] [YOLO26][DET] above_0p2=0 after_nms=0 accepted=0 max_conf=0.0583 max_class=10 max_min_kpt=0.0000 refined_color=-1 color_score=0.00 color_source=-1
[DEBUG] armors=0, targets=1
[2026-09-05 23:00:16.601] [info] [YOLO26][DET] above_0p2=1 after_nms=1 accepted=1 max_conf=0.2251 max_class=10 max_min_kpt=0.9482 refined_color=1 color_score=-78.55 color_source=1
[DEBUG] armors=1, targets=1
[2026-09-05 23:00:16.620] [info] [YOLO26][DET] above_0p2=0 after_nms=0 accepted=0 max_conf=0.0334 max_class=10 max_min_kpt=0.0000 refined_color=-1 color_score=0.00 color_source=-1
[DEBUG] armors=0, targets=1
[2026-09-05 23:00:16.638] [info] [YOLO26][DET] above_0p2=0 after_nms=0 accepted=0 max_conf=0.0257 max_class=10 max_min_kpt=0.0000 refined_color=-1 color_score=0.00 color_source=-1
[DEBUG] armors=0, targets=1
[2026-09-05 23:00:16.658] [info] [YOLO26][DET] above_0p2=1 after_nms=1 accepted=1 max_conf=0.1089 max_class=11 max_min_kpt=0.9967 refined_color=1 color_score=-91.70 color_source=1
[DEBUG] armors=1, targets=1
[2026-09-05 23:00:16.678] [info] [YOLO26][DET] above_0p2=1 after_nms=1 accepted=1 max_conf=0.2473 max_class=11 max_min_kpt=0.9838 refined_color=1 color_score=-80.74 color_source=1
[DEBUG] armors=1, targets=1
[2026-09-05 23:00:16.684] [info] [SYNC][XUC] mode=0 yaw=-7.31 deg pitch=0.13 deg feeder_rpm=0.00 wheel0_rpm=0 wheel1_rpm=0 wheel_delta=0 projectile_speed=19.36 gate=0x1E switch=0 rc=1 sticks=1 imu=1 serial=1 control=0 yaw_armed=0 pitch_active=0
[2026-09-05 23:00:16.698] [info] [YOLO26][DET] above_0p2=0 after_nms=0 accepted=0 max_conf=0.0497 max_class=8 max_min_kpt=0.0000 refined_color=-1 color_score=0.00 color_source=-1
[2026-09-05 23:00:16.703] [info] [YOLO26] ==================== Performance ====================
[2026-09-05 23:00:16.703] [info] [YOLO26] Preprocess:  1.200 ms (6.5%)
[2026-09-05 23:00:16.703] [info] [YOLO26] Inference:   12.824 ms (69.3%)
[2026-09-05 23:00:16.703] [info] [YOLO26] Postprocess: 4.474 ms (24.2%)
[2026-09-05 23:00:16.703] [info] [YOLO26] Total:       18.498 ms (54.1 FPS)
[2026-09-05 23:00:16.703] [info] [YOLO26] ======================================================
[DEBUG] armors=0, targets=1
[2026-09-05 23:00:16.706] [info] [PERF] 总耗时=21.3ms (检测=18.5ms, 跟踪=0.0ms), FPS=46.9
[2026-09-05 23:00:16.706] [info] 📊 [CAMERA FPS] 瞬时帧率=46.9fps, 平均帧率=50.5fps, 总帧数=1100, 运行时间=21.8s
[2026-09-05 23:00:16.719] [info] [YOLO26][DET] above_0p2=2 after_nms=1 accepted=1 max_conf=0.1687 max_class=11 max_min_kpt=0.9926 refined_color=1 color_score=-83.23 color_source=1
[DEBUG] armors=1, targets=1
[2026-09-05 23:00:16.739] [info] [YOLO26][DET] above_0p2=0 after_nms=0 accepted=0 max_conf=0.0580 max_class=8 max_min_kpt=0.0000 refined_color=-1 color_score=0.00 color_source=-1
[DEBUG] armors=0, targets=1
[2026-09-05 23:00:16.757] [info] [YOLO26][DET] above_0p2=1 after_nms=1 accepted=1 max_conf=0.1150 max_class=8 max_min_kpt=0.9643 refined_color=1 color_score=-58.11 color_source=1
[DEBUG] armors=1, targets=1
[2026-09-05 23:00:16.781] [info] [YOLO26][DET] above_0p2=1 after_nms=1 accepted=1 max_conf=0.1153 max_class=11 max_min_kpt=0.9877 refined_color=1 color_score=-77.46 color_source=1
[DEBUG] armors=1, targets=1
[2026-09-05 23:00:16.802] [info] [YOLO26][DET] above_0p2=2 after_nms=1 accepted=1 max_conf=0.1512 max_class=8 max_min_kpt=0.9454 refined_color=1 color_score=-90.95 color_source=1
[DEBUG] armors=1, targets=1
[2026-09-05 23:00:16.823] [info] [YOLO26][DET] above_0p2=2 after_nms=1 accepted=1 max_conf=0.2276 max_class=11 max_min_kpt=0.9935 refined_color=1 color_score=-77.32 color_source=1
[DEBUG] armors=1, targets=1
[2026-09-05 23:00:16.843] [info] [YOLO26][DET] above_0p2=0 after_nms=0 accepted=0 max_conf=0.0902 max_class=8 max_min_kpt=0.0000 refined_color=-1 color_score=0.00 color_source=-1
[DEBUG] armors=0, targets=1
[2026-09-05 23:00:16.862] [info] [YOLO26][DET] above_0p2=0 after_nms=0 accepted=0 max_conf=0.0264 max_class=8 max_min_kpt=0.0000 refined_color=-1 color_score=0.00 color_source=-1
[DEBUG] armors=0, targets=1
[2026-09-05 23:00:16.879] [info] [YOLO26][DET] above_0p2=0 after_nms=0 accepted=0 max_conf=0.0730 max_class=8 max_min_kpt=0.0000 refined_color=-1 color_score=0.00 color_source=-1
[DEBUG] armors=0, targets=1
[2026-09-05 23:00:16.898] [info] [YOLO26][DET] above_0p2=0 after_nms=0 accepted=0 max_conf=0.0714 max_class=8 max_min_kpt=0.0000 refined_color=-1 color_score=0.00 color_source=-1
[DEBUG] armors=0, targets=1
[2026-09-05 23:00:16.918] [info] [YOLO26][DET] above_0p2=2 after_nms=1 accepted=1 max_conf=0.1962 max_class=8 max_min_kpt=0.9924 refined_color=1 color_score=-77.16 color_source=1
[DEBUG] armors=1, targets=1
[2026-09-05 23:00:16.937] [info] [YOLO26][DET] above_0p2=0 after_nms=0 accepted=0 max_conf=0.0665 max_class=8 max_min_kpt=0.0000 refined_color=-1 color_score=0.00 color_source=-1
[DEBUG] armors=0, targets=1
[2026-09-05 23:00:16.955] [info] [YOLO26][DET] above_0p2=0 after_nms=0 accepted=0 max_conf=0.0731 max_class=8 max_min_kpt=0.0000 refined_color=-1 color_score=0.00 color_source=-1
[DEBUG] armors=0, targets=1
[2026-09-05 23:00:16.974] [info] [YOLO26][DET] above_0p2=0 after_nms=0 accepted=0 max_conf=0.0948 max_class=11 max_min_kpt=0.0000 refined_color=-1 color_score=0.00 color_source=-1
[DEBUG] armors=0, targets=1
[2026-09-05 23:00:16.992] [info] [YOLO26][DET] above_0p2=1 after_nms=1 accepted=1 max_conf=0.1030 max_class=8 max_min_kpt=0.9564 refined_color=1 color_score=-78.32 color_source=1
[DEBUG] armors=1, targets=1
[2026-09-05 23:00:16.994] [info] [XUC][FIRE] stable-window candidate started
[2026-09-05 23:00:17.012] [info] [YOLO26][DET] above_0p2=0 after_nms=0 accepted=0 max_conf=0.0863 max_class=8 max_min_kpt=0.0000 refined_color=-1 color_score=0.00 color_source=-1
[DEBUG] armors=0, targets=1
[2026-09-05 23:00:17.014] [info] [XUC][FIRE] stable window reset
[2026-09-05 23:00:17.032] [info] [YOLO26][DET] above_0p2=0 after_nms=0 accepted=0 max_conf=0.0582 max_class=8 max_min_kpt=0.0000 refined_color=-1 color_score=0.00 color_source=-1
[DEBUG] armors=0, targets=1
[2026-09-05 23:00:17.052] [info] [YOLO26][DET] above_0p2=0 after_nms=0 accepted=0 max_conf=0.0225 max_class=11 max_min_kpt=0.0000 refined_color=-1 color_score=0.00 color_source=-1
[DEBUG] armors=0, targets=1
[2026-09-05 23:00:17.072] [info] [YOLO26][DET] above_0p2=1 after_nms=1 accepted=1 max_conf=0.4716 max_class=11 max_min_kpt=0.9928 refined_color=1 color_score=-81.63 color_source=1
[DEBUG] armors=1, targets=1
[2026-09-05 23:00:17.092] [info] [YOLO26][DET] above_0p2=1 after_nms=1 accepted=1 max_conf=0.1033 max_class=11 max_min_kpt=0.9850 refined_color=1 color_score=-76.52 color_source=1
[DEBUG] armors=1, targets=1
[2026-09-05 23:00:17.095] [info] [DRYRUN] measured_gimbal=(3.415,0.229,0.050) measured_world=(3.358,0.661,0.042) tracked_world=(3.876,0.848,0.052) target_gimbal_deg=(3.83,0.83) target_world_deg=(11.14,0.70) gimbal_deg=(7.31,0.13) armor_y_px=542.7 pixel_error_deg=(-2.98,0.07) ballistic=(range=nanm holdover=0.000m comp=0.00deg residual=0.07deg) q_wxyz=(0.997967,0.000073,0.001147,-0.063723) cmd_deg=(7.20,0.24) packed_pitch_deg=0.24 control=true shoot=false
[2026-09-05 23:00:17.113] [info] [YOLO26][DET] above_0p2=1 after_nms=1 accepted=1 max_conf=0.1056 max_class=10 max_min_kpt=0.9488 refined_color=1 color_score=-83.58 color_source=1
[DEBUG] armors=1, targets=1
[2026-09-05 23:00:17.131] [info] [YOLO26][DET] above_0p2=2 after_nms=2 accepted=2 max_conf=0.1673 max_class=14 max_min_kpt=0.9689 refined_color=1 color_score=-91.85 color_source=1
[DEBUG] armors=2, targets=1
[2026-09-05 23:00:17.133] [info] [XUC][FIRE] stable-window candidate started
[2026-09-05 23:00:17.152] [info] [YOLO26][DET] above_0p2=0 after_nms=0 accepted=0 max_conf=0.0863 max_class=10 max_min_kpt=0.0000 refined_color=-1 color_score=0.00 color_source=-1
[DEBUG] armors=0, targets=1
[2026-09-05 23:00:17.154] [info] [XUC][FIRE] stable window reset
[2026-09-05 23:00:17.170] [info] [YOLO26][DET] above_0p2=1 after_nms=1 accepted=1 max_conf=0.2438 max_class=10 max_min_kpt=0.9687 refined_color=1 color_score=-83.96 color_source=1
[DEBUG] armors=1, targets=1
[2026-09-05 23:00:17.190] [info] [YOLO26][DET] above_0p2=2 after_nms=2 accepted=2 max_conf=0.4410 max_class=11 max_min_kpt=0.9937 refined_color=1 color_score=-84.75 color_source=1
[DEBUG] armors=2, targets=1
[2026-09-05 23:00:17.210] [info] [YOLO26][DET] above_0p2=2 after_nms=2 accepted=2 max_conf=0.2944 max_class=11 max_min_kpt=0.9894 refined_color=1 color_score=-86.67 color_source=1
[DEBUG] armors=2, targets=1
[2026-09-05 23:00:17.231] [info] [YOLO26][DET] above_0p2=2 after_nms=2 accepted=2 max_conf=0.1857 max_class=11 max_min_kpt=0.9833 refined_color=1 color_score=-95.09 color_source=1
[DEBUG] armors=2, targets=1
[2026-09-05 23:00:17.251] [info] [YOLO26][DET] above_0p2=3 after_nms=2 accepted=2 max_conf=0.2066 max_class=11 max_min_kpt=0.9944 refined_color=1 color_score=-83.42 color_source=1
[DEBUG] armors=2, targets=1
[2026-09-05 23:00:17.254] [info] [XUC][FIRE] stable-window candidate started
[2026-09-05 23:00:17.271] [info] [YOLO26][DET] above_0p2=3 after_nms=2 accepted=2 max_conf=0.6135 max_class=11 max_min_kpt=0.9821 refined_color=1 color_score=-84.91 color_source=1
[DEBUG] armors=2, targets=1
[2026-09-05 23:00:17.292] [info] [YOLO26][DET] above_0p2=2 after_nms=2 accepted=2 max_conf=0.4655 max_class=11 max_min_kpt=0.9821 refined_color=1 color_score=-81.51 color_source=1
[DEBUG] armors=2, targets=1
[2026-09-05 23:00:17.295] [info] [XUC][FIRE] qualified after 40 ms, pixel error deg=(2.57,0.09) gyro=true face_error=9.70deg omega=-1.546rad_s armed=true
[2026-09-05 23:00:17.313] [info] [YOLO26][DET] above_0p2=2 after_nms=2 accepted=2 max_conf=0.3791 max_class=11 max_min_kpt=0.9883 refined_color=1 color_score=-72.05 color_source=1
[DEBUG] armors=2, targets=1
[2026-09-05 23:00:17.315] [info] [XUC][FIRE] stable window reset
[2026-09-05 23:00:17.331] [info] [YOLO26][DET] above_0p2=2 after_nms=2 accepted=2 max_conf=0.7126 max_class=11 max_min_kpt=0.9930 refined_color=1 color_score=-83.07 color_source=1
[DEBUG] armors=2, targets=1
[2026-09-05 23:00:17.352] [info] [YOLO26][DET] above_0p2=2 after_nms=2 accepted=2 max_conf=0.5933 max_class=11 max_min_kpt=0.9857 refined_color=1 color_score=-77.52 color_source=1
[DEBUG] armors=2, targets=1
[2026-09-05 23:00:17.373] [info] [YOLO26][DET] above_0p2=2 after_nms=2 accepted=2 max_conf=0.1698 max_class=11 max_min_kpt=0.9914 refined_color=1 color_score=-88.43 color_source=1
[DEBUG] armors=2, targets=1
[2026-09-05 23:00:17.394] [info] [YOLO26][DET] above_0p2=3 after_nms=3 accepted=3 max_conf=0.4484 max_class=11 max_min_kpt=0.9884 refined_color=1 color_score=-94.42 color_source=1
[DEBUG] armors=3, targets=1
[2026-09-05 23:00:17.414] [info] [YOLO26][DET] above_0p2=2 after_nms=2 accepted=2 max_conf=0.3463 max_class=10 max_min_kpt=0.9840 refined_color=1 color_score=-66.37 color_source=1
[DEBUG] armors=2, targets=1
[2026-09-05 23:00:17.433] [info] [YOLO26][DET] above_0p2=4 after_nms=2 accepted=2 max_conf=0.2569 max_class=10 max_min_kpt=0.9895 refined_color=1 color_score=-64.69 color_source=1
[DEBUG] armors=2, targets=1
[2026-09-05 23:00:17.453] [info] [YOLO26][DET] above_0p2=3 after_nms=1 accepted=1 max_conf=0.2065 max_class=8 max_min_kpt=0.9909 refined_color=1 color_score=-60.39 color_source=1
[DEBUG] armors=1, targets=1
[2026-09-05 23:00:17.473] [info] [YOLO26][DET] above_0p2=1 after_nms=1 accepted=1 max_conf=0.1215 max_class=10 max_min_kpt=0.9555 refined_color=1 color_score=-87.50 color_source=1
[DEBUG] armors=1, targets=1
[2026-09-05 23:00:17.492] [info] [YOLO26][DET] above_0p2=3 after_nms=1 accepted=1 max_conf=0.1518 max_class=10 max_min_kpt=0.9838 refined_color=1 color_score=-90.07 color_source=1
[DEBUG] armors=1, targets=1
[2026-09-05 23:00:17.495] [info] [DRYRUN] measured_gimbal=(3.876,0.401,0.050) measured_world=(3.793,0.891,0.041) tracked_world=(4.096,0.804,0.041) target_gimbal_deg=(5.91,0.73) target_world_deg=(13.22,0.60) gimbal_deg=(7.31,0.13) armor_y_px=544.5 pixel_error_deg=(1.31,0.11) ballistic=(range=nanm holdover=0.000m comp=0.00deg residual=0.11deg) q_wxyz=(0.997967,0.000073,0.001147,-0.063723) cmd_deg=(7.84,0.31) packed_pitch_deg=0.31 control=true shoot=false
[2026-09-05 23:00:17.511] [info] [YOLO26][DET] above_0p2=0 after_nms=0 accepted=0 max_conf=0.0889 max_class=10 max_min_kpt=0.0000 refined_color=-1 color_score=0.00 color_source=-1
[DEBUG] armors=0, targets=1
[2026-09-05 23:00:17.529] [info] [YOLO26][DET] above_0p2=1 after_nms=1 accepted=1 max_conf=0.1389 max_class=11 max_min_kpt=0.9840 refined_color=1 color_score=-86.44 color_source=1
[DEBUG] armors=1, targets=1
[2026-09-05 23:00:17.550] [info] [YOLO26][DET] above_0p2=2 after_nms=1 accepted=1 max_conf=0.2796 max_class=11 max_min_kpt=0.9877 refined_color=1 color_score=-83.92 color_source=1
[DEBUG] armors=1, targets=1
[2026-09-05 23:00:17.570] [info] [YOLO26][DET] above_0p2=1 after_nms=1 accepted=1 max_conf=0.1179 max_class=8 max_min_kpt=0.9540 refined_color=1 color_score=-86.62 color_source=1
[DEBUG] armors=1, targets=1
[2026-09-05 23:00:17.589] [info] [YOLO26][DET] above_0p2=1 after_nms=1 accepted=1 max_conf=0.1206 max_class=8 max_min_kpt=0.9552 refined_color=1 color_score=-80.39 color_source=1
[DEBUG] armors=1, targets=1
[2026-09-05 23:00:17.610] [info] [YOLO26][DET] above_0p2=1 after_nms=1 accepted=1 max_conf=0.1033 max_class=8 max_min_kpt=0.9597 refined_color=1 color_score=-80.87 color_source=1
[DEBUG] armors=1, targets=1
[2026-09-05 23:00:17.629] [info] [YOLO26][DET] above_0p2=1 after_nms=1 accepted=1 max_conf=0.1322 max_class=8 max_min_kpt=0.9629 refined_color=1 color_score=-75.61 color_source=1
[DEBUG] armors=1, targets=1
[2026-09-05 23:00:17.648] [info] [YOLO26][DET] above_0p2=1 after_nms=1 accepted=1 max_conf=0.1590 max_class=10 max_min_kpt=0.9673 refined_color=1 color_score=-73.90 color_source=1
[DEBUG] armors=1, targets=1
[2026-09-05 23:00:17.667] [info] [YOLO26][DET] above_0p2=0 after_nms=0 accepted=0 max_conf=0.0653 max_class=10 max_min_kpt=0.0000 refined_color=-1 color_score=0.00 color_source=-1
[DEBUG] armors=0, targets=1
[2026-09-05 23:00:17.672] [info] [SYNC][XUC] mode=0 yaw=-7.31 deg pitch=0.13 deg feeder_rpm=-4.00 wheel0_rpm=0 wheel1_rpm=0 wheel_delta=0 projectile_speed=19.36 gate=0x1E switch=0 rc=1 sticks=1 imu=1 serial=1 control=0 yaw_armed=0 pitch_active=0
[2026-09-05 23:00:17.687] [info] [YOLO26][DET] above_0p2=1 after_nms=1 accepted=1 max_conf=0.1498 max_class=10 max_min_kpt=0.9439 refined_color=1 color_score=-82.77 color_source=1
[2026-09-05 23:00:17.691] [info] [YOLO26] ==================== Performance ====================
[2026-09-05 23:00:17.691] [info] [YOLO26] Preprocess:  1.152 ms (6.0%)
[2026-09-05 23:00:17.691] [info] [YOLO26] Inference:   13.763 ms (72.1%)
[2026-09-05 23:00:17.691] [info] [YOLO26] Postprocess: 4.182 ms (21.9%)
[2026-09-05 23:00:17.691] [info] [YOLO26] Total:       19.098 ms (52.4 FPS)
[2026-09-05 23:00:17.691] [info] [YOLO26] ======================================================
[DEBUG] armors=1, targets=1
[2026-09-05 23:00:17.695] [info] [PERF] 总耗时=23.3ms (检测=19.1ms, 跟踪=0.0ms), FPS=42.9
[2026-09-05 23:00:17.695] [info] 📊 [CAMERA FPS] 瞬时帧率=42.9fps, 平均帧率=50.5fps, 总帧数=1150, 运行时间=22.8s
[2026-09-05 23:00:17.709] [info] [YOLO26][DET] above_0p2=2 after_nms=1 accepted=1 max_conf=0.1765 max_class=10 max_min_kpt=0.9476 refined_color=1 color_score=-79.53 color_source=1
[DEBUG] armors=1, targets=1
[2026-09-05 23:00:17.729] [info] [YOLO26][DET] above_0p2=2 after_nms=1 accepted=1 max_conf=0.1253 max_class=8 max_min_kpt=0.9944 refined_color=1 color_score=-68.43 color_source=1
[DEBUG] armors=1, targets=1
[2026-09-05 23:00:17.750] [info] [YOLO26][DET] above_0p2=0 after_nms=0 accepted=0 max_conf=0.0116 max_class=10 max_min_kpt=0.0000 refined_color=-1 color_score=0.00 color_source=-1
[DEBUG] armors=0, targets=1
[2026-09-05 23:00:17.767] [info] [YOLO26][DET] above_0p2=0 after_nms=0 accepted=0 max_conf=0.0232 max_class=11 max_min_kpt=0.0000 refined_color=-1 color_score=0.00 color_source=-1
[DEBUG] armors=0, targets=1
[2026-09-05 23:00:17.787] [info] [YOLO26][DET] above_0p2=1 after_nms=1 accepted=1 max_conf=0.3211 max_class=11 max_min_kpt=0.9902 refined_color=1 color_score=-95.09 color_source=1
[DEBUG] armors=1, targets=1
[2026-09-05 23:00:17.810] [info] [YOLO26][DET] above_0p2=0 after_nms=0 accepted=0 max_conf=0.0245 max_class=8 max_min_kpt=0.0000 refined_color=-1 color_score=0.00 color_source=-1
[DEBUG] armors=0, targets=1
[2026-09-05 23:00:17.829] [info] [YOLO26][DET] above_0p2=2 after_nms=1 accepted=1 max_conf=0.4948 max_class=11 max_min_kpt=0.9954 refined_color=1 color_score=-93.57 color_source=1
[DEBUG] armors=1, targets=1
[2026-09-05 23:00:17.850] [info] [YOLO26][DET] above_0p2=0 after_nms=0 accepted=0 max_conf=0.0635 max_class=8 max_min_kpt=0.0000 refined_color=-1 color_score=0.00 color_source=-1
[DEBUG] armors=0, targets=1
[2026-09-05 23:00:17.869] [info] [YOLO26][DET] above_0p2=0 after_nms=0 accepted=0 max_conf=0.0808 max_class=8 max_min_kpt=0.0000 refined_color=-1 color_score=0.00 color_source=-1
[DEBUG] armors=0, targets=1
[2026-09-05 23:00:17.888] [info] [YOLO26][DET] above_0p2=1 after_nms=1 accepted=1 max_conf=0.5035 max_class=11 max_min_kpt=0.9915 refined_color=1 color_score=-92.65 color_source=1
[DEBUG] armors=1, targets=1
[2026-09-05 23:00:17.890] [info] [DRYRUN] measured_gimbal=(3.541,0.178,0.050) measured_world=(3.489,0.627,0.042) tracked_world=(4.111,0.554,0.042) target_gimbal_deg=(2.87,0.81) target_world_deg=(10.18,0.68) gimbal_deg=(7.31,0.13) armor_y_px=542.0 pixel_error_deg=(-2.00,0.05) ballistic=(range=nanm holdover=0.000m comp=0.00deg residual=0.05deg) q_wxyz=(0.997967,0.000073,0.001147,-0.063723) cmd_deg=(7.54,0.22) packed_pitch_deg=0.22 control=true shoot=false
[2026-09-05 23:00:17.908] [info] [YOLO26][DET] above_0p2=0 after_nms=0 accepted=0 max_conf=0.0955 max_class=11 max_min_kpt=0.0000 refined_color=-1 color_score=0.00 color_source=-1
[DEBUG] armors=0, targets=1
[2026-09-05 23:00:17.927] [info] [YOLO26][DET] above_0p2=1 after_nms=1 accepted=1 max_conf=0.3628 max_class=11 max_min_kpt=0.9961 refined_color=1 color_score=-79.16 color_source=1
[DEBUG] armors=1, targets=1
[2026-09-05 23:00:17.947] [info] [YOLO26][DET] above_0p2=1 after_nms=1 accepted=1 max_conf=0.2800 max_class=11 max_min_kpt=0.9866 refined_color=1 color_score=-85.93 color_source=1
[DEBUG] armors=1, targets=1
[2026-09-05 23:00:17.966] [info] [YOLO26][DET] above_0p2=1 after_nms=1 accepted=1 max_conf=0.1800 max_class=11 max_min_kpt=0.9856 refined_color=1 color_score=-89.62 color_source=1
[DEBUG] armors=1, targets=1
[2026-09-05 23:00:17.987] [info] [YOLO26][DET] above_0p2=1 after_nms=1 accepted=1 max_conf=0.3878 max_class=11 max_min_kpt=0.9929 refined_color=1 color_score=-83.75 color_source=1
[DEBUG] armors=1, targets=1
[2026-09-05 23:00:18.007] [info] [YOLO26][DET] above_0p2=3 after_nms=1 accepted=1 max_conf=0.1627 max_class=11 max_min_kpt=0.9839 refined_color=1 color_score=-88.15 color_source=1
[DEBUG] armors=1, targets=1
[2026-09-05 23:00:18.027] [info] [YOLO26][DET] above_0p2=1 after_nms=1 accepted=1 max_conf=0.1919 max_class=10 max_min_kpt=0.9529 refined_color=1 color_score=-78.74 color_source=1
[DEBUG] armors=1, targets=1
[2026-09-05 23:00:18.048] [info] [YOLO26][DET] above_0p2=1 after_nms=1 accepted=1 max_conf=0.1081 max_class=10 max_min_kpt=0.9679 refined_color=1 color_score=-84.92 color_source=1
[DEBUG] armors=1, targets=1
[2026-09-05 23:00:18.067] [info] [YOLO26][DET] above_0p2=0 after_nms=0 accepted=0 max_conf=0.0969 max_class=11 max_min_kpt=0.0000 refined_color=-1 color_score=0.00 color_source=-1
[DEBUG] armors=0, targets=1
[2026-09-05 23:00:18.087] [info] [YOLO26][DET] above_0p2=0 after_nms=0 accepted=0 max_conf=0.0913 max_class=10 max_min_kpt=0.0000 refined_color=-1 color_score=0.00 color_source=-1
[DEBUG] armors=0, targets=1
[2026-09-05 23:00:18.106] [info] [YOLO26][DET] above_0p2=1 after_nms=1 accepted=1 max_conf=0.3902 max_class=11 max_min_kpt=0.9827 refined_color=1 color_score=-81.30 color_source=1
[DEBUG] armors=1, targets=1
[2026-09-05 23:00:18.109] [info] [XUC][FIRE] stable-window candidate started
[2026-09-05 23:00:18.127] [info] [YOLO26][DET] above_0p2=2 after_nms=1 accepted=1 max_conf=0.3900 max_class=11 max_min_kpt=0.9916 refined_color=1 color_score=-106.25 color_source=1
[DEBUG] armors=1, targets=1
[2026-09-05 23:00:18.131] [info] [XUC][FIRE] stable window reset
[2026-09-05 23:00:18.146] [info] [YOLO26][DET] above_0p2=2 after_nms=2 accepted=2 max_conf=0.3476 max_class=11 max_min_kpt=0.9907 refined_color=1 color_score=-88.14 color_source=1
[DEBUG] armors=2, targets=1
[2026-09-05 23:00:18.165] [info] [YOLO26][DET] above_0p2=4 after_nms=2 accepted=2 max_conf=0.4249 max_class=11 max_min_kpt=0.9930 refined_color=1 color_score=-81.88 color_source=1
[DEBUG] armors=2, targets=1
[2026-09-05 23:00:18.186] [info] [YOLO26][DET] above_0p2=2 after_nms=2 accepted=2 max_conf=0.7268 max_class=11 max_min_kpt=0.9852 refined_color=1 color_score=-84.67 color_source=1
[DEBUG] armors=2, targets=1
[2026-09-05 23:00:18.206] [info] [YOLO26][DET] above_0p2=3 after_nms=2 accepted=2 max_conf=0.5407 max_class=11 max_min_kpt=0.9894 refined_color=1 color_score=-81.92 color_source=1
[DEBUG] armors=2, targets=1
[2026-09-05 23:00:18.208] [info] [XUC][FIRE] stable-window candidate started
[2026-09-05 23:00:18.226] [info] [YOLO26][DET] above_0p2=2 after_nms=2 accepted=2 max_conf=0.6127 max_class=11 max_min_kpt=0.9865 refined_color=1 color_score=-76.59 color_source=1
[DEBUG] armors=2, targets=1
[2026-09-05 23:00:18.246] [info] [YOLO26][DET] above_0p2=3 after_nms=2 accepted=2 max_conf=0.7379 max_class=11 max_min_kpt=0.9930 refined_color=1 color_score=-85.14 color_source=1
[DEBUG] armors=2, targets=1
[2026-09-05 23:00:18.248] [info] [XUC][FIRE] qualified after 40 ms, pixel error deg=(1.97,0.04) gyro=true face_error=1.75deg omega=-1.655rad_s armed=true
[2026-09-05 23:00:18.267] [info] [YOLO26][DET] above_0p2=3 after_nms=2 accepted=2 max_conf=0.7036 max_class=11 max_min_kpt=0.9843 refined_color=1 color_score=-79.97 color_source=1
[DEBUG] armors=2, targets=1
[2026-09-05 23:00:18.269] [info] [XUC][FIRE] stable window reset
[2026-09-05 23:00:18.288] [info] [YOLO26][DET] above_0p2=2 after_nms=2 accepted=2 max_conf=0.3339 max_class=10 max_min_kpt=0.9789 refined_color=1 color_score=-66.85 color_source=1
[DEBUG] armors=2, targets=1
[2026-09-05 23:00:18.290] [info] [DRYRUN] measured_gimbal=(3.807,0.371,0.050) measured_world=(3.729,0.852,0.041) tracked_world=(4.140,0.442,0.042) target_gimbal_deg=(5.57,0.75) target_world_deg=(12.88,0.62) gimbal_deg=(7.31,0.13) armor_y_px=540.7 pixel_error_deg=(1.75,0.02) ballistic=(range=nanm holdover=0.000m comp=0.00deg residual=0.02deg) q_wxyz=(0.997967,0.000073,0.001147,-0.063723) cmd_deg=(8.06,0.18) packed_pitch_deg=0.18 control=true shoot=false
[2026-09-05 23:00:18.308] [info] [YOLO26][DET] above_0p2=2 after_nms=2 accepted=2 max_conf=0.1528 max_class=11 max_min_kpt=0.9819 refined_color=1 color_score=-73.55 color_source=1
[DEBUG] armors=2, targets=1
[2026-09-05 23:00:18.327] [info] [YOLO26][DET] above_0p2=2 after_nms=2 accepted=2 max_conf=0.2965 max_class=10 max_min_kpt=0.9858 refined_color=1 color_score=-83.55 color_source=1
[DEBUG] armors=2, targets=1
[2026-09-05 23:00:18.347] [info] [YOLO26][DET] above_0p2=1 after_nms=1 accepted=1 max_conf=0.2446 max_class=10 max_min_kpt=0.9601 refined_color=1 color_score=-78.46 color_source=1
[DEBUG] armors=1, targets=1
[2026-09-05 23:00:18.366] [info] [YOLO26][DET] above_0p2=1 after_nms=1 accepted=1 max_conf=0.1533 max_class=10 max_min_kpt=0.9497 refined_color=1 color_score=-77.21 color_source=1
[DEBUG] armors=1, targets=1
[2026-09-05 23:00:18.385] [info] [YOLO26][DET] above_0p2=1 after_nms=1 accepted=1 max_conf=0.1842 max_class=10 max_min_kpt=0.9510 refined_color=1 color_score=-89.69 color_source=1
[DEBUG] armors=1, targets=1
[2026-09-05 23:00:18.405] [info] [YOLO26][DET] above_0p2=1 after_nms=1 accepted=1 max_conf=0.1028 max_class=8 max_min_kpt=0.9483 refined_color=1 color_score=-74.57 color_source=1
[DEBUG] armors=1, targets=1
[2026-09-05 23:00:18.425] [info] [YOLO26][DET] above_0p2=2 after_nms=1 accepted=1 max_conf=0.1456 max_class=8 max_min_kpt=0.9570 refined_color=1 color_score=-81.36 color_source=1
[DEBUG] armors=1, targets=1
[2026-09-05 23:00:18.446] [info] [YOLO26][DET] above_0p2=1 after_nms=1 accepted=1 max_conf=0.1011 max_class=10 max_min_kpt=0.9592 refined_color=1 color_score=-92.04 color_source=1
[DEBUG] armors=1, targets=1
[2026-09-05 23:00:18.465] [info] [YOLO26][DET] above_0p2=0 after_nms=0 accepted=0 max_conf=0.0947 max_class=10 max_min_kpt=0.0000 refined_color=-1 color_score=0.00 color_source=-1
[DEBUG] armors=0, targets=1
[2026-09-05 23:00:18.486] [info] [YOLO26][DET] above_0p2=0 after_nms=0 accepted=0 max_conf=0.0598 max_class=10 max_min_kpt=0.0000 refined_color=-1 color_score=0.00 color_source=-1
[DEBUG] armors=0, targets=1
[2026-09-05 23:00:18.505] [info] [YOLO26][DET] above_0p2=0 after_nms=0 accepted=0 max_conf=0.0502 max_class=10 max_min_kpt=0.0000 refined_color=-1 color_score=0.00 color_source=-1
[DEBUG] armors=0, targets=1
[2026-09-05 23:00:18.526] [info] [YOLO26][DET] above_0p2=0 after_nms=0 accepted=0 max_conf=0.0591 max_class=10 max_min_kpt=0.0000 refined_color=-1 color_score=0.00 color_source=-1
[DEBUG] armors=0, targets=1
[2026-09-05 23:00:18.545] [info] [YOLO26][DET] above_0p2=1 after_nms=1 accepted=1 max_conf=0.1547 max_class=10 max_min_kpt=0.9386 refined_color=1 color_score=-66.16 color_source=1
[DEBUG] armors=1, targets=1
[2026-09-05 23:00:18.565] [info] [YOLO26][DET] above_0p2=2 after_nms=1 accepted=1 max_conf=0.2109 max_class=8 max_min_kpt=0.9524 refined_color=1 color_score=-91.84 color_source=1
[DEBUG] armors=1, targets=1
[2026-09-05 23:00:18.584] [info] [YOLO26][DET] above_0p2=1 after_nms=1 accepted=1 max_conf=0.1850 max_class=8 max_min_kpt=0.9463 refined_color=1 color_score=-74.03 color_source=1
[DEBUG] armors=1, targets=1
[2026-09-05 23:00:18.604] [info] [YOLO26][DET] above_0p2=0 after_nms=0 accepted=0 max_conf=0.0378 max_class=8 max_min_kpt=0.0000 refined_color=-1 color_score=0.00 color_source=-1
[DEBUG] armors=0, targets=1
[2026-09-05 23:00:18.623] [info] [YOLO26][DET] above_0p2=0 after_nms=0 accepted=0 max_conf=0.0477 max_class=8 max_min_kpt=0.0000 refined_color=-1 color_score=0.00 color_source=-1
[DEBUG] armors=0, targets=1
[2026-09-05 23:00:18.642] [info] [YOLO26][DET] above_0p2=1 after_nms=1 accepted=1 max_conf=0.1073 max_class=8 max_min_kpt=0.9466 refined_color=1 color_score=-74.16 color_source=1
[2026-09-05 23:00:18.644] [info] [XUC][GYRO] center_follow=false tracker=lost omega=+0.000rad_s radius=0.000m
[DEBUG] armors=1, targets=0
[2026-09-05 23:00:18.662] [info] [YOLO26][DET] above_0p2=0 after_nms=0 accepted=0 max_conf=0.0959 max_class=8 max_min_kpt=0.0000 refined_color=-1 color_score=0.00 color_source=-1
[DEBUG] armors=0, targets=0
[2026-09-05 23:00:18.666] [info] [SYNC][XUC] mode=0 yaw=-7.31 deg pitch=0.13 deg feeder_rpm=-4.00 wheel0_rpm=0 wheel1_rpm=0 wheel_delta=0 projectile_speed=19.36 gate=0x1E switch=0 rc=1 sticks=1 imu=1 serial=1 control=0 yaw_armed=0 pitch_active=0
[2026-09-05 23:00:18.682] [info] [YOLO26][DET] above_0p2=1 after_nms=1 accepted=1 max_conf=0.2484 max_class=8 max_min_kpt=0.9481 refined_color=1 color_score=-77.80 color_source=1
[2026-09-05 23:00:18.686] [info] [YOLO26] ==================== Performance ====================
[2026-09-05 23:00:18.686] [info] [YOLO26] Preprocess:  1.221 ms (6.2%)
[2026-09-05 23:00:18.686] [info] [YOLO26] Inference:   14.536 ms (73.2%)
[2026-09-05 23:00:18.686] [info] [YOLO26] Postprocess: 4.093 ms (20.6%)
[2026-09-05 23:00:18.686] [info] [YOLO26] Total:       19.850 ms (50.4 FPS)
[2026-09-05 23:00:18.686] [info] [YOLO26] ======================================================
[DEBUG] armors=1, targets=1
[2026-09-05 23:00:18.686] [info] [DRYRUN] measured_gimbal=(4.163,0.173,0.051) measured_world=(4.107,0.701,0.042) tracked_world=(4.107,0.701,0.042) target_gimbal_deg=(2.38,0.70) target_world_deg=(9.69,0.57) gimbal_deg=(7.31,0.13) armor_y_px=540.4 pixel_error_deg=(-1.39,0.01) ballistic=(range=nanm holdover=0.000m comp=0.00deg residual=0.01deg) q_wxyz=(0.997967,0.000073,0.001147,-0.063723) cmd_deg=(9.21,0.14) packed_pitch_deg=0.14 control=true shoot=false
[2026-09-05 23:00:18.691] [info] [PERF] 总耗时=25.0ms (检测=19.9ms, 跟踪=0.5ms), FPS=40.1
[2026-09-05 23:00:18.691] [info] 📊 [CAMERA FPS] 瞬时帧率=40.0fps, 平均帧率=50.5fps, 总帧数=1200, 运行时间=23.8s
[2026-09-05 23:00:18.705] [info] [YOLO26][DET] above_0p2=1 after_nms=1 accepted=1 max_conf=0.1549 max_class=8 max_min_kpt=0.9601 refined_color=1 color_score=-76.26 color_source=1
[DEBUG] armors=1, targets=1
[2026-09-05 23:00:18.723] [info] [YOLO26][DET] above_0p2=0 after_nms=0 accepted=0 max_conf=0.0784 max_class=10 max_min_kpt=0.0000 refined_color=-1 color_score=0.00 color_source=-1
[DEBUG] armors=0, targets=0
[2026-09-05 23:00:18.744] [info] [YOLO26][DET] above_0p2=2 after_nms=1 accepted=1 max_conf=0.1173 max_class=8 max_min_kpt=0.9949 refined_color=1 color_score=-65.94 color_source=1
[DEBUG] armors=1, targets=1
[2026-09-05 23:00:18.762] [info] [YOLO26][DET] above_0p2=0 after_nms=0 accepted=0 max_conf=0.0604 max_class=8 max_min_kpt=0.0000 refined_color=-1 color_score=0.00 color_source=-1
[DEBUG] armors=0, targets=0
[2026-09-05 23:00:18.781] [info] [YOLO26][DET] above_0p2=0 after_nms=0 accepted=0 max_conf=0.0654 max_class=8 max_min_kpt=0.0000 refined_color=-1 color_score=0.00 color_source=-1
[DEBUG] armors=0, targets=0
[2026-09-05 23:00:18.800] [info] [YOLO26][DET] above_0p2=1 after_nms=1 accepted=1 max_conf=0.3614 max_class=11 max_min_kpt=0.9955 refined_color=1 color_score=-87.87 color_source=1
[DEBUG] armors=1, targets=1
[2026-09-05 23:00:18.823] [info] [YOLO26][DET] above_0p2=1 after_nms=1 accepted=1 max_conf=0.1284 max_class=11 max_min_kpt=0.9920 refined_color=1 color_score=-90.50 color_source=1
[DEBUG] armors=1, targets=1
[2026-09-05 23:00:18.843] [info] [YOLO26][DET] above_0p2=1 after_nms=1 accepted=1 max_conf=0.1300 max_class=11 max_min_kpt=0.9925 refined_color=1 color_score=-78.70 color_source=1
[DEBUG] armors=1, targets=1
[2026-09-05 23:00:18.863] [info] [YOLO26][DET] above_0p2=1 after_nms=1 accepted=1 max_conf=0.5086 max_class=11 max_min_kpt=0.9945 refined_color=1 color_score=-87.98 color_source=1
[DEBUG] armors=1, targets=1
[2026-09-05 23:00:18.883] [info] [YOLO26][DET] above_0p2=1 after_nms=1 accepted=1 max_conf=0.5573 max_class=11 max_min_kpt=0.9928 refined_color=1 color_score=-86.68 color_source=1
[2026-09-05 23:00:18.885] [info] [XUC][GYRO] center_follow=true tracker=tracking omega=-1.130rad_s radius=0.187m
[DEBUG] armors=1, targets=1
[2026-09-05 23:00:18.902] [info] [YOLO26][DET] above_0p2=1 after_nms=1 accepted=1 max_conf=0.1966 max_class=11 max_min_kpt=0.9910 refined_color=1 color_score=-81.60 color_source=1
[DEBUG] armors=1, targets=1
[2026-09-05 23:00:18.922] [info] [YOLO26][DET] above_0p2=2 after_nms=2 accepted=2 max_conf=0.3777 max_class=11 max_min_kpt=0.9943 refined_color=1 color_score=-88.41 color_source=1
[DEBUG] armors=2, targets=1
[2026-09-05 23:00:18.942] [info] [YOLO26][DET] above_0p2=2 after_nms=2 accepted=2 max_conf=0.3090 max_class=11 max_min_kpt=0.9926 refined_color=1 color_score=-88.40 color_source=1
[DEBUG] armors=2, targets=1
[2026-09-05 23:00:18.964] [info] [YOLO26][DET] above_0p2=2 after_nms=2 accepted=2 max_conf=0.4289 max_class=11 max_min_kpt=0.9913 refined_color=1 color_score=-84.10 color_source=1
[DEBUG] armors=2, targets=1
[2026-09-05 23:00:18.985] [info] [YOLO26][DET] above_0p2=0 after_nms=0 accepted=0 max_conf=0.0589 max_class=11 max_min_kpt=0.0000 refined_color=-1 color_score=0.00 color_source=-1
[DEBUG] armors=0, targets=1
[2026-09-05 23:00:19.004] [info] [YOLO26][DET] above_0p2=2 after_nms=2 accepted=2 max_conf=0.4069 max_class=11 max_min_kpt=0.9916 refined_color=1 color_score=-92.21 color_source=1
[DEBUG] armors=2, targets=1
[2026-09-05 23:00:19.025] [info] [YOLO26][DET] above_0p2=2 after_nms=2 accepted=2 max_conf=0.2698 max_class=11 max_min_kpt=0.9899 refined_color=1 color_score=-84.56 color_source=1
[DEBUG] armors=2, targets=1
[2026-09-05 23:00:19.046] [info] [YOLO26][DET] above_0p2=3 after_nms=2 accepted=2 max_conf=0.4581 max_class=11 max_min_kpt=0.9901 refined_color=1 color_score=-78.94 color_source=1
[DEBUG] armors=2, targets=1
[2026-09-05 23:00:19.066] [info] [YOLO26][DET] above_0p2=1 after_nms=1 accepted=1 max_conf=0.3829 max_class=11 max_min_kpt=0.9938 refined_color=1 color_score=-81.10 color_source=1
[DEBUG] armors=1, targets=1
[2026-09-05 23:00:19.087] [info] [YOLO26][DET] above_0p2=3 after_nms=2 accepted=2 max_conf=0.5472 max_class=11 max_min_kpt=0.9904 refined_color=1 color_score=-82.56 color_source=1
[DEBUG] armors=2, targets=1
[2026-09-05 23:00:19.090] [info] [XUC][FIRE] stable-window candidate started
[2026-09-05 23:00:19.090] [info] [DRYRUN] measured_gimbal=(3.700,-0.092,0.053) measured_world=(3.682,0.379,0.044) tracked_world=(3.739,0.820,0.045) target_gimbal_deg=(-1.43,0.81) target_world_deg=(5.88,0.68) gimbal_deg=(7.31,0.13) armor_y_px=540.2 pixel_error_deg=(2.33,0.01) ballistic=(range=nanm holdover=0.000m comp=0.00deg residual=0.01deg) q_wxyz=(0.997967,0.000073,0.001147,-0.063723) cmd_deg=(7.78,0.13) packed_pitch_deg=0.13 control=true shoot=false
[2026-09-05 23:00:19.109] [info] [YOLO26][DET] above_0p2=2 after_nms=2 accepted=2 max_conf=0.1689 max_class=11 max_min_kpt=0.9839 refined_color=1 color_score=-80.25 color_source=1
[DEBUG] armors=2, targets=1
[2026-09-05 23:00:19.128] [info] [YOLO26][DET] above_0p2=3 after_nms=2 accepted=2 max_conf=0.4805 max_class=11 max_min_kpt=0.9906 refined_color=1 color_score=-81.37 color_source=1
[DEBUG] armors=2, targets=1
[2026-09-05 23:00:19.131] [info] [XUC][FIRE] qualified after 40 ms, pixel error deg=(2.10,-0.02) gyro=true face_error=7.88deg omega=-1.802rad_s armed=true
[2026-09-05 23:00:19.150] [info] [YOLO26][DET] above_0p2=3 after_nms=2 accepted=2 max_conf=0.4098 max_class=10 max_min_kpt=0.9955 refined_color=1 color_score=-68.96 color_source=1
[DEBUG] armors=2, targets=1
[2026-09-05 23:00:19.152] [info] [XUC][FIRE] stable window reset
[2026-09-05 23:00:19.171] [info] [YOLO26][DET] above_0p2=3 after_nms=3 accepted=3 max_conf=0.2845 max_class=11 max_min_kpt=0.9926 refined_color=1 color_score=-84.14 color_source=1
[DEBUG] armors=3, targets=1
[2026-09-05 23:00:19.191] [info] [YOLO26][DET] above_0p2=2 after_nms=1 accepted=1 max_conf=0.2777 max_class=10 max_min_kpt=0.9924 refined_color=1 color_score=-71.17 color_source=1
[DEBUG] armors=1, targets=1
[2026-09-05 23:00:19.212] [info] [YOLO26][DET] above_0p2=2 after_nms=1 accepted=1 max_conf=0.1324 max_class=10 max_min_kpt=0.9564 refined_color=1 color_score=-81.93 color_source=1
[DEBUG] armors=1, targets=1
[2026-09-05 23:00:19.230] [info] [YOLO26][DET] above_0p2=1 after_nms=1 accepted=1 max_conf=0.1129 max_class=10 max_min_kpt=0.9542 refined_color=1 color_score=-84.93 color_source=1
[DEBUG] armors=1, targets=1
[2026-09-05 23:00:19.249] [info] [YOLO26][DET] above_0p2=0 after_nms=0 accepted=0 max_conf=0.0844 max_class=11 max_min_kpt=0.0000 refined_color=-1 color_score=0.00 color_source=-1
[DEBUG] armors=0, targets=1
[2026-09-05 23:00:19.267] [info] [YOLO26][DET] above_0p2=1 after_nms=1 accepted=1 max_conf=0.1066 max_class=11 max_min_kpt=0.9933 refined_color=1 color_score=-91.03 color_source=1
[DEBUG] armors=1, targets=1
[2026-09-05 23:00:19.287] [info] [YOLO26][DET] above_0p2=0 after_nms=0 accepted=0 max_conf=0.0376 max_class=11 max_min_kpt=0.0000 refined_color=-1 color_score=0.00 color_source=-1
[DEBUG] armors=0, targets=1
[2026-09-05 23:00:19.306] [info] [YOLO26][DET] above_0p2=1 after_nms=1 accepted=1 max_conf=0.1270 max_class=8 max_min_kpt=0.9588 refined_color=1 color_score=-89.05 color_source=1
[DEBUG] armors=1, targets=1
[2026-09-05 23:00:19.325] [info] [YOLO26][DET] above_0p2=0 after_nms=0 accepted=0 max_conf=0.0882 max_class=8 max_min_kpt=0.0000 refined_color=-1 color_score=0.00 color_source=-1
[DEBUG] armors=0, targets=1
[2026-09-05 23:00:19.344] [info] [YOLO26][DET] above_0p2=0 after_nms=0 accepted=0 max_conf=0.0407 max_class=8 max_min_kpt=0.0000 refined_color=-1 color_score=0.00 color_source=-1
[DEBUG] armors=0, targets=1
[2026-09-05 23:00:19.364] [info] [YOLO26][DET] above_0p2=1 after_nms=1 accepted=1 max_conf=0.1666 max_class=8 max_min_kpt=0.9588 refined_color=1 color_score=-100.98 color_source=1
[DEBUG] armors=1, targets=1
[2026-09-05 23:00:19.384] [info] [YOLO26][DET] above_0p2=0 after_nms=0 accepted=0 max_conf=0.0814 max_class=8 max_min_kpt=0.0000 refined_color=-1 color_score=0.00 color_source=-1
[DEBUG] armors=0, targets=1
[2026-09-05 23:00:19.403] [info] [YOLO26][DET] above_0p2=0 after_nms=0 accepted=0 max_conf=0.0352 max_class=8 max_min_kpt=0.0000 refined_color=-1 color_score=0.00 color_source=-1
[DEBUG] armors=0, targets=1
[2026-09-05 23:00:19.423] [info] [YOLO26][DET] above_0p2=0 after_nms=0 accepted=0 max_conf=0.0805 max_class=8 max_min_kpt=0.0000 refined_color=-1 color_score=0.00 color_source=-1
[DEBUG] armors=0, targets=1
[2026-09-05 23:00:19.444] [info] [YOLO26][DET] above_0p2=1 after_nms=1 accepted=1 max_conf=0.1565 max_class=8 max_min_kpt=0.9470 refined_color=1 color_score=-75.45 color_source=1
[DEBUG] armors=1, targets=1
[2026-09-05 23:00:19.463] [info] [YOLO26][DET] above_0p2=1 after_nms=1 accepted=1 max_conf=0.1104 max_class=8 max_min_kpt=0.9480 refined_color=1 color_score=-94.57 color_source=1
[DEBUG] armors=1, targets=1
[2026-09-05 23:00:19.482] [info] [YOLO26][DET] above_0p2=0 after_nms=0 accepted=0 max_conf=0.0911 max_class=8 max_min_kpt=0.0000 refined_color=-1 color_score=0.00 color_source=-1
[DEBUG] armors=0, targets=1
[2026-09-05 23:00:19.500] [info] [YOLO26][DET] above_0p2=0 after_nms=0 accepted=0 max_conf=0.0412 max_class=8 max_min_kpt=0.0000 refined_color=-1 color_score=0.00 color_source=-1
[DEBUG] armors=0, targets=1
[2026-09-05 23:00:19.520] [info] [YOLO26][DET] above_0p2=1 after_nms=1 accepted=1 max_conf=0.1036 max_class=8 max_min_kpt=0.9317 refined_color=1 color_score=-81.73 color_source=1
[DEBUG] armors=1, targets=1
[2026-09-05 23:00:19.540] [info] [YOLO26][DET] above_0p2=0 after_nms=0 accepted=0 max_conf=0.0555 max_class=11 max_min_kpt=0.0000 refined_color=-1 color_score=0.00 color_source=-1
[DEBUG] armors=0, targets=1
[2026-09-05 23:00:19.559] [info] [YOLO26][DET] above_0p2=2 after_nms=1 accepted=1 max_conf=0.2561 max_class=11 max_min_kpt=0.9964 refined_color=1 color_score=-80.06 color_source=1
[DEBUG] armors=1, targets=1
[2026-09-05 23:00:19.579] [info] [YOLO26][DET] above_0p2=0 after_nms=0 accepted=0 max_conf=0.0808 max_class=8 max_min_kpt=0.0000 refined_color=-1 color_score=0.00 color_source=-1
[DEBUG] armors=0, targets=1
[2026-09-05 23:00:19.599] [info] [YOLO26][DET] above_0p2=0 after_nms=0 accepted=0 max_conf=0.0968 max_class=8 max_min_kpt=0.0000 refined_color=-1 color_score=0.00 color_source=-1
[DEBUG] armors=0, targets=1
[2026-09-05 23:00:19.619] [info] [YOLO26][DET] above_0p2=1 after_nms=1 accepted=1 max_conf=0.1208 max_class=11 max_min_kpt=0.9919 refined_color=1 color_score=-77.31 color_source=1
[DEBUG] armors=1, targets=1
[2026-09-05 23:00:19.639] [info] [YOLO26][DET] above_0p2=0 after_nms=0 accepted=0 max_conf=0.0486 max_class=11 max_min_kpt=0.0000 refined_color=-1 color_score=0.00 color_source=-1
[DEBUG] armors=0, targets=1
[2026-09-05 23:00:19.661] [info] [YOLO26][DET] above_0p2=1 after_nms=1 accepted=1 max_conf=0.1062 max_class=11 max_min_kpt=0.9943 refined_color=1 color_score=-77.95 color_source=1
[DEBUG] armors=1, targets=1
[2026-09-05 23:00:19.667] [info] [SYNC][XUC] mode=0 yaw=-7.31 deg pitch=0.13 deg feeder_rpm=0.00 wheel0_rpm=0 wheel1_rpm=0 wheel_delta=0 projectile_speed=19.36 gate=0x1E switch=0 rc=1 sticks=1 imu=1 serial=1 control=0 yaw_armed=0 pitch_active=0
[2026-09-05 23:00:19.681] [info] [YOLO26][DET] above_0p2=1 after_nms=1 accepted=1 max_conf=0.1831 max_class=11 max_min_kpt=0.9891 refined_color=1 color_score=-75.19 color_source=1
[2026-09-05 23:00:19.684] [info] [YOLO26] ==================== Performance ====================
[2026-09-05 23:00:19.684] [info] [YOLO26] Preprocess:  1.152 ms (6.6%)
[2026-09-05 23:00:19.684] [info] [YOLO26] Inference:   12.369 ms (71.3%)
[2026-09-05 23:00:19.684] [info] [YOLO26] Postprocess: 3.819 ms (22.0%)
[2026-09-05 23:00:19.684] [info] [YOLO26] Total:       17.341 ms (57.7 FPS)
[2026-09-05 23:00:19.684] [info] [YOLO26] ======================================================
[DEBUG] armors=1, targets=1
[2026-09-05 23:00:19.687] [info] [PERF] 总耗时=20.5ms (检测=17.4ms, 跟踪=0.5ms), FPS=48.9
[2026-09-05 23:00:19.687] [info] 📊 [CAMERA FPS] 瞬时帧率=48.8fps, 平均帧率=50.5fps, 总帧数=1250, 运行时间=24.8s
[2026-09-05 23:00:19.702] [info] [YOLO26][DET] above_0p2=1 after_nms=1 accepted=1 max_conf=0.2680 max_class=11 max_min_kpt=0.9916 refined_color=1 color_score=-76.76 color_source=1
[DEBUG] armors=1, targets=1
[2026-09-05 23:00:19.722] [info] [YOLO26][DET] above_0p2=2 after_nms=1 accepted=1 max_conf=0.3916 max_class=11 max_min_kpt=0.9939 refined_color=1 color_score=-81.59 color_source=1
[DEBUG] armors=1, targets=1
[2026-09-05 23:00:19.742] [info] [YOLO26][DET] above_0p2=1 after_nms=1 accepted=1 max_conf=0.2193 max_class=11 max_min_kpt=0.9889 refined_color=1 color_score=-81.19 color_source=1
[DEBUG] armors=1, targets=1
[2026-09-05 23:00:19.763] [info] [YOLO26][DET] above_0p2=1 after_nms=1 accepted=1 max_conf=0.1801 max_class=10 max_min_kpt=0.9504 refined_color=1 color_score=-78.93 color_source=1
[DEBUG] armors=1, targets=1
[2026-09-05 23:00:19.783] [info] [YOLO26][DET] above_0p2=2 after_nms=2 accepted=2 max_conf=0.3318 max_class=11 max_min_kpt=0.9936 refined_color=1 color_score=-75.77 color_source=1
[DEBUG] armors=2, targets=1
[2026-09-05 23:00:19.804] [info] [YOLO26][DET] above_0p2=2 after_nms=2 accepted=2 max_conf=0.4381 max_class=11 max_min_kpt=0.9861 refined_color=1 color_score=-81.15 color_source=1
[DEBUG] armors=2, targets=1
[2026-09-05 23:00:19.822] [info] [YOLO26][DET] above_0p2=1 after_nms=1 accepted=1 max_conf=0.5500 max_class=11 max_min_kpt=0.9870 refined_color=1 color_score=-87.93 color_source=1
[DEBUG] armors=1, targets=1
[2026-09-05 23:00:19.845] [info] [YOLO26][DET] above_0p2=1 after_nms=1 accepted=1 max_conf=0.1064 max_class=14 max_min_kpt=0.9808 refined_color=1 color_score=-85.72 color_source=1
[DEBUG] armors=1, targets=1
[2026-09-05 23:00:19.847] [info] [XUC][FIRE] stable-window candidate started
[2026-09-05 23:00:19.864] [info] [YOLO26][DET] above_0p2=1 after_nms=1 accepted=1 max_conf=0.1740 max_class=11 max_min_kpt=0.9770 refined_color=1 color_score=-83.36 color_source=1
[DEBUG] armors=1, targets=1
[2026-09-05 23:00:19.884] [info] [YOLO26][DET] above_0p2=2 after_nms=2 accepted=2 max_conf=0.3145 max_class=11 max_min_kpt=0.9863 refined_color=1 color_score=-79.42 color_source=1
[DEBUG] armors=2, targets=1
[2026-09-05 23:00:19.886] [info] [XUC][FIRE] stable window reset
[2026-09-05 23:00:19.886] [info] [DRYRUN] measured_gimbal=(3.671,0.318,0.058) measured_world=(3.601,0.782,0.049) tracked_world=(4.013,0.855,0.040) target_gimbal_deg=(4.95,0.90) target_world_deg=(12.26,0.77) gimbal_deg=(7.31,0.13) armor_y_px=537.1 pixel_error_deg=(-4.05,-0.07) ballistic=(range=nanm holdover=0.000m comp=0.00deg residual=-0.07deg) q_wxyz=(0.997967,0.000073,0.001147,-0.063723) cmd_deg=(7.63,0.16) packed_pitch_deg=0.16 control=true shoot=false
[2026-09-05 23:00:19.905] [info] [YOLO26][DET] above_0p2=2 after_nms=2 accepted=2 max_conf=0.2467 max_class=11 max_min_kpt=0.9909 refined_color=1 color_score=-82.16 color_source=1
[DEBUG] armors=2, targets=1
[2026-09-05 23:00:19.907] [info] [XUC][FIRE] stable-window candidate started
[2026-09-05 23:00:19.925] [info] [YOLO26][DET] above_0p2=3 after_nms=2 accepted=2 max_conf=0.3308 max_class=11 max_min_kpt=0.9874 refined_color=1 color_score=-80.30 color_source=1
[DEBUG] armors=2, targets=1
[2026-09-05 23:00:19.946] [info] [YOLO26][DET] above_0p2=2 after_nms=2 accepted=2 max_conf=0.4871 max_class=11 max_min_kpt=0.9866 refined_color=1 color_score=-82.91 color_source=1
[DEBUG] armors=2, targets=1
[2026-09-05 23:00:19.949] [info] [XUC][FIRE] qualified after 40 ms, pixel error deg=(2.37,0.11) gyro=true face_error=0.02deg omega=-1.806rad_s armed=true
[2026-09-05 23:00:19.967] [info] [YOLO26][DET] above_0p2=2 after_nms=2 accepted=2 max_conf=0.2333 max_class=11 max_min_kpt=0.9853 refined_color=1 color_score=-91.32 color_source=1
[DEBUG] armors=2, targets=1
[2026-09-05 23:00:19.971] [info] [XUC][FIRE] stable window reset
[2026-09-05 23:00:19.987] [info] [YOLO26][DET] above_0p2=2 after_nms=2 accepted=2 max_conf=0.6165 max_class=11 max_min_kpt=0.9868 refined_color=1 color_score=-81.14 color_source=1
[DEBUG] armors=2, targets=1
[2026-09-05 23:00:20.006] [info] [YOLO26][DET] above_0p2=3 after_nms=3 accepted=3 max_conf=0.3078 max_class=10 max_min_kpt=0.9867 refined_color=1 color_score=-66.77 color_source=1
[DEBUG] armors=3, targets=1
[2026-09-05 23:00:20.026] [info] [YOLO26][DET] above_0p2=3 after_nms=2 accepted=2 max_conf=0.2304 max_class=11 max_min_kpt=0.9824 refined_color=1 color_score=-87.89 color_source=1
[DEBUG] armors=2, targets=1
[2026-09-05 23:00:20.047] [info] [YOLO26][DET] above_0p2=2 after_nms=2 accepted=2 max_conf=0.2923 max_class=10 max_min_kpt=0.9844 refined_color=1 color_score=-63.42 color_source=1
[DEBUG] armors=2, targets=1
[2026-09-05 23:00:20.068] [info] [YOLO26][DET] above_0p2=1 after_nms=1 accepted=1 max_conf=0.2289 max_class=11 max_min_kpt=0.9917 refined_color=1 color_score=-87.94 color_source=1
[DEBUG] armors=1, targets=1
[2026-09-05 23:00:20.088] [info] [YOLO26][DET] above_0p2=2 after_nms=2 accepted=2 max_conf=0.5035 max_class=14 max_min_kpt=0.9859 refined_color=1 color_score=-102.20 color_source=1
[DEBUG] armors=2, targets=1
[2026-09-05 23:00:20.107] [info] [YOLO26][DET] above_0p2=2 after_nms=1 accepted=1 max_conf=0.1443 max_class=10 max_min_kpt=0.9874 refined_color=1 color_score=-80.06 color_source=1
[DEBUG] armors=1, targets=1
[2026-09-05 23:00:20.127] [info] [YOLO26][DET] above_0p2=0 after_nms=0 accepted=0 max_conf=0.0413 max_class=10 max_min_kpt=0.0000 refined_color=-1 color_score=0.00 color_source=-1
[DEBUG] armors=0, targets=1
[2026-09-05 23:00:20.146] [info] [YOLO26][DET] above_0p2=0 after_nms=0 accepted=0 max_conf=0.0448 max_class=8 max_min_kpt=0.0000 refined_color=-1 color_score=0.00 color_source=-1
[DEBUG] armors=0, targets=1
[2026-09-05 23:00:20.164] [info] [YOLO26][DET] above_0p2=2 after_nms=1 accepted=1 max_conf=0.1777 max_class=11 max_min_kpt=0.9954 refined_color=1 color_score=-82.16 color_source=1
[DEBUG] armors=1, targets=1
[2026-09-05 23:00:20.186] [info] [YOLO26][DET] above_0p2=1 after_nms=1 accepted=1 max_conf=0.2432 max_class=11 max_min_kpt=0.9824 refined_color=1 color_score=-87.09 color_source=1
[DEBUG] armors=1, targets=1
[2026-09-05 23:00:20.206] [info] [YOLO26][DET] above_0p2=0 after_nms=0 accepted=0 max_conf=0.0931 max_class=8 max_min_kpt=0.0000 refined_color=-1 color_score=0.00 color_source=-1
[DEBUG] armors=0, targets=1
[2026-09-05 23:00:20.224] [info] [YOLO26][DET] above_0p2=1 after_nms=1 accepted=1 max_conf=0.1852 max_class=11 max_min_kpt=0.9905 refined_color=1 color_score=-80.93 color_source=1
[DEBUG] armors=1, targets=1
[2026-09-05 23:00:20.245] [info] [YOLO26][DET] above_0p2=0 after_nms=0 accepted=0 max_conf=0.0314 max_class=10 max_min_kpt=0.0000 refined_color=-1 color_score=0.00 color_source=-1
[DEBUG] armors=0, targets=1
[2026-09-05 23:00:20.264] [info] [YOLO26][DET] above_0p2=0 after_nms=0 accepted=0 max_conf=0.0882 max_class=8 max_min_kpt=0.0000 refined_color=-1 color_score=0.00 color_source=-1
[DEBUG] armors=0, targets=1
[2026-09-05 23:00:20.285] [info] [YOLO26][DET] above_0p2=2 after_nms=1 accepted=1 max_conf=0.1163 max_class=8 max_min_kpt=0.9407 refined_color=1 color_score=-78.01 color_source=1
[DEBUG] armors=1, targets=1
[2026-09-05 23:00:20.287] [info] [DRYRUN] measured_gimbal=(3.488,0.039,0.048) measured_world=(3.455,0.483,0.040) tracked_world=(4.141,0.703,0.039) target_gimbal_deg=(0.65,0.78) target_world_deg=(7.95,0.65) gimbal_deg=(7.31,0.13) armor_y_px=544.0 pixel_error_deg=(-0.32,0.10) ballistic=(range=nanm holdover=0.000m comp=0.00deg residual=0.10deg) q_wxyz=(0.997967,0.000073,0.001147,-0.063723) cmd_deg=(7.79,0.29) packed_pitch_deg=0.29 control=true shoot=false
[2026-09-05 23:00:20.305] [info] [YOLO26][DET] above_0p2=2 after_nms=1 accepted=1 max_conf=0.1858 max_class=8 max_min_kpt=0.9460 refined_color=1 color_score=-68.67 color_source=1
[DEBUG] armors=1, targets=1
[2026-09-05 23:00:20.324] [info] [YOLO26][DET] above_0p2=2 after_nms=1 accepted=1 max_conf=0.1591 max_class=8 max_min_kpt=0.9919 refined_color=1 color_score=-70.59 color_source=1
[DEBUG] armors=1, targets=1
[2026-09-05 23:00:20.344] [info] [YOLO26][DET] above_0p2=0 after_nms=0 accepted=0 max_conf=0.0516 max_class=8 max_min_kpt=0.0000 refined_color=-1 color_score=0.00 color_source=-1
[DEBUG] armors=0, targets=1
[2026-09-05 23:00:20.364] [info] [YOLO26][DET] above_0p2=0 after_nms=0 accepted=0 max_conf=0.0274 max_class=11 max_min_kpt=0.0000 refined_color=-1 color_score=0.00 color_source=-1
[DEBUG] armors=0, targets=1
[2026-09-05 23:00:20.381] [info] [YOLO26][DET] above_0p2=0 after_nms=0 accepted=0 max_conf=0.0910 max_class=8 max_min_kpt=0.0000 refined_color=-1 color_score=0.00 color_source=-1
[DEBUG] armors=0, targets=1
[2026-09-05 23:00:20.400] [info] [YOLO26][DET] above_0p2=0 after_nms=0 accepted=0 max_conf=0.0764 max_class=8 max_min_kpt=0.0000 refined_color=-1 color_score=0.00 color_source=-1
[DEBUG] armors=0, targets=1
[2026-09-05 23:00:20.420] [info] [YOLO26][DET] above_0p2=1 after_nms=1 accepted=1 max_conf=0.1655 max_class=8 max_min_kpt=0.9469 refined_color=1 color_score=-67.82 color_source=1
[DEBUG] armors=1, targets=1
[2026-09-05 23:00:20.438] [info] [YOLO26][DET] above_0p2=1 after_nms=1 accepted=1 max_conf=0.1124 max_class=10 max_min_kpt=0.9615 refined_color=1 color_score=-68.56 color_source=1
[DEBUG] armors=1, targets=1
[2026-09-05 23:00:20.458] [info] [YOLO26][DET] above_0p2=0 after_nms=0 accepted=0 max_conf=0.0519 max_class=8 max_min_kpt=0.0000 refined_color=-1 color_score=0.00 color_source=-1
[DEBUG] armors=0, targets=1
[2026-09-05 23:00:20.477] [info] [YOLO26][DET] above_0p2=0 after_nms=0 accepted=0 max_conf=0.0823 max_class=11 max_min_kpt=0.0000 refined_color=-1 color_score=0.00 color_source=-1
[DEBUG] armors=0, targets=1
[2026-09-05 23:00:20.496] [info] [YOLO26][DET] above_0p2=0 after_nms=0 accepted=0 max_conf=0.0922 max_class=8 max_min_kpt=0.0000 refined_color=-1 color_score=0.00 color_source=-1
[DEBUG] armors=0, targets=1
[2026-09-05 23:00:20.516] [info] [YOLO26][DET] above_0p2=0 after_nms=0 accepted=0 max_conf=0.0449 max_class=8 max_min_kpt=0.0000 refined_color=-1 color_score=0.00 color_source=-1
[DEBUG] armors=0, targets=1
[2026-09-05 23:00:20.536] [info] [YOLO26][DET] above_0p2=1 after_nms=1 accepted=1 max_conf=0.1056 max_class=11 max_min_kpt=0.9843 refined_color=1 color_score=-75.55 color_source=1
[DEBUG] armors=1, targets=1
[2026-09-05 23:00:20.556] [info] [YOLO26][DET] above_0p2=0 after_nms=0 accepted=0 max_conf=0.0233 max_class=8 max_min_kpt=0.0000 refined_color=-1 color_score=0.00 color_source=-1
[DEBUG] armors=0, targets=1
[2026-09-05 23:00:20.576] [info] [YOLO26][DET] above_0p2=1 after_nms=1 accepted=1 max_conf=0.1016 max_class=11 max_min_kpt=0.9946 refined_color=1 color_score=-83.22 color_source=1
[DEBUG] armors=1, targets=1
[2026-09-05 23:00:20.596] [info] [YOLO26][DET] above_0p2=1 after_nms=1 accepted=1 max_conf=0.2710 max_class=11 max_min_kpt=0.9849 refined_color=1 color_score=-77.90 color_source=1
[DEBUG] armors=1, targets=1
[2026-09-05 23:00:20.617] [info] [YOLO26][DET] above_0p2=1 after_nms=1 accepted=1 max_conf=0.1231 max_class=10 max_min_kpt=0.9566 refined_color=1 color_score=-85.68 color_source=1
[DEBUG] armors=1, targets=1
[2026-09-05 23:00:20.636] [info] [YOLO26][DET] above_0p2=2 after_nms=2 accepted=2 max_conf=0.1709 max_class=10 max_min_kpt=0.9582 refined_color=1 color_score=-75.40 color_source=1
[DEBUG] armors=2, targets=1
[2026-09-05 23:00:20.655] [info] [YOLO26][DET] above_0p2=1 after_nms=1 accepted=1 max_conf=0.1124 max_class=10 max_min_kpt=0.9683 refined_color=1 color_score=-81.01 color_source=1
[DEBUG] armors=1, targets=1
[2026-09-05 23:00:20.659] [info] [SYNC][XUC] mode=0 yaw=-7.31 deg pitch=0.13 deg feeder_rpm=0.00 wheel0_rpm=0 wheel1_rpm=0 wheel_delta=0 projectile_speed=19.36 gate=0x1E switch=0 rc=1 sticks=1 imu=1 serial=1 control=0 yaw_armed=0 pitch_active=0
[2026-09-05 23:00:20.674] [info] [YOLO26][DET] above_0p2=1 after_nms=1 accepted=1 max_conf=0.1340 max_class=10 max_min_kpt=0.9646 refined_color=1 color_score=-44.38 color_source=1
[2026-09-05 23:00:20.678] [info] [YOLO26] ==================== Performance ====================
[2026-09-05 23:00:20.678] [info] [YOLO26] Preprocess:  0.999 ms (5.4%)
[2026-09-05 23:00:20.678] [info] [YOLO26] Inference:   12.934 ms (70.1%)
[2026-09-05 23:00:20.678] [info] [YOLO26] Postprocess: 4.525 ms (24.5%)
[2026-09-05 23:00:20.678] [info] [YOLO26] Total:       18.459 ms (54.2 FPS)
[2026-09-05 23:00:20.678] [info] [YOLO26] ======================================================
[DEBUG] armors=1, targets=1
[2026-09-05 23:00:20.678] [info] [DRYRUN] measured_gimbal=(3.428,0.228,0.050) measured_world=(3.372,0.662,0.042) tracked_world=(3.999,0.450,0.044) target_gimbal_deg=(3.80,0.84) target_world_deg=(11.11,0.70) gimbal_deg=(7.31,0.13) armor_y_px=542.8 pixel_error_deg=(-3.45,0.07) ballistic=(range=nanm holdover=0.000m comp=0.00deg residual=0.07deg) q_wxyz=(0.997967,0.000073,0.001147,-0.063723) cmd_deg=(7.61,0.23) packed_pitch_deg=0.23 control=true shoot=false
[2026-09-05 23:00:20.681] [info] [PERF] 总耗时=21.5ms (检测=18.5ms, 跟踪=0.0ms), FPS=46.5
[2026-09-05 23:00:20.681] [info] 📊 [CAMERA FPS] 瞬时帧率=46.4fps, 平均帧率=50.5fps, 总帧数=1300, 运行时间=25.8s
[2026-09-05 23:00:20.695] [info] [YOLO26][DET] above_0p2=1 after_nms=1 accepted=1 max_conf=0.5514 max_class=11 max_min_kpt=0.9881 refined_color=1 color_score=-80.35 color_source=1
[DEBUG] armors=1, targets=1
[2026-09-05 23:00:20.715] [info] [YOLO26][DET] above_0p2=2 after_nms=1 accepted=1 max_conf=0.3352 max_class=11 max_min_kpt=0.9916 refined_color=1 color_score=-87.62 color_source=1
[DEBUG] armors=1, targets=1
[2026-09-05 23:00:20.737] [info] [YOLO26][DET] above_0p2=2 after_nms=2 accepted=2 max_conf=0.2395 max_class=11 max_min_kpt=0.9855 refined_color=1 color_score=-98.10 color_source=1
[DEBUG] armors=2, targets=1
[2026-09-05 23:00:20.756] [info] [YOLO26][DET] above_0p2=2 after_nms=2 accepted=2 max_conf=0.2381 max_class=11 max_min_kpt=0.9942 refined_color=1 color_score=-78.12 color_source=1
[DEBUG] armors=2, targets=1
[2026-09-05 23:00:20.778] [info] [YOLO26][DET] above_0p2=2 after_nms=2 accepted=2 max_conf=0.7148 max_class=11 max_min_kpt=0.9802 refined_color=1 color_score=-82.36 color_source=1
[DEBUG] armors=2, targets=1
[2026-09-05 23:00:20.797] [info] [YOLO26][DET] above_0p2=1 after_nms=1 accepted=1 max_conf=0.5241 max_class=11 max_min_kpt=0.9762 refined_color=1 color_score=-79.42 color_source=1
[DEBUG] armors=1, targets=1
[2026-09-05 23:00:20.815] [info] [YOLO26][DET] above_0p2=2 after_nms=2 accepted=2 max_conf=0.4172 max_class=11 max_min_kpt=0.9874 refined_color=1 color_score=-82.71 color_source=1
[DEBUG] armors=2, targets=1
[2026-09-05 23:00:20.818] [info] [XUC][FIRE] stable-window candidate started
[2026-09-05 23:00:20.836] [info] [YOLO26][DET] above_0p2=2 after_nms=2 accepted=2 max_conf=0.7050 max_class=11 max_min_kpt=0.9905 refined_color=1 color_score=-85.06 color_source=1
[DEBUG] armors=2, targets=1
[2026-09-05 23:00:20.856] [info] [YOLO26][DET] above_0p2=2 after_nms=2 accepted=2 max_conf=0.6752 max_class=11 max_min_kpt=0.9876 refined_color=1 color_score=-77.57 color_source=1
[DEBUG] armors=2, targets=1
[2026-09-05 23:00:20.859] [info] [XUC][FIRE] qualified after 34 ms, pixel error deg=(2.20,0.11) gyro=true face_error=0.60deg omega=-1.707rad_s armed=true
[2026-09-05 23:00:20.878] [info] [YOLO26][DET] above_0p2=3 after_nms=2 accepted=2 max_conf=0.4427 max_class=11 max_min_kpt=0.9925 refined_color=1 color_score=-75.76 color_source=1
[DEBUG] armors=2, targets=1
[2026-09-05 23:00:20.880] [info] [XUC][FIRE] stable window reset
[2026-09-05 23:00:20.898] [info] [YOLO26][DET] above_0p2=3 after_nms=2 accepted=2 max_conf=0.6503 max_class=11 max_min_kpt=0.9864 refined_color=1 color_score=-84.65 color_source=1
[DEBUG] armors=2, targets=1
[2026-09-05 23:00:20.919] [info] [YOLO26][DET] above_0p2=3 after_nms=2 accepted=2 max_conf=0.3700 max_class=10 max_min_kpt=0.9876 refined_color=1 color_score=-72.08 color_source=1
[DEBUG] armors=2, targets=1
[2026-09-05 23:00:20.940] [info] [YOLO26][DET] above_0p2=3 after_nms=2 accepted=2 max_conf=0.2828 max_class=10 max_min_kpt=0.9882 refined_color=1 color_score=-58.92 color_source=1
[DEBUG] armors=2, targets=1
[2026-09-05 23:00:20.960] [info] [YOLO26][DET] above_0p2=1 after_nms=1 accepted=1 max_conf=0.1781 max_class=11 max_min_kpt=0.9819 refined_color=1 color_score=-93.23 color_source=1
[DEBUG] armors=1, targets=1
[2026-09-05 23:00:20.980] [info] [YOLO26][DET] above_0p2=2 after_nms=1 accepted=1 max_conf=0.1068 max_class=11 max_min_kpt=0.9824 refined_color=1 color_score=-84.18 color_source=1
[DEBUG] armors=1, targets=1
[2026-09-05 23:00:20.998] [info] [YOLO26][DET] above_0p2=0 after_nms=0 accepted=0 max_conf=0.0915 max_class=10 max_min_kpt=0.0000 refined_color=-1 color_score=0.00 color_source=-1
[DEBUG] armors=0, targets=1
[2026-09-05 23:00:21.017] [info] [YOLO26][DET] above_0p2=1 after_nms=1 accepted=1 max_conf=0.1519 max_class=11 max_min_kpt=0.9845 refined_color=1 color_score=-92.50 color_source=1
[DEBUG] armors=1, targets=1
[2026-09-05 23:00:21.038] [info] [YOLO26][DET] above_0p2=1 after_nms=1 accepted=1 max_conf=0.1892 max_class=11 max_min_kpt=0.9858 refined_color=1 color_score=-90.74 color_source=1
[DEBUG] armors=1, targets=1
[2026-09-05 23:00:21.058] [info] [YOLO26][DET] above_0p2=2 after_nms=1 accepted=1 max_conf=0.1305 max_class=8 max_min_kpt=0.9898 refined_color=1 color_score=-85.38 color_source=1
[DEBUG] armors=1, targets=1
[2026-09-05 23:00:21.077] [info] [YOLO26][DET] above_0p2=0 after_nms=0 accepted=0 max_conf=0.0879 max_class=8 max_min_kpt=0.0000 refined_color=-1 color_score=0.00 color_source=-1
[DEBUG] armors=0, targets=1
[2026-09-05 23:00:21.097] [info] [YOLO26][DET] above_0p2=1 after_nms=1 accepted=1 max_conf=0.1175 max_class=8 max_min_kpt=0.9586 refined_color=1 color_score=-77.89 color_source=1
[DEBUG] armors=1, targets=1
[2026-09-05 23:00:21.117] [info] [YOLO26][DET] above_0p2=1 after_nms=1 accepted=1 max_conf=0.1098 max_class=8 max_min_kpt=0.9637 refined_color=1 color_score=-86.16 color_source=1
[DEBUG] armors=1, targets=1
[2026-09-05 23:00:21.137] [info] [YOLO26][DET] above_0p2=1 after_nms=1 accepted=1 max_conf=0.1105 max_class=10 max_min_kpt=0.9624 refined_color=1 color_score=-78.31 color_source=1
[DEBUG] armors=1, targets=1
[2026-09-05 23:00:21.157] [info] [YOLO26][DET] above_0p2=0 after_nms=0 accepted=0 max_conf=0.0576 max_class=10 max_min_kpt=0.0000 refined_color=-1 color_score=0.00 color_source=-1
[DEBUG] armors=0, targets=1
[2026-09-05 23:00:21.177] [info] [YOLO26][DET] above_0p2=1 after_nms=1 accepted=1 max_conf=0.1171 max_class=10 max_min_kpt=0.9427 refined_color=1 color_score=-77.60 color_source=1
[DEBUG] armors=1, targets=1
[2026-09-05 23:00:21.197] [info] [YOLO26][DET] above_0p2=1 after_nms=1 accepted=1 max_conf=0.1015 max_class=10 max_min_kpt=0.9438 refined_color=1 color_score=-82.04 color_source=1
[DEBUG] armors=1, targets=1
[2026-09-05 23:00:21.216] [info] [YOLO26][DET] above_0p2=2 after_nms=1 accepted=1 max_conf=0.1394 max_class=8 max_min_kpt=0.9884 refined_color=1 color_score=-65.29 color_source=1
[DEBUG] armors=1, targets=1
[2026-09-05 23:00:21.235] [info] [YOLO26][DET] above_0p2=0 after_nms=0 accepted=0 max_conf=0.0527 max_class=10 max_min_kpt=0.0000 refined_color=-1 color_score=0.00 color_source=-1
[DEBUG] armors=0, targets=1
[2026-09-05 23:00:21.254] [info] [YOLO26][DET] above_0p2=0 after_nms=0 accepted=0 max_conf=0.0186 max_class=11 max_min_kpt=0.0000 refined_color=-1 color_score=0.00 color_source=-1
[DEBUG] armors=0, targets=1
[2026-09-05 23:00:21.274] [info] [YOLO26][DET] above_0p2=1 after_nms=1 accepted=1 max_conf=0.3352 max_class=11 max_min_kpt=0.9901 refined_color=1 color_score=-67.22 color_source=1
[DEBUG] armors=1, targets=1
[2026-09-05 23:00:21.294] [info] [YOLO26][DET] above_0p2=0 after_nms=0 accepted=0 max_conf=0.0153 max_class=11 max_min_kpt=0.0000 refined_color=-1 color_score=0.00 color_source=-1
[DEBUG] armors=0, targets=1
[2026-09-05 23:00:21.314] [info] [YOLO26][DET] above_0p2=1 after_nms=1 accepted=1 max_conf=0.1910 max_class=11 max_min_kpt=0.9956 refined_color=1 color_score=-65.70 color_source=1
[DEBUG] armors=1, targets=1
[2026-09-05 23:00:21.335] [info] [YOLO26][DET] above_0p2=1 after_nms=1 accepted=1 max_conf=0.1046 max_class=8 max_min_kpt=0.9625 refined_color=1 color_score=-86.39 color_source=1
[DEBUG] armors=1, targets=1
[2026-09-05 23:00:21.354] [info] [YOLO26][DET] above_0p2=0 after_nms=0 accepted=0 max_conf=0.0953 max_class=8 max_min_kpt=0.0000 refined_color=-1 color_score=0.00 color_source=-1
[DEBUG] armors=0, targets=1
[2026-09-05 23:00:21.375] [info] [YOLO26][DET] above_0p2=2 after_nms=1 accepted=1 max_conf=0.2985 max_class=11 max_min_kpt=0.9943 refined_color=1 color_score=-75.18 color_source=1
[DEBUG] armors=1, targets=1
[2026-09-05 23:00:21.395] [info] [YOLO26][DET] above_0p2=1 after_nms=1 accepted=1 max_conf=0.1517 max_class=11 max_min_kpt=0.9825 refined_color=1 color_score=-88.70 color_source=1
[DEBUG] armors=1, targets=1
[2026-09-05 23:00:21.414] [info] [YOLO26][DET] above_0p2=1 after_nms=1 accepted=1 max_conf=0.3791 max_class=11 max_min_kpt=0.9967 refined_color=1 color_score=-99.14 color_source=1
[DEBUG] armors=1, targets=1
[2026-09-05 23:00:21.433] [info] [YOLO26][DET] above_0p2=1 after_nms=1 accepted=1 max_conf=0.3258 max_class=11 max_min_kpt=0.9887 refined_color=1 color_score=-86.33 color_source=1
[DEBUG] armors=1, targets=1
[2026-09-05 23:00:21.454] [info] [YOLO26][DET] above_0p2=1 after_nms=1 accepted=1 max_conf=0.1488 max_class=11 max_min_kpt=0.9839 refined_color=1 color_score=-96.94 color_source=1
[DEBUG] armors=1, targets=1
[2026-09-05 23:00:21.474] [info] [YOLO26][DET] above_0p2=1 after_nms=1 accepted=1 max_conf=0.4604 max_class=11 max_min_kpt=0.9948 refined_color=1 color_score=-91.03 color_source=1
[DEBUG] armors=1, targets=1
[2026-09-05 23:00:21.476] [info] [DRYRUN] measured_gimbal=(3.597,0.232,0.050) measured_world=(3.539,0.687,0.042) tracked_world=(3.711,0.298,0.039) target_gimbal_deg=(3.68,0.80) target_world_deg=(10.99,0.67) gimbal_deg=(7.31,0.13) armor_y_px=542.0 pixel_error_deg=(-2.80,0.05) ballistic=(range=nanm holdover=0.000m comp=0.00deg residual=0.05deg) q_wxyz=(0.997967,0.000073,0.001147,-0.063723) cmd_deg=(7.62,0.21) packed_pitch_deg=0.21 control=true shoot=false
[2026-09-05 23:00:21.494] [info] [YOLO26][DET] above_0p2=3 after_nms=2 accepted=2 max_conf=0.1597 max_class=11 max_min_kpt=0.9854 refined_color=1 color_score=-85.48 color_source=1
[DEBUG] armors=2, targets=1
[2026-09-05 23:00:21.514] [info] [YOLO26][DET] above_0p2=1 after_nms=1 accepted=1 max_conf=0.1043 max_class=10 max_min_kpt=0.9530 refined_color=1 color_score=-78.85 color_source=1
[DEBUG] armors=1, targets=1
[2026-09-05 23:00:21.535] [info] [YOLO26][DET] above_0p2=1 after_nms=1 accepted=1 max_conf=0.1463 max_class=10 max_min_kpt=0.9617 refined_color=1 color_score=-88.27 color_source=1
[DEBUG] armors=1, targets=1
[2026-09-05 23:00:21.554] [info] [YOLO26][DET] above_0p2=0 after_nms=0 accepted=0 max_conf=0.0842 max_class=11 max_min_kpt=0.0000 refined_color=-1 color_score=0.00 color_source=-1
[DEBUG] armors=0, targets=1
[2026-09-05 23:00:21.573] [info] [YOLO26][DET] above_0p2=1 after_nms=1 accepted=1 max_conf=0.2791 max_class=14 max_min_kpt=0.9810 refined_color=1 color_score=-79.37 color_source=1
[DEBUG] armors=1, targets=1
[2026-09-05 23:00:21.592] [info] [YOLO26][DET] above_0p2=1 after_nms=1 accepted=1 max_conf=0.3390 max_class=11 max_min_kpt=0.9810 refined_color=1 color_score=-83.37 color_source=1
[DEBUG] armors=1, targets=1
[2026-09-05 23:00:21.594] [info] [XUC][FIRE] stable-window candidate started
[2026-09-05 23:00:21.612] [info] [YOLO26][DET] above_0p2=2 after_nms=1 accepted=1 max_conf=0.4154 max_class=11 max_min_kpt=0.9918 refined_color=1 color_score=-102.44 color_source=1
[DEBUG] armors=1, targets=1
[2026-09-05 23:00:21.614] [info] [XUC][FIRE] stable window reset
[2026-09-05 23:00:21.631] [info] [YOLO26][DET] above_0p2=2 after_nms=2 accepted=2 max_conf=0.2976 max_class=11 max_min_kpt=0.9796 refined_color=1 color_score=-86.33 color_source=1
[DEBUG] armors=2, targets=1
[2026-09-05 23:00:21.652] [info] [YOLO26][DET] above_0p2=3 after_nms=2 accepted=2 max_conf=0.2831 max_class=11 max_min_kpt=0.9958 refined_color=1 color_score=-79.89 color_source=1
[DEBUG] armors=2, targets=1
[2026-09-05 23:00:21.658] [info] [SYNC][XUC] mode=0 yaw=-7.31 deg pitch=0.13 deg feeder_rpm=0.00 wheel0_rpm=0 wheel1_rpm=0 wheel_delta=0 projectile_speed=19.36 gate=0x1E switch=0 rc=1 sticks=1 imu=1 serial=1 control=0 yaw_armed=0 pitch_active=0
[2026-09-05 23:00:21.671] [info] [YOLO26][DET] above_0p2=2 after_nms=2 accepted=2 max_conf=0.5817 max_class=11 max_min_kpt=0.9847 refined_color=1 color_score=-83.52 color_source=1
[2026-09-05 23:00:21.675] [info] [YOLO26] ==================== Performance ====================
[2026-09-05 23:00:21.675] [info] [YOLO26] Preprocess:  0.950 ms (5.6%)
[2026-09-05 23:00:21.675] [info] [YOLO26] Inference:   12.221 ms (71.8%)
[2026-09-05 23:00:21.675] [info] [YOLO26] Postprocess: 3.857 ms (22.6%)
[2026-09-05 23:00:21.675] [info] [YOLO26] Total:       17.029 ms (58.7 FPS)
[2026-09-05 23:00:21.675] [info] [YOLO26] ======================================================
[DEBUG] armors=2, targets=1
[2026-09-05 23:00:21.676] [info] [XUC][FIRE] stable-window candidate started
[2026-09-05 23:00:21.678] [info] [PERF] 总耗时=20.6ms (检测=17.1ms, 跟踪=0.8ms), FPS=48.4
[2026-09-05 23:00:21.678] [info] 📊 [CAMERA FPS] 瞬时帧率=48.4fps, 平均帧率=50.4fps, 总帧数=1350, 运行时间=26.8s
[2026-09-05 23:00:21.694] [info] [YOLO26][DET] above_0p2=3 after_nms=2 accepted=2 max_conf=0.5898 max_class=11 max_min_kpt=0.9877 refined_color=1 color_score=-82.51 color_source=1
[DEBUG] armors=2, targets=1
[2026-09-05 23:00:21.714] [info] [YOLO26][DET] above_0p2=2 after_nms=2 accepted=2 max_conf=0.5571 max_class=11 max_min_kpt=0.9799 refined_color=1 color_score=-78.30 color_source=1
[DEBUG] armors=2, targets=1
[2026-09-05 23:00:21.717] [info] [XUC][FIRE] qualified after 40 ms, pixel error deg=(2.12,0.04) gyro=true face_error=2.91deg omega=-1.668rad_s armed=true
[2026-09-05 23:00:21.734] [info] [YOLO26][DET] above_0p2=2 after_nms=2 accepted=2 max_conf=0.6686 max_class=11 max_min_kpt=0.9956 refined_color=1 color_score=-80.87 color_source=1
[DEBUG] armors=2, targets=1
[2026-09-05 23:00:21.737] [info] [XUC][FIRE] stable window reset
[2026-09-05 23:00:21.755] [info] [YOLO26][DET] above_0p2=2 after_nms=2 accepted=2 max_conf=0.7507 max_class=11 max_min_kpt=0.9866 refined_color=1 color_score=-81.44 color_source=1
[DEBUG] armors=2, targets=1
[2026-09-05 23:00:21.775] [info] [YOLO26][DET] above_0p2=2 after_nms=2 accepted=2 max_conf=0.5398 max_class=11 max_min_kpt=0.9836 refined_color=1 color_score=-82.40 color_source=1
[DEBUG] armors=2, targets=1
[2026-09-05 23:00:21.794] [info] [YOLO26][DET] above_0p2=3 after_nms=2 accepted=2 max_conf=0.3719 max_class=10 max_min_kpt=0.9927 refined_color=1 color_score=-74.13 color_source=1
[DEBUG] armors=2, targets=1
[2026-09-05 23:00:21.813] [info] [YOLO26][DET] above_0p2=2 after_nms=2 accepted=2 max_conf=0.2500 max_class=10 max_min_kpt=0.9827 refined_color=1 color_score=-82.17 color_source=1
[DEBUG] armors=2, targets=1
[2026-09-05 23:00:21.834] [info] [YOLO26][DET] above_0p2=1 after_nms=1 accepted=1 max_conf=0.2443 max_class=10 max_min_kpt=0.9581 refined_color=1 color_score=-82.27 color_source=1
[DEBUG] armors=1, targets=1
[2026-09-05 23:00:21.854] [info] [YOLO26][DET] above_0p2=1 after_nms=1 accepted=1 max_conf=0.1751 max_class=10 max_min_kpt=0.9543 refined_color=1 color_score=-88.53 color_source=1
[DEBUG] armors=1, targets=1
[2026-09-05 23:00:21.873] [info] [YOLO26][DET] above_0p2=1 after_nms=1 accepted=1 max_conf=0.1263 max_class=10 max_min_kpt=0.9505 refined_color=1 color_score=-80.32 color_source=1
[DEBUG] armors=1, targets=1
[2026-09-05 23:00:21.874] [info] [DRYRUN] measured_gimbal=(3.920,0.397,0.050) measured_world=(3.838,0.892,0.041) tracked_world=(3.735,0.462,0.038) target_gimbal_deg=(5.78,0.73) target_world_deg=(13.08,0.60) gimbal_deg=(7.31,0.13) armor_y_px=541.2 pixel_error_deg=(1.04,0.03) ballistic=(range=nanm holdover=0.000m comp=0.00deg residual=0.03deg) q_wxyz=(0.997967,0.000073,0.001147,-0.063723) cmd_deg=(8.03,0.16) packed_pitch_deg=0.16 control=true shoot=false
[2026-09-05 23:00:21.892] [info] [YOLO26][DET] above_0p2=0 after_nms=0 accepted=0 max_conf=0.0845 max_class=10 max_min_kpt=0.0000 refined_color=-1 color_score=0.00 color_source=-1
[DEBUG] armors=0, targets=1
[2026-09-05 23:00:21.914] [info] [YOLO26][DET] above_0p2=1 after_nms=1 accepted=1 max_conf=0.1010 max_class=10 max_min_kpt=0.9520 refined_color=1 color_score=-82.51 color_source=1
[DEBUG] armors=1, targets=1
[2026-09-05 23:00:21.934] [info] [YOLO26][DET] above_0p2=1 after_nms=1 accepted=1 max_conf=0.1327 max_class=8 max_min_kpt=0.9515 refined_color=1 color_score=-75.07 color_source=1
[DEBUG] armors=1, targets=1
[2026-09-05 23:00:21.954] [info] [YOLO26][DET] above_0p2=1 after_nms=1 accepted=1 max_conf=0.1017 max_class=10 max_min_kpt=0.9587 refined_color=1 color_score=-76.35 color_source=1
[DEBUG] armors=1, targets=1
[2026-09-05 23:00:21.972] [info] [YOLO26][DET] above_0p2=2 after_nms=1 accepted=1 max_conf=0.1728 max_class=8 max_min_kpt=0.9624 refined_color=1 color_score=-74.33 color_source=1
[DEBUG] armors=1, targets=1
[2026-09-05 23:00:21.991] [info] [YOLO26][DET] above_0p2=0 after_nms=0 accepted=0 max_conf=0.0535 max_class=10 max_min_kpt=0.0000 refined_color=-1 color_score=0.00 color_source=-1
[DEBUG] armors=0, targets=1
[2026-09-05 23:00:22.011] [info] [YOLO26][DET] above_0p2=0 after_nms=0 accepted=0 max_conf=0.0661 max_class=10 max_min_kpt=0.0000 refined_color=-1 color_score=0.00 color_source=-1
[DEBUG] armors=0, targets=1
[2026-09-05 23:00:22.029] [info] [YOLO26][DET] above_0p2=0 after_nms=0 accepted=0 max_conf=0.0758 max_class=10 max_min_kpt=0.0000 refined_color=-1 color_score=0.00 color_source=-1
[DEBUG] armors=0, targets=1
[2026-09-05 23:00:22.047] [info] [YOLO26][DET] above_0p2=1 after_nms=1 accepted=1 max_conf=0.1648 max_class=10 max_min_kpt=0.9509 refined_color=1 color_score=-81.91 color_source=1
[DEBUG] armors=1, targets=1
[2026-09-05 23:00:22.067] [info] [YOLO26][DET] above_0p2=1 after_nms=1 accepted=1 max_conf=0.1593 max_class=8 max_min_kpt=0.9480 refined_color=1 color_score=-62.55 color_source=1
[DEBUG] armors=1, targets=1
[2026-09-05 23:00:22.087] [info] [YOLO26][DET] above_0p2=1 after_nms=1 accepted=1 max_conf=0.2946 max_class=8 max_min_kpt=0.9456 refined_color=1 color_score=-85.41 color_source=1
[DEBUG] armors=1, targets=1
[2026-09-05 23:00:22.106] [info] [YOLO26][DET] above_0p2=0 after_nms=0 accepted=0 max_conf=0.0431 max_class=8 max_min_kpt=0.0000 refined_color=-1 color_score=0.00 color_source=-1
[DEBUG] armors=0, targets=1
[2026-09-05 23:00:22.126] [info] [YOLO26][DET] above_0p2=0 after_nms=0 accepted=0 max_conf=0.0329 max_class=8 max_min_kpt=0.0000 refined_color=-1 color_score=0.00 color_source=-1
[2026-09-05 23:00:22.127] [info] [XUC][GYRO] center_follow=false tracker=lost omega=+0.000rad_s radius=0.000m
[DEBUG] armors=0, targets=0
[2026-09-05 23:00:22.145] [info] [YOLO26][DET] above_0p2=1 after_nms=1 accepted=1 max_conf=0.1599 max_class=8 max_min_kpt=0.9426 refined_color=1 color_score=-90.24 color_source=1
[DEBUG] armors=1, targets=1
[2026-09-05 23:00:22.166] [info] [YOLO26][DET] above_0p2=1 after_nms=1 accepted=1 max_conf=0.1403 max_class=8 max_min_kpt=0.9399 refined_color=1 color_score=-70.91 color_source=1
[DEBUG] armors=1, targets=1
[2026-09-05 23:00:22.186] [info] [YOLO26][DET] above_0p2=1 after_nms=1 accepted=1 max_conf=0.1268 max_class=8 max_min_kpt=0.9507 refined_color=1 color_score=-79.07 color_source=1
[DEBUG] armors=1, targets=1
[2026-09-05 23:00:22.208] [info] [YOLO26][DET] above_0p2=1 after_nms=1 accepted=1 max_conf=0.1088 max_class=8 max_min_kpt=0.9655 refined_color=1 color_score=-67.78 color_source=1
[DEBUG] armors=1, targets=1
[2026-09-05 23:00:22.229] [info] [YOLO26][DET] above_0p2=0 after_nms=0 accepted=0 max_conf=0.0828 max_class=8 max_min_kpt=0.0000 refined_color=-1 color_score=0.00 color_source=-1
[DEBUG] armors=0, targets=0
[2026-09-05 23:00:22.247] [info] [YOLO26][DET] above_0p2=1 after_nms=1 accepted=1 max_conf=0.1060 max_class=8 max_min_kpt=0.9682 refined_color=1 color_score=-55.84 color_source=1
[DEBUG] armors=1, targets=1
[2026-09-05 23:00:22.266] [info] [YOLO26][DET] above_0p2=0 after_nms=0 accepted=0 max_conf=0.0515 max_class=8 max_min_kpt=0.0000 refined_color=-1 color_score=0.00 color_source=-1
[DEBUG] armors=0, targets=0
[2026-09-05 23:00:22.268] [info] [DRYRUN] target=none gimbal_deg=(7.31,0.13) control=true shoot=false
[2026-09-05 23:00:22.286] [info] [YOLO26][DET] above_0p2=1 after_nms=1 accepted=1 max_conf=0.1006 max_class=8 max_min_kpt=0.9524 refined_color=1 color_score=-77.58 color_source=1
[DEBUG] armors=1, targets=1
[2026-09-05 23:00:22.304] [info] [YOLO26][DET] above_0p2=1 after_nms=1 accepted=1 max_conf=0.2673 max_class=11 max_min_kpt=0.9935 refined_color=1 color_score=-89.99 color_source=1
[DEBUG] armors=1, targets=0
[2026-09-05 23:00:22.322] [info] [YOLO26][DET] above_0p2=1 after_nms=1 accepted=1 max_conf=0.1281 max_class=11 max_min_kpt=0.9932 refined_color=1 color_score=-85.76 color_source=1
[DEBUG] armors=1, targets=1
[2026-09-05 23:00:22.342] [info] [YOLO26][DET] above_0p2=1 after_nms=1 accepted=1 max_conf=0.1044 max_class=11 max_min_kpt=0.9921 refined_color=1 color_score=-81.81 color_source=1
[DEBUG] armors=1, targets=1
[2026-09-05 23:00:22.364] [info] [YOLO26][DET] above_0p2=1 after_nms=1 accepted=1 max_conf=0.5052 max_class=11 max_min_kpt=0.9946 refined_color=1 color_score=-90.08 color_source=1
[DEBUG] armors=1, targets=1
[2026-09-05 23:00:22.384] [info] [YOLO26][DET] above_0p2=1 after_nms=1 accepted=1 max_conf=0.4978 max_class=11 max_min_kpt=0.9923 refined_color=1 color_score=-86.70 color_source=1
[DEBUG] armors=1, targets=1
[2026-09-05 23:00:22.404] [info] [YOLO26][DET] above_0p2=1 after_nms=1 accepted=1 max_conf=0.1599 max_class=11 max_min_kpt=0.9913 refined_color=1 color_score=-88.97 color_source=1
[2026-09-05 23:00:22.406] [info] [XUC][GYRO] center_follow=true tracker=tracking omega=-1.243rad_s radius=0.172m
[DEBUG] armors=1, targets=1
[2026-09-05 23:00:22.423] [info] [YOLO26][DET] above_0p2=2 after_nms=2 accepted=2 max_conf=0.4330 max_class=11 max_min_kpt=0.9945 refined_color=1 color_score=-88.17 color_source=1
[DEBUG] armors=2, targets=1
[2026-09-05 23:00:22.445] [info] [YOLO26][DET] above_0p2=2 after_nms=2 accepted=2 max_conf=0.3532 max_class=11 max_min_kpt=0.9925 refined_color=1 color_score=-90.82 color_source=1
[DEBUG] armors=2, targets=1
[2026-09-05 23:00:22.465] [info] [YOLO26][DET] above_0p2=2 after_nms=2 accepted=2 max_conf=0.4435 max_class=11 max_min_kpt=0.9905 refined_color=1 color_score=-82.50 color_source=1
[DEBUG] armors=2, targets=1
[2026-09-05 23:00:22.485] [info] [YOLO26][DET] above_0p2=1 after_nms=1 accepted=1 max_conf=0.1205 max_class=11 max_min_kpt=0.9931 refined_color=1 color_score=-80.48 color_source=1
[DEBUG] armors=1, targets=1
[2026-09-05 23:00:22.505] [info] [YOLO26][DET] above_0p2=2 after_nms=2 accepted=2 max_conf=0.4255 max_class=11 max_min_kpt=0.9916 refined_color=1 color_score=-93.30 color_source=1
[DEBUG] armors=2, targets=1
[2026-09-05 23:00:22.525] [info] [YOLO26][DET] above_0p2=2 after_nms=2 accepted=2 max_conf=0.3061 max_class=11 max_min_kpt=0.9908 refined_color=1 color_score=-78.06 color_source=1
[DEBUG] armors=2, targets=1
[2026-09-05 23:00:22.546] [info] [YOLO26][DET] above_0p2=3 after_nms=2 accepted=2 max_conf=0.2441 max_class=11 max_min_kpt=0.9893 refined_color=1 color_score=-81.48 color_source=1
[DEBUG] armors=2, targets=1
[2026-09-05 23:00:22.566] [info] [YOLO26][DET] above_0p2=1 after_nms=1 accepted=1 max_conf=0.3618 max_class=11 max_min_kpt=0.9942 refined_color=1 color_score=-81.71 color_source=1
[DEBUG] armors=1, targets=1
[2026-09-05 23:00:22.587] [info] [YOLO26][DET] above_0p2=2 after_nms=2 accepted=2 max_conf=0.6993 max_class=11 max_min_kpt=0.9902 refined_color=1 color_score=-83.83 color_source=1
[DEBUG] armors=2, targets=1
[2026-09-05 23:00:22.607] [info] [YOLO26][DET] above_0p2=2 after_nms=2 accepted=2 max_conf=0.1331 max_class=11 max_min_kpt=0.9837 refined_color=1 color_score=-79.39 color_source=1
[DEBUG] armors=2, targets=1
[2026-09-05 23:00:22.610] [info] [XUC][FIRE] stable-window candidate started
[2026-09-05 23:00:22.628] [info] [YOLO26][DET] above_0p2=2 after_nms=2 accepted=2 max_conf=0.5992 max_class=11 max_min_kpt=0.9875 refined_color=1 color_score=-81.27 color_source=1
[DEBUG] armors=2, targets=1
[2026-09-05 23:00:22.647] [info] [YOLO26][DET] above_0p2=3 after_nms=2 accepted=2 max_conf=0.4479 max_class=11 max_min_kpt=0.9955 refined_color=1 color_score=-78.16 color_source=1
[DEBUG] armors=2, targets=1
[2026-09-05 23:00:22.649] [info] [XUC][FIRE] qualified after 40 ms, pixel error deg=(2.02,-0.02) gyro=true face_error=10.69deg omega=-1.845rad_s armed=true
[2026-09-05 23:00:22.652] [info] [SYNC][XUC] mode=0 yaw=-7.31 deg pitch=0.13 deg feeder_rpm=0.00 wheel0_rpm=0 wheel1_rpm=0 wheel_delta=0 projectile_speed=19.36 gate=0x1E switch=0 rc=1 sticks=1 imu=1 serial=1 control=0 yaw_armed=0 pitch_active=0
[2026-09-05 23:00:22.667] [info] [YOLO26][DET] above_0p2=3 after_nms=2 accepted=2 max_conf=0.3163 max_class=11 max_min_kpt=0.9925 refined_color=1 color_score=-80.09 color_source=1
[2026-09-05 23:00:22.671] [info] [YOLO26] ==================== Performance ====================
[2026-09-05 23:00:22.671] [info] [YOLO26] Preprocess:  1.022 ms (5.4%)
[2026-09-05 23:00:22.671] [info] [YOLO26] Inference:   13.839 ms (72.9%)
[2026-09-05 23:00:22.671] [info] [YOLO26] Postprocess: 4.115 ms (21.7%)
[2026-09-05 23:00:22.671] [info] [YOLO26] Total:       18.977 ms (52.7 FPS)
[2026-09-05 23:00:22.671] [info] [YOLO26] ======================================================
[DEBUG] armors=2, targets=1
[2026-09-05 23:00:22.672] [info] [XUC][FIRE] stable window reset
[2026-09-05 23:00:22.672] [info] [DRYRUN] measured_gimbal=(3.742,-0.094,0.053) measured_world=(3.724,0.383,0.044) tracked_world=(3.804,0.859,0.045) target_gimbal_deg=(-1.43,0.81) target_world_deg=(5.87,0.68) gimbal_deg=(7.31,0.13) armor_y_px=539.2 pixel_error_deg=(1.87,-0.02) ballistic=(range=nanm holdover=0.000m comp=0.00deg residual=-0.02deg) q_wxyz=(0.997967,0.000073,0.001147,-0.063723) cmd_deg=(7.95,0.10) packed_pitch_deg=0.10 control=true shoot=false
[2026-09-05 23:00:22.675] [info] [PERF] 总耗时=22.6ms (检测=19.0ms, 跟踪=0.5ms), FPS=44.2
[2026-09-05 23:00:22.675] [info] 📊 [CAMERA FPS] 瞬时帧率=44.1fps, 平均帧率=50.4fps, 总帧数=1400, 运行时间=27.8s
[2026-09-05 23:00:22.690] [info] [YOLO26][DET] above_0p2=3 after_nms=2 accepted=2 max_conf=0.2826 max_class=10 max_min_kpt=0.9889 refined_color=1 color_score=-65.52 color_source=1
[DEBUG] armors=2, targets=1
[2026-09-05 23:00:22.710] [info] [YOLO26][DET] above_0p2=1 after_nms=1 accepted=1 max_conf=0.1787 max_class=10 max_min_kpt=0.9571 refined_color=1 color_score=-76.59 color_source=1
[DEBUG] armors=1, targets=1
[2026-09-05 23:00:22.730] [info] [YOLO26][DET] above_0p2=1 after_nms=1 accepted=1 max_conf=0.1318 max_class=11 max_min_kpt=0.9912 refined_color=1 color_score=-82.21 color_source=1
[DEBUG] armors=1, targets=1
[2026-09-05 23:00:22.750] [info] [YOLO26][DET] above_0p2=0 after_nms=0 accepted=0 max_conf=0.0974 max_class=8 max_min_kpt=0.0000 refined_color=-1 color_score=0.00 color_source=-1
[DEBUG] armors=0, targets=1
[2026-09-05 23:00:22.769] [info] [YOLO26][DET] above_0p2=1 after_nms=1 accepted=1 max_conf=0.1066 max_class=8 max_min_kpt=0.9443 refined_color=1 color_score=-87.30 color_source=1
[DEBUG] armors=1, targets=1
[2026-09-05 23:00:22.788] [info] [YOLO26][DET] above_0p2=0 after_nms=0 accepted=0 max_conf=0.0317 max_class=11 max_min_kpt=0.0000 refined_color=-1 color_score=0.00 color_source=-1
[DEBUG] armors=0, targets=1
[2026-09-05 23:00:22.806] [info] [YOLO26][DET] above_0p2=1 after_nms=1 accepted=1 max_conf=0.1054 max_class=8 max_min_kpt=0.9541 refined_color=1 color_score=-88.05 color_source=1
[DEBUG] armors=1, targets=1
[2026-09-05 23:00:22.825] [info] [YOLO26][DET] above_0p2=0 after_nms=0 accepted=0 max_conf=0.0723 max_class=8 max_min_kpt=0.0000 refined_color=-1 color_score=0.00 color_source=-1
[DEBUG] armors=0, targets=1
[2026-09-05 23:00:22.845] [info] [YOLO26][DET] above_0p2=0 after_nms=0 accepted=0 max_conf=0.0732 max_class=8 max_min_kpt=0.0000 refined_color=-1 color_score=0.00 color_source=-1
[DEBUG] armors=0, targets=1
[2026-09-05 23:00:22.864] [info] [YOLO26][DET] above_0p2=1 after_nms=1 accepted=1 max_conf=0.1140 max_class=8 max_min_kpt=0.9599 refined_color=1 color_score=-70.16 color_source=1
[DEBUG] armors=1, targets=1
[2026-09-05 23:00:22.883] [info] [YOLO26][DET] above_0p2=0 after_nms=0 accepted=0 max_conf=0.0793 max_class=8 max_min_kpt=0.0000 refined_color=-1 color_score=0.00 color_source=-1
[DEBUG] armors=0, targets=1
[2026-09-05 23:00:22.902] [info] [YOLO26][DET] above_0p2=0 after_nms=0 accepted=0 max_conf=0.0612 max_class=8 max_min_kpt=0.0000 refined_color=-1 color_score=0.00 color_source=-1
[DEBUG] armors=0, targets=1
[2026-09-05 23:00:22.921] [info] [YOLO26][DET] above_0p2=0 after_nms=0 accepted=0 max_conf=0.0701 max_class=8 max_min_kpt=0.0000 refined_color=-1 color_score=0.00 color_source=-1
[DEBUG] armors=0, targets=1
[2026-09-05 23:00:22.941] [info] [YOLO26][DET] above_0p2=1 after_nms=1 accepted=1 max_conf=0.1216 max_class=8 max_min_kpt=0.9565 refined_color=1 color_score=-92.29 color_source=1
[DEBUG] armors=1, targets=1
[2026-09-05 23:00:22.960] [info] [YOLO26][DET] above_0p2=1 after_nms=1 accepted=1 max_conf=0.1398 max_class=8 max_min_kpt=0.9508 refined_color=1 color_score=-51.41 color_source=1
[DEBUG] armors=1, targets=1
[2026-09-05 23:00:22.983] [info] [YOLO26][DET] above_0p2=0 after_nms=0 accepted=0 max_conf=0.0653 max_class=8 max_min_kpt=0.0000 refined_color=-1 color_score=0.00 color_source=-1
[DEBUG] armors=0, targets=1
[2026-09-05 23:00:23.001] [info] [YOLO26][DET] above_0p2=0 after_nms=0 accepted=0 max_conf=0.0372 max_class=8 max_min_kpt=0.0000 refined_color=-1 color_score=0.00 color_source=-1
[DEBUG] armors=0, targets=1
[2026-09-05 23:00:23.021] [info] [YOLO26][DET] above_0p2=1 after_nms=1 accepted=1 max_conf=0.1090 max_class=8 max_min_kpt=0.9490 refined_color=1 color_score=-62.13 color_source=1
[DEBUG] armors=1, targets=1
[2026-09-05 23:00:23.041] [info] [YOLO26][DET] above_0p2=0 after_nms=0 accepted=0 max_conf=0.0604 max_class=8 max_min_kpt=0.0000 refined_color=-1 color_score=0.00 color_source=-1
[2026-09-05 23:00:23.043] [info] [XUC][GYRO] center_follow=false tracker=lost omega=+0.000rad_s radius=0.000m
[DEBUG] armors=0, targets=0
[2026-09-05 23:00:23.062] [info] [YOLO26][DET] above_0p2=2 after_nms=1 accepted=1 max_conf=0.1707 max_class=11 max_min_kpt=0.9943 refined_color=1 color_score=-79.81 color_source=1
[DEBUG] armors=1, targets=1
[2026-09-05 23:00:23.065] [info] [DRYRUN] measured_gimbal=(3.548,0.147,0.056) measured_world=(3.500,0.597,0.048) tracked_world=(3.500,0.597,0.048) target_gimbal_deg=(2.38,0.91) target_world_deg=(9.69,0.78) gimbal_deg=(7.31,0.13) armor_y_px=538.1 pixel_error_deg=(-1.51,-0.05) ballistic=(range=nanm holdover=0.000m comp=0.00deg residual=-0.05deg) q_wxyz=(0.997967,0.000073,0.001147,-0.063723) cmd_deg=(8.12,0.04) packed_pitch_deg=0.04 control=true shoot=false
[2026-09-05 23:00:23.081] [info] [YOLO26][DET] above_0p2=1 after_nms=1 accepted=1 max_conf=0.1078 max_class=8 max_min_kpt=0.9568 refined_color=1 color_score=-72.08 color_source=1
[DEBUG] armors=1, targets=0
[2026-09-05 23:00:23.100] [info] [YOLO26][DET] above_0p2=0 after_nms=0 accepted=0 max_conf=0.0985 max_class=8 max_min_kpt=0.0000 refined_color=-1 color_score=0.00 color_source=-1
[DEBUG] armors=0, targets=0
[2026-09-05 23:00:23.119] [info] [YOLO26][DET] above_0p2=1 after_nms=1 accepted=1 max_conf=0.1157 max_class=11 max_min_kpt=0.9913 refined_color=1 color_score=-69.71 color_source=1
[DEBUG] armors=1, targets=1
[2026-09-05 23:00:23.139] [info] [YOLO26][DET] above_0p2=0 after_nms=0 accepted=0 max_conf=0.0493 max_class=11 max_min_kpt=0.0000 refined_color=-1 color_score=0.00 color_source=-1
[DEBUG] armors=0, targets=0
[2026-09-05 23:00:23.159] [info] [YOLO26][DET] above_0p2=1 after_nms=1 accepted=1 max_conf=0.1430 max_class=11 max_min_kpt=0.9948 refined_color=1 color_score=-82.18 color_source=1
[DEBUG] armors=1, targets=1
[2026-09-05 23:00:23.179] [info] [YOLO26][DET] above_0p2=1 after_nms=1 accepted=1 max_conf=0.1973 max_class=11 max_min_kpt=0.9896 refined_color=1 color_score=-76.66 color_source=1
[DEBUG] armors=1, targets=1
[2026-09-05 23:00:23.199] [info] [YOLO26][DET] above_0p2=1 after_nms=1 accepted=1 max_conf=0.2907 max_class=11 max_min_kpt=0.9918 refined_color=1 color_score=-73.33 color_source=1
[DEBUG] armors=1, targets=1
[2026-09-05 23:00:23.220] [info] [YOLO26][DET] above_0p2=1 after_nms=1 accepted=1 max_conf=0.4026 max_class=11 max_min_kpt=0.9933 refined_color=1 color_score=-83.03 color_source=1
[DEBUG] armors=1, targets=1
[2026-09-05 23:00:23.240] [info] [YOLO26][DET] above_0p2=2 after_nms=1 accepted=1 max_conf=0.3086 max_class=11 max_min_kpt=0.9890 refined_color=1 color_score=-79.47 color_source=1
[2026-09-05 23:00:23.242] [info] [XUC][GYRO] center_follow=true tracker=tracking omega=-1.468rad_s radius=0.186m
[DEBUG] armors=1, targets=1
[2026-09-05 23:00:23.261] [info] [YOLO26][DET] above_0p2=2 after_nms=1 accepted=1 max_conf=0.1089 max_class=10 max_min_kpt=0.9554 refined_color=1 color_score=-89.07 color_source=1
[DEBUG] armors=1, targets=1
[2026-09-05 23:00:23.280] [info] [YOLO26][DET] above_0p2=1 after_nms=1 accepted=1 max_conf=0.3037 max_class=11 max_min_kpt=0.9822 refined_color=1 color_score=-71.68 color_source=1
[DEBUG] armors=1, targets=1
[2026-09-05 23:00:23.300] [info] [YOLO26][DET] above_0p2=2 after_nms=2 accepted=2 max_conf=0.5441 max_class=11 max_min_kpt=0.9877 refined_color=1 color_score=-89.12 color_source=1
[DEBUG] armors=2, targets=1
[2026-09-05 23:00:23.320] [info] [YOLO26][DET] above_0p2=3 after_nms=2 accepted=2 max_conf=0.5855 max_class=11 max_min_kpt=0.9897 refined_color=1 color_score=-92.41 color_source=1
[DEBUG] armors=2, targets=1
[2026-09-05 23:00:23.340] [info] [YOLO26][DET] above_0p2=2 after_nms=2 accepted=2 max_conf=0.2200 max_class=11 max_min_kpt=0.9914 refined_color=1 color_score=-88.74 color_source=1
[DEBUG] armors=2, targets=1
[2026-09-05 23:00:23.359] [info] [YOLO26][DET] above_0p2=3 after_nms=2 accepted=2 max_conf=0.2555 max_class=11 max_min_kpt=0.9855 refined_color=1 color_score=-79.09 color_source=1
[DEBUG] armors=2, targets=1
[2026-09-05 23:00:23.380] [info] [YOLO26][DET] above_0p2=2 after_nms=2 accepted=2 max_conf=0.4285 max_class=11 max_min_kpt=0.9884 refined_color=1 color_score=-82.48 color_source=1
[DEBUG] armors=2, targets=1
[2026-09-05 23:00:23.400] [info] [YOLO26][DET] above_0p2=3 after_nms=2 accepted=2 max_conf=0.3146 max_class=11 max_min_kpt=0.9930 refined_color=1 color_score=-77.71 color_source=1
[DEBUG] armors=2, targets=1
[2026-09-05 23:00:23.421] [info] [YOLO26][DET] above_0p2=2 after_nms=2 accepted=2 max_conf=0.4119 max_class=11 max_min_kpt=0.9869 refined_color=1 color_score=-81.21 color_source=1
[DEBUG] armors=2, targets=1
[2026-09-05 23:00:23.440] [info] [YOLO26][DET] above_0p2=2 after_nms=2 accepted=2 max_conf=0.3237 max_class=11 max_min_kpt=0.9836 refined_color=1 color_score=-75.57 color_source=1
[DEBUG] armors=2, targets=1
[2026-09-05 23:00:23.461] [info] [YOLO26][DET] above_0p2=2 after_nms=2 accepted=2 max_conf=0.5730 max_class=11 max_min_kpt=0.9863 refined_color=1 color_score=-69.92 color_source=1
[DEBUG] armors=2, targets=1
[2026-09-05 23:00:23.464] [info] [DRYRUN] measured_gimbal=(3.666,0.346,0.057) measured_world=(3.593,0.809,0.049) tracked_world=(3.642,0.818,0.049) target_gimbal_deg=(5.39,0.89) target_world_deg=(12.70,0.76) gimbal_deg=(7.31,0.13) armor_y_px=537.3 pixel_error_deg=(-4.50,-0.07) ballistic=(range=nanm holdover=0.000m comp=0.00deg residual=-0.07deg) q_wxyz=(0.997967,0.000073,0.001147,-0.063723) cmd_deg=(8.03,0.02) packed_pitch_deg=0.02 control=true shoot=false
[2026-09-05 23:00:23.482] [info] [YOLO26][DET] above_0p2=3 after_nms=3 accepted=3 max_conf=0.5745 max_class=11 max_min_kpt=0.9898 refined_color=1 color_score=-79.09 color_source=1
[DEBUG] armors=3, targets=1
[2026-09-05 23:00:23.484] [info] [XUC][FIRE] stable-window candidate started
[2026-09-05 23:00:23.503] [info] [YOLO26][DET] above_0p2=3 after_nms=3 accepted=3 max_conf=0.3660 max_class=11 max_min_kpt=0.9878 refined_color=1 color_score=-73.71 color_source=1
[DEBUG] armors=3, targets=1
[2026-09-05 23:00:23.523] [info] [YOLO26][DET] above_0p2=3 after_nms=3 accepted=3 max_conf=0.3611 max_class=11 max_min_kpt=0.9844 refined_color=1 color_score=-78.23 color_source=1
[DEBUG] armors=3, targets=1
[2026-09-05 23:00:23.526] [info] [XUC][FIRE] stable window reset
[2026-09-05 23:00:23.544] [info] [YOLO26][DET] above_0p2=2 after_nms=2 accepted=2 max_conf=0.4071 max_class=10 max_min_kpt=0.9834 refined_color=1 color_score=-76.38 color_source=1
[DEBUG] armors=2, targets=1
[2026-09-05 23:00:23.565] [info] [YOLO26][DET] above_0p2=3 after_nms=2 accepted=2 max_conf=0.2683 max_class=11 max_min_kpt=0.9940 refined_color=1 color_score=-88.92 color_source=1
[DEBUG] armors=2, targets=1
[2026-09-05 23:00:23.585] [info] [YOLO26][DET] above_0p2=3 after_nms=2 accepted=2 max_conf=0.6431 max_class=14 max_min_kpt=0.9896 refined_color=1 color_score=-97.46 color_source=1
[DEBUG] armors=2, targets=1
[2026-09-05 23:00:23.605] [info] [YOLO26][DET] above_0p2=3 after_nms=2 accepted=2 max_conf=0.1449 max_class=10 max_min_kpt=0.9905 refined_color=1 color_score=-79.54 color_source=1
[DEBUG] armors=2, targets=1
[2026-09-05 23:00:23.624] [info] [YOLO26][DET] above_0p2=0 after_nms=0 accepted=0 max_conf=0.0369 max_class=10 max_min_kpt=0.0000 refined_color=-1 color_score=0.00 color_source=-1
